id,x,y,radius,is_spanning
0,179.698,95.1162,2,0
1,503.007,187.758,2,0
2,351.707,84.4363,2,0
3,568.331,89.2651,2,0
4,109.888,62.9303,2,0
5,254.313,43.9271,2,0
6,314.009,171.792,2,0
7,390.558,23.3985,2,0
8,559.656,36.3623,2,0
9,255.766,177.199,2,0
10,33.0248,58.1265,2,0
11,290.169,279.048,2,0
12,285.761,83.4106,2,0
13,144.908,95.3294,2,0
14,462.649,226.474,2,0
15,202.006,101.349,2,0
16,394.289,253.778,2,0
17,532.459,43.4135,2,0
18,178.135,286.884,2,0
19,336.724,276.214,2,0
20,72.0008,185.537,2,0
21,402.683,223.209,2,0
22,292.799,225.523,2,0
23,19.9091,255.448,2,0
24,264.315,127.485,2,0
25,50.4368,30.913,2,0
26,7.37152,38.257,2,0
27,506.332,162.432,2,0
28,342.24,68.619,2,0
29,2.98854,191.57,2,0
30,424.828,29.708,2,0
31,116.215,262.063,2,0
32,464.119,17.2573,2,0
33,232.674,121.435,2,0
34,232.85,138.524,2,0
35,387.506,190.137,2,0
36,386.299,168.996,2,0
37,25.97,279.42,2,0
38,448.009,14.263,2,0
39,467.272,55.9346,2,0
40,38.2276,271.593,2,0
41,43.1092,286.453,2,0
42,9.67985,117.552,2,0
43,570.971,86.3289,2,0
44,347.732,77.9527,2,0
45,586.301,263.716,2,0
46,175.505,37.9942,2,0
47,350.208,171.938,2,0
48,518.954,99.9037,2,0
49,356.046,130.909,2,0
50,282.696,66.0274,2,0
51,149.005,95.5292,2,0
52,549.408,59.265,2,0
53,225.969,159.044,2,0
54,460.783,127.281,2,0
55,375.934,192.247,2,0
56,519.501,126.491,2,0
57,294.856,181.131,2,0
58,257.044,187.956,2,0
59,163.885,239.227,2,0
60,37.4666,256.907,2,0
61,406.243,215.876,2,0
62,462.246,244.677,2,0
63,443.792,112.692,2,0
64,155.243,129.963,2,0
65,19.6297,236.886,2,0
66,525.352,217.987,2,0
67,508.878,76.5967,2,0
68,94.9597,133.442,2,0
69,258.958,122.86,2,0
70,266.412,210.971,2,0
71,12.7667,228.507,2,0
72,181.516,83.1403,2,0
73,407.85,117.681,2,0
74,218.963,47.8148,2,0
75,56.9213,108.945,2,0
76,292.609,2,2,0
77,383.746,269.758,2,0
78,340.236,118.436,2,0
79,218.055,111.451,2,0
80,370.608,179.257,2,0
81,193.246,38.7206,2,0
82,246.781,27.6676,2,0
83,240.091,19.193,2,0
84,209.738,227.274,2,0
85,467.964,94.9963,2,0
86,241.958,105.236,2,0
87,76.3374,175.713,2,0
88,577.612,149.557,2,0
89,345.851,35.2375,2,0
90,373.208,280.218,2,0
91,0.471133,298,2,0
92,83.7622,239.244,2,0
93,514.345,244.633,2,0
94,268.317,231.492,2,0
95,263.756,262.482,2,0
96,45.9297,228.147,2,0
97,246.719,60.3395,2,0
98,415.409,114.37,2,0
99,443.389,2,2,0
100,599.895,18.033,2,0
101,99.8808,50.0174,2,0
102,475.49,87.2604,2,0
103,407.598,87.1635,2,0
104,179.31,216.099,2,0
105,347.229,129.328,2,0
106,156.298,31.6949,2,0
107,209.573,290.857,2,0
108,61.8146,224.252,2,0
109,546.929,91.9744,2,0
110,506.547,33.6213,2,0
111,239.419,57.1348,2,0
112,242.643,290.965,2,0
113,152.839,35.4466,2,0
114,365.257,142.223,2,0
115,385.573,173.156,2,0
116,243.37,136.029,2,0
117,126.304,113.977,2,0
118,86.7688,29.9125,2,0
119,136.653,54.8756,2,0
120,319.074,295.027,2,0
121,217.929,23.1548,2,0
122,340.727,132.593,2,0
123,188.456,132.961,2,0
124,598.341,208.804,2,0
125,229.222,270.58,2,0
126,519.908,30.5105,2,0
127,158.497,106.289,2,0
128,458.067,74.3537,2,0
129,33.7773,276.91,2,0
130,136.456,101.963,2,0
131,97.055,272.159,2,0
132,517.439,171.808,2,0
133,20.1419,115.194,2,0
134,365.172,192.764,2,0
135,510.31,204.805,2,0
136,250.613,21.604,2,0
137,408.123,23.5379,2,0
138,310.816,23.6349,2,0
139,136.524,206.967,2,0
140,393.06,249.864,2,0
141,99.299,213.351,2,0
142,42.1691,109.375,2,0
143,212.949,185.563,2,0
144,418.867,42.6123,2,0
145,10.2591,30.8056,2,0
146,192.803,44.4601,2,0
147,49.8289,249.575,2,0
148,204.136,268.409,2,0
149,450.693,244.772,2,0
150,66.7276,19.8079,2,0
151,32.5523,71.9843,2,0
152,292.665,9.86777,2,0
153,96.7041,39.7482,2,0
154,105.441,280.543,2,0
155,516.133,183.89,2,0
156,594.029,136.255,2,0
157,499.445,222.382,2,0
158,216.707,136.47,2,0
159,578.442,48.886,2,0
160,516.597,16.083,2,0
161,42.0922,201.383,2,0
162,386.187,158.952,2,0
163,551.31,214.506,2,0
164,404.255,74.6748,2,0
165,275.82,93.6815,2,0
166,386.138,84.3134,2,0
167,236.243,206.283,2,0
168,240.896,168.668,2,0
169,54.535,30.9179,2,0
170,170.785,14.7912,2,0
171,98.5252,298,2,0
172,372.114,193.742,2,0
173,39.0702,16.3253,2,0
174,22.9018,88.5855,2,0
175,557.342,2,2,0
176,417.643,65.1797,2,0
177,334.094,186.13,2,0
178,427.668,276.015,2,0
179,133.317,172.063,2,0
180,89.6812,248.039,2,0
181,419.114,23.1181,2,0
182,243.208,259.165,2,0
183,363.38,57.8689,2,0
184,225.084,87.6046,2,0
185,573.628,148.978,2,0
186,77.7688,24.0996,2,0
187,575.338,298,2,0
188,570.921,127.332,2,0
189,210.405,177.813,2,0
190,307.58,282.615,2,0
191,163.744,119.859,2,0
192,89.5322,217.547,2,0
193,379.598,148.687,2,0
194,17.8359,189.917,2,0
195,332.785,252.053,2,0
196,269.832,224.46,2,0
197,411.525,120.316,2,0
198,307.149,167.43,2,0
199,340.364,125.473,2,0
200,24.5426,73.6673,2,0
201,70.7511,141.971,2,0
202,68.0721,28.8457,2,0
203,366.628,237.802,2,0
204,7.44267,244.986,2,0
205,205.547,290.825,2,0
206,450.166,159.762,2,0
207,488.73,271.514,2,0
208,565.548,30.7192,2,0
209,341.876,107.748,2,0
210,162.897,138.976,2,0
211,211.497,294.448,2,0
212,355.626,185.169,2,0
213,265.83,50.2504,2,0
214,294.583,62.4426,2,0
215,51.7164,241.633,2,0
216,4.50245,298,2,0
217,486.443,40.7109,2,0
218,463.679,256.735,2,0
219,431.049,186.621,2,0
220,261.928,173.158,2,0
221,47.7748,125.438,2,0
222,299.851,24.3817,2,0
223,225.88,49.3556,2,0
224,568.711,155.571,2,0
225,276.154,119.072,2,0
226,10.6602,266.114,2,0
227,594.459,230.494,2,0
228,67.9095,215.823,2,0
229,433.977,96.8393,2,0
230,465.424,283.936,2,0
231,350.931,276.71,2,0
232,489.124,225.285,2,0
233,232.989,167.413,2,0
234,211.752,171.198,2,0
235,351.104,5.54508,2,0
236,570.505,123.254,2,0
237,183.403,108.764,2,0
238,218.352,168.638,2,0
239,362.474,103.009,2,0
240,363.255,290.844,2,0
241,171.824,118.919,2,0
242,126.517,173.593,2,0
243,353.31,38.4131,2,0
244,530.557,269.732,2,0
245,555.704,143.873,2,0
246,314.009,35.2343,2,0
247,276.216,233.308,2,0
248,312.839,123.875,2,0
249,424.247,185.619,2,0
250,178.468,99.062,2,0
251,148.984,17.4835,2,0
252,598.967,191.033,2,0
253,297.738,140.629,2,0
254,290.559,107.558,2,0
255,520.065,108.016,2,0
256,452.54,31.0057,2,0
257,546.112,233.096,2,0
258,124.651,94.2897,2,0
259,227.986,287.532,2,0
260,473.431,176.443,2,0
261,5.71374,103.559,2,0
262,109.015,294.566,2,0
263,142.089,294.502,2,0
264,405.326,107.289,2,0
265,18.8696,54.3256,2,0
266,202.44,87.64,2,0
267,25.3939,5.50653,2,0
268,233.256,263.918,2,0
269,595.849,248.921,2,0
270,434.216,140.009,2,0
271,28.3876,204.324,2,0
272,62.8612,155.408,2,0
273,311.569,226.496,2,0
274,184.761,152.074,2,0
275,461.564,91.9185,2,0
276,12.2223,180.848,2,0
277,106.956,20.1884,2,0
278,29.4549,5.55846,2,0
279,548.415,190.634,2,0
280,226.426,78.6712,2,0
281,436.131,177.007,2,0
282,322.534,218.339,2,0
283,381.218,132.17,2,0
284,415.683,110.432,2,0
285,339.527,172.489,2,0
286,38.7956,97.4971,2,0
287,394.669,63.3175,2,0
288,263.065,250.339,2,0
289,46.1067,140.139,2,0
290,579.899,266.544,2,0
291,30.5361,108.857,2,0
292,378.142,116.187,2,0
293,160.374,42.929,2,0
294,282.798,49.7672,2,0
295,33.2541,298,2,0
296,67.941,238.122,2,0
297,116.206,100.642,2,0
298,407.863,121.638,2,0
299,2.28323,109.812,2,0
300,9.38082,152.877,2,0
301,471.313,148.867,2,0
302,599.249,124.107,2,0
303,411.488,283.83,2,0
304,397.56,206.088,2,0
305,31.1372,168.357,2,0
306,116.518,156.034,2,0
307,353.941,199.613,2,0
308,129.145,185.472,2,0
309,223.774,83.8142,2,0
310,452.613,290.658,2,0
311,560.492,257.089,2,0
312,332.196,53.7731,2,0
313,113.079,153.976,2,0
314,159.134,20.4217,2,0
315,516.464,241.336,2,0
316,79.7342,132.943,2,0
317,245.39,200.367,2,0
318,175.928,137.765,2,0
319,254.419,167.597,2,0
320,133.792,201.319,2,0
321,577.585,167.26,2,0
322,343.284,170.976,2,0
323,138.228,32.3435,2,0
324,176.875,141.741,2,0
325,79.2599,258.34,2,0
326,106.452,133.321,2,0
327,509.66,111.471,2,0
328,496.583,257.701,2,0
329,479.714,41.4933,2,0
330,134.577,134.127,2,0
331,396.466,69.9226,2,0
332,221.695,9.0037,2,0
333,221.718,298,2,0
334,269.735,50.7877,2,0
335,435.731,69.5652,2,0
336,86.8458,241.88,2,0
337,433.11,197.137,2,0
338,27.1384,234.203,2,0
339,324.295,254.92,2,0
340,235.505,164.359,2,0
341,422.147,266.365,2,0
342,258,38.1629,2,0
343,472.178,169.531,2,0
344,353.102,294.451,2,0
345,140.501,102.107,2,0
346,494.008,70.3626,2,0
347,89.6832,198.084,2,0
348,218.566,271.772,2,0
349,87.2494,113.867,2,0
350,368.037,172.657,2,0
351,295.934,253.545,2,0
352,116.709,143.77,2,0
353,568.379,137.788,2,0
354,410.294,129.059,2,0
355,234.601,52.003,2,0
356,110.545,52.0313,2,0
357,110.701,183.595,2,0
358,434.848,184.946,2,0
359,546.128,136.241,2,0
360,133.899,225.09,2,0
361,280.783,23.4974,2,0
362,87.6504,7.70273,2,0
363,62.0127,298,2,0
364,358.442,109.676,2,0
365,532.777,9.06552,2,0
366,74.2671,59.6162,2,0
367,508.292,247.985,2,0
368,323.863,294.592,2,0
369,59.0891,23.8076,2,0
370,417.066,144.059,2,0
371,340.513,191.11,2,0
372,84.9208,137.773,2,0
373,103.75,80.4976,2,0
374,49.0669,73.8636,2,0
375,301.905,185.247,2,0
376,6.77336,248.853,2,0
377,342.67,174.978,2,0
378,74.4976,92.2137,2,0
379,476.004,69.7547,2,0
380,78.9445,121.409,2,0
381,548.243,125.587,2,0
382,194.152,31.6946,2,0
383,542.841,290.79,2,0
384,421.462,193.391,2,0
385,234.151,290.974,2,0
386,406.24,129.428,2,0
387,265.234,287.481,2,0
388,359.443,29.496,2,0
389,553.627,111.708,2,0
390,496.504,90.5063,2,0
391,13.5497,159.858,2,0
392,529.396,247.955,2,0
393,257.774,119.119,2,0
394,154.571,172.626,2,0
395,278.716,200.907,2,0
396,371.758,202.201,2,0
397,275.314,19.1186,2,0
398,219.644,77.1379,2,0
399,271.354,102.729,2,0
400,561.262,250.217,2,0
401,30.7187,85.0916,2,0
402,180.694,26.0071,2,0
403,182.26,98.0238,2,0
404,26.4944,209.639,2,0
405,130.696,148.183,2,0
406,135.118,179.973,2,0
407,220.808,119.074,2,0
408,33.9297,238.915,2,0
409,512.481,104.819,2,0
410,278.467,5.52341,2,0
411,14.9944,62.6989,2,0
412,116.132,255.091,2,0
413,64.3699,151.623,2,0
414,180.796,283.681,2,0
415,275.079,40.4315,2,0
416,185.548,60.6761,2,0
417,520.221,54.5349,2,0
418,189.794,239.313,2,0
419,506.244,283.689,2,0
420,480.24,155.156,2,0
421,381.12,287.431,2,0
422,538.598,171.95,2,0
423,257.686,232.339,2,0
424,238.448,277.114,2,0
425,144.223,67.3336,2,0
426,6.62953,131.956,2,0
427,263.173,298,2,0
428,195.439,87.5539,2,0
429,297.721,294.511,2,0
430,375.86,122.763,2,0
431,177.202,187.936,2,0
432,461.066,111.125,2,0
433,26.275,158.864,2,0
434,220.448,73.2137,2,0
435,420.292,210.971,2,0
436,55.9714,287.485,2,0
437,296.78,27.0407,2,0
438,314.849,198.281,2,0
439,192.054,102.26,2,0
440,591.482,224.066,2,0
441,235.033,153.193,2,0
442,112.512,225.207,2,0
443,416.252,176.205,2,0
444,350.688,18.349,2,0
445,41.3479,290.661,2,0
446,522.584,283.832,2,0
447,16.183,58.3453,2,0
448,126.788,17.0771,2,0
449,113.155,32.9887,2,0
450,280.774,73.885,2,0
451,481.721,90.5243,2,0
452,311.722,195.95,2,0
453,414.535,190.16,2,0
454,226.114,102.221,2,0
455,459.794,187.922,2,0
456,366.862,180.686,2,0
457,401.463,287.408,2,0
458,428.613,129.597,2,0
459,305.234,18.26,2,0
460,506.179,56.4238,2,0
461,415.058,16.1012,2,0
462,329.064,148.972,2,0
463,435.923,156.404,2,0
464,141.686,126.18,2,0
465,452.418,52.8355,2,0
466,508.479,2,2,0
467,494.113,298,2,0
468,160.484,8.77384,2,0
469,324.515,134.376,2,0
470,234.143,276.993,2,0
471,457.644,262.099,2,0
472,417.894,252.909,2,0
473,199.265,73.3113,2,0
474,293.687,150.724,2,0
475,69.2928,241.945,2,0
476,495.305,200.51,2,0
477,468.905,109.475,2,0
478,363.65,35.3661,2,0
479,110.153,164.679,2,0
480,308.216,143.266,2,0
481,510.281,244.456,2,0
482,153.082,7.65836,2,0
483,243.773,63.0628,2,0
484,6.59528,294.587,2,0
485,467.865,9.05894,2,0
486,127.23,197.845,2,0
487,305.513,187.181,2,0
488,569.337,104.132,2,0
489,444.931,217.19,2,0
490,390.722,79.1855,2,0
491,451.733,13.0525,2,0
492,365.251,244.81,2,0
493,514.003,26.8827,2,0
494,418.879,164.158,2,0
495,405.4,287.495,2,0
496,342.093,114.792,2,0
497,27.049,220.694,2,0
498,383.276,290.927,2,0
499,591.681,20.6983,2,0
500,352.33,30.3932,2,0
501,421.088,19.5688,2,0
502,430.366,51.6748,2,0
503,444.433,76.6759,2,0
504,450.51,180.099,2,0
505,223.906,144.594,2,0
506,514.5,298,2,0
507,474.297,98.0993,2,0
508,227.252,134.322,2,0
509,524.352,111.469,2,0
510,318.249,285.171,2,0
511,539.476,54.1327,2,0
512,550.874,298,2,0
513,16.2448,208.126,2,0
514,241.402,179.537,2,0
515,236.318,256.204,2,0
516,315.117,44.9688,2,0
517,458.622,81.3481,2,0
518,252.392,125.29,2,0
519,260.456,56.1423,2,0
520,253.03,188.024,2,0
521,425.742,250.592,2,0
522,157.776,235.567,2,0
523,168.471,175.418,2,0
524,2.1634,101.611,2,0
525,13.0961,115.447,2,0
526,552.321,189.614,2,0
527,242.327,262.948,2,0
528,275.995,52.0037,2,0
529,414.928,250.24,2,0
530,560.278,137.19,2,0
531,408.845,12.535,2,0
532,461.294,178.83,2,0
533,454.551,223.78,2,0
534,47.7637,265.779,2,0
535,92.857,74.3838,2,0
536,36.1964,41.256,2,0
537,5.9275,111.65,2,0
538,514.126,90.2548,2,0
539,290.553,93.0024,2,0
540,208.612,163.729,2,0
541,203.347,286.2,2,0
542,328.194,172.76,2,0
543,472.17,263.13,2,0
544,221.803,274.187,2,0
545,229.187,18.2527,2,0
546,70.7552,52.105,2,0
547,263.995,266.446,2,0
548,45.4483,122.032,2,0
549,190.359,181.724,2,0
550,552.082,36.7841,2,0
551,162.089,185.426,2,0
552,387.496,256.111,2,0
553,86.9481,88.0747,2,0
554,37.3147,196.118,2,0
555,210.213,215.851,2,0
556,419.267,263.538,2,0
557,595.313,105.986,2,0
558,392.826,183.929,2,0
559,269.997,88.0073,2,0
560,433.718,49.2921,2,0
561,387.796,183.987,2,0
562,152.64,102.778,2,0
563,581.506,280.53,2,0
564,536.721,8.91506,2,0
565,277.023,110.23,2,0
566,481.021,224.746,2,0
567,63.7291,81.6785,2,0
568,143.237,245.776,2,0
569,254.949,262.691,2,0
570,290.673,126.797,2,0
571,403.924,237.717,2,0
572,105.752,5.46305,2,0
573,282.368,168.596,2,0
574,248.09,252.749,2,0
575,360.179,148.44,2,0
576,243.537,21.3608,2,0
577,412.075,193.415,2,0
578,544.837,60.0571,2,0
579,565.383,165.797,2,0
580,191.024,5.44024,2,0
581,255.264,111.347,2,0
582,162.158,92.4752,2,0
583,296.379,112.576,2,0
584,501.37,73.462,2,0
585,14.5273,173.976,2,0
586,450.784,281.953,2,0
587,592.841,176.125,2,0
588,316.45,236.072,2,0
589,299.28,255.765,2,0
590,315.672,244.694,2,0
591,112.718,60.1026,2,0
592,231.499,40.4102,2,0
593,185.098,280.87,2,0
594,475.848,238.392,2,0
595,1.43975,57.0971,2,0
596,111.616,271.567,2,0
597,494.989,51.8151,2,0
598,430.914,122.521,2,0
599,357.261,140.575,2,0
600,317.134,254.605,2,0
601,136.639,169.348,2,0
602,447.71,167.462,2,0
603,17.3886,145.792,2,0
604,429.049,267.898,2,0
605,347.416,20.699,2,0
606,103.617,107.217,2,0
607,419.179,196.809,2,0
608,251.76,157.106,2,0
609,485.835,195.238,2,0
610,585.835,218.441,2,0
611,453.095,122.808,2,0
612,336.434,125.481,2,0
613,302.149,210.831,2,0
614,299.714,171.257,2,0
615,588.193,139.733,2,0
616,494.373,74.4157,2,0
617,193.345,178.975,2,0
618,307.187,37.0903,2,0
619,466.225,98.711,2,0
620,427.153,2,2,0
621,184.55,132.533,2,0
622,305.221,268.198,2,0
623,136.589,219.217,2,0
624,20.7781,187.288,2,0
625,198.872,89.6113,2,0
626,16.0611,97.1436,2,0
627,462.283,267.32,2,0
628,174.297,283.699,2,0
629,204.415,107.958,2,0
630,30.7776,219.579,2,0
631,97.263,238.704,2,0
632,159.362,75.014,2,0
633,590.152,136.229,2,0
634,255.898,202.91,2,0
635,344.331,219.821,2,0
636,18.8179,193.989,2,0
637,546.967,12.5019,2,0
638,418.984,2,2,0
639,131.072,5.49798,2,0
640,273.842,86.8894,2,0
641,232.028,29.7209,2,0
642,117.431,119.386,2,0
643,26.8167,256.778,2,0
644,186.401,35.1194,2,0
645,73.2603,88.417,2,0
646,79.2944,143.695,2,0
647,381.163,226.219,2,0
648,172.241,216.307,2,0
649,484.154,9.05141,2,0
650,162.261,77.9327,2,0
651,479.999,238.76,2,0
652,179.873,118.046,2,0
653,443.405,16.0342,2,0
654,232.068,287.444,2,0
655,155.49,55.9469,2,0
656,38.8032,170.832,2,0
657,74.1159,193.236,2,0
658,565.421,103.258,2,0
659,320.226,261.033,2,0
660,127.86,283.948,2,0
661,26.894,88.8938,2,0
662,261.653,150.559,2,0
663,568.389,111.394,2,0
664,441.273,203.03,2,0
665,494.266,12.5323,2,0
666,15.3593,149.19,2,0
667,382.451,229.974,2,0
668,339.135,290.765,2,0
669,467.949,16.0603,2,0
670,47.2737,276.468,2,0
671,171.971,82.6535,2,0
672,427.794,283.802,2,0
673,199.323,69.3635,2,0
674,223.774,287.49,2,0
675,595.139,40.2802,2,0
676,14.4037,264.745,2,0
677,581.871,2,2,0
678,29.1031,263.468,2,0
679,217.746,16.0451,2,0
680,200.573,134.55,2,0
681,536.81,16.0001,2,0
682,132.49,248.862,2,0
683,57.5874,164.857,2,0
684,504.739,44.1707,2,0
685,530.175,178.984,2,0
686,517.151,114.522,2,0
687,210.007,63.4451,2,0
688,90.0769,272.366,2,0
689,54.2205,274.584,2,0
690,482.722,140.48,2,0
691,102.044,76.9295,2,0
692,542.099,57.0409,2,0
693,120.17,149.943,2,0
694,30.5389,99.9675,2,0
695,3.89492,17.3896,2,0
696,515.063,120.95,2,0
697,569.204,32.097,2,0
698,62.6349,38.2512,2,0
699,318.575,281.169,2,0
700,211.602,5.42802,2,0
701,414.874,122.356,2,0
702,442.913,220.552,2,0
703,453.186,147.892,2,0
704,392.643,5.94637,2,0
705,186.348,111.425,2,0
706,90.0119,178.732,2,0
707,597.783,287.373,2,0
708,79.863,10.1565,2,0
709,90.7441,284.391,2,0
710,147.578,238.72,2,0
711,47.7873,242.756,2,0
712,549.561,186.777,2,0
713,557.954,260.263,2,0
714,471.395,155.527,2,0
715,548.8,33.9641,2,0
716,417.361,269.738,2,0
717,106.695,149.49,2,0
718,199.094,81.5645,2,0
719,319.674,79.5925,2,0
720,376.421,5.46692,2,0
721,516.682,110.504,2,0
722,209.903,281.757,2,0
723,164.285,298,2,0
724,127.351,177.473,2,0
725,316.265,298,2,0
726,65.5214,177.085,2,0
727,168.377,221.263,2,0
728,169.534,115.71,2,0
729,550.067,266.993,2,0
730,526.132,96.8646,2,0
731,477.152,83.7109,2,0
732,521.046,158.066,2,0
733,303.008,206.939,2,0
734,242.323,83.6486,2,0
735,185.961,162.724,2,0
736,83.2043,43.5799,2,0
737,12.0212,82.9019,2,0
738,17.4669,137.668,2,0
739,484.188,22.9307,2,0
740,252.9,216.748,2,0
741,244.697,287.527,2,0
742,115.45,203.736,2,0
743,218.005,255.579,2,0
744,508.449,15.9952,2,0
745,314.156,248.335,2,0
746,103.913,259.709,2,0
747,506.5,268.385,2,0
748,186.22,203.626,2,0
749,408.038,41.6592,2,0
750,202.773,168.567,2,0
751,524.558,287.354,2,0
752,140.911,162.416,2,0
753,182.793,136.312,2,0
754,448.991,60.3162,2,0
755,93.4991,28.0639,2,0
756,415.279,162.479,2,0
757,396.989,84.2805,2,0
758,263.708,195.757,2,0
759,373.54,294.538,2,0
760,257,294.489,2,0
761,519.841,81.006,2,0
762,478.015,12.5418,2,0
763,237.694,68.4894,2,0
764,144.33,269.949,2,0
765,435.536,180.985,2,0
766,119.498,115.964,2,0
767,595.234,14.6494,2,0
768,459.28,35.7825,2,0
769,122.413,97.604,2,0
770,249.855,230.479,2,0
771,5.05299,90.9287,2,0
772,113.726,18.8305,2,0
773,493.166,92.9871,2,0
774,437.223,38.91,2,0
775,379.698,19.9691,2,0
776,349.611,91.0991,2,0
777,415.075,75.7141,2,0
778,55.7754,79.9566,2,0
779,391.411,256.927,2,0
780,43.0799,176.033,2,0
781,455.029,17.783,2,0
782,315.14,278.919,2,0
783,348.921,104.899,2,0
784,435.87,152.088,2,0
785,361.969,190.312,2,0
786,123.591,147.97,2,0
787,336.133,118.458,2,0
788,149.533,27.2278,2,0
789,58.8313,179.498,2,0
790,276.452,33.5019,2,0
791,555.292,12.5257,2,0
792,542.932,256.127,2,0
793,480.178,53.7651,2,0
794,20.7073,270.124,2,0
795,247.046,23.5704,2,0
796,395.808,147.301,2,0
797,89.2342,68.3036,2,0
798,185.081,77.1089,2,0
799,459.965,218.53,2,0
800,266.971,227.415,2,0
801,295.876,282.948,2,0
802,34.8532,96.6088,2,0
803,395.087,13.6161,2,0
804,477.071,144.697,2,0
805,46.8397,166.315,2,0
806,229.036,88.3713,2,0
807,291.691,268.256,2,0
808,201.111,110.089,2,0
809,158.937,139.054,2,0
810,82.9141,12.8438,2,0
811,106.573,129.332,2,0
812,246.281,74.9923,2,0
813,263.105,284.016,2,0
814,226.415,236.888,2,0
815,586.175,143.269,2,0
816,312.739,93.3114,2,0
817,80.2267,176.598,2,0
818,532.809,287.36,2,0
819,339.618,44.2304,2,0
820,446.019,66.5622,2,0
821,354.829,81.7429,2,0
822,335.617,225.735,2,0
823,31.3977,288.766,2,0
824,319.155,60.8068,2,0
825,301.137,142.941,2,0
826,182.274,242.569,2,0
827,163.684,166.023,2,0
828,415.628,166.413,2,0
829,50.3928,212.577,2,0
830,575.503,46.2023,2,0
831,585.606,168.201,2,0
832,227.838,84.6325,2,0
833,261.497,60.0182,2,0
834,204.633,264.414,2,0
835,51.9463,196.831,2,0
836,433.541,37.2983,2,0
837,153.911,176.577,2,0
838,588.118,146.9,2,0
839,290.176,115.916,2,0
840,122.014,104.652,2,0
841,185.946,40.0978,2,0
842,303.265,36.0283,2,0
843,143.712,215.131,2,0
844,596.156,146.951,2,0
845,574.823,87.1544,2,0
846,93.1492,117.609,2,0
847,505.736,251.211,2,0
848,115.464,57.1721,2,0
849,279.774,63.1533,2,0
850,240.438,287.536,2,0
851,187.639,140.024,2,0
852,543.131,116.082,2,0
853,550.848,203.623,2,0
854,310.051,254.395,2,0
855,208.416,262.818,2,0
856,127.21,6.12124,2,0
857,471.941,16.0808,2,0
858,374.377,228.512,2,0
859,421.944,207.124,2,0
860,505.897,169.32,2,0
861,211.127,238.153,2,0
862,485.449,173.957,2,0
863,223.412,116.022,2,0
864,222.929,46.6634,2,0
865,543.044,12.5353,2,0
866,530.398,34.1813,2,0
867,538.094,57.9056,2,0
868,230.957,58.8576,2,0
869,567.909,144.883,2,0
870,294.811,265.655,2,0
871,350.665,162.76,2,0
872,516.334,153.011,2,0
873,588.812,248.021,2,0
874,310.203,86.9914,2,0
875,19.7545,292.659,2,0
876,317.299,52.9744,2,0
877,470.647,227.349,2,0
878,229.505,148.846,2,0
879,167.222,279.708,2,0
880,372.093,121.463,2,0
881,79.0847,113.58,2,0
882,403.834,88.8634,2,0
883,91.5864,191.357,2,0
884,529.89,98.2403,2,0
885,114.956,26.789,2,0
886,41.0166,72.5937,2,0
887,584.811,203.259,2,0
888,9.90554,125.791,2,0
889,310.106,287.57,2,0
890,238.181,38.4581,2,0
891,374.373,177.694,2,0
892,74.2893,37.7252,2,0
893,89.7129,96.2904,2,0
894,275.398,283.946,2,0
895,69.6559,5.48545,2,0
896,285.853,166.69,2,0
897,555.387,214.925,2,0
898,246.439,270.006,2,0
899,378.76,67.8531,2,0
900,249.823,117.602,2,0
901,131.902,283.918,2,0
902,233.328,178.327,2,0
903,581.015,52.0924,2,0
904,593.719,294.399,2,0
905,549.837,259.235,2,0
906,561.166,287.52,2,0
907,237.127,79.2615,2,0
908,373.04,62.1929,2,0
909,168.324,2,2,0
910,34.3767,254.253,2,0
911,197.153,9.04297,2,0
912,285.732,287.357,2,0
913,236.408,59.7759,2,0
914,574.333,22.3758,2,0
915,277.731,266.276,2,0
916,342.918,9.64334,2,0
917,34.6487,122.865,2,0
918,591.666,290.913,2,0
919,8.26813,58.5627,2,0
920,338.328,143.102,2,0
921,35.2473,294.501,2,0
922,532.539,273.274,2,0
923,533.803,165.396,2,0
924,18.1917,175.274,2,0
925,354.59,50.4255,2,0
926,352.585,220.688,2,0
927,526.675,298,2,0
928,223.715,219.426,2,0
929,456.097,272.634,2,0
930,513.948,116.985,2,0
931,236.525,21.0259,2,0
932,189.728,205.68,2,0
933,455.918,13.0806,2,0
934,221.949,112.183,2,0
935,369.147,234.719,2,0
936,250.647,277.009,2,0
937,20.6335,251.53,2,0
938,336.037,284.38,2,0
939,89.547,27.1331,2,0
940,331.872,37.1148,2,0
941,219.867,144.038,2,0
942,231.306,231.945,2,0
943,343.88,57.9646,2,0
944,256.432,228.448,2,0
945,449.112,217.361,2,0
946,550.63,114.452,2,0
947,146.66,139.152,2,0
948,210.396,246.327,2,0
949,582.475,160.636,2,0
950,195.882,166.945,2,0
951,438.954,145.069,2,0
952,574.038,205.321,2,0
953,172.499,132.609,2,0
954,140.018,298,2,0
955,242.247,39.3759,2,0
956,298.495,105.259,2,0
957,297.051,197.718,2,0
958,246.632,276.955,2,0
959,162.665,130.627,2,0
960,362.591,186.155,2,0
961,304.047,198.901,2,0
962,531.921,82.5393,2,0
963,68.4834,43.444,2,0
964,12.9246,272.717,2,0
965,526.28,26.8644,2,0
966,242.078,247.293,2,0
967,133.884,287.442,2,0
968,304.385,149.107,2,0
969,279.721,77.8164,2,0
970,252.831,191.934,2,0
971,567.348,277.301,2,0
972,378.912,258.702,2,0
973,386.635,9.08036,2,0
974,50.3196,45.0436,2,0
975,119.856,282.875,2,0
976,73.2617,102.369,2,0
977,400.279,68.9079,2,0
978,328.527,168.557,2,0
979,445.457,203.242,2,0
980,426.591,279.932,2,0
981,99.7953,80.2228,2,0
982,578.98,88.0114,2,0
983,142.253,273.386,2,0
984,573.712,83.2154,2,0
985,379.374,31.0181,2,0
986,368.373,5.51434,2,0
987,209.09,189.082,2,0
988,135.129,61.6261,2,0
989,406.153,99.2348,2,0
990,189.974,218.028,2,0
991,36.7803,159.209,2,0
992,217.277,202.89,2,0
993,168.087,83.6366,2,0
994,255.169,184.484,2,0
995,98.5213,85.465,2,0
996,518.803,251.736,2,0
997,325.85,114.458,2,0
998,188.306,91.6196,2,0
999,445.557,30.4776,2,0
1000,283.583,298,2,0
1001,509.165,265.194,2,0
1002,86.3092,290.956,2,0
1003,88.3642,294.466,2,0
1004,7.84075,16.7092,2,0
1005,152.056,69.2585,2,0
1006,506.061,257.497,2,0
1007,328.528,93.3008,2,0
1008,87.3671,2,2,0
1009,101.781,191.815,2,0
1010,144.174,4.06731,2,0
1011,440.849,193.901,2,0
1012,178.925,240.515,2,0
1013,28.3562,216.544,2,0
1014,566.778,204.039,2,0
1015,575.231,270.112,2,0
1016,189.033,196.573,2,0
1017,382.542,9.07446,2,0
1018,10.5004,2,2,0
1019,148.065,167.601,2,0
1020,240.403,266.524,2,0
1021,290.602,78.324,2,0
1022,52.2231,181.792,2,0
1023,328.887,284.115,2,0
1024,238.385,82.9961,2,0
1025,99.7815,183.491,2,0
1026,158.229,46.1915,2,0
1027,337.599,150.123,2,0
1028,480.141,178.613,2,0
1029,38.0685,230.286,2,0
1030,64.9992,85.5533,2,0
1031,223.821,42.7453,2,0
1032,210.118,55.37,2,0
1033,483.729,47.1678,2,0
1034,500.926,69.4732,2,0
1035,125.627,169.686,2,0
1036,389.706,53.7206,2,0
1037,151.655,128.102,2,0
1038,33.5512,102.655,2,0
1039,556.345,256.638,2,0
1040,71.8242,131.035,2,0
1041,215.852,19.5333,2,0
1042,254.315,62.8324,2,0
1043,553.327,58.3859,2,0
1044,538.907,90.3444,2,0
1045,514.507,269.361,2,0
1046,269.295,287.538,2,0
1047,481.548,115.41,2,0
1048,217.164,242.775,2,0
1049,241.534,69.6366,2,0
1050,461.428,135.714,2,0
1051,420.894,30.2437,2,0
1052,559.765,225.268,2,0
1053,376.382,188.245,2,0
1054,92.5181,214.898,2,0
1055,575.244,277.128,2,0
1056,259.062,153.496,2,0
1057,29.8068,240.782,2,0
1058,289.206,245.539,2,0
1059,53.8977,252.582,2,0
1060,12.1232,258.245,2,0
1061,419.739,122.729,2,0
1062,121.358,39.8863,2,0
1063,417.468,98.3829,2,0
1064,583.611,291.017,2,0
1065,94.972,226.647,2,0
1066,357.355,265.431,2,0
1067,335.689,254.771,2,0
1068,538.854,114.865,2,0
1069,57.1321,214.587,2,0
1070,120.062,13.4874,2,0
1071,284.63,87.3495,2,0
1072,316.173,121.602,2,0
1073,459.258,269.926,2,0
1074,379.892,79.0784,2,0
1075,236.149,266.753,2,0
1076,577.393,64.0341,2,0
1077,123.841,140.025,2,0
1078,4.42958,59.8074,2,0
1079,361.631,167.496,2,0
1080,127.036,192.147,2,0
1081,54.9662,167.85,2,0
1082,423.077,262.447,2,0
1083,391.885,235.295,2,0
1084,261.909,222.484,2,0
1085,87.0042,120.874,2,0
1086,241.029,35.5262,2,0
1087,154.171,213.255,2,0
1088,518.757,5.52307,2,0
1089,583.721,231.541,2,0
1090,375.004,209.643,2,0
1091,383.282,27.2153,2,0
1092,279.857,283.808,2,0
1093,376.464,100.183,2,0
1094,292.665,18.2302,2,0
1095,213.016,95.8828,2,0
1096,35.0139,226.21,2,0
1097,271.964,65.357,2,0
1098,195.095,5.51426,2,0
1099,499.098,188.85,2,0
1100,19.9393,228.864,2,0
1101,197.991,107.897,2,0
1102,484.364,188.453,2,0
1103,233.825,131.515,2,0
1104,387.184,12.9995,2,0
1105,476.066,137.464,2,0
1106,172.475,125.929,2,0
1107,108.051,171.354,2,0
1108,521.801,91.4481,2,0
1109,441.665,123.279,2,0
1110,99.9292,74.2868,2,0
1111,79.0312,172.814,2,0
1112,401.449,109.213,2,0
1113,310.477,169.66,2,0
1114,219.654,249.789,2,0
1115,458.742,168.58,2,0
1116,562.899,63.6673,2,0
1117,142.011,45.1772,2,0
1118,163.355,253.295,2,0
1119,545.027,49.4966,2,0
1120,178.978,44.0541,2,0
1121,29.9904,37.8607,2,0
1122,421.741,88.837,2,0
1123,206.774,31.5661,2,0
1124,599.511,64.9734,2,0
1125,63.7548,269.52,2,0
1126,596.425,194.257,2,0
1127,216.921,217.72,2,0
1128,304.829,80.9285,2,0
1129,520.442,273.37,2,0
1130,518.979,230.6,2,0
1131,472.135,49.1151,2,0
1132,188.523,83.4694,2,0
1133,342.761,161.212,2,0
1134,330.548,210.959,2,0
1135,309.182,229.822,2,0
1136,354.558,235.907,2,0
1137,415.622,276.915,2,0
1138,293.934,238.924,2,0
1139,197.998,173.74,2,0
1140,299.101,278.926,2,0
1141,405.902,143.284,2,0
1142,234.209,103.774,2,0
1143,252.557,266.381,2,0
1144,488.205,16.0489,2,0
1145,179.244,232.395,2,0
1146,0.94713,76.2385,2,0
1147,186.05,31.0902,2,0
1148,160.47,71.268,2,0
1149,384.539,5.53334,2,0
1150,53.0291,73.6561,2,0
1151,592.128,147.07,2,0
1152,203.375,245.713,2,0
1153,556.357,147.953,2,0
1154,378.509,9.04783,2,0
1155,293.839,195.109,2,0
1156,215.567,37.7513,2,0
1157,274.079,251.96,2,0
1158,231.158,128.4,2,0
1159,443.13,108.741,2,0
1160,533.651,109.529,2,0
1161,208.892,184.806,2,0
1162,196.224,54.9883,2,0
1163,474.668,227.684,2,0
1164,452.237,271.332,2,0
1165,306.54,12.4447,2,0
1166,449.166,188.106,2,0
1167,400.373,161.201,2,0
1168,189.384,46.3865,2,0
1169,12.6168,298,2,0
1170,305.97,183.284,2,0
1171,509.432,80.6737,2,0
1172,69.095,232.054,2,0
1173,404.505,160.947,2,0
1174,161.12,81.8632,2,0
1175,135.06,34.7556,2,0
1176,273.442,211.516,2,0
1177,503.395,254.484,2,0
1178,574.229,262.322,2,0
1179,569.753,82.3638,2,0
1180,568.626,214.667,2,0
1181,536.068,205.937,2,0
1182,284.393,2,2,0
1183,182.056,58.4796,2,0
1184,212.493,60.9851,2,0
1185,424.434,273.056,2,0
1186,561.717,172.782,2,0
1187,513.773,135.74,2,0
1188,389.028,193.873,2,0
1189,236.526,122.397,2,0
1190,473.908,66.2906,2,0
1191,166.601,168.721,2,0
1192,32.0444,284.82,2,0
1193,516.464,280.438,2,0
1194,209.652,255.75,2,0
1195,425.634,98.6653,2,0
1196,314.686,12.6222,2,0
1197,130.769,82.1251,2,0
1198,586.903,260.033,2,0
1199,425.043,33.7707,2,0
1200,76.7921,124.789,2,0
1201,389.826,263.945,2,0
1202,149.71,235.388,2,0
1203,182.094,132.405,2,0
1204,32.9136,65.2214,2,0
1205,23.5,235.504,2,0
1206,532.117,116.271,2,0
1207,127.944,117.654,2,0
1208,240.657,157.922,2,0
1209,225.343,25.305,2,0
1210,496.039,59.8214,2,0
1211,592.177,120.405,2,0
1212,524.893,255.256,2,0
1213,284.761,102.001,2,0
1214,598.158,2,2,0
1215,559.196,38.9422,2,0
1216,23.5298,291.364,2,0
1217,274.435,12.4951,2,0
1218,134.859,125.928,2,0
1219,87.4985,160.875,2,0
1220,65.803,147.898,2,0
1221,474.836,219.493,2,0
1222,573.045,209.122,2,0
1223,498.323,19.6032,2,0
1224,240.35,11.0543,2,0
1225,281.699,294.474,2,0
1226,595.714,290.78,2,0
1227,295.376,33.8608,2,0
1228,243.095,208.216,2,0
1229,590.272,207.558,2,0
1230,90.6552,187.382,2,0
1231,510.059,258.143,2,0
1232,229.931,62.7329,2,0
1233,566.243,243.75,2,0
1234,455.725,9.01858,2,0
1235,271.251,192.945,2,0
1236,368.8,16.6174,2,0
1237,595.359,172.866,2,0
1238,598.564,99.8424,2,0
1239,556.24,280.673,2,0
1240,438.681,257.58,2,0
1241,206.684,279.238,2,0
1242,507.664,95.2612,2,0
1243,118.663,270.738,2,0
1244,107.794,269.901,2,0
1245,121.323,183.037,2,0
1246,148.422,262.919,2,0
1247,408.57,109.636,2,0
1248,514.728,237.678,2,0
1249,170.287,5.43096,2,0
1250,566.35,158.8,2,0
1251,432.783,217.184,2,0
1252,282.666,248.329,2,0
1253,598.403,294.573,2,0
1254,209.852,250.554,2,0
1255,396.571,162.401,2,0
1256,125.835,280.299,2,0
1257,40.6447,160.656,2,0
1258,179.218,161.19,2,0
1259,506.824,60.3849,2,0
1260,322.119,58.0023,2,0
1261,400.802,26.7175,2,0
1262,431.647,290.992,2,0
1263,273.428,287.495,2,0
1264,57.9478,73.3025,2,0
1265,68.9714,211.937,2,0
1266,194.185,137.337,2,0
1267,336.219,170.066,2,0
1268,185.278,244.924,2,0
1269,360.192,5.48423,2,0
1270,45.5746,113.985,2,0
1271,406.375,157.353,2,0
1272,495.539,55.7701,2,0
1273,517.067,209.152,2,0
1274,554.057,43.745,2,0
1275,453.636,114.534,2,0
1276,443.861,264.564,2,0
1277,477.147,31.1846,2,0
1278,543.66,178.419,2,0
1279,197.268,39.2534,2,0
1280,71.1506,218.06,2,0
1281,8.38003,259.545,2,0
1282,316.483,240.098,2,0
1283,582.697,133.967,2,0
1284,38.1912,124.833,2,0
1285,597.202,77.6115,2,0
1286,258.957,283.99,2,0
1287,98.5685,187.287,2,0
1288,90.2883,221.544,2,0
1289,120.439,179.126,2,0
1290,428.827,156.969,2,0
1291,303.234,60.5255,2,0
1292,255.31,100.528,2,0
1293,524.88,241.115,2,0
1294,360.287,137.462,2,0
1295,58.5266,102.034,2,0
1296,394.618,17.6858,2,0
1297,411.31,182.631,2,0
1298,517.075,57.0385,2,0
1299,538.935,184.972,2,0
1300,355.498,258.548,2,0
1301,489.235,172.642,2,0
1302,190.017,222.267,2,0
1303,268.646,220.544,2,0
1304,206.132,225.602,2,0
1305,118.229,54.173,2,0
1306,325.949,89.6271,2,0
1307,391.417,101.663,2,0
1308,433.423,227.108,2,0
1309,508.329,280.214,2,0
1310,431.676,182.655,2,0
1311,227.408,232.978,2,0
1312,25.0891,173.72,2,0
1313,453.041,275.303,2,0
1314,282.823,160.513,2,0
1315,575.949,56.9947,2,0
1316,240.715,255.4,2,0
1317,534.113,178.456,2,0
1318,372.34,140.115,2,0
1319,566.457,122.825,2,0
1320,250.582,255.782,2,0
1321,467.483,257.813,2,0
1322,479.835,214.677,2,0
1323,226.325,91.4209,2,0
1324,463.756,163.647,2,0
1325,519.162,164.873,2,0
1326,340.758,60.4923,2,0
1327,218.684,239.016,2,0
1328,40.1697,222.368,2,0
1329,289.989,196.438,2,0
1330,524.337,183.171,2,0
1331,330.357,79.4391,2,0
1332,118.179,29.1316,2,0
1333,195.88,123.311,2,0
1334,144.055,298,2,0
1335,184.834,248.967,2,0
1336,206.01,85.7638,2,0
1337,349.102,213.22,2,0
1338,565.463,148.148,2,0
1339,316.136,48.9534,2,0
1340,114.399,265.186,2,0
1341,227.395,106.17,2,0
1342,198.815,93.7962,2,0
1343,599.391,128.302,2,0
1344,344.776,185.497,2,0
1345,240.162,240.551,2,0
1346,527.105,258.71,2,0
1347,255.701,89.7913,2,0
1348,588.077,164.934,2,0
1349,116.397,226.473,2,0
1350,160.787,135.528,2,0
1351,142.09,178.45,2,0
1352,271.376,290.977,2,0
1353,59.7695,76.7358,2,0
1354,49.87,227.205,2,0
1355,498.022,218.728,2,0
1356,13.4133,216.329,2,0
1357,301.082,136.086,2,0
1358,55.8453,124.449,2,0
1359,42.2885,186.802,2,0
1360,564.016,59.6988,2,0
1361,282.953,156.435,2,0
1362,125.09,41.6058,2,0
1363,467.745,287.286,2,0
1364,217.181,78.321,2,0
1365,499.167,83.9697,2,0
1366,48.9233,269.626,2,0
1367,63.9337,123.379,2,0
1368,4.64678,74.5386,2,0
1369,60.7482,27.6039,2,0
1370,156.46,269.896,2,0
1371,418.993,16.1266,2,0
1372,277.968,100.266,2,0
1373,107.11,234.514,2,0
1374,534.843,152.569,2,0
1375,245.895,256.286,2,0
1376,475.827,47.3925,2,0
1377,416.335,53.0913,2,0
1378,288.172,178.503,2,0
1379,161.064,149.53,2,0
1380,504.891,123.491,2,0
1381,262.812,134.48,2,0
1382,135,117.96,2,0
1383,469.487,116.89,2,0
1384,89.9895,41.6327,2,0
1385,302.104,239.627,2,0
1386,444.83,54.4379,2,0
1387,471.885,2,2,0
1388,300.943,218.891,2,0
1389,468.497,77.2008,2,0
1390,503.401,127.211,2,0
1391,101.772,12.5441,2,0
1392,422.311,233.103,2,0
1393,576.192,90.9893,2,0
1394,492.328,154.075,2,0
1395,281.801,237.678,2,0
1396,206.44,61.3843,2,0
1397,425.827,76.7229,2,0
1398,507.833,41.6157,2,0
1399,156.392,261.717,2,0
1400,533.213,147.138,2,0
1401,437.316,19.582,2,0
1402,247.523,192.376,2,0
1403,400.69,30.7251,2,0
1404,339.318,208.149,2,0
1405,397.163,115.469,2,0
1406,73.2451,33.7895,2,0
1407,250.842,298,2,0
1408,367.235,26.566,2,0
1409,320.415,134.361,2,0
1410,425.085,19.4701,2,0
1411,386.433,298,2,0
1412,41.9433,83.676,2,0
1413,30.0492,44.824,2,0
1414,214.041,275.611,2,0
1415,70.4538,105.095,2,0
1416,341.797,83.4403,2,0
1417,571.012,255.002,2,0
1418,281.802,55.3148,2,0
1419,442.612,181.858,2,0
1420,401.555,280.437,2,0
1421,422.36,170.953,2,0
1422,269.509,236.044,2,0
1423,591.658,52.625,2,0
1424,591.773,67.1188,2,0
1425,554.905,31.1199,2,0
1426,124.799,37.6804,2,0
1427,213.11,174.871,2,0
1428,32.0788,266.155,2,0
1429,151.095,120.921,2,0
1430,283.16,195.349,2,0
1431,367.716,230.972,2,0
1432,365.539,265.887,2,0
1433,100.605,274.05,2,0
1434,458.274,243.332,2,0
1435,465.549,167.242,2,0
1436,542.413,134.928,2,0
1437,79.4113,254.259,2,0
1438,398.678,9.00483,2,0
1439,209.597,83.8102,2,0
1440,186.457,211.972,2,0
1441,143.732,206.963,2,0
1442,227.741,197.641,2,0
1443,169.589,185.279,2,0
1444,275.991,186.041,2,0
1445,66.8665,170.24,2,0
1446,118.326,46.1368,2,0
1447,331.541,179.61,2,0
1448,575.59,215.478,2,0
1449,374.021,58.0574,2,0
1450,414.257,136.363,2,0
1451,519.574,50.5471,2,0
1452,127.843,121.765,2,0
1453,46.7822,246.614,2,0
1454,18.3789,282.012,2,0
1455,179.961,157.246,2,0
1456,44.3847,27.2765,2,0
1457,264.684,238.381,2,0
1458,82.2254,60.4868,2,0
1459,435.43,103.721,2,0
1460,300.683,2,2,0
1461,512.403,280.394,2,0
1462,352.577,255.814,2,0
1463,28.8272,81.5777,2,0
1464,405.044,167.759,2,0
1465,358.662,101.686,2,0
1466,30.4553,68.4729,2,0
1467,433.548,116.101,2,0
1468,519.658,195.207,2,0
1469,310.037,240.377,2,0
1470,288.512,35.8202,2,0
1471,156.473,277.028,2,0
1472,251.427,65.4937,2,0
1473,105.495,159.294,2,0
1474,216.503,74.4544,2,0
1475,514.279,36.5021,2,0
1476,406.783,15.9902,2,0
1477,439.328,179.456,2,0
1478,484.045,239.044,2,0
1479,524.661,248.278,2,0
1480,147.834,78.7499,2,0
1481,100.185,217.343,2,0
1482,61.8576,113.869,2,0
1483,439.207,206.691,2,0
1484,552.512,75.3627,2,0
1485,67.3205,144.122,2,0
1486,91.501,45.9855,2,0
1487,346.776,43.318,2,0
1488,116.806,86.8277,2,0
1489,219.798,12.4409,2,0
1490,65.9101,35.8004,2,0
1491,435.175,93.0807,2,0
1492,240.324,186.531,2,0
1493,265.903,109.87,2,0
1494,172.176,2,2,0
1495,324.142,209.599,2,0
1496,599.382,173.479,2,0
1497,359.358,183.612,2,0
1498,206.161,283.239,2,0
1499,379.895,232.995,2,0
1500,63.7937,2,2,0
1501,189.238,290.979,2,0
1502,97.9025,224.052,2,0
1503,552.721,130.343,2,0
1504,246.681,291.023,2,0
1505,269.083,160.436,2,0
1506,486.308,97.0903,2,0
1507,494.821,229.258,2,0
1508,388.869,165.78,2,0
1509,456.092,254.029,2,0
1510,105.369,117.879,2,0
1511,30.983,54.6302,2,0
1512,447.439,9.0522,2,0
1513,66.6323,245.061,2,0
1514,312.524,237.159,2,0
1515,585.693,61.763,2,0
1516,373.521,205.849,2,0
1517,210.292,67.5148,2,0
1518,477.561,186.379,2,0
1519,369.861,207.363,2,0
1520,239.214,119.226,2,0
1521,14.4946,283.233,2,0
1522,453.773,92.3334,2,0
1523,396.171,173.725,2,0
1524,471.268,56.2187,2,0
1525,378.42,294.887,2,0
1526,215.902,143.472,2,0
1527,434.138,231.093,2,0
1528,296.514,17.0219,2,0
1529,460.269,123.153,2,0
1530,131.768,231.818,2,0
1531,330.416,250.005,2,0
1532,492.469,272.43,2,0
1533,124.135,194.996,2,0
1534,383.905,98.5719,2,0
1535,529.111,57.7021,2,0
1536,191.683,34.9597,2,0
1537,33.6509,82.2789,2,0
1538,180.85,79.1383,2,0
1539,344.244,189.524,2,0
1540,93.5989,94.9509,2,0
1541,484.829,249.903,2,0
1542,364.711,16.5711,2,0
1543,147.66,128.214,2,0
1544,27.1933,228.669,2,0
1545,564.224,155.445,2,0
1546,9.49847,113.566,2,0
1547,68.212,97.2882,2,0
1548,494.852,157.325,2,0
1549,289.492,135.88,2,0
1550,212.679,136.087,2,0
1551,506.214,244.142,2,0
1552,552.04,62.2158,2,0
1553,501.686,250.86,2,0
1554,1.15091,235.147,2,0
1555,500.383,184.636,2,0
1556,19.3261,2,2,0
1557,174.804,85.4089,2,0
1558,54.9925,178.757,2,0
1559,303.458,225.467,2,0
1560,155.206,26.112,2,0
1561,73.1739,242.788,2,0
1562,145.536,30.804,2,0
1563,53.1901,20.2627,2,0
1564,453.724,182.414,2,0
1565,70.5352,164.897,2,0
1566,520.528,280.349,2,0
1567,405.753,52.0983,2,0
1568,84.3114,294.429,2,0
1569,480.103,94.034,2,0
1570,546.516,275.121,2,0
1571,378.149,45.44,2,0
1572,221.016,97.6018,2,0
1573,312.644,187.805,2,0
1574,53.605,174.778,2,0
1575,329.393,195.834,2,0
1576,156.333,42.7895,2,0
1577,200.869,204.655,2,0
1578,42.9776,144.767,2,0
1579,287.604,75.532,2,0
1580,488.347,187.576,2,0
1581,418.398,38.6077,2,0
1582,492.598,257.339,2,0
1583,410.586,234.304,2,0
1584,419.837,104.649,2,0
1585,325.628,281.717,2,0
1586,407.367,182.207,2,0
1587,448.555,86.0857,2,0
1588,46.0231,235.922,2,0
1589,89.876,264.203,2,0
1590,279.921,146.176,2,0
1591,404.872,44.1077,2,0
1592,5.86673,42.1342,2,0
1593,154.783,139.039,2,0
1594,237.787,2,2,0
1595,323.15,47.2144,2,0
1596,164.348,70.1599,2,0
1597,551.112,5.53469,2,0
1598,293.292,221.635,2,0
1599,130.515,98.1346,2,0
1600,484.526,217.616,2,0
1601,105.504,86.3153,2,0
1602,172.324,220.255,2,0
1603,424.516,239.778,2,0
1604,187.737,154.793,2,0
1605,491.752,268.417,2,0
1606,527.248,71.2944,2,0
1607,265.148,61.5849,2,0
1608,283.643,91.2303,2,0
1609,152.709,58.7415,2,0
1610,178.967,128.751,2,0
1611,348.995,287.441,2,0
1612,441.376,12.4759,2,0
1613,347.98,55.3853,2,0
1614,559.003,229.242,2,0
1615,489.073,107.581,2,0
1616,131.975,41.1425,2,0
1617,135.913,46.8416,2,0
1618,184.272,104.783,2,0
1619,321.596,17.0312,2,0
1620,287.696,265.043,2,0
1621,216.467,45.8988,2,0
1622,513.813,59.5241,2,0
1623,49.4481,114.901,2,0
1624,452.234,190.68,2,0
1625,485.586,253.898,2,0
1626,574.031,124.97,2,0
1627,56.8568,131.432,2,0
1628,579.119,170.897,2,0
1629,126.24,208.997,2,0
1630,256.441,115.231,2,0
1631,164.502,105.326,2,0
1632,150.917,65.3494,2,0
1633,332.406,132.486,2,0
1634,270.433,12.5533,2,0
1635,389.258,287.436,2,0
1636,376.859,60.9898,2,0
1637,240.643,112.29,2,0
1638,84.3926,148.472,2,0
1639,184.666,124.806,2,0
1640,254.736,163.542,2,0
1641,170.22,189.176,2,0
1642,167.461,58.3218,2,0
1643,432.063,67.9296,2,0
1644,499.131,30.4812,2,0
1645,281.743,69.8029,2,0
1646,391.414,276.837,2,0
1647,550.114,233.793,2,0
1648,294.692,213.605,2,0
1649,263.538,258.402,2,0
1650,516.976,83.9263,2,0
1651,440.67,248.662,2,0
1652,236.364,185.747,2,0
1653,144.505,102.241,2,0
1654,470.224,98.4655,2,0
1655,154.814,146.035,2,0
1656,417.571,294.515,2,0
1657,240.773,101.473,2,0
1658,506.262,28.5251,2,0
1659,57.3698,98.1763,2,0
1660,373.016,246.689,2,0
1661,57.2036,186.715,2,0
1662,238.41,291.081,2,0
1663,440.113,111.259,2,0
1664,497.231,142.546,2,0
1665,514.578,12.5505,2,0
1666,468.3,261.915,2,0
1667,153.649,62.5039,2,0
1668,234.271,284.029,2,0
1669,511.626,175.933,2,0
1670,482.109,19.6178,2,0
1671,325.045,100.615,2,0
1672,89.779,256.1,2,0
1673,493.475,250.277,2,0
1674,232.428,257.28,2,0
1675,501.695,130.938,2,0
1676,574.403,159.836,2,0
1677,283.823,283.799,2,0
1678,183.698,140.381,2,0
1679,255.483,52.0609,2,0
1680,188.104,103.646,2,0
1681,241.886,161.915,2,0
1682,367.427,176.619,2,0
1683,85.6173,62.2572,2,0
1684,514.313,219.586,2,0
1685,133.044,213.148,2,0
1686,216.524,251.817,2,0
1687,212.393,153.681,2,0
1688,219.657,5.54958,2,0
1689,110.496,21.3533,2,0
1690,128.828,31.0733,2,0
1691,303.226,85.6038,2,0
1692,371.022,13.1046,2,0
1693,392.534,271.578,2,0
1694,389.869,151.666,2,0
1695,163.382,13.9788,2,0
1696,276.55,191.745,2,0
1697,141.11,174.6,2,0
1698,308.945,189.413,2,0
1699,330.978,96.585,2,0
1700,213.942,157.374,2,0
1701,514.787,212.552,2,0
1702,418.424,26.9772,2,0
1703,161.684,242.731,2,0
1704,250.57,269.967,2,0
1705,489.167,34.0699,2,0
1706,560.895,217.163,2,0
1707,239.44,164.921,2,0
1708,133.931,166.499,2,0
1709,126.727,70.5732,2,0
1710,466.755,155.534,2,0
1711,386.149,114.831,2,0
1712,241.425,154.079,2,0
1713,564.908,175.093,2,0
1714,366.842,13.0459,2,0
1715,368.982,191.391,2,0
1716,269.064,273.641,2,0
1717,100.416,257.86,2,0
1718,456.922,116.833,2,0
1719,19.5476,94.8979,2,0
1720,215.827,188.39,2,0
1721,478.742,218.449,2,0
1722,25.982,260.78,2,0
1723,37.2498,298,2,0
1724,558.992,151.116,2,0
1725,138.518,123.984,2,0
1726,279.607,276.918,2,0
1727,578.254,178.03,2,0
1728,105.54,12.1661,2,0
1729,521.454,172.671,2,0
1730,6.10759,115.79,2,0
1731,103.364,52.0857,2,0
1732,294.857,44.5863,2,0
1733,433.785,262.831,2,0
1734,530.071,40.2489,2,0
1735,487.388,111.249,2,0
1736,71.7332,221.893,2,0
1737,533.27,247.62,2,0
1738,413.93,63.5437,2,0
1739,278.005,26.7109,2,0
1740,545.557,132.3,2,0
1741,77.7761,117.457,2,0
1742,449.752,129.27,2,0
1743,56.9293,271.559,2,0
1744,401.521,136.423,2,0
1745,347.211,5.56966,2,0
1746,329.651,21.077,2,0
1747,322.968,152.394,2,0
1748,234.311,249.452,2,0
1749,582.329,33.57,2,0
1750,111.659,221.141,2,0
1751,477.993,298,2,0
1752,159.843,263.768,2,0
1753,329.86,191.859,2,0
1754,444.716,139.276,2,0
1755,173.887,263.349,2,0
1756,496.331,23.1454,2,0
1757,232.169,185.292,2,0
1758,508.267,272.303,2,0
1759,390.749,216.592,2,0
1760,150.547,259.499,2,0
1761,52.0143,62.7261,2,0
1762,565.318,250.626,2,0
1763,446.951,113.747,2,0
1764,205.238,260.385,2,0
1765,469.868,290.834,2,0
1766,582.056,189.258,2,0
1767,53.5311,13.141,2,0
1768,325.68,73.9679,2,0
1769,558.083,195.454,2,0
1770,448.65,192.506,2,0
1771,349.228,67.4012,2,0
1772,418.337,129.549,2,0
1773,494.049,261.1,2,0
1774,336.246,54.6712,2,0
1775,498.819,229.556,2,0
1776,249.086,139.858,2,0
1777,344.723,27.2201,2,0
1778,48.4944,27.2982,2,0
1779,475.921,294.465,2,0
1780,357.614,134.484,2,0
1781,590.373,179.297,2,0
1782,368.041,52.5709,2,0
1783,40.981,240.956,2,0
1784,164.854,211.213,2,0
1785,548.722,129.669,2,0
1786,547.068,5.58712,2,0
1787,76.0832,201.204,2,0
1788,375.88,242.965,2,0
1789,254.54,255.158,2,0
1790,327.089,185.234,2,0
1791,289.863,287.35,2,0
1792,451.163,47.2575,2,0
1793,19.4055,8.86591,2,0
1794,361.208,121.536,2,0
1795,542.77,298,2,0
1796,57.1915,20.3908,2,0
1797,194.96,141.27,2,0
1798,216.791,80.0548,2,0
1799,96.2272,51.9131,2,0
1800,407.45,164.5,2,0
1801,20.7378,298,2,0
1802,133.234,79.3233,2,0
1803,313.183,51.7842,2,0
1804,9.27227,145.849,2,0
1805,58.1526,87.6509,2,0
1806,501.099,275.764,2,0
1807,466.744,253.829,2,0
1808,266.39,12.3926,2,0
1809,223.52,39.7597,2,0
1810,404.92,252.369,2,0
1811,364.218,118.796,2,0
1812,475.188,260.453,2,0
1813,595.407,51.2041,2,0
1814,222.977,151.568,2,0
1815,393.154,294.495,2,0
1816,541.719,112.284,2,0
1817,544.248,95.1322,2,0
1818,176.053,158.439,2,0
1819,21.0765,143.596,2,0
1820,99.5762,37.0057,2,0
1821,545.051,237.049,2,0
1822,62.1697,191.214,2,0
1823,320.612,32.4246,2,0
1824,423.775,56.4443,2,0
1825,293.787,286.427,2,0
1826,452.505,151.94,2,0
1827,352.88,178.517,2,0
1828,248.816,102.947,2,0
1829,172.347,212.314,2,0
1830,59.2452,145.34,2,0
1831,288.417,260.696,2,0
1832,512.5,241.082,2,0
1833,136.567,142.822,2,0
1834,327.217,242.413,2,0
1835,156.089,2,2,0
1836,315.058,24.3302,2,0
1837,439.311,154.335,2,0
1838,184.857,119.354,2,0
1839,346.369,121.798,2,0
1840,376.04,80.1649,2,0
1841,520.356,23.1767,2,0
1842,457.665,108.792,2,0
1843,246.319,40.2998,2,0
1844,20.9922,68.2055,2,0
1845,219.859,172.495,2,0
1846,357.179,159.126,2,0
1847,103.659,72.4955,2,0
1848,535.375,223.553,2,0
1849,365.882,153.241,2,0
1850,528.656,280.327,2,0
1851,524.667,225.279,2,0
1852,97.1883,83.6658,2,0
1853,414.376,128.708,2,0
1854,34.938,23.4183,2,0
1855,464.017,275.361,2,0
1856,145.985,201.312,2,0
1857,119.206,274.767,2,0
1858,422.934,111.725,2,0
1859,544.158,105.765,2,0
1860,38.1293,218.916,2,0
1861,254.675,145.346,2,0
1862,309.445,262.336,2,0
1863,280.618,16.1208,2,0
1864,127.09,226.482,2,0
1865,89.2222,60.199,2,0
1866,134.903,121.877,2,0
1867,490.886,228.877,2,0
1868,367.013,290.809,2,0
1869,584.493,186.053,2,0
1870,171.229,163.767,2,0
1871,269.636,245.597,2,0
1872,126.475,97.8362,2,0
1873,411.258,39.2432,2,0
1874,496.435,273.553,2,0
1875,354.437,7.53539,2,0
1876,417.782,152.14,2,0
1877,284.436,209.961,2,0
1878,363.358,298,2,0
1879,525.098,208.058,2,0
1880,166.013,91.4766,2,0
1881,584.042,5.50728,2,0
1882,258.099,165.828,2,0
1883,363.338,210.806,2,0
1884,241.982,79.6924,2,0
1885,66.7343,255.741,2,0
1886,128.477,166.995,2,0
1887,55.6866,240.627,2,0
1888,278.701,230.116,2,0
1889,351.55,129.789,2,0
1890,418.471,160.146,2,0
1891,402.728,199.478,2,0
1892,48.7999,238.85,2,0
1893,282.693,95.2099,2,0
1894,403.383,276.1,2,0
1895,475.189,130.518,2,0
1896,91.4578,106.844,2,0
1897,456.184,235.574,2,0
1898,329.892,271.968,2,0
1899,125.937,273.236,2,0
1900,291.685,59.8411,2,0
1901,571.982,13.7524,2,0
1902,203.958,179.242,2,0
1903,187.669,263.49,2,0
1904,548.314,85.0949,2,0
1905,527.448,193.966,2,0
1906,353.041,133.595,2,0
1907,253.767,129.015,2,0
1908,570.706,202.951,2,0
1909,99.1057,22.2642,2,0
1910,111.003,235.825,2,0
1911,237.742,126.323,2,0
1912,350.583,249.011,2,0
1913,244.512,273.56,2,0
1914,304.504,236.408,2,0
1915,87.7876,190.029,2,0
1916,147.282,204.963,2,0
1917,36.079,48.2292,2,0
1918,349.194,2,2,0
1919,188.357,95.5295,2,0
1920,546.404,240.886,2,0
1921,562.572,121.623,2,0
1922,231.809,54.9069,2,0
1923,193.219,290.906,2,0
1924,581.37,63.0392,2,0
1925,511.413,147.892,2,0
1926,224.005,187.343,2,0
1927,31.363,201.57,2,0
1928,574.788,60.8694,2,0
1929,78.6119,79.2975,2,0
1930,65.065,212.835,2,0
1931,249.249,199.181,2,0
1932,54.3744,38.0575,2,0
1933,407.25,68.2995,2,0
1934,573.138,33.1727,2,0
1935,26.7315,275.45,2,0
1936,166.684,137.648,2,0
1937,206.23,138.687,2,0
1938,182.613,294.429,2,0
1939,458.878,132.569,2,0
1940,19.1163,179.163,2,0
1941,524.544,9.0405,2,0
1942,35.964,100.318,2,0
1943,548.281,149.489,2,0
1944,429.062,74.3648,2,0
1945,45.078,19.9673,2,0
1946,275.283,29.7761,2,0
1947,39.9064,212.143,2,0
1948,537.733,164.822,2,0
1949,534.543,269.717,2,0
1950,496.296,215.116,2,0
1951,89.456,5.53399,2,0
1952,65.6309,198.277,2,0
1953,317.989,107.029,2,0
1954,68.2683,223.891,2,0
1955,211.228,269.246,2,0
1956,60.2891,172.573,2,0
1957,227.948,56.0989,2,0
1958,219.558,294.5,2,0
1959,342.872,129.153,2,0
1960,595.319,110.07,2,0
1961,43.1256,16.3674,2,0
1962,571.517,240.101,2,0
1963,256.951,280.568,2,0
1964,407.303,260.092,2,0
1965,490.732,179.798,2,0
1966,396.7,88.1525,2,0
1967,61.7836,5.569,2,0
1968,129.051,87.4357,2,0
1969,147.701,231.815,2,0
1970,125.598,66.8098,2,0
1971,295.777,289.963,2,0
1972,351.616,56.843,2,0
1973,306.042,124.515,2,0
1974,124.195,13.8331,2,0
1975,124.112,127.703,2,0
1976,283.332,144.174,2,0
1977,288.637,100.771,2,0
1978,463.965,95.2531,2,0
1979,40.8617,233.099,2,0
1980,202.884,249.733,2,0
1981,594.534,257.098,2,0
1982,455.311,250.035,2,0
1983,367.501,157.157,2,0
1984,486.655,140.172,2,0
1985,337.85,222.646,2,0
1986,207.925,124.788,2,0
1987,159.486,56.7686,2,0
1988,377.74,152.202,2,0
1989,111.861,248.264,2,0
1990,360.002,203.501,2,0
1991,413.786,197.037,2,0
1992,78.9084,198.487,2,0
1993,82.0129,140.727,2,0
1994,159.998,49.9105,2,0
1995,53.6152,149.704,2,0
1996,69.096,134.234,2,0
1997,498.472,236.541,2,0
1998,124.27,262.716,2,0
1999,295.986,131.509,2,0
2000,462.47,142.63,2,0
2001,79.8316,202.327,2,0
2002,129.415,170.895,2,0
2003,203.777,36.5829,2,0
2004,2.58437,67.671,2,0
2005,565.236,55.7906,2,0
2006,60.2523,55.899,2,0
2007,379.117,38.2352,2,0
2008,339.373,153.804,2,0
2009,449.606,203.294,2,0
2010,382.482,113.419,2,0
2011,426.718,221.203,2,0
2012,69.4802,167.262,2,0
2013,266.863,38.6135,2,0
2014,152.71,33.518,2,0
2015,346.923,276.901,2,0
2016,304.416,276.362,2,0
2017,273.367,280.488,2,0
2018,456.691,25.2451,2,0
2019,279.304,19.8381,2,0
2020,384.531,202.418,2,0
2021,8.56591,298,2,0
2022,573.469,166.687,2,0
2023,385.873,118.801,2,0
2024,27.1666,294.341,2,0
2025,216.556,26.9564,2,0
2026,120.393,137.786,2,0
2027,222.171,122.823,2,0
2028,152.489,15.8659,2,0
2029,149.237,31.1457,2,0
2030,432.657,252.017,2,0
2031,586.167,26.4383,2,0
2032,143.751,23.0523,2,0
2033,429.167,161.002,2,0
2034,539.385,258.131,2,0
2035,157.075,195.146,2,0
2036,6.91353,192.266,2,0
2037,0.926875,177.159,2,0
2038,548.012,166.415,2,0
2039,134.493,139.416,2,0
2040,411.117,30.046,2,0
2041,484.78,85.59,2,0
2042,513.176,82.1734,2,0
2043,46.2123,272.707,2,0
2044,224.972,276.648,2,0
2045,123.946,73.4772,2,0
2046,366.688,20.03,2,0
2047,573.809,108.889,2,0
2048,363.268,31.283,2,0
2049,365.677,207.082,2,0
2050,500.3,280.351,2,0
2051,596.592,244.934,2,0
2052,99.6976,66.2362,2,0
2053,292.006,207.14,2,0
2054,132.695,49.1868,2,0
2055,330.226,129.159,2,0
2056,103.989,263.687,2,0
2057,55.941,294.447,2,0
2058,201.135,182.145,2,0
2059,456.452,231.626,2,0
2060,201.441,157.798,2,0
2061,243.035,243.33,2,0
2062,298.359,212.264,2,0
2063,261.33,16.1581,2,0
2064,421.803,36.2731,2,0
2065,555.189,152.415,2,0
2066,466.472,142.169,2,0
2067,128.683,234.373,2,0
2068,0.773814,239.19,2,0
2069,531.258,106.308,2,0
2070,459.796,164.759,2,0
2071,500.958,42.7241,2,0
2072,387.382,276.873,2,0
2073,52.2358,160.282,2,0
2074,413.122,168.662,2,0
2075,527.594,36.9368,2,0
2076,17.3922,133.553,2,0
2077,359.223,298,2,0
2078,467.826,70.0845,2,0
2079,393.584,67.1924,2,0
2080,119.45,107.787,2,0
2081,115.4,291.237,2,0
2082,70.1529,138.056,2,0
2083,347.086,47.3063,2,0
2084,351.357,22.2992,2,0
2085,286.135,279.856,2,0
2086,548.523,70.2822,2,0
2087,42.3142,37.7958,2,0
2088,526.805,47.6514,2,0
2089,354.978,283.866,2,0
2090,430.2,194.593,2,0
2091,496.389,153.592,2,0
2092,416.923,12.5951,2,0
2093,136.309,262.778,2,0
2094,530.257,126.877,2,0
2095,428.474,101.545,2,0
2096,257.762,169.828,2,0
2097,229.838,2,2,0
2098,410.123,150.247,2,0
2099,10.4799,247.574,2,0
2100,301.534,192.414,2,0
2101,292.377,112.521,2,0
2102,541.545,98.0279,2,0
2103,272.371,2,2,0
2104,363.301,106.933,2,0
2105,397.689,24.1085,2,0
2106,437.322,5.48965,2,0
2107,532.366,23.2099,2,0
2108,403.624,139.977,2,0
2109,99.7496,58.0715,2,0
2110,584.062,164.437,2,0
2111,364.216,174.11,2,0
2112,565.187,294.5,2,0
2113,537.165,246.381,2,0
2114,23.615,113.14,2,0
2115,480.8,250.419,2,0
2116,390.549,169.33,2,0
2117,120.219,141.801,2,0
2118,24.5248,141.456,2,0
2119,219.69,93.7845,2,0
2120,536.831,148.949,2,0
2121,440.489,115.173,2,0
2122,358.942,283.913,2,0
2123,346.868,283.974,2,0
2124,281.929,280.182,2,0
2125,477.825,59.2307,2,0
2126,595.759,122.29,2,0
2127,499.611,87.9998,2,0
2128,292.583,203.187,2,0
2129,501.846,113.248,2,0
2130,377.455,273.123,2,0
2131,524.473,44.3513,2,0
2132,598.548,162.729,2,0
2133,286.969,42.7854,2,0
2134,556.28,136.882,2,0
2135,150.879,99.0207,2,0
2136,257.725,17.9443,2,0
2137,14.1034,66.5858,2,0
2138,48.4247,34.4141,2,0
2139,385.107,248.31,2,0
2140,138.204,124.152,2,0
2141,484.057,118.724,2,0
2142,509.043,107.391,2,0
2143,459.582,294.5,2,0
2144,307.251,201.404,2,0
2145,6.81864,267.568,2,0
2146,6.52015,66.43,2,0
2147,235.434,41.2894,2,0
2148,427.989,184.198,2,0
2149,518.6,19.4888,2,0
2150,563.365,69.6641,2,0
2151,573.415,251.762,2,0
2152,105.722,178.072,2,0
2153,329.727,239.227,2,0
2154,49.9719,201.977,2,0
2155,311.018,107.709,2,0
2156,469.835,251.191,2,0
2157,435.061,148.078,2,0
2158,235.646,195.629,2,0
2159,530.643,298,2,0
2160,488.848,125.365,2,0
2161,323.161,120.682,2,0
2162,339.591,204.016,2,0
2163,91.5371,2,2,0
2164,221.627,129.975,2,0
2165,397.468,128.052,2,0
2166,512.531,2,2,0
2167,571.925,216.997,2,0
2168,362.537,248.073,2,0
2169,281.058,244.612,2,0
2170,551.21,12.5099,2,0
2171,75.7992,227.571,2,0
2172,328.53,164.576,2,0
2173,393.204,228.353,2,0
2174,118.458,111.676,2,0
2175,124.457,119.677,2,0
2176,180.528,15.5903,2,0
2177,80.3823,147.608,2,0
2178,388.632,5.49265,2,0
2179,567.384,70.3275,2,0
2180,140.311,11.6171,2,0
2181,370.509,113.453,2,0
2182,532.445,266.071,2,0
2183,2.01051,272.914,2,0
2184,162.098,102.166,2,0
2185,407.403,290.936,2,0
2186,579.51,298,2,0
2187,19.3132,36.4691,2,0
2188,577.93,26.7466,2,0
2189,230.223,77.4566,2,0
2190,47.0611,118.165,2,0
2191,462.13,233.51,2,0
2192,437.573,85.2117,2,0
2193,296.077,187.376,2,0
2194,3.46745,202.445,2,0
2195,22.1098,280.645,2,0
2196,488.549,256.617,2,0
2197,199.93,274.093,2,0
2198,408.876,49.7413,2,0
2199,412.16,146.908,2,0
2200,340.897,79.4876,2,0
2201,224.972,166.118,2,0
2202,473.059,84.0957,2,0
2203,247.719,176.861,2,0
2204,493.858,193.503,2,0
2205,571.273,188.599,2,0
2206,492.296,2,2,0
2207,522.117,119.861,2,0
2208,495.521,269.563,2,0
2209,332.993,156.861,2,0
2210,205.89,205.837,2,0
2211,32.1701,88.863,2,0
2212,116.205,281.316,2,0
2213,527.478,104.983,2,0
2214,0.289664,166.335,2,0
2215,494.407,280.186,2,0
2216,408.191,212.24,2,0
2217,457.77,280.486,2,0
2218,190.274,176.243,2,0
2219,179.368,212.126,2,0
2220,68.0814,184.787,2,0
2221,203.238,113.505,2,0
2222,262.034,146.456,2,0
2223,580.389,229.126,2,0
2224,409.74,196.678,2,0
2225,350.37,269.196,2,0
2226,337.567,211.724,2,0
2227,311.991,298,2,0
2228,439.703,162.559,2,0
2229,371.492,19.5525,2,0
2230,166.182,228.768,2,0
2231,329.158,223.049,2,0
2232,547.034,117.656,2,0
2233,353.839,243.194,2,0
2234,308.606,9.05127,2,0
2235,122.639,239.817,2,0
2236,518.657,237.776,2,0
2237,404.552,127.664,2,0
2238,381.701,70.747,2,0
2239,465.223,173.226,2,0
2240,38.9647,76.0432,2,0
2241,476.47,55.4859,2,0
2242,9.95742,270.087,2,0
2243,501.18,263.93,2,0
2244,278.882,67.1017,2,0
2245,457.607,298,2,0
2246,376.149,12.8184,2,0
2247,317.262,90.5839,2,0
2248,15.4243,2,2,0
2249,329.228,17.0057,2,0
2250,163.57,57.2502,2,0
2251,12.1792,276.691,2,0
2252,485.667,132.943,2,0
2253,152.162,290.966,2,0
2254,53.7575,112.657,2,0
2255,402.665,58.5546,2,0
2256,302.567,109.094,2,0
2257,403.256,181.666,2,0
2258,106.957,291.102,2,0
2259,328.928,199.908,2,0
2260,432.332,71.818,2,0
2261,398.406,188.179,2,0
2262,356.996,70.1729,2,0
2263,43.7796,264.719,2,0
2264,50.3683,128.724,2,0
2265,413.358,268.988,2,0
2266,522.527,298,2,0
2267,410.205,61.979,2,0
2268,313.515,179.921,2,0
2269,17.4554,152.661,2,0
2270,87.1551,237.306,2,0
2271,558.872,253.396,2,0
2272,123.729,298,2,0
2273,142.802,98.6426,2,0
2274,563.032,84.609,2,0
2275,182.88,230.378,2,0
2276,17.1718,22.5672,2,0
2277,395.309,276.294,2,0
2278,580.409,104.167,2,0
2279,195.417,95.8174,2,0
2280,523.58,103.344,2,0
2281,500.131,116.99,2,0
2282,393.655,176.859,2,0
2283,527.619,204.92,2,0
2284,538.272,177.936,2,0
2285,578.458,160.168,2,0
2286,526.995,129.482,2,0
2287,117.511,181.868,2,0
2288,216.806,118.514,2,0
2289,450.047,20.7294,2,0
2290,381.841,89.7246,2,0
2291,239.747,194.576,2,0
2292,233.188,33.4681,2,0
2293,271.935,94.696,2,0
2294,245.034,214.982,2,0
2295,266.141,99.1699,2,0
2296,331.878,42.0459,2,0
2297,180.906,189.434,2,0
2298,514.612,290.974,2,0
2299,524.091,155.337,2,0
2300,76.9394,9.2653,2,0
2301,289.323,123.032,2,0
2302,154.26,287.403,2,0
2303,551.715,51.561,2,0
2304,309.661,258.449,2,0
2305,61.5481,120.053,2,0
2306,474.143,234.773,2,0
2307,515.058,230.443,2,0
2308,306.647,102.589,2,0
2309,146.539,132.174,2,0
2310,578.587,98.7952,2,0
2311,520.764,190.58,2,0
2312,106.938,66.2643,2,0
2313,165.692,141.963,2,0
2314,302.346,123.117,2,0
2315,473.084,267.169,2,0
2316,118.326,185.787,2,0
2317,429.593,134.033,2,0
2318,415.185,83.8402,2,0
2319,296.499,37.7478,2,0
2320,517.053,192.112,2,0
2321,548.971,175.829,2,0
2322,567.534,47.9919,2,0
2323,342.777,251.128,2,0
2324,372.374,5.56106,2,0
2325,23.2129,294.489,2,0
2326,454.168,158.782,2,0
2327,484.213,93.617,2,0
2328,40.3377,90.5732,2,0
2329,598.213,136.065,2,0
2330,272.088,232.759,2,0
2331,285.57,135.09,2,0
2332,525.84,121.461,2,0
2333,470.591,26.3801,2,0
2334,271.075,39.6883,2,0
2335,313.306,230.065,2,0
2336,459.133,251.343,2,0
2337,150.763,153.181,2,0
2338,583.293,153.763,2,0
2339,426.724,136.757,2,0
2340,450.744,108.088,2,0
2341,74.4358,128.088,2,0
2342,593.212,77.8242,2,0
2343,467.881,294.423,2,0
2344,33.3246,290.929,2,0
2345,167.115,112.431,2,0
2346,239.02,182.633,2,0
2347,13.0649,220.317,2,0
2348,321.961,199.023,2,0
2349,491.637,80.8934,2,0
2350,363.268,256.205,2,0
2351,235.635,96.8426,2,0
2352,215.75,12.5287,2,0
2353,240.706,190.507,2,0
2354,413.673,95.935,2,0
2355,82.8368,28.9902,2,0
2356,257.932,240.656,2,0
2357,341.596,183.049,2,0
2358,139.132,5.39178,2,0
2359,19.8021,274.028,2,0
2360,311.924,134.695,2,0
2361,322.576,275.468,2,0
2362,576.051,211.335,2,0
2363,443.007,19.8722,2,0
2364,530.262,78.7448,2,0
2365,336.39,219.027,2,0
2366,317.874,86.5871,2,0
2367,262.118,64.0958,2,0
2368,9.35685,12.9204,2,0
2369,59.6265,134.529,2,0
2370,36.7842,279.676,2,0
2371,252.878,294.563,2,0
2372,598.807,107.932,2,0
2373,464.684,128.19,2,0
2374,534.048,57.558,2,0
2375,162.668,39.5327,2,0
2376,28.0804,148.189,2,0
2377,427.484,58.0044,2,0
2378,501.338,180.563,2,0
2379,493.425,66.2621,2,0
2380,539.034,26.5751,2,0
2381,276.183,147.952,2,0
2382,231.387,106.951,2,0
2383,324.832,2,2,0
2384,55.0826,193.524,2,0
2385,479.922,294.498,2,0
2386,592.717,63.4064,2,0
2387,427.133,15.991,2,0
2388,427.276,23.4605,2,0
2389,510.584,200.74,2,0
2390,114.093,251.658,2,0
2391,74.1805,298,2,0
2392,32.9052,243.367,2,0
2393,154.586,273.51,2,0
2394,136.335,50.9164,2,0
2395,92.7261,66.3332,2,0
2396,362.094,125.514,2,0
2397,400.808,117.37,2,0
2398,253.368,36.1271,2,0
2399,234.283,234.707,2,0
2400,312.437,119.923,2,0
2401,304.725,217.424,2,0
2402,110.925,66.803,2,0
2403,373.976,45.644,2,0
2404,443.097,242.014,2,0
2405,449.432,148.794,2,0
2406,215.383,114.415,2,0
2407,254.82,276.984,2,0
2408,504.383,287.419,2,0
2409,451.061,89.3144,2,0
2410,582.598,216.209,2,0
2411,351.283,108.341,2,0
2412,47.0695,88.4331,2,0
2413,527.922,82.0164,2,0
2414,480.183,37.6845,2,0
2415,237.277,252.221,2,0
2416,21.4006,284.598,2,0
2417,164.372,43.0862,2,0
2418,564.474,220.026,2,0
2419,397.649,143.655,2,0
2420,85.561,26.1772,2,0
2421,425.407,177.573,2,0
2422,258.27,191.961,2,0
2423,174.28,275.512,2,0
2424,365.157,214.48,2,0
2425,391.499,75.1653,2,0
2426,584.49,65.6226,2,0
2427,505.241,48.2895,2,0
2428,46.3575,45.0447,2,0
2429,282.972,42.0943,2,0
2430,68.5864,111.892,2,0
2431,231.971,6.79593,2,0
2432,116.82,16.2202,2,0
2433,414.293,154.346,2,0
2434,157.669,175.261,2,0
2435,583.946,22.9459,2,0
2436,265.481,34.7622,2,0
2437,43.2714,190.574,2,0
2438,270.38,5.45766,2,0
2439,136.293,12.2517,2,0
2440,544.963,2,2,0
2441,88.3184,149.577,2,0
2442,530.539,102.32,2,0
2443,48.274,48.4907,2,0
2444,96.4408,167.201,2,0
2445,197.387,127.02,2,0
2446,140.152,208.995,2,0
2447,197.378,221.258,2,0
2448,107.456,114.446,2,0
2449,206.208,45.7902,2,0
2450,72.7718,123.927,2,0
2451,205.539,187.698,2,0
2452,101.212,30.0789,2,0
2453,95.3396,114.017,2,0
2454,47.3848,294.306,2,0
2455,448.678,152.779,2,0
2456,184.637,290.801,2,0
2457,124.947,32.7814,2,0
2458,167.651,195.915,2,0
2459,568.669,44.0457,2,0
2460,296.473,69.2232,2,0
2461,158.208,93.5296,2,0
2462,184.969,89.4722,2,0
2463,349.155,180.033,2,0
2464,525.138,233.101,2,0
2465,383.661,148.405,2,0
2466,144.532,135.645,2,0
2467,373.713,16.0559,2,0
2468,267.339,28.1619,2,0
2469,575.726,12.5117,2,0
2470,449.476,124.664,2,0
2471,315.888,78.2748,2,0
2472,439.737,134.18,2,0
2473,376.846,262.15,2,0
2474,120.856,121.568,2,0
2475,587.77,30.7426,2,0
2476,186.375,232.508,2,0
2477,380.769,262.18,2,0
2478,579.121,255.91,2,0
2479,260.195,137.508,2,0
2480,388.023,200.719,2,0
2481,351.359,202.544,2,0
2482,80.6799,125.589,2,0
2483,419.586,203.906,2,0
2484,109.811,104.001,2,0
2485,379.593,219.703,2,0
2486,160.268,291.055,2,0
2487,504.359,279.7,2,0
2488,293.951,217.684,2,0
2489,58.2371,12.9401,2,0
2490,4.35762,242.318,2,0
2491,142.261,122.392,2,0
2492,284.139,178.741,2,0
2493,108.654,88.6943,2,0
2494,386.648,65.56,2,0
2495,294.266,138.494,2,0
2496,510.364,290.98,2,0
2497,134.072,158.231,2,0
2498,51.777,104.068,2,0
2499,496.11,164.071,2,0
2500,148.638,21.3555,2,0
2501,100.116,147.111,2,0
2502,90.9599,132.366,2,0
2503,168.459,108.789,2,0
2504,78.2017,59.8956,2,0
2505,422.329,84.8892,2,0
2506,372.006,157.247,2,0
2507,431.254,93.8431,2,0
2508,75.3592,142.833,2,0
2509,110.9,217.21,2,0
2510,496.21,239.889,2,0
2511,292.755,26.0721,2,0
2512,392.499,162.148,2,0
2513,507.279,37.5042,2,0
2514,390.643,220.651,2,0
2515,221.326,201.952,2,0
2516,1.90297,42.6281,2,0
2517,543.054,138.846,2,0
2518,218.052,275.716,2,0
2519,130.646,16.4832,2,0
2520,454.845,133.521,2,0
2521,503.979,93.6543,2,0
2522,545.034,279.921,2,0
2523,562.714,271.723,2,0
2524,238.928,153.776,2,0
2525,500.917,123.953,2,0
2526,18.2542,244.919,2,0
2527,93.1463,83.2711,2,0
2528,210.422,167.498,2,0
2529,517.304,216.935,2,0
2530,285.8,54.2161,2,0
2531,454.086,110.473,2,0
2532,474.383,73.2805,2,0
2533,196.577,115.959,2,0
2534,212.568,196.29,2,0
2535,467.872,276.647,2,0
2536,49.3818,216.451,2,0
2537,286.216,115.589,2,0
2538,90.4288,158.169,2,0
2539,224.7,127.501,2,0
2540,140.628,142.739,2,0
2541,138.134,273.336,2,0
2542,122.151,51.846,2,0
2543,435.432,23.2384,2,0
2544,202.22,138.2,2,0
2545,402.65,16.0463,2,0
2546,250.002,106.748,2,0
2547,188.568,247.304,2,0
2548,114.663,48.9593,2,0
2549,209.751,23.2107,2,0
2550,391.223,15.2687,2,0
2551,164.906,36.1155,2,0
2552,421.582,294.541,2,0
2553,511.13,66.1365,2,0
2554,478.096,5.49516,2,0
2555,548.883,278.458,2,0
2556,432.395,241.635,2,0
2557,304.28,39.8419,2,0
2558,323.403,263.318,2,0
2559,431.818,25.3735,2,0
2560,335.931,249.64,2,0
2561,494.103,204.296,2,0
2562,162.999,113.053,2,0
2563,382.734,121.523,2,0
2564,312.482,268.538,2,0
2565,79.1777,216.811,2,0
2566,515.611,175.378,2,0
2567,210.503,51.2853,2,0
2568,36.7827,260.865,2,0
2569,526.145,201.206,2,0
2570,584.013,106.022,2,0
2571,154.938,113.802,2,0
2572,411.553,204.664,2,0
2573,172.342,224.368,2,0
2574,183.825,155.965,2,0
2575,16.5821,218.678,2,0
2576,381.188,247.533,2,0
2577,24.2882,169.851,2,0
2578,159.601,246.157,2,0
2579,533.402,124.352,2,0
2580,582.32,47.876,2,0
2581,402.488,100.861,2,0
2582,264.306,9.10126,2,0
2583,466.106,268.538,2,0
2584,431.284,23.1083,2,0
2585,404.494,219.609,2,0
2586,439.826,175.473,2,0
2587,458.657,15.9895,2,0
2588,435.354,8.93959,2,0
2589,575.009,255.36,2,0
2590,306.151,33.0898,2,0
2591,377.397,130.779,2,0
2592,27.4111,9.0535,2,0
2593,96.2962,56.1346,2,0
2594,294.316,279.227,2,0
2595,7.38696,174.49,2,0
2596,455.786,197.333,2,0
2597,22.2958,28.8841,2,0
2598,226.102,264.36,2,0
2599,570.082,119.276,2,0
2600,182.18,197.615,2,0
2601,518.811,213.265,2,0
2602,214.909,267.632,2,0
2603,180.967,153.263,2,0
2604,337.03,2,2,0
2605,143.971,283.958,2,0
2606,173.881,89.3521,2,0
2607,522.981,258.767,2,0
2608,412.965,5.41836,2,0
2609,106.454,230.528,2,0
2610,443.838,298,2,0
2611,413.878,33.0254,2,0
2612,425.99,132.591,2,0
2613,173.97,190.553,2,0
2614,146.592,75.131,2,0
2615,494.741,139.25,2,0
2616,104.535,272.657,2,0
2617,49.8446,85.437,2,0
2618,187.759,188.367,2,0
2619,207.756,180.727,2,0
2620,14.8606,54.5762,2,0
2621,587.009,233.904,2,0
2622,203.229,55.2007,2,0
2623,358.614,144.583,2,0
2624,240.185,225.843,2,0
2625,589.521,273.369,2,0
2626,41.0092,19.8437,2,0
2627,481.913,283.954,2,0
2628,114.19,40.8176,2,0
2629,405.42,294.468,2,0
2630,113.844,244.687,2,0
2631,208.704,135.614,2,0
2632,358.477,261.496,2,0
2633,291.824,48.2708,2,0
2634,94.1071,222.768,2,0
2635,31.3154,270.122,2,0
2636,62.9383,117.717,2,0
2637,295.745,298,2,0
2638,16.9117,121.42,2,0
2639,394.343,187.606,2,0
2640,353.733,197.197,2,0
2641,454.482,143.977,2,0
2642,314.989,151.551,2,0
2643,77.4842,49.4791,2,0
2644,53.9463,298,2,0
2645,246.406,173.167,2,0
2646,259.662,90.5352,2,0
2647,97.926,89.4277,2,0
2648,240.957,90.6402,2,0
2649,248.5,238.532,2,0
2650,476.576,39.2445,2,0
2651,84.3068,123.903,2,0
2652,596.456,47.2699,2,0
2653,411.876,112.087,2,0
2654,457.406,180.543,2,0
2655,515.795,125.061,2,0
2656,129.495,67.6361,2,0
2657,582.268,178.43,2,0
2658,273.866,182.345,2,0
2659,32.2204,205.437,2,0
2660,388.004,155.272,2,0
2661,434.355,189.016,2,0
2662,283.267,148.261,2,0
2663,377.124,287.238,2,0
2664,498.418,26.614,2,0
2665,196.488,28.4827,2,0
2666,335.211,50.7379,2,0
2667,156.446,72.2812,2,0
2668,119.638,298,2,0
2669,234.467,220.191,2,0
2670,481.572,254.378,2,0
2671,83.9731,54.672,2,0
2672,83.8466,32.8517,2,0
2673,157.145,117.084,2,0
2674,250.604,61.4681,2,0
2675,346.799,234.254,2,0
2676,384.704,42.3078,2,0
2677,9.86636,121.687,2,0
2678,508.767,103.36,2,0
2679,83.0124,120.802,2,0
2680,569.145,287.49,2,0
2681,487.522,48.74,2,0
2682,330.609,263.785,2,0
2683,456.253,220.178,2,0
2684,302.471,74.8558,2,0
2685,68.0661,287.459,2,0
2686,425.426,37.9362,2,0
2687,581.48,247.447,2,0
2688,62.2552,209.871,2,0
2689,561.297,2,2,0
2690,468.516,202.772,2,0
2691,209.56,15.802,2,0
2692,518.572,12.6709,2,0
2693,296.367,169.063,2,0
2694,371.584,220.935,2,0
2695,461.542,50.311,2,0
2696,69.5228,197.398,2,0
2697,20.7225,32.688,2,0
2698,86.3482,266.292,2,0
2699,475.943,62.8764,2,0
2700,531.152,71.7831,2,0
2701,180.679,143.045,2,0
2702,490.477,221.442,2,0
2703,323.031,145.457,2,0
2704,590.92,190.105,2,0
2705,339.82,199.969,2,0
2706,47.7808,69.9198,2,0
2707,341.826,88.7519,2,0
2708,441.79,95.0635,2,0
2709,189.053,99.6891,2,0
2710,465.457,66.8366,2,0
2711,529.083,51.1126,2,0
2712,2.11484,254.265,2,0
2713,307.36,223.966,2,0
2714,191.217,287.541,2,0
2715,247.31,136.202,2,0
2716,397.197,294.448,2,0
2717,96.3964,76.2378,2,0
2718,435.946,78.3061,2,0
2719,425.756,200.184,2,0
2720,186.973,129.272,2,0
2721,23.5934,199.083,2,0
2722,163.799,281.863,2,0
2723,456.643,213.049,2,0
2724,528.085,30.8888,2,0
2725,588.77,37.7752,2,0
2726,530.86,168.262,2,0
2727,73.6786,19.4523,2,0
2728,142.55,74.1058,2,0
2729,257.207,30.2265,2,0
2730,87.8291,33.7514,2,0
2731,558.613,133.436,2,0
2732,98.8136,150.761,2,0
2733,175.7,230.324,2,0
2734,5.52805,70.4677,2,0
2735,220.732,108.305,2,0
2736,143.026,63.5292,2,0
2737,516.336,129.092,2,0
2738,237.976,115.335,2,0
2739,259.715,177.505,2,0
2740,551.204,193.606,2,0
2741,387.677,99.9869,2,0
2742,390.697,197.676,2,0
2743,341.001,25.6291,2,0
2744,243.088,228.733,2,0
2745,78.8326,53.052,2,0
2746,156.082,49.5648,2,0
2747,555.851,35.1197,2,0
2748,367.146,30.5747,2,0
2749,204.666,135.112,2,0
2750,31.4267,137.123,2,0
2751,520.516,266.294,2,0
2752,9.25378,101.345,2,0
2753,518.018,203.092,2,0
2754,363.003,283.89,2,0
2755,330.374,187.805,2,0
2756,269.185,189.391,2,0
2757,488.052,118.349,2,0
2758,584.282,192.465,2,0
2759,257.215,199.078,2,0
2760,516.431,79.5273,2,0
2761,439.295,21.6945,2,0
2762,351.893,26.3151,2,0
2763,25.2552,246.136,2,0
2764,13.219,184.818,2,0
2765,532.533,182.27,2,0
2766,179.237,208.103,2,0
2767,191.676,254.445,2,0
2768,598.292,143.238,2,0
2769,2.30491,105.735,2,0
2770,103.24,60.1187,2,0
2771,486.583,278.194,2,0
2772,515.248,44.8859,2,0
2773,256.97,34.3152,2,0
2774,233.516,149.41,2,0
2775,249.03,248.994,2,0
2776,418.879,168.744,2,0
2777,107.084,70.3193,2,0
2778,26.5127,196.389,2,0
2779,468.179,181.032,2,0
2780,187.862,255.379,2,0
2781,540.793,228.248,2,0
2782,167.538,164.911,2,0
2783,201.184,39.874,2,0
2784,382.618,170.536,2,0
2785,439.368,71.2149,2,0
2786,394.25,125.85,2,0
2787,75.378,215.492,2,0
2788,565.767,81.5492,2,0
2789,339.226,71.328,2,0
2790,583.067,78.0827,2,0
2791,106.763,58.0939,2,0
2792,533.344,93.8363,2,0
2793,29.7958,278.055,2,0
2794,338.664,160.716,2,0
2795,440.702,48.7192,2,0
2796,4.08391,78.749,2,0
2797,594.124,150.61,2,0
2798,181.814,116.77,2,0
2799,182.202,54.4127,2,0
2800,247.352,166.942,2,0
2801,275.918,164.743,2,0
2802,572.453,213.078,2,0
2803,361.425,43.1712,2,0
2804,178.342,60.4008,2,0
2805,459.453,222.375,2,0
2806,403.385,290.915,2,0
2807,530.826,47.1219,2,0
2808,191.155,23.9646,2,0
2809,280.429,141.322,2,0
2810,231.844,10.8621,2,0
2811,199.168,77.474,2,0
2812,82.8319,268.399,2,0
2813,35.0651,268.838,2,0
2814,168.406,217.276,2,0
2815,172.392,298,2,0
2816,203.179,50.8911,2,0
2817,553.494,100.52,2,0
2818,333.691,239.618,2,0
2819,149.171,186.889,2,0
2820,122.375,113.103,2,0
2821,334.66,232.813,2,0
2822,167.024,267.693,2,0
2823,344.934,294.509,2,0
2824,197.056,267.521,2,0
2825,70.1908,13.5481,2,0
2826,52.4946,281.205,2,0
2827,260.698,28.3032,2,0
2828,533.265,234.54,2,0
2829,340.927,157.441,2,0
2830,229.023,166.767,2,0
2831,599.864,212.521,2,0
2832,132.392,255.754,2,0
2833,467.351,87.8737,2,0
2834,463.133,195.149,2,0
2835,170.166,253.216,2,0
2836,313.509,256.474,2,0
2837,65.4346,158.582,2,0
2838,339.938,111.354,2,0
2839,99.7702,124.595,2,0
2840,165.492,66.1801,2,0
2841,397.915,150.801,2,0
2842,427.256,140.767,2,0
2843,190.707,262.46,2,0
2844,518.121,26.8472,2,0
2845,41.4775,94.4102,2,0
2846,565.188,287.486,2,0
2847,20.3223,217.321,2,0
2848,123.682,24.7103,2,0
2849,175.485,41.9084,2,0
2850,27.9369,135.303,2,0
2851,406.541,234.556,2,0
2852,187.222,287.557,2,0
2853,485.042,143.899,2,0
2854,190.224,110.228,2,0
2855,420.467,58.8555,2,0
2856,393.442,194.592,2,0
2857,383.543,255.334,2,0
2858,538.106,33.8496,2,0
2859,232.696,44.321,2,0
2860,251.401,223.699,2,0
2861,288.151,131.997,2,0
2862,508.354,287.385,2,0
2863,379.718,190.956,2,0
2864,348.828,280.297,2,0
2865,522.223,26.7236,2,0
2866,135.818,233.086,2,0
2867,569.098,54.8946,2,0
2868,237.754,130.754,2,0
2869,18.7665,61.3848,2,0
2870,268.477,31.9089,2,0
2871,289.832,272.488,2,0
2872,554.847,252.934,2,0
2873,239.425,215.134,2,0
2874,110.55,89.917,2,0
2875,545.471,109.644,2,0
2876,21.247,214.414,2,0
2877,582.123,143.154,2,0
2878,580.029,67.1809,2,0
2879,20.2941,119.284,2,0
2880,200.579,239.157,2,0
2881,508.5,254.225,2,0
2882,226.417,169.933,2,0
2883,138.781,15.3963,2,0
2884,547.016,81.4504,2,0
2885,576.001,35.9676,2,0
2886,591.229,172.388,2,0
2887,137.501,241.006,2,0
2888,253.455,81.6332,2,0
2889,557.078,218.608,2,0
2890,247.489,11.4059,2,0
2891,563.824,246.926,2,0
2892,174.831,14.3857,2,0
2893,156.735,163.967,2,0
2894,221.699,290.898,2,0
2895,591.703,30.1845,2,0
2896,105.193,276.665,2,0
2897,458.837,288.175,2,0
2898,140.027,283.98,2,0
2899,147.63,190.599,2,0
2900,121.737,43.877,2,0
2901,253.001,92.8897,2,0
2902,540.575,22.9426,2,0
2903,103.238,166.019,2,0
2904,30.8328,95.8517,2,0
2905,196.438,148.385,2,0
2906,577.393,280.548,2,0
2907,393.659,143.83,2,0
2908,32.1192,41.2716,2,0
2909,182.737,201.65,2,0
2910,212.842,117.366,2,0
2911,476.125,94.3931,2,0
2912,46.2818,187.821,2,0
2913,114.437,199.664,2,0
2914,168.366,160.863,2,0
2915,512.088,23.3408,2,0
2916,299.724,226.735,2,0
2917,462.23,156.928,2,0
2918,482.425,97.4648,2,0
2919,353.536,251.768,2,0
2920,2.80443,250.228,2,0
2921,123.228,225.087,2,0
2922,587.662,290.936,2,0
2923,384.954,106.671,2,0
2924,309.253,122.303,2,0
2925,326.87,5.40361,2,0
2926,321.758,43.2897,2,0
2927,217.609,298,2,0
2928,507.899,68.6143,2,0
2929,594.985,93.654,2,0
2930,221.603,241.885,2,0
2931,206.162,191.675,2,0
2932,51.3298,277.438,2,0
2933,559.854,246.556,2,0
2934,461.335,66.5752,2,0
2935,527.034,152.438,2,0
2936,344.889,132.708,2,0
2937,569.222,210.665,2,0
2938,344.85,105.071,2,0
2939,505.491,206.238,2,0
2940,557.29,9.01832,2,0
2941,323.939,259.2,2,0
2942,190.239,136.828,2,0
2943,368.522,218.427,2,0
2944,278.5,12.5235,2,0
2945,530.627,237.576,2,0
2946,214.306,178.694,2,0
2947,202.591,75.5286,2,0
2948,536.783,280.23,2,0
2949,296.11,119.648,2,0
2950,176.497,184.045,2,0
2951,2.38328,180.803,2,0
2952,380.819,41.8914,2,0
2953,36.2938,79.1688,2,0
2954,378.54,87.2883,2,0
2955,441.389,189.883,2,0
2956,487.471,147.265,2,0
2957,193.476,126.471,2,0
2958,487.37,75.3118,2,0
2959,39.1048,226.265,2,0
2960,288.605,17.3052,2,0
2961,150.497,106.206,2,0
2962,57.3777,250.394,2,0
2963,212.617,25.9431,2,0
2964,334.031,115.117,2,0
2965,110.468,39.916,2,0
2966,438.628,29.7304,2,0
2967,350.757,75.3804,2,0
2968,31.569,23.6877,2,0
2969,303.65,243.433,2,0
2970,487.795,213.819,2,0
2971,314.856,109.34,2,0
2972,190.072,31.2421,2,0
2973,211.387,160.64,2,0
2974,537.297,261.95,2,0
2975,349.559,36.8735,2,0
2976,501.977,77.5159,2,0
2977,593.18,265.066,2,0
2978,378.89,120.105,2,0
2979,5.01615,86.8514,2,0
2980,83.6955,159.566,2,0
2981,585.055,266.485,2,0
2982,407.44,37.6927,2,0
2983,469.122,282.141,2,0
2984,161.421,116.576,2,0
2985,43.48,275.558,2,0
2986,30.9354,61.5625,2,0
2987,557.016,199.419,2,0
2988,556.889,46.8061,2,0
2989,540.156,168.073,2,0
2990,487.741,267.613,2,0
2991,440.965,40.2153,2,0
2992,466.663,32.2881,2,0
2993,534.926,90.1041,2,0
2994,502.267,290.99,2,0
2995,8.89663,93.364,2,0
2996,518.093,65.1354,2,0
2997,476.836,268.231,2,0
2998,345.595,205.59,2,0
2999,163.566,273.819,2,0
3000,447.43,48.9853,2,0
3001,296.485,98.4895,2,0
3002,155.89,18.092,2,0
3003,541.719,188.079,2,0
3004,456.774,291.63,2,0
3005,598.022,73.3741,2,0
3006,258.501,144.242,2,0
3007,74.0666,23.262,2,0
3008,404.42,115.489,2,0
3009,554.022,266.547,2,0
3010,576.704,174.184,2,0
3011,298.546,61.3364,2,0
3012,42.2905,129.912,2,0
3013,97.3736,29.1354,2,0
3014,378.535,229.239,2,0
3015,377.005,184.199,2,0
3016,458.428,265.921,2,0
3017,333.002,167.661,2,0
3018,592.366,193.632,2,0
3019,221.226,32.0115,2,0
3020,67.1127,24.3089,2,0
3021,64.9896,226.139,2,0
3022,540.494,122.696,2,0
3023,477.803,283.955,2,0
3024,20.871,57.8783,2,0
3025,25.626,192.352,2,0
3026,580.786,225.196,2,0
3027,598.24,255.591,2,0
3028,272.349,118.288,2,0
3029,514.427,283.913,2,0
3030,4.80867,166.699,2,0
3031,154.021,113.547,2,0
3032,288.679,56.9347,2,0
3033,432.656,100.765,2,0
3034,461.367,263.389,2,0
3035,99.7543,54.0645,2,0
3036,566.787,62.6571,2,0
3037,447.542,2,2,0
3038,292.828,170.947,2,0
3039,371.004,37.8401,2,0
3040,322.4,195.004,2,0
3041,543.262,202.168,2,0
3042,187.792,122.226,2,0
3043,560.785,129.268,2,0
3044,254.423,15.6743,2,0
3045,49.6813,290.886,2,0
3046,80.9155,162.294,2,0
3047,27.4256,35.0857,2,0
3048,433.303,5.55888,2,0
3049,447.18,213.842,2,0
3050,418.003,207.638,2,0
3051,13.834,40.8816,2,0
3052,427.995,80.1202,2,0
3053,299.921,282.927,2,0
3054,473.01,212.6,2,0
3055,587.557,104.138,2,0
3056,231.59,196.713,2,0
3057,430.649,190.643,2,0
3058,18.7904,47.3406,2,0
3059,111.095,25.2596,2,0
3060,572.05,101.032,2,0
3061,308.574,215.826,2,0
3062,302.83,177.292,2,0
3063,296.351,201.509,2,0
3064,583.315,256.145,2,0
3065,272.862,145.822,2,0
3066,407.535,283.849,2,0
3067,316.784,232.034,2,0
3068,481.827,77.1407,2,0
3069,469.478,166.364,2,0
3070,417.961,34.5667,2,0
3071,304.08,157.125,2,0
3072,526.157,229.189,2,0
3073,184.845,2,2,0
3074,384.872,133.563,2,0
3075,383.917,137.307,2,0
3076,199.158,98.4484,2,0
3077,350.763,234.755,2,0
3078,574.688,134.712,2,0
3079,342.738,233.69,2,0
3080,498.669,138.569,2,0
3081,178.675,31.9009,2,0
3082,513.752,30.9548,2,0
3083,546.776,251.786,2,0
3084,48.8391,132.472,2,0
3085,461.008,160.741,2,0
3086,286.561,231.044,2,0
3087,164.108,84.6826,2,0
3088,36.074,27.3318,2,0
3089,71.8878,238.955,2,0
3090,167.728,179.285,2,0
3091,207.353,213.143,2,0
3092,538.049,110.789,2,0
3093,443.132,91.0992,2,0
3094,96.1977,126.189,2,0
3095,331.9,175.7,2,0
3096,506.676,212.035,2,0
3097,334.575,30.6075,2,0
3098,204.437,233.382,2,0
3099,282.948,138.235,2,0
3100,370.535,238.516,2,0
3101,299.286,34.8623,2,0
3102,250.838,241.857,2,0
3103,206.561,97.8323,2,0
3104,331.267,33.1771,2,0
3105,361.124,272.766,2,0
3106,516.574,8.97243,2,0
3107,44.294,48.4568,2,0
3108,463.353,62.9849,2,0
3109,565.427,211.859,2,0
3110,505.24,105.72,2,0
3111,163.355,257.501,2,0
3112,454.576,49.5487,2,0
3113,331.629,103.785,2,0
3114,333.575,270.172,2,0
3115,333.211,221.404,2,0
3116,283.251,31.1464,2,0
3117,591.948,94.6128,2,0
3118,3.69453,28.1247,2,0
3119,143.721,48.817,2,0
3120,477.872,90.7117,2,0
3121,542.583,171.38,2,0
3122,153.413,84.1379,2,0
3123,192.614,246.44,2,0
3124,496.932,94.5663,2,0
3125,276.458,9.03184,2,0
3126,340.902,294.485,2,0
3127,285.129,272.179,2,0
3128,491.558,146.829,2,0
3129,289.422,200.526,2,0
3130,306.406,256.131,2,0
3131,596.067,132.74,2,0
3132,464.51,260.647,2,0
3133,123.758,283.902,2,0
3134,514.367,204.962,2,0
3135,390.267,158.671,2,0
3136,534.814,5.49137,2,0
3137,500.333,287.482,2,0
3138,321.342,164.046,2,0
3139,245.913,56.2485,2,0
3140,304.098,221.377,2,0
3141,599.463,201.822,2,0
3142,190.029,226.392,2,0
3143,561.464,15.9507,2,0
3144,81.7777,166.878,2,0
3145,180.443,8.88767,2,0
3146,370.74,146.695,2,0
3147,295.6,102.417,2,0
3148,469.715,66.4704,2,0
3149,70.767,181.774,2,0
3150,486.148,19.5791,2,0
3151,431.913,29.4387,2,0
3152,434.919,144.042,2,0
3153,133.172,209.219,2,0
3154,229.344,177.681,2,0
3155,297.141,152.765,2,0
3156,423.192,23.0532,2,0
3157,512.425,151.87,2,0
3158,379.275,276.695,2,0
3159,595.513,114.141,2,0
3160,85.8174,196.777,2,0
3161,214.413,67.7125,2,0
3162,354.342,224.421,2,0
3163,414.948,2,2,0
3164,47.6322,2,2,0
3165,552.002,281.065,2,0
3166,70.2005,73.604,2,0
3167,258.712,269.887,2,0
3168,502.549,54.8367,2,0
3169,495.234,128.345,2,0
3170,260.318,116.081,2,0
3171,496.67,232.923,2,0
3172,580.85,15.0393,2,0
3173,434.502,57.4442,2,0
3174,408.08,83.2296,2,0
3175,87.2308,224.264,2,0
3176,560.685,76.4346,2,0
3177,311.717,145.429,2,0
3178,194.482,260.982,2,0
3179,153.363,52.6302,2,0
3180,466.925,184.983,2,0
3181,147.011,121.028,2,0
3182,323.412,80.8373,2,0
3183,46.3643,37.859,2,0
3184,254.29,96.6499,2,0
3185,332.524,72.457,2,0
3186,420.82,12.6375,2,0
3187,141.301,26.1606,2,0
3188,399.569,38.777,2,0
3189,65.2596,262.78,2,0
3190,510.425,298,2,0
3191,198.244,119.829,2,0
3192,410.583,171.971,2,0
3193,291.127,32.8096,2,0
3194,525.692,190.317,2,0
3195,113.311,137.576,2,0
3196,178.47,5.45413,2,0
3197,5.09292,24.3932,2,0
3198,14.8713,8.76233,2,0
3199,504.187,66.99,2,0
3200,421.677,287.492,2,0
3201,177.714,248.38,2,0
3202,532.704,280.351,2,0
3203,29.1303,31.3751,2,0
3204,579.892,12.5521,2,0
3205,488.169,176.843,2,0
3206,359.215,290.897,2,0
3207,412.087,211.81,2,0
3208,66.8201,154.768,2,0
3209,380.754,59.8592,2,0
3210,172.327,53.4528,2,0
3211,228.678,109.77,2,0
3212,244.972,169.373,2,0
3213,149.844,201.882,2,0
3214,449.956,116.51,2,0
3215,307.496,159.207,2,0
3216,170.628,32.6373,2,0
3217,534.281,79.27,2,0
3218,357.949,79.0972,2,0
3219,512.674,51.4598,2,0
3220,577.286,226.706,2,0
3221,558.852,206.238,2,0
3222,255.215,122.227,2,0
3223,199.2,251.335,2,0
3224,214.679,33.8682,2,0
3225,86.0151,141.675,2,0
3226,597.536,273.262,2,0
3227,544.794,287.266,2,0
3228,236.671,9.48182,2,0
3229,265.678,120.611,2,0
3230,198.974,43.2203,2,0
3231,465.468,279.879,2,0
3232,62.5186,244.19,2,0
3233,320.654,180.336,2,0
3234,8.49803,73.2633,2,0
3235,397.467,195.087,2,0
3236,392.505,71.0549,2,0
3237,195.438,287.553,2,0
3238,286.627,79.4086,2,0
3239,194.244,119.566,2,0
3240,141.228,2,2,0
3241,337.339,272.115,2,0
3242,589.957,240.175,2,0
3243,44.2832,41.3388,2,0
3244,36.9148,214.943,2,0
3245,150.01,45.8391,2,0
3246,98.8032,140.216,2,0
3247,286.17,162.706,2,0
3248,457.043,21.1716,2,0
3249,60.5686,235.789,2,0
3250,269.169,62.6661,2,0
3251,48.2784,180.983,2,0
3252,168.303,69.119,2,0
3253,531.673,60.7616,2,0
3254,426.959,261.21,2,0
3255,122.791,69.7476,2,0
3256,181.47,87.1821,2,0
3257,509.534,179.703,2,0
3258,120.263,193.878,2,0
3259,358.725,247.164,2,0
3260,451.925,166.423,2,0
3261,107.935,219.796,2,0
3262,305.038,116.647,2,0
3263,61.14,20.4487,2,0
3264,339.277,40.1707,2,0
3265,464.559,102.347,2,0
3266,118.22,251.519,2,0
3267,436.509,131.974,2,0
3268,30.1012,75.1161,2,0
3269,113.207,162.003,2,0
3270,22.549,202.905,2,0
3271,453.89,242.124,2,0
3272,224.938,53.2885,2,0
3273,585.603,287.6,2,0
3274,222.309,270.068,2,0
3275,123.278,243.916,2,0
3276,286.837,193.91,2,0
3277,455.963,298,2,0
3278,524.5,273.251,2,0
3279,25.34,213.621,2,0
3280,503.937,165.707,2,0
3281,80.4843,96.8655,2,0
3282,217.553,129.553,2,0
3283,41.3307,164.579,2,0
3284,485.61,89.8214,2,0
3285,112.812,86.4436,2,0
3286,419.616,284.004,2,0
3287,518.542,258.831,2,0
3288,532.724,294.497,2,0
3289,60.6562,202.953,2,0
3290,219.722,220.468,2,0
3291,107.053,24.2219,2,0
3292,92.7593,38.7408,2,0
3293,558.888,272.926,2,0
3294,500.6,195.767,2,0
3295,143.77,219.171,2,0
3296,158.404,28.4889,2,0
3297,581.447,287.491,2,0
3298,535.335,258.468,2,0
3299,370.071,44.6759,2,0
3300,146.75,98.8633,2,0
3301,341.017,2,2,0
3302,324.88,38.1709,2,0
3303,81.0445,117.047,2,0
3304,520.155,154.198,2,0
3305,441.542,56.6929,2,0
3306,474.711,172.626,2,0
3307,579.597,75.9446,2,0
3308,72.9707,134.947,2,0
3309,545.787,259.072,2,0
3310,540.991,60.77,2,0
3311,320.109,184.614,2,0
3312,573.4,18.172,2,0
3313,383.755,77.6888,2,0
3314,24.4848,43.3231,2,0
3315,291.322,188.556,2,0
3316,85.66,58.4006,2,0
3317,530.796,5.483,2,0
3318,297.37,124.664,2,0
3319,396.129,202.334,2,0
3320,79.1215,262.378,2,0
3321,201.207,227.171,2,0
3322,125.003,87.3238,2,0
3323,525.107,171.041,2,0
3324,457.669,92.1674,2,0
3325,432.376,131.08,2,0
3326,575.94,234.793,2,0
3327,415.567,204.34,2,0
3328,542.606,195.089,2,0
3329,67.9742,248.822,2,0
3330,524.498,266.227,2,0
3331,477.749,253.09,2,0
3332,99.5911,107.158,2,0
3333,574.203,141.863,2,0
3334,541.372,67.29,2,0
3335,480.928,210.812,2,0
3336,383.038,198.614,2,0
3337,370.776,86.7436,2,0
3338,489.603,183.792,2,0
3339,276.085,152.088,2,0
3340,394.627,130.774,2,0
3341,493.504,182.767,2,0
3342,590.041,150.783,2,0
3343,229.745,266.514,2,0
3344,63.8006,77.5692,2,0
3345,485.696,274.233,2,0
3346,378.796,172.113,2,0
3347,121.733,217.07,2,0
3348,523.543,204.304,2,0
3349,352.784,103.862,2,0
3350,553.261,2,2,0
3351,138.116,128.139,2,0
3352,531.509,134.934,2,0
3353,587.812,210.782,2,0
3354,331.729,68.5855,2,0
3355,513.067,265.578,2,0
3356,436.836,113.668,2,0
3357,510.855,92.709,2,0
3358,471.343,205.785,2,0
3359,129.483,194.531,2,0
3360,573.135,112.953,2,0
3361,506.431,298,2,0
3362,330.096,89.6573,2,0
3363,81.9728,195.681,2,0
3364,263.01,123.757,2,0
3365,371.237,26.66,2,0
3366,402.346,157.568,2,0
3367,526.48,125.502,2,0
3368,181.227,101.96,2,0
3369,361.421,194.237,2,0
3370,66.0609,89.4618,2,0
3371,50.2559,153.064,2,0
3372,395.208,180.718,2,0
3373,322.992,190.991,2,0
3374,114.282,36.7659,2,0
3375,168.56,54.4928,2,0
3376,146.858,153.121,2,0
3377,598.944,111.926,2,0
3378,589.095,26.9811,2,0
3379,274.846,229.528,2,0
3380,546.834,291.025,2,0
3381,311.77,244.126,2,0
3382,514.593,94.3905,2,0
3383,106.949,42.0045,2,0
3384,471.878,294.416,2,0
3385,241.685,126.837,2,0
3386,496.161,117.489,2,0
3387,359.54,155.898,2,0
3388,428.647,35.6894,2,0
3389,407.648,72.3455,2,0
3390,270.499,254.093,2,0
3391,185.951,240.797,2,0
3392,12.6201,166.206,2,0
3393,104.79,294.445,2,0
3394,309.222,65.3156,2,0
3395,303.517,56.496,2,0
3396,420.052,225.902,2,0
3397,518.368,276.791,2,0
3398,30.658,27.5499,2,0
3399,34.8918,131.071,2,0
3400,577.881,9.04657,2,0
3401,139.587,231.981,2,0
3402,597.493,13.1032,2,0
3403,52.3029,170.916,2,0
3404,378.956,92.5833,2,0
3405,556.031,226.508,2,0
3406,524.587,280.358,2,0
3407,383.061,38.5831,2,0
3408,314.227,20.3306,2,0
3409,427.704,291.018,2,0
3410,142.047,287.309,2,0
3411,562.111,232.012,2,0
3412,101.478,206.629,2,0
3413,260.329,265.034,2,0
3414,59.4751,279.362,2,0
3415,353.4,92.4456,2,0
3416,207.374,5.32796,2,0
3417,385.667,88.3017,2,0
3418,178.958,35.9144,2,0
3419,469.195,265.816,2,0
3420,176.519,107.138,2,0
3421,547.492,179.63,2,0
3422,168.305,209.173,2,0
3423,584.549,223.481,2,0
3424,259.297,248.678,2,0
3425,559.032,283.909,2,0
3426,111.956,70.7982,2,0
3427,390.617,64.4382,2,0
3428,565.596,182.696,2,0
3429,206.112,73.5381,2,0
3430,582.581,239.6,2,0
3431,81.4558,180.506,2,0
3432,167.115,271.615,2,0
3433,358.165,8.98476,2,0
3434,126.919,162.332,2,0
3435,126.463,241.075,2,0
3436,127.712,230.487,2,0
3437,156.762,102.977,2,0
3438,530.303,26.7975,2,0
3439,27.2228,114.98,2,0
3440,502.422,176.692,2,0
3441,511.496,223.22,2,0
3442,13.3813,152.834,2,0
3443,35.165,250.138,2,0
3444,137.137,87.8332,2,0
3445,383.229,166.574,2,0
3446,266.408,248.069,2,0
3447,7.46942,163.582,2,0
3448,249.116,92.0008,2,0
3449,544.671,151.838,2,0
3450,433.449,248.041,2,0
3451,85.6121,167.661,2,0
3452,254.691,269.952,2,0
3453,367.182,71.46,2,0
3454,197.03,2,2,0
3455,421.888,251.788,2,0
3456,90.6222,30.9621,2,0
3457,66.0448,290.994,2,0
3458,462.871,287.114,2,0
3459,74.8576,182.682,2,0
3460,177.425,265.403,2,0
3461,421.135,126.505,2,0
3462,423.542,196.726,2,0
3463,272.997,90.8372,2,0
3464,53.9165,290.991,2,0
3465,288.471,112.267,2,0
3466,405.644,103.331,2,0
3467,416.363,139.905,2,0
3468,324.077,125.504,2,0
3469,459.129,88.5419,2,0
3470,511.57,70.187,2,0
3471,28.7872,208.354,2,0
3472,51.0641,288.11,2,0
3473,261.491,40.3208,2,0
3474,86.5253,171.483,2,0
3475,257.502,59.8719,2,0
3476,66.5378,266.516,2,0
3477,372.649,98.8241,2,0
3478,440.491,166.498,2,0
3479,27.4283,167.021,2,0
3480,593.694,287.497,2,0
3481,16.3153,43.9921,2,0
3482,568.341,237.34,2,0
3483,284.793,262.263,2,0
3484,256.991,93.4796,2,0
3485,240.605,294.457,2,0
3486,185.025,166.679,2,0
3487,437.873,121.73,2,0
3488,97.1467,220.072,2,0
3489,66.3916,104.158,2,0
3490,593.829,197.457,2,0
3491,521.492,115.96,2,0
3492,45.4651,12.6352,2,0
3493,290.326,148.46,2,0
3494,423.595,298,2,0
3495,545.087,35.2478,2,0
3496,27.4668,252.728,2,0
3497,114.8,169.985,2,0
3498,7.46528,202.959,2,0
3499,313.053,183.861,2,0
3500,448.995,163.59,2,0
3501,174.045,74.7541,2,0
3502,371.076,283.676,2,0
3503,469.585,38.6407,2,0
3504,293.307,158.786,2,0
3505,16.735,117.358,2,0
3506,579.304,198.999,2,0
3507,131.436,119.77,2,0
3508,570.362,50.9832,2,0
3509,463.232,9.34955,2,0
3510,80.5949,56.7847,2,0
3511,193.36,269.066,2,0
3512,74.9857,120.59,2,0
3513,233.769,2,2,0
3514,218.466,179.519,2,0
3515,7.7524,77.1616,2,0
3516,474.37,256.522,2,0
3517,286.516,154.615,2,0
3518,110.072,127.321,2,0
3519,86.7351,278.498,2,0
3520,572.389,138.113,2,0
3521,431.868,150.556,2,0
3522,117.244,123.389,2,0
3523,0.996825,159.655,2,0
3524,407.923,139.931,2,0
3525,14.5383,19.4755,2,0
3526,446.935,262.114,2,0
3527,579.512,291.117,2,0
3528,148.13,298,2,0
3529,368.816,97.6687,2,0
3530,48.1302,195.655,2,0
3531,313.562,97.2616,2,0
3532,251.203,121.44,2,0
3533,551.516,122.408,2,0
3534,383.166,217.8,2,0
3535,30.5304,164.301,2,0
3536,324.899,232.807,2,0
3537,491.418,212.123,2,0
3538,172.359,28.9825,2,0
3539,269.203,19.9145,2,0
3540,571.749,199.181,2,0
3541,286.746,64.905,2,0
3542,294.449,91.7695,2,0
3543,264.306,230.533,2,0
3544,125.912,9.95035,2,0
3545,80.5889,206.251,2,0
3546,224.799,137.595,2,0
3547,486.873,71.3724,2,0
3548,495.288,253.917,2,0
3549,277.537,122.97,2,0
3550,267.286,290.972,2,0
3551,66.1821,66.5938,2,0
3552,361.029,94.983,2,0
3553,4.62988,82.8136,2,0
3554,122.233,266.735,2,0
3555,338.721,215.575,2,0
3556,580.612,259.481,2,0
3557,22.7524,61.3844,2,0
3558,299.482,251.816,2,0
3559,136.81,94.7702,2,0
3560,85.6648,70.4757,2,0
3561,109.616,143.489,2,0
3562,551.72,263.205,2,0
3563,139.745,197.962,2,0
3564,391.353,180.19,2,0
3565,195.76,279.56,2,0
3566,193.41,298,2,0
3567,88.7747,208.784,2,0
3568,193.423,145.664,2,0
3569,413.182,99.9711,2,0
3570,251.763,89.0341,2,0
3571,11.2914,61.3315,2,0
3572,377.09,225.392,2,0
3573,76.5443,146.685,2,0
3574,160.961,142.423,2,0
3575,277.44,133.719,2,0
3576,57.488,120.467,2,0
3577,211.564,234.103,2,0
3578,29.066,244.756,2,0
3579,297.315,148.816,2,0
3580,436.322,109.754,2,0
3581,86.6368,200.748,2,0
3582,140.212,213.018,2,0
3583,329.513,275.941,2,0
3584,89.7127,14.3074,2,0
3585,223.214,198.104,2,0
3586,98.6267,291.102,2,0
3587,458.878,39.676,2,0
3588,333.483,22.589,2,0
3589,446.964,105.647,2,0
3590,276.113,214.414,2,0
3591,111.161,267.664,2,0
3592,387.162,21.1876,2,0
3593,302.677,46.7338,2,0
3594,209.48,8.79252,2,0
3595,263.384,254.263,2,0
3596,470.335,209.643,2,0
3597,534.452,238.448,2,0
3598,294.766,249.685,2,0
3599,257.263,140.343,2,0
3600,31.3114,129.118,2,0
3601,540.691,273.089,2,0
3602,117.027,211.801,2,0
3603,63.1982,280.292,2,0
3604,69.3997,235.914,2,0
3605,454.097,74.7171,2,0
3606,292.62,70.4121,2,0
3607,534.69,298,2,0
3608,378.257,250.757,2,0
3609,189.743,234.689,2,0
3610,318.792,5.53835,2,0
3611,116.568,177.858,2,0
3612,61.266,261.902,2,0
3613,492.38,58.3425,2,0
3614,540.567,181.171,2,0
3615,176.373,2,2,0
3616,114.856,67.7787,2,0
3617,386.325,252.333,2,0
3618,192.12,280.96,2,0
3619,343.848,247.277,2,0
3620,548.477,217.445,2,0
3621,368.925,124.149,2,0
3622,456.598,124.953,2,0
3623,263.154,226.385,2,0
3624,499.391,57.2991,2,0
3625,338.894,252.287,2,0
3626,54.8526,222.353,2,0
3627,61.1984,187.219,2,0
3628,597.525,259.544,2,0
3629,22.1463,262.096,2,0
3630,505.782,191.32,2,0
3631,277.836,237.011,2,0
3632,23.0421,77.4999,2,0
3633,112.079,275.622,2,0
3634,85.656,152.662,2,0
3635,322.678,116.639,2,0
3636,591.952,250.413,2,0
3637,260.624,105.217,2,0
3638,164.709,207.075,2,0
3639,94.868,151.468,2,0
3640,318.87,152.331,2,0
3641,537.943,99.8008,2,0
3642,282.589,230.554,2,0
3643,5.28123,13.064,2,0
3644,253.181,198.249,2,0
3645,486.011,259.526,2,0
3646,178.168,244.382,2,0
3647,257.588,129.824,2,0
3648,164.294,29.7811,2,0
3649,1.94017,198.749,2,0
3650,430.081,47.7219,2,0
3651,390.442,242.234,2,0
3652,397.274,119.535,2,0
3653,435.746,290.889,2,0
3654,163.981,194.445,2,0
3655,194.112,174.956,2,0
3656,210.008,156.818,2,0
3657,226.371,141.299,2,0
3658,379.364,27.0685,2,0
3659,72.5316,112.754,2,0
3660,84.0187,285.59,2,0
3661,563.498,12.5357,2,0
3662,83.2259,89.486,2,0
3663,587.367,154.139,2,0
3664,597.44,236.881,2,0
3665,267.943,95.6776,2,0
3666,560.468,239.565,2,0
3667,186.624,294.2,2,0
3668,465.687,5.54107,2,0
3669,373.336,102.822,2,0
3670,131.283,198.247,2,0
3671,102.807,150.154,2,0
3672,61.0244,272.435,2,0
3673,336.595,132.558,2,0
3674,302.41,116.401,2,0
3675,12.3394,74.5909,2,0
3676,250.278,95.8662,2,0
3677,428.262,66.2338,2,0
3678,478.218,235.169,2,0
3679,494.117,219.669,2,0
3680,8.77414,34.5658,2,0
3681,309.622,211.942,2,0
3682,182.979,159.98,2,0
3683,362.179,163.598,2,0
3684,588.08,120.325,2,0
3685,352.967,273.016,2,0
3686,559.927,72.3627,2,0
3687,58.1634,275.352,2,0
3688,585.741,294.399,2,0
3689,79.9871,233.403,2,0
3690,244.472,188.849,2,0
3691,520.816,262.2,2,0
3692,120.491,17.5461,2,0
3693,497.289,106.546,2,0
3694,241.81,116.087,2,0
3695,532.62,215.97,2,0
3696,93.5136,5.48342,2,0
3697,483.463,147.709,2,0
3698,29.2167,212.516,2,0
3699,276.909,75.1073,2,0
3700,363.679,39.9515,2,0
3701,387.201,290.976,2,0
3702,175.524,45.9828,2,0
3703,150.826,174.139,2,0
3704,10.6355,210.581,2,0
3705,289.347,172.824,2,0
3706,374.592,88.0561,2,0
3707,126.118,252.256,2,0
3708,410.544,65.962,2,0
3709,300.388,235.959,2,0
3710,415.601,291.019,2,0
3711,405.102,20.9907,2,0
3712,293.439,95.7474,2,0
3713,180.611,125.186,2,0
3714,387.744,270.563,2,0
3715,31.075,227.422,2,0
3716,577.405,252.194,2,0
3717,483.434,280.814,2,0
3718,106.937,121.091,2,0
3719,461.683,291.002,2,0
3720,388.804,294.666,2,0
3721,39.9136,244.849,2,0
3722,424.025,81.1807,2,0
3723,155.525,22.1394,2,0
3724,86.2146,250.032,2,0
3725,234.26,298,2,0
3726,476.402,231.382,2,0
3727,338.594,268.02,2,0
3728,124.219,255.618,2,0
3729,152.542,256.198,2,0
3730,37.0368,19.8021,2,0
3731,381.065,105.369,2,0
3732,293.713,294.478,2,0
3733,493.224,171.741,2,0
3734,441.936,279.31,2,0
3735,166.218,76.7864,2,0
3736,391.226,140.288,2,0
3737,534.655,132.456,2,0
3738,539.794,146.402,2,0
3739,86.2339,298,2,0
3740,362.937,13.0036,2,0
3741,307.433,57.5133,2,0
3742,159.157,89.8127,2,0
3743,525.438,85.2877,2,0
3744,227.76,173.8,2,0
3745,156.605,191.213,2,0
3746,443.428,101.953,2,0
3747,58.757,156.014,2,0
3748,595.694,66.0177,2,0
3749,264.929,42.084,2,0
3750,127.672,125.833,2,0
3751,400.788,212.361,2,0
3752,91.0697,225.458,2,0
3753,420.745,187.079,2,0
3754,336.921,59.0662,2,0
3755,547.398,154.743,2,0
3756,282.586,12.5669,2,0
3757,339.954,146.852,2,0
3758,366.259,184.74,2,0
3759,268.204,139.076,2,0
3760,297.204,135.55,2,0
3761,237.202,237.65,2,0
3762,280.778,88.4538,2,0
3763,35.5117,9.1017,2,0
3764,231.364,117.545,2,0
3765,199.154,5.47954,2,0
3766,291.553,242.124,2,0
3767,318.912,277.188,2,0
3768,261.11,188.187,2,0
3769,265.601,131.328,2,0
3770,349.272,111.963,2,0
3771,193.759,20.9671,2,0
3772,16.6669,289.965,2,0
3773,393.46,209.42,2,0
3774,407.975,226.798,2,0
3775,401.85,266.185,2,0
3776,292.375,275.653,2,0
3777,540.586,217.33,2,0
3778,214.017,110.574,2,0
3779,516.467,52.969,2,0
3780,381.396,178.81,2,0
3781,77.1972,103.241,2,0
3782,402.666,8.95772,2,0
3783,235.629,85.9855,2,0
3784,236.731,111.509,2,0
3785,365.574,45.3533,2,0
3786,131.094,128.114,2,0
3787,479.511,245.893,2,0
3788,510.566,62.0192,2,0
3789,75.6948,132.064,2,0
3790,44.8411,206.717,2,0
3791,487.926,79.294,2,0
3792,373.193,34.3736,2,0
3793,289.98,238.497,2,0
3794,386.51,241.492,2,0
3795,258.067,221.593,2,0
3796,452.275,252.8,2,0
3797,590.732,232.23,2,0
3798,455.681,206.971,2,0
3799,403.348,92.8635,2,0
3800,280.501,34.3632,2,0
3801,437.193,228.447,2,0
3802,350.92,283.947,2,0
3803,457.404,112.769,2,0
3804,423.256,16.0354,2,0
3805,199.442,287.367,2,0
3806,518.452,199.03,2,0
3807,389.321,280.43,2,0
3808,353.171,68.7134,2,0
3809,240.735,65.8942,2,0
3810,119.933,209.126,2,0
3811,371.802,231.567,2,0
3812,472.908,41.0293,2,0
3813,128.675,94.6389,2,0
3814,342.362,143.409,2,0
3815,338.264,121.932,2,0
3816,64.1556,162.511,2,0
3817,87.6066,204.871,2,0
3818,314.529,131.772,2,0
3819,197.116,203.356,2,0
3820,157.995,5.581,2,0
3821,268.804,155.79,2,0
3822,455.767,140.189,2,0
3823,26.9803,47.2946,2,0
3824,33.5371,30.4547,2,0
3825,340.09,168.562,2,0
3826,330.06,214.948,2,0
3827,436.729,224.235,2,0
3828,340.153,48.3295,2,0
3829,166.595,32.9423,2,0
3830,93.3185,249.577,2,0
3831,471.08,195.069,2,0
3832,490.162,298,2,0
3833,360.492,117.525,2,0
3834,598.506,180.342,2,0
3835,2.95473,268.856,2,0
3836,38.9003,148.756,2,0
3837,588.413,82.9936,2,0
3838,125.316,45.6501,2,0
3839,432.923,111.994,2,0
3840,306.131,260.109,2,0
3841,202.984,131.27,2,0
3842,348.708,140.414,2,0
3843,14.5553,211.656,2,0
3844,61.0817,213.652,2,0
3845,1.83443,287.287,2,0
3846,478.765,104.974,2,0
3847,147.869,224.838,2,0
3848,46.0586,59.0728,2,0
3849,16.4858,234.366,2,0
3850,554.761,104.534,2,0
3851,395.296,291.028,2,0
3852,335.618,103.43,2,0
3853,115.67,173.919,2,0
3854,111.812,239.914,2,0
3855,151.873,2,2,0
3856,386.685,219.854,2,0
3857,9.84164,251.568,2,0
3858,113.472,133.495,2,0
3859,51.1013,146.377,2,0
3860,322.197,21.5442,2,0
3861,10.7879,142.176,2,0
3862,335.979,42.7116,2,0
3863,403.296,270.103,2,0
3864,300.119,119.855,2,0
3865,82.5392,170.773,2,0
3866,189.048,243.394,2,0
3867,438.708,183.406,2,0
3868,96.3857,215.996,2,0
3869,300.607,10.032,2,0
3870,457.117,147.024,2,0
3871,146.278,280.442,2,0
3872,206.999,274.916,2,0
3873,443.109,213.656,2,0
3874,497.828,192.7,2,0
3875,340.392,164.422,2,0
3876,321.08,100.771,2,0
3877,392.835,43.2061,2,0
3878,345.139,2,2,0
3879,557.322,159.137,2,0
3880,461.975,13.7158,2,0
3881,468.368,230.763,2,0
3882,239.599,31.4095,2,0
3883,308.187,114.225,2,0
3884,214.512,271.593,2,0
3885,115.768,114.62,2,0
3886,74.1335,138.923,2,0
3887,531.475,194.655,2,0
3888,64.7262,27.6713,2,0
3889,410.575,35.1948,2,0
3890,328.301,125.534,2,0
3891,114.583,184.655,2,0
3892,507.228,91.1574,2,0
3893,128.33,63.8263,2,0
3894,454.371,174.317,2,0
3895,517.24,156.956,2,0
3896,471.186,130.939,2,0
3897,181.159,271.367,2,0
3898,97.985,176.541,2,0
3899,207.626,35.4237,2,0
3900,395.381,257.695,2,0
3901,107.659,8.98321,2,0
3902,203.868,141.929,2,0
3903,66.4708,126.481,2,0
3904,142.445,259.289,2,0
3905,48.283,41.4875,2,0
3906,377.089,204.007,2,0
3907,86.5492,156.79,2,0
3908,8.72434,89.2384,2,0
3909,256.109,251.383,2,0
3910,292.002,130.632,2,0
3911,317.858,289.106,2,0
3912,310.348,99.6833,2,0
3913,15.9057,196.736,2,0
3914,44.0527,55.5304,2,0
3915,578.315,33.7705,2,0
3916,307.915,290.951,2,0
3917,131.512,115.751,2,0
3918,301.464,270.112,2,0
3919,469.732,198.935,2,0
3920,537.538,86.5982,2,0
3921,45.0951,73.2571,2,0
3922,162.266,294.442,2,0
3923,335.776,205.591,2,0
3924,201.23,2,2,0
3925,92.9111,78.4542,2,0
3926,127.233,59.9309,2,0
3927,319.418,215.887,2,0
3928,414.914,8.97979,2,0
3929,557.644,90.6334,2,0
3930,528.54,266.171,2,0
3931,22.5819,84.5736,2,0
3932,477.882,196.997,2,0
3933,202.583,79.5299,2,0
3934,164.887,219.298,2,0
3935,213.653,298,2,0
3936,295.916,257.709,2,0
3937,204.804,38.2567,2,0
3938,82.5197,93.5739,2,0
3939,134.204,266.279,2,0
3940,261.383,168.109,2,0
3941,357.961,97.718,2,0
3942,94.9177,193.641,2,0
3943,413.401,201.049,2,0
3944,573.433,64.8332,2,0
3945,141.859,59.6336,2,0
3946,471.892,238.095,2,0
3947,44.3606,91.4902,2,0
3948,49.7745,284.178,2,0
3949,251.504,99.7817,2,0
3950,204.93,175.327,2,0
3951,270.756,266.367,2,0
3952,159.312,253.125,2,0
3953,39.1029,69.0678,2,0
3954,54.155,59.1869,2,0
3955,172.789,93.3519,2,0
3956,447.732,141.911,2,0
3957,556.335,269.801,2,0
3958,74.4093,74.0894,2,0
3959,363.707,178.131,2,0
3960,594.746,89.5355,2,0
3961,88.6374,164.755,2,0
3962,427.613,144.804,2,0
3963,6.13649,46.1322,2,0
3964,149.192,13.4284,2,0
3965,465.1,177.219,2,0
3966,117.02,33.3752,2,0
3967,221.822,212.62,2,0
3968,431.718,298,2,0
3969,297.819,271.921,2,0
3970,405.49,279.648,2,0
3971,99.8026,198.817,2,0
3972,496.503,185.833,2,0
3973,71.4587,109.067,2,0
3974,283.587,76.7438,2,0
3975,428.681,70.267,2,0
3976,415.026,118.427,2,0
3977,179.108,199.966,2,0
3978,90.2469,240.032,2,0
3979,55.6903,135.113,2,0
3980,528.378,23.3396,2,0
3981,159.969,271.826,2,0
3982,49.54,163.344,2,0
3983,23.2393,206.971,2,0
3984,259.007,291.031,2,0
3985,458.43,100.603,2,0
3986,573.243,273.624,2,0
3987,563.161,190.548,2,0
3988,51.8846,294.534,2,0
3989,67.6954,270.39,2,0
3990,560.111,60.5525,2,0
3991,31.3538,251.478,2,0
3992,56.7173,142.108,2,0
3993,250.422,173.309,2,0
3994,252.595,114.486,2,0
3995,29.2526,156.259,2,0
3996,224.765,194.429,2,0
3997,289.835,39.698,2,0
3998,454.886,287.342,2,0
3999,445.309,58.4026,2,0
4000,451.344,100.11,2,0
4001,8.90323,206.704,2,0
4002,393.766,121.775,2,0
4003,432.025,79.2761,2,0
4004,298.449,263.76,2,0
4005,9.00245,97.3664,2,0
4006,317.975,42.1268,2,0
4007,328.713,71.3693,2,0
4008,248.634,287.574,2,0
4009,338.441,67.4135,2,0
4010,594.291,143.399,2,0
4011,143.346,84.6907,2,0
4012,171.819,239.398,2,0
4013,277.869,175.309,2,0
4014,290.51,144.484,2,0
4015,338.395,180.587,2,0
4016,479.442,87.0819,2,0
4017,119.98,154.014,2,0
4018,78.4121,212.841,2,0
4019,550.426,65.9661,2,0
4020,206.09,81.7453,2,0
4021,257.492,26.0738,2,0
4022,430.749,213.565,2,0
4023,494.478,27.7112,2,0
4024,139.715,116.073,2,0
4025,10.5733,294.583,2,0
4026,265.225,19.2774,2,0
4027,267.184,53.9528,2,0
4028,28.5967,189.679,2,0
4029,102.839,195.929,2,0
4030,219.403,38.9938,2,0
4031,577.427,294.475,2,0
4032,443.797,246.059,2,0
4033,592.143,139.809,2,0
4034,148.762,156.496,2,0
4035,503.675,260.764,2,0
4036,64.8476,130.217,2,0
4037,534.908,46.5429,2,0
4038,463.281,29.9147,2,0
4039,175.831,81.4537,2,0
4040,96.4205,47.8324,2,0
4041,278.833,96.3473,2,0
4042,481.006,108.279,2,0
4043,334.731,160.293,2,0
4044,391.698,246.139,2,0
4045,204.107,202.284,2,0
4046,569.183,280.472,2,0
4047,543.658,63.837,2,0
4048,271.282,28.8309,2,0
4049,496.258,9.00773,2,0
4050,318.239,56.8726,2,0
4051,175.422,111.077,2,0
4052,366.345,8.97823,2,0
4053,275.503,195.399,2,0
4054,587.499,68.2964,2,0
4055,165.971,26.0567,2,0
4056,466.77,80.8139,2,0
4057,383.656,14.9868,2,0
4058,401.781,105.216,2,0
4059,405.794,267.078,2,0
4060,548.387,271.402,2,0
4061,71.0001,76.3648,2,0
4062,165.447,116.074,2,0
4063,138.223,105.506,2,0
4064,232.339,242.738,2,0
4065,378.479,239.832,2,0
4066,323.043,214.223,2,0
4067,118.292,200.649,2,0
4068,515.79,196.019,2,0
4069,506.812,137.324,2,0
4070,195.87,248.962,2,0
4071,212.578,40.5768,2,0
4072,45.9632,66.1291,2,0
4073,325.802,298,2,0
4074,530.718,19.6763,2,0
4075,342.945,97.5169,2,0
4076,347.626,246.1,2,0
4077,70.7593,272.948,2,0
4078,320.556,83.6217,2,0
4079,4.96134,233.15,2,0
4080,414.494,215.093,2,0
4081,579.345,298,2,0
4082,258.75,244.659,2,0
4083,269.848,174.258,2,0
4084,195.817,283.537,2,0
4085,530.735,283.894,2,0
4086,170.493,167.555,2,0
4087,210.006,193.167,2,0
4088,409.73,208.557,2,0
4089,120.11,145.909,2,0
4090,352.294,64.8266,2,0
4091,72.4865,55.8614,2,0
4092,19.4666,205.737,2,0
4093,95.6574,35.9329,2,0
4094,236.34,226.926,2,0
4095,86.3267,92.035,2,0
4096,333.855,107.267,2,0
4097,351.36,115.387,2,0
4098,159.878,267.765,2,0
4099,361.684,207.153,2,0
4100,290.795,215.1,2,0
4101,180.411,171.93,2,0
4102,335.121,178.02,2,0
4103,374.522,9.0382,2,0
4104,146.569,252.429,2,0
4105,536.737,227.525,2,0
4106,523.973,30.2809,2,0
4107,322.501,130.84,2,0
4108,300.781,150.911,2,0
4109,142.196,280.456,2,0
4110,171.124,71.9712,2,0
4111,340.035,56.4634,2,0
4112,164.213,2,2,0
4113,555.267,19.6117,2,0
4114,357.045,287.35,2,0
4115,502.241,283.998,2,0
4116,173.884,114.877,2,0
4117,563.664,73.6244,2,0
4118,184.024,93.4452,2,0
4119,569.736,229.375,2,0
4120,371.179,117.461,2,0
4121,488.162,83.2862,2,0
4122,406.34,189.178,2,0
4123,59.7047,9.06742,2,0
4124,426.687,50.0246,2,0
4125,14.0511,200.373,2,0
4126,259.616,195.767,2,0
4127,508.437,72.5156,2,0
4128,204.857,183.63,2,0
4129,460.901,277.93,2,0
4130,148.549,256.021,2,0
4131,500.673,233.087,2,0
4132,515.725,102.421,2,0
4133,499.338,127.721,2,0
4134,331.226,145.622,2,0
4135,164.404,126.882,2,0
4136,173.19,64.0121,2,0
4137,139.082,62.5876,2,0
4138,465.499,44.4366,2,0
4139,466.579,105.865,2,0
4140,548.08,255.606,2,0
4141,116.581,60.9746,2,0
4142,10.9763,191.651,2,0
4143,230.374,170.5,2,0
4144,439.658,283.839,2,0
4145,510.682,138.277,2,0
4146,42.2258,271.717,2,0
4147,429.342,164.982,2,0
4148,106.315,137.472,2,0
4149,529.638,122.854,2,0
4150,258.803,277.049,2,0
4151,500.293,173.285,2,0
4152,313.747,252.451,2,0
4153,575.912,266.109,2,0
4154,583.124,171.477,2,0
4155,42.0459,237.069,2,0
4156,5.78432,107.502,2,0
4157,362.696,61.7627,2,0
4158,205.734,93.8904,2,0
4159,483.357,202.99,2,0
4160,65.4244,230.119,2,0
4161,405.798,178.549,2,0
4162,391.172,290.948,2,0
4163,336.134,236.472,2,0
4164,235.255,245.478,2,0
4165,124.182,123.653,2,0
4166,483.457,111.68,2,0
4167,319.368,242.869,2,0
4168,411.928,132.808,2,0
4169,7.39482,156.408,2,0
4170,429.174,12.4824,2,0
4171,171.427,57.2535,2,0
4172,57.7024,149.051,2,0
4173,472.479,45.104,2,0
4174,62.0206,88.5158,2,0
4175,578.198,262.881,2,0
4176,586.931,89.7642,2,0
4177,232.626,156.481,2,0
4178,225.928,268.382,2,0
4179,17.0075,125.417,2,0
4180,164.8,215.279,2,0
4181,210.946,149.988,2,0
4182,221.763,257.277,2,0
4183,578.111,206.018,2,0
4184,421.255,66.9187,2,0
4185,589.706,294.432,2,0
4186,79.6626,224.643,2,0
4187,300.459,112.805,2,0
4188,523.136,214.069,2,0
4189,160.267,85.7185,2,0
4190,540.809,294.474,2,0
4191,168.459,290.918,2,0
4192,413.451,59.5648,2,0
4193,201.476,261.891,2,0
4194,513.153,131.686,2,0
4195,66.6053,45.4464,2,0
4196,36.1719,34.14,2,0
4197,451.301,226.173,2,0
4198,497.707,131.634,2,0
4199,445.51,149.773,2,0
4200,39.5577,9.03664,2,0
4201,216.525,84.1015,2,0
4202,171.282,228.281,2,0
4203,104.761,287.667,2,0
4204,564.494,238.705,2,0
4205,235.575,55.9291,2,0
4206,64.0501,184.025,2,0
4207,365.744,100.381,2,0
4208,496.619,63.8325,2,0
4209,338.693,129.143,2,0
4210,379.827,222.36,2,0
4211,531.493,54.3684,2,0
4212,29.7364,259.465,2,0
4213,156.191,298,2,0
4214,454.894,227.85,2,0
4215,265.58,142.058,2,0
4216,350.151,223.932,2,0
4217,202.375,154.042,2,0
4218,250.703,41.9821,2,0
4219,56.266,55.7518,2,0
4220,310.905,161.423,2,0
4221,115.831,277.237,2,0
4222,303.311,173.336,2,0
4223,554.434,115.75,2,0
4224,275.476,290.887,2,0
4225,94.5904,31.9518,2,0
4226,367.16,89.5683,2,0
4227,3.7149,246.279,2,0
4228,79.1653,89.282,2,0
4229,147.809,197.675,2,0
4230,121.726,294.616,2,0
4231,312.667,16.2936,2,0
4232,190.897,12.6661,2,0
4233,552.928,223.809,2,0
4234,559.139,191.632,2,0
4235,514.146,258.583,2,0
4236,259.028,298,2,0
4237,184.434,298,2,0
4238,351.241,190.602,2,0
4239,517.902,180.216,2,0
4240,334.973,84.9242,2,0
4241,389.436,204.533,2,0
4242,178.229,131.216,2,0
4243,375.377,26.8706,2,0
4244,252.777,287.483,2,0
4245,363.154,182.197,2,0
4246,462.093,74.1858,2,0
4247,531.406,223.021,2,0
4248,132.107,108.634,2,0
4249,160.99,156.48,2,0
4250,28.0804,171.032,2,0
4251,432.261,154.567,2,0
4252,217.403,184.68,2,0
4253,7.65459,263.441,2,0
4254,223.25,133.798,2,0
4255,261.087,287.52,2,0
4256,75.8473,250.614,2,0
4257,398.72,218.249,2,0
4258,429.163,5.48666,2,0
4259,397.89,20.0765,2,0
4260,511.354,142.266,2,0
4261,542.698,252.093,2,0
4262,210.286,121.56,2,0
4263,260.525,32.3189,2,0
4264,27.7325,24.3944,2,0
4265,3.63213,264.947,2,0
4266,436.138,199.43,2,0
4267,566.995,254.419,2,0
4268,29.148,298,2,0
4269,303.188,250.019,2,0
4270,38.1034,167.243,2,0
4271,224.481,155.32,2,0
4272,42.3278,140.911,2,0
4273,166.693,130.573,2,0
4274,453.939,294.513,2,0
4275,273.767,236.476,2,0
4276,199.637,52.8583,2,0
4277,400.514,262.504,2,0
4278,505.127,275.769,2,0
4279,245.556,131.876,2,0
4280,74.7676,153.374,2,0
4281,369.76,160.567,2,0
4282,421.829,115.552,2,0
4283,92.1075,196.254,2,0
4284,312.582,290.848,2,0
4285,447.426,101.545,2,0
4286,314.001,294.655,2,0
4287,6.90747,142.377,2,0
4288,120,158.194,2,0
4289,225.536,148.314,2,0
4290,42.7235,98.3521,2,0
4291,545.641,163.253,2,0
4292,281.144,273.081,2,0
4293,566.613,19.9005,2,0
4294,260.962,24.1952,2,0
4295,384.228,129.382,2,0
4296,288.581,256.635,2,0
4297,340.13,75.5264,2,0
4298,23.7385,254.105,2,0
4299,357.399,243.533,2,0
4300,351.504,154.94,2,0
4301,449.289,236.774,2,0
4302,146.156,273.373,2,0
4303,436.692,99.9034,2,0
4304,520.718,241.136,2,0
4305,182.67,145.355,2,0
4306,497.167,41.1378,2,0
4307,221.707,298,2,0
4308,555.548,69.2583,2,0
4309,462.899,131.849,2,0
4310,566.472,51.9388,2,0
4311,279.884,178.89,2,0
4312,13.9877,139.856,2,0
4313,105.224,31.0006,2,0
4314,427.394,188.277,2,0
4315,503.471,209.677,2,0
4316,429.746,287.334,2,0
4317,153.512,124.125,2,0
4318,586.41,100.553,2,0
4319,449.913,294.403,2,0
4320,556.121,163.12,2,0
4321,287.596,90.2183,2,0
4322,414.555,172.395,2,0
4323,522.979,99.4393,2,0
4324,584.606,249.911,2,0
4325,544.62,229.235,2,0
4326,40.4688,259.535,2,0
4327,379.609,269.629,2,0
4328,118.329,79.5237,2,0
4329,354.846,137.282,2,0
4330,188.693,75.1597,2,0
4331,301.513,42.8019,2,0
4332,322.678,76.8317,2,0
4333,551.228,19.4356,2,0
4334,16.7572,33.2717,2,0
4335,438.294,276.275,2,0
4336,99.5013,164.696,2,0
4337,522.19,200.515,2,0
4338,15.6159,26.3644,2,0
4339,13.2139,119.543,2,0
4340,539.867,118.738,2,0
4341,450.799,133.741,2,0
4342,584.089,92.7065,2,0
4343,173.57,104.09,2,0
4344,545.78,31.3457,2,0
4345,298.663,13.6168,2,0
4346,524.249,107.456,2,0
4347,464.172,181.617,2,0
4348,193.034,237.016,2,0
4349,72.816,233.905,2,0
4350,490.205,19.5793,2,0
4351,298.927,249.987,2,0
4352,574.725,223.621,2,0
4353,480.144,168.005,2,0
4354,198.894,85.622,2,0
4355,546.402,158.572,2,0
4356,586.043,136.266,2,0
4357,521.005,139.305,2,0
4358,79.7987,274.296,2,0
4359,540.928,198.839,2,0
4360,542.22,260.901,2,0
4361,155.117,90.8981,2,0
4362,93.4506,170.034,2,0
4363,586.182,214.515,2,0
4364,484.125,80.5697,2,0
4365,450.658,72.4413,2,0
4366,136.636,210.994,2,0
4367,572.734,131.01,2,0
4368,248.521,273.472,2,0
4369,24.4372,268.806,2,0
4370,222.72,223.404,2,0
4371,90.1072,276.338,2,0
4372,460.343,77.7267,2,0
4373,40.1179,55.4128,2,0
4374,542.761,25.1413,2,0
4375,430.813,55.6506,2,0
4376,555.622,263.555,2,0
4377,400.727,121.447,2,0
4378,344.675,139.981,2,0
4379,18.2324,29.5819,2,0
4380,553.339,15.9543,2,0
4381,27.7366,185.771,2,0
4382,315.523,274.916,2,0
4383,48.299,92.3145,2,0
4384,505.709,52.35,2,0
4385,2.25479,53.0632,2,0
4386,360.662,221.315,2,0
4387,441.488,36.2224,2,0
4388,259.897,256.757,2,0
4389,93.2483,218.731,2,0
4390,209.614,2,2,0
4391,133.857,9.1655,2,0
4392,172.323,290.974,2,0
4393,2.04068,97.5836,2,0
4394,433.303,19.6774,2,0
4395,41.7076,115.1,2,0
4396,306.429,53.6381,2,0
4397,129.843,294.469,2,0
4398,521.559,66.949,2,0
4399,101.625,103.691,2,0
4400,198.172,102.618,2,0
4401,580.733,116.447,2,0
4402,427.155,232.26,2,0
4403,580.639,108.359,2,0
4404,73.5866,11.4191,2,0
4405,496.895,124.546,2,0
4406,458.654,209.544,2,0
4407,178.812,84.3016,2,0
4408,78.6377,270.411,2,0
4409,145.947,179.679,2,0
4410,103.79,15.8256,2,0
4411,503.54,62.937,2,0
4412,539.76,157.616,2,0
4413,241.371,221.967,2,0
4414,599.093,270.187,2,0
4415,396.258,92.2,2,0
4416,577.086,53.0967,2,0
4417,134.332,105.305,2,0
4418,424.709,217.702,2,0
4419,18.3691,263.48,2,0
4420,476.109,179.46,2,0
4421,40.2095,41.2636,2,0
4422,288.713,71.5072,2,0
4423,375.351,30.9502,2,0
4424,455.321,268.661,2,0
4425,423.048,2,2,0
4426,594.477,162.267,2,0
4427,367.409,41.6933,2,0
4428,48.6403,280.291,2,0
4429,64.6381,41.7477,2,0
4430,35.0904,85.9761,2,0
4431,296.63,9.87788,2,0
4432,522.781,251.764,2,0
4433,28.9743,58.0109,2,0
4434,506.776,202.245,2,0
4435,23.8263,65.3099,2,0
4436,367.847,241.759,2,0
4437,522.744,244.753,2,0
4438,86.5054,220.344,2,0
4439,346.706,101.58,2,0
4440,439.303,8.9356,2,0
4441,505.931,112.862,2,0
4442,545.697,209.864,2,0
4443,290.516,13.7072,2,0
4444,416.956,5.36402,2,0
4445,284.156,266.996,2,0
4446,146.928,64.3876,2,0
4447,308.711,118.214,2,0
4448,29.351,12.7378,2,0
4449,367.207,56.5257,2,0
4450,351.8,186.641,2,0
4451,369.454,187.325,2,0
4452,568.974,196.197,2,0
4453,324.817,170.521,2,0
4454,571.927,145.198,2,0
4455,154.003,5.52977,2,0
4456,156.524,59.7046,2,0
4457,401.997,255.502,2,0
4458,116.898,131.602,2,0
4459,52.6785,82.5331,2,0
4460,325.07,55.2168,2,0
4461,348.875,273.342,2,0
4462,326.821,212.65,2,0
4463,77.0382,190.439,2,0
4464,157.462,249.547,2,0
4465,355.984,203.25,2,0
4466,562.73,33.669,2,0
4467,373.857,181.594,2,0
4468,346.993,169.461,2,0
4469,152.917,95.5771,2,0
4470,577.846,39.63,2,0
4471,245.624,2,2,0
4472,296.325,235.585,2,0
4473,73.5771,178.863,2,0
4474,15.3505,156.314,2,0
4475,265.842,181.297,2,0
4476,558.658,105.374,2,0
4477,538.105,231.39,2,0
4478,145.68,235.35,2,0
4479,424.902,254.528,2,0
4480,85.0522,117.324,2,0
4481,259.855,252.629,2,0
4482,274.811,82.906,2,0
4483,420.13,259.656,2,0
4484,400.728,113.335,2,0
4485,234.493,82.3249,2,0
4486,201.623,22.1289,2,0
4487,191.62,153.592,2,0
4488,95.5294,9.01998,2,0
4489,45.9953,250.642,2,0
4490,586.207,34.5274,2,0
4491,339.677,286.728,2,0
4492,167.195,72.8524,2,0
4493,211.152,211.785,2,0
4494,173.024,246.251,2,0
4495,257.139,206.869,2,0
4496,326.152,193.443,2,0
4497,332.166,202.385,2,0
4498,441.994,185.897,2,0
4499,254.114,220.614,2,0
4500,535.818,156.567,2,0
4501,527.473,114.224,2,0
4502,292,254.559,2,0
4503,577.579,84.2074,2,0
4504,182.449,46.1637,2,0
4505,525.142,117.447,2,0
4506,543.213,42.8343,2,0
4507,160.505,127.267,2,0
4508,197.429,207.406,2,0
4509,506.316,158.514,2,0
4510,229.711,262.23,2,0
4511,134.714,125.995,2,0
4512,565.797,2,2,0
4513,359.94,240.362,2,0
4514,356.169,5.44927,2,0
4515,62.9202,169.562,2,0
4516,404.396,119.574,2,0
4517,482.688,158.407,2,0
4518,75.0399,263.841,2,0
4519,597.649,280.247,2,0
4520,144.403,262.858,2,0
4521,451.534,9.03668,2,0
4522,151.248,92.0526,2,0
4523,421.233,32.1838,2,0
4524,97.6873,12.523,2,0
4525,64.4985,202.088,2,0
4526,334.055,80.8165,2,0
4527,508.477,45.7344,2,0
4528,150.854,146.027,2,0
4529,499.431,109.884,2,0
4530,24.7022,150.724,2,0
4531,0.251001,146.632,2,0
4532,415.544,132.579,2,0
4533,548.194,95.9277,2,0
4534,346.239,114.654,2,0
4535,131.854,298,2,0
4536,418.656,222.036,2,0
4537,158.97,153.074,2,0
4538,521.63,210.217,2,0
4539,191.994,81.4034,2,0
4540,62.2365,137.671,2,0
4541,224.376,71.9733,2,0
4542,218.898,267.797,2,0
4543,103.928,185.077,2,0
4544,20.6766,131.488,2,0
4545,449.786,93.1859,2,0
4546,223.346,105.262,2,0
4547,140.288,262.791,2,0
4548,82.7651,248.21,2,0
4549,10.0224,199.684,2,0
4550,162.97,160.064,2,0
4551,164.669,109.166,2,0
4552,64.6778,110.876,2,0
4553,522.543,290.903,2,0
4554,274.068,256.038,2,0
4555,585.903,150.373,2,0
4556,202.285,95.7998,2,0
4557,401.201,82.0244,2,0
4558,364.978,287.351,2,0
4559,64.0225,294.471,2,0
4560,189.628,270.921,2,0
4561,127.826,291.073,2,0
4562,436.744,172.94,2,0
4563,55.8675,69.7795,2,0
4564,215.835,171.817,2,0
4565,403.895,227.04,2,0
4566,421.351,270.25,2,0
4567,56.2656,171.779,2,0
4568,319.267,192.672,2,0
4569,130.118,56.1188,2,0
4570,15.951,93.0649,2,0
4571,266.951,124.368,2,0
4572,43.0569,118.82,2,0
4573,102.725,291.029,2,0
4574,445.304,272.63,2,0
4575,577.229,110.573,2,0
4576,303.489,169.415,2,0
4577,307.188,72.033,2,0
4578,178.296,12.417,2,0
4579,573.897,8.99349,2,0
4580,245.042,139.554,2,0
4581,466.666,226.827,2,0
4582,308.033,147.215,2,0
4583,255.637,151.233,2,0
4584,286.879,146.337,2,0
4585,255.398,66.6997,2,0
4586,5.22239,2,2,0
4587,538.802,290.87,2,0
4588,545.141,174.634,2,0
4589,570.377,159.312,2,0
4590,329.096,56.5217,2,0
4591,197.942,184.643,2,0
4592,548.704,138.088,2,0
4593,538.384,239.356,2,0
4594,315.237,143.517,2,0
4595,41.2558,255.698,2,0
4596,509.386,226.508,2,0
4597,401.558,195.626,2,0
4598,410.827,89.626,2,0
4599,272.434,153.941,2,0
4600,233.04,18.7315,2,0
4601,197.072,177.574,2,0
4602,281.794,99.1637,2,0
4603,589.27,266.281,2,0
4604,543.707,243.942,2,0
4605,114.176,258.704,2,0
4606,26.586,238.123,2,0
4607,111.863,6.07476,2,0
4608,11.5935,78.7012,2,0
4609,541.719,164.443,2,0
4610,91.0441,88.3833,2,0
4611,214.373,168.22,2,0
4612,164.615,134.166,2,0
4613,333.174,194.286,2,0
4614,189.529,201.265,2,0
4615,58.6094,264.732,2,0
4616,334.295,142.981,2,0
4617,581.558,41.0033,2,0
4618,168.828,181.248,2,0
4619,239.154,229.726,2,0
4620,62.7703,180.263,2,0
4621,547.284,201.791,2,0
4622,498.554,120.769,2,0
4623,11.6908,27.0688,2,0
4624,186.396,207.775,2,0
4625,54.321,45.0364,2,0
4626,128.218,13.3169,2,0
4627,66.981,118.708,2,0
4628,409.403,53.7478,2,0
4629,301.752,294.504,2,0
4630,201.701,186.146,2,0
4631,255.154,224.529,2,0
4632,399.7,247.673,2,0
4633,368.731,223.734,2,0
4634,15.9342,275.466,2,0
4635,110.183,123.307,2,0
4636,235.267,118.367,2,0
4637,359.312,113.62,2,0
4638,205.734,156.155,2,0
4639,279.582,298,2,0
4640,196.669,271.418,2,0
4641,442.598,24.0343,2,0
4642,195.64,75.2063,2,0
4643,490.383,279.796,2,0
4644,321.811,72.7711,2,0
4645,125.767,201.582,2,0
4646,174.318,166.401,2,0
4647,594.516,22.5379,2,0
4648,267.736,196.108,2,0
4649,282.092,182.118,2,0
4650,355.016,126.91,2,0
4651,127.242,146.094,2,0
4652,553.256,160.256,2,0
4653,294.555,190.965,2,0
4654,267.039,256.13,2,0
4655,332.398,46.0364,2,0
4656,554.846,273.557,2,0
4657,199.135,25.3879,2,0
4658,300.426,38.7727,2,0
4659,103.252,214.578,2,0
4660,115.305,4.09975,2,0
4661,400.098,154.17,2,0
4662,563.665,48.7995,2,0
4663,101.043,239.925,2,0
4664,309.102,95.0584,2,0
4665,416.909,186.859,2,0
4666,489.522,275.343,2,0
4667,2.30322,2,2,0
4668,331.146,152.964,2,0
4669,275.033,113.739,2,0
4670,191.676,189.767,2,0
4671,172.581,43.5138,2,0
4672,268.157,66.5559,2,0
4673,197.533,229.125,2,0
4674,105.505,110.831,2,0
4675,285.713,294.539,2,0
4676,470.441,30.5064,2,0
4677,481.793,151.403,2,0
4678,300.452,222.82,2,0
4679,482.798,228.32,2,0
4680,580.111,30.0981,2,0
4681,124.104,229.155,2,0
4682,422.418,79.064,2,0
4683,225.772,298,2,0
4684,419,112.715,2,0
4685,181.694,75.1234,2,0
4686,295.422,177.174,2,0
4687,125.07,2.70061,2,0
4688,491.711,164.836,2,0
4689,267.173,277.111,2,0
4690,248.118,158.801,2,0
4691,54.5896,101.099,2,0
4692,53.9236,66.2691,2,0
4693,124.38,180.372,2,0
4694,55.7503,9.72293,2,0
4695,72.1076,287.431,2,0
4696,207.482,270.877,2,0
4697,291.868,282.876,2,0
4698,152.886,156.623,2,0
4699,167.225,12.863,2,0
4700,535.319,136.448,2,0
4701,277.78,37.3187,2,0
4702,530.96,251.465,2,0
4703,595.922,126.287,2,0
4704,34.0994,44.7993,2,0
4705,43.0354,205.295,2,0
4706,138.987,181.184,2,0
4707,550.316,157.429,2,0
4708,534.507,33.7838,2,0
4709,22.6767,161.872,2,0
4710,343.446,267.142,2,0
4711,152.156,19.7489,2,0
4712,361.079,159.62,2,0
4713,141.452,70.2517,2,0
4714,71.3456,257.327,2,0
4715,242.356,172.394,2,0
4716,178.139,114.184,2,0
4717,404.508,263.187,2,0
4718,526.596,283.959,2,0
4719,524.782,140.407,2,0
4720,441.899,294.493,2,0
4721,542.19,46.5956,2,0
4722,134.358,259.274,2,0
4723,235.741,75.2924,2,0
4724,492.329,9.07154,2,0
4725,592.269,124.445,2,0
4726,28.0248,139.335,2,0
4727,232.911,22.7729,2,0
4728,569.691,9.03049,2,0
4729,502.257,28.0342,2,0
4730,577.586,122.675,2,0
4731,63.731,133.921,2,0
4732,123.661,143.983,2,0
4733,332.242,229.448,2,0
4734,301.384,78.8211,2,0
4735,107.375,261.654,2,0
4736,162.1,123.719,2,0
4737,217.244,55.7372,2,0
4738,361.018,287.34,2,0
4739,415.359,183.187,2,0
4740,595.76,298,2,0
4741,588.043,5.51257,2,0
4742,339.658,104.224,2,0
4743,13.1951,12.4477,2,0
4744,558.808,32.4497,2,0
4745,206.145,77.5849,2,0
4746,513.66,86.2141,2,0
4747,507.328,141.29,2,0
4748,477.618,26.5303,2,0
4749,184.183,261.248,2,0
4750,348.582,28.6616,2,0
4751,321.677,159.908,2,0
4752,143.76,172.909,2,0
4753,510.623,119.242,2,0
4754,418.584,190.502,2,0
4755,359.491,210.59,2,0
4756,411.252,24.86,2,0
4757,44.4027,258.559,2,0
4758,458.466,247.291,2,0
4759,325.48,15.5101,2,0
4760,21.3732,172.617,2,0
4761,256.307,126.049,2,0
4762,160.834,35.926,2,0
4763,162.777,18.6648,2,0
4764,357.975,48.1937,2,0
4765,251.094,9.56795,2,0
4766,2.85166,163.26,2,0
4767,284.59,9.08554,2,0
4768,269.331,294.565,2,0
4769,320.167,239.029,2,0
4770,502.204,243.851,2,0
4771,462.444,170.041,2,0
4772,343.864,111.258,2,0
4773,318.621,196.695,2,0
4774,165.8,183.887,2,0
4775,243.732,17.2153,2,0
4776,49.8003,66.2348,2,0
4777,83.3585,231.085,2,0
4778,350.697,136.872,2,0
4779,175.905,222.205,2,0
4780,1.46911,187.983,2,0
4781,417.212,125.693,2,0
4782,385.207,280.339,2,0
4783,575.341,291.029,2,0
4784,311.954,27.3023,2,0
4785,111.593,10.0328,2,0
4786,35.0751,287.374,2,0
4787,58.3756,45.2831,2,0
4788,532.957,37.5887,2,0
4789,314.739,5.54807,2,0
4790,567.951,58.7251,2,0
4791,20.0133,224.992,2,0
4792,576.661,259.086,2,0
4793,169.099,139.399,2,0
4794,305.469,64.0746,2,0
4795,59.9394,287.365,2,0
4796,83.4142,222.994,2,0
4797,274.91,126.107,2,0
4798,290.046,152.57,2,0
4799,262.972,277.008,2,0
4800,31.4097,141.502,2,0
4801,56.7413,203.772,2,0
4802,581.497,252.539,2,0
4803,169.385,65.1536,2,0
4804,278.074,205.065,2,0
4805,64.7686,140.94,2,0
4806,542.761,160.388,2,0
4807,523.004,88.4683,2,0
4808,257.144,74.7178,2,0
4809,446.747,176.018,2,0
4810,543.412,225.149,2,0
4811,464.003,138.913,2,0
4812,255.02,159.438,2,0
4813,61.9928,291.068,2,0
4814,266.327,192.282,2,0
4815,456.992,85.0161,2,0
4816,483.638,213.7,2,0
4817,65.1328,187.647,2,0
4818,511.389,96.8641,2,0
4819,481.143,61.697,2,0
4820,251.075,165.088,2,0
4821,332.315,14.5926,2,0
4822,243.484,165.572,2,0
4823,528.657,141.701,2,0
4824,57.9121,290.977,2,0
4825,418.049,156.054,2,0
4826,226.136,64.0433,2,0
4827,543.825,109.815,2,0
4828,113.566,195.333,2,0
4829,124.803,214.584,2,0
4830,71.7238,261.343,2,0
4831,201.186,8.94908,2,0
4832,425.159,5.50856,2,0
4833,568.489,78.4612,2,0
4834,137.62,152.367,2,0
4835,377.155,280.208,2,0
4836,321.124,89.1716,2,0
4837,387.799,245.289,2,0
4838,137.568,194.516,2,0
4839,14.4409,246.226,2,0
4840,481.465,174.8,2,0
4841,436.913,247.249,2,0
4842,393.449,29.9648,2,0
4843,529.17,171.963,2,0
4844,22.9495,180.539,2,0
4845,477.422,175.666,2,0
4846,469.998,12.6059,2,0
4847,520.594,9.08239,2,0
4848,526.778,100.862,2,0
4849,148.655,102.654,2,0
4850,166.121,20.843,2,0
4851,286.754,50.3174,2,0
4852,412.917,12.5931,2,0
4853,175.88,180.102,2,0
4854,563.795,144.566,2,0
4855,259.162,225.467,2,0
4856,228.836,193.702,2,0
4857,292.26,235.291,2,0
4858,568.131,100.115,2,0
4859,297.889,286.476,2,0
4860,177.817,277.416,2,0
4861,79.9843,240.599,2,0
4862,170.207,46.9417,2,0
4863,298.426,76.0566,2,0
4864,582.303,206.483,2,0
4865,132.739,94.8274,2,0
4866,496.549,37.2764,2,0
4867,310.491,203.97,2,0
4868,314.095,167.824,2,0
4869,577.923,2,2,0
4870,247.709,88.1539,2,0
4871,524.028,63.7553,2,0
4872,411.562,276.809,2,0
4873,81.4902,210.124,2,0
4874,324.773,245.813,2,0
4875,516.377,273.222,2,0
4876,431.159,59.7247,2,0
4877,15.4866,204.187,2,0
4878,71.1865,94.4844,2,0
4879,289.952,156.666,2,0
4880,32.3606,153.688,2,0
4881,368.144,120.225,2,0
4882,599.375,50.3635,2,0
4883,400.828,208.399,2,0
4884,549.015,237.647,2,0
4885,590.184,143.433,2,0
4886,297.257,246.382,2,0
4887,116.62,285.327,2,0
4888,290.881,249.139,2,0
4889,122.851,280.137,2,0
4890,369.344,273.028,2,0
4891,19.2386,76.1508,2,0
4892,271.72,197.017,2,0
4893,361.024,280.365,2,0
4894,249.252,72.1909,2,0
4895,291.692,298,2,0
4896,504.149,116.524,2,0
4897,64.9623,273.422,2,0
4898,379.999,164.148,2,0
4899,236.699,17.0263,2,0
4900,478.657,140.924,2,0
4901,279.387,240.909,2,0
4902,109.248,73.8284,2,0
4903,8.88118,237.098,2,0
4904,230.425,81.4743,2,0
4905,261.722,36.1976,2,0
4906,595.028,190.614,2,0
4907,44.2519,194.675,2,0
4908,365.068,122.838,2,0
4909,581.988,243.508,2,0
4910,489.819,194.37,2,0
4911,536.011,82.8992,2,0
4912,518.449,298,2,0
4913,211.667,265.19,2,0
4914,493.918,243.262,2,0
4915,166.864,259.403,2,0
4916,390.383,27.3388,2,0
4917,492.725,35.6232,2,0
4918,170.056,75.8372,2,0
4919,239.582,76.4228,2,0
4920,76.8657,204.926,2,0
4921,177.309,169.115,2,0
4922,393.39,85.8061,2,0
4923,478.854,182.508,2,0
4924,454.658,102.195,2,0
4925,428.326,272,2,0
4926,482.15,5.45144,2,0
4927,479.059,193.24,2,0
4928,569.933,40.2955,2,0
4929,499.913,165.466,2,0
4930,293.991,29.8454,2,0
4931,182.435,112.63,2,0
4932,47.9344,103.107,2,0
4933,380.07,138.979,2,0
4934,584.711,130.486,2,0
4935,6.48731,209.928,2,0
4936,31.4732,2,2,0
4937,320.892,68.8157,2,0
4938,134.629,130.173,2,0
4939,382.19,159.144,2,0
4940,34.1145,230.107,2,0
4941,164.568,162.131,2,0
4942,160.72,177.843,2,0
4943,365.274,64.8285,2,0
4944,397.933,265.464,2,0
4945,410.356,93.6904,2,0
4946,267.606,216.673,2,0
4947,190.016,213.948,2,0
4948,337.7,63.1207,2,0
4949,445.435,12.4772,2,0
4950,539.376,224.421,2,0
4951,191.077,172.274,2,0
4952,123.041,6.11807,2,0
4953,195.398,294.542,2,0
4954,445.639,62.4765,2,0
4955,271.782,178.905,2,0
4956,222.374,90.6467,2,0
4957,314.111,70.2289,2,0
4958,498.226,284,2,0
4959,311.438,149.423,2,0
4960,87.2075,44.3798,2,0
4961,246.454,196.258,2,0
4962,16.5571,167.225,2,0
4963,497.51,181.807,2,0
4964,97.2195,276.037,2,0
4965,253.85,27.8811,2,0
4966,269.562,132.158,2,0
4967,507.002,229.889,2,0
4968,43.4843,9.10948,2,0
4969,55.3408,278.396,2,0
4970,115.201,83.2227,2,0
4971,250.92,13.5478,2,0
4972,490.726,46.2447,2,0
4973,186.02,44.058,2,0
4974,293.746,66.4212,2,0
4975,22.7633,239.428,2,0
4976,523.561,37.4442,2,0
4977,350.864,216.899,2,0
4978,459.819,255.329,2,0
4979,273.565,48.8551,2,0
4980,331.925,110.83,2,0
4981,595.139,253.006,2,0
4982,249.052,2,2,0
4983,9.81294,41.4771,2,0
4984,45.921,147.609,2,0
4985,217.514,30.9838,2,0
4986,21.1289,298,2,0
4987,574.701,97.907,2,0
4988,4.35612,139.173,2,0
4989,44.9894,239.839,2,0
4990,291.464,176.231,2,0
4991,521.575,143.249,2,0
4992,115.631,241.074,2,0
4993,354.195,46.4422,2,0
4994,115.526,188.596,2,0
4995,62.5157,265.65,2,0
4996,584.471,81.9672,2,0
4997,24.534,137.478,2,0
4998,233.952,125.36,2,0
4999,408.043,76.3432,2,0
5000,268.284,8.99329,2,0
5001,18.763,160.612,2,0
5002,310.406,250.406,2,0
5003,561.926,260.819,2,0
5004,542.065,232.306,2,0
5005,214.069,257.107,2,0
5006,239.64,6.88367,2,0
5007,147.231,245.829,2,0
5008,509.985,169.652,2,0
5009,393.049,109.576,2,0
5010,488.913,87.4008,2,0
5011,140.333,225.17,2,0
5012,40.3675,79.8407,2,0
5013,76.9378,63.5976,2,0
5014,575.976,163.551,2,0
5015,105.62,226.561,2,0
5016,51.0544,178.114,2,0
5017,336.017,146.458,2,0
5018,277.683,287.353,2,0
5019,46.5715,261.859,2,0
5020,1.37757,216.319,2,0
5021,75.5005,259.791,2,0
5022,170.417,61.1408,2,0
5023,194.051,183.113,2,0
5024,599.225,120.111,2,0
5025,270.794,98.6661,2,0
5026,570.511,21.0351,2,0
5027,553.022,287.407,2,0
5028,570.179,67.2405,2,0
5029,109.987,131.392,2,0
5030,95.6817,80.362,2,0
5031,415.471,261.93,2,0
5032,591.761,211.375,2,0
5033,78.3173,67.4474,2,0
5034,68.0138,276.043,2,0
5035,298.608,5.57165,2,0
5036,375.101,69.2031,2,0
5037,483.002,262.278,2,0
5038,452.617,85.4334,2,0
5039,126.069,266.227,2,0
5040,218.97,151.003,2,0
5041,397.372,287.385,2,0
5042,26.9514,61.4619,2,0
5043,403.477,283.875,2,0
5044,584.424,118.369,2,0
5045,593.616,169.204,2,0
5046,530.045,229.919,2,0
5047,589.156,97.4688,2,0
5048,113.145,210.497,2,0
5049,347.055,108.551,2,0
5050,425.632,87.9468,2,0
5051,213.608,2,2,0
5052,145.313,71.1631,2,0
5053,17.8897,40.2917,2,0
5054,85.9538,15.5301,2,0
5055,230.479,141.794,2,0
5056,522.381,95.4523,2,0
5057,202.229,32.8739,2,0
5058,12.6701,232.399,2,0
5059,321.761,298,2,0
5060,469.94,34.5943,2,0
5061,135.98,76.3559,2,0
5062,538.805,283.663,2,0
5063,476.211,43.4377,2,0
5064,343.986,147.205,2,0
5065,553.675,89.8347,2,0
5066,544.179,167.611,2,0
5067,33.5612,92.7108,2,0
5068,516.175,167.934,2,0
5069,530.863,153.62,2,0
5070,265.566,234.484,2,0
5071,561.873,80.7115,2,0
5072,329.954,60.4399,2,0
5073,444.623,153.705,2,0
5074,404.158,174.812,2,0
5075,465.86,149.893,2,0
5076,398.136,254.668,2,0
5077,83.0037,218.053,2,0
5078,407.978,146.833,2,0
5079,107.029,215.989,2,0
5080,437.835,232.607,2,0
5081,67.7981,2,2,0
5082,134.351,252.269,2,0
5083,372.345,167.108,2,0
5084,408.219,153.727,2,0
5085,38.1589,37.7738,2,0
5086,412.045,139.734,2,0
5087,502.454,12.5674,2,0
5088,489.695,114.645,2,0
5089,217.679,290.85,2,0
5090,79.9195,31.8196,2,0
5091,351.451,245.051,2,0
5092,154.238,217.265,2,0
5093,25.4101,13.4784,2,0
5094,240.399,273.602,2,0
5095,354.104,170.507,2,0
5096,165.097,156.625,2,0
5097,504.102,40.1772,2,0
5098,194.215,109.151,2,0
5099,504.232,24.5364,2,0
5100,535.741,174.62,2,0
5101,345.361,31.1662,2,0
5102,188.618,278.899,2,0
5103,415.944,49.1084,2,0
5104,327.98,235.446,2,0
5105,89.7815,252.052,2,0
5106,304.858,141.074,2,0
5107,423.52,139.226,2,0
5108,286.378,158.579,2,0
5109,590.529,71.0134,2,0
5110,529.189,233.764,2,0
5111,440.014,244.642,2,0
5112,488.637,232.311,2,0
5113,160.727,196.798,2,0
5114,499.765,61.3377,2,0
5115,100.411,168.536,2,0
5116,459.903,27.5902,2,0
5117,113.346,294.628,2,0
5118,541.745,130.785,2,0
5119,188.634,274.802,2,0
5120,422.567,44.3652,2,0
5121,453.634,203.423,2,0
5122,37.4077,12.6349,2,0
5123,62.5138,255.04,2,0
5124,441.877,287.282,2,0
5125,277.775,182.352,2,0
5126,84.2886,47.2696,2,0
5127,599.257,155.811,2,0
5128,291.549,22.173,2,0
5129,344.386,273.687,2,0
5130,56.5692,229.109,2,0
5131,550.534,172.117,2,0
5132,197.381,180.75,2,0
5133,409.504,101.654,2,0
5134,475.341,204.822,2,0
5135,307.943,278.578,2,0
5136,556.145,97.6439,2,0
5137,313.895,85.4194,2,0
5138,5.16186,229.094,2,0
5139,400.658,12.5604,2,0
5140,9.15871,255.506,2,0
5141,264.44,30.8545,2,0
5142,588.378,193.088,2,0
5143,397.767,80.3762,2,0
5144,0.91778,205.571,2,0
5145,540.11,83.5284,2,0
5146,544.286,39.1604,2,0
5147,22.6416,195.135,2,0
5148,14.2613,30.0791,2,0
5149,295.586,23.1641,2,0
5150,211.814,189.391,2,0
5151,366.08,81.5566,2,0
5152,282.042,27.2433,2,0
5153,366.658,146.016,2,0
5154,164.646,202.905,2,0
5155,280.759,108.574,2,0
5156,9.01512,178.31,2,0
5157,587.523,283.939,2,0
5158,310.164,177.559,2,0
5159,497.996,102.63,2,0
5160,414.087,150.338,2,0
5161,437.822,95.9464,2,0
5162,116.276,12.1905,2,0
5163,521.611,60.5089,2,0
5164,152.551,263.029,2,0
5165,341.001,212.395,2,0
5166,248.577,113.729,2,0
5167,165.791,250.006,2,0
5168,91.1171,121.201,2,0
5169,567.53,23.7706,2,0
5170,178.184,64.3626,2,0
5171,91.3075,113.969,2,0
5172,78.907,28.0006,2,0
5173,112.023,100.519,2,0
5174,553.614,277.521,2,0
5175,77.7544,150.481,2,0
5176,547.883,145.333,2,0
5177,228.4,229.103,2,0
5178,169.12,156.79,2,0
5179,475.433,245.352,2,0
5180,370.981,109.529,2,0
5181,432.769,224.181,2,0
5182,74.1879,290.982,2,0
5183,538.773,19.5075,2,0
5184,143.038,91.6879,2,0
5185,54.2886,52.2551,2,0
5186,423.604,203.653,2,0
5187,164.359,10.0702,2,0
5188,467.384,206.716,2,0
5189,472.154,138.067,2,0
5190,577.455,287.576,2,0
5191,486.068,205.93,2,0
5192,303.62,50.6561,2,0
5193,270.824,270.415,2,0
5194,371.971,150.457,2,0
5195,393.807,264.65,2,0
5196,247.011,242.292,2,0
5197,54.9066,157.107,2,0
5198,579.924,146.328,2,0
5199,399.877,191.898,2,0
5200,203.733,241.756,2,0
5201,92.0562,147.948,2,0
5202,9.38344,159.842,2,0
5203,145.317,52.6554,2,0
5204,561.987,41.891,2,0
5205,293.512,81.0696,2,0
5206,20.8874,135.477,2,0
5207,533.52,86.2486,2,0
5208,375.786,49.3901,2,0
5209,56.2873,152.911,2,0
5210,179.479,175.901,2,0
5211,445.966,26.3822,2,0
5212,527.667,133.493,2,0
5213,33.6427,258.153,2,0
5214,301.122,228.911,2,0
5215,241.945,150.046,2,0
5216,320.209,184.352,2,0
5217,421.992,40.3903,2,0
5218,113.129,141.659,2,0
5219,241.183,251.418,2,0
5220,304.632,2,2,0
5221,358.228,191.635,2,0
5222,561.993,194.417,2,0
5223,358.482,224.823,2,0
5224,199.711,196.756,2,0
5225,447.781,44.9316,2,0
5226,538.046,220.487,2,0
5227,427.513,242.572,2,0
5228,2.93512,125.994,2,0
5229,252.409,259.433,2,0
5230,489.896,150.771,2,0
5231,429.778,114.663,2,0
5232,214.014,49.011,2,0
5233,444.604,192.348,2,0
5234,346.91,16.6899,2,0
5235,184.588,15.8644,2,0
5236,471.119,22.3349,2,0
5237,560.798,45.8893,2,0
5238,358.717,187.649,2,0
5239,143.903,78.0535,2,0
5240,164.488,61.0488,2,0
5241,253.813,231.545,2,0
5242,5.30135,256.854,2,0
5243,101.78,88.0779,2,0
5244,210.059,59.4215,2,0
5245,365.552,221.046,2,0
5246,32.0445,48.2566,2,0
5247,497.153,225.783,2,0
5248,28.9765,20.5715,2,0
5249,422.242,130.807,2,0
5250,420.028,108.764,2,0
5251,16.2364,73.4619,2,0
5252,45.8471,283.401,2,0
5253,338.976,5.46328,2,0
5254,337.01,157.034,2,0
5255,170.792,147.253,2,0
5256,38.201,44.8097,2,0
5257,497.719,45.2482,2,0
5258,490.342,121.629,2,0
5259,471.399,87.6271,2,0
5260,354.387,110.896,2,0
5261,45.0507,106.114,2,0
5262,354.998,11.5748,2,0
5263,32.533,190.986,2,0
5264,284.181,120.413,2,0
5265,60.7779,109.869,2,0
5266,226.016,298,2,0
5267,440.537,44.3647,2,0
5268,461.828,46.0384,2,0
5269,343.66,19.1452,2,0
5270,162.288,169.923,2,0
5271,288.743,25.1147,2,0
5272,83.3716,2,2,0
5273,138.148,177.364,2,0
5274,511.047,230.156,2,0
5275,223.479,162.267,2,0
5276,532.007,138.971,2,0
5277,54.5166,263.862,2,0
5278,228.622,155.966,2,0
5279,373.692,143.797,2,0
5280,336.232,16.1153,2,0
5281,11.5327,203.5,2,0
5282,135.673,198.13,2,0
5283,403.35,298,2,0
5284,439.773,298,2,0
5285,200.916,223.18,2,0
5286,109.762,5.54457,2,0
5287,60.2513,239.88,2,0
5288,414.837,223.168,2,0
5289,50.0378,273.524,2,0
5290,213.334,44.6247,2,0
5291,281.149,226.724,2,0
5292,40.2528,34.254,2,0
5293,56.025,257.105,2,0
5294,332.052,290.241,2,0
5295,35.447,188.168,2,0
5296,29.956,179.101,2,0
5297,281.769,38.1932,2,0
5298,389.544,68.3564,2,0
5299,485.106,108.028,2,0
5300,279.293,217.106,2,0
5301,357.139,75.1033,2,0
5302,265.553,149.575,2,0
5303,583.844,182.11,2,0
5304,595.595,118.213,2,0
5305,507.388,126.766,2,0
5306,431.224,104.439,2,0
5307,252.597,273.593,2,0
5308,533.29,262.102,2,0
5309,114.62,90.2006,2,0
5310,355.518,155.324,2,0
5311,441.297,5.41029,2,0
5312,451.768,141.059,2,0
5313,379.7,215.631,2,0
5314,373.121,235.473,2,0
5315,499.333,254.145,2,0
5316,26.5022,17.2783,2,0
5317,569.478,16.9337,2,0
5318,261.988,160.059,2,0
5319,413.445,280.328,2,0
5320,510.473,12.596,2,0
5321,195.353,99.8924,2,0
5322,272.571,53.7138,2,0
5323,358.016,199.724,2,0
5324,87.3998,106.672,2,0
5325,35.0051,68.8314,2,0
5326,510.595,268.888,2,0
5327,144.069,291.076,2,0
5328,272.927,76.1393,2,0
5329,84.6795,163.662,2,0
5330,508.95,49.9005,2,0
5331,599.896,132.489,2,0
5332,448.913,32.7565,2,0
5333,511.722,196.83,2,0
5334,538.699,153.755,2,0
5335,216.426,41.6794,2,0
5336,88.2882,48.3354,2,0
5337,32.4179,210.136,2,0
5338,469.045,84.2733,2,0
5339,20.0168,183.263,2,0
5340,404.758,111.446,2,0
5341,25.1183,21.2044,2,0
5342,101.406,117.72,2,0
5343,575.994,68.1027,2,0
5344,200.234,147.34,2,0
5345,484.73,100.738,2,0
5346,75.2783,41.5133,2,0
5347,409.389,294.48,2,0
5348,561.819,209.162,2,0
5349,56.1316,62.8223,2,0
5350,35.9207,55.3546,2,0
5351,140.564,135.841,2,0
5352,308.49,61.4026,2,0
5353,486.405,122.048,2,0
5354,136.503,248.651,2,0
5355,522.639,237.754,2,0
5356,50.1455,59.0744,2,0
5357,50.2551,188.932,2,0
5358,359.51,59.1651,2,0
5359,475.109,194.114,2,0
5360,138.37,259.301,2,0
5361,30.6212,112.824,2,0
5362,299.336,72.0836,2,0
5363,141.593,194.361,2,0
5364,403.414,205.325,2,0
5365,451.324,213.919,2,0
5366,450.451,112.173,2,0
5367,287.036,216.634,2,0
5368,306.514,47.6365,2,0
5369,518.397,269.81,2,0
5370,248.53,68.2817,2,0
5371,400.161,174.142,2,0
5372,549.132,15.9714,2,0
5373,116.422,247.852,2,0
5374,424.479,91.8036,2,0
5375,265.098,166.385,2,0
5376,222.596,238.101,2,0
5377,10.9659,45.3877,2,0
5378,199.642,278.242,2,0
5379,525.966,60.1732,2,0
5380,338.857,298,2,0
5381,190.997,142.325,2,0
5382,204.009,19.0258,2,0
5383,465.336,264.597,2,0
5384,380.317,12.5336,2,0
5385,49.7176,174.025,2,0
5386,508.509,9.04368,2,0
5387,186.606,180.263,2,0
5388,207.824,142.402,2,0
5389,359.856,33.5752,2,0
5390,177.617,269.426,2,0
5391,579.839,56.0626,2,0
5392,361.402,244.145,2,0
5393,73.3224,157.167,2,0
5394,134.283,26.6903,2,0
5395,544.216,264.511,2,0
5396,118.147,266.797,2,0
5397,53.4476,259.904,2,0
5398,335.636,174.053,2,0
5399,375.053,37.9213,2,0
5400,571.272,284.098,2,0
5401,146.014,287.528,2,0
5402,277.486,280.377,2,0
5403,573.83,39.2968,2,0
5404,356.439,254.526,2,0
5405,200.339,200.758,2,0
5406,462.942,33.9489,2,0
5407,517.503,60.9939,2,0
5408,208.199,231.592,2,0
5409,39.4407,189.368,2,0
5410,401.339,22.6841,2,0
5411,134.115,154.337,2,0
5412,592.329,47.9251,2,0
5413,372.737,125.442,2,0
5414,471.948,94.8028,2,0
5415,165.866,53.8662,2,0
5416,584.684,16.4714,2,0
5417,353.681,206.534,2,0
5418,425.415,72.6648,2,0
5419,525.971,40.6959,2,0
5420,216.803,164.915,2,0
5421,450.791,287.044,2,0
5422,252.67,103.615,2,0
5423,467.879,237.713,2,0
5424,144.492,255.922,2,0
5425,579.997,163.907,2,0
5426,330.716,160.087,2,0
5427,304.245,96.0988,2,0
5428,89.1883,56.2328,2,0
5429,132.291,12.7102,2,0
5430,429.954,97.7398,2,0
5431,97.479,110.523,2,0
5432,68.4004,55.7816,2,0
5433,429.602,294.52,2,0
5434,393.86,150.852,2,0
5435,545.597,98.9289,2,0
5436,21.0993,21.8385,2,0
5437,226.05,9.12673,2,0
5438,287.748,60.9518,2,0
5439,43.8027,158.314,2,0
5440,187.327,173.378,2,0
5441,175.877,214.208,2,0
5442,437.558,251.298,2,0
5443,368.128,203.795,2,0
5444,492.292,23.0039,2,0
5445,16.3847,226.69,2,0
5446,354.663,247.744,2,0
5447,335.55,38.6771,2,0
5448,174.634,194.525,2,0
5449,268.369,117.523,2,0
5450,441.089,119.274,2,0
5451,225.527,226.231,2,0
5452,90.3344,280.477,2,0
5453,393.19,239.111,2,0
5454,150.208,287.495,2,0
5455,346.885,196.233,2,0
5456,412.025,265.292,2,0
5457,401.805,177.924,2,0
5458,60.2018,161.819,2,0
5459,142.798,118.567,2,0
5460,421.038,12.5653,2,0
5461,408.45,45.6661,2,0
5462,305.455,43.8402,2,0
5463,70.809,154.07,2,0
5464,322.776,12.5638,2,0
5465,200.835,235.231,2,0
5466,338.769,86.0155,2,0
5467,199.912,123.73,2,0
5468,177.688,273.482,2,0
5469,504.366,215.251,2,0
5470,546.88,298,2,0
5471,261.669,12.0902,2,0
5472,172.6,182.503,2,0
5473,330.299,25.0286,2,0
5474,261.228,20.1852,2,0
5475,328.834,227.218,2,0
5476,188.913,2,2,0
5477,14.4066,47.4469,2,0
5478,32.7818,262.175,2,0
5479,532.551,143.077,2,0
5480,123.34,198.947,2,0
5481,132.497,168.142,2,0
5482,536.811,287.358,2,0
5483,149.297,182.091,2,0
5484,187.291,23.5,2,0
5485,78.1342,38.7265,2,0
5486,456.296,29.3081,2,0
5487,344.551,263.377,2,0
5488,508.564,145.195,2,0
5489,374.398,133.374,2,0
5490,153.507,249.532,2,0
5491,99.8414,70.2438,2,0
5492,452.984,162.559,2,0
5493,396.839,184.484,2,0
5494,559.554,68.3837,2,0
5495,154.603,39.0558,2,0
5496,321.224,291.65,2,0
5497,93.5611,103.507,2,0
5498,419.195,133.452,2,0
5499,159.811,255.558,2,0
5500,275.055,199.47,2,0
5501,333.688,262.541,2,0
5502,439.243,240.518,2,0
5503,192.153,77.2796,2,0
5504,460.388,119.122,2,0
5505,472.996,223.973,2,0
5506,410.336,246.383,2,0
5507,475.948,119.613,2,0
5508,594.228,9.29159,2,0
5509,237.494,202.444,2,0
5510,42.3302,30.7328,2,0
5511,466.25,245.079,2,0
5512,322.292,279.436,2,0
5513,54.3647,128.149,2,0
5514,10.6137,284.533,2,0
5515,128.304,39.3919,2,0
5516,116.852,135.692,2,0
5517,230.341,250.518,2,0
5518,483.226,129.657,2,0
5519,265.947,174.318,2,0
5520,427.909,257.258,2,0
5521,67.6236,219.859,2,0
5522,578.26,142.02,2,0
5523,98.6467,160.692,2,0
5524,313.168,66.45,2,0
5525,542.975,91.243,2,0
5526,253.149,2,2,0
5527,168.329,29.3013,2,0
5528,554.562,54.4802,2,0
5529,378.619,135.233,2,0
5530,38.8691,23.4354,2,0
5531,373.083,224.707,2,0
5532,232.088,145.64,2,0
5533,410.027,257.183,2,0
5534,456.341,78.0448,2,0
5535,460.392,23.482,2,0
5536,557.789,211.693,2,0
5537,96.8806,255.841,2,0
5538,265.143,78.468,2,0
5539,9.38889,222.244,2,0
5540,513.459,112.956,2,0
5541,288.246,208.565,2,0
5542,143.725,232.099,2,0
5543,571.979,163.038,2,0
5544,484.24,154.679,2,0
5545,121.594,287.394,2,0
5546,519.47,176.466,2,0
5547,389.943,116.059,2,0
5548,101.719,244.37,2,0
5549,486.289,26.4834,2,0
5550,552.311,136.509,2,0
5551,100.491,261.955,2,0
5552,23.9447,121.259,2,0
5553,483.554,246.098,2,0
5554,389.139,273.573,2,0
5555,575.349,72.0873,2,0
5556,78.4702,129.084,2,0
5557,355.562,58.0356,2,0
5558,417.006,30.7163,2,0
5559,91.5675,8.9052,2,0
5560,513.147,172.152,2,0
5561,474.063,28.7339,2,0
5562,180.398,105.991,2,0
5563,537.48,209.779,2,0
5564,148.277,42.2422,2,0
5565,133.285,221.141,2,0
5566,170.033,143.314,2,0
5567,354.421,193.167,2,0
5568,113.766,111.14,2,0
5569,520.599,224.619,2,0
5570,158.213,287.516,2,0
5571,399.311,298,2,0
5572,49.8565,298,2,0
5573,595.627,276.846,2,0
5574,268.436,15.9931,2,0
5575,52.8595,237.905,2,0
5576,553.794,211.261,2,0
5577,191.373,294.426,2,0
5578,482.176,12.4948,2,0
5579,44.9102,162.748,2,0
5580,254.287,171.964,2,0
5581,284.705,253.924,2,0
5582,403.364,259.355,2,0
5583,554.969,284.023,2,0
5584,363.458,114.889,2,0
5585,493.078,106.944,2,0
5586,392.596,56.5386,2,0
5587,420.856,62.882,2,0
5588,222.35,169.306,2,0
5589,337.323,188.57,2,0
5590,136.018,108.805,2,0
5591,177.345,261.341,2,0
5592,412.697,51.5442,2,0
5593,23.6303,222.904,2,0
5594,176.642,173.029,2,0
5595,593.664,280.311,2,0
5596,482.568,276.968,2,0
5597,352.345,182.528,2,0
5598,422.26,40.2839,2,0
5599,280.075,119.803,2,0
5600,393.782,117.754,2,0
5601,137.172,2,2,0
5602,214.684,239.536,2,0
5603,363.357,88.3193,2,0
5604,176.994,154.467,2,0
5605,22.9043,276.786,2,0
5606,247.067,185.024,2,0
5607,331.585,206.325,2,0
5608,140.122,204.966,2,0
5609,500.47,23.1164,2,0
5610,483.578,73.6511,2,0
5611,204.6,42.2578,2,0
5612,360.474,175.524,2,0
5613,70.0909,298,2,0
5614,365.865,126.84,2,0
5615,158.424,79.0327,2,0
5616,302.567,258.049,2,0
5617,83.6837,8.87212,2,0
5618,362.36,260.253,2,0
5619,435.237,128.223,2,0
5620,450.515,82.0497,2,0
5621,226.397,190.62,2,0
5622,335.6,12.1457,2,0
5623,583.242,199.517,2,0
5624,95.4739,163.289,2,0
5625,570.257,177.05,2,0
5626,262.084,48.5369,2,0
5627,239.996,23.2276,2,0
5628,487.676,165.453,2,0
5629,297.495,65.3095,2,0
5630,96.8633,201.536,2,0
5631,86.3354,258.146,2,0
5632,509.621,134.287,2,0
5633,275.653,160.239,2,0
5634,196.698,163.006,2,0
5635,228.944,177.908,2,0
5636,224.544,280.599,2,0
5637,5.68103,221.006,2,0
5638,151.587,56.241,2,0
5639,280.216,45.079,2,0
5640,424.045,258.462,2,0
5641,375.56,269.501,2,0
5642,305.952,287.483,2,0
5643,442.067,127.365,2,0
5644,242.537,277.043,2,0
5645,581.703,84.9848,2,0
5646,539.201,73.0416,2,0
5647,297.348,94.5331,2,0
5648,240.208,205.32,2,0
5649,557.187,237.248,2,0
5650,563.019,125.734,2,0
5651,511.933,100.901,2,0
5652,314.436,287.065,2,0
5653,561.474,213.25,2,0
5654,415.505,45.0439,2,0
5655,96.7371,251.825,2,0
5656,259.384,101.314,2,0
5657,229.973,159.723,2,0
5658,517.673,137.159,2,0
5659,576.657,202.192,2,0
5660,238.503,53.1917,2,0
5661,233.781,48.1651,2,0
5662,400.993,251.601,2,0
5663,219.74,19.6152,2,0
5664,200.462,215.246,2,0
5665,423.166,119.465,2,0
5666,537.197,125.798,2,0
5667,555.302,5.49995,2,0
5668,239.196,259.07,2,0
5669,443.091,73.0135,2,0
5670,56.0718,182.699,2,0
5671,145.315,19.1251,2,0
5672,587.969,116.339,2,0
5673,502.381,5.40687,2,0
5674,310.291,173.576,2,0
5675,389.62,112.075,2,0
5676,133.066,53.321,2,0
5677,188.495,87.4848,2,0
5678,407.576,205.194,2,0
5679,526.681,5.54643,2,0
5680,562.71,18.8032,2,0
5681,127.466,133.879,2,0
5682,566.734,96.2423,2,0
5683,112.846,283.572,2,0
5684,267.221,264.37,2,0
5685,320.108,50.0486,2,0
5686,272.145,139.788,2,0
5687,353.501,174.525,2,0
5688,394.693,198.436,2,0
5689,166.726,102.174,2,0
5690,572.569,173.694,2,0
5691,264.239,2,2,0
5692,484.148,2,2,0
5693,12.7429,235.732,2,0
5694,306.018,239.988,2,0
5695,82.6572,17.8116,2,0
5696,469.862,5.5184,2,0
5697,405.538,208.67,2,0
5698,296.569,165.08,2,0
5699,584.632,175.103,2,0
5700,223.521,234.145,2,0
5701,496.173,294.564,2,0
5702,227.16,60.113,2,0
5703,118.251,37.2015,2,0
5704,289.692,160.706,2,0
5705,572.115,90.2353,2,0
5706,6.20083,31.378,2,0
5707,74.9114,219.542,2,0
5708,354.313,122.844,2,0
5709,371.404,136.102,2,0
5710,518.705,244.711,2,0
5711,315.527,147.639,2,0
5712,129.885,202.363,2,0
5713,144.459,168.931,2,0
5714,332.198,125.579,2,0
5715,221.249,227.175,2,0
5716,313.857,206.424,2,0
5717,69.5895,177.972,2,0
5718,164.615,176.683,2,0
5719,502.426,81.5611,2,0
5720,332.885,246.796,2,0
5721,362.271,2,2,0
5722,300.428,82.8801,2,0
5723,120.743,32.2292,2,0
5724,213.602,128.954,2,0
5725,290.008,28.9855,2,0
5726,345.357,66.0188,2,0
5727,328.6,13.0239,2,0
5728,121.198,197.824,2,0
5729,104.107,267.834,2,0
5730,3.24906,149.44,2,0
5731,173.219,18.1912,2,0
5732,503.047,58.9299,2,0
5733,210.274,47.1813,2,0
5734,111.636,81.4808,2,0
5735,369.507,101.558,2,0
5736,344.705,80.6148,2,0
5737,330.721,64.4184,2,0
5738,60.1723,62.9136,2,0
5739,6.37149,51.9901,2,0
5740,73.9571,207.32,2,0
5741,500.129,271.809,2,0
5742,101.673,143.133,2,0
5743,193.505,228.385,2,0
5744,30.6574,183.042,2,0
5745,262.588,207.417,2,0
5746,492.617,197.389,2,0
5747,253.512,180.877,2,0
5748,573.874,2,2,0
5749,59.0132,194.701,2,0
5750,178.29,121.826,2,0
5751,598.11,150.358,2,0
5752,138.687,36.4044,2,0
5753,203.26,5.4783,2,0
5754,378.383,211.72,2,0
5755,286.22,197.96,2,0
5756,167.121,145.969,2,0
5757,97.418,154.496,2,0
5758,7.66033,27.6369,2,0
5759,47.7683,294.468,2,0
5760,206.294,121.091,2,0
5761,243.183,119.862,2,0
5762,3.13844,130.056,2,0
5763,133.574,239.857,2,0
5764,274.31,264.178,2,0
5765,311.209,38.1201,2,0
5766,500.376,240.189,2,0
5767,157.738,215.247,2,0
5768,241.494,2,2,0
5769,571.25,291.028,2,0
5770,354.476,262.515,2,0
5771,87.219,19.1574,2,0
5772,553.316,249.133,2,0
5773,6.79808,136.046,2,0
5774,492.309,186.672,2,0
5775,465.887,298,2,0
5776,306.898,171.366,2,0
5777,479.116,261.154,2,0
5778,17.0632,186.094,2,0
5779,399.379,283.894,2,0
5780,42.9739,247.626,2,0
5781,295.846,48.5585,2,0
5782,480.033,119.136,2,0
5783,231.028,152.662,2,0
5784,489.678,132.618,2,0
5785,302.608,5.48387,2,0
5786,283.794,191.405,2,0
5787,597.017,25.6703,2,0
5788,467.291,63.2541,2,0
5789,2.69038,9.859,2,0
5790,37.1985,104.315,2,0
5791,446.51,145.778,2,0
5792,442.427,238.01,2,0
5793,85.4298,103.195,2,0
5794,224.828,98.422,2,0
5795,297.182,220.218,2,0
5796,34.6613,184.248,2,0
5797,334.556,258.611,2,0
5798,95.759,100.07,2,0
5799,537.103,160.816,2,0
5800,59.7885,268.619,2,0
5801,528.45,43.9146,2,0
5802,522.045,228.364,2,0
5803,416.724,57.1904,2,0
5804,24.4643,250.065,2,0
5805,414.325,67.5465,2,0
5806,228.117,70.823,2,0
5807,447.477,156.654,2,0
5808,403.59,66.6925,2,0
5809,220.809,137.078,2,0
5810,127.758,298,2,0
5811,475.966,264.36,2,0
5812,122.23,251.323,2,0
5813,238.161,298,2,0
5814,374.918,92.144,2,0
5815,20.2307,220.817,2,0
5816,369.504,294.517,2,0
5817,50.6239,100.187,2,0
5818,65.409,20.6742,2,0
5819,445.695,94.0881,2,0
5820,557.476,184.69,2,0
5821,159.947,181.947,2,0
5822,316.551,94.5895,2,0
5823,239.418,42.3015,2,0
5824,43.9393,102.23,2,0
5825,1.61385,280.323,2,0
5826,111.726,107.609,2,0
5827,101.797,225.3,2,0
5828,340.395,219.35,2,0
5829,250.803,17.5956,2,0
5830,398.15,48.8959,2,0
5831,396.869,166.485,2,0
5832,476.999,211.638,2,0
5833,522.681,12.5579,2,0
5834,113.582,129.4,2,0
5835,328.383,203.958,2,0
5836,277.52,294.509,2,0
5837,108.776,278.012,2,0
5838,189.397,126.017,2,0
5839,520.694,16.0656,2,0
5840,217.458,147.24,2,0
5841,24.8044,31.9423,2,0
5842,129.9,280.357,2,0
5843,557.29,57.4843,2,0
5844,298.58,179.649,2,0
5845,351.486,60.7495,2,0
5846,266.062,89.1902,2,0
5847,52.5435,230.024,2,0
5848,454.327,106.349,2,0
5849,567.34,189.55,2,0
5850,412.829,239.156,2,0
5851,152.409,87.9307,2,0
5852,395.667,59.3417,2,0
5853,431.001,233.656,2,0
5854,28.5752,152.183,2,0
5855,145.7,15.1963,2,0
5856,512.372,248.186,2,0
5857,587.911,112.251,2,0
5858,225.576,240.913,2,0
5859,525.611,67.5376,2,0
5860,415.166,23.2728,2,0
5861,38.8716,267.581,2,0
5862,307.849,110.074,2,0
5863,137.993,294.546,2,0
5864,381.015,298,2,0
5865,403.9,192.444,2,0
5866,99.006,121.233,2,0
5867,569.496,166.35,2,0
5868,161.553,249.724,2,0
5869,388.741,57.6815,2,0
5870,526.949,251.595,2,0
5871,120.603,129.62,2,0
5872,212.909,164.319,2,0
5873,228.498,258.343,2,0
5874,82.3343,290.316,2,0
5875,508.134,23.3226,2,0
5876,356.02,239.641,2,0
5877,129.008,2,2,0
5878,229.955,113.717,2,0
5879,241.732,50.2275,2,0
5880,563.691,5.57532,2,0
5881,428.295,203.328,2,0
5882,321.161,54.1144,2,0
5883,512.372,166.559,2,0
5884,315.282,113.321,2,0
5885,212.826,90.1033,2,0
5886,414.382,27.5571,2,0
5887,540.895,2,2,0
5888,406.801,8.97523,2,0
5889,262.238,98.2951,2,0
5890,466.981,195.999,2,0
5891,350.423,144.146,2,0
5892,42.6376,150.11,2,0
5893,86.6409,274.513,2,0
5894,130.272,259.231,2,0
5895,108.687,223.842,2,0
5896,375.94,64.9408,2,0
5897,311.393,58.5499,2,0
5898,544.408,191.499,2,0
5899,560.009,162.127,2,0
5900,401.093,42.5068,2,0
5901,493.766,132.099,2,0
5902,462.297,248.69,2,0
5903,126.052,104.851,2,0
5904,273.532,143.592,2,0
5905,243.115,183.632,2,0
5906,157.714,219.388,2,0
5907,229.84,188.567,2,0
5908,191.867,93.6798,2,0
5909,489.31,161.599,2,0
5910,546.581,56.367,2,0
5911,195.081,24.6901,2,0
5912,206.566,57.3188,2,0
5913,590.04,2,2,0
5914,176.23,52.2525,2,0
5915,82.9258,276.886,2,0
5916,434.194,120.186,2,0
5917,148.622,163.698,2,0
5918,180.766,259.197,2,0
5919,8.54632,291.058,2,0
5920,182.39,50.2814,2,0
5921,488.267,30.1579,2,0
5922,557.017,287.461,2,0
5923,5.51282,188.498,2,0
5924,317.312,98.7483,2,0
5925,394.572,221.564,2,0
5926,315.17,221.711,2,0
5927,184.421,265.191,2,0
5928,443.711,135.394,2,0
5929,119.402,242.885,2,0
5930,212.627,253.324,2,0
5931,478.323,97.7509,2,0
5932,532.726,75.5137,2,0
5933,333.13,149.285,2,0
5934,286.666,150.393,2,0
5935,495.431,82.4432,2,0
5936,246.858,211.289,2,0
5937,427.949,62.1125,2,0
5938,64.3541,55.8801,2,0
5939,252.744,280.582,2,0
5940,152.897,149.486,2,0
5941,244.479,146.867,2,0
5942,593.197,215.098,2,0
5943,353.139,158.674,2,0
5944,108.265,93.3253,2,0
5945,552.093,96.7221,2,0
5946,171.152,111.941,2,0
5947,350.623,263.616,2,0
5948,299.543,57.4605,2,0
5949,327.101,145.462,2,0
5950,18.6352,201.829,2,0
5951,168.132,50.4865,2,0
5952,549.222,248.583,2,0
5953,232.274,273.246,2,0
5954,70.5366,245.746,2,0
5955,196.196,275.565,2,0
5956,427.108,54.0179,2,0
5957,517.105,265.978,2,0
5958,558.537,170.094,2,0
5959,560.389,176.592,2,0
5960,340.217,236.933,2,0
5961,233.436,203.386,2,0
5962,236.868,100.682,2,0
5963,73.5067,48.5549,2,0
5964,374.824,110.797,2,0
5965,242.456,284.148,2,0
5966,59.0521,116.902,2,0
5967,439.045,25.665,2,0
5968,311.436,280.533,2,0
5969,326.976,63.2131,2,0
5970,347.46,154.573,2,0
5971,122.284,28.4752,2,0
5972,426.316,45.9909,2,0
5973,586.84,189.408,2,0
5974,594.599,55.3744,2,0
5975,93.4598,262.093,2,0
5976,333.936,88.8745,2,0
5977,178.474,294.399,2,0
5978,281.269,260.117,2,0
5979,522.735,48.0544,2,0
5980,435.445,31.4588,2,0
5981,407.719,32.339,2,0
5982,536.106,168.632,2,0
5983,26.9532,106.833,2,0
5984,230.061,283.995,2,0
5985,488.886,250.307,2,0
5986,591.649,104.127,2,0
5987,244.081,224.863,2,0
5988,322.839,271.428,2,0
5989,260.894,218.524,2,0
5990,417.977,69.2037,2,0
5991,427.081,8.94627,2,0
5992,571.547,47.1302,2,0
5993,424.015,143.242,2,0
5994,186.065,199.203,2,0
5995,238.402,219.102,2,0
5996,180.488,298,2,0
5997,30.0662,231.317,2,0
5998,78.3434,247.511,2,0
5999,80.5932,21.1371,2,0
6000,31.4445,9.09137,2,0
6001,293.18,162.848,2,0
6002,264.376,57.0893,2,0
6003,523.228,128.077,2,0
6004,337.782,107.959,2,0
6005,239.294,135.643,2,0
6006,594.929,97.6932,2,0
6007,160.305,283.826,2,0
6008,141.511,30.0041,2,0
6009,387.753,61.604,2,0
6010,554.063,196.507,2,0
6011,124.306,247.89,2,0
6012,73.7252,15.473,2,0
6013,155,126.024,2,0
6014,199.052,192.749,2,0
6015,290.651,192.508,2,0
6016,354.598,166.528,2,0
6017,394.819,53.2186,2,0
6018,355.452,107.04,2,0
6019,213.474,279.771,2,0
6020,493.784,97.1079,2,0
6021,399.95,226.253,2,0
6022,307.986,133.912,2,0
6023,307.651,243.713,2,0
6024,52.3416,41.5609,2,0
6025,329.795,107.28,2,0
6026,157.402,82.8613,2,0
6027,599.662,28.8075,2,0
6028,50.955,223.289,2,0
6029,304.294,153.107,2,0
6030,413.828,208.001,2,0
6031,381.794,151.987,2,0
6032,36.4632,210.97,2,0
6033,128.608,43.3289,2,0
6034,259.073,112.229,2,0
6035,197.211,236.96,2,0
6036,94.1301,245.495,2,0
6037,41.6297,122.614,2,0
6038,536.435,144.496,2,0
6039,531.653,205.522,2,0
6040,576.332,138.373,2,0
6041,486.031,298,2,0
6042,16.6229,298,2,0
6043,167.068,191.849,2,0
6044,0.382443,5.56605,2,0
6045,116.977,2,2,0
6046,57.8614,200.146,2,0
6047,419.034,8.95807,2,0
6048,446.793,220.846,2,0
6049,479.41,147.976,2,0
6050,206.845,49.3049,2,0
6051,304.582,145.136,2,0
6052,456.513,150.964,2,0
6053,312.903,214.419,2,0
6054,27.986,224.61,2,0
6055,573.322,104.796,2,0
6056,115.805,107.734,2,0
6057,125.899,53.7231,2,0
6058,224.543,230.156,2,0
6059,539.217,202.639,2,0
6060,31.9314,172.225,2,0
6061,542.897,283.668,2,0
6062,462.639,81.0992,2,0
6063,447.083,109.703,2,0
6064,441.721,234.061,2,0
6065,118.427,50.1584,2,0
6066,12.1511,57.3485,2,0
6067,478.758,228.136,2,0
6068,167.142,275.727,2,0
6069,596.8,263.608,2,0
6070,33.4929,194.874,2,0
6071,410.931,16.0503,2,0
6072,68.6918,228.012,2,0
6073,181.672,66.6641,2,0
6074,414.861,272.921,2,0
6075,474.207,208.766,2,0
6076,459.611,31.6789,2,0
6077,317.605,204.833,2,0
6078,78.9002,183.698,2,0
6079,346.319,39.2128,2,0
6080,366.398,60.4896,2,0
6081,474.915,80.3303,2,0
6082,588.929,157.88,2,0
6083,230.568,200.581,2,0
6084,398.129,65.4566,2,0
6085,449.605,5.4897,2,0
6086,502.818,203.131,2,0
6087,19.7293,98.8942,2,0
6088,137.253,80.4952,2,0
6089,106.74,125.206,2,0
6090,5.11713,275.428,2,0
6091,98.0346,242.575,2,0
6092,298.588,20.4486,2,0
6093,466.987,272.536,2,0
6094,545.588,77.5768,2,0
6095,117.68,64.8724,2,0
6096,88.3551,23.2212,2,0
6097,318.89,220.025,2,0
6098,425.65,173.351,2,0
6099,287.538,21.2401,2,0
6100,479.414,280.327,2,0
6101,206.819,195.672,2,0
6102,585.502,280.482,2,0
6103,70.1134,290.998,2,0
6104,395.946,37.1329,2,0
6105,20.4814,43.6043,2,0
6106,482.455,65.579,2,0
6107,96.0281,197.566,2,0
6108,50.7186,245.632,2,0
6109,382.731,66.678,2,0
6110,197.402,290.952,2,0
6111,93.522,155.42,2,0
6112,445.542,83.4204,2,0
6113,324.218,34.0312,2,0
6114,411.79,81.6287,2,0
6115,88.3466,124.582,2,0
6116,92.6683,233.31,2,0
6117,490.007,95.3909,2,0
6118,523.63,176.099,2,0
6119,550.873,103.584,2,0
6120,109.163,84.7137,2,0
6121,138.503,252.18,2,0
6122,564.196,99.3394,2,0
6123,588.019,93.6012,2,0
6124,344.325,125.366,2,0
6125,186.489,224.24,2,0
6126,66.711,52.2131,2,0
6127,363.991,241.028,2,0
6128,418.347,234.223,2,0
6129,436.167,243.157,2,0
6130,409.446,280.265,2,0
6131,591.479,254.398,2,0
6132,223.904,173.116,2,0
6133,320.407,211.337,2,0
6134,203.465,276.64,2,0
6135,439.344,106.924,2,0
6136,492.067,135.848,2,0
6137,39.1117,204.141,2,0
6138,426.006,265.102,2,0
6139,503.489,222.582,2,0
6140,425.19,12.5911,2,0
6141,563.895,162.039,2,0
6142,61.5714,176.4,2,0
6143,343.535,198.251,2,0
6144,382.455,2,2,0
6145,158.962,146.066,2,0
6146,252.386,148.708,2,0
6147,231.758,85.2853,2,0
6148,1.3664,258.19,2,0
6149,409.017,105.71,2,0
6150,65.882,5.46319,2,0
6151,473.952,12.5671,2,0
6152,281.19,252.004,2,0
6153,333.049,100.135,2,0
6154,146.235,7.44813,2,0
6155,562.95,283.908,2,0
6156,270.968,84.0508,2,0
6157,236.051,146.096,2,0
6158,475.844,215.492,2,0
6159,588.141,251.948,2,0
6160,147.169,213.23,2,0
6161,211.724,36.5602,2,0
6162,166.937,263.599,2,0
6163,280.184,233.879,2,0
6164,308.301,274.55,2,0
6165,232.418,228.063,2,0
6166,285.647,97.9826,2,0
6167,44.7071,80.6236,2,0
6168,146.445,266.395,2,0
6169,177.945,150.612,2,0
6170,574.302,177.386,2,0
6171,349.185,231.047,2,0
6172,262.472,246.225,2,0
6173,534.843,12.46,2,0
6174,99.3617,128.605,2,0
6175,18.6869,294.501,2,0
6176,2.50349,113.868,2,0
6177,553.018,294.512,2,0
6178,104.151,27.1518,2,0
6179,397.865,44.7207,2,0
6180,79.8814,187.779,2,0
6181,180.308,185.388,2,0
6182,490.57,139.722,2,0
6183,427.656,298,2,0
6184,583.971,12.6109,2,0
6185,37.496,181.564,2,0
6186,407.947,125.698,2,0
6187,560.348,280.043,2,0
6188,34.2435,218.019,2,0
6189,314.516,159.707,2,0
6190,363.331,224.342,2,0
6191,202.172,120.552,2,0
6192,557.771,28.3498,2,0
6193,446.4,180.277,2,0
6194,436.336,89.0324,2,0
6195,94.1363,17.3234,2,0
6196,153.717,235.397,2,0
6197,402.608,170.912,2,0
6198,29.8848,160.242,2,0
6199,554.81,119.779,2,0
6200,518.882,220.924,2,0
6201,424.54,64.5553,2,0
6202,539.074,213.489,2,0
6203,148.215,290.972,2,0
6204,202.352,253.772,2,0
6205,174.772,32.3232,2,0
6206,35.1008,169.74,2,0
6207,59.9565,69.89,2,0
6208,516.531,248.011,2,0
6209,404.797,5.46463,2,0
6210,347.6,51.4227,2,0
6211,54.9921,90.4144,2,0
6212,203.38,212.422,2,0
6213,397.317,123.642,2,0
6214,189.554,42.1532,2,0
6215,212.728,224.544,2,0
6216,426.756,84.0086,2,0
6217,177.305,257.02,2,0
6218,530.597,276.774,2,0
6219,385.194,226.709,2,0
6220,231.384,15.0029,2,0
6221,342.309,121.917,2,0
6222,183.507,182.762,2,0
6223,358.609,20.9169,2,0
6224,566.853,126.898,2,0
6225,472.638,127.183,2,0
6226,510.973,38.9875,2,0
6227,293.713,40.6252,2,0
6228,360.275,91.0724,2,0
6229,103.674,200.001,2,0
6230,557.11,294.557,2,0
6231,312.393,62.4969,2,0
6232,434.442,277.762,2,0
6233,326.562,269.582,2,0
6234,79.2688,266.424,2,0
6235,1.93415,93.4741,2,0
6236,427.601,124.868,2,0
6237,95.5908,107.002,2,0
6238,459.158,63.088,2,0
6239,93.8404,42.6307,2,0
6240,369.109,164.681,2,0
6241,332.615,198.319,2,0
6242,502.841,160.555,2,0
6243,566.137,261.446,2,0
6244,91.9393,136.298,2,0
6245,302.66,21.3997,2,0
6246,179.266,204.056,2,0
6247,568.741,130.724,2,0
6248,550.911,92.8947,2,0
6249,421.07,255.653,2,0
6250,293.483,154.713,2,0
6251,497.67,71.9252,2,0
6252,188.798,66.9892,2,0
6253,412.874,243.344,2,0
6254,439.383,2,2,0
6255,579.333,71.237,2,0
6256,469.175,52.0478,2,0
6257,501.461,46.7015,2,0
6258,544.49,69.8405,2,0
6259,150.841,215.187,2,0
6260,298.503,109.23,2,0
6261,251.224,5.49852,2,0
6262,483.059,192.354,2,0
6263,305.458,92.2831,2,0
6264,79.1952,250.237,2,0
6265,167.706,246.355,2,0
6266,1.2956,14.3335,2,0
6267,179.475,21.215,2,0
6268,244.52,113.032,2,0
6269,257.577,78.6813,2,0
6270,496.225,2,2,0
6271,308.687,2,2,0
6272,333.351,217.521,2,0
6273,598.746,103.813,2,0
6274,182.619,12.4101,2,0
6275,115.583,298,2,0
6276,325.79,238.74,2,0
6277,508.964,208.54,2,0
6278,477.59,133.757,2,0
6279,273.477,273.312,2,0
6280,49.0423,253.349,2,0
6281,16.2194,230.615,2,0
6282,366.619,258.425,2,0
6283,77.6322,208.893,2,0
6284,114.031,165.892,2,0
6285,107.138,167.271,2,0
6286,500.765,96.1832,2,0
6287,578.206,190.56,2,0
6288,20.4064,149.915,2,0
6289,4.3321,5.9785,2,0
6290,553.031,238.271,2,0
6291,228.554,243.738,2,0
6292,347.955,188.172,2,0
6293,559.614,144.243,2,0
6294,520.616,287.522,2,0
6295,595.548,154.508,2,0
6296,402.378,188.665,2,0
6297,101.174,276.386,2,0
6298,195.35,191.242,2,0
6299,491.329,253.556,2,0
6300,463.021,70.1027,2,0
6301,445.941,128.762,2,0
6302,492.323,216.058,2,0
6303,473.836,197.968,2,0
6304,151.829,49.4735,2,0
6305,537.522,188.818,2,0
6306,140.267,66.3468,2,0
6307,254.547,11.6286,2,0
6308,265.05,280.517,2,0
6309,125.064,77.2962,2,0
6310,160.383,105.717,2,0
6311,64.0299,287.526,2,0
6312,575.336,187.568,2,0
6313,55.2064,16.7346,2,0
6314,71.5582,268.97,2,0
6315,40.9885,267.81,2,0
6316,444.254,227.346,2,0
6317,125.53,218.366,2,0
6318,232.832,99.9774,2,0
6319,22.1434,243.483,2,0
6320,565.633,9.08778,2,0
6321,186.787,12.425,2,0
6322,108.029,255.365,2,0
6323,437.352,12.4781,2,0
6324,314.916,282.907,2,0
6325,96.4899,294.534,2,0
6326,374.289,250.691,2,0
6327,222.338,191.156,2,0
6328,595.675,29.4901,2,0
6329,593.646,59.3669,2,0
6330,316.858,32.3641,2,0
6331,503.53,36.1063,2,0
6332,246.421,84.1889,2,0
6333,179.418,224.304,2,0
6334,309.411,90.9657,2,0
6335,67.3499,205.144,2,0
6336,73.2467,189.361,2,0
6337,103.049,23.3603,2,0
6338,203.466,294.483,2,0
6339,23.2999,8.92604,2,0
6340,318.3,20.2865,2,0
6341,129.791,112.109,2,0
6342,75.0046,171.903,2,0
6343,375.266,84.0761,2,0
6344,571.293,298,2,0
6345,160.727,31.7272,2,0
6346,576.778,130.766,2,0
6347,438.281,59.1539,2,0
6348,316.188,135.491,2,0
6349,27.4238,200.427,2,0
6350,410.86,2,2,0
6351,513.32,226.805,2,0
6352,46.4035,30.7795,2,0
6353,501.748,191.883,2,0
6354,236.786,139.01,2,0
6355,287.807,290.841,2,0
6356,227.336,40.6876,2,0
6357,33.4636,5.57188,2,0
6358,396.306,41.0966,2,0
6359,311.148,199.884,2,0
6360,148.134,284.024,2,0
6361,218.319,122.26,2,0
6362,464.053,21.7588,2,0
6363,197.336,144.59,2,0
6364,498.211,290.994,2,0
6365,125.789,294.516,2,0
6366,85.9675,82.6843,2,0
6367,397.164,229.212,2,0
6368,490.452,168.677,2,0
6369,26.6786,162.905,2,0
6370,118.664,90.415,2,0
6371,591.765,298,2,0
6372,219.472,235.081,2,0
6373,544.864,294.309,2,0
6374,307.977,298,2,0
6375,287.257,31.9985,2,0
6376,23.1202,96.7353,2,0
6377,571.244,277.125,2,0
6378,512.973,208.851,2,0
6379,6.23509,119.791,2,0
6380,287.443,241.773,2,0
6381,350.628,194.6,2,0
6382,220.98,261.307,2,0
6383,128.064,35.301,2,0
6384,282.401,116.359,2,0
6385,158.608,127.898,2,0
6386,130.796,90.9914,2,0
6387,348.615,184.077,2,0
6388,235.157,13.2305,2,0
6389,342.081,223.034,2,0
6390,498.23,12.545,2,0
6391,9.16,274.094,2,0
6392,206.345,69.4811,2,0
6393,481.756,196.197,2,0
6394,100.277,26.1956,2,0
6395,163.888,99.3544,2,0
6396,147.201,209.048,2,0
6397,160.313,298,2,0
6398,108.311,205.276,2,0
6399,509.171,276.247,2,0
6400,167.081,153.192,2,0
6401,149.835,228.32,2,0
6402,348.114,24.752,2,0
6403,479.973,265.131,2,0
6404,478.109,19.7029,2,0
6405,528.653,287.456,2,0
6406,2.03719,218.97,2,0
6407,317.11,67.5889,2,0
6408,284.077,234.255,2,0
6409,56.7297,236.91,2,0
6410,353.281,231.546,2,0
6411,205.481,128.065,2,0
6412,144.471,128.672,2,0
6413,488.234,8.98112,2,0
6414,529.666,190.647,2,0
6415,173.305,186.642,2,0
6416,333.268,76.8167,2,0
6417,371.581,211.155,2,0
6418,300.918,146.862,2,0
6419,573.221,280.536,2,0
6420,364.145,203.38,2,0
6421,266.488,22.9762,2,0
6422,534.64,283.798,2,0
6423,172.177,67.9411,2,0
6424,180.865,263.343,2,0
6425,159.961,275.902,2,0
6426,214.184,99.8344,2,0
6427,332.986,18.569,2,0
6428,340.079,17.3158,2,0
6429,310.78,165.529,2,0
6430,477.648,272.281,2,0
6431,156.988,149.463,2,0
6432,467.697,20.0971,2,0
6433,524.99,159.218,2,0
6434,113.796,121.393,2,0
6435,470.238,245.377,2,0
6436,307.661,226.201,2,0
6437,497.109,67.9099,2,0
6438,588.326,128.57,2,0
6439,76.356,113.66,2,0
6440,182.97,128.525,2,0
6441,239.208,209.171,2,0
6442,526.106,179.441,2,0
6443,96.6017,287.529,2,0
6444,140.29,128.767,2,0
6445,596.676,62.1626,2,0
6446,346.347,143.761,2,0
6447,471.684,286.309,2,0
6448,61.8699,199.091,2,0
6449,406.656,171.483,2,0
6450,243.222,29.4382,2,0
6451,359.184,63.3521,2,0
6452,298.222,90.6476,2,0
6453,322.187,222.372,2,0
6454,469.114,177.126,2,0
6455,117.588,294.45,2,0
6456,451.594,2,2,0
6457,542.372,268.143,2,0
6458,299.342,175.757,2,0
6459,554.108,234.491,2,0
6460,351.354,125.548,2,0
6461,453.05,238.212,2,0
6462,99.7504,136.458,2,0
6463,218.46,89.9422,2,0
6464,444.254,87.1792,2,0
6465,345.155,157.868,2,0
6466,80.2216,237.378,2,0
6467,112.609,191.486,2,0
6468,419.217,46.7017,2,0
6469,144.666,156.438,2,0
6470,564.791,44.9866,2,0
6471,552.55,32.7721,2,0
6472,112.043,255.245,2,0
6473,227.577,218.412,2,0
6474,248.629,146.789,2,0
6475,99.6031,2,2,0
6476,491.137,76.8252,2,0
6477,145.407,124.761,2,0
6478,426.904,120.857,2,0
6479,551.069,82.1776,2,0
6480,535.302,72.4374,2,0
6481,15.7439,163.306,2,0
6482,408.798,253.378,2,0
6483,382.06,205.676,2,0
6484,39.2384,86.7183,2,0
6485,318.086,157.888,2,0
6486,436.954,168.693,2,0
6487,147.152,221.192,2,0
6488,54.2361,189.563,2,0
6489,461.632,298,2,0
6490,272.614,21.9331,2,0
6491,104.138,271.915,2,0
6492,147.666,23.6075,2,0
6493,383.543,189.46,2,0
6494,138.998,91.4743,2,0
6495,215.744,227.391,2,0
6496,164.091,50.1985,2,0
6497,171.006,86.4915,2,0
6498,67.5537,108.04,2,0
6499,486.903,104.266,2,0
6500,465.864,40.3555,2,0
6501,351.025,290.993,2,0
6502,387.481,17.0593,2,0
6503,27.8838,143.546,2,0
6504,143.712,186.602,2,0
6505,48.7144,81.5939,2,0
6506,78.2574,75.2736,2,0
6507,557.486,276.867,2,0
6508,234.317,171.223,2,0
6509,270.894,135.974,2,0
6510,34.3322,198.721,2,0
6511,451.39,195.492,2,0
6512,262.911,269.985,2,0
6513,392.347,39.1145,2,0
6514,529.04,255.227,2,0
6515,570.528,107.945,2,0
6516,552.346,149.603,2,0
6517,271.467,239.937,2,0
6518,379.484,97.5691,2,0
6519,520.517,73.984,2,0
6520,121.763,168.409,2,0
6521,449.642,24.6868,2,0
6522,258.583,157.791,2,0
6523,87.1108,232.825,2,0
6524,508.479,150.957,2,0
6525,532.803,2,2,0
6526,11.6675,214.608,2,0
6527,484.816,270.34,2,0
6528,235.259,230.834,2,0
6529,523.968,132.072,2,0
6530,3.58036,63.7862,2,0
6531,528.475,273.295,2,0
6532,308.531,79.4513,2,0
6533,532.957,50.5562,2,0
6534,263.701,215.572,2,0
6535,2.77514,121.938,2,0
6536,133.78,112.193,2,0
6537,84.8944,192.848,2,0
6538,284.28,131.256,2,0
6539,228.795,52.091,2,0
6540,381.836,56.0013,2,0
6541,63.297,144.682,2,0
6542,77.528,99.6208,2,0
6543,488.351,154.579,2,0
6544,493.42,161.066,2,0
6545,246.355,95.317,2,0
6546,13.2993,145.369,2,0
6547,106.859,284.371,2,0
6548,22.5986,210.639,2,0
6549,418.497,214.563,2,0
6550,436.861,265.579,2,0
6551,150.552,132.068,2,0
6552,288.599,9.06943,2,0
6553,586.031,2,2,0
6554,154.831,99.3633,2,0
6555,112.656,176.595,2,0
6556,447.029,171.473,2,0
6557,314.367,55.7554,2,0
6558,136.226,269.923,2,0
6559,93.3005,253.965,2,0
6560,163.074,145.996,2,0
6561,229.859,44.0599,2,0
6562,166.722,255.296,2,0
6563,553.79,79.1193,2,0
6564,249.514,132.74,2,0
6565,243.836,176.383,2,0
6566,202.919,280.709,2,0
6567,379.532,254.656,2,0
6568,481.337,83.5229,2,0
6569,146.636,183.852,2,0
6570,465.608,91.5952,2,0
6571,236.876,168.126,2,0
6572,384.622,73.5288,2,0
6573,218.031,51.7357,2,0
6574,514.345,63.5751,2,0
6575,515.958,48.8555,2,0
6576,208.224,209.059,2,0
6577,436.84,210.009,2,0
6578,320.601,256.856,2,0
6579,445.985,276.45,2,0
6580,18.5156,18.904,2,0
6581,272.444,16.0527,2,0
6582,494.863,78.4128,2,0
6583,337.816,184.632,2,0
6584,506.308,290.886,2,0
6585,129.333,219.749,2,0
6586,299.689,298,2,0
6587,345.705,254.019,2,0
6588,156.518,183.811,2,0
6589,363.54,156.429,2,0
6590,536.517,266.089,2,0
6591,260.409,126.669,2,0
6592,93.618,204.748,2,0
6593,383.546,125.443,2,0
6594,458.018,172.415,2,0
6595,370.439,227.721,2,0
6596,23.7624,184.571,2,0
6597,276.23,45.7996,2,0
6598,137.807,8.44758,2,0
6599,4.41389,290.889,2,0
6600,183.253,22.844,2,0
6601,460.298,229.995,2,0
6602,421.327,237.038,2,0
6603,371.44,269.512,2,0
6604,270.035,25.0642,2,0
6605,89.9226,143.016,2,0
6606,520.17,168.846,2,0
6607,238.127,233.69,2,0
6608,97.8535,156.772,2,0
6609,121.861,108.903,2,0
6610,20.4228,123.268,2,0
6611,386.709,215.845,2,0
6612,590.569,258.369,2,0
6613,578.738,59.9486,2,0
6614,341.557,260.501,2,0
6615,233.943,160.352,2,0
6616,202.984,99.8387,2,0
6617,211.441,113.672,2,0
6618,535.711,61.3077,2,0
6619,77.502,283.757,2,0
6620,520.428,111.912,2,0
6621,596.12,139.719,2,0
6622,302.327,89.4888,2,0
6623,335.35,243.369,2,0
6624,553.261,174.931,2,0
6625,565.913,230.685,2,0
6626,439.996,268.307,2,0
6627,409.925,97.6498,2,0
6628,295.538,87.8767,2,0
6629,79.1253,42.6118,2,0
6630,596.038,130.333,2,0
6631,15.3611,37.0234,2,0
6632,509.524,130.29,2,0
6633,299.712,242.981,2,0
6634,442.634,68.8844,2,0
6635,478.409,165.341,2,0
6636,363.051,217.912,2,0
6637,471.899,216.58,2,0
6638,72.3649,63.19,2,0
6639,194.974,171.034,2,0
6640,286.682,248.898,2,0
6641,556.286,207.976,2,0
6642,439.097,92.0458,2,0
6643,122.18,186.976,2,0
6644,5.28276,55.8905,2,0
6645,328.102,35.6405,2,0
6646,275.859,178.889,2,0
6647,560.894,198.294,2,0
6648,175.765,96.173,2,0
6649,562.841,253.949,2,0
6650,290.964,43.6516,2,0
6651,69.0978,252.824,2,0
6652,304.735,194.894,2,0
6653,319.797,265.087,2,0
6654,577.106,106.59,2,0
6655,476.985,224.414,2,0
6656,414.417,230.855,2,0
6657,124.242,101.218,2,0
6658,271.422,298,2,0
6659,475.33,112.42,2,0
6660,556.5,76.2481,2,0
6661,16.8266,50.8249,2,0
6662,144.659,11.3157,2,0
6663,393.466,113.74,2,0
6664,20.6485,127.393,2,0
6665,349.716,176.064,2,0
6666,146.764,175.718,2,0
6667,166.046,123.061,2,0
6668,596.71,36.4722,2,0
6669,121.819,47.8276,2,0
6670,187.498,259.497,2,0
6671,273.475,132.878,2,0
6672,598.07,228.805,2,0
6673,349.184,158.29,2,0
6674,64.0821,70.0451,2,0
6675,327.178,152.551,2,0
6676,560.804,25.5149,2,0
6677,557.579,113.025,2,0
6678,583.571,298,2,0
6679,263.166,112.936,2,0
6680,526.626,269.744,2,0
6681,33.3537,12.6391,2,0
6682,139.684,48.4831,2,0
6683,323.848,86.1139,2,0
6684,520.134,130.505,2,0
6685,572.704,156.122,2,0
6686,24.8416,81.294,2,0
6687,202.271,45.5168,2,0
6688,436.959,137.088,2,0
6689,88.7323,194.052,2,0
6690,281.829,203.515,2,0
6691,30.525,255.353,2,0
6692,548.295,206.682,2,0
6693,243.624,193.313,2,0
6694,442.684,260.671,2,0
6695,51.8721,125.006,2,0
6696,74.8038,271.817,2,0
6697,12.8907,207.338,2,0
6698,300.317,68.074,2,0
6699,190.006,266.894,2,0
6700,222.352,140.742,2,0
6701,461.006,146.397,2,0
6702,121.071,2,2,0
6703,261.733,75.6659,2,0
6704,176.42,290.843,2,0
6705,96.3902,25.268,2,0
6706,303.542,165.267,2,0
6707,86.2689,246.036,2,0
6708,490.052,290.965,2,0
6709,11.2838,149.402,2,0
6710,399.566,94.5145,2,0
6711,403.961,70.6648,2,0
6712,319.538,269.081,2,0
6713,578.137,245.149,2,0
6714,519.594,103.848,2,0
6715,288.889,227.077,2,0
6716,464.021,218.532,2,0
6717,285.534,201.995,2,0
6718,242.496,197.4,2,0
6719,512.495,78.2558,2,0
6720,455.817,165.662,2,0
6721,382.022,23.2866,2,0
6722,549.712,210.569,2,0
6723,580.714,202.72,2,0
6724,119.062,5.4901,2,0
6725,12.9621,254.229,2,0
6726,508.964,115.455,2,0
6727,214.058,214.745,2,0
6728,154.659,66.428,2,0
6729,317.948,71.5476,2,0
6730,155.306,253.037,2,0
6731,571.427,71.1034,2,0
6732,335.027,96.9965,2,0
6733,243.002,59.102,2,0
6734,559.048,298,2,0
6735,590.026,262.467,2,0
6736,157.003,179.195,2,0
6737,443.963,291.001,2,0
6738,64.2373,173.335,2,0
6739,295.52,242.602,2,0
6740,86.0136,40.7636,2,0
6741,182.107,164.013,2,0
6742,135.865,283.986,2,0
6743,353.234,2,2,0
6744,592.26,128.534,2,0
6745,39.9344,101.348,2,0
6746,528.898,241.215,2,0
6747,500.683,258.072,2,0
6748,569.655,115.302,2,0
6749,177.557,252.555,2,0
6750,371.493,298,2,0
6751,523.114,70.7845,2,0
6752,255.582,195.033,2,0
6753,492.888,62.2967,2,0
6754,208.703,117.879,2,0
6755,153.883,228.449,2,0
6756,47.5854,159.75,2,0
6757,591.828,108.143,2,0
6758,81.332,110.176,2,0
6759,217.72,9.04839,2,0
6760,280.121,185.699,2,0
6761,71.7196,249.633,2,0
6762,21.6192,153.742,2,0
6763,109.186,31.9473,2,0
6764,274.095,57.4698,2,0
6765,329.916,114.407,2,0
6766,79.564,229.303,2,0
6767,76.5587,235.689,2,0
6768,380.756,182.865,2,0
6769,61.0176,84.7269,2,0
6770,361.822,80.398,2,0
6771,451.047,172.031,2,0
6772,202.759,71.4324,2,0
6773,584.885,126.563,2,0
6774,8.35999,5.63654,2,0
6775,571.736,5.51343,2,0
6776,179.521,181.363,2,0
6777,169.059,94.3496,2,0
6778,119.485,278.74,2,0
6779,565.959,40.9874,2,0
6780,320.407,127.195,2,0
6781,193.528,224.198,2,0
6782,357.196,93.7313,2,0
6783,275.475,218.481,2,0
6784,440.36,170.995,2,0
6785,146.632,117.011,2,0
6786,211.502,102.861,2,0
6787,267.164,260.226,2,0
6788,85.3826,211.385,2,0
6789,394.467,242.95,2,0
6790,487.193,129.092,2,0
6791,385.502,144.846,2,0
6792,442.247,256.703,2,0
6793,306.853,22.2545,2,0
6794,365.671,188.735,2,0
6795,546.028,222.036,2,0
6796,504.573,195.201,2,0
6797,429.576,249.277,2,0
6798,151.83,231.902,2,0
6799,359.371,105.732,2,0
6800,416.097,227.077,2,0
6801,553.938,27.2269,2,0
6802,448.549,290.551,2,0
6803,242.127,232.606,2,0
6804,128.307,248.767,2,0
6805,265.652,158.231,2,0
6806,119.349,58.0952,2,0
6807,9.23592,183.85,2,0
6808,301.091,28.1923,2,0
6809,479.578,45.6886,2,0
6810,276.503,15.9929,2,0
6811,178.775,146.512,2,0
6812,4.8324,177.655,2,0
6813,254.871,243.289,2,0
6814,202.365,190.124,2,0
6815,192.325,65.1107,2,0
6816,469.211,152.282,2,0
6817,194.788,187.264,2,0
6818,104.503,204.059,2,0
6819,221.276,278.211,2,0
6820,594.227,33.2721,2,0
6821,15.2761,279.359,2,0
6822,113.171,74.7154,2,0
6823,288.264,185.683,2,0
6824,562.495,52.8311,2,0
6825,346.981,74.085,2,0
6826,533.985,219.771,2,0
6827,210.263,277.355,2,0
6828,375.197,196.231,2,0
6829,462.928,252.768,2,0
6830,465.201,52.4833,2,0
6831,318.949,46.1943,2,0
6832,3.38759,38.9825,2,0
6833,373.903,73.3077,2,0
6834,71.4801,214.066,2,0
6835,87.063,282.881,2,0
6836,119.1,9.48798,2,0
6837,208.645,39.2724,2,0
6838,356.612,221.101,2,0
6839,89.283,84.7609,2,0
6840,477.74,242.055,2,0
6841,257.473,180.866,2,0
6842,486.401,67.3005,2,0
6843,497.913,170.042,2,0
6844,350.838,9.65945,2,0
6845,155.499,246.071,2,0
6846,464.844,214.473,2,0
6847,63.0034,24.0944,2,0
6848,342.847,291.09,2,0
6849,245.584,70.8783,2,0
6850,448.448,52.7773,2,0
6851,585.487,273.514,2,0
6852,361.294,264.39,2,0
6853,170.748,129.897,2,0
6854,441.121,210.23,2,0
6855,129.828,9.38287,2,0
6856,507.638,261.449,2,0
6857,307.644,155.344,2,0
6858,216.444,154.235,2,0
6859,579.95,44.6059,2,0
6860,189.499,146.673,2,0
6861,283.556,20.1592,2,0
6862,388.27,136.035,2,0
6863,327.863,294.532,2,0
6864,250.372,262.989,2,0
6865,508.953,123.085,2,0
6866,564.582,26.642,2,0
6867,399.427,276.925,2,0
6868,412.636,219.135,2,0
6869,411.727,116.139,2,0
6870,18.7443,211.07,2,0
6871,217.387,259.535,2,0
6872,126.184,56.11,2,0
6873,203.051,59.2652,2,0
6874,174.164,271.563,2,0
6875,76.2227,294.469,2,0
6876,433.599,86.1117,2,0
6877,52.7101,142.746,2,0
6878,383.864,222.837,2,0
6879,446.811,18.1718,2,0
6880,0.419542,194.921,2,0
6881,553.053,23.1438,2,0
6882,53.6503,6.16249,2,0
6883,110.144,96.9934,2,0
6884,383.309,213.708,2,0
6885,508.299,183.558,2,0
6886,324.889,70.0589,2,0
6887,12.586,99.2277,2,0
6888,15.8228,89.0655,2,0
6889,348.806,87.2292,2,0
6890,28.9664,175.085,2,0
6891,134.024,162.363,2,0
6892,37.9092,116.671,2,0
6893,504.189,134.292,2,0
6894,498.088,243.528,2,0
6895,402.248,216.228,2,0
6896,501.147,105.306,2,0
6897,476.939,108.747,2,0
6898,411.568,250.303,2,0
6899,191.957,168.237,2,0
6900,229.8,48.2377,2,0
6901,245.988,231.544,2,0
6902,227.471,185.299,2,0
6903,159.329,279.983,2,0
6904,123.234,83.8126,2,0
6905,189.928,230.429,2,0
6906,490.237,68.8115,2,0
6907,142.684,74.3218,2,0
6908,214.337,139.739,2,0
6909,516.789,75.4795,2,0
6910,572.627,258.588,2,0
6911,484.256,38.0201,2,0
6912,490.382,235.864,2,0
6913,593.729,44.1234,2,0
6914,53.5674,164.016,2,0
6915,598.427,54.2027,2,0
6916,39.6123,174.861,2,0
6917,363.036,276.299,2,0
6918,72.0439,276.762,2,0
6919,326.67,189.332,2,0
6920,589.652,280.455,2,0
6921,390.531,231.47,2,0
6922,59.9621,294.522,2,0
6923,450.666,222.396,2,0
6924,125.529,49.6533,2,0
6925,295.218,209.632,2,0
6926,538.441,133.852,2,0
6927,339.082,96.4161,2,0
6928,413.133,254.119,2,0
6929,438.975,213.487,2,0
6930,398.597,233.052,2,0
6931,251.347,161.039,2,0
6932,523.117,151.224,2,0
6933,117.777,167.256,2,0
6934,189.901,20.1172,2,0
6935,272.719,149.872,2,0
6936,217.645,283.855,2,0
6937,79.2514,106.568,2,0
6938,122.483,221.149,2,0
6939,298.117,30.9169,2,0
6940,387.3,95.9977,2,0
6941,356.154,31.9334,2,0
6942,405.323,201.708,2,0
6943,100.002,41.8673,2,0
6944,5.40376,159.998,2,0
6945,146.461,105.989,2,0
6946,379.32,290.896,2,0
6947,302.681,13.662,2,0
6948,73.6552,283.702,2,0
6949,238.318,284.039,2,0
6950,45.6984,173.219,2,0
6951,41.9617,58.8462,2,0
6952,120.181,254.943,2,0
6953,89.2075,212.822,2,0
6954,230.487,221.199,2,0
6955,105.632,142.17,2,0
6956,213.047,85.8846,2,0
6957,100.613,96.1321,2,0
6958,481.151,162.163,2,0
6959,52.8805,270.709,2,0
6960,539.987,40.5653,2,0
6961,80.3602,46.471,2,0
6962,66.0784,298,2,0
6963,492.117,294.561,2,0
6964,90.3748,290.955,2,0
6965,277.934,249.322,2,0
6966,566.092,66.6274,2,0
6967,219.058,209.768,2,0
6968,479.169,130.027,2,0
6969,358.222,2,2,0
6970,59.1429,91.5238,2,0
6971,113.697,63.9529,2,0
6972,238.348,269.984,2,0
6973,123.201,191.106,2,0
6974,398.741,2,2,0
6975,417.382,147.99,2,0
6976,103.259,64.3402,2,0
6977,157.652,242.679,2,0
6978,60.0289,217.481,2,0
6979,235.869,5.51197,2,0
6980,13.1852,23.1313,2,0
6981,163.08,88.5532,2,0
6982,460.606,115.059,2,0
6983,283.175,152.3,2,0
6984,429.64,172.09,2,0
6985,493.14,143.048,2,0
6986,61.4209,159.141,2,0
6987,34.4881,118.84,2,0
6988,135.954,291.043,2,0
6989,264.767,219.549,2,0
6990,445.938,184.374,2,0
6991,100.704,202.799,2,0
6992,493.747,150.15,2,0
6993,139.098,40.3848,2,0
6994,553.095,2,2,0
6995,573.869,120.963,2,0
6996,240.41,280.541,2,0
6997,290.745,63.6279,2,0
6998,481.659,133.351,2,0
6999,306.716,130.112,2,0
7000,448.095,40.9274,2,0
7001,597.951,198.074,2,0
7002,321.569,287.624,2,0
7003,127.901,74.414,2,0
7004,106.241,16.1496,2,0
7005,89.1962,117.446,2,0
7006,46.2044,51.9245,2,0
7007,541.838,32.6602,2,0
7008,321.475,230.544,2,0
7009,465.37,117.427,2,0
7010,103.793,100.246,2,0
7011,534.7,19.7382,2,0
7012,108.934,242.456,2,0
7013,419.485,291.027,2,0
7014,447.848,298,2,0
7015,284.734,24.2191,2,0
7016,428.499,180.097,2,0
7017,323.956,182.716,2,0
7018,311.59,111.723,2,0
7019,101.246,92.06,2,0
7020,131.148,245.892,2,0
7021,12.5173,95.1299,2,0
7022,21.4277,247.461,2,0
7023,477.767,151.656,2,0
7024,597.79,294.137,2,0
7025,137.892,201.545,2,0
7026,138.634,245.16,2,0
7027,136.57,215.161,2,0
7028,211.902,125.322,2,0
7029,330.172,122.047,2,0
7030,1.72491,226.992,2,0
7031,109.454,118.076,2,0
7032,212.718,118.181,2,0
7033,256.751,104.468,2,0
7034,587.815,13.8911,2,0
7035,346.147,69.9482,2,0
7036,263.18,290.998,2,0
7037,425.718,287.509,2,0
7038,533.588,209.084,2,0
7039,473.041,145.144,2,0
7040,279.814,92.4309,2,0
7041,510.372,88.69,2,0
7042,355.006,189.055,2,0
7043,294.175,116.04,2,0
7044,424.898,151.271,2,0
7045,191.931,85.4143,2,0
7046,69.4354,48.2523,2,0
7047,19.5999,25.8112,2,0
7048,410.917,9.01477,2,0
7049,357.206,213.98,2,0
7050,369.371,79.3176,2,0
7051,44.3753,34.3621,2,0
7052,143.625,190.751,2,0
7053,233.407,224.041,2,0
7054,334.466,135.9,2,0
7055,505.754,148.125,2,0
7056,103.559,114.303,2,0
7057,275.499,240.441,2,0
7058,287.731,104.777,2,0
7059,408.192,113.788,2,0
7060,232.619,110.675,2,0
7061,468.726,127.745,2,0
7062,11.4545,280.666,2,0
7063,534.207,202.303,2,0
7064,557.931,140.503,2,0
7065,318.126,228.266,2,0
7066,47.6435,209.682,2,0
7067,177.882,73.7089,2,0
7068,577.372,94.8862,2,0
7069,97.8939,18.3677,2,0
7070,325.082,141.907,2,0
7071,568.933,233.282,2,0
7072,240.481,46.2244,2,0
7073,106.857,182.246,2,0
7074,254.51,209.836,2,0
7075,397.151,239.91,2,0
7076,379.291,168.234,2,0
7077,442.492,195.781,2,0
7078,282.599,5.42947,2,0
7079,476.924,249.143,2,0
7080,27.4733,290.342,2,0
7081,130.007,273.348,2,0
7082,374.806,213.61,2,0
7083,269.005,77.2799,2,0
7084,86.3251,254.188,2,0
7085,100.331,236.038,2,0
7086,473.701,59.4077,2,0
7087,112.247,206.449,2,0
7088,11.459,175.201,2,0
7089,245.645,52.2103,2,0
7090,240.335,15.1685,2,0
7091,474.699,105.37,2,0
7092,465.108,48.4411,2,0
7093,258.255,9.75068,2,0
7094,480.63,101.167,2,0
7095,506.38,5.43589,2,0
7096,462.554,37.9426,2,0
7097,276.671,222.385,2,0
7098,6.37974,181.331,2,0
7099,23.2828,100.791,2,0
7100,170.182,122.649,2,0
7101,290.169,219.165,2,0
7102,565.41,274.822,2,0
7103,151.879,166.035,2,0
7104,198.996,130.768,2,0
7105,457.465,136.338,2,0
7106,111.176,298,2,0
7107,532.775,226.679,2,0
7108,483.209,43.1054,2,0
7109,238.243,248.424,2,0
7110,231.431,246.602,2,0
7111,235.287,107.603,2,0
7112,395.895,225.366,2,0
7113,52.2968,55.587,2,0
7114,456.773,120.862,2,0
7115,506.642,119.716,2,0
7116,364.935,77.7293,2,0
7117,212.136,207.816,2,0
7118,411.42,290.993,2,0
7119,443.828,168.95,2,0
7120,477.946,290.993,2,0
7121,590.472,161.624,2,0
7122,100.58,265.95,2,0
7123,576.675,102.362,2,0
7124,303.551,202.931,2,0
7125,85.3707,110.235,2,0
7126,562.281,243.322,2,0
7127,564.551,77.76,2,0
7128,231.131,134.752,2,0
7129,504.581,144.221,2,0
7130,120.132,227.765,2,0
7131,465.193,59.4056,2,0
7132,381.609,145.08,2,0
7133,532.745,16.1132,2,0
7134,248.169,203.254,2,0
7135,145.75,60.5584,2,0
7136,549.165,9.06835,2,0
7137,416.208,193.937,2,0
7138,75.4397,267.846,2,0
7139,25.1597,283.272,2,0
7140,434.882,213.628,2,0
7141,47.1545,287.207,2,0
7142,174.317,287.455,2,0
7143,266.895,252.158,2,0
7144,198.119,32.2488,2,0
7145,429.573,87.0957,2,0
7146,43.673,69.645,2,0
7147,19.0841,259.438,2,0
7148,375.226,290.95,2,0
7149,361.934,47.255,2,0
7150,408.175,175.187,2,0
7151,103.132,127.032,2,0
7152,78.6097,2,2,0
7153,587.143,171.975,2,0
7154,486.789,228.767,2,0
7155,502.526,236.805,2,0
7156,511.623,43.1399,2,0
7157,4.35603,195.427,2,0
7158,425.634,294.474,2,0
7159,205.396,145.61,2,0
7160,69.7623,115.832,2,0
7161,277.562,106.137,2,0
7162,550.181,141.862,2,0
7163,518.852,122.523,2,0
7164,538.597,79.731,2,0
7165,543.048,143.898,2,0
7166,594.034,74.0035,2,0
7167,582.334,100.603,2,0
7168,264.44,116.815,2,0
7169,109.537,227.764,2,0
7170,205.621,22.6694,2,0
7171,411.276,261.324,2,0
7172,469.153,59.6185,2,0
7173,5.20868,145.933,2,0
7174,398.278,157.834,2,0
7175,546.021,45.7655,2,0
7176,323.827,29.8811,2,0
7177,490.886,157.864,2,0
7178,567.735,247.387,2,0
7179,402.443,244.594,2,0
7180,313.548,89.3517,2,0
7181,250.434,195.27,2,0
7182,496.051,86.4778,2,0
7183,76.0583,30.9604,2,0
7184,36.1461,206.958,2,0
7185,217.986,157.934,2,0
7186,68.9364,86.6218,2,0
7187,20.729,80.8377,2,0
7188,493.457,39.6804,2,0
7189,192.159,69.0757,2,0
7190,170.713,101.229,2,0
7191,87.5897,99.7108,2,0
7192,569.508,148.487,2,0
7193,274.479,5.54596,2,0
7194,342.639,216.101,2,0
7195,99.8811,46.0328,2,0
7196,186.399,177.272,2,0
7197,170.24,243.168,2,0
7198,468.81,46.7796,2,0
7199,45.0278,268.769,2,0
7200,480.456,49.6001,2,0
7201,464.605,203.703,2,0
7202,142.565,139.263,2,0
7203,554.36,242.194,2,0
7204,43.8377,62.4893,2,0
7205,341.017,187.126,2,0
7206,51.0253,177.916,2,0
7207,96.2241,64.2859,2,0
7208,443.288,206.638,2,0
7209,371.497,254.39,2,0
7210,220.579,26.9935,2,0
7211,389.211,91.4253,2,0
7212,422.176,161.768,2,0
7213,127.171,142.133,2,0
7214,269.953,213.303,2,0
7215,446.885,132.78,2,0
7216,453.458,130.808,2,0
7217,522.571,19.6052,2,0
7218,580.774,36.9672,2,0
7219,564.443,279.974,2,0
7220,542.012,221.275,2,0
7221,116.44,93.7438,2,0
7222,285.092,245.034,2,0
7223,214.185,262.076,2,0
7224,364.098,92.2119,2,0
7225,500.347,2,2,0
7226,320.87,252.979,2,0
7227,598.56,21.9224,2,0
7228,370.69,258.421,2,0
7229,495.566,110.253,2,0
7230,207.587,294.417,2,0
7231,387.049,39.0329,2,0
7232,317.704,102.975,2,0
7233,280.393,2,2,0
7234,250.448,85.181,2,0
7235,440.915,217.149,2,0
7236,239.6,86.8335,2,0
7237,39.1416,287.236,2,0
7238,311.76,141.402,2,0
7239,372.282,216.997,2,0
7240,15.5092,85.0215,2,0
7241,460.965,84.7816,2,0
7242,547.239,226.1,2,0
7243,27.5414,123.091,2,0
7244,44.784,133.114,2,0
7245,37.3208,290.822,2,0
7246,386.63,196.996,2,0
7247,252.279,69.3985,2,0
7248,211.851,142.937,2,0
7249,56.4735,34.6417,2,0
7250,536.701,95.9928,2,0
7251,417.575,287.44,2,0
7252,381.205,194.755,2,0
7253,161.554,173.943,2,0
7254,188.926,62.9094,2,0
7255,445.183,188.347,2,0
7256,380.479,201.861,2,0
7257,167.24,283.75,2,0
7258,78.2936,290.926,2,0
7259,166.378,287.469,2,0
7260,322.3,249.068,2,0
7261,28.0414,71.728,2,0
7262,83.7703,235.173,2,0
7263,593.615,273.336,2,0
7264,65.6171,234.267,2,0
7265,587.691,53.9105,2,0
7266,185.536,56.6015,2,0
7267,185.722,148.082,2,0
7268,531.601,175.291,2,0
7269,309.317,185.542,2,0
7270,577.32,118.725,2,0
7271,300.457,159.102,2,0
7272,208.727,105.841,2,0
7273,215.734,92.895,2,0
7274,348.351,118.027,2,0
7275,389.558,143.907,2,0
7276,142.469,132.393,2,0
7277,253.981,23.8873,2,0
7278,38.2708,200.097,2,0
7279,137.625,160.443,2,0
7280,97.9937,246.661,2,0
7281,261.749,44.451,2,0
7282,337.542,261.574,2,0
7283,439.372,16.0073,2,0
7284,360.386,253.416,2,0
7285,23.0813,92.6122,2,0
7286,529.207,262.202,2,0
7287,96.8868,180.454,2,0
7288,285.049,227.26,2,0
7289,266.998,113.732,2,0
7290,149.42,242.378,2,0
7291,213.422,146.644,2,0
7292,108.371,274.022,2,0
7293,182.914,226.343,2,0
7294,423.294,106.409,2,0
7295,201.494,298,2,0
7296,364.56,23.6311,2,0
7297,320.157,64.7364,2,0
7298,584.713,38.2637,2,0
7299,546.629,170.829,2,0
7300,449.525,64.3271,2,0
7301,385.155,287.375,2,0
7302,124.033,131.732,2,0
7303,361.055,233.317,2,0
7304,437.026,74.6053,2,0
7305,227.02,21.5435,2,0
7306,294.647,106.355,2,0
7307,211.64,181.682,2,0
7308,219.413,104.51,2,0
7309,15.1686,242.392,2,0
7310,154.233,294.544,2,0
7311,353.455,266.434,2,0
7312,455.113,88.6841,2,0
7313,473.969,158.612,2,0
7314,230.814,206.557,2,0
7315,287.717,269.064,2,0
7316,36.4375,192.166,2,0
7317,522.222,147.245,2,0
7318,448.597,232.865,2,0
7319,215.509,294.489,2,0
7320,562.519,133.767,2,0
7321,575.816,198.332,2,0
7322,391.057,267.829,2,0
7323,328.151,132.667,2,0
7324,12.1073,195.727,2,0
7325,234.771,182.126,2,0
7326,22.7543,46.972,2,0
7327,589.835,196.911,2,0
7328,153.146,180.615,2,0
7329,258.004,13.7979,2,0
7330,121.791,235.819,2,0
7331,254.837,284.016,2,0
7332,58.2547,59.2562,2,0
7333,544.122,84.2147,2,0
7334,16.3227,105.136,2,0
7335,221.039,176.357,2,0
7336,207.309,114.155,2,0
7337,544.172,73.8723,2,0
7338,579.24,237.19,2,0
7339,34.1209,37.6623,2,0
7340,87.8076,228.888,2,0
7341,456.795,239.644,2,0
7342,424.386,147.291,2,0
7343,465.489,135.124,2,0
7344,63.5893,106.935,2,0
7345,252.537,227.563,2,0
7346,520.173,206.479,2,0
7347,161.938,64.243,2,0
7348,168.109,232.237,2,0
7349,75.5653,82.1979,2,0
7350,235.216,135.295,2,0
7351,226.562,80.7389,2,0
7352,377.596,180.218,2,0
7353,294.736,232.052,2,0
7354,27.4138,119.077,2,0
7355,134.598,30.6379,2,0
7356,132.997,87.5755,2,0
7357,99.8029,100.073,2,0
7358,170.56,273.633,2,0
7359,163.643,246.247,2,0
7360,27.0423,110.983,2,0
7361,548.032,106.667,2,0
7362,542.77,276.63,2,0
7363,67.4235,39.616,2,0
7364,275.828,78.9287,2,0
7365,45.6104,5.50121,2,0
7366,484.054,136.651,2,0
7367,556.429,86.8623,2,0
7368,58.35,210.725,2,0
7369,173.003,35.9347,2,0
7370,201.464,290.911,2,0
7371,131.847,291.002,2,0
7372,473.774,252.533,2,0
7373,17.5352,248.826,2,0
7374,16.457,109.14,2,0
7375,368.806,48.6309,2,0
7376,447.801,284.42,2,0
7377,366.33,2,2,0
7378,168.891,36.2327,2,0
7379,261.638,233.641,2,0
7380,248.734,294.507,2,0
7381,524.607,294.456,2,0
7382,593.54,85.6182,2,0
7383,531.042,212.277,2,0
7384,289.465,223.17,2,0
7385,588.659,64.4562,2,0
7386,325.645,197.458,2,0
7387,142.716,14.858,2,0
7388,43.0419,225.242,2,0
7389,63.954,216.575,2,0
7390,134.058,273.376,2,0
7391,446.75,71.2908,2,0
7392,488.261,23.009,2,0
7393,144.161,109.379,2,0
7394,306.687,205.425,2,0
7395,53.6412,5.55777,2,0
7396,365.223,272.93,2,0
7397,353.76,151.677,2,0
7398,141.137,158.413,2,0
7399,376.234,157.068,2,0
7400,344.823,85.9824,2,0
7401,182.923,218.171,2,0
7402,405.273,48.1436,2,0
7403,395.119,104.401,2,0
7404,21.3322,5.53323,2,0
7405,253.571,32.0167,2,0
7406,258.419,46.7842,2,0
7407,383.964,155.468,2,0
7408,589.594,86.7728,2,0
7409,52.2726,48.5843,2,0
7410,337.987,89.9974,2,0
7411,72.5382,230.013,2,0
7412,323.264,242.064,2,0
7413,139.745,22.3599,2,0
7414,115.479,222.473,2,0
7415,115.977,71.7741,2,0
7416,253.989,107.455,2,0
7417,557.354,16.1221,2,0
7418,352.974,287.458,2,0
7419,95.7285,230.659,2,0
7420,44.5882,279.577,2,0
7421,203.605,164.594,2,0
7422,273.952,72.2772,2,0
7423,571.793,247.939,2,0
7424,102.327,34.061,2,0
7425,583.33,69.5028,2,0
7426,188.649,16.0743,2,0
7427,226.906,207.717,2,0
7428,452.969,126.717,2,0
7429,223.825,12.4922,2,0
7430,402.834,96.9077,2,0
7431,543.461,155.765,2,0
7432,561.77,2,2,0
7433,481.941,290.92,2,0
7434,114.394,52.9438,2,0
7435,256.758,273.425,2,0
7436,280.003,52.7474,2,0
7437,69.9711,9.46766,2,0
7438,409.972,136.359,2,0
7439,185.887,19.7047,2,0
7440,130.238,105.03,2,0
7441,49.388,121.751,2,0
7442,227.384,74.7344,2,0
7443,438.631,63.0923,2,0
7444,581.921,9.04881,2,0
7445,97.191,117.665,2,0
7446,156.54,109.988,2,0
7447,260.001,71.9986,2,0
7448,116.55,147.839,2,0
7449,278.964,41.2367,2,0
7450,554.971,290.952,2,0
7451,358.884,217.615,2,0
7452,24.4566,287.381,2,0
7453,94.6948,159.329,2,0
7454,277.263,226.398,2,0
7455,360.558,131.633,2,0
7456,470.929,80.7111,2,0
7457,175.147,133.816,2,0
7458,101.674,157.979,2,0
7459,303.934,25.2413,2,0
7460,105.392,154.121,2,0
7461,84.611,207.575,2,0
7462,33.6289,161.687,2,0
7463,499.507,270.728,2,0
7464,112.392,157.959,2,0
7465,197.428,233.005,2,0
7466,368.1,149.773,2,0
7467,76.4994,56.3048,2,0
7468,90.3808,92.449,2,0
7469,382.328,85.7111,2,0
7470,309.289,50.7814,2,0
7471,215.448,103.638,2,0
7472,317.972,161.901,2,0
7473,242.371,270.055,2,0
7474,294.633,13.4596,2,0
7475,63.6085,220.728,2,0
7476,496.323,16.0349,2,0
7477,356.264,16.1911,2,0
7478,237.369,222.942,2,0
7479,215.119,132.87,2,0
7480,19.2598,86.7633,2,0
7481,488.007,52.7199,2,0
7482,385.059,177.136,2,0
7483,261.384,199.496,2,0
7484,585.23,245.978,2,0
7485,394.533,9.5016,2,0
7486,309.975,294.502,2,0
7487,167.892,239.353,2,0
7488,102.776,298,2,0
7489,259.425,67.7348,2,0
7490,268.163,128.231,2,0
7491,206.695,53.3225,2,0
7492,494.691,265.157,2,0
7493,535.993,41.6309,2,0
7494,583.719,55.0221,2,0
7495,560.411,187.689,2,0
7496,435.503,239.171,2,0
7497,146.539,259.408,2,0
7498,425.011,68.6661,2,0
7499,451.486,267.355,2,0
7500,170.833,281.761,2,0
7501,293.861,146.581,2,0
7502,496.197,287.547,2,0
7503,388.423,162.258,2,0
7504,117.11,127.516,2,0
7505,327.895,208.015,2,0
7506,199.716,48.7104,2,0
7507,314.95,74.3376,2,0
7508,514.298,159.876,2,0
7509,326.075,122.158,2,0
7510,437.677,34.9102,2,0
7511,91.4018,2,2,0
7512,449.358,210.372,2,0
7513,315.775,270.866,2,0
7514,193.473,216.124,2,0
7515,97.8029,143.915,2,0
7516,56.2698,48.6009,2,0
7517,43.6642,126.073,2,0
7518,488.592,198.216,2,0
7519,261.674,119.905,2,0
7520,496.05,135.439,2,0
7521,425.692,168.758,2,0
7522,128.206,101.354,2,0
7523,524.663,2,2,0
7524,279.544,290.879,2,0
7525,352.831,34.392,2,0
7526,417.535,280.388,2,0
7527,233.03,269.177,2,0
7528,249.79,38.0664,2,0
7529,214.195,53.0227,2,0
7530,25.2653,264.665,2,0
7531,226.362,251.69,2,0
7532,12.8118,103.312,2,0
7533,399.225,269.303,2,0
7534,155.665,120.704,2,0
7535,354.209,96.358,2,0
7536,324.056,51.2925,2,0
7537,218.189,191.705,2,0
7538,563.144,298,2,0
7539,531.919,157.502,2,0
7540,328.395,292.008,2,0
7541,486.776,263.608,2,0
7542,442.377,64.7907,2,0
7543,26.4754,94.6202,2,0
7544,444.287,199.453,2,0
7545,133.946,280.414,2,0
7546,177.168,77.4849,2,0
7547,556.763,129.682,2,0
7548,569.255,273.695,2,0
7549,593.302,242.541,2,0
7550,142.586,252.283,2,0
7551,373.442,273.102,2,0
7552,72.5342,145.628,2,0
7553,293.222,199.036,2,0
7554,219.268,198.594,2,0
7555,370.004,183.272,2,0
7556,323.035,61.9221,2,0
7557,60.1308,183.354,2,0
7558,277.609,144.206,2,0
7559,387.872,234.55,2,0
7560,131.995,276.826,2,0
7561,448.446,75.8501,2,0
7562,399.163,98.497,2,0
7563,344.924,287.44,2,0
7564,225.875,123.687,2,0
7565,483.914,287.432,2,0
7566,377.58,23.3748,2,0
7567,47.0388,177.065,2,0
7568,22.333,157.85,2,0
7569,598.171,32.6339,2,0
7570,487.07,191.4,2,0
7571,289.679,53.0107,2,0
7572,87.9771,135.14,2,0
7573,386.406,46.1394,2,0
7574,207.899,266.777,2,0
7575,505.737,130.389,2,0
7576,78.1021,164.995,2,0
7577,158.014,228.5,2,0
7578,185.909,48.3624,2,0
7579,558.221,117.249,2,0
7580,334.69,65.7705,2,0
7581,87.1794,145.714,2,0
7582,386.909,25.1536,2,0
7583,466.258,73.7688,2,0
7584,362.538,20.0868,2,0
7585,471.298,259.174,2,0
7586,581.26,124.598,2,0
7587,24.6716,188.458,2,0
7588,592.019,116.274,2,0
7589,30.8515,116.873,2,0
7590,49.6631,149.261,2,0
7591,74.902,52.4922,2,0
7592,172.076,136.601,2,0
7593,490.618,72.7954,2,0
7594,437.082,195.585,2,0
7595,124.823,31.5619,2,0
7596,297.556,41.7395,2,0
7597,317.457,250.657,2,0
7598,300.307,97.3946,2,0
7599,569.816,2,2,0
7600,327.515,31.6355,2,0
7601,170.417,294.586,2,0
7602,482.069,220.831,2,0
7603,234.49,142.424,2,0
7604,164.399,198.389,2,0
7605,448.396,251.361,2,0
7606,217.997,213.619,2,0
7607,169.29,18.5974,2,0
7608,147.56,171.587,2,0
7609,327.3,138.41,2,0
7610,494.131,290.928,2,0
7611,120.251,263.173,2,0
7612,133.503,68.4584,2,0
7613,396.766,111.435,2,0
7614,438.863,149.102,2,0
7615,566.605,35.1823,2,0
7616,492.767,124.885,2,0
7617,46.9972,224.342,2,0
7618,132.546,217.203,2,0
7619,553.02,218.281,2,0
7620,91.1541,20.2656,2,0
7621,525.032,262.206,2,0
7622,11.9866,239.565,2,0
7623,170.988,193.154,2,0
7624,121.176,163.69,2,0
7625,527.623,175.724,2,0
7626,293.769,271.754,2,0
7627,421.124,149.687,2,0
7628,436.151,160.557,2,0
7629,84.3268,227.014,2,0
7630,245.338,180.272,2,0
7631,381.986,209.854,2,0
7632,197.41,111.825,2,0
7633,473.233,37.0005,2,0
7634,235.49,216.217,2,0
7635,130.315,27.2194,2,0
7636,530.895,90.4868,2,0
7637,478.092,207.736,2,0
7638,199.471,294.52,2,0
7639,328.833,2,2,0
7640,369.252,245.585,2,0
7641,6.35837,123.83,2,0
7642,375.137,118.875,2,0
7643,172.168,204.142,2,0
7644,390.056,83.3194,2,0
7645,257.38,82.7014,2,0
7646,449.148,255.329,2,0
7647,598.975,115.967,2,0
7648,595.464,201.268,2,0
7649,39.846,263.587,2,0
7650,46.9852,23.5101,2,0
7651,460.042,139.428,2,0
7652,209.681,28.764,2,0
7653,227.62,130.32,2,0
7654,321.148,172.298,2,0
7655,60.631,228.146,2,0
7656,149.131,72.2131,2,0
7657,199.535,57.1095,2,0
7658,294.49,77.163,2,0
7659,371.082,290.868,2,0
7660,473.995,5.51144,2,0
7661,81.5193,50.4347,2,0
7662,512.459,16.1163,2,0
7663,172.183,232.306,2,0
7664,139.938,77.3163,2,0
7665,504.62,71.0102,2,0
7666,514.665,251.567,2,0
7667,158.733,131.92,2,0
7668,103.46,44.0372,2,0
7669,373.668,265.915,2,0
7670,195.34,252.896,2,0
7671,561.232,56.6966,2,0
7672,327.508,257.318,2,0
7673,229.064,66.8333,2,0
7674,453.408,22.9459,2,0
7675,397.484,136.59,2,0
7676,327.495,103.854,2,0
7677,308.952,30.1757,2,0
7678,198.663,255.288,2,0
7679,70.2121,17.7243,2,0
7680,175.445,238.445,2,0
7681,199.381,151.212,2,0
7682,374.551,239.204,2,0
7683,373.531,129.396,2,0
7684,500.225,294.503,2,0
7685,441.589,84.3849,2,0
7686,504.764,233.332,2,0
7687,280.574,103.407,2,0
7688,272.446,8.99369,2,0
7689,0.269288,139.622,2,0
7690,482.658,170.978,2,0
7691,317.638,170,2,0
7692,258.367,161.888,2,0
7693,205.528,15.8777,2,0
7694,45.1826,254.506,2,0
7695,359.348,25.1026,2,0
7696,413.806,179.387,2,0
7697,454.921,193.386,2,0
7698,192.819,164.316,2,0
7699,310.553,130.96,2,0
7700,520.679,248.235,2,0
7701,192.156,73.2154,2,0
7702,355.557,23.7944,2,0
7703,575.159,152.723,2,0
7704,275.438,298,2,0
7705,114.4,78.5796,2,0
7706,426.221,206.801,2,0
7707,89.4573,103.262,2,0
7708,598.687,68.9594,2,0
7709,455.348,154.787,2,0
7710,97.6489,103.51,2,0
7711,315.909,28.267,2,0
7712,160.092,2,2,0
7713,295.838,205.614,2,0
7714,181.329,275.422,2,0
7715,446.876,243.466,2,0
7716,96.9334,259.922,2,0
7717,510.224,219.307,2,0
7718,158.129,124.006,2,0
7719,469.205,42.6713,2,0
7720,459.11,55.8333,2,0
7721,437.644,191.501,2,0
7722,34.0129,106.672,2,0
7723,376.915,76.1211,2,0
7724,431.232,15.9791,2,0
7725,448.5,36.8952,2,0
7726,60.6728,34.679,2,0
7727,104.77,189.037,2,0
7728,243.96,9.31396,2,0
7729,249.623,77.1431,2,0
7730,552.369,270.333,2,0
7731,318.162,200.697,2,0
7732,524.585,74.5267,2,0
7733,131.95,75.3931,2,0
7734,445.564,120.73,2,0
7735,395.276,73.8344,2,0
7736,430.592,138.117,2,0
7737,449.315,28.8329,2,0
7738,6.48192,127.95,2,0
7739,561.409,102.309,2,0
7740,501.941,169.159,2,0
7741,225.177,200.95,2,0
7742,209.551,128.486,2,0
7743,85.6776,96.1846,2,0
7744,191.211,258.458,2,0
7745,45.2161,183.901,2,0
7746,253.164,73.5822,2,0
7747,386.819,80.3215,2,0
7748,398.539,170.439,2,0
7749,93.801,278.34,2,0
7750,421.428,153.685,2,0
7751,165.099,95.3758,2,0
7752,268.732,42.8336,2,0
7753,498.388,5.49459,2,0
7754,536.632,216.72,2,0
7755,77.6704,169.069,2,0
7756,544.926,294.571,2,0
7757,73.5709,168.059,2,0
7758,445.158,34.438,2,0
7759,23.2962,2,2,0
7760,417.215,256.881,2,0
7761,395.316,100.317,2,0
7762,458.02,104.608,2,0
7763,466.055,234.026,2,0
7764,506.381,19.673,2,0
7765,570.502,36.1822,2,0
7766,274.188,207.534,2,0
7767,152.209,284.076,2,0
7768,40.0605,156.715,2,0
7769,142.652,146.177,2,0
7770,401.431,46.4133,2,0
7771,364.232,251.961,2,0
7772,61.2517,251.096,2,0
7773,305.844,106.592,2,0
7774,128.992,47.4613,2,0
7775,56.1958,160.906,2,0
7776,498.633,177.661,2,0
7777,12.9902,111.518,2,0
7778,486.366,235.613,2,0
7779,215.553,287.339,2,0
7780,202.907,194.185,2,0
7781,82.7329,264.469,2,0
7782,245.045,250.104,2,0
7783,139.548,190.928,2,0
7784,294.362,108.979,2,0
7785,390.457,124.188,2,0
7786,72.1957,84.5228,2,0
7787,356.494,35.9199,2,0
7788,170.164,235.823,2,0
7789,152.381,277.045,2,0
7790,571.032,169.947,2,0
7791,60.5087,283.292,2,0
7792,540.862,9.05923,2,0
7793,106.858,298,2,0
7794,360.446,67.1522,2,0
7795,333.892,61.6947,2,0
7796,71.1293,196.183,2,0
7797,45.8324,298,2,0
7798,302.579,104.12,2,0
7799,179.009,135.173,2,0
7800,98.5485,32.9614,2,0
7801,108.007,100.362,2,0
7802,53.2443,215.537,2,0
7803,595.002,222.488,2,0
7804,559.6,264.386,2,0
7805,519.081,70.1848,2,0
7806,65.3567,31.6735,2,0
7807,149.802,5.39599,2,0
7808,591.794,12.6104,2,0
7809,58.0465,66.3488,2,0
7810,72.0783,161.04,2,0
7811,0.761893,35.7777,2,0
7812,388.083,104.043,2,0
7813,366.94,85.5962,2,0
7814,261.341,79.9276,2,0
7815,103.104,181.103,2,0
7816,286.607,12.5611,2,0
7817,124.739,165.608,2,0
7818,472.099,180.219,2,0
7819,158.352,294.449,2,0
7820,47.4915,9.10516,2,0
7821,197.556,21.5778,2,0
7822,299.699,291.092,2,0
7823,399.118,61.4594,2,0
7824,578.401,221.918,2,0
7825,454.605,246.179,2,0
7826,207.638,219.014,2,0
7827,357.265,120.12,2,0
7828,343.378,45.7686,2,0
7829,272.467,162.622,2,0
7830,596.732,176.544,2,0
7831,175.555,177.024,2,0
7832,387.98,49.9389,2,0
7833,385.851,151.793,2,0
7834,454.568,81.6955,2,0
7835,312.122,191.876,2,0
7836,542.887,19.5557,2,0
7837,590.153,33.9407,2,0
7838,550.739,252.336,2,0
7839,438.04,141.147,2,0
7840,380.511,101.382,2,0
7841,243.929,13.1586,2,0
7842,561.543,91.4753,2,0
7843,295.611,58.5678,2,0
7844,97.2937,280.151,2,0
7845,7.97487,213.739,2,0
7846,235.184,260.31,2,0
7847,480.601,200.032,2,0
7848,472.404,231.054,2,0
7849,50.8154,157.279,2,0
7850,63.4387,206.005,2,0
7851,516.934,133.164,2,0
7852,248.977,234.432,2,0
7853,264.438,15.1755,2,0
7854,383.357,276.822,2,0
7855,217.012,175.657,2,0
7856,326.584,77.981,2,0
7857,241.092,128.424,2,0
7858,359.525,86.9996,2,0
7859,322.851,5.55794,2,0
7860,13.9381,135.781,2,0
7861,289.639,96.8246,2,0
7862,591.672,283.842,2,0
7863,256.572,266.384,2,0
7864,284.579,72.8222,2,0
7865,222.178,65.2668,2,0
7866,137.466,69.3876,2,0
7867,257.811,108.296,2,0
7868,341.099,278.683,2,0
7869,189.435,298,2,0
7870,422.757,221.258,2,0
7871,364.328,138.26,2,0
7872,315.669,217.645,2,0
7873,325.865,277.713,2,0
7874,356.188,66.1684,2,0
7875,515.405,149.019,2,0
7876,184.71,190.724,2,0
7877,251.918,251.641,2,0
7878,267.04,85.2272,2,0
7879,455.053,63.0695,2,0
7880,344.803,243.315,2,0
7881,430.039,263.961,2,0
7882,57.6858,225.252,2,0
7883,308.384,40.9619,2,0
7884,432.06,33.545,2,0
7885,61.88,148.467,2,0
7886,540.271,94.1849,2,0
7887,484.996,34.0766,2,0
7888,332.445,163.69,2,0
7889,504.014,247.422,2,0
7890,370.248,105.454,2,0
7891,333.007,278.074,2,0
7892,221.11,54.559,2,0
7893,133.848,294.547,2,0
7894,161.97,235.689,2,0
7895,468.557,102.298,2,0
7896,55.721,76.6431,2,0
7897,506.568,237.026,2,0
7898,127.02,154.17,2,0
7899,13.6345,169.946,2,0
7900,204.743,117.248,2,0
7901,561.261,158.284,2,0
7902,512.327,287.389,2,0
7903,566.035,193.373,2,0
7904,254.135,19.8133,2,0
7905,318.987,246.934,2,0
7906,137.347,19.1274,2,0
7907,324.832,289.964,2,0
7908,188.563,79.251,2,0
7909,480.275,189.344,2,0
7910,149.356,88.4608,2,0
7911,89.3768,76.45,2,0
7912,251.785,212.892,2,0
7913,232.791,192.841,2,0
7914,102.594,229.241,2,0
7915,433.052,202.373,2,0
7916,367.387,210.745,2,0
7917,410.793,222.754,2,0
7918,333.707,213.565,2,0
7919,438.391,125.729,2,0
7920,457.118,59.5318,2,0
7921,167.598,22.4118,2,0
7922,357.792,151.884,2,0
7923,399.282,258.491,2,0
7924,379.79,49.1482,2,0
7925,573.573,228.082,2,0
7926,132.708,235.707,2,0
7927,2.11653,222.929,2,0
7928,330.926,5.35955,2,0
7929,510.048,57.916,2,0
7930,35.4604,2,2,0
7931,428.732,217.232,2,0
7932,83.0123,272.463,2,0
7933,135.727,22.9076,2,0
7934,250.904,46.0589,2,0
7935,418.311,73.348,2,0
7936,536.523,181.783,2,0
7937,70.5083,127.174,2,0
7938,329.648,219.135,2,0
7939,202.397,87.7227,2,0
7940,39.0478,248.851,2,0
7941,325.054,148.969,2,0
7942,472.008,2,2,0
7943,102.97,39.1093,2,0
7944,157.733,53.2797,2,0
7945,465.905,12.5251,2,0
7946,185.261,298,2,0
7947,305.268,190.832,2,0
7948,332.418,92.7702,2,0
7949,508.234,165.956,2,0
7950,21.0238,139.543,2,0
7951,409.831,178.911,2,0
7952,502.965,85.5944,2,0
7953,150.059,178.057,2,0
7954,503.431,199.088,2,0
7955,409.023,168.186,2,0
7956,366.368,104.305,2,0
7957,9.49214,188.004,2,0
7958,277.787,85.7291,2,0
7959,260.235,2,2,0
7960,313.357,127.884,2,0
7961,205.967,110.243,2,0
7962,592.103,165.436,2,0
7963,337.602,240.142,2,0
7964,499.647,34.5337,2,0
7965,150.061,294.551,2,0
7966,271.009,114.603,2,0
7967,351.085,298,2,0
7968,357.674,206.884,2,0
7969,535.155,212.972,2,0
7970,174.139,250.283,2,0
7971,11.2426,37.7103,2,0
7972,143.719,211.012,2,0
7973,179.116,236.421,2,0
7974,207.09,131.831,2,0
7975,418.978,82.1118,2,0
7976,558.057,233.214,2,0
7977,311.111,222.383,2,0
7978,360.421,16.6795,2,0
7979,88.8795,37.7661,2,0
7980,251.064,184.326,2,0
7981,161.378,217.319,2,0
7982,534.972,113.402,2,0
7983,91.6569,34.803,2,0
7984,522.632,123.934,2,0
7985,391.145,128.455,2,0
7986,161.401,209.136,2,0
7987,340.453,274.818,2,0
7988,459.417,10.6026,2,0
7989,360.864,51.1891,2,0
7990,31.8084,149.722,2,0
7991,247.368,222.73,2,0
7992,205.377,8.82078,2,0
7993,66.1856,137.086,2,0
7994,359.039,128.062,2,0
7995,286.9,138.854,2,0
7996,538.933,250.466,2,0
7997,529.523,85.8632,2,0
7998,156.799,35.6946,2,0
7999,85.967,78.5919,2,0
8000,117.105,230.393,2,0
8001,8.35562,278.015,2,0
8002,92.9228,208.835,2,0
8003,313.012,80.9864,2,0
8004,398.953,57.0365,2,0
8005,55.5656,207.644,2,0
8006,292.986,167.001,2,0
8007,331.181,49.887,2,0
8008,578.565,241.185,2,0
8009,244.279,204.217,2,0
8010,481.054,144.229,2,0
8011,134.713,98.238,2,0
8012,81.0111,136.771,2,0
8013,192.903,242.227,2,0
8014,223.646,94.5155,2,0
8015,504.387,16.1254,2,0
8016,559.265,5.46611,2,0
8017,296.138,173.189,2,0
8018,296.442,224.208,2,0
8019,220.62,245.83,2,0
8020,152.32,184.571,2,0
8021,263.255,53.2098,2,0
8022,261.712,164.09,2,0
8023,35.8135,173.555,2,0
8024,308.561,236.821,2,0
8025,549.287,161.414,2,0
8026,137.923,28.3379,2,0
8027,271.388,276.922,2,0
8028,57.9527,298,2,0
8029,518.139,87.8328,2,0
8030,557.255,249.724,2,0
8031,553.865,140.163,2,0
8032,109.284,209.165,2,0
8033,89.1701,64.2946,2,0
8034,349.627,206.084,2,0
8035,536.686,76.1747,2,0
8036,389.608,87.3967,2,0
8037,466.406,249.112,2,0
8038,543.813,53.4213,2,0
8039,52.7659,153.61,2,0
8040,528.401,215.375,2,0
8041,572.078,236.155,2,0
8042,412.868,186.326,2,0
8043,52.001,219.487,2,0
8044,236.213,241.545,2,0
8045,539.669,141.944,2,0
8046,322.315,112.672,2,0
8047,140.698,55.7853,2,0
8048,529.054,208.655,2,0
8049,358.764,12.9625,2,0
8050,590.181,75.0511,2,0
8051,542.957,184.376,2,0
8052,476.13,168.703,2,0
8053,82.1751,214.126,2,0
8054,392.001,154.956,2,0
8055,305.056,137.013,2,0
8056,452.979,27.0669,2,0
8057,258.186,5.57866,2,0
8058,104.114,169.971,2,0
8059,491.461,110.814,2,0
8060,192.196,250.423,2,0
8061,564.414,110.707,2,0
8062,371.258,30.662,2,0
8063,526.587,290.915,2,0
8064,335.321,153.388,2,0
8065,224.065,204.828,2,0
8066,518.232,160.794,2,0
8067,269.05,151.808,2,0
8068,438.87,220.619,2,0
8069,193.468,220.161,2,0
8070,120.201,101.013,2,0
8071,364.878,96.3436,2,0
8072,473.197,282.511,2,0
8073,340.58,264.473,2,0
8074,104.329,94.5218,2,0
8075,315.69,117.425,2,0
8076,455.912,33.4234,2,0
8077,350.137,40.8127,2,0
8078,451.858,230.31,2,0
8079,563.467,37.7531,2,0
8080,402.137,78.0734,2,0
8081,398.49,76.3917,2,0
8082,151.158,252.891,2,0
8083,422.768,247.773,2,0
8084,198.087,137.716,2,0
8085,113.182,145.581,2,0
8086,75.4973,223.622,2,0
8087,338.878,36.2259,2,0
8088,552.263,207.361,2,0
8089,369.256,214.47,2,0
8090,326.251,216.705,2,0
8091,371.124,175.211,2,0
8092,591.15,228.17,2,0
8093,380.506,128.189,2,0
8094,0.309595,80.3606,2,0
8095,171.56,21.8626,2,0
8096,525.126,33.804,2,0
8097,426.619,213.882,2,0
8098,443.03,177.776,2,0
8099,37.9726,238.161,2,0
8100,96.3602,72.2821,2,0
8101,254.84,291.115,2,0
8102,225.955,284.036,2,0
8103,526.68,19.6378,2,0
8104,3.73438,283.566,2,0
8105,394.074,25.858,2,0
8106,534.646,276.738,2,0
8107,387.172,140.041,2,0
8108,544.253,206.04,2,0
8109,272.629,32.7653,2,0
8110,111.463,262.602,2,0
8111,374.157,106.842,2,0
8112,498.629,80.0037,2,0
8113,207.358,287.149,2,0
8114,169.996,25.6365,2,0
8115,177.515,103.132,2,0
8116,255.482,247.338,2,0
8117,337.95,82.0912,2,0
8118,306.672,175.406,2,0
8119,292.065,119.878,2,0
8120,482.316,258.377,2,0
8121,128.068,269.729,2,0
8122,286.56,5.4909,2,0
8123,93.825,177.622,2,0
8124,130.541,160.263,2,0
8125,271.966,80.0969,2,0
8126,287.577,275.924,2,0
8127,327.397,118.188,2,0
8128,325.268,285.798,2,0
8129,83.5109,99.6289,2,0
8130,56.5983,27.5073,2,0
8131,554.252,156.427,2,0
8132,126.988,205.174,2,0
8133,154.008,46.0036,2,0
8134,210.229,139.263,2,0
8135,332.097,171.565,2,0
8136,512.123,47.3842,2,0
8137,175.879,218.261,2,0
8138,338.344,100.354,2,0
8139,128.667,215.848,2,0
8140,398.672,198.998,2,0
8141,247.171,19.5711,2,0
8142,125.174,110.201,2,0
8143,63.354,16.9941,2,0
8144,30.5319,16.4797,2,0
8145,361.844,99.0342,2,0
8146,70.2192,66.6571,2,0
8147,287.832,283.676,2,0
8148,63.7408,8.92453,2,0
8149,225.163,32.8336,2,0
8150,562.704,179.959,2,0
8151,200.527,270.039,2,0
8152,545.032,22.9799,2,0
8153,10.349,65.2712,2,0
8154,24.39,217.512,2,0
8155,437.804,287.342,2,0
8156,96.4733,234.643,2,0
8157,597.439,187.335,2,0
8158,207.873,235.58,2,0
8159,436.45,164.585,2,0
8160,390.297,253.084,2,0
8161,526.805,244.814,2,0
8162,510.386,158.713,2,0
8163,457.928,176.59,2,0
8164,273.798,247.856,2,0
8165,138.464,139.341,2,0
8166,521.359,217.655,2,0
8167,584.051,146.673,2,0
8168,208.363,153.199,2,0
8169,478.471,66.0748,2,0
8170,170.368,261.364,2,0
8171,279.627,150.168,2,0
8172,101,221.329,2,0
8173,199.373,61.1591,2,0
8174,157.782,211.259,2,0
8175,453.858,260.751,2,0
8176,340.445,21.6515,2,0
8177,355.767,27.8068,2,0
8178,365.019,49.8362,2,0
8179,457.682,5.49965,2,0
8180,177.595,88.1968,2,0
8181,302.779,232.691,2,0
8182,391.802,147.358,2,0
8183,432.252,270.897,2,0
8184,322.477,104.577,2,0
8185,334.97,5.47986,2,0
8186,325.749,107.457,2,0
8187,530.817,130.934,2,0
8188,325.395,42.1645,2,0
8189,21.4388,266.043,2,0
8190,374.8,258.473,2,0
8191,225.66,272.518,2,0
8192,21.6977,191.267,2,0
8193,326.659,159.612,2,0
8194,265.898,244.004,2,0
8195,454.454,264.664,2,0
8196,406.858,64.2865,2,0
8197,337.121,78.1611,2,0
8198,547.09,213.626,2,0
8199,408.793,5.5111,2,0
8200,49.0143,107.011,2,0
8201,368.265,75.3619,2,0
8202,80.0493,220.795,2,0
8203,356.594,177.044,2,0
8204,449.573,68.5121,2,0
8205,49.4428,96.3685,2,0
8206,537.835,129.732,2,0
8207,355.208,269.623,2,0
8208,101.488,110.643,2,0
8209,469.101,213.607,2,0
8210,588.783,203.78,2,0
8211,549.126,22.9674,2,0
8212,187.248,107.583,2,0
8213,106.33,163.256,2,0
8214,535.55,53.7521,2,0
8215,242.338,54.3842,2,0
8216,557.724,79.8493,2,0
8217,282.68,164.581,2,0
8218,46.7158,99.2964,2,0
8219,567.21,298,2,0
8220,492.674,232.64,2,0
8221,23.5567,165.783,2,0
8222,260.734,237.562,2,0
8223,298.529,128.555,2,0
8224,345.158,212.879,2,0
8225,484.591,199.094,2,0
8226,400.382,34.8381,2,0
8227,459.038,204.846,2,0
8228,579.878,248.911,2,0
8229,340.876,92.8256,2,0
8230,215.443,161.109,2,0
8231,69.798,147.239,2,0
8232,107.753,186.266,2,0
8233,235.776,175.151,2,0
8234,583.315,235.502,2,0
8235,80.9693,191.617,2,0
8236,152.697,135.728,2,0
8237,384.372,102.591,2,0
8238,109.8,139.482,2,0
8239,249.977,33.9836,2,0
8240,473.578,241.77,2,0
8241,83.1472,243.292,2,0
8242,589.75,287.559,2,0
8243,47.2181,16.3677,2,0
8244,281.183,264.196,2,0
8245,445.829,294.479,2,0
8246,109.622,110.908,2,0
8247,364.674,196.796,2,0
8248,165.344,172.622,2,0
8249,433.097,75.3772,2,0
8250,373.402,23.1672,2,0
8251,586.308,46.9865,2,0
8252,164.391,224.191,2,0
8253,258.428,86.676,2,0
8254,43.173,76.9137,2,0
8255,5.99253,271.438,2,0
8256,233.845,188.933,2,0
8257,434.789,82.253,2,0
8258,26.4958,28.2751,2,0
8259,209.479,87.7595,2,0
8260,423.756,283.934,2,0
8261,415.117,41.0839,2,0
8262,480.808,268.989,2,0
8263,70.3459,59.4972,2,0
8264,440.34,88.1511,2,0
8265,37.0737,234.321,2,0
8266,469.055,145.538,2,0
8267,430.855,83.1014,2,0
8268,135.595,115.875,2,0
8269,562.578,106.193,2,0
8270,289.724,67.5955,2,0
8271,130.358,174.849,2,0
8272,556.194,177.883,2,0
8273,110.4,43.8092,2,0
8274,430.019,199.548,2,0
8275,555.885,203.501,2,0
8276,423.677,290.956,2,0
8277,460.29,214.52,2,0
8278,327.142,27.5635,2,0
8279,195.714,35.467,2,0
8280,553.851,259.841,2,0
8281,156.749,135.523,2,0
8282,454.131,178.356,2,0
8283,485.76,63.2022,2,0
8284,490.167,12.5197,2,0
8285,316.832,182.173,2,0
8286,119.754,25.3783,2,0
8287,593.4,186.839,2,0
8288,596.997,159.065,2,0
8289,74.4564,66.6271,2,0
8290,105.019,173.861,2,0
8291,185.408,194.995,2,0
8292,292.106,229.563,2,0
8293,425.274,269.039,2,0
8294,81.5866,2,2,0
8295,536.851,2,2,0
8296,428.152,148.952,2,0
8297,211.557,12.3866,2,0
8298,428.278,238.499,2,0
8299,494.252,5.50392,2,0
8300,136.433,255.74,2,0
8301,103.697,248.428,2,0
8302,392.86,166.17,2,0
8303,228.089,203.751,2,0
8304,400.048,202.873,2,0
8305,65.5636,166.41,2,0
8306,98.7839,227.985,2,0
8307,550.632,274.707,2,0
8308,113.391,195.661,2,0
8309,333.291,274.131,2,0
8310,281.87,175.424,2,0
8311,260.759,273.577,2,0
8312,435.723,298,2,0
8313,361.26,294.422,2,0
8314,371.062,55.2249,2,0
8315,263.585,203.149,2,0
8316,552.361,86.0019,2,0
8317,558.016,42.7547,2,0
8318,536.984,49.9965,2,0
8319,359.702,229.546,2,0
8320,572.786,232.108,2,0
8321,258.099,42.6051,2,0
8322,58.8871,221.418,2,0
8323,586.692,57.7437,2,0
8324,9.69246,54.0999,2,0
8325,549.238,225.077,2,0
8326,372.065,51.0629,2,0
8327,416.989,19.6206,2,0
8328,31.4066,133.205,2,0
8329,279.241,30.5656,2,0
8330,377.137,104.081,2,0
8331,565.629,114.701,2,0
8332,538.792,298,2,0
8333,244.567,67.036,2,0
8334,288.292,46.5546,2,0
8335,404.522,25.1717,2,0
8336,289.614,164.756,2,0
8337,254.366,40.0117,2,0
8338,203.367,12.3526,2,0
8339,343.773,166.907,2,0
8340,589.558,216.728,2,0
8341,119.329,189.669,2,0
8342,253.763,77.5098,2,0
8343,458.033,157.893,2,0
8344,524.753,197.396,2,0
8345,247.697,162.901,2,0
8346,495.115,189.696,2,0
8347,55.9728,197.39,2,0
8348,453.047,66.5165,2,0
8349,475.086,23.4525,2,0
8350,217.411,70.3967,2,0
8351,100.344,253.895,2,0
8352,209.511,43.3225,2,0
8353,493.562,276.226,2,0
8354,396.936,250.732,2,0
8355,192.828,48.5161,2,0
8356,455.614,37.3126,2,0
8357,92.9296,140.303,2,0
8358,9.43343,109.542,2,0
8359,461.509,174.658,2,0
8360,579.858,181.659,2,0
8361,506.124,83.1391,2,0
8362,21.9448,39.8569,2,0
8363,478.091,221.855,2,0
8364,8.33743,81.1401,2,0
8365,271.438,185.677,2,0
8366,161.31,205.064,2,0
8367,589.723,60.6314,2,0
8368,520.599,294.466,2,0
8369,500.775,206.609,2,0
8370,0.253236,290.968,2,0
8371,571.723,75.1285,2,0
8372,127.786,276.902,2,0
8373,211.369,200.137,2,0
8374,136.42,135.96,2,0
8375,504.373,294.452,2,0
8376,576.515,80.1977,2,0
8377,236.48,25.0031,2,0
8378,301.307,93.423,2,0
8379,43.4017,294.333,2,0
8380,445.588,235.487,2,0
8381,320.036,28.3572,2,0
8382,43.4687,136.941,2,0
8383,528.133,63.5711,2,0
8384,457.752,52.0348,2,0
8385,442.542,146.861,2,0
8386,564.339,88.4747,2,0
8387,132.397,45.1183,2,0
8388,362.993,84.2569,2,0
8389,197.544,159.147,2,0
8390,334.169,298,2,0
8391,416.581,218.444,2,0
8392,562.856,95.414,2,0
8393,180.491,2,2,0
8394,546.927,183.64,2,0
8395,344.825,93.9853,2,0
8396,56.4279,41.5673,2,0
8397,445.232,210.165,2,0
8398,296.736,54.6021,2,0
8399,193.506,112.959,2,0
8400,463.754,294.517,2,0
8401,478.501,158.985,2,0
8402,421.742,70.9873,2,0
8403,580.046,233.19,2,0
8404,93.5166,237.341,2,0
8405,244.749,156.462,2,0
8406,458.527,43.784,2,0
8407,442.72,80.369,2,0
8408,17.2804,5.45062,2,0
8409,347.651,59.4166,2,0
8410,29.558,91.8623,2,0
8411,258.236,63.8756,2,0
8412,365.324,294.49,2,0
8413,374.223,160.563,2,0
8414,550.338,241.454,2,0
8415,139.892,185.137,2,0
8416,158.616,39.2699,2,0
8417,81.2638,13.9707,2,0
8418,62.3781,45.2381,2,0
8419,275.786,171.729,2,0
8420,111.764,2,2,0
8421,53.8492,86.4936,2,0
8422,449.868,259.387,2,0
8423,492.109,175.628,2,0
8424,117.41,20.0975,2,0
8425,154.748,160.127,2,0
8426,414.692,71.7248,2,0
8427,179.425,228.339,2,0
8428,383.006,81.7033,2,0
8429,192.436,149.531,2,0
8430,330.792,259.886,2,0
8431,394.52,169.859,2,0
8432,51.5248,208.775,2,0
8433,43.907,243.732,2,0
8434,505.161,75.0962,2,0
8435,137.927,287.473,2,0
8436,342.142,179.068,2,0
8437,372.55,41.5332,2,0
8438,362.22,226.435,2,0
8439,444.053,268.642,2,0
8440,560.142,98.47,2,0
8441,432.522,90.0779,2,0
8442,236.566,157.222,2,0
8443,124.563,62.9335,2,0
8444,296.7,160.977,2,0
8445,35.2376,202.808,2,0
8446,433.457,170.623,2,0
8447,138.652,98.4994,2,0
8448,224.721,215.532,2,0
8449,213.355,249.096,2,0
8450,587.763,298,2,0
8451,48.7781,205.744,2,0
8452,430.847,260.038,2,0
8453,367.567,134.918,2,0
8454,370.156,250.617,2,0
8455,83.581,281.009,2,0
8456,276.892,60.3067,2,0
8457,579.322,213.78,2,0
8458,591.959,112.24,2,0
8459,508.209,99.3008,2,0
8460,247.57,227.085,2,0
8461,71.4119,40.5054,2,0
8462,314.902,225.802,2,0
8463,327.978,176.942,2,0
8464,479.973,69.7995,2,0
8465,66.256,74.3037,2,0
8466,99.7291,15.9897,2,0
8467,351.562,259.74,2,0
8468,109.791,244.849,2,0
8469,303.019,254.024,2,0
8470,401.797,143.445,2,0
8471,185.813,52.4688,2,0
8472,430.308,118.616,2,0
8473,140.534,248.728,2,0
8474,74.6186,211.417,2,0
8475,202.805,208.232,2,0
8476,597.848,232.793,2,0
8477,250.18,219.729,2,0
8478,549.444,110.531,2,0
8479,398.708,52.9995,2,0
8480,296.527,2,2,0
8481,474.688,275.08,2,0
8482,51.8248,69.7352,2,0
8483,52.4275,34.4306,2,0
8484,31.9512,34.2504,2,0
8485,343.255,202.347,2,0
8486,583.471,283.983,2,0
8487,524.666,16.0087,2,0
8488,556.789,222.626,2,0
8489,461.541,107.139,2,0
8490,375.187,137.338,2,0
8491,503.436,89.6427,2,0
8492,15.2754,260.857,2,0
8493,17.5109,171.264,2,0
8494,502.819,138.095,2,0
8495,77.5415,179.683,2,0
8496,147.122,217.137,2,0
8497,173.902,25.333,2,0
8498,331.423,118.201,2,0
8499,237.653,149.972,2,0
8500,61.9407,232.024,2,0
8501,396.525,261.529,2,0
8502,239.807,175.745,2,0
8503,52.6884,204.755,2,0
8504,179.026,69.6028,2,0
8505,29.4839,193.628,2,0
8506,270.126,56.9142,2,0
8507,510.636,237.241,2,0
8508,256.153,2,2,0
8509,528.017,156.345,2,0
8510,324.93,9.07424,2,0
8511,494.378,167.813,2,0
8512,177.897,191.912,2,0
8513,26.7226,98.6795,2,0
8514,301.291,17.4148,2,0
8515,347.424,266.151,2,0
8516,226.658,45.4615,2,0
8517,563.08,151.549,2,0
8518,409.196,241.99,2,0
8519,285.635,68.791,2,0
8520,551.254,40.8004,2,0
8521,56.2572,94.3022,2,0
8522,380.824,74.935,2,0
8523,91.9699,229.395,2,0
8524,251.337,110.726,2,0
8525,143.878,197.867,2,0
8526,292.479,36.7629,2,0
8527,354.895,217.297,2,0
8528,446.316,160.648,2,0
8529,324.971,166.481,2,0
8530,471.937,9.10522,2,0
8531,149.26,249.368,2,0
8532,157.527,199.039,2,0
8533,167.928,200.361,2,0
8534,494.229,19.6122,2,0
8535,60.9405,130.801,2,0
8536,19.7629,102.923,2,0
8537,385.216,237.612,2,0
8538,350.495,44.8047,2,0
8539,23.9479,231.002,2,0
8540,537.031,37.68,2,0
8541,552.442,107.849,2,0
8542,46.5406,213.63,2,0
8543,264.345,26.4165,2,0
8544,463.577,222.567,2,0
8545,447.144,90.2122,2,0
8546,274.542,268.786,2,0
8547,340.701,139.736,2,0
8548,238.01,161.166,2,0
8549,328.897,156.294,2,0
8550,386.898,266.695,2,0
8551,47.5051,77.5854,2,0
8552,228.082,28.7622,2,0
8553,436.097,269.456,2,0
8554,374.96,54.041,2,0
8555,305.51,264.254,2,0
8556,348.504,220.286,2,0
8557,121.821,202.589,2,0
8558,465.037,159.59,2,0
8559,597.786,169.651,2,0
8560,395.774,246.84,2,0
8561,425.523,164.133,2,0
8562,488.625,217.794,2,0
8563,579.21,270.099,2,0
8564,422.396,26.5627,2,0
8565,261.554,181.115,2,0
8566,586.053,8.99568,2,0
8567,209.59,79.7121,2,0
8568,268.746,164.519,2,0
8569,215.366,221.493,2,0
8570,459.631,2,2,0
8571,393.458,205.39,2,0
8572,332.309,286.207,2,0
8573,527.032,89.1079,2,0
8574,221.749,15.9189,2,0
8575,268.601,168.667,2,0
8576,318.404,130.677,2,0
8577,223.822,19.5389,2,0
8578,391.947,105.765,2,0
8579,62.9679,195.183,2,0
8580,515.639,223.309,2,0
8581,108.866,58.7709,2,0
8582,501.19,100.159,2,0
8583,298.175,267.835,2,0
8584,431.433,146.496,2,0
8585,366.404,130.903,2,0
8586,118.778,68.8279,2,0
8587,239.739,27.3285,2,0
8588,283.81,213.997,2,0
8589,575.271,284.008,2,0
8590,494.118,101.116,2,0
8591,563.583,22.6925,2,0
8592,444.119,46.5856,2,0
8593,175.607,21.5296,2,0
8594,479.892,23.1899,2,0
8595,192.836,272.981,2,0
8596,493.757,114.107,2,0
8597,417.179,61.1534,2,0
8598,542.856,101.937,2,0
8599,486.149,5.56145,2,0
8600,92.6097,165.997,2,0
8601,26.4115,204.309,2,0
8602,514.764,40.535,2,0
8603,385.757,54.8017,2,0
8604,70.3328,265.029,2,0
8605,283.215,218.007,2,0
8606,26.8181,102.863,2,0
8607,33.1114,233.97,2,0
8608,307.85,26.2756,2,0
8609,36.8394,242.106,2,0
8610,585.825,196.23,2,0
8611,437.841,55.0811,2,0
8612,457.246,66.5516,2,0
8613,198.514,188.732,2,0
8614,403.049,62.5655,2,0
8615,560.736,221.228,2,0
8616,219.903,82.9569,2,0
8617,101.898,191.99,2,0
8618,186.106,96.8632,2,0
8619,333.57,190.225,2,0
8620,185.244,64.8172,2,0
8621,403.679,133.018,2,0
8622,465.047,84.4716,2,0
8623,439.264,272.211,2,0
8624,243.344,25.4225,2,0
8625,66.9054,194.497,2,0
8626,326.917,265.593,2,0
8627,320.782,2,2,0
8628,163.321,261.559,2,0
8629,329.045,100.131,2,0
8630,70.9449,25.986,2,0
8631,179.426,220.131,2,0
8632,418.504,86.286,2,0
8633,31.5415,187.056,2,0
8634,486.466,169.416,2,0
8635,283.459,241.381,2,0
8636,450.581,144.909,2,0
8637,423.62,243.715,2,0
8638,128.273,181.509,2,0
8639,101.387,153.948,2,0
8640,168.419,225.345,2,0
8641,79.551,83.3209,2,0
8642,586.283,207.03,2,0
8643,103.462,233.174,2,0
8644,23.4046,35.7451,2,0
8645,371.468,82.7556,2,0
8646,532.042,243.874,2,0
8647,61.5607,165.604,2,0
8648,119.145,83.3952,2,0
8649,561.524,8.99891,2,0
8650,470.891,273.801,2,0
8651,416.179,211.292,2,0
8652,561.471,183.849,2,0
8653,440.726,264.324,2,0
8654,136.332,65.5473,2,0
8655,139.999,291.072,2,0
8656,323.013,25.6605,2,0
8657,551.931,145.64,2,0
8658,584,44.0891,2,0
8659,43.7424,210.598,2,0
8660,258.328,148.264,2,0
8661,371.863,94.761,2,0
8662,554.826,65.3119,2,0
8663,545.297,198.109,2,0
8664,573.311,287.586,2,0
8665,239.164,244.408,2,0
8666,101.549,5.46008,2,0
8667,329.551,75.2778,2,0
8668,492.316,31.1568,2,0
8669,180.986,267.39,2,0
8670,422.131,75.0723,2,0
8671,320.077,234.326,2,0
8672,470.527,255.193,2,0
8673,116.157,159.254,2,0
8674,530.219,201.729,2,0
8675,582.158,220.325,2,0
8676,30.388,236.841,2,0
8677,231.456,163.559,2,0
8678,38.42,128.824,2,0
8679,467.118,131.451,2,0
8680,400.831,125.706,2,0
8681,17.4662,141.753,2,0
8682,291.645,103.67,2,0
8683,73.0159,149.779,2,0
8684,82.8111,256.239,2,0
8685,253.275,140.103,2,0
8686,301.274,125.443,2,0
8687,316.678,125.616,2,0
8688,4.69,237.205,2,0
8689,501.136,226.06,2,0
8690,314.745,155.65,2,0
8691,280.447,220.982,2,0
8692,303.404,100.209,2,0
8693,164.36,291.055,2,0
8694,106.135,96.9001,2,0
8695,518.337,118.435,2,0
8696,428.389,210.177,2,0
8697,357.463,250.602,2,0
8698,178.72,56.4105,2,0
8699,450.684,104.043,2,0
8700,214.021,192.394,2,0
8701,439.046,67.228,2,0
8702,575.78,248.408,2,0
8703,215.761,182.441,2,0
8704,16.1045,182.033,2,0
8705,434.035,107.461,2,0
8706,350.814,168.025,2,0
8707,500.145,92.1009,2,0
8708,201.435,145.118,2,0
8709,39.4549,152.598,2,0
8710,482.241,26.4072,2,0
8711,122.819,270.706,2,0
8712,123.482,156.141,2,0
8713,186.474,220.124,2,0
8714,127.487,129.92,2,0
8715,261.071,294.512,2,0
8716,533.58,68.6345,2,0
8717,281.679,287.351,2,0
8718,435.304,27.3318,2,0
8719,37.0085,283.771,2,0
8720,102.769,131.112,2,0
8721,185.158,73.0853,2,0
8722,60.7524,141.605,2,0
8723,152.922,11.7096,2,0
8724,421.698,157.704,2,0
8725,236.839,191.753,2,0
8726,375.779,298,2,0
8727,27.1536,77.7948,2,0
8728,78.1588,194.376,2,0
8729,523.406,193.57,2,0
8730,1.16364,88.4739,2,0
8731,367.506,199.67,2,0
8732,130.135,223.821,2,0
8733,328.183,52.6266,2,0
8734,263.456,102.071,2,0
8735,514.522,19.6088,2,0
8736,293.159,245.872,2,0
8737,33.6482,180.357,2,0
8738,65.6399,120.702,2,0
8739,89.4723,80.632,2,0
8740,199.762,141.329,2,0
8741,12.4576,5.4956,2,0
8742,393.303,287.487,2,0
8743,461.306,201.518,2,0
8744,323.336,186.986,2,0
8745,201.997,172.537,2,0
8746,376.568,126.71,2,0
8747,248.51,266.572,2,0
8748,52.9628,107.989,2,0
8749,419.563,298,2,0
8750,516.308,106.416,2,0
8751,189.319,50.4704,2,0
8752,420.731,100.678,2,0
8753,406.63,95.3041,2,0
8754,565.931,207.948,2,0
8755,406.082,56.2006,2,0
8756,351.259,209.869,2,0
8757,158.7,24.316,2,0
8758,215.091,210.763,2,0
8759,571.965,265.617,2,0
8760,277.084,245.276,2,0
8761,271.081,69.3396,2,0
8762,278.222,116.092,2,0
8763,108.147,28.0303,2,0
8764,281.018,207.863,2,0
8765,23.4795,227.052,2,0
8766,265.105,188.407,2,0
8767,445.502,5.49406,2,0
8768,584.057,139.747,2,0
8769,251.491,136.578,2,0
8770,93.5358,270.161,2,0
8771,518.274,42.2967,2,0
8772,356.294,54.1797,2,0
8773,141.925,201.366,2,0
8774,339.801,248.528,2,0
8775,456.978,161.659,2,0
8776,19.8075,197.965,2,0
8777,152.282,109.881,2,0
8778,177.964,24.772,2,0
8779,366.998,276.546,2,0
8780,59.9101,123.697,2,0
8781,297.025,156.86,2,0
8782,454.802,169.666,2,0
8783,572.721,43.1952,2,0
8784,562.226,117.585,2,0
8785,552.335,126.398,2,0
8786,326.091,59.239,2,0
8787,422.065,175.059,2,0
8788,272.256,129.069,2,0
8789,182.228,287.381,2,0
8790,407.514,276.103,2,0
8791,97.6968,205.457,2,0
8792,35.097,143.094,2,0
8793,134.194,146.138,2,0
8794,170.325,286.546,2,0
8795,250.996,143.574,2,0
8796,403.638,248.481,2,0
8797,269.318,280.519,2,0
8798,97.285,171.186,2,0
8799,348.706,256.872,2,0
8800,326.409,249.573,2,0
8801,343.956,76.7168,2,0
8802,421.069,5.41974,2,0
8803,548.307,74.5004,2,0
8804,324.591,174.57,2,0
8805,150.589,81.1583,2,0
8806,131.192,83.9416,2,0
8807,220.585,231.17,2,0
8808,290.264,181.931,2,0
8809,430.497,245.279,2,0
8810,327.288,48.6926,2,0
8811,547.098,19.4619,2,0
8812,318.536,111.077,2,0
8813,5.61576,99.5584,2,0
8814,512.088,74.1168,2,0
8815,567.218,291.027,2,0
8816,418.758,248.945,2,0
8817,321.939,283.517,2,0
8818,364.33,5.50511,2,0
8819,325.01,162.429,2,0
8820,184.24,257.018,2,0
8821,514.034,179.151,2,0
8822,452.016,298,2,0
8823,306.307,76.1167,2,0
8824,382.774,52.1514,2,0
8825,571.334,221.213,2,0
8826,537.76,254.38,2,0
8827,168.289,8.99365,2,0
8828,582.887,88.8114,2,0
8829,136.002,183.923,2,0
8830,370.334,2,2,0
8831,55.0262,23.8111,2,0
8832,53.6449,248.529,2,0
8833,548.203,37.9149,2,0
8834,558.782,180.809,2,0
8835,420.713,145.658,2,0
8836,273.472,294.515,2,0
8837,373.241,185.747,2,0
8838,182.737,234.385,2,0
8839,371.538,197.975,2,0
8840,38.0287,51.8817,2,0
8841,101.128,172.664,2,0
8842,108.528,156.568,2,0
8843,60.0089,257.952,2,0
8844,122.949,276.087,2,0
8845,255.684,213.723,2,0
8846,107.641,265.642,2,0
8847,182.837,205.925,2,0
8848,65.4715,283.602,2,0
8849,429.079,176.106,2,0
8850,390.42,46.5349,2,0
8851,142.454,38.1994,2,0
8852,358.744,83.0189,2,0
8853,221.45,147.806,2,0
8854,315.459,194.385,2,0
8855,22.553,18.0938,2,0
8856,152.621,73.2444,2,0
8857,141.853,34.0072,2,0
8858,332.092,235.901,2,0
8859,491.349,128.759,2,0
8860,323.963,65.9582,2,0
8861,102.353,210.68,2,0
8862,383.265,283.895,2,0
8863,156.366,290.975,2,0
8864,3.41333,156.448,2,0
8865,193.013,2,2,0
8866,221.695,2,2,0
8867,193.434,207.613,2,0
8868,198.516,155.178,2,0
8869,581.63,167.667,2,0
8870,75.9839,239.791,2,0
8871,222.969,208.627,2,0
8872,593.793,261.005,2,0
8873,9.22913,105.489,2,0
8874,567.658,74.4473,2,0
8875,51.362,16.6538,2,0
8876,129.239,78.3525,2,0
8877,193.7,160.372,2,0
8878,300.681,53.5499,2,0
8879,381.929,174.667,2,0
8880,375.759,221.55,2,0
8881,223.485,75.8418,2,0
8882,462.09,191.289,2,0
8883,5.8853,199.19,2,0
8884,391.949,224.46,2,0
8885,159.857,259.671,2,0
8886,48.1039,55.6056,2,0
8887,498.824,161.093,2,0
8888,317.208,178.135,2,0
8889,236.578,45.336,2,0
8890,361.301,141.477,2,0
8891,81.2452,102.986,2,0
8892,346.091,223.46,2,0
8893,386.795,29.0497,2,0
8894,500.292,65.4339,2,0
8895,185.658,115.491,2,0
8896,35.0619,16.2012,2,0
8897,286.324,220.537,2,0
8898,91.4003,151.869,2,0
8899,79.1936,278.387,2,0
8900,227.535,247.673,2,0
8901,423.392,52.4267,2,0
8902,505.688,79.1104,2,0
8903,94.9688,173.877,2,0
8904,212.711,243.03,2,0
8905,76.8791,5.28759,2,0
8906,381.809,109.494,2,0
8907,132.322,64.7459,2,0
8908,383.826,233.704,2,0
8909,24.29,133.419,2,0
8910,394.596,217.529,2,0
8911,201.887,257.858,2,0
8912,227.981,145.039,2,0
8913,423.5,189.929,2,0
8914,417.689,179.803,2,0
8915,348.442,63.4026,2,0
8916,587.15,41.4825,2,0
8917,72.3105,174.939,2,0
8918,191.067,185.785,2,0
8919,254.955,298,2,0
8920,229.45,239.841,2,0
8921,120.685,125.619,2,0
8922,370.576,132.142,2,0
8923,53.3665,97.2251,2,0
8924,154.207,280.412,2,0
8925,592.747,37.045,2,0
8926,561.392,147.75,2,0
8927,530.923,112.345,2,0
8928,502.093,50.769,2,0
8929,541.597,87.3487,2,0
8930,480.071,137.151,2,0
8931,56.7102,282.205,2,0
8932,216.132,206.841,2,0
8933,336.574,93.3736,2,0
8934,395.36,283.924,2,0
8935,528.706,9.04167,2,0
8936,134.181,176.073,2,0
8937,169.781,90.4767,2,0
8938,305.331,213.407,2,0
8939,497.995,261.491,2,0
8940,504.298,173.075,2,0
8941,323.294,138.198,2,0
8942,236.879,64.5171,2,0
8943,442.235,142.533,2,0
8944,546.906,283.625,2,0
8945,51.0575,89.3617,2,0
8946,454.872,45.5239,2,0
8947,486.445,221.236,2,0
8948,256.894,287.483,2,0
8949,121.186,76.5181,2,0
8950,270.796,205.21,2,0
8951,10.3007,133.996,2,0
8952,111.105,168.596,2,0
8953,343.814,49.7384,2,0
8954,559.017,125.582,2,0
8955,369.766,153.788,2,0
8956,549.772,78.2951,2,0
8957,414.659,87.9094,2,0
8958,37.6796,298,2,0
8959,42.9572,23.488,2,0
8960,379.673,124.103,2,0
8961,547.546,121.625,2,0
8962,176.08,66.8383,2,0
8963,334.983,266.416,2,0
8964,196.394,46.3541,2,0
8965,12.9839,107.368,2,0
8966,188.097,169.502,2,0
8967,123.389,58.9749,2,0
8968,270.956,125.391,2,0
8969,435.307,2,2,0
8970,555.12,39.46,2,0
8971,2.16388,31.935,2,0
8972,135.938,298,2,0
8973,3.49967,49.0877,2,0
8974,223.79,294.505,2,0
8975,146.095,294.54,2,0
8976,596.114,165.962,2,0
8977,497.787,113.802,2,0
8978,37.5698,93.6257,2,0
8979,170.686,277.592,2,0
8980,78.4969,93.3026,2,0
8981,483.944,266.356,2,0
8982,69.4194,157.936,2,0
8983,308.923,266.42,2,0
8984,223.985,29.0115,2,0
8985,560.161,268.413,2,0
8986,25.1375,298,2,0
8987,182.282,29.8476,2,0
8988,226.438,181.32,2,0
8989,217.562,279.846,2,0
8990,173.998,267.479,2,0
8991,587.258,200.033,2,0
8992,389.198,227.585,2,0
8993,457.112,129.057,2,0
8994,528.619,2,2,0
8995,6.55533,2,2,0
8996,525.539,92.8263,2,0
8997,566.628,271.049,2,0
8998,472.571,201.838,2,0
8999,200.966,231.182,2,0
9000,366.991,283.737,2,0
9001,257.79,173.928,2,0
9002,459.872,197.641,2,0
9003,154.344,80.1908,2,0
9004,125.289,184.34,2,0
9005,166.693,39.6525,2,0
9006,436.739,217.071,2,0
9007,150.785,139.011,2,0
9008,301.599,214.85,2,0
9009,96.9938,268.062,2,0
9010,328.04,253.233,2,0
9011,425.854,115.714,2,0
9012,409.728,57.9319,2,0
9013,423.053,135.236,2,0
9014,195.494,83.5489,2,0
9015,347.004,290.943,2,0
9016,252.045,202.081,2,0
9017,341.536,29.6404,2,0
9018,287.988,119.306,2,0
9019,476.036,16.0821,2,0
9020,524.267,23.2691,2,0
9021,5.84362,170.593,2,0
9022,36.0347,246.112,2,0
9023,461.305,240.726,2,0
9024,404.118,153.961,2,0
9025,129.528,238.235,2,0
9026,336.412,46.8397,2,0
9027,349.829,151.274,2,0
9028,465.724,298,2,0
9029,30.5541,274.178,2,0
9030,142.351,105.714,2,0
9031,313.17,260.393,2,0
9032,550.911,284.022,2,0
9033,541.168,247.085,2,0
9034,305.905,294.448,2,0
9035,530.686,290.952,2,0
9036,371.951,242.496,2,0
9037,450.052,240.84,2,0
9038,158.98,113.384,2,0
9039,301.355,246.651,2,0
9040,417.276,200.421,2,0
9041,48.143,220.41,2,0
9042,277.649,258.063,2,0
9043,386.507,2,2,0
9044,181.195,167.967,2,0
9045,225.921,2,2,0
9046,302.162,32.071,2,0
9047,494.138,283.876,2,0
9048,23.6792,24.9992,2,0
9049,385.291,92.2853,2,0
9050,114.852,237.192,2,0
9051,549.546,99.7457,2,0
9052,281.518,123.635,2,0
9053,566.765,226.658,2,0
9054,222.389,252.911,2,0
9055,468.094,217.529,2,0
9056,294.752,127.628,2,0
9057,82.1176,76.4104,2,0
9058,367.913,93.7094,2,0
9059,107.826,248.485,2,0
9060,463.505,153.082,2,0
9061,189.303,38.0043,2,0
9062,196.063,59.0684,2,0
9063,22.0872,176.548,2,0
9064,310.725,12.4857,2,0
9065,229.253,32.5271,2,0
9066,105.002,241.067,2,0
9067,522.942,165.983,2,0
9068,186.128,136.201,2,0
9069,80.9874,35.7129,2,0
9070,526.492,211.757,2,0
9071,111.5,202.511,2,0
9072,397.104,32.5389,2,0
9073,381.332,34.8869,2,0
9074,171.888,200.506,2,0
9075,239.342,108.461,2,0
9076,504.471,97.7042,2,0
9077,407.938,27.4254,2,0
9078,275.456,276.985,2,0
9079,526.869,167.326,2,0
9080,411.483,160.878,2,0
9081,518.092,187.568,2,0
9082,432.964,166.763,2,0
9083,221.706,283.769,2,0
9084,568.374,27.8857,2,0
9085,306.835,252.156,2,0
9086,375.809,232.282,2,0
9087,306.564,5.43789,2,0
9088,425.192,235.926,2,0
9089,595.119,101.825,2,0
9090,496.728,207.311,2,0
9091,59.4703,206.858,2,0
9092,532.1,30.4571,2,0
9093,162.653,189.406,2,0
9094,328.788,287.915,2,0
9095,361.869,152.531,2,0
9096,194.538,156.434,2,0
9097,331.303,242.986,2,0
9098,553.054,200.28,2,0
9099,463.715,2,2,0
9100,476.332,190.251,2,0
9101,442.938,105.065,2,0
9102,465.319,199.731,2,0
9103,122.254,55.1635,2,0
9104,62.3307,12.8938,2,0
9105,349.073,294.511,2,0
9106,62.1604,73.5919,2,0
9107,68.8227,123.198,2,0
9108,72.4013,44.5208,2,0
9109,75.1003,197.2,2,0
9110,127.737,23.9828,2,0
9111,594.143,234.46,2,0
9112,371.709,171.209,2,0
9113,533.465,189.378,2,0
9114,283.743,105.876,2,0
9115,383.762,62.6697,2,0
9116,466.434,210.614,2,0
9117,310.38,246.753,2,0
9118,213.6,29.9357,2,0
9119,423.169,9.0482,2,0
9120,94.2521,90.9092,2,0
9121,35.9747,222.239,2,0
9122,174.267,279.688,2,0
9123,66.2481,191.364,2,0
9124,433.752,287.474,2,0
9125,357.511,44.2039,2,0
9126,377.887,72.0756,2,0
9127,570.119,192.321,2,0
9128,218.283,224.242,2,0
9129,153.854,201.085,2,0
9130,538.43,195.582,2,0
9131,152.807,163.712,2,0
9132,539.133,137.884,2,0
9133,355.136,298,2,0
9134,305.128,229.435,2,0
9135,369.633,265.871,2,0
9136,438.161,187.436,2,0
9137,347.303,201.933,2,0
9138,411.746,77.9862,2,0
9139,378.876,53.0576,2,0
9140,460.621,150.148,2,0
9141,244.529,280.499,2,0
9142,188.9,165.519,2,0
9143,444.466,250.023,2,0
9144,453.092,186.695,2,0
9145,408.547,160.638,2,0
9146,567.782,200.106,2,0
9147,262.179,155.937,2,0
9148,192.448,60.9687,2,0
9149,4.13502,241.264,2,0
9150,95.8824,184.381,2,0
9151,150.45,266.35,2,0
9152,284.793,258.056,2,0
9153,491.833,54.284,2,0
9154,493.927,43.6776,2,0
9155,238.676,298,2,0
9156,579.814,209.792,2,0
9157,82.777,199.528,2,0
9158,67.3634,280.025,2,0
9159,3.86251,213.112,2,0
9160,51.8268,78.2109,2,0
9161,37.7233,275.622,2,0
9162,533.122,161.323,2,0
9163,219.728,287.391,2,0
9164,126.247,259.222,2,0
9165,552.204,256.059,2,0
9166,504.449,9.02026,2,0
9167,246.662,143.261,2,0
9168,59.6199,105.943,2,0
9169,410.711,272.778,2,0
9170,94.6926,283.372,2,0
9171,338.068,114.946,2,0
9172,275.858,156.021,2,0
9173,490.852,103.458,2,0
9174,304.564,112.617,2,0
9175,542.941,5.40405,2,0
9176,11.3245,243.712,2,0
9177,106.738,62.2488,2,0
9178,566.611,178.771,2,0
9179,412.269,175.677,2,0
9180,469.569,134.684,2,0
9181,107.026,45.9704,2,0
9182,550.823,182.715,2,0
9183,529.377,145.647,2,0
9184,205.779,89.6446,2,0
9185,70.3217,192.128,2,0
9186,218.393,34.8616,2,0
9187,574.366,50.0908,2,0
9188,358.154,124.106,2,0
9189,375.571,169.642,2,0
9190,81.258,64.5694,2,0
9191,4.70271,35.0898,2,0
9192,72.181,98.4181,2,0
9193,243.314,43.2918,2,0
9194,236.576,212.329,2,0
9195,327.256,82.1127,2,0
9196,157.096,95.9899,2,0
9197,87.0329,131.41,2,0
9198,566.739,169.591,2,0
9199,336.325,73.9662,2,0
9200,228.321,279.23,2,0
9201,546.259,141.333,2,0
9202,535.796,242.422,2,0
9203,217.692,2,2,0
9204,41.8604,298,2,0
9205,153.534,242.456,2,0
9206,566.026,141.129,2,0
9207,454.322,70.4509,2,0
9208,491.099,190.637,2,0
9209,337.066,193.281,2,0
9210,301.442,138.925,2,0
9211,178.478,196.117,2,0
9212,132.274,101.647,2,0
9213,406.359,245.408,2,0
9214,82.8441,226.974,2,0
9215,57.2035,260.956,2,0
9216,498.872,157.061,2,0
9217,490.82,264.532,2,0
9218,28.2566,267.468,2,0
9219,145.773,228.277,2,0
9220,140.252,270.038,2,0
9221,117.294,196.708,2,0
9222,197.472,298,2,0
9223,567.595,241.317,2,0
9224,59.9087,247.353,2,0
9225,82.2336,298,2,0
9226,167.884,119.49,2,0
9227,336.432,280.356,2,0
9228,282.413,199.414,2,0
9229,345.949,177.531,2,0
9230,89.4571,52.1971,2,0
9231,344.62,13.273,2,0
9232,228.837,138.086,2,0
9233,582.612,58.9473,2,0
9234,579.877,23.0846,2,0
9235,233.285,238.696,2,0
9236,471.699,162.082,2,0
9237,205.816,171.356,2,0
9238,516.853,234.113,2,0
9239,523.516,56.9154,2,0
9240,411.557,164.968,2,0
9241,357.516,195.745,2,0
9242,476.041,2,2,0
9243,329.209,141.996,2,0
9244,13.21,70.6579,2,0
9245,501.904,149.183,2,0
9246,68.1392,70.1219,2,0
9247,362.641,145.286,2,0
9248,584.563,122.522,2,0
9249,69.1998,32.7023,2,0
9250,558.538,53.6947,2,0
9251,233.085,78.3891,2,0
9252,192.756,52.7158,2,0
9253,564.689,130.327,2,0
9254,42.4974,172.154,2,0
9255,188.67,118.284,2,0
9256,267.252,298,2,0
9257,456.148,97.3127,2,0
9258,473.581,187.272,2,0
9259,452.224,35.0185,2,0
9260,449.172,273.977,2,0
9261,162.456,22.7463,2,0
9262,247.277,44.1888,2,0
9263,94.101,241.488,2,0
9264,278.885,137.368,2,0
9265,510.379,283.801,2,0
9266,160.065,225.116,2,0
9267,383.857,244.561,2,0
9268,331.153,83.57,2,0
9269,10.0882,129.754,2,0
9270,404.157,212.58,2,0
9271,444.649,97.997,2,0
9272,510.696,162.808,2,0
9273,58.1614,190.598,2,0
9274,266.136,74.5369,2,0
9275,552.336,164.164,2,0
9276,271.558,217.006,2,0
9277,135.414,38.7585,2,0
9278,396.061,154.301,2,0
9279,560.491,109.713,2,0
9280,44.7609,232.054,2,0
9281,161.346,221.285,2,0
9282,473.626,32.866,2,0
9283,471.4,112.836,2,0
9284,111.933,172.573,2,0
9285,181.532,246.629,2,0
9286,516.896,33.4767,2,0
9287,316.72,212.891,2,0
9288,505.141,264.577,2,0
9289,450.374,56.4439,2,0
9290,90.7146,10.371,2,0
9291,131.701,23.4805,2,0
9292,68.0444,259.768,2,0
9293,328.682,39.6359,2,0
9294,81.3006,72.4905,2,0
9295,442.154,275.239,2,0
9296,473.858,290.971,2,0
9297,74.6242,2,2,0
9298,113.587,180.661,2,0
9299,443.453,8.96687,2,0
9300,484.755,55.1672,2,0
9301,68.1461,161.778,2,0
9302,11.5004,262.171,2,0
9303,220.473,154.695,2,0
9304,544.528,218.157,2,0
9305,14.5755,294.51,2,0
9306,596.982,240.977,2,0
9307,14.446,2,2,0
9308,484.219,30.0756,2,0
9309,119.974,72.5641,2,0
9310,424.962,127.975,2,0
9311,284.221,186.519,2,0
9312,19.0179,240.841,2,0
9313,437.107,203.215,2,0
9314,400.031,90.3994,2,0
9315,43.6494,2,2,0
9316,536.598,121.771,2,0
9317,69.9794,90.5296,2,0
9318,394.495,232.264,2,0
9319,196,195.246,2,0
9320,453.011,59.5241,2,0
9321,209.472,146.201,2,0
9322,114.268,22.6937,2,0
9323,522.62,5.54885,2,0
9324,512.796,233.775,2,0
9325,555.38,123.747,2,0
9326,243.478,98.3254,2,0
9327,66.7852,181.025,2,0
9328,345.766,150.771,2,0
9329,337.274,24.1648,2,0
9330,148.809,35.2196,2,0
9331,71.7464,2,2,0
9332,447.581,266.059,2,0
9333,568.125,267.256,2,0
9334,513.061,193.018,2,0
9335,272.283,158.054,2,0
9336,115.42,8.14789,2,0
9337,150.661,211.195,2,0
9338,517.403,227.104,2,0
9339,562.897,205.134,2,0
9340,10.5727,20.0345,2,0
9341,238.497,142.74,2,0
9342,324.953,155.899,2,0
9343,291.579,88.9831,2,0
9344,67.8429,130.386,2,0
9345,589.726,44.7779,2,0
9346,575.967,145.519,2,0
9347,397.402,280.435,2,0
9348,482.81,181.642,2,0
9349,572.975,195.319,2,0
9350,221.566,184.192,2,0
9351,346.781,9.52088,2,0
9352,315.132,39.0919,2,0
9353,408.763,237.939,2,0
9354,156.901,142.497,2,0
9355,556.331,188.644,2,0
9356,324.281,178.717,2,0
9357,25.9704,38.8258,2,0
9358,236.195,280.464,2,0
9359,514.21,189.077,2,0
9360,393.363,136.789,2,0
9361,237.736,49.26,2,0
9362,502.88,32.0814,2,0
9363,400.568,273.118,2,0
9364,336.577,197.576,2,0
9365,44.3412,179.935,2,0
9366,273.246,189.466,2,0
9367,286.907,128.174,2,0
9368,383.346,141.371,2,0
9369,38.3579,140.67,2,0
9370,401.267,230.073,2,0
9371,238.526,198.433,2,0
9372,202.328,91.6802,2,0
9373,318.412,36.0087,2,0
9374,547.646,262.755,2,0
9375,211.752,19.5316,2,0
9376,30.3594,104.818,2,0
9377,38.0229,120.699,2,0
9378,184.191,170.631,2,0
9379,245.862,116.814,2,0
9380,211.448,287.316,2,0
9381,461.724,5.49552,2,0
9382,557.433,101.426,2,0
9383,47.0154,155.653,2,0
9384,575.379,238.758,2,0
9385,406.705,222.982,2,0
9386,341.174,230.063,2,0
9387,244.396,123.83,2,0
9388,141.959,112.77,2,0
9389,47.7238,143.995,2,0
9390,319.385,119.062,2,0
9391,289.54,82.2221,2,0
9392,242.935,33.506,2,0
9393,303.871,284.004,2,0
9394,398.091,132.63,2,0
9395,212.644,230.163,2,0
9396,430.591,278.864,2,0
9397,441.848,32.1878,2,0
9398,316.333,186.239,2,0
9399,345.645,90.0223,2,0
9400,581.62,195.567,2,0
9401,399.648,140.021,2,0
9402,591.741,220.094,2,0
9403,269.71,110.666,2,0
9404,90.3882,244.048,2,0
9405,74.4247,246.62,2,0
9406,593.129,26.3481,2,0
9407,130.849,144.131,2,0
9408,470.746,173.468,2,0
9409,209.687,75.6405,2,0
9410,531.987,64.7966,2,0
9411,408.322,264.014,2,0
9412,481.733,273.031,2,0
9413,175.359,162.405,2,0
9414,376.183,217.494,2,0
9415,220.969,165.523,2,0
9416,62.3878,52.3444,2,0
9417,24.9423,50.8495,2,0
9418,213.628,15.9795,2,0
9419,27.525,271.421,2,0
9420,42.6217,214.515,2,0
9421,120.722,213.195,2,0
9422,465.75,290.874,2,0
9423,545.018,16.0448,2,0
9424,126.27,222.442,2,0
9425,475.423,279.146,2,0
9426,199.76,35.9995,2,0
9427,267.542,203.058,2,0
9428,259.982,260.86,2,0
9429,350.03,71.3181,2,0
9430,463.668,25.876,2,0
9431,158.882,99.6257,2,0
9432,430.363,229.706,2,0
9433,0.702676,262.187,2,0
9434,528.491,182.701,2,0
9435,43.234,154.161,2,0
9436,191.802,97.7361,2,0
9437,192.472,133.451,2,0
9438,428.941,112.397,2,0
9439,364.57,261.982,2,0
9440,330.927,29.1807,2,0
9441,251.794,177.131,2,0
9442,281.79,84.6141,2,0
9443,72.781,70.4014,2,0
9444,584.505,20.6663,2,0
9445,579.22,153.29,2,0
9446,357.086,232.71,2,0
9447,15.8455,15.671,2,0
9448,405.766,136.531,2,0
9449,452.287,219.828,2,0
9450,135.101,5.53914,2,0
9451,589.585,168.732,2,0
9452,283.571,223.506,2,0
9453,150.804,160.072,2,0
9454,91.6603,162.061,2,0
9455,354.584,19.8299,2,0
9456,210.933,259.73,2,0
9457,119.535,175.123,2,0
9458,344.767,257.84,2,0
9459,285.505,124.359,2,0
9460,470.108,234.386,2,0
9461,137.693,156.348,2,0
9462,421.16,92.8387,2,0
9463,56.8373,83.8147,2,0
9464,232.691,213.277,2,0
9465,567.713,264.987,2,0
9466,334.235,209.43,2,0
9467,382.396,94.7909,2,0
9468,340.857,244.618,2,0
9469,44.2045,221.502,2,0
9470,145.362,81.9241,2,0
9471,423.794,123.489,2,0
9472,497.478,98.6617,2,0
9473,131.991,182.809,2,0
9474,569.534,181.736,2,0
9475,337.035,229.506,2,0
9476,359.402,257.323,2,0
9477,348.741,13.1441,2,0
9478,77.0446,161.02,2,0
9479,166.269,46.7353,2,0
9480,482.292,235.436,2,0
9481,170.206,249.206,2,0
9482,144.439,160.578,2,0
9483,58.3287,52.2906,2,0
9484,314.393,163.725,2,0
9485,175.212,56.0916,2,0
9486,470.331,123.914,2,0
9487,344.255,23.2383,2,0
9488,43.1343,87.5922,2,0
9489,407.673,249.379,2,0
9490,205.754,256.348,2,0
9491,141.445,153.881,2,0
9492,312.695,9.1691,2,0
9493,28.2995,286.136,2,0
9494,111.587,55.8184,2,0
9495,520.933,34.3499,2,0
9496,206.91,149.423,2,0
9497,48.4056,258.266,2,0
9498,77.1281,34.8494,2,0
9499,237.164,34.5093,2,0
9500,163.022,153.063,2,0
9501,412.062,226.641,2,0
9502,404.775,185.458,2,0
9503,540.851,287.204,2,0
9504,411.665,43.3383,2,0
9505,276.199,140.595,2,0
9506,584.087,227.477,2,0
9507,384.959,193.235,2,0
9508,362.79,27.2613,2,0
9509,429.579,43.6185,2,0
9510,443.568,157.66,2,0
9511,287.591,189.801,2,0
9512,83.0357,85.4598,2,0
9513,311.085,73.2335,2,0
9514,174.902,147.851,2,0
9515,211.689,219.723,2,0
9516,319.661,188.599,2,0
9517,182.502,178.535,2,0
9518,11.4131,156.333,2,0
9519,534.062,230.651,2,0
9520,54.4215,211.63,2,0
9521,389.809,176.416,2,0
9522,579.744,185.757,2,0
9523,269.375,143.03,2,0
9524,516.126,262.067,2,0
9525,122.795,90.7141,2,0
9526,419.614,50.7054,2,0
9527,145.7,194.162,2,0
9528,591.908,183.02,2,0
9529,317.582,174.085,2,0
9530,494.507,47.7881,2,0
9531,83.2706,113.676,2,0
9532,398.471,15.9399,2,0
9533,92.7614,62.1687,2,0
9534,555.239,230.512,2,0
9535,195,12.5015,2,0
9536,467.759,2,2,0
9537,34.9009,61.6963,2,0
9538,516.486,287.406,2,0
9539,560.315,87.6989,2,0
9540,229.337,24.8345,2,0
9541,365.701,161.472,2,0
9542,141.673,228.595,2,0
9543,207.242,26.2693,2,0
9544,561.587,276.158,2,0
9545,92.7306,58.1235,2,0
9546,543.099,214.157,2,0
9547,369.136,63.5307,2,0
9548,317.759,165.988,2,0
9549,389.194,238.327,2,0
9550,37.7473,82.8422,2,0
9551,145.936,45.5204,2,0
9552,528.024,109.143,2,0
9553,72.0337,29.8741,2,0
9554,184.604,26.6259,2,0
9555,377.194,34.5165,2,0
9556,181.719,71.0947,2,0
9557,515.3,71.7077,2,0
9558,37.0051,65.2567,2,0
9559,39.6091,136.787,2,0
9560,31.0529,120.885,2,0
9561,360.987,76.4419,2,0
9562,174.595,100.258,2,0
9563,338.63,233.274,2,0
9564,80.8428,6.10271,2,0
9565,99.5965,9.09356,2,0
9566,564.163,267.967,2,0
9567,577.01,20.409,2,0
9568,413.593,287.516,2,0
9569,512.419,294.509,2,0
9570,273.315,106.249,2,0
9571,224.7,119.813,2,0
9572,399.407,290.881,2,0
9573,236.207,29.2815,2,0
9574,384.547,181.285,2,0
9575,394.475,77.7936,2,0
9576,90.5117,202.174,2,0
9577,544.987,9.06846,2,0
9578,131.056,132.037,2,0
9579,58.8956,168.733,2,0
9580,392.25,173.1,2,0
9581,417.853,90.3676,2,0
9582,391.963,50.2502,2,0
9583,311.968,77.13,2,0
9584,109.982,213.133,2,0
9585,377.139,236.115,2,0
9586,114.253,97.1728,2,0
9587,389.377,212.744,2,0
9588,346.709,250.085,2,0
9589,169.931,151.212,2,0
9590,188.643,150.819,2,0
9591,225.436,255.585,2,0
9592,408.018,192.925,2,0
9593,192.713,27.9647,2,0
9594,432.46,158.57,2,0
9595,220.985,86.8272,2,0
9596,596.857,205.089,2,0
9597,587.966,132.65,2,0
9598,474.615,141.24,2,0
9599,352.674,140.825,2,0
9600,74.4946,106.273,2,0
9601,86.2994,262.304,2,0
9602,82.7405,185.026,2,0
9603,157.737,63.6393,2,0
9604,400.844,184.96,2,0
9605,492.223,16.0706,2,0
9606,575.596,76.2854,2,0
9607,55.6616,105.07,2,0
9608,325.075,228.897,2,0
9609,154.261,221.333,2,0
9610,592.818,204.5,2,0
9611,277.237,271.795,2,0
9612,260.4,229.299,2,0
9613,548.971,48.7207,2,0
9614,287.669,212.592,2,0
9615,381.993,117.499,2,0
9616,101.98,176.509,2,0
9617,283.769,62.0421,2,0
9618,189.633,114.183,2,0
9619,249.685,128.753,2,0
9620,270.798,262.254,2,0
9621,144.004,223.781,2,0
9622,515.289,163.71,2,0
9623,133.037,186.653,2,0
9624,247.951,48.8811,2,0
9625,357.855,168.935,2,0
9626,539.788,243.133,2,0
9627,127.297,84.0088,2,0
9628,110.187,258.739,2,0
9629,151.647,190.129,2,0
9630,51.6693,9.50122,2,0
9631,226.981,152.109,2,0
9632,16.0087,256.879,2,0
9633,191.839,122.778,2,0
9634,557.383,174.099,2,0
9635,195.831,63.138,2,0
9636,577.231,273.572,2,0
9637,476.736,76.6379,2,0
9638,207.076,244.049,2,0
9639,546.231,27.3197,2,0
9640,550.634,55.4968,2,0
9641,19.6046,164.532,2,0
9642,220.01,126.261,2,0
9643,181.901,62.6159,2,0
9644,494.656,178.731,2,0
9645,157.622,68.3072,2,0
9646,334.005,26.6103,2,0
9647,176.554,125.607,2,0
9648,362.252,9.00164,2,0
9649,536.548,273.276,2,0
9650,576.823,156.571,2,0
9651,480.155,29.8048,2,0
9652,567.051,85.4072,2,0
9653,481.545,185.537,2,0
9654,31.12,125.023,2,0
9655,238.31,171.925,2,0
9656,80.2378,294.453,2,0
9657,34.4222,75.5775,2,0
9658,451.515,206.817,2,0
9659,270.243,249.7,2,0
9660,151.397,170.087,2,0
9661,327.787,110.957,2,0
9662,5.3992,216.856,2,0
9663,82.0261,39.7395,2,0
9664,96.2793,68.2772,2,0
9665,230.161,298,2,0
9666,391.278,133.306,2,0
9667,508.454,155.023,2,0
9668,158.427,171.234,2,0
9669,485.987,283.923,2,0
9670,369.173,34.09,2,0
9671,314.185,240.879,2,0
9672,492.092,287.471,2,0
9673,156.906,156.609,2,0
9674,485.052,225.003,2,0
9675,472.59,77.0146,2,0
9676,377.541,145.145,2,0
9677,526.684,12.4933,2,0
9678,474.29,123.493,2,0
9679,389.719,35.9102,2,0
9680,247.555,98.9926,2,0
9681,478.341,257.046,2,0
9682,150.692,207.07,2,0
9683,569.257,294.53,2,0
9684,120.966,87.0297,2,0
9685,469.073,158.874,2,0
9686,138.143,280.441,2,0
9687,590.879,90.6669,2,0
9688,246.757,298,2,0
9689,403.627,39.2143,2,0
9690,546.491,66.8304,2,0
9691,88.9616,182.651,2,0
9692,89.9738,268.208,2,0
9693,476.238,155.377,2,0
9694,341.436,64.668,2,0
9695,507.349,64.5618,2,0
9696,507.388,198.262,2,0
9697,505.295,226.268,2,0
9698,96.4656,43.842,2,0
9699,297.974,239.199,2,0
9700,38.7414,112.255,2,0
9701,247.421,6.86336,2,0
9702,20.9263,147.539,2,0
9703,140.512,170.564,2,0
9704,137.269,173.295,2,0
9705,27.5567,2,2,0
9706,599.992,266.206,2,0
9707,401.282,294.611,2,0
9708,12.6399,51.1194,2,0
9709,230.272,92.2751,2,0
9710,379.174,83.0146,2,0
9711,242.722,298,2,0
9712,196.815,213.71,2,0
9713,545.668,187.618,2,0
9714,321.196,168.115,2,0
9715,460.043,273.913,2,0
9716,517.754,142.211,2,0
9717,534.764,290.891,2,0
9718,301.829,266.069,2,0
9719,312.798,264.604,2,0
9720,343.651,226.732,2,0
9721,224.73,109.086,2,0
9722,160.31,192.727,2,0
9723,539.695,63.5515,2,0
9724,490.449,26.7343,2,0
9725,135.702,42.7913,2,0
9726,325.882,220.734,2,0
9727,549.598,88.9641,2,0
9728,397.656,107.496,2,0
9729,351.855,227.732,2,0
9730,193.05,8.98938,2,0
9731,450.772,170.12,2,0
9732,411.288,85.7195,2,0
9733,172.968,140.462,2,0
9734,52.676,27.3958,2,0
9735,401.902,50.4291,2,0
9736,207.387,159.92,2,0
9737,362.317,110.896,2,0
9738,418.772,77.3373,2,0
9739,394.246,158.494,2,0
9740,428.309,27.3608,2,0
9741,206.071,252.168,2,0
9742,171.781,10.9041,2,0
9743,152.009,197.566,2,0
9744,233.998,61.6364,2,0
9745,149.177,117.328,2,0
9746,132.309,262.692,2,0
9747,561.673,29.4231,2,0
9748,149.313,52.8209,2,0
9749,549.302,133.628,2,0
9750,199.357,65.228,2,0
9751,472.921,109.18,2,0
9752,431.224,2,2,0
9753,567.558,222.588,2,0
9754,41.2329,197.326,2,0
9755,134.692,243.906,2,0
9756,549.519,30.0196,2,0
9757,335.085,34.6499,2,0
9758,489.095,143.512,2,0
9759,484.833,209.911,2,0
9760,488.1,136.372,2,0
9761,5.86464,287.081,2,0
9762,381.312,280.294,2,0
9763,592.961,158.325,2,0
9764,431.555,63.8126,2,0
9765,510.44,34.9238,2,0
9766,269.989,46.8401,2,0
9767,559.911,202.281,2,0
9768,515.181,98.3826,2,0
9769,273.897,175.319,2,0
9770,546.658,113.642,2,0
9771,540.906,150.302,2,0
9772,113.64,125.335,2,0
9773,298.731,232.159,2,0
9774,300.353,200.357,2,0
9775,311.366,153.436,2,0
9776,318.59,12.8325,2,0
9777,458.4,143.274,2,0
9778,186.184,236.696,2,0
9779,336.743,20.1345,2,0
9780,103.462,48.1052,2,0
9781,216.838,246.787,2,0
9782,440.951,138.123,2,0
9783,109.682,179.411,2,0
9784,308.523,139.223,2,0
9785,509.774,190.522,2,0
9786,46.3698,129.278,2,0
9787,103.122,121.987,2,0
9788,266.681,206.898,2,0
9789,534.635,103.041,2,0
9790,168.414,213.237,2,0
9791,484.205,16.09,2,0
9792,307.883,219.799,2,0
9793,187.002,5.41497,2,0
9794,458.496,226.204,2,0
9795,541.063,76.6682,2,0
9796,424.341,210.416,2,0
9797,353.8,42.4229,2,0
9798,94.8423,86.9068,2,0
9799,541.027,71.3373,2,0
9800,305.021,29.1904,2,0
9801,452.467,96.2224,2,0
9802,220.889,216.663,2,0
9803,432.698,162.74,2,0
9804,597.55,86.6129,2,0
9805,405.625,196.346,2,0
9806,279.128,162.412,2,0
9807,421.588,179.015,2,0
9808,500.25,15.9965,2,0
9809,206.544,167.324,2,0
9810,66.7303,15.8415,2,0
9811,51.0557,192.847,2,0
9812,318.532,224.04,2,0
9813,12.9571,224.421,2,0
9814,389.728,120.201,2,0
9815,388.098,172.691,2,0
9816,502.931,229.649,2,0
9817,250.728,290.98,2,0
9818,280.54,9.05346,2,0
9819,245.967,78.9794,2,0
9820,461.973,281.853,2,0
9821,109.878,135.394,2,0
9822,89.7913,128.386,2,0
9823,122.326,80.3816,2,0
9824,166.419,187.749,2,0
9825,142.319,266.323,2,0
9826,437.434,51.0464,2,0
9827,265.457,153.569,2,0
9828,376.638,41.6543,2,0
9829,294.139,142.585,2,0
9830,401.77,18.6535,2,0
9831,244.994,91.5102,2,0
9832,148.161,276.957,2,0
9833,181.081,250.651,2,0
9834,222.257,101.373,2,0
9835,384.472,259.207,2,0
9836,2.51595,21.1972,2,0
9837,540.793,280.123,2,0
9838,63.9211,248.035,2,0
9839,536.593,106.647,2,0
9840,281.544,134.388,2,0
9841,483.251,69.5967,2,0
9842,279.919,213.063,2,0
9843,128.073,108.519,2,0
9844,395.072,268.417,2,0
9845,536.687,294.453,2,0
9846,367.477,298,2,0
9847,492.809,208.105,2,0
9848,63.1648,92.4305,2,0
9849,127.204,150.106,2,0
9850,241.559,132.382,2,0
9851,476.985,51.3986,2,0
9852,444.404,42.4653,2,0
9853,489.847,242.993,2,0
9854,117.184,75.642,2,0
9855,20.503,168.501,2,0
9856,456.092,189.561,2,0
9857,428.396,31.5462,2,0
9858,246.137,36.2667,2,0
9859,392.991,89.7495,2,0
9860,209.176,203.59,2,0
9861,508.462,240.753,2,0
9862,578.853,217.871,2,0
9863,53.8148,200.815,2,0
9864,528.71,226.057,2,0
9865,125.272,20.8816,2,0
9866,506.544,176.961,2,0
9867,21.3737,12.3827,2,0
9868,586.173,76.383,2,0
9869,128.293,255.691,2,0
9870,233.358,253.477,2,0
9871,346.434,173.447,2,0
9872,17.148,214.819,2,0
9873,488.89,209.044,2,0
9874,218.315,140.247,2,0
9875,139.288,44.5772,2,0
9876,228.872,99.1017,2,0
9877,529.398,94.3074,2,0
9878,412.728,104.016,2,0
9879,306.252,68.0599,2,0
9880,168.593,126.367,2,0
9881,230.365,235.898,2,0
9882,552.089,227.788,2,0
9883,188.616,27.4365,2,0
9884,245.052,235.352,2,0
9885,20.0202,111.297,2,0
9886,181.665,149.313,2,0
9887,247.353,15.484,2,0
9888,575.127,170.432,2,0
9889,107.421,201.26,2,0
9890,49.0285,199.616,2,0
9891,532.875,198.527,2,0
9892,169.984,90.3406,2,0
9893,8.19148,241.112,2,0
9894,196.311,244.916,2,0
9895,65.2771,251.883,2,0
9896,92.7557,49.8253,2,0
9897,285.548,171.005,2,0
9898,240.45,123.012,2,0
9899,161.941,26.7135,2,0
9900,49.5351,12.9452,2,0
9901,372.654,189.755,2,0
9902,13.5983,127.628,2,0
9903,468.065,138.409,2,0
9904,400.621,72.8514,2,0
9905,354.016,77.7634,2,0
9906,504.528,2,2,0
9907,173.926,259.295,2,0
9908,548.877,294.519,2,0
9909,382.166,45.6044,2,0
9910,169.618,171.512,2,0
9911,19.4017,90.8561,2,0
9912,118.796,238.607,2,0
9913,498.17,298,2,0
9914,305.514,120.662,2,0
9915,330.485,135.836,2,0
9916,320.878,155.84,2,0
9917,70.9078,119.867,2,0
9918,130.027,207.917,2,0
9919,590.314,236.287,2,0
9920,425.985,41.9257,2,0
9921,328.554,231.409,2,0
9922,420.671,217.938,2,0
9923,295.51,73.189,2,0
9924,100.631,269.962,2,0
9925,429.291,39.6594,2,0
9926,298.164,183.709,2,0
9927,215.988,125.755,2,0
9928,271.964,170.86,2,0
9929,15.1117,178.042,2,0
9930,489.478,91.4144,2,0
9931,567.961,162.546,2,0
9932,105.926,20.1898,2,0
9933,526.063,148.454,2,0
9934,302.525,129.261,2,0
9935,514.588,200.647,2,0
9936,300.258,163.154,2,0
9937,348.207,237.972,2,0
9938,567.944,12.6464,2,0
9939,83.3484,106.718,2,0
9940,446.35,22.2454,2,0
9941,444.444,164.89,2,0
9942,313.365,210.456,2,0
9943,18.1118,65.3761,2,0
9944,500.203,134.834,2,0
9945,385.733,34.7864,2,0
9946,36.2909,155.239,2,0
9947,467.453,113.351,2,0
9948,130.051,189.481,2,0
9949,58.5863,243.45,2,0
9950,471.966,69.8477,2,0
9951,527.105,221.996,2,0
9952,156.522,9.78345,2,0
9953,288.858,204.506,2,0
9954,587.863,182.527,2,0
9955,395.516,140.271,2,0
9956,273.689,225.349,2,0
9957,506.65,87.1674,2,0
9958,319.119,24.2992,2,0
9959,553.197,9.00272,2,0
9960,200.825,266.009,2,0
9961,299.861,49.6022,2,0
9962,95.3914,212.046,2,0
9963,41.4336,12.6899,2,0
9964,187.282,184.405,2,0
9965,53.7844,226.316,2,0
9966,269.797,35.8861,2,0
9967,153.627,193.838,2,0
9968,544.963,128.288,2,0
9969,343.098,41.7668,2,0
9970,323.574,236.65,2,0
9971,163.63,277.869,2,0
9972,524.302,136.418,2,0
9973,446.202,239.443,2,0
9974,29.0921,282.127,2,0
9975,40.042,208.158,2,0
9976,506.064,218.996,2,0
9977,587.712,108.159,2,0
9978,269.342,106.725,2,0
9979,353.914,72.6578,2,0
9980,402.794,2,2,0
9981,306.3,209.33,2,0
9982,148.699,142.592,2,0
9983,166.26,294.479,2,0
9984,264.199,67.5498,2,0
9985,340.629,13.2706,2,0
9986,540.963,15.9879,2,0
9987,337.82,28.1336,2,0
9988,114.842,269.131,2,0
9989,591.177,41.0257,2,0
9990,156.111,224.961,2,0
9991,178.844,52.3184,2,0
9992,394.249,21.8558,2,0
9993,70.2089,208.046,2,0
9994,406.859,2,2,0
9995,150.368,273.558,2,0
9996,215.366,63.7878,2,0
9997,468.172,170.262,2,0
9998,216.818,195.414,2,0
9999,180.638,91.0521,2,0
10000,32.1421,247.38,2,0
10001,162.268,46.502,2,0
10002,534.012,128.38,2,0
10003,45.3484,217.534,2,0
10004,473.499,116.349,2,0
10005,347.793,227.291,2,0
10006,196.576,133.953,2,0
10007,484.549,231.97,2,0
10008,502.283,19.6471,2,0
10009,493.177,224.516,2,0
10010,381.799,266.184,2,0
10011,250.759,169.234,2,0
10012,277.938,56.3366,2,0
10013,178.154,165.201,2,0
10014,155.632,238.944,2,0
10015,113.352,229.173,2,0
10016,586.23,178.894,2,0
10017,78.7749,154.367,2,0
10018,76.0582,186.527,2,0
10019,1.29088,152.913,2,0
10020,520.265,183.83,2,0
10021,24.1108,125.205,2,0
10022,381.527,273.159,2,0
10023,198.224,259.401,2,0
10024,32.7038,176.347,2,0
10025,501.227,141.872,2,0
10026,409.355,268.924,2,0
10027,27.0187,54.4048,2,0
10028,83.6968,174.672,2,0
10029,473.47,165.714,2,0
10030,118.136,258.551,2,0
10031,322.351,96.8858,2,0
10032,184.969,81.2133,2,0
10033,253.752,118.37,2,0
10034,402.354,54.5784,2,0
10035,82.1893,68.4655,2,0
10036,92.8258,70.3727,2,0
10037,271.384,284.039,2,0
10038,420.32,183.017,2,0
10039,304.606,9.0076,2,0
10040,242.56,73.7173,2,0
10041,397.285,210.319,2,0
10042,550.037,220.955,2,0
10043,414.598,36.9459,2,0
10044,580.12,91.7697,2,0
10045,248.986,215.76,2,0
10046,171.511,197.13,2,0
10047,77.3172,71.3284,2,0
10048,297.761,216.301,2,0
10049,175.736,202.168,2,0
10050,228.102,5.58441,2,0
10051,486.05,290.936,2,0
10052,596.183,5.55143,2,0
10053,229.8,210.505,2,0
10054,267.97,240.575,2,0
10055,315.812,190.305,2,0
10056,475.719,162.303,2,0
10057,75.4905,96.0338,2,0
10058,387.962,223.722,2,0
10059,146.786,160.057,2,0
10060,410.09,143.391,2,0
10061,160.84,163.593,2,0
10062,378.382,16.1592,2,0
10063,110.608,198.465,2,0
10064,407.741,132.847,2,0
10065,595.895,183.646,2,0
10066,9.11588,230.354,2,0
10067,98.5021,209.366,2,0
10068,391.311,283.946,2,0
10069,523.369,51.9752,2,0
10070,165.071,149.571,2,0
10071,438.6,236.542,2,0
10072,66.1544,209.006,2,0
10073,83.882,188.822,2,0
10074,392.576,260.834,2,0
10075,481.98,298,2,0
10076,475.878,9.16018,2,0
10077,62.4957,103.052,2,0
10078,440.12,199.084,2,0
10079,302.917,280.016,2,0
10080,174.556,242.438,2,0
10081,327.921,86.2422,2,0
10082,212.672,106.716,2,0
10083,567.135,283.97,2,0
10084,340.303,52.3277,2,0
10085,522.797,186.996,2,0
10086,435.646,283.805,2,0
10087,391.817,190.898,2,0
10088,312.888,31.2521,2,0
10089,191.824,89.4919,2,0
10090,26.6577,84.8829,2,0
10091,388.625,108.141,2,0
10092,116.434,192.571,2,0
10093,182.706,5.40983,2,0
10094,11.8756,16.1513,2,0
10095,538.894,5.56092,2,0
10096,551.008,290.96,2,0
10097,213.878,22.9592,2,0
10098,594.768,226.441,2,0
10099,285.78,38.941,2,0
10100,424.146,60.5438,2,0
10101,400.846,167.26,2,0
10102,346.741,216.476,2,0
10103,368.237,67.5981,2,0
10104,282.713,80.6193,2,0
10105,509.972,84.6485,2,0
10106,287.027,142.406,2,0
10107,55.6191,2,2,0
10108,321.346,203.182,2,0
10109,554.526,133.11,2,0
10110,443.668,283.537,2,0
10111,425.181,155.32,2,0
10112,199.596,247.284,2,0
10113,307.916,197.507,2,0
10114,68.1756,174.175,2,0
10115,280.02,189.819,2,0
10116,134.674,72.4498,2,0
10117,70.9324,171.073,2,0
10118,261.858,109.11,2,0
10119,469.864,298,2,0
10120,193.249,232.591,2,0
10121,238.215,104.542,2,0
10122,175.842,206.048,2,0
10123,204.754,29.7074,2,0
10124,226.023,112.924,2,0
10125,179.073,39.9444,2,0
10126,9.32565,218.095,2,0
10127,476.709,126.704,2,0
10128,229.948,124.488,2,0
10129,248.482,124.854,2,0
10130,140.259,221.12,2,0
10131,35.2147,147.184,2,0
10132,395.723,96.2274,2,0
10133,596.456,298,2,0
10134,203.072,55.0503,2,0
10135,34.6854,138.964,2,0
10136,583.711,211.101,2,0
10137,492.154,84.8599,2,0
10138,570.774,61.7658,2,0
10139,216.647,107.526,2,0
10140,161.544,67.2584,2,0
10141,434.668,206.506,2,0
10142,126.113,188.306,2,0
10143,97.5841,5.56284,2,0
10144,103.474,68.3791,2,0
10145,467.779,120.639,2,0
10146,520.687,255.386,2,0
10147,292.658,55.8416,2,0
10148,385.943,206.503,2,0
10149,106.887,37.9828,2,0
10150,109.922,17.4419,2,0
10151,150.092,113.352,2,0
10152,433.368,45.3253,2,0
10153,428.7,224.755,2,0
10154,215.418,235.374,2,0
10155,532.771,120.298,2,0
10156,247.203,120.724,2,0
10157,441.608,151.102,2,0
10158,312.201,47.8124,2,0
10159,498.039,203.5,2,0
10160,541.167,175.127,2,0
10161,105.002,90.4763,2,0
10162,444.84,231.526,2,0
10163,262.284,242.086,2,0
10164,378.879,198.138,2,0
10165,345.246,230.562,2,0
10166,512.813,108.904,2,0
10167,495.627,146.359,2,0
10168,225.826,291.031,2,0
10169,140.69,149.805,2,0
10170,184.968,85.217,2,0
10171,209.707,95.114,2,0
10172,482.752,104.577,2,0
10173,82.4116,80.5335,2,0
10174,423.951,225.16,2,0
10175,508.439,215.649,2,0
10176,210.322,98.9939,2,0
10177,415.454,79.7408,2,0
10178,544.503,147.811,2,0
10179,402.579,233.902,2,0
10180,302.365,181.46,2,0
10181,95.1408,21.2074,2,0
10182,232.107,280.526,2,0
10183,327.21,261.501,2,0
10184,1.5086,231.042,2,0
10185,9.9216,171.397,2,0
10186,437.806,294.449,2,0
10187,488.114,294.561,2,0
10188,262.265,5.54843,2,0
10189,311.799,276.647,2,0
10190,196.599,199.299,2,0
10191,507.011,187.417,2,0
10192,151.594,238.961,2,0
10193,106.984,50.0541,2,0
10194,502.98,156.29,2,0
10195,473.18,52.9809,2,0
10196,40.153,48.3641,2,0
10197,476.995,35.1538,2,0
10198,154.537,106.381,2,0
10199,255.328,155.337,2,0
10200,103.314,56.0181,2,0
10201,551.731,168.215,2,0
10202,555.066,298,2,0
10203,236.315,287.54,2,0
10204,502.517,267.884,2,0
10205,60.3605,48.7023,2,0
10206,542.658,80.3901,2,0
10207,148.663,135.57,2,0
10208,348.417,125.422,2,0
10209,136.666,223.194,2,0
10210,42.032,251.614,2,0
10211,473.982,19.6005,2,0
10212,397.318,28.439,2,0
10213,278.865,126.682,2,0
10214,516.58,294.397,2,0
10215,466.211,36.3187,2,0
10216,189.035,9.06224,2,0
10217,417.384,94.4291,2,0
10218,526.548,236.899,2,0
10219,398.461,243.84,2,0
10220,243.304,109.205,2,0
10221,62.2576,59.4758,2,0
10222,122.654,172.367,2,0
10223,195.786,67.1894,2,0
10224,390.227,187.107,2,0
10225,87.7856,175.472,2,0
10226,256.899,236.348,2,0
10227,528.676,294.505,2,0
10228,201.4,127.587,2,0
10229,538.621,44.7369,2,0
10230,133.487,194.703,2,0
10231,34.0273,51.7377,2,0
10232,375.634,148.684,2,0
10233,121.606,65.8691,2,0
10234,248.852,150.77,2,0
10235,404.519,34.7848,2,0
10236,209.107,222.825,2,0
10237,326.25,128.985,2,0
10238,306.938,233.058,2,0
10239,296.048,120.799,2,0
10240,352.927,280.364,2,0
10241,199.637,210.821,2,0
10242,311.903,115.728,2,0
10243,28.9894,50.907,2,0
10244,243.574,5.39225,2,0
10245,18.6537,156.571,2,0
10246,68.5069,201.17,2,0
10247,549.82,197.709,2,0
10248,332.923,2,2,0
10249,22.8701,258.127,2,0
10250,93.3234,257.965,2,0
10251,434.77,220.568,2,0
10252,93.033,200.128,2,0
10253,274.883,136.679,2,0
10254,513.324,55.5028,2,0
10255,251.688,245.873,2,0
10256,535.247,192.991,2,0
10257,256.43,258.905,2,0
10258,144.692,164.691,2,0
10259,134.783,15.8796,2,0
10260,414.182,143.278,2,0
10261,128.119,262.73,2,0
10262,193.903,264.962,2,0
10263,227.499,162.952,2,0
10264,528.948,118.858,2,0
10265,450.636,263.343,2,0
10266,289.71,294.508,2,0
10267,309.885,181.613,2,0
10268,318.953,115.077,2,0
10269,6.68772,9.27538,2,0
10270,539.335,103.72,2,0
10271,200.586,29.106,2,0
10272,99.7635,62.0828,2,0
10273,485.159,162.128,2,0
10274,57.8553,232.914,2,0
10275,413.089,55.4304,2,0
10276,166.052,235.75,2,0
10277,182.273,121.438,2,0
10278,403.976,146.831,2,0
10279,488.033,287.464,2,0
10280,71.2882,80.464,2,0
10281,82.7644,260.415,2,0
10282,540.109,191.849,2,0
10283,111.49,114.448,2,0
10284,134.183,150.281,2,0
10285,282.927,127.427,2,0
10286,106.236,211.925,2,0
10287,122.249,259.2,2,0
10288,440.219,77.1636,2,0
10289,438.714,81.326,2,0
10290,321.772,226.499,2,0
10291,45.3587,290.679,2,0
10292,564.858,197.273,2,0
10293,266.886,135.264,2,0
10294,307.13,98.676,2,0
10295,311.723,218.408,2,0
10296,273.035,110.349,2,0
10297,113.835,214.52,2,0
10298,349.018,133.101,2,0
10299,244.433,266.491,2,0
10300,389.843,31.8513,2,0
10301,76.2632,231.65,2,0
10302,569.704,206.606,2,0
10303,343,72.6468,2,0
10304,138.608,120.026,2,0
10305,28.3406,248.69,2,0
10306,202.862,63.3003,2,0
10307,349.108,32.8015,2,0
10308,386.593,230.662,2,0
10309,507.495,222.779,2,0
10310,286.643,94.1032,2,0
10311,401.908,150.557,2,0
10312,276.392,2,2,0
10313,354.851,100.346,2,0
10314,259.187,184.576,2,0
10315,274.157,260.066,2,0
10316,9.06478,23.8624,2,0
10317,101.426,280.358,2,0
10318,599.716,247.556,2,0
10319,207.931,19.4808,2,0
10320,239.54,97.6655,2,0
10321,430.528,206.631,2,0
10322,419.727,245.004,2,0
10323,168.347,298,2,0
10324,36.9107,72.3222,2,0
10325,20.6096,288.656,2,0
10326,109.216,152.717,2,0
10327,278.681,81.7274,2,0
10328,117.963,104.334,2,0
10329,297.615,144.693,2,0
10330,547.729,52.5314,2,0
10331,110.572,48.0072,2,0
10332,478.932,80.1096,2,0
10333,584.946,50.9477,2,0
10334,234.283,93.0583,2,0
10335,357.102,273.216,2,0
10336,145.473,242.239,2,0
10337,462.215,42.0856,2,0
10338,190.765,157.562,2,0
10339,400.719,5.53635,2,0
10340,499.905,247.145,2,0
10341,325.129,201.445,2,0
10342,580.718,174.697,2,0
10343,375.52,254.529,2,0
10344,279.984,171.784,2,0
10345,204.687,229.335,2,0
10346,586.643,72.2707,2,0
10347,379.945,155.579,2,0
10348,270.935,228.324,2,0
10349,17.6444,267.334,2,0
10350,197.653,263.506,2,0
10351,455.629,2,2,0
10352,494.518,121.186,2,0
10353,570.727,225.206,2,0
10354,433.692,294.496,2,0
10355,361.254,214.285,2,0
10356,427.551,196.35,2,0
10357,174.994,70.8463,2,0
10358,129.362,51.4665,2,0
10359,509.61,30.8999,2,0
10360,76.1576,287.463,2,0
10361,249.395,81.2262,2,0
10362,579.289,277.235,2,0
10363,581.55,294.505,2,0
10364,566.644,107.235,2,0
10365,291.975,258.834,2,0
10366,192.55,198.614,2,0
10367,384.011,49.3185,2,0
10368,397.739,177.44,2,0
10369,341.643,240.694,2,0
10370,58.5982,254.223,2,0
10371,480.081,16.0224,2,0
10372,585.838,241.935,2,0
10373,401.161,129.811,2,0
10374,556.469,108.893,2,0
10375,247.624,64.2447,2,0
10376,34.3265,165.742,2,0
10377,246.653,31.5958,2,0
10378,437.315,117.681,2,0
10379,344.344,237.505,2,0
10380,246.681,284.052,2,0
10381,62.4407,126.981,2,0
10382,382.261,251.356,2,0
10383,28.0729,41.4619,2,0
10384,588.23,221.818,2,0
10385,313.777,175.836,2,0
10386,244.398,47.0867,2,0
10387,473.867,271.119,2,0
10388,375.211,276.77,2,0
10389,208.778,174.104,2,0
10390,227.566,95.3274,2,0
10391,589.255,244.205,2,0
10392,426.102,109.24,2,0
10393,446.032,258.069,2,0
10394,107.531,80.9688,2,0
10395,473.668,152.107,2,0
10396,508.561,194.374,2,0
10397,51.0109,167.031,2,0
10398,60.4674,41.693,2,0
10399,5.32819,152.884,2,0
10400,577.707,126.772,2,0
10401,75.8768,157.249,2,0
10402,330.261,267.889,2,0
10403,301.999,261.997,2,0
10404,280.906,59.2237,2,0
10405,280.706,269.089,2,0
10406,443.472,173.613,2,0
10407,594.801,70.0145,2,0
10408,50.9344,23.6766,2,0
10409,209.274,91.7874,2,0
10410,130.676,152.105,2,0
10411,410.421,189.673,2,0
10412,222.508,79.9074,2,0
10413,117.926,234.483,2,0
10414,508.374,294.453,2,0
10415,201.614,219.169,2,0
10416,379.805,63.8254,2,0
10417,398.772,102.621,2,0
10418,58.5397,38.1221,2,0
10419,130.388,252.271,2,0
10420,25.9202,177.762,2,0
10421,546.912,102.765,2,0
10422,195.028,256.945,2,0
10423,85.8399,74.4745,2,0
10424,360.26,55.215,2,0
10425,274.452,203.38,2,0
10426,144.735,149.728,2,0
10427,114.435,44.9583,2,0
10428,293.206,134.561,2,0
10429,222.493,180.153,2,0
10430,426.756,192.405,2,0
10431,369.682,128.192,2,0
10432,373.216,287.354,2,0
10433,451.478,43.2262,2,0
10434,50.1226,110.932,2,0
10435,51.7041,2,2,0
10436,342.973,298,2,0
10437,569.442,93.2291,2,0
10438,16.8039,271.516,2,0
10439,303.855,291.006,2,0
10440,231.504,96.1557,2,0
10441,406.372,60.2026,2,0
10442,281.284,255.973,2,0
10443,514.404,144.988,2,0
10444,122.502,10.289,2,0
10445,219.472,161.697,2,0
10446,409.259,200.703,2,0
10447,435.615,254.89,2,0
10448,110.639,148.888,2,0
10449,592.16,5.47272,2,0
10450,185.181,68.9079,2,0
10451,336.291,164.9,2,0
10452,478.697,171.783,2,0
10453,85.6795,66.2911,2,0
10454,449.926,183.985,2,0
10455,168.806,134.13,2,0
10456,175.858,226.338,2,0
10457,100.9,187.864,2,0
10458,4.44668,260.814,2,0
10459,19.9512,107.106,2,0
10460,306.269,88.2988,2,0
10461,210.759,273.374,2,0
10462,453.191,137.14,2,0
10463,388.607,72.3632,2,0
10464,213.537,8.96373,2,0
10465,221.961,158.515,2,0
10466,314.381,105.317,2,0
10467,140.161,217.017,2,0
10468,350.424,121.612,2,0
10469,142.253,7.9437,2,0
10470,373.038,77.2981,2,0
10471,448.042,228.803,2,0
10472,587.46,230.007,2,0
10473,163.35,265.587,2,0
10474,508.486,173.447,2,0
10475,188.778,71.1055,2,0
10476,394.463,47.1111,2,0
10477,580.436,138.021,2,0
10478,144.576,56.6743,2,0
10479,83.2623,144.638,2,0
10480,152.997,29.4136,2,0
10481,38.1342,252.864,2,0
10482,433.544,134.922,2,0
10483,124.83,233.039,2,0
10484,588.903,49.9932,2,0
10485,338.903,176.464,2,0
10486,491.169,50.1846,2,0
10487,598.346,9.06818,2,0
10488,268.106,58.7737,2,0
10489,96.1513,147.674,2,0
10490,246.329,262.912,2,0
10491,442.394,28.0959,2,0
10492,309.437,44.9061,2,0
10493,411.315,74.0672,2,0
10494,445.425,124.758,2,0
10495,123.022,206.495,2,0
10496,76.4614,45.5953,2,0
10497,434.837,235.025,2,0
10498,3.34502,173.911,2,0
10499,472.601,101.845,2,0
10500,377.167,246.757,2,0
10501,356.436,89.7614,2,0
10502,99.4242,114.134,2,0
10503,575.145,26.3587,2,0
10504,68.2736,150.973,2,0
10505,141.311,18.5965,2,0
10506,138.294,266.333,2,0
10507,491.343,201.265,2,0
10508,93.8335,129.48,2,0
10509,265.901,223.419,2,0
10510,363.228,269.273,2,0
10511,72.1608,225.886,2,0
10512,259.844,203.875,2,0
10513,100.585,294.524,2,0
10514,151.801,23.8806,2,0
10515,404.347,84.7645,2,0
10516,407.335,298,2,0
10517,98.7383,283.948,2,0
10518,186.442,228.332,2,0
10519,462.348,207.05,2,0
10520,461.096,59.4714,2,0
10521,573.449,180.797,2,0
10522,240.117,146.416,2,0
10523,303.363,70.9252,2,0
10524,316.713,2,2,0
10525,150.5,38.7075,2,0
10526,294.984,261.522,2,0
10527,279.278,158.367,2,0
10528,148.512,57.5193,2,0
10529,475.38,148.44,2,0
10530,341.778,255.163,2,0
10531,437.593,280.287,2,0
10532,518.245,146.141,2,0
10533,583.237,270.042,2,0
10534,42.0588,51.9398,2,0
10535,546.374,267.941,2,0
10536,39.947,62.321,2,0
10537,487.295,202.081,2,0
10538,242.223,217.925,2,0
10539,517.83,91.8862,2,0
10540,367.418,269.514,2,0
10541,309.382,127.06,2,0
10542,359.042,276.785,2,0
10543,299.933,132.307,2,0
10544,17.2586,129.555,2,0
10545,380.169,186.905,2,0
10546,55.7624,267.746,2,0
10547,252.141,153.158,2,0
10548,490.046,205.156,2,0
10549,76.12,219.444,2,0
10550,301.4,64.1397,2,0
10551,320.349,93.1932,2,0
10552,171.267,39.6893,2,0
10553,296.45,83.8694,2,0
10554,109.994,251.764,2,0
10555,148.317,84.6388,2,0
10556,365.03,280.073,2,0
10557,112.069,29.2369,2,0
10558,545.125,248.011,2,0
10559,421.585,280.46,2,0
10560,311.998,137.175,2,0
10561,599.047,251.543,2,0
10562,495.904,246.897,2,0
10563,279.256,196.866,2,0
10564,247.358,109.984,2,0
10565,338.817,9.49349,2,0
10566,470.479,141.85,2,0
10567,502.569,120.22,2,0
10568,106.093,76.3432,2,0
10569,386.569,122.786,2,0
10570,326.221,273.585,2,0
10571,533.218,171.456,2,0
10572,410.351,215.718,2,0
10573,594.396,179.855,2,0
10574,350.299,95.1349,2,0
10575,368.573,168.662,2,0
10576,5.46966,95.4657,2,0
10577,306.342,247.572,2,0
10578,62.1747,66.4565,2,0
10579,205.134,103.929,2,0
10580,390.992,97.6358,2,0
10581,90.9912,173.16,2,0
10582,2.70492,135.472,2,0
10583,399.812,147.139,2,0
10584,83.6018,203.605,2,0
10585,362.089,199.936,2,0
10586,288.547,2,2,0
10587,172.214,208.274,2,0
10588,494.429,236.255,2,0
10589,46.1878,109.982,2,0
10590,14.8716,192.747,2,0
10591,151.448,246.047,2,0
10592,441.129,52.6979,2,0
10593,157.896,207.13,2,0
10594,391.1,298,2,0
10595,352.638,88.3964,2,0
10596,599.301,39.6523,2,0
10597,175.622,9.24533,2,0
10598,40.5992,278.568,2,0
10599,43.2653,168.219,2,0
10600,311.065,157.465,2,0
10601,140.964,95.0507,2,0
10602,570.532,244.134,2,0
10603,192.531,16.9778,2,0
10604,488.205,2,2,0
10605,510.784,212.245,2,0
10606,559.666,49.6617,2,0
10607,219.323,62.5095,2,0
10608,391.672,60.6073,2,0
10609,38.8713,144.651,2,0
10610,174.711,129.24,2,0
10611,502.069,218.756,2,0
10612,131.258,178.737,2,0
10613,276.674,22.8824,2,0
10614,158.891,160.004,2,0
10615,174.325,5.44932,2,0
10616,159.945,232.096,2,0
10617,328.91,9.00265,2,0
10618,371.134,276.751,2,0
10619,130.344,242.222,2,0
10620,54.1794,138.819,2,0
10621,184.734,8.93346,2,0
10622,185.215,100.79,2,0
10623,568.403,185.637,2,0
10624,199.045,12.5635,2,0
10625,133.899,190.626,2,0
10626,136.565,237.079,2,0
10627,511.024,186.637,2,0
10628,395.185,298,2,0
10629,397.299,214.355,2,0
10630,203.643,272.577,2,0
10631,107.672,107.528,2,0
10632,116.191,207.709,2,0
10633,238.177,263.078,2,0
10634,385.595,110.816,2,0
10635,528.949,160.337,2,0
10636,316.596,262.815,2,0
10637,299.684,204.186,2,0
10638,410.947,69.9433,2,0
10639,245.956,246.195,2,0
10640,452.982,256.626,2,0
10641,291.857,290.827,2,0
10642,24.9,69.1501,2,0
10643,2.50643,294.448,2,0
10644,283.597,276.387,2,0
10645,109.972,77.7942,2,0
10646,237.285,178.976,2,0
10647,347.333,209.428,2,0
10648,94.563,188.608,2,0
10649,113.088,149.828,2,0
10650,550.136,25.9274,2,0
10651,13.4168,123.566,2,0
10652,464.33,113.478,2,0
10653,491.592,246.683,2,0
10654,174.057,151.765,2,0
10655,405.859,79.8158,2,0
10656,450.756,176.159,2,0
10657,366.347,227.036,2,0
10658,7.42904,62.5343,2,0
10659,89.5307,168.851,2,0
10660,262.316,192.041,2,0
10661,163.921,180.607,2,0
10662,232.879,26.9718,2,0
10663,308.521,270.524,2,0
10664,481.574,57.5934,2,0
10665,293.344,123.749,2,0
10666,118.66,219.745,2,0
10667,516.262,23.3295,2,0
10668,86.1596,215.478,2,0
10669,11.5689,163.379,2,0
10670,592.122,132.567,2,0
10671,241.432,201.461,2,0
10672,367.41,254.419,2,0
10673,492.107,239.586,2,0
10674,514.509,139.686,2,0
10675,429.154,19.4578,2,0
10676,261.642,130.635,2,0
10677,372.752,262.011,2,0
10678,45.9839,202.575,2,0
10679,555.794,50.6525,2,0
10680,265.143,294.514,2,0
10681,458.756,70.335,2,0
10682,464.805,109.492,2,0
10683,441.34,252.706,2,0
10684,176.771,92.2651,2,0
10685,456.858,185.182,2,0
10686,324.463,93.3606,2,0
10687,116.58,151.972,2,0
10688,127.128,244.859,2,0
10689,24.9543,57.9715,2,0
10690,484.117,177.797,2,0
10691,192.135,193.972,2,0
10692,582.07,26.508,2,0
10693,99.5588,231.964,2,0
10694,153.227,117.512,2,0
10695,598.724,220.729,2,0
10696,383.4,31.2838,2,0
10697,38.3159,30.7537,2,0
10698,580.874,156.971,2,0
10699,0.125384,276.438,2,0
10700,399.863,236.863,2,0
10701,133.222,19.728,2,0
10702,164.045,232.25,2,0
10703,167.926,98.2883,2,0
10704,284.309,111.986,2,0
10705,419.07,118.668,2,0
10706,408.908,19.6392,2,0
10707,231.772,174.441,2,0
10708,413.913,258.173,2,0
10709,354.563,144.398,2,0
10710,519.122,46.2428,2,0
10711,118.143,24.1647,2,0
10712,547.687,244.764,2,0
10713,589.4,186.358,2,0
10714,109.181,287.677,2,0
10715,314.05,101.296,2,0
10716,216.458,88.1675,2,0
10717,196.783,240.904,2,0
10718,367.072,37.5513,2,0
10719,458.91,193.727,2,0
10720,431.26,8.95279,2,0
10721,378.474,207.691,2,0
10722,368.644,261.939,2,0
10723,287.639,298,2,0
10724,50.5355,262.887,2,0
10725,541.18,236.227,2,0
10726,267.4,102.98,2,0
10727,86.9176,186.216,2,0
10728,1.81521,170.192,2,0
10729,564.717,215.993,2,0
10730,347.022,298,2,0
10731,292.486,99.6372,2,0
10732,19.9046,15.1057,2,0
10733,244.063,239.44,2,0
10734,528.901,197.937,2,0
10735,385.915,210.631,2,0
10736,310.708,5.5256,2,0
10737,347.694,165.557,2,0
10738,591.567,276.84,2,0
10739,463.268,55.9462,2,0
10740,159.833,12.2362,2,0
10741,231.344,73.6238,2,0
10742,27.337,2,2,0
10743,406.044,256.391,2,0
10744,293.087,184.793,2,0
10745,528.659,75.0374,2,0
10746,236.182,294.393,2,0
10747,17.494,285.923,2,0
10748,131.208,60.7671,2,0
10749,72.9622,253.529,2,0
10750,581.268,273.471,2,0
10751,364.13,68.7521,2,0
10752,346.738,161.469,2,0
10753,336.5,139.602,2,0
10754,579.399,284.041,2,0
10755,221.379,69.2883,2,0
10756,378.132,176.184,2,0
10757,396.574,5.50599,2,0
10758,320.847,9.04918,2,0
10759,497.752,149.754,2,0
10760,100.587,179.569,2,0
10761,316.155,63.567,2,0
10762,71.3615,204.138,2,0
10763,82.7562,252.152,2,0
10764,267.873,177.805,2,0
10765,480.49,231.706,2,0
10766,150.648,219.321,2,0
10767,312.703,2,2,0
10768,197.17,217.657,2,0
10769,261.015,280.468,2,0
10770,416.041,265.921,2,0
10771,132.077,269.861,2,0
10772,369.082,280.379,2,0
10773,563.682,264.514,2,0
10774,35.6223,151.14,2,0
10775,353.406,118.899,2,0
10776,102.87,135.191,2,0
10777,213.696,71.6658,2,0
10778,137.487,164.483,2,0
10779,47.1948,191.718,2,0
10780,350,198.779,2,0
10781,182.956,222.334,2,0
10782,250.309,25.7155,2,0
10783,376.174,165.613,2,0
10784,465.424,241.121,2,0
10785,0.509637,60.9761,2,0
10786,159.535,16.4175,2,0
10787,548.872,287.504,2,0
10788,365.368,166.033,2,0
10789,53.8098,285.095,2,0
10790,39.2434,132.65,2,0
10791,432.793,174.581,2,0
10792,341.51,270.777,2,0
10793,424.47,102.409,2,0
10794,430.064,108.385,2,0
10795,522.138,77.6933,2,0
10796,228.783,120.598,2,0
10797,379.234,283.863,2,0
10798,368.41,195.363,2,0
10799,499.748,145.705,2,0
10800,193.427,211.666,2,0
10801,12.389,91.1258,2,0
10802,196.577,16.254,2,0
10803,112.572,279.573,2,0
10804,374.922,173.734,2,0
10805,130.959,135.974,2,0
10806,84.7227,5.02118,2,0
10807,565.459,92.3415,2,0
10808,103.691,2,2,0
10809,155.505,76.1614,2,0
10810,566.107,118.725,2,0
10811,370.395,9.14884,2,0
10812,321.06,141.72,2,0
10813,79.6998,282.367,2,0
10814,453.606,5.54796,2,0
10815,489.714,64.8138,2,0
10816,216.362,59.7906,2,0
10817,315.288,59.6604,2,0
10818,105.437,207.949,2,0
10819,149.761,61.485,2,0
10820,470.237,73.6553,2,0
10821,393.907,81.8351,2,0
10822,350.999,80.4981,2,0
10823,185.073,276.95,2,0
10824,588.247,124.375,2,0
10825,118.704,171.147,2,0
10826,256.213,70.6948,2,0
10827,499.516,210.731,2,0
10828,225.825,211.478,2,0
10829,404.298,123.626,2,0
10830,578.698,134.367,2,0
10831,410.253,230.258,2,0
10832,388.2,179.988,2,0
10833,426.596,246.559,2,0
10834,290.593,140.364,2,0
10835,172.967,78.6062,2,0
10836,254.499,85.7378,2,0
10837,598.375,224.68,2,0
10838,23.4473,104.828,2,0
10839,307.914,151.214,2,0
10840,89.6446,235.931,2,0
10841,342.681,101.582,2,0
10842,441.929,60.7782,2,0
10843,89.5182,154.143,2,0
10844,106.608,197.229,2,0
10845,186.132,268.935,2,0
10846,108.093,238.479,2,0
10847,186.857,158.8,2,0
10848,123.388,160.339,2,0
10849,551.98,178.814,2,0
10850,336.556,294.782,2,0
10851,173.992,254.69,2,0
10852,590.762,56.674,2,0
10853,303.854,161.123,2,0
10854,505.334,180.915,2,0
10855,454.979,55.9344,2,0
10856,210.743,32.7499,2,0
10857,490.173,283.888,2,0
10858,13.9244,188.768,2,0
10859,245.994,106.079,2,0
10860,584.188,30.0312,2,0
10861,62.6514,31.1625,2,0
10862,536.446,23.5007,2,0
10863,355.417,210.193,2,0
10864,594.161,2,2,0
10865,379.837,243.764,2,0
10866,442.229,161.531,2,0
10867,422.957,48.4323,2,0
10868,572.309,184.683,2,0
10869,512.325,272.765,2,0
10870,412.008,125.256,2,0
10871,383.641,19.0083,2,0
10872,587.782,225.825,2,0
10873,172.566,108.084,2,0
10874,41.4183,182.8,2,0
10875,588.136,22.7428,2,0
10876,473.755,91.0152,2,0
10877,89.1132,139.075,2,0
10878,506.462,12.4769,2,0
10879,126.283,81.2283,2,0
10880,173.539,170.311,2,0
10881,231.617,217.298,2,0
10882,175.371,198.39,2,0
10883,49.2589,184.903,2,0
10884,104.114,237.21,2,0
10885,1.1394,24.9824,2,0
10886,444.817,38.4638,2,0
10887,445.884,287.605,2,0
10888,167.946,126.753,2,0
10889,522.448,276.867,2,0
10890,172.531,174.291,2,0
10891,31.898,78.8813,2,0
10892,558.803,94.5398,2,0
10893,476.609,200.954,2,0
10894,241.09,236.664,2,0
10895,544.336,271.593,2,0
10896,463.849,237.323,2,0
10897,35.9306,264.843,2,0
10898,36.4417,89.6562,2,0
10899,25.931,242.122,2,0
10900,457.107,201.181,2,0
10901,521.004,84.9843,2,0
10902,218.297,100.732,2,0
10903,372.842,163.111,2,0
10904,283.791,290.928,2,0
10905,587.375,255.882,2,0
10906,125.696,237.049,2,0
10907,163.361,74.0412,2,0
10908,311.151,284.697,2,0
10909,474.848,183.314,2,0
10910,273.039,61.4313,2,0
10911,571.236,270.021,2,0
10912,223.512,248.675,2,0
10913,82.4258,129.975,2,0
10914,175.648,234.383,2,0
10915,531.241,258.664,2,0
10916,484.037,294.483,2,0
10917,105.709,245,2,0
10918,293.633,51.9166,2,0
10919,420.609,241.005,2,0
10920,334.511,128.921,2,0
10921,279.574,154.225,2,0
10922,224.105,57.2832,2,0
10923,76.4822,20.3623,2,0
10924,228.724,214.511,2,0
10925,355.164,290.963,2,0
10926,489.556,38.0994,2,0
10927,460.708,19.4521,2,0
10928,161.159,96.2843,2,0
10929,221.962,23.1027,2,0
10930,39.2302,294.306,2,0
10931,143.372,238.718,2,0
10932,498.235,75.9511,2,0
10933,220.764,194.858,2,0
10934,477.53,115.845,2,0
10935,140.062,109.032,2,0
10936,6.07595,252.795,2,0
10937,406.756,272.149,2,0
10938,364.048,149.15,2,0
10939,375.048,283.848,2,0
10940,42.2166,44.8618,2,0
10941,52.0156,256.244,2,0
10942,347.985,147.513,2,0
10943,570.595,134.537,2,0
10944,8.57685,85.2457,2,0
10945,195.432,152.399,2,0
10946,353.159,213.623,2,0
10947,344.773,280.339,2,0
10948,408.511,219.394,2,0
10949,299.33,86.6451,2,0
10950,447.132,79.6828,2,0
10951,406.129,230.466,2,0
10952,456.952,276.571,2,0
10953,562.725,168.714,2,0
10954,328.528,44.8291,2,0
10955,599.787,283.825,2,0
10956,210.076,109.782,2,0
10957,431.687,282.763,2,0
10958,75.4705,280.124,2,0
10959,580.859,19.1571,2,0
10960,129.232,20.2905,2,0
10961,352.11,147.846,2,0
10962,357.184,294.458,2,0
10963,360.862,71.2139,2,0
10964,154.181,209.14,2,0
10965,418.743,230.159,2,0
10966,32.8894,280.827,2,0
10967,103.688,8.929,2,0
10968,129.872,287.507,2,0
10969,304.889,272.299,2,0
10970,342.636,136.141,2,0
10971,451.103,16.9212,2,0
10972,447.377,224.845,2,0
10973,525.941,163.153,2,0
10974,27.8274,65.3814,2,0
10975,165.753,242.82,2,0
10976,241.014,139.383,2,0
10977,119.683,291.062,2,0
10978,74.7106,78.1501,2,0
10979,22.8958,54.4255,2,0
10980,213.512,283.818,2,0
10981,38.1685,108.253,2,0
10982,215.36,199.334,2,0
10983,207.608,101.749,2,0
10984,573.273,294.508,2,0
10985,467.648,222.912,2,0
10986,213.14,81.7642,2,0
10987,191.023,106.311,2,0
10988,265.847,145.52,2,0
10989,518.001,38.0612,2,0
10990,342.568,37.6504,2,0
10991,106.373,34.9273,2,0
10992,79.85,158.379,2,0
10993,256.441,55.9322,2,0
10994,478.387,123.069,2,0
10995,348.621,242.101,2,0
10996,351.919,239.502,2,0
10997,310.595,103.712,2,0
10998,7.24844,149.316,2,0
10999,135.264,84.0299,2,0
11000,24.2402,129.364,2,0
11001,13.7111,131.738,2,0
11002,117.816,215.788,2,0
11003,46.3564,151.59,2,0
11004,52.2516,93.2797,2,0
11005,415.537,298,2,0
11006,577.689,194.638,2,0
11007,428.481,90.9739,2,0
11008,336.851,245.758,2,0
11009,148.49,102.463,2,0
11010,387.182,283.974,2,0
11011,147.664,2,2,0
11012,213.365,203.87,2,0
11013,316.858,291.683,2,0
11014,149.509,124.526,2,0
11015,230.178,103.043,2,0
11016,207.544,12.4144,2,0
11017,412.408,108.03,2,0
11018,180.806,254.887,2,0
11019,481.774,242.412,2,0
11020,266.908,269.463,2,0
11021,354.685,162.404,2,0
11022,333.03,57.7484,2,0
11023,459.324,154.015,2,0
11024,268.423,2,2,0
11025,5.49837,225.059,2,0
11026,192.249,277.071,2,0
11027,566.658,134.116,2,0
11028,20.2365,232.942,2,0
11029,390.84,11.2608,2,0
11030,565.578,15.9258,2,0
11031,187.284,294.464,2,0
11032,229.448,225.134,2,0
11033,50.1583,139.588,2,0
11034,156.116,14.0712,2,0
11035,479.571,73.7971,2,0
11036,144.632,142.753,2,0
11037,181.964,18.9349,2,0
11038,447.405,206.763,2,0
11039,472.279,191.195,2,0
11040,558.588,121.246,2,0
11041,471.386,278.746,2,0
11042,145.273,26.8271,2,0
11043,131.401,32.9956,2,0
11044,81.6488,25.0787,2,0
11045,0.382662,243.437,2,0
11046,51.6558,266.755,2,0
11047,503.59,109.44,2,0
11048,325.687,19.5869,2,0
11049,166.545,62.2621,2,0
11050,58.2211,138.287,2,0
11051,155.736,265.801,2,0
11052,172.995,155.678,2,0
11053,568.251,218.603,2,0
11054,309.983,34.22,2,0
11055,140.437,255.797,2,0
11056,526.728,54.4287,2,0
11057,476.685,101.425,2,0
11058,582.821,73.4727,2,0
11059,338.61,257.629,2,0
11060,500.435,153.114,2,0
11061,404.515,29.843,2,0
11062,404.769,12.625,2,0
11063,188.404,192.399,2,0
11064,328.914,246.219,2,0
11065,369.4,23.0736,2,0
11066,138.273,146.478,2,0
11067,242.299,94.5169,2,0
11068,58.5985,31.1467,2,0
11069,316.153,266.824,2,0
11070,479.887,287.454,2,0
11071,126.896,90.8949,2,0
11072,198.878,169.744,2,0
11073,40.9454,282.655,2,0
11074,435.34,273.475,2,0
11075,141.116,88.1076,2,0
11076,352.562,14.7254,2,0
11077,512.634,127.517,2,0
11078,499.449,199.653,2,0
11079,357.109,40.0509,2,0
11080,414.492,235.472,2,0
11081,80.1337,286.894,2,0
11082,222.357,35.9544,2,0
11083,177.202,17.7895,2,0
11084,109.379,160.608,2,0
11085,228.195,12.5556,2,0
11086,365.119,234.041,2,0
11087,213.277,57.0264,2,0
11088,166.992,87.5933,2,0
11089,31.3543,145.618,2,0
11090,555.693,167.099,2,0
11091,552.89,47.6407,2,0
11092,248.96,188.571,2,0
11093,162.313,287.499,2,0
11094,92.5101,287.463,2,0
11095,571.348,25.0663,2,0
11096,86.9002,11.5332,2,0
11097,375.459,200.346,2,0
11098,320.898,176.343,2,0
11099,229.372,254.485,2,0
11100,57.8526,112.879,2,0
11101,481.045,33.7087,2,0
11102,420.117,54.724,2,0
11103,100.761,287.659,2,0
11104,242.629,143.111,2,0
11105,57.5624,175.673,2,0
11106,117.933,42.1402,2,0
11107,574.266,191.379,2,0
11108,273.782,36.615,2,0
11109,492.671,88.866,2,0
11110,453.478,210.445,2,0
11111,319.208,138.157,2,0
11112,96.2419,60.1604,2,0
11113,343.15,5.51159,2,0
11114,225.802,16.0413,2,0
11115,310.119,69.1521,2,0
11116,584.694,259.898,2,0
11117,522.043,162.008,2,0
11118,355.875,228.166,2,0
11119,315.374,139.558,2,0
11120,498.726,53.2488,2,0
11121,332.573,225.389,2,0
11122,213.289,77.6565,2,0
11123,475.574,287.331,2,0
11124,143.302,114.608,2,0
11125,439.808,290.974,2,0
11126,259.651,214.693,2,0
11127,317.087,208.908,2,0
11128,540.314,264.52,2,0
11129,535.892,117.676,2,0
11130,156.288,284.009,2,0
11131,418.721,172.862,2,0
11132,192.6,56.7968,2,0
11133,120.393,246.767,2,0
11134,320.941,207.252,2,0
11135,254.123,239.402,2,0
11136,12.2453,87.1785,2,0
11137,53.9868,233.944,2,0
11138,251.558,50.8244,2,0
11139,526.853,186.461,2,0
11140,41.5169,5.52788,2,0
11141,528.782,16.1265,2,0
11142,85.7838,127.571,2,0
11143,202.613,83.5776,2,0
11144,232.211,294.584,2,0
11145,103.875,255.706,2,0
11146,201.008,176.421,2,0
11147,392.135,201.565,2,0
11148,206.414,65.5317,2,0
11149,530.722,12.6167,2,0
11150,587.529,276.863,2,0
11151,139.281,84.5268,2,0
11152,599.978,184.116,2,0
11153,82.7721,155.485,2,0
11154,50.375,37.9649,2,0
11155,588.788,175.623,2,0
11156,197.463,225.25,2,0
11157,445.263,253.971,2,0
11158,434.753,258.798,2,0
11159,355.679,85.7525,2,0
11160,594.292,208.226,2,0
11161,165.067,80.7761,2,0
11162,358.523,236.509,2,0
11163,571.993,57.8728,2,0
11164,555.246,192.548,2,0
11165,285.815,238.025,2,0
11166,184.047,186.82,2,0
11167,555.046,82.9244,2,0
11168,513.2,155.822,2,0
11169,479.429,112.014,2,0
11170,149.439,9.42584,2,0
11171,236.994,89.7974,2,0
11172,374.245,114.805,2,0
11173,376.674,141.129,2,0
11174,449.904,277.945,2,0
11175,280.285,112.648,2,0
11176,286.182,182.263,2,0
11177,1.00824,84.2689,2,0
11178,451.819,78.1697,2,0
11179,537.729,69.0753,2,0
11180,548.609,229.957,2,0
11181,416.781,242.205,2,0
11182,173.284,49.4595,2,0
11183,169.106,79.6902,2,0
11184,34.3812,114.731,2,0
11185,234.593,199.492,2,0
11186,559.079,83.7142,2,0
11187,131.287,123.8,2,0
11188,498.491,266.866,2,0
11189,152.208,298,2,0
11190,516.527,255.208,2,0
11191,13.6812,268.745,2,0
11192,512.487,215.922,2,0
11193,140.436,235.915,2,0
11194,81.147,244.518,2,0
11195,538.661,276.69,2,0
11196,45.5436,95.3134,2,0
11197,413.536,294.478,2,0
11198,563.111,291.014,2,0
11199,458.164,47.9066,2,0
11200,342.103,33.602,2,0
11201,466.225,124.487,2,0
11202,592.274,81.7731,2,0
11203,216.503,231.383,2,0
11204,573.408,116.88,2,0
11205,52.881,131.909,2,0
11206,366.52,112.285,2,0
11207,125.674,287.408,2,0
11208,152.47,270.086,2,0
11209,542.432,240.122,2,0
11210,520.754,134.544,2,0
11211,63.8697,237.945,2,0
11212,395.874,191.38,2,0
11213,431.535,274.891,2,0
11214,275.878,64.2538,2,0
11215,114.709,218.449,2,0
11216,90.0255,16.3307,2,0
11217,553.544,185.716,2,0
11218,403.507,164.015,2,0
11219,192.646,116.961,2,0
11220,123.593,152.074,2,0
11221,121.224,21.5826,2,0
11222,344.347,118.308,2,0
11223,393.28,33.9501,2,0
11224,41.0858,105.344,2,0
11225,580.997,120.557,2,0
11226,16.6343,113.287,2,0
11227,432.788,210.115,2,0
11228,545.544,88.1029,2,0
11229,12.8203,33.8711,2,0
11230,375.646,19.6794,2,0
11231,591.401,200.715,2,0
11232,311.034,233.419,2,0
11233,513.821,276.498,2,0
11234,47.9933,62.5949,2,0
11235,118.29,97.4337,2,0
11236,126.964,158.331,2,0
11237,199.818,165.767,2,0
11238,156.296,86.9099,2,0
11239,387.968,130.972,2,0
11240,350.835,48.7638,2,0
11241,182.53,42.1603,2,0
11242,179.382,110.025,2,0
11243,278.321,168.102,2,0
11244,567.73,5.53371,2,0
11245,484.263,51.1461,2,0
11246,264.789,170.423,2,0
11247,149.648,193.971,2,0
11248,252.905,235.408,2,0
11249,551.24,153.569,2,0
11250,554.838,181.662,2,0
11251,142.815,182.47,2,0
11252,446.515,280.575,2,0
11253,20.8941,50.7685,2,0
11254,32.9659,214.1,2,0
11255,291.534,74.3243,2,0
11256,509.504,53.9007,2,0
11257,489.147,60.7149,2,0
11258,596.688,82.2521,2,0
11259,329.277,280.062,2,0
11260,142.007,287.571,2,0
11261,100.248,249.869,2,0
11262,188.996,58.7957,2,0
11263,180.549,291.07,2,0
11264,454.649,283.294,2,0
11265,222.159,265.202,2,0
11266,256.855,217.674,2,0
11267,590.038,8.97416,2,0
11268,154.836,187.582,2,0
11269,194.957,130.269,2,0
11270,34.377,272.934,2,0
11271,310.107,207.959,2,0
11272,467.307,24.0887,2,0
11273,342.903,283.957,2,0
11274,464.438,77.4817,2,0
11275,123.881,135.812,2,0
11276,326.585,96.9832,2,0
11277,451.471,248.727,2,0
11278,533.117,255.062,2,0
11279,111.552,187.561,2,0
11280,136.013,276.875,2,0
11281,261.007,94.4214,2,0
11282,81.7733,151.584,2,0
11283,23.7089,117.09,2,0
11284,214.327,122.024,2,0
11285,377.73,265.975,2,0
11286,112.393,93.5178,2,0
11287,561.151,294.575,2,0
11288,511.742,261.799,2,0
11289,94.4885,298,2,0
11290,83.6902,133.868,2,0
11291,564.559,257.724,2,0
11292,443.56,223.388,2,0
11293,243.647,87.5327,2,0
11294,19.0704,277.965,2,0
11295,341.675,150.531,2,0
11296,575.176,219.494,2,0
11297,395.908,236.106,2,0
11298,98.8673,194.705,2,0
11299,540.487,107.568,2,0
11300,316.858,16.4512,2,0
11301,519.256,150.115,2,0
11302,134.781,229.05,2,0
11303,540.157,206.601,2,0
11304,384.82,58.8076,2,0
11305,77.1439,243.647,2,0
11306,200,18.5649,2,0
11307,176.385,298,2,0
11308,461.723,102.981,2,0
11309,181.323,279.475,2,0
11310,558.225,242.75,2,0
11311,155.153,168.605,2,0
11312,325.493,224.832,2,0
11313,0.477202,46.3903,2,0
11314,343.647,193.597,2,0
11315,65.3864,100.185,2,0
11316,144.702,34.8887,2,0
11317,489.97,260.423,2,0
11318,92.3708,294.49,2,0
11319,459.728,236.804,2,0
11320,420.211,141.601,2,0
11321,179.823,139.233,2,0
11322,224.68,244.823,2,0
11323,469.518,241.401,2,0
11324,192.098,285.013,2,0
11325,581.683,149.969,2,0
11326,263.414,184.757,2,0
11327,378.395,160.426,2,0
11328,576.316,183.639,2,0
11329,284.128,46.0523,2,0
11330,512.029,123.562,2,0
11331,446.493,195.924,2,0
11332,331.272,255.773,2,0
11333,169.558,105.099,2,0
11334,558.848,64.3326,2,0
11335,529.569,68.1202,2,0
11336,41.3616,218.441,2,0
11337,284.765,58.0842,2,0
11338,265.463,162.229,2,0
11339,8.90567,234.317,2,0
11340,518.367,95.9304,2,0
11341,105.784,103.777,2,0
11342,109.186,281.988,2,0
11343,485.37,59.2742,2,0
11344,435.368,16.0273,2,0
11345,186.449,216.114,2,0
11346,38.4408,185.637,2,0
11347,265.424,199.466,2,0
11348,129.098,211.834,2,0
11349,339.705,282.575,2,0
11350,521.938,179.889,2,0
11351,448.359,199.486,2,0
11352,93.5671,274.249,2,0
11353,580.838,112.487,2,0
11354,131.137,127.832,2,0
11355,417.493,238.2,2,0
11356,490.229,42.2097,2,0
11357,159.84,120.218,2,0
11358,336.123,201.589,2,0
11359,448.513,97.0841,2,0
11360,91.7538,99.816,2,0
11361,363.695,230.288,2,0
11362,482.012,206.818,2,0
11363,466.996,28.1096,2,0
11364,422.172,166.479,2,0
11365,274.002,25.8843,2,0
11366,570.129,141.511,2,0
11367,41.9409,229.244,2,0
11368,375.66,96.1906,2,0
11369,526.242,78.2323,2,0
11370,72.5342,200.242,2,0
11371,382.528,240.639,2,0
11372,109.076,13.4005,2,0
11373,531.001,186.15,2,0
11374,597.633,58.1253,2,0
11375,399.376,181.297,2,0
11376,174.212,122.239,2,0
11377,84.9235,36.7084,2,0
11378,470.865,220.461,2,0
11379,108.626,190.295,2,0
11380,487.636,246.406,2,0
11381,166.454,16.7848,2,0
11382,253.739,133.124,2,0
11383,93.386,110.466,2,0
11384,102.153,83.9632,2,0
11385,76.1129,255.841,2,0
11386,204.209,237.444,2,0
11387,504.923,101.68,2,0
11388,97.424,93.4399,2,0
11389,97.9356,190.76,2,0
11390,518.525,283.894,2,0
11391,141.397,242.247,2,0
11392,401.127,240.793,2,0
11393,122.256,35.9302,2,0
11394,15.3641,77.2946,2,0
11395,512.522,9.00902,2,0
11396,92.8284,54.0689,2,0
11397,276.859,89.6693,2,0
11398,319.01,145.358,2,0
11399,159.793,239.105,2,0
11400,357.271,172.966,2,0
11401,559.609,166.191,2,0
11402,182.895,214.101,2,0
11403,415.553,283.918,2,0
11404,559.057,290.994,2,0
11405,496.371,174.272,2,0
11406,563.873,201.255,2,0
11407,458.688,284.371,2,0
11408,102.88,284.13,2,0
11409,45.8675,84.4699,2,0
11410,257.602,22.0098,2,0
11411,529.87,164.312,2,0
11412,349.62,252.897,2,0
11413,473.607,134.227,2,0
11414,570.825,97.0886,2,0
11415,113.137,14.7755,2,0
11416,70.2911,36.6866,2,0
11417,586.533,237.887,2,0
11418,130.584,156.245,2,0
11419,121.031,231.729,2,0
11420,422.635,229.094,2,0
11421,480.213,2,2,0
11422,595.395,268.615,2,0
11423,217.936,263.884,2,0
11424,264.578,106.09,2,0
11425,145.264,88.2802,2,0
11426,389.429,208.59,2,0
11427,559.347,12.376,2,0
11428,67.8535,82.734,2,0
11429,161.728,53.5663,2,0
11430,544.415,124.202,2,0
11431,227.339,116.769,2,0
11432,34.976,110.66,2,0
11433,104.833,222.626,2,0
11434,9.65417,288.33,2,0
11435,356.979,280.424,2,0
11436,592.6,246.425,2,0
11437,230.364,36.5005,2,0
11438,232.97,65.5909,2,0
11439,194.977,104.994,2,0
11440,32.0704,206.104,2,0
11441,234.825,71.3299,2,0
11442,433.831,193.113,2,0
11443,570.23,261.843,2,0
11444,452.391,199.552,2,0
11445,147.216,91.8556,2,0
11446,93.7346,13.2864,2,0
11447,141.356,81.0699,2,0
11448,84.5088,22.2212,2,0
11449,369.07,287.247,2,0
11450,252.63,54.6735,2,0
11451,132.917,205.121,2,0
11452,200.548,116.512,2,0
11453,394.728,2,2,0
11454,37.4304,163.168,2,0
11455,372.075,66.2671,2,0
11456,495.42,211.201,2,0
11457,538.801,12.4339,2,0
11458,95.9014,137.433,2,0
11459,117.194,163.258,2,0
11460,316.756,82.3809,2,0
11461,294.601,6.30823,2,0
11462,62.132,276.413,2,0
11463,369.291,142.873,2,0
11464,137.75,112.49,2,0
11465,346.775,136.474,2,0
11466,193.112,203.229,2,0
11467,258.378,133.9,2,0
11468,470.076,269.77,2,0
11469,556.875,24.357,2,0
11470,92.9576,181.586,2,0
11471,223.234,61.281,2,0
11472,310.324,19.6273,2,0
11473,182.568,33.8468,2,0
11474,263.163,71.6534,2,0
11475,90.3105,298,2,0
11476,488.529,56.7124,2,0
11477,261.456,141.354,2,0
11478,108.755,175.316,2,0
11479,20.7255,72.3783,2,0
11480,277.869,71.0636,2,0
11481,359.999,179.539,2,0
11482,68.0579,294.464,2,0
11483,264.128,138.329,2,0
11484,285.995,175.084,2,0
11485,2.64959,117.905,2,0
11486,69.2488,101.332,2,0
11487,405.089,241.533,2,0
11488,486.18,12.5,2,0
11489,133.83,57.7336,2,0
11490,339.548,226.374,2,0
11491,561.548,113.622,2,0
11492,199.837,283.272,2,0
11493,485.869,242.658,2,0
11494,120.455,61.8743,2,0
11495,160.679,109.708,2,0
11496,272.671,221.35,2,0
11497,346.349,270.18,2,0
11498,289.314,168.757,2,0
11499,332.715,282.121,2,0
11500,320.861,39.2036,2,0
11501,562.027,140.934,2,0
11502,427.109,94.9414,2,0
11503,47.5042,136.32,2,0
11504,576.618,230.792,2,0
11505,512.457,254.927,2,0
11506,418.832,273.448,2,0
11507,151.557,77.2697,2,0
11508,203.193,149.992,2,0
11509,195.724,71.2894,2,0
11510,137.714,228.326,2,0
11511,550.976,118.34,2,0
11512,377.817,57.0191,2,0
11513,290.636,5.52713,2,0
11514,263.367,83.5503,2,0
11515,161.316,213.229,2,0
11516,67.1599,93.4271,2,0
11517,541.666,210.502,2,0
11518,207.372,199.75,2,0
11519,221.956,50.4687,2,0
11520,548.897,2,2,0
11521,7.58509,282.023,2,0
11522,504.266,271.707,2,0
11523,268.051,81.1728,2,0
11524,71.4474,280.098,2,0
11525,335.88,111.504,2,0
11526,79.168,225.337,2,0
11527,558.415,155.261,2,0
11528,444.283,116.808,2,0
11529,331.9,294.414,2,0
11530,588.175,18.6908,2,0
11531,536.833,199.391,2,0
11532,248.307,154.846,2,0
11533,576.065,30.3381,2,0
11534,467.743,162.787,2,0
11535,535.008,251.417,2,0
11536,24.7582,145.896,2,0
11537,204.55,216.323,2,0
11538,93.7379,144.318,2,0
11539,344.497,62.078,2,0
11540,579.974,5.34796,2,0
11541,504.466,240.434,2,0
11542,216.952,96.7973,2,0
11543,204.607,221.86,2,0
11544,173.905,144.54,2,0
11545,64.1235,96.2307,2,0
11546,427.283,105.38,2,0
11547,266.025,46.075,2,0
11548,232.908,89.1744,2,0
11549,17.1732,69.392,2,0
11550,509.991,26.8698,2,0
11551,271.156,200.982,2,0
11552,589.193,79.0447,2,0
11553,295.842,228.217,2,0
11554,266.326,5.49784,2,0
11555,267.141,70.4681,2,0
11556,434.094,53.3252,2,0
11557,344.176,53.8861,2,0
11558,292.571,85.1189,2,0
11559,412.959,19.8133,2,0
11560,148.832,149.611,2,0
11561,73.3333,7.37564,2,0
11562,448.456,269.992,2,0
11563,554.879,93.6584,2,0
11564,429.604,169.007,2,0
11565,32.9896,19.8452,2,0
11566,451.326,155.828,2,0
11567,27.6422,127.099,2,0
11568,51.5899,135.826,2,0
11569,356.109,181.111,2,0
11570,359.213,269.112,2,0
11571,107.704,2,2,0
11572,565.1,234.748,2,0
11573,31.3396,294.513,2,0
11574,219.336,115.247,2,0
11575,409.399,287.368,2,0
11576,220.06,205.785,2,0
11577,502.366,298,2,0
11578,147.743,48.9973,2,0
11579,585.618,85.8259,2,0
11580,440.612,98.8802,2,0
11581,2.28725,143.14,2,0
11582,465.551,189.127,2,0
11583,89.3697,110.368,2,0
11584,383.69,294.956,2,0
11585,591.393,154.593,2,0
11586,431.669,237.773,2,0
11587,312.142,272.511,2,0
11588,504.64,152.446,2,0
11589,73.7057,116.76,2,0
11590,387.405,126.935,2,0
11591,314.341,202.44,2,0
11592,148.388,269.923,2,0
11593,148.105,68.1696,2,0
11594,76.962,135.875,2,0
11595,437.713,261.544,2,0
11596,510.46,5.51611,2,0
11597,335.82,288.318,2,0
11598,490.205,5.48474,2,0
11599,116.794,139.647,2,0
11600,123.5,116.956,2,0
11601,364.214,53.8248,2,0
11602,435.334,65.5325,2,0
11603,182.604,238.535,2,0
11604,270.032,209.203,2,0
11605,200.571,161.759,2,0
11606,262.531,211.586,2,0
11607,166.162,5.5711,2,0
11608,572.214,29.1377,2,0
11609,195.376,91.6462,2,0
11610,64.5299,48.8353,2,0
11611,535.806,140.443,2,0
11612,130.942,227.92,2,0
11613,9.4134,69.3251,2,0
11614,245.046,152.51,2,0
11615,564.395,186.621,2,0
11616,177.852,281.564,2,0
11617,308.406,193.378,2,0
11618,535.973,65.267,2,0
11619,551.654,67.7976,2,0
11620,244.311,160.452,2,0
11621,364.063,73.6851,2,0
11622,301.748,287.562,2,0
11623,455.245,41.4923,2,0
11624,230.076,290.92,2,0
11625,110.241,231.908,2,0
11626,170.51,269.598,2,0
11627,563.654,223.979,2,0
11628,284.997,205.992,2,0
11629,247.018,207.126,2,0
11630,64.2054,63.0045,2,0
11631,483.553,165.902,2,0
11632,267.448,185.057,2,0
11633,430.772,220.772,2,0
11634,78.6981,17.1322,2,0
11635,49.6465,5.53319,2,0
11636,561.215,235.821,2,0
11637,34.7501,126.951,2,0
11638,595.819,211.981,2,0
11639,537.227,235.309,2,0
11640,225.143,177.004,2,0
11641,343.288,208.976,2,0
11642,110.351,35.8255,2,0
11643,434.662,124.195,2,0
11644,363.528,134.258,2,0
11645,284.695,16.1298,2,0
11646,307.087,84.3369,2,0
11647,95.0533,122.002,2,0
11648,206.53,248.082,2,0
11649,76.0309,275.67,2,0
11650,463.236,271.281,2,0
11651,584.345,114.414,2,0
11652,3.97154,184.746,2,0
11653,345.407,181.546,2,0
11654,234.271,37.5118,2,0
11655,93.4918,266.042,2,0
11656,572.456,79.1319,2,0
11657,581.327,95.7855,2,0
11658,408.85,185.979,2,0
11659,432.298,178.559,2,0
11660,390.598,2,2,0
11661,67.6718,78.7014,2,0
11662,431.043,142.461,2,0
11663,541.2,126.816,2,0
11664,105.754,193.182,2,0
11665,288.539,252.498,2,0
11666,510.324,19.6986,2,0
11667,215.76,5.43855,2,0
11668,226.576,222.327,2,0
11669,584.227,110.276,2,0
11670,244.741,102.216,2,0
11671,460.635,259.375,2,0
11672,65.8683,114.723,2,0
11673,141.042,166.514,2,0
11674,23.6916,272.713,2,0
11675,162.062,5.48718,2,0
11676,8.40265,196.027,2,0
11677,297.553,80.0058,2,0
11678,316.887,258.762,2,0
11679,126.197,27.8799,2,0
11680,285.945,28.1763,2,0
11681,411.418,298,2,0
11682,105.713,252.046,2,0
11683,254.519,48.0873,2,0
11684,347.383,192.137,2,0
11685,92.4026,125.162,2,0
11686,45.0484,198.6,2,0
11687,522.949,221.406,2,0
11688,547.283,194.502,2,0
11689,178.885,48.1437,2,0
11690,330.052,298,2,0
11691,138.261,132.319,2,0
11692,162.096,228.533,2,0
11693,181.66,193.436,2,0
11694,350.774,100.309,2,0
11695,576.635,42.3208,2,0
11696,419.604,137.627,2,0
11697,95.5557,2,2,0
11698,460.425,183.225,2,0
11699,113.846,103.993,2,0
11700,265.079,273.421,2,0
11701,250.579,209.137,2,0
11702,291.405,211.105,2,0
11703,536.821,30.0514,2,0
11704,356.127,148.228,2,0
11705,288.646,86.1806,2,0
11706,10.6984,9.14236,2,0
11707,431.843,256.14,2,0
11708,296.438,275.702,2,0
11709,300.636,155.004,2,0
11710,172.217,159.706,2,0
11711,598.434,91.4894,2,0
11712,209.687,71.5381,2,0
11713,371.161,70.4836,2,0
11714,94.4879,291.051,2,0
11715,123.683,290.884,2,0
11716,486.974,44.6268,2,0
11717,585.263,96.5193,2,0
11718,416.083,106.375,2,0
11719,597.65,43.4527,2,0
11720,387.627,76.3687,2,0
11721,140.017,276.87,2,0
11722,264.805,93.0627,2,0
11723,25.4798,154.89,2,0
11724,40.3444,27.2494,2,0
11725,406.075,150.353,2,0
11726,406.962,91.2658,2,0
11727,226.269,36.8591,2,0
11728,368.312,138.805,2,0
11729,48.7432,231.075,2,0
11730,74.9394,27.0149,2,0
11731,595.634,283.867,2,0
11732,286.681,108.668,2,0
11733,154.931,152.998,2,0
11734,274.963,68.2189,2,0
11735,362.623,237.196,2,0
11736,196.25,50.7453,2,0
11737,238.733,72.4119,2,0
11738,288.182,234.868,2,0
11739,272.227,166.702,2,0
11740,462.218,99.0595,2,0
11741,564.313,137.57,2,0
11742,439.412,102.912,2,0
11743,482.384,122.543,2,0
11744,175.827,118.49,2,0
11745,497.623,250.523,2,0
11746,211.081,132.276,2,0
11747,355.007,276.664,2,0
11748,396.478,272.465,2,0
11749,59.7226,2,2,0
11750,152.849,142.614,2,0
11751,533.835,98.9407,2,0
11752,148.24,109.616,2,0
11753,269.6,121.377,2,0
11754,300.03,167.185,2,0
11755,69.4332,283.68,2,0
11756,32.0906,223.451,2,0
11757,53.2975,185.6,2,0
11758,239.897,61.8828,2,0
11759,412.198,47.3773,2,0
11760,355.284,62.0896,2,0
11761,89.8211,260.109,2,0
11762,155.916,232.011,2,0
11763,270.63,258.159,2,0
11764,358.293,164.559,2,0
11765,37.5162,5.53891,2,0
11766,27.8502,131.2,2,0
11767,488.113,239.282,2,0
11768,233.676,209.395,2,0
11769,299.422,101.502,2,0
11770,500.234,38.6067,2,0
11771,421.888,96.8072,2,0
11772,316.742,9.11203,2,0
11773,597.344,215.651,2,0
11774,127.288,138.007,2,0
11775,213.575,290.875,2,0
11776,154.702,132.059,2,0
11777,53.46,121.205,2,0
11778,223.945,5.66507,2,0
11779,249.642,57.5949,2,0
11780,298.174,116.143,2,0
11781,277.59,253.944,2,0
11782,202.881,67.4214,2,0
11783,104.121,146.383,2,0
11784,541.006,36.6508,2,0
11785,484.868,125.795,2,0
11786,78.233,298,2,0
11787,278.708,48.867,2,0
11788,414.038,91.9453,2,0
11789,171.82,97.3504,2,0
11790,388.561,260.067,2,0
11791,419.766,276.934,2,0
11792,219.995,43.8228,2,0
11793,186.542,143.904,2,0
11794,338.588,135.972,2,0
11795,48.2124,170.161,2,0
11796,298.694,45.7183,2,0
11797,378.542,2,2,0
11798,290.585,231.434,2,0
11799,113.235,287.755,2,0
11800,55.994,218.423,2,0
11801,65.2546,241.194,2,0
11802,439.458,158.336,2,0
11803,389.046,249.239,2,0
11804,96.9616,264.029,2,0
11805,384.749,263.219,2,0
11806,8.76764,167.465,2,0
11807,258.437,210.686,2,0
11808,591.69,16.7637,2,0
11809,422.556,214.315,2,0
11810,485.857,150.938,2,0
11811,562.848,228.034,2,0
11812,387.748,148.214,2,0
11813,66.5605,11.6778,2,0
11814,393.319,213.615,2,0
11815,324.697,205.57,2,0
11816,174.42,294.481,2,0
11817,551.792,245.296,2,0
11818,280.27,130.655,2,0
11819,500.411,8.95939,2,0
11820,1.68414,71.7273,2,0
11821,253.256,206.094,2,0
11822,170.32,257.258,2,0
11823,119.438,223.763,2,0
11824,436.81,42.8969,2,0
11825,380.458,5.47679,2,0
11826,300.838,196.292,2,0
11827,269.36,147.72,2,0
11828,188.168,251.316,2,0
11829,232.106,69.5717,2,0
11830,327.898,67.2743,2,0
11831,355.417,114.887,2,0
11832,160.315,60.4731,2,0
11833,595.37,218.388,2,0
11834,398.596,222.26,2,0
11835,338.356,32.1011,2,0
11836,321.827,108.495,2,0
11837,370.218,59.2996,2,0
11838,269.969,73.3431,2,0
11839,203.157,25.7984,2,0
11840,360.321,37.6145,2,0
11841,326.475,23.5724,2,0
11842,201.282,105.387,2,0
11843,480.857,126.311,2,0
11844,272.684,43.7117,2,0
11845,388.826,42.7051,2,0
11846,259.503,51.6352,2,0
11847,57.7346,5.53237,2,0
11848,591.49,269.761,2,0
11849,556.083,61.2916,2,0
11850,136.929,187.985,2,0
11851,534.972,185.561,2,0
11852,176.382,28.5698,2,0
11853,189.793,209.707,2,0
11854,574.509,243.281,2,0
11855,366.644,248.693,2,0
11856,74.4935,164.291,2,0
11857,568.517,173.272,2,0
11858,463.261,185.893,2,0
11859,291.345,263.55,2,0
11860,414.809,158.426,2,0
11861,495.932,32.9913,2,0
11862,98.8569,132.545,2,0
11863,276.209,129.806,2,0
11864,573.53,94.033,2,0
11865,463.26,88.2394,2,0
11866,591.469,100.046,2,0
11867,378.667,112.083,2,0
11868,480.069,8.97127,2,0
11869,104.05,218.667,2,0
11870,50.2123,52.1136,2,0
11871,343.412,154.19,2,0
11872,102.687,139.36,2,0
11873,424.733,181.576,2,0
11874,320.923,148.871,2,0
11875,580.423,81.1191,2,0
11876,541.018,50.3967,2,0
11877,442.717,131.394,2,0
11878,463.809,121.213,2,0
11879,228.769,275.245,2,0
11880,550.165,44.6973,2,0
11881,334.363,121.958,2,0
11882,209.578,298,2,0
11883,530.005,219.204,2,0
11884,152.356,42.4467,2,0
11885,13.7296,287.185,2,0
11886,182.551,37.9127,2,0
11887,595.949,18.5967,2,0
11888,154.136,205.167,2,0
11889,36.6034,177.55,2,0
11890,508.789,233.598,2,0
11891,273.577,122.241,2,0
11892,23.4849,109.006,2,0
11893,122.681,17.5798,2,0
11894,573.17,53.9278,2,0
11895,134.913,91.3007,2,0
11896,117.408,287.573,2,0
11897,303.826,298,2,0
11898,529.998,149.617,2,0
11899,236.373,273.611,2,0
11900,542.468,28.8033,2,0
11901,464.908,145.839,2,0
11902,421.285,200.155,2,0
11903,184.513,253.059,2,0
11904,525.478,144.406,2,0
11905,576.872,114.598,2,0
11906,220.018,187.881,2,0
11907,269.166,91.8309,2,0
11908,486.755,180.852,2,0
11909,377.955,108.118,2,0
11910,593.673,238.552,2,0
11911,224.932,260.369,2,0
11912,521.143,233.987,2,0
11913,108.161,145.714,2,0
11914,330.809,183.741,2,0
11915,267.26,283.962,2,0
11916,335.482,292.47,2,0
11917,367.37,116.223,2,0
11918,308.583,15.9978,2,0
11919,584.9,157.43,2,0
11920,428.567,152.975,2,0
11921,185.016,272.887,2,0
11922,543.789,120.203,2,0
11923,303.924,133.137,2,0
11924,146.744,146.196,2,0
11925,334.617,182.142,2,0
11926,586.486,161.206,2,0
11927,77.1653,13.265,2,0
11928,40.4472,178.742,2,0
11929,306.304,179.434,2,0
11930,157.744,203.081,2,0
11931,433.099,41.2819,2,0
11932,425.382,159.387,2,0
11933,194.845,42.5022,2,0
11934,462.455,211.083,2,0
11935,171.612,178.248,2,0
11936,390.959,19.3656,2,0
11937,254.713,7.57078,2,0
11938,201.391,15.882,2,0
11939,582.294,263.295,2,0
11940,575.9,5.46094,2,0
11941,454.454,216.444,2,0
11942,17.3264,11.8233,2,0
11943,434.845,61.5204,2,0
11944,130.874,140.137,2,0
11945,144.192,41.8707,2,0
11946,130.214,266.31,2,0
11947,347.986,83.2249,2,0
11948,220.211,58.6023,2,0
11949,318.782,75.5993,2,0
11950,161.119,200.828,2,0
11951,485.682,115.021,2,0
11952,299.966,188.84,2,0
11953,447.605,247.524,2,0
11954,547.68,62.8939,2,0
11955,262.37,87.4384,2,0
11956,534.306,26.9121,2,0
11957,569.352,251.192,2,0
11958,113.508,118.071,2,0
11959,451.913,39.0575,2,0
11960,333.059,9.1428,2,0
11961,230.662,181.532,2,0
11962,7.60852,263.506,2,0
11963,225.216,68.0542,2,0
11964,85.0225,178.438,2,0
11965,219.107,133.252,2,0
11966,426.637,228.318,2,0
11967,250.73,284.044,2,0
11968,478.548,276.381,2,0
11969,319.915,123.19,2,0
11970,6.55546,20.504,2,0
11971,273.323,243.802,2,0
11972,319.144,273.172,2,0
11973,195.614,79.4024,2,0
11974,55.2826,145.936,2,0
11975,250.261,29.7187,2,0
11976,120.603,94.0361,2,0
11977,367.138,108.143,2,0
11978,514.618,5.53609,2,0
11979,373.926,153.629,2,0
11980,130.687,71.5741,2,0
11981,433.293,12.4874,2,0
11982,415.756,246.17,2,0
11983,4.49015,279.437,2,0
11984,114.062,233.241,2,0
11985,189.868,161.461,2,0
11986,207.525,239.998,2,0
11987,516.63,2,2,0
11988,168.107,204.884,2,0
11989,69.1233,188.328,2,0
11990,351.393,52.9019,2,0
11991,567.074,151.878,2,0
11992,54.9359,116.579,2,0
11993,449.688,120.58,2,0
11994,512.225,182.722,2,0
11995,16.7631,252.791,2,0
11996,452.49,234.28,2,0
11997,159.06,167.367,2,0
11998,228,294.562,2,0
11999,50.0183,234.996,2,0
12000,233.882,114.57,2,0
12001,16.5326,222.58,2,0
12002,288.51,71.6458,2,0
12003,84.9809,182.591,2,0
12004,39.5215,2,2,0
12005,120.455,133.737,2,0
12006,440.946,229.967,2,0
12007,497.439,277.469,2,0
12008,130.48,164.392,2,0
12009,552.236,71.8067,2,0
12010,184.776,284.162,2,0
12011,87.7994,287.159,2,0
12012,583.467,277.038,2,0
12013,32.9693,157.59,2,0
12014,453.342,118.721,2,0
12015,473.981,298,2,0
12016,571.154,152.332,2,0
12017,102.439,161.952,2,0
12018,381.177,236.837,2,0
12019,332.381,139.57,2,0
12020,310.563,82.9598,2,0
12021,464.298,230.196,2,0
12022,168.46,43.342,2,0
12023,468.288,192.117,2,0
12024,411.027,156.847,2,0
12025,10.2884,138.039,2,0
12026,471.929,120.108,2,0
12027,68.3121,62.9942,2,0
12028,150.245,280.543,2,0
12029,190.898,129.767,2,0
12030,470.685,105.795,2,0
12031,416.532,102.26,2,0
12032,453.945,279.209,2,0
12033,145.944,112.974,2,0
12034,498.223,49.2751,2,0
12035,327.643,181.041,2,0
12036,277.678,262.166,2,0
12037,440.462,225.985,2,0
12038,109.674,194.355,2,0
12039,307.355,163.397,2,0
12040,4.87224,206.191,2,0
12041,9.07543,48.9322,2,0
12042,297.603,193.627,2,0
12043,340.188,195.838,2,0
12044,188.601,282.99,2,0
12045,305.361,126.233,2,0
12046,245.664,127.77,2,0
12047,189.116,54.74,2,0
12048,37.9301,58.808,2,0
12049,203.903,124.273,2,0
12050,238.216,93.7658,2,0
12051,486.81,158.284,2,0
12052,249.375,180.65,2,0
12053,70.1944,21.8516,2,0
12054,312.337,42.0188,2,0
12055,137.919,58.681,2,0
12056,469.589,188.154,2,0
12057,158.848,187.833,2,0
12058,30.4558,197.573,2,0
12059,248.356,259.452,2,0
12060,12.7053,291.158,2,0
12061,2.38408,209.349,2,0
12062,175.824,210.244,2,0
12063,263.853,177.764,2,0
12064,66.2731,59.4973,2,0
12065,218.263,66.5204,2,0
12066,138.6,73.2711,2,0
12067,275.417,102.702,2,0
12068,384.038,185.388,2,0
12069,204.539,160.522,2,0
12070,471.654,62.9277,2,0
12071,111.178,291.199,2,0
12072,258.243,97.3916,2,0
12073,255.513,136.734,2,0
12074,274.876,97.6705,2,0
12075,577.043,16.3184,2,0
12076,51.1062,117.919,2,0
12077,54.6276,244.553,2,0
12078,300.487,274.947,2,0
12079,246.237,218.866,2,0
12080,538.558,269.616,2,0
12081,447.968,136.84,2,0
12082,123.873,210.586,2,0
12083,58.3023,127.554,2,0
12084,76.6791,86.1598,2,0
12085,364.761,170.043,2,0
12086,514.91,67.6795,2,0
12087,131.585,37.0879,2,0
12088,310.431,54.6151,2,0
12089,470.753,184.123,2,0
12090,428.836,253.209,2,0
12091,78.0951,139.779,2,0
12092,374.393,2,2,0
12093,101.836,19.3791,2,0
12094,96.7478,97.4946,2,0
12095,526.598,276.773,2,0
12096,112.329,10.7067,2,0
12097,242.196,212.04,2,0
12098,423.832,277.037,2,0
12099,248.698,280.598,2,0
12100,123.467,176.411,2,0
12101,385.56,69.5469,2,0
12102,115.524,273.23,2,0
12103,9.35698,226.181,2,0
12104,15.8679,238.297,2,0
12105,200.029,243.307,2,0
12106,141.302,52.0939,2,0
12107,64.1229,258.764,2,0
12108,522.464,269.803,2,0
12109,49.1584,20.0504,2,0
12110,500.295,214.797,2,0
12111,86.4273,270.366,2,0
12112,26.8381,181.798,2,0
12113,152.05,224.753,2,0
12114,528.173,137.526,2,0
12115,392.435,93.8954,2,0
12116,41.7531,65.9191,2,0
12117,146.541,38.4413,2,0
12118,253.531,58.7649,2,0
12119,92.3086,24.307,2,0
12120,277.499,209.832,2,0
12121,205.449,298,2,0
12122,59.6756,80.8134,2,0
12123,59.3224,16.8479,2,0
12124,299.051,208.271,2,0
12125,60.3186,152.253,2,0
12126,432.902,266.837,2,0
12127,547.198,41.9676,2,0
12128,496.633,196.612,2,0
12129,144.1,276.862,2,0
12130,568.613,258.147,2,0
12131,580.623,129.59,2,0
12132,182.896,209.954,2,0
12133,163.475,269.737,2,0
12134,437.071,46.9522,2,0
12135,555.778,245.971,2,0
12136,174.337,60.1203,2,0
12137,170.493,265.511,2,0
12138,469.676,91.275,2,0
12139,40.2751,193.441,2,0
12140,523.9,81.4761,2,0
12141,107.01,54.0714,2,0
12142,393.416,280.344,2,0
12143,16.7639,81.0979,2,0
12144,183.37,174.621,2,0
12145,384.291,162.616,2,0
12146,598.474,95.6592,2,0
12147,284.468,34.9798,2,0
12148,555.997,73.2047,2,0
12149,156.182,257.722,2,0
12150,214.923,150.468,2,0
12151,72.1087,294.46,2,0
12152,133.123,2,2,0
12153,472.841,248.508,2,0
12154,347.659,260.863,2,0
12155,431.426,126.624,2,0
12156,559.068,20.8768,2,0
12157,522.014,41.2532,2,0
12158,489.758,99.4953,2,0
12159,323.226,267.47,2,0
12160,61.3017,99.1372,2,0
12161,492.126,117.951,2,0
12162,91.9073,185.532,2,0
12163,76.6813,109.655,2,0
12164,400.492,86.3848,2,0
12165,85.485,51.2597,2,0
12166,35.8158,135.078,2,0
12167,554.674,171.059,2,0
12168,89.2609,72.3587,2,0
12169,346.939,97.4713,2,0
12170,459.932,95.5678,2,0
12171,203.536,198.235,2,0
12172,371.062,90.7969,2,0
12173,13.6228,250.278,2,0
12174,587.37,269.783,2,0
