id,x,y,radius,is_spanning
0,154.303,60.919,2,0
1,83.1864,22.6606,2,0
2,286.468,133.675,2,0
3,542.597,116.888,2,0
4,362.539,109.486,2,0
5,28.7129,107.44,2,0
6,655.453,72.9664,2,0
7,748.458,73.0261,2,0
8,84.8911,113.634,2,0
9,637.084,86.3218,2,0
10,508.427,195.84,2,0
11,684.848,38.3305,2,0
12,154.575,123.485,2,0
13,324.875,6.12265,2,0
14,139.632,160.187,2,0
15,331.166,155.26,2,0
16,320.131,114.082,2,0
17,734.617,112.916,2,0
18,613.232,17.191,2,0
19,851.236,115.779,2,0
20,223.323,60.3153,2,0
21,556.539,45.5054,2,0
22,275.565,174.358,2,0
23,199.31,164.353,2,0
24,490.707,98.264,2,0
25,843.325,52.1551,2,0
26,79.1144,183.485,2,0
27,559.759,174.008,2,0
28,750.412,3.18995,2,0
29,897.34,74.3019,2,0
30,125.387,32.2587,2,0
31,265.162,16.1597,2,0
32,599.878,31.2456,2,0
33,726.711,125.277,2,0
34,270.459,117.302,2,0
35,372.63,40.3551,2,0
36,610.71,176.668,2,0
37,444.543,115.198,2,0
38,23.2136,115.461,2,0
39,66.1011,51.7964,2,0
40,315.182,157.373,2,0
41,101.948,28.8846,2,0
42,72.8157,169.117,2,0
43,122.908,102.574,2,0
44,759.302,130.762,2,0
45,43.2071,151.564,2,0
46,925.32,172.15,2,0
47,649.979,150.174,2,0
48,813.177,87.0873,2,0
49,354.862,33.105,2,0
50,976.465,132.874,2,0
51,970.694,138.307,2,0
52,351.202,131.343,2,0
53,803.787,166.915,2,0
54,859.937,192.121,2,0
55,867.144,44.5588,2,0
56,887.274,28.459,2,0
57,74.7159,153.461,2,0
58,310.06,114.415,2,0
59,447.119,125.416,2,0
60,442.477,127.4,2,0
61,355.522,24.8142,2,0
62,80.0048,163.634,2,0
63,895.322,63.9391,2,0
64,392.971,133.636,2,0
65,123.766,87.1595,2,0
66,884.859,80.1618,2,0
67,25.2507,109.578,2,0
68,25.8107,18.4309,2,0
69,245.566,37.852,2,0
70,386.068,9.4516,2,0
71,708.243,154.716,2,0
72,800.824,90.4931,2,0
73,587.479,144.515,2,0
74,932.737,167.006,2,0
75,535.34,183.726,2,0
76,889.661,193.692,2,0
77,761.798,95.346,2,0
78,162.085,31.7881,2,0
79,315.879,55.5397,2,0
80,652.625,31.2237,2,0
81,784.311,100.333,2,0
82,582.064,94.2166,2,0
83,632.724,38.2156,2,0
84,446.057,177.632,2,0
85,321.382,123.331,2,0
86,570.581,118.972,2,0
87,700.203,50.3442,2,0
88,53.8473,84.4107,2,0
89,525.718,71.0614,2,0
90,248.396,127.087,2,0
91,638.139,2,2,0
92,530.379,172.895,2,0
93,469.538,18.2709,2,0
94,589.885,108.565,2,0
95,78.7825,9.20071,2,0
96,883.523,118.554,2,0
97,180.31,33.3229,2,0
98,918.124,163.403,2,0
99,994.805,170.885,2,0
100,315.309,5.74993,2,0
101,549.13,33.9396,2,0
102,648.113,102.703,2,0
103,901.707,48.9161,2,0
104,19.253,18.6463,2,0
105,992.462,59.7587,2,0
106,207.167,183.48,2,0
107,302.178,127.648,2,0
108,185.515,81.6891,2,0
109,964.828,159.189,2,0
110,957.666,177.305,2,0
111,118.938,197.558,2,0
112,760.314,120.302,2,0
113,579.381,121.286,2,0
114,369.174,185.954,2,0
115,103.849,161.445,2,0
116,141.747,131.396,2,0
117,582.146,26.3687,2,0
118,892.314,132.428,2,0
119,399.905,183.589,2,0
120,658.743,159.975,2,0
121,47.5288,161.446,2,0
122,618.373,108.367,2,0
123,896.007,12.8182,2,0
124,690.581,173.515,2,0
125,207.645,78.9326,2,0
126,867.139,40.014,2,0
127,752.591,68.0016,2,0
128,888.22,132.929,2,0
129,649.445,125.267,2,0
130,115.365,173.962,2,0
131,723.306,5.84639,2,0
132,384.154,95.107,2,0
133,316.689,82.4208,2,0
134,455.702,62.9428,2,0
135,198.411,134.049,2,0
136,743.09,148.724,2,0
137,133.128,95.6093,2,0
138,529.402,131.306,2,0
139,274.472,73.2568,2,0
140,332.255,66.5969,2,0
141,91.6235,101.726,2,0
142,226.008,107.087,2,0
143,10.7656,54.7838,2,0
144,923.624,135.645,2,0
145,174.524,44.6104,2,0
146,840.132,7.02452,2,0
147,558.613,58.3914,2,0
148,232.964,32.8038,2,0
149,129.226,127.71,2,0
150,69.2858,70.399,2,0
151,797.312,135.981,2,0
152,641.304,143.14,2,0
153,418.294,25.9238,2,0
154,684.945,144.234,2,0
155,308.532,15.1228,2,0
156,650.053,39.4291,2,0
157,359.423,2,2,0
158,258.658,54.6382,2,0
159,522.569,163.996,2,0
160,364.157,158.575,2,0
161,190.574,134.329,2,0
162,382.287,89.1249,2,0
163,870.674,2,2,0
164,106.065,157.743,2,0
165,914.334,42.6913,2,0
166,559.591,9.63897,2,0
167,10.709,197.19,2,0
168,841.497,189.866,2,0
169,77.0808,187.945,2,0
170,518.653,135.299,2,0
171,467.708,36.5605,2,0
172,37.7872,17.8627,2,0
173,91.8678,133.713,2,0
174,789.496,53.9126,2,0
175,984.228,13.0412,2,0
176,75.1176,100.256,2,0
177,1.03858,100.768,2,0
178,604.234,143.937,2,0
179,982.988,58.5097,2,0
180,697.415,15.4347,2,0
181,595.598,41.8522,2,0
182,46.4342,102.799,2,0
183,143.508,185.761,2,0
184,221.279,24.99,2,0
185,584.748,75.8456,2,0
186,600.003,80.0102,2,0
187,412.679,176.845,2,0
188,389.122,46.8185,2,0
189,643.857,194.046,2,0
190,507.185,94.2816,2,0
191,602.138,72.9839,2,0
192,751.301,168.82,2,0
193,549.269,163.49,2,0
194,698.989,89.5757,2,0
195,527.307,140.947,2,0
196,243.636,134.5,2,0
197,553.03,80.3714,2,0
198,205.925,179.673,2,0
199,187.346,129.487,2,0
200,66.3479,7.09708,2,0
201,409.476,173.395,2,0
202,139.347,164.833,2,0
203,32.5169,17.1705,2,0
204,394.804,93.6134,2,0
205,803.28,173.238,2,0
206,154.846,11.028,2,0
207,789.978,176.877,2,0
208,555.938,96.3,2,0
209,732.059,176.56,2,0
210,59.5093,48.0896,2,0
211,758.11,126.821,2,0
212,412.445,11.683,2,0
213,20.7673,57.8248,2,0
214,807.465,146.128,2,0
215,180.937,2.12699,2,0
216,742.523,60.0467,2,0
217,746.286,2.84591,2,0
218,192.204,122.432,2,0
219,82.1283,191.945,2,0
220,54.0813,80.3412,2,0
221,585.199,83.52,2,0
222,228.469,132.724,2,0
223,700.131,146.142,2,0
224,886.878,93.3607,2,0
225,734.792,124.945,2,0
226,368.295,28.1273,2,0
227,651.94,179.091,2,0
228,604.932,187.949,2,0
229,536.981,27.513,2,0
230,359.487,181.1,2,0
231,744.038,10.2195,2,0
232,799.797,175.258,2,0
233,122.944,149.323,2,0
234,379.946,84.6035,2,0
235,974.828,185.397,2,0
236,802.435,194.586,2,0
237,530.468,198,2,0
238,59.3826,59.9214,2,0
239,31.7925,13.0648,2,0
240,940.79,93.7642,2,0
241,798.051,104.566,2,0
242,282.58,14.7492,2,0
243,363.244,142.402,2,0
244,221.914,94.586,2,0
245,767.695,8.31872,2,0
246,514.298,161.193,2,0
247,838.63,171.272,2,0
248,836.029,192.298,2,0
249,166.992,137.772,2,0
250,582.386,189.279,2,0
251,933.368,157.865,2,0
252,747.422,170.117,2,0
253,709.041,106.701,2,0
254,922.418,90.4051,2,0
255,648.86,17.952,2,0
256,810.208,20.987,2,0
257,353.598,166.544,2,0
258,604.809,4.48101,2,0
259,561.891,139.368,2,0
260,808.65,103.342,2,0
261,439.448,17.373,2,0
262,469.217,98.745,2,0
263,993.407,190.443,2,0
264,8.04311,31.5956,2,0
265,131.315,3.88124,2,0
266,159.406,26.3953,2,0
267,66.8986,85.4115,2,0
268,626.549,47.8645,2,0
269,422.497,158.185,2,0
270,215.794,62.5787,2,0
271,929.026,165.496,2,0
272,288.144,167.008,2,0
273,549.607,13.6913,2,0
274,62.0544,32.1839,2,0
275,138.475,125.288,2,0
276,252.4,127.359,2,0
277,172.335,173.641,2,0
278,232.602,132.937,2,0
279,944.357,127.838,2,0
280,189.453,166.331,2,0
281,374.15,70.169,2,0
282,431.609,89.344,2,0
283,331.507,37.7096,2,0
284,588.576,174.432,2,0
285,414.455,163.692,2,0
286,1.05095,139.747,2,0
287,544.046,157.061,2,0
288,661.79,140.235,2,0
289,639.926,169.299,2,0
290,781.63,73.9595,2,0
291,819.375,35.0509,2,0
292,491.72,82.3155,2,0
293,691.876,64.1377,2,0
294,515.58,138.032,2,0
295,941.09,160.138,2,0
296,153.754,85.4583,2,0
297,633.528,26.9298,2,0
298,536.874,56.9338,2,0
299,462.706,24.7033,2,0
300,609.639,142.552,2,0
301,831.483,110.102,2,0
302,810.874,191.024,2,0
303,115.415,21.4271,2,0
304,379.894,115.509,2,0
305,259.872,124.503,2,0
306,13.1164,169.805,2,0
307,707.955,139.943,2,0
308,511.885,144.889,2,0
309,356.579,4.86157,2,0
310,370.848,77.4811,2,0
311,759.614,165.183,2,0
312,166.363,12.6743,2,0
313,89.5376,137.088,2,0
314,17.1633,47.6468,2,0
315,893.966,178.306,2,0
316,978.309,198,2,0
317,422.776,9.26992,2,0
318,29.5278,54.8117,2,0
319,99.0089,16.9756,2,0
320,317.624,140.682,2,0
321,455.094,13.3481,2,0
322,239.281,170.894,2,0
323,290.589,185.975,2,0
324,533.06,112.969,2,0
325,125.715,96.1335,2,0
326,876.781,11.8749,2,0
327,905.594,115.074,2,0
328,303.886,27.6203,2,0
329,258.09,142.533,2,0
330,722.152,45.0437,2,0
331,993.672,105.369,2,0
332,242.967,192.684,2,0
333,500.367,43.5621,2,0
334,654.714,182.671,2,0
335,972.021,191.67,2,0
336,350.128,120.556,2,0
337,924.872,10.7055,2,0
338,68.5863,95.1122,2,0
339,767.57,171.529,2,0
340,955.143,91.1771,2,0
341,837.336,196.2,2,0
342,338.899,160.478,2,0
343,366.099,2.01669,2,0
344,385.097,172.875,2,0
345,671.416,41.0886,2,0
346,330.609,178.808,2,0
347,37.3563,104.44,2,0
348,837.249,9.86515,2,0
349,556.977,41.4424,2,0
350,188.219,103.809,2,0
351,28.4492,134.674,2,0
352,48.5841,99.4172,2,0
353,397.921,149.453,2,0
354,134.408,198.181,2,0
355,131.302,173.138,2,0
356,163.857,167.077,2,0
357,900.284,196.245,2,0
358,344.571,73.8665,2,0
359,278.028,2.96928,2,0
360,70.7342,112.562,2,0
361,568.083,38.0349,2,0
362,56.2022,166.096,2,0
363,351.04,187.532,2,0
364,227.48,110.91,2,0
365,716.803,29.507,2,0
366,331.242,80.2792,2,0
367,977.615,63.8859,2,0
368,9.69023,115.655,2,0
369,506.489,133.403,2,0
370,476.408,198,2,0
371,527.833,114.764,2,0
372,389.508,92.391,2,0
373,73.0122,14.6759,2,0
374,876.207,19.5934,2,0
375,79.7923,122.427,2,0
376,427.448,185.759,2,0
377,846.721,167.943,2,0
378,62.9968,111.366,2,0
379,215.826,45.0027,2,0
380,701.461,57.9578,2,0
381,681.111,27.6796,2,0
382,247.152,130.982,2,0
383,639.555,72.9856,2,0
384,175.085,129.591,2,0
385,218.626,148.118,2,0
386,979.19,47.6329,2,0
387,834.156,130.671,2,0
388,964.11,64.6902,2,0
389,989.279,144.963,2,0
390,964.058,142.914,2,0
391,103.911,180.874,2,0
392,877.935,153.066,2,0
393,224.273,3.44571,2,0
394,74.6744,111.852,2,0
395,687.89,63.7487,2,0
396,508.397,98.2273,2,0
397,241.072,198,2,0
398,432.918,9.09307,2,0
399,136.927,133.319,2,0
400,176.391,138.839,2,0
401,523.945,9.28327,2,0
402,933.757,198,2,0
403,434.6,111.107,2,0
404,9.05478,158.693,2,0
405,743.355,166.117,2,0
406,774.217,50.5801,2,0
407,813.764,14.8299,2,0
408,637.088,184.527,2,0
409,952.981,3.32472,2,0
410,946.143,8.18989,2,0
411,600.223,188.129,2,0
412,384.988,47.0473,2,0
413,373.287,25.7111,2,0
414,574.327,109.888,2,0
415,771.011,21.6561,2,0
416,421.964,54.8762,2,0
417,29.6353,49.2095,2,0
418,72.5609,77.5237,2,0
419,20.2653,119.697,2,0
420,778.003,192.565,2,0
421,701.422,161.588,2,0
422,24.9286,5.8344,2,0
423,860.769,136.4,2,0
424,411.94,73.9691,2,0
425,853.162,14.4297,2,0
426,709.429,99.0569,2,0
427,48.7656,120.587,2,0
428,43.1906,27.5575,2,0
429,596.516,82.8603,2,0
430,666.12,96.8716,2,0
431,606.15,74.146,2,0
432,843.526,17.6815,2,0
433,884.525,155.319,2,0
434,494.323,2.08752,2,0
435,734.705,31.3744,2,0
436,689.478,137.893,2,0
437,512.465,198.824,2,0
438,168.666,172.023,2,0
439,749.198,46.9485,2,0
440,833.927,91.2782,2,0
441,750.496,116.633,2,0
442,234.803,20.591,2,0
443,406.51,190.535,2,0
444,832.715,194.711,2,0
445,930.755,65.1934,2,0
446,452.306,131.764,2,0
447,799.691,60.8217,2,0
448,318.198,154.284,2,0
449,46.9744,148.424,2,0
450,430.316,125.683,2,0
451,588.189,86.2376,2,0
452,258.977,84.3335,2,0
453,427.335,43.1923,2,0
454,668.847,60.8535,2,0
455,820.268,59.088,2,0
456,266.844,36.1494,2,0
457,482.758,13.3055,2,0
458,316.899,36.4641,2,0
459,701.872,34.388,2,0
460,410.154,2.67091,2,0
461,835.276,15.5292,2,0
462,84.8697,169.076,2,0
463,202.708,48.8228,2,0
464,389.017,12.1723,2,0
465,367.51,146.497,2,0
466,867.696,141.247,2,0
467,915.305,92.1289,2,0
468,362.885,19.181,2,0
469,832.796,139.34,2,0
470,795.77,27.5991,2,0
471,405.437,35.4334,2,0
472,647.758,13.8688,2,0
473,838.514,126.232,2,0
474,770.374,75.2791,2,0
475,281.918,98.311,2,0
476,428.288,152.104,2,0
477,926.418,80.8346,2,0
478,211.081,160.186,2,0
479,398.234,25.0986,2,0
480,159.173,135.461,2,0
481,699.628,130.516,2,0
482,879.259,191.89,2,0
483,802.526,2,2,0
484,595.225,61.3266,2,0
485,871.366,157.687,2,0
486,983.273,73.112,2,0
487,874.083,179.495,2,0
488,113.574,198,2,0
489,384.476,193.782,2,0
490,200.944,68.5254,2,0
491,389.123,141.456,2,0
492,990.717,197.361,2,0
493,270.297,165.01,2,0
494,676.216,10.2597,2,0
495,889.709,102.399,2,0
496,74.1745,132.681,2,0
497,404.407,107.498,2,0
498,212.772,99.6296,2,0
499,177.03,144.911,2,0
500,435.822,167.751,2,0
501,47.692,80.2638,2,0
502,784.7,66.559,2,0
503,720.391,181.688,2,0
504,783.441,70.3821,2,0
505,668.854,56.5944,2,0
506,231.602,4.12913,2,0
507,333.442,93.8632,2,0
508,617.821,59.0694,2,0
509,144.798,177.324,2,0
510,465.649,198,2,0
511,450.66,90.3689,2,0
512,336.154,148.555,2,0
513,829.551,155.686,2,0
514,778.68,55.0581,2,0
515,802.787,9.80995,2,0
516,688.092,141.757,2,0
517,116.329,29.8766,2,0
518,676.521,20.4048,2,0
519,574.971,26.7039,2,0
520,513.412,105.979,2,0
521,286.667,187.945,2,0
522,524.453,173.412,2,0
523,258.648,20.0913,2,0
524,640.803,30.7128,2,0
525,568.842,110.567,2,0
526,254.14,21.7117,2,0
527,810.093,112.049,2,0
528,178.692,53.7034,2,0
529,966.386,104.551,2,0
530,591.118,61.6411,2,0
531,843.502,47.9649,2,0
532,504.306,118.111,2,0
533,993.186,96.5013,2,0
534,489.801,39.4594,2,0
535,644.51,132.423,2,0
536,600.646,160.907,2,0
537,919.987,66.2927,2,0
538,721.718,150.897,2,0
539,37.3962,100.26,2,0
540,786.297,59.1237,2,0
541,461.799,138.855,2,0
542,115.906,72.7356,2,0
543,801.12,84.5844,2,0
544,51.1044,172.332,2,0
545,502.96,102.506,2,0
546,543.069,105.713,2,0
547,762.486,2,2,0
548,810.554,40.3707,2,0
549,826.091,153.664,2,0
550,752.91,55.3594,2,0
551,479.691,17.9108,2,0
552,833.764,67.3906,2,0
553,486.237,11.1334,2,0
554,801.525,190.606,2,0
555,290.067,172.484,2,0
556,43.9276,137.084,2,0
557,615.72,8.9749,2,0
558,536.638,163.778,2,0
559,169.969,191.281,2,0
560,812.071,67.3868,2,0
561,851.101,141.136,2,0
562,131.548,187.003,2,0
563,830.097,6.01321,2,0
564,315.391,40.3552,2,0
565,99.1151,25.87,2,0
566,229.253,114.874,2,0
567,421.449,47.3599,2,0
568,136,20.4149,2,0
569,61.0144,44.3756,2,0
570,853.572,161.099,2,0
571,540.582,167.104,2,0
572,978.173,7.40586,2,0
573,509.525,108.411,2,0
574,854.126,126.647,2,0
575,969.216,123.831,2,0
576,139.531,56.2113,2,0
577,856.053,92.071,2,0
578,675.732,40.9979,2,0
579,402.873,115.06,2,0
580,196.13,121.48,2,0
581,319.128,158.372,2,0
582,4.00099,167.918,2,0
583,736.117,183.709,2,0
584,2.57385,9.06896,2,0
585,135.888,173.398,2,0
586,462.627,73.9546,2,0
587,773.148,72.2505,2,0
588,797.903,20.1754,2,0
589,130.973,55.2999,2,0
590,907.84,167.38,2,0
591,933.277,118.235,2,0
592,880.71,156.974,2,0
593,1.89131,91.8505,2,0
594,5.4412,11.9426,2,0
595,12.7728,8.53642,2,0
596,35.0814,10.736,2,0
597,8.39776,96.9484,2,0
598,989.981,69.9116,2,0
599,816.182,174.269,2,0
600,5.62786,156.548,2,0
601,895.584,156.737,2,0
602,295.03,178.759,2,0
603,564.858,124.498,2,0
604,778.817,86.778,2,0
605,378.724,42.0448,2,0
606,234.352,159.114,2,0
607,935.748,22.0817,2,0
608,635.825,54.2473,2,0
609,131.842,19.8687,2,0
610,121.638,161.88,2,0
611,205.502,74.2684,2,0
612,974.372,88.7956,2,0
613,715.412,40.4204,2,0
614,554.569,135.884,2,0
615,648.961,176.361,2,0
616,222.761,137.201,2,0
617,909.159,47.5584,2,0
618,751.467,180.997,2,0
619,108.262,39.6401,2,0
620,128.594,46.5339,2,0
621,246.463,19.6132,2,0
622,191.01,173.141,2,0
623,72.5931,157.957,2,0
624,967.906,8.92173,2,0
625,141.784,107.45,2,0
626,32.1403,149.082,2,0
627,928.63,104.091,2,0
628,476.498,134.812,2,0
629,568.387,183.83,2,0
630,363.161,130.123,2,0
631,889.961,50.4602,2,0
632,932.329,41.6707,2,0
633,938.892,16.475,2,0
634,633.29,85.0093,2,0
635,132.384,65.6996,2,0
636,225.871,41.9548,2,0
637,669.541,112.771,2,0
638,343.199,91.6761,2,0
639,863.448,121.664,2,0
640,16.9784,74.1735,2,0
641,143.624,118.836,2,0
642,120.503,182.925,2,0
643,927.502,133.644,2,0
644,213.615,176.981,2,0
645,105.312,194.837,2,0
646,101.709,64.1794,2,0
647,902.67,93.0906,2,0
648,767.722,13.038,2,0
649,605.5,63.9828,2,0
650,165.839,174.936,2,0
651,701.588,71.0919,2,0
652,915.024,60.1776,2,0
653,460.919,178.486,2,0
654,919.201,2.75198,2,0
655,262.88,45.112,2,0
656,985.842,69.9253,2,0
657,857.437,162.279,2,0
658,351.344,37.1949,2,0
659,241.68,181.7,2,0
660,135.686,117.07,2,0
661,728.343,178.751,2,0
662,65.103,37.1195,2,0
663,339.631,34.9414,2,0
664,296.408,7.97442,2,0
665,798.964,11.0551,2,0
666,314.715,137.898,2,0
667,65.3009,18.1197,2,0
668,123.15,64.385,2,0
669,451.731,160.263,2,0
670,91.4175,90.8983,2,0
671,637.555,195.382,2,0
672,199.057,168.38,2,0
673,877.529,183.991,2,0
674,993.286,32.1915,2,0
675,214.697,15.5478,2,0
676,210.917,93.2576,2,0
677,806.781,9.19306,2,0
678,925.993,184.786,2,0
679,896.284,197.151,2,0
680,591.464,35.6206,2,0
681,155.971,146.43,2,0
682,492.38,14.5198,2,0
683,74.0067,9.947,2,0
684,853.425,177.349,2,0
685,14.5199,78.7293,2,0
686,845.93,62.2969,2,0
687,216.661,82.8212,2,0
688,877.364,128.27,2,0
689,847.847,103.438,2,0
690,579.117,140.652,2,0
691,40.0838,24.7667,2,0
692,918.04,78.4267,2,0
693,382.167,39.5446,2,0
694,382.929,52.6748,2,0
695,518.079,86.2245,2,0
696,737.125,37.9661,2,0
697,331.446,140.755,2,0
698,792.211,139.153,2,0
699,760.336,10.1878,2,0
700,2.59072,57.6504,2,0
701,608.06,132.566,2,0
702,152.964,138.909,2,0
703,396.49,121.844,2,0
704,517.156,167.202,2,0
705,796.521,140.193,2,0
706,223.889,77.6752,2,0
707,963.036,37.0438,2,0
708,86.687,140.142,2,0
709,435.482,47.8477,2,0
710,570.459,93.7604,2,0
711,57.3909,193.343,2,0
712,54.9528,70.4814,2,0
713,40.0765,30.9684,2,0
714,345.667,13.949,2,0
715,834.588,125.211,2,0
716,781.565,153.456,2,0
717,649.863,142.74,2,0
718,437.849,38.8194,2,0
719,761.35,83.7697,2,0
720,491.439,129.386,2,0
721,390.949,81.6763,2,0
722,370.865,10.0267,2,0
723,218.995,178.809,2,0
724,681.274,131.484,2,0
725,29.931,179.12,2,0
726,472.842,164.136,2,0
727,127.229,20.0426,2,0
728,514.013,2.28884,2,0
729,343.762,144.845,2,0
730,720.41,176.516,2,0
731,359.71,127.513,2,0
732,590.569,99.2301,2,0
733,783.794,38.8446,2,0
734,561.281,67.617,2,0
735,453.872,70.1662,2,0
736,759.331,190.733,2,0
737,655.011,89.2123,2,0
738,519.046,120.805,2,0
739,834.965,51.4663,2,0
740,973.684,175.82,2,0
741,196.525,198.63,2,0
742,858.095,147.375,2,0
743,369.57,106.447,2,0
744,565.443,180.986,2,0
745,710.338,17.1776,2,0
746,110.641,160.28,2,0
747,746.508,122.04,2,0
748,671.708,78.3359,2,0
749,954.345,142.175,2,0
750,557.077,159.989,2,0
751,251.686,80.6799,2,0
752,898.619,34.7826,2,0
753,503.982,139.906,2,0
754,553.457,120.347,2,0
755,595.287,75.3986,2,0
756,917.987,50.5243,2,0
757,21.9738,149.513,2,0
758,878.974,41.9199,2,0
759,896.489,146.03,2,0
760,143.467,172.293,2,0
761,392.742,117.297,2,0
762,219.969,8.22368,2,0
763,878.427,137.606,2,0
764,728.992,19.406,2,0
765,715.185,23.0138,2,0
766,968.483,39.0486,2,0
767,416.899,159.993,2,0
768,224.829,141.862,2,0
769,335.935,11.3925,2,0
770,370.585,190.926,2,0
771,415.209,121.8,2,0
772,412.654,94.2072,2,0
773,706.16,85.1594,2,0
774,365.101,122.855,2,0
775,576.255,127.091,2,0
776,907.031,94.5828,2,0
777,268.971,14.6213,2,0
778,840.864,21.3623,2,0
779,306.805,135.803,2,0
780,24.7637,146.411,2,0
781,435.023,106.978,2,0
782,514.955,173.139,2,0
783,426.872,9.60583,2,0
784,501.921,157.167,2,0
785,535.025,109.163,2,0
786,650.093,48.2764,2,0
787,340.016,88.3717,2,0
788,837.935,33.7358,2,0
789,986.094,24.6431,2,0
790,901.262,2,2,0
791,64.7058,165.966,2,0
792,375.763,111.37,2,0
793,546.593,117.878,2,0
794,841.807,30.719,2,0
795,903.307,68.8543,2,0
796,211.865,79.7256,2,0
797,553.276,181.425,2,0
798,26.6525,192.235,2,0
799,466.941,158.554,2,0
800,753.376,151.39,2,0
801,125.541,146.257,2,0
802,172.22,58.4656,2,0
803,68.4326,173.948,2,0
804,783.183,198,2,0
805,831.32,14.3804,2,0
806,328.571,59.2006,2,0
807,919.121,131.5,2,0
808,526.427,95.9984,2,0
809,543.014,85.9986,2,0
810,912.964,38.4977,2,0
811,154.851,142.454,2,0
812,77.5056,79.2769,2,0
813,712.034,198,2,0
814,308.963,76.8352,2,0
815,882.126,178.224,2,0
816,945.604,38.8159,2,0
817,488.724,144.786,2,0
818,99.4982,53.3928,2,0
819,870.75,138.504,2,0
820,81.2102,188.034,2,0
821,238.723,16.9982,2,0
822,406.636,151.419,2,0
823,629.935,97.1065,2,0
824,204.26,198.682,2,0
825,208.743,190.005,2,0
826,24.9416,141.819,2,0
827,985.578,123.767,2,0
828,640.095,123.018,2,0
829,521.851,64.3102,2,0
830,767.444,175.578,2,0
831,269.588,56.4866,2,0
832,853.3,152.897,2,0
833,625.738,141.584,2,0
834,245.817,195.943,2,0
835,941.287,42.5747,2,0
836,767.407,182.969,2,0
837,725.84,111.539,2,0
838,945.729,85.1162,2,0
839,840.382,73.8072,2,0
840,858.428,2,2,0
841,320.535,95.7481,2,0
842,278.667,25.1551,2,0
843,558.913,189.084,2,0
844,822.696,22.773,2,0
845,963.536,28.8675,2,0
846,875.642,56.7314,2,0
847,858.433,198,2,0
848,284.541,58.0744,2,0
849,260.234,41.2955,2,0
850,396.657,145.469,2,0
851,666.866,162.845,2,0
852,680.652,187.921,2,0
853,512.957,7.90959,2,0
854,904.529,101.917,2,0
855,659.329,74.1711,2,0
856,730.763,125.083,2,0
857,320.355,185.816,2,0
858,408.298,72.2806,2,0
859,239.606,41.131,2,0
860,704.218,156.811,2,0
861,583.675,6.04733,2,0
862,581.329,109.591,2,0
863,290.587,134.332,2,0
864,718.951,10.7205,2,0
865,727.435,6.71988,2,0
866,188.175,21.2961,2,0
867,775.887,39.4177,2,0
868,180.173,127.364,2,0
869,389.139,52.0961,2,0
870,897.072,2.28243,2,0
871,765.464,186.503,2,0
872,760.273,61.0428,2,0
873,245.733,138.093,2,0
874,21.217,139.458,2,0
875,879.397,114.142,2,0
876,896.371,38.327,2,0
877,802.558,117.77,2,0
878,778.944,98.3721,2,0
879,660.147,57.0448,2,0
880,304.525,175.728,2,0
881,43.444,47.8003,2,0
882,339.796,83.1535,2,0
883,362.481,168.58,2,0
884,28.5484,162.61,2,0
885,958.239,58.4551,2,0
886,961.476,139.415,2,0
887,73.7011,58.9877,2,0
888,49.9378,141.609,2,0
889,89.5251,121.327,2,0
890,65.5972,183.544,2,0
891,469.915,193.18,2,0
892,702.727,67.1224,2,0
893,503.329,4.05322,2,0
894,696.919,64.9813,2,0
895,380.917,173.274,2,0
896,903.927,111.38,2,0
897,869.688,15.5407,2,0
898,836.887,182.665,2,0
899,851.888,33.7502,2,0
900,572.369,19.489,2,0
901,46.8853,68.959,2,0
902,508.213,143.252,2,0
903,663.727,180.106,2,0
904,375.21,153.772,2,0
905,314.405,59.36,2,0
906,462.818,143.837,2,0
907,435.402,94.4847,2,0
908,953.04,149.309,2,0
909,165.145,141.684,2,0
910,106.375,168.953,2,0
911,986.199,31.3729,2,0
912,898.534,9.31321,2,0
913,10.8088,166.44,2,0
914,401.712,164.161,2,0
915,167.866,44.0684,2,0
916,177.591,167.337,2,0
917,216.872,116.482,2,0
918,818.215,131.014,2,0
919,812.294,3.9355,2,0
920,557.642,151.845,2,0
921,747.952,86.3831,2,0
922,871.003,43.1114,2,0
923,510.467,13.9708,2,0
924,373.382,187.132,2,0
925,417.523,174.739,2,0
926,248.388,15.127,2,0
927,633.295,113.881,2,0
928,135.965,11.3979,2,0
929,628.867,195.977,2,0
930,179.862,190.425,2,0
931,967.361,145.493,2,0
932,465.355,45.4059,2,0
933,687.194,6.95632,2,0
934,899.42,111.853,2,0
935,603.59,11.3501,2,0
936,273.691,119.875,2,0
937,256.533,134.473,2,0
938,254.659,94.9186,2,0
939,303.179,133.53,2,0
940,650.518,154.139,2,0
941,202.558,143.629,2,0
942,560.403,178.207,2,0
943,903.091,44.9934,2,0
944,663.297,172.304,2,0
945,829.081,48.1401,2,0
946,38.3147,13.3307,2,0
947,876.272,38.8247,2,0
948,848.263,162.424,2,0
949,670.994,16.1944,2,0
950,441.284,135.905,2,0
951,762.696,64.4327,2,0
952,970.885,83.5713,2,0
953,357.498,143.596,2,0
954,820.979,127.597,2,0
955,487.764,90.7975,2,0
956,487.099,135.668,2,0
957,337.532,181.468,2,0
958,605.245,123.146,2,0
959,787.474,40.5721,2,0
960,692.057,24.523,2,0
961,365.248,92.903,2,0
962,420.86,194.751,2,0
963,525.825,137.039,2,0
964,78.0208,134.167,2,0
965,36.0361,180.928,2,0
966,830.734,178.364,2,0
967,194.855,141.21,2,0
968,648.282,146.467,2,0
969,283.866,198,2,0
970,930.858,59.9572,2,0
971,582.386,124.046,2,0
972,331.609,2,2,0
973,659.359,114.658,2,0
974,210.029,104.211,2,0
975,315.433,16.7365,2,0
976,471.731,36.1716,2,0
977,55.7227,58.2552,2,0
978,706.492,64.5224,2,0
979,400.98,169.974,2,0
980,230.461,83.324,2,0
981,143.113,58.6793,2,0
982,112.023,181.215,2,0
983,540.768,154.632,2,0
984,675.322,14.3845,2,0
985,329.663,28.558,2,0
986,771.635,151.074,2,0
987,163.11,136.692,2,0
988,453.817,4.88788,2,0
989,101.462,198,2,0
990,646.169,10.1524,2,0
991,800.523,77.0284,2,0
992,75.9729,91.7812,2,0
993,649.244,21.968,2,0
994,469.033,7.14834,2,0
995,709.475,57.3622,2,0
996,22.8789,30.3226,2,0
997,681.348,137.375,2,0
998,980.926,114.701,2,0
999,730.116,81.9279,2,0
1000,455.854,28.0985,2,0
1001,372.563,132.151,2,0
1002,278.52,132.328,2,0
1003,590.494,181.241,2,0
1004,799.092,56.7027,2,0
1005,968.198,64.5165,2,0
1006,229.052,128.558,2,0
1007,216.388,101.665,2,0
1008,775.521,177.783,2,0
1009,91.8535,79.7979,2,0
1010,57.4617,6.00244,2,0
1011,428.952,16.271,2,0
1012,600.985,119.717,2,0
1013,791.679,20.8866,2,0
1014,296.114,156.379,2,0
1015,331.187,121.167,2,0
1016,759.7,67.0988,2,0
1017,886.373,98.3775,2,0
1018,610.87,56.1769,2,0
1019,231.72,118.089,2,0
1020,829.866,2,2,0
1021,185.488,114.985,2,0
1022,474.005,142.719,2,0
1023,399.215,179.623,2,0
1024,897.708,49.7562,2,0
1025,564.261,176.551,2,0
1026,134.822,162.225,2,0
1027,434.652,163.597,2,0
1028,413.239,62.0116,2,0
1029,148.289,95.832,2,0
1030,342.171,174.296,2,0
1031,962.836,77.9498,2,0
1032,512.251,157.595,2,0
1033,593.496,140.226,2,0
1034,885.12,198,2,0
1035,85.5359,131.609,2,0
1036,508.398,182.472,2,0
1037,309.544,102.28,2,0
1038,101.916,157.66,2,0
1039,668.536,138.19,2,0
1040,836.842,98.738,2,0
1041,898.989,82.4731,2,0
1042,372.895,47.5898,2,0
1043,211.036,19.2113,2,0
1044,12.1199,70.9583,2,0
1045,618.274,5.79371,2,0
1046,825.329,162.579,2,0
1047,340.664,72.6428,2,0
1048,633.452,140.083,2,0
1049,412.36,101.386,2,0
1050,925.282,40.1008,2,0
1051,904.764,28.7835,2,0
1052,277.209,53.6061,2,0
1053,823.681,157.044,2,0
1054,726.018,36.6416,2,0
1055,173.203,87.0899,2,0
1056,445.601,82.073,2,0
1057,396.034,103.177,2,0
1058,404.432,137.295,2,0
1059,585.708,2,2,0
1060,193.691,191.127,2,0
1061,43.6763,19.8037,2,0
1062,368.483,88.581,2,0
1063,530.445,16.8249,2,0
1064,821.367,92.6286,2,0
1065,20.2546,50.4443,2,0
1066,20.9473,74.9359,2,0
1067,885.954,50.4639,2,0
1068,734.102,135.178,2,0
1069,425.485,56.8701,2,0
1070,841.115,110.453,2,0
1071,575.744,22.1349,2,0
1072,71.3343,129.699,2,0
1073,598.561,139.109,2,0
1074,573.298,129.989,2,0
1075,575.464,165.417,2,0
1076,796.859,127.228,2,0
1077,279.098,159.471,2,0
1078,151.525,88.8939,2,0
1079,33.014,51.6415,2,0
1080,196.399,10.0758,2,0
1081,485.08,147.974,2,0
1082,982.404,53.4509,2,0
1083,746.207,162.43,2,0
1084,474.144,180.423,2,0
1085,724.273,144.488,2,0
1086,814.841,142.166,2,0
1087,601.65,41.9038,2,0
1088,180.053,91.0556,2,0
1089,684.389,140.08,2,0
1090,408.428,169.42,2,0
1091,870.113,199.093,2,0
1092,754.819,111.375,2,0
1093,682.121,79.9191,2,0
1094,0.303252,19.3502,2,0
1095,91.7045,69.8189,2,0
1096,808.401,187.601,2,0
1097,353.705,155.213,2,0
1098,712.233,166.098,2,0
1099,185.611,58.6533,2,0
1100,485.549,178.953,2,0
1101,325.724,143.011,2,0
1102,597.818,53.7068,2,0
1103,274.124,2,2,0
1104,539.242,109.517,2,0
1105,621.541,16.019,2,0
1106,297.589,114.354,2,0
1107,774.854,22.8173,2,0
1108,336.701,85.967,2,0
1109,948.772,82.4347,2,0
1110,706.697,147.826,2,0
1111,219.972,28.7734,2,0
1112,318.356,189.395,2,0
1113,686.785,59.1456,2,0
1114,772.059,127.884,2,0
1115,259.594,138.003,2,0
1116,413.705,27.6799,2,0
1117,82.1809,42.8399,2,0
1118,52.9426,73.9491,2,0
1119,326.605,170.873,2,0
1120,301.86,73.7792,2,0
1121,31.7495,83.4045,2,0
1122,150.448,147.497,2,0
1123,908.18,154.723,2,0
1124,187.239,85.3323,2,0
1125,437.265,156.009,2,0
1126,184.72,192.78,2,0
1127,449.008,150.587,2,0
1128,801.667,123.395,2,0
1129,461.802,95.7281,2,0
1130,124.41,82.9878,2,0
1131,505.107,67.1402,2,0
1132,126.131,100.129,2,0
1133,93.2904,83.7114,2,0
1134,766.574,160.962,2,0
1135,442.226,98.8396,2,0
1136,368.302,169.693,2,0
1137,299.791,4.19583,2,0
1138,603.5,191.688,2,0
1139,105.282,6.26806,2,0
1140,352.959,191.402,2,0
1141,206.588,144.124,2,0
1142,878.974,106.676,2,0
1143,290.32,190.099,2,0
1144,604.269,78.9116,2,0
1145,891.393,149.296,2,0
1146,993.976,150.647,2,0
1147,617.533,15.0739,2,0
1148,530.913,138.955,2,0
1149,210.694,135.268,2,0
1150,126.467,106.065,2,0
1151,188.419,70.8908,2,0
1152,774.633,16.551,2,0
1153,742.508,28.8711,2,0
1154,884.596,89.9427,2,0
1155,491.844,86.3795,2,0
1156,374.063,119.873,2,0
1157,396,195.621,2,0
1158,633.853,96.0734,2,0
1159,636.691,31.2062,2,0
1160,873.795,80.2694,2,0
1161,732.716,68.0791,2,0
1162,595.844,70.6208,2,0
1163,621.955,73.7097,2,0
1164,545.687,49.7067,2,0
1165,979.71,186.195,2,0
1166,444.744,160.807,2,0
1167,316.844,2,2,0
1168,837.645,154.73,2,0
1169,353.083,134.905,2,0
1170,66.5092,158.192,2,0
1171,480.742,65.8567,2,0
1172,694.667,100.798,2,0
1173,671.594,96.6814,2,0
1174,621.308,98.1207,2,0
1175,730.258,57.2142,2,0
1176,308.516,143.224,2,0
1177,28.9145,10.1132,2,0
1178,72.7031,184.165,2,0
1179,337.952,130.169,2,0
1180,17.3937,8.23799,2,0
1181,238.626,116.678,2,0
1182,6.46297,7.32215,2,0
1183,3.22613,53.6139,2,0
1184,852.021,181.942,2,0
1185,534.62,73.1059,2,0
1186,456.204,32.1823,2,0
1187,774.85,115.388,2,0
1188,381.472,157.578,2,0
1189,30.8247,43.9292,2,0
1190,632.751,42.6426,2,0
1191,929.553,94.6415,2,0
1192,872.22,25.108,2,0
1193,158.101,41.1975,2,0
1194,30.5436,131.201,2,0
1195,631.451,157.907,2,0
1196,708.147,128.285,2,0
1197,812.298,138.887,2,0
1198,257.767,14.0528,2,0
1199,941.367,5.77069,2,0
1200,136.973,98.985,2,0
1201,122.297,177.557,2,0
1202,326.382,99.4191,2,0
1203,683.588,30.9427,2,0
1204,508.801,54.19,2,0
1205,499.209,147.133,2,0
1206,76.2541,118.61,2,0
1207,476.779,61.15,2,0
1208,483.113,128.329,2,0
1209,660.526,9.91905,2,0
1210,83.3073,73.3303,2,0
1211,680.779,172.054,2,0
1212,564.596,93.9642,2,0
1213,945.303,158.621,2,0
1214,649.017,33.0859,2,0
1215,597.913,156.671,2,0
1216,12.4335,30.7422,2,0
1217,66.2404,149.017,2,0
1218,537.967,124.59,2,0
1219,614.805,102.396,2,0
1220,429.986,97.6385,2,0
1221,910.731,76.8384,2,0
1222,380.101,70.7803,2,0
1223,18.6972,54.3059,2,0
1224,45.1529,189.724,2,0
1225,822.024,165.462,2,0
1226,820.036,70.5397,2,0
1227,807.433,107.206,2,0
1228,655.551,12.6307,2,0
1229,579.512,8.1724,2,0
1230,875.31,114.128,2,0
1231,178.11,163.317,2,0
1232,569.421,156.294,2,0
1233,968.213,132.506,2,0
1234,810.684,11.795,2,0
1235,443.747,10.8012,2,0
1236,682.843,191.289,2,0
1237,584.355,55.1071,2,0
1238,317.623,121.614,2,0
1239,450.486,156.301,2,0
1240,961.389,49.2789,2,0
1241,428.815,67.3057,2,0
1242,106.346,71.1581,2,0
1243,766.816,88.7834,2,0
1244,353.367,161.568,2,0
1245,879.348,118.321,2,0
1246,291.232,147.967,2,0
1247,425.085,155.092,2,0
1248,82.1475,155.874,2,0
1249,220.434,81.1247,2,0
1250,209.233,115.581,2,0
1251,844.052,196.554,2,0
1252,387.688,15.9676,2,0
1253,564.957,69.5106,2,0
1254,58.5456,79.7981,2,0
1255,52.2065,56.0967,2,0
1256,824.982,26.2393,2,0
1257,431.643,170.903,2,0
1258,638.201,107.078,2,0
1259,145.764,130.513,2,0
1260,718.49,14.8318,2,0
1261,614.172,188.2,2,0
1262,549.2,91.8091,2,0
1263,192.319,69.6504,2,0
1264,299.929,130.998,2,0
1265,418.288,151.015,2,0
1266,167.441,37.1927,2,0
1267,490.3,2,2,0
1268,548.399,186.87,2,0
1269,624.911,99.8881,2,0
1270,218.211,169.45,2,0
1271,531.33,31.4486,2,0
1272,711.462,170.034,2,0
1273,620.696,165.405,2,0
1274,21.9147,93.1484,2,0
1275,228.951,11.249,2,0
1276,854.853,88.1985,2,0
1277,131.868,11.9468,2,0
1278,604.661,106.567,2,0
1279,391.482,128.77,2,0
1280,201.42,53.2222,2,0
1281,523.9,38.384,2,0
1282,602.556,61.0942,2,0
1283,183.966,188.249,2,0
1284,662.678,14.2099,2,0
1285,742.094,176.214,2,0
1286,528.24,102.145,2,0
1287,274.143,183.041,2,0
1288,113.168,189.852,2,0
1289,23.4417,65.584,2,0
1290,368.629,124.877,2,0
1291,885.342,159.336,2,0
1292,667.265,87.8521,2,0
1293,821.729,2,2,0
1294,863.87,172.29,2,0
1295,676.803,195.181,2,0
1296,945.042,62.819,2,0
1297,994.885,174.987,2,0
1298,0.983497,118.899,2,0
1299,697.41,73.5729,2,0
1300,698.042,156.698,2,0
1301,995.493,68.8872,2,0
1302,95.8682,80.1606,2,0
1303,863.722,42.4031,2,0
1304,115.481,165.575,2,0
1305,549.833,123.588,2,0
1306,61.6862,102.878,2,0
1307,79.1428,138.3,2,0
1308,148.526,109.853,2,0
1309,906.41,74.5512,2,0
1310,404.297,100.005,2,0
1311,835.236,120.413,2,0
1312,355.781,121.439,2,0
1313,110.454,78.9897,2,0
1314,899.8,192.263,2,0
1315,612.731,31.0986,2,0
1316,935.486,141.595,2,0
1317,918.459,89.5628,2,0
1318,470.262,119.88,2,0
1319,734.789,120.346,2,0
1320,976.792,59.8876,2,0
1321,69.5573,107.348,2,0
1322,255.072,78.4074,2,0
1323,294.331,162.889,2,0
1324,402.091,126.093,2,0
1325,892.925,79.1132,2,0
1326,279.1,189.837,2,0
1327,173.392,177.606,2,0
1328,484.9,65.8244,2,0
1329,841.627,155.262,2,0
1330,329.867,12.848,2,0
1331,364.055,113.216,2,0
1332,766.358,113.266,2,0
1333,562.588,84.1688,2,0
1334,126.363,25.2927,2,0
1335,301.144,66.3911,2,0
1336,176.29,187.37,2,0
1337,165.514,159.34,2,0
1338,118.204,48.3693,2,0
1339,608.989,182.062,2,0
1340,631.172,70.6781,2,0
1341,843.985,185.011,2,0
1342,611.98,172.81,2,0
1343,963.692,41.0142,2,0
1344,666.764,194.506,2,0
1345,894.847,169.712,2,0
1346,445.341,86.1581,2,0
1347,659.47,101.588,2,0
1348,686.475,118.376,2,0
1349,710.506,125.028,2,0
1350,711.167,175.146,2,0
1351,308.622,132.123,2,0
1352,974.565,111.257,2,0
1353,21.9845,21.7954,2,0
1354,289.537,103.923,2,0
1355,208.523,129.194,2,0
1356,830.625,93.7505,2,0
1357,111.934,54.222,2,0
1358,548.986,2,2,0
1359,808.75,2,2,0
1360,21.6727,61.8767,2,0
1361,495.912,30.9878,2,0
1362,447.015,50.9793,2,0
1363,788.282,188.837,2,0
1364,638.589,90.0773,2,0
1365,311.907,176.779,2,0
1366,983.494,66.5448,2,0
1367,747.337,97.8353,2,0
1368,591.126,83.413,2,0
1369,873.272,187.61,2,0
1370,560.401,182.285,2,0
1371,517.474,68.3373,2,0
1372,993.763,109.721,2,0
1373,885.874,38.429,2,0
1374,569.612,149.537,2,0
1375,822.537,9.74686,2,0
1376,37.3456,169.104,2,0
1377,720.363,2,2,0
1378,102.822,109.94,2,0
1379,344.358,8.11172,2,0
1380,692.873,135.589,2,0
1381,82.8512,10.165,2,0
1382,388.856,99.6834,2,0
1383,890.544,74.9054,2,0
1384,671.396,48.7158,2,0
1385,978.363,69.9887,2,0
1386,503.075,53.2907,2,0
1387,41.2932,98.7484,2,0
1388,714.359,14.9068,2,0
1389,12.2709,142.781,2,0
1390,304.12,70.0031,2,0
1391,708.146,172.493,2,0
1392,564.426,18.4892,2,0
1393,831.557,159.174,2,0
1394,933.133,27.9042,2,0
1395,148.843,18.993,2,0
1396,217.238,39.9233,2,0
1397,795.15,70.2,2,0
1398,887.928,18.3144,2,0
1399,514.093,72.7478,2,0
1400,363.044,98.4779,2,0
1401,502.388,27.1842,2,0
1402,660.797,66.1914,2,0
1403,588.277,16.2805,2,0
1404,565.315,73.9007,2,0
1405,958.942,71.0779,2,0
1406,63.1622,162.191,2,0
1407,68.7246,169.897,2,0
1408,800.963,131.939,2,0
1409,989.233,149.198,2,0
1410,231.616,152.904,2,0
1411,303.952,103.191,2,0
1412,639.218,66.1457,2,0
1413,553.208,4.18975,2,0
1414,989.267,28.6567,2,0
1415,479.459,71.845,2,0
1416,962.728,95.0185,2,0
1417,717.38,105.762,2,0
1418,644.854,198,2,0
1419,445.794,100.833,2,0
1420,869.892,7.53667,2,0
1421,652.484,147.027,2,0
1422,427.206,136.449,2,0
1423,789.18,184.873,2,0
1424,719.243,6.71567,2,0
1425,392.333,186.505,2,0
1426,925.073,140.658,2,0
1427,197.604,26.4337,2,0
1428,359.161,17.6172,2,0
1429,607.574,100.171,2,0
1430,891.231,54.4319,2,0
1431,888.474,156.481,2,0
1432,140.613,178.354,2,0
1433,684.321,75.7989,2,0
1434,760.561,71.0834,2,0
1435,496.51,44.6476,2,0
1436,491.4,115.642,2,0
1437,168.579,61.2992,2,0
1438,278.332,113.005,2,0
1439,557.695,155.959,2,0
1440,844.235,158.45,2,0
1441,497.398,154.939,2,0
1442,334.379,128.312,2,0
1443,176.184,159.687,2,0
1444,431.365,93.7476,2,0
1445,796.653,96.3337,2,0
1446,599.399,75.9451,2,0
1447,522.832,134.34,2,0
1448,366.394,118.968,2,0
1449,631.845,47.1029,2,0
1450,345.792,47.6778,2,0
1451,731.7,110.015,2,0
1452,955.907,164.523,2,0
1453,773.732,171.765,2,0
1454,310.519,192.594,2,0
1455,744.926,132.523,2,0
1456,393.49,78.1121,2,0
1457,146.323,197.84,2,0
1458,38.915,9.32945,2,0
1459,973.232,23.1957,2,0
1460,249.605,84.2118,2,0
1461,391.08,177.148,2,0
1462,663.945,58.5934,2,0
1463,842.72,3.9126,2,0
1464,250.494,8.98562,2,0
1465,106.959,22.843,2,0
1466,671.334,22.4681,2,0
1467,108.594,28.4208,2,0
1468,339.146,25.3686,2,0
1469,506.896,12.0284,2,0
1470,690.557,124.924,2,0
1471,416.252,18.7528,2,0
1472,697.353,69.523,2,0
1473,321.407,91.1329,2,0
1474,32.891,58.8322,2,0
1475,530.515,96.3169,2,0
1476,281.201,52.7703,2,0
1477,858.304,101.959,2,0
1478,100.172,183.601,2,0
1479,99.6007,59.9597,2,0
1480,763.571,170.96,2,0
1481,928.194,12.9939,2,0
1482,612.744,183.473,2,0
1483,464.518,161.91,2,0
1484,472.441,134.229,2,0
1485,835.515,158.172,2,0
1486,684.006,152.255,2,0
1487,783.386,42.9712,2,0
1488,630.801,81.8508,2,0
1489,278.268,100.145,2,0
1490,456.566,163.415,2,0
1491,306.129,182.482,2,0
1492,360.83,164.733,2,0
1493,294.873,41.5445,2,0
1494,19.4489,98.6582,2,0
1495,802.032,47.289,2,0
1496,203.432,176.295,2,0
1497,948.489,126.117,2,0
1498,6.7832,37.5097,2,0
1499,627.034,110.605,2,0
1500,700.317,45.972,2,0
1501,257.271,44.5677,2,0
1502,346.718,93.6247,2,0
1503,473.774,157.566,2,0
1504,364.859,171.874,2,0
1505,406.657,186.53,2,0
1506,852.805,137.465,2,0
1507,458.97,193.487,2,0
1508,870.834,84.517,2,0
1509,864.495,16.6994,2,0
1510,839.056,104.239,2,0
1511,513.877,22.34,2,0
1512,340.519,147.542,2,0
1513,500.53,119.704,2,0
1514,978.458,43.0334,2,0
1515,480.791,61.6665,2,0
1516,47.0789,64.9375,2,0
1517,856.054,83.4401,2,0
1518,909.336,89.2063,2,0
1519,749.99,149.024,2,0
1520,118.888,122.438,2,0
1521,15.0398,61.7211,2,0
1522,392.585,36.4601,2,0
1523,538.473,23.4884,2,0
1524,844.223,171.973,2,0
1525,784.238,136.963,2,0
1526,691.895,20.4585,2,0
1527,959.526,151.456,2,0
1528,583.685,103.553,2,0
1529,890.595,125.285,2,0
1530,200.453,1.36729,2,0
1531,900.571,178.133,2,0
1532,413.345,181.443,2,0
1533,695.155,159.623,2,0
1534,890.911,94.045,2,0
1535,187.047,139.182,2,0
1536,534.368,167.111,2,0
1537,748.329,82.2704,2,0
1538,490.345,154.352,2,0
1539,49.252,137.561,2,0
1540,686.419,184.153,2,0
1541,262.861,82.1456,2,0
1542,778.168,113.111,2,0
1543,815.795,6.0979,2,0
1544,874.197,122.787,2,0
1545,917.999,74.3961,2,0
1546,278.92,95.3175,2,0
1547,515.112,98.658,2,0
1548,724.391,120.893,2,0
1549,669.716,37.4441,2,0
1550,975.379,151.369,2,0
1551,756.381,17.3444,2,0
1552,101.576,44.2632,2,0
1553,16.2183,143.442,2,0
1554,939.736,28.6225,2,0
1555,289.039,97.9841,2,0
1556,798.277,73.2781,2,0
1557,392.832,10.8264,2,0
1558,606.694,32.836,2,0
1559,868.653,90.1419,2,0
1560,71.7273,121.61,2,0
1561,26.7321,113.398,2,0
1562,739.549,121.224,2,0
1563,40.2368,88.2925,2,0
1564,400.654,135.687,2,0
1565,983.454,131.143,2,0
1566,7.62181,110.747,2,0
1567,97.2076,153.48,2,0
1568,732.921,139.133,2,0
1569,307.635,96.6342,2,0
1570,801.977,135.831,2,0
1571,626.083,81.8645,2,0
1572,54.2259,169.647,2,0
1573,470.894,24.2046,2,0
1574,700.722,177.815,2,0
1575,7.16779,52.6517,2,0
1576,981.206,25.984,2,0
1577,569.585,2.01867,2,0
1578,639.056,188.09,2,0
1579,329.362,84.8643,2,0
1580,430.142,117.564,2,0
1581,499.881,30.342,2,0
1582,139.459,93.6967,2,0
1583,264.64,66.2749,2,0
1584,983.274,21.796,2,0
1585,352.19,60.8081,2,0
1586,943.334,109.934,2,0
1587,938.109,3.41198,2,0
1588,664.712,75.5424,2,0
1589,549.974,134.024,2,0
1590,125.009,4.26299,2,0
1591,241.437,52.8742,2,0
1592,768.883,79.1637,2,0
1593,469.412,102.895,2,0
1594,209.715,178.256,2,0
1595,824.56,123.768,2,0
1596,176.379,100.167,2,0
1597,578.92,168.948,2,0
1598,684.446,19.414,2,0
1599,46.4362,2,2,0
1600,124.158,165.181,2,0
1601,426.851,122.524,2,0
1602,251.573,39.1578,2,0
1603,623.593,134.174,2,0
1604,847.341,32.9108,2,0
1605,721.512,137.343,2,0
1606,639.203,119.059,2,0
1607,730.406,77.8777,2,0
1608,504.887,126.421,2,0
1609,813.99,188.38,2,0
1610,676.894,59.3681,2,0
1611,899.53,70.7976,2,0
1612,80.8531,168.862,2,0
1613,996.667,198.002,2,0
1614,85.3571,119.383,2,0
1615,391.556,167.944,2,0
1616,380.6,143.769,2,0
1617,418.29,2,2,0
1618,122.925,0.658017,2,0
1619,296.484,1.82225,2,0
1620,133.224,169.576,2,0
1621,370.029,154.452,2,0
1622,360.073,105.001,2,0
1623,580.467,146.256,2,0
1624,261.93,13.7311,2,0
1625,373.008,4.67888,2,0
1626,210.212,89.3016,2,0
1627,555.582,164.233,2,0
1628,623.238,125.71,2,0
1629,326.391,147.061,2,0
1630,694.117,106.312,2,0
1631,472.028,53.5047,2,0
1632,383.702,120.698,2,0
1633,769.135,188.165,2,0
1634,168.502,74.0706,2,0
1635,218.308,22.076,2,0
1636,100.27,80.092,2,0
1637,965.386,188.754,2,0
1638,480.941,80.8987,2,0
1639,271.357,133.967,2,0
1640,855.091,119.041,2,0
1641,897.766,67.1081,2,0
1642,358.66,186.541,2,0
1643,908.515,40.227,2,0
1644,568.581,71.3958,2,0
1645,146.44,142.844,2,0
1646,299.652,25.9834,2,0
1647,321.668,2.30296,2,0
1648,285.71,124.389,2,0
1649,291.279,118.056,2,0
1650,855.257,114.924,2,0
1651,84.7461,65.583,2,0
1652,262.473,165.819,2,0
1653,166.784,48.1209,2,0
1654,412.239,124.497,2,0
1655,691.384,30.3435,2,0
1656,942.145,156.076,2,0
1657,352.855,146.485,2,0
1658,198.916,118.563,2,0
1659,147.377,79.7442,2,0
1660,765.648,179.239,2,0
1661,361.46,94.7036,2,0
1662,839.125,2,2,0
1663,693.622,67.9457,2,0
1664,726.03,81.7953,2,0
1665,590.016,121.033,2,0
1666,45.3679,7.3893,2,0
1667,360.812,32.5119,2,0
1668,140.588,7.35237,2,0
1669,267.166,131.118,2,0
1670,298.845,161.186,2,0
1671,201.966,180.521,2,0
1672,40.1518,45.3671,2,0
1673,648.773,184.49,2,0
1674,601.145,27.1061,2,0
1675,603.859,166.605,2,0
1676,557.499,112.679,2,0
1677,572.017,8.09332,2,0
1678,808.511,137.481,2,0
1679,759.995,5.1824,2,0
1680,402.793,103.835,2,0
1681,934.334,63.3972,2,0
1682,144.383,94.7191,2,0
1683,218.914,12.5493,2,0
1684,30.2522,2,2,0
1685,382.63,60.8683,2,0
1686,908.667,61.9809,2,0
1687,789.118,142.863,2,0
1688,479.321,37.0469,2,0
1689,504.432,43.1971,2,0
1690,820.729,17.7907,2,0
1691,714.724,10.8683,2,0
1692,405.908,18.5718,2,0
1693,677.927,24.2208,2,0
1694,545.685,66.9989,2,0
1695,939.089,182.917,2,0
1696,881.087,141.779,2,0
1697,972.424,148.456,2,0
1698,397.904,113.321,2,0
1699,894.867,118.474,2,0
1700,61.8971,66.2295,2,0
1701,206.199,50.8999,2,0
1702,807.947,77.5044,2,0
1703,727.076,117.849,2,0
1704,368.449,40.1841,2,0
1705,210.969,156.05,2,0
1706,10.6531,187.4,2,0
1707,267.518,135.257,2,0
1708,883.134,53.4229,2,0
1709,339.007,156.243,2,0
1710,748.058,166.062,2,0
1711,599.36,88.0189,2,0
1712,671.429,8.17655,2,0
1713,122.591,23.7826,2,0
1714,154.563,37.54,2,0
1715,121.892,125.092,2,0
1716,182.633,182.129,2,0
1717,243.552,89.1985,2,0
1718,521.842,138.227,2,0
1719,565.711,154.785,2,0
1720,724.989,148.503,2,0
1721,673.751,145.339,2,0
1722,595.565,57.2681,2,0
1723,799.439,151.24,2,0
1724,784.43,113.106,2,0
1725,224.195,73.3301,2,0
1726,97.7291,72.0727,2,0
1727,3.94507,136.598,2,0
1728,695.177,121.221,2,0
1729,457.323,137.063,2,0
1730,688.231,49.0073,2,0
1731,57.89,84.294,2,0
1732,340.392,124.449,2,0
1733,505.732,109.787,2,0
1734,470.618,42.7032,2,0
1735,175.527,64.5914,2,0
1736,927.922,145.42,2,0
1737,175.724,8.44801,2,0
1738,997.163,107.549,2,0
1739,373.238,13.4015,2,0
1740,322.355,194.274,2,0
1741,315.05,104.119,2,0
1742,800.664,33.9955,2,0
1743,232.94,38.6176,2,0
1744,217.92,97.8176,2,0
1745,747.459,145.637,2,0
1746,566.922,13.9307,2,0
1747,525.853,80.7488,2,0
1748,726.398,174.478,2,0
1749,647.587,192.12,2,0
1750,776.221,95.3223,2,0
1751,237.805,51.0649,2,0
1752,671.797,12.1828,2,0
1753,525.937,85.3881,2,0
1754,586.962,101.012,2,0
1755,253.722,144.231,2,0
1756,551.409,26.0704,2,0
1757,214.508,136.671,2,0
1758,553.389,33.8034,2,0
1759,141.345,150.268,2,0
1760,484.388,17.1381,2,0
1761,585.495,96.3452,2,0
1762,673.734,44.5959,2,0
1763,22.664,160.155,2,0
1764,217.051,196.216,2,0
1765,999.141,44.8725,2,0
1766,373.195,87.0727,2,0
1767,508.976,8.5644,2,0
1768,882.985,41.3204,2,0
1769,838.929,95.0378,2,0
1770,829.673,19.4451,2,0
1771,251.16,2,2,0
1772,944.763,93.1922,2,0
1773,153.826,149.937,2,0
1774,516.081,18.8499,2,0
1775,98.9289,194.827,2,0
1776,208.087,62.3072,2,0
1777,985.016,94.5145,2,0
1778,889.847,129.248,2,0
1779,259.628,88.6181,2,0
1780,813.683,91.9674,2,0
1781,182.035,123.307,2,0
1782,558.177,193.087,2,0
1783,402.067,2,2,0
1784,430.57,63.6798,2,0
1785,329.245,151.529,2,0
1786,509.99,81.5144,2,0
1787,61.5052,86.2286,2,0
1788,769.556,53.7903,2,0
1789,447.119,14.3325,2,0
1790,641.91,126.757,2,0
1791,1.34898,41.3029,2,0
1792,198.438,17.708,2,0
1793,910.666,164.459,2,0
1794,147.923,150.817,2,0
1795,18.0805,2,2,0
1796,878.549,7.93142,2,0
1797,929.713,198,2,0
1798,818.711,55.3158,2,0
1799,964.556,171.454,2,0
1800,365.44,105.91,2,0
1801,360.91,139.03,2,0
1802,624.855,34.5937,2,0
1803,94.0962,94.1529,2,0
1804,666.865,106.374,2,0
1805,469.059,68.6071,2,0
1806,482.128,26.958,2,0
1807,902.449,73.6472,2,0
1808,235.601,150.609,2,0
1809,429.759,71.2696,2,0
1810,225.359,25.8429,2,0
1811,799.741,143.539,2,0
1812,199.281,63.3073,2,0
1813,31.6835,101.079,2,0
1814,212.711,11.8674,2,0
1815,28.5925,124.718,2,0
1816,579.738,15.2755,2,0
1817,807.118,174.876,2,0
1818,37.6147,153.152,2,0
1819,53.5445,143.719,2,0
1820,12.0509,82.0844,2,0
1821,243.906,63.9952,2,0
1822,835.514,59.402,2,0
1823,290.224,157.697,2,0
1824,46.4505,12.3228,2,0
1825,919.178,62.3376,2,0
1826,387.943,30.917,2,0
1827,111.411,92.8729,2,0
1828,329.333,19.015,2,0
1829,923.891,192.848,2,0
1830,861.374,57.5055,2,0
1831,578.935,32.0978,2,0
1832,335.949,118.105,2,0
1833,353.072,113.467,2,0
1834,184.161,170.828,2,0
1835,183.107,196.492,2,0
1836,352.732,64.7738,2,0
1837,327.224,81.3789,2,0
1838,271.996,113.542,2,0
1839,472.824,32.1189,2,0
1840,473.107,195.736,2,0
1841,597.406,12.4172,2,0
1842,766.772,26.6902,2,0
1843,911.034,149.311,2,0
1844,313.544,121.938,2,0
1845,52.2462,122.561,2,0
1846,236.988,38.0462,2,0
1847,275.068,135.858,2,0
1848,848.783,131.442,2,0
1849,106.164,107.611,2,0
1850,198.163,151.02,2,0
1851,413.985,168.482,2,0
1852,342.76,153.796,2,0
1853,881.019,197.124,2,0
1854,870.989,168.046,2,0
1855,224.643,151.803,2,0
1856,458.964,159.971,2,0
1857,284.421,27.953,2,0
1858,336.924,135.103,2,0
1859,369.147,13.9765,2,0
1860,401.29,44.7725,2,0
1861,442.66,49.25,2,0
1862,440.728,160.061,2,0
1863,935.972,169.63,2,0
1864,898.146,120.867,2,0
1865,500.361,35.4359,2,0
1866,305.02,6.69313,2,0
1867,207.692,162.471,2,0
1868,448.651,96.4674,2,0
1869,636.06,136.099,2,0
1870,939.144,109.717,2,0
1871,715.57,115.431,2,0
1872,221.281,32.8229,2,0
1873,116.118,117.78,2,0
1874,665.928,110.817,2,0
1875,34.2234,38.526,2,0
1876,535.451,68.2758,2,0
1877,645.856,181.662,2,0
1878,947.228,146.062,2,0
1879,92.3922,144.083,2,0
1880,611.177,126.339,2,0
1881,939.699,174.891,2,0
1882,86.9457,59.273,2,0
1883,3.5102,199.202,2,0
1884,921.147,156.028,2,0
1885,770.979,88.7311,2,0
1886,775.938,69.3688,2,0
1887,874.278,198.382,2,0
1888,62.4607,138.939,2,0
1889,192.01,138.093,2,0
1890,268.372,105.072,2,0
1891,736.477,174.816,2,0
1892,751.384,41.1013,2,0
1893,939.543,187.232,2,0
1894,189.656,190.808,2,0
1895,855.026,110.659,2,0
1896,508.042,36.1708,2,0
1897,107.265,131.08,2,0
1898,727.871,165.138,2,0
1899,376.737,149.997,2,0
1900,581.691,2,2,0
1901,718.448,43.1766,2,0
1902,180.072,171.025,2,0
1903,989.868,110.945,2,0
1904,191.099,83.9483,2,0
1905,892.469,145.387,2,0
1906,963.37,17.3653,2,0
1907,998.121,181.591,2,0
1908,872.275,131.749,2,0
1909,162.757,23.9288,2,0
1910,175.979,171.859,2,0
1911,93.0024,18.1012,2,0
1912,135.646,191.621,2,0
1913,381.962,161.656,2,0
1914,563.032,12.4747,2,0
1915,448.461,162.606,2,0
1916,105.888,153.576,2,0
1917,270.057,66.0938,2,0
1918,421.967,130.561,2,0
1919,612.765,52.6246,2,0
1920,656.128,107.328,2,0
1921,324.819,114.723,2,0
1922,428.214,198.076,2,0
1923,287.129,77.4637,2,0
1924,615.288,85.9437,2,0
1925,725.102,156.323,2,0
1926,645.017,32.9789,2,0
1927,263.124,86.5795,2,0
1928,423.721,187.274,2,0
1929,738.548,99.6103,2,0
1930,88.306,87.1519,2,0
1931,518.4,188.383,2,0
1932,241.116,82.3618,2,0
1933,57.5263,172.061,2,0
1934,190.388,117.456,2,0
1935,312.443,126.595,2,0
1936,132.446,45.2073,2,0
1937,737.139,18.5672,2,0
1938,474.741,126.607,2,0
1939,68.4357,77.3047,2,0
1940,442.656,164.4,2,0
1941,697.369,136.023,2,0
1942,683.299,42.1093,2,0
1943,655.932,178.726,2,0
1944,838.614,62.5325,2,0
1945,947.95,71.0455,2,0
1946,41.5338,39.6301,2,0
1947,318.158,145.439,2,0
1948,4.12242,105.093,2,0
1949,144.58,153.281,2,0
1950,662.916,103.824,2,0
1951,77.847,75.035,2,0
1952,563.321,119.047,2,0
1953,795.046,169.367,2,0
1954,961.745,21.1392,2,0
1955,328.898,8.77784,2,0
1956,75.6883,122.659,2,0
1957,700.033,165.409,2,0
1958,945.441,153.294,2,0
1959,9.09962,140.299,2,0
1960,140.649,38.8617,2,0
1961,232.744,162.923,2,0
1962,388.31,159.964,2,0
1963,171.821,138.556,2,0
1964,908.885,173.884,2,0
1965,770.7,30.6814,2,0
1966,314.495,27.3743,2,0
1967,737.009,146.096,2,0
1968,564.017,38.2479,2,0
1969,183.851,136.525,2,0
1970,39.6462,149.63,2,0
1971,689.656,97.4176,2,0
1972,874.692,76.1834,2,0
1973,26.3069,81.042,2,0
1974,72.4248,173.174,2,0
1975,320.016,137.284,2,0
1976,351.465,196.687,2,0
1977,426.017,96.4632,2,0
1978,554.887,171.059,2,0
1979,524.201,48.4553,2,0
1980,937.373,84.133,2,0
1981,114.336,127.471,2,0
1982,22.8577,193.907,2,0
1983,145.401,168.539,2,0
1984,853.619,80.1492,2,0
1985,658.942,169.197,2,0
1986,495.294,149.833,2,0
1987,559.536,4.77915,2,0
1988,7.1839,147.952,2,0
1989,183.627,97.2874,2,0
1990,96.6333,13.3735,2,0
1991,494.133,101.286,2,0
1992,4.12074,160.33,2,0
1993,582.347,72.6027,2,0
1994,234.735,70.5239,2,0
1995,390.289,156.286,2,0
1996,851.697,44.7984,2,0
1997,243.532,7.14446,2,0
1998,385.216,42.3549,2,0
1999,38.9838,108.152,2,0
2000,796.548,33.9989,2,0
2001,384.446,28.7718,2,0
2002,314.529,143.434,2,0
2003,61.6776,75.5044,2,0
2004,341.626,117.474,2,0
2005,387.251,106.045,2,0
2006,532.518,50.679,2,0
2007,2.58753,5.03812,2,0
2008,3.86586,97.7812,2,0
2009,995.648,49.9399,2,0
2010,979.759,162.267,2,0
2011,66.9388,110.506,2,0
2012,58.6704,2,2,0
2013,550.887,83.913,2,0
2014,213.72,199.248,2,0
2015,847.097,66.1702,2,0
2016,866.442,118.809,2,0
2017,625.48,191.463,2,0
2018,171.504,92.1409,2,0
2019,62.6189,9.01543,2,0
2020,530.705,165.096,2,0
2021,499.246,136.623,2,0
2022,771.116,62.754,2,0
2023,258.068,113.086,2,0
2024,927.881,122.188,2,0
2025,649.57,4.28695,2,0
2026,5.1856,185.529,2,0
2027,742.647,99.8014,2,0
2028,145.059,99.273,2,0
2029,509.717,163.918,2,0
2030,844.633,142.262,2,0
2031,431.096,183.826,2,0
2032,972.802,106.264,2,0
2033,887.835,162.501,2,0
2034,397.518,49.2139,2,0
2035,414.416,148.841,2,0
2036,15.4065,97.515,2,0
2037,769.646,178.944,2,0
2038,183.591,141.461,2,0
2039,553.933,198,2,0
2040,343.616,101.954,2,0
2041,406.714,95.3369,2,0
2042,249.876,22.1222,2,0
2043,337.476,192.571,2,0
2044,710.838,102.909,2,0
2045,128.562,143.531,2,0
2046,397.517,164.013,2,0
2047,869.987,102.23,2,0
2048,759.331,80.2317,2,0
2049,280.911,148.945,2,0
2050,287.83,129.717,2,0
2051,223.004,178.48,2,0
2052,438.595,164.635,2,0
2053,325.969,162.338,2,0
2054,270.012,73.1856,2,0
2055,805.658,190.71,2,0
2056,868.171,165.135,2,0
2057,195.505,74.6749,2,0
2058,62.3021,147.931,2,0
2059,499.559,86.6265,2,0
2060,890.241,140.198,2,0
2061,231.047,88.3875,2,0
2062,545.289,44.2416,2,0
2063,482.869,20.8795,2,0
2064,987.285,61.2321,2,0
2065,641.617,26.4455,2,0
2066,317.783,149.501,2,0
2067,149.334,170.151,2,0
2068,635.488,130.711,2,0
2069,308.02,53.6969,2,0
2070,296.693,97.3458,2,0
2071,374.69,79.0078,2,0
2072,352.314,138.875,2,0
2073,111.956,19.2743,2,0
2074,886.892,85.0147,2,0
2075,45.8565,16.398,2,0
2076,530.163,75.0741,2,0
2077,28.0212,91.5349,2,0
2078,976.675,107.61,2,0
2079,307.026,87.9441,2,0
2080,339.293,97.8857,2,0
2081,827.634,137.688,2,0
2082,419.477,15.4144,2,0
2083,667.071,52.1006,2,0
2084,83.7396,104.557,2,0
2085,901.949,85.2615,2,0
2086,893.848,193.925,2,0
2087,12.176,108.108,2,0
2088,645.382,124.579,2,0
2089,35.9768,147.85,2,0
2090,937.593,52.9656,2,0
2091,438.937,42.8387,2,0
2092,952.696,87.5633,2,0
2093,445.768,153.238,2,0
2094,69.7441,58.0608,2,0
2095,847.85,40.4215,2,0
2096,422.342,60.3574,2,0
2097,133.597,29.2643,2,0
2098,278.874,126.667,2,0
2099,249.06,150.545,2,0
2100,566.828,117.09,2,0
2101,781.287,115.648,2,0
2102,747.997,68.9651,2,0
2103,931.262,87.0331,2,0
2104,956.234,160.39,2,0
2105,285.768,181.056,2,0
2106,69.5291,196.765,2,0
2107,102.653,56.237,2,0
2108,880.28,50.5107,2,0
2109,53.3556,198,2,0
2110,880.319,133.992,2,0
2111,834.249,71.5236,2,0
2112,695.041,189.299,2,0
2113,228.419,180.395,2,0
2114,596.974,20.0755,2,0
2115,546.059,9.44419,2,0
2116,918.43,125.576,2,0
2117,255.044,3.24488,2,0
2118,85.2184,69.6095,2,0
2119,845.54,188.881,2,0
2120,788.338,120.71,2,0
2121,848.867,26.3459,2,0
2122,968.368,80.4568,2,0
2123,516.13,150.552,2,0
2124,825.819,2.26839,2,0
2125,128.939,176.371,2,0
2126,296.016,129.96,2,0
2127,209.495,38.7605,2,0
2128,56.5706,156.374,2,0
2129,848.353,54.1868,2,0
2130,590.361,114.048,2,0
2131,3.79482,109.171,2,0
2132,956.658,86.9588,2,0
2133,863.949,76.9268,2,0
2134,545.535,93.4297,2,0
2135,519.028,59.5885,2,0
2136,523.024,58.3067,2,0
2137,625.328,176.711,2,0
2138,921.707,25.0507,2,0
2139,137.855,27.8957,2,0
2140,464.506,29.348,2,0
2141,710.935,135.665,2,0
2142,630.392,54.8023,2,0
2143,67.9646,163.444,2,0
2144,678.823,122.528,2,0
2145,537.996,186.803,2,0
2146,960.254,85.1436,2,0
2147,117.521,11.0501,2,0
2148,593.769,152.436,2,0
2149,781.035,172.958,2,0
2150,639.985,192.14,2,0
2151,749.518,65.1962,2,0
2152,306.471,191.816,2,0
2153,5.61619,78.2717,2,0
2154,564.584,54.0315,2,0
2155,846.361,152.533,2,0
2156,338.774,40.2679,2,0
2157,150.493,124.477,2,0
2158,722.375,194.551,2,0
2159,208.522,124.689,2,0
2160,266.458,166.274,2,0
2161,116.565,193.48,2,0
2162,384.796,126.376,2,0
2163,38.9136,198,2,0
2164,977.175,116.39,2,0
2165,615.28,125.835,2,0
2166,949.641,78.3992,2,0
2167,311.834,72.6705,2,0
2168,482.178,192.967,2,0
2169,939.745,71.3123,2,0
2170,453.204,55.2831,2,0
2171,951.394,44.8387,2,0
2172,89.2187,149.898,2,0
2173,895.95,137.694,2,0
2174,532.732,2,2,0
2175,913.52,198,2,0
2176,392.838,21.2647,2,0
2177,225.87,93.2857,2,0
2178,621.904,106.363,2,0
2179,377.281,13.9114,2,0
2180,254.121,7.15094,2,0
2181,562.157,186.22,2,0
2182,915.865,138.853,2,0
2183,155.756,33.717,2,0
2184,700.046,141.649,2,0
2185,170.921,148.605,2,0
2186,206.489,106.289,2,0
2187,682.596,34.9758,2,0
2188,217.68,109.224,2,0
2189,672.429,151.689,2,0
2190,487.261,75.5409,2,0
2191,865.409,186.494,2,0
2192,52.6229,23.0572,2,0
2193,884.358,8.54189,2,0
2194,54.5137,62.2607,2,0
2195,146.032,83.7183,2,0
2196,597.709,96.7771,2,0
2197,157.543,130.601,2,0
2198,792.356,100.38,2,0
2199,500.841,126.94,2,0
2200,416.18,104.672,2,0
2201,419.601,107.024,2,0
2202,63.7766,47.7644,2,0
2203,779.323,184.464,2,0
2204,49.1945,72.3731,2,0
2205,907.236,182.87,2,0
2206,458.838,20.5741,2,0
2207,852.505,24.2507,2,0
2208,698.134,55.4736,2,0
2209,454.959,197.69,2,0
2210,397.227,44.9348,2,0
2211,840.647,88.0412,2,0
2212,578.402,71.6032,2,0
2213,859.436,121.26,2,0
2214,605.693,46.4601,2,0
2215,715.659,86.6955,2,0
2216,95.3601,3.68956,2,0
2217,164.317,42.0065,2,0
2218,688.949,38.8424,2,0
2219,107.84,100.249,2,0
2220,696.308,166.877,2,0
2221,382.113,34.9829,2,0
2222,784.954,144.785,2,0
2223,981.757,176.156,2,0
2224,991.211,55.8818,2,0
2225,28.3395,15.2321,2,0
2226,512.781,61.3068,2,0
2227,915.232,132.661,2,0
2228,119.483,21.165,2,0
2229,827.097,120.652,2,0
2230,258.011,24.0826,2,0
2231,815.973,37.2537,2,0
2232,929.32,187.056,2,0
2233,828.99,174.391,2,0
2234,948.93,156.558,2,0
2235,857.035,13.3175,2,0
2236,241.089,20.2965,2,0
2237,647.119,139.659,2,0
2238,452.017,59.1478,2,0
2239,254.144,186.673,2,0
2240,317.926,24.6046,2,0
2241,214.04,128.61,2,0
2242,261.892,22.8858,2,0
2243,820.998,183.804,2,0
2244,963.32,45.0748,2,0
2245,601.386,99.798,2,0
2246,527.466,22.9158,2,0
2247,731.115,101.854,2,0
2248,587.006,111.606,2,0
2249,421.612,110.483,2,0
2250,878.126,47.1239,2,0
2251,162.998,46.5419,2,0
2252,882.116,145.674,2,0
2253,753.396,76.5635,2,0
2254,792.421,189.464,2,0
2255,592.481,124.246,2,0
2256,11.7366,99.3657,2,0
2257,430.64,162.811,2,0
2258,288.485,114.777,2,0
2259,267.171,154.06,2,0
2260,443.978,78.273,2,0
2261,339.231,8.27616,2,0
2262,383.747,64.7243,2,0
2263,428.518,86.6051,2,0
2264,675.567,124.859,2,0
2265,634.634,91.1494,2,0
2266,450.587,109.617,2,0
2267,221.793,110.014,2,0
2268,839.861,77.9466,2,0
2269,160.461,20.6417,2,0
2270,755.51,132.409,2,0
2271,480.231,182.576,2,0
2272,159.183,108.894,2,0
2273,572.65,146.876,2,0
2274,618.266,120.851,2,0
2275,943.758,121.803,2,0
2276,93.428,48.8836,2,0
2277,936.457,31.5078,2,0
2278,377.266,123.605,2,0
2279,339.553,102.796,2,0
2280,749.658,142.052,2,0
2281,317.751,117.487,2,0
2282,350.795,94.304,2,0
2283,27.1122,151.506,2,0
2284,908.819,29.0638,2,0
2285,398.25,69.6011,2,0
2286,342.971,64.2739,2,0
2287,254.222,116.198,2,0
2288,815.681,184.673,2,0
2289,619.151,103.117,2,0
2290,662.028,128.283,2,0
2291,540.323,81.8381,2,0
2292,722.577,189.791,2,0
2293,692.209,41.4316,2,0
2294,422.161,99.1402,2,0
2295,270.866,180.642,2,0
2296,561.179,149.869,2,0
2297,843.923,77.4587,2,0
2298,54.3616,131.026,2,0
2299,757.764,198,2,0
2300,635.223,163.91,2,0
2301,196.004,48.2279,2,0
2302,834.814,95.2756,2,0
2303,770.957,168.866,2,0
2304,638.419,46.0789,2,0
2305,306.501,187.734,2,0
2306,215.849,35.7483,2,0
2307,961.58,67.8754,2,0
2308,645.537,149.624,2,0
2309,59.2573,29.1617,2,0
2310,891.538,159.195,2,0
2311,448.348,106.23,2,0
2312,202.921,18.2342,2,0
2313,422.85,191.26,2,0
2314,857.06,168.029,2,0
2315,330.385,191.527,2,0
2316,109.157,191.204,2,0
2317,296.203,183.534,2,0
2318,642.526,90.9521,2,0
2319,751.882,145.481,2,0
2320,476.438,98.9158,2,0
2321,386.934,183.31,2,0
2322,747.393,29.1005,2,0
2323,144.319,139.44,2,0
2324,140.396,135.372,2,0
2325,505.183,39.1566,2,0
2326,312.244,110.992,2,0
2327,360.187,62.9082,2,0
2328,603.059,147.953,2,0
2329,996.09,57.9148,2,0
2330,480.454,198,2,0
2331,25.2268,76.5348,2,0
2332,586.184,125.473,2,0
2333,101.054,35.5137,2,0
2334,70.2556,134.355,2,0
2335,519.693,82.5637,2,0
2336,380.19,147.93,2,0
2337,860.197,49.6782,2,0
2338,384.343,85.6365,2,0
2339,545.906,29.2715,2,0
2340,508.122,129.733,2,0
2341,256.501,126.804,2,0
2342,925.843,92.8118,2,0
2343,139.529,118.474,2,0
2344,724.782,106.433,2,0
2345,609.972,158.96,2,0
2346,221.879,185.483,2,0
2347,214.137,184.936,2,0
2348,227.715,80.3065,2,0
2349,495.363,145.778,2,0
2350,114.114,8.75698,2,0
2351,898.969,168.375,2,0
2352,482.147,2,2,0
2353,669.597,169.653,2,0
2354,273.266,60.0554,2,0
2355,814.634,10.7416,2,0
2356,851.882,40.0362,2,0
2357,834.636,63.4711,2,0
2358,242.434,99.2987,2,0
2359,143.718,48.8131,2,0
2360,691.024,120.752,2,0
2361,970.299,158.078,2,0
2362,935.317,184.277,2,0
2363,512.461,169.877,2,0
2364,409.345,142.793,2,0
2365,296.472,48.737,2,0
2366,756.584,92.6919,2,0
2367,948.673,29.2746,2,0
2368,131.391,137.574,2,0
2369,154.587,6.64489,2,0
2370,886.575,166.393,2,0
2371,571.789,152.948,2,0
2372,136.289,150.98,2,0
2373,970.453,87.7314,2,0
2374,961.82,60.5046,2,0
2375,504.899,198,2,0
2376,806.495,169.969,2,0
2377,703.159,199.967,2,0
2378,216.124,58.0431,2,0
2379,789.89,8.97025,2,0
2380,258.886,2,2,0
2381,194.454,117.375,2,0
2382,64.5408,125.812,2,0
2383,471.921,62.3495,2,0
2384,977.612,177.282,2,0
2385,64.5746,2.40471,2,0
2386,445.854,46.7787,2,0
2387,208.212,85.4351,2,0
2388,540.502,42.5789,2,0
2389,112.494,70.4969,2,0
2390,746.116,126.813,2,0
2391,882.298,45.3731,2,0
2392,235.733,136.207,2,0
2393,230.011,35.8593,2,0
2394,4.69226,172.548,2,0
2395,47.138,152.583,2,0
2396,317.632,88.8015,2,0
2397,437.321,10.2318,2,0
2398,834.021,152.908,2,0
2399,222.268,157.408,2,0
2400,888.528,42.0121,2,0
2401,323.269,82.0162,2,0
2402,246.619,190.84,2,0
2403,96.3598,182.272,2,0
2404,613.584,192.196,2,0
2405,80.322,176.196,2,0
2406,416.632,40.762,2,0
2407,958.356,16.8488,2,0
2408,889.2,198,2,0
2409,476.136,15.8172,2,0
2410,559.044,123.562,2,0
2411,165.885,5.0927,2,0
2412,966.21,20.3435,2,0
2413,30.0763,167.144,2,0
2414,458.362,141.103,2,0
2415,226.739,176.72,2,0
2416,713.408,56.0938,2,0
2417,351.408,151.699,2,0
2418,538.789,85.6453,2,0
2419,860.239,165.309,2,0
2420,195.551,14.0359,2,0
2421,322.761,130.788,2,0
2422,798.222,166.858,2,0
2423,272.302,123.652,2,0
2424,990.482,175.901,2,0
2425,138.248,129.379,2,0
2426,831.09,135.483,2,0
2427,812.998,60.3674,2,0
2428,827.307,54.434,2,0
2429,654.875,16.8697,2,0
2430,486.86,79.7014,2,0
2431,834.846,173.941,2,0
2432,862.336,9.22666,2,0
2433,364.417,88.9014,2,0
2434,462.614,158.333,2,0
2435,472.574,111.665,2,0
2436,758.886,138.872,2,0
2437,692.083,47.6442,2,0
2438,468.093,60.4564,2,0
2439,231.495,197.494,2,0
2440,796.548,177.868,2,0
2441,18.1377,168.224,2,0
2442,721.675,38.3686,2,0
2443,302.49,159.41,2,0
2444,290.699,14.9017,2,0
2445,16.923,106.434,2,0
2446,596.518,160.761,2,0
2447,708.177,2,2,0
2448,543.694,53.1791,2,0
2449,854.202,165.099,2,0
2450,324.999,87.8121,2,0
2451,643.988,23.2127,2,0
2452,519.585,29.6068,2,0
2453,574.88,1.48488,2,0
2454,782.173,191.781,2,0
2455,3.05616,122.919,2,0
2456,467.825,14.4806,2,0
2457,939.955,105.594,2,0
2458,301.452,45.2298,2,0
2459,476.128,130.62,2,0
2460,734.462,106.943,2,0
2461,739.557,12.3485,2,0
2462,643.521,101.146,2,0
2463,502.505,133.987,2,0
2464,646.201,38.0926,2,0
2465,166.89,184.762,2,0
2466,438.395,21.9165,2,0
2467,756.443,176.863,2,0
2468,282.392,64.67,2,0
2469,374.957,21.3881,2,0
2470,552.887,141.532,2,0
2471,809.36,149.681,2,0
2472,83.2317,77.5201,2,0
2473,679.263,74.0855,2,0
2474,772.022,175.574,2,0
2475,73.1708,116.029,2,0
2476,534.994,141.147,2,0
2477,883.576,19.0982,2,0
2478,893.754,68.2059,2,0
2479,535.255,148.968,2,0
2480,8.58581,89.8727,2,0
2481,519.721,198,2,0
2482,68.1141,30.0524,2,0
2483,225.14,160.255,2,0
2484,971.285,144.302,2,0
2485,653.367,20.8166,2,0
2486,224.239,168.81,2,0
2487,382.971,6.72217,2,0
2488,549.973,8.54449,2,0
2489,291.824,130.419,2,0
2490,626.425,145.701,2,0
2491,620.857,20.1338,2,0
2492,949.268,14.6294,2,0
2493,84.6822,85.2648,2,0
2494,855.874,22.0854,2,0
2495,787.618,18.0268,2,0
2496,851.003,111.657,2,0
2497,872.066,11.0648,2,0
2498,517.767,63.4975,2,0
2499,400.841,87.6081,2,0
2500,282.124,6.43579,2,0
2501,149.595,113.832,2,0
2502,42.4295,2,2,0
2503,380.253,78.3729,2,0
2504,408.963,155.114,2,0
2505,640.685,198,2,0
2506,798.538,195.648,2,0
2507,280.403,28.7703,2,0
2508,602.053,156.978,2,0
2509,946.412,17.601,2,0
2510,607.292,193.266,2,0
2511,253.16,171.366,2,0
2512,780.884,13.9288,2,0
2513,793.258,184.604,2,0
2514,640.498,55.1014,2,0
2515,100.691,127.113,2,0
2516,769.77,106.19,2,0
2517,658.275,185.159,2,0
2518,989.678,105.931,2,0
2519,344.312,192.858,2,0
2520,278.591,13.8567,2,0
2521,576.002,75.0434,2,0
2522,568.05,160.128,2,0
2523,413.525,191.102,2,0
2524,47.1969,60.8715,2,0
2525,484.609,198,2,0
2526,458.957,198,2,0
2527,50.1843,89.6209,2,0
2528,296.809,105.468,2,0
2529,686.703,177.14,2,0
2530,612.068,6.01719,2,0
2531,654.893,158.196,2,0
2532,980.61,14.9383,2,0
2533,636.519,19.0491,2,0
2534,632.501,77.9845,2,0
2535,434.638,190.906,2,0
2536,812.119,173.524,2,0
2537,409.691,183.744,2,0
2538,622.417,117.709,2,0
2539,462.851,20.6673,2,0
2540,856.75,136.635,2,0
2541,762.474,15.3817,2,0
2542,307.354,117.48,2,0
2543,939.358,167.174,2,0
2544,398.461,187.359,2,0
2545,694.568,172.731,2,0
2546,59.2358,141.551,2,0
2547,60.579,165.351,2,0
2548,699.657,26.0036,2,0
2549,211.09,182.077,2,0
2550,294.755,188.052,2,0
2551,981.94,40.977,2,0
2552,333.948,114.626,2,0
2553,990.948,101.992,2,0
2554,352.809,21.824,2,0
2555,149.543,73.6742,2,0
2556,215.725,151.069,2,0
2557,817.953,47.2623,2,0
2558,33.1289,7.13572,2,0
2559,873.533,183.544,2,0
2560,617.064,77.9778,2,0
2561,437.835,58.3858,2,0
2562,563.373,26.4218,2,0
2563,505.46,174.099,2,0
2564,533.458,41.4206,2,0
2565,739.703,87.8548,2,0
2566,779.982,40.1191,2,0
2567,501.284,15.5312,2,0
2568,165.481,148.854,2,0
2569,282.294,102.891,2,0
2570,439.003,29.7772,2,0
2571,911.839,119.308,2,0
2572,341.825,135.124,2,0
2573,73.5449,52.9819,2,0
2574,881.287,130.023,2,0
2575,34.1008,177.311,2,0
2576,749.712,78.3703,2,0
2577,89.0211,64.2952,2,0
2578,115.967,182.283,2,0
2579,249.938,122.925,2,0
2580,114.663,177.994,2,0
2581,331.161,32.4257,2,0
2582,872.874,89.2799,2,0
2583,674.822,170.181,2,0
2584,323.927,49.5055,2,0
2585,195.42,163.169,2,0
2586,627.226,132.376,2,0
2587,837.642,188.571,2,0
2588,844.899,21.4998,2,0
2589,315.662,169.629,2,0
2590,787.995,130.876,2,0
2591,306.826,156.746,2,0
2592,601.582,95.5451,2,0
2593,712.823,185.768,2,0
2594,667.78,179.475,2,0
2595,928.682,111.576,2,0
2596,226.574,22.0254,2,0
2597,106.631,147.488,2,0
2598,576.601,187.009,2,0
2599,335.171,138.915,2,0
2600,697.615,2.06599,2,0
2601,719.83,32.3481,2,0
2602,55.4754,49.1942,2,0
2603,880.73,126.012,2,0
2604,766.238,33.5845,2,0
2605,272.579,9.92334,2,0
2606,823.39,194.907,2,0
2607,479.381,92.7276,2,0
2608,43.6574,95.5054,2,0
2609,88.323,72.1406,2,0
2610,347.33,198,2,0
2611,885.961,69.5427,2,0
2612,22.4708,176.858,2,0
2613,727.09,100.77,2,0
2614,951.168,6.94271,2,0
2615,652.711,85.8236,2,0
2616,620.648,194.091,2,0
2617,854.408,2,2,0
2618,974.022,16.6644,2,0
2619,593.952,94.6443,2,0
2620,324.662,120.919,2,0
2621,203.341,103.698,2,0
2622,367.903,114.605,2,0
2623,386.896,81.836,2,0
2624,266.635,84.4291,2,0
2625,524.943,67.014,2,0
2626,107.955,181.007,2,0
2627,896.329,97.7101,2,0
2628,516.713,6.18251,2,0
2629,376.917,130.791,2,0
2630,914.356,6.84716,2,0
2631,4.31672,49.757,2,0
2632,950.436,122.457,2,0
2633,965.883,119.897,2,0
2634,511.916,37.2554,2,0
2635,896.528,54.3602,2,0
2636,203.195,147.621,2,0
2637,66.0809,59.9704,2,0
2638,104.717,41.6718,2,0
2639,97.788,178.516,2,0
2640,372.522,113.84,2,0
2641,865.56,94.9109,2,0
2642,839.905,56.1794,2,0
2643,32.9129,33.3336,2,0
2644,185.501,175.9,2,0
2645,195.951,137.249,2,0
2646,197.465,158.741,2,0
2647,788.43,99.5397,2,0
2648,157.65,76.8545,2,0
2649,421.008,134.636,2,0
2650,862.841,154.679,2,0
2651,447.067,31.8833,2,0
2652,709.442,150.788,2,0
2653,856.275,76.5735,2,0
2654,787.635,95.5289,2,0
2655,326.39,132.494,2,0
2656,174.921,83.3865,2,0
2657,398.871,94.9689,2,0
2658,645.942,5.97549,2,0
2659,212.523,65.0056,2,0
2660,89.9218,15.5255,2,0
2661,492.638,28.5721,2,0
2662,737.966,136.721,2,0
2663,368.654,70.8022,2,0
2664,706.679,102.464,2,0
2665,438.979,67.4872,2,0
2666,886.381,34.3726,2,0
2667,218.35,144.025,2,0
2668,180.999,11.606,2,0
2669,311.737,42.1593,2,0
2670,435.873,144.348,2,0
2671,281.344,109.167,2,0
2672,866.005,103.409,2,0
2673,71.3257,21.0658,2,0
2674,558.547,137.096,2,0
2675,978.662,74.8492,2,0
2676,950.979,196.317,2,0
2677,127.14,120.755,2,0
2678,164.021,71.6863,2,0
2679,473.462,58.4519,2,0
2680,37.6224,112.886,2,0
2681,956.24,103.479,2,0
2682,856.9,183.245,2,0
2683,995.234,45.7886,2,0
2684,947.094,175.127,2,0
2685,926.062,196.364,2,0
2686,381.786,25.6857,2,0
2687,41.6472,192.823,2,0
2688,886.127,178.945,2,0
2689,524.923,177.393,2,0
2690,391.861,15.4351,2,0
2691,538.943,70.4252,2,0
2692,500.915,111.076,2,0
2693,443.25,139.553,2,0
2694,160.36,127.61,2,0
2695,789.573,30.5582,2,0
2696,853.184,169.287,2,0
2697,665.389,175.873,2,0
2698,29.7299,172.013,2,0
2699,308.555,128.035,2,0
2700,698.499,36.812,2,0
2701,242.864,161.383,2,0
2702,856.722,6.45242,2,0
2703,349.561,15.1515,2,0
2704,293.353,74.4034,2,0
2705,19.8018,82.6935,2,0
2706,30.1841,187.868,2,0
2707,615.822,28.38,2,0
2708,351.613,11.0704,2,0
2709,331.865,132.583,2,0
2710,637.653,94.5397,2,0
2711,768.472,42.4806,2,0
2712,724.231,29.0657,2,0
2713,538.677,151.174,2,0
2714,183.953,21.1633,2,0
2715,374.999,127.205,2,0
2716,861.734,61.5021,2,0
2717,535.434,120.967,2,0
2718,976.864,173.181,2,0
2719,73.5077,95.1375,2,0
2720,484.861,124.642,2,0
2721,621.098,79.0093,2,0
2722,972.732,134.737,2,0
2723,311.904,56.1427,2,0
2724,188.683,46.2849,2,0
2725,796.468,158.971,2,0
2726,870.411,118.234,2,0
2727,383,14.7806,2,0
2728,88.4022,155.068,2,0
2729,110.628,14.6592,2,0
2730,623.362,138.344,2,0
2731,678.796,104.468,2,0
2732,966.547,151.987,2,0
2733,189.087,182.158,2,0
2734,737.889,109.332,2,0
2735,316.371,127.494,2,0
2736,226.277,7.6609,2,0
2737,783.392,94.4602,2,0
2738,960.217,91.6791,2,0
2739,410.256,35.0035,2,0
2740,518.908,103.106,2,0
2741,499.631,59.8734,2,0
2742,464.374,134.169,2,0
2743,196.16,21.1922,2,0
2744,220.572,151.77,2,0
2745,795.137,55.9812,2,0
2746,152.155,16.6889,2,0
2747,153.548,69.4777,2,0
2748,398.242,40.8915,2,0
2749,544.175,191.461,2,0
2750,424.248,113.626,2,0
2751,599.691,1.66589,2,0
2752,992.505,64.9146,2,0
2753,389.883,111.307,2,0
2754,265.577,12.0874,2,0
2755,679.948,62.0427,2,0
2756,72.3817,103.837,2,0
2757,929.235,38.998,2,0
2758,577.005,18.2467,2,0
2759,893.434,18.4574,2,0
2760,759.756,169.523,2,0
2761,987.073,178.257,2,0
2762,463.69,16.6096,2,0
2763,382.161,190.519,2,0
2764,329.253,184.774,2,0
2765,601.691,170.081,2,0
2766,871.981,47.1908,2,0
2767,804.356,75.58,2,0
2768,320.621,103.443,2,0
2769,591.491,135.469,2,0
2770,813.134,120.888,2,0
2771,927.769,84.7226,2,0
2772,376.415,107.392,2,0
2773,333.772,21.7325,2,0
2774,368.894,198.722,2,0
2775,643.865,111.861,2,0
2776,986.504,108.569,2,0
2777,471.377,130.238,2,0
2778,242.951,31.3064,2,0
2779,415.364,14.7926,2,0
2780,737.82,33.9348,2,0
2781,78.2257,193.135,2,0
2782,210.252,186.167,2,0
2783,921.289,86.3866,2,0
2784,302.885,117.565,2,0
2785,571.602,101.637,2,0
2786,894.022,128.151,2,0
2787,523.766,13.3745,2,0
2788,335.108,157.204,2,0
2789,383.016,182.219,2,0
2790,80.2971,159.538,2,0
2791,438.974,51.0144,2,0
2792,500.831,92.3961,2,0
2793,507.332,16.7499,2,0
2794,469.975,180.826,2,0
2795,851.549,4.856,2,0
2796,912.925,106.317,2,0
2797,313.296,172.906,2,0
2798,907.385,69.1775,2,0
2799,487.015,53.1909,2,0
2800,900.251,102.239,2,0
2801,805.805,134.435,2,0
2802,311.428,97.9291,2,0
2803,11.9653,20.0278,2,0
2804,36.7215,76.4162,2,0
2805,787.1,156.858,2,0
2806,524.253,183.457,2,0
2807,29.1019,71.6655,2,0
2808,767.661,70.2477,2,0
2809,602.393,84.6714,2,0
2810,363.253,102.502,2,0
2811,469.705,198,2,0
2812,449.699,119.419,2,0
2813,795.171,89.172,2,0
2814,572.191,162.298,2,0
2815,679.241,37.3563,2,0
2816,378.243,89.3425,2,0
2817,827.531,101.336,2,0
2818,964.754,124.848,2,0
2819,595.409,136.363,2,0
2820,267.55,142.592,2,0
2821,743.442,158.449,2,0
2822,228.815,162.042,2,0
2823,942.217,13.9273,2,0
2824,80.2991,196.561,2,0
2825,357.275,76.3972,2,0
2826,445.72,135.541,2,0
2827,380.634,137.61,2,0
2828,223.891,29.592,2,0
2829,204.853,21.7901,2,0
2830,795.123,43.2066,2,0
2831,147.801,87.3271,2,0
2832,609.557,166.355,2,0
2833,630.329,189.501,2,0
2834,694.298,59.8592,2,0
2835,868.456,74.283,2,0
2836,704.215,174.476,2,0
2837,60.6407,169.504,2,0
2838,384.337,186.479,2,0
2839,91.2099,164.506,2,0
2840,762.777,57.9234,2,0
2841,291.127,198,2,0
2842,76.6975,157.654,2,0
2843,409.648,147.13,2,0
2844,649.787,158.195,2,0
2845,33.9526,87.0048,2,0
2846,289.049,121.652,2,0
2847,833.681,19.2061,2,0
2848,522.447,101.177,2,0
2849,327.597,139.469,2,0
2850,460.233,182.59,2,0
2851,75.0978,126.776,2,0
2852,865.912,145.018,2,0
2853,555.387,37.7503,2,0
2854,302.843,180.15,2,0
2855,375.801,171.942,2,0
2856,838.962,48.5766,2,0
2857,896.995,124.707,2,0
2858,351.052,142.752,2,0
2859,817.705,2,2,0
2860,511.151,150.257,2,0
2861,935.549,152.998,2,0
2862,150.397,198,2,0
2863,839.486,17.5959,2,0
2864,923.646,72.8003,2,0
2865,88.2486,143.835,2,0
2866,822.25,112.603,2,0
2867,591.31,185.227,2,0
2868,535.192,47.7033,2,0
2869,653.928,143.126,2,0
2870,594.754,148.529,2,0
2871,858.46,156.311,2,0
2872,321.521,177.943,2,0
2873,376.53,189.709,2,0
2874,788.008,75.9881,2,0
2875,315.607,20.8638,2,0
2876,763.403,134.468,2,0
2877,709.028,189.374,2,0
2878,25.0369,33.8585,2,0
2879,782.478,6.0743,2,0
2880,587.563,170.541,2,0
2881,87.8488,104.001,2,0
2882,443.436,172.586,2,0
2883,849.091,8.13696,2,0
2884,417.355,47.7621,2,0
2885,405.825,6.05198,2,0
2886,695.315,34.2349,2,0
2887,109.977,43.3548,2,0
2888,332.598,162.922,2,0
2889,796.415,7.74071,2,0
2890,557.622,132.033,2,0
2891,143.992,14.857,2,0
2892,510.691,173.625,2,0
2893,636.363,99.6441,2,0
2894,213.434,114.109,2,0
2895,914.23,2.6574,2,0
2896,710.844,32.5155,2,0
2897,443,132.165,2,0
2898,376.739,145.883,2,0
2899,415.691,77.4757,2,0
2900,450.888,49.7304,2,0
2901,117.622,162.163,2,0
2902,709.802,66.9269,2,0
2903,943.511,147.784,2,0
2904,683.545,4.87703,2,0
2905,718.175,18.9044,2,0
2906,279.852,197.742,2,0
2907,662.443,134.902,2,0
2908,509.045,112.632,2,0
2909,215.763,49.1537,2,0
2910,54.9548,66.2394,2,0
2911,350.94,110.053,2,0
2912,731.564,163.204,2,0
2913,172.968,107.152,2,0
2914,429.479,49.3453,2,0
2915,734.094,129.054,2,0
2916,246.896,91.431,2,0
2917,905.926,107.798,2,0
2918,107.907,18.9076,2,0
2919,755.753,123.548,2,0
2920,614.72,68.4891,2,0
2921,280.289,163.587,2,0
2922,44.6993,23.7307,2,0
2923,723.732,78.467,2,0
2924,157.552,112.915,2,0
2925,564.716,22.5722,2,0
2926,336.66,49.4333,2,0
2927,130.865,90.1785,2,0
2928,146.417,146.966,2,0
2929,81.953,54.3198,2,0
2930,491.29,119.768,2,0
2931,260.593,31.1154,2,0
2932,646.106,93.7863,2,0
2933,768.635,59.3664,2,0
2934,225.404,120.48,2,0
2935,389.686,7.71925,2,0
2936,506.107,179.173,2,0
2937,153.485,112.896,2,0
2938,642.044,3.23786,2,0
2939,767.902,127.789,2,0
2940,177.602,148.919,2,0
2941,649.192,43.4615,2,0
2942,722.94,70.6152,2,0
2943,473.818,79.3095,2,0
2944,732.609,49.3515,2,0
2945,438.298,33.7438,2,0
2946,559.907,38.4397,2,0
2947,559.431,25.429,2,0
2948,801.568,157.693,2,0
2949,522.332,158.718,2,0
2950,560.19,88.4463,2,0
2951,956.319,170.962,2,0
2952,823.847,57.0896,2,0
2953,882.701,138.072,2,0
2954,4.92354,27.7584,2,0
2955,405.222,45.6876,2,0
2956,311.91,52.116,2,0
2957,29.9064,61.6739,2,0
2958,775.064,148.811,2,0
2959,869.523,184.681,2,0
2960,901.322,89.2729,2,0
2961,940.9,171.049,2,0
2962,343.798,82.642,2,0
2963,12.2485,152.732,2,0
2964,912.867,29.0815,2,0
2965,387.977,123.868,2,0
2966,510.915,185.772,2,0
2967,640.171,83.6599,2,0
2968,50.6563,188.432,2,0
2969,941.64,144.135,2,0
2970,660.132,119.624,2,0
2971,507.74,60.0572,2,0
2972,946.322,115.213,2,0
2973,314.036,94.7832,2,0
2974,291.803,181.256,2,0
2975,81.2084,147.781,2,0
2976,628.855,33.18,2,0
2977,284.466,95.1049,2,0
2978,80.9939,81.4323,2,0
2979,82.0834,133.875,2,0
2980,529.606,82.4894,2,0
2981,366.987,151.637,2,0
2982,623.622,42.7655,2,0
2983,802.349,17.1344,2,0
2984,883.309,95.5248,2,0
2985,356.891,54.8408,2,0
2986,542.945,26.348,2,0
2987,54.5157,2,2,0
2988,586.336,58.6558,2,0
2989,363.999,154.489,2,0
2990,135.23,147.085,2,0
2991,794.219,155.53,2,0
2992,160.826,50.0811,2,0
2993,685.046,112.541,2,0
2994,342.93,139.728,2,0
2995,549.891,29.8756,2,0
2996,421.808,66.264,2,0
2997,495.727,133.109,2,0
2998,377.615,161.386,2,0
2999,514.061,181.459,2,0
3000,9.51998,49.3032,2,0
3001,804.676,50.486,2,0
3002,493.981,66.6496,2,0
3003,896.33,103.159,2,0
3004,538.446,89.7455,2,0
3005,738.224,127.285,2,0
3006,500.116,162.976,2,0
3007,521.336,17.5585,2,0
3008,528.315,90.8971,2,0
3009,192.552,41.3359,2,0
3010,773.361,92.5249,2,0
3011,694.004,55.6662,2,0
3012,736.261,51.0656,2,0
3013,111.166,175.681,2,0
3014,449.294,54.3668,2,0
3015,194.321,170.761,2,0
3016,217.002,72.6975,2,0
3017,854.438,100.591,2,0
3018,927.039,107.852,2,0
3019,376.357,141.851,2,0
3020,747.8,105.911,2,0
3021,641.342,62.5233,2,0
3022,985.418,182.762,2,0
3023,418.993,123.48,2,0
3024,771.717,13.5451,2,0
3025,958.022,37.1932,2,0
3026,371.135,166.563,2,0
3027,633.129,16.9103,2,0
3028,284.127,80.3355,2,0
3029,182.202,87.6463,2,0
3030,907.614,80.5288,2,0
3031,917.875,113.306,2,0
3032,988.364,86.7022,2,0
3033,19.8076,173.783,2,0
3034,705.651,70.9215,2,0
3035,8.36309,14.8848,2,0
3036,625.151,103.963,2,0
3037,712.296,112.474,2,0
3038,782.31,57.3085,2,0
3039,915.551,128.621,2,0
3040,115.602,104.265,2,0
3041,569.184,42.0712,2,0
3042,141.258,168.761,2,0
3043,447.629,60.3594,2,0
3044,302.917,163.411,2,0
3045,666.683,102.189,2,0
3046,884.339,134.207,2,0
3047,243.982,105.957,2,0
3048,54.1998,45.2539,2,0
3049,611.255,88.9049,2,0
3050,922.027,114.37,2,0
3051,317.18,31.7569,2,0
3052,493.604,54.0198,2,0
3053,65.7303,102.168,2,0
3054,392.027,25.3525,2,0
3055,254.053,182.478,2,0
3056,564.494,88.4313,2,0
3057,333.88,103.243,2,0
3058,996.298,157.014,2,0
3059,637.978,160.777,2,0
3060,99.9379,131.137,2,0
3061,62.7879,115.371,2,0
3062,498.375,166.598,2,0
3063,228.942,193.4,2,0
3064,12.1716,180.628,2,0
3065,498.485,25.9293,2,0
3066,813.067,151.613,2,0
3067,50.5133,2,2,0
3068,382.706,81.5758,2,0
3069,687.227,132.461,2,0
3070,59.2471,153.352,2,0
3071,902.104,77.8182,2,0
3072,254.27,25.9664,2,0
3073,190.307,98.144,2,0
3074,663.831,85.7878,2,0
3075,642.299,80.1732,2,0
3076,171.036,120.215,2,0
3077,239.594,78.5916,2,0
3078,136.472,65.9832,2,0
3079,737.758,24.996,2,0
3080,878.061,178.274,2,0
3081,914.766,122.084,2,0
3082,37.2025,132.005,2,0
3083,611.971,36.7859,2,0
3084,585.004,30.9376,2,0
3085,838.099,66.7204,2,0
3086,827.448,40.2151,2,0
3087,13.5345,4.42734,2,0
3088,994.501,122.679,2,0
3089,202.368,35.0092,2,0
3090,855.127,36.2128,2,0
3091,234.301,24.6809,2,0
3092,16.173,163.827,2,0
3093,175.605,104.139,2,0
3094,791.288,41.8255,2,0
3095,543.581,120.857,2,0
3096,823.403,180.308,2,0
3097,429.79,58.4548,2,0
3098,747.155,195.319,2,0
3099,609.152,62.1172,2,0
3100,117.173,25.0752,2,0
3101,181.853,116.793,2,0
3102,585.077,107.743,2,0
3103,933.808,174.627,2,0
3104,542.199,147.659,2,0
3105,545.104,56.9627,2,0
3106,32.7379,106.522,2,0
3107,163.473,109.012,2,0
3108,459.655,62.3161,2,0
3109,139.286,52.1493,2,0
3110,930.052,115.478,2,0
3111,818.675,143.333,2,0
3112,518.055,193.442,2,0
3113,637.642,27.2706,2,0
3114,150.561,143.078,2,0
3115,356.942,133.44,2,0
3116,147.375,43.4978,2,0
3117,321.694,59.9704,2,0
3118,655.496,100.99,2,0
3119,252.691,195.032,2,0
3120,545.104,128.298,2,0
3121,838.103,29.1605,2,0
3122,287.833,47.6386,2,0
3123,525.719,62.9275,2,0
3124,333.927,124.18,2,0
3125,89.9362,197.185,2,0
3126,592.979,27.8488,2,0
3127,291.891,48.496,2,0
3128,698.233,41.1023,2,0
3129,29.8087,87.0794,2,0
3130,119.703,88.9649,2,0
3131,453.494,9.38164,2,0
3132,992.935,118.796,2,0
3133,929.674,34.9478,2,0
3134,249.113,167.291,2,0
3135,318.334,193.397,2,0
3136,396.948,98.5929,2,0
3137,156.504,19.5686,2,0
3138,329.47,195.457,2,0
3139,501.197,65.6588,2,0
3140,993.285,72.2853,2,0
3141,587.497,178.325,2,0
3142,150.838,106.348,2,0
3143,965.492,3.82845,2,0
3144,724.438,9.70763,2,0
3145,993.747,76.2637,2,0
3146,289.644,9.43324,2,0
3147,725.928,196.443,2,0
3148,731.054,22.8826,2,0
3149,486.55,141.232,2,0
3150,452.482,99.8372,2,0
3151,709.134,21.1357,2,0
3152,274.189,170.402,2,0
3153,680.895,143.276,2,0
3154,870.186,123.816,2,0
3155,564.951,34.3029,2,0
3156,222.14,105.807,2,0
3157,611.233,197.839,2,0
3158,418.209,165.082,2,0
3159,170.094,110.198,2,0
3160,127.086,150.036,2,0
3161,65.1992,73.4937,2,0
3162,578.795,86.7473,2,0
3163,389.595,64.3835,2,0
3164,351.409,25.7393,2,0
3165,519.528,142.292,2,0
3166,540.346,128.041,2,0
3167,608.238,77.663,2,0
3168,863.997,24.0717,2,0
3169,645.339,143.665,2,0
3170,891.281,63.3335,2,0
3171,737.918,141.459,2,0
3172,409.987,138.568,2,0
3173,428.043,36.4726,2,0
3174,397.879,174.548,2,0
3175,415.863,108.909,2,0
3176,735.329,54.9905,2,0
3177,818.023,14.7953,2,0
3178,622.303,7.81879,2,0
3179,51.1141,64.6607,2,0
3180,954.5,174.583,2,0
3181,411.012,15.5376,2,0
3182,705.088,36.8004,2,0
3183,19.1701,152.645,2,0
3184,478.744,51.2757,2,0
3185,957.518,0.017969,2,0
3186,510.691,4.59154,2,0
3187,245.888,85.7616,2,0
3188,643.187,40.9893,2,0
3189,835.681,166.547,2,0
3190,127.839,116.407,2,0
3191,272.107,143.907,2,0
3192,284.492,74.4003,2,0
3193,940.015,178.887,2,0
3194,234.04,59.5318,2,0
3195,597.605,122.072,2,0
3196,162.471,122.867,2,0
3197,742.449,69.5459,2,0
3198,286.022,33.0553,2,0
3199,798.272,155.124,2,0
3200,333.304,83.7422,2,0
3201,210.879,51.036,2,0
3202,943.428,167.826,2,0
3203,374.971,167.952,2,0
3204,918.687,121.293,2,0
3205,742.06,162.262,2,0
3206,929.336,47.182,2,0
3207,819.981,43.533,2,0
3208,644.696,17.4194,2,0
3209,233.677,55.109,2,0
3210,933.697,130.604,2,0
3211,268.373,9.19813,2,0
3212,436.682,160.06,2,0
3213,945.949,12.3343,2,0
3214,148.811,138.711,2,0
3215,521.526,69.3734,2,0
3216,672.288,30.367,2,0
3217,887.757,106.94,2,0
3218,713.414,71.6119,2,0
3219,187.715,17.2411,2,0
3220,582.237,44.6566,2,0
3221,929.167,154.037,2,0
3222,439.461,169.857,2,0
3223,992.753,127.164,2,0
3224,611.14,48.8457,2,0
3225,321.44,8.32411,2,0
3226,896.65,24.4038,2,0
3227,528.529,51.6107,2,0
3228,469.585,147.294,2,0
3229,894.285,141.741,2,0
3230,401.754,6.03324,2,0
3231,853.266,8.60477,2,0
3232,234.764,108.738,2,0
3233,44.5917,106.54,2,0
3234,276.477,179.762,2,0
3235,344.56,131.182,2,0
3236,966.35,88.9991,2,0
3237,41.4672,143.556,2,0
3238,885.421,129.928,2,0
3239,964.36,84.7232,2,0
3240,286.288,51.3844,2,0
3241,260.387,66.4719,2,0
3242,962.201,156.001,2,0
3243,47.2316,193.264,2,0
3244,705.365,98.5601,2,0
3245,857.283,152.481,2,0
3246,766.514,62.9513,2,0
3247,745.716,32.8191,2,0
3248,538.547,60.6874,2,0
3249,845.005,127.117,2,0
3250,235.45,78.4151,2,0
3251,866.343,169.102,2,0
3252,796.461,123.214,2,0
3253,474.361,21.8846,2,0
3254,535.299,32.1576,2,0
3255,374.981,43.623,2,0
3256,146.791,106.207,2,0
3257,392.129,102.111,2,0
3258,869.294,171.824,2,0
3259,848.92,22.2042,2,0
3260,520.371,97.6212,2,0
3261,513.87,131.414,2,0
3262,509.749,70.7604,2,0
3263,350.172,163.975,2,0
3264,970.766,109.831,2,0
3265,692.267,141.352,2,0
3266,836.371,45.4648,2,0
3267,665.218,64.5652,2,0
3268,735.871,157.313,2,0
3269,837.37,135.992,2,0
3270,47.0143,41.5405,2,0
3271,644.854,176.379,2,0
3272,72.2774,150.083,2,0
3273,75.3534,176.21,2,0
3274,141.722,26.4747,2,0
3275,355.533,88.5409,2,0
3276,538.691,49.8029,2,0
3277,577.046,37.6305,2,0
3278,242.125,48.8498,2,0
3279,229.982,59.5785,2,0
3280,482.249,31.5205,2,0
3281,824.978,127.902,2,0
3282,567.36,25.7043,2,0
3283,206.938,1.71104,2,0
3284,787.341,47.4713,2,0
3285,831.376,187.704,2,0
3286,665.225,91.4125,2,0
3287,840.206,151.415,2,0
3288,821.559,189.149,2,0
3289,459.46,107.844,2,0
3290,643.727,13.3286,2,0
3291,286.222,91.3261,2,0
3292,497.596,49.1917,2,0
3293,614.848,149.542,2,0
3294,780.14,132.387,2,0
3295,405.596,141.142,2,0
3296,730.826,119.367,2,0
3297,951.83,114.315,2,0
3298,415.182,36.8227,2,0
3299,666.522,47.8407,2,0
3300,292.868,52.5241,2,0
3301,268.779,18.7161,2,0
3302,931.381,82.8176,2,0
3303,483.681,116.317,2,0
3304,954.53,42.288,2,0
3305,728.486,182.844,2,0
3306,288.655,18.4902,2,0
3307,49.3388,168.542,2,0
3308,959.947,135.538,2,0
3309,567.185,121.131,2,0
3310,37.2616,51.1788,2,0
3311,807.949,118.34,2,0
3312,310.626,149.294,2,0
3313,443.032,6.29642,2,0
3314,119.77,62.2233,2,0
3315,432.42,137.608,2,0
3316,851.797,146.922,2,0
3317,340.664,107.227,2,0
3318,860.221,45.2124,2,0
3319,852.974,186.612,2,0
3320,951.326,188.869,2,0
3321,638.407,58.6113,2,0
3322,740.677,112.308,2,0
3323,776.874,2,2,0
3324,268.503,147.21,2,0
3325,817.284,86.6133,2,0
3326,278.588,72.8685,2,0
3327,682.166,100.457,2,0
3328,70.4333,154.445,2,0
3329,752.386,49.4052,2,0
3330,490.042,94.2939,2,0
3331,587.482,162.308,2,0
3332,553.796,75.0034,2,0
3333,860.645,5.5888,2,0
3334,310.188,2.15931,2,0
3335,346.024,135.138,2,0
3336,784.808,14.7598,2,0
3337,983.286,117.935,2,0
3338,717.929,101.714,2,0
3339,97.6697,63.6795,2,0
3340,755.292,80.1902,2,0
3341,157.857,150.244,2,0
3342,209.373,33.4905,2,0
3343,163.563,95.9082,2,0
3344,295.571,37.4546,2,0
3345,125.764,160.912,2,0
3346,299.571,90.8895,2,0
3347,744.231,154.488,2,0
3348,134.709,126.883,2,0
3349,266.031,58.3337,2,0
3350,565.091,42.1146,2,0
3351,382.188,165.686,2,0
3352,208.937,152.569,2,0
3353,893.291,109.334,2,0
3354,82.0887,37.3701,2,0
3355,390.252,3.60771,2,0
3356,706.005,165.567,2,0
3357,398.087,84.6287,2,0
3358,661.894,110.687,2,0
3359,406.208,2,2,0
3360,125.987,125.017,2,0
3361,534.232,116.919,2,0
3362,43.1261,147.25,2,0
3363,812.305,30.6899,2,0
3364,456.498,100.738,2,0
3365,101.573,7.86065,2,0
3366,144.228,114.531,2,0
3367,299.918,198,2,0
3368,143.411,90.8047,2,0
3369,640.251,98.6401,2,0
3370,939.651,89.8541,2,0
3371,620.109,33.7996,2,0
3372,346.996,169.693,2,0
3373,55.6691,126.099,2,0
3374,714.313,91.8178,2,0
3375,911.844,139.842,2,0
3376,376.495,6.91169,2,0
3377,275.185,6.43105,2,0
3378,433.269,149.496,2,0
3379,131.688,49.2096,2,0
3380,21.9452,166.731,2,0
3381,262.159,4.31575,2,0
3382,407.053,114.766,2,0
3383,426.974,148.318,2,0
3384,61.1152,56.0958,2,0
3385,169.16,132.486,2,0
3386,740.183,51.9356,2,0
3387,407.007,176.601,2,0
3388,847.515,45.0214,2,0
3389,767.297,123.782,2,0
3390,135.438,61.0284,2,0
3391,520.308,150.501,2,0
3392,555.493,26.1893,2,0
3393,213.098,109.03,2,0
3394,363.267,81.7159,2,0
3395,697.381,149.128,2,0
3396,315.016,9.74925,2,0
3397,273.404,19.7078,2,0
3398,145.893,52.3673,2,0
3399,10.4482,93.4129,2,0
3400,976.083,137.056,2,0
3401,553.043,42.9387,2,0
3402,336.155,36.9966,2,0
3403,876.687,157.547,2,0
3404,659.344,173.651,2,0
3405,951.845,177.987,2,0
3406,388.052,87.4501,2,0
3407,33.3913,170.24,2,0
3408,328,118.611,2,0
3409,211.766,25.5508,2,0
3410,787.253,198,2,0
3411,165.202,119.843,2,0
3412,773.52,42.6549,2,0
3413,461.334,32.9402,2,0
3414,219.661,91.0796,2,0
3415,986.243,157.605,2,0
3416,296.294,93.2784,2,0
3417,710.414,52.2171,2,0
3418,292.984,122.703,2,0
3419,154.216,180.429,2,0
3420,335.37,32.9969,2,0
3421,698.26,174.636,2,0
3422,959.758,129.874,2,0
3423,984.51,162.796,2,0
3424,890.866,86.0575,2,0
3425,699.274,107.387,2,0
3426,718.593,77.954,2,0
3427,862.879,80.7884,2,0
3428,53.3031,6.03655,2,0
3429,771.178,39.24,2,0
3430,742.026,125.923,2,0
3431,881.768,71.6222,2,0
3432,727.912,53.8661,2,0
3433,994.752,160.954,2,0
3434,769.845,142.53,2,0
3435,0.0590899,104.719,2,0
3436,432.616,194.519,2,0
3437,368.516,134.019,2,0
3438,710.07,45.3746,2,0
3439,214.19,162.742,2,0
3440,438.443,138.872,2,0
3441,996.668,64.9346,2,0
3442,263.336,34.1218,2,0
3443,895.636,46.2564,2,0
3444,293.46,126.698,2,0
3445,26.5367,169.449,2,0
3446,36.1632,23.4366,2,0
3447,677.263,181.286,2,0
3448,410.253,25.2691,2,0
3449,484.432,82.9556,2,0
3450,154.394,2.58512,2,0
3451,755.716,21.9695,2,0
3452,336.2,110.94,2,0
3453,364.085,148.855,2,0
3454,544.151,101.537,2,0
3455,149.726,120.468,2,0
3456,948.688,94.5507,2,0
3457,524.172,149.376,2,0
3458,852.755,122.835,2,0
3459,384.209,142.039,2,0
3460,215.574,140.528,2,0
3461,22.5392,79.5189,2,0
3462,670.854,89.7975,2,0
3463,561.705,155.472,2,0
3464,572.008,23.7974,2,0
3465,890.542,167.213,2,0
3466,642.001,161.727,2,0
3467,459.384,166.365,2,0
3468,849.911,150.661,2,0
3469,281.678,123.651,2,0
3470,867.63,19.2508,2,0
3471,429.759,191.199,2,0
3472,390.163,190.84,2,0
3473,284.574,18.293,2,0
3474,588.215,25.6468,2,0
3475,224.996,192.505,2,0
3476,297.057,146.32,2,0
3477,798.615,30.4354,2,0
3478,940.589,129.642,2,0
3479,186.537,157.328,2,0
3480,861.813,99.2602,2,0
3481,334.314,77.677,2,0
3482,67.7366,192.969,2,0
3483,722.006,20.285,2,0
3484,661.334,77.8366,2,0
3485,957.639,7.55736,2,0
3486,82.667,140.252,2,0
3487,772.002,57.0695,2,0
3488,514.042,177.042,2,0
3489,88.5524,95.9717,2,0
3490,577.366,67.663,2,0
3491,77.4986,68.1132,2,0
3492,583.258,161.852,2,0
3493,272.479,69.5918,2,0
3494,556.108,108.775,2,0
3495,844.608,101.034,2,0
3496,365.106,67.9119,2,0
3497,980.003,180.508,2,0
3498,41.6865,84.0949,2,0
3499,100.787,123.011,2,0
3500,417.957,55.458,2,0
3501,378.737,59.7978,2,0
3502,947.008,66.9818,2,0
3503,422.678,103.252,2,0
3504,222.996,11.2503,2,0
3505,418.081,118.442,2,0
3506,671.086,52.9753,2,0
3507,805.115,110.639,2,0
3508,359.851,79.5753,2,0
3509,235.743,172.934,2,0
3510,315.202,108.248,2,0
3511,945.34,142.381,2,0
3512,5.17896,23.0385,2,0
3513,258.264,37.6125,2,0
3514,632.497,170.757,2,0
3515,230.847,107.371,2,0
3516,765.735,94.3863,2,0
3517,262.518,127.66,2,0
3518,966.78,108.645,2,0
3519,676.68,166.624,2,0
3520,111.532,164.314,2,0
3521,329.354,125.131,2,0
3522,687.72,93.4567,2,0
3523,500.209,1.12607,2,0
3524,628.488,78.5176,2,0
3525,89.6669,6.24029,2,0
3526,402.746,96.2807,2,0
3527,819.968,136.012,2,0
3528,282.173,70.9302,2,0
3529,338.598,114.179,2,0
3530,729.672,65.4482,2,0
3531,723.508,84.9344,2,0
3532,713.908,129.414,2,0
3533,343.366,25.2329,2,0
3534,510.57,31.448,2,0
3535,730.882,146.51,2,0
3536,334.173,184.236,2,0
3537,978.605,142.251,2,0
3538,648.563,82.3247,2,0
3539,937.717,77.9378,2,0
3540,64.6967,170.013,2,0
3541,979.683,87.2798,2,0
3542,45.7907,83.8005,2,0
3543,5.87274,101.389,2,0
3544,328.228,104.27,2,0
3545,290.126,55.5275,2,0
3546,360.502,58.8861,2,0
3547,383.203,150.57,2,0
3548,297.22,12.0118,2,0
3549,739.706,46.4186,2,0
3550,784.151,188.129,2,0
3551,821,108.409,2,0
3552,141.38,97.3816,2,0
3553,804.55,37.5181,2,0
3554,670.966,165.892,2,0
3555,987.02,133.109,2,0
3556,255.247,82.8648,2,0
3557,577.306,155.109,2,0
3558,589.89,95.2192,2,0
3559,563.843,99.951,2,0
3560,634.864,174.202,2,0
3561,128.464,83.265,2,0
3562,893.72,32.1853,2,0
3563,754.173,196.077,2,0
3564,347.67,10.393,2,0
3565,186.192,108.019,2,0
3566,50.6616,47.3426,2,0
3567,531.859,35.6913,2,0
3568,153.087,186.504,2,0
3569,860.692,33.374,2,0
3570,379.413,169.532,2,0
3571,713.303,97.0378,2,0
3572,573.879,15.6756,2,0
3573,840.431,129.805,2,0
3574,621.679,46.6364,2,0
3575,525.947,119.519,2,0
3576,765.814,98.748,2,0
3577,119.457,142.464,2,0
3578,956.563,189.217,2,0
3579,860.947,150.455,2,0
3580,530.644,86.4211,2,0
3581,14.2638,189.426,2,0
3582,329.024,165.116,2,0
3583,696.42,178.596,2,0
3584,531.553,119.997,2,0
3585,516.167,14.836,2,0
3586,297.046,122.923,2,0
3587,165.71,179.162,2,0
3588,55.2002,148.588,2,0
3589,215.007,180.788,2,0
3590,344.271,149.226,2,0
3591,564.733,49.113,2,0
3592,793.44,73.868,2,0
3593,399.817,139.709,2,0
3594,476.284,7.45983,2,0
3595,361.922,85.6277,2,0
3596,24.4127,136.834,2,0
3597,24.4014,69.5603,2,0
3598,123.25,19.6031,2,0
3599,19.4351,184.13,2,0
3600,842.945,12.5926,2,0
3601,200.528,21.9327,2,0
3602,158.9,46.4437,2,0
3603,873.289,29.0935,2,0
3604,953.308,48.7846,2,0
3605,7.79243,193.462,2,0
3606,555.138,14.6912,2,0
3607,842.579,96.7733,2,0
3608,672.594,137.556,2,0
3609,488.201,84.3664,2,0
3610,866.496,36.0218,2,0
3611,665.492,168.925,2,0
3612,430.368,155.542,2,0
3613,243.467,56.3931,2,0
3614,279.938,181.875,2,0
3615,219.92,76.7753,2,0
3616,739.346,150.492,2,0
3617,789.315,26.5339,2,0
3618,70.6541,83.7278,2,0
3619,538.986,33.9687,2,0
3620,136.178,16.3202,2,0
3621,314.305,147.482,2,0
3622,297.123,150.409,2,0
3623,990.761,24.9232,2,0
3624,762.911,127.278,2,0
3625,774.072,78.1423,2,0
3626,604.496,39.0351,2,0
3627,904.682,38.6328,2,0
3628,413.839,118.003,2,0
3629,637.951,7.30166,2,0
3630,594.419,79.4236,2,0
3631,951.23,10.9748,2,0
3632,755.585,192.186,2,0
3633,473.098,86.6861,2,0
3634,246.086,113.429,2,0
3635,999.997,110.482,2,0
3636,609.712,96.347,2,0
3637,693.037,131.477,2,0
3638,195.985,185.495,2,0
3639,62.7402,62.1999,2,0
3640,989.028,120.27,2,0
3641,192.347,154.171,2,0
3642,766.955,21.3789,2,0
3643,595.479,34.6888,2,0
3644,793.518,180.591,2,0
3645,67.2947,21.7346,2,0
3646,734.917,165.463,2,0
3647,363.317,54.698,2,0
3648,546.234,108.196,2,0
3649,725.271,17.8034,2,0
3650,387.793,56.3284,2,0
3651,605.441,15.7061,2,0
3652,566.965,106.975,2,0
3653,792.901,24.7578,2,0
3654,923.868,63.847,2,0
3655,359.152,150.005,2,0
3656,780.644,167.839,2,0
3657,56.2011,138.741,2,0
3658,343.3,17.8034,2,0
3659,93.7132,73.2956,2,0
3660,148.195,27.6464,2,0
3661,34.3135,2,2,0
3662,214.032,105.054,2,0
3663,815.397,195.346,2,0
3664,827.298,159.076,2,0
3665,886.662,22.9558,2,0
3666,720.334,129.27,2,0
3667,211.901,149.84,2,0
3668,727.631,139.381,2,0
3669,316.98,134.49,2,0
3670,898.554,107.252,2,0
3671,474.5,26.2053,2,0
3672,127.851,185.45,2,0
3673,665.57,81.9754,2,0
3674,209.718,71.7674,2,0
3675,407.7,42.3243,2,0
3676,485.961,109.445,2,0
3677,241.772,139.241,2,0
3678,997.94,74.3801,2,0
3679,532.154,103.43,2,0
3680,227.251,197.095,2,0
3681,882.774,24.1011,2,0
3682,548.555,104.923,2,0
3683,23.3647,189.917,2,0
3684,447.193,184.478,2,0
3685,244.943,150.071,2,0
3686,247.18,72.3752,2,0
3687,51.2123,68.724,2,0
3688,712.563,153.519,2,0
3689,290.1,22.2926,2,0
3690,650.291,10.4743,2,0
3691,494.743,97.2136,2,0
3692,87.1123,76.1513,2,0
3693,765.356,50.2679,2,0
3694,761.453,141.968,2,0
3695,266.968,158.301,2,0
3696,880.263,16.7961,2,0
3697,35.8499,92.9089,2,0
3698,706.993,14.8823,2,0
3699,990.757,140.704,2,0
3700,467.169,140.445,2,0
3701,259.408,131.515,2,0
3702,150.78,59.0197,2,0
3703,406.418,132.501,2,0
3704,741.003,6.33235,2,0
3705,137.641,2,2,0
3706,897.787,78.5517,2,0
3707,58.5808,113.507,2,0
3708,590.4,79.4209,2,0
3709,262.243,104.52,2,0
3710,352.849,106.478,2,0
3711,410.272,89.9446,2,0
3712,497.689,53.6514,2,0
3713,116.64,85.3675,2,0
3714,933.353,187.8,2,0
3715,347.98,80.6269,2,0
3716,940.779,134.626,2,0
3717,309.634,33.4236,2,0
3718,634.138,119.012,2,0
3719,629.204,138.336,2,0
3720,604.754,19.8335,2,0
3721,708.086,143.971,2,0
3722,145.279,126.506,2,0
3723,920.153,93.7155,2,0
3724,192.821,58.4759,2,0
3725,946.934,25.4662,2,0
3726,58.3106,63.8251,2,0
3727,833.457,83.7397,2,0
3728,76.8128,198.667,2,0
3729,951.834,159.833,2,0
3730,582.882,99.5527,2,0
3731,279.792,32.7498,2,0
3732,275.241,46.8447,2,0
3733,777.993,35.9602,2,0
3734,737.853,94.4662,2,0
3735,600.864,14.5129,2,0
3736,367.649,176.78,2,0
3737,985.38,146.37,2,0
3738,101.888,86.7758,2,0
3739,207.481,27.9176,2,0
3740,57.3562,145.112,2,0
3741,398.067,2,2,0
3742,568.109,90.4967,2,0
3743,984.145,112.16,2,0
3744,958.668,41.8813,2,0
3745,60.6675,127.839,2,0
3746,961.433,162.528,2,0
3747,30.4709,24.7871,2,0
3748,980.488,133.913,2,0
3749,519.715,8.9266,2,0
3750,189.44,60.8912,2,0
3751,597.183,92.0781,2,0
3752,61.8352,25.2574,2,0
3753,858.894,87.3348,2,0
3754,183.564,78.1835,2,0
3755,881.179,82.1065,2,0
3756,188.501,147.564,2,0
3757,468.649,28.4376,2,0
3758,800.93,147.47,2,0
3759,478.446,21.7628,2,0
3760,357.299,162.615,2,0
3761,733.993,58.773,2,0
3762,978.496,190.192,2,0
3763,739.246,165.744,2,0
3764,584.363,180.829,2,0
3765,694.944,51.6828,2,0
3766,122.75,13.3031,2,0
3767,924.946,180.77,2,0
3768,796.727,147.313,2,0
3769,903.857,139.666,2,0
3770,487.99,131.582,2,0
3771,483.999,7.69575,2,0
3772,944.129,162.773,2,0
3773,500.467,7.37866,2,0
3774,980.136,137.904,2,0
3775,881.667,109.841,2,0
3776,676.504,151.644,2,0
3777,46.5496,110.091,2,0
3778,772.726,2,2,0
3779,189.823,55.7169,2,0
3780,177.581,119.799,2,0
3781,308.098,47.0323,2,0
3782,212.336,47.0775,2,0
3783,589.709,2,2,0
3784,160.134,93.5758,2,0
3785,740.623,16.3568,2,0
3786,433.545,56.418,2,0
3787,118.29,170.687,2,0
3788,859.943,23.0715,2,0
3789,175.29,20.5863,2,0
3790,970.371,195.928,2,0
3791,456.006,188.078,2,0
3792,23.8377,128.064,2,0
3793,830.107,151.723,2,0
3794,970.755,172.642,2,0
3795,882.845,172.936,2,0
3796,66.3615,137.67,2,0
3797,615.617,135.891,2,0
3798,614.09,0.592366,2,0
3799,779.097,198,2,0
3800,563.501,165.653,2,0
3801,490.787,78.3923,2,0
3802,527.954,33.8828,2,0
3803,918.339,42.1341,2,0
3804,827.341,105.468,2,0
3805,788.957,72.0719,2,0
3806,874.498,118.618,2,0
3807,918.336,37.9754,2,0
3808,111.109,194.776,2,0
3809,861.104,169.274,2,0
3810,513.265,87.5465,2,0
3811,968.503,12.9873,2,0
3812,215.066,19.6659,2,0
3813,254.203,111.918,2,0
3814,78.6023,87.3572,2,0
3815,66.0409,55.9514,2,0
3816,50.3735,108.53,2,0
3817,488.832,158.665,2,0
3818,433.973,153.515,2,0
3819,880.403,75.8909,2,0
3820,915.647,146.029,2,0
3821,469.824,79.0679,2,0
3822,517.393,106.927,2,0
3823,380.198,153.243,2,0
3824,770.066,49.7637,2,0
3825,481.03,111.648,2,0
3826,153.641,75.5808,2,0
3827,32.0809,91.1599,2,0
3828,583.309,87.364,2,0
3829,518.586,160.151,2,0
3830,775.216,184.549,2,0
3831,368.131,159.25,2,0
3832,879.287,26.095,2,0
3833,347.154,161.038,2,0
3834,462.289,195.757,2,0
3835,357.029,44.6485,2,0
3836,821.841,48.4292,2,0
3837,940.871,75.1847,2,0
3838,281.655,139.746,2,0
3839,691.738,93.2141,2,0
3840,260.066,185.589,2,0
3841,989.578,167.362,2,0
3842,243.593,78.7485,2,0
3843,847.635,70.3172,2,0
3844,294.041,20.959,2,0
3845,869.57,33.301,2,0
3846,483.271,35.8575,2,0
3847,147.793,191.613,2,0
3848,201.36,160.706,2,0
3849,341.008,188.6,2,0
3850,691.261,103.081,2,0
3851,456.745,57.3892,2,0
3852,786.766,174.417,2,0
3853,663.035,164.453,2,0
3854,827.446,84.3368,2,0
3855,693.705,96.7159,2,0
3856,919.741,97.8243,2,0
3857,771.263,122.68,2,0
3858,314.853,100.106,2,0
3859,579.709,104.41,2,0
3860,912.589,135.81,2,0
3861,217.275,31.8367,2,0
3862,763.705,165.115,2,0
3863,532.949,27.6644,2,0
3864,915.967,169.317,2,0
3865,741.262,138.995,2,0
3866,249.944,160.634,2,0
3867,841.881,59.9662,2,0
3868,121.864,92.4311,2,0
3869,371.704,109.903,2,0
3870,617.101,129.488,2,0
3871,335.314,3.74942,2,0
3872,386.233,3.9677,2,0
3873,974.37,196.996,2,0
3874,755.44,52.0497,2,0
3875,925.27,96.7746,2,0
3876,441.3,81.353,2,0
3877,655.885,2,2,0
3878,276.076,187.038,2,0
3879,538.791,173.596,2,0
3880,548.405,100.78,2,0
3881,887.182,172.702,2,0
3882,971.708,100.488,2,0
3883,504.287,98.705,2,0
3884,554.589,58.9541,2,0
3885,898.512,58.9715,2,0
3886,667.404,9.10163,2,0
3887,312.71,196.05,2,0
3888,199.602,139.23,2,0
3889,730.052,197.943,2,0
3890,102.762,23.2797,2,0
3891,308.779,179.442,2,0
3892,381.035,21.1705,2,0
3893,839.254,42.4501,2,0
3894,501.706,49.5123,2,0
3895,766.907,146.324,2,0
3896,691.135,158.64,2,0
3897,446.795,75.3193,2,0
3898,474.536,106.79,2,0
3899,74.248,29.0775,2,0
3900,158.842,143.145,2,0
3901,102.582,15.0909,2,0
3902,826.654,92.9712,2,0
3903,845.095,109.545,2,0
3904,959.202,45.899,2,0
3905,850.79,89.1547,2,0
3906,96.4848,123.994,2,0
3907,828.591,116.641,2,0
3908,98.9342,187.527,2,0
3909,744.15,198,2,0
3910,838.47,117.274,2,0
3911,256.178,29.601,2,0
3912,13.5895,104.143,2,0
3913,775.062,46.5746,2,0
3914,862.353,114.28,2,0
3915,504.233,113.604,2,0
3916,663.695,69.7922,2,0
3917,722.514,173.005,2,0
3918,957.26,49.4026,2,0
3919,844.047,81.521,2,0
3920,416.361,178.697,2,0
3921,1.0146,188.894,2,0
3922,492.166,166.937,2,0
3923,552.613,126.569,2,0
3924,758.021,173.144,2,0
3925,124.922,113.357,2,0
3926,942.744,2,2,0
3927,643.744,120.927,2,0
3928,904.322,53.5766,2,0
3929,203.11,133.839,2,0
3930,151.267,153.162,2,0
3931,646.532,117.875,2,0
3932,353.186,0.415367,2,0
3933,905.396,196.72,2,0
3934,335.64,42.8798,2,0
3935,495.188,11.6387,2,0
3936,718.112,61.5771,2,0
3937,629.026,16.6234,2,0
3938,909.47,198,2,0
3939,8.21115,136.278,2,0
3940,447.568,112.372,2,0
3941,132.173,141.614,2,0
3942,450.481,115.393,2,0
3943,174.061,151.095,2,0
3944,925.706,127.94,2,0
3945,485.082,24.2582,2,0
3946,930.338,182.401,2,0
3947,900.651,23.5983,2,0
3948,324.948,136.291,2,0
3949,264.241,91.2939,2,0
3950,330.01,159.092,2,0
3951,931.543,69.2505,2,0
3952,980.848,121.249,2,0
3953,759.728,149.531,2,0
3954,874.438,136.807,2,0
3955,252.822,14.6288,2,0
3956,789.507,180.881,2,0
3957,87.8017,19.15,2,0
3958,15.685,155.096,2,0
3959,552.599,17.9802,2,0
3960,107.552,123.632,2,0
3961,392.497,160.044,2,0
3962,584.833,51.1304,2,0
3963,366.991,97.2902,2,0
3964,219.32,60.6893,2,0
3965,180.104,134.748,2,0
3966,317.099,51.5456,2,0
3967,965.186,176.844,2,0
3968,123.147,121.194,2,0
3969,347.418,25.1021,2,0
3970,73.593,165.079,2,0
3971,188.559,41.7992,2,0
3972,51.593,96.3928,2,0
3973,808.622,36.6946,2,0
3974,519.752,13.0039,2,0
3975,765.141,130.763,2,0
3976,455.63,183.995,2,0
3977,156.062,15.5108,2,0
3978,861.233,19.1814,2,0
3979,529.4,168.955,2,0
3980,618.011,183.318,2,0
3981,110.569,146.203,2,0
3982,762.645,153.962,2,0
3983,222.828,164.966,2,0
3984,422.13,148.937,2,0
3985,947.345,4.33007,2,0
3986,875.052,170.491,2,0
3987,860.909,175.242,2,0
3988,194.682,3.83161,2,0
3989,990.231,20.785,2,0
3990,969.098,187.058,2,0
3991,836.482,5.16774,2,0
3992,158.751,12.4712,2,0
3993,444.739,145.036,2,0
3994,139.211,153.876,2,0
3995,530.182,43.9599,2,0
3996,631.331,143.55,2,0
3997,867.681,150.456,2,0
3998,404.857,25.3305,2,0
3999,304.503,144.025,2,0
4000,161.529,105.338,2,0
4001,512.283,44.616,2,0
4002,488.134,122.24,2,0
4003,469.119,115.224,2,0
4004,763.882,193.168,2,0
4005,181.884,83.634,2,0
4006,352.498,174.456,2,0
4007,967.031,139.984,2,0
4008,629.492,74.3265,2,0
4009,993.206,144.031,2,0
4010,925.96,88.4386,2,0
4011,806.036,20.5591,2,0
4012,969.734,176.964,2,0
4013,549.194,196.28,2,0
4014,686.384,2,2,0
4015,541.575,92.4055,2,0
4016,948.334,193.252,2,0
4017,458.906,12.1225,2,0
4018,310.953,164.597,2,0
4019,901.415,31.9189,2,0
4020,583.978,40.6487,2,0
4021,9.57393,27.8114,2,0
4022,987.517,38.7725,2,0
4023,247.935,107.114,2,0
4024,18.1565,132.667,2,0
4025,811.387,196.318,2,0
4026,609.782,14.8889,2,0
4027,396.17,125.896,2,0
4028,261.144,108.432,2,0
4029,862.039,28.0691,2,0
4030,745.097,25.7585,2,0
4031,143.541,103.754,2,0
4032,366.213,16.7196,2,0
4033,269.51,138.799,2,0
4034,277.582,140.092,2,0
4035,736.605,90.5228,2,0
4036,295.151,142.716,2,0
4037,525.375,169.427,2,0
4038,642.597,86.8848,2,0
4039,539.71,190.432,2,0
4040,800.409,97.962,2,0
4041,37.404,27.9488,2,0
4042,878.177,122.186,2,0
4043,859.919,130.537,2,0
4044,884.905,182.802,2,0
4045,288.389,59.2175,2,0
4046,603.538,131.704,2,0
4047,785.71,85.1606,2,0
4048,325.119,56.1166,2,0
4049,761.484,187.287,2,0
4050,409.358,7.95454,2,0
4051,821.331,86.7521,2,0
4052,36.2382,56.6406,2,0
4053,571.029,27.8813,2,0
4054,121.687,168.526,2,0
4055,90.1976,168.426,2,0
4056,301.728,167.266,2,0
4057,660.278,197.816,2,0
4058,872.673,64.1874,2,0
4059,111.407,83.506,2,0
4060,426.181,100.628,2,0
4061,849.831,16.9307,2,0
4062,443.38,16.231,2,0
4063,783.662,18.7366,2,0
4064,110.935,107.604,2,0
4065,18.5234,78.5302,2,0
4066,937.297,190.544,2,0
4067,967.647,27.5817,2,0
4068,411.809,78.5059,2,0
4069,466.263,94.5347,2,0
4070,959.1,119.16,2,0
4071,589.455,127.893,2,0
4072,379.607,127.775,2,0
4073,691.273,12.2324,2,0
4074,135.541,24.5868,2,0
4075,351.297,48.9598,2,0
4076,337.656,20.3765,2,0
4077,852.385,133.393,2,0
4078,672.922,160.532,2,0
4079,348.553,52.4029,2,0
4080,94.4796,191.897,2,0
4081,556.34,128.211,2,0
4082,785.265,179.92,2,0
4083,143.081,181.621,2,0
4084,986.293,56.1294,2,0
4085,830.146,10.1773,2,0
4086,307.001,147.402,2,0
4087,707.893,112.082,2,0
4088,831.115,120.551,2,0
4089,646.935,135.663,2,0
4090,191.158,159.243,2,0
4091,998.145,163.315,2,0
4092,179.264,75.9432,2,0
4093,121.114,111.084,2,0
4094,922.368,37.1985,2,0
4095,22.1547,2,2,0
4096,952.753,81.2588,2,0
4097,812.666,102.79,2,0
4098,709.954,38.8041,2,0
4099,901.956,7.22109,2,0
4100,308.369,152.811,2,0
4101,455.299,158.105,2,0
4102,371.099,102.72,2,0
4103,178.467,81.4158,2,0
4104,344.687,125.678,2,0
4105,15.9597,16.3332,2,0
4106,688.899,26.9988,2,0
4107,319.177,197.372,2,0
4108,153.618,132.007,2,0
4109,908.236,145.383,2,0
4110,279.26,136.385,2,0
4111,773.902,6.6115,2,0
4112,725.551,57.4899,2,0
4113,244.386,27.3723,2,0
4114,5.38301,93.9702,2,0
4115,493.075,8.23205,2,0
4116,214.376,75.8965,2,0
4117,167.658,69.9865,2,0
4118,810.961,164.025,2,0
4119,876.944,141.467,2,0
4120,804.705,138.874,2,0
4121,190.773,142.086,2,0
4122,455.257,143.686,2,0
4123,554.781,49.2254,2,0
4124,824.339,98.6403,2,0
4125,399.868,77.3171,2,0
4126,816.526,31.057,2,0
4127,103.243,176.85,2,0
4128,214.7,166.862,2,0
4129,733.353,152.804,2,0
4130,124.766,153.403,2,0
4131,153.674,119.453,2,0
4132,569.359,129.043,2,0
4133,255.655,157.399,2,0
4134,58.1036,73.2272,2,0
4135,806.291,5.15693,2,0
4136,428.19,32.3192,2,0
4137,766.631,17.0675,2,0
4138,695.716,19.2713,2,0
4139,842.386,64.1715,2,0
4140,800.614,182.776,2,0
4141,617.546,71.5237,2,0
4142,697.421,117.79,2,0
4143,204.653,70.3147,2,0
4144,713.768,122.355,2,0
4145,455.718,74.1631,2,0
4146,321.439,161.639,2,0
4147,20.3081,68.2098,2,0
4148,125.564,71.8648,2,0
4149,157.015,96.4524,2,0
4150,800.403,6.58487,2,0
4151,965.583,129.461,2,0
4152,611.329,74.8273,2,0
4153,849.74,194.996,2,0
4154,264.511,62.1998,2,0
4155,190.395,88.1307,2,0
4156,883.192,193.749,2,0
4157,111.337,47.3938,2,0
4158,737.284,193.947,2,0
4159,228.063,66.1062,2,0
4160,763.828,138.525,2,0
4161,112.482,60.8553,2,0
4162,295.102,110.047,2,0
4163,175.002,50.9305,2,0
4164,941.914,118.241,2,0
4165,871.598,56.5207,2,0
4166,186.471,89.4225,2,0
4167,716.869,47.1206,2,0
4168,414.267,2,2,0
4169,824.124,89.6485,2,0
4170,335.948,55.8213,2,0
4171,939.094,11.2106,2,0
4172,741.416,134.68,2,0
4173,350.216,157.199,2,0
4174,600.467,113.306,2,0
4175,689.53,187.192,2,0
4176,689.221,152.571,2,0
4177,201.816,185.593,2,0
4178,276.345,195.499,2,0
4179,348.332,194.021,2,0
4180,557.512,119.758,2,0
4181,380.236,49.5858,2,0
4182,944.139,28.5341,2,0
4183,859.918,41.1417,2,0
4184,259.072,154.519,2,0
4185,96.7194,67.9509,2,0
4186,766.425,2.8872,2,0
4187,880.648,36.7046,2,0
4188,940.992,49.9458,2,0
4189,790.947,153.054,2,0
4190,758.678,13.9813,2,0
4191,608.318,0.979564,2,0
4192,319.448,107.406,2,0
4193,489.308,175.611,2,0
4194,73.9467,36.9396,2,0
4195,943.064,68.2434,2,0
4196,841.948,68.1619,2,0
4197,165.94,155.09,2,0
4198,694.753,44.6325,2,0
4199,104.058,185.119,2,0
4200,522.638,94.3037,2,0
4201,131.579,37.2659,2,0
4202,555.562,116.188,2,0
4203,208.047,110.176,2,0
4204,431.358,38.9543,2,0
4205,78.0944,16.8115,2,0
4206,322.247,153.879,2,0
4207,123.988,128.514,2,0
4208,751.635,84.6954,2,0
4209,109.177,58.3169,2,0
4210,28.5712,39.2727,2,0
4211,284.353,115.35,2,0
4212,271.135,6.16089,2,0
4213,35.4207,80.3831,2,0
4214,808.77,122.296,2,0
4215,544.315,76.4469,2,0
4216,521.411,21.8625,2,0
4217,709.36,72.4642,2,0
4218,829.082,43.9776,2,0
4219,537.169,113.127,2,0
4220,429.489,107.558,2,0
4221,449.131,35.506,2,0
4222,893.704,57.7056,2,0
4223,259.549,48.3826,2,0
4224,826.95,62.7139,2,0
4225,63.9587,190.644,2,0
4226,746.728,51.3681,2,0
4227,719.437,84.8814,2,0
4228,438.748,91.6616,2,0
4229,379.701,187.151,2,0
4230,567.501,198.021,2,0
4231,678.184,5.05265,2,0
4232,569.008,31.4315,2,0
4233,369.335,6.29665,2,0
4234,254.076,52.5173,2,0
4235,287.935,64.3538,2,0
4236,973.824,65.5026,2,0
4237,98.9988,174.524,2,0
4238,922.271,42.9601,2,0
4239,523.287,25.5626,2,0
4240,660.076,2,2,0
4241,182.845,131.771,2,0
4242,453.895,121.291,2,0
4243,712.89,108.332,2,0
4244,643.397,58.8881,2,0
4245,820.612,31.2024,2,0
4246,687.929,80.6038,2,0
4247,784.508,170.922,2,0
4248,33.7713,118.766,2,0
4249,472.303,150.676,2,0
4250,685.306,188.036,2,0
4251,437.379,5.48253,2,0
4252,724.892,42.0291,2,0
4253,781.922,128.48,2,0
4254,639.549,102.618,2,0
4255,229.026,31.8396,2,0
4256,903.034,123.575,2,0
4257,575.426,138.876,2,0
4258,104.474,141.554,2,0
4259,352.971,76.3573,2,0
4260,680.408,19.2008,2,0
4261,793.89,174.074,2,0
4262,229.644,69.9319,2,0
4263,192.281,20.0133,2,0
4264,126.776,42.9253,2,0
4265,363.323,73.8476,2,0
4266,779.021,122.641,2,0
4267,852.701,192.085,2,0
4268,135.557,166.242,2,0
4269,834.41,116.273,2,0
4270,599.535,58.331,2,0
4271,333.766,29.2904,2,0
4272,877.623,72.9734,2,0
4273,711.484,119.014,2,0
4274,958.488,109.246,2,0
4275,805.686,42.2111,2,0
4276,320.677,127.331,2,0
4277,55.9439,76.6586,2,0
4278,594.588,46.9219,2,0
4279,81.1047,69.872,2,0
4280,578.596,78.0986,2,0
4281,546.131,166.07,2,0
4282,507.181,2.54508,2,0
4283,503.874,164.753,2,0
4284,648.857,198,2,0
4285,763.916,6.23186,2,0
4286,246.71,144.868,2,0
4287,872.812,70.6389,2,0
4288,139.472,190.367,2,0
4289,979.567,91.3535,2,0
4290,181.244,43.1919,2,0
4291,237.073,67.095,2,0
4292,422.706,121.951,2,0
4293,458.48,52.7726,2,0
4294,412.674,159.786,2,0
4295,185.215,44.0267,2,0
4296,330.946,136.561,2,0
4297,580.995,19.3683,2,0
4298,538.81,198,2,0
4299,910.042,13.5038,2,0
4300,792.607,35.3236,2,0
4301,619.847,153.961,2,0
4302,88.5455,172.083,2,0
4303,273.533,139.73,2,0
4304,975.35,144.765,2,0
4305,733.203,172.313,2,0
4306,433.659,178.09,2,0
4307,850.139,49.6474,2,0
4308,487.692,5.786,2,0
4309,181.929,167.266,2,0
4310,878.41,60.1016,2,0
4311,305.415,113.859,2,0
4312,151.39,78.913,2,0
4313,2.42173,37.2544,2,0
4314,921.316,182.666,2,0
4315,974.051,168.652,2,0
4316,207.011,166.823,2,0
4317,653.901,64.2172,2,0
4318,92.8518,65.8658,2,0
4319,636.73,23.1419,2,0
4320,558.105,34.7793,2,0
4321,18.0292,87.6425,2,0
4322,21.8548,86.1425,2,0
4323,651.6,121.66,2,0
4324,698.644,31.8912,2,0
4325,704.059,151.041,2,0
4326,900.464,18.9293,2,0
4327,725.628,65.397,2,0
4328,285.344,154.394,2,0
4329,479.058,106.054,2,0
4330,276.135,143.851,2,0
4331,406.218,125.58,2,0
4332,524.203,198,2,0
4333,778.623,49.55,2,0
4334,858.351,63.9171,2,0
4335,82.9627,110.068,2,0
4336,105.882,95.4674,2,0
4337,115.527,89.2131,2,0
4338,458.603,25.0863,2,0
4339,677.6,46.151,2,0
4340,630.437,117.273,2,0
4341,958.313,65.4227,2,0
4342,22.3712,198.589,2,0
4343,425.631,64.6613,2,0
4344,494.84,78.7795,2,0
4345,629.039,105.224,2,0
4346,744.543,172.908,2,0
4347,514.411,188.809,2,0
4348,657.098,54.3137,2,0
4349,765.414,142.57,2,0
4350,45.1877,37.8579,2,0
4351,800.865,169.907,2,0
4352,76.3688,172.016,2,0
4353,160.408,194.113,2,0
4354,296.324,196.216,2,0
4355,217.935,161.096,2,0
4356,542.159,12.3914,2,0
4357,313.108,76.6117,2,0
4358,404.774,171.58,2,0
4359,148.94,9.9916,2,0
4360,328.116,174.683,2,0
4361,848.023,156.339,2,0
4362,5.41685,41.2804,2,0
4363,165.15,133.026,2,0
4364,885.558,114.956,2,0
4365,378.066,23.9474,2,0
4366,776.665,81.6783,2,0
4367,831.895,98.2074,2,0
4368,686.831,33.4534,2,0
4369,189.408,176.966,2,0
4370,285.126,137.459,2,0
4371,763.373,175.141,2,0
4372,916.819,195.586,2,0
4373,49.8111,84.6922,2,0
4374,943.963,177.678,2,0
4375,44.4191,169.8,2,0
4376,497.366,4.71969,2,0
4377,58.3489,23.0506,2,0
4378,88.2492,40.7797,2,0
4379,923.06,124.411,2,0
4380,78.6049,30.4479,2,0
4381,229.577,99.2384,2,0
4382,497.411,90.1129,2,0
4383,556.714,18.7399,2,0
4384,772.156,145.833,2,0
4385,269.128,46.7591,2,0
4386,399.205,105.641,2,0
4387,460.994,8.62931,2,0
4388,208.861,170.491,2,0
4389,681.11,84.0528,2,0
4390,374.409,17.2806,2,0
4391,253.139,44.5802,2,0
4392,196.496,101.695,2,0
4393,312.757,36.1462,2,0
4394,670.014,186.432,2,0
4395,807.787,95.9266,2,0
4396,187.023,143.657,2,0
4397,168.287,21.3916,2,0
4398,359.426,173.307,2,0
4399,839.947,185.294,2,0
4400,74.6459,191.308,2,0
4401,853.12,94.9792,2,0
4402,733.529,93.3405,2,0
4403,624.492,52.5004,2,0
4404,237.791,132.172,2,0
4405,15.8322,172.903,2,0
4406,300.106,176.261,2,0
4407,82.4126,172.554,2,0
4408,501.793,75.3925,2,0
4409,347.085,139.095,2,0
4410,981.112,145.619,2,0
4411,515.524,35.2906,2,0
4412,172.59,144.515,2,0
4413,312.154,23.9812,2,0
4414,200.134,129.23,2,0
4415,831.121,103.174,2,0
4416,87.7627,183.252,2,0
4417,160.322,98.7039,2,0
4418,144.648,7.71445,2,0
4419,418.624,34.6717,2,0
4420,251.84,91.9462,2,0
4421,513.53,153.677,2,0
4422,282.611,132.544,2,0
4423,160.583,74.0812,2,0
4424,961.436,13.8036,2,0
4425,919.765,136.845,2,0
4426,439.741,174.148,2,0
4427,893.263,100.387,2,0
4428,769.96,4.92832,2,0
4429,16.7369,57.9931,2,0
4430,206.953,156.046,2,0
4431,599.95,145.137,2,0
4432,34.9216,109.92,2,0
4433,793.563,31.1354,2,0
4434,522.008,194.612,2,0
4435,974.023,80.1275,2,0
4436,516.879,52.7175,2,0
4437,675.214,49.9711,2,0
4438,22.3088,181.304,2,0
4439,425.7,72.162,2,0
4440,469.665,56.7451,2,0
4441,403.391,157.365,2,0
4442,166.66,25.215,2,0
4443,400.186,109.635,2,0
4444,415.637,134.982,2,0
4445,61.7886,71.213,2,0
4446,488.767,22.5037,2,0
4447,723.665,48.7545,2,0
4448,723.072,133.021,2,0
4449,407.588,66.9016,2,0
4450,74.9171,161.304,2,0
4451,12.8342,45.2791,2,0
4452,636.886,115.746,2,0
4453,181.67,154.135,2,0
4454,655.578,115.979,2,0
4455,360.144,158.077,2,0
4456,219.718,50.5238,2,0
4457,449.804,134.949,2,0
4458,303.587,41.8359,2,0
4459,692.745,194.089,2,0
4460,228.687,103.911,2,0
4461,720.627,116.093,2,0
4462,877.726,78.9705,2,0
4463,933.897,2.15455,2,0
4464,55.349,30.4466,2,0
4465,560.843,92.4489,2,0
4466,221.796,133.255,2,0
4467,157.826,183.202,2,0
4468,749.612,124.775,2,0
4469,396.769,10.0083,2,0
4470,393.573,46.5986,2,0
4471,519.382,49.3955,2,0
4472,947.896,59.106,2,0
4473,974.156,129.086,2,0
4474,712.312,2,2,0
4475,539.819,136.885,2,0
4476,773.581,85.5339,2,0
4477,119.353,174.749,2,0
4478,826.654,177.839,2,0
4479,487.31,118.25,2,0
4480,279.742,40.6533,2,0
4481,128.597,58.6159,2,0
4482,441.415,94.8092,2,0
4483,16.7772,70.1142,2,0
4484,386.599,152.857,2,0
4485,243.742,41.4167,2,0
4486,544.19,80.4659,2,0
4487,60.0306,186.807,2,0
4488,364.532,134.97,2,0
4489,702.708,10.8022,2,0
4490,598.771,107.772,2,0
4491,638.946,138.965,2,0
4492,338.243,176.559,2,0
4493,261.168,95.0528,2,0
4494,222.097,118.066,2,0
4495,983.994,166.867,2,0
4496,358.651,40.8724,2,0
4497,931.39,147.513,2,0
4498,495.367,126.384,2,0
4499,656.255,198,2,0
4500,756.959,42.1157,2,0
4501,196.046,174.494,2,0
4502,425.018,169.596,2,0
4503,864.939,135.919,2,0
4504,496.906,117.696,2,0
4505,462.475,110.556,2,0
4506,116.192,51.9982,2,0
4507,769.951,115.429,2,0
4508,400.801,9.96317,2,0
4509,706.004,192.161,2,0
4510,721.838,112.226,2,0
4511,182.909,55.5776,2,0
4512,0.4443,114.535,2,0
4513,688.317,109.521,2,0
4514,570.836,133.264,2,0
4515,621.6,198,2,0
4516,985.266,150.507,2,0
4517,55.9349,19.5884,2,0
4518,114.559,15.9649,2,0
4519,581.001,178.303,2,0
4520,656.395,8.62047,2,0
4521,834.007,2,2,0
4522,832.568,79.7424,2,0
4523,385.542,176.99,2,0
4524,475.802,161.182,2,0
4525,723.417,102.52,2,0
4526,683.47,179.591,2,0
4527,311.475,17.9784,2,0
4528,661.358,187.886,2,0
4529,929.341,129.966,2,0
4530,224.989,130.593,2,0
4531,434.102,127.245,2,0
4532,462.313,114.656,2,0
4533,652.714,7.0443,2,0
4534,828.358,112.632,2,0
4535,180.436,99.938,2,0
4536,791.711,16.8465,2,0
4537,833.009,56.2008,2,0
4538,715.478,82.2699,2,0
4539,275.356,115.773,2,0
4540,869.87,153.896,2,0
4541,796.537,80.3535,2,0
4542,503.958,160.736,2,0
4543,854.266,173.333,2,0
4544,296.976,63.4234,2,0
4545,191.904,16.0236,2,0
4546,495.169,71.8663,2,0
4547,205.418,172.694,2,0
4548,417.446,131.196,2,0
4549,336.051,188.705,2,0
4550,158.621,8.38911,2,0
4551,184.617,126.449,2,0
4552,770.813,45.8147,2,0
4553,232.018,190.627,2,0
4554,63.9962,78.8114,2,0
4555,129.933,156.193,2,0
4556,715.18,156.927,2,0
4557,621.877,169.401,2,0
4558,283.846,10.8152,2,0
4559,41.9473,122.703,2,0
4560,270.015,29.6232,2,0
4561,385.846,163.165,2,0
4562,85.5084,187.042,2,0
4563,781.76,83.85,2,0
4564,228.81,123.209,2,0
4565,891.795,163.285,2,0
4566,65.8224,65.3218,2,0
4567,538.503,133.029,2,0
4568,486.191,2,2,0
4569,719.187,192.133,2,0
4570,717.714,125.372,2,0
4571,607.695,11.4742,2,0
4572,472.951,9.9918,2,0
4573,185.708,153.262,2,0
4574,509.794,21.5126,2,0
4575,931.949,171.025,2,0
4576,546.894,5.43787,2,0
4577,484.373,182.835,2,0
4578,175.748,191.415,2,0
4579,881.362,11.3097,2,0
4580,652.191,103.411,2,0
4581,252.48,135.334,2,0
4582,628.844,44.3582,2,0
4583,353.699,14.6893,2,0
4584,485.518,87.3628,2,0
4585,374.298,100.236,2,0
4586,51.4993,9.63684,2,0
4587,393.675,6.76727,2,0
4588,760.138,194.699,2,0
4589,902.604,13.0093,2,0
4590,239.803,135.666,2,0
4591,140.107,139.4,2,0
4592,286.112,6.91735,2,0
4593,814.567,64.1568,2,0
4594,560.582,21.5078,2,0
4595,179.461,184.71,2,0
4596,997.124,138.739,2,0
4597,493.207,157.38,2,0
4598,346.454,165.661,2,0
4599,504.645,145.123,2,0
4600,214.288,144.32,2,0
4601,969.42,31.3361,2,0
4602,738.881,131.245,2,0
4603,186.384,53.5021,2,0
4604,392.587,40.5362,2,0
4605,846.168,120.032,2,0
4606,798.539,187.901,2,0
4607,64.306,28.7126,2,0
4608,553.159,174.75,2,0
4609,271.757,85.4254,2,0
4610,720.942,142.199,2,0
4611,250.258,103.694,2,0
4612,861.851,144.914,2,0
4613,12.8056,75.0813,2,0
4614,311.659,140.633,2,0
4615,108.456,104.222,2,0
4616,293.059,99.0644,2,0
4617,48.264,34.6664,2,0
4618,191.106,106.784,2,0
4619,340.16,142.769,2,0
4620,770.67,17.5631,2,0
4621,391.458,60.6941,2,0
4622,680.432,8.51347,2,0
4623,430.769,130.638,2,0
4624,433.921,122.931,2,0
4625,292.352,113.401,2,0
4626,646.266,46.939,2,0
4627,48.8335,76.3961,2,0
4628,971.813,52.8342,2,0
4629,925.174,154.908,2,0
4630,618.966,55.1166,2,0
4631,50.0892,26.689,2,0
4632,472.958,5.08709,2,0
4633,552.891,11.3096,2,0
4634,863.902,131.47,2,0
4635,981.337,62.3414,2,0
4636,675.187,36.9738,2,0
4637,182.036,107.791,2,0
4638,701.923,6.48876,2,0
4639,750.405,7.26462,2,0
4640,616.999,21.3232,2,0
4641,488.209,43.23,2,0
4642,159.941,16.5435,2,0
4643,851.259,83.686,2,0
4644,780.737,46.0862,2,0
4645,433.937,133.298,2,0
4646,338.441,185.431,2,0
4647,618.402,116.58,2,0
4648,294.426,82.0596,2,0
4649,878.756,167.332,2,0
4650,864.735,72.6474,2,0
4651,587.633,136.721,2,0
4652,441.34,36.4041,2,0
4653,908.436,17.3913,2,0
4654,476.974,85.4811,2,0
4655,824.415,51.6672,2,0
4656,941.116,124.952,2,0
4657,481.151,140.8,2,0
4658,162.326,146.372,2,0
4659,889.566,115.663,2,0
4660,816.245,137.621,2,0
4661,642.676,44.9753,2,0
4662,819.251,196.979,2,0
4663,786.533,6.59019,2,0
4664,124.534,183.051,2,0
4665,976.843,121.086,2,0
4666,101.83,71.8374,2,0
4667,4.71991,65.5093,2,0
4668,75.3548,32.9754,2,0
4669,550.246,97.0093,2,0
4670,424.956,5.82111,2,0
4671,607.963,36.8109,2,0
4672,633.441,195.891,2,0
4673,25.4602,49.2459,2,0
4674,559.943,98.8359,2,0
4675,138.36,104.915,2,0
4676,292.345,193.57,2,0
4677,374.515,90.8919,2,0
4678,510.423,40.9697,2,0
4679,41.9158,15.2781,2,0
4680,258.457,175.821,2,0
4681,135.754,38.2942,2,0
4682,184.33,7.20534,2,0
4683,500.021,140.621,2,0
4684,83.2178,183.588,2,0
4685,796.696,100.405,2,0
4686,250.544,110.179,2,0
4687,923.162,68.7907,2,0
4688,887.445,137.014,2,0
4689,514.124,194.315,2,0
4690,166.398,111.869,2,0
4691,295.156,135.769,2,0
4692,332.094,187.854,2,0
4693,685.247,97.6699,2,0
4694,39.4704,80.7332,2,0
4695,661.186,21.7886,2,0
4696,79.877,98.4222,2,0
4697,907.044,44.143,2,0
4698,754.509,45.9573,2,0
4699,198.172,71.4909,2,0
4700,88.5719,125.477,2,0
4701,450.824,198,2,0
4702,612.549,11.8218,2,0
4703,690.461,57.561,2,0
4704,453.474,112.559,2,0
4705,298.222,165.267,2,0
4706,853.283,157.023,2,0
4707,912.861,172.554,2,0
4708,923.349,188.863,2,0
4709,118.564,179.005,2,0
4710,276.609,122.695,2,0
4711,688.37,18.3692,2,0
4712,534.784,85.9973,2,0
4713,249.77,138.67,2,0
4714,341.406,14.1952,2,0
4715,566.415,135.251,2,0
4716,618.287,112.484,2,0
4717,577.461,112.667,2,0
4718,628.633,12.6108,2,0
4719,480.766,46.9482,2,0
4720,291.271,177.232,2,0
4721,607.061,50.2861,2,0
4722,589.436,140.367,2,0
4723,424.502,34.2425,2,0
4724,541.695,185.144,2,0
4725,253.928,148.965,2,0
4726,886.452,125.993,2,0
4727,858.211,172.13,2,0
4728,793.795,150.121,2,0
4729,344.435,51.6055,2,0
4730,125.675,49.7527,2,0
4731,603.893,127.098,2,0
4732,150.047,5.97589,2,0
4733,500.978,188.206,2,0
4734,890.891,119.506,2,0
4735,652.049,24.8432,2,0
4736,490.613,137.917,2,0
4737,386.233,147.72,2,0
4738,897.485,90.5276,2,0
4739,159.359,119.347,2,0
4740,410.647,112.99,2,0
4741,613.189,22.8874,2,0
4742,252.983,176.879,2,0
4743,993.218,137.495,2,0
4744,386.629,197.173,2,0
4745,378.171,165.442,2,0
4746,639.17,41.9628,2,0
4747,276.451,43,2,0
4748,359.211,190.675,2,0
4749,571.775,181.607,2,0
4750,271.897,155.358,2,0
4751,523.702,114.788,2,0
4752,24.8493,9.87486,2,0
4753,666.007,129.134,2,0
4754,494.746,93.198,2,0
4755,551.405,46.7624,2,0
4756,369.743,52.8193,2,0
4757,670.99,192.448,2,0
4758,757.298,63.7638,2,0
4759,366.907,20.7198,2,0
4760,984.904,4.3016,2,0
4761,423.677,2,2,0
4762,758.429,183.261,2,0
4763,345.633,21.4304,2,0
4764,596.754,128.919,2,0
4765,677.74,156.833,2,0
4766,434.993,52.1585,2,0
4767,632.035,135.377,2,0
4768,842.316,133.333,2,0
4769,552.888,93.6295,2,0
4770,359.989,153.996,2,0
4771,794.56,51.8309,2,0
4772,552.85,130.912,2,0
4773,520.476,184.956,2,0
4774,866.09,27.6982,2,0
4775,42.6895,159.553,2,0
4776,521.744,180.073,2,0
4777,306.625,30.7113,2,0
4778,642.175,147.121,2,0
4779,663.416,25.9887,2,0
4780,613.213,122.308,2,0
4781,497.998,68.3053,2,0
4782,833.521,170.059,2,0
4783,818.407,9.39502,2,0
4784,44.1477,198.215,2,0
4785,20.4071,103.009,2,0
4786,123.24,53.1315,2,0
4787,265.419,162.041,2,0
4788,402.363,68.6942,2,0
4789,706.904,54.161,2,0
4790,769.286,92.4862,2,0
4791,560.642,46.4722,2,0
4792,395.239,62.5051,2,0
4793,482.749,90.4589,2,0
4794,0.656881,65.8623,2,0
4795,179.814,25.763,2,0
4796,989.675,91.9025,2,0
4797,26.0267,22.5876,2,0
4798,449.843,45.834,2,0
4799,853.949,48.1406,2,0
4800,322.395,25.5771,2,0
4801,839.515,146.224,2,0
4802,900.704,131.904,2,0
4803,313.288,86.9081,2,0
4804,321.371,142.507,2,0
4805,819.987,27.0654,2,0
4806,390.075,194.914,2,0
4807,868.448,23.2666,2,0
4808,505.744,74.4062,2,0
4809,186.145,49.475,2,0
4810,944.817,195.346,2,0
4811,375.918,116.159,2,0
4812,386.974,20.0523,2,0
4813,510.772,50.3625,2,0
4814,8.30589,106.621,2,0
4815,550.254,76.9174,2,0
4816,807.256,142.065,2,0
4817,777.64,159.479,2,0
4818,825.12,140.8,2,0
4819,459.034,145.318,2,0
4820,148.227,165.467,2,0
4821,918.803,58.211,2,0
4822,790.963,196.348,2,0
4823,756.157,147.018,2,0
4824,641.243,19.6214,2,0
4825,875.07,5.79564,2,0
4826,624.895,195.468,2,0
4827,155.112,192.665,2,0
4828,625.561,75.6001,2,0
4829,892.918,28.1875,2,0
4830,303.471,2.30186,2,0
4831,428.572,1.76026,2,0
4832,923.779,118.233,2,0
4833,356.29,139.77,2,0
4834,806.638,152.905,2,0
4835,860.436,69.1802,2,0
4836,558.278,168.758,2,0
4837,977.038,96.3679,2,0
4838,448.317,26.095,2,0
4839,828.859,124.377,2,0
4840,371.245,178.772,2,0
4841,454.384,40.9617,2,0
4842,468.095,154.666,2,0
4843,344.45,2,2,0
4844,854.365,198,2,0
4845,235.802,165.58,2,0
4846,395.461,87.6961,2,0
4847,431.546,30.1202,2,0
4848,948.848,41.5225,2,0
4849,267.287,88.5549,2,0
4850,65.7924,98.1022,2,0
4851,563.365,77.4655,2,0
4852,948.295,136.404,2,0
4853,201.883,107.824,2,0
4854,882.248,5.10232,2,0
4855,629.395,50.7544,2,0
4856,632.095,166.522,2,0
4857,387.621,77.7127,2,0
4858,578.313,4.1707,2,0
4859,535.274,193.962,2,0
4860,479.89,9.7164,2,0
4861,109.939,96.7586,2,0
4862,372.032,150.01,2,0
4863,61.0447,195.62,2,0
4864,940.638,59.7017,2,0
4865,35.9196,138.49,2,0
4866,222.191,15.2415,2,0
4867,566.579,146.78,2,0
4868,225.691,147.895,2,0
4869,729.598,40.3267,2,0
4870,465.329,189.698,2,0
4871,293.604,103.043,2,0
4872,268.681,169.634,2,0
4873,218.472,165.275,2,0
4874,251.125,131.482,2,0
4875,62.0489,51.4211,2,0
4876,548.638,191.717,2,0
4877,911.23,92.7537,2,0
4878,71.0353,178.767,2,0
4879,937.765,198,2,0
4880,479.565,115.485,2,0
4881,426.693,76.2048,2,0
4882,206.479,140.123,2,0
4883,828.037,88.4501,2,0
4884,866.316,13.0993,2,0
4885,457.6,35.9939,2,0
4886,148.75,47.3085,2,0
4887,365.678,190.973,2,0
4888,412.138,194.863,2,0
4889,505.449,105.766,2,0
4890,539.522,120.859,2,0
4891,674.067,178.753,2,0
4892,508.537,103.111,2,0
4893,472.183,15.1114,2,0
4894,956.284,61.9534,2,0
4895,225.98,85.5087,2,0
4896,238.338,124.533,2,0
4897,572.218,69.6403,2,0
4898,649.96,61.5301,2,0
4899,167.693,84.6116,2,0
4900,341.37,180.176,2,0
4901,767.179,38.0841,2,0
4902,283.464,170.636,2,0
4903,749.871,16.5064,2,0
4904,115.916,40.1497,2,0
4905,983.956,136.031,2,0
4906,512.922,53.7601,2,0
4907,820.2,5.75466,2,0
4908,926.856,60.98,2,0
4909,372.364,183.065,2,0
4910,952.928,71.3825,2,0
4911,827.921,58.4457,2,0
4912,783.602,48.9594,2,0
4913,426.397,181.703,2,0
4914,996.036,11.5096,2,0
4915,715.375,188.923,2,0
4916,853.759,18.5409,2,0
4917,404.11,74.1665,2,0
4918,545.854,124.27,2,0
4919,136.765,31.9804,2,0
4920,227,171.875,2,0
4921,168.42,127.259,2,0
4922,214.192,29.1144,2,0
4923,305.782,50.3029,2,0
4924,349.252,19.6945,2,0
4925,433.932,84.936,2,0
4926,812.68,80.1441,2,0
4927,698.709,10.9016,2,0
4928,120.672,84.5231,2,0
4929,683.901,148.206,2,0
4930,131.512,124.312,2,0
4931,288.261,161.65,2,0
4932,253.744,107.474,2,0
4933,308.995,6.13345,2,0
4934,784.209,132.42,2,0
4935,660.686,177.466,2,0
4936,747.46,111.811,2,0
4937,46.8101,29.3063,2,0
4938,367.227,110.11,2,0
4939,792.743,6.06506,2,0
4940,263.893,51.0728,2,0
4941,900.271,52.9102,2,0
4942,528.694,150.759,2,0
4943,26.157,2,2,0
4944,280.641,56.7749,2,0
4945,12.8574,138.694,2,0
4946,819.267,119.094,2,0
4947,319.445,28.3267,2,0
4948,535.575,4.96236,2,0
4949,180.228,19.0789,2,0
4950,300.672,97.8916,2,0
4951,772.322,118.739,2,0
4952,217.062,125.659,2,0
4953,850.392,100.156,2,0
4954,726.121,88.0588,2,0
4955,169.271,177.306,2,0
4956,986.524,19.0621,2,0
4957,702.532,136.95,2,0
4958,797.277,16.0718,2,0
4959,903.013,188.417,2,0
4960,626.277,166.329,2,0
4961,470.588,160.607,2,0
4962,941.285,36.8051,2,0
4963,917.619,149.526,2,0
4964,142.172,156.57,2,0
4965,865.092,6.03912,2,0
4966,546.079,97.4832,2,0
4967,581.113,83.3934,2,0
4968,751.579,107.411,2,0
4969,846.376,14.6501,2,0
4970,83.7606,17.6389,2,0
4971,447.767,169.095,2,0
4972,582.04,59.1124,2,0
4973,434.403,62.0548,2,0
4974,268.176,3.33421,2,0
4975,25.8412,62.3419,2,0
4976,914.597,165.461,2,0
4977,808.549,58.2877,2,0
4978,204.523,82.6528,2,0
4979,728.807,150.023,2,0
4980,644.962,28.7288,2,0
4981,775.424,109.24,2,0
4982,20.9391,156.453,2,0
4983,51.4607,180.026,2,0
4984,453.147,84.6947,2,0
4985,489.146,30.6338,2,0
4986,208.654,198,2,0
4987,92.3279,97.7431,2,0
4988,664.236,117.372,2,0
4989,276.776,57.9625,2,0
4990,543.851,71.0854,2,0
4991,958.015,144.01,2,0
4992,486.711,96.9428,2,0
4993,515.782,10.7523,2,0
4994,817.614,90.8309,2,0
4995,381.284,124.103,2,0
4996,948.143,161.53,2,0
4997,61.7451,82.2124,2,0
4998,816.907,122.409,2,0
4999,426.686,132.476,2,0
5000,297.334,44.7403,2,0
5001,410.716,151.087,2,0
5002,905.723,49.7903,2,0
5003,800.616,139.605,2,0
5004,154.955,45.6624,2,0
5005,280.374,153.106,2,0
5006,791.347,57.5089,2,0
5007,27.7515,65.8926,2,0
5008,942.452,79.0009,2,0
5009,414.551,114.04,2,0
5010,75.8097,181.1,2,0
5011,222.203,20.9548,2,0
5012,813.382,159.414,2,0
5013,218.185,4.63567,2,0
5014,755.544,136.423,2,0
5015,932.072,6.17774,2,0
5016,253.984,123.455,2,0
5017,668.826,93.3264,2,0
5018,263.224,154.844,2,0
5019,444.514,28.8017,2,0
5020,746.812,21.99,2,0
5021,494.55,181.372,2,0
5022,626.612,94.7554,2,0
5023,773.092,102.382,2,0
5024,784.929,2,2,0
5025,443.754,168.365,2,0
5026,540.193,77.4909,2,0
5027,121.923,132.049,2,0
5028,560.973,42.3798,2,0
5029,66.5299,121.03,2,0
5030,506.78,170.163,2,0
5031,568.775,79.3422,2,0
5032,523.391,31.1464,2,0
5033,822.354,151.93,2,0
5034,348.465,2,2,0
5035,237.003,198,2,0
5036,950.228,74.4412,2,0
5037,441.349,85.5968,2,0
5038,390.97,121.077,2,0
5039,591.566,57.5477,2,0
5040,525.519,155.103,2,0
5041,879.223,95.5657,2,0
5042,39.5663,136.492,2,0
5043,50.0765,164.606,2,0
5044,34.8644,198,2,0
5045,248.898,118.012,2,0
5046,321.961,117.846,2,0
5047,144.115,41.0422,2,0
5048,248.331,134.86,2,0
5049,6.61841,56.7933,2,0
5050,869.112,59.6776,2,0
5051,362.601,46.6729,2,0
5052,154.828,105.789,2,0
5053,70.2414,62.0544,2,0
5054,480.411,122.497,2,0
5055,730.58,15.178,2,0
5056,341.765,5.00333,2,0
5057,48.7135,175.56,2,0
5058,15.1057,135.303,2,0
5059,933.819,37.5976,2,0
5060,851.389,57.8643,2,0
5061,624.467,38.6361,2,0
5062,769.199,96.5753,2,0
5063,941.797,198,2,0
5064,281.84,177.674,2,0
5065,835.022,104.373,2,0
5066,97.5132,83.9964,2,0
5067,541.598,195.108,2,0
5068,181.251,147.277,2,0
5069,711.227,157.635,2,0
5070,46.6349,156.65,2,0
5071,375.271,179.534,2,0
5072,453.303,66.1925,2,0
5073,933.405,47.2898,2,0
5074,573.042,105.462,2,0
5075,604.255,151.793,2,0
5076,635.727,103.891,2,0
5077,731.501,6.1786,2,0
5078,153.284,65.3085,2,0
5079,897.866,86.4126,2,0
5080,567.939,51.5698,2,0
5081,777.72,170.712,2,0
5082,454.701,47.2712,2,0
5083,659.546,70.0782,2,0
5084,26.1925,186.901,2,0
5085,945.559,171.407,2,0
5086,601.535,46.0028,2,0
5087,824.557,185.664,2,0
5088,126.054,179.179,2,0
5089,465.099,98.409,2,0
5090,794.597,2,2,0
5091,526.351,16.6381,2,0
5092,992.076,164.125,2,0
5093,210.258,75.8568,2,0
5094,909.543,115.993,2,0
5095,47.7287,95.3254,2,0
5096,150.714,41.1407,2,0
5097,728.829,128.727,2,0
5098,931.774,123.277,2,0
5099,1.97118,132.902,2,0
5100,706.467,9.3969,2,0
5101,882.182,67.626,2,0
5102,287.841,25.7089,2,0
5103,760.167,24.7379,2,0
5104,848.259,144.138,2,0
5105,195.962,67.9517,2,0
5106,843.908,105.536,2,0
5107,251.036,18.2431,2,0
5108,746.412,151.004,2,0
5109,188.153,170.323,2,0
5110,905.233,2.96615,2,0
5111,106.776,115.735,2,0
5112,809.191,159.27,2,0
5113,435.966,181.414,2,0
5114,341.594,128.412,2,0
5115,428.985,54.428,2,0
5116,85.1007,81.1192,2,0
5117,777.699,43.482,2,0
5118,510.632,133.967,2,0
5119,750.204,61.2039,2,0
5120,430.376,166.906,2,0
5121,488.537,26.5759,2,0
5122,918.997,117.155,2,0
5123,526.341,42.2786,2,0
5124,879.049,171.476,2,0
5125,752.014,37.1295,2,0
5126,921.317,147.831,2,0
5127,350.358,6.84863,2,0
5128,720.212,198,2,0
5129,130.333,101.72,2,0
5130,44.2914,87.6995,2,0
5131,320.021,84.6788,2,0
5132,9.23486,23.8007,2,0
5133,622.152,57.5826,2,0
5134,565.089,150.744,2,0
5135,414.362,152.956,2,0
5136,649.667,28.237,2,0
5137,896.035,161.747,2,0
5138,674.358,185.401,2,0
5139,213.912,70.1097,2,0
5140,441.136,26.3879,2,0
5141,984.518,8.43931,2,0
5142,261.218,8.65159,2,0
5143,651.678,117.533,2,0
5144,866.76,84.7073,2,0
5145,425.223,107.828,2,0
5146,492.276,24.4997,2,0
5147,936.099,164.75,2,0
5148,285.145,149.966,2,0
5149,72.7869,40.8657,2,0
5150,582.72,170.614,2,0
5151,446.549,90.1237,2,0
5152,759.327,20.1234,2,0
5153,861.816,107.487,2,0
5154,698.103,170.554,2,0
5155,733.021,37.9945,2,0
5156,572.114,73.6815,2,0
5157,775.031,153.384,2,0
5158,703.953,144.822,2,0
5159,135.402,50.9373,2,0
5160,481.781,57.1383,2,0
5161,618.476,88.6535,2,0
5162,550.415,144.699,2,0
5163,898.268,128.55,2,0
5164,756.59,1.17757,2,0
5165,957.154,53.4323,2,0
5166,811.109,143.668,2,0
5167,555.157,7.80894,2,0
5168,302.737,31.9485,2,0
5169,478.602,158.189,2,0
5170,453.073,149.036,2,0
5171,241.934,113.722,2,0
5172,794.042,104.055,2,0
5173,637.17,142.709,2,0
5174,664.017,121.526,2,0
5175,583.536,143.449,2,0
5176,459.716,77.4512,2,0
5177,240.428,86.3932,2,0
5178,196.861,58.0572,2,0
5179,627.953,1.4246,2,0
5180,716.003,171.113,2,0
5181,522.321,106.59,2,0
5182,318.68,130.822,2,0
5183,642.977,76.1425,2,0
5184,716.175,66.491,2,0
5185,844.396,179.762,2,0
5186,600.237,8.98196,2,0
5187,527.206,59.1048,2,0
5188,856.406,51.5174,2,0
5189,817.708,164.952,2,0
5190,287.451,196.165,2,0
5191,93.8905,61.912,2,0
5192,917.285,70.2863,2,0
5193,307.302,168.04,2,0
5194,248.636,5.14847,2,0
5195,211.764,195.311,2,0
5196,379.656,119.858,2,0
5197,396.208,108.431,2,0
5198,425.222,140.697,2,0
5199,430.235,82.8638,2,0
5200,584.315,115.044,2,0
5201,761.36,51.405,2,0
5202,319.575,19.9463,2,0
5203,43.4468,79.9937,2,0
5204,99.0248,2,2,0
5205,5.6048,119.784,2,0
5206,961.017,112.543,2,0
5207,240.859,45.0365,2,0
5208,743.719,19.4341,2,0
5209,364.302,162.606,2,0
5210,694.313,185.362,2,0
5211,407.815,30.2512,2,0
5212,160.371,180.1,2,0
5213,591.896,18.3811,2,0
5214,213.539,41.7209,2,0
5215,570.228,137.319,2,0
5216,818.374,21.1648,2,0
5217,300.55,61.4111,2,0
5218,277.16,61.9607,2,0
5219,580.128,90.6487,2,0
5220,538.433,116.923,2,0
5221,180.493,138.809,2,0
5222,173.171,96.9968,2,0
5223,129.562,111.269,2,0
5224,450.049,128.427,2,0
5225,823.225,147.188,2,0
5226,284.56,119.475,2,0
5227,780.871,2.40664,2,0
5228,623.351,121.654,2,0
5229,770.5,164.783,2,0
5230,501.385,150.685,2,0
5231,30.101,95.1628,2,0
5232,552.796,161.34,2,0
5233,588.043,104.99,2,0
5234,255.07,130.688,2,0
5235,178.925,58.1182,2,0
5236,952.618,129.706,2,0
5237,810.573,7.58445,2,0
5238,790.342,13.0284,2,0
5239,17.098,139.438,2,0
5240,47.0464,134.221,2,0
5241,375.022,0.404524,2,0
5242,994.195,86.7076,2,0
5243,474.821,188.084,2,0
5244,3.09263,61.6796,2,0
5245,452.355,25.9949,2,0
5246,186.536,118.936,2,0
5247,914.686,181.246,2,0
5248,204.31,111.642,2,0
5249,71.2891,32.6005,2,0
5250,221.875,85.0696,2,0
5251,514.407,65.6958,2,0
5252,534.412,173.537,2,0
5253,141.543,143.171,2,0
5254,812.582,76.0341,2,0
5255,733.063,18.9247,2,0
5256,343.085,121.355,2,0
5257,401.99,49.2967,2,0
5258,650.543,57.5601,2,0
5259,524.191,90.526,2,0
5260,719.609,147.331,2,0
5261,473.513,66.0201,2,0
5262,763.849,73.4872,2,0
5263,693.403,145.619,2,0
5264,901.032,97.75,2,0
5265,452.674,19.626,2,0
5266,285.282,2.77457,2,0
5267,326.466,178.358,2,0
5268,191.889,101.868,2,0
5269,964.573,136.791,2,0
5270,633.593,74.0309,2,0
5271,213.159,188.967,2,0
5272,319.975,79.5278,2,0
5273,893.942,51.2632,2,0
5274,398.336,90.935,2,0
5275,909.77,100.525,2,0
5276,617.378,99.1751,2,0
5277,298.75,18.0942,2,0
5278,545.314,18.9703,2,0
5279,172.337,161.264,2,0
5280,714.077,18.9989,2,0
5281,230.145,174.606,2,0
5282,523.235,54.246,2,0
5283,91.2145,52.8903,2,0
5284,356.134,158.497,2,0
5285,44.7811,75.7344,2,0
5286,273.636,55.428,2,0
5287,680.873,194.839,2,0
5288,877.31,188.15,2,0
5289,37.4185,163.941,2,0
5290,782.601,34.39,2,0
5291,960.589,124.181,2,0
5292,532.734,123.953,2,0
5293,147.306,117.144,2,0
5294,793.775,193.236,2,0
5295,186.697,100.054,2,0
5296,468.387,64.6019,2,0
5297,407.493,110.288,2,0
5298,457.098,43.9452,2,0
5299,640.194,157.421,2,0
5300,583.506,198.258,2,0
5301,621.5,161.428,2,0
5302,713.625,49.5897,2,0
5303,904.398,169.546,2,0
5304,405.811,13.9106,2,0
5305,61.3297,123.335,2,0
5306,701.457,116.667,2,0
5307,741.284,180.212,2,0
5308,246.014,123.78,2,0
5309,911.833,168.6,2,0
5310,162.844,77.538,2,0
5311,109.795,154.617,2,0
5312,892.604,36.9629,2,0
5313,335.147,25.5257,2,0
5314,920.049,186.469,2,0
5315,700.982,80.9858,2,0
5316,644.696,83.3871,2,0
5317,946.408,189.582,2,0
5318,604.199,115.043,2,0
5319,644.842,105.039,2,0
5320,89.2788,117.324,2,0
5321,986.583,99.7927,2,0
5322,80.1247,91.1376,2,0
5323,4.67343,33.8886,2,0
5324,905.258,64.1799,2,0
5325,132.969,177.444,2,0
5326,411.813,109.098,2,0
5327,421.101,87.9681,2,0
5328,401.931,174.478,2,0
5329,865.007,176.239,2,0
5330,300.825,152.334,2,0
5331,812.181,24.6641,2,0
5332,202.735,117.189,2,0
5333,24.3161,124.058,2,0
5334,616.352,47.5789,2,0
5335,708.896,6.0789,2,0
5336,24.7955,58.3758,2,0
5337,601.171,123.96,2,0
5338,819.252,180.12,2,0
5339,149.5,66.6079,2,0
5340,283.707,128.665,2,0
5341,457.092,7.3365,2,0
5342,287.482,175.747,2,0
5343,888.548,7.87247,2,0
5344,965.434,48.8441,2,0
5345,427.238,128.488,2,0
5346,23.4503,153.337,2,0
5347,254.324,103.498,2,0
5348,158.579,123.958,2,0
5349,31.4361,79.3887,2,0
5350,573.747,65.897,2,0
5351,119.935,146.486,2,0
5352,915.151,188.964,2,0
5353,609.137,118.077,2,0
5354,667.169,20.7977,2,0
5355,733.783,143.692,2,0
5356,223.432,98.2995,2,0
5357,203.704,14.2596,2,0
5358,493.275,176.265,2,0
5359,803.265,106.914,2,0
5360,77.8937,54.1439,2,0
5361,258.051,6.03162,2,0
5362,688.486,43.242,2,0
5363,798.57,2.85957,2,0
5364,830.608,64.3971,2,0
5365,145.924,24.1515,2,0
5366,804.683,32.8732,2,0
5367,594.394,195.336,2,0
5368,57.3872,197.487,2,0
5369,535.852,36.5175,2,0
5370,92.9088,56.8156,2,0
5371,419.014,44.0965,2,0
5372,284.499,22.3474,2,0
5373,76.9649,12.8892,2,0
5374,225.158,46.228,2,0
5375,771.415,68.6336,2,0
5376,302.271,123.648,2,0
5377,316.638,112.079,2,0
5378,981.804,125.196,2,0
5379,799.915,50.7824,2,0
5380,431.433,113.613,2,0
5381,651.816,14.254,2,0
5382,639.548,111.202,2,0
5383,662.633,183.959,2,0
5384,847.504,198.98,2,0
5385,300.353,86.7617,2,0
5386,49.2122,6.09971,2,0
5387,817.123,126.423,2,0
5388,808.456,178.701,2,0
5389,842.217,124.189,2,0
5390,231.409,78.6673,2,0
5391,744.228,48.2142,2,0
5392,680.005,66.2219,2,0
5393,705.292,187.46,2,0
5394,614.67,96.1373,2,0
5395,481.443,76.7898,2,0
5396,83.3589,144.275,2,0
5397,9.39185,130.446,2,0
5398,409.643,179.712,2,0
5399,125.685,169.245,2,0
5400,668.129,2,2,0
5401,223.511,174.218,2,0
5402,34.0279,166.065,2,0
5403,764.934,81.7546,2,0
5404,704.04,140.77,2,0
5405,556.701,92.1427,2,0
5406,892.427,41.0815,2,0
5407,423.659,173.486,2,0
5408,42.2524,155.451,2,0
5409,139.32,146.703,2,0
5410,203.076,169.128,2,0
5411,418.955,21.8784,2,0
5412,364.799,34.9173,2,0
5413,272.62,189.183,2,0
5414,182.102,69.0596,2,0
5415,80.4501,151.984,2,0
5416,41.5028,5.89734,2,0
5417,477.006,3.4646,2,0
5418,707.669,181.393,2,0
5419,730.712,155.917,2,0
5420,227.638,76.1735,2,0
5421,37.3276,70.4082,2,0
5422,470.547,94.9288,2,0
5423,588.096,73.4827,2,0
5424,446.52,157.187,2,0
5425,225.102,18.1069,2,0
5426,767.094,167.268,2,0
5427,715.266,5.89598,2,0
5428,221.053,114.11,2,0
5429,289.482,126.055,2,0
5430,98.1729,38.3862,2,0
5431,912.363,73.1553,2,0
5432,337.859,79.6174,2,0
5433,112.032,102.401,2,0
5434,550.782,22.0248,2,0
5435,991.543,133.756,2,0
5436,67.963,48.1816,2,0
5437,806.01,46.3345,2,0
5438,0.620164,84.6208,2,0
5439,106.911,174.997,2,0
5440,34.2569,134.754,2,0
5441,310.794,136.616,2,0
5442,277.142,37.3811,2,0
5443,455.541,78.3365,2,0
5444,87.1916,165.595,2,0
5445,895.106,165.669,2,0
5446,9.33361,10.8057,2,0
5447,391.796,55.7752,2,0
5448,25.7498,179.2,2,0
5449,90.6086,193.06,2,0
5450,809.54,27.6957,2,0
5451,56.8833,38.5137,2,0
5452,697.802,6.96923,2,0
5453,724.572,181.966,2,0
5454,13.0885,12.5338,2,0
5455,907.793,140.39,2,0
5456,45.9658,123.497,2,0
5457,191.326,130.218,2,0
5458,483.954,132.406,2,0
5459,593.328,12.626,2,0
5460,27.4567,175.432,2,0
5461,549.74,138.755,2,0
5462,760.887,44.9534,2,0
5463,654.883,77.1045,2,0
5464,820.511,65.2705,2,0
5465,5.60899,115.586,2,0
5466,125.754,90.7912,2,0
5467,358.838,197.063,2,0
5468,149.491,132.012,2,0
5469,61.3829,5.05334,2,0
5470,838.917,13.5277,2,0
5471,691.306,78.285,2,0
5472,432.743,158.906,2,0
5473,501.127,39.4752,2,0
5474,823.425,118.798,2,0
5475,673.044,173.865,2,0
5476,701.211,102.307,2,0
5477,499.296,72.1163,2,0
5478,24.1778,54.3252,2,0
5479,730.551,97.7461,2,0
5480,949.967,90.6054,2,0
5481,517.832,130.785,2,0
5482,621.646,1.4072,2,0
5483,254.139,61.3467,2,0
5484,270.951,129.552,2,0
5485,324.501,186.494,2,0
5486,319.845,56.2184,2,0
5487,979.909,170.369,2,0
5488,641.174,134.756,2,0
5489,75.0102,85.4091,2,0
5490,587.802,37.8875,2,0
5491,876.018,66.6712,2,0
5492,758.902,111.49,2,0
5493,334.214,152.613,2,0
5494,914.421,177.202,2,0
5495,943.113,182.371,2,0
5496,462.346,53.8095,2,0
5497,977.757,148.043,2,0
5498,114.524,57.3023,2,0
5499,573.085,169.511,2,0
5500,867.914,131.22,2,0
5501,764.475,10.6991,2,0
5502,530.428,181.019,2,0
5503,931.897,191.675,2,0
5504,193.561,35.9983,2,0
5505,118.644,66.1548,2,0
5506,887.877,122.242,2,0
5507,418.64,8.49702,2,0
5508,744.397,103.474,2,0
5509,787.182,107.573,2,0
5510,212.951,170.526,2,0
5511,622.283,113.605,2,0
5512,108.759,35.4711,2,0
5513,257.344,121.262,2,0
5514,779.536,188.484,2,0
5515,239.745,96.1128,2,0
5516,257.653,73.2335,2,0
5517,173.5,168.565,2,0
5518,994.402,183.763,2,0
5519,540.342,177.297,2,0
5520,373.471,175.364,2,0
5521,454.67,51.539,2,0
5522,616.666,51.6285,2,0
5523,29.9517,194.55,2,0
5524,301.003,38.7618,2,0
5525,896.087,190.528,2,0
5526,961.208,5.07778,2,0
5527,711.798,181.205,2,0
5528,53.8353,161.852,2,0
5529,199.198,147.002,2,0
5530,446.013,129.515,2,0
5531,290.911,71.1172,2,0
5532,803.959,102.837,2,0
5533,102.819,172.76,2,0
5534,492.267,35.7857,2,0
5535,659.264,25.4004,2,0
5536,628.945,101.037,2,0
5537,972.031,9.00149,2,0
5538,205.798,192.834,2,0
5539,898.806,94.3384,2,0
5540,85.831,197.25,2,0
5541,294.094,168.067,2,0
5542,487.429,114.236,2,0
5543,236.807,34.0056,2,0
5544,88.8647,82.5587,2,0
5545,853.191,73.8034,2,0
5546,451.507,145.249,2,0
5547,998.558,8.23542,2,0
5548,129.77,7.94373,2,0
5549,552.68,194.068,2,0
5550,741.874,169.877,2,0
5551,77.1805,61.1651,2,0
5552,242.033,122.648,2,0
5553,605.677,95.3305,2,0
5554,647.382,109.513,2,0
5555,924.677,111.348,2,0
5556,49.6407,196.474,2,0
5557,875.387,44.029,2,0
5558,866.48,2,2,0
5559,427.547,111.217,2,0
5560,712.33,191.632,2,0
5561,466.246,112.22,2,0
5562,369.847,173.438,2,0
5563,101.906,94.5276,2,0
5564,645.597,159.614,2,0
5565,649.997,95.2247,2,0
5566,521.659,5.35623,2,0
5567,685.712,67.1536,2,0
5568,140.363,101.254,2,0
5569,449.527,86.3983,2,0
5570,576.514,62.8098,2,0
5571,366.734,165.855,2,0
5572,132.81,41.1949,2,0
5573,66.8789,116.335,2,0
5574,880.471,56.6419,2,0
5575,308.907,160.37,2,0
5576,874.131,93.2258,2,0
5577,189.744,5.59568,2,0
5578,233.624,104.139,2,0
5579,871.365,127.718,2,0
5580,553.114,147.846,2,0
5581,473.617,146.732,2,0
5582,980.352,10.7623,2,0
5583,38.4127,2,2,0
5584,280.42,116.646,2,0
5585,417.147,156,2,0
5586,948.562,111.817,2,0
5587,243.151,130.491,2,0
5588,873.622,60.2913,2,0
5589,773.129,181.026,2,0
5590,515.597,56.9307,2,0
5591,728.281,60.8983,2,0
5592,146.336,122.619,2,0
5593,688.5,70.1191,2,0
5594,297.21,52.6796,2,0
5595,518.855,77.6745,2,0
5596,377.654,134.775,2,0
5597,561.198,133.883,2,0
5598,560.142,116.505,2,0
5599,997.07,101.975,2,0
5600,359.027,99.2207,2,0
5601,883.157,168.753,2,0
5602,930.438,19.0807,2,0
5603,73.3619,195.151,2,0
5604,763.351,19.3597,2,0
5605,933.047,51.3258,2,0
5606,902.306,105.735,2,0
5607,393.079,164.106,2,0
5608,916.776,85.9269,2,0
5609,598.135,172.601,2,0
5610,519.739,110.374,2,0
5611,196.495,97.6266,2,0
5612,662.252,95.4127,2,0
5613,9.61245,102.834,2,0
5614,620.86,50.6438,2,0
5615,719.159,69.2345,2,0
5616,529.892,71.0727,2,0
5617,818.196,160.888,2,0
5618,654.259,60.1106,2,0
5619,62.5862,119.49,2,0
5620,779.491,180.367,2,0
5621,168.333,151.832,2,0
5622,642.246,95.107,2,0
5623,488.269,171.711,2,0
5624,787.46,166.799,2,0
5625,917.122,54.5577,2,0
5626,996.08,22.5386,2,0
5627,30.9432,75.2363,2,0
5628,239.885,150.421,2,0
5629,625.203,156.52,2,0
5630,129.645,181.111,2,0
5631,345.446,181.076,2,0
5632,747.422,40.3192,2,0
5633,193.701,54.3714,2,0
5634,61.3828,132.145,2,0
5635,818.617,100.017,2,0
5636,935.003,10.5541,2,0
5637,640.977,115.038,2,0
5638,412.952,5.90866,2,0
5639,585.608,121.346,2,0
5640,206.559,66.6199,2,0
5641,826.598,149.66,2,0
5642,717.279,72.7925,2,0
5643,819.816,192.835,2,0
5644,496.875,194.645,2,0
5645,990.655,187.004,2,0
5646,907.432,6.31553,2,0
5647,683.703,93.7667,2,0
5648,966.785,35.4044,2,0
5649,445.232,2.63017,2,0
5650,28.0003,138.97,2,0
5651,849.586,12.1109,2,0
5652,29.1147,5.93062,2,0
5653,24.4721,13.9488,2,0
5654,486.781,33.8842,2,0
5655,858.245,80.0549,2,0
5656,336.138,67.7342,2,0
5657,423.399,198,2,0
5658,710.952,24.7624,2,0
5659,60.5149,176.946,2,0
5660,328.989,88.8748,2,0
5661,824.424,45.2146,2,0
5662,387.624,168.921,2,0
5663,69.3069,140.597,2,0
5664,443.796,186.9,2,0
5665,473.568,39.8116,2,0
5666,893.793,88.817,2,0
5667,288.562,139.513,2,0
5668,546.349,132.209,2,0
5669,896.545,42.3474,2,0
5670,785.068,183.954,2,0
5671,305.406,121.108,2,0
5672,840.596,100.383,2,0
5673,612.154,92.9378,2,0
5674,258.174,92.3559,2,0
5675,285.389,106.473,2,0
5676,424.195,125.816,2,0
5677,804.029,62.5935,2,0
5678,40.8794,76.8738,2,0
5679,658.734,15.3371,2,0
5680,671.776,106.769,2,0
5681,315.024,48.0514,2,0
5682,38.5166,157.235,2,0
5683,716.337,2,2,0
5684,58.6172,68.5914,2,0
5685,713.972,44.2226,2,0
5686,141.477,3.35045,2,0
5687,980.898,95.2654,2,0
5688,303.481,90.0257,2,0
5689,480.124,131.004,2,0
5690,702.132,53.9913,2,0
5691,131.313,160.28,2,0
5692,184.708,149.333,2,0
5693,325.236,150.967,2,0
5694,845.606,29.2082,2,0
5695,232.348,15.7123,2,0
5696,386.222,190.075,2,0
5697,592.31,87.4648,2,0
5698,814.316,42.1069,2,0
5699,451.373,165.355,2,0
5700,20.5197,14.7537,2,0
5701,759.397,134.825,2,0
5702,614.946,56.1325,2,0
5703,48.6374,22.5595,2,0
5704,801.557,40.8021,2,0
5705,712.858,28.3977,2,0
5706,585.695,186.837,2,0
5707,930.971,10.062,2,0
5708,635.896,168.564,2,0
5709,433.02,17.0732,2,0
5710,477.448,75.3476,2,0
5711,369.506,58.6667,2,0
5712,51.1083,59.958,2,0
5713,403.691,29.1848,2,0
5714,891.969,136.583,2,0
5715,219.629,46.3903,2,0
5716,438.719,109.921,2,0
5717,227.032,165.782,2,0
5718,942.345,192.123,2,0
5719,495.764,61.3072,2,0
5720,950.103,33.1998,2,0
5721,559.626,164.561,2,0
5722,690.386,52.4153,2,0
5723,373.683,193.556,2,0
5724,549.854,87.8451,2,0
5725,997.069,117.029,2,0
5726,839.088,121.638,2,0
5727,40.6546,56.2274,2,0
5728,68.674,125.737,2,0
5729,932.976,106.24,2,0
5730,886.235,4.47581,2,0
5731,392.649,198,2,0
5732,541.6,67.3931,2,0
5733,285.727,43.6957,2,0
5734,970.716,166.207,2,0
5735,260.326,58.4532,2,0
5736,114.368,169.568,2,0
5737,278.544,66.2907,2,0
5738,905.315,89.9296,2,0
5739,446.796,198,2,0
5740,819.52,82.8533,2,0
5741,387.826,37.1755,2,0
5742,42.3091,91.7383,2,0
5743,806.625,114.479,2,0
5744,179.204,197.954,2,0
5745,800.832,127.796,2,0
5746,450.166,193.99,2,0
5747,185.749,184.666,2,0
5748,807.771,81.5107,2,0
5749,161.734,112.696,2,0
5750,720.791,108.167,2,0
5751,322.447,110.715,2,0
5752,24.7228,103.3,2,0
5753,830.333,198,2,0
5754,592.502,117.472,2,0
5755,463.542,36.3548,2,0
5756,507.494,137.381,2,0
5757,372.852,123.739,2,0
5758,306.915,163.869,2,0
5759,652.029,128.631,2,0
5760,506.523,27.703,2,0
5761,20.875,10.4862,2,0
5762,716.715,179.472,2,0
5763,698.155,94.7714,2,0
5764,118.424,17.2502,2,0
5765,890.513,21.4507,2,0
5766,998.513,122.877,2,0
5767,873.644,16.3963,2,0
5768,614.786,118.623,2,0
5769,316.735,72.9884,2,0
5770,580.292,55.2364,2,0
5771,622.665,25.5079,2,0
5772,557.627,185.21,2,0
5773,239.89,166.491,2,0
5774,521.867,190.474,2,0
5775,724.502,2,2,0
5776,8.75546,74.9873,2,0
5777,251.464,87.7906,2,0
5778,985.181,188.891,2,0
5779,478.482,194.504,2,0
5780,974.247,157.246,2,0
5781,891.598,46.7057,2,0
5782,799.151,65.3763,2,0
5783,896.454,132.258,2,0
5784,247.568,176.272,2,0
5785,2.0926,182.946,2,0
5786,152.369,174.375,2,0
5787,576.306,195.527,2,0
5788,143.149,30.3005,2,0
5789,695.576,91.697,2,0
5790,715.594,193.953,2,0
5791,850.184,119.71,2,0
5792,967.234,42.9796,2,0
5793,970.034,154.02,2,0
5794,467.41,32.4328,2,0
5795,7.77241,169.319,2,0
5796,262.77,158.846,2,0
5797,567.299,168.896,2,0
5798,771.988,81.7396,2,0
5799,541.857,112.791,2,0
5800,551.451,115.689,2,0
5801,58.3039,182.719,2,0
5802,775.522,89.1246,2,0
5803,420.997,5.04704,2,0
5804,490.167,102.305,2,0
5805,184.131,103.43,2,0
5806,299.255,29.9737,2,0
5807,696.127,142.671,2,0
5808,663.489,6.8276,2,0
5809,657.674,19.8118,2,0
5810,222.085,189.489,2,0
5811,642.113,108.079,2,0
5812,928.028,43.3654,2,0
5813,499.161,78.7997,2,0
5814,934.249,55.2348,2,0
5815,449.335,22.0714,2,0
5816,859.81,53.7297,2,0
5817,619.041,11.2834,2,0
5818,467.645,186.399,2,0
5819,793.263,46.9519,2,0
5820,316.154,185.905,2,0
5821,558.087,198,2,0
5822,531.287,142.951,2,0
5823,655.07,187.761,2,0
5824,996.569,112.618,2,0
5825,70.6522,90.1609,2,0
5826,669.443,175.72,2,0
5827,63.0037,173.674,2,0
5828,659.194,181.26,2,0
5829,263.607,198,2,0
5830,953.943,38.1717,2,0
5831,468.434,135.127,2,0
5832,67.2555,187.255,2,0
5833,586.257,79.6383,2,0
5834,313.164,31.518,2,0
5835,172.224,187.949,2,0
5836,752.636,96.7707,2,0
5837,239.339,29.1723,2,0
5838,329.499,93.0395,2,0
5839,815.299,170.027,2,0
5840,568.61,21.6086,2,0
5841,667.548,78.4272,2,0
5842,585.584,191.934,2,0
5843,264.456,150.858,2,0
5844,828.931,25.1291,2,0
5845,77.0781,167.356,2,0
5846,480.461,5.72899,2,0
5847,888.616,111.723,2,0
5848,489.805,61.1957,2,0
5849,794.667,198,2,0
5850,726.705,96.106,2,0
5851,475.152,174.418,2,0
5852,206.274,36.1604,2,0
5853,85.5401,136.196,2,0
5854,395.967,13.98,2,0
5855,351.474,43.9016,2,0
5856,274.818,126.894,2,0
5857,265.003,20.2404,2,0
5858,429.913,179.539,2,0
5859,678.533,134.532,2,0
5860,646.547,98.4039,2,0
5861,484.002,120.679,2,0
5862,231.634,8.23793,2,0
5863,830.09,147.362,2,0
5864,975.768,193.131,2,0
5865,763.476,91.042,2,0
5866,375.062,137.937,2,0
5867,454.56,88.6014,2,0
5868,134.683,71.2036,2,0
5869,397.749,6.07657,2,0
5870,322.266,165.647,2,0
5871,325.184,10.5701,2,0
5872,871.038,52.5545,2,0
5873,12.2061,176.445,2,0
5874,472.234,123.365,2,0
5875,873.31,104.545,2,0
5876,525.905,190.057,2,0
5877,321.941,182.015,2,0
5878,742.824,194.205,2,0
5879,464.283,165.936,2,0
5880,46.9953,45.5748,2,0
5881,565.717,0.977713,2,0
5882,160.863,164.215,2,0
5883,567.502,164.648,2,0
5884,728.155,143.417,2,0
5885,790.37,172.149,2,0
5886,787.005,103.44,2,0
5887,912.482,160.719,2,0
5888,764.502,198.422,2,0
5889,392.185,107.931,2,0
5890,416.222,88.8272,2,0
5891,594.568,99.4007,2,0
5892,771.108,184.607,2,0
5893,529.411,64.476,2,0
5894,326.032,182.391,2,0
5895,998.292,93.6885,2,0
5896,87.2944,99.9412,2,0
5897,767.513,134.326,2,0
5898,708.819,185.245,2,0
5899,274.696,130.968,2,0
5900,440.08,54.8834,2,0
5901,441.828,74.8228,2,0
5902,630.505,179.592,2,0
5903,993.288,38.3164,2,0
5904,922.953,151.485,2,0
5905,908.62,35.4209,2,0
5906,592.708,23.7678,2,0
5907,325.683,2,2,0
5908,348.82,124.758,2,0
5909,69.6617,146.742,2,0
5910,436.373,185.441,2,0
5911,209.988,55.0985,2,0
5912,200.096,75.036,2,0
5913,408.19,101.07,2,0
5914,356.88,11.9367,2,0
5915,643.825,72.0632,2,0
5916,87.8957,55.2781,2,0
5917,661.794,89.2363,2,0
5918,605.194,118.962,2,0
5919,59.6744,135.908,2,0
5920,768.057,84.3116,2,0
5921,298.824,180.373,2,0
5922,216.605,25.7976,2,0
5923,952.753,184.854,2,0
5924,235.557,41.9033,2,0
5925,614.815,114.558,2,0
5926,749.276,57.1667,2,0
5927,651.304,161.954,2,0
5928,441.28,70.7908,2,0
5929,366.86,140.555,2,0
5930,317.736,92.8235,2,0
5931,694.624,87.6378,2,0
5932,927.278,68.3814,2,0
5933,505.418,149.209,2,0
5934,997.001,188.356,2,0
5935,599.129,23.5156,2,0
5936,893.541,122.558,2,0
5937,124.943,60.5833,2,0
5938,16.5787,101.463,2,0
5939,717.494,137.346,2,0
5940,824.813,173.795,2,0
5941,432.641,78.8602,2,0
5942,18.2762,190.647,2,0
5943,157.068,63.9884,2,0
5944,392.6,143.612,2,0
5945,706.428,43.3387,2,0
5946,53.8211,114.333,2,0
5947,975.423,12.8415,2,0
5948,744.793,182.454,2,0
5949,127.802,35.6344,2,0
5950,832.049,87.5577,2,0
5951,697.349,103.767,2,0
5952,50.6987,146.656,2,0
5953,120.263,27.7235,2,0
5954,989.954,153.236,2,0
5955,269.701,62.0516,2,0
5956,9.2309,183.607,2,0
5957,853.354,62.7345,2,0
5958,894.28,9.12914,2,0
5959,788.91,192.824,2,0
5960,814.955,133.618,2,0
5961,491.717,133.809,2,0
5962,279.618,171.943,2,0
5963,924.626,77.2085,2,0
5964,917.301,16.9559,2,0
5965,889.941,25.464,2,0
5966,177.94,86.2337,2,0
5967,290.025,89.9431,2,0
5968,366.71,10.5407,2,0
5969,478.216,27.9577,2,0
5970,303.28,137.717,2,0
5971,26.9691,45.4114,2,0
5972,665.674,38.4054,2,0
5973,303.976,198,2,0
5974,226.317,57.6502,2,0
5975,827.944,96.8049,2,0
5976,250.267,114.194,2,0
5977,120.534,192.382,2,0
5978,511.218,93.4305,2,0
5979,322.709,190.127,2,0
5980,902.353,127.674,2,0
5981,228.19,2,2,0
5982,858.282,29.9799,2,0
5983,978.486,81.2504,2,0
5984,874.085,154.327,2,0
5985,237.366,57.1271,2,0
5986,268.964,125.924,2,0
5987,607.732,146.224,2,0
5988,451.033,13.1161,2,0
5989,685.46,105.838,2,0
5990,77.3887,130.073,2,0
5991,790.606,49.9924,2,0
5992,560.936,31.6871,2,0
5993,346.598,155.356,2,0
5994,566.705,102.983,2,0
5995,609.399,19.0343,2,0
5996,684.171,10.0768,2,0
5997,836.098,87.354,2,0
5998,879.923,21.1219,2,0
5999,175.695,60.5766,2,0
6000,536.698,43.8443,2,0
6001,176.407,34.6669,2,0
6002,612.323,105.541,2,0
6003,407.247,119.061,2,0
6004,309.891,67.8471,2,0
6005,533.64,98.9234,2,0
6006,362.742,4.30231,2,0
6007,824.533,168.651,2,0
6008,400.218,73.1464,2,0
6009,26.1352,120.346,2,0
6010,935.896,194.43,2,0
6011,824.845,17.526,2,0
6012,100.703,76.0006,2,0
6013,210.8,165.268,2,0
6014,812.015,107.583,2,0
6015,753.297,172.316,2,0
6016,574.117,11.6184,2,0
6017,693.966,5.76597,2,0
6018,775.767,64.2654,2,0
6019,542.131,96.5663,2,0
6020,735.708,8.24358,2,0
6021,748.97,186.765,2,0
6022,833.661,8.06516,2,0
6023,705.034,94.5692,2,0
6024,549.206,159.298,2,0
6025,633.781,50.8037,2,0
6026,226.985,89.396,2,0
6027,81.3572,13.9733,2,0
6028,244.905,23.3281,2,0
6029,193.569,177.659,2,0
6030,186.521,133.495,2,0
6031,724.245,177.956,2,0
6032,108.291,9.13339,2,0
6033,692.429,2,2,0
6034,566.85,8.73645,2,0
6035,167.839,168.099,2,0
6036,435.702,88.9445,2,0
6037,132.842,132.411,2,0
6038,7.67512,45.711,2,0
6039,656.791,137.914,2,0
6040,591.241,31.511,2,0
6041,505.453,56.5742,2,0
6042,977.936,18.0334,2,0
6043,385.495,74.295,2,0
6044,163.953,100.578,2,0
6045,349.135,33.8256,2,0
6046,74.8147,136.718,2,0
6047,36.9114,5.77201,2,0
6048,0.426002,12.7222,2,0
6049,283.932,146.074,2,0
6050,541.634,30.8899,2,0
6051,115.76,63.1877,2,0
6052,280.472,193.684,2,0
6053,138.537,78.3062,2,0
6054,464.025,154.496,2,0
6055,635.581,110.492,2,0
6056,804.565,180.212,2,0
6057,17.1596,12.295,2,0
6058,50.8276,51.9247,2,0
6059,489.459,69.1506,2,0
6060,69.641,53.9969,2,0
6061,650.652,99.2794,2,0
6062,311.134,157.041,2,0
6063,308.164,57.99,2,0
6064,840.353,180.286,2,0
6065,304.395,94.1103,2,0
6066,935.115,95.7965,2,0
6067,255.414,138.337,2,0
6068,746.05,44.1896,2,0
6069,555.992,177.604,2,0
6070,906.388,131.301,2,0
6071,862.456,2,2,0
6072,804.473,149.437,2,0
6073,420.546,161.834,2,0
6074,78.3576,35.8616,2,0
6075,921.578,128.222,2,0
6076,675.832,140.919,2,0
6077,144.534,110.534,2,0
6078,937.422,158.076,2,0
6079,280.56,21.079,2,0
6080,534.635,198,2,0
6081,171.993,6.93689,2,0
6082,872.214,150.611,2,0
6083,649.952,65.6201,2,0
6084,160.502,69.4939,2,0
6085,708.194,132.377,2,0
6086,859.152,37.2093,2,0
6087,357.649,167.394,2,0
6088,716.342,183.611,2,0
6089,60.5942,19.7225,2,0
6090,994.832,6.41834,2,0
6091,876.888,52.9187,2,0
6092,856.37,132.471,2,0
6093,159.862,186.686,2,0
6094,918.022,153.528,2,0
6095,52.0309,184.548,2,0
6096,419.876,170.011,2,0
6097,894.655,152.781,2,0
6098,7.45141,19.6325,2,0
6099,655.539,149.632,2,0
6100,579.896,40.6049,2,0
6101,568.272,177.347,2,0
6102,5.08377,140.51,2,0
6103,548.328,41.3688,2,0
6104,787.794,90.8248,2,0
6105,465.907,193.79,2,0
6106,570.051,64.1973,2,0
6107,60.9082,40.027,2,0
6108,350.876,170.761,2,0
6109,463.65,78.4055,2,0
6110,64.0653,154.941,2,0
6111,647.433,163.214,2,0
6112,516.304,184.84,2,0
6113,276.065,164.201,2,0
6114,602.749,34.2839,2,0
6115,676.909,161.055,2,0
6116,241.377,36.8131,2,0
6117,250.444,146.702,2,0
6118,927.054,0.142243,2,0
6119,951.811,163.992,2,0
6120,143.116,70.818,2,0
6121,188.113,124.06,2,0
6122,371.707,73.5039,2,0
6123,704.844,178.543,2,0
6124,926.418,18.0632,2,0
6125,316.286,162.828,2,0
6126,238.743,162.292,2,0
6127,561.536,126.79,2,0
6128,926.676,150.001,2,0
6129,348.818,89.3461,2,0
6130,162.075,197.775,2,0
6131,999.879,193.66,2,0
6132,184.813,25.2347,2,0
6133,799.367,44.1751,2,0
6134,851.676,70.0354,2,0
6135,754.551,140.383,2,0
6136,528.292,2.23797,2,0
6137,66.9797,177.881,2,0
6138,180.135,104.05,2,0
6139,419.26,127.579,2,0
6140,573.954,89.4622,2,0
6141,955.205,180.482,2,0
6142,863.125,86.6426,2,0
6143,476.335,122.823,2,0
6144,870.747,38.1885,2,0
6145,599.24,164.703,2,0
6146,24.9831,88.9276,2,0
6147,673.946,198,2,0
6148,354.635,70.2015,2,0
6149,379.077,183.16,2,0
6150,106.951,135.261,2,0
6151,176.163,89.9889,2,0
6152,892.817,105.339,2,0
6153,86.101,147.251,2,0
6154,962.277,104.229,2,0
6155,684.038,62.1645,2,0
6156,908.979,52.1379,2,0
6157,267.044,94.1577,2,0
6158,8.42657,178.07,2,0
6159,231.467,111.524,2,0
6160,121.449,58.4054,2,0
6161,681.61,155.474,2,0
6162,370.462,31.6175,2,0
6163,5.98095,132.89,2,0
6164,135.481,137.076,2,0
6165,13.6529,49.6484,2,0
6166,961.322,188.063,2,0
6167,849.691,78.7214,2,0
6168,731.786,34.1878,2,0
6169,255.768,86.9029,2,0
6170,346.795,37.0836,2,0
6171,208.838,22.6765,2,0
6172,526.45,159.268,2,0
6173,67.1467,129.822,2,0
6174,417.345,64.9518,2,0
6175,222.17,145.751,2,0
6176,318.523,62.4266,2,0
6177,772.847,98.3579,2,0
6178,685.748,136.207,2,0
6179,724.953,13.7446,2,0
6180,362.53,8.81542,2,0
6181,804.396,98.8504,2,0
6182,54.8896,105.999,2,0
6183,663.042,151.022,2,0
6184,124.92,174.235,2,0
6185,347.331,84.6317,2,0
6186,57.2988,42.5984,2,0
6187,472.579,138.969,2,0
6188,222.05,199.703,2,0
6189,42.6684,165.999,2,0
6190,344.901,87.873,2,0
6191,475.672,35.2935,2,0
6192,740.051,63.2289,2,0
6193,708.027,198,2,0
6194,963.482,132.925,2,0
6195,874.47,192.587,2,0
6196,690.666,177.706,2,0
6197,519.033,92.359,2,0
6198,565.912,131.188,2,0
6199,665.281,145.307,2,0
6200,876.011,23.6197,2,0
6201,96.7134,114.844,2,0
6202,733.699,26.0578,2,0
6203,298.92,189.342,2,0
6204,393.992,2,2,0
6205,997.188,148.249,2,0
6206,88.8973,11.5747,2,0
6207,584.743,156.169,2,0
6208,630.317,148.481,2,0
6209,615.224,180.185,2,0
6210,481.826,135.853,2,0
6211,659.421,5.98805,2,0
6212,733.524,42.3607,2,0
6213,821.795,176.532,2,0
6214,264.774,110.258,2,0
6215,765.612,54.8296,2,0
6216,968.251,169.468,2,0
6217,338.925,2,2,0
6218,741.599,22.9637,2,0
6219,85.4402,13.9907,2,0
6220,13.2208,158.403,2,0
6221,596.289,115.692,2,0
6222,234.382,82.449,2,0
6223,119.186,128.133,2,0
6224,164.335,171.118,2,0
6225,605.282,29.0427,2,0
6226,369.855,143.248,2,0
6227,370.73,117.52,2,0
6228,491.482,57.5216,2,0
6229,591.945,172.026,2,0
6230,932.409,31.9655,2,0
6231,32.6636,124.367,2,0
6232,259.507,197.887,2,0
6233,754.072,188.355,2,0
6234,381.62,177.965,2,0
6235,303.837,171.728,2,0
6236,447.574,18.4715,2,0
6237,168.608,56.6022,2,0
6238,690.919,148.917,2,0
6239,396.697,80.6761,2,0
6240,508.952,155.01,2,0
6241,670.059,196.839,2,0
6242,844.094,162.622,2,0
6243,863.772,140.176,2,0
6244,822.664,103.541,2,0
6245,94.1956,37.1202,2,0
6246,590.53,91.1505,2,0
6247,822.223,131.411,2,0
6248,395.856,31.3139,2,0
6249,464.158,106.904,2,0
6250,656.044,163.105,2,0
6251,949.345,37.2024,2,0
6252,564.666,30.2102,2,0
6253,100.361,11.7637,2,0
6254,313.125,63.1797,2,0
6255,738.458,28.9972,2,0
6256,292.48,106.919,2,0
6257,815.523,27.1045,2,0
6258,18.1441,91.7277,2,0
6259,176.596,109,2,0
6260,151.385,128.455,2,0
6261,909.764,65.8739,2,0
6262,903.732,81.57,2,0
6263,164.289,126.572,2,0
6264,37.9487,123.594,2,0
6265,891.465,172.031,2,0
6266,653.907,41.3178,2,0
6267,144.593,35.743,2,0
6268,664.104,2.05349,2,0
6269,356.362,193.631,2,0
6270,944.679,138.4,2,0
6271,177.565,124.108,2,0
6272,341.51,21.534,2,0
6273,937.076,48.9823,2,0
6274,565.283,141.49,2,0
6275,92.6235,114.992,2,0
6276,387.399,118.981,2,0
6277,459.261,103.757,2,0
6278,788.629,68.0002,2,0
6279,239.497,128.446,2,0
6280,258.264,117.277,2,0
6281,139.501,89.6678,2,0
6282,929.379,90.5736,2,0
6283,496.27,35.0534,2,0
6284,756.766,96.8039,2,0
6285,218.561,16.9627,2,0
6286,724.088,186.007,2,0
6287,975.741,55.2727,2,0
6288,842.228,118.902,2,0
6289,56.5336,176.255,2,0
6290,354.764,8.44693,2,0
6291,989.852,130.112,2,0
6292,101.12,139.291,2,0
6293,443.065,32.577,2,0
6294,455.101,22.9223,2,0
6295,42.7994,10.5156,2,0
6296,205.149,40.1759,2,0
6297,370.515,162.554,2,0
6298,940.591,152.244,2,0
6299,179.009,71.8747,2,0
6300,106.611,15.1049,2,0
6301,537.371,169.782,2,0
6302,923.785,131.62,2,0
6303,454.879,167.395,2,0
6304,1.38949,70.6191,2,0
6305,475.063,192.221,2,0
6306,669.996,125.389,2,0
6307,96.5591,76.1365,2,0
6308,749.276,173.787,2,0
6309,197.505,93.104,2,0
6310,995.474,132.635,2,0
6311,686.031,23.8695,2,0
6312,877.244,195.664,2,0
6313,610.678,114.356,2,0
6314,487.255,194.948,2,0
6315,409.64,163.129,2,0
6316,526.278,107.712,2,0
6317,252.01,190.092,2,0
6318,139.329,13.7012,2,0
6319,913.573,83.1555,2,0
6320,968.893,46.6994,2,0
6321,314.988,199.866,2,0
6322,778.365,118.577,2,0
6323,491.753,90.4454,2,0
6324,693.253,15.9154,2,0
6325,814.295,129.507,2,0
6326,722.653,124.738,2,0
6327,331.71,41.8373,2,0
6328,716.191,198,2,0
6329,556.589,2,2,0
6330,334.636,178.572,2,0
6331,246.369,81.6771,2,0
6332,669.191,146.662,2,0
6333,695.79,29.0574,2,0
6334,837.969,91.0676,2,0
6335,361.451,14.1964,2,0
6336,74.0018,81.4638,2,0
6337,536.693,64.4385,2,0
6338,793.361,161.705,2,0
6339,791.777,79.8878,2,0
6340,370.929,21.4395,2,0
6341,950.44,143.653,2,0
6342,434.096,27.014,2,0
6343,549.23,128.892,2,0
6344,576.531,43.1157,2,0
6345,619.163,124.869,2,0
6346,84.5158,151.008,2,0
6347,973.597,118.444,2,0
6348,137.628,73.9518,2,0
6349,740.247,191.077,2,0
6350,404.817,9.92521,2,0
6351,886.759,45.7386,2,0
6352,531.718,79.076,2,0
6353,755.67,107.279,2,0
6354,578.021,159.079,2,0
6355,169.281,141.715,2,0
6356,857.504,177.47,2,0
6357,218.504,129.562,2,0
6358,65.4017,69.3405,2,0
6359,328.673,4.73807,2,0
6360,692.775,37.3455,2,0
6361,678.946,33.2048,2,0
6362,157.815,30.08,2,0
6363,33.1946,70.7725,2,0
6364,775.631,195.797,2,0
6365,299.561,101.858,2,0
