id,x,y,radius,is_spanning
0,116.072,127.28,2,0
1,245.576,120.057,2,0
2,421.672,30.5899,2,0
3,478.336,287.141,2,0
4,3.53903,275.35,2,0
5,463.211,149.948,2,0
6,394.136,245.106,2,0
7,517.144,177.932,2,0
8,442.868,58.0688,2,0
9,550.993,46.3289,2,0
10,351.081,23.1619,2,0
11,428.008,33.6966,2,0
12,227.337,64.6053,2,0
13,376.758,229.195,2,0
14,225.336,294.454,2,0
15,58.6123,269.36,2,0
16,178.813,9.08306,2,0
17,21.7153,199.808,2,0
18,28.8112,200.125,2,0
19,333.629,142.076,2,0
20,510.735,65.9514,2,0
21,18.0212,205.899,2,0
22,200.167,130.342,2,0
23,196.514,131.93,2,0
24,352.665,129.699,2,0
25,381.941,75.4284,2,0
26,489.972,182.043,2,0
27,241.68,162.237,2,0
28,60.7393,288.019,2,0
29,473.552,290.986,2,0
30,589.042,159.811,2,0
31,444.101,181.612,2,0
32,69.18,259.099,2,0
33,99.9409,125.616,2,0
34,375.685,233.029,2,0
35,363.215,98.5762,2,0
36,459.731,28.0774,2,0
37,554.056,134.377,2,0
38,344.197,265.902,2,0
39,348.003,188.887,2,0
40,424.315,98.5906,2,0
41,500.072,35.7216,2,0
42,486.307,288.558,2,0
43,106.104,150.578,2,0
44,536.358,190.334,2,0
45,367.342,69.8837,2,0
46,139.623,123.061,2,0
47,568.638,298,2,0
48,218.429,25.659,2,0
49,324.257,63.2874,2,0
50,198.01,260.841,2,0
51,352.347,216.843,2,0
52,319.837,89.4017,2,0
53,61.4724,79.4907,2,0
54,90.1403,127.271,2,0
55,182.469,284.727,2,0
56,258.822,174.243,2,0
57,245.884,59.9658,2,0
58,237.513,82.0677,2,0
59,582.998,270.062,2,0
60,356.21,195.794,2,0
61,106.611,103.819,2,0
62,542.545,158.248,2,0
63,107.136,99.6095,2,0
64,590.583,94.9779,2,0
65,463.516,103.501,2,0
66,122.514,259.627,2,0
67,580.441,168.418,2,0
68,101.329,183.563,2,0
69,496.835,88.0951,2,0
70,235.899,221.108,2,0
71,299.387,176.516,2,0
72,417.77,148.942,2,0
73,583.544,204.273,2,0
74,241.999,215.81,2,0
75,137.66,185.288,2,0
76,573.523,27.9659,2,0
77,263.231,38.8585,2,0
78,494.206,248.889,2,0
79,409.869,23.8009,2,0
80,305.748,88.5499,2,0
81,116.494,12.5898,2,0
82,187.904,185.363,2,0
83,156.903,194.748,2,0
84,201.703,32.9776,2,0
85,358.495,54.8207,2,0
86,580.03,153.965,2,0
87,420.245,48.0845,2,0
88,263.949,120.372,2,0
89,140.434,5.45795,2,0
90,414.662,130.277,2,0
91,261.161,136.523,2,0
92,159.888,213.393,2,0
93,404.866,141.869,2,0
94,301.874,94.4733,2,0
95,558.517,294.533,2,0
96,96.6834,254.396,2,0
97,459.787,134.073,2,0
98,167.419,235.111,2,0
99,207.601,231.127,2,0
100,37.1221,174.387,2,0
101,433.356,181.216,2,0
102,482.316,66.5429,2,0
103,539.84,276.763,2,0
104,506.82,275.534,2,0
105,194.607,283.203,2,0
106,175.371,235.351,2,0
107,241.103,23.4853,2,0
108,350.502,238.683,2,0
109,0.952854,162.599,2,0
110,324.1,79.4708,2,0
111,39.4,2,2,0
112,294.481,226.314,2,0
113,553.755,233.546,2,0
114,247.321,5.55799,2,0
115,217.98,130.108,2,0
116,337.376,57.2522,2,0
117,39.4437,298,2,0
118,150.513,94.6446,2,0
119,311.743,233.34,2,0
120,210.91,68.607,2,0
121,127.308,151.807,2,0
122,334.572,215.785,2,0
123,147.34,189.95,2,0
124,470.172,104.586,2,0
125,204.695,9.04515,2,0
126,510.949,104.772,2,0
127,32.4366,198.186,2,0
128,245.704,294.452,2,0
129,486.442,126.062,2,0
130,52.9583,286.41,2,0
131,389.937,109.97,2,0
132,20.4731,217.662,2,0
133,492.293,89.5924,2,0
134,129.003,38.8169,2,0
135,445.348,262.777,2,0
136,0.55935,113.833,2,0
137,428.331,97.9291,2,0
138,27.7649,36.151,2,0
139,356.47,90.1673,2,0
140,540.067,10.2581,2,0
141,200.578,8.99709,2,0
142,60.4383,72.4733,2,0
143,51.7491,84.2941,2,0
144,270.958,15.4684,2,0
145,242.954,169.12,2,0
146,111.174,31.0272,2,0
147,155.368,190.988,2,0
148,34.8965,177.591,2,0
149,575.271,187.13,2,0
150,86.7325,185.179,2,0
151,513.887,90.2474,2,0
152,290.333,149.442,2,0
153,205.018,92.7219,2,0
154,426.576,131.012,2,0
155,237.994,127.596,2,0
156,387.492,2,2,0
157,5.95565,207.487,2,0
158,65.8002,147.812,2,0
159,346.316,68.6518,2,0
160,584.23,68.407,2,0
161,526.144,75.4822,2,0
162,313.374,181.733,2,0
163,381.575,148.959,2,0
164,21.2539,108.777,2,0
165,499.219,270.409,2,0
166,303.638,47.9617,2,0
167,188.299,173.488,2,0
168,400.706,282.164,2,0
169,122.484,265.137,2,0
170,312.074,53.914,2,0
171,301.907,16.3334,2,0
172,316.662,164.538,2,0
173,115.775,274.434,2,0
174,396.887,298,2,0
175,574.327,12.5284,2,0
176,330.812,139.047,2,0
177,465.821,42.0765,2,0
178,428.355,12.5523,2,0
179,352.403,41.5939,2,0
180,357.776,291.02,2,0
181,360.786,61.4009,2,0
182,6.744,298,2,0
183,40.3503,19.1962,2,0
184,133.785,241.056,2,0
185,569.875,109.709,2,0
186,267.655,280.403,2,0
187,405.777,137.946,2,0
188,356.449,114.26,2,0
189,48.8867,227.915,2,0
190,497.927,173.405,2,0
191,349.269,152.278,2,0
192,37.9855,89.5543,2,0
193,185.333,161.835,2,0
194,170.798,53.4267,2,0
195,228.723,274.784,2,0
196,161.945,39.6763,2,0
197,282.492,124.429,2,0
198,583.998,209.985,2,0
199,475.976,167.396,2,0
200,459.406,294.438,2,0
201,142.462,282.658,2,0
202,393.872,270.474,2,0
203,419.504,189.646,2,0
204,574.448,70.6109,2,0
205,82.1089,179.848,2,0
206,153.789,110.118,2,0
207,206.687,175.893,2,0
208,177.408,70.9702,2,0
209,18.7321,79.7262,2,0
210,57.0081,184.71,2,0
211,123.215,186.773,2,0
212,320.406,81.3392,2,0
213,564.166,186.11,2,0
214,412.858,194.256,2,0
215,408.18,184.323,2,0
216,22.834,26.4462,2,0
217,575.482,228.349,2,0
218,190.306,155.208,2,0
219,252.37,251.901,2,0
220,312.861,267.972,2,0
221,249.571,90.1122,2,0
222,16.5581,40.5648,2,0
223,62.787,75.6105,2,0
224,475.613,62.3167,2,0
225,55.87,55.1686,2,0
226,493.664,166.494,2,0
227,83.1421,165.389,2,0
228,441.927,227.216,2,0
229,509.475,108.394,2,0
230,490.275,59.2504,2,0
231,262.705,245.202,2,0
232,334.037,90.2362,2,0
233,152.134,183.586,2,0
234,316.58,87.0858,2,0
235,507.233,93.4857,2,0
236,530.993,171.358,2,0
237,213.498,54.2047,2,0
238,266.48,239.052,2,0
239,324.434,212.281,2,0
240,225.561,241.873,2,0
241,115.699,161.449,2,0
242,247.362,116.447,2,0
243,143.936,231.229,2,0
244,83.5084,22.7081,2,0
245,23.0362,251.011,2,0
246,87.8523,284.02,2,0
247,186.64,227.623,2,0
248,338.668,208.664,2,0
249,9.57169,174.989,2,0
250,261.582,49.7337,2,0
251,126.592,294.469,2,0
252,409.585,136.584,2,0
253,206.133,171.924,2,0
254,185.184,237.37,2,0
255,592.203,233.644,2,0
256,497.205,110.094,2,0
257,398.368,155.011,2,0
258,449.527,102.4,2,0
259,14.4324,14.3984,2,0
260,183.057,60.047,2,0
261,595.703,290.351,2,0
262,43.7281,21.416,2,0
263,162.434,119.904,2,0
264,104.295,119.985,2,0
265,430.823,117.604,2,0
266,568.166,16.7941,2,0
267,349.891,254.282,2,0
268,475.506,237.541,2,0
269,544.077,165.209,2,0
270,94.3576,113.032,2,0
271,554.934,220.711,2,0
272,97.3471,183.419,2,0
273,560.765,211.578,2,0
274,1.25891,123.342,2,0
275,517.805,129.332,2,0
276,191.237,272.746,2,0
277,560.434,172.584,2,0
278,121.376,25.0525,2,0
279,402.603,135.251,2,0
280,372.645,155.181,2,0
281,77.7066,133.581,2,0
282,215.632,94.6984,2,0
283,352.931,150.412,2,0
284,576.731,91.8788,2,0
285,408.859,222.375,2,0
286,212.254,255.457,2,0
287,6.24551,285.759,2,0
288,300.88,234.988,2,0
289,275.542,266.922,2,0
290,54.5217,276.109,2,0
291,334.909,16.0708,2,0
292,448.334,222.218,2,0
293,254.282,180.954,2,0
294,421.99,162.265,2,0
295,375.439,146.81,2,0
296,305.537,268.213,2,0
297,343.387,280.768,2,0
298,586.411,212.989,2,0
299,38.2176,276.519,2,0
300,524.257,85.8548,2,0
301,524.028,110.227,2,0
302,343.291,96.0077,2,0
303,143.274,227.246,2,0
304,514.427,64.6648,2,0
305,312.741,189.872,2,0
306,107.748,80.2672,2,0
307,399.478,104.26,2,0
308,189.239,56.4007,2,0
309,380.809,167.719,2,0
310,517.627,80.0889,2,0
311,292.855,156.467,2,0
312,62.5419,8.97762,2,0
313,355.74,147.559,2,0
314,250.285,126.654,2,0
315,342.946,46.5952,2,0
316,207.231,202.594,2,0
317,319.568,127.486,2,0
318,172.367,42.7847,2,0
319,261.629,42.5312,2,0
320,380.186,141.215,2,0
321,291.529,231.418,2,0
322,269.596,228.665,2,0
323,582.347,189.112,2,0
324,431.347,194.66,2,0
325,184.243,183.491,2,0
326,373.85,96.9744,2,0
327,286.071,2,2,0
328,518.466,114.471,2,0
329,129.149,134.039,2,0
330,272.837,214.42,2,0
331,44.7871,92.3559,2,0
332,338.873,16.0516,2,0
333,190.776,118.99,2,0
334,281.551,129.826,2,0
335,419.973,193.522,2,0
336,130.668,2,2,0
337,504.602,13.775,2,0
338,86.233,112.817,2,0
339,561.368,266.604,2,0
340,225.933,96.8815,2,0
341,507.194,131.897,2,0
342,203.977,100.78,2,0
343,107.433,251.659,2,0
344,40.6378,118.665,2,0
345,432.312,5.50246,2,0
346,173.243,238.856,2,0
347,588.215,258.96,2,0
348,76.6112,24.2838,2,0
349,426.956,265.896,2,0
350,26.904,114.666,2,0
351,481.838,277.084,2,0
352,367.145,99.2894,2,0
353,222.507,78.4129,2,0
354,324.594,12.4804,2,0
355,308.336,243.404,2,0
356,120.889,250.956,2,0
357,311.007,172.833,2,0
358,162.982,115.934,2,0
359,317.134,254.148,2,0
360,237.555,173.714,2,0
361,270.818,120.16,2,0
362,465.763,264.49,2,0
363,556.764,13.405,2,0
364,22.6302,176.559,2,0
365,409.884,5.51774,2,0
366,453.562,154.655,2,0
367,390.955,210.388,2,0
368,111.099,239.962,2,0
369,308.855,165.996,2,0
370,228.288,44.5029,2,0
371,449.015,276.903,2,0
372,333.553,177.654,2,0
373,178.684,252.43,2,0
374,374.888,46.2391,2,0
375,295.05,163.097,2,0
376,277.532,191.512,2,0
377,449.167,246.211,2,0
378,326.033,110.153,2,0
379,573.453,47.0103,2,0
380,35.3034,245.836,2,0
381,471.645,38.139,2,0
382,479.699,294.611,2,0
383,150.303,98.6512,2,0
384,288.8,16.6434,2,0
385,388.239,129.907,2,0
386,497.898,220.075,2,0
387,545.997,86.2207,2,0
388,307.681,232.675,2,0
389,437.08,73.1015,2,0
390,547.8,246.93,2,0
391,421.604,147.657,2,0
392,29.9912,68.2217,2,0
393,322.486,51.0985,2,0
394,302.447,132.953,2,0
395,437.795,205.076,2,0
396,106.827,126.504,2,0
397,241.27,211.989,2,0
398,581.882,101.343,2,0
399,545.965,114.421,2,0
400,14.1856,127.443,2,0
401,178.088,245.378,2,0
402,150.352,254.99,2,0
403,56.5948,279.74,2,0
404,582.913,151.189,2,0
405,167.599,227.992,2,0
406,10.4491,37.537,2,0
407,528.883,91.0817,2,0
408,69.102,198.252,2,0
409,173.661,167.841,2,0
410,127.905,250.023,2,0
411,24.8563,33.307,2,0
412,81.0214,198.478,2,0
413,135.882,145.478,2,0
414,282.071,2,2,0
415,591.854,2,2,0
416,241.717,70.9344,2,0
417,250.956,109.241,2,0
418,448.401,115.764,2,0
419,67.8721,287.457,2,0
420,117.412,103.637,2,0
421,544.325,96.8721,2,0
422,145.599,14.1067,2,0
423,593.312,121.115,2,0
424,247.436,12.6601,2,0
425,9.36889,141.74,2,0
426,466.097,272.319,2,0
427,130.667,159.395,2,0
428,191.895,159.124,2,0
429,73.8358,30.5323,2,0
430,390.271,26.6253,2,0
431,209.92,252.177,2,0
432,247.574,283.864,2,0
433,385.934,223.396,2,0
434,347.85,181.677,2,0
435,587.35,126.73,2,0
436,575.946,183.253,2,0
437,26.8603,259.754,2,0
438,277.271,139.091,2,0
439,25.8731,68.4149,2,0
440,191.3,114.976,2,0
441,44.4414,218.218,2,0
442,520.279,250.312,2,0
443,59.398,65.5503,2,0
444,283.616,187.951,2,0
445,366.928,78.0568,2,0
446,88.4373,137.01,2,0
447,70.3396,255.124,2,0
448,268.471,82.8871,2,0
449,235.15,52.7333,2,0
450,494.75,232.627,2,0
451,395.659,9.01579,2,0
452,377.814,126.878,2,0
453,543.834,263.749,2,0
454,183.884,118.111,2,0
455,186.249,154.757,2,0
456,510.703,274.448,2,0
457,104.502,269.949,2,0
458,552.014,99.4653,2,0
459,67.8932,17.0118,2,0
460,230.042,33.5052,2,0
461,177.022,187.296,2,0
462,440.64,54.5591,2,0
463,33.1891,249.167,2,0
464,201.512,90.737,2,0
465,164.419,184.212,2,0
466,214.368,202.423,2,0
467,228.313,48.4317,2,0
468,122.392,94.2943,2,0
469,547.381,121.31,2,0
470,76.5916,268.206,2,0
471,214.497,291.147,2,0
472,566.232,142.701,2,0
473,6.86349,87.2077,2,0
474,43.2414,222.046,2,0
475,426.206,15.9869,2,0
476,297.291,191.097,2,0
477,159.129,234.865,2,0
478,412.921,154.045,2,0
479,142.493,107.936,2,0
480,340.588,159.712,2,0
481,316.224,119.281,2,0
482,191.67,110.93,2,0
483,589.401,248.154,2,0
484,125.564,183.567,2,0
485,328.711,5.45444,2,0
486,115.998,213.778,2,0
487,436.649,54.5779,2,0
488,467.618,63.1691,2,0
489,578.207,63.2927,2,0
490,400.222,267.354,2,0
491,59.3612,130.159,2,0
492,412.858,116.481,2,0
493,229.312,240.45,2,0
494,42.4043,212.556,2,0
495,102.292,16.1143,2,0
496,220.336,158.279,2,0
497,37.1785,230.781,2,0
498,216.974,160.479,2,0
499,159.255,69.8273,2,0
500,211.216,220.942,2,0
501,77.8369,200.988,2,0
502,21.046,172.881,2,0
503,387.308,137.849,2,0
504,404.892,65.6408,2,0
505,226.842,171.89,2,0
506,281.554,239.206,2,0
507,558.353,154.995,2,0
508,498.655,266.357,2,0
509,46.8546,156.383,2,0
510,178.005,83.1226,2,0
511,451.398,214.457,2,0
512,146.851,24.7105,2,0
513,388.753,56.8203,2,0
514,200.631,48.4726,2,0
515,314.413,2,2,0
516,75.101,139.976,2,0
517,70.2805,153.273,2,0
518,502.425,46.3675,2,0
519,352.33,158.696,2,0
520,147.918,121.8,2,0
521,599.902,2,2,0
522,337.677,163.596,2,0
523,125.536,85.2329,2,0
524,4.25307,10.4942,2,0
525,128.14,12.0008,2,0
526,278.163,114.41,2,0
527,476.585,203.723,2,0
528,61.3981,142.178,2,0
529,298.094,108.478,2,0
530,20.4877,76.1414,2,0
531,239.088,159.132,2,0
532,377.213,240.011,2,0
533,58.8371,76.1977,2,0
534,551.997,2,2,0
535,283.155,93.317,2,0
536,304.522,152.338,2,0
537,147.821,219.958,2,0
538,597.068,192.75,2,0
539,517.595,20.3559,2,0
540,493.091,110.903,2,0
541,254.472,159.11,2,0
542,221.807,181.806,2,0
543,123.961,60.752,2,0
544,112.954,49.0041,2,0
545,525.482,273.493,2,0
546,599.672,74.1637,2,0
547,426.1,37.2575,2,0
548,61.5704,39.3554,2,0
549,86.7038,230.152,2,0
550,158.11,170.294,2,0
551,2.59794,106.012,2,0
552,274.58,65.6921,2,0
553,562.333,74.3418,2,0
554,75.1525,181.127,2,0
555,153.121,138.303,2,0
556,204.464,263.735,2,0
557,370.859,267.058,2,0
558,48.6617,258.498,2,0
559,457.661,42.7412,2,0
560,346.342,256.251,2,0
561,488.053,152.501,2,0
562,414.733,146.099,2,0
563,58.7015,262.388,2,0
564,167.442,242.618,2,0
565,526.35,150.717,2,0
566,568.558,267.711,2,0
567,336.98,25.7816,2,0
568,200.666,126.369,2,0
569,58.3682,178.182,2,0
570,348.618,87.8001,2,0
571,486.884,245.229,2,0
572,476.589,79.8624,2,0
573,217.446,196.152,2,0
574,466.911,257.035,2,0
575,56.2783,215.264,2,0
576,168.883,64.1974,2,0
577,63.6033,227.845,2,0
578,570.128,5.49596,2,0
579,13.9132,132.17,2,0
580,135.97,135.811,2,0
581,266.147,230.893,2,0
582,429.06,92.5164,2,0
583,539.401,122.987,2,0
584,422.958,76.1494,2,0
585,200.653,2,2,0
586,480.83,151.97,2,0
587,203.666,58.8946,2,0
588,323.578,87.5746,2,0
589,533.511,232.156,2,0
590,434.943,65.4079,2,0
591,469.182,191.157,2,0
592,87.3958,89.2962,2,0
593,245.735,41.517,2,0
594,26.5099,129.294,2,0
595,189.522,70.0763,2,0
596,114.984,256.4,2,0
597,46.4667,198.623,2,0
598,441.595,255.714,2,0
599,18.8858,260.263,2,0
600,270.027,236.878,2,0
601,394.849,73.4737,2,0
602,571.503,253.289,2,0
603,46.084,39.7828,2,0
604,485.895,291.063,2,0
605,503.307,69.0417,2,0
606,241.444,16.3809,2,0
607,434.571,118.682,2,0
608,360.53,101.678,2,0
609,253.874,294.453,2,0
610,282.647,214.385,2,0
611,299.351,143.224,2,0
612,187.415,273.306,2,0
613,149.219,280.061,2,0
614,215.608,90.7835,2,0
615,548.823,11.9448,2,0
616,90.2955,164.323,2,0
617,237.172,206.2,2,0
618,78.2048,39.1569,2,0
619,436.652,146.462,2,0
620,407.721,17.0293,2,0
621,193.865,294.43,2,0
622,77.5821,174.649,2,0
623,203.694,26.2158,2,0
624,560.363,187.102,2,0
625,430.499,279.994,2,0
626,599.868,206.914,2,0
627,246.699,134.008,2,0
628,271.652,279.821,2,0
629,147.086,88.3508,2,0
630,581.575,161.956,2,0
631,137.851,30.4604,2,0
632,412.729,290.983,2,0
633,446.772,23.0787,2,0
634,408.377,268.15,2,0
635,110.709,207.816,2,0
636,60.1594,192.274,2,0
637,592.554,146.568,2,0
638,446.571,2,2,0
639,134.293,108.048,2,0
640,380.723,94.2175,2,0
641,596.879,54.7945,2,0
642,190.447,123.029,2,0
643,332.924,298,2,0
644,24.81,131.016,2,0
645,145.826,298,2,0
646,171.664,228.156,2,0
647,462.606,171.849,2,0
648,451.969,131.591,2,0
649,243.122,92.7297,2,0
650,265.537,28.2106,2,0
651,588.145,25.3648,2,0
652,337.594,155.82,2,0
653,249.923,181.894,2,0
654,249.705,16.3784,2,0
655,160.19,130.284,2,0
656,293.804,43.361,2,0
657,262.175,284.868,2,0
658,255.56,197.118,2,0
659,259.446,251.56,2,0
660,424.906,207.603,2,0
661,207.675,126.967,2,0
662,218.639,184.333,2,0
663,542.955,46.9245,2,0
664,592.019,18.7769,2,0
665,313.676,160.935,2,0
666,454.67,75.3602,2,0
667,66.5439,79.8556,2,0
668,92.8012,197.792,2,0
669,433.057,87.0954,2,0
670,540.154,283.821,2,0
671,496.744,31.1413,2,0
672,391.664,168.187,2,0
673,123.989,179.854,2,0
674,552.692,138.16,2,0
675,435.089,198.041,2,0
676,440.951,269.715,2,0
677,352.122,195.78,2,0
678,344.799,32.0608,2,0
679,209.343,146.439,2,0
680,124.323,56.6133,2,0
681,153.117,117.036,2,0
682,131.973,145.049,2,0
683,414.477,63.0152,2,0
684,431.675,151.769,2,0
685,392.602,85.2633,2,0
686,144.515,147.011,2,0
687,563.969,60.4786,2,0
688,565.586,19.8565,2,0
689,200.306,206.906,2,0
690,249.419,258.324,2,0
691,203.095,149.414,2,0
692,10.4864,15.8404,2,0
693,139.385,76.6906,2,0
694,224.963,2,2,0
695,399.034,294.493,2,0
696,346.99,16.5658,2,0
697,487.107,249.202,2,0
698,74.6153,36.2482,2,0
699,521.219,273.57,2,0
700,310.168,74.4507,2,0
701,128.694,298,2,0
702,538.896,47.1249,2,0
703,6.08543,232.731,2,0
704,555.314,35.5445,2,0
705,276.393,219.749,2,0
706,15.1793,151.166,2,0
707,524.505,83.523,2,0
708,531.553,146.023,2,0
709,101.075,117.507,2,0
710,564.324,171.544,2,0
711,106.711,136.019,2,0
712,83.9741,30.2332,2,0
713,386.048,98.4239,2,0
714,201.966,62.5527,2,0
715,78.563,159.92,2,0
716,350.003,185.243,2,0
717,291.569,264.935,2,0
718,87.2249,74.5223,2,0
719,406.884,73.4296,2,0
720,226.35,84.7397,2,0
721,241.931,151.932,2,0
722,325.652,158.732,2,0
723,80.0022,123.209,2,0
724,5.67034,278.737,2,0
725,67.8661,159.847,2,0
726,95.2008,284.757,2,0
727,487.86,178.654,2,0
728,199.724,176.81,2,0
729,470.505,28.9486,2,0
730,198.596,282.661,2,0
731,168.34,42.7144,2,0
732,489.748,165.579,2,0
733,597.538,188.776,2,0
734,186.125,77.284,2,0
735,469.351,144.37,2,0
736,364.517,91.6673,2,0
737,373.234,26.5852,2,0
738,185.93,262.215,2,0
739,129.151,87.1285,2,0
740,142.058,59.1732,2,0
741,293.358,171.249,2,0
742,556.671,137.301,2,0
743,397.634,5.46927,2,0
744,483.351,235.315,2,0
745,329.728,54.4411,2,0
746,419.99,283.199,2,0
747,19.4155,58.0151,2,0
748,150.255,48.1761,2,0
749,469.205,250.215,2,0
750,422.087,15.9915,2,0
751,281.623,61.0843,2,0
752,211.043,50.9273,2,0
753,331.519,75.3377,2,0
754,564.553,135.805,2,0
755,562.044,33.6288,2,0
756,452.306,267.479,2,0
757,74.0445,105.462,2,0
758,105.132,212.305,2,0
759,583.869,154.96,2,0
760,33.0893,46.9776,2,0
761,282.96,251.282,2,0
762,184.271,265.825,2,0
763,182.705,45.7694,2,0
764,452.57,19.5716,2,0
765,385.218,35.2659,2,0
766,225.659,164.959,2,0
767,96.7878,48.7711,2,0
768,283.404,298,2,0
769,151.911,65.9589,2,0
770,257.162,136.732,2,0
771,302.697,137.019,2,0
772,419.851,119.938,2,0
773,154.681,123.846,2,0
774,92.3912,211.758,2,0
775,34.6985,225.059,2,0
776,495.398,92.0682,2,0
777,22.7529,43.7697,2,0
778,186.787,251.441,2,0
779,58.208,188.431,2,0
780,146.15,150.722,2,0
781,223.003,5.4959,2,0
782,291.41,13.4899,2,0
783,219.395,151.08,2,0
784,440.262,127.833,2,0
785,97.2353,164.727,2,0
786,598.975,268.458,2,0
787,79.7967,186.54,2,0
788,464.804,124.524,2,0
789,91.5028,64.0574,2,0
790,454.586,181.158,2,0
791,247.778,290.926,2,0
792,251.857,235.839,2,0
793,365.541,46.5942,2,0
794,521.896,294.475,2,0
795,150.561,197.429,2,0
796,111.606,261.823,2,0
797,276.213,147.309,2,0
798,266.542,159.541,2,0
799,585.408,85.6253,2,0
800,379.32,101.54,2,0
801,494.819,264.93,2,0
802,4.9182,228.924,2,0
803,347.853,174.713,2,0
804,554.612,194.058,2,0
805,473.177,170.351,2,0
806,245.583,89.5678,2,0
807,124.938,155.122,2,0
808,589.923,230.501,2,0
809,246.893,109.414,2,0
810,4.32266,76.8618,2,0
811,152.57,248.505,2,0
812,151.586,19.5396,2,0
813,241.575,120.315,2,0
814,57.0908,90.8686,2,0
815,123.025,276.295,2,0
816,569.924,214.66,2,0
817,170.937,165.064,2,0
818,473.545,22.6858,2,0
819,198.367,44.1511,2,0
820,216.821,2,2,0
821,533.978,127.456,2,0
822,277.695,135.2,2,0
823,436.62,85.1683,2,0
824,474.087,26.825,2,0
825,148.413,111.206,2,0
826,457.61,239.727,2,0
827,296.377,173.687,2,0
828,122.697,9.16113,2,0
829,352.689,30.8197,2,0
830,165.63,206.591,2,0
831,246.061,151.499,2,0
832,252.008,272.166,2,0
833,430.328,9.14511,2,0
834,309.99,253.674,2,0
835,366.464,199.111,2,0
836,26.4064,103.993,2,0
837,465.01,260.634,2,0
838,594.549,261.937,2,0
839,444.62,33.637,2,0
840,312.706,271.936,2,0
841,109.306,177.791,2,0
842,83.8247,169.319,2,0
843,524.323,245.533,2,0
844,275.649,151.293,2,0
845,96.2228,12.605,2,0
846,242.095,57.2992,2,0
847,207.443,271.008,2,0
848,195.378,272.341,2,0
849,346.823,20.655,2,0
850,501.813,77.5777,2,0
851,284.86,210.426,2,0
852,435.046,294.525,2,0
853,172.672,49.7998,2,0
854,114.736,135.515,2,0
855,435.72,165.328,2,0
856,494.27,298,2,0
857,569.843,35.4403,2,0
858,352.017,52.1982,2,0
859,252.561,130.086,2,0
860,221.546,262.265,2,0
861,568.183,207.421,2,0
862,242.735,27.1879,2,0
863,224.669,233.877,2,0
864,552.317,35.5636,2,0
865,591.391,167.581,2,0
866,523.211,203.871,2,0
867,111.237,194.418,2,0
868,411.037,42.2991,2,0
869,523.172,103.223,2,0
870,431.313,136.14,2,0
871,584.774,144.356,2,0
872,60.4251,32.4039,2,0
873,413.524,236.229,2,0
874,357.187,5.44751,2,0
875,239.867,199.665,2,0
876,371.09,61.1504,2,0
877,453.177,61.0648,2,0
878,238.079,103.196,2,0
879,12.0894,252.406,2,0
880,250.716,133.628,2,0
881,316.846,190.043,2,0
882,583.74,64.3881,2,0
883,315.307,240.679,2,0
884,92.8088,215.494,2,0
885,230.897,179.931,2,0
886,554.033,190.066,2,0
887,532.574,131.434,2,0
888,272.734,96.6438,2,0
889,78.5988,218.723,2,0
890,165.815,122.409,2,0
891,400.764,176.442,2,0
892,136.482,94.9823,2,0
893,369.767,35.2511,2,0
894,180.951,5.50777,2,0
895,352.231,145.175,2,0
896,324.389,257.179,2,0
897,106.667,38.2491,2,0
898,360.095,294.39,2,0
899,485.625,31.0131,2,0
900,147.589,132.266,2,0
901,95.6045,218.46,2,0
902,43.8253,142.92,2,0
903,524.954,139.457,2,0
904,434.316,9.05577,2,0
905,333.51,98.3941,2,0
906,234.244,212.784,2,0
907,231.762,50.5572,2,0
908,240.122,222.167,2,0
909,218.125,180.349,2,0
910,417.484,21.3653,2,0
911,310.765,240.186,2,0
912,596.876,32.1011,2,0
913,358.184,164.081,2,0
914,401.938,26.2169,2,0
915,65.3768,234.613,2,0
916,378.174,35.8116,2,0
917,335.923,134.156,2,0
918,323.224,59.275,2,0
919,25.6385,29.3782,2,0
920,476.433,233.613,2,0
921,585.379,45.8467,2,0
922,528.463,266.157,2,0
923,525.445,189.325,2,0
924,344.087,209.899,2,0
925,234.733,216.776,2,0
926,146.495,136.194,2,0
927,573.753,193.341,2,0
928,407.601,116.259,2,0
929,402.22,219.764,2,0
930,409.277,192.63,2,0
931,264.451,156.051,2,0
932,92.4845,157.574,2,0
933,422.641,287.255,2,0
934,312.417,275.956,2,0
935,176.979,195.909,2,0
936,295.045,215.581,2,0
937,556.954,210.052,2,0
938,219.952,57.1955,2,0
939,578.891,98.5717,2,0
940,173.147,119.014,2,0
941,500.49,62.4891,2,0
942,163.418,242.28,2,0
943,241.323,270.576,2,0
944,527.959,9.00025,2,0
945,231.531,54.6304,2,0
946,441.047,291.064,2,0
947,289.275,293.943,2,0
948,120.433,28.8091,2,0
949,309.311,146.487,2,0
950,391.595,132.163,2,0
951,595.235,89.7252,2,0
952,510.324,138.185,2,0
953,54.3543,187.689,2,0
954,328.825,42.6181,2,0
955,582.097,284.983,2,0
956,426.194,175.755,2,0
957,178.659,45.9995,2,0
958,295.27,85.9063,2,0
959,106.793,208.493,2,0
960,263.246,261.992,2,0
961,486.964,16.3416,2,0
962,251.951,123.099,2,0
963,279.996,226.136,2,0
964,307.279,64.2678,2,0
965,586.771,152.196,2,0
966,589.614,134.722,2,0
967,536.842,75.5413,2,0
968,319.983,291.157,2,0
969,130.052,18.8351,2,0
970,97.2128,262.331,2,0
971,276.099,94.3205,2,0
972,263.585,280.953,2,0
973,192.742,177.993,2,0
974,597.324,9.33521,2,0
975,476.808,20.1206,2,0
976,477.679,199.839,2,0
977,136.26,87.0107,2,0
978,80.5465,190.487,2,0
979,119.23,168.552,2,0
980,169.504,231.691,2,0
981,201.157,36.9095,2,0
982,217.27,146.208,2,0
983,222.954,12.5169,2,0
984,503.123,271.765,2,0
985,24.9399,47.1493,2,0
986,362.76,127.919,2,0
987,146.384,107.833,2,0
988,28.7044,287.608,2,0
989,563.218,175.427,2,0
990,153.968,169.642,2,0
991,470.315,25.0369,2,0
992,40.4636,279.96,2,0
993,170.492,144.321,2,0
994,229.826,86.9645,2,0
995,14.4544,32.9502,2,0
996,596.395,118.482,2,0
997,546.259,146.581,2,0
998,356.409,216.883,2,0
999,42.7447,283.408,2,0
1000,532.978,98.8013,2,0
1001,230.493,26.5737,2,0
1002,582.124,277.695,2,0
1003,563.831,26.7632,2,0
1004,346.181,213.432,2,0
1005,554.604,76.9849,2,0
1006,126.419,176.59,2,0
1007,129.309,91.1197,2,0
1008,497.347,60.067,2,0
1009,394.286,62.8152,2,0
1010,41.1096,229.868,2,0
1011,403.429,198.123,2,0
1012,333.766,40.8341,2,0
1013,104.541,248.643,2,0
1014,504.829,247.315,2,0
1015,0.421756,70.265,2,0
1016,179.329,211.541,2,0
1017,470.201,148.34,2,0
1018,126.592,115.877,2,0
1019,37.0233,46.8472,2,0
1020,366.555,278.206,2,0
1021,436.443,89.2035,2,0
1022,8.87514,229.742,2,0
1023,455.955,174.171,2,0
1024,215.892,57.57,2,0
1025,145.898,28.5909,2,0
1026,132.836,93.2415,2,0
1027,309.466,132.514,2,0
1028,557.736,191.558,2,0
1029,290.881,283.516,2,0
1030,269.327,22.3227,2,0
1031,371.662,292.341,2,0
1032,245.61,205.867,2,0
1033,79.8757,291.336,2,0
1034,245.538,16.2567,2,0
1035,521.751,128.857,2,0
1036,82.5866,237.862,2,0
1037,227.377,290.975,2,0
1038,481.156,89.6723,2,0
1039,314.8,39.0178,2,0
1040,41.4366,53.6351,2,0
1041,175.576,90.5407,2,0
1042,404.439,205.099,2,0
1043,416.73,290.914,2,0
1044,331.912,70.9502,2,0
1045,0.866276,264.932,2,0
1046,551.971,231.156,2,0
1047,474.02,151.627,2,0
1048,70.91,240.467,2,0
1049,421.307,101.247,2,0
1050,394.868,20.2282,2,0
1051,467.663,225.068,2,0
1052,457.304,246.563,2,0
1053,293.747,211.737,2,0
1054,533.038,51.0024,2,0
1055,553.007,148.957,2,0
1056,87.8883,43.6455,2,0
1057,318.508,113.662,2,0
1058,246.313,34.3947,2,0
1059,263.971,124.461,2,0
1060,469.286,59.4271,2,0
1061,387.785,133.845,2,0
1062,147.709,294.538,2,0
1063,460.776,260.696,2,0
1064,129.899,108.2,2,0
1065,330.809,2,2,0
1066,200.527,219.132,2,0
1067,555.561,53.213,2,0
1068,203.836,204.79,2,0
1069,203.958,216.943,2,0
1070,512.292,75.6354,2,0
1071,383.129,174.253,2,0
1072,33.2348,294.435,2,0
1073,184.823,171.538,2,0
1074,125.055,279.547,2,0
1075,84.0112,44.808,2,0
1076,443.476,259.235,2,0
1077,42.1322,125.489,2,0
1078,540.801,74.3061,2,0
1079,97.9014,16.2674,2,0
1080,360.878,146.049,2,0
1081,458.6,279.145,2,0
1082,27.4179,57.9191,2,0
1083,199.82,25.0149,2,0
1084,258.334,215.129,2,0
1085,291.204,175.735,2,0
1086,283.584,180.882,2,0
1087,345.73,113.295,2,0
1088,295.809,187.321,2,0
1089,125.167,23.8259,2,0
1090,137.445,216.785,2,0
1091,482.855,62.6104,2,0
1092,408.767,261.102,2,0
1093,13.3427,61.8547,2,0
1094,508.513,14.722,2,0
1095,273.138,276.041,2,0
1096,250.527,276.037,2,0
1097,488.833,285.407,2,0
1098,88.1221,9.51301,2,0
1099,126.276,268.943,2,0
1100,400.524,86.5895,2,0
1101,179.322,127.841,2,0
1102,454.616,143.534,2,0
1103,520.019,110.786,2,0
1104,472.897,283.562,2,0
1105,166.157,118.413,2,0
1106,262.212,224.99,2,0
1107,240.422,30.6392,2,0
1108,145.684,61.1426,2,0
1109,419.013,62.809,2,0
1110,344.83,5.51177,2,0
1111,2.10722,91.4581,2,0
1112,520.049,214.396,2,0
1113,94.3626,2,2,0
1114,35.9377,33.0258,2,0
1115,242.005,127.316,2,0
1116,526.498,201.461,2,0
1117,171.352,235.236,2,0
1118,326.816,36.6212,2,0
1119,224.44,54.3216,2,0
1120,397.807,202.402,2,0
1121,346.33,64.5416,2,0
1122,133.507,217.397,2,0
1123,206.872,23.649,2,0
1124,0.201047,134.201,2,0
1125,177.02,18.5795,2,0
1126,405.51,171.226,2,0
1127,331.657,66.6092,2,0
1128,316.685,269.121,2,0
1129,328.295,226.55,2,0
1130,444.838,283.808,2,0
1131,271.94,88.5609,2,0
1132,481.333,213.671,2,0
1133,399.925,128.459,2,0
1134,392.981,195.454,2,0
1135,232.885,23.0336,2,0
1136,594.386,139.757,2,0
1137,31.3291,245.684,2,0
1138,245.512,144.55,2,0
1139,3.25403,298,2,0
1140,119.229,194.809,2,0
1141,490.033,278.534,2,0
1142,286.874,283.72,2,0
1143,419.401,174.014,2,0
1144,180.642,205.113,2,0
1145,407.787,250.191,2,0
1146,98.2966,282.63,2,0
1147,272.368,92.64,2,0
1148,302.76,160.459,2,0
1149,85.0989,12.2643,2,0
1150,61.4732,23.0303,2,0
1151,597.777,183.914,2,0
1152,417.685,127.492,2,0
1153,432.153,140.105,2,0
1154,239.789,124.021,2,0
1155,319.439,186.696,2,0
1156,24.111,111.819,2,0
1157,541.621,273.265,2,0
1158,498.437,191.044,2,0
1159,54.4597,208.583,2,0
1160,73.9617,112.506,2,0
1161,218.217,229.044,2,0
1162,530.588,113.071,2,0
1163,75.5953,224.88,2,0
1164,222.732,94.6617,2,0
1165,67.762,122.959,2,0
1166,196.705,48.9955,2,0
1167,586.912,202.407,2,0
1168,112.757,146.891,2,0
1169,20.7802,232.409,2,0
1170,191.246,199.433,2,0
1171,72.3049,22.5155,2,0
1172,285.957,239.621,2,0
1173,502.15,280.765,2,0
1174,171.875,157.985,2,0
1175,333.468,276.681,2,0
1176,143.594,46.1672,2,0
1177,193.075,203.084,2,0
1178,50.5579,154.883,2,0
1179,228.777,114.383,2,0
1180,376.704,195.571,2,0
1181,245.656,23.5027,2,0
1182,292.161,79.6311,2,0
1183,162.276,275.106,2,0
1184,344.515,99.7964,2,0
1185,555.883,24.8394,2,0
1186,89.2375,219.724,2,0
1187,21.4926,212.034,2,0
1188,367.092,73.9016,2,0
1189,160.833,149.293,2,0
1190,475.594,294.579,2,0
1191,569.819,232.395,2,0
1192,578.428,70.1122,2,0
1193,570.077,143.868,2,0
1194,247.833,148.031,2,0
1195,31.3564,86.4536,2,0
1196,332.433,226.505,2,0
1197,57.9999,247.322,2,0
1198,183.423,89.2124,2,0
1199,20.4704,19.771,2,0
1200,581.774,117.286,2,0
1201,463.132,287.724,2,0
1202,353.366,256.452,2,0
1203,199.914,290.851,2,0
1204,291.214,123.2,2,0
1205,8.35689,149.159,2,0
1206,168.722,5.43744,2,0
1207,498.306,117.092,2,0
1208,570.193,177.635,2,0
1209,337.021,298,2,0
1210,284.059,33.9405,2,0
1211,6.45153,80.182,2,0
1212,360.607,235.021,2,0
1213,325.501,44.7729,2,0
1214,137.144,238.431,2,0
1215,562.713,103.412,2,0
1216,516.829,52.7828,2,0
1217,224.041,50.3173,2,0
1218,126.836,204.393,2,0
1219,82.1919,220.439,2,0
1220,258.975,188.229,2,0
1221,226.784,209.453,2,0
1222,79.6977,298,2,0
1223,364.352,188.61,2,0
1224,540.02,60.8508,2,0
1225,438.867,273.293,2,0
1226,356.274,202.757,2,0
1227,348.977,12.5969,2,0
1228,285.514,71.1502,2,0
1229,344.525,219.125,2,0
1230,581.09,105.339,2,0
1231,114.082,100.85,2,0
1232,343.577,121.679,2,0
1233,42.7746,204.413,2,0
1234,190.01,127.087,2,0
1235,302.528,239.014,2,0
1236,584.274,2,2,0
1237,511.398,11.5916,2,0
1238,105.07,197.724,2,0
1239,170.702,108.494,2,0
1240,34.8407,79.0606,2,0
1241,74.6198,2,2,0
1242,598.646,142.825,2,0
1243,378.651,161.108,2,0
1244,16.0506,146.53,2,0
1245,536.03,79.5461,2,0
1246,84.8811,66.3709,2,0
1247,494.338,244.904,2,0
1248,483.392,280.818,2,0
1249,257.1,57.4375,2,0
1250,359.913,160.635,2,0
1251,343.927,132.421,2,0
1252,540.627,176.674,2,0
1253,350.274,224.564,2,0
1254,320.44,283.526,2,0
1255,314.203,230.216,2,0
1256,263.316,202.113,2,0
1257,266.296,247.094,2,0
1258,456.65,225.064,2,0
1259,150.568,283.9,2,0
1260,422.35,238.348,2,0
1261,181.889,262.707,2,0
1262,61.6778,27.2546,2,0
1263,548.696,128.267,2,0
1264,550.095,145.832,2,0
1265,159.928,289.127,2,0
1266,330.961,279.942,2,0
1267,132.575,80.9043,2,0
1268,39.4304,122.479,2,0
1269,298.857,281.823,2,0
1270,184.918,85.3194,2,0
1271,328.622,161.661,2,0
1272,131.809,68.9393,2,0
1273,6.68415,94.6427,2,0
1274,243.233,219.61,2,0
1275,146.059,72.1858,2,0
1276,107.545,122.449,2,0
1277,284.606,127.871,2,0
1278,292.094,160.399,2,0
1279,221.567,247.805,2,0
1280,81.7228,157.378,2,0
1281,444.789,206.922,2,0
1282,529.911,127.941,2,0
1283,195.944,81.7685,2,0
1284,396.686,96.6157,2,0
1285,345.268,284.317,2,0
1286,287.136,146.868,2,0
1287,547.493,142.851,2,0
1288,131.283,170.1,2,0
1289,305.759,148.418,2,0
1290,544.49,176.057,2,0
1291,66.664,275.347,2,0
1292,214.463,210.553,2,0
1293,241.73,41.4339,2,0
1294,448.826,206.764,2,0
1295,208.449,40.2348,2,0
1296,429.692,159.887,2,0
1297,469.322,180.413,2,0
1298,49.6541,41.8199,2,0
1299,213.073,16.1843,2,0
1300,55.0047,124.6,2,0
1301,24.6091,75.9745,2,0
1302,328.964,46.5904,2,0
1303,86.0015,222.132,2,0
1304,138.494,195.979,2,0
1305,200.695,162.178,2,0
1306,380.896,195.579,2,0
1307,159.685,267.489,2,0
1308,158.026,87.0552,2,0
1309,250.655,265.15,2,0
1310,3.75778,159.766,2,0
1311,342.406,110.719,2,0
1312,133.743,184.669,2,0
1313,333.793,192.475,2,0
1314,381.567,212.537,2,0
1315,267.597,69.6838,2,0
1316,365.443,28.4067,2,0
1317,306.579,30.0659,2,0
1318,283.229,148.392,2,0
1319,269.656,28.0686,2,0
1320,430.62,273.031,2,0
1321,546.499,243.26,2,0
1322,299.23,259.174,2,0
1323,409.693,278.617,2,0
1324,58.1858,122.091,2,0
1325,11.0471,212.072,2,0
1326,308.79,294.117,2,0
1327,468.662,125.705,2,0
1328,317.603,131.098,2,0
1329,10.6236,44.3352,2,0
1330,102.374,9.12613,2,0
1331,355.675,86.9392,2,0
1332,187.165,120.558,2,0
1333,162.705,176.646,2,0
1334,374.17,70.1684,2,0
1335,2.71275,51.7218,2,0
1336,11.1232,129.817,2,0
1337,337.613,177.775,2,0
1338,355.931,294.563,2,0
1339,131.204,276.085,2,0
1340,582.674,136.434,2,0
1341,137.138,156.706,2,0
1342,92.2608,138.297,2,0
1343,148.266,238.063,2,0
1344,438.564,287.181,2,0
1345,418.56,131.525,2,0
1346,207.592,234.987,2,0
1347,299.536,216.223,2,0
1348,88.6481,56.3675,2,0
1349,523.406,207.92,2,0
1350,312.859,130.349,2,0
1351,375.383,2,2,0
1352,475.305,279.672,2,0
1353,598.143,298,2,0
1354,52.9821,183.956,2,0
1355,389.609,12.59,2,0
1356,194.59,89.8553,2,0
1357,205.357,55.1304,2,0
1358,81.3293,175.96,2,0
1359,396.446,163.035,2,0
1360,363.165,109.314,2,0
1361,314.197,215.99,2,0
1362,553.275,49.7454,2,0
1363,94.5293,134.493,2,0
1364,267.597,209.174,2,0
1365,556.209,68.8893,2,0
1366,322.652,26.7487,2,0
1367,54.0979,223.039,2,0
1368,100.975,268.262,2,0
1369,118.894,38.2902,2,0
1370,134.886,62.7953,2,0
1371,447.685,183.551,2,0
1372,356.013,167.521,2,0
1373,30.5474,143.929,2,0
1374,438.365,37.1502,2,0
1375,31.3043,298,2,0
1376,431.639,121.468,2,0
1377,121.399,53.8684,2,0
1378,85.499,158.821,2,0
1379,452.458,5.62006,2,0
1380,266.497,105.56,2,0
1381,161.554,206.12,2,0
1382,460.68,207.6,2,0
1383,426.8,157.095,2,0
1384,263.497,31.7354,2,0
1385,236.408,106.736,2,0
1386,14.0241,234.523,2,0
1387,484.714,77.0185,2,0
1388,549.997,124.367,2,0
1389,485.448,98.676,2,0
1390,318.834,38.211,2,0
1391,460.006,164.117,2,0
1392,176.882,5.48677,2,0
1393,111.715,79.1802,2,0
1394,486.937,263.185,2,0
1395,331.335,252.811,2,0
1396,119.881,125.834,2,0
1397,301.112,168.494,2,0
1398,372.664,144.004,2,0
1399,411.526,133.083,2,0
1400,454.459,264.02,2,0
1401,295.346,110.602,2,0
1402,204.748,48.1747,2,0
1403,202.716,69.6723,2,0
1404,505.651,78.2409,2,0
1405,36.8035,93.3728,2,0
1406,155.778,155.687,2,0
1407,344.442,42.7728,2,0
1408,186.635,44.8947,2,0
1409,220.895,9.00937,2,0
1410,226.482,124.491,2,0
1411,576.47,34.2039,2,0
1412,79.0527,35.212,2,0
1413,298.336,277.745,2,0
1414,168.142,294.505,2,0
1415,404.787,14.3045,2,0
1416,207.602,288.609,2,0
1417,57.9994,222.088,2,0
1418,53.6987,157.324,2,0
1419,315.54,103.318,2,0
1420,17.2256,90.3289,2,0
1421,379.922,71.7679,2,0
1422,224.26,107.629,2,0
1423,61.7423,112.242,2,0
1424,252.961,204.346,2,0
1425,349.3,283.987,2,0
1426,458.117,232.615,2,0
1427,201.317,253.455,2,0
1428,165.488,231.444,2,0
1429,183.487,33.2323,2,0
1430,496.298,287.573,2,0
1431,528.059,2,2,0
1432,128.796,78.9432,2,0
1433,0.106795,294.588,2,0
1434,445.362,165.104,2,0
1435,468.807,283.528,2,0
1436,516.008,2,2,0
1437,42.5412,262.117,2,0
1438,519.347,235.448,2,0
1439,272.166,269.076,2,0
1440,124.954,48.2369,2,0
1441,302.631,261.358,2,0
1442,427.198,171.705,2,0
1443,105.631,179.516,2,0
1444,430.538,208.265,2,0
1445,81.6498,133.858,2,0
1446,144.376,66.7737,2,0
1447,429.492,255.321,2,0
1448,15.9213,25.0165,2,0
1449,247.417,75.6084,2,0
1450,256.401,65.5441,2,0
1451,362.179,120.859,2,0
1452,19.2888,267.077,2,0
1453,492.032,103.625,2,0
1454,402.946,72.802,2,0
1455,586.69,57.9149,2,0
1456,148.59,147.674,2,0
1457,591.639,290.492,2,0
1458,493.062,11.1753,2,0
1459,75.9146,116.098,2,0
1460,57.6694,140.752,2,0
1461,582.269,213.481,2,0
1462,465.398,88.5638,2,0
1463,349.702,112.372,2,0
1464,221.497,136.587,2,0
1465,330.455,58.302,2,0
1466,505.466,230.981,2,0
1467,516.029,111.12,2,0
1468,263.161,188.061,2,0
1469,558.291,195.521,2,0
1470,512.679,294.538,2,0
1471,374.002,74.1771,2,0
1472,287.46,298,2,0
1473,110.697,68.4507,2,0
1474,377.806,86.4935,2,0
1475,260.622,21.459,2,0
1476,432.494,283.607,2,0
1477,280.53,273.57,2,0
1478,443.607,85.6348,2,0
1479,427.899,105.61,2,0
1480,517.237,156.321,2,0
1481,467.597,38.3886,2,0
1482,565.076,95.6949,2,0
1483,567.716,83.7307,2,0
1484,66.3798,201.238,2,0
1485,287.333,229.783,2,0
1486,371.025,254.634,2,0
1487,157.834,187.687,2,0
1488,356.608,71.3781,2,0
1489,285.344,52.0112,2,0
1490,260.333,65.5805,2,0
1491,547.219,179.037,2,0
1492,245.249,48.5609,2,0
1493,177.655,168.489,2,0
1494,173.05,196.634,2,0
1495,145.843,168.569,2,0
1496,113.626,232.179,2,0
1497,97.8346,246.419,2,0
1498,58.565,276.276,2,0
1499,368.148,49.6769,2,0
1500,390.095,99.1169,2,0
1501,393.323,252.245,2,0
1502,526.167,216.506,2,0
1503,43.037,138.928,2,0
1504,160.71,5.58999,2,0
1505,476.704,273.758,2,0
1506,394.938,255.935,2,0
1507,376.652,104.608,2,0
1508,45.7128,164.417,2,0
1509,48.9378,166.91,2,0
1510,443.115,294.544,2,0
1511,8.03542,9.30354,2,0
1512,470.877,119.202,2,0
1513,439.22,186.701,2,0
1514,505.402,108.878,2,0
1515,176.526,268.095,2,0
1516,261.864,143.598,2,0
1517,10.873,295.546,2,0
1518,28.8283,234.157,2,0
1519,36.4223,280.092,2,0
1520,93.1186,80.1865,2,0
1521,136.192,163.568,2,0
1522,470.715,258.354,2,0
1523,119.377,18.1694,2,0
1524,40.8494,92.8492,2,0
1525,398.132,27.3146,2,0
1526,255.821,147.571,2,0
1527,283.166,12.4791,2,0
1528,85.9529,51.5087,2,0
1529,212.821,104.939,2,0
1530,349.221,79.0381,2,0
1531,73.6637,243.419,2,0
1532,491.319,203.766,2,0
1533,449.268,298,2,0
1534,388.902,220.856,2,0
1535,499.28,23.6832,2,0
1536,342.015,206.419,2,0
1537,234.327,134.934,2,0
1538,447.493,111.889,2,0
1539,385.919,75.4129,2,0
1540,177.962,232.171,2,0
1541,11.355,237.422,2,0
1542,532.241,20.3433,2,0
1543,256.092,87.4061,2,0
1544,32.9024,26.6623,2,0
1545,311.799,121.392,2,0
1546,598.78,107.183,2,0
1547,152.312,165.946,2,0
1548,117.349,231.343,2,0
1549,173.321,70.9753,2,0
1550,374.461,236.961,2,0
1551,211.772,185.536,2,0
1552,319.671,167.374,2,0
1553,248.505,225.564,2,0
1554,84.4392,173.208,2,0
1555,535.214,86.1559,2,0
1556,590.763,182.555,2,0
1557,549.106,240.107,2,0
1558,412.509,12.075,2,0
1559,374.293,248.282,2,0
1560,140.234,270.691,2,0
1561,48.417,217.238,2,0
1562,214.537,218.951,2,0
1563,189.239,237.031,2,0
1564,279.169,126.612,2,0
1565,60.7916,138.235,2,0
1566,267.86,78.5721,2,0
1567,184.892,25.9095,2,0
1568,65.8986,245.362,2,0
1569,11.96,281.719,2,0
1570,541.294,25.6005,2,0
1571,431.034,294.495,2,0
1572,166.239,217.321,2,0
1573,17.4074,290.686,2,0
1574,279.013,83.6572,2,0
1575,119.1,241.666,2,0
1576,221.532,53.5951,2,0
1577,535.887,276.801,2,0
1578,225.474,40.2588,2,0
1579,257.152,278.378,2,0
1580,404.973,186.781,2,0
1581,197.324,229.493,2,0
1582,494.798,106.89,2,0
1583,320.662,163.547,2,0
1584,66.1326,170.456,2,0
1585,519.873,2,2,0
1586,200.398,210.92,2,0
1587,533.882,72.8982,2,0
1588,593.886,112.22,2,0
1589,200.001,298,2,0
1590,570.815,280.6,2,0
1591,229.047,9.02822,2,0
1592,18.7838,43.9506,2,0
1593,95.1336,106.691,2,0
1594,402.981,22.1974,2,0
1595,104.288,12.5248,2,0
1596,557.906,64.2362,2,0
1597,193.791,227.488,2,0
1598,521.139,155.559,2,0
1599,258.965,13.3762,2,0
1600,516.526,263.104,2,0
1601,309.792,257.752,2,0
1602,228.105,29.9053,2,0
1603,356.939,250.452,2,0
1604,514.402,118.942,2,0
1605,450.45,263.872,2,0
1606,245.286,269.802,2,0
1607,108.882,61.7346,2,0
1608,434.537,224.196,2,0
1609,437.105,68.8136,2,0
1610,456.719,53.5212,2,0
1611,177.322,113.266,2,0
1612,586.516,237.858,2,0
1613,209.61,138.136,2,0
1614,59.5575,254.218,2,0
1615,275.45,194.995,2,0
1616,461.391,246.66,2,0
1617,47.6903,298,2,0
1618,259.418,140.06,2,0
1619,4.36027,41.0737,2,0
1620,527.357,269.928,2,0
1621,198.357,115.825,2,0
1622,57.3914,290.423,2,0
1623,577.561,87.9669,2,0
1624,178.889,2,2,0
1625,382.661,216.425,2,0
1626,508.363,196.792,2,0
1627,117.835,288.44,2,0
1628,299.489,298,2,0
1629,495.39,23.0368,2,0
1630,289.237,172.235,2,0
1631,533.311,192.649,2,0
1632,282.033,65.08,2,0
1633,384.929,195.491,2,0
1634,468.639,235.842,2,0
1635,356.402,40.9643,2,0
1636,27.7385,64.8198,2,0
1637,468.71,52.462,2,0
1638,229.13,226.539,2,0
1639,573.063,74.5148,2,0
1640,312.07,125.465,2,0
1641,2.8137,137.094,2,0
1642,77.5005,193.117,2,0
1643,269.505,205.562,2,0
1644,258.494,219.143,2,0
1645,383.563,2,2,0
1646,183.775,158.002,2,0
1647,22.3865,225.644,2,0
1648,566.227,5.36113,2,0
1649,109.527,233.048,2,0
1650,274.071,159.306,2,0
1651,359.924,273.885,2,0
1652,593.274,135.798,2,0
1653,125.445,262.444,2,0
1654,65.9564,98.3852,2,0
1655,506.701,181.087,2,0
1656,132.907,173.899,2,0
1657,44.8417,128.274,2,0
1658,67.8871,115.928,2,0
1659,360.02,156.528,2,0
1660,407.908,144.607,2,0
1661,251.933,231.691,2,0
1662,184.799,175.515,2,0
1663,354.013,164.144,2,0
1664,378.269,236.091,2,0
1665,156.541,14.2085,2,0
1666,575.864,95.8806,2,0
1667,522.741,162.383,2,0
1668,133.091,156.175,2,0
1669,50.3004,269.178,2,0
1670,506.019,88.9594,2,0
1671,331.509,257.37,2,0
1672,7.73685,199.388,2,0
1673,131.306,141.038,2,0
1674,165.02,139.946,2,0
1675,303.686,27.1845,2,0
1676,300.76,274.438,2,0
1677,405.965,271.394,2,0
1678,241.768,95.8058,2,0
1679,43.2788,96.0516,2,0
1680,1.60764,182.454,2,0
1681,39.5536,31.2895,2,0
1682,240.822,137.951,2,0
1683,342.899,8.97776,2,0
1684,208.957,192.305,2,0
1685,37.1447,82.3076,2,0
1686,202.155,196.996,2,0
1687,568.59,243.096,2,0
1688,174.526,46.2016,2,0
1689,18.6692,176.112,2,0
1690,164.218,168.588,2,0
1691,80.2806,102.013,2,0
1692,291.782,131.688,2,0
1693,555.435,130.46,2,0
1694,142.657,11.3262,2,0
1695,209.39,102.762,2,0
1696,444.927,276.838,2,0
1697,160.829,57.3236,2,0
1698,573.95,176.6,2,0
1699,181.255,238.032,2,0
1700,240.029,37.7733,2,0
1701,220.923,2,2,0
1702,462.324,112.646,2,0
1703,289.664,279.675,2,0
1704,301.68,41.1655,2,0
1705,5.78942,176.639,2,0
1706,218.148,220.89,2,0
1707,510.451,43.2844,2,0
1708,424.69,79.8149,2,0
1709,202.901,249.665,2,0
1710,595.324,168.467,2,0
1711,100.495,5.52368,2,0
1712,591.804,105.426,2,0
1713,570.7,86.4845,2,0
1714,426.926,247.8,2,0
1715,294.593,106.63,2,0
1716,331.42,248.611,2,0
1717,148.868,193.657,2,0
1718,169.876,136.532,2,0
1719,185.223,96.6519,2,0
1720,27.633,16.1649,2,0
1721,422.708,242.308,2,0
1722,572.873,93.2478,2,0
1723,213.552,284.07,2,0
1724,91.0129,233.525,2,0
1725,96.3308,239.468,2,0
1726,181.705,11.9822,2,0
1727,206.478,44.1447,2,0
1728,111.572,132.791,2,0
1729,268.464,7.64297,2,0
1730,499.546,187.117,2,0
1731,81.176,10.7649,2,0
1732,51.2469,151.045,2,0
1733,360.312,220.841,2,0
1734,483.793,106.658,2,0
1735,203.896,298,2,0
1736,419.03,240.678,2,0
1737,358.163,178.094,2,0
1738,27.375,266.796,2,0
1739,196.988,127.916,2,0
1740,217.589,283.639,2,0
1741,143.646,153.899,2,0
1742,180.78,49.3785,2,0
1743,374.953,38.1082,2,0
1744,30.274,23.5619,2,0
1745,344.447,158.557,2,0
1746,179.518,259.42,2,0
1747,546.299,287.533,2,0
1748,324.374,75.431,2,0
1749,474.197,147.601,2,0
1750,498.186,155.452,2,0
1751,366.355,206.16,2,0
1752,245.226,280.494,2,0
1753,265.615,49.8241,2,0
1754,265.339,93.2991,2,0
1755,505.061,52.8554,2,0
1756,199.539,239.248,2,0
1757,326.628,294.306,2,0
1758,483.791,251.515,2,0
1759,392.156,266.714,2,0
1760,400.666,97.3262,2,0
1761,359.018,108.679,2,0
1762,170.756,2,2,0
1763,459.372,115.452,2,0
1764,240.622,244.966,2,0
1765,187.903,280.207,2,0
1766,138.413,108.005,2,0
1767,295.667,137.297,2,0
1768,206.827,281.683,2,0
1769,284.508,140.226,2,0
1770,362.486,213.263,2,0
1771,180.482,150.551,2,0
1772,463.625,63.5759,2,0
1773,232.346,106.996,2,0
1774,475.694,37.8207,2,0
1775,192.744,151.894,2,0
1776,226.189,271.584,2,0
1777,536.785,194.463,2,0
1778,67.1252,155.746,2,0
1779,237.553,287.42,2,0
1780,350.104,199.307,2,0
1781,99.48,161.486,2,0
1782,62.0066,246.44,2,0
1783,369.938,117.797,2,0
1784,558.313,256.194,2,0
1785,434.283,30.1399,2,0
1786,478.158,28.1162,2,0
1787,351.936,174.638,2,0
1788,460.315,152.88,2,0
1789,320.079,34.4196,2,0
1790,202.95,174.377,2,0
1791,203.271,142.268,2,0
1792,377.315,26.5611,2,0
1793,14.1641,155.026,2,0
1794,438.6,51.0919,2,0
1795,150.697,23.4751,2,0
1796,541.495,70.2691,2,0
1797,93.6314,236.41,2,0
1798,169.45,161.256,2,0
1799,51.4273,201.565,2,0
1800,90.6383,31.2974,2,0
1801,136.436,91.0612,2,0
1802,87.6389,170.574,2,0
1803,82.8098,241.945,2,0
1804,138.51,178.081,2,0
1805,584.796,195.71,2,0
1806,444.689,40.749,2,0
1807,183.93,15.4903,2,0
1808,543.133,111.438,2,0
1809,509.243,220.896,2,0
1810,441.163,68.5749,2,0
1811,301.539,246.341,2,0
1812,273.52,251.101,2,0
1813,137.845,16.4576,2,0
1814,315.236,107.319,2,0
1815,589.035,194.43,2,0
1816,213.316,139.896,2,0
1817,534.183,217.069,2,0
1818,157.253,99.215,2,0
1819,202.177,73.5986,2,0
1820,371.056,110.825,2,0
1821,503.01,276.873,2,0
1822,214.87,12.597,2,0
1823,364.423,124.144,2,0
1824,544.238,220.043,2,0
1825,29.681,270.051,2,0
1826,62.6075,231.721,2,0
1827,133.604,290.715,2,0
1828,482.291,287.78,2,0
1829,259.611,255.572,2,0
1830,457.574,90.7774,2,0
1831,199.613,59.3074,2,0
1832,232.272,30.2685,2,0
1833,176.908,183.218,2,0
1834,10.0898,156.111,2,0
1835,38.8413,178.028,2,0
1836,491.559,21.8618,2,0
1837,84.2709,8.40652,2,0
1838,221.563,218.899,2,0
1839,396.801,107.294,2,0
1840,396.202,181.431,2,0
1841,339.726,23.1898,2,0
1842,575.964,167.802,2,0
1843,304.911,23.3466,2,0
1844,106.508,23.1555,2,0
1845,332.396,205.24,2,0
1846,538.308,40.1202,2,0
1847,421.996,179.125,2,0
1848,292.698,117.227,2,0
1849,39.9026,27.2968,2,0
1850,350.121,140.95,2,0
1851,224.835,46.3922,2,0
1852,20.5561,288.031,2,0
1853,95.1484,243.444,2,0
1854,288.355,243.044,2,0
1855,296.903,61.4129,2,0
1856,563.222,70.5083,2,0
1857,310.335,2,2,0
1858,515.347,94.0325,2,0
1859,344.549,242.216,2,0
1860,537.457,236.883,2,0
1861,352.424,89.3,2,0
1862,227.666,100.313,2,0
1863,54.5309,120.668,2,0
1864,427.304,197.015,2,0
1865,499.253,278.285,2,0
1866,93.2541,183.294,2,0
1867,583.964,110.788,2,0
1868,296.123,73.6364,2,0
1869,98.7851,201.296,2,0
1870,12.2733,181.39,2,0
1871,202.182,165.92,2,0
1872,142.054,150.228,2,0
1873,27.4331,169.853,2,0
1874,423.4,139.794,2,0
1875,564.561,267.99,2,0
1876,535.315,182.376,2,0
1877,188.87,49.4043,2,0
1878,178.941,32.3389,2,0
1879,153.087,176.598,2,0
1880,505.559,202.707,2,0
1881,270.125,253.079,2,0
1882,16.4671,142.434,2,0
1883,34.3916,127.328,2,0
1884,528.221,51.8901,2,0
1885,349.497,74.9988,2,0
1886,76.1872,74.7454,2,0
1887,11.2733,197.476,2,0
1888,85.8388,16.2131,2,0
1889,3.83438,225.013,2,0
1890,591.493,178.569,2,0
1891,306.834,185.571,2,0
1892,349.499,49.0518,2,0
1893,534.587,69.0213,2,0
1894,55.3069,102.065,2,0
1895,1.34736,26.5708,2,0
1896,224.684,237.941,2,0
1897,574.913,40.1234,2,0
1898,298.896,130.992,2,0
1899,376.367,142.575,2,0
1900,413.448,228.962,2,0
1901,172.859,279.599,2,0
1902,38.7592,163.411,2,0
1903,588.785,265.903,2,0
1904,325.795,183.818,2,0
1905,345.437,49.6201,2,0
1906,393.288,274.456,2,0
1907,65.8372,105.194,2,0
1908,222.033,74.4403,2,0
1909,193.431,215.235,2,0
1910,462.307,17.7658,2,0
1911,546.464,157.517,2,0
1912,138.13,246.426,2,0
1913,335.315,22.2815,2,0
1914,497.639,255.006,2,0
1915,175.694,282.547,2,0
1916,413.581,70.9011,2,0
1917,527.081,209.55,2,0
1918,264.07,63.5666,2,0
1919,545.402,68.8811,2,0
1920,447.615,79.6397,2,0
1921,4.65136,239.611,2,0
1922,530.359,254.708,2,0
1923,557.969,268.426,2,0
1924,188.857,26.6834,2,0
1925,80.4658,245.429,2,0
1926,69.8983,244.416,2,0
1927,485.978,277.808,2,0
1928,153.683,141.159,2,0
1929,119.031,276.726,2,0
1930,94.5843,38.3041,2,0
1931,187.996,138.685,2,0
1932,96.1,228.801,2,0
1933,349.127,59.8276,2,0
1934,7.15089,267.989,2,0
1935,481.605,298,2,0
1936,263.05,181.126,2,0
1937,460.724,5.5782,2,0
1938,131.547,152.35,2,0
1939,590.533,212.591,2,0
1940,1.61399,109.995,2,0
1941,47.1308,23.5976,2,0
1942,273.969,132.661,2,0
1943,466.647,132.52,2,0
1944,130.481,177.077,2,0
1945,504.441,294.501,2,0
1946,279.268,48.3964,2,0
1947,183.474,259.012,2,0
1948,495.848,176.999,2,0
1949,116.964,26.7993,2,0
1950,269.059,162.881,2,0
1951,399.473,231.121,2,0
1952,418.102,110.231,2,0
1953,517.538,107.427,2,0
1954,72.202,94.9007,2,0
1955,234.9,170.486,2,0
1956,216.209,102.846,2,0
1957,384.758,188.45,2,0
1958,551.261,120.601,2,0
1959,462.37,145.992,2,0
1960,287.143,13.1175,2,0
1961,483.871,265.964,2,0
1962,497.225,124.821,2,0
1963,515.33,291.431,2,0
1964,218.964,80.3763,2,0
1965,583.572,93.4355,2,0
1966,288.978,157.622,2,0
1967,172.919,214.464,2,0
1968,402.702,285.916,2,0
1969,96.782,204.847,2,0
1970,174.153,152.919,2,0
1971,406.512,264.287,2,0
1972,423.196,191.298,2,0
1973,557.969,133.537,2,0
1974,179.201,15.1878,2,0
1975,85.9942,294.572,2,0
1976,54.2338,23.8889,2,0
1977,180.509,193.678,2,0
1978,113.3,191.004,2,0
1979,330.834,24.4656,2,0
1980,365.265,19.4784,2,0
1981,6.69998,260.857,2,0
1982,535.795,186.365,2,0
1983,143.31,189.479,2,0
1984,482.397,96.0985,2,0
1985,24.3669,180.173,2,0
1986,39.8227,155.352,2,0
1987,6.1162,139.68,2,0
1988,410.975,74.086,2,0
1989,380.952,207.793,2,0
1990,383.935,115.487,2,0
1991,535.294,54.2693,2,0
1992,99.0312,194.179,2,0
1993,35.7,37.0856,2,0
1994,322.217,208.888,2,0
1995,273.391,184.411,2,0
1996,595.657,73.382,2,0
1997,512.488,227.104,2,0
1998,469.718,201.766,2,0
1999,267.635,122.746,2,0
2000,384.363,131.685,2,0
2001,334.582,208.7,2,0
2002,544.274,290.954,2,0
2003,149.213,117.882,2,0
2004,489.924,63.243,2,0
2005,412.894,261.428,2,0
2006,78.1359,105.509,2,0
2007,393.202,145.679,2,0
2008,64.7393,19.7966,2,0
2009,326.157,194.858,2,0
2010,74.4671,81.6807,2,0
2011,340.585,219.278,2,0
2012,249.322,269.025,2,0
2013,144.867,268.677,2,0
2014,214.578,36.214,2,0
2015,436.8,112.05,2,0
2016,355.961,273.7,2,0
2017,537.846,33.0584,2,0
2018,277.148,51.9225,2,0
2019,587.492,92.1629,2,0
2020,318.672,27.4703,2,0
2021,125.815,92.7917,2,0
2022,16.7467,172.469,2,0
2023,198.693,267.896,2,0
2024,0.673151,99.2577,2,0
2025,162.424,210.159,2,0
2026,506.546,290.969,2,0
2027,133.413,237.076,2,0
2028,222.626,42.9404,2,0
2029,217.897,21.6299,2,0
2030,162.566,60.8837,2,0
2031,583.903,31.2606,2,0
2032,232.305,276.791,2,0
2033,561.666,18.9368,2,0
2034,194.933,103.861,2,0
2035,503.452,91.9874,2,0
2036,96.9833,258.331,2,0
2037,4.54561,188.909,2,0
2038,193.345,182.005,2,0
2039,130.617,294.66,2,0
2040,368.434,220.326,2,0
2041,13.1256,140.226,2,0
2042,428.444,54.9172,2,0
2043,564.141,218.687,2,0
2044,164.744,5.7904,2,0
2045,366.276,163.815,2,0
2046,143.55,7.41234,2,0
2047,91.8103,175.527,2,0
2048,551.16,280.115,2,0
2049,244.548,68.0452,2,0
2050,408.851,27.6184,2,0
2051,109.022,197.861,2,0
2052,553.558,185.944,2,0
2053,295.662,274.739,2,0
2054,164.212,249.982,2,0
2055,435.176,251.473,2,0
2056,532.857,120.417,2,0
2057,524.521,50.1093,2,0
2058,187.666,240.751,2,0
2059,416.444,78.6112,2,0
2060,363.491,75.76,2,0
2061,95.4629,175.733,2,0
2062,23.0355,147.251,2,0
2063,596.919,240.316,2,0
2064,483.901,191.137,2,0
2065,492.381,199.771,2,0
2066,257.011,80.3985,2,0
2067,2.74198,210.072,2,0
2068,551.015,263.965,2,0
2069,463.981,120.612,2,0
2070,325.627,114.174,2,0
2071,201.078,77.5088,2,0
2072,551.859,9.03849,2,0
2073,336.369,145.046,2,0
2074,410.554,264.754,2,0
2075,179.555,74.3453,2,0
2076,353.831,93.1105,2,0
2077,569.709,256.932,2,0
2078,367.221,170.472,2,0
2079,175.569,74.5247,2,0
2080,546.227,280.455,2,0
2081,279.214,204.036,2,0
2082,230.94,117.629,2,0
2083,114.23,150.707,2,0
2084,257.679,90.6908,2,0
2085,98.6246,38.3314,2,0
2086,571.182,101.242,2,0
2087,97.0809,79.2258,2,0
2088,440.43,26.6853,2,0
2089,230.151,91.1551,2,0
2090,27.0631,50.7128,2,0
2091,422.846,187.239,2,0
2092,526.078,197.393,2,0
2093,456.729,12.5566,2,0
2094,277.392,13.0283,2,0
2095,581.298,207.733,2,0
2096,206.123,260.032,2,0
2097,140.383,111.5,2,0
2098,166.022,253.604,2,0
2099,563.246,107.359,2,0
2100,248.429,130.308,2,0
2101,320.12,85.3381,2,0
2102,396.189,266.985,2,0
2103,563.341,229.417,2,0
2104,296.225,290.496,2,0
2105,372.463,114.624,2,0
2106,473.104,271.908,2,0
2107,505.9,214.826,2,0
2108,94.541,208.269,2,0
2109,84.4734,86.6865,2,0
2110,442.739,168.07,2,0
2111,416.217,13.585,2,0
2112,284.632,287.086,2,0
2113,54.1801,19.7662,2,0
2114,38.9055,43.4009,2,0
2115,461.018,253.614,2,0
2116,448.859,253.245,2,0
2117,43.1609,157.844,2,0
2118,562.319,154.03,2,0
2119,8.37444,76.6602,2,0
2120,397.868,270.716,2,0
2121,41.4804,5.46355,2,0
2122,354.694,55.4503,2,0
2123,486.238,208.68,2,0
2124,410.408,113.294,2,0
2125,338.877,2,2,0
2126,537.636,57.5719,2,0
2127,491.525,150.796,2,0
2128,114.529,16.0744,2,0
2129,526.574,161.485,2,0
2130,476.219,44.6619,2,0
2131,98.0142,278.581,2,0
2132,230.609,211.036,2,0
2133,2.62832,261.18,2,0
2134,488.71,101.197,2,0
2135,409.546,70.1781,2,0
2136,447.054,87.7971,2,0
2137,4.96328,98.2682,2,0
2138,80.4658,25.2561,2,0
2139,326.91,279.787,2,0
2140,121.377,136.576,2,0
2141,267.31,38.9486,2,0
2142,260.898,177.689,2,0
2143,224.028,189.455,2,0
2144,28.3953,244.917,2,0
2145,148.002,35.2891,2,0
2146,165.088,282.709,2,0
2147,345.893,103.557,2,0
2148,92.5911,244.451,2,0
2149,576.176,152.952,2,0
2150,144.684,18.0196,2,0
2151,21.699,68.4915,2,0
2152,230.501,110.778,2,0
2153,65.437,23.7683,2,0
2154,544.562,251.506,2,0
2155,205.875,252.36,2,0
2156,545.56,57.3762,2,0
2157,467.941,165.692,2,0
2158,556.394,290.975,2,0
2159,421.913,72.3079,2,0
2160,35.4448,2,2,0
2161,308.692,56.256,2,0
2162,248.08,241.904,2,0
2163,345.024,12.5404,2,0
2164,382.793,192.007,2,0
2165,340.55,291.323,2,0
2166,227.448,60.4615,2,0
2167,241.42,145.002,2,0
2168,428.793,80.9211,2,0
2169,403.655,43.8013,2,0
2170,187.421,193.465,2,0
2171,336.522,290.818,2,0
2172,106.385,294.46,2,0
2173,541.09,50.3369,2,0
2174,303.538,298,2,0
2175,299.668,71.9122,2,0
2176,443.194,235.569,2,0
2177,379.451,232.077,2,0
2178,133.236,279.64,2,0
2179,593.905,185.265,2,0
2180,363.433,116.965,2,0
2181,407.15,62.3869,2,0
2182,214.042,20.1296,2,0
2183,571.229,127.262,2,0
2184,470.798,2,2,0
2185,460.632,138.034,2,0
2186,196.393,264.558,2,0
2187,332.333,290.702,2,0
2188,3.39373,292.338,2,0
2189,69.6254,126.473,2,0
2190,41.0903,129.27,2,0
2191,209.249,36.2012,2,0
2192,406.909,148.681,2,0
2193,36.2221,28.9784,2,0
2194,215.318,150.173,2,0
2195,461.839,127.283,2,0
2196,197.362,96.2459,2,0
2197,75.0766,291.141,2,0
2198,468,176.59,2,0
2199,468.147,242.379,2,0
2200,554.432,266.265,2,0
2201,451.236,287.463,2,0
2202,499.268,43.9763,2,0
2203,258.594,84.1764,2,0
2204,589.075,44.3852,2,0
2205,149.312,290.897,2,0
2206,413.871,279.417,2,0
2207,458.634,171.096,2,0
2208,438.927,58.2278,2,0
2209,353.666,111.45,2,0
2210,509.592,146.252,2,0
2211,194.938,148.448,2,0
2212,137.58,298,2,0
2213,306.133,19.5234,2,0
2214,66.5495,9.09386,2,0
2215,540.2,290.955,2,0
2216,479.504,241.554,2,0
2217,496.403,37.1611,2,0
2218,350.003,269.713,2,0
2219,557.553,169.669,2,0
2220,414.234,103.215,2,0
2221,286.94,85.9292,2,0
2222,168.097,147.508,2,0
2223,469.762,41.655,2,0
2224,506.723,139.838,2,0
2225,166.746,60.7593,2,0
2226,346.421,238.715,2,0
2227,381.462,19.5416,2,0
2228,70.0938,29.1022,2,0
2229,243.322,12.7621,2,0
2230,532.359,213.592,2,0
2231,243.929,273.625,2,0
2232,265.057,277.084,2,0
2233,397.102,117.998,2,0
2234,21.9646,15.1648,2,0
2235,587.098,61.948,2,0
2236,27.0152,86.3544,2,0
2237,55.5118,255.1,2,0
2238,148.27,208.304,2,0
2239,567.332,229.009,2,0
2240,82.3923,137.958,2,0
2241,123.125,194.3,2,0
2242,362.276,185.079,2,0
2243,249.817,72.3492,2,0
2244,341.885,163.55,2,0
2245,245.448,9.1263,2,0
2246,459.443,23.9961,2,0
2247,53.8878,139.306,2,0
2248,137.155,279.822,2,0
2249,105.819,290.384,2,0
2250,4.7759,184.87,2,0
2251,161.083,271.428,2,0
2252,23.6734,162.245,2,0
2253,393.271,77.9723,2,0
2254,50.7443,21.7356,2,0
2255,461.824,203.751,2,0
2256,357.81,277.283,2,0
2257,247.435,19.8246,2,0
2258,537.983,6.64321,2,0
2259,453.529,239.37,2,0
2260,318.272,230.624,2,0
2261,223.682,100.315,2,0
2262,98.3248,2,2,0
2263,185.05,255.196,2,0
2264,251.418,5.55012,2,0
2265,134.887,249.039,2,0
2266,523.997,212.364,2,0
2267,410.906,129.158,2,0
2268,0.293962,257.858,2,0
2269,58.4927,207.394,2,0
2270,334.55,229.987,2,0
2271,130.813,214.47,2,0
2272,173.523,134.953,2,0
2273,267.158,188.021,2,0
2274,528.874,120.842,2,0
2275,322.035,42.591,2,0
2276,142.496,100.587,2,0
2277,569.084,140.029,2,0
2278,558.501,218.164,2,0
2279,187.404,88.5224,2,0
2280,294.879,177.52,2,0
2281,562.038,132.755,2,0
2282,137.637,44.9532,2,0
2283,261.503,292.702,2,0
2284,233.897,152.758,2,0
2285,71.6597,18.4774,2,0
2286,565.56,167.726,2,0
2287,490.886,159.055,2,0
2288,134.752,125.159,2,0
2289,174.972,60.3712,2,0
2290,81.8724,294.64,2,0
2291,395.805,216.956,2,0
2292,216.589,142.256,2,0
2293,259.156,231.259,2,0
2294,426.578,272.953,2,0
2295,362.204,270.518,2,0
2296,440.749,207.83,2,0
2297,341.274,86.7273,2,0
2298,251.268,140.576,2,0
2299,197.23,225.401,2,0
2300,515.088,104.199,2,0
2301,85.9054,36.9005,2,0
2302,157.798,74.8969,2,0
2303,354.349,213.373,2,0
2304,563.51,211.81,2,0
2305,361.136,5.49851,2,0
2306,545.137,239.394,2,0
2307,24.8246,255.916,2,0
2308,278.064,75.4505,2,0
2309,463.209,116.598,2,0
2310,203.541,230.378,2,0
2311,30.9483,79.2021,2,0
2312,513.688,79.4614,2,0
2313,138.755,12.5315,2,0
2314,255.4,21.7626,2,0
2315,253.842,32.7439,2,0
2316,149.797,186.702,2,0
2317,380.703,188.551,2,0
2318,370.556,199.098,2,0
2319,364.221,156.267,2,0
2320,123.671,144.06,2,0
2321,84.0912,123.336,2,0
2322,475.998,192.978,2,0
2323,174.354,106.855,2,0
2324,6.59588,105.078,2,0
2325,511.232,126.372,2,0
2326,578.966,150.094,2,0
2327,244.862,137.627,2,0
2328,415.139,258.026,2,0
2329,420.443,79.2201,2,0
2330,477.664,75.9403,2,0
2331,53.6593,40.9978,2,0
2332,218.979,122.021,2,0
2333,117.792,99.6436,2,0
2334,315.784,298,2,0
2335,56.9064,258.852,2,0
2336,136.993,131.585,2,0
2337,404.6,32.2277,2,0
2338,537.96,105.098,2,0
2339,357.123,19.5793,2,0
2340,9.93952,208.442,2,0
2341,542.808,169.04,2,0
2342,35.8684,200.283,2,0
2343,102.61,52.3375,2,0
2344,6.54582,44.5522,2,0
2345,175.247,211.185,2,0
2346,145.024,175.463,2,0
2347,146.703,234.254,2,0
2348,399.19,33.8608,2,0
2349,254.538,101.934,2,0
2350,104.079,257.844,2,0
2351,9.90786,287.441,2,0
2352,533.847,13.5285,2,0
2353,485.827,134.074,2,0
2354,162.469,19.7244,2,0
2355,444.02,171.997,2,0
2356,415.884,283.042,2,0
2357,480.761,284.019,2,0
2358,258.675,223.19,2,0
2359,131.08,283.26,2,0
2360,249.997,152.357,2,0
2361,427.773,120.325,2,0
2362,181.853,29.5376,2,0
2363,375.745,282.548,2,0
2364,335.319,247.795,2,0
2365,533.73,256.921,2,0
2366,562.957,89.0858,2,0
2367,382.418,286.467,2,0
2368,491.113,234.532,2,0
2369,585.427,248.513,2,0
2370,555.417,141.221,2,0
2371,413.812,150.141,2,0
2372,417.076,9.60228,2,0
2373,311.291,186.074,2,0
2374,554.017,123.566,2,0
2375,239.905,263.714,2,0
2376,507.256,25.5323,2,0
2377,64.413,289.674,2,0
2378,593.941,254.797,2,0
2379,322.629,103.829,2,0
2380,348.323,235.127,2,0
2381,417.157,167.469,2,0
2382,60.1503,214.238,2,0
2383,3.38384,132.539,2,0
2384,314.068,193.738,2,0
2385,541.06,238.65,2,0
2386,352.654,154.405,2,0
2387,119.995,179.367,2,0
2388,64.0462,285.727,2,0
2389,208.705,9.14949,2,0
2390,435.876,108.096,2,0
2391,463.564,135.179,2,0
2392,506.338,115.943,2,0
2393,440.415,40.5551,2,0
2394,226.258,88.7554,2,0
2395,251.199,52.8985,2,0
2396,293.345,293.838,2,0
2397,382.412,279.39,2,0
2398,180.649,197.552,2,0
2399,475.423,241.143,2,0
2400,485.731,8.43348,2,0
2401,568.139,8.90292,2,0
2402,542.826,185.392,2,0
2403,40.4394,11.1351,2,0
2404,372.272,219.35,2,0
2405,116.734,147.532,2,0
2406,32.1106,132.004,2,0
2407,585.65,118.707,2,0
2408,233.643,40.8621,2,0
2409,443.469,89.7361,2,0
2410,439.023,201.127,2,0
2411,599.167,169.611,2,0
2412,358.451,224.476,2,0
2413,273.551,104.749,2,0
2414,99.1742,187.101,2,0
2415,73.6251,7.99943,2,0
2416,138.675,160.387,2,0
2417,446.531,30.0792,2,0
2418,414.3,272.126,2,0
2419,372.363,174.217,2,0
2420,567.671,53.2091,2,0
2421,496.795,11.852,2,0
2422,477.702,298,2,0
2423,160.135,43.3038,2,0
2424,82.2965,206.569,2,0
2425,335.133,68.4623,2,0
2426,533.52,260.906,2,0
2427,434.827,104.184,2,0
2428,511.305,290.997,2,0
2429,476.086,265.388,2,0
2430,536.46,108.821,2,0
2431,526.251,40.8956,2,0
2432,115.433,30.7134,2,0
2433,387.7,249.063,2,0
2434,542.141,136.66,2,0
2435,103.964,66.678,2,0
2436,379.117,47.8294,2,0
2437,174.486,286.464,2,0
2438,69.9636,273.013,2,0
2439,263.085,298,2,0
2440,454.337,275.889,2,0
2441,324.506,253.083,2,0
2442,411.918,214.855,2,0
2443,388.738,268.832,2,0
2444,48.3628,265.547,2,0
2445,252.247,211.721,2,0
2446,82.6837,18.8284,2,0
2447,74.8518,70.8047,2,0
2448,41.9621,165.936,2,0
2449,507.031,135.862,2,0
2450,41.8813,99.8503,2,0
2451,170.009,116.702,2,0
2452,263.247,257.436,2,0
2453,423.276,86.9962,2,0
2454,100.904,78.2278,2,0
2455,59.0991,218.161,2,0
2456,552.649,127.41,2,0
2457,379.396,2,2,0
2458,564.214,99.6649,2,0
2459,269.42,198.526,2,0
2460,546.441,39.4868,2,0
2461,227.381,213.554,2,0
2462,166.011,180.536,2,0
2463,113.003,109.017,2,0
2464,43.936,232.76,2,0
2465,528.141,109.931,2,0
2466,316.089,219.534,2,0
2467,171.123,272.559,2,0
2468,400.601,15.5974,2,0
2469,548.394,225.478,2,0
2470,420.511,201.748,2,0
2471,352.589,242.777,2,0
2472,494.029,181.09,2,0
2473,280.256,217.687,2,0
2474,427.46,258.758,2,0
2475,405.887,226.824,2,0
2476,517.946,271.184,2,0
2477,205.846,163.814,2,0
2478,331.233,149.706,2,0
2479,370.834,288.331,2,0
2480,598.708,218.794,2,0
2481,515.859,233.352,2,0
2482,77.9623,288.396,2,0
2483,210.583,133.387,2,0
2484,279.631,258.85,2,0
2485,124.793,190.587,2,0
2486,82.5589,224.431,2,0
2487,490.5,193.013,2,0
2488,82.22,69.3198,2,0
2489,153.488,204.933,2,0
2490,356.172,188.658,2,0
2491,369.961,227.129,2,0
2492,340.53,226.377,2,0
2493,189.149,80.1953,2,0
2494,566.332,264.425,2,0
2495,266.618,139.783,2,0
2496,304.757,220.961,2,0
2497,61.2803,196.161,2,0
2498,339.962,202.955,2,0
2499,88.278,123.582,2,0
2500,343.169,146.959,2,0
2501,35.7374,235.382,2,0
2502,519.412,202.119,2,0
2503,585.998,41.8078,2,0
2504,291.539,109.114,2,0
2505,176.806,117.397,2,0
2506,134.018,17.597,2,0
2507,490.116,290.874,2,0
2508,507.022,105.188,2,0
2509,479.398,280.356,2,0
2510,17.648,68.6171,2,0
2511,500.197,131.266,2,0
2512,363.84,266.824,2,0
2513,348.581,83.0072,2,0
2514,146.568,257.605,2,0
2515,227.202,186.982,2,0
2516,363.934,258.685,2,0
2517,164.835,57.1676,2,0
2518,102.159,150.41,2,0
2519,237.362,16.21,2,0
2520,146.213,125.514,2,0
2521,17.5054,17.0777,2,0
2522,205.066,76.8837,2,0
2523,398.65,286.172,2,0
2524,323.813,269.469,2,0
2525,51.671,298,2,0
2526,475.743,12.0753,2,0
2527,277.366,170.538,2,0
2528,28.7947,40.0998,2,0
2529,149.309,158.22,2,0
2530,591.062,79.5561,2,0
2531,595.681,104.384,2,0
2532,202.247,106.054,2,0
2533,251.439,12.5966,2,0
2534,516.401,221.104,2,0
2535,554.385,287.571,2,0
2536,591.367,127.884,2,0
2537,445.791,103.999,2,0
2538,297.742,212.555,2,0
2539,403.689,2,2,0
2540,594.691,153.82,2,0
2541,541.974,125.965,2,0
2542,551.254,219.101,2,0
2543,527.25,102.895,2,0
2544,86.2097,78.518,2,0
2545,162.01,180.63,2,0
2546,406.809,20.9935,2,0
2547,339.702,273.529,2,0
2548,486.205,183.248,2,0
2549,233.956,127.893,2,0
2550,492.902,185.022,2,0
2551,377.663,165.165,2,0
2552,100.382,238.626,2,0
2553,344.953,84.8794,2,0
2554,250.365,34.7702,2,0
2555,306.05,134.918,2,0
2556,93.8379,264.658,2,0
2557,301.363,149.791,2,0
2558,251.788,290.951,2,0
2559,593.239,82.9615,2,0
2560,282.031,262.209,2,0
2561,113.541,104.98,2,0
2562,457.87,204.597,2,0
2563,277.92,59.3178,2,0
2564,166.17,265.024,2,0
2565,208.49,90.8243,2,0
2566,167.628,279.812,2,0
2567,516.697,280.007,2,0
2568,398.245,220.167,2,0
2569,531.782,276.882,2,0
2570,222.099,208.047,2,0
2571,105.421,165.094,2,0
2572,303.492,12.6911,2,0
2573,225.736,260.821,2,0
2574,266.551,273.307,2,0
2575,170.549,46.3369,2,0
2576,12.1571,171.912,2,0
2577,176.255,228.47,2,0
2578,403.856,215.945,2,0
2579,100.639,48.8783,2,0
2580,204.362,124.627,2,0
2581,585.628,173.173,2,0
2582,106.796,201.283,2,0
2583,495.198,96.1614,2,0
2584,117.8,158.088,2,0
2585,245.814,55.9922,2,0
2586,527.046,15.4314,2,0
2587,273.539,140.869,2,0
2588,531.351,245.841,2,0
2589,73.9099,192.037,2,0
2590,438.782,105.319,2,0
2591,151.858,70.0496,2,0
2592,368.63,92.1386,2,0
2593,347.294,35.1163,2,0
2594,597.216,272.261,2,0
2595,356.24,266.553,2,0
2596,90.0883,119.906,2,0
2597,549.421,207.063,2,0
2598,25.9742,277.422,2,0
2599,86.8606,32.9319,2,0
2600,307.974,169.92,2,0
2601,55.426,94.5705,2,0
2602,407.524,49.671,2,0
2603,567.322,203.725,2,0
2604,172.765,123.043,2,0
2605,87.3392,148.188,2,0
2606,86.1706,253.13,2,0
2607,539.983,3.12495,2,0
2608,122.252,21.0553,2,0
2609,395.331,152.328,2,0
2610,464.727,52.8496,2,0
2611,522.96,233.68,2,0
2612,384.653,227.363,2,0
2613,479.958,192.057,2,0
2614,52.9841,91.211,2,0
2615,246.693,250.597,2,0
2616,316.992,79.0821,2,0
2617,458.693,16.0072,2,0
2618,157.747,224.034,2,0
2619,7.7721,225.939,2,0
2620,465.272,168.869,2,0
2621,56.9912,136.762,2,0
2622,460.171,119.418,2,0
2623,579.614,36.8264,2,0
2624,332.486,212.276,2,0
2625,384.257,83.8587,2,0
2626,480.635,156.057,2,0
2627,342.392,125.516,2,0
2628,236.682,202.219,2,0
2629,295.918,159.075,2,0
2630,322.763,99.759,2,0
2631,465.652,218.359,2,0
2632,81.1939,212.394,2,0
2633,27.2669,141.409,2,0
2634,324.109,33.5899,2,0
2635,547.011,18.7816,2,0
2636,561.398,44.3263,2,0
2637,47.7305,84.7596,2,0
2638,265.025,177.647,2,0
2639,334.519,272.155,2,0
2640,160.678,101.608,2,0
2641,459.195,250.038,2,0
2642,222.701,86.4915,2,0
2643,471.076,84.5227,2,0
2644,430.266,190.837,2,0
2645,398.637,169.618,2,0
2646,182.913,2,2,0
2647,424.42,276.24,2,0
2648,431.344,259.006,2,0
2649,93.9184,162.429,2,0
2650,121.721,35.6476,2,0
2651,555.192,279.976,2,0
2652,197.237,183.389,2,0
2653,360.747,288.236,2,0
2654,463.073,25.8701,2,0
2655,205.274,252.862,2,0
2656,98.6774,30.2142,2,0
2657,271.098,76.1518,2,0
2658,228.758,248.468,2,0
2659,439.12,266.183,2,0
2660,525.15,154.7,2,0
2661,203.528,289.108,2,0
2662,547.803,257.9,2,0
2663,322.768,55.3502,2,0
2664,237.145,242.973,2,0
2665,322.405,107.81,2,0
2666,18.6558,189.76,2,0
2667,589.938,55.5885,2,0
2668,206.874,135.013,2,0
2669,262.544,229.03,2,0
2670,500.269,197.726,2,0
2671,567.624,211.411,2,0
2672,154.483,84.8354,2,0
2673,74.577,203.372,2,0
2674,153.845,187.199,2,0
2675,472.343,141.434,2,0
2676,392.577,164.193,2,0
2677,528.193,19.4241,2,0
2678,193.678,125.468,2,0
2679,552.333,290.935,2,0
2680,436.4,209.106,2,0
2681,422.297,176.818,2,0
2682,123.264,31.8263,2,0
2683,150.465,9.01336,2,0
2684,308.42,199.817,2,0
2685,541.631,57.5014,2,0
2686,480.462,268.731,2,0
2687,504.407,158.767,2,0
2688,132.069,180.844,2,0
2689,321.047,254.956,2,0
2690,288.936,73.2375,2,0
2691,68.8303,145.307,2,0
2692,83.7005,298,2,0
2693,459.11,56.7891,2,0
2694,4.47142,112.848,2,0
2695,588.738,216.349,2,0
2696,332.422,145.861,2,0
2697,569.167,274.622,2,0
2698,254.877,155.053,2,0
2699,508.327,249.339,2,0
2700,53.7842,112.495,2,0
2701,7.59689,101.232,2,0
2702,367.231,286.564,2,0
2703,192.13,67.1351,2,0
2704,469.454,270.198,2,0
2705,549.773,184.551,2,0
2706,528.506,44.1758,2,0
2707,13.8985,209.138,2,0
2708,590,298,2,0
2709,94.0595,60.9822,2,0
2710,501.873,153.791,2,0
2711,366.942,224.028,2,0
2712,276.759,102.324,2,0
2713,301.928,164.477,2,0
2714,72.6881,146.676,2,0
2715,347.477,287.7,2,0
2716,273.443,246.986,2,0
2717,199.948,102.657,2,0
2718,527.473,55.9442,2,0
2719,461.317,189.656,2,0
2720,137.656,206.052,2,0
2721,370.397,279.762,2,0
2722,184.176,199.701,2,0
2723,30.9364,139.991,2,0
2724,515.263,192.319,2,0
2725,62.882,35.5193,2,0
2726,291.397,235.46,2,0
2727,79.0594,95.9859,2,0
2728,464.495,6.6979,2,0
2729,225.501,183.243,2,0
2730,458.461,111.355,2,0
2731,593.928,230.06,2,0
2732,111.297,250.169,2,0
2733,571.293,116.419,2,0
2734,562.792,222.331,2,0
2735,544.38,197.454,2,0
2736,341.284,129.441,2,0
2737,562.128,93.0242,2,0
2738,381.544,265.052,2,0
2739,81.9043,287.704,2,0
2740,50.4095,29.8959,2,0
2741,94.8717,232.66,2,0
2742,483.238,15.098,2,0
2743,7.65448,160.588,2,0
2744,343.828,174.384,2,0
2745,558.389,75.6483,2,0
2746,414.906,175.702,2,0
2747,64.5234,139.692,2,0
2748,454.461,110.272,2,0
2749,239.299,74.7739,2,0
2750,224.817,264.752,2,0
2751,186.268,143.743,2,0
2752,309.148,266.188,2,0
2753,284.406,243.458,2,0
2754,411.166,257.658,2,0
2755,389.172,40.9405,2,0
2756,453.936,203.646,2,0
2757,156.12,249.312,2,0
2758,558.239,94.3035,2,0
2759,267.286,173.943,2,0
2760,306.114,177.981,2,0
2761,18.0175,154.097,2,0
2762,307.17,173.903,2,0
2763,483.033,261.901,2,0
2764,9.55887,69.0105,2,0
2765,576.438,66.9522,2,0
2766,186.757,269.2,2,0
2767,530.155,230.023,2,0
2768,241.374,48.3269,2,0
2769,560.664,136.53,2,0
2770,21.3778,128.741,2,0
2771,50.4331,276.173,2,0
2772,492.215,294.453,2,0
2773,89.7848,182.619,2,0
2774,442.086,135.783,2,0
2775,239.47,283.808,2,0
2776,305.895,163.304,2,0
2777,239.929,274.38,2,0
2778,145.849,216.193,2,0
2779,482.095,6.94639,2,0
2780,463.648,38.7808,2,0
2781,155.663,71.4394,2,0
2782,424.681,61.9728,2,0
2783,103.956,216.209,2,0
2784,273.882,11.0247,2,0
2785,487.779,105.081,2,0
2786,135.258,140.886,2,0
2787,294.052,2,2,0
2788,238.693,267.547,2,0
2789,31.697,16.3173,2,0
2790,111.727,64.5468,2,0
2791,98.4321,8.95064,2,0
2792,370.49,212.596,2,0
2793,173.401,20.4906,2,0
2794,40.3613,151.343,2,0
2795,12.7646,47.7898,2,0
2796,112.267,128.745,2,0
2797,379.798,250.95,2,0
2798,136.993,174.324,2,0
2799,544.199,298,2,0
2800,46.4014,186.13,2,0
2801,274.562,272.321,2,0
2802,541.076,253.261,2,0
2803,371.103,271.116,2,0
2804,67.7267,137.112,2,0
2805,186.781,124.696,2,0
2806,209.861,168.272,2,0
2807,531.298,102.303,2,0
2808,379.192,294.418,2,0
2809,549.138,26.5396,2,0
2810,72.9717,266.558,2,0
2811,298.551,127.015,2,0
2812,215.414,187.41,2,0
2813,88.8434,67.0868,2,0
2814,412.479,204.005,2,0
2815,108.5,247.754,2,0
2816,281.574,177.463,2,0
2817,458.605,159.986,2,0
2818,212.033,84.5669,2,0
2819,328.373,219.41,2,0
2820,304.109,171.154,2,0
2821,541.813,172.956,2,0
2822,533.169,196.737,2,0
2823,376.603,188.654,2,0
2824,411.137,84.9116,2,0
2825,277.14,293.734,2,0
2826,234.211,69.0166,2,0
2827,213.114,153.492,2,0
2828,458.549,264.145,2,0
2829,208.973,16.8173,2,0
2830,112.062,225.232,2,0
2831,50.4816,2,2,0
2832,345.201,60.4938,2,0
2833,45.754,239.667,2,0
2834,555.532,229.425,2,0
2835,66.3623,271.181,2,0
2836,88.3144,109.357,2,0
2837,32.0662,71.6547,2,0
2838,575.985,138.246,2,0
2839,69.0369,87.5261,2,0
2840,571.502,82.4013,2,0
2841,519.803,284.088,2,0
2842,424.274,68.7754,2,0
2843,231.011,230.091,2,0
2844,599.08,246.887,2,0
2845,452.321,116.96,2,0
2846,550.631,215.253,2,0
2847,568.895,94.521,2,0
2848,388.754,165.372,2,0
2849,415.795,41.3041,2,0
2850,577.744,231.569,2,0
2851,438.224,225.802,2,0
2852,294.258,278.561,2,0
2853,170.199,298,2,0
2854,518.34,152.387,2,0
2855,251.063,156.227,2,0
2856,426.917,76.5132,2,0
2857,539.422,54.0462,2,0
2858,18.3856,284.82,2,0
2859,344.341,235.167,2,0
2860,208.696,47.5087,2,0
2861,48.1206,174.951,2,0
2862,222.482,185.759,2,0
2863,570.615,294.519,2,0
2864,294.725,286.674,2,0
2865,527.808,157.628,2,0
2866,550.556,91.5802,2,0
2867,568.572,113.495,2,0
2868,326.646,9.01566,2,0
2869,480.366,160.112,2,0
2870,236.736,246.248,2,0
2871,449.437,30.5609,2,0
2872,364.046,250.629,2,0
2873,565.971,34.5456,2,0
2874,335.205,255.815,2,0
2875,490.235,207.557,2,0
2876,251.561,45.4265,2,0
2877,391.516,2,2,0
2878,448.867,26.5583,2,0
2879,239.26,12.6284,2,0
2880,589.686,286.929,2,0
2881,219.291,188.257,2,0
2882,318.916,175.637,2,0
2883,273.413,35.5973,2,0
2884,22.971,259.899,2,0
2885,519.912,219.184,2,0
2886,560.718,147.259,2,0
2887,132.886,39.9891,2,0
2888,273.179,163.224,2,0
2889,255.022,108.822,2,0
2890,77.6455,280.319,2,0
2891,221.215,239.919,2,0
2892,412.126,158.066,2,0
2893,299.932,25.4215,2,0
2894,11.5508,161.404,2,0
2895,574.493,85.3136,2,0
2896,499.361,95.478,2,0
2897,528.39,182.927,2,0
2898,516.447,16.5743,2,0
2899,119.408,280.781,2,0
2900,25.6763,190.883,2,0
2901,179.204,271.05,2,0
2902,274.947,290.386,2,0
2903,193.306,211.189,2,0
2904,416.822,123.464,2,0
2905,513.527,107.902,2,0
2906,158.764,53.9477,2,0
2907,393.118,66.5407,2,0
2908,397.325,274.687,2,0
2909,31.7049,214.346,2,0
2910,544.592,224.076,2,0
2911,481.81,30.0023,2,0
2912,588.547,130.574,2,0
2913,129.467,262.077,2,0
2914,387.502,154.601,2,0
2915,59.8608,83.1919,2,0
2916,550.335,188.466,2,0
2917,419.467,135.423,2,0
2918,501.061,124.256,2,0
2919,391.375,230.226,2,0
2920,4.62679,148.012,2,0
2921,150.922,37.9749,2,0
2922,221.922,200,2,0
2923,491.373,154.802,2,0
2924,36.1565,273.064,2,0
2925,56.2948,240.457,2,0
2926,537.006,98.1033,2,0
2927,562.568,287.568,2,0
2928,267.537,65.6262,2,0
2929,58.9063,10.5145,2,0
2930,88.3813,298,2,0
2931,386.857,293.219,2,0
2932,212.449,160.857,2,0
2933,308.708,189.194,2,0
2934,367.181,16.0331,2,0
2935,506.039,44.7,2,0
2936,27.4563,125.354,2,0
2937,216.361,106.808,2,0
2938,5.22068,180.749,2,0
2939,597.609,279.323,2,0
2940,257.481,292.825,2,0
2941,401.062,187.835,2,0
2942,356.097,156.625,2,0
2943,504.868,251.17,2,0
2944,489.017,186.098,2,0
2945,101.146,272.206,2,0
2946,301.781,270.014,2,0
2947,37.1401,148.906,2,0
2948,156.601,50.481,2,0
2949,97.458,118.942,2,0
2950,158.621,21.0092,2,0
2951,547.527,217.595,2,0
2952,363.526,149.248,2,0
2953,381.894,37.5318,2,0
2954,221.259,294.582,2,0
2955,115.613,78.0645,2,0
2956,6.52141,156.977,2,0
2957,20.1538,112.678,2,0
2958,373.053,298,2,0
2959,9.7569,244.338,2,0
2960,381.238,239.015,2,0
2961,108.323,12.6066,2,0
2962,426.512,188.977,2,0
2963,54.4774,143.143,2,0
2964,71.5104,289.243,2,0
2965,417.547,254.764,2,0
2966,168.209,168.274,2,0
2967,222.44,82.3498,2,0
2968,79.4582,72.3578,2,0
2969,39.3503,202.377,2,0
2970,476.078,178.245,2,0
2971,568.36,218.325,2,0
2972,93.6616,260.605,2,0
2973,13.1775,5.58594,2,0
2974,215.682,28.5713,2,0
2975,244.86,78.8043,2,0
2976,107.756,146.779,2,0
2977,461.982,13.6432,2,0
2978,431.322,202.744,2,0
2979,306.449,76.3845,2,0
2980,403.856,127.28,2,0
2981,285.5,117.964,2,0
2982,519.291,13.4073,2,0
2983,157.279,238.6,2,0
2984,139.928,266.74,2,0
2985,431.816,230.785,2,0
2986,78.03,57.9379,2,0
2987,72.8839,88.5068,2,0
2988,222.18,272.361,2,0
2989,375.913,158.161,2,0
2990,345.579,276.75,2,0
2991,307.283,206.749,2,0
2992,446.577,16.1119,2,0
2993,586.998,183.758,2,0
2994,473.712,298,2,0
2995,355.577,287.545,2,0
2996,287.197,41.4532,2,0
2997,270.523,111.455,2,0
2998,196.992,221.253,2,0
2999,396.805,48.3423,2,0
3000,127.811,145.24,2,0
3001,327.583,125.357,2,0
3002,512.07,259.761,2,0
3003,476.754,283.431,2,0
3004,493.676,99.9589,2,0
3005,547.212,274.091,2,0
3006,402.882,238.976,2,0
3007,271.075,59.4931,2,0
3008,139.744,258.462,2,0
3009,48.5647,242.496,2,0
3010,282.154,81.3457,2,0
3011,158.597,78.9619,2,0
3012,586.126,13.5869,2,0
3013,407.949,126.105,2,0
3014,348.267,266.161,2,0
3015,126.869,241.978,2,0
3016,360.152,181.637,2,0
3017,10.8861,51.3797,2,0
3018,287.366,165.679,2,0
3019,279.305,298,2,0
3020,109.176,211.461,2,0
3021,466.13,253.014,2,0
3022,535.014,239.868,2,0
3023,428.848,163.776,2,0
3024,309.974,247.289,2,0
3025,189.802,30.6511,2,0
3026,90.4393,105.945,2,0
3027,502.892,42.2802,2,0
3028,486.628,237.589,2,0
3029,519.62,277.087,2,0
3030,28.2805,216.272,2,0
3031,241.103,2,2,0
3032,520.631,66.495,2,0
3033,422.248,9.10259,2,0
3034,509.82,278.31,2,0
3035,426.199,44.3374,2,0
3036,43.4364,2,2,0
3037,312.564,211.176,2,0
3038,196.725,17.4459,2,0
3039,52.0777,169.31,2,0
3040,300.664,111.615,2,0
3041,243.251,5.55483,2,0
3042,244.491,30.7986,2,0
3043,269.656,49.8611,2,0
3044,38.8614,214.468,2,0
3045,528.258,213.264,2,0
3046,564.07,2,2,0
3047,86.401,105.798,2,0
3048,302.828,257.295,2,0
3049,91.3528,283.213,2,0
3050,242.768,251.817,2,0
3051,186.144,207.384,2,0
3052,431.906,166.499,2,0
3053,40.7665,147.229,2,0
3054,237.204,238.896,2,0
3055,247.72,298,2,0
3056,496.037,272.942,2,0
3057,498,180.296,2,0
3058,479.541,236.961,2,0
3059,25.2016,294.589,2,0
3060,34.5849,283.762,2,0
3061,402.859,293.219,2,0
3062,336.334,181.603,2,0
3063,552.987,240.806,2,0
3064,536.809,263.222,2,0
3065,238.225,34.092,2,0
3066,395.277,199.028,2,0
3067,294.504,120.88,2,0
3068,453.13,283.906,2,0
3069,397.902,89.7377,2,0
3070,338.66,258.16,2,0
3071,509.187,170.607,2,0
3072,252.45,98.4319,2,0
3073,281.113,37.6574,2,0
3074,61.4756,235.598,2,0
3075,434.829,169.231,2,0
3076,216.903,172.337,2,0
3077,424.187,168.914,2,0
3078,404.616,242.767,2,0
3079,433.943,158.4,2,0
3080,508.007,286.317,2,0
3081,131.012,32.0777,2,0
3082,400.405,75.8411,2,0
3083,364.585,289.629,2,0
3084,194.287,189.079,2,0
3085,101.853,245.527,2,0
3086,175.324,94.5842,2,0
3087,392.544,120.126,2,0
3088,382.648,159.679,2,0
3089,68.9683,60.5012,2,0
3090,266.944,2,2,0
3091,376.963,131.794,2,0
3092,80.697,171.912,2,0
3093,441.049,178.69,2,0
3094,59.5757,152.85,2,0
3095,456.374,267.508,2,0
3096,60.8967,18.3177,2,0
3097,433.471,242.908,2,0
3098,106.722,45.398,2,0
3099,422.417,183.263,2,0
3100,322.152,238.48,2,0
3101,112.844,289.479,2,0
3102,458.804,130.091,2,0
3103,599.908,34.5477,2,0
3104,502.406,291.026,2,0
3105,430.143,174.363,2,0
3106,500.022,27.647,2,0
3107,104.358,298,2,0
3108,221.739,33.0868,2,0
3109,332.579,244.787,2,0
3110,484.171,269.984,2,0
3111,23.3185,169.529,2,0
3112,372.026,121.324,2,0
3113,469.651,278.083,2,0
3114,29.0607,173.558,2,0
3115,259.749,264.22,2,0
3116,199.026,52.1426,2,0
3117,382.844,49.5624,2,0
3118,9.2955,97.5515,2,0
3119,46.2976,269.121,2,0
3120,64.7898,249.232,2,0
3121,160.76,260.553,2,0
3122,283.199,48.5133,2,0
3123,80.922,65.5639,2,0
3124,336.37,226.461,2,0
3125,597.253,81.8786,2,0
3126,579.487,227.799,2,0
3127,328.309,205.145,2,0
3128,502.316,5.7928,2,0
3129,33.7976,61.0241,2,0
3130,426.543,243.858,2,0
3131,1.2016,186.924,2,0
3132,389.562,161.395,2,0
3133,326.608,25.9129,2,0
3134,383.433,22.947,2,0
3135,67.5769,252.182,2,0
3136,235.634,188.647,2,0
3137,68.1187,73.0775,2,0
3138,552.726,13.0408,2,0
3139,204.624,16.1368,2,0
3140,55.7404,229.776,2,0
3141,225.934,80.6993,2,0
3142,231.535,149.502,2,0
3143,453.332,177.289,2,0
3144,69.9484,105.272,2,0
3145,257.317,112.222,2,0
3146,9.02117,90.649,2,0
3147,481.608,198.948,2,0
3148,42.3032,216.67,2,0
3149,259.122,195.326,2,0
3150,369.867,106.993,2,0
3151,442.48,23.0687,2,0
3152,550.878,19.8931,2,0
3153,75.7207,85.4816,2,0
3154,341.787,78.5578,2,0
3155,307.928,115.229,2,0
3156,437.045,175.854,2,0
3157,385.398,213.733,2,0
3158,33.8364,116.643,2,0
3159,489.708,128.287,2,0
3160,330.182,38.8505,2,0
3161,254.972,188.217,2,0
3162,467.142,287.349,2,0
3163,195.437,24.0271,2,0
3164,499.468,8.87698,2,0
3165,527.868,243.655,2,0
3166,561.007,250.681,2,0
3167,122.598,294.1,2,0
3168,235.092,159.717,2,0
3169,116.194,202.444,2,0
3170,282.258,120.371,2,0
3171,229.497,78.8286,2,0
3172,448.505,5.47245,2,0
3173,480.641,130.753,2,0
3174,36.6073,75.2881,2,0
3175,455.881,132.832,2,0
3176,478.283,33.4026,2,0
3177,63.1521,242.533,2,0
3178,367.668,234.971,2,0
3179,71.3792,52.1784,2,0
3180,507.304,36.2685,2,0
3181,448.613,19.6724,2,0
3182,89.6705,237.378,2,0
3183,505.003,255.752,2,0
3184,578.42,263.387,2,0
3185,576.895,179.365,2,0
3186,393.231,46.6641,2,0
3187,586.006,298,2,0
3188,129.926,148.755,2,0
3189,442.527,231.249,2,0
3190,105.521,111.996,2,0
3191,190.106,221.398,2,0
3192,57.0956,159.665,2,0
3193,545.999,182.836,2,0
3194,418.003,279.561,2,0
3195,406.335,112.49,2,0
3196,503.92,129.417,2,0
3197,59.9747,279.963,2,0
3198,77.0779,43.0693,2,0
3199,21.2285,221.653,2,0
3200,38.2286,226.968,2,0
3201,434.117,246.969,2,0
3202,224.761,22.5999,2,0
3203,143.633,133.32,2,0
3204,149.084,51.9543,2,0
3205,11.4459,30.364,2,0
3206,492.856,5.8173,2,0
3207,202.967,51.8168,2,0
3208,529.82,262.774,2,0
3209,75.7303,130.061,2,0
3210,183.888,191.597,2,0
3211,18.0663,235.477,2,0
3212,554.601,262.187,2,0
3213,425.997,30.2165,2,0
3214,434.02,173.153,2,0
3215,301.416,55.7012,2,0
3216,211.06,150.104,2,0
3217,553.534,88.925,2,0
3218,348.087,160.235,2,0
3219,496.254,160.866,2,0
3220,485.1,88.5839,2,0
3221,530.139,216.831,2,0
3222,322.083,47.068,2,0
3223,411.72,143.377,2,0
3224,496.504,83.9729,2,0
3225,303.007,141.3,2,0
3226,492.718,29.9732,2,0
3227,597.3,203.783,2,0
3228,171.99,92.2537,2,0
3229,215.906,98.6601,2,0
3230,252.478,261.02,2,0
3231,180.97,25.6588,2,0
3232,338.902,246.036,2,0
3233,505.936,166.226,2,0
3234,14.2587,285.002,2,0
3235,592.724,101.562,2,0
3236,158.683,61.7922,2,0
3237,270.257,138.373,2,0
3238,356.895,67.235,2,0
3239,23.6785,22.5115,2,0
3240,262.73,233.063,2,0
3241,536.591,94.1845,2,0
3242,597.846,184.763,2,0
3243,284.989,136.251,2,0
3244,359.842,77.5585,2,0
3245,20.4315,179.739,2,0
3246,114.696,217.548,2,0
3247,377.641,72.2951,2,0
3248,519.141,59.3512,2,0
3249,493.958,57.5741,2,0
3250,239.282,117.084,2,0
3251,303.999,33.1777,2,0
3252,72.8806,59.1126,2,0
3253,193.251,236.473,2,0
3254,257.816,42.5096,2,0
3255,308.497,151.233,2,0
3256,75.5446,19.9249,2,0
3257,320.716,298,2,0
3258,429.818,186.668,2,0
3259,183.664,8.49655,2,0
3260,63.6132,281.722,2,0
3261,559.467,203.573,2,0
3262,435.146,137.332,2,0
3263,448.101,130.43,2,0
3264,437.042,298,2,0
3265,393.021,290.042,2,0
3266,454.571,279.873,2,0
3267,581.734,192.983,2,0
3268,215.718,119.667,2,0
3269,29.5048,96.4085,2,0
3270,253.872,175.025,2,0
3271,409.298,9.32799,2,0
3272,69.9491,218.903,2,0
3273,258.932,227.163,2,0
3274,525.928,128.374,2,0
3275,359.209,22.9748,2,0
3276,564.58,114.356,2,0
3277,595.208,69.3922,2,0
3278,125.389,81.1299,2,0
3279,323.441,187.163,2,0
3280,224.697,193.453,2,0
3281,501.327,193.918,2,0
3282,137.797,167.394,2,0
3283,72.8681,187.905,2,0
3284,162.221,77.1721,2,0
3285,196.821,209.022,2,0
3286,167.903,157.437,2,0
3287,49.7237,98.8306,2,0
3288,46.5194,261.989,2,0
3289,28.3423,212.284,2,0
3290,233.586,273.186,2,0
3291,489.065,40.5521,2,0
3292,398.758,136.42,2,0
3293,112.47,298,2,0
3294,405.497,69.5978,2,0
3295,112.421,5.45767,2,0
3296,60.3364,43.2536,2,0
3297,162.146,217.165,2,0
3298,135.484,152.907,2,0
3299,195.166,141.254,2,0
3300,86.2758,2,2,0
3301,595.045,219.293,2,0
3302,101.989,284.427,2,0
3303,258.072,119.131,2,0
3304,196.54,200.941,2,0
3305,339.135,147.935,2,0
3306,259.53,289.205,2,0
3307,65.4752,166.341,2,0
3308,259.742,46.0434,2,0
3309,540.553,261.431,2,0
3310,351.671,294.65,2,0
3311,290.313,3.14705,2,0
3312,105.353,282.102,2,0
3313,152.981,269.896,2,0
3314,440.98,61.7018,2,0
3315,354.006,185.179,2,0
3316,64.1687,42.4447,2,0
3317,132.694,191.855,2,0
3318,13.5648,68.8799,2,0
3319,487.479,267.164,2,0
3320,231.157,19.5477,2,0
3321,309.587,282.451,2,0
3322,328.036,136.2,2,0
3323,238.936,233.07,2,0
3324,120.319,201.934,2,0
3325,599.841,158.788,2,0
3326,35.6194,221.142,2,0
3327,192.17,279.761,2,0
3328,468.339,70.1788,2,0
3329,546.05,83.5785,2,0
3330,10.5831,105.77,2,0
3331,400.846,65.1096,2,0
3332,501.978,173.349,2,0
3333,118.366,47.5095,2,0
3334,224.103,132.163,2,0
3335,285.606,9.37214,2,0
3336,341.964,192.481,2,0
3337,423.26,246.343,2,0
3338,573.163,274.34,2,0
3339,583.307,78.839,2,0
3340,38.2755,126.442,2,0
3341,81.6989,286.14,2,0
3342,375.081,60.985,2,0
3343,308.257,5.55287,2,0
3344,464.938,244.799,2,0
3345,2.90668,37.3565,2,0
3346,129.73,166.342,2,0
3347,446.659,107.897,2,0
3348,232.104,219.75,2,0
3349,397.172,52.3492,2,0
3350,113.646,183.969,2,0
3351,221.272,177.653,2,0
3352,369.859,152.126,2,0
3353,125.203,232.752,2,0
3354,552.145,163.619,2,0
3355,480.493,51.7543,2,0
3356,221.485,214.87,2,0
3357,544.869,150.528,2,0
3358,63.8185,82.7854,2,0
3359,310.351,70.5039,2,0
3360,363.239,22.9346,2,0
3361,544.184,283.987,2,0
3362,235.346,44.5291,2,0
3363,67.3299,13.1025,2,0
3364,147.019,212.285,2,0
3365,315.745,55.7104,2,0
3366,139.656,80.629,2,0
3367,468.378,140.424,2,0
3368,215.104,298,2,0
3369,431.059,170.533,2,0
3370,543.724,154.364,2,0
3371,170.418,175.038,2,0
3372,306.029,144.159,2,0
3373,7.51281,275.006,2,0
3374,498.998,147.374,2,0
3375,290.898,204.057,2,0
3376,526.579,26.0174,2,0
3377,420.879,107.228,2,0
3378,113.842,171.876,2,0
3379,390.188,53.1057,2,0
3380,555.348,224.716,2,0
3381,440.055,87.4578,2,0
3382,197.752,92.2538,2,0
3383,229.529,164.325,2,0
3384,243.087,194.117,2,0
3385,306.305,2,2,0
3386,419.534,140.893,2,0
3387,215.466,82.3811,2,0
3388,217.24,110.96,2,0
3389,465.231,190.424,2,0
3390,358.424,213.286,2,0
3391,597.485,27.9203,2,0
3392,79.564,61.6116,2,0
3393,145.671,186.251,2,0
3394,355.143,9.00731,2,0
3395,559.168,280.213,2,0
3396,110.446,2,2,0
3397,98.7568,71.2913,2,0
3398,416.52,89.295,2,0
3399,83.4488,73.2304,2,0
3400,15.0209,296.947,2,0
3401,570.848,246.351,2,0
3402,45.7329,43.7861,2,0
3403,257.882,73.3114,2,0
3404,348.064,195.941,2,0
3405,279.457,173.969,2,0
3406,129.286,119.15,2,0
3407,23.0436,115.586,2,0
3408,190.806,251.088,2,0
3409,581.845,19.8306,2,0
3410,289.331,38.0057,2,0
3411,382.13,41.4809,2,0
3412,248.444,233.779,2,0
3413,12.5836,177.496,2,0
3414,569.194,75.7741,2,0
3415,136.3,265.078,2,0
3416,73.0106,257.964,2,0
3417,79.1968,163.969,2,0
3418,539.112,210.539,2,0
3419,103.266,146.473,2,0
3420,312.813,21.3156,2,0
3421,389.004,77.9667,2,0
3422,180.347,248.673,2,0
3423,134.869,58.9509,2,0
3424,260.902,80.923,2,0
3425,115.156,194.726,2,0
3426,304.45,113.174,2,0
3427,289.492,254.166,2,0
3428,329.706,113.362,2,0
3429,197.151,35.8966,2,0
3430,443.229,93.6724,2,0
3431,430.434,132.187,2,0
3432,221.903,154.423,2,0
3433,42.0341,88.9996,2,0
3434,248.355,98.7393,2,0
3435,50.939,9.18384,2,0
3436,245.057,113.09,2,0
3437,509.737,288.556,2,0
3438,308.648,274.424,2,0
3439,390.127,298,2,0
3440,219.374,96.6908,2,0
3441,16.2814,216.974,2,0
3442,251.433,247.9,2,0
3443,477.488,214.81,2,0
3444,478.518,211.083,2,0
3445,463.81,99.5308,2,0
3446,384.659,94.7786,2,0
3447,439.911,237.872,2,0
3448,231.802,234.151,2,0
3449,416.763,221.272,2,0
3450,385.406,253.843,2,0
3451,420.627,268.992,2,0
3452,198.301,156.445,2,0
3453,459.105,200.695,2,0
3454,240.897,207.867,2,0
3455,236.416,30.4187,2,0
3456,265.383,35.337,2,0
3457,139.755,38.3358,2,0
3458,128.135,162.616,2,0
3459,590.602,262.169,2,0
3460,249.161,279.762,2,0
3461,547.934,2,2,0
3462,108.675,279.793,2,0
3463,419.149,114.153,2,0
3464,24.5239,218.527,2,0
3465,211.467,143.038,2,0
3466,44.138,106.975,2,0
3467,373.987,226.221,2,0
3468,499.636,139.328,2,0
3469,147.598,154.571,2,0
3470,47.348,19.4941,2,0
3471,266.945,14.4511,2,0
3472,578.372,5.59147,2,0
3473,413.575,22.5263,2,0
3474,367.377,31.9506,2,0
3475,349.19,127.535,2,0
3476,146.556,10.1878,2,0
3477,150.65,234.181,2,0
3478,445.342,68.5193,2,0
3479,173.698,16.4356,2,0
3480,408.183,159.199,2,0
3481,567.242,102.43,2,0
3482,474.98,130.664,2,0
3483,16.9,286.772,2,0
3484,39.0186,290.701,2,0
3485,40.5627,181.706,2,0
3486,195.548,59.7011,2,0
3487,326.422,237.095,2,0
3488,253.045,79.7974,2,0
3489,481.759,291.041,2,0
3490,498.845,216.181,2,0
3491,185.817,12.0186,2,0
3492,251.032,188.8,2,0
3493,116.288,235.177,2,0
3494,145.245,157.723,2,0
3495,439.408,123.993,2,0
3496,189.363,41.9234,2,0
3497,539.768,155.049,2,0
3498,413.396,211.03,2,0
3499,239.719,187.685,2,0
3500,438.754,168.014,2,0
3501,436.588,283.677,2,0
3502,428.768,269.468,2,0
3503,317.38,31.3499,2,0
3504,443.266,125.156,2,0
3505,261.338,35.2113,2,0
3506,432.923,238.844,2,0
3507,176.756,137.252,2,0
3508,255.914,171.468,2,0
3509,258.426,160.35,2,0
3510,455.432,242.909,2,0
3511,562.547,294.448,2,0
3512,375.102,42.1693,2,0
3513,121.739,83.7196,2,0
3514,69.8609,112.474,2,0
3515,402.32,111.735,2,0
3516,577.654,200.518,2,0
3517,456.269,229.018,2,0
3518,108.164,271.732,2,0
3519,101.935,59.8095,2,0
3520,233.299,16.0752,2,0
3521,305.959,84.4973,2,0
3522,228.148,52.409,2,0
3523,108.769,48.9416,2,0
3524,12.5857,40.784,2,0
3525,145.097,245.536,2,0
3526,304.241,5.48562,2,0
3527,593.796,5.53176,2,0
3528,75.4874,162.626,2,0
3529,523.774,220.019,2,0
3530,449.505,239.153,2,0
3531,397.402,252.636,2,0
3532,570.934,271.032,2,0
3533,218.887,12.5369,2,0
3534,39.001,111.836,2,0
3535,94.6986,280.789,2,0
3536,205.12,267.7,2,0
3537,289.404,119.726,2,0
3538,194.216,74.9653,2,0
3539,75.2337,207.498,2,0
3540,281.618,198.519,2,0
3541,257.332,205.654,2,0
3542,176.084,164.709,2,0
3543,418.905,294.476,2,0
3544,510.082,97.4059,2,0
3545,158.65,122.9,2,0
3546,61.6806,105.274,2,0
3547,179.765,281.81,2,0
3548,127.668,223.124,2,0
3549,158.437,209.592,2,0
3550,375.987,243.898,2,0
3551,350.318,123.614,2,0
3552,324.001,247.844,2,0
3553,122.039,120.871,2,0
3554,290.414,168.447,2,0
3555,95.1134,168.316,2,0
3556,527.954,284.062,2,0
3557,153.874,96.9624,2,0
3558,44.3128,265.633,2,0
3559,427.542,225.225,2,0
3560,489.15,136.421,2,0
3561,452.901,253.464,2,0
3562,171.223,258.955,2,0
3563,151.738,277.016,2,0
3564,11.2157,201.366,2,0
3565,591.849,71.6469,2,0
3566,326.307,230.053,2,0
3567,303.411,249.922,2,0
3568,554.044,31.7116,2,0
3569,576.705,298,2,0
3570,413.429,254.414,2,0
3571,451.776,23.6459,2,0
3572,326.265,223.108,2,0
3573,161.659,224.224,2,0
3574,453.617,105.918,2,0
3575,135.032,203.098,2,0
3576,145.346,290.693,2,0
3577,534.373,174.368,2,0
3578,389.991,63.7633,2,0
3579,148.485,5.49651,2,0
3580,205.894,62.147,2,0
3581,32.7348,287.401,2,0
3582,595.236,47.3385,2,0
3583,558.19,104.406,2,0
3584,440.755,283.821,2,0
3585,579.679,94.71,2,0
3586,46.7131,283.179,2,0
3587,346.558,248.019,2,0
3588,161.169,282.114,2,0
3589,415.365,96.3766,2,0
3590,506.328,143.901,2,0
3591,582.466,12.3802,2,0
3592,404.742,97.9158,2,0
3593,189.199,287.219,2,0
3594,66.9613,279.261,2,0
3595,384.463,282.935,2,0
3596,64.3354,65.2701,2,0
3597,154.089,92.9325,2,0
3598,56.8656,225.94,2,0
3599,523.157,14.5011,2,0
3600,457.066,282.963,2,0
3601,139.634,294.436,2,0
3602,248.339,210.922,2,0
3603,473.829,41.3675,2,0
3604,412.051,186.196,2,0
3605,198.79,14.0026,2,0
3606,468.34,8.63331,2,0
3607,241.582,255.717,2,0
3608,538.11,217.291,2,0
3609,459.084,20.0018,2,0
3610,541.959,104.478,2,0
3611,539.867,245.538,2,0
3612,102.84,201.374,2,0
3613,568.949,31.5794,2,0
3614,97.5682,235.617,2,0
3615,334.433,82.0352,2,0
3616,255.719,115.888,2,0
3617,560.961,29.6801,2,0
3618,281.68,8.88239,2,0
3619,125.186,148.388,2,0
3620,109.293,190.85,2,0
3621,561.895,111.239,2,0
3622,119.282,32.2405,2,0
3623,277.1,162.068,2,0
3624,564.513,291,2,0
3625,0.569396,195.378,2,0
3626,263.908,77.414,2,0
3627,14.7171,44.1891,2,0
3628,456.778,214.425,2,0
3629,228.246,168.084,2,0
3630,172.546,262.553,2,0
3631,421.739,127.794,2,0
3632,194.597,167.409,2,0
3633,576.076,235.182,2,0
3634,35.7889,130.375,2,0
3635,509.758,18.5445,2,0
3636,392.676,95.8736,2,0
3637,131.884,10.92,2,0
3638,159.919,109.617,2,0
3639,286.569,150.894,2,0
3640,221.589,283.124,2,0
3641,285.389,45.0583,2,0
3642,39.671,190.184,2,0
3643,571.086,39.2963,2,0
3644,331.997,135.182,2,0
3645,56.368,132.559,2,0
3646,286.667,30.5756,2,0
3647,189.27,37.8002,2,0
3648,168.676,261.983,2,0
3649,212.994,109.107,2,0
3650,269.891,11.5076,2,0
3651,89.5761,250.799,2,0
3652,386.494,217.762,2,0
3653,126.83,127.188,2,0
3654,91.4945,99.4788,2,0
3655,357.823,104.732,2,0
3656,512.614,86.5102,2,0
3657,201.156,122.261,2,0
3658,572.661,298,2,0
3659,117.306,220.576,2,0
3660,190.693,12.6831,2,0
3661,290.979,214.763,2,0
3662,461.348,156.847,2,0
3663,453.782,79.2706,2,0
3664,117.602,84.8805,2,0
3665,26.8357,291.183,2,0
3666,210.741,5.54062,2,0
3667,353.627,64.9677,2,0
3668,174.709,102.77,2,0
3669,569.106,250.1,2,0
3670,6.20033,172.831,2,0
3671,194.753,268.275,2,0
3672,298.263,227.267,2,0
3673,365.918,35.7393,2,0
3674,23.2702,267.007,2,0
3675,48.3523,272.672,2,0
3676,439.193,138.536,2,0
3677,138.713,138.708,2,0
3678,251.526,282.874,2,0
3679,108.638,55.9422,2,0
3680,251.612,243.979,2,0
3681,509.114,55.2928,2,0
3682,383.184,199.314,2,0
3683,47.7334,179.146,2,0
3684,586.178,277.414,2,0
3685,550.583,276.047,2,0
3686,35.1226,259.559,2,0
3687,276.819,143.266,2,0
3688,16.7292,21.041,2,0
3689,227.522,282.764,2,0
3690,145.507,204.122,2,0
3691,309.343,86.7779,2,0
3692,434.227,191.876,2,0
3693,472.02,243.547,2,0
3694,334.471,287.224,2,0
3695,130.124,239.467,2,0
3696,181.267,143.63,2,0
3697,419.13,185.619,2,0
3698,325.385,29.7347,2,0
3699,10.5486,222.82,2,0
3700,434.732,287.166,2,0
3701,148.727,230.718,2,0
3702,381.501,5.49103,2,0
3703,159.669,113.584,2,0
3704,441.151,131.89,2,0
3705,593.366,9.6705,2,0
3706,47.5483,11.299,2,0
3707,370.669,53.045,2,0
3708,375.324,100.805,2,0
3709,427.323,210.679,2,0
3710,308.744,98.9105,2,0
3711,274.448,73.7672,2,0
3712,590.766,152.991,2,0
3713,329.943,100.183,2,0
3714,90.7206,46.4141,2,0
3715,148.969,176.129,2,0
3716,517.888,294.439,2,0
3717,536.107,298,2,0
3718,408.794,98.7551,2,0
3719,214.683,127.707,2,0
3720,158.098,298,2,0
3721,450.555,8.94829,2,0
3722,410.867,47.478,2,0
3723,150.959,62.0352,2,0
3724,317.471,71.0995,2,0
3725,224.998,179.275,2,0
3726,179.246,21.9681,2,0
3727,44.278,272.77,2,0
3728,575.109,172.654,2,0
3729,453.797,33.5781,2,0
3730,256.871,177.781,2,0
3731,27.068,241.092,2,0
3732,288.585,272.451,2,0
3733,105.352,223.129,2,0
3734,497.878,15.7443,2,0
3735,567.094,38.4016,2,0
3736,248.544,31.0727,2,0
3737,313.507,76.9354,2,0
3738,477.243,58.6741,2,0
3739,28.868,256.032,2,0
3740,112.7,41.8945,2,0
3741,208.426,278.016,2,0
3742,370.995,42.181,2,0
3743,186.204,211.292,2,0
3744,362.295,192.103,2,0
3745,409.75,38.5342,2,0
3746,339.823,174.309,2,0
3747,188.523,9.06086,2,0
3748,573.799,231.965,2,0
3749,442.582,37.1329,2,0
3750,378.435,279.485,2,0
3751,260.99,163.421,2,0
3752,480.01,264.733,2,0
3753,462.791,74.3749,2,0
3754,555.627,151.938,2,0
3755,320.836,190.668,2,0
3756,168.026,220.921,2,0
3757,411.005,286.099,2,0
3758,50.5859,262.1,2,0
3759,328.258,73.0855,2,0
3760,445.249,224.731,2,0
3761,132.382,199.938,2,0
3762,32.0479,109.889,2,0
3763,155.764,67.4703,2,0
3764,32.8307,39.8164,2,0
3765,550.517,243.942,2,0
3766,161.425,137.721,2,0
3767,345.886,38.9154,2,0
3768,484.59,255.489,2,0
3769,146.379,49.0426,2,0
3770,554.324,270.226,2,0
3771,436.613,213.684,2,0
3772,423.678,26.9982,2,0
3773,9.7241,137.815,2,0
3774,320.437,179.396,2,0
3775,449.263,290.957,2,0
3776,388.961,289.829,2,0
3777,392.045,124.071,2,0
3778,165.441,126.491,2,0
3779,557.034,28.6691,2,0
3780,557.558,43.2495,2,0
3781,399.121,82.9296,2,0
3782,335.06,73.438,2,0
3783,18.3501,197.771,2,0
3784,135.639,294.424,2,0
3785,182.803,217.703,2,0
3786,538.532,206.62,2,0
3787,132.291,223.752,2,0
3788,400.32,161.762,2,0
3789,76.854,189.217,2,0
3790,365.761,137.326,2,0
3791,592.556,171.383,2,0
3792,566.668,221.977,2,0
3793,350,163.81,2,0
3794,73.9325,119.444,2,0
3795,139.747,8.65412,2,0
3796,108.492,5.50375,2,0
3797,366.406,213.201,2,0
3798,469.469,108.545,2,0
3799,579.046,186.017,2,0
3800,239.047,279.728,2,0
3801,575.021,99.9829,2,0
3802,260.834,170.547,2,0
3803,338.353,126.465,2,0
3804,398.905,238.535,2,0
3805,545.237,161.326,2,0
3806,126.132,19.9701,2,0
3807,403.219,123.311,2,0
3808,478.822,195.946,2,0
3809,25.5785,193.928,2,0
3810,263.02,2,2,0
3811,572.616,123.561,2,0
3812,539.848,269.594,2,0
3813,8.73829,83.6419,2,0
3814,486.377,12.4396,2,0
3815,576.314,9.05977,2,0
3816,88.6519,197.791,2,0
3817,76.7393,89.2404,2,0
3818,52.4097,265.724,2,0
3819,510.751,134.189,2,0
3820,108.457,130.052,2,0
3821,291.958,83.7341,2,0
3822,278.171,71.5259,2,0
3823,112.668,140.381,2,0
3824,585.979,49.7679,2,0
3825,261.672,91.7403,2,0
3826,118.764,266.913,2,0
3827,204.624,30.1724,2,0
3828,80.652,273.991,2,0
3829,330.227,153.546,2,0
3830,448.473,12.5594,2,0
3831,533.369,163.747,2,0
3832,469.534,298,2,0
3833,551.325,255.85,2,0
3834,531.363,84.8596,2,0
3835,567.925,60.3019,2,0
3836,287.998,107.054,2,0
3837,277.999,2,2,0
3838,15.2137,267.418,2,0
3839,388.569,282.503,2,0
3840,203.748,256.705,2,0
3841,159.785,156.285,2,0
3842,355.958,160.571,2,0
3843,224.002,29.6576,2,0
3844,1.67046,279.042,2,0
3845,463.878,226.191,2,0
3846,5.45948,271.677,2,0
3847,595.095,21.2418,2,0
3848,494.368,117.72,2,0
3849,70.0961,98.2559,2,0
3850,358.235,185.15,2,0
3851,50.0142,33.9661,2,0
3852,188.417,98.9556,2,0
3853,469.383,34.7755,2,0
3854,369.595,295.914,2,0
3855,153.383,127.725,2,0
3856,218.174,224.948,2,0
3857,395.99,129.888,2,0
3858,262.436,159.67,2,0
3859,400.849,107.957,2,0
3860,220.697,276.135,2,0
3861,237.464,88.4763,2,0
3862,400.326,46.0231,2,0
3863,78.2588,178.544,2,0
3864,575.542,203.873,2,0
3865,155.885,32.9592,2,0
3866,410.581,19.8028,2,0
3867,555.11,197.99,2,0
3868,124.295,139.414,2,0
3869,519.208,198.114,2,0
3870,526.339,239.927,2,0
3871,255.428,289.329,2,0
3872,182.834,52.9762,2,0
3873,179.648,90.8226,2,0
3874,385.295,270.99,2,0
3875,250.507,102.162,2,0
3876,243.689,290.952,2,0
3877,503.503,186.121,2,0
3878,411.304,225.457,2,0
3879,156.18,130.776,2,0
3880,279.011,41.1908,2,0
3881,518.421,44.7933,2,0
3882,67.0328,133.124,2,0
3883,212.016,96.8538,2,0
3884,133.022,21.5315,2,0
3885,43.2995,29.4488,2,0
3886,123.053,240.46,2,0
3887,430.628,58.2733,2,0
3888,172.982,63.9915,2,0
3889,488.542,75.3909,2,0
3890,191.801,290.897,2,0
3891,44.9301,172.816,2,0
3892,283.53,265.933,2,0
3893,218.012,208.558,2,0
3894,147.108,143.91,2,0
3895,158.59,198.471,2,0
3896,238.769,109.904,2,0
3897,337.423,33.5549,2,0
3898,214.725,235.108,2,0
3899,325.685,15.0798,2,0
3900,93.6523,120.498,2,0
3901,16.8636,83.2392,2,0
3902,358.437,231.582,2,0
3903,111.334,120.967,2,0
3904,54.546,198.26,2,0
3905,126.009,228.759,2,0
3906,506.623,40.6638,2,0
3907,269.856,248.966,2,0
3908,552.451,174.261,2,0
3909,246.85,168.456,2,0
3910,483.273,220.495,2,0
3911,466.909,27.3405,2,0
3912,383.268,90.9245,2,0
3913,8.96409,264.243,2,0
3914,451.272,294.509,2,0
3915,526.86,71.7959,2,0
3916,318.193,216.058,2,0
3917,200.563,246.371,2,0
3918,538.885,17.7245,2,0
3919,338.429,262.232,2,0
3920,72.3863,165.114,2,0
3921,127.911,34.8301,2,0
3922,536.134,290.931,2,0
3923,388.404,32.9146,2,0
3924,131.564,294.072,2,0
3925,67.0334,216.047,2,0
3926,434.276,44.1446,2,0
3927,577.902,175.507,2,0
3928,17.1282,5.55535,2,0
3929,187.343,66.7941,2,0
3930,83.5008,232.513,2,0
3931,117.483,182.538,2,0
3932,424.993,165.062,2,0
3933,45.2844,53.2384,2,0
3934,555.925,9.47491,2,0
3935,90.1184,272.325,2,0
3936,402.066,101.041,2,0
3937,597.279,58.7634,2,0
3938,482.024,85.7255,2,0
3939,124.125,12.986,2,0
3940,184.806,49.1857,2,0
3941,319.682,61.5041,2,0
3942,527.876,220.164,2,0
3943,577.749,171.336,2,0
3944,148.602,16.8306,2,0
3945,577.776,193.638,2,0
3946,44.5802,117.765,2,0
3947,173.611,146.966,2,0
3948,229.574,183.611,2,0
3949,151.322,227.452,2,0
3950,443.429,212.696,2,0
3951,565.787,56.8053,2,0
3952,17.0153,263.798,2,0
3953,191.229,105.447,2,0
3954,378.012,275.392,2,0
3955,237.712,256.892,2,0
3956,210.153,20.8792,2,0
3957,466.276,280.369,2,0
3958,417.69,37.6687,2,0
3959,478.356,71.9446,2,0
3960,48.9677,193.801,2,0
3961,129.928,42.6009,2,0
3962,15.5722,161.885,2,0
3963,78.7964,2,2,0
3964,141.56,205.065,2,0
3965,86.5233,93.2826,2,0
3966,42.9472,110.862,2,0
3967,236.26,276.115,2,0
3968,400.822,54.2402,2,0
3969,490.756,242.632,2,0
3970,66.4071,230.694,2,0
3971,67.9749,101.881,2,0
3972,37.0318,256.37,2,0
3973,17.9932,120.441,2,0
3974,100.574,121.486,2,0
3975,539.619,91.4834,2,0
3976,145.645,249.461,2,0
3977,286.98,290.619,2,0
3978,434.366,37.1503,2,0
3979,580.692,266.651,2,0
3980,313.604,251.722,2,0
3981,104.903,77.5103,2,0
3982,218.285,245.588,2,0
3983,311.321,117.367,2,0
3984,589.731,149.284,2,0
3985,287.756,142.762,2,0
3986,181.151,56.5649,2,0
3987,16.8536,47.5744,2,0
3988,146.754,80.3016,2,0
3989,76.1896,32.337,2,0
3990,491.272,81.8391,2,0
3991,587.517,141.41,2,0
3992,385.107,57.0246,2,0
3993,34.9046,112.785,2,0
3994,23.0777,50.8108,2,0
3995,535.286,65.0944,2,0
3996,196.525,2,2,0
3997,511.837,160.194,2,0
3998,118.068,51.4403,2,0
3999,193.688,275.975,2,0
4000,270.184,107.13,2,0
4001,119.469,114.2,2,0
4002,469.788,21.0228,2,0
4003,170.004,265.748,2,0
4004,341.937,269.29,2,0
4005,595.031,149.799,2,0
4006,318.07,193.913,2,0
4007,455.388,221.342,2,0
4008,23.3503,93.5391,2,0
4009,254.461,83.5447,2,0
4010,297.256,57.3293,2,0
4011,231.023,215.161,2,0
4012,355.342,118.218,2,0
4013,580.595,217.106,2,0
4014,221.205,235.826,2,0
4015,395.394,24.2502,2,0
4016,476.847,53.1786,2,0
4017,516.887,122.087,2,0
4018,250.65,160.375,2,0
4019,133.989,29.2455,2,0
4020,486.245,259.225,2,0
4021,465.541,15.2361,2,0
4022,203.539,234.454,2,0
4023,521.614,106.984,2,0
4024,24.7749,287.835,2,0
4025,482.096,134.59,2,0
4026,323.753,83.4335,2,0
4027,214.709,247.558,2,0
4028,319.457,205.007,2,0
4029,177.001,63.7866,2,0
4030,503.905,112.617,2,0
4031,62.7838,269.359,2,0
4032,236.091,198.246,2,0
4033,560.072,67.6506,2,0
4034,210.809,12.8772,2,0
4035,516.763,100.39,2,0
4036,110.766,52.3447,2,0
4037,182.699,251.922,2,0
4038,524.458,65.1154,2,0
4039,439.365,99.5294,2,0
4040,222.766,161.662,2,0
4041,283.121,55.574,2,0
4042,173.202,181.359,2,0
4043,248.658,67.031,2,0
4044,258.943,181.233,2,0
4045,66.9668,262.448,2,0
4046,102.361,288.331,2,0
4047,271.513,124.265,2,0
4048,361.886,94.7141,2,0
4049,50.5591,209.457,2,0
4050,245.414,213.751,2,0
4051,526.015,294.541,2,0
4052,499.782,212.19,2,0
4053,28.5659,208.201,2,0
4054,229.102,121.346,2,0
4055,28.9375,47.1221,2,0
4056,406.365,167.237,2,0
4057,41.2243,82.0528,2,0
4058,72.0008,63.1578,2,0
4059,218.688,35.822,2,0
4060,572.194,43.1486,2,0
4061,126.118,41.637,2,0
4062,585.214,223.816,2,0
4063,34.1741,142.423,2,0
4064,115.708,115.532,2,0
4065,271.474,195.101,2,0
4066,181.824,294.642,2,0
4067,261.609,9.81318,2,0
4068,468.57,221.192,2,0
4069,341.051,298,2,0
4070,184.426,203.734,2,0
4071,577.333,249.283,2,0
4072,587.935,294.498,2,0
4073,351.85,85.3265,2,0
4074,280.446,164.117,2,0
4075,305.966,15.8317,2,0
4076,197.907,63.0368,2,0
4077,134.019,149.1,2,0
4078,277.97,262.492,2,0
4079,568.084,236.015,2,0
4080,184.257,114.118,2,0
4081,441.599,117.178,2,0
4082,56.5598,265.814,2,0
4083,304.388,242.988,2,0
4084,399.522,37.9592,2,0
4085,400.337,205.662,2,0
4086,505.608,151.975,2,0
4087,285.389,75.1927,2,0
4088,412.664,243.523,2,0
4089,164.863,130.421,2,0
4090,492.795,85.6352,2,0
4091,582.958,185.098,2,0
4092,387.122,143.36,2,0
4093,258.932,243.506,2,0
4094,342.791,215.599,2,0
4095,235.459,290.964,2,0
4096,208.71,119.009,2,0
4097,197.381,123.943,2,0
4098,436.568,161.33,2,0
4099,35.5541,208.333,2,0
4100,125.421,119.763,2,0
4101,175.126,98.6972,2,0
4102,59.7537,115.792,2,0
4103,31.6975,218.261,2,0
4104,256.11,29.4041,2,0
4105,328.682,12.5074,2,0
4106,551.328,178.066,2,0
4107,438.829,229.736,2,0
4108,158.786,178.167,2,0
4109,498.061,238.772,2,0
4110,194.311,135.308,2,0
4111,412.591,139.317,2,0
4112,289.512,211.016,2,0
4113,166.658,199.453,2,0
4114,320.491,148.697,2,0
4115,206.264,73.1344,2,0
4116,454.263,88.5228,2,0
4117,558.19,180.454,2,0
4118,22.1573,183.371,2,0
4119,112.355,281.476,2,0
4120,595.989,196.609,2,0
4121,73.4628,66.9097,2,0
4122,191.388,59.9024,2,0
4123,596.731,115.079,2,0
4124,446.724,168.908,2,0
4125,457.149,60.6715,2,0
4126,383.44,16.0186,2,0
4127,305.345,96.647,2,0
4128,244.014,85.844,2,0
4129,54.8405,282.941,2,0
4130,74.7234,286.766,2,0
4131,121.424,69.0228,2,0
4132,236.779,260.887,2,0
4133,109.428,222.355,2,0
4134,264.122,71.5915,2,0
4135,473.609,230.714,2,0
4136,226.128,135.759,2,0
4137,47.5368,15.4155,2,0
4138,15.0713,29.0761,2,0
4139,406.36,219.063,2,0
4140,429.143,262.34,2,0
4141,310.374,8.91863,2,0
4142,51.9156,149.903,2,0
4143,481.06,47.7028,2,0
4144,129.625,235.453,2,0
4145,8.99022,23.8446,2,0
4146,136.701,272.334,2,0
4147,488.055,230.24,2,0
4148,227.989,252.661,2,0
4149,18.4819,36.8717,2,0
4150,510.162,7.62852,2,0
4151,443.223,157.822,2,0
4152,77.939,155.973,2,0
4153,346.316,139.468,2,0
4154,593.584,189.332,2,0
4155,483.729,162.357,2,0
4156,327.258,60.7469,2,0
4157,106.777,31.2648,2,0
4158,434.626,58.2624,2,0
4159,568.174,67.7016,2,0
4160,149.605,140.267,2,0
4161,29.3143,294.576,2,0
4162,87.048,166.719,2,0
4163,364.347,202.657,2,0
4164,472.646,52.0519,2,0
4165,132.263,77.0172,2,0
4166,494.928,228.735,2,0
4167,498.095,52.0492,2,0
4168,514.811,23.2732,2,0
4169,51.3238,66.5375,2,0
4170,123.144,17.1127,2,0
4171,462.461,49.4308,2,0
4172,177.01,278.805,2,0
4173,100.818,34.6987,2,0
4174,446.925,57.8342,2,0
4175,28.661,160.032,2,0
4176,450.699,86.1282,2,0
4177,367.419,260.787,2,0
4178,93.4278,256.656,2,0
4179,521.487,21.303,2,0
4180,573.606,159.87,2,0
4181,426.389,51.3539,2,0
4182,165.859,136.061,2,0
4183,86.1048,70.296,2,0
4184,539.626,187.897,2,0
4185,191.384,87.2032,2,0
4186,295.231,249.994,2,0
4187,506.064,98.2296,2,0
4188,440.705,75.2216,2,0
4189,164.794,149.764,2,0
4190,490.988,120.183,2,0
4191,112.637,180.059,2,0
4192,214.591,157.322,2,0
4193,119.148,186.405,2,0
4194,373.372,19.5544,2,0
4195,522.632,216.196,2,0
4196,110.653,218.384,2,0
4197,181.284,18.603,2,0
4198,478.268,185.162,2,0
4199,474.724,120.391,2,0
4200,32.3065,158.482,2,0
4201,35.2776,134.315,2,0
4202,523.86,284.026,2,0
4203,599.277,130.189,2,0
4204,535.488,269.75,2,0
4205,137.548,290.926,2,0
4206,599.119,138.816,2,0
4207,68.6309,21.0848,2,0
4208,565.103,250.424,2,0
4209,470.759,73.3925,2,0
4210,277.104,236.492,2,0
4211,424.706,269.317,2,0
4212,156.315,166.43,2,0
4213,185.733,81.3151,2,0
4214,352.037,188.747,2,0
4215,599.826,250.847,2,0
4216,482.225,184.198,2,0
4217,22.9693,86.4784,2,0
4218,116.17,283.083,2,0
4219,21.1061,132.7,2,0
4220,390.737,237.667,2,0
4221,174.425,143.015,2,0
4222,23.2462,2,2,0
4223,229.021,199.034,2,0
4224,437.184,290.996,2,0
4225,447.183,266.249,2,0
4226,15.4971,65.2074,2,0
4227,56.9824,286.499,2,0
4228,386.084,177.266,2,0
4229,147.937,287.034,2,0
4230,350.653,56.0038,2,0
4231,69.2358,233.566,2,0
4232,421.455,254.891,2,0
4233,137.454,117.455,2,0
4234,77.4062,294.41,2,0
4235,448.976,283.905,2,0
4236,119.82,284.83,2,0
4237,414.834,294.521,2,0
4238,9.27499,271.334,2,0
4239,248.719,105.851,2,0
4240,65.1185,143.808,2,0
4241,111.823,273.532,2,0
4242,541.613,230.543,2,0
4243,121.669,98.2157,2,0
4244,401.841,201.868,2,0
4245,227.01,5.50382,2,0
4246,512.615,263.746,2,0
4247,161.832,188.172,2,0
4248,251.487,200.511,2,0
4249,397.978,263.342,2,0
4250,516.272,76.3542,2,0
4251,590.159,163.701,2,0
4252,291.198,87.7549,2,0
4253,221.134,132.551,2,0
4254,411.593,15.8993,2,0
4255,548.117,98.1851,2,0
4256,198.305,21.2215,2,0
4257,72.9434,188.118,2,0
4258,512.043,243.369,2,0
4259,358.094,26.3475,2,0
4260,385.414,64.19,2,0
4261,563.361,145.592,2,0
4262,343.993,195.933,2,0
4263,114.653,67.3048,2,0
4264,338.085,80.3604,2,0
4265,211.983,80.3693,2,0
4266,258.396,126.11,2,0
4267,79.6733,261.885,2,0
4268,8.53981,40.9644,2,0
4269,196.695,152.552,2,0
4270,28.0607,110.956,2,0
4271,379.167,199.225,2,0
4272,288.038,125.473,2,0
4273,560.577,291.062,2,0
4274,404.527,87.2953,2,0
4275,584.411,89.4638,2,0
4276,345.434,154.123,2,0
4277,107.915,95.6723,2,0
4278,285.682,67.1531,2,0
4279,466.519,172.622,2,0
4280,514.812,188.416,2,0
4281,447.285,64.9641,2,0
4282,256.414,163.685,2,0
4283,174.373,32.0367,2,0
4284,306.302,214.233,2,0
4285,479.963,55.6941,2,0
4286,140.822,19.2932,2,0
4287,19.432,148.827,2,0
4288,147.583,45.2555,2,0
4289,422,111.273,2,0
4290,446.988,159.187,2,0
4291,312.172,35.9988,2,0
4292,541.872,32.8367,2,0
4293,123.785,222.232,2,0
4294,598.726,199.625,2,0
4295,414.508,18.6473,2,0
4296,387.32,230.224,2,0
4297,172.312,221.451,2,0
4298,78.2646,253.197,2,0
4299,467.424,136.483,2,0
4300,368.394,38.9782,2,0
4301,177.792,78.093,2,0
4302,138.182,223.967,2,0
4303,377.106,206.597,2,0
4304,547.414,265.929,2,0
4305,60.8365,160.992,2,0
4306,161.104,93.4186,2,0
4307,279.824,95.8165,2,0
4308,283.714,89.3019,2,0
4309,35.2072,216.401,2,0
4310,356.517,100.845,2,0
4311,122.129,229.999,2,0
4312,20.7631,256.561,2,0
4313,558.169,240.384,2,0
4314,124.501,272.544,2,0
4315,2.898,151.725,2,0
4316,18.2455,183.131,2,0
4317,266.602,255.146,2,0
4318,45.0643,228.934,2,0
4319,177.967,28.5803,2,0
4320,379.179,60.8084,2,0
4321,399.949,42.0526,2,0
4322,356.276,152.532,2,0
4323,562.077,143.4,2,0
4324,589.313,84.1849,2,0
4325,364.224,246.666,2,0
4326,88.6536,204.515,2,0
4327,231.221,188.553,2,0
4328,260.722,129.404,2,0
4329,31.9574,210.298,2,0
4330,457.928,218.388,2,0
4331,149.763,27.371,2,0
4332,362.465,170.955,2,0
4333,430.215,23.1361,2,0
4334,171.837,12.9325,2,0
4335,498.329,5.08148,2,0
4336,438.39,30.1717,2,0
4337,404.321,267.699,2,0
4338,143.234,260.05,2,0
4339,426.469,216.232,2,0
4340,419.491,224.278,2,0
4341,139.729,134.444,2,0
4342,330.349,128.359,2,0
4343,227.123,68.6044,2,0
4344,580.066,32.8266,2,0
4345,79.3303,249.249,2,0
4346,52.4255,44.8086,2,0
4347,232.213,131.54,2,0
4348,594.301,93.614,2,0
4349,530.757,70.3941,2,0
4350,455.412,114.263,2,0
4351,186.429,283.944,2,0
4352,112.002,277.587,2,0
4353,86.4172,226.111,2,0
4354,474.486,226.807,2,0
4355,74.5537,136.033,2,0
4356,479.054,82.773,2,0
4357,115.609,168.482,2,0
4358,358.148,171.018,2,0
4359,210.944,208.679,2,0
4360,324.497,147.842,2,0
4361,51.8548,127.248,2,0
4362,229.556,259.475,2,0
4363,97.9845,96.4965,2,0
4364,403.46,104.872,2,0
4365,182.743,269.61,2,0
4366,521.526,246.62,2,0
4367,548.641,106.846,2,0
4368,553.932,112.835,2,0
4369,447.226,287.5,2,0
4370,131.673,251.539,2,0
4371,258.349,24.7772,2,0
4372,102.322,2,2,0
4373,427.688,251.705,2,0
4374,244.527,243.857,2,0
4375,596.316,132.964,2,0
4376,134.202,2,2,0
4377,18.818,249.947,2,0
4378,133.727,298,2,0
4379,248.925,79.288,2,0
4380,487.157,109.034,2,0
4381,208.513,94.7311,2,0
4382,381.486,79.3521,2,0
4383,156.816,148.764,2,0
4384,231.787,251.291,2,0
4385,531.977,88.625,2,0
4386,135.075,66.775,2,0
4387,385.467,39.3425,2,0
4388,253.847,42.1162,2,0
4389,158.813,35.8447,2,0
4390,327.895,77.3057,2,0
4391,324.215,233.71,2,0
4392,69.4412,76.8814,2,0
4393,288.533,247.043,2,0
4394,309.138,90.8223,2,0
4395,310.366,229.503,2,0
4396,439.773,251.994,2,0
4397,7.30285,236.598,2,0
4398,488.999,28.3077,2,0
4399,404.791,175.214,2,0
4400,209.877,164.198,2,0
4401,514.743,46.0271,2,0
4402,273.746,42.9531,2,0
4403,131.443,52.7956,2,0
4404,429.625,84.8913,2,0
4405,239.849,248.982,2,0
4406,50.5892,25.7433,2,0
4407,581.411,248.879,2,0
4408,399.78,249.36,2,0
4409,229.501,175.028,2,0
4410,289.428,45.0792,2,0
4411,72.2598,195.764,2,0
4412,217.331,53.9699,2,0
4413,494.426,53.5505,2,0
4414,242.915,53.0809,2,0
4415,277.477,35.8361,2,0
4416,313.986,223.03,2,0
4417,432.731,61.882,2,0
4418,571.103,173.662,2,0
4419,25.6291,270.269,2,0
4420,523.392,270.213,2,0
4421,580.712,128.659,2,0
4422,390.178,140.693,2,0
4423,212.762,113.16,2,0
4424,60.5549,5.50403,2,0
4425,468.68,261.836,2,0
4426,364.462,39.5521,2,0
4427,586.613,96.1073,2,0
4428,210.67,157.18,2,0
4429,412.179,275.576,2,0
4430,151.652,131.406,2,0
4431,83.1028,228.514,2,0
4432,163.968,289.846,2,0
4433,13.1014,54.7784,2,0
4434,102.17,89.8083,2,0
4435,186.851,233.571,2,0
4436,543.654,235.636,2,0
4437,16.8961,231.616,2,0
4438,399.483,165.707,2,0
4439,88.9576,242.66,2,0
4440,354.13,178.097,2,0
4441,305.033,167.306,2,0
4442,317.206,75.1665,2,0
4443,346.479,252.166,2,0
4444,336.829,119.636,2,0
4445,566.934,246.737,2,0
4446,235.117,5.42328,2,0
4447,339.695,167.187,2,0
4448,231.46,298,2,0
4449,342.967,66.574,2,0
4450,50.6806,119.256,2,0
4451,469.172,169.57,2,0
4452,402.153,246.1,2,0
4453,582.368,5.4521,2,0
4454,559.923,236.781,2,0
4455,409.981,200.735,2,0
4456,468.593,114.116,2,0
4457,593.729,97.6602,2,0
4458,253.277,2,2,0
4459,574.672,118.64,2,0
4460,556.647,126.707,2,0
4461,474.511,48.4036,2,0
4462,461.249,168.067,2,0
4463,363.356,285.152,2,0
4464,543.447,100.602,2,0
4465,90.3486,112.905,2,0
4466,167.766,102.221,2,0
4467,514.201,97.1519,2,0
4468,545.641,232.198,2,0
4469,66.8696,68.6547,2,0
4470,153.538,11.8561,2,0
4471,265.156,170.464,2,0
4472,198.704,168.156,2,0
4473,532.681,92.5758,2,0
4474,54.7724,233.691,2,0
4475,289.719,192.318,2,0
4476,336.532,212.25,2,0
4477,8.02998,127.156,2,0
4478,310.432,158.07,2,0
4479,542.388,66.2603,2,0
4480,412.757,221.781,2,0
4481,371.492,147.87,2,0
4482,276.66,286.478,2,0
4483,0.663723,238.776,2,0
4484,419.236,258.333,2,0
4485,477.87,276.529,2,0
4486,393.043,178.894,2,0
4487,228.608,139.043,2,0
4488,71.4585,251.372,2,0
4489,352.17,202.845,2,0
4490,580.27,196.782,2,0
4491,35.6202,57.6249,2,0
4492,259.861,259.726,2,0
4493,395.576,166.983,2,0
4494,285.242,26.9251,2,0
4495,451.382,113.027,2,0
4496,73.1319,26.4824,2,0
4497,348.365,42.1088,2,0
4498,579.506,252.569,2,0
4499,145.431,56.9948,2,0
4500,393.273,213.626,2,0
4501,245.897,182.59,2,0
4502,247.212,140.87,2,0
4503,485.72,298,2,0
4504,454.534,2,2,0
4505,164.643,50.1388,2,0
4506,78.3409,98.5404,2,0
4507,426.919,193.052,2,0
4508,359.147,2,2,0
4509,23.9393,187.18,2,0
4510,500.696,12.8858,2,0
4511,410.202,102.519,2,0
4512,59.9805,134.172,2,0
4513,220.372,286.886,2,0
4514,488.273,91.0858,2,0
4515,540.984,234.634,2,0
4516,284.18,236.025,2,0
4517,68.4136,295.62,2,0
4518,550.339,294.517,2,0
4519,526.852,48.0553,2,0
4520,498.434,121.064,2,0
4521,201.017,85.382,2,0
4522,231.365,58.7841,2,0
4523,74.7055,2,2,0
4524,522.705,25.1066,2,0
4525,18.0732,126.332,2,0
4526,29.2853,5.54238,2,0
4527,525.719,93.7653,2,0
4528,369.068,56.8734,2,0
4529,408.975,109.417,2,0
4530,271.642,46.4186,2,0
4531,142.094,126.277,2,0
4532,253.026,136.967,2,0
4533,551.668,237.01,2,0
4534,108.371,140.111,2,0
4535,232.501,156.686,2,0
4536,29.5873,191.358,2,0
4537,407.324,163.195,2,0
4538,539.05,82.1592,2,0
4539,268.171,154.536,2,0
4540,437.676,221.686,2,0
4541,477.183,171.09,2,0
4542,261.387,198.646,2,0
4543,454.148,232.304,2,0
4544,8.46899,257.264,2,0
4545,11.0921,298,2,0
4546,298.354,21.6411,2,0
4547,123.485,286.734,2,0
4548,24.9347,82.9101,2,0
4549,346.175,260.406,2,0
4550,167.023,35.3529,2,0
4551,446.561,155.517,2,0
4552,447.321,83.8993,2,0
4553,411.939,2,2,0
4554,547.4,53.6956,2,0
4555,224.93,216.713,2,0
4556,294.868,282.631,2,0
4557,248.933,137.273,2,0
4558,332.393,116.424,2,0
4559,169.734,246.253,2,0
4560,111.33,257.973,2,0
4561,396.275,16.3767,2,0
4562,218.475,126.097,2,0
4563,487.991,169.209,2,0
4564,525.282,165.411,2,0
4565,559.18,108.232,2,0
4566,190.218,95.3777,2,0
4567,237.592,294.446,2,0
4568,440.419,47.5548,2,0
4569,320.865,73.3033,2,0
4570,100.168,227.948,2,0
4571,5.61006,143.8,2,0
4572,388.081,71.6696,2,0
4573,69.2296,167.853,2,0
4574,207.062,298,2,0
4575,499.854,274.202,2,0
4576,133.768,129.047,2,0
4577,10.3352,291.437,2,0
4578,97.4397,224.94,2,0
4579,334.786,138.061,2,0
4580,367.314,8.98883,2,0
4581,525.469,22.2258,2,0
4582,175.163,171.622,2,0
4583,107.692,259.7,2,0
4584,480.76,254.183,2,0
4585,159.536,17.0199,2,0
4586,163.554,191.867,2,0
4587,306.323,228.91,2,0
4588,322.9,172.159,2,0
4589,441.184,193.433,2,0
4590,324.833,190.944,2,0
4591,168.46,269.538,2,0
4592,352.004,181.664,2,0
4593,28.9792,195.973,2,0
4594,446.084,188.424,2,0
4595,113.291,221.458,2,0
4596,501.298,249.018,2,0
4597,90.6358,133.552,2,0
4598,532.821,142.28,2,0
4599,446.831,141.134,2,0
4600,491.658,169.96,2,0
4601,591.968,197.335,2,0
4602,115.99,224.508,2,0
4603,421.796,83.0886,2,0
4604,5.51266,218.126,2,0
4605,240.584,155.333,2,0
4606,16.1575,252.917,2,0
4607,584.184,281.27,2,0
4608,463.49,294.492,2,0
4609,366.843,82.0627,2,0
4610,591.851,156.958,2,0
4611,510.729,71.6357,2,0
4612,353.875,298,2,0
4613,96.5454,250.281,2,0
4614,475.51,182.241,2,0
4615,7.99562,191.205,2,0
4616,392.529,38.6065,2,0
4617,383.652,155.853,2,0
4618,337.714,170.65,2,0
4619,1.85069,217.448,2,0
4620,76.6905,5.47314,2,0
4621,516.588,87.1048,2,0
4622,528.047,179,2,0
4623,340.888,27.0391,2,0
4624,114.758,38.3523,2,0
4625,237.698,162.949,2,0
4626,425.604,127.101,2,0
4627,24.5267,214.431,2,0
4628,572.597,290.931,2,0
4629,16.0327,281.467,2,0
4630,241.291,9.11465,2,0
4631,33.3587,150.44,2,0
4632,567.298,138.89,2,0
4633,363.394,32.6469,2,0
4634,329.692,184.717,2,0
4635,425.574,255.173,2,0
4636,26.7463,79.3944,2,0
4637,477.31,153.779,2,0
4638,526.746,256.395,2,0
4639,305.191,100.586,2,0
4640,166.442,46.4081,2,0
4641,311.772,49.8491,2,0
4642,323.528,126.372,2,0
4643,204.095,225.142,2,0
4644,32.5851,30.7851,2,0
4645,118.087,292.316,2,0
4646,125.307,96.7902,2,0
4647,407.83,275.112,2,0
4648,463.236,29.9153,2,0
4649,30.9248,290.948,2,0
4650,552.95,42.6413,2,0
4651,329.573,50.3545,2,0
4652,418.037,232.862,2,0
4653,30.9489,259.506,2,0
4654,471.867,166.539,2,0
4655,435.143,202.03,2,0
4656,520.07,210.342,2,0
4657,267.511,202.197,2,0
4658,48.3743,73.9975,2,0
4659,376.428,181.312,2,0
4660,504.415,287.481,2,0
4661,137.676,298,2,0
4662,211.796,57.9827,2,0
4663,299.394,13.2208,2,0
4664,322.322,111.739,2,0
4665,119.564,77.011,2,0
4666,512.017,198.627,2,0
4667,279.655,87.7587,2,0
4668,530.145,258.7,2,0
4669,194.527,193.169,2,0
4670,107.085,194.303,2,0
4671,317.566,286.47,2,0
4672,327.322,267.444,2,0
4673,488.003,79.3558,2,0
4674,510.237,32.9667,2,0
4675,522.09,61.9783,2,0
4676,132.707,84.9982,2,0
4677,374.701,54.0258,2,0
4678,276.577,224.018,2,0
4679,561.648,233.131,2,0
4680,540.993,222.452,2,0
4681,522.089,191.702,2,0
4682,597.748,111.14,2,0
4683,55.392,171.682,2,0
4684,31.7985,64.6559,2,0
4685,399.335,93.4926,2,0
4686,439.85,142.54,2,0
4687,371.359,9.03199,2,0
4688,463.064,250.329,2,0
4689,259.525,209.152,2,0
4690,91.6953,42.5211,2,0
4691,151.856,287.635,2,0
4692,19.2026,298,2,0
4693,517.492,138.891,2,0
4694,150.133,151.382,2,0
4695,306.571,239.686,2,0
4696,86.0211,119.89,2,0
4697,547.662,236.424,2,0
4698,562.1,5.45522,2,0
4699,381.481,12.5498,2,0
4700,142.4,115.091,2,0
4701,459.512,63.9001,2,0
4702,474.366,134.626,2,0
4703,97.8412,114.974,2,0
4704,415.248,34.2594,2,0
4705,447.248,294.528,2,0
4706,37.1857,249.295,2,0
4707,584.873,104.005,2,0
4708,425.087,262.277,2,0
4709,144.452,5.50192,2,0
4710,473.459,155.537,2,0
4711,376.745,154.116,2,0
4712,205.283,146.065,2,0
4713,592.295,258.524,2,0
4714,514.821,72.5047,2,0
4715,494.26,290.95,2,0
4716,526.904,205.436,2,0
4717,326.002,106.129,2,0
4718,178.882,53.074,2,0
4719,496.588,132.889,2,0
4720,444.581,114.473,2,0
4721,38.0464,61.0394,2,0
4722,565.964,215.104,2,0
4723,19.7001,274.16,2,0
4724,100.76,26.7738,2,0
4725,150.4,82.0299,2,0
4726,404.329,160.495,2,0
4727,164.733,261.281,2,0
4728,341.894,185.317,2,0
4729,324.196,226.625,2,0
4730,254.086,208.202,2,0
4731,185.224,277.011,2,0
4732,597.559,247.525,2,0
4733,148.85,128.518,2,0
4734,419.32,33.9321,2,0
4735,546.957,213.634,2,0
4736,391.417,102.835,2,0
4737,335.02,36.9205,2,0
4738,71.9685,108.889,2,0
4739,518.333,189.969,2,0
4740,58.5107,199.136,2,0
4741,530.277,40.6456,2,0
4742,375.123,222.26,2,0
4743,316.765,202.147,2,0
4744,166.473,286.657,2,0
4745,124.675,298,2,0
4746,120.645,298,2,0
4747,35.922,196.37,2,0
4748,241.966,61.4372,2,0
4749,263.406,139.858,2,0
4750,321.631,144.894,2,0
4751,494.457,121.983,2,0
4752,179.235,67.2881,2,0
4753,441.426,223.24,2,0
4754,400.764,289.591,2,0
4755,144.763,42.3755,2,0
4756,545.669,172.167,2,0
4757,201.022,184.833,2,0
4758,430.037,72.9278,2,0
4759,475.137,83.9524,2,0
4760,21.0729,263.487,2,0
4761,304.977,104.643,2,0
4762,127.048,276.086,2,0
4763,509.651,78.8157,2,0
4764,442.422,8.99498,2,0
4765,490.05,13.8296,2,0
4766,342.626,20.1012,2,0
4767,311.355,207.41,2,0
4768,212.024,266.617,2,0
4769,249.117,112.766,2,0
4770,221.463,251.877,2,0
4771,378.494,39.7335,2,0
4772,472.677,127.158,2,0
4773,525.853,280.596,2,0
4774,120.5,106.256,2,0
4775,501.568,240.956,2,0
4776,529.953,233.979,2,0
4777,524.353,132.22,2,0
4778,436.205,141.261,2,0
4779,381.484,260.858,2,0
4780,219.799,257.163,2,0
4781,141.549,216.185,2,0
4782,184.533,136.549,2,0
4783,384.941,262.845,2,0
4784,487.746,83.2513,2,0
4785,277.448,184.436,2,0
4786,209.822,173.248,2,0
4787,7.18,58.5548,2,0
4788,271.165,67.6394,2,0
4789,188.416,2,2,0
4790,587.774,29.7775,2,0
4791,555.724,201.99,2,0
4792,411.346,95.6633,2,0
4793,544.639,118.32,2,0
4794,135.637,74.882,2,0
4795,73.3212,150.65,2,0
4796,5.2061,25.2076,2,0
4797,287.486,179.741,2,0
4798,318.549,2,2,0
4799,113.808,157.795,2,0
4800,494.53,236.694,2,0
4801,464.005,45.7231,2,0
4802,166.503,143.752,2,0
4803,256.794,105.291,2,0
4804,489.429,132.341,2,0
4805,546.256,294.447,2,0
4806,568.602,291.007,2,0
4807,346.917,46.0454,2,0
4808,404.193,51.9865,2,0
4809,104.537,55.7868,2,0
4810,29.2006,12.4652,2,0
4811,494.799,19.0684,2,0
4812,95.5242,64.7683,2,0
4813,326.507,56.9087,2,0
4814,255.482,201.057,2,0
4815,255.715,36.4009,2,0
4816,17.3867,220.708,2,0
4817,516.029,259.089,2,0
4818,339.248,36.3598,2,0
4819,396.18,148.398,2,0
4820,538.182,287.402,2,0
4821,8.95783,145.853,2,0
4822,100.241,138.971,2,0
4823,144.182,237.471,2,0
4824,279.618,22.72,2,0
4825,199.351,141.507,2,0
4826,59.5878,101.796,2,0
4827,102.969,85.4265,2,0
4828,296.829,219.166,2,0
4829,360.11,174.611,2,0
4830,82.1867,112.599,2,0
4831,313.833,17.3349,2,0
4832,414.961,207.24,2,0
4833,64.3356,31.5664,2,0
4834,138.448,100.822,2,0
4835,583.582,252.091,2,0
4836,362.406,224.441,2,0
4837,176.432,42.6029,2,0
4838,288.233,138.692,2,0
4839,36.4181,25.0448,2,0
4840,212.02,121.332,2,0
4841,485.831,130.056,2,0
4842,229.996,82.8324,2,0
4843,25.9305,153.591,2,0
4844,111.508,168.329,2,0
4845,458.279,275.223,2,0
4846,377.476,33.6563,2,0
4847,149.636,204.454,2,0
4848,537.801,13.8193,2,0
4849,506.408,189.009,2,0
4850,244.122,37.86,2,0
4851,118.705,66.2741,2,0
4852,215.756,267.958,2,0
4853,49.439,249.8,2,0
4854,168.69,128.737,2,0
4855,590.277,36.2333,2,0
4856,149.743,298,2,0
4857,550.639,39.3272,2,0
4858,302.147,128.747,2,0
4859,349.989,192.301,2,0
4860,568.155,185.464,2,0
4861,422.196,2,2,0
4862,231.751,99.9802,2,0
4863,594.379,25.4317,2,0
4864,171.091,104.556,2,0
4865,436.461,126.734,2,0
4866,293.456,253.646,2,0
4867,15.7217,72.286,2,0
4868,418.987,75.4599,2,0
4869,535.415,101.851,2,0
4870,107.47,168.599,2,0
4871,61.1124,292.024,2,0
4872,307.979,119.391,2,0
4873,76.2318,102.011,2,0
4874,496.627,276.464,2,0
4875,577.275,156.85,2,0
4876,259.255,247.416,2,0
4877,548.825,203.132,2,0
4878,575,245.977,2,0
4879,189.996,142.263,2,0
4880,503.222,24.6787,2,0
4881,274.319,116.894,2,0
4882,269.5,99.042,2,0
4883,210.847,281.101,2,0
4884,373.098,206.651,2,0
4885,585.521,206.188,2,0
4886,30.9383,113.777,2,0
4887,424.213,19.5255,2,0
4888,540.214,214.413,2,0
4889,563.908,160.913,2,0
4890,447.164,199.16,2,0
4891,100.672,204.831,2,0
4892,244.936,231.772,2,0
4893,28.1846,133.349,2,0
4894,586.545,37.7158,2,0
4895,384.635,151.813,2,0
4896,512.522,168.194,2,0
4897,223.667,36.6321,2,0
4898,413.991,2,2,0
4899,351.872,167.63,2,0
4900,37.0596,13.0296,2,0
4901,101.363,276.171,2,0
4902,49.3659,290.57,2,0
4903,105.375,183.636,2,0
4904,136.09,256.952,2,0
4905,137.565,242.492,2,0
4906,394.673,286.227,2,0
4907,290.077,2,2,0
4908,550.309,287.432,2,0
4909,21.6354,158.86,2,0
4910,418.209,17.1178,2,0
4911,180.994,277.913,2,0
4912,247.583,246.641,2,0
4913,126.448,237.905,2,0
4914,225.555,245.951,2,0
4915,37.4309,53.8494,2,0
4916,363.118,231.893,2,0
4917,563.368,128.905,2,0
4918,147.932,200.744,2,0
4919,105.234,172.046,2,0
4920,246.504,276.773,2,0
4921,42.4466,41.6125,2,0
4922,377.882,108.538,2,0
4923,202.078,260.409,2,0
4924,320.743,20.005,2,0
4925,412.607,88.6684,2,0
4926,240.898,78.4137,2,0
4927,84.7117,279.788,2,0
4928,370.961,258.857,2,0
4929,221.762,104.324,2,0
4930,434.545,280.205,2,0
4931,340.913,5.42397,2,0
4932,138.877,27.1694,2,0
4933,313.428,176.154,2,0
4934,36.0153,188.369,2,0
4935,474.568,163.587,2,0
4936,571.113,147.949,2,0
4937,92.7343,204.706,2,0
4938,141.661,298,2,0
4939,35.8103,204.241,2,0
4940,248.734,174.938,2,0
4941,445.201,291.067,2,0
4942,170.184,253.658,2,0
4943,124.185,112.741,2,0
4944,271.194,166.745,2,0
4945,142.965,25.9903,2,0
4946,57.4983,236.629,2,0
4947,207.077,149.761,2,0
4948,515.734,165.752,2,0
4949,537.697,71.6831,2,0
4950,456.536,5.54415,2,0
4951,362.373,206.223,2,0
4952,45.5386,132.336,2,0
4953,267.58,268.137,2,0
4954,472.897,267.93,2,0
4955,389.655,202.909,2,0
4956,76.5524,246.374,2,0
4957,48.9084,91.7734,2,0
4958,455.099,57.1744,2,0
4959,481.972,70.5295,2,0
4960,351.071,2,2,0
4961,326.39,215.88,2,0
4962,221.638,293.113,2,0
4963,343.742,106.861,2,0
4964,564.185,67.5016,2,0
4965,11.1951,58.4085,2,0
4966,377.486,80.3988,2,0
4967,316.108,35.2115,2,0
4968,507.092,81.9902,2,0
4969,461.722,42.343,2,0
4970,273.625,238.694,2,0
4971,595.804,251.151,2,0
4972,263.99,270.093,2,0
4973,124.84,172.813,2,0
4974,11.2134,2,2,0
4975,402.957,256.879,2,0
4976,132.987,132.975,2,0
4977,408.769,298,2,0
4978,309.638,82.689,2,0
4979,522.505,195.776,2,0
4980,299.312,139.168,2,0
4981,220.838,16.0057,2,0
4982,570.566,24.8907,2,0
4983,146.379,76.1918,2,0
4984,424.858,298,2,0
4985,414.349,218.082,2,0
4986,266.338,234.91,2,0
4987,112.582,204.212,2,0
4988,559.153,90.4266,2,0
4989,273.285,177.513,2,0
4990,546.609,186.885,2,0
4991,454.017,217.418,2,0
4992,75.9984,185.203,2,0
4993,462.579,160.99,2,0
4994,57.568,118.149,2,0
4995,295.59,81.8532,2,0
4996,338.033,269.882,2,0
4997,297.603,201.854,2,0
4998,586.368,5.3968,2,0
4999,593.121,43.9023,2,0
5000,51.4543,109.208,2,0
5001,523.964,29.0051,2,0
5002,55.1378,175.812,2,0
5003,485.533,197.871,2,0
5004,226.272,205.473,2,0
5005,465.458,248.948,2,0
5006,567.428,253.742,2,0
5007,551.282,109.816,2,0
5008,457.242,178.12,2,0
5009,206.658,5.53751,2,0
5010,598.594,261.551,2,0
5011,561.655,262.565,2,0
5012,124.102,162.034,2,0
5013,119.914,223.55,2,0
5014,138.955,213.009,2,0
5015,357.874,94.0361,2,0
5016,416.095,5.50367,2,0
5017,231.826,37.1378,2,0
5018,364.535,227.97,2,0
5019,293.709,152.562,2,0
5020,221.696,165.738,2,0
5021,270.887,290.785,2,0
5022,529.86,238.115,2,0
5023,45.0808,256.776,2,0
5024,220.832,46.5276,2,0
5025,569.415,200.3,2,0
5026,230.874,255.41,2,0
5027,82.8361,94.5934,2,0
5028,549.896,87.5591,2,0
5029,388.634,106.11,2,0
5030,556.792,148.055,2,0
5031,82.1628,52.7379,2,0
5032,8.55749,240.475,2,0
5033,134.443,177.624,2,0
5034,161.409,73.2847,2,0
5035,432.587,276.684,2,0
5036,467.548,294.498,2,0
5037,169.094,124.752,2,0
5038,122.42,79.8286,2,0
5039,285.66,170.286,2,0
5040,363.976,274.161,2,0
5041,555.802,60.2878,2,0
5042,217.827,164.494,2,0
5043,566.807,87.7807,2,0
5044,465.29,11.2469,2,0
5045,381.861,224.34,2,0
5046,204.454,245.823,2,0
5047,5.51158,108.983,2,0
5048,153.315,291.306,2,0
5049,136.321,199.168,2,0
5050,113.68,56.6518,2,0
5051,539.267,133.664,2,0
5052,206.985,51.411,2,0
5053,109.041,181.584,2,0
5054,407.319,232.609,2,0
5055,495.893,72.0153,2,0
5056,87.8301,29.0953,2,0
5057,581.364,273.739,2,0
5058,79.0916,208.952,2,0
5059,210.665,200.476,2,0
5060,589.972,186.541,2,0
5061,67.4639,94.7412,2,0
5062,300.392,242.437,2,0
5063,272.452,148.898,2,0
5064,474.086,65.9943,2,0
5065,379.469,23.1708,2,0
5066,85.0802,283.766,2,0
5067,422.151,2,2,0
5068,190.797,166.076,2,0
5069,163.915,220.758,2,0
5070,422.832,294.505,2,0
5071,110.192,102.269,2,0
5072,588.613,116.029,2,0
5073,65.3138,197.111,2,0
5074,129.159,22.7397,2,0
5075,563.511,203.883,2,0
5076,214.192,251.703,2,0
5077,74.8032,158.649,2,0
5078,169.562,16.2105,2,0
5079,49.4987,162.988,2,0
5080,376.28,173.279,2,0
5081,127.217,283.123,2,0
5082,461.225,35.3558,2,0
5083,482.696,194.942,2,0
5084,416.78,152.793,2,0
5085,145.678,223.292,2,0
5086,80.0936,45.9073,2,0
5087,304.509,44.105,2,0
5088,142.467,70.3293,2,0
5089,237.674,96.0827,2,0
5090,565.623,200.218,2,0
5091,450.905,76.6996,2,0
5092,316.727,244.573,2,0
5093,503.12,81.4462,2,0
5094,25.0788,263.356,2,0
5095,200.693,152.733,2,0
5096,512.99,54.0273,2,0
5097,188.626,151.484,2,0
5098,425.687,23.3111,2,0
5099,86.098,59.3648,2,0
5100,492.779,38.962,2,0
5101,31.4182,93.0364,2,0
5102,462.797,2,2,0
5103,7.63232,72.6451,2,0
5104,553.17,208.647,2,0
5105,330.392,208.733,2,0
5106,244.393,130.679,2,0
5107,564.494,149.637,2,0
5108,84.9021,55.4684,2,0
5109,148.318,165.347,2,0
5110,90.3043,92.0874,2,0
5111,409.343,169.933,2,0
5112,465.837,106.713,2,0
5113,0.384536,40.5122,2,0
5114,460.986,282.431,2,0
5115,471.064,31.1143,2,0
5116,294.777,39.4283,2,0
5117,236.558,261.391,2,0
5118,450.603,180.42,2,0
5119,227.027,256.56,2,0
5120,315.972,291.501,2,0
5121,324.585,71.3904,2,0
5122,269.824,42.77,2,0
5123,363.199,16.1111,2,0
5124,559.503,151.086,2,0
5125,505.063,239.099,2,0
5126,401.316,157.793,2,0
5127,537.098,50.702,2,0
5128,85.5475,244.926,2,0
5129,158.428,274.44,2,0
5130,29.1106,263.106,2,0
5131,275.547,124.77,2,0
5132,162.504,133.676,2,0
5133,234.778,60.8989,2,0
5134,536.717,43.6632,2,0
5135,146.497,179.29,2,0
5136,92.9891,124.567,2,0
5137,135.956,78.7416,2,0
5138,593.396,204.415,2,0
5139,60.9459,259.084,2,0
5140,337.303,92.4726,2,0
5141,267.305,118.106,2,0
5142,305.782,280.804,2,0
5143,480.689,104.04,2,0
5144,55.3397,66.0151,2,0
5145,360.493,216.824,2,0
5146,34.1929,276.808,2,0
5147,418.806,181.58,2,0
5148,330.761,16.0019,2,0
5149,558.092,32.6185,2,0
5150,457.583,140.854,2,0
5151,145.386,52.9655,2,0
5152,346.972,2,2,0
5153,235.457,48.6391,2,0
5154,331.61,20.5343,2,0
5155,198.666,5.53968,2,0
5156,481.901,173.012,2,0
5157,391.995,258.671,2,0
5158,437.621,116.015,2,0
5159,547.821,100.172,2,0
5160,12.2812,112.645,2,0
5161,211.057,212.692,2,0
5162,391.006,136.309,2,0
5163,70.3562,56.0682,2,0
5164,266.937,74.5209,2,0
5165,473.827,76.7814,2,0
5166,127.42,246.063,2,0
5167,136.435,97.3364,2,0
5168,57.8182,182.19,2,0
5169,0.34556,11.9579,2,0
5170,32.6765,75.6299,2,0
5171,80.5522,76.2155,2,0
5172,110.799,229.16,2,0
5173,11.4785,193.441,2,0
5174,373.988,78.1736,2,0
5175,408.573,88.0185,2,0
5176,572.127,260.282,2,0
5177,242.266,34.276,2,0
5178,233.53,80.9416,2,0
5179,193.395,41.8449,2,0
5180,343.267,35.836,2,0
5181,329.592,142.934,2,0
5182,570.047,63.782,2,0
5183,86.2497,162.938,2,0
5184,214.247,178.804,2,0
5185,487.276,95.1606,2,0
5186,22.6587,151.068,2,0
5187,93.0038,226.045,2,0
5188,17.3635,97.4529,2,0
5189,470.837,55.723,2,0
5190,597.324,122.256,2,0
5191,182.062,273.908,2,0
5192,246.793,195.608,2,0
5193,528.281,131.578,2,0
5194,68.4918,163.785,2,0
5195,440.423,33.7007,2,0
5196,127.368,142.068,2,0
5197,571.472,228.596,2,0
5198,491.769,189.076,2,0
5199,94.6565,53.4496,2,0
5200,513.501,68.7099,2,0
5201,115.319,131.304,2,0
5202,394.983,294.416,2,0
5203,511.458,36.7739,2,0
5204,480.739,115.987,2,0
5205,180.714,35.9914,2,0
5206,540.129,191.868,2,0
5207,466.037,276.343,2,0
5208,51.6316,180.129,2,0
5209,367.144,109.995,2,0
5210,159.427,191.423,2,0
5211,330.108,96.116,2,0
5212,592.536,117.38,2,0
5213,147.001,84.3123,2,0
5214,519.615,167.199,2,0
5215,503.244,73.8567,2,0
5216,461.025,238.117,2,0
5217,409.569,196.712,2,0
5218,532.256,109.409,2,0
5219,418.309,104.035,2,0
5220,543.076,80.9588,2,0
5221,535.388,123.648,2,0
5222,363.342,79.8333,2,0
5223,531.236,54.6172,2,0
5224,43.4947,298,2,0
5225,271.05,63.566,2,0
5226,396.949,187.922,2,0
5227,173.322,161.759,2,0
5228,564.624,298,2,0
5229,557.226,184.308,2,0
5230,127.42,169.548,2,0
5231,361.169,243.653,2,0
5232,175.398,259.868,2,0
5233,537.828,228.797,2,0
5234,429.225,237.431,2,0
5235,50.0504,158.851,2,0
5236,559.28,129.726,2,0
5237,25.2343,107.811,2,0
5238,327.211,271.639,2,0
5239,349.852,258.43,2,0
5240,8.08161,187.214,2,0
5241,154.887,63.0765,2,0
5242,303.203,175.172,2,0
5243,70.5722,280.981,2,0
5244,583.853,140.301,2,0
5245,384.715,127.62,2,0
5246,128.127,211.33,2,0
5247,287.753,187.976,2,0
5248,302.432,184.695,2,0
5249,368.066,134.087,2,0
5250,14.9289,51.1885,2,0
5251,233.489,287.56,2,0
5252,320.523,12.5185,2,0
5253,233.351,145.635,2,0
5254,572.25,67.1946,2,0
5255,477.558,101.297,2,0
5256,190.031,76.2459,2,0
5257,282.3,282.348,2,0
5258,466.564,161.778,2,0
5259,298.909,84.0924,2,0
5260,451.384,64.5819,2,0
5261,17.4945,270.709,2,0
5262,566.427,239.764,2,0
5263,230.694,66.7759,2,0
5264,480.35,217.719,2,0
5265,28.2443,220.26,2,0
5266,579.363,80.0299,2,0
5267,425.563,235.8,2,0
5268,5.08188,124.604,2,0
5269,179.779,123.847,2,0
5270,163.329,172.542,2,0
5271,102.696,220.168,2,0
5272,323.291,151.666,2,0
5273,87.996,152.166,2,0
5274,591.559,142.52,2,0
5275,348.239,209.853,2,0
5276,466.896,56.1638,2,0
5277,468.658,205.721,2,0
5278,119.635,237.687,2,0
5279,435.282,187.934,2,0
5280,89.9467,52.5005,2,0
5281,369.591,208.647,2,0
5282,590.493,138.508,2,0
5283,195.609,239.789,2,0
5284,350.935,16.0612,2,0
5285,76.021,235.644,2,0
5286,104.379,5.54559,2,0
5287,494.09,260.961,2,0
5288,160.175,249.683,2,0
5289,488.926,140.435,2,0
5290,588.601,175.847,2,0
5291,333.666,156.85,2,0
5292,394.849,210.109,2,0
5293,39.3149,159.353,2,0
5294,58.5907,232.806,2,0
5295,225.775,201.458,2,0
5296,61.0364,184.597,2,0
5297,529.945,74.1958,2,0
5298,392.549,106.766,2,0
5299,83.6674,267.546,2,0
5300,371.593,275.836,2,0
5301,83.2531,248.243,2,0
5302,461.25,178.926,2,0
5303,174.358,39.1724,2,0
5304,551.46,142.01,2,0
5305,418.385,272.423,2,0
5306,2.45868,44.6834,2,0
5307,475.463,94.4395,2,0
5308,77.6538,242.54,2,0
5309,368.579,143.749,2,0
5310,62.4622,169.028,2,0
5311,477.667,68.0392,2,0
5312,120.885,190.101,2,0
5313,385.684,162.562,2,0
5314,509.25,150.229,2,0
5315,231.024,280.322,2,0
5316,182.238,154.258,2,0
5317,291.561,179.83,2,0
5318,274.654,61.6104,2,0
5319,178.921,60.1832,2,0
5320,276.697,228.252,2,0
5321,432.493,185.118,2,0
5322,449.531,105.082,2,0
5323,350.296,213.328,2,0
5324,255.993,271.395,2,0
5325,260.406,69.6762,2,0
5326,187.634,116.545,2,0
5327,592.683,14.667,2,0
5328,466.471,23.2955,2,0
5329,472.038,194.024,2,0
5330,71.9961,101.911,2,0
5331,544.48,197.493,2,0
5332,344.042,53.4223,2,0
5333,122.822,151.621,2,0
5334,99.9058,217.033,2,0
5335,452.825,207.451,2,0
5336,438.423,23.1557,2,0
5337,2.6346,199.303,2,0
5338,353.628,248.204,2,0
5339,277.251,240.596,2,0
5340,478.163,41.082,2,0
5341,154.563,284.434,2,0
5342,206.177,19.7818,2,0
5343,217.014,17.2456,2,0
5344,283.552,173.935,2,0
5345,206.195,242.227,2,0
5346,490.12,222.32,2,0
5347,430.885,155.585,2,0
5348,416.645,244.039,2,0
5349,465.717,128.426,2,0
5350,263.185,107.957,2,0
5351,181.385,98.2513,2,0
5352,145.115,32.494,2,0
5353,149.849,73.5282,2,0
5354,533.637,273.386,2,0
5355,214.649,222.971,2,0
5356,16.5082,242.243,2,0
5357,324.323,219.569,2,0
5358,274.439,259.088,2,0
5359,536.081,36.6785,2,0
5360,143.786,275.655,2,0
5361,237.745,67.0955,2,0
5362,151.59,266.307,2,0
5363,373.428,215.47,2,0
5364,485.339,73.0336,2,0
5365,403.181,83.5999,2,0
5366,10.6542,34.4789,2,0
5367,342.669,136.285,2,0
5368,169.297,77.8364,2,0
5369,379.448,16.0951,2,0
5370,381.018,129.388,2,0
5371,405.385,212.206,2,0
5372,181.967,221.739,2,0
5373,412.787,99.4375,2,0
5374,235.541,148.976,2,0
5375,77.4246,276.272,2,0
5376,143.423,171.69,2,0
5377,356.083,174.583,2,0
5378,319.412,57.442,2,0
5379,209.973,258.74,2,0
5380,63.968,158.369,2,0
5381,212.046,88.7633,2,0
5382,394.735,170.922,2,0
5383,6.22711,253.915,2,0
5384,40.2843,265.73,2,0
5385,414.214,247.307,2,0
5386,334.899,294.564,2,0
5387,113.676,242.514,2,0
5388,156.187,43.559,2,0
5389,306.585,159.309,2,0
5390,356.761,30.2727,2,0
5391,449.267,176.655,2,0
5392,119.071,129.777,2,0
5393,415.938,156.804,2,0
5394,545.212,25.4567,2,0
5395,143.783,21.9839,2,0
5396,529.507,195.059,2,0
5397,111.601,94.0576,2,0
5398,572.984,31.9782,2,0
5399,265.449,218.728,2,0
5400,434.738,154.335,2,0
5401,445.558,151.73,2,0
5402,8.3641,113.793,2,0
5403,568.26,150.732,2,0
5404,257.597,9.48961,2,0
5405,381.807,87.1471,2,0
5406,508.231,253.335,2,0
5407,327.754,21.8766,2,0
5408,184.755,100.654,2,0
5409,592.404,131.909,2,0
5410,230.977,62.6338,2,0
5411,330.202,168.67,2,0
5412,88.6075,102.348,2,0
5413,200.993,268.183,2,0
5414,177.683,263.165,2,0
5415,445.235,298,2,0
5416,420.159,68.5912,2,0
5417,499.645,162.841,2,0
5418,571.612,211.011,2,0
5419,372.886,57.6169,2,0
5420,262.456,99.7785,2,0
5421,447.633,235.6,2,0
5422,143.802,200.465,2,0
5423,550.028,135.051,2,0
5424,8.28973,27.8673,2,0
5425,440.174,160.434,2,0
5426,122.234,132.517,2,0
5427,549.962,211.09,2,0
5428,559.267,36.5181,2,0
5429,33.7307,269.784,2,0
5430,544.823,139.728,2,0
5431,200.211,66.2531,2,0
5432,275.4,180.887,2,0
5433,25.1556,206.109,2,0
5434,525.315,79.3889,2,0
5435,112.35,236.011,2,0
5436,42.7112,37.5273,2,0
5437,296.137,35.6563,2,0
5438,416.908,298,2,0
5439,505.837,17.6498,2,0
5440,310.31,214.738,2,0
5441,267.124,180.991,2,0
5442,292.346,218.67,2,0
5443,125.254,135.155,2,0
5444,391.007,74.525,2,0
5445,101.109,131.591,2,0
5446,584.127,107.992,2,0
5447,26.4228,284.271,2,0
5448,128.08,265.607,2,0
5449,429.28,178.42,2,0
5450,269.209,177.508,2,0
5451,231.856,46.4823,2,0
5452,120.351,140.448,2,0
5453,273.654,205.679,2,0
5454,397.738,173.513,2,0
5455,439.584,109.327,2,0
5456,107.077,240.83,2,0
5457,267.374,194.988,2,0
5458,243.543,283.96,2,0
5459,593.328,247.826,2,0
5460,128.366,254.039,2,0
5461,255.077,225.074,2,0
5462,270.145,240.926,2,0
5463,280.642,286.087,2,0
5464,580.465,66.554,2,0
5465,478.502,175.035,2,0
5466,342.144,151.584,2,0
5467,534.823,112.636,2,0
5468,452.73,53.7743,2,0
5469,396.358,206.166,2,0
5470,44.2909,146.692,2,0
5471,90.2692,294.543,2,0
5472,395.484,230.841,2,0
5473,355.091,107.778,2,0
5474,177.151,256.133,2,0
5475,556.819,83.6426,2,0
5476,383.389,136.469,2,0
5477,336.443,219.323,2,0
5478,598.969,19.9116,2,0
5479,336.324,242.534,2,0
5480,159.304,256.825,2,0
5481,99.6663,100.052,2,0
5482,586.433,122.833,2,0
5483,275.536,173.904,2,0
5484,251.358,178.136,2,0
5485,302.404,145.913,2,0
5486,554.03,274.316,2,0
5487,370.288,88.5107,2,0
5488,595.388,143.599,2,0
5489,530.622,160.672,2,0
5490,57.3128,79.9397,2,0
5491,116.663,107.488,2,0
5492,61.2867,210.364,2,0
5493,138.472,60.8644,2,0
5494,286.946,250.819,2,0
5495,305.003,292.619,2,0
5496,421.817,234.366,2,0
5497,374.508,256.828,2,0
5498,137.982,149.755,2,0
5499,42.0977,269.306,2,0
5500,249.462,144.279,2,0
5501,326.311,154.633,2,0
5502,275.006,155.34,2,0
5503,495.649,8.00234,2,0
5504,521.08,140.681,2,0
5505,90.3246,262.937,2,0
5506,57.1342,16.945,2,0
5507,384.003,71.7112,2,0
5508,477.661,257.022,2,0
5509,576.961,283.889,2,0
5510,190.288,229.499,2,0
5511,504.744,56.8484,2,0
5512,116.513,139.181,2,0
5513,3.06983,268.273,2,0
5514,555.089,245.647,2,0
5515,103.163,128.05,2,0
5516,132.843,233.028,2,0
5517,345.855,92.866,2,0
5518,168.998,140.613,2,0
5519,381.744,269.086,2,0
5520,71.4362,179.917,2,0
5521,564.894,49.6133,2,0
5522,288.308,129.517,2,0
5523,598.876,242.795,2,0
5524,135.752,287.28,2,0
5525,276.316,98.2349,2,0
5526,181.15,134.142,2,0
5527,138.65,250.56,2,0
5528,502.914,179.666,2,0
5529,115.513,92.7773,2,0
5530,314.993,115.473,2,0
5531,232.315,196.506,2,0
5532,215.845,257.273,2,0
5533,2.87651,87.4574,2,0
5534,533.079,76.8628,2,0
5535,91.7176,219.298,2,0
5536,5.97087,243.599,2,0
5537,371.338,16.0467,2,0
5538,430.193,44.312,2,0
5539,122.509,2,2,0
5540,420.83,123.86,2,0
5541,469.355,16.9669,2,0
5542,145.59,140.167,2,0
5543,14.7301,199.686,2,0
5544,519.965,159.326,2,0
5545,50.9431,17.4011,2,0
5546,473.226,59.0623,2,0
5547,32.265,202.088,2,0
5548,273.47,255.106,2,0
5549,36.1662,192.174,2,0
5550,54.2538,87.5862,2,0
5551,424.574,54.9733,2,0
5552,390.047,176.111,2,0
5553,249.435,48.8242,2,0
5554,136.376,104.509,2,0
5555,349.435,291.214,2,0
5556,215.13,280.492,2,0
5557,350.926,45.3149,2,0
5558,166.705,176.445,2,0
5559,39.3232,245.796,2,0
5560,367.693,252.354,2,0
5561,594.313,125.033,2,0
5562,516.367,208.552,2,0
5563,387.168,198.837,2,0
5564,136.111,181.395,2,0
5565,99.1352,242.59,2,0
5566,334.748,78.0098,2,0
5567,170.524,287.304,2,0
5568,104.888,62.8623,2,0
5569,90.1123,77.5066,2,0
5570,400.154,180.475,2,0
5571,164.069,103.812,2,0
5572,580.779,298,2,0
5573,299.35,249.638,2,0
5574,113.513,198.35,2,0
5575,280.051,99.9152,2,0
5576,301.253,119.761,2,0
5577,4.37876,193.01,2,0
5578,490.304,35.89,2,0
5579,130.508,220.163,2,0
5580,366.06,228.058,2,0
5581,249.068,62.4853,2,0
5582,323.903,265.366,2,0
5583,580.19,109.361,2,0
5584,43.2297,253.145,2,0
5585,172.979,256.483,2,0
5586,223.59,289.549,2,0
5587,371.091,126.425,2,0
5588,19.5851,228.641,2,0
5589,156.763,107.405,2,0
5590,455.44,64.2758,2,0
5591,370.718,163.214,2,0
5592,190.145,225.404,2,0
5593,393.678,12.4629,2,0
5594,395.863,259.925,2,0
5595,57.6077,40.2033,2,0
5596,371.356,2,2,0
5597,277.539,9.1944,2,0
5598,342.248,231.719,2,0
5599,169.054,196.141,2,0
5600,243.004,158.562,2,0
5601,205.829,104.416,2,0
5602,298.051,165.815,2,0
5603,154.427,134.473,2,0
5604,291.211,164.29,2,0
5605,305.331,181.907,2,0
5606,255.296,52.9634,2,0
5607,448.077,71.6193,2,0
5608,248.391,229.734,2,0
5609,255.028,167.487,2,0
5610,263.653,116.351,2,0
5611,534.438,205.778,2,0
5612,529.965,287.482,2,0
5613,349.655,70.9239,2,0
5614,412.879,66.946,2,0
5615,354.516,137.576,2,0
5616,9.28921,61.9388,2,0
5617,388.568,264.8,2,0
5618,422.278,44.4088,2,0
5619,324.468,118.418,2,0
5620,467.175,151.09,2,0
5621,19.2053,239.296,2,0
5622,442.809,106.641,2,0
5623,379.758,156.914,2,0
5624,542.082,280.327,2,0
5625,394.93,238.055,2,0
5626,253.856,151.228,2,0
5627,101.632,234.728,2,0
5628,518.353,34.8948,2,0
5629,217.998,272.848,2,0
5630,312.376,97.0051,2,0
5631,547.229,110.645,2,0
5632,398.038,100.485,2,0
5633,300.81,115.655,2,0
5634,437.81,157.175,2,0
5635,596.873,265.22,2,0
5636,467.848,121.838,2,0
5637,161.351,231.373,2,0
5638,142.543,178.723,2,0
5639,540.645,43.3854,2,0
5640,57.8169,29.1461,2,0
5641,416.995,199.949,2,0
5642,546.01,125.193,2,0
5643,287.777,89.8755,2,0
5644,215.91,115.662,2,0
5645,442.882,273.298,2,0
5646,578.396,238.474,2,0
5647,437.217,179.899,2,0
5648,440.42,71.088,2,0
5649,454.361,271.058,2,0
5650,229.789,74.7655,2,0
5651,436.3,40.6083,2,0
5652,471.232,137.615,2,0
5653,491.863,177.801,2,0
5654,259.844,147.136,2,0
5655,308.944,22.373,2,0
5656,518.707,24.2489,2,0
5657,55.227,219.173,2,0
5658,322.496,294.333,2,0
5659,183.122,22.267,2,0
5660,332.9,106.502,2,0
5661,364.404,209.705,2,0
5662,243.898,123.638,2,0
5663,531.492,66.3217,2,0
5664,405.36,235.847,2,0
5665,332.474,233.663,2,0
5666,381.531,26.5214,2,0
5667,104.531,265.944,2,0
5668,388.883,121.658,2,0
5669,398.365,111,2,0
5670,353.158,5.46073,2,0
5671,365.487,131.029,2,0
5672,505.563,48.8177,2,0
5673,432.837,68.8274,2,0
5674,343.022,245.968,2,0
5675,77.084,231.879,2,0
5676,302.246,228.142,2,0
5677,302.19,20.4725,2,0
5678,249.691,294.49,2,0
5679,543.436,92.8926,2,0
5680,92.7077,38.5962,2,0
5681,210.556,177.267,2,0
5682,345.768,178.196,2,0
5683,290.867,145.283,2,0
5684,292.482,75.4574,2,0
5685,139.598,153.478,2,0
5686,371.338,283.786,2,0
5687,75.8695,211.312,2,0
5688,452.882,135.56,2,0
5689,525.181,32.962,2,0
5690,591.201,47.8032,2,0
5691,70.3682,229.808,2,0
5692,270.583,265.322,2,0
5693,360.309,112.548,2,0
5694,38.6417,136.817,2,0
5695,36.1446,157.036,2,0
5696,532.038,36.9006,2,0
5697,45.3279,249.669,2,0
5698,349.56,148.312,2,0
5699,43.5218,171.342,2,0
5700,357.107,246.158,2,0
5701,452.518,150.128,2,0
5702,532.115,167.449,2,0
5703,372.041,49.2948,2,0
5704,111.473,154.005,2,0
5705,28.2256,280.694,2,0
5706,465.808,232.97,2,0
5707,197.419,235.918,2,0
5708,116.548,88.8378,2,0
5709,322.277,230.162,2,0
5710,228.868,23.0197,2,0
5711,542.852,88.8982,2,0
5712,104.871,115.975,2,0
5713,228.455,236.501,2,0
5714,247.916,123.371,2,0
5715,301.726,202.275,2,0
5716,436.32,19.6354,2,0
5717,139.223,188.999,2,0
5718,433.219,177.209,2,0
5719,598.493,229.866,2,0
5720,533.105,152.853,2,0
5721,442.483,30.1781,2,0
5722,598.159,126.306,2,0
5723,69.8589,119.434,2,0
5724,592.401,174.743,2,0
5725,109.729,87.1505,2,0
5726,273.331,170.21,2,0
5727,76.2868,264.3,2,0
5728,35.4429,212.445,2,0
5729,90.6323,186.346,2,0
5730,573.162,249.685,2,0
5731,61.5693,296.142,2,0
5732,238.021,152.245,2,0
5733,204.894,120.641,2,0
5734,273.127,100.713,2,0
5735,198.119,106.295,2,0
5736,482.161,33.9826,2,0
5737,229.265,15.7734,2,0
5738,230.09,270.914,2,0
5739,79.9894,168.019,2,0
5740,570.726,49.9046,2,0
5741,459.807,174.951,2,0
5742,494.938,49.5795,2,0
5743,501.856,98.8068,2,0
5744,118.763,258.169,2,0
5745,483.326,180.411,2,0
5746,337.752,185.423,2,0
5747,420.921,220.669,2,0
5748,63.2474,277.551,2,0
5749,74.0292,131.957,2,0
5750,536.587,267.158,2,0
5751,63.0879,273.42,2,0
5752,307.794,217.878,2,0
5753,426.59,58.509,2,0
5754,395.353,133.832,2,0
5755,435.053,266.204,2,0
5756,366.334,185.067,2,0
5757,64.7339,50.0795,2,0
5758,575.564,252.889,2,0
5759,429.848,113.628,2,0
5760,436.364,12.5483,2,0
5761,447.945,218.273,2,0
5762,278.559,79.5891,2,0
5763,53.6494,237.567,2,0
5764,560.645,115.083,2,0
5765,393.047,117.351,2,0
5766,412.496,190.197,2,0
5767,125.671,165.79,2,0
5768,327.657,188.229,2,0
5769,109.915,57.8679,2,0
5770,522.705,237.678,2,0
5771,128.911,173.319,2,0
5772,334.172,86.1641,2,0
5773,25.7025,247.936,2,0
5774,39.1757,50.2622,2,0
5775,530.262,203.14,2,0
5776,261.193,277.7,2,0
5777,361.511,47.2531,2,0
5778,362.246,178.11,2,0
5779,75.1326,51.063,2,0
5780,177.284,133.344,2,0
5781,269.856,103.082,2,0
5782,397.083,144.43,2,0
5783,499.624,39.7607,2,0
5784,420.885,290.905,2,0
5785,193.234,254.292,2,0
5786,204.567,39.1992,2,0
5787,156.777,5.52118,2,0
5788,166.661,114.342,2,0
5789,224.418,157.983,2,0
5790,586.597,137.444,2,0
5791,474.609,212.144,2,0
5792,543.243,189.44,2,0
5793,534.949,17.3572,2,0
5794,174.837,53.1777,2,0
5795,576.148,43.8971,2,0
5796,97.5162,141.982,2,0
5797,275.634,279.562,2,0
5798,315.956,168.446,2,0
5799,534.876,47.2707,2,0
5800,424.629,90.9253,2,0
5801,125.963,131.169,2,0
5802,1.88646,95.4442,2,0
5803,430.32,245.331,2,0
5804,266.882,131.853,2,0
5805,401.449,253.127,2,0
5806,446.475,9.03617,2,0
5807,356.061,181.686,2,0
5808,429.851,76.9447,2,0
5809,187.415,60.017,2,0
5810,456.66,260.533,2,0
5811,477.347,24.0119,2,0
5812,320.669,77.212,2,0
5813,417.983,2,2,0
5814,45.7629,99.2951,2,0
5815,572.587,267.345,2,0
5816,289.583,200.284,2,0
5817,440.825,219.208,2,0
5818,433.783,114.83,2,0
5819,581.336,24.7236,2,0
5820,307.136,196.025,2,0
5821,548.121,199.036,2,0
5822,153.095,280.766,2,0
5823,123.079,282.669,2,0
5824,98.0911,61.2017,2,0
5825,283.489,166.915,2,0
5826,129.978,130.136,2,0
5827,82.0431,126.717,2,0
5828,460.468,82.1766,2,0
5829,187.463,258.519,2,0
5830,512.884,210.744,2,0
5831,594.117,61.1706,2,0
5832,389.49,272.821,2,0
5833,349.797,38.3838,2,0
5834,22.5059,104.843,2,0
5835,428.193,229.193,2,0
5836,1.74004,145.304,2,0
5837,242.623,266.711,2,0
5838,462.409,274.57,2,0
5839,208.116,123.057,2,0
5840,298.125,223.209,2,0
5841,21.1472,90.1766,2,0
5842,117.601,70.1237,2,0
5843,110.438,294.497,2,0
5844,114.298,123.653,2,0
5845,139.937,23.1408,2,0
5846,424.377,203.517,2,0
5847,450.731,256.813,2,0
5848,330.47,201.632,2,0
5849,478.425,97.2707,2,0
5850,68.5403,208.051,2,0
5851,240.282,130.938,2,0
5852,454.256,84.4691,2,0
5853,262.061,95.6744,2,0
5854,387.823,169.323,2,0
5855,154.025,298,2,0
5856,94.1647,294.442,2,0
5857,187.049,92.8544,2,0
5858,428.926,298,2,0
5859,277.596,131.059,2,0
5860,328.54,17.8836,2,0
5861,45.2419,168.444,2,0
5862,455.742,22.2274,2,0
5863,433.337,216.029,2,0
5864,76.9136,170.621,2,0
5865,6.23629,167.593,2,0
5866,528.039,291.122,2,0
5867,139.975,93.0193,2,0
5868,318.038,223.13,2,0
5869,423.805,119.205,2,0
5870,228.235,107.39,2,0
5871,385.485,119.307,2,0
5872,404.742,260.587,2,0
5873,321.846,16.227,2,0
5874,436.816,81.2142,2,0
5875,573.678,89.2479,2,0
5876,269.149,276.587,2,0
5877,319.859,23.7352,2,0
5878,405.602,278.442,2,0
5879,441.069,245.844,2,0
5880,18.4813,32.7718,2,0
5881,52.3676,33.9415,2,0
5882,125.415,68.1405,2,0
5883,208.844,153.518,2,0
5884,8.26604,215.138,2,0
5885,494.043,15.1246,2,0
5886,591.109,219.701,2,0
5887,291.818,24.2931,2,0
5888,458.928,257.157,2,0
5889,384.753,166.396,2,0
5890,192.447,247.324,2,0
5891,440.469,113.293,2,0
5892,586.956,220.093,2,0
5893,519.368,125.619,2,0
5894,353.057,12.5706,2,0
5895,501.759,263.694,2,0
5896,222.769,70.436,2,0
5897,571.969,60.2032,2,0
5898,207.343,238.227,2,0
5899,372.414,181.37,2,0
5900,467.52,209.566,2,0
5901,7.30421,131.086,2,0
5902,15.6704,100.976,2,0
5903,128.956,83.0054,2,0
5904,599.923,226.096,2,0
5905,585.054,22.8896,2,0
5906,31.451,135.823,2,0
5907,100.819,197.706,2,0
5908,458.637,8.9513,2,0
5909,278.852,153.883,2,0
5910,395.529,32.0305,2,0
5911,320.335,119.471,2,0
5912,252.586,60.5071,2,0
5913,226.509,26.2167,2,0
5914,3.86326,250.624,2,0
5915,379.954,171.66,2,0
5916,69.5737,149.232,2,0
5917,214.963,50.5654,2,0
5918,414.691,287.478,2,0
5919,256.628,129.657,2,0
5920,77.0869,257.019,2,0
5921,277.591,198.526,2,0
5922,504.911,123.701,2,0
5923,74.0054,154.621,2,0
5924,80.0406,31.338,2,0
5925,298.739,286.173,2,0
5926,263.103,166.918,2,0
5927,438.295,2,2,0
5928,62.0724,146.228,2,0
5929,312.394,5.49126,2,0
5930,377.142,114.982,2,0
5931,591.966,208.851,2,0
5932,472.863,115.785,2,0
5933,25.3403,5.49367,2,0
5934,195.001,113.347,2,0
5935,543.795,193.45,2,0
5936,440.229,197.274,2,0
5937,426.71,65.5899,2,0
5938,225.629,229.133,2,0
5939,561.203,183.284,2,0
5940,13.4136,108.758,2,0
5941,588.652,145.426,2,0
5942,499.905,135.214,2,0
5943,142.38,63.249,2,0
5944,468.61,246.34,2,0
5945,226.998,12.4871,2,0
5946,160.394,105.503,2,0
5947,71.6481,161.283,2,0
5948,304.398,199.15,2,0
5949,587.434,166.698,2,0
5950,234.745,254.195,2,0
5951,560.626,125.928,2,0
5952,444.483,47.3712,2,0
5953,214.082,239.82,2,0
5954,333.716,185.338,2,0
5955,491.753,114.738,2,0
5956,31.2691,266.492,2,0
5957,191.066,52.8428,2,0
5958,516.077,56.7026,2,0
5959,558.595,252.251,2,0
5960,330.475,237.233,2,0
5961,311.703,109.312,2,0
5962,273.875,242.827,2,0
5963,566.866,271.312,2,0
5964,505.562,222.839,2,0
5965,272.613,218.343,2,0
5966,541.027,151.348,2,0
5967,357.042,58.8415,2,0
5968,323.372,122.307,2,0
5969,505.708,155.123,2,0
5970,514.272,184.284,2,0
5971,524.176,177.165,2,0
5972,584.604,74.9642,2,0
5973,522.472,96.3696,2,0
5974,423.734,223.788,2,0
5975,315.114,111.455,2,0
5976,525.958,5.51699,2,0
5977,140.964,239.94,2,0
5978,386.051,245.371,2,0
5979,523.52,262.14,2,0
5980,27.4344,93.4001,2,0
5981,104.741,34.7331,2,0
5982,403.092,149.979,2,0
5983,156.929,58.2209,2,0
5984,20.8293,83.0647,2,0
5985,66.1254,189.637,2,0
5986,105.633,286.105,2,0
5987,237.337,271.306,2,0
5988,518.783,163.217,2,0
5989,230.54,70.7191,2,0
5990,312.094,219.411,2,0
5991,386.068,274.886,2,0
5992,270.258,157.962,2,0
5993,385.443,80.0226,2,0
5994,343.726,273.089,2,0
5995,83.9771,291.239,2,0
5996,138.539,53.0041,2,0
5997,434.551,51.1785,2,0
5998,39.4123,198.469,2,0
5999,556.389,298,2,0
6000,583.422,290.483,2,0
6001,396.169,223.732,2,0
6002,364.819,145.468,2,0
6003,424.217,12.6474,2,0
6004,568.353,170.575,2,0
6005,580.088,259.688,2,0
6006,291.22,41.4278,2,0
6007,317.622,67.0639,2,0
6008,78.1141,112.682,2,0
6009,575.597,122.576,2,0
6010,403.219,62.0053,2,0
6011,563.441,139.599,2,0
6012,464.674,91.4535,2,0
6013,564.349,16.0646,2,0
6014,249.647,119.75,2,0
6015,392.044,70.5566,2,0
6016,181.403,70.6745,2,0
6017,94.6635,45.4785,2,0
6018,488.406,117.086,2,0
6019,42.9914,49.8412,2,0
6020,297.95,104.432,2,0
6021,382.198,235.118,2,0
6022,509.263,208.897,2,0
6023,12.5268,205.395,2,0
6024,460.985,123.429,2,0
6025,569.18,156.077,2,0
6026,205.59,292.614,2,0
6027,302.246,2,2,0
6028,568.656,283.895,2,0
6029,388.421,150.71,2,0
6030,490.85,107.532,2,0
6031,8.69393,204.606,2,0
6032,267.438,31.862,2,0
6033,349.6,276.906,2,0
6034,398.319,62.059,2,0
6035,112.449,112.947,2,0
6036,28.9646,82.8471,2,0
6037,234.178,33.7894,2,0
6038,547.312,94.2581,2,0
6039,140.907,174.939,2,0
6040,285.05,132.036,2,0
6041,573.834,108.773,2,0
6042,102.355,109.463,2,0
6043,232.906,113.998,2,0
6044,562.668,22.9033,2,0
6045,188.432,247.746,2,0
6046,388.516,125.729,2,0
6047,557.683,272.396,2,0
6048,50.7374,234.6,2,0
6049,541.725,204.156,2,0
6050,158.346,83.0851,2,0
6051,551.187,95.4922,2,0
6052,463.888,186.597,2,0
6053,424.964,219.971,2,0
6054,363.889,262.745,2,0
6055,397.733,227.465,2,0
6056,471.513,208.588,2,0
6057,415.23,113.387,2,0
6058,487.795,161.708,2,0
6059,565.006,225.802,2,0
6060,84.183,5.54948,2,0
6061,429.519,182.532,2,0
6062,442.394,121.204,2,0
6063,73.7663,173.261,2,0
6064,534.108,5.57989,2,0
6065,195.966,298,2,0
6066,248.599,203.39,2,0
6067,501.347,109.547,2,0
6068,25.1144,89.8443,2,0
6069,380.71,153.003,2,0
6070,291.133,95.8763,2,0
6071,162.673,53.727,2,0
6072,334.901,18.2246,2,0
6073,316.774,83.2366,2,0
6074,11.231,94.0975,2,0
6075,6.6657,289.796,2,0
6076,69.977,190.797,2,0
6077,231.069,5.54154,2,0
6078,454.78,256.939,2,0
6079,326.057,52.8356,2,0
6080,244.24,165.38,2,0
6081,50.7097,141.779,2,0
6082,51.8835,55.7853,2,0
6083,552.978,85.0478,2,0
6084,356.902,254.453,2,0
6085,574.515,191.181,2,0
6086,300.549,59.7309,2,0
6087,21.5094,61.497,2,0
6088,25.2454,165.933,2,0
6089,439.033,287.532,2,0
6090,420.011,251.167,2,0
6091,162.884,163.722,2,0
6092,353.309,69.1075,2,0
6093,463.477,210.465,2,0
6094,441.592,150.32,2,0
6095,513.812,50.0739,2,0
6096,282.85,85.2795,2,0
6097,167.276,172.452,2,0
6098,411.258,51.36,2,0
6099,2.29144,66.4585,2,0
6100,544.043,10.3756,2,0
6101,161.503,128.019,2,0
6102,360.467,252.558,2,0
6103,496.373,68.0857,2,0
6104,322.612,9.05873,2,0
6105,333.344,51.8014,2,0
6106,11.1602,11.9413,2,0
6107,450.765,142.28,2,0
6108,268.052,18.3532,2,0
6109,416.662,117.33,2,0
6110,323.871,198.28,2,0
6111,2.77101,18.6032,2,0
6112,369.186,26.6686,2,0
6113,294.995,124.86,2,0
6114,583.281,35.1607,2,0
6115,46.1657,206.427,2,0
6116,300.79,220.204,2,0
6117,38.3301,67.6647,2,0
6118,564.927,30.6183,2,0
6119,441.923,102.585,2,0
6120,485.723,165.723,2,0
6121,369.305,12.5305,2,0
6122,244.143,202.17,2,0
6123,387.211,91.4826,2,0
6124,396.914,290.889,2,0
6125,216.559,39.7135,2,0
6126,557.667,17.9,2,0
6127,445.139,133.124,2,0
6128,474.652,259.723,2,0
6129,469.935,254.35,2,0
6130,547.639,153.503,2,0
6131,517.19,31.0657,2,0
6132,556.477,298,2,0
6133,107.398,255.803,2,0
6134,329.601,104.252,2,0
6135,424.874,290.811,2,0
6136,529.637,273.386,2,0
6137,14.9941,249.182,2,0
6138,341.878,39.5811,2,0
6139,440.432,79.3675,2,0
6140,409.764,81.0745,2,0
6141,172.313,84.0842,2,0
6142,193.662,37.7592,2,0
6143,115.808,279.061,2,0
6144,242.491,82.1127,2,0
6145,147.714,20.7948,2,0
6146,104.65,48.8354,2,0
6147,80.4968,6.84649,2,0
6148,58.0928,25.1476,2,0
6149,342.778,258.227,2,0
6150,541.954,6.68777,2,0
6151,47.4788,152.317,2,0
6152,235.494,283.885,2,0
6153,519.529,84.33,2,0
6154,66.6512,2,2,0
6155,450.502,90.1725,2,0
6156,521.856,287.525,2,0
6157,597.939,5.47449,2,0
6158,53.8226,98.3206,2,0
6159,347.47,280.41,2,0
6160,557.597,233.451,2,0
6161,498.157,234.848,2,0
6162,18.4929,13.1533,2,0
6163,154.153,215.76,2,0
6164,413.014,8.04661,2,0
6165,372.449,38.3458,2,0
6166,207.773,79.7262,2,0
6167,348.964,156.26,2,0
6168,157.041,103.373,2,0
6169,94.1104,287.465,2,0
6170,495.896,140.922,2,0
6171,248.012,86.3691,2,0
6172,406.789,286.119,2,0
6173,42.4243,134.993,2,0
6174,320.13,226.753,2,0
6175,20.7029,136.783,2,0
6176,304.475,117.312,2,0
6177,104.119,227.055,2,0
6178,256.236,257.756,2,0
6179,520.955,179.533,2,0
6180,311.624,298,2,0
6181,298.592,52.9045,2,0
6182,11.4983,274.623,2,0
6183,256.885,5.52321,2,0
6184,98.7254,221.026,2,0
6185,306.731,35.9617,2,0
6186,136.369,111.458,2,0
6187,293.51,59.2556,2,0
6188,272.961,226.491,2,0
6189,341.727,177.739,2,0
6190,588.655,170.489,2,0
6191,233.651,258.397,2,0
6192,524.884,99.5902,2,0
6193,432.189,95.1064,2,0
6194,487.419,253.073,2,0
6195,115.816,63.4192,2,0
6196,317.276,250.096,2,0
6197,501.927,208.837,2,0
6198,390.77,191.746,2,0
6199,484.586,102.69,2,0
6200,265.659,42.7004,2,0
6201,376.795,169.15,2,0
6202,493.001,210.41,2,0
6203,345.286,80.8719,2,0
6204,370.29,249.206,2,0
6205,38.163,167.422,2,0
6206,420.814,298,2,0
6207,550.857,167.307,2,0
6208,121.696,165.24,2,0
6209,578.094,102.652,2,0
6210,478.784,9.5897,2,0
6211,162.953,68.0425,2,0
6212,146.498,2,2,0
6213,281.384,255.07,2,0
6214,314.084,68.7437,2,0
6215,265.14,294.551,2,0
6216,51.8016,230.785,2,0
6217,378.196,258.558,2,0
6218,29.6526,230.188,2,0
6219,66.3969,255.945,2,0
6220,368.477,64.6072,2,0
6221,309.501,38.9557,2,0
6222,513.478,176.278,2,0
6223,532.091,290.89,2,0
6224,398.933,72.241,2,0
6225,590.762,63.6315,2,0
6226,354.405,231.544,2,0
6227,325.412,40.5121,2,0
6228,306.78,72.3478,2,0
6229,35.6299,98.3296,2,0
6230,534.902,170.519,2,0
6231,550.076,181.971,2,0
6232,581.102,157.92,2,0
6233,583.262,165.512,2,0
6234,461.435,290.961,2,0
6235,260.558,61.4315,2,0
6236,136.734,41.1457,2,0
6237,485.719,68.9853,2,0
6238,62.9046,262.634,2,0
6239,423.702,195.339,2,0
6240,273.459,191.454,2,0
6241,61.4222,204.09,2,0
6242,561.845,57,2,0
6243,514.273,152.538,2,0
6244,212.205,33.0377,2,0
6245,297.957,271.338,2,0
6246,160.53,12.9043,2,0
6247,419.75,27.9783,2,0
6248,580.299,2,2,0
6249,366.174,298,2,0
6250,233.06,2,2,0
6251,457.423,155.712,2,0
6252,414.957,179.771,2,0
6253,262.965,237.022,2,0
6254,400.987,143.264,2,0
6255,77.1197,28.3479,2,0
6256,70.3264,10.4868,2,0
6257,590.569,237.384,2,0
6258,496.308,198.777,2,0
6259,459.721,32.0432,2,0
6260,335.204,148.923,2,0
6261,11.9827,8.36759,2,0
6262,534.035,201.676,2,0
6263,563.562,53.3809,2,0
6264,303.529,217.142,2,0
6265,434.417,2,2,0
6266,191.619,240.302,2,0
6267,138.327,57.0172,2,0
6268,32.6425,232.908,2,0
6269,497.707,99.2771,2,0
6270,422.43,216.761,2,0
6271,521.498,42.192,2,0
6272,59.7284,108.767,2,0
6273,93.3928,179.191,2,0
6274,347.99,52.8164,2,0
6275,479.457,139.937,2,0
6276,233.091,76.8292,2,0
6277,456.518,82.4787,2,0
6278,256.382,261.841,2,0
6279,213.349,146.673,2,0
6280,540.66,129.866,2,0
6281,67.5342,178.635,2,0
6282,375.431,9.02616,2,0
6283,259.493,296.345,2,0
6284,362.161,298,2,0
6285,54.7762,48.1111,2,0
6286,505.544,226.99,2,0
6287,101.459,224.022,2,0
6288,313.486,237.072,2,0
6289,217.501,176.24,2,0
6290,130.6,243.499,2,0
6291,462.837,230.244,2,0
6292,281.454,112.035,2,0
6293,212.737,47.1869,2,0
6294,203.355,238.491,2,0
6295,320.001,137.948,2,0
6296,382.047,98.2225,2,0
6297,11.7953,189.408,2,0
6298,278.218,63.3336,2,0
6299,112.604,285.612,2,0
6300,468.792,12.9001,2,0
6301,7.9252,281.993,2,0
6302,239.345,195.757,2,0
6303,469.547,88.8167,2,0
6304,407.576,105.582,2,0
6305,542.379,208.058,2,0
6306,547.866,8.9573,2,0
6307,88.2115,5.56936,2,0
6308,120.362,154.932,2,0
6309,399.777,216.516,2,0
6310,342.485,262.264,2,0
6311,224.624,175.137,2,0
6312,74.3572,254.145,2,0
6313,594.187,298,2,0
6314,285.279,294.461,2,0
6315,529.821,223.879,2,0
6316,244.316,209.814,2,0
6317,48.1698,148.385,2,0
6318,319.108,53.5063,2,0
6319,445.35,238.995,2,0
6320,11.8706,185.24,2,0
6321,382.046,275.274,2,0
6322,398.892,209.404,2,0
6323,114.881,45.3781,2,0
6324,489.422,9.87274,2,0
6325,335.684,174.281,2,0
6326,381.224,64.3091,2,0
6327,266.235,243.086,2,0
6328,433.518,75.0038,2,0
6329,93.0922,34.521,2,0
6330,271.568,202.109,2,0
6331,545.237,50.1424,2,0
6332,516.621,146.887,2,0
6333,584.491,169.326,2,0
6334,292.208,208.001,2,0
6335,570.999,105.693,2,0
6336,474.735,108.971,2,0
6337,517.919,5.46823,2,0
6338,196.815,27.8672,2,0
6339,468.066,155.014,2,0
6340,47.3563,121.664,2,0
6341,254.881,133.315,2,0
6342,108.009,263.655,2,0
6343,392.864,188.292,2,0
6344,340.582,98.9653,2,0
6345,580.805,113.376,2,0
6346,37.843,115.719,2,0
6347,343.491,24.0429,2,0
6348,488.182,270.739,2,0
6349,73.0571,169.221,2,0
6350,83.1865,210.42,2,0
6351,143.316,82.5136,2,0
6352,499.581,70.5642,2,0
6353,259.596,281.616,2,0
6354,391.271,199.173,2,0
6355,446.471,95.9103,2,0
6356,505.884,218.922,2,0
6357,123.018,128.461,2,0
6358,496.049,27.1063,2,0
6359,508.582,85.8691,2,0
6360,247.568,45.237,2,0
6361,431.449,249.876,2,0
6362,415.876,214.227,2,0
6363,328.324,69.0272,2,0
6364,92.4248,109.419,2,0
6365,424.054,213.005,2,0
6366,234.133,103.433,2,0
6367,349.031,131.684,2,0
6368,14.1603,293.156,2,0
6369,315.407,123.306,2,0
6370,403.376,94.2432,2,0
6371,563.846,85.1456,2,0
6372,487.483,2,2,0
6373,285.47,280.048,2,0
6374,303.28,70.114,2,0
6375,214.497,43.2879,2,0
6376,150.782,162.184,2,0
6377,353.664,277.073,2,0
6378,186.379,215.385,2,0
6379,311.413,45.8449,2,0
6380,129.432,226.628,2,0
6381,65.5632,38.5377,2,0
6382,472.613,234.661,2,0
6383,568.11,2,2,0
6384,259.392,77.2797,2,0
6385,511.971,251.782,2,0
6386,444.055,77.4468,2,0
6387,503.632,133.494,2,0
6388,382.476,45.6537,2,0
6389,40.8202,287.017,2,0
6390,185.093,63.4594,2,0
6391,524.016,298,2,0
6392,112.415,12.6184,2,0
6393,453.791,139.608,2,0
6394,280.302,230.23,2,0
6395,493.837,173.547,2,0
6396,543.874,61.6061,2,0
6397,414.224,164.799,2,0
6398,171.436,100.419,2,0
6399,465.277,35.0862,2,0
6400,418.616,144.933,2,0
6401,202.643,5.5276,2,0
6402,561.199,48.3602,2,0
6403,27.7619,137.439,2,0
6404,551.996,23.7986,2,0
6405,181.318,161.187,2,0
6406,188.391,108.425,2,0
6407,500.03,176.866,2,0
6408,512.291,235.288,2,0
6409,596.747,100.528,2,0
6410,508.058,192.686,2,0
6411,374.792,162.349,2,0
6412,131.145,247.524,2,0
6413,515.524,241.333,2,0
6414,414.983,240.218,2,0
6415,358.162,192.18,2,0
6416,539.218,63.6748,2,0
6417,353.023,19.6245,2,0
6418,208.142,32.2884,2,0
6419,51.7822,205.602,2,0
6420,598.535,179.793,2,0
6421,260.979,184.763,2,0
6422,162.135,124.053,2,0
6423,361.734,152.963,2,0
6424,269.112,220.646,2,0
6425,184.679,37.0495,2,0
6426,273.165,230.512,2,0
6427,277.466,177.463,2,0
6428,119.977,161.539,2,0
6429,176.253,24.6907,2,0
6430,129.09,95.0149,2,0
6431,284.301,162.96,2,0
6432,21.9277,277.435,2,0
6433,98.4112,287.416,2,0
6434,93.6252,18.6849,2,0
6435,163.758,278.989,2,0
6436,589.868,11.83,2,0
6437,106.517,2,2,0
6438,132.057,210.611,2,0
6439,166.995,110.279,2,0
6440,190.664,91.3398,2,0
6441,100.798,264.195,2,0
6442,166.274,298,2,0
6443,434.416,16.0808,2,0
6444,36.5636,152.865,2,0
6445,358.083,127.954,2,0
6446,82.8653,259.562,2,0
6447,590.327,59.5846,2,0
6448,330.708,273.763,2,0
6449,270.023,257.245,2,0
6450,207.922,183.978,2,0
6451,519.779,291.166,2,0
6452,558.036,264.37,2,0
6453,386.44,51.4459,2,0
6454,501.867,88.3483,2,0
6455,86.9153,47.5728,2,0
6456,14.5322,104.849,2,0
6457,198.852,250.055,2,0
6458,547.43,132.064,2,0
6459,544.695,129.074,2,0
6460,562.234,240.044,2,0
6461,284.716,16.2588,2,0
6462,23.4151,57.9338,2,0
6463,508.537,101.41,2,0
6464,496.844,184.131,2,0
6465,215.213,68.8094,2,0
6466,314.465,9.0467,2,0
6467,114.856,206.913,2,0
6468,172.252,24.3306,2,0
6469,27.9487,71.7301,2,0
6470,504.277,60.8588,2,0
6471,411.459,56.2428,2,0
6472,288.824,115.573,2,0
6473,418.93,206.752,2,0
6474,578.284,12.5024,2,0
6475,275.357,21.8856,2,0
6476,227.468,267.828,2,0
6477,80.1256,109.203,2,0
6478,599.048,78.1891,2,0
6479,162.619,199.012,2,0
6480,480.608,21.6049,2,0
6481,468.138,194.949,2,0
6482,359.282,97.8394,2,0
6483,396.933,65.6932,2,0
6484,333.692,31.8995,2,0
6485,333.728,170.582,2,0
6486,448.631,149.089,2,0
6487,494.875,153.076,2,0
6488,65.8813,219.956,2,0
6489,547.924,221.624,2,0
6490,422.336,65.1726,2,0
6491,254.802,2,2,0
6492,285.662,199.387,2,0
6493,198.317,88.2679,2,0
6494,465.766,202.836,2,0
6495,2.22354,298,2,0
6496,303.088,74.1096,2,0
6497,15.1625,117.609,2,0
6498,243.324,116.749,2,0
6499,11.0825,248.234,2,0
6500,218.509,43.215,2,0
6501,141.943,55.0986,2,0
6502,302.824,78.1723,2,0
6503,508.85,166.549,2,0
6504,193.793,20.2567,2,0
6505,580.305,8.89648,2,0
6506,559.838,25.7895,2,0
6507,593.363,272.579,2,0
6508,510.489,119.431,2,0
6509,405.872,5.56254,2,0
6510,597.123,161.653,2,0
6511,40.985,256.456,2,0
6512,313.355,80.8656,2,0
6513,387.332,102.288,2,0
6514,48.4003,279.689,2,0
6515,363.202,8.98018,2,0
6516,497.752,166.296,2,0
6517,165.607,79.5761,2,0
6518,239.893,85.2017,2,0
6519,360.366,260.606,2,0
6520,368.998,166.846,2,0
6521,191.872,298,2,0
6522,234.797,231.495,2,0
6523,121.32,290.169,2,0
6524,213.345,294.603,2,0
6525,519.402,231.465,2,0
6526,573.75,256.656,2,0
6527,281.632,184.528,2,0
6528,261.6,17.5757,2,0
6529,312.702,164.88,2,0
6530,66.8454,34.7735,2,0
6531,365.804,106.381,2,0
6532,345.916,185.243,2,0
6533,55.0603,9.21144,2,0
6534,295.84,257.024,2,0
6535,433.438,78.9318,2,0
6536,134.927,50.8315,2,0
6537,486.256,223.442,2,0
6538,520.626,51.451,2,0
6539,130.311,100.862,2,0
6540,248.074,38.0454,2,0
6541,407.455,94.9405,2,0
6542,319.97,275.463,2,0
6543,445.99,202.986,2,0
6544,321.105,69.2362,2,0
6545,236.165,177.412,2,0
6546,392.151,128.264,2,0
6547,291.272,275.844,2,0
6548,575.23,126.561,2,0
6549,15.1975,93.9901,2,0
6550,461.199,60.3277,2,0
6551,288.021,6.05093,2,0
6552,563.941,261.127,2,0
6553,507.986,162.275,2,0
6554,319.672,93.4142,2,0
6555,321.851,115.794,2,0
6556,173.045,290.441,2,0
6557,45.6942,103.374,2,0
6558,293.278,190.465,2,0
6559,518.894,194.024,2,0
6560,27.2431,298,2,0
6561,4.55821,29.2426,2,0
6562,90.6074,266.969,2,0
6563,134.845,114.482,2,0
6564,261.838,216.803,2,0
6565,531.977,2,2,0
6566,588.428,2,2,0
6567,418.303,2,2,0
6568,106.846,230.05,2,0
6569,346.137,224.601,2,0
6570,440.581,241.831,2,0
6571,488.541,44.5432,2,0
6572,20.1171,281.084,2,0
6573,596.097,294.421,2,0
6574,555.589,39.5479,2,0
6575,404.895,289.743,2,0
6576,26.4063,226.422,2,0
6577,47.4381,202.459,2,0
6578,492.573,138.74,2,0
6579,521.27,183.594,2,0
6580,92.2034,298,2,0
6581,439.724,91.4686,2,0
6582,380.637,113.035,2,0
6583,500.596,127.148,2,0
6584,47.5139,190.011,2,0
6585,171.448,242.512,2,0
6586,251.815,147.631,2,0
6587,145.198,279.41,2,0
6588,405.138,156.599,2,0
6589,534.293,116.632,2,0
6590,360.331,202.782,2,0
6591,593.35,38.9029,2,0
6592,140.459,235.922,2,0
6593,508.379,55.2253,2,0
6594,406.018,91.0566,2,0
6595,231.009,160.451,2,0
6596,86.4537,207.936,2,0
6597,99.9429,82.088,2,0
6598,42.9864,157.878,2,0
6599,267.107,166.851,2,0
6600,548.165,22.6394,2,0
6601,416.894,66.1453,2,0
6602,10.049,233.626,2,0
6603,497.739,251.053,2,0
6604,177.002,214.784,2,0
6605,265.696,222.849,2,0
6606,294.348,238.172,2,0
6607,76.4804,148.041,2,0
6608,551.945,60.555,2,0
6609,185.977,244.547,2,0
6610,538.4,67.7552,2,0
6611,568.614,124.244,2,0
6612,306.126,259.525,2,0
6613,377.954,225.381,2,0
6614,196.632,205.011,2,0
6615,421.758,37.2986,2,0
6616,245.355,254.795,2,0
6617,407.855,215.369,2,0
6618,429.913,159.67,2,0
6619,363.183,134.248,2,0
6620,578.759,51.6885,2,0
6621,283.666,195.045,2,0
6622,110.891,98.2134,2,0
6623,564.557,125.038,2,0
6624,317.09,135.086,2,0
6625,385.492,26.4584,2,0
6626,551.737,223.192,2,0
6627,471.943,111.747,2,0
6628,517.109,142.994,2,0
6629,173.613,189.394,2,0
6630,384.55,105.915,2,0
6631,371.293,23.0473,2,0
6632,373.356,139.888,2,0
6633,301.471,294.525,2,0
6634,171.19,210.835,2,0
6635,440.804,164.536,2,0
6636,84.4042,191.804,2,0
6637,1.10786,202.967,2,0
6638,298.814,194.803,2,0
6639,483.424,247.402,2,0
6640,569.293,207.678,2,0
6641,396.204,121.848,2,0
6642,206.508,156.791,2,0
6643,388.95,117.292,2,0
6644,542.255,294.466,2,0
6645,511.401,62.0031,2,0
6646,348.444,116.249,2,0
6647,299.417,75.9932,2,0
6648,464.714,2,2,0
6649,492.669,275.43,2,0
6650,483.736,111.179,2,0
6651,516.356,212.673,2,0
6652,388.338,256.693,2,0
6653,428.602,61.8139,2,0
6654,509.974,89.6889,2,0
6655,354.185,27.1004,2,0
6656,261.323,153.602,2,0
6657,502.291,189.98,2,0
6658,64.0516,15.7957,2,0
6659,417.333,228.77,2,0
6660,572.712,283.906,2,0
6661,520.4,17.3657,2,0
6662,593.681,286.864,2,0
6663,236.234,131.29,2,0
6664,211.153,216.805,2,0
6665,190.004,217.398,2,0
6666,202.612,282.188,2,0
6667,458.553,144.79,2,0
6668,483.309,118.973,2,0
6669,566.268,12.5365,2,0
6670,469.425,265.8,2,0
6671,375.284,23.0923,2,0
6672,168.749,214.116,2,0
6673,591.688,283.313,2,0
6674,58.55,167.701,2,0
6675,130.622,115.263,2,0
6676,107.814,65.6025,2,0
6677,476.924,105.417,2,0
6678,60.5999,266.067,2,0
6679,364.325,181.603,2,0
6680,501.069,257.145,2,0
6681,373.881,82.2368,2,0
6682,455.934,46.352,2,0
6683,440.461,19.6666,2,0
6684,381.756,163.751,2,0
6685,287.255,94.0343,2,0
6686,156.069,201.738,2,0
6687,302.547,283.397,2,0
6688,500.439,294.445,2,0
6689,304.742,58.1665,2,0
6690,207.352,248.637,2,0
6691,524.054,249.573,2,0
6692,43.061,196.434,2,0
6693,278.245,282.744,2,0
6694,9.46075,219.057,2,0
6695,225.348,225.006,2,0
6696,45.7322,288.977,2,0
6697,584.077,199.652,2,0
6698,598.201,24.0311,2,0
6699,345.907,163.663,2,0
6700,303.645,156.444,2,0
6701,416.657,25.2701,2,0
6702,139.176,254.531,2,0
6703,135.355,276.209,2,0
6704,4.42711,214.244,2,0
6705,9.73021,19.8301,2,0
6706,326.402,129.333,2,0
6707,197.92,294.454,2,0
6708,573.314,155.887,2,0
6709,464.4,81.5594,2,0
6710,341.236,102.945,2,0
6711,344.694,117.7,2,0
6712,212.819,2,2,0
6713,35.5301,123.46,2,0
6714,300.681,45.0385,2,0
6715,316.666,20.353,2,0
6716,521.349,80.7401,2,0
6717,295.397,14.181,2,0
6718,569.481,166.77,2,0
6719,142.425,2,2,0
6720,578.763,135.354,2,0
6721,124.366,71.9137,2,0
6722,319.392,197.762,2,0
6723,397.725,12.5939,2,0
6724,117.162,174.12,2,0
6725,483.962,81.0043,2,0
6726,585.772,100.057,2,0
6727,262.79,249.299,2,0
6728,79.7871,130.206,2,0
6729,4.96869,163.669,2,0
6730,399.626,8.93723,2,0
6731,141.237,119.003,2,0
6732,583.945,181.097,2,0
6733,205.684,194.754,2,0
6734,166.871,210.479,2,0
6735,572.406,217.959,2,0
6736,598.692,154.756,2,0
6737,512.951,148.668,2,0
6738,564.713,243.379,2,0
6739,456.079,195.927,2,0
6740,517.725,134.961,2,0
6741,444.209,72.5845,2,0
6742,159.543,174.088,2,0
6743,485.037,4.47782,2,0
6744,86.3084,2,2,0
6745,283.655,258.393,2,0
6746,308.052,60.3217,2,0
6747,514.413,114.864,2,0
6748,46.3106,160.362,2,0
6749,403.658,274.748,2,0
6750,598.461,44.9503,2,0
6751,203.416,132.851,2,0
6752,545.992,103.78,2,0
6753,389.054,180.035,2,0
6754,180.93,176.935,2,0
6755,587.898,106.717,2,0
6756,198.794,69.9284,2,0
6757,116.912,34.8939,2,0
6758,374.56,192.074,2,0
6759,73.999,199.425,2,0
6760,71.9474,115.981,2,0
6761,70.6093,175.847,2,0
6762,211.201,237.129,2,0
6763,288.527,134.085,2,0
6764,479.725,245.647,2,0
6765,78.902,222.829,2,0
6766,31.8647,35.5967,2,0
6767,380.282,217.464,2,0
6768,527.772,276.888,2,0
6769,193.028,78.8955,2,0
6770,339.746,107.541,2,0
6771,278.999,289.862,2,0
6772,438.303,44.0572,2,0
6773,409.901,91.7475,2,0
6774,123.154,225.99,2,0
6775,350.159,27.6208,2,0
6776,452.497,28.0922,2,0
6777,549.22,49.924,2,0
6778,344.279,143.054,2,0
6779,488.915,71.377,2,0
6780,159.289,145.691,2,0
6781,62.2664,188.555,2,0
6782,599.624,290.605,2,0
6783,154.348,88.8458,2,0
6784,472.5,220.061,2,0
6785,205.284,190.619,2,0
6786,330.63,88.0275,2,0
6787,527.453,124.625,2,0
6788,70.7401,201.875,2,0
6789,460.264,70.9585,2,0
6790,197.449,137.867,2,0
6791,165.088,272.022,2,0
6792,347.31,294.567,2,0
6793,164.547,95.7789,2,0
6794,239.385,19.8541,2,0
6795,389.579,5.39232,2,0
6796,511.549,190.657,2,0
6797,114.71,228.308,2,0
6798,595.276,129.108,2,0
6799,543.658,267.742,2,0
6800,508.119,59.2204,2,0
6801,237.989,214.405,2,0
6802,442.176,189.413,2,0
6803,377.943,76.3641,2,0
6804,464.629,206.738,2,0
6805,369.704,130.4,2,0
6806,32.5538,180.957,2,0
6807,487.353,281.53,2,0
6808,84.0785,116.225,2,0
6809,467.055,198.839,2,0
6810,15.8878,179.723,2,0
6811,213.868,259.83,2,0
6812,103.945,253.732,2,0
6813,460.773,93.116,2,0
6814,67.0488,241.601,2,0
6815,257.546,18.2887,2,0
6816,144.507,104.216,2,0
6817,39.0845,210.524,2,0
6818,64.3165,71.8653,2,0
6819,574.402,263.682,2,0
6820,237.951,228.962,2,0
6821,489.167,211.503,2,0
6822,548.8,138.961,2,0
6823,589.699,98.8432,2,0
6824,589.605,40.4249,2,0
6825,385.388,238.138,2,0
6826,232.672,247,2,0
6827,554.784,166.422,2,0
6828,99.0353,107.01,2,0
6829,295.847,114.556,2,0
6830,51.299,245.398,2,0
6831,415.617,142.212,2,0
6832,457.312,167.245,2,0
6833,426.252,9.01174,2,0
6834,31.4347,2,2,0
6835,193.972,261.344,2,0
6836,373.742,86.3764,2,0
6837,163.327,111.851,2,0
6838,301.825,124.714,2,0
6839,32.9369,154.487,2,0
6840,143.6,122.397,2,0
6841,341.537,277.23,2,0
6842,318.077,41.2095,2,0
6843,140.423,97.1181,2,0
6844,156.605,28.972,2,0
6845,48.4855,6.03515,2,0
6846,505.539,264.899,2,0
6847,567.964,159.819,2,0
6848,520.847,99.9455,2,0
6849,318.206,208.866,2,0
6850,228.459,157.366,2,0
6851,280.561,234.251,2,0
6852,256.301,69.6242,2,0
6853,426.38,2,2,0
6854,377.497,5.44901,2,0
6855,37.2686,262.941,2,0
6856,189.695,209.246,2,0
6857,462.591,182.591,2,0
6858,538.371,241.719,2,0
6859,243.388,20.1762,2,0
6860,500.997,2,2,0
6861,413.691,38.0622,2,0
6862,183.087,126.352,2,0
6863,146.362,272.453,2,0
6864,288.31,111.548,2,0
6865,171.967,131.107,2,0
6866,115.462,264.589,2,0
6867,296.834,245.845,2,0
6868,8.91576,179.049,2,0
6869,443.211,242.423,2,0
6870,211.988,287.806,2,0
6871,208.523,82.5555,2,0
6872,103.664,124.049,2,0
6873,548.199,298,2,0
6874,163.314,257.354,2,0
6875,86.3184,257.156,2,0
6876,77.3239,9.4609,2,0
6877,125.15,100.898,2,0
6878,282.784,30.0787,2,0
6879,219.645,29.6102,2,0
6880,473.805,102.772,2,0
6881,34.5055,102.184,2,0
6882,93.6909,96.0401,2,0
6883,308.54,102.916,2,0
6884,26.835,252.433,2,0
6885,165.274,238.607,2,0
6886,91.0808,149.558,2,0
6887,454.068,124.812,2,0
6888,91.167,88.1222,2,0
6889,580.6,75.7423,2,0
6890,498.376,230.847,2,0
6891,572.604,242.705,2,0
6892,281.086,208.949,2,0
6893,435.558,150.347,2,0
6894,89.4774,160.336,2,0
6895,371.339,170.183,2,0
6896,526.504,113.551,2,0
6897,386.151,47.3995,2,0
6898,43.8708,17.3581,2,0
6899,71.4419,138.597,2,0
6900,94.9782,194.083,2,0
6901,285.969,63.1429,2,0
6902,531.956,220.522,2,0
6903,484.543,274.017,2,0
6904,516,27.2148,2,0
6905,65.5423,119.595,2,0
6906,291.537,141.228,2,0
6907,180.499,185.017,2,0
6908,420.207,170.195,2,0
6909,97.7674,274.45,2,0
6910,144.872,193.23,2,0
6911,249.547,192.534,2,0
6912,155.655,113.678,2,0
6913,578.349,84.0948,2,0
6914,594.939,200.56,2,0
6915,500.838,183.117,2,0
6916,68.7749,248.203,2,0
6917,320.156,271.274,2,0
6918,362.323,199.19,2,0
6919,176.365,294.48,2,0
6920,509.816,43.0558,2,0
6921,164.304,99.8457,2,0
6922,240.552,106.326,2,0
6923,532.023,184.597,2,0
6924,305.076,235.806,2,0
6925,423.863,250.372,2,0
6926,53.7851,294.544,2,0
6927,83.0237,48.7187,2,0
6928,475.531,208.302,2,0
6929,5.37043,62.1622,2,0
6930,444.52,19.5872,2,0
6931,312.855,294.16,2,0
6932,350.898,108.464,2,0
6933,105.067,132.33,2,0
6934,35.2806,50.459,2,0
6935,543.806,216.055,2,0
6936,408.681,243.185,2,0
6937,384.656,258.389,2,0
6938,440.655,146.473,2,0
6939,34.005,89.8496,2,0
6940,300.177,63.8582,2,0
6941,428.223,138.957,2,0
6942,255.479,76.5923,2,0
6943,472.505,14.5156,2,0
6944,443.78,143.852,2,0
6945,108.828,76.3132,2,0
6946,261.41,205.641,2,0
6947,7.14009,293.924,2,0
6948,463.979,240.915,2,0
6949,168.825,57.0309,2,0
6950,514.069,136.567,2,0
6951,426.903,116.406,2,0
6952,518.365,96.6945,2,0
6953,231.589,124.55,2,0
6954,325.347,241.008,2,0
6955,528.946,191.083,2,0
6956,22.7791,79.4787,2,0
6957,526.866,170.917,2,0
6958,26.7663,145.462,2,0
6959,286.559,221.391,2,0
6960,523.964,158.476,2,0
6961,582.9,56.3673,2,0
6962,18.4069,193.709,2,0
6963,189.281,181.544,2,0
6964,17.4171,109.724,2,0
6965,184.109,195.582,2,0
6966,383.892,170.384,2,0
6967,168.134,250.027,2,0
6968,297.506,253.382,2,0
6969,204.802,186.561,2,0
6970,295.762,77.7282,2,0
6971,148.322,243.052,2,0
6972,328.368,146.938,2,0
6973,540.754,257.328,2,0
6974,595.902,2,2,0
6975,555.22,97.0173,2,0
6976,535.818,90.0629,2,0
6977,187.714,197.44,2,0
6978,198.155,243.093,2,0
6979,72.0146,142.664,2,0
6980,599.581,103.291,2,0
6981,157.661,91.1968,2,0
6982,361.801,277.402,2,0
6983,383.709,250.201,2,0
6984,49.7921,294.612,2,0
6985,386.149,234.238,2,0
6986,422.863,265.673,2,0
6987,55.6155,151.546,2,0
6988,347.886,167.275,2,0
6989,429.909,241.374,2,0
6990,52.9449,226.892,2,0
6991,289.597,9.87282,2,0
6992,308.049,111.139,2,0
6993,519.747,223.216,2,0
6994,352.591,81.2431,2,0
6995,516.698,173.843,2,0
6996,50.8737,255.146,2,0
6997,101.046,197.82,2,0
6998,23.2015,298,2,0
6999,237.103,2,2,0
7000,483.894,169.372,2,0
7001,549.643,57.0578,2,0
7002,383.112,294.405,2,0
7003,217.981,216.814,2,0
7004,183.918,140.666,2,0
7005,506.816,21.5315,2,0
7006,525.718,193.382,2,0
7007,422.228,279.771,2,0
7008,389.406,214.799,2,0
7009,4.99379,90.8667,2,0
7010,482.536,127.155,2,0
7011,254.522,220.136,2,0
7012,20.149,140.673,2,0
7013,266.004,284.104,2,0
7014,580.838,291.031,2,0
7015,213.652,174.781,2,0
7016,159.782,278.33,2,0
7017,421.131,230.354,2,0
7018,395.432,103.536,2,0
7019,520.124,171.41,2,0
7020,13.7146,245.215,2,0
7021,497.607,56.0577,2,0
7022,8.28369,251.25,2,0
7023,216.482,64.9636,2,0
7024,590.154,7.17402,2,0
7025,246.972,189.484,2,0
7026,183.962,230.542,2,0
7027,391.361,153.556,2,0
7028,497.966,205.573,2,0
7029,485.251,42.1449,2,0
7030,231.445,290.939,2,0
7031,380.684,228.265,2,0
7032,203.882,128.646,2,0
7033,511.425,255.764,2,0
7034,70.7373,134.517,2,0
7035,576.32,2,2,0
7036,193.799,63.4072,2,0
7037,110.417,16.1215,2,0
7038,114.455,23.5545,2,0
7039,353.497,252.422,2,0
7040,54.0799,248.135,2,0
7041,11.4452,65.4877,2,0
7042,375.439,136.079,2,0
7043,294.747,94.0858,2,0
7044,55.4565,201.659,2,0
7045,132.239,163.099,2,0
7046,514.375,132.623,2,0
7047,259.119,102.146,2,0
7048,227.061,19.3979,2,0
7049,191.104,170.12,2,0
7050,75.6073,60.9844,2,0
7051,147.738,64.4972,2,0
7052,494.059,206.565,2,0
7053,577.873,18.9766,2,0
7054,318.343,294.837,2,0
7055,449.766,153.073,2,0
7056,158.23,152.614,2,0
7057,488.789,5.85449,2,0
7058,432.92,269.673,2,0
7059,462.465,270.529,2,0
7060,362.254,164.044,2,0
7061,584.817,177.15,2,0
7062,465.185,158.057,2,0
7063,70.5384,2,2,0
7064,197.22,55.9088,2,0
7065,134.736,47.8428,2,0
7066,404.861,108.705,2,0
7067,64.5375,181.415,2,0
7068,490.929,263.41,2,0
7069,505.834,210.785,2,0
7070,338.669,19.9633,2,0
7071,597.448,50.7118,2,0
7072,335.038,259.794,2,0
7073,390.545,183.805,2,0
7074,72.0876,236.598,2,0
7075,255.544,229.429,2,0
7076,267.769,46.2629,2,0
7077,139.762,84.8224,2,0
7078,158.702,2,2,0
7079,361.857,105.454,2,0
7080,34.0383,68.0677,2,0
7081,405.869,194.943,2,0
7082,261.738,149.651,2,0
7083,408.766,174.642,2,0
7084,90.0827,70.8262,2,0
7085,262.03,25.9356,2,0
7086,88.07,291.143,2,0
7087,462.989,199.835,2,0
7088,479.629,60.1105,2,0
7089,96.1225,83.0071,2,0
7090,468.557,92.8747,2,0
7091,254.581,275.287,2,0
7092,80.3704,149.313,2,0
7093,303.121,195.409,2,0
7094,491.824,146.71,2,0
7095,291.779,257.428,2,0
7096,34.9554,43.4162,2,0
7097,58.5342,2,2,0
7098,495.968,213.354,2,0
7099,455.282,287.223,2,0
7100,302.244,213.268,2,0
7101,331.324,261.563,2,0
7102,257.628,143.698,2,0
7103,473.431,87.6664,2,0
7104,54.4355,269.2,2,0
7105,256.219,122.711,2,0
7106,297.955,17.5648,2,0
7107,356.365,209.856,2,0
7108,426.886,101.687,2,0
7109,180.741,138.145,2,0
7110,136.953,20.3508,2,0
7111,519.163,239.478,2,0
7112,283.746,101.437,2,0
7113,395.259,92.8156,2,0
7114,143.411,86.5468,2,0
7115,587.91,155.999,2,0
7116,521.556,136.527,2,0
7117,249.775,41.88,2,0
7118,202.037,294.395,2,0
7119,306.384,284.823,2,0
7120,440.351,5.53044,2,0
7121,270.776,72.1347,2,0
7122,302.119,8.9747,2,0
7123,585.998,255.633,2,0
7124,275.297,166.7,2,0
7125,387.021,173.317,2,0
7126,154.882,37.0002,2,0
7127,198.149,74.0073,2,0
7128,270.6,130.199,2,0
7129,467.828,4.81432,2,0
7130,596.253,258.143,2,0
7131,297.522,151.14,2,0
7132,273.458,234.552,2,0
7133,495.224,149.099,2,0
7134,170.385,112.609,2,0
7135,299.189,80.0429,2,0
7136,456.158,71.4044,2,0
7137,320.478,5.41499,2,0
7138,450.797,157.623,2,0
7139,340.314,235.269,2,0
7140,120.517,87.6233,2,0
7141,1.97427,286.043,2,0
7142,371.201,30.2148,2,0
7143,301.541,253.429,2,0
7144,312.813,89.0464,2,0
7145,280.556,141.962,2,0
7146,16.5415,76.2178,2,0
7147,349.842,92.3904,2,0
7148,157.356,245.582,2,0
7149,218.049,212.527,2,0
7150,437.26,244.448,2,0
7151,0.882312,55.3049,2,0
7152,164.241,294.545,2,0
7153,129.206,279.621,2,0
7154,429.401,145.258,2,0
7155,483.816,18.9469,2,0
7156,158.531,134.009,2,0
7157,525.982,11.4646,2,0
7158,88.8248,39.78,2,0
7159,62.6289,2,2,0
7160,591.384,91.0255,2,0
7161,549.608,171.309,2,0
7162,282.944,290.778,2,0
7163,250.898,167.857,2,0
7164,361.613,137.954,2,0
7165,233.441,185.184,2,0
7166,15.3062,10.517,2,0
7167,372.527,93.2663,2,0
7168,152.864,194.197,2,0
7169,176.939,289.511,2,0
7170,480.248,249.736,2,0
7171,537.738,273.196,2,0
7172,599.539,275.629,2,0
7173,10.2846,133.818,2,0
7174,338.516,229.915,2,0
7175,71.8019,84.6862,2,0
7176,585.804,148.181,2,0
7177,132.625,298,2,0
7178,291.63,127.245,2,0
7179,338.947,250.042,2,0
7180,154,79.0806,2,0
7181,460.757,53.1184,2,0
7182,279.499,150.041,2,0
7183,428.296,47.7788,2,0
7184,360.23,167.589,2,0
7185,352.288,220.863,2,0
7186,589.96,255.27,2,0
7187,339.948,54.1961,2,0
7188,146.196,253.537,2,0
7189,249.465,9.10122,2,0
7190,466.683,229.056,2,0
7191,136.358,5.52807,2,0
7192,40.5292,64.2931,2,0
7193,212.514,65.0559,2,0
7194,42.7192,290.65,2,0
7195,553.706,16.8841,2,0
7196,326.795,139.964,2,0
7197,340.38,144.006,2,0
7198,225.83,103.941,2,0
7199,420.766,151.595,2,0
7200,92.8415,14.7954,2,0
7201,131.288,187.801,2,0
7202,104.259,261.811,2,0
7203,68.3823,64.9242,2,0
7204,450.095,231.911,2,0
7205,540.539,218.53,2,0
7206,592.677,265.472,2,0
7207,379.424,30.0696,2,0
7208,432.702,162.551,2,0
7209,224.331,120.946,2,0
7210,236.931,78.095,2,0
7211,534.582,159.771,2,0
7212,145.719,298,2,0
7213,183.76,187.395,2,0
7214,242.858,179.942,2,0
7215,378.837,53.202,2,0
7216,360.361,40.2313,2,0
7217,536.755,141.282,2,0
7218,201.832,275.303,2,0
7219,35.5141,85.9695,2,0
7220,238.166,63.0965,2,0
7221,471.899,177.348,2,0
7222,400.589,242.316,2,0
7223,402.899,35.6797,2,0
7224,94.3813,8.96446,2,0
7225,464.813,284.096,2,0
7226,305.524,92.5835,2,0
7227,96.2574,290.906,2,0
7228,493.097,225.008,2,0
7229,261.69,212.789,2,0
7230,486.958,120.873,2,0
7231,89.6236,254.779,2,0
7232,303.594,232.014,2,0
7233,561.359,96.9303,2,0
7234,381.003,57.2195,2,0
7235,398.039,140.385,2,0
7236,100.284,12.5887,2,0
7237,468.588,81.1538,2,0
7238,530.807,172.634,2,0
7239,506.014,147.938,2,0
7240,144.888,129.405,2,0
7241,342.639,57.2086,2,0
7242,370.408,237.954,2,0
7243,282.772,152.359,2,0
7244,543.237,132.918,2,0
7245,39.1008,39.3301,2,0
7246,96.7327,214.673,2,0
7247,326.185,101.993,2,0
7248,265.598,10.6022,2,0
7249,569.72,192.988,2,0
7250,378.429,287.061,2,0
7251,551.749,247.759,2,0
7252,208.21,265.156,2,0
7253,386.009,68.1618,2,0
7254,496.81,128.9,2,0
7255,577.78,131.468,2,0
7256,223.584,268.616,2,0
7257,557.202,49.548,2,0
7258,484.658,115.232,2,0
7259,439.101,294.512,2,0
7260,297.953,180.136,2,0
7261,210.265,76.6816,2,0
7262,266.845,290.967,2,0
7263,44.0986,9.11424,2,0
7264,234.017,72.9132,2,0
7265,395.646,2,2,0
7266,531.229,176.635,2,0
7267,251.541,222.942,2,0
7268,522.493,151.597,2,0
7269,510.722,22.3234,2,0
7270,470.633,227.816,2,0
7271,515.729,237.346,2,0
7272,534.092,287.382,2,0
7273,316.487,5.376,2,0
7274,437.613,255.374,2,0
7275,323.819,23.0205,2,0
7276,253.087,278.984,2,0
7277,29.8129,166.338,2,0
7278,191.091,148.179,2,0
7279,194.893,13.0095,2,0
7280,389.864,88.314,2,0
7281,389.449,233.802,2,0
7282,213.112,170.711,2,0
7283,296.272,69.6757,2,0
7284,214.337,76.9899,2,0
7285,471.569,224.044,2,0
7286,440.981,174.657,2,0
7287,451.054,57.4834,2,0
7288,72.2352,206.783,2,0
7289,337.097,96.598,2,0
7290,296.633,155.031,2,0
7291,83.8186,130.433,2,0
7292,555.324,119.8,2,0
7293,548.463,71.6285,2,0
7294,232.971,242.536,2,0
7295,0.614576,48.3542,2,0
7296,134.546,268.811,2,0
7297,13.7732,278.045,2,0
7298,118.357,134.02,2,0
7299,33.4055,228.915,2,0
7300,498.824,106.372,2,0
7301,143.455,264.857,2,0
7302,379.959,243.051,2,0
7303,565.138,274.958,2,0
7304,552.021,200.608,2,0
7305,78.8153,17.5148,2,0
7306,286.723,214.009,2,0
7307,421.218,205.799,2,0
7308,286.257,19.9001,2,0
7309,257.505,49.557,2,0
7310,510.215,39.0584,2,0
7311,56.6163,5.52099,2,0
7312,28.5478,180.567,2,0
7313,370.384,80.1055,2,0
7314,462.577,193.454,2,0
7315,566.704,23.7334,2,0
7316,556.32,206.103,2,0
7317,363.685,235.837,2,0
7318,436.287,33.6036,2,0
7319,484.488,22.9029,2,0
7320,65.8037,125.017,2,0
7321,110.291,143.678,2,0
7322,569.769,20.8184,2,0
7323,169.471,120.716,2,0
7324,274.969,120.896,2,0
7325,20.1109,253.887,2,0
7326,123.722,124.457,2,0
7327,315.638,127.33,2,0
7328,101.28,164.94,2,0
7329,376.74,202.608,2,0
7330,461.891,234.166,2,0
7331,507.854,112.055,2,0
7332,313.941,288.088,2,0
7333,427.996,26.6468,2,0
7334,492.227,73.7396,2,0
7335,444.673,147.826,2,0
7336,407.846,58.2578,2,0
7337,325.658,48.7406,2,0
7338,529.65,59.2557,2,0
7339,179.797,157.542,2,0
7340,584.739,114.76,2,0
7341,97.443,266.354,2,0
7342,162.165,264.408,2,0
7343,336.671,104.766,2,0
7344,16.3288,113.66,2,0
7345,320.303,267.164,2,0
7346,536.106,61.2321,2,0
7347,106.885,84.2677,2,0
7348,577.128,224.549,2,0
7349,213.275,243.857,2,0
7350,420.549,226.292,2,0
7351,138.761,34.346,2,0
7352,512.229,57.9461,2,0
7353,500.301,287.514,2,0
7354,559.895,161.78,2,0
7355,476.518,269.771,2,0
7356,553.741,80.9992,2,0
7357,564.229,8.98722,2,0
7358,10.4913,79.9883,2,0
7359,312.113,58.4751,2,0
7360,529.043,153.761,2,0
7361,364.508,102.432,2,0
7362,488.246,148.491,2,0
7363,49.4233,213.34,2,0
7364,107.556,161.348,2,0
7365,208.297,98.8004,2,0
7366,161.344,292.883,2,0
7367,227.436,298,2,0
7368,565.982,63.8193,2,0
7369,10.7878,168.078,2,0
7370,220.125,107.989,2,0
7371,266.643,259.663,2,0
7372,299.967,34.2641,2,0
7373,260.148,29.5526,2,0
7374,41.7372,114.712,2,0
7375,391.844,218.057,2,0
7376,219.102,92.7634,2,0
7377,17.1321,54.6655,2,0
7378,75.2291,220.947,2,0
7379,176.338,35.633,2,0
7380,51.7674,173.353,2,0
7381,386.577,158.545,2,0
7382,175.559,86.3499,2,0
7383,359.113,15.9633,2,0
7384,83.3165,263.582,2,0
7385,163.74,107.842,2,0
7386,36.6158,181.25,2,0
7387,316.692,281.914,2,0
7388,237.637,71.1817,2,0
7389,487.173,234.15,2,0
7390,482.547,11.0617,2,0
7391,48.819,63.3153,2,0
7392,256.536,61.4661,2,0
7393,588.509,130.841,2,0
7394,509.229,47.1114,2,0
7395,118.529,22.9977,2,0
7396,67.8128,83.6636,2,0
7397,499.156,80.6691,2,0
7398,344.73,88.9251,2,0
7399,290.733,31.2299,2,0
7400,356.385,228.06,2,0
7401,567.076,106.508,2,0
7402,410.285,218.608,2,0
7403,558.59,222.24,2,0
7404,349.897,171.114,2,0
7405,379.432,137.271,2,0
7406,240.303,166.107,2,0
7407,193.15,144.743,2,0
7408,231.296,266.284,2,0
7409,519.739,260.648,2,0
7410,128.515,49.9871,2,0
7411,256.726,184.621,2,0
7412,416.506,195.976,2,0
7413,142.986,212.269,2,0
7414,491.185,282.41,2,0
7415,253.579,143.969,2,0
7416,315.274,152.947,2,0
7417,507.208,184.957,2,0
7418,180.184,165.213,2,0
7419,530.002,294.433,2,0
7420,466.371,49.0929,2,0
7421,68.3962,30.9658,2,0
7422,77.2507,197.018,2,0
7423,38.0797,269.372,2,0
7424,153.666,223.901,2,0
7425,490.886,17.7889,2,0
7426,250.788,218.693,2,0
7427,120.522,233.712,2,0
7428,302.374,265.611,2,0
7429,313.076,280.07,2,0
7430,305.333,54.1799,2,0
7431,516.307,169.788,2,0
7432,523.681,147.605,2,0
7433,442.49,44.0019,2,0
7434,191.359,23.4362,2,0
7435,389.372,146.757,2,0
7436,495.576,145.115,2,0
7437,464.122,154.022,2,0
7438,161.906,81.2569,2,0
7439,302.042,279.26,2,0
7440,157.229,292.194,2,0
7441,454.148,211.49,2,0
7442,377.765,254.555,2,0
7443,21.406,97.4016,2,0
7444,67.3172,283.393,2,0
7445,114.504,2,2,0
7446,464.211,95.5179,2,0
7447,403.651,115.546,2,0
7448,442.484,154.401,2,0
7449,235.504,298,2,0
7450,14.8294,260.372,2,0
7451,415.797,187.842,2,0
7452,131.888,122.267,2,0
7453,268.574,150.242,2,0
7454,471.976,239.333,2,0
7455,259.74,115.491,2,0
7456,447.28,126.408,2,0
7457,212.59,190.408,2,0
7458,117.433,209.9,2,0
7459,195.015,52.6098,2,0
7460,13.2823,165.019,2,0
7461,12.1753,120.596,2,0
7462,32.0259,188.074,2,0
7463,595.791,17.3981,2,0
7464,384.089,140.526,2,0
7465,484.456,201.774,2,0
7466,104.713,273.907,2,0
7467,84.5916,102.268,2,0
7468,437.968,171.952,2,0
7469,375.376,16.0975,2,0
7470,393.76,88.9412,2,0
7471,56.3543,272.78,2,0
7472,360.908,57.8964,2,0
7473,255.647,282.205,2,0
7474,505.282,235.006,2,0
7475,191.927,185.836,2,0
7476,111.408,187.474,2,0
7477,199.755,134.395,2,0
7478,518.426,118.488,2,0
7479,200.809,29.0855,2,0
7480,585.07,17.451,2,0
7481,0.862405,191.122,2,0
7482,323.059,95.6563,2,0
7483,529.733,33.5116,2,0
7484,442.924,249.471,2,0
7485,13.1018,90.4768,2,0
7486,327.644,263.484,2,0
7487,456.305,118.113,2,0
7488,90.0532,258.877,2,0
7489,50.6774,283.107,2,0
7490,316.863,258.276,2,0
7491,586.345,53.9949,2,0
7492,117.654,55.5232,2,0
7493,287.664,265.365,2,0
7494,567.679,27.7113,2,0
7495,22.5576,36.6507,2,0
7496,259.272,53.0977,2,0
7497,21.4656,207.949,2,0
7498,512.099,239.274,2,0
7499,77.841,214.733,2,0
7500,109.534,291.897,2,0
7501,531.399,124.202,2,0
7502,321.263,201.37,2,0
7503,98.95,85.895,2,0
7504,212.041,92.7661,2,0
7505,557.805,56.6613,2,0
7506,589.24,223.35,2,0
7507,147.742,276.261,2,0
7508,257.95,33.0368,2,0
7509,194.28,155.796,2,0
7510,171.506,74.5466,2,0
7511,177.145,238.451,2,0
7512,250.019,94.1141,2,0
7513,68.5775,5.58746,2,0
7514,446.886,249.631,2,0
7515,72.5372,48.3142,2,0
7516,284.039,5.56695,2,0
7517,566.287,153.219,2,0
7518,187.97,112.509,2,0
7519,185.67,19.1099,2,0
7520,526.446,117.6,2,0
7521,189.756,19.3354,2,0
7522,225.267,197.483,2,0
7523,560.297,15.0286,2,0
7524,39.5381,9.03995,2,0
7525,403.472,164.549,2,0
7526,341.092,284.123,2,0
7527,523.75,173.207,2,0
7528,239.244,5.49512,2,0
7529,206.737,12.6508,2,0
7530,221.846,227.075,2,0
7531,334.909,8.98382,2,0
7532,403.115,183.189,2,0
7533,477.741,45.2511,2,0
7534,178.801,218.396,2,0
7535,529.832,280.361,2,0
7536,446.934,280.368,2,0
7537,101.06,63.8983,2,0
7538,253.03,56.4448,2,0
7539,78.2765,137.506,2,0
7540,296.426,241.7,2,0
7541,182.789,213.62,2,0
7542,143.799,286.451,2,0
7543,193.494,97.7726,2,0
7544,336.743,12.4958,2,0
7545,132.855,89.097,2,0
7546,525.061,185.314,2,0
7547,158.653,9.34683,2,0
7548,449.944,98.2595,2,0
7549,8.09004,121.882,2,0
7550,309.118,278.46,2,0
7551,176.786,191.843,2,0
7552,354.11,141.571,2,0
7553,549.317,160.46,2,0
7554,53.1208,135.204,2,0
7555,136.806,192.263,2,0
7556,526.49,260.465,2,0
7557,237.269,9.02044,2,0
7558,336.544,233.49,2,0
7559,566.15,178.293,2,0
7560,449.1,61.4017,2,0
7561,480.106,17.6292,2,0
7562,575.989,59.91,2,0
7563,57.3069,195.247,2,0
7564,91.0388,168.263,2,0
7565,591.192,27.9728,2,0
7566,150.481,135.345,2,0
7567,192.832,27.1079,2,0
7568,375.378,30.1195,2,0
7569,68.1664,41.5618,2,0
7570,298.056,100.38,2,0
7571,94.9818,186.957,2,0
7572,305.947,246.743,2,0
7573,108.712,114.429,2,0
7574,450.933,82.0855,2,0
7575,517.987,185.963,2,0
7576,141.116,157.149,2,0
7577,132.233,25.4634,2,0
7578,444.097,129.168,2,0
7579,240.13,176.801,2,0
7580,531.695,180.661,2,0
7581,319.887,247.055,2,0
7582,398.14,245.598,2,0
7583,516.743,274.614,2,0
7584,438.373,190.623,2,0
7585,14.4501,223.779,2,0
7586,71.7729,262.106,2,0
7587,266.441,251.138,2,0
7588,203.979,213.031,2,0
7589,27.6242,162.725,2,0
7590,445.146,192.329,2,0
7591,170.262,154.13,2,0
7592,166.755,2,2,0
7593,536.053,10.0933,2,0
7594,21.1897,54.5264,2,0
7595,151.366,190.406,2,0
7596,178.173,153.713,2,0
7597,89.7131,141.426,2,0
7598,289.195,69.1701,2,0
7599,54.6974,262.262,2,0
7600,53.3033,105.565,2,0
7601,456.213,26.2024,2,0
7602,263.04,253.318,2,0
7603,563.593,196.607,2,0
7604,11.6771,101.51,2,0
7605,309.428,261.786,2,0
7606,168.693,85.8629,2,0
7607,385.567,12.5421,2,0
7608,86.97,265.376,2,0
7609,223.23,279.338,2,0
7610,574.351,238.813,2,0
7611,18.4982,224.687,2,0
7612,65.0175,61.3242,2,0
7613,51.6746,190.796,2,0
7614,380.67,133.388,2,0
7615,593.421,222.977,2,0
7616,481.805,2,2,0
7617,142.479,252.151,2,0
7618,410.282,246.957,2,0
7619,185.64,5.01331,2,0
7620,324.748,18.9421,2,0
7621,138.446,64.5337,2,0
7622,98.8505,231.794,2,0
7623,567.301,128.059,2,0
7624,299.628,48.9746,2,0
7625,154.178,263.115,2,0
7626,485.814,84.6505,2,0
7627,411.069,239.894,2,0
7628,336.259,44.0442,2,0
7629,547.623,261.961,2,0
7630,450.364,50.4278,2,0
7631,79.6506,145.488,2,0
7632,570.325,239.245,2,0
7633,412.739,298,2,0
7634,422.367,51.5245,2,0
7635,178.205,298,2,0
7636,98.6606,208.336,2,0
7637,589.591,190.574,2,0
7638,563.308,253.973,2,0
7639,208.781,2,2,0
7640,306.053,224.81,2,0
7641,6.6269,17.2053,2,0
7642,332.973,120.523,2,0
7643,354.939,44.6641,2,0
7644,373.297,12.5598,2,0
7645,595.834,157.759,2,0
7646,343.786,167.277,2,0
7647,557.928,122.788,2,0
7648,26.888,43.6728,2,0
7649,545.904,14.7736,2,0
7650,574.826,280.451,2,0
7651,165.373,22.6318,2,0
7652,156.717,259.901,2,0
7653,133.843,43.8831,2,0
7654,430.439,51.314,2,0
7655,406.075,152.513,2,0
7656,587.832,179.905,2,0
7657,486.167,34.9606,2,0
7658,479.328,181.405,2,0
7659,344.004,202.876,2,0
7660,523.329,254.001,2,0
7661,474.98,287.085,2,0
7662,44.7481,286.762,2,0
7663,53.75,116.455,2,0
7664,217.646,237.797,2,0
7665,70.9553,215.012,2,0
7666,551.225,259.921,2,0
7667,535.006,178.386,2,0
7668,391.308,92.1094,2,0
7669,55.7412,83.655,2,0
7670,425.84,160.999,2,0
7671,228.545,195.032,2,0
7672,117.126,270.603,2,0
7673,513.879,5.53707,2,0
7674,405.93,24.9249,2,0
7675,25.1614,12.7213,2,0
7676,443.203,287.648,2,0
7677,416.16,191.911,2,0
7678,582.696,52.3762,2,0
7679,496.853,223.921,2,0
7680,469.657,217.305,2,0
7681,50.9938,13.3617,2,0
7682,128.63,99.0356,2,0
7683,233.454,204.626,2,0
7684,543.746,2,2,0
7685,461.523,141.999,2,0
7686,486.662,193.961,2,0
7687,273.049,144.771,2,0
7688,406.921,293.268,2,0
7689,429.468,128.286,2,0
7690,571.742,53.543,2,0
7691,143.044,78.4264,2,0
7692,30.3572,226.172,2,0
7693,345.901,150.018,2,0
7694,513.801,180.222,2,0
7695,59.7157,228.77,2,0
7696,105.85,143.247,2,0
7697,176.573,149.711,2,0
7698,419.897,155.535,2,0
7699,192.201,173.923,2,0
7700,425.732,83.7639,2,0
7701,330.298,223.014,2,0
7702,7.10105,211.181,2,0
7703,229.934,153.586,2,0
7704,153.133,231.037,2,0
7705,50.4726,102.654,2,0
7706,147.052,92.516,2,0
7707,96.8167,123.024,2,0
7708,556.449,173.471,2,0
7709,375.083,111.546,2,0
7710,457.415,290.898,2,0
7711,540.566,108.345,2,0
7712,30.9402,252.593,2,0
7713,61.3683,50.8556,2,0
7714,21.9094,119.465,2,0
7715,46.0013,292.889,2,0
7716,241.441,183.69,2,0
7717,450.529,16.1608,2,0
7718,427.959,205.199,2,0
7719,541.346,249.333,2,0
7720,521.614,280.636,2,0
7721,341.633,140.093,2,0
7722,82.3417,98.6874,2,0
7723,211.087,181.379,2,0
7724,321.722,183.244,2,0
7725,12.1491,26.4021,2,0
7726,351.535,287.701,2,0
7727,401.789,139.219,2,0
7728,225.834,33.2641,2,0
7729,306.204,9.3241,2,0
7730,396.262,40.2898,2,0
7731,543.266,53.8028,2,0
7732,215.952,287.306,2,0
7733,414.042,44.9247,2,0
7734,361.154,142.124,2,0
7735,251.332,171.841,2,0
7736,63.6517,253.146,2,0
7737,545.972,32.5564,2,0
7738,158.198,263.612,2,0
7739,558.786,199.5,2,0
7740,415.947,250.95,2,0
7741,49.5907,238.604,2,0
7742,95.4787,99.6501,2,0
7743,554.224,104.994,2,0
7744,387.578,15.9319,2,0
7745,509.079,225.048,2,0
7746,355.27,97.007,2,0
7747,154.298,151.938,2,0
7748,561.478,270.645,2,0
7749,269.163,146.304,2,0
7750,6.84812,51.5368,2,0
7751,408.933,289.56,2,0
7752,595.783,226.418,2,0
7753,509.756,130.251,2,0
7754,122.208,269.255,2,0
7755,512.049,26.1881,2,0
7756,400.576,223.419,2,0
7757,432.235,99.097,2,0
7758,552.36,283.99,2,0
7759,440.427,12.6205,2,0
7760,397.308,213.139,2,0
7761,198.97,149.123,2,0
7762,562.912,247.132,2,0
7763,255.574,233.406,2,0
7764,142.455,196.533,2,0
7765,463.957,164.877,2,0
7766,501.257,284.813,2,0
7767,103.653,175.939,2,0
7768,81.5059,83.9353,2,0
7769,139.391,171.232,2,0
7770,205.928,274.729,2,0
7771,582.702,97.3496,2,0
7772,262.729,241.158,2,0
7773,597.667,62.6831,2,0
7774,399.704,2,2,0
7775,596.297,233.254,2,0
7776,332.327,181.519,2,0
7777,525.679,106.666,2,0
7778,432.414,147.893,2,0
7779,93.5567,142.845,2,0
7780,410.244,271.835,2,0
7781,59.4487,203.03,2,0
7782,70.9071,157.2,2,0
7783,541.298,226.497,2,0
7784,401.651,172.443,2,0
7785,47.5581,246.28,2,0
7786,131.026,203.639,2,0
7787,417.546,236.947,2,0
7788,510.044,178.542,2,0
7789,100.254,290.901,2,0
7790,578.218,213.886,2,0
7791,585.848,230.815,2,0
7792,455.896,184.944,2,0
7793,512.686,223.126,2,0
7794,17.7794,277.764,2,0
7795,21.9378,236.286,2,0
7796,29.1557,249.013,2,0
7797,119.506,91.5192,2,0
7798,247.522,157.881,2,0
7799,453.28,188.109,2,0
7800,97.3655,270.428,2,0
7801,595.12,268.887,2,0
7802,515.323,125.903,2,0
7803,259.02,166.976,2,0
7804,274.62,69.7567,2,0
7805,268.66,90.8598,2,0
7806,369.88,96.1096,2,0
7807,112.615,90.0485,2,0
7808,115.345,187.584,2,0
7809,437.258,262.527,2,0
7810,175.64,129.579,2,0
7811,288.185,207.207,2,0
7812,364.142,63.5517,2,0
7813,2.1203,166.569,2,0
7814,254.61,264.483,2,0
7815,281.616,116.266,2,0
7816,553.987,5.57378,2,0
7817,123.64,244.365,2,0
7818,565.149,281.704,2,0
7819,88.8847,25.186,2,0
7820,153.413,105.066,2,0
7821,108.609,26.4883,2,0
7822,360.512,131.249,2,0
7823,33.2063,174.022,2,0
7824,138.875,68.5669,2,0
7825,26.6365,25.2282,2,0
7826,185.367,41.1805,2,0
7827,281.238,160.362,2,0
7828,418.323,177.562,2,0
7829,243.968,262.912,2,0
7830,56.3717,72.9347,2,0
7831,286.077,261.607,2,0
7832,339.517,266.082,2,0
7833,401.106,195.024,2,0
7834,168.985,81.8292,2,0
7835,289.195,52.2096,2,0
7836,213.746,135.843,2,0
7837,255.314,241.545,2,0
7838,349.871,67.0603,2,0
7839,66.8133,174.488,2,0
7840,392.823,56.0273,2,0
7841,526.426,135.655,2,0
7842,340.814,118.711,2,0
7843,57.7029,112.324,2,0
7844,503.496,9.84821,2,0
7845,128.338,200.573,2,0
7846,578.884,40.7776,2,0
7847,396.691,282.649,2,0
7848,118.863,227.448,2,0
7849,528.157,168.282,2,0
7850,195.935,159.639,2,0
7851,122.087,40.5905,2,0
7852,348.671,31.3574,2,0
7853,452.082,195.119,2,0
7854,430.751,222.777,2,0
7855,224.26,168.839,2,0
7856,121.4,209.065,2,0
7857,109.31,287.78,2,0
7858,459.937,105.274,2,0
7859,332.417,44.5351,2,0
7860,564.254,41.4444,2,0
7861,342.872,254.123,2,0
7862,25.0628,173.2,2,0
7863,32.586,20.3595,2,0
7864,285.624,184.548,2,0
7865,335.137,280.429,2,0
7866,433.113,298,2,0
7867,99.5351,175.77,2,0
7868,522.806,199.798,2,0
7869,573.405,207.329,2,0
7870,74.7972,239.575,2,0
7871,430.822,103.001,2,0
7872,39.4065,96.6177,2,0
7873,401.979,90.3148,2,0
7874,264.475,20.3831,2,0
7875,378.208,247.256,2,0
7876,367.301,2,2,0
7877,43.6034,85.2069,2,0
7878,47.8891,231.725,2,0
7879,357.001,12.4938,2,0
7880,118.571,2,2,0
7881,460.545,97.1602,2,0
7882,484.021,158.362,2,0
7883,305.919,263.719,2,0
7884,430.124,37.1922,2,0
7885,313.441,32.0334,2,0
7886,368.329,174.342,2,0
7887,402.211,153.796,2,0
7888,100.294,256.137,2,0
7889,329.999,109.319,2,0
7890,201.183,94.7307,2,0
7891,272.12,84.63,2,0
7892,510.029,51.4012,2,0
7893,314.354,156.921,2,0
7894,158.566,295.972,2,0
7895,93.0207,130.095,2,0
7896,45.482,294.631,2,0
7897,217.56,134.078,2,0
7898,404.515,55.9333,2,0
7899,275.275,298,2,0
7900,595.315,177.23,2,0
7901,128.219,137.98,2,0
7902,324.442,179.999,2,0
7903,543.704,271.899,2,0
7904,370.374,184.985,2,0
7905,519.782,206.203,2,0
7906,581.81,174.316,2,0
7907,243.459,44.9908,2,0
7908,430.088,30.1168,2,0
7909,557.176,158.878,2,0
7910,399.03,19.3051,2,0
7911,197.842,187.361,2,0
7912,90.7084,229.459,2,0
7913,477.139,189.086,2,0
7914,269.357,191.475,2,0
7915,500.329,102.491,2,0
7916,361.225,19.5136,2,0
7917,550.081,32.1392,2,0
7918,321.001,134.092,2,0
7919,450.488,109.051,2,0
7920,575.814,196.964,2,0
7921,181.666,233.939,2,0
7922,497.356,258.351,2,0
7923,491.689,77.7322,2,0
7924,473.203,181.161,2,0
7925,380.204,83.3154,2,0
7926,355.088,23.1576,2,0
7927,309.24,128.475,2,0
7928,154.839,80.9474,2,0
7929,400.725,260.266,2,0
7930,212.303,117.288,2,0
7931,461.789,219.412,2,0
7932,391.742,22.964,2,0
7933,352.576,100.06,2,0
7934,86.6335,144.202,2,0
7935,319.524,123.572,2,0
7936,102.747,45.322,2,0
7937,485.247,212.611,2,0
7938,292.589,272.04,2,0
7939,126.544,219.168,2,0
7940,546.553,90.2101,2,0
7941,451.162,198.995,2,0
7942,157.326,159.436,2,0
7943,186.465,223.571,2,0
7944,486.97,56.7834,2,0
7945,293.249,28.0109,2,0
7946,12.921,158.914,2,0
7947,235.238,12.4977,2,0
7948,240.7,236.828,2,0
7949,182.573,130.306,2,0
7950,14.9075,195.651,2,0
7951,362.57,54.0808,2,0
7952,18.9605,27.7532,2,0
7953,487.407,52.7142,2,0
7954,529.382,164.451,2,0
7955,12.3201,215.981,2,0
7956,120.527,273.017,2,0
7957,313.267,259.858,2,0
7958,565.07,157.065,2,0
7959,409.367,229.02,2,0
7960,169.96,187.745,2,0
7961,253.521,90.6837,2,0
7962,520.88,88.2049,2,0
7963,208.782,269.067,2,0
7964,358.642,238.624,2,0
7965,183.241,67.0663,2,0
7966,262.99,132.81,2,0
7967,465.439,290.917,2,0
7968,19.8046,23.7778,2,0
7969,111.847,214.508,2,0
7970,541.883,13.8775,2,0
7971,58.7676,47.642,2,0
7972,31.5953,162.464,2,0
7973,116.491,298,2,0
7974,348.182,144.506,2,0
7975,392.759,262.668,2,0
7976,572.177,16.0897,2,0
7977,59.9463,175.698,2,0
7978,452.541,12.5536,2,0
7979,301.47,102.465,2,0
7980,275.222,81.8476,2,0
7981,401.773,5.5615,2,0
7982,580.908,143.17,2,0
7983,179.151,94.8779,2,0
7984,12.8204,230.618,2,0
7985,469.629,274.095,2,0
7986,100.707,212.556,2,0
7987,258.558,274.49,2,0
7988,316.258,91.2202,2,0
7989,231.338,284.186,2,0
7990,378.007,262.987,2,0
7991,140.052,182.1,2,0
7992,89.7442,35.7587,2,0
7993,353.854,37.7531,2,0
7994,31.4696,57.5809,2,0
7995,73.6364,274.604,2,0
7996,506.888,272.941,2,0
7997,384.451,290.018,2,0
7998,103.318,168.476,2,0
7999,391.638,9.05236,2,0
8000,182.989,147.262,2,0
8001,392.309,149.566,2,0
8002,542.451,39.7944,2,0
8003,182.365,208.765,2,0
8004,314.977,172.513,2,0
8005,345.746,76.8346,2,0
8006,168.164,132.811,2,0
8007,102.822,70.3682,2,0
8008,509.337,216.85,2,0
8009,591.671,226.619,2,0
8010,234.635,110.391,2,0
8011,134.428,100.988,2,0
8012,499.143,201.564,2,0
8013,426.25,279.915,2,0
8014,263.587,46.1808,2,0
8015,147.37,227.059,2,0
8016,163.599,268.24,2,0
8017,97.7829,110.907,2,0
8018,501.4,54.4926,2,0
8019,478.443,261.039,2,0
8020,258.992,2,2,0
8021,217.694,241.938,2,0
8022,138.608,48.9317,2,0
8023,173.76,245.813,2,0
8024,84.1953,150.77,2,0
8025,450.444,2,2,0
8026,105.913,88.3643,2,0
8027,469.176,158.834,2,0
8028,498.973,19.7668,2,0
8029,109.631,157.677,2,0
8030,174.868,2,2,0
8031,140.237,209.222,2,0
8032,550.402,156.579,2,0
8033,35.6137,217.13,2,0
8034,49.2569,81.0382,2,0
8035,383.49,9.01133,2,0
8036,365.294,141.452,2,0
8037,210.014,61.6353,2,0
8038,437.333,130.629,2,0
8039,181.272,255.657,2,0
8040,193.648,223.456,2,0
8041,537.266,162.746,2,0
8042,581.618,132.513,2,0
8043,369.071,216.348,2,0
8044,226.039,76.634,2,0
8045,513.212,156.438,2,0
8046,24.5001,243.977,2,0
8047,233.068,9.02413,2,0
8048,89.7103,223.713,2,0
8049,235.674,250.177,2,0
8050,298.153,2,2,0
8051,2.15345,254.18,2,0
8052,291.069,100.02,2,0
8053,491.578,267.369,2,0
8054,6.34555,135.291,2,0
8055,68.3421,182.607,2,0
8056,574.903,56.1398,2,0
8057,233.383,88.7317,2,0
8058,536.104,2,2,0
8059,587.061,244.818,2,0
8060,100.214,157.42,2,0
8061,283.657,227.977,2,0
8062,291.738,51.2958,2,0
8063,84.1785,109.175,2,0
8064,15.2814,58.2253,2,0
8065,194.717,197.364,2,0
8066,539.52,144.302,2,0
8067,136.111,121.285,2,0
8068,303.57,66.0982,2,0
8069,120.488,73.0101,2,0
8070,476.251,16.0475,2,0
8071,549.86,82.3494,2,0
8072,537.5,232.776,2,0
8073,90.5194,145.531,2,0
8074,490.55,97.6079,2,0
8075,484.948,187.107,2,0
8076,74.3213,282.649,2,0
8077,486.017,172.704,2,0
8078,92.2865,5.48588,2,0
8079,236.285,166.736,2,0
8080,582.877,220.36,2,0
8081,66.5011,57.3744,2,0
8082,90.2912,2,2,0
8083,280.126,33.0336,2,0
8084,86.0397,126.93,2,0
8085,278.264,67.437,2,0
8086,576.667,242.237,2,0
8087,187.873,158.509,2,0
8088,170.789,60.5715,2,0
8089,102.863,105.357,2,0
8090,128.381,104.449,2,0
8091,308.919,94.8755,2,0
8092,565.627,193.094,2,0
8093,437.183,217.629,2,0
8094,353.072,73.1462,2,0
8095,503.023,141.698,2,0
8096,298.419,184.19,2,0
8097,598.537,210.704,2,0
8098,533.414,236.126,2,0
8099,409.464,236.105,2,0
8100,221.646,20.0923,2,0
8101,159.983,202.231,2,0
8102,458.386,271.028,2,0
8103,337.589,141.039,2,0
8104,93.3405,269.849,2,0
8105,471.583,95.7745,2,0
8106,330.382,91.9821,2,0
8107,488.382,200.774,2,0
8108,444.684,220.686,2,0
8109,483.49,38.4553,2,0
8110,393.561,50.7414,2,0
8111,236.466,156.069,2,0
8112,39.6043,85.7442,2,0
8113,341.614,155.607,2,0
8114,341.028,90.692,2,0
8115,477.434,49.2208,2,0
8116,33.2932,12.6066,2,0
8117,524.738,39.7407,2,0
8118,243.715,298,2,0
8119,440.179,182.728,2,0
8120,270.198,283.6,2,0
8121,465.84,77.8471,2,0
8122,466.312,147.184,2,0
8123,388.815,36.9719,2,0
8124,162.362,46.7043,2,0
8125,484.214,92.5149,2,0
8126,187.905,298,2,0
8127,481.38,25.7063,2,0
8128,522.991,229.633,2,0
8129,399.468,124.547,2,0
8130,166.687,9.3205,2,0
8131,580.151,281.467,2,0
8132,380.136,283.094,2,0
8133,265.79,97.3738,2,0
8134,152.449,15.6067,2,0
8135,76.1414,166.496,2,0
8136,328.214,198.295,2,0
8137,18.5991,150.224,2,0
8138,418.842,265.378,2,0
8139,348.111,202.852,2,0
8140,502.455,212.71,2,0
8141,549.267,67.7238,2,0
8142,513.816,287.829,2,0
8143,476.726,116.872,2,0
8144,595.453,275.943,2,0
8145,153.747,26.2362,2,0
8146,73.3389,44.3087,2,0
8147,161.902,253.501,2,0
8148,82.0019,38.0956,2,0
8149,570.223,12.5943,2,0
8150,142.633,137.369,2,0
8151,254.363,126.321,2,0
8152,380.559,181.619,2,0
8153,9.71235,278.37,2,0
8154,422.496,58.6058,2,0
8155,183.715,241.256,2,0
8156,16.6577,256.76,2,0
8157,32.3998,280.345,2,0
8158,190.876,191.277,2,0
8159,539.635,29.3873,2,0
8160,537.535,198.626,2,0
8161,88.1502,193.196,2,0
8162,169.813,179.081,2,0
8163,356.477,75.3421,2,0
8164,446.702,50.6517,2,0
8165,115.025,119.682,2,0
8166,180.492,115.745,2,0
8167,61.9915,68.5064,2,0
8168,265.026,81.4499,2,0
8169,29.8204,117.507,2,0
8170,413.772,81.7138,2,0
8171,294.48,182.883,2,0
8172,403.801,58.0417,2,0
8173,493.433,195.895,2,0
8174,355.98,51.6885,2,0
8175,309.104,236.49,2,0
8176,408.169,53.9651,2,0
8177,162.196,298,2,0
8178,238.801,218.364,2,0
8179,266.891,109.644,2,0
8180,219.645,100.706,2,0
8181,113.58,85.9703,2,0
8182,128.162,67.0238,2,0
8183,229.421,294.52,2,0
8184,235.152,117.318,2,0
8185,337.905,40.2323,2,0
8186,318.414,8.97418,2,0
8187,575.353,81.4515,2,0
8188,519.921,55.3883,2,0
8189,479.99,164.108,2,0
8190,161.296,159.934,2,0
8191,436.421,47.6537,2,0
8192,62.0571,123.445,2,0
8193,203.887,208.843,2,0
8194,502.335,149.681,2,0
8195,578.766,164.719,2,0
8196,378.528,184.991,2,0
8197,330.829,83.8922,2,0
8198,140.262,262.625,2,0
8199,368.875,231.021,2,0
8200,146.445,196.973,2,0
8201,50.7675,77.2028,2,0
8202,205.029,88.7733,2,0
8203,470.538,173.43,2,0
8204,357.03,62.8933,2,0
8205,243.736,148.351,2,0
8206,312.988,264.024,2,0
8207,107.269,154.339,2,0
8208,3.86798,206.24,2,0
8209,360.084,73.5317,2,0
8210,113.552,164.86,2,0
8211,96.4289,5.47375,2,0
8212,420.074,12.5082,2,0
8213,491.957,214.347,2,0
8214,102.686,31.2428,2,0
8215,234.564,26.7136,2,0
8216,471.566,6.05205,2,0
8217,281.138,26.2235,2,0
8218,123.029,64.6774,2,0
8219,331.445,35.1204,2,0
8220,352.361,235.134,2,0
8221,428.302,283.401,2,0
8222,43.0673,33.4892,2,0
8223,353.44,284.135,2,0
8224,27.6305,230.328,2,0
8225,21.661,247.04,2,0
8226,141.92,167.97,2,0
8227,399.104,23.3702,2,0
8228,411.313,177.931,2,0
8229,402.479,168.433,2,0
8230,249.654,214.769,2,0
8231,194.796,250.567,2,0
8232,105.736,244.694,2,0
8233,7.53696,31.8866,2,0
8234,349.002,5.36493,2,0
8235,39.252,219.01,2,0
8236,282.159,269.702,2,0
8237,415.234,85.5917,2,0
8238,221.815,231.089,2,0
8239,249.297,57.9747,2,0
8240,363.762,71.7108,2,0
8241,240.522,240.957,2,0
8242,272.632,287.04,2,0
8243,298.552,238.241,2,0
8244,338.598,65.1909,2,0
8245,353.981,171.173,2,0
8246,17.311,165.566,2,0
8247,335.193,251.701,2,0
8248,187.834,201.546,2,0
8249,10.2461,133.742,2,0
8250,264.576,128.467,2,0
8251,1.27718,271.957,2,0
8252,343.064,287.773,2,0
8253,273.108,51.9938,2,0
8254,167.139,29.4842,2,0
8255,247.927,262.154,2,0
8256,443.103,200.161,2,0
8257,65.4393,76.0038,2,0
8258,296.317,197.958,2,0
8259,201.709,110.087,2,0
8260,471.637,62.764,2,0
8261,202.156,242.416,2,0
8262,551.413,196.543,2,0
8263,127.142,187.313,2,0
8264,584.806,241.49,2,0
8265,235.914,37.413,2,0
8266,48.6729,106.323,2,0
8267,241.773,230.224,2,0
8268,360.292,69.5732,2,0
8269,402.967,131.261,2,0
8270,467.164,31.3524,2,0
8271,544.079,21.6391,2,0
8272,48.4676,116.769,2,0
8273,411.585,182.05,2,0
8274,2.58394,174.229,2,0
8275,224.997,8.97589,2,0
8276,87.4131,269.282,2,0
8277,578.919,125.137,2,0
8278,457.336,298,2,0
8279,383.644,30.1565,2,0
8280,524.092,35.5256,2,0
8281,197.866,31.9116,2,0
8282,377.04,57.3131,2,0
8283,151.593,113.468,2,0
8284,530.591,207.093,2,0
8285,197.29,253.867,2,0
8286,17.6584,246.058,2,0
8287,555.733,237.129,2,0
8288,342.904,2,2,0
8289,456.843,98.9115,2,0
8290,492.309,271.54,2,0
8291,174.186,225.032,2,0
8292,450.935,280.228,2,0
8293,445.118,246.052,2,0
8294,302.965,287.454,2,0
8295,170.989,28.5224,2,0
8296,98.1174,75.3039,2,0
8297,388.971,195.464,2,0
8298,522.471,118.015,2,0
8299,317.725,16.3715,2,0
8300,271.635,31.9616,2,0
8301,85.827,249.015,2,0
8302,294.382,21.0125,2,0
8303,22.3347,284.551,2,0
8304,196.554,179.294,2,0
8305,174.131,265.072,2,0
8306,21.5607,165.875,2,0
8307,458.683,181.997,2,0
8308,260.929,5.7784,2,0
8309,558.418,287.523,2,0
8310,427.658,201.128,2,0
8311,495.158,202.602,2,0
8312,410.943,207.761,2,0
8313,479.483,13.6738,2,0
8314,589.504,119.985,2,0
8315,87.5647,63.3193,2,0
8316,224.714,275.509,2,0
8317,396.537,85.8794,2,0
8318,61.5002,119.535,2,0
8319,334.404,267.975,2,0
8320,401.715,79.7995,2,0
8321,299.087,135.126,2,0
8322,63.8398,135.593,2,0
8323,221.769,128.618,2,0
8324,356.347,220.918,2,0
8325,294.828,194.143,2,0
8326,586.525,262.56,2,0
8327,333.158,131.212,2,0
8328,101.927,74.3762,2,0
8329,355.096,2,2,0
8330,184.4,248.328,2,0
8331,194.637,5.54316,2,0
8332,25.4145,157.633,2,0
8333,525.03,89.852,2,0
8334,319.888,279.485,2,0
8335,394.377,156.258,2,0
8336,439.728,211.019,2,0
8337,27.8667,20.3184,2,0
8338,599.379,234.95,2,0
8339,228.908,222.535,2,0
8340,561.476,168.751,2,0
8341,341.806,170.774,2,0
8342,464.318,70.5974,2,0
8343,45.3886,5.4829,2,0
8344,100.41,298,2,0
8345,225.876,128.446,2,0
8346,26.2728,149.587,2,0
8347,572.986,141.053,2,0
8348,207.555,214.836,2,0
8349,596.464,172.488,2,0
8350,245.731,287.439,2,0
8351,113.233,269.662,2,0
8352,5.01172,5.60282,2,0
8353,211.192,229.044,2,0
8354,546.173,135.91,2,0
8355,290.076,261.243,2,0
8356,78.8295,238.645,2,0
8357,202.461,156.417,2,0
8358,349.64,262.5,2,0
8359,503.869,162.672,2,0
8360,351.497,280.474,2,0
8361,406.939,35.424,2,0
8362,155.118,144.936,2,0
8363,316.501,12.4943,2,0
8364,75.5556,298,2,0
8365,547.571,195.083,2,0
8366,492.152,25.8457,2,0
8367,321.28,250.895,2,0
8368,518.018,9.50813,2,0
8369,19.684,101.875,2,0
8370,327.201,121.427,2,0
8371,431.005,265.991,2,0
8372,23.583,126.434,2,0
8373,51.4038,177.448,2,0
8374,122.865,205.196,2,0
8375,108.116,226.157,2,0
8376,161.588,85.3419,2,0
8377,554.929,254.107,2,0
8378,259.132,239.417,2,0
8379,519.201,256.686,2,0
8380,537.011,152.094,2,0
8381,404.672,222.886,2,0
8382,387.566,113.591,2,0
8383,281.5,170.471,2,0
8384,247.906,272.844,2,0
8385,46.4268,276.171,2,0
8386,117.674,164.871,2,0
8387,99.2172,145.674,2,0
8388,26.1724,183.912,2,0
8389,473.613,2,2,0
8390,64.1704,238.445,2,0
8391,581.79,255.977,2,0
8392,14.6909,79.8211,2,0
8393,218.882,5.42687,2,0
8394,150.165,216.6,2,0
8395,329.566,176.857,2,0
8396,464.782,236.908,2,0
8397,560.076,9.02597,2,0
8398,585.6,133.669,2,0
8399,277.985,157.991,2,0
8400,12.4781,241.279,2,0
8401,204.158,182.472,2,0
8402,414.088,120.392,2,0
8403,353.275,60.3194,2,0
8404,313.739,72.7611,2,0
8405,92.3646,240.399,2,0
8406,114.678,96.8822,2,0
8407,322.314,215.985,2,0
8408,183.067,225.812,2,0
8409,324.665,5.51835,2,0
8410,513.355,144.632,2,0
8411,27.2694,9.00578,2,0
8412,393.44,160.201,2,0
8413,388.443,260.696,2,0
8414,46.818,49.4397,2,0
8415,302.16,90.2846,2,0
8416,450.7,169.726,2,0
8417,58.9279,148.962,2,0
8418,222.479,25.9332,2,0
8419,19.3716,93.7181,2,0
8420,516.07,251.077,2,0
8421,494.552,279.86,2,0
8422,488.239,294.468,2,0
8423,329.353,28.8923,2,0
8424,255.792,298,2,0
8425,409.976,151.329,2,0
8426,571.342,203.795,2,0
8427,287.672,195.886,2,0
8428,263.954,59.5451,2,0
8429,36.2037,109.058,2,0
8430,508.868,200.832,2,0
8431,326.452,174.206,2,0
8432,292.204,35.0954,2,0
8433,527.958,298,2,0
8434,151.846,220.24,2,0
8435,501.783,232.93,2,0
8436,125.536,208.239,2,0
8437,83.614,90.5592,2,0
8438,508.631,294.487,2,0
8439,141.328,244.127,2,0
8440,311.934,105.119,2,0
8441,252.352,65.0029,2,0
8442,207.379,142.636,2,0
8443,307.519,250.455,2,0
8444,580.02,234.89,2,0
8445,153.637,74.9789,2,0
8446,569.858,90.4972,2,0
8447,300.427,198.491,2,0
8448,552.539,204.642,2,0
8449,143.527,94.6216,2,0
8450,574.018,214.255,2,0
8451,544.689,43.1455,2,0
8452,540.128,36.3931,2,0
8453,428.52,276.509,2,0
8454,190.101,135.208,2,0
8455,82.1716,2,2,0
8456,15.7892,227.703,2,0
8457,287.695,257.905,2,0
8458,536.257,213.68,2,0
8459,595.033,78.6615,2,0
8460,244.594,235.728,2,0
8461,197.029,77.9755,2,0
8462,74.3199,55.0878,2,0
8463,495.781,113.932,2,0
8464,558.726,21.9075,2,0
8465,146.933,96.6607,2,0
8466,501.634,236.981,2,0
8467,530.295,149.885,2,0
8468,214.763,226.969,2,0
8469,43.4727,25.4562,2,0
8470,585.766,191.813,2,0
8471,142.92,256.062,2,0
8472,153.461,252.38,2,0
8473,503.006,200.728,2,0
8474,262.622,273.911,2,0
8475,88.7899,215.676,2,0
8476,291.128,55.8238,2,0
8477,223.841,58.4065,2,0
8478,37.4723,5.52696,2,0
8479,210.426,72.6286,2,0
8480,294.269,260.817,2,0
8481,246.649,266.002,2,0
8482,381.764,109.207,2,0
8483,292.518,71.4348,2,0
8484,462.758,21.7434,2,0
8485,332.627,283.651,2,0
8486,28.6928,121.468,2,0
8487,562.926,278.386,2,0
8488,440.854,276.771,2,0
8489,483.563,123.179,2,0
8490,90.1232,287.425,2,0
8491,405.859,201.339,2,0
8492,222.019,243.853,2,0
8493,588.392,88.256,2,0
8494,570.372,263.989,2,0
8495,283.136,276.703,2,0
8496,275.943,5.52346,2,0
8497,388.35,240.956,2,0
8498,9.12007,54.8934,2,0
8499,148.863,247.064,2,0
8500,130.975,46.6984,2,0
8501,547.042,46.5289,2,0
8502,559.332,140.353,2,0
8503,307.925,50.98,2,0
8504,44.8933,182.164,2,0
8505,82.2129,252.189,2,0
8506,113.78,71.3017,2,0
8507,242.573,134.276,2,0
8508,412.368,77.8215,2,0
8509,581.638,20.5335,2,0
8510,60.8746,224.91,2,0
8511,481.267,143.564,2,0
8512,339.87,195.892,2,0
8513,62.3344,256.934,2,0
8514,2.01678,231.853,2,0
8515,479.417,93.3192,2,0
8516,356.183,79.3243,2,0
8517,448.074,162.018,2,0
8518,398.975,191.328,2,0
8519,578.989,55.6907,2,0
8520,123.489,236.445,2,0
8521,319.214,101.632,2,0
8522,397.569,278.73,2,0
8523,197.191,144.936,2,0
8524,395.592,114.276,2,0
8525,497.98,262.412,2,0
8526,304.523,209.858,2,0
8527,570.849,162.823,2,0
8528,172.879,5.4473,2,0
8529,474.196,186.123,2,0
8530,271.815,152.86,2,0
8531,428.624,124.185,2,0
8532,75.9541,93.3259,2,0
8533,364.475,113.092,2,0
8534,64.5636,5.60141,2,0
8535,501.931,50.3604,2,0
8536,249.206,2,2,0
8537,241.59,172.966,2,0
8538,378.863,43.8794,2,0
8539,195.875,290.915,2,0
8540,498.79,47.9416,2,0
8541,20.8519,47.3748,2,0
8542,200.409,215.019,2,0
8543,38.4488,241.912,2,0
8544,270.354,261.423,2,0
8545,90.6958,201.237,2,0
8546,266.128,101.499,2,0
8547,183.85,298,2,0
8548,336.574,159.83,2,0
8549,31.1078,50.5383,2,0
8550,590.87,109.417,2,0
8551,252.751,105.591,2,0
8552,91.2377,190.467,2,0
8553,502.897,20.6811,2,0
8554,505.059,283.537,2,0
8555,585.332,273.446,2,0
8556,217.878,253.726,2,0
8557,20.7393,123.453,2,0
8558,456.508,103.141,2,0
8559,373.028,132.679,2,0
8560,127.524,75.151,2,0
8561,438.532,119.884,2,0
8562,476.86,253.026,2,0
8563,41.9393,240.707,2,0
8564,61.4176,180.575,2,0
8565,354.532,238.7,2,0
8566,586.303,162.757,2,0
8567,367.433,256.633,2,0
8568,380.454,290.575,2,0
8569,214.504,206.514,2,0
8570,140.451,104.44,2,0
8571,381.458,125.2,2,0
8572,473.265,159.639,2,0
8573,565.946,131.904,2,0
8574,471.077,152.223,2,0
8575,55.6953,128.604,2,0
8576,512.45,15.4845,2,0
8577,74.1214,11.885,2,0
8578,298.858,38.3184,2,0
8579,267.55,57.5224,2,0
8580,177.673,109.238,2,0
8581,330.703,269.709,2,0
8582,241.547,89.0063,2,0
8583,574.83,163.815,2,0
8584,163.264,146.106,2,0
8585,177.76,207.95,2,0
8586,163.999,202.769,2,0
8587,403.753,18.2685,2,0
8588,103.492,101.307,2,0
8589,175.811,13.0343,2,0
8590,292.706,246.586,2,0
8591,370.519,191.961,2,0
8592,484.497,176.509,2,0
8593,461.916,78.3987,2,0
8594,536.762,119.79,2,0
8595,62.9783,217.171,2,0
8596,323.243,91.6009,2,0
8597,555.052,46.1646,2,0
8598,3.08462,246.508,2,0
8599,451.359,38.407,2,0
8600,155.355,256.088,2,0
8601,312.376,150.179,2,0
8602,376.135,50.0928,2,0
8603,424.573,150.366,2,0
8604,192.207,82.9006,2,0
8605,29.3006,89.6836,2,0
8606,41.2679,249.581,2,0
8607,494.906,217.199,2,0
8608,424.913,231.799,2,0
8609,2.59126,155.76,2,0
8610,358.528,135.137,2,0
8611,540.159,165.969,2,0
8612,83.5371,146.836,2,0
8613,598.991,150.781,2,0
8614,84.8692,199.805,2,0
8615,337.477,51.0759,2,0
8616,495.749,169.963,2,0
8617,291.299,91.8445,2,0
8618,165.852,187.999,2,0
8619,173.679,207.563,2,0
8620,446.678,256.68,2,0
8621,451.935,173.486,2,0
8622,32.9667,256.292,2,0
8623,14.8122,168.892,2,0
8624,101.275,172.118,2,0
8625,318.953,171.422,2,0
8626,24.6963,40.2422,2,0
8627,249.861,287.284,2,0
8628,201.968,193.054,2,0
8629,306.74,288.998,2,0
8630,152.846,30.1567,2,0
8631,12.3923,76.4789,2,0
8632,35.5422,266.265,2,0
8633,338.429,76.4145,2,0
8634,108.676,41.8288,2,0
8635,308.455,123.633,2,0
8636,128.958,231.483,2,0
8637,521.936,6.44852,2,0
8638,574.213,63.491,2,0
8639,368.328,156.007,2,0
8640,75.8063,123.096,2,0
8641,132.637,272.317,2,0
8642,429.951,218.393,2,0
8643,266.975,174.117,2,0
8644,527.723,247.8,2,0
8645,74.0307,278.654,2,0
8646,379.073,221.335,2,0
8647,404.015,145.889,2,0
8648,340.361,43.4262,2,0
8649,51.3409,123.191,2,0
8650,204.248,65.9013,2,0
8651,509.812,174.553,2,0
8652,193.281,56.2946,2,0
8653,287.778,23.7064,2,0
8654,82.3165,105.627,2,0
8655,347.192,96.6207,2,0
8656,63.7679,115.863,2,0
8657,385.57,5.43115,2,0
8658,411.247,34.7999,2,0
8659,226.309,72.6224,2,0
8660,338.844,9.03228,2,0
8661,193.188,287.108,2,0
8662,517.658,69.2871,2,0
8663,4.33019,257.625,2,0
8664,239.595,298,2,0
8665,433.113,290.964,2,0
8666,81.018,42.08,2,0
8667,42.49,161.959,2,0
8668,316.498,273.279,2,0
8669,478.379,225.634,2,0
8670,243.384,75.1212,2,0
8671,345.984,72.7814,2,0
8672,92.1753,277.645,2,0
8673,358.13,270.296,2,0
8674,34.3333,184.625,2,0
8675,64.0017,213.336,2,0
8676,513.684,19.4045,2,0
8677,108.051,267.897,2,0
8678,499.219,74.594,2,0
8679,383.44,231.205,2,0
8680,279.497,195.037,2,0
8681,154.615,2,2,0
8682,385.548,202.558,2,0
8683,84.354,275.76,2,0
8684,338.197,238.737,2,0
8685,284.235,218.004,2,0
8686,239.694,148.629,2,0
8687,505.143,192.908,2,0
8688,34.5653,138.352,2,0
8689,283.127,41.2988,2,0
8690,315.059,47.6319,2,0
8691,216.379,168.334,2,0
8692,479.954,107.998,2,0
8693,157.07,137.813,2,0
8694,283.51,97.4042,2,0
8695,334.34,127.388,2,0
8696,464.715,222.373,2,0
8697,94.7163,151.075,2,0
8698,43.5456,153.915,2,0
8699,204.735,2,2,0
8700,376.206,218.433,2,0
8701,487.025,241.147,2,0
8702,475.162,138.576,2,0
8703,394.144,28.0147,2,0
8704,538.547,158.938,2,0
8705,305.878,192.179,2,0
8706,436.176,93.3339,2,0
8707,112.786,60.6534,2,0
8708,473.771,255.683,2,0
8709,335.752,188.953,2,0
8710,337.139,130.292,2,0
8711,85.6255,134.137,2,0
8712,81.6417,202.341,2,0
8713,80.0027,115.982,2,0
8714,44.5167,176.85,2,0
8715,100.57,249.367,2,0
8716,148.9,31.3527,2,0
8717,464.219,196.063,2,0
8718,223.518,211.765,2,0
8719,189.727,63.634,2,0
8720,142.335,271.82,2,0
8721,68.004,194.403,2,0
8722,80.578,87.8211,2,0
8723,205.697,112.573,2,0
8724,157.261,231.295,2,0
8725,277.13,245.549,2,0
8726,228.168,131.906,2,0
8727,270.521,115.495,2,0
8728,59.1935,171.626,2,0
8729,558.197,260.368,2,0
8730,355.114,16.0986,2,0
8731,136.629,234.444,2,0
8732,514.588,298,2,0
8733,496.02,41.4849,2,0
8734,205.286,116.598,2,0
8735,380.547,105.372,2,0
8736,534.133,138.284,2,0
8737,289.177,287.178,2,0
8738,297.568,118.357,2,0
8739,420.032,97.6064,2,0
8740,104.777,41.7935,2,0
8741,181.067,288.544,2,0
8742,569.944,120.388,2,0
8743,173.168,77.9854,2,0
8744,128.039,54.8931,2,0
8745,267.19,298,2,0
8746,110.269,150.124,2,0
8747,214.218,131.727,2,0
8748,252.206,38.4199,2,0
8749,369.261,5.57036,2,0
8750,244.416,186.335,2,0
8751,73.2677,232.672,2,0
8752,127.156,193.788,2,0
8753,85.2174,195.876,2,0
8754,442.813,97.7987,2,0
8755,509.194,28.9565,2,0
8756,397.449,234.757,2,0
8757,40.1812,23.1897,2,0
8758,185.065,287.643,2,0
8759,411.266,232.504,2,0
8760,315.362,197.596,2,0
8761,321.657,287.376,2,0
8762,81.0441,256.015,2,0
8763,472.443,91.6864,2,0
8764,238.869,191.613,2,0
8765,472.394,247.569,2,0
8766,518.18,63.3771,2,0
8767,537.986,202.571,2,0
8768,332.319,219.44,2,0
8769,217.889,200.313,2,0
8770,73.6674,126.593,2,0
8771,413.257,198.438,2,0
8772,412.339,172.769,2,0
8773,494.382,240.886,2,0
8774,455.07,199.807,2,0
8775,200.171,278.957,2,0
8776,295.488,133.324,2,0
8777,353.828,103.953,2,0
8778,209.197,244.955,2,0
8779,292.104,289.915,2,0
8780,296.398,208.734,2,0
8781,4.92398,55.0609,2,0
8782,548.98,149.68,2,0
8783,128.448,71.0677,2,0
8784,572.81,112.761,2,0
8785,230.936,142.367,2,0
8786,489.356,67.1808,2,0
8787,476.309,249.305,2,0
8788,38.2821,184.98,2,0
8789,85.3322,203.95,2,0
8790,589.449,279.911,2,0
8791,433.348,143.91,2,0
8792,563.919,236.459,2,0
8793,565.422,45.3157,2,0
8794,23.7665,273.874,2,0
8795,361.223,12.4503,2,0
8796,511.103,82.6509,2,0
8797,370.983,262.881,2,0
8798,125.014,52.2021,2,0
8799,516.217,225.119,2,0
8800,278.072,18.9305,2,0
8801,142.665,160.942,2,0
8802,153.68,100.956,2,0
8803,256.134,253.683,2,0
8804,432.293,26.663,2,0
8805,446.897,91.938,2,0
8806,584.057,294.486,2,0
8807,171.817,283.419,2,0
8808,564.603,81.016,2,0
8809,435.364,258.843,2,0
8810,64.1666,193.213,2,0
8811,524.581,44.752,2,0
8812,586.112,187.821,2,0
8813,53.9925,27.9401,2,0
8814,576.367,15.9165,2,0
8815,311.803,25.2172,2,0
8816,284.224,247.476,2,0
8817,90.6263,21.5554,2,0
8818,55.9577,167.693,2,0
8819,331.623,164.804,2,0
8820,362.507,239.788,2,0
8821,322.879,176.214,2,0
8822,324.32,261.237,2,0
8823,13.012,264.069,2,0
8824,385.905,109.802,2,0
8825,21.2135,5.50821,2,0
8826,216.632,191.345,2,0
8827,348.274,227.998,2,0
8828,94.7307,201.209,2,0
8829,449.042,134.351,2,0
8830,36.4743,231.532,2,0
8831,289.482,65.0766,2,0
8832,334.171,59.8466,2,0
8833,280.004,5.49828,2,0
8834,328.076,255.329,2,0
8835,423.464,135.824,2,0
8836,599.114,88.5804,2,0
8837,27.6105,100.207,2,0
8838,230.081,207.098,2,0
8839,437.87,248.427,2,0
8840,527.815,29.856,2,0
8841,271.639,209.179,2,0
8842,218.188,60.8757,2,0
8843,92.9264,248.45,2,0
8844,509.966,142.224,2,0
8845,224.033,115.137,2,0
8846,270.73,272.829,2,0
8847,311.511,62.4928,2,0
8848,191.579,257.94,2,0
8849,414.54,53.4989,2,0
8850,458.62,192.748,2,0
8851,234.374,64.8255,2,0
8852,23.5349,229.413,2,0
8853,37.5728,144.886,2,0
8854,112.775,175.832,2,0
8855,354.306,206.35,2,0
8856,599.758,282.632,2,0
8857,373.356,33.7389,2,0
8858,416.333,55.3204,2,0
8859,540.628,195.88,2,0
8860,408.488,204.602,2,0
8861,46.9431,140.41,2,0
8862,580.692,28.7966,2,0
8863,67.4886,53.2842,2,0
8864,101.803,142.589,2,0
8865,21.9222,154.866,2,0
8866,237.582,210.231,2,0
8867,569.772,56.7119,2,0
8868,563.509,189.549,2,0
8869,412.878,26.9678,2,0
8870,552.156,227.231,2,0
8871,334.679,64.0171,2,0
8872,109.469,164.861,2,0
8873,62.5718,150.287,2,0
8874,294.841,204.899,2,0
8875,35.498,160.889,2,0
8876,316.403,149.055,2,0
8877,96.6935,34.8388,2,0
8878,166.178,275.862,2,0
8879,448.479,260.334,2,0
8880,408.595,13.2242,2,0
8881,360.449,124.591,2,0
8882,453.279,298,2,0
8883,444.972,269.778,2,0
8884,13.6138,289.014,2,0
8885,94.2651,76.3365,2,0
8886,294.824,268.673,2,0
8887,515.444,245.454,2,0
8888,314.712,28.1806,2,0
8889,25.132,222.52,2,0
8890,233.499,96.321,2,0
8891,320.535,263.071,2,0
8892,540.674,119.149,2,0
8893,251.092,21.5195,2,0
8894,309.814,136.944,2,0
8895,542.416,242.392,2,0
8896,508.287,75.1101,2,0
8897,48.3572,45.5918,2,0
8898,150.359,273.13,2,0
8899,591.43,276.45,2,0
8900,328.824,298,2,0
8901,394.913,137.658,2,0
8902,3.59957,102.066,2,0
8903,239.459,44.7778,2,0
8904,55.7137,298,2,0
8905,282.084,156.236,2,0
8906,159.169,117.555,2,0
8907,165.075,71.3898,2,0
8908,354.198,199.279,2,0
8909,239.529,290.985,2,0
8910,284.994,113.921,2,0
8911,467.858,187.279,2,0
8912,473.59,216.073,2,0
8913,436.367,26.7788,2,0
8914,390.889,172.173,2,0
8915,548.082,249.624,2,0
8916,520.369,132.584,2,0
8917,238.659,27.1112,2,0
8918,479.696,37.1591,2,0
8919,342.359,74.6062,2,0
8920,14.1843,175.405,2,0
8921,104.659,205.003,2,0
8922,192.09,138.687,2,0
8923,442.522,16.0918,2,0
8924,594.853,108.247,2,0
8925,262.651,112.43,2,0
8926,236.95,113.726,2,0
8927,203.707,200.868,2,0
8928,573.098,224.898,2,0
8929,217.209,294.453,2,0
8930,474.946,196.888,2,0
8931,46.3605,35.7628,2,0
8932,354.015,269.977,2,0
8933,530.834,47.6788,2,0
8934,242.915,190.185,2,0
8935,491.011,218.334,2,0
8936,353.286,260.502,2,0
8937,517.507,247.416,2,0
8938,593.618,57.1661,2,0
8939,309.377,141.795,2,0
8940,265.511,214.375,2,0
8941,327.915,64.825,2,0
8942,566.585,294.496,2,0
8943,64.7235,223.904,2,0
8944,573.017,180.523,2,0
8945,517.712,48.7423,2,0
8946,88.719,156.264,2,0
8947,526.341,235.907,2,0
8948,196.425,246.804,2,0
8949,519.003,243.634,2,0
8950,168.005,203.319,2,0
8951,47.7936,206.489,2,0
8952,1.54072,62.6093,2,0
8953,287.211,276.292,2,0
8954,169.486,21.3312,2,0
8955,289.612,183.326,2,0
8956,551.731,152.756,2,0
8957,584.995,158.856,2,0
8958,245.73,161.537,2,0
8959,220.214,64.3963,2,0
8960,535.862,21.9307,2,0
8961,188.67,177.482,2,0
8962,166.3,18.622,2,0
8963,499.701,113.211,2,0
8964,390.088,244.569,2,0
8965,221.081,118.46,2,0
8966,553.996,145.072,2,0
8967,561.157,226.092,2,0
8968,575.688,210.75,2,0
8969,81.341,281.984,2,0
8970,68.21,291.438,2,0
8971,185.147,179.516,2,0
8972,132.137,228.979,2,0
8973,99.3602,153.322,2,0
8974,39.4957,171.033,2,0
8975,374.485,260.846,2,0
8976,476.985,157.74,2,0
8977,385.496,19.4753,2,0
8978,338.834,47.2098,2,0
8979,135.825,9.66106,2,0
8980,563.287,118.128,2,0
8981,254.037,285.933,2,0
8982,52.4356,241.482,2,0
8983,567.295,146.733,2,0
8984,526.051,287.535,2,0
8985,519.996,28.1098,2,0
8986,299.98,188.015,2,0
8987,527.494,174.949,2,0
8988,557.629,214.142,2,0
8989,258.153,94.7402,2,0
8990,368.57,202.653,2,0
8991,106.692,219.249,2,0
8992,164.849,64.284,2,0
8993,543.136,212.036,2,0
8994,121.792,255.565,2,0
8995,94.5673,30.8022,2,0
8996,474.577,98.5012,2,0
8997,298.295,96.2458,2,0
8998,73.3646,77.7927,2,0
8999,157.624,24.9553,2,0
9000,354.542,126.156,2,0
9001,158.603,285.225,2,0
9002,41.4444,103.908,2,0
9003,63.3815,154.356,2,0
9004,14.9585,86.9378,2,0
9005,349.859,104.582,2,0
9006,538.269,148.243,2,0
9007,465.339,143.207,2,0
9008,394.573,184.54,2,0
9009,541.224,162.074,2,0
9010,255.571,45.8862,2,0
9011,161.261,238.34,2,0
9012,93.0633,171.814,2,0
9013,542.243,147.436,2,0
9014,219.151,88.6624,2,0
9015,45.1695,81.5765,2,0
9016,103.408,97.257,2,0
9017,19.6126,162.255,2,0
9018,406.904,208.318,2,0
9019,562.228,179.225,2,0
9020,168.67,49.8891,2,0
9021,285.082,59.1192,2,0
9022,360.229,195.663,2,0
9023,15.0718,298,2,0
9024,361.982,36.4107,2,0
9025,389.237,67.7016,2,0
9026,331.027,265.649,2,0
9027,309.963,286.603,2,0
9028,172.529,268.79,2,0
9029,559.273,118.969,2,0
9030,63.1114,173.064,2,0
9031,200.405,180.824,2,0
9032,40.8746,70.8732,2,0
9033,305.646,254.215,2,0
9034,47.1873,66.9014,2,0
9035,271.403,187.98,2,0
9036,104.982,92.7052,2,0
9037,117.048,249.082,2,0
9038,130.499,268.853,2,0
9039,116.911,245,2,0
9040,552.691,116.706,2,0
9041,372.573,103.847,2,0
9042,424.906,108.441,2,0
9043,294.987,90.0417,2,0
9044,384.43,209.698,2,0
9045,221.651,222.983,2,0
9046,31.5998,124.363,2,0
9047,459.586,211.485,2,0
9048,291.115,104.52,2,0
9049,536.074,166.765,2,0
9050,21.8919,30.5273,2,0
9051,47.5713,144.371,2,0
9052,391.689,113.582,2,0
9053,39.0478,132.707,2,0
9054,68.2599,141.221,2,0
9055,491.62,93.5798,2,0
9056,242.412,102.669,2,0
9057,232.29,167.45,2,0
9058,29.9927,147.997,2,0
9059,48.894,183.082,2,0
9060,15.6373,183.704,2,0
9061,454.743,158.8,2,0
9062,297.333,28.5852,2,0
9063,327.588,165.457,2,0
9064,377.989,97.6426,2,0
9065,278.776,122.507,2,0
9066,63.5581,93.9846,2,0
9067,61.2707,90.5813,2,0
9068,89.3231,233.27,2,0
9069,578.413,189.84,2,0
9070,508.556,241.255,2,0
9071,508.379,158.168,2,0
9072,145.594,38.4457,2,0
9073,470.693,213.383,2,0
9074,371.415,136.39,2,0
9075,421.043,262.02,2,0
9076,68.6552,222.973,2,0
9077,517.943,90.9332,2,0
9078,285.437,254.515,2,0
9079,140.834,192.749,2,0
9080,285.892,154.979,2,0
9081,48.3932,170.959,2,0
9082,444.924,175.935,2,0
9083,49.6809,112.902,2,0
9084,441.1,298,2,0
9085,169.618,207.112,2,0
9086,408.759,188.372,2,0
9087,339.184,280.553,2,0
9088,250.805,196.539,2,0
9089,271.314,298,2,0
9090,560.702,82.3715,2,0
9091,545.087,201.577,2,0
9092,570.777,287.443,2,0
9093,215.394,123.611,2,0
9094,374.532,124.495,2,0
9095,105.392,157.871,2,0
9096,255.051,14.377,2,0
9097,151.753,155.188,2,0
9098,443.195,266.298,2,0
9099,452.509,224.46,2,0
9100,58.0127,21.0988,2,0
9101,346.697,135.401,2,0
9102,70.723,69.8569,2,0
9103,493.981,221.262,2,0
9104,378.275,271.243,2,0
9105,398.993,184.35,2,0
9106,65.153,209.309,2,0
9107,471.588,294.488,2,0
9108,228.967,2,2,0
9109,548.786,229.45,2,0
9110,566.812,49.2256,2,0
9111,144.207,208.159,2,0
9112,333.601,112.538,2,0
9113,65.1395,259.329,2,0
9114,443.161,65.0823,2,0
9115,428.821,69.0139,2,0
9116,18.998,86.6237,2,0
9117,477.404,229.623,2,0
9118,471.358,279.879,2,0
9119,505.995,279.471,2,0
9120,431.189,226.611,2,0
9121,399.617,58.1194,2,0
9122,539.919,78.2447,2,0
9123,172.32,35.6279,2,0
9124,515.861,200.301,2,0
9125,533.439,96.6507,2,0
9126,469.607,291.006,2,0
9127,7.18692,2,2,0
9128,79.9628,265.921,2,0
9129,508.788,282.349,2,0
9130,252.596,255.922,2,0
9131,416.586,268.742,2,0
9132,326.354,208.704,2,0
9133,554.255,181.591,2,0
9134,42.9704,200.484,2,0
9135,349.939,62.877,2,0
9136,124.504,5.50652,2,0
9137,331.713,188.94,2,0
9138,197.253,287.131,2,0
9139,305.854,130.673,2,0
9140,304.519,109.075,2,0
9141,114.815,52.6557,2,0
9142,535.244,83.4659,2,0
9143,85.0934,177.257,2,0
9144,192.525,16.4066,2,0
9145,325.198,133.215,2,0
9146,340.695,94.7804,2,0
9147,454.707,16.0875,2,0
9148,459.319,148.757,2,0
9149,268.4,126.782,2,0
9150,389.606,19.4298,2,0
9151,334.473,222.928,2,0
9152,178.46,101.108,2,0
9153,334.622,237.124,2,0
9154,524.356,18.3056,2,0
9155,560.598,243.758,2,0
9156,35.3919,298,2,0
9157,202.431,170.044,2,0
9158,9.45212,109.719,2,0
9159,276.848,25.6944,2,0
9160,255.346,140.359,2,0
9161,569.096,181.537,2,0
9162,501.773,16.7194,2,0
9163,322.57,2,2,0
9164,420.588,90.0145,2,0
9165,498.319,298,2,0
9166,187.252,189.421,2,0
9167,338.456,222.958,2,0
9168,408.379,77.1665,2,0
9169,160.961,97.5353,2,0
9170,404.986,28.932,2,0
9171,208.205,160.516,2,0
9172,269.804,142.338,2,0
9173,446.624,210.177,2,0
9174,375.196,90.038,2,0
9175,243.099,141.363,2,0
9176,118.594,95.529,2,0
9177,106.029,58.863,2,0
9178,587.552,77.8126,2,0
9179,497.893,242.92,2,0
9180,96.2429,20.1036,2,0
9181,541.244,200.085,2,0
9182,565.375,77.0402,2,0
9183,551.602,251.873,2,0
9184,493.109,65.637,2,0
9185,519.569,227.402,2,0
9186,497.41,194.808,2,0
9187,135.434,221.083,2,0
9188,186.912,52.9319,2,0
9189,526.955,252.399,2,0
9190,125.226,256.605,2,0
9191,210.422,43.8765,2,0
9192,265.112,184.562,2,0
9193,365.281,242.67,2,0
9194,356.731,262.55,2,0
9195,326.918,89.8743,2,0
9196,324.137,290.578,2,0
9197,127.12,30.9494,2,0
9198,201.666,189.025,2,0
9199,245.572,172.171,2,0
9200,385.484,147.864,2,0
9201,56.3634,155.487,2,0
9202,450.256,123.597,2,0
9203,130.943,14.818,2,0
9204,378.399,176.672,2,0
9205,453.496,166.244,2,0
9206,257.401,267.538,2,0
9207,456.731,208.452,2,0
9208,328.987,242.635,2,0
9209,557.631,79.627,2,0
9210,328.088,32.7742,2,0
9211,54.6821,179.793,2,0
9212,557.917,112.074,2,0
9213,50.0671,224.044,2,0
9214,468.117,45.2936,2,0
9215,307.043,68.2604,2,0
9216,582.014,298,2,0
9217,457.781,78.6315,2,0
9218,576.097,259.952,2,0
9219,314.082,247.658,2,0
9220,32.4811,194.155,2,0
9221,464.071,175.724,2,0
9222,561.562,215.578,2,0
9223,327.397,81.6927,2,0
9224,96.53,41.8089,2,0
9225,364.163,294.457,2,0
9226,81.0728,153.49,2,0
9227,414.67,265.088,2,0
9228,378.193,122.824,2,0
9229,580.009,59.551,2,0
9230,83.4791,62.6251,2,0
9231,508.998,229.079,2,0
9232,392.345,206.63,2,0
9233,537.729,224.663,2,0
9234,426.933,294.514,2,0
9235,132.769,259.6,2,0
9236,486.159,298,2,0
9237,582.331,82.7447,2,0
9238,300.464,209.47,2,0
9239,319.417,241.464,2,0
9240,381.847,68.2891,2,0
9241,128.812,191.017,2,0
9242,120.752,172.337,2,0
9243,274.378,112.872,2,0
9244,436.2,236.292,2,0
9245,547.774,28.8294,2,0
9246,542.111,115.151,2,0
9247,88.3604,85.4463,2,0
9248,205.177,285.334,2,0
9249,251.761,298,2,0
9250,594.187,164.62,2,0
9251,98.0464,89.8766,2,0
9252,69.725,268.923,2,0
9253,465.878,66.8563,2,0
9254,263.449,53.3779,2,0
9255,220.784,191.97,2,0
9256,357.5,47.8641,2,0
9257,27.8859,187.616,2,0
9258,567.147,174.372,2,0
9259,424.089,283.354,2,0
9260,269.871,2,2,0
9261,576.816,30.3581,2,0
9262,17.6601,130.352,2,0
9263,513.027,172.206,2,0
9264,592.189,86.9151,2,0
9265,19.059,116.563,2,0
9266,482.96,239.31,2,0
9267,377.232,64.2661,2,0
9268,6.80128,35.8962,2,0
9269,84.9803,214.022,2,0
9270,70.5711,80.7607,2,0
9271,24.7709,122.466,2,0
9272,163.303,234.912,2,0
9273,275.648,90.294,2,0
9274,199.234,172.611,2,0
9275,388.696,95.2347,2,0
9276,439.508,95.5649,2,0
9277,96.279,298,2,0
9278,271.044,55.407,2,0
9279,515.327,12.61,2,0
9280,538.638,179.972,2,0
9281,246.65,27.5298,2,0
9282,597.379,37.4183,2,0
9283,102.361,294.439,2,0
9284,52.8457,62.8387,2,0
9285,471.934,10.4113,2,0
9286,535.015,244.02,2,0
9287,473.853,200.781,2,0
9288,279.91,221.788,2,0
9289,62.5857,127.47,2,0
9290,519.99,298,2,0
9291,251.433,116.139,2,0
9292,263.33,195.147,2,0
9293,62.3527,57.9382,2,0
9294,218.241,233.074,2,0
9295,261.027,56.6761,2,0
9296,507.257,127.053,2,0
9297,166.957,67.7783,2,0
9298,328.329,117.266,2,0
9299,323.606,166.682,2,0
9300,544.617,72.9508,2,0
9301,578.938,287.47,2,0
9302,382.672,184.993,2,0
9303,33.8755,146.437,2,0
9304,164.454,26.6766,2,0
9305,451.988,184.14,2,0
9306,226.765,142.802,2,0
9307,281.245,294.445,2,0
9308,475.302,8.1074,2,0
9309,506.134,6.86636,2,0
9310,363.923,160.393,2,0
9311,545.939,5.38356,2,0
9312,405.165,9.5371,2,0
9313,190.669,268.776,2,0
9314,52.5338,131.241,2,0
9315,175.163,67.3534,2,0
9316,367.183,23.1452,2,0
9317,493.874,34.0253,2,0
9318,96.2163,27.0806,2,0
9319,223.345,298,2,0
9320,140.792,130.333,2,0
9321,82.9704,34.09,2,0
9322,110.773,45.4361,2,0
9323,108.448,275.773,2,0
9324,308.796,221.891,2,0
9325,548.324,290.986,2,0
9326,187.486,34.0562,2,0
9327,218.505,72.2837,2,0
9328,241.392,259.78,2,0
9329,388.439,210.899,2,0
9330,465.576,298,2,0
9331,65.827,27.8525,2,0
9332,488.397,24.402,2,0
9333,103.006,194.263,2,0
9334,410.295,166.006,2,0
9335,157.873,252.912,2,0
9336,435.494,122.774,2,0
9337,487.506,38.7903,2,0
9338,252.665,184.965,2,0
9339,395.565,125.962,2,0
9340,191.144,195.465,2,0
9341,537.46,255.105,2,0
9342,552.307,70.2095,2,0
9343,332.723,240.656,2,0
9344,36.3744,71.3294,2,0
9345,123.44,75.8831,2,0
9346,499.368,91.4381,2,0
9347,360.225,188.675,2,0
9348,126.6,2,2,0
9349,195.382,171.298,2,0
9350,233.539,174.311,2,0
9351,277.233,44.9251,2,0
9352,346.368,124.614,2,0
9353,388.798,188.272,2,0
9354,594.554,236.908,2,0
9355,326.455,97.869,2,0
9356,435.886,97.3686,2,0
9357,67.6319,226.911,2,0
9358,303.983,188.536,2,0
9359,309.413,32.9454,2,0
9360,33.3022,106.12,2,0
9361,19.1297,9.03707,2,0
9362,325.807,286.93,2,0
9363,166.802,53.5188,2,0
9364,147.566,265.615,2,0
9365,46.2237,60.1448,2,0
9366,305.133,272.403,2,0
9367,393.774,202.761,2,0
9368,61.6188,165.067,2,0
9369,302.552,82.2204,2,0
9370,262.131,220.914,2,0
9371,204.673,153.067,2,0
9372,199.388,271.921,2,0
9373,522.959,58.0177,2,0
9374,560.59,283.989,2,0
9375,374.459,265.043,2,0
9376,89.2179,246.705,2,0
9377,82.103,58.5653,2,0
9378,68.101,237.554,2,0
9379,142.948,143.213,2,0
9380,401.047,30.1204,2,0
9381,63.2825,131.596,2,0
9382,107.363,187.289,2,0
9383,185.811,294.557,2,0
9384,338.699,137.157,2,0
9385,587.088,33.7832,2,0
9386,548.276,283.848,2,0
9387,134.414,245.061,2,0
9388,528.995,138.877,2,0
9389,11.646,226.758,2,0
9390,431.917,106.807,2,0
9391,477.581,149.792,2,0
9392,577.042,73.6365,2,0
9393,555.379,249.788,2,0
9394,594.126,34.9679,2,0
9395,506.522,71.3957,2,0
9396,243.566,198.191,2,0
9397,235.064,56.7107,2,0
9398,546.887,168.263,2,0
9399,531.031,210.329,2,0
9400,279.562,180.977,2,0
9401,75.8154,144.057,2,0
9402,402.966,191.401,2,0
9403,443.581,110.533,2,0
9404,593.626,279.791,2,0
9405,290.262,223.325,2,0
9406,185.816,29.8938,2,0
9407,371.219,223.163,2,0
9408,295.738,50.0839,2,0
9409,178.316,39.1409,2,0
9410,576.802,290.944,2,0
9411,421.171,166.337,2,0
9412,327.297,150.796,2,0
9413,53.8862,69.786,2,0
9414,3.1812,58.8164,2,0
9415,218.314,204.431,2,0
9416,387.346,60.6344,2,0
9417,221.128,147.438,2,0
9418,471.739,123.182,2,0
9419,93.146,252.496,2,0
9420,168.265,25.4683,2,0
9421,457.247,188.731,2,0
9422,187.391,168.335,2,0
9423,291.748,136.586,2,0
9424,161.427,23.7916,2,0
9425,57.2797,51.445,2,0
9426,19.078,51.0095,2,0
9427,477.872,145.709,2,0
9428,115.817,239.162,2,0
9429,494.519,157.147,2,0
9430,556.028,2,2,0
9431,492.647,69.6373,2,0
9432,141.726,15.2159,2,0
9433,377.139,298,2,0
9434,261.195,191.652,2,0
9435,419.178,247.22,2,0
9436,485.064,142.07,2,0
9437,292.786,47.2884,2,0
9438,210.768,24.9595,2,0
9439,565.065,182.175,2,0
9440,169.3,183.086,2,0
9441,274.204,283.299,2,0
9442,214.49,214.751,2,0
9443,423.814,154.327,2,0
9444,400.295,120.571,2,0
9445,43.1229,67.5817,2,0
9446,63.7448,177.212,2,0
9447,13.4008,220.014,2,0
9448,345.886,170.917,2,0
9449,330.995,62.2795,2,0
9450,341.591,82.6706,2,0
9451,391.64,248.358,2,0
9452,90.991,194.46,2,0
9453,274.854,77.8396,2,0
9454,442.799,280.331,2,0
9455,224.446,139.508,2,0
9456,160.506,50.3152,2,0
9457,79.0194,182.498,2,0
9458,550.49,103.304,2,0
9459,449.962,191.398,2,0
9460,532.2,80.8543,2,0
9461,32.1731,206.326,2,0
9462,318.676,109.611,2,0
9463,197.801,119.862,2,0
9464,295.635,234.31,2,0
9465,263.372,266.083,2,0
9466,423.327,258.513,2,0
9467,322.517,243.966,2,0
9468,322.334,155.628,2,0
9469,369.643,45.9761,2,0
9470,110.728,83.1479,2,0
9471,266.82,113.719,2,0
9472,392.875,42.5948,2,0
9473,372.948,230.138,2,0
9474,309.701,17.4361,2,0
9475,290.27,268.676,2,0
9476,479.749,5.59591,2,0
9477,283.949,232.011,2,0
9478,396.551,241.781,2,0
9479,368.486,103.166,2,0
9480,493.478,257.068,2,0
9481,470.89,100.009,2,0
9482,318.955,105.579,2,0
9483,583.123,245.27,2,0
9484,407.94,2,2,0
9485,580.874,178.199,2,0
9486,12.5881,256.529,2,0
9487,6.6075,222.127,2,0
9488,154.601,22.1861,2,0
9489,190.438,5.5153,2,0
9490,344.197,228,2,0
9491,238.473,134.716,2,0
9492,30.8928,43.5694,2,0
9493,591.649,113.462,2,0
9494,523.371,168.941,2,0
9495,219.621,269.232,2,0
9496,77.0077,64.6742,2,0
9497,438.764,58.032,2,0
9498,265.516,198.633,2,0
9499,74.442,216.928,2,0
9500,436.38,5.55375,2,0
9501,151.895,120.952,2,0
9502,521.656,187.686,2,0
9503,470.913,287.087,2,0
9504,520.356,264.572,2,0
9505,465.303,179.636,2,0
9506,432.681,91.0418,2,0
9507,189.853,294.524,2,0
9508,350.484,136.991,2,0
9509,410.889,147.351,2,0
9510,8.48607,183.084,2,0
9511,577.39,115.741,2,0
9512,373.262,240.9,2,0
9513,68.9961,186.73,2,0
9514,62.1364,86.5416,2,0
9515,590.85,32.179,2,0
9516,267.601,61.5358,2,0
9517,193.176,207.139,2,0
9518,295.47,298,2,0
9519,487.984,48.6191,2,0
9520,246.467,82.6299,2,0
9521,460.009,185.771,2,0
9522,511.722,194.656,2,0
9523,574.327,103.872,2,0
9524,70.4028,41.5218,2,0
9525,160.331,184.29,2,0
9526,560.381,40.3694,2,0
9527,216.86,9.02257,2,0
9528,142.741,74.4162,2,0
9529,528.716,186.978,2,0
9530,155.795,277.626,2,0
9531,98.3585,23.525,2,0
9532,506.427,31.9728,2,0
9533,234.92,279.914,2,0
9534,159.622,31.8071,2,0
9535,42.1399,226,2,0
9536,366.961,42.8732,2,0
9537,188.251,265.496,2,0
9538,100.622,55.9995,2,0
9539,275.654,32.2433,2,0
9540,212.44,100.901,2,0
9541,508.168,258.219,2,0
9542,172.146,249.488,2,0
9543,582.412,262.992,2,0
9544,459.433,39.0628,2,0
9545,152.757,148.235,2,0
9546,405.556,190.927,2,0
9547,102.626,208.93,2,0
9548,386.461,279.015,2,0
9549,40.1311,107.894,2,0
9550,373.556,166.788,2,0
9551,169.083,283.511,2,0
9552,214.138,198.426,2,0
9553,63.6337,101.729,2,0
9554,383.253,60.6432,2,0
9555,181.029,111.741,2,0
9556,19.6713,144.786,2,0
9557,212.634,270.425,2,0
9558,87.5148,189.156,2,0
9559,506.507,119.943,2,0
9560,86.0076,235.592,2,0
9561,331.089,79.8292,2,0
9562,536.141,283.977,2,0
9563,404.391,76.5791,2,0
9564,375.774,290.341,2,0
9565,288.365,217.822,2,0
9566,100.607,260.08,2,0
9567,118.573,294.554,2,0
9568,300.179,5.46445,2,0
9569,374.414,184.851,2,0
9570,374.57,273.187,2,0
9571,89.6,96.012,2,0
9572,423.984,40.7493,2,0
9573,69.2828,25.2256,2,0
9574,555.371,177.422,2,0
9575,378.679,192.09,2,0
9576,228.57,263.501,2,0
9577,428.945,109.572,2,0
9578,108.358,298,2,0
9579,148.823,58.6468,2,0
9580,65.9134,46.0786,2,0
9581,123.272,169.08,2,0
9582,498.453,226.806,2,0
9583,559.924,86.3079,2,0
9584,406.147,101.814,2,0
9585,93.8533,273.916,2,0
9586,188.016,15.6367,2,0
9587,23.2619,9.11454,2,0
9588,348.287,216.929,2,0
9589,333.63,55.8271,2,0
9590,455.843,236.029,2,0
9591,223.675,258.85,2,0
9592,60.2613,239.613,2,0
9593,301.021,30.2078,2,0
9594,587.893,209.424,2,0
9595,440.264,215.147,2,0
9596,544.335,255.532,2,0
9597,120.277,14.1452,2,0
9598,254.267,25.7346,2,0
9599,144.082,182.526,2,0
9600,472.567,263.292,2,0
9601,135.487,70.751,2,0
9602,128.156,26.6228,2,0
9603,218.365,76.4517,2,0
9604,403.297,39.6666,2,0
9605,228.659,287.152,2,0
9606,105.026,278.136,2,0
9607,186.602,219.461,2,0
9608,191.052,72.2982,2,0
9609,226.957,161.125,2,0
9610,473.094,18.6218,2,0
9611,242.89,109.689,2,0
9612,328.395,180.708,2,0
9613,484.206,216.675,2,0
9614,576.715,111.633,2,0
9615,155.843,220.448,2,0
9616,576.455,217.609,2,0
9617,15.1294,191.628,2,0
9618,96.8879,131.135,2,0
9619,334.742,47.8956,2,0
9620,41.4697,294.512,2,0
9621,85.2674,82.5631,2,0
9622,418.205,163.554,2,0
9623,334.195,152.881,2,0
9624,598.243,66.8413,2,0
9625,210.138,241.092,2,0
9626,56.3887,32.9797,2,0
9627,502.421,298,2,0
9628,449.66,68.2372,2,0
9629,205.858,167.846,2,0
9630,298.702,88.1925,2,0
9631,553.001,27.7133,2,0
9632,187.049,147.755,2,0
9633,505.467,206.875,2,0
9634,593.046,160.73,2,0
9635,413.873,92.5106,2,0
9636,234.926,142.034,2,0
9637,194.539,117.302,2,0
9638,57.9168,69.1928,2,0
9639,203.362,271.456,2,0
9640,181.847,77.6899,2,0
9641,523.351,125.194,2,0
9642,578.862,220.812,2,0
9643,180.302,228.83,2,0
9644,189.659,276.401,2,0
9645,46.6127,194.449,2,0
9646,160.959,195.172,2,0
9647,240.656,259.553,2,0
9648,582.017,71.8694,2,0
9649,592.766,215.981,2,0
9650,332.753,12.4942,2,0
9651,11.2177,267.661,2,0
9652,201.188,145.636,2,0
9653,139.856,201.277,2,0
9654,119.123,262.692,2,0
9655,414.954,74.7341,2,0
9656,155.856,119.934,2,0
9657,515.464,196.334,2,0
9658,358.179,121.184,2,0
9659,244.265,99.0106,2,0
9660,501.935,228.903,2,0
9661,91.7484,153.622,2,0
9662,510.909,47.3632,2,0
9663,512.961,122.665,2,0
9664,191.566,34.3379,2,0
9665,501.114,259.81,2,0
9666,74.2153,98.4163,2,0
9667,599.28,59.0327,2,0
9668,449.889,138.424,2,0
9669,446.575,179.619,2,0
9670,244.541,239.814,2,0
9671,126.901,215.05,2,0
9672,207.971,255.782,2,0
9673,259.246,202.182,2,0
9674,559.369,230.035,2,0
9675,535.106,209.781,2,0
9676,119.253,43.6155,2,0
9677,273.946,108.733,2,0
9678,451.61,146.3,2,0
9679,1.38767,7.62385,2,0
9680,251.807,227.523,2,0
9681,24.2408,280.812,2,0
9682,454.991,128.87,2,0
9683,596.451,41.4836,2,0
9684,462.904,257.219,2,0
9685,338.655,215.716,2,0
9686,141.521,289.74,2,0
9687,152.255,208.698,2,0
9688,79.7196,21.4929,2,0
9689,500.367,158.847,2,0
9690,377.364,12.5764,2,0
9691,48.0345,125.731,2,0
9692,148.933,269.387,2,0
9693,24.9057,210.117,2,0
9694,419.992,41.0186,2,0
9695,94.6555,146.713,2,0
9696,238.693,55.0787,2,0
9697,522.606,241.81,2,0
9698,508.886,123.154,2,0
9699,423.963,104.484,2,0
9700,532.061,283.965,2,0
9701,558.741,247.37,2,0
9702,461.869,67.2523,2,0
9703,65.0191,185.581,2,0
9704,500.989,58.4759,2,0
9705,82.3589,79.8115,2,0
9706,309.394,182.445,2,0
9707,86.4505,98.7578,2,0
9708,40.3981,74.9237,2,0
9709,317.711,160.495,2,0
9710,12.424,148.217,2,0
9711,533.904,228.087,2,0
9712,383.973,241.861,2,0
9713,193.894,31.0545,2,0
9714,181.776,168.894,2,0
9715,538.037,280.384,2,0
9716,247.276,178.754,2,0
9717,51.2427,145.897,2,0
9718,371.222,99.9815,2,0
9719,354.422,224.515,2,0
9720,23.2691,240.114,2,0
9721,427.564,134.998,2,0
9722,435.606,232.215,2,0
9723,128.961,258.11,2,0
9724,447.177,75.5355,2,0
9725,512.836,281.139,2,0
9726,391.023,81.4284,2,0
9727,413.249,168.864,2,0
9728,467.902,239.698,2,0
9729,275.606,202.057,2,0
9730,512.576,100.965,2,0
9731,94.6785,71.4476,2,0
9732,532.579,43.9883,2,0
9733,286.118,269.129,2,0
9734,502.695,145.548,2,0
9735,556.022,87.6703,2,0
9736,433.459,255.257,2,0
9737,388.271,206.871,2,0
9738,54.8538,76.7446,2,0
9739,294.061,10.3501,2,0
9740,433.093,211.464,2,0
9741,441.278,262.713,2,0
9742,87.8787,130.615,2,0
9743,368.378,181.514,2,0
9744,283.734,23.1679,2,0
9745,356.413,235.071,2,0
9746,424.262,5.53937,2,0
9747,509.462,266.291,2,0
9748,521.161,31.9907,2,0
9749,490.249,259.458,2,0
9750,321.183,65.1311,2,0
9751,311.85,168.849,2,0
9752,222.833,143.747,2,0
9753,127.098,45.5631,2,0
9754,97.429,179.263,2,0
9755,538.148,137.509,2,0
9756,532.137,298,2,0
9757,279.648,279.025,2,0
9758,547.671,75.607,2,0
9759,98.7409,31.1831,2,0
9760,225.92,154.096,2,0
9761,277.647,110.459,2,0
9762,96.8649,197.685,2,0
9763,131.43,56.9129,2,0
9764,229.573,40.5243,2,0
9765,289.408,59.5734,2,0
9766,495.442,268.95,2,0
9767,58.7418,126.063,2,0
9768,535.325,134.421,2,0
9769,178.974,224.957,2,0
9770,180.277,189.627,2,0
9771,373.93,210.582,2,0
9772,525.03,121.265,2,0
9773,10.7463,260.712,2,0
9774,546.29,64.8897,2,0
9775,214.783,5.38634,2,0
9776,116.092,154.422,2,0
9777,67.875,108.797,2,0
9778,477.672,290.963,2,0
9779,580.455,15.9103,2,0
9780,253.268,268.312,2,0
9781,418.208,44.5987,2,0
9782,360.043,50.9769,2,0
9783,225.196,220.797,2,0
9784,269.403,224.66,2,0
9785,483.708,294.422,2,0
9786,432.32,40.7397,2,0
9787,153.259,158.915,2,0
9788,503.461,95.0762,2,0
9789,404.79,282.47,2,0
9790,135.229,188.491,2,0
9791,360.434,256.564,2,0
9792,426.167,2,2,0
9793,165.632,246.207,2,0
9794,305.809,203.058,2,0
9795,539.066,87.3842,2,0
9796,523.964,290.959,2,0
9797,150.599,54.992,2,0
9798,292.824,17.2578,2,0
9799,477.994,86.7586,2,0
9800,272.581,24.8287,2,0
9801,449.225,187.277,2,0
9802,355.247,33.8963,2,0
9803,60.762,250.237,2,0
9804,249.036,254.039,2,0
9805,316.048,226.618,2,0
9806,34.704,243.548,2,0
9807,399.335,198.672,2,0
9808,127.966,180.296,2,0
9809,321.418,30.5285,2,0
9810,273.275,294.366,2,0
9811,350.015,250.207,2,0
9812,501.429,245.004,2,0
9813,55.123,13.3734,2,0
9814,409.346,211.607,2,0
9815,528.859,99.1991,2,0
9816,154.477,197.968,2,0
9817,363.956,254.648,2,0
9818,339.002,287.556,2,0
9819,347.508,120.715,2,0
9820,212.397,277.508,2,0
9821,45.5218,214.304,2,0
9822,579.895,182.195,2,0
9823,42.4162,185.27,2,0
9824,200.967,40.9746,2,0
9825,49.4011,133.774,2,0
9826,346.034,199.374,2,0
9827,201.164,285.85,2,0
9828,473.452,34.4012,2,0
9829,390.483,157.462,2,0
9830,220.786,173.616,2,0
9831,323.998,136.972,2,0
9832,119.691,62.3016,2,0
9833,507.517,10.7481,2,0
9834,150.18,262.452,2,0
9835,378.493,118.763,2,0
9836,62.1686,46.8938,2,0
9837,356.419,131.618,2,0
9838,578.048,22.3276,2,0
9839,423.899,33.869,2,0
9840,194.076,243.537,2,0
9841,295.886,141.179,2,0
9842,432.271,19.5689,2,0
9843,79.8475,230.78,2,0
9844,98.6565,134.868,2,0
9845,596.584,13.283,2,0
9846,382.182,178.113,2,0
9847,593.606,52.2693,2,0
9848,368.409,195.556,2,0
9849,287.684,102.268,2,0
9850,237.735,41.0835,2,0
9851,240.447,203.779,2,0
9852,300.207,172.479,2,0
9853,214.418,72.9538,2,0
9854,302.045,224.084,2,0
9855,58.9518,36.2896,2,0
9856,183.8,280.784,2,0
9857,288.253,82.1098,2,0
9858,591.74,251.445,2,0
9859,148.549,104.306,2,0
9860,536.255,220.833,2,0
9861,97.0847,190.574,2,0
9862,228.017,190.997,2,0
9863,572.331,78.4826,2,0
9864,342.391,238.635,2,0
9865,313.003,84.9484,2,0
9866,508.831,233.15,2,0
9867,174.019,28.0732,2,0
9868,524.47,266.133,2,0
9869,351.814,273.372,2,0
9870,114.447,294.433,2,0
9871,250.27,25.4212,2,0
9872,444.714,54.4113,2,0
9873,118.34,254.164,2,0
9874,581.8,231.121,2,0
9875,533.94,280.403,2,0
9876,577.796,256.278,2,0
9877,126.717,9.01788,2,0
9878,350.128,246.056,2,0
9879,237.388,184.488,2,0
9880,64.2531,238.657,2,0
9881,299.151,263.287,2,0
9882,480.405,78.8704,2,0
9883,57.602,105.369,2,0
9884,226.308,92.8216,2,0
9885,211.436,248.492,2,0
9886,377.361,19.6226,2,0
9887,209.201,284.88,2,0
9888,550.731,78.2603,2,0
9889,316.312,277.319,2,0
9890,554.341,294.431,2,0
9891,203.973,221.066,2,0
9892,37.3005,105.039,2,0
9893,253.385,49.3082,2,0
9894,128.409,272.318,2,0
9895,112.955,27.4539,2,0
9896,46.1643,136.374,2,0
9897,211.606,28.9295,2,0
9898,235.672,124.345,2,0
9899,139.051,284.896,2,0
9900,372.05,159.192,2,0
9901,568.156,98.4802,2,0
9902,562.743,164.788,2,0
9903,45.6425,113.857,2,0
9904,108.44,19.6831,2,0
9905,505.193,2,2,0
9906,533.664,224.04,2,0
9907,395.106,82.0793,2,0
9908,196.888,213.121,2,0
9909,310.704,29.1651,2,0
9910,52.3087,216.323,2,0
9911,365.215,5.54923,2,0
9912,457.184,122.178,2,0
9913,188.437,84.2691,2,0
9914,480.303,232.529,2,0
9915,569.04,225.391,2,0
9916,110.491,23.1855,2,0
9917,220.348,140.499,2,0
9918,150.548,2,2,0
9919,364.199,174.595,2,0
9920,169.168,71.2324,2,0
9921,305.112,276.534,2,0
9922,524.771,143.663,2,0
9923,484.88,146.114,2,0
9924,470.325,212.493,2,0
9925,171.594,192.92,2,0
9926,79.1408,49.9397,2,0
9927,133.558,206.817,2,0
9928,291.69,186.767,2,0
9929,13.5908,18.3316,2,0
9930,89.0138,178.528,2,0
9931,393.533,5.51405,2,0
9932,196.686,100.196,2,0
9933,129.504,290.668,2,0
9934,59.7874,54.6474,2,0
9935,149.508,12.8163,2,0
9936,578.541,119.712,2,0
9937,439.405,233.813,2,0
9938,279.502,266.314,2,0
9939,246.12,127.021,2,0
9940,501.781,166.305,2,0
9941,176.161,204.238,2,0
9942,118.625,80.9976,2,0
9943,164.962,195.759,2,0
9944,31.6268,99.1765,2,0
9945,24.3892,135.113,2,0
9946,70.3113,277.034,2,0
9947,495.649,188.042,2,0
9948,307.423,155.284,2,0
9949,422.524,272.706,2,0
9950,248.566,185.715,2,0
9951,337.899,61.1053,2,0
9952,496.236,137.021,2,0
9953,363.667,281.059,2,0
9954,167.969,290.48,2,0
9955,333.625,94.3069,2,0
9956,584.228,234.455,2,0
9957,433.885,205.932,2,0
9958,247.406,199.58,2,0
9959,238.691,252.884,2,0
9960,129.019,155.572,2,0
9961,310.65,225.452,2,0
9962,292.781,67.3674,2,0
9963,574.798,294.496,2,0
9964,96.2653,127.106,2,0
9965,546.319,209.692,2,0
9966,425.507,146.422,2,0
9967,357.861,139.797,2,0
9968,385.772,87.6912,2,0
9969,109.756,106.29,2,0
9970,56.4025,44.2082,2,0
9971,194.456,107.912,2,0
9972,337.96,84.363,2,0
9973,19.7742,186.92,2,0
9974,454.404,50.1728,2,0
9975,4.63681,83.7677,2,0
9976,448.139,195.043,2,0
9977,78.5026,82.5195,2,0
9978,561.676,257.737,2,0
9979,177.626,145.65,2,0
9980,403.79,249.817,2,0
9981,374.421,278.772,2,0
9982,232.853,238.512,2,0
9983,559.653,100.669,2,0
9984,543.412,122.133,2,0
9985,26.759,176.946,2,0
9986,559.206,71.6263,2,0
9987,74.4067,228.788,2,0
9988,475.766,112.965,2,0
9989,381.651,255.591,2,0
9990,47.3159,253.212,2,0
9991,342.545,222.775,2,0
9992,583.355,125.519,2,0
9993,515.722,284.056,2,0
9994,189.965,261.803,2,0
9995,78.1714,53.9394,2,0
9996,390.541,286.01,2,0
9997,560.543,298,2,0
9998,175.201,271.926,2,0
9999,370.894,67.9299,2,0
10000,132.069,72.9359,2,0
10001,584.625,216.655,2,0
10002,233.788,208.566,2,0
10003,582.223,43.2403,2,0
10004,515.87,298,2,0
10005,565.952,91.7408,2,0
10006,309.838,203.602,2,0
10007,506.199,177.146,2,0
10008,225.201,147.014,2,0
10009,587.592,227.05,2,0
10010,487.89,190.046,2,0
10011,56.8144,62.2459,2,0
10012,392.137,223.154,2,0
10013,450.144,94.2528,2,0
10014,314.793,43.5134,2,0
10015,315.81,24.3296,2,0
10016,162.711,2,2,0
10017,337.802,192.427,2,0
10018,199.866,81.4582,2,0
10019,67.9823,212.213,2,0
10020,327.157,85.6896,2,0
10021,209.12,106.852,2,0
10022,486.589,60.8592,2,0
10023,549.534,233.49,2,0
10024,55.6171,108.866,2,0
10025,152.824,58.3968,2,0
10026,584.706,266.304,2,0
10027,149.391,251.042,2,0
10028,7.42587,65.5999,2,0
10029,543.645,29.2351,2,0
10030,53.3837,290.454,2,0
10031,333.382,27.725,2,0
10032,421.466,209.961,2,0
10033,340.355,181.652,2,0
10034,415.441,225.221,2,0
10035,407.31,45.6982,2,0
10036,477.754,2,2,0
10037,36.7379,119.54,2,0
10038,358.071,298,2,0
10039,155.588,266.892,2,0
10040,252.336,69.0587,2,0
10041,15.3345,187.614,2,0
10042,511.08,186.597,2,0
10043,173.641,114.947,2,0
10044,42.667,208.56,2,0
10045,426.374,142.475,2,0
10046,53.4398,212.364,2,0
10047,146.456,100.661,2,0
10048,174.811,9.09037,2,0
10049,393.872,174.882,2,0
10050,360.395,227.926,2,0
10051,227.343,278.568,2,0
10052,201.237,18.4223,2,0
10053,206.928,198.585,2,0
10054,132.107,136.955,2,0
10055,547.187,269.924,2,0
10056,244.181,223.602,2,0
10057,438.571,153.048,2,0
10058,451.253,220.446,2,0
10059,39.1935,252.899,2,0
10060,287.069,225.791,2,0
10061,322.81,37.4168,2,0
10062,405.803,80.42,2,0
10063,485.245,27.0311,2,0
10064,136.142,230.485,2,0
10065,400.978,298,2,0
10066,277.287,106.352,2,0
10067,452.538,260.446,2,0
10068,81.8966,14.7981,2,0
10069,476.297,142.398,2,0
10070,224.9,15.8971,2,0
10071,200.442,264.101,2,0
10072,427.709,153.096,2,0
10073,399.12,132.43,2,0
10074,277.524,251.53,2,0
10075,513.787,40.9807,2,0
10076,364.545,216.686,2,0
10077,452.141,161.908,2,0
10078,122.626,116.698,2,0
10079,588.183,234.175,2,0
10080,590.857,201.23,2,0
10081,469.966,66.5166,2,0
10082,404.229,119.346,2,0
10083,405.442,253.554,2,0
10084,352.824,77.2403,2,0
10085,353.489,48.3384,2,0
10086,265.344,147.858,2,0
10087,387.6,29.6265,2,0
10088,344.842,28.0154,2,0
10089,149.616,223.642,2,0
10090,201.52,138.025,2,0
10091,349.928,178.155,2,0
10092,121.647,198.102,2,0
10093,544.179,36.1581,2,0
10094,374.534,118.157,2,0
10095,300.537,153.775,2,0
10096,457.694,67.6999,2,0
10097,116.52,287.052,2,0
10098,571.657,196.694,2,0
10099,335.682,123.61,2,0
10100,565.689,257.296,2,0
10101,320.839,259.073,2,0
10102,166.631,13.3849,2,0
10103,195.566,257.536,2,0
10104,444.567,26.5338,2,0
10105,216.787,276.747,2,0
10106,528.31,82.1975,2,0
10107,548.122,164.308,2,0
10108,417.07,261.642,2,0
10109,162.246,152.986,2,0
10110,219.214,279.865,2,0
10111,277.248,207.538,2,0
10112,313.25,284.051,2,0
10113,181.424,107.582,2,0
10114,266.018,143.748,2,0
10115,17.8807,209.997,2,0
10116,310.747,66.4535,2,0
10117,449.982,202.951,2,0
10118,169.304,238.985,2,0
10119,374.267,128.778,2,0
10120,510.028,270.448,2,0
10121,124.662,252.494,2,0
10122,232.726,223.773,2,0
10123,558.079,144.21,2,0
10124,61.0014,61.8012,2,0
10125,39.3195,223.074,2,0
10126,185.146,105.972,2,0
10127,574.816,287.407,2,0
10128,39.3944,35.2457,2,0
10129,465.19,59.7854,2,0
10130,275.238,211.044,2,0
10131,430.325,2,2,0
10132,496.318,294.555,2,0
10133,339.57,122.609,2,0
10134,62.3778,208.029,2,0
10135,352.24,209.831,2,0
10136,466.979,84.8975,2,0
10137,23.6258,100.997,2,0
10138,524.042,2,2,0
10139,220.585,39.4252,2,0
10140,216.311,32.5876,2,0
10141,52.2743,73.5121,2,0
10142,238.807,180.517,2,0
10143,550.27,64.0471,2,0
10144,199.862,232.708,2,0
10145,365.847,95.4488,2,0
10146,566.048,121.29,2,0
10147,227.937,56.4061,2,0
10148,121.05,147.971,2,0
10149,92.1493,291.061,2,0
10150,307.794,26.201,2,0
10151,204.823,96.8137,2,0
10152,475.649,124.438,2,0
10153,239.944,99.4988,2,0
10154,483.742,54.3169,2,0
10155,473.113,190.015,2,0
10156,102.88,230.89,2,0
10157,329.235,192.108,2,0
10158,161.562,245.834,2,0
10159,243.734,247.901,2,0
10160,321.747,159.626,2,0
10161,506.017,173.06,2,0
10162,42.1407,45.9292,2,0
10163,516.008,229.194,2,0
10164,101.089,93.7678,2,0
10165,481.559,258.234,2,0
10166,588.073,20.2052,2,0
10167,73.3338,270.546,2,0
10168,101.442,179.359,2,0
10169,87.6961,298,2,0
10170,544.838,228.167,2,0
10171,419.951,213.678,2,0
10172,334.559,201.598,2,0
10173,444.354,129.18,2,0
10174,548.797,42.8788,2,0
10175,514.148,8.62921,2,0
10176,19.5541,65.1091,2,0
10177,25.5394,61.3528,2,0
10178,29.6499,61.2222,2,0
10179,274.056,136.677,2,0
10180,211.206,298,2,0
10181,19.8265,72.1662,2,0
10182,106.02,107.899,2,0
10183,547.85,60.7572,2,0
10184,37.4305,294.426,2,0
10185,2.07813,178.346,2,0
10186,42.771,78.3028,2,0
10187,521.522,47.4054,2,0
10188,110.552,9.00652,2,0
10189,125.764,108.816,2,0
10190,43.3305,246.092,2,0
10191,328.194,290.539,2,0
10192,177.053,56.6439,2,0
10193,407.087,122.318,2,0
10194,480.605,272.766,2,0
10195,379.433,9.0059,2,0
10196,159.548,65.7583,2,0
10197,146.171,261.817,2,0
10198,207.263,131.11,2,0
10199,209.379,110.931,2,0
10200,139.888,88.863,2,0
10201,268.061,86.899,2,0
10202,176.77,49.6306,2,0
10203,92.5807,57.0237,2,0
10204,227.554,150.353,2,0
10205,181.938,245.056,2,0
10206,410.188,119.501,2,0
10207,476.481,218.862,2,0
10208,503.952,34.1269,2,0
10209,474.831,72.9853,2,0
10210,561.994,64.1394,2,0
10211,301.502,191.735,2,0
10212,17.4557,61.6112,2,0
10213,347.388,24.7341,2,0
10214,299.075,205.598,2,0
10215,442.577,51.0224,2,0
10216,51.4058,94.9897,2,0
10217,155.379,227.665,2,0
10218,234.951,92.6186,2,0
10219,184.745,110.121,2,0
10220,173.74,231.791,2,0
10221,33.8418,166.888,2,0
10222,516.142,204.424,2,0
10223,374.605,199.025,2,0
10224,52.8543,258.647,2,0
10225,132.154,111.389,2,0
10226,104.357,237.82,2,0
10227,584.518,129.658,2,0
10228,38.5098,101.148,2,0
10229,139.691,274.992,2,0
10230,448.946,226.227,2,0
10231,465.824,268.274,2,0
10232,318.027,237.707,2,0
10233,204.289,278.452,2,0
10234,345.288,291.099,2,0
10235,237.231,145.316,2,0
10236,396.291,75.283,2,0
10237,469.575,129.696,2,0
10238,517.775,287.482,2,0
10239,560.059,2,2,0
10240,308.535,12.6864,2,0
10241,475.652,245.189,2,0
10242,109.872,72.4156,2,0
10243,172.115,88.2655,2,0
10244,416.249,171.514,2,0
10245,179.497,241.7,2,0
10246,135.403,226.352,2,0
10247,358.578,284.799,2,0
10248,573.857,130.356,2,0
10249,337.629,88.4085,2,0
10250,175.512,242.191,2,0
10251,528.123,87.2182,2,0
10252,10.8117,87.0633,2,0
10253,29.1597,107.019,2,0
10254,93.285,103.178,2,0
10255,520.498,175.581,2,0
10256,369.292,241.893,2,0
10257,69.8698,171.868,2,0
10258,98.313,294.453,2,0
10259,271.342,39.0222,2,0
10260,495.746,2,2,0
10261,537.049,259.182,2,0
10262,154.226,47.1962,2,0
10263,479.657,124.119,2,0
10264,559.574,52.9402,2,0
10265,523.653,69.1578,2,0
10266,294.866,54.118,2,0
10267,222.643,90.6353,2,0
10268,470.616,184.298,2,0
10269,281.811,77.1715,2,0
10270,594.46,65.3148,2,0
10271,71.0153,14.4826,2,0
10272,429.75,213.972,2,0
10273,513.684,140.628,2,0
10274,572.114,184.48,2,0
10275,502.034,224.902,2,0
10276,341.429,50.3792,2,0
10277,581.654,200.648,2,0
10278,556.845,242.021,2,0
10279,520.774,76.7308,2,0
10280,39.5849,194.323,2,0
10281,573.536,200.391,2,0
10282,533.044,26.0018,2,0
10283,265.958,226.887,2,0
10284,596.757,215.228,2,0
10285,432.766,110.855,2,0
10286,190.1,244.038,2,0
10287,569.909,131.044,2,0
10288,320.274,234.112,2,0
10289,232.475,262.328,2,0
10290,189.593,131.121,2,0
10291,280.365,243.12,2,0
10292,71.5182,298,2,0
10293,544.547,107.614,2,0
10294,136.495,261.089,2,0
10295,253.489,9.13035,2,0
10296,500.519,84.5114,2,0
10297,151.882,201.206,2,0
10298,264.949,152.037,2,0
10299,162.624,286.027,2,0
10300,442.476,2,2,0
10301,193.284,129.521,2,0
10302,366.365,119.678,2,0
10303,105.561,233.879,2,0
10304,141.841,248.053,2,0
10305,105.853,73.5302,2,0
10306,302.025,179.543,2,0
10307,428.065,167.693,2,0
10308,0.534901,213.644,2,0
10309,172.921,56.8394,2,0
10310,108.288,236.815,2,0
10311,124.404,27.85,2,0
10312,304.8,121.919,2,0
10313,126.45,158.887,2,0
10314,273.481,198.54,2,0
10315,93.0733,190.534,2,0
10316,65.2736,205.108,2,0
10317,530.528,250.569,2,0
10318,504.226,196.808,2,0
10319,519.192,103.729,2,0
10320,373.775,151.25,2,0
10321,70.1735,130.555,2,0
10322,241.055,226.181,2,0
10323,158.36,46.9084,2,0
10324,219.301,68.2911,2,0
10325,386.833,191.927,2,0
10326,207.401,206.779,2,0
10327,285.903,122.042,2,0
10328,484.235,50.1592,2,0
10329,42.2936,276.34,2,0
10330,348.52,242.328,2,0
10331,78.9251,141.3,2,0
10332,338.102,151.826,2,0
10333,150.465,107.912,2,0
10334,11.1848,116.619,2,0
10335,345.214,128.53,2,0
10336,553.579,170.443,2,0
10337,151.927,294.445,2,0
10338,545.565,205.59,2,0
10339,214.702,24.1702,2,0
10340,248.44,164.719,2,0
10341,532.056,8.96161,2,0
10342,589.282,272.929,2,0
10343,207.4,179.883,2,0
10344,456.886,136.78,2,0
10345,377.498,214.572,2,0
10346,331.13,120.214,2,0
10347,408.738,140.654,2,0
10348,271.552,80.1339,2,0
10349,593.915,29.4692,2,0
10350,135.843,37.1388,2,0
10351,278.22,118.524,2,0
10352,419.143,86.1989,2,0
10353,513.239,267.82,2,0
10354,307.581,298,2,0
10355,36.7759,20.9628,2,0
10356,519.243,253.645,2,0
10357,532.5,188.752,2,0
10358,189.881,213.327,2,0
10359,509.343,212.871,2,0
10360,281.92,73.2328,2,0
10361,542.214,84.7706,2,0
10362,566.606,72.6845,2,0
10363,345.086,298,2,0
10364,280.041,145.877,2,0
10365,229.292,146.07,2,0
10366,309.872,78.4977,2,0
10367,297.733,42.2022,2,0
10368,411.258,161.922,2,0
10369,77.9059,126.63,2,0
10370,86.2361,239.736,2,0
10371,95.5317,155.045,2,0
10372,512.501,202.534,2,0
10373,437.246,194.633,2,0
10374,31.9984,236.741,2,0
10375,251.575,239.745,2,0
10376,479.202,64.2419,2,0
10377,467.774,97.2118,2,0
10378,157.605,126.932,2,0
10379,335.385,196.271,2,0
10380,81.8231,216.399,2,0
10381,30.3705,128.331,2,0
10382,164.834,91.7344,2,0
10383,515.227,83.303,2,0
10384,86.8729,20.2679,2,0
10385,513.74,129.672,2,0
10386,492.235,43.0028,2,0
10387,14.5275,37.1172,2,0
10388,533.872,105.543,2,0
10389,196.139,175.277,2,0
10390,291.028,250.435,2,0
10391,315.458,51.6344,2,0
10392,44.4173,279.846,2,0
10393,72.1732,73.8252,2,0
10394,103.11,241.628,2,0
10395,540.041,21.6271,2,0
10396,514.148,44.943,2,0
10397,2.0537,22.5757,2,0
10398,17.3196,134.379,2,0
10399,395.726,248.975,2,0
10400,508.772,3.80548,2,0
10401,132.532,6.87359,2,0
10402,25.2741,54.3712,2,0
10403,74.8585,16.0502,2,0
10404,531.81,156.741,2,0
10405,347.735,273.246,2,0
10406,481.446,74.5927,2,0
10407,406.896,239.44,2,0
10408,343.932,188.844,2,0
10409,120.573,5.61696,2,0
10410,15.2294,238.303,2,0
10411,181.667,81.8274,2,0
10412,457.239,94.7651,2,0
10413,388.318,84.4124,2,0
10414,534.127,294.51,2,0
10415,92.8901,67.8345,2,0
10416,33.1455,262.962,2,0
10417,294.835,144.499,2,0
10418,217.722,154.784,2,0
10419,316.042,59.732,2,0
10420,588.758,241.125,2,0
10421,108.092,118.429,2,0
10422,351.26,119.218,2,0
10423,530.234,226.109,2,0
10424,247.758,221.548,2,0
10425,58.4284,58.4042,2,0
10426,33.4159,54.0258,2,0
10427,245.194,2,2,0
10428,493.502,61.5934,2,0
10429,306.342,80.4218,2,0
10430,69.7456,37.5292,2,0
10431,500.66,31.6607,2,0
10432,303.151,206.096,2,0
10433,359.108,8.92844,2,0
10434,35.0366,164.834,2,0
10435,174.917,200.246,2,0
10436,420.519,55.1112,2,0
10437,420.31,276.12,2,0
10438,155.921,288.34,2,0
10439,529.73,106.169,2,0
10440,453.562,96.5452,2,0
10441,481.313,228.407,2,0
10442,213.933,194.287,2,0
10443,155.214,180.004,2,0
10444,515.495,255.221,2,0
10445,567.512,189.564,2,0
10446,11.601,72.5353,2,0
10447,230.252,135.377,2,0
10448,511.978,164.094,2,0
10449,594.61,181.293,2,0
10450,525.874,60.5771,2,0
10451,214.039,61.2513,2,0
10452,549.895,113.546,2,0
10453,563.147,37.4469,2,0
10454,114.551,82.0093,2,0
10455,493.147,130.559,2,0
10456,599.62,15.9165,2,0
10457,428.188,19.5682,2,0
10458,76.0436,109.04,2,0
10459,355.615,280.606,2,0
10460,8.97468,164.423,2,0
10461,244.676,106.022,2,0
10462,262.819,174.038,2,0
10463,507.112,67.45,2,0
10464,538.184,294.441,2,0
10465,120.619,58.3789,2,0
10466,320.393,212.401,2,0
10467,502.302,116.373,2,0
10468,457.187,35.681,2,0
10469,44.3447,74.589,2,0
10470,268.61,287.329,2,0
10471,14.6376,203.699,2,0
10472,586.233,81.6699,2,0
10473,336.557,205.116,2,0
10474,581.883,147.24,2,0
10475,36.8105,287.249,2,0
10476,366.326,191.983,2,0
10477,88.3505,211.58,2,0
10478,454.524,191.84,2,0
10479,548.624,117.494,2,0
10480,63.3985,11.6962,2,0
10481,554.357,93.0355,2,0
10482,265.83,24.1755,2,0
10483,21.9859,195.91,2,0
10484,396.915,177.581,2,0
10485,438.459,9.08843,2,0
10486,503.793,64.8761,2,0
10487,38.6322,283.661,2,0
10488,360.365,209.76,2,0
10489,134.642,159.899,2,0
10490,42.8732,236.77,2,0
10491,326.667,2,2,0
10492,560.081,207.551,2,0
10493,7.3736,13.1504,2,0
10494,29.5054,28.1609,2,0
10495,223.938,62.3851,2,0
10496,47.5813,2,2,0
10497,109.467,183.831,2,0
10498,423.973,199.494,2,0
10499,345.932,269.617,2,0
10500,108.97,283.787,2,0
10501,260.039,270.735,2,0
10502,210.482,291.406,2,0
10503,151.146,144.354,2,0
10504,445.732,228.876,2,0
10505,150.138,77.6691,2,0
10506,398.908,256.449,2,0
10507,453.265,290.958,2,0
10508,43.8,56.949,2,0
10509,582.717,39.2827,2,0
10510,292.242,6.61061,2,0
10511,193.373,162.875,2,0
10512,6.80143,152.943,2,0
10513,65.1947,86.7304,2,0
10514,537.98,126.734,2,0
10515,521.733,92.2709,2,0
10516,397.773,79.1049,2,0
10517,561.941,121.965,2,0
10518,169.9,32.4275,2,0
10519,271.88,5.5248,2,0
10520,302.571,51.7703,2,0
10521,245.789,71.8485,2,0
10522,362.388,25.7626,2,0
10523,342.776,70.5303,2,0
10524,298.126,147.08,2,0
10525,298.471,92.1874,2,0
10526,334.76,263.982,2,0
10527,308.371,43.0088,2,0
10528,331.32,195.688,2,0
10529,520.966,268.546,2,0
10530,571.996,137.225,2,0
10531,392.083,16.2878,2,0
10532,208.574,188.161,2,0
10533,447.018,273.393,2,0
10534,210.821,204.53,2,0
10535,469.65,231.896,2,0
10536,528.387,63.7942,2,0
10537,583.485,227.55,2,0
10538,558.794,165.772,2,0
10539,430.661,287.277,2,0
10540,459.362,286.507,2,0
10541,132.14,255.544,2,0
10542,470.971,197.906,2,0
10543,581.713,172.223,2,0
10544,595.262,244.091,2,0
10545,11.4788,189.43,2,0
10546,202.816,22.272,2,0
10547,512.357,231.186,2,0
10548,433.612,70.9952,2,0
10549,86.6844,261.228,2,0
10550,4.23842,128.503,2,0
10551,124.256,89.0982,2,0
10552,416.454,138.278,2,0
10553,187.985,103.069,2,0
10554,181.049,63.7026,2,0
10555,514.258,33.9065,2,0
10556,316.209,212.52,2,0
10557,415.651,107.068,2,0
10558,227.8,36.8513,2,0
10559,76.2408,46.9826,2,0
10560,417.996,93.2161,2,0
10561,446.975,57.9124,2,0
10562,94.2157,23.5104,2,0
10563,90.1695,60.158,2,0
10564,288.183,161.622,2,0
10565,63.9013,54.0296,2,0
10566,231.804,192.53,2,0
10567,187.378,22.7277,2,0
10568,114.545,294.603,2,0
10569,543.59,143.49,2,0
10570,370.628,71.987,2,0
10571,536.572,130.574,2,0
10572,64.837,293.748,2,0
10573,281.616,191.534,2,0
10574,438.75,280.39,2,0
10575,60.3195,283.978,2,0
10576,29.1379,156.034,2,0
10577,476.763,161.871,2,0
10578,167.4,106.166,2,0
10579,563.52,150.228,2,0
10580,19.0592,213.9,2,0
10581,7.42649,117.939,2,0
10582,340.779,31.0545,2,0
10583,24.7836,233.277,2,0
10584,15.0921,2,2,0
10585,329.565,157.679,2,0
10586,130.31,196.363,2,0
10587,158.048,216.986,2,0
10588,281.529,133.876,2,0
10589,8.78209,47.9014,2,0
10590,176.321,249.078,2,0
10591,238.494,59.0191,2,0
10592,90.5682,208.131,2,0
10593,487.681,20.3228,2,0
10594,117.514,198.468,2,0
10595,550.796,268.073,2,0
10596,494.278,252.995,2,0
10597,125.116,37.7661,2,0
10598,339.16,68.2501,2,0
10599,279.118,55.4623,2,0
10600,352.311,228.052,2,0
10601,364.323,220.87,2,0
10602,425.901,180.631,2,0
10603,146.789,161.546,2,0
10604,278.603,29.3318,2,0
10605,364.452,167.412,2,0
10606,402.865,208.943,2,0
10607,233.604,163.624,2,0
10608,491.562,2,2,0
10609,269.172,170.304,2,0
10610,424.807,123.118,2,0
10611,50.4589,197.638,2,0
10612,252.057,86.9197,2,0
10613,216.75,46.8168,2,0
10614,386.1,298,2,0
10615,281.188,51.9857,2,0
10616,84.7855,154.87,2,0
10617,157.225,281.426,2,0
10618,369.035,139.767,2,0
10619,523.714,277.021,2,0
10620,462.349,108.716,2,0
10621,203.584,178.39,2,0
10622,112.714,75.236,2,0
10623,166.906,164.482,2,0
10624,417.72,82.4209,2,0
10625,378.036,267.154,2,0
10626,22.7146,291.286,2,0
10627,360.51,90.9322,2,0
10628,287.131,175.748,2,0
10629,553.873,212.605,2,0
10630,379.293,90.2885,2,0
10631,200.532,98.6917,2,0
10632,456.439,151.618,2,0
10633,284.706,109.601,2,0
10634,132.141,265.058,2,0
10635,440.306,83.4619,2,0
10636,416.267,275.853,2,0
10637,559.854,60.5399,2,0
10638,105.247,190.746,2,0
10639,287.146,55.6154,2,0
10640,205.601,138.842,2,0
10641,54.4788,2,2,0
10642,15.7275,274.445,2,0
10643,551.498,74.2367,2,0
10644,406.977,129.97,2,0
10645,139.682,220.098,2,0
10646,359.168,149.733,2,0
10647,285.304,79.252,2,0
10648,586.967,269.606,2,0
10649,360.29,264.831,2,0
10650,262.817,103.953,2,0
10651,492.207,142.725,2,0
10652,597.986,254.529,2,0
10653,588.949,16.2617,2,0
10654,176.056,125.44,2,0
10655,125.644,197.601,2,0
10656,432.622,54.8004,2,0
10657,587.599,290.508,2,0
10658,484.593,150.249,2,0
10659,136.173,82.9268,2,0
10660,282.026,69.1364,2,0
10661,336.916,5.44059,2,0
10662,174.292,275.763,2,0
10663,461.52,298,2,0
10664,172.375,127.127,2,0
10665,173.303,185.384,2,0
10666,441.901,204.03,2,0
10667,338.999,72.4348,2,0
10668,357.876,37.1718,2,0
10669,327.851,246.42,2,0
10670,35.6985,16.9049,2,0
10671,174.185,298,2,0
10672,467.252,101.751,2,0
10673,337.002,100.697,2,0
10674,346.215,231.646,2,0
10675,265.763,135.785,2,0
10676,139.129,72.591,2,0
10677,356.911,258.509,2,0
10678,12.7854,144.171,2,0
10679,269.392,35.4542,2,0
10680,108.919,27.7869,2,0
10681,507.577,63.3375,2,0
10682,364.007,67.6144,2,0
10683,449.157,269.841,2,0
10684,470.403,133.662,2,0
10685,134.427,195.542,2,0
10686,96.4165,211.803,2,0
10687,219.121,50.2847,2,0
10688,252.082,29.1112,2,0
10689,499.767,169.836,2,0
10690,130.748,126.171,2,0
10691,155.445,173.389,2,0
10692,15.0855,213.051,2,0
10693,451.05,249.868,2,0
10694,490.624,254.983,2,0
10695,247.028,52.2135,2,0
10696,533.904,33.3011,2,0
10697,529.907,23.5385,2,0
10698,498.364,291.027,2,0
10699,577.481,47.8243,2,0
10700,367.187,60.8607,2,0
10701,346.676,56.6257,2,0
10702,55.1479,244.357,2,0
10703,246.177,95.3751,2,0
10704,82.3813,161.461,2,0
10705,446.132,232.869,2,0
10706,183.476,122.283,2,0
10707,574.246,23.8462,2,0
10708,523.002,225.414,2,0
10709,535.879,155.931,2,0
10710,88.3568,276.018,2,0
10711,508.41,245.359,2,0
10712,273.921,28.6107,2,0
10713,327.912,259.354,2,0
10714,133.785,166.852,2,0
10715,116.221,178.159,2,0
10716,502.515,120.454,2,0
10717,422.489,143.747,2,0
10718,258.769,156.292,2,0
10719,74.2681,40.2891,2,0
10720,224.783,285.623,2,0
10721,258.136,285.42,2,0
10722,462.8,264.213,2,0
10723,511.939,111.574,2,0
10724,456.985,253.611,2,0
10725,122.875,216.047,2,0
10726,546.882,79.7027,2,0
10727,537.802,173.784,2,0
10728,177.98,141.075,2,0
10729,150.602,179.715,2,0
10730,174.748,252.758,2,0
10731,193.542,219.265,2,0
10732,253.826,119.472,2,0
10733,308.554,210.671,2,0
10734,138.891,142.781,2,0
10735,163.581,227.904,2,0
10736,88.8125,280.15,2,0
10737,167.411,257.516,2,0
10738,50.3659,59.4524,2,0
10739,491.72,47.0548,2,0
10740,244.94,227.69,2,0
10741,401.332,212.669,2,0
10742,91.9075,10.8064,2,0
10743,148.73,258.596,2,0
10744,561.087,157.842,2,0
10745,5.28031,202.391,2,0
10746,103.245,154.374,2,0
10747,145.247,118.726,2,0
10748,399.228,151.102,2,0
10749,81.0315,27.4366,2,0
10750,189.333,162.288,2,0
10751,109.18,110.353,2,0
10752,294.594,98.0949,2,0
10753,85.977,181.251,2,0
10754,598.138,165.555,2,0
10755,42.861,178.474,2,0
10756,71.0817,285.146,2,0
10757,341.925,199.415,2,0
10758,393.702,227.05,2,0
10759,46.1061,88.5782,2,0
10760,538.841,169.898,2,0
10761,447.209,242.659,2,0
10762,141.619,46.188,2,0
10763,288.139,34.3635,2,0
10764,223.336,254.71,2,0
10765,132.411,97.3165,2,0
10766,260.413,122.426,2,0
10767,270.195,134.357,2,0
10768,499.284,143.367,2,0
10769,263.996,67.5127,2,0
10770,164.248,42.9568,2,0
10771,41.2127,174.77,2,0
10772,527.611,67.7767,2,0
10773,168.468,89.933,2,0
10774,316.153,233.962,2,0
10775,351.078,8.96027,2,0
10776,373.858,107.7,2,0
10777,390.954,294.085,2,0
10778,432.262,12.5917,2,0
10779,311.537,113.337,2,0
10780,458.456,49.869,2,0
10781,121.608,183.075,2,0
10782,82.7855,142.887,2,0
10783,315.771,99.3179,2,0
10784,30.1231,277.074,2,0
10785,539.036,111.991,2,0
10786,96.7485,57.2615,2,0
10787,325.98,201.627,2,0
10788,212.803,9.11153,2,0
10789,178.122,274.855,2,0
10790,227.026,117.885,2,0
10791,506.365,268.965,2,0
10792,481.479,100.002,2,0
10793,135.27,283.268,2,0
10794,534.129,248.738,2,0
10795,406.47,134.106,2,0
10796,363.043,87.8419,2,0
10797,320.161,219.509,2,0
10798,77.1484,151.994,2,0
10799,387.539,8.95074,2,0
10800,40.0173,141.558,2,0
10801,594.51,211.757,2,0
10802,153.093,51.0717,2,0
10803,263.556,209.181,2,0
10804,354.101,122.061,2,0
10805,62.4622,200.031,2,0
10806,404.045,179.212,2,0
10807,295.103,129.201,2,0
10808,203.983,80.703,2,0
10809,166.036,39.2937,2,0
10810,430.763,65.4026,2,0
10811,235.761,99.7605,2,0
10812,568.266,42.198,2,0
10813,475.439,222.755,2,0
10814,80.3907,269.983,2,0
10815,289.666,153.441,2,0
10816,299.427,231.209,2,0
10817,194.107,121.413,2,0
10818,58.0593,86.9599,2,0
10819,233.397,120.973,2,0
10820,214.072,273.669,2,0
10821,529.151,78.2471,2,0
10822,446.668,37.1527,2,0
10823,61.9481,97.6717,2,0
10824,299.727,157.809,2,0
10825,253.857,72.8593,2,0
10826,77.4172,78.6192,2,0
10827,216.939,138.184,2,0
10828,353.699,291.135,2,0
10829,508.643,237.15,2,0
10830,495.083,80.1962,2,0
10831,433.172,83.0169,2,0
10832,35.8725,64.5019,2,0
10833,29.8782,238.083,2,0
10834,597.488,222.748,2,0
10835,549.964,5.4057,2,0
10836,509.612,154.285,2,0
10837,350.296,231.582,2,0
10838,577.246,106.644,2,0
10839,46.6663,31.6824,2,0
10840,322.737,140.973,2,0
10841,395.933,36.1541,2,0
10842,330.697,294.366,2,0
10843,154.781,54.8163,2,0
10844,101.678,113.498,2,0
10845,155.073,211.8,2,0
10846,196.545,9.3096,2,0
10847,525.778,223.594,2,0
10848,366.255,178.061,2,0
10849,543.841,76.9431,2,0
10850,150.541,86.1854,2,0
10851,444.702,253.105,2,0
10852,326.35,169.819,2,0
10853,503.427,38.2282,2,0
10854,598.236,92.4918,2,0
10855,151.484,240.556,2,0
10856,579.054,245.547,2,0
10857,459.871,227.364,2,0
10858,434.364,23.1523,2,0
10859,28.7339,32.1419,2,0
10860,448.714,41.3809,2,0
10861,310.198,178.484,2,0
10862,526.467,231.864,2,0
10863,263.739,85.3281,2,0
10864,77.9837,218.791,2,0
10865,108.839,91.1838,2,0
10866,123.121,44.636,2,0
10867,223.528,150.753,2,0
10868,473.27,145.48,2,0
10869,128.192,112.018,2,0
10870,25.4187,197.918,2,0
10871,503.984,28.7406,2,0
10872,484.299,231.244,2,0
10873,437.041,77.1656,2,0
10874,460,175.105,2,0
10875,55.65,204.628,2,0
10876,329.194,132.322,2,0
10877,140.151,164.144,2,0
10878,50.0125,137.777,2,0
10879,23.93,139.173,2,0
10880,223.831,66.5288,2,0
10881,451.395,242.779,2,0
10882,237.019,23.2914,2,0
10883,490.627,246.825,2,0
10884,57.4496,211.333,2,0
10885,162.674,9.30264,2,0
10886,103.931,81.3067,2,0
10887,393.394,234.342,2,0
10888,330.462,230.034,2,0
10889,170.543,217.757,2,0
10890,389.741,276.803,2,0
10891,385.088,123.46,2,0
10892,107.919,215.435,2,0
10893,35.5268,170.713,2,0
10894,250.146,207.276,2,0
10895,210.215,196.178,2,0
10896,89.2849,81.3943,2,0
10897,181.316,42.0148,2,0
10898,269.078,94.936,2,0
10899,391.358,59.8584,2,0
10900,77.9409,284.424,2,0
10901,152.012,34.1223,2,0
10902,578.038,146.15,2,0
10903,430.962,198.677,2,0
10904,194.035,93.6904,2,0
10905,570.408,71.2162,2,0
10906,487.371,204.733,2,0
10907,574.218,5.49089,2,0
10908,52.7239,165.347,2,0
10909,78.0488,13.4112,2,0
10910,407.688,2,2,0
10911,540.805,140.505,2,0
10912,201.995,114.125,2,0
10913,280.514,103.912,2,0
10914,343.071,294.433,2,0
10915,293.596,201.038,2,0
10916,543.121,179.956,2,0
10917,443.986,161.804,2,0
10918,59.8956,298,2,0
10919,540.25,265.547,2,0
10920,327.088,275.726,2,0
10921,44.286,149.803,2,0
10922,363.066,43.4564,2,0
10923,418.956,159.507,2,0
10924,565.678,232.648,2,0
10925,190.596,45.7312,2,0
10926,274.912,16.2518,2,0
10927,556.604,115.857,2,0
10928,359.644,85.7181,2,0
10929,296.181,5.73602,2,0
10930,180.994,85.7495,2,0
10931,195.181,85.8034,2,0
10932,430.248,16.1073,2,0
10933,316.388,178.975,2,0
10934,579.004,270.385,2,0
10935,331.603,124.42,2,0
10936,453.881,92.5468,2,0
10937,60.2372,14.341,2,0
10938,171.239,171.11,2,0
10939,360.484,65.4054,2,0
10940,394.952,191.77,2,0
10941,241.669,287.476,2,0
10942,421.871,93.9361,2,0
10943,228.6,218.427,2,0
10944,162.94,35.8375,2,0
10945,517.228,267.09,2,0
10946,346.098,206.43,2,0
10947,259.236,235.267,2,0
10948,185.777,132.818,2,0
10949,255.536,237.521,2,0
10950,15.1003,123.472,2,0
10951,324.63,67.3615,2,0
10952,31.7862,222.326,2,0
10953,460.663,215.432,2,0
10954,239.093,92.2717,2,0
10955,512.722,206.696,2,0
10956,432.199,33.6716,2,0
10957,146.573,114.921,2,0
10958,408.594,31.5833,2,0
10959,149.947,298,2,0
10960,245.391,258.92,2,0
10961,92.1726,27.4824,2,0
10962,269.816,244.962,2,0
10963,315.295,206.039,2,0
10964,54.9602,37.0828,2,0
10965,574.71,50.842,2,0
10966,111.958,117.064,2,0
10967,229.495,203.076,2,0
10968,28.5493,75.7753,2,0
10969,157.009,270.673,2,0
10970,420.331,197.627,2,0
10971,84.9907,26.1166,2,0
10972,218.468,290.632,2,0
10973,192.487,9.09716,2,0
10974,502.368,267.716,2,0
10975,282.885,202.436,2,0
10976,327.815,250.613,2,0
10977,284.248,206.291,2,0
10978,587.67,251.887,2,0
10979,326.653,93.8687,2,0
10980,461.69,9.43072,2,0
10981,480.458,202.888,2,0
10982,454.612,170.327,2,0
10983,75.4545,250.243,2,0
10984,484.304,154.238,2,0
10985,415.094,160.743,2,0
10986,489.009,87.2295,2,0
10987,257.122,191.758,2,0
10988,56.8775,251.201,2,0
10989,501.942,220.868,2,0
10990,230.03,103.62,2,0
10991,340.414,242.29,2,0
10992,569.558,46.1275,2,0
10993,381.281,298,2,0
10994,383.216,220.446,2,0
10995,330.254,172.847,2,0
10996,25.5141,96.9529,2,0
10997,49.7087,70.1821,2,0
10998,170.121,38.9832,2,0
10999,27.7837,273.581,2,0
11000,580.686,241.923,2,0
11001,124.294,201.387,2,0
11002,422.889,158.259,2,0
11003,460.272,242.751,2,0
11004,590.319,123.954,2,0
11005,97.3534,103.342,2,0
11006,116.723,59.45,2,0
11007,312.676,243.794,2,0
11008,43.9044,13.3027,2,0
11009,7.1439,247.369,2,0
11010,136.015,24.3155,2,0
11011,50.9793,37.9265,2,0
11012,333.288,102.5,2,0
11013,236.687,138.221,2,0
11014,1.98369,127.325,2,0
11015,401.782,11.7453,2,0
11016,128.699,5.39469,2,0
11017,381.887,120.973,2,0
11018,456.044,30.2636,2,0
11019,551.436,53.2768,2,0
11020,324.461,283.068,2,0
11021,18.4397,105.828,2,0
11022,178.36,285.605,2,0
11023,272.852,222.447,2,0
11024,143.496,90.6178,2,0
11025,148.115,68.6291,2,0
11026,363.2,83.8435,2,0
11027,200.599,223.17,2,0
11028,494.495,284.024,2,0
11029,157.653,141.844,2,0
11030,192.405,265.011,2,0
11031,302.77,37.1424,2,0
11032,591.221,22.8342,2,0
11033,488.594,274.777,2,0
11034,416.682,30.5221,2,0
11035,79.9875,234.754,2,0
11036,581.468,86.7521,2,0
11037,112.87,34.7454,2,0
11038,50.8253,48.7822,2,0
11039,102.414,23.1927,2,0
11040,46.6156,210.429,2,0
11041,116.602,74.1814,2,0
11042,165.435,160.641,2,0
11043,205.241,35.2198,2,0
11044,312.342,41.8418,2,0
11045,191.736,101.478,2,0
11046,85.9638,287.634,2,0
11047,531.483,269.599,2,0
11048,167.555,191.699,2,0
11049,290.63,227.427,2,0
11050,458.603,74.6196,2,0
11051,57.0913,163.857,2,0
11052,358.296,199.211,2,0
11053,280.532,15.592,2,0
11054,416.431,203.45,2,0
11055,3.1572,2,2,0
11056,489.393,32.3634,2,0
11057,576.25,77.5085,2,0
11058,527.999,37.1801,2,0
11059,550.924,192.525,2,0
11060,455.096,250.001,2,0
11061,201.58,118.245,2,0
11062,359.732,81.5665,2,0
11063,157.802,39.7387,2,0
11064,303.823,61.9601,2,0
11065,227.237,178.413,2,0
11066,181.874,103.534,2,0
11067,367.519,148.716,2,0
11068,94.4385,222.359,2,0
11069,171.131,67.5497,2,0
11070,597.221,136.879,2,0
11071,561.494,193.127,2,0
11072,562.15,12.4963,2,0
11073,354.163,192.29,2,0
11074,383.288,102.078,2,0
11075,436.941,269.751,2,0
11076,475.515,207.558,2,0
11077,53.3464,161.212,2,0
11078,351.276,34.5789,2,0
11079,491.225,51.0547,2,0
11080,587.468,65.9668,2,0
11081,16.8184,158.001,2,0
11082,294.816,31.7963,2,0
11083,518.769,73.1944,2,0
11084,35.3835,9.08598,2,0
11085,29.594,151.987,2,0
11086,533.94,252.907,2,0
11087,275.36,39.3721,2,0
11088,409.477,253.899,2,0
11089,70.0772,91.4657,2,0
11090,311.34,196.942,2,0
11091,386.719,184.913,2,0
11092,102.75,38.2447,2,0
11093,369.136,19.577,2,0
11094,271.269,181.007,2,0
11095,18.1959,201.732,2,0
11096,524.669,181.289,2,0
11097,109.708,171.902,2,0
11098,449.302,119.664,2,0
11099,232.742,200.642,2,0
11100,386.502,286.465,2,0
11101,587.873,70.0464,2,0
11102,382.194,246.457,2,0
11103,114.504,9.1292,2,0
11104,401.582,278.216,2,0
11105,468.892,2,2,0
11106,207.701,27.6604,2,0
11107,367.993,160.074,2,0
11108,179.679,298,2,0
11109,568.45,79.7215,2,0
11110,208.426,65.3475,2,0
11111,113.419,210.739,2,0
11112,411.636,106.272,2,0
11113,522.076,10.5372,2,0
11114,65.8316,112.322,2,0
11115,0.527784,30.5414,2,0
11116,428.594,149.192,2,0
11117,81.0603,277.974,2,0
11118,226.51,111.004,2,0
11119,426.13,184.996,2,0
11120,553.303,159.689,2,0
11121,434.849,273.197,2,0
11122,111.72,265.862,2,0
11123,72.6668,5.52493,2,0
11124,488.511,144.433,2,0
11125,543.907,246.216,2,0
11126,370.34,177.873,2,0
11127,269.36,212.594,2,0
11128,316.915,265.037,2,0
11129,254.016,94.7468,2,0
11130,534.238,149.031,2,0
11131,374.546,269.136,2,0
11132,244.772,154.876,2,0
11133,566.642,287.492,2,0
11134,501.258,253.107,2,0
11135,523.829,54.1112,2,0
11136,573.69,36.1848,2,0
11137,548.05,253.755,2,0
11138,510.285,115.396,2,0
11139,167.945,98.0798,2,0
11140,107.654,175.507,2,0
11141,197.296,164.257,2,0
11142,475.234,30.7788,2,0
11143,261.857,73.9075,2,0
11144,453.694,68.0478,2,0
11145,330.695,9.01416,2,0
11146,234.067,227.583,2,0
11147,479.408,206.874,2,0
11148,163.355,15.7579,2,0
11149,53.3914,52.1366,2,0
11150,21.7102,203.933,2,0
11151,510.467,182.606,2,0
11152,531.524,29.8665,2,0
11153,198.23,191.359,2,0
11154,358.938,44.0127,2,0
11155,40.3455,15.3258,2,0
11156,322.52,130.231,2,0
11157,557.362,276.611,2,0
11158,573.932,19.8575,2,0
11159,443.114,185.489,2,0
11160,490.354,298,2,0
11161,372.616,202.626,2,0
11162,168.338,93.9738,2,0
11163,574.875,270.663,2,0
11164,444.137,216.699,2,0
11165,170.722,9.03682,2,0
11166,106.357,16.0489,2,0
11167,318.741,49.4317,2,0
11168,235.533,194.066,2,0
11169,444.496,5.4855,2,0
11170,502.333,216.788,2,0
11171,172.191,294.399,2,0
11172,237.213,224.891,2,0
11173,306.322,139.055,2,0
11174,513.14,30.0761,2,0
11175,328.482,212.307,2,0
11176,44.6977,63.832,2,0
11177,52.4738,5.46237,2,0
11178,138.39,2,2,0
11179,446.072,137.011,2,0
11180,394.046,99.7795,2,0
11181,133.247,118.261,2,0
11182,475.655,5.46745,2,0
11183,28.7255,204.152,2,0
11184,291.377,297.433,2,0
11185,519.625,148.611,2,0
11186,448.779,54.2023,2,0
11187,71.7149,122.921,2,0
11188,3.23812,170.305,2,0
11189,95.1189,87.0804,2,0
11190,447.973,172.683,2,0
11191,438.326,16.104,2,0
11192,535.51,145.163,2,0
11193,348.15,220.985,2,0
11194,367.996,273.822,2,0
11195,426.891,221.269,2,0
11196,451.832,235.733,2,0
11197,127.277,63.0795,2,0
11198,589.432,205.63,2,0
11199,207.538,210.781,2,0
11200,252.393,164.038,2,0
11201,10.2992,285.35,2,0
11202,218.886,84.4717,2,0
11203,312.803,200.792,2,0
11204,184.314,165.722,2,0
11205,589.614,51.5615,2,0
11206,5.45437,69.2026,2,0
11207,567.658,196.556,2,0
11208,189.066,254.806,2,0
11209,250.491,83.1598,2,0
11210,214.731,231.105,2,0
11211,46.8795,109.899,2,0
11212,209.015,115.049,2,0
11213,110.773,136.782,2,0
11214,177.498,179.214,2,0
11215,561.075,274.674,2,0
11216,103.189,187.122,2,0
11217,543.881,276.601,2,0
11218,185.475,70.4384,2,0
11219,35.1892,239.429,2,0
11220,53.2453,80.594,2,0
11221,515.201,60.6586,2,0
11222,3.8138,282.524,2,0
11223,246.492,102.411,2,0
11224,512.901,214.808,2,0
11225,187.811,290.915,2,0
11226,389.328,252.772,2,0
11227,244.095,176.034,2,0
11228,385.158,266.906,2,0
11229,323.624,273.433,2,0
11230,450.165,210.555,2,0
11231,39.7691,57.2418,2,0
11232,343.017,250.08,2,0
11233,288.837,77.3494,2,0
11234,122.46,158.305,2,0
11235,219.923,114.604,2,0
11236,532.776,192.745,2,0
11237,309.933,193.098,2,0
11238,281.166,137.967,2,0
11239,194.859,232.662,2,0
11240,309.043,270.293,2,0
11241,271.368,173.786,2,0
11242,98.7262,67.2202,2,0
11243,408.882,282.544,2,0
11244,462.624,278.625,2,0
11245,2.34905,80.4765,2,0
11246,267.493,53.3255,2,0
11247,567.225,117.377,2,0
11248,284.261,105.547,2,0
11249,451.077,127.688,2,0
11250,472.145,44.9592,2,0
11251,99.1211,168.456,2,0
11252,116.577,5.45557,2,0
11253,396.64,44.4257,2,0
11254,578.157,277.999,2,0
11255,230.87,171.223,2,0
11256,266.826,263.856,2,0
11257,317.575,145.172,2,0
11258,444.148,196.167,2,0
11259,564.2,207.855,2,0
11260,157.605,205.482,2,0
11261,88.9165,13.4718,2,0
11262,371.71,234.137,2,0
11263,428.932,291.005,2,0
11264,12.8408,83.3999,2,0
11265,409.034,155.265,2,0
11266,25.7842,118.549,2,0
11267,479.37,120.042,2,0
11268,340.941,12.5295,2,0
11269,372.603,195.543,2,0
11270,4.83281,264.555,2,0
11271,141.805,29.967,2,0
11272,135.389,252.907,2,0
11273,60.2122,156.992,2,0
11274,470.456,48.7031,2,0
11275,277.122,275.669,2,0
11276,11.1147,152.176,2,0
11277,587.9,198.377,2,0
11278,196.945,217.154,2,0
11279,186.368,128.741,2,0
11280,256.24,211.712,2,0
11281,65.1158,266.247,2,0
11282,364.319,195.556,2,0
11283,301.354,106.582,2,0
11284,474.621,174.261,2,0
11285,265.041,163.418,2,0
11286,529.913,12.4416,2,0
11287,532.995,138.175,2,0
11288,366.669,53.573,2,0
11289,375.001,294.421,2,0
11290,33.0899,82.7429,2,0
11291,313.008,134.339,2,0
11292,481.233,147.938,2,0
11293,394.013,141.712,2,0
11294,584.55,27.2911,2,0
11295,317.694,182.786,2,0
11296,339.934,133.244,2,0
11297,280.237,248.343,2,0
11298,579.468,123.809,2,0
11299,552.351,298,2,0
11300,164.349,213.749,2,0
11301,181.153,180.949,2,0
11302,332.527,160.869,2,0
11303,508.883,262.361,2,0
11304,511.813,285.114,2,0
11305,138.185,127.296,2,0
11306,512.96,218.973,2,0
11307,131.527,64.9495,2,0
11308,297.288,169.804,2,0
11309,574.017,145.003,2,0
11310,235.717,235.439,2,0
11311,33.3608,5.53421,2,0
11312,410.772,294.489,2,0
11313,478.296,135.906,2,0
11314,483.209,138.476,2,0
11315,78.116,68.581,2,0
11316,290.071,239.283,2,0
11317,542.236,287.485,2,0
11318,33.5045,95.6467,2,0
11319,85.9071,140.161,2,0
11320,411.802,250.757,2,0
11321,221.526,196.078,2,0
11322,224.959,249.947,2,0
11323,110.884,201.424,2,0
11324,269.73,232.709,2,0
11325,481.445,43.3951,2,0
11326,366.527,238.867,2,0
11327,63.744,108.79,2,0
11328,482.332,224.431,2,0
11329,294.299,148.566,2,0
11330,449.385,165.819,2,0
11331,309.754,162.029,2,0
11332,442.958,139.792,2,0
11333,185.178,56.5624,2,0
11334,341.153,58.6098,2,0
11335,100.724,41.7651,2,0
11336,209.059,294.549,2,0
11337,425.924,112.462,2,0
11338,275.465,187.917,2,0
11339,399.657,114.906,2,0
11340,516.485,216.721,2,0
11341,418.659,286.96,2,0
11342,377.7,150.149,2,0
11343,415.39,232.621,2,0
11344,593.01,193.309,2,0
11345,246.68,217.503,2,0
11346,462.782,131.288,2,0
11347,52.5464,279.615,2,0
11348,464.483,214.487,2,0
11349,479.449,221.752,2,0
11350,487.152,219.451,2,0
11351,101.619,280.301,2,0
11352,456.006,163.038,2,0
11353,575.059,148.995,2,0
11354,273.903,2,2,0
11355,213.647,165.183,2,0
11356,365.353,12.5778,2,0
11357,312.533,13.4426,2,0
11358,115.325,143.629,2,0
11359,580.091,44.7312,2,0
11360,378.071,210.56,2,0
11361,183.579,74.183,2,0
11362,275.149,48.3928,2,0
11363,492.954,134.618,2,0
11364,139.937,231.879,2,0
11365,143.792,294.42,2,0
11366,139.314,227.926,2,0
11367,7.87039,195.312,2,0
11368,493.457,126.403,2,0
11369,118.599,9.12101,2,0
11370,328.531,283.451,2,0
11371,339.805,188.882,2,0
11372,372.107,244.88,2,0
11373,97.1005,172.084,2,0
11374,504.988,260.818,2,0
11375,135.394,170.596,2,0
11376,61.9029,221.036,2,0
11377,436.312,183.927,2,0
11378,238.793,50.905,2,0
11379,384.317,205.543,2,0
11380,98.2879,149.456,2,0
11381,432.556,125.542,2,0
11382,454.507,8.93763,2,0
11383,483.298,205.751,2,0
11384,540.404,95.7344,2,0
11385,466.725,73.8563,2,0
11386,356.728,242.171,2,0
11387,97.0478,93.9266,2,0
11388,290.282,20.4177,2,0
11389,412.447,268.451,2,0
11390,242.468,277.472,2,0
11391,591.099,269.28,2,0
11392,570.694,221.638,2,0
11393,120.868,110.418,2,0
11394,325.547,143.826,2,0
11395,48.7441,129.818,2,0
11396,506.488,298,2,0
11397,477.889,127.785,2,0
11398,368.427,113.992,2,0
11399,598.846,175.786,2,0
11400,92.1812,84.2299,2,0
11401,296.516,65.5919,2,0
11402,131.902,36.0333,2,0
11403,452.357,228.606,2,0
11404,281.417,44.8958,2,0
11405,577.398,207.603,2,0
11406,455.345,294.47,2,0
11407,555.661,101.133,2,0
11408,118.551,151.191,2,0
11409,495.558,45.4616,2,0
11410,422.563,131.747,2,0
11411,54.372,58.9913,2,0
11412,199.685,257.163,2,0
11413,31.291,9.05234,2,0
11414,426.663,287.219,2,0
11415,88.1204,116.448,2,0
11416,156.32,183.907,2,0
11417,587.824,112.065,2,0
11418,554.822,258.15,2,0
11419,206.823,69.088,2,0
11420,479.799,112.186,2,0
11421,104.663,27.5781,2,0
11422,279.315,167.024,2,0
11423,473.203,276.173,2,0
11424,582.475,238.155,2,0
11425,9.09225,5.56861,2,0
11426,178.95,201.342,2,0
11427,359.7,280.873,2,0
11428,555.186,108.896,2,0
11429,580.571,90.7518,2,0
11430,66.0221,90.7438,2,0
11431,418.307,217.487,2,0
11432,597.705,96.4777,2,0
11433,503.951,169.654,2,0
11434,160.369,167.049,2,0
11435,291.617,196.769,2,0
11436,174.638,218.095,2,0
11437,150.082,102.723,2,0
11438,100.145,252.082,2,0
11439,228.006,232.472,2,0
11440,142.694,35.6634,2,0
11441,285.11,158.913,2,0
11442,496.995,209.369,2,0
11443,372.462,188.401,2,0
11444,451.835,46.536,2,0
11445,498.544,151.387,2,0
11446,428.045,88.6083,2,0
11447,363.161,2,2,0
11448,108.736,204.87,2,0
11449,520.877,144.63,2,0
11450,533.655,197.646,2,0
11451,253.371,18.1689,2,0
11452,400.558,50.149,2,0
11453,134.843,33.202,2,0
11454,71.5244,225.871,2,0
11455,554.447,216.597,2,0
11456,579.632,204.053,2,0
11457,550.617,272.14,2,0
11458,467.099,117.85,2,0
11459,173.082,139.227,2,0
11460,455.385,39.3531,2,0
11461,159.337,242.052,2,0
11462,0.62254,84.1279,2,0
11463,315.957,95.1575,2,0
11464,458.446,2,2,0
11465,337.016,284.067,2,0
11466,209.997,274.143,2,0
11467,529.993,5.50763,2,0
11468,149.906,169.049,2,0
11469,40.1929,272.882,2,0
11470,412.952,110.066,2,0
11471,192.463,2,2,0
11472,583.503,252.218,2,0
11473,171.658,96.3032,2,0
11474,335.987,109.169,2,0
11475,3.45449,14.5336,2,0
11476,19.2086,169.277,2,0
11477,25.6465,166.302,2,0
11478,581.195,224.043,2,0
11479,144.334,111.38,2,0
11480,577.376,26.3742,2,0
11481,416.959,100.169,2,0
11482,174.022,110.932,2,0
11483,129.71,184.069,2,0
11484,395.86,69.5753,2,0
11485,566.77,163.838,2,0
11486,582.695,121.418,2,0
11487,424.362,227.806,2,0
11488,239.065,141.613,2,0
11489,554.063,65.4976,2,0
11490,81.2796,194.425,2,0
11491,401.911,227.224,2,0
11492,548.475,175.212,2,0
11493,110.555,125.042,2,0
11494,312.662,93.0405,2,0
11495,533.556,57.9739,2,0
11496,75.7765,20.3325,2,0
11497,305.615,40.0993,2,0
11498,530.373,134.959,2,0
11499,234.79,181.3,2,0
11500,180.328,266.32,2,0
11501,118.76,216.649,2,0
11502,127.773,123.164,2,0
11503,492.226,287.47,2,0
11504,382.996,53.5294,2,0
11505,78.5329,204.925,2,0
11506,260.568,87.8444,2,0
11507,48.9201,286.577,2,0
11508,389.543,44.9777,2,0
11509,489.15,226.307,2,0
11510,194.663,70.5336,2,0
11511,520.924,38.0487,2,0
11512,373.176,64.6305,2,0
11513,314.373,138.135,2,0
11514,222.326,111.33,2,0
11515,200.047,202.875,2,0
11516,47.4324,95.5508,2,0
11517,313.442,146.235,2,0
11518,155.518,18.1856,2,0
11519,272.164,19.3833,2,0
11520,457.259,107.545,2,0
11521,428.162,40.7434,2,0
11522,299.808,67.9443,2,0
11523,52.3844,272.755,2,0
11524,263.573,288.616,2,0
11525,544.136,259.712,2,0
11526,485.236,227.387,2,0
11527,322.155,223.179,2,0
11528,318.238,156.566,2,0
11529,395.632,59.0027,2,0
11530,150.552,124.778,2,0
11531,300.286,290.599,2,0
11532,21.4913,270.533,2,0
11533,324.092,205.296,2,0
11534,24.229,18.4786,2,0
11535,373.345,5.45314,2,0
11536,368.104,245.803,2,0
11537,218.892,265.275,2,0
11538,280.925,107.963,2,0
11539,241.058,113.401,2,0
11540,180.693,172.836,2,0
11541,248.043,237.809,2,0
11542,94.139,91.1576,2,0
11543,489.527,196.968,2,0
11544,393.529,278.519,2,0
11545,554.861,20.8671,2,0
11546,426.013,239.83,2,0
11547,392.287,34.6435,2,0
11548,142.45,50.1486,2,0
11549,294.185,167.097,2,0
11550,75.7677,260.846,2,0
11551,25.1559,201.996,2,0
11552,415.274,183.834,2,0
11553,279.352,91.8362,2,0
11554,30.5372,103.06,2,0
11555,305.648,126.527,2,0
11556,116.208,19.7644,2,0
11557,198.42,195.405,2,0
11558,421.253,19.9541,2,0
11559,559.373,176.474,2,0
11560,501.994,204.616,2,0
11561,46.1717,225.024,2,0
11562,480.405,177.421,2,0
11563,302.303,86.2307,2,0
11564,222.41,204.013,2,0
11565,412.649,31.0132,2,0
11566,71.3411,33.8491,2,0
11567,275.022,56.3692,2,0
11568,596.105,85.6786,2,0
11569,155.387,242.054,2,0
11570,335.183,166.786,2,0
11571,517.894,40.7577,2,0
11572,148.104,183.048,2,0
11573,572.284,169.639,2,0
11574,100.326,19.5988,2,0
11575,20.6549,40.4086,2,0
11576,30.241,184.344,2,0
11577,59.5093,94.2409,2,0
11578,175.37,81.5055,2,0
11579,294.147,222.349,2,0
11580,396.977,195.383,2,0
11581,338.726,112.287,2,0
11582,298.349,122.602,2,0
11583,37.8218,140.771,2,0
11584,72.6755,221.929,2,0
11585,379.232,145.489,2,0
11586,515.912,160.299,2,0
11587,490.674,238.621,2,0
11588,469.885,77.3129,2,0
11589,522.853,73.1053,2,0
11590,400.163,147.208,2,0
11591,285.3,37.7654,2,0
11592,39.8576,233.848,2,0
11593,537.617,250.989,2,0
11594,484.786,46.1873,2,0
11595,447.864,45.3329,2,0
11596,337.897,199.385,2,0
11597,466.703,183.44,2,0
11598,165.876,75.4233,2,0
11599,3.55998,72.8221,2,0
11600,315.391,186.213,2,0
11601,44.7075,243.39,2,0
11602,23.9468,71.9319,2,0
11603,109.815,243.9,2,0
11604,461.198,89.0393,2,0
11605,276.846,232.365,2,0
11606,392.452,241.285,2,0
11607,8.17594,171.184,2,0
11608,220.234,169.635,2,0
11609,2.36525,141.176,2,0
11610,121.657,49.8727,2,0
11611,208.522,86.6848,2,0
11612,438.183,134.651,2,0
11613,387.712,22.9946,2,0
11614,551.364,131.271,2,0
11615,340.673,212.143,2,0
11616,360.679,29.4499,2,0
11617,43.3531,121.612,2,0
11618,428.734,233.113,2,0
11619,474.962,55.3951,2,0
11620,301.72,98.4223,2,0
11621,7.44312,298,2,0
11622,597.803,286.885,2,0
11623,389.803,48.988,2,0
11624,20.4825,243.071,2,0
11625,414.772,49.3121,2,0
11626,572.256,151.875,2,0
11627,370.478,76.0925,2,0
11628,367.53,282.599,2,0
11629,141.681,185.773,2,0
11630,207.625,218.891,2,0
11631,591.094,244.448,2,0
11632,559.466,189.657,2,0
11633,453.258,120.879,2,0
11634,495.435,76.1783,2,0
11635,5.91299,21.3188,2,0
11636,504.929,243.172,2,0
11637,464.428,139.208,2,0
11638,55.6468,191.429,2,0
11639,527.622,146.82,2,0
11640,129.616,207.529,2,0
11641,178.076,105.225,2,0
11642,587.558,283.468,2,0
11643,284,144.307,2,0
11644,540.159,298,2,0
11645,435.094,228.156,2,0
11646,72.1652,293.993,2,0
11647,163.822,31.7341,2,0
11648,460.383,267.639,2,0
11649,268.961,216.615,2,0
11650,579.824,139.246,2,0
11651,415.428,134.383,2,0
11652,143.798,219.628,2,0
11653,318.475,45.3119,2,0
11654,25.9473,237.234,2,0
11655,283.354,223.846,2,0
11656,200.793,227.335,2,0
11657,408.854,66.1026,2,0
11658,537.889,246.943,2,0
11659,297.329,294.401,2,0
11660,91.1902,73.5997,2,0
11661,482.281,209.714,2,0
11662,556.478,283.957,2,0
11663,470.645,162.699,2,0
11664,588.804,102.743,2,0
11665,298.831,161.738,2,0
11666,157.482,95.2777,2,0
11667,498.118,282.126,2,0
11668,114.335,290.464,2,0
11669,445.405,118.464,2,0
11670,69.5566,45.4084,2,0
11671,264.801,89.2312,2,0
11672,385.804,43.4073,2,0
11673,1.90987,242.581,2,0
11674,235.345,265.336,2,0
11675,487.942,112.931,2,0
11676,447.309,214.245,2,0
11677,217.96,249.585,2,0
11678,197.779,275.732,2,0
11679,500.11,66.4445,2,0
11680,39.2127,259.721,2,0
11681,511.867,2,2,0
11682,538.961,184.009,2,0
11683,376.545,93.8337,2,0
11684,154.637,8.97191,2,0
11685,131.58,287.265,2,0
11686,567.329,278.259,2,0
11687,127.024,15.869,2,0
11688,196.204,66.6566,2,0
11689,21.305,294.582,2,0
11690,88.2202,174.515,2,0
11691,565.827,110.378,2,0
11692,275.804,86.1369,2,0
11693,57.9096,98.0687,2,0
11694,584.224,259.25,2,0
11695,352.527,115.345,2,0
11696,445.061,61.4519,2,0
11697,483.227,243.349,2,0
11698,433.419,129.455,2,0
11699,183.704,291.031,2,0
11700,38.7711,78.808,2,0
11701,319.411,97.5251,2,0
11702,595.898,207.669,2,0
11703,574.924,134.279,2,0
11704,55.1006,147.392,2,0
11705,576.964,142.095,2,0
11706,336.454,115.62,2,0
11707,205.063,84.586,2,0
11708,173.94,177.294,2,0
11709,374.382,252.325,2,0
11710,232.085,178.222,2,0
11711,115.415,260.446,2,0
11712,511.339,93.5672,2,0
11713,577.16,273.921,2,0
11714,104.283,139.435,2,0
11715,479.998,168.28,2,0
11716,377.849,68.3899,2,0
11717,422.923,115.202,2,0
11718,177.859,87.1984,2,0
11719,66.4289,129.051,2,0
11720,568.612,135.02,2,0
11721,205.451,108.553,2,0
11722,84.0326,271.665,2,0
11723,472.348,69.6648,2,0
11724,338.834,254.133,2,0
11725,124.158,248.482,2,0
11726,269.092,294.405,2,0
11727,403.864,47.817,2,0
11728,170.608,199.855,2,0
11729,53.0458,194.496,2,0
11730,287.649,233.971,2,0
11731,39.2343,206.329,2,0
11732,134.94,54.8808,2,0
11733,585.54,286.963,2,0
11734,374.478,286.353,2,0
11735,401.9,271.055,2,0
11736,368.504,123.283,2,0
11737,197.689,110.318,2,0
11738,295.848,24.8529,2,0
11739,564.58,283.991,2,0
11740,424.287,47.932,2,0
11741,297.946,9.35104,2,0
11742,245.373,64.061,2,0
11743,82.0162,119.718,2,0
11744,136.212,209.818,2,0
11745,19.3239,157.892,2,0
11746,130.155,28.1822,2,0
11747,141.118,278.752,2,0
11748,406.97,41.5311,2,0
11749,150.584,90.5214,2,0
11750,522.492,114.015,2,0
11751,466.097,110.879,2,0
11752,528.763,142.965,2,0
11753,259.211,108.496,2,0
11754,490.831,250.894,2,0
11755,352.293,265.651,2,0
11756,346.023,192.445,2,0
11757,452.14,72.1776,2,0
11758,554.492,155.847,2,0
11759,313.472,255.762,2,0
11760,118.879,118.229,2,0
11761,481.029,188.101,2,0
11762,82.7991,183.862,2,0
11763,509.012,204.843,2,0
11764,42.0962,60.5821,2,0
11765,32.6661,120.532,2,0
11766,432.515,234.839,2,0
11767,102.626,135.638,2,0
11768,401.539,69.0922,2,0
11769,555.36,73.0431,2,0
11770,292.341,242.59,2,0
11771,370.183,84.1596,2,0
11772,154.371,273.747,2,0
11773,148.579,41.1939,2,0
11774,77.9408,119.597,2,0
11775,215.138,263.79,2,0
11776,160.573,27.7199,2,0
11777,447.732,145.125,2,0
11778,13.3321,97.5915,2,0
11779,287.548,98.0759,2,0
11780,98.689,45.3585,2,0
11781,214.824,182.921,2,0
11782,144.328,164.796,2,0
11783,161.795,142.358,2,0
11784,237.471,120.608,2,0
11785,537.213,25.8277,2,0
11786,29.3373,54.1889,2,0
11787,293.112,63.2744,2,0
11788,322.078,194.535,2,0
11789,119.31,144.366,2,0
11790,496.302,103.105,2,0
11791,357.581,143.925,2,0
11792,13.4105,271.055,2,0
11793,392.622,282.483,2,0
11794,79.7394,91.9664,2,0
11795,207.709,227.08,2,0
11796,407.999,180.171,2,0
11797,547.592,278.169,2,0
11798,517.62,181.918,2,0
11799,47.0135,27.6558,2,0
11800,79.2145,226.726,2,0
11801,444.52,12.5733,2,0
11802,592.418,75.7633,2,0
11803,523.021,258.16,2,0
11804,489.871,174.199,2,0
11805,358.336,206.312,2,0
11806,504.498,101.998,2,0
11807,146.453,283.387,2,0
11808,341.906,114.832,2,0
11809,425.866,94.8529,2,0
11810,472.604,204.692,2,0
11811,258.924,133.1,2,0
11812,572.233,2,2,0
11813,101.093,190.696,2,0
11814,352.873,133.658,2,0
11815,219.152,298,2,0
11816,125.313,290.615,2,0
11817,3.07867,288.282,2,0
11818,258.037,151.208,2,0
11819,342.939,16.0739,2,0
11820,341.781,62.7152,2,0
11821,319.383,152.584,2,0
11822,446.264,122.423,2,0
11823,106.858,69.479,2,0
11824,315.512,63.7297,2,0
11825,279.031,212.431,2,0
11826,196.156,279.422,2,0
11827,189.525,205.219,2,0
11828,140.517,146.468,2,0
11829,1.70653,221.609,2,0
11830,574.788,221.269,2,0
11831,278.091,270.15,2,0
11832,234.58,84.859,2,0
11833,324.58,162.673,2,0
11834,595.707,283.231,2,0
11835,202.632,12.5336,2,0
11836,127.482,287.195,2,0
11837,295.623,264.744,2,0
11838,295.515,230.307,2,0
11839,294.452,102.219,2,0
11840,163.862,156.753,2,0
11841,50.0826,87.9872,2,0
11842,383.16,144.47,2,0
11843,85.027,40.8545,2,0
11844,531.052,16.4259,2,0
11845,367.104,127.248,2,0
11846,436.865,61.7071,2,0
11847,121.219,102.365,2,0
11848,177.332,175.14,2,0
11849,207.623,222.99,2,0
11850,417.354,210.414,2,0
11851,92.8747,49.7582,2,0
11852,209.437,54.697,2,0
11853,98.6866,52.4739,2,0
11854,142.122,223.442,2,0
11855,234.043,269.147,2,0
11856,185.28,272.915,2,0
11857,96.22,138.176,2,0
11858,38.8673,237.84,2,0
11859,391.618,30.4977,2,0
11860,460.168,196.678,2,0
11861,134.922,13.6267,2,0
11862,334.873,2,2,0
11863,403.474,230.973,2,0
11864,65.1566,298,2,0
11865,418.538,58.9182,2,0
11866,356.053,83.4534,2,0
11867,49.3682,52.5413,2,0
11868,317.264,141.036,2,0
11869,182.983,93.1943,2,0
11870,491.309,230.55,2,0
11871,380.851,203.427,2,0
11872,60.5422,272.879,2,0
11873,414.54,58.9548,2,0
11874,572.666,276.977,2,0
11875,460.115,101.246,2,0
11876,166.384,153.576,2,0
11877,89.7511,17.5583,2,0
11878,534.311,40.3158,2,0
11879,132.388,104.465,2,0
11880,17.9726,294.134,2,0
11881,265.509,205.635,2,0
11882,365.848,152.55,2,0
11883,177.303,160.776,2,0
11884,211.138,233.224,2,0
11885,465.997,19.3145,2,0
11886,458.015,126.096,2,0
11887,561.494,78.3393,2,0
11888,417.561,71.6979,2,0
11889,11.1825,124.525,2,0
11890,553.683,56.8102,2,0
11891,57.7653,294.497,2,0
11892,264.948,5.54141,2,0
11893,439.374,259.027,2,0
11894,494.578,192.003,2,0
11895,58.2858,144.765,2,0
11896,451.055,273.395,2,0
11897,66.4589,151.794,2,0
11898,323.399,277.624,2,0
11899,366.771,86.2838,2,0
11900,13.6497,136.123,2,0
11901,106.664,52.4007,2,0
11902,462.973,85.3165,2,0
11903,561.744,200.218,2,0
11904,436.665,240.463,2,0
11905,394.194,110.353,2,0
11906,289.258,27.4638,2,0
11907,23.6873,65.0078,2,0
11908,274.375,128.735,2,0
11909,530.458,117.051,2,0
11910,0.317979,119.4,2,0
11911,571.986,97.2003,2,0
11912,96.1678,159.09,2,0
11913,520.881,121.746,2,0
11914,229.367,244.514,2,0
11915,279.528,187.989,2,0
11916,212.442,39.7488,2,0
11917,446.284,100.093,2,0
11918,50.3005,186.977,2,0
11919,262.956,13.7294,2,0
11920,51.2848,220.215,2,0
11921,253.284,112.48,2,0
11922,235.211,19.6752,2,0
11923,165.36,83.5885,2,0
11924,169.897,224.572,2,0
11925,159.436,227.737,2,0
11926,112.437,19.6367,2,0
11927,16.9112,138.513,2,0
11928,159.889,220.549,2,0
11929,529.752,199.14,2,0
11930,588.602,74.012,2,0
11931,43.1456,192.378,2,0
11932,492.496,162.662,2,0
11933,483.264,58.3261,2,0
11934,190.777,233.307,2,0
11935,434.313,133.465,2,0
11936,117.265,191.215,2,0
11937,30.5573,284.059,2,0
11938,35.0645,290.869,2,0
11939,151.574,172.808,2,0
11940,360.451,248.488,2,0
11941,134.833,213.731,2,0
11942,453.16,246.356,2,0
11943,269.217,184.447,2,0
11944,365.029,57.2945,2,0
11945,144.602,241.545,2,0
11946,490.717,55.2235,2,0
11947,459.973,46.1023,2,0
11948,52.7824,252.11,2,0
11949,332.85,5.49722,2,0
11950,583.486,60.4488,2,0
11951,232.603,138.676,2,0
11952,503.267,137.548,2,0
11953,255.795,249.666,2,0
11954,211.261,224.986,2,0
11955,559.011,226.119,2,0
11956,330.379,287.149,2,0
11957,197.038,40.0508,2,0
11958,592.09,294.419,2,0
11959,85.6292,218.092,2,0
11960,176.453,121.494,2,0
11961,543.01,17.7175,2,0
11962,311.34,154.083,2,0
11963,515.431,37.5517,2,0
11964,367.416,264.842,2,0
11965,31.8894,273.44,2,0
11966,241.707,294.541,2,0
11967,161.337,89.3814,2,0
11968,184.654,151.011,2,0
11969,116.325,111.506,2,0
11970,120.381,246.886,2,0
11971,488.174,215.421,2,0
11972,152.114,244.627,2,0
11973,229.604,95.251,2,0
11974,381.607,33.6171,2,0
11975,277.285,255.614,2,0
11976,151.436,44.1498,2,0
11977,3.39904,116.638,2,0
11978,310.619,290.609,2,0
11979,549.893,15.8945,2,0
11980,367.585,292.292,2,0
11981,31.0064,241.747,2,0
11982,397.445,159.057,2,0
11983,4.59661,48.1422,2,0
11984,19.2896,2,2,0
11985,45.6199,70.7964,2,0
11986,104.423,19.6127,2,0
11987,337.403,276.861,2,0
11988,12.8281,22.4556,2,0
11989,256.986,98.683,2,0
11990,211.099,262.671,2,0
11991,449.831,34.59,2,0
11992,217.808,260.796,2,0
11993,69.1295,265.097,2,0
11994,282.13,19.4018,2,0
11995,407.092,257.265,2,0
11996,349.404,298,2,0
11997,404.924,296.77,2,0
11998,568.058,260.669,2,0
11999,484.832,284.781,2,0
12000,64.7654,162.441,2,0
12001,114.689,252.457,2,0
12002,241.466,65.5516,2,0
12003,147.444,172.277,2,0
12004,172.093,203.778,2,0
12005,436.755,276.76,2,0
12006,472.591,80.7033,2,0
12007,548.262,35.8928,2,0
12008,274.021,263.204,2,0
12009,140.583,42.3183,2,0
12010,582.114,48.3357,2,0
12011,165.753,224.384,2,0
12012,576.725,267.085,2,0
12013,265.292,191.501,2,0
12014,425.993,72.4293,2,0
12015,510.572,298,2,0
12016,92.4485,116.629,2,0
12017,435.571,101.448,2,0
12018,121.231,219.825,2,0
12019,423.306,172.96,2,0
12020,402.459,263.919,2,0
12021,170.194,276.557,2,0
12022,401.606,234.701,2,0
12023,35.021,252.633,2,0
12024,106.394,9.02172,2,0
12025,572.206,9.08811,2,0
12026,396.807,55.0553,2,0
12027,513.682,277.153,2,0
12028,210.961,129.401,2,0
12029,30.7509,177.221,2,0
12030,577.612,160.865,2,0
12031,153.64,236.985,2,0
12032,458.731,2,2,0
12033,433.118,262.588,2,0
12034,337.028,29.5423,2,0
12035,47.3051,220.996,2,0
12036,532.199,62.3619,2,0
12037,43.5729,189.116,2,0
12038,116.791,41.8221,2,0
12039,103.431,161.576,2,0
12040,502.92,105.752,2,0
12041,411.017,123.428,2,0
12042,255.315,245.679,2,0
12043,296.672,46.1801,2,0
12044,31.3776,170.286,2,0
12045,127.651,58.9472,2,0
12046,3.45893,235.739,2,0
12047,535.702,29.5565,2,0
12048,591.207,67.7541,2,0
12049,68.5275,49.2756,2,0
12050,285.693,191.467,2,0
12051,346.933,9.06469,2,0
12052,215.53,86.6888,2,0
12053,4.30937,120.696,2,0
12054,455.492,147.447,2,0
12055,443.883,81.5807,2,0
12056,364.116,50.3827,2,0
12057,418.149,51.6667,2,0
12058,69.3029,204.069,2,0
12059,194.75,45.6521,2,0
12060,539.384,101.352,2,0
12061,413.844,126.307,2,0
12062,46.8804,77.7547,2,0
12063,207.628,58.4826,2,0
12064,578.833,294.577,2,0
12065,497.767,247.004,2,0
12066,374.505,177.709,2,0
12067,597.952,146.77,2,0
12068,284.516,272.939,2,0
12069,122.44,176.118,2,0
12070,452.77,42.5271,2,0
12071,328.438,233.656,2,0
12072,110.752,38.2643,2,0
12073,118.163,122.208,2,0
12074,77.0363,272.255,2,0
12075,313.396,142.084,2,0
12076,460.592,223.367,2,0
12077,486.095,64.8362,2,0
12078,154.729,162.714,2,0
12079,532.715,265.76,2,0
12080,586.378,9.49692,2,0
12081,176.514,221.709,2,0
12082,4.20528,197.23,2,0
12083,508.86,51.1838,2,0
12084,458.07,86.5044,2,0
12085,330.516,215.821,2,0
12086,292.027,113.135,2,0
12087,165.053,87.6328,2,0
12088,571.525,188.579,2,0
12089,558.052,5.52581,2,0
12090,71.8361,210.81,2,0
12091,511.994,247.803,2,0
12092,348.492,100.588,2,0
12093,111.601,161.316,2,0
12094,438.993,65.2834,2,0
12095,179.883,292.419,2,0
12096,368.445,188.532,2,0
12097,420.205,5.62658,2,0
12098,131.258,60.9546,2,0
12099,83.7042,187.766,2,0
12100,276.697,215.725,2,0
12101,487.653,156.488,2,0
12102,406.151,246.578,2,0
12103,118.754,205.806,2,0
12104,18.1172,176.177,2,0
12105,202.374,44.8604,2,0
12106,222.308,124.495,2,0
12107,59.1743,243.426,2,0
12108,201.357,55.5643,2,0
12109,152.869,259.223,2,0
12110,529.575,95.093,2,0
12111,259.209,38.7276,2,0
12112,420.749,23.9834,2,0
12113,324.635,298,2,0
12114,298.714,267.339,2,0
12115,351.184,96.3082,2,0
12116,3.74367,33.2022,2,0
12117,47.7921,56.4177,2,0
12118,23.5023,143.156,2,0
12119,180.24,119.748,2,0
12120,526.536,227.676,2,0
12121,490.154,124.125,2,0
12122,432.313,47.706,2,0
12123,113.102,246.677,2,0
12124,120.258,212.936,2,0
12125,171.237,150.232,2,0
12126,238.94,169.868,2,0
12127,253.682,215.746,2,0
12128,504.484,85.1534,2,0
12129,359.276,117.274,2,0
12130,74.5197,177.255,2,0
12131,366.708,269.884,2,0
12132,537.954,115.999,2,0
12133,389.067,226.062,2,0
12134,46.7373,235.606,2,0
12135,108.747,34.7106,2,0
12136,229.88,128.198,2,0
12137,307.525,46.9717,2,0
12138,592.883,240.833,2,0
12139,433.914,220.184,2,0
12140,175.656,156.945,2,0
12141,346.974,109.373,2,0
12142,312.068,101.215,2,0
12143,22.0497,191.747,2,0
12144,251.412,76.0833,2,0
12145,466.866,214.402,2,0
12146,286.921,203.311,2,0
12147,190.472,283.293,2,0
12148,211.451,125.315,2,0
12149,531.52,241.788,2,0
12150,151.017,212.649,2,0
12151,308.272,107.165,2,0
12152,473.037,251.702,2,0
12153,547.066,190.897,2,0
12154,350.147,206.318,2,0
12155,27.2418,2,2,0
12156,411,61.0291,2,0
12157,158.815,163.269,2,0
12158,476.416,90.4531,2,0
12159,153.79,40.8489,2,0
12160,124.356,104.987,2,0
12161,513.818,271.813,2,0
12162,152.531,5.54334,2,0
12163,428.266,5.60131,2,0
12164,287.434,48.5979,2,0
12165,233.478,294.489,2,0
12166,72.2804,183.942,2,0
12167,407.187,84.2547,2,0
12168,453.176,100.621,2,0
12169,384.908,181.161,2,0
12170,110.851,253.841,2,0
12171,204.174,160.115,2,0
12172,253.367,193.544,2,0
12173,124.183,212.014,2,0
12174,359.33,33.4153,2,0
