id,x,y,radius,is_spanning
0,98.5818,2,2,0
1,453.018,137.237,2,0
2,20.2918,226.334,2,0
3,149.526,275.356,2,0
4,207.846,117.379,2,0
5,257.985,64.7359,2,0
6,358.584,99.5915,2,0
7,60.0635,149.71,2,0
8,494.014,43.5246,2,0
9,548.517,270.097,2,0
10,596.592,60.2137,2,0
11,549.475,187.045,2,0
12,569.816,175.155,2,0
13,328.858,261.237,2,0
14,233.358,205.943,2,0
15,326.53,109.875,2,0
16,472.921,271.077,2,0
17,38.2951,270.962,2,0
18,281.409,290.198,2,0
19,227.432,204.855,2,0
20,312.397,22.5417,2,0
21,430.09,156.223,2,0
22,303.149,34.7661,2,0
23,327.561,160.404,2,0
24,225.206,123.678,2,0
25,530.091,84.4973,2,0
26,272.282,28.724,2,0
27,321.013,38.6088,2,0
28,594.928,56.5512,2,0
29,263.276,121.426,2,0
30,489.332,141.016,2,0
31,149.823,173.619,2,0
32,313.822,181.048,2,0
33,447.381,2,2,0
34,456.703,129.765,2,0
35,558.807,170.95,2,0
36,36.9516,105.032,2,0
37,394.467,192.93,2,0
38,187.393,253.927,2,0
39,373.677,266.699,2,0
40,313.364,63.8629,2,0
41,570.816,268.241,2,0
42,23.8753,14.7827,2,0
43,400.819,241.224,2,0
44,565.73,52.9241,2,0
45,320.304,48.0051,2,0
46,299.519,93.9641,2,0
47,55.5373,77.1527,2,0
48,101.406,67.9282,2,0
49,83.2333,151.09,2,0
50,326.57,286.924,2,0
51,389.215,215.979,2,0
52,235.724,259.956,2,0
53,492.676,156.287,2,0
54,83.5707,53.5889,2,0
55,462.841,268.604,2,0
56,254.966,273.681,2,0
57,133.568,106.497,2,0
58,265.135,102.765,2,0
59,394.773,200.881,2,0
60,121.124,103.901,2,0
61,520.333,243.321,2,0
62,285.366,201.55,2,0
63,333.273,272.299,2,0
64,165.805,280.275,2,0
65,163.941,143.48,2,0
66,500.76,140.581,2,0
67,543.225,88.9791,2,0
68,84.3666,244.976,2,0
69,472.566,26.7792,2,0
70,194.273,7.63565,2,0
71,357.069,134.818,2,0
72,424.844,247.467,2,0
73,443.145,226.681,2,0
74,526.431,21.454,2,0
75,583.227,132.237,2,0
76,190.211,59.7253,2,0
77,357.107,81.5721,2,0
78,365.207,298,2,0
79,379.39,90.5098,2,0
80,97.3037,68.9687,2,0
81,555.984,294.189,2,0
82,138.654,205.966,2,0
83,397.879,195.247,2,0
84,312.401,177.296,2,0
85,295.055,221.782,2,0
86,61.3653,112.766,2,0
87,305.045,103.386,2,0
88,240.731,146.139,2,0
89,365.633,203.823,2,0
90,349.164,132.432,2,0
91,288.188,95.0389,2,0
92,573.041,111.961,2,0
93,538.81,59.6869,2,0
94,317.048,124.975,2,0
95,232.18,150.3,2,0
96,165.66,114.997,2,0
97,129.905,277.761,2,0
98,494.856,248.451,2,0
99,182.289,114.247,2,0
100,512.692,131.706,2,0
101,138.367,190.843,2,0
102,64.7305,106.599,2,0
103,393.923,129.571,2,0
104,287.036,112.883,2,0
105,478.779,232.969,2,0
106,353.891,216.465,2,0
107,484.143,75.415,2,0
108,399.976,102.806,2,0
109,458.341,147.901,2,0
110,396.5,283.429,2,0
111,297.441,293.444,2,0
112,20.561,143.455,2,0
113,61.2608,218.092,2,0
114,180.288,190.809,2,0
115,315.28,151.449,2,0
116,417.243,261.308,2,0
117,273.217,44.9368,2,0
118,502.735,8.1055,2,0
119,569.445,133.389,2,0
120,336.591,215.856,2,0
121,450.753,59.0986,2,0
122,271.726,136.503,2,0
123,341.91,277.615,2,0
124,188.704,71.9213,2,0
125,60.2958,214.175,2,0
126,128.425,117.66,2,0
127,284.382,50.1332,2,0
128,406.438,161.405,2,0
129,93.9927,229.471,2,0
130,374.214,123.402,2,0
131,498.303,265.762,2,0
132,408.672,215.268,2,0
133,442.085,113.368,2,0
134,175.9,215.701,2,0
135,176.372,250.716,2,0
136,415.955,114.084,2,0
137,279.209,114.44,2,0
138,96.6644,242.907,2,0
139,137.042,131.639,2,0
140,519.518,102.311,2,0
141,240.893,92.9172,2,0
142,23.0514,179.525,2,0
143,61.7696,203.658,2,0
144,145.823,154.572,2,0
145,115.316,87.7621,2,0
146,425.095,167.571,2,0
147,394.805,15.5494,2,0
148,6.71601,45.6268,2,0
149,137.087,50.6523,2,0
150,312.357,6.69638,2,0
151,54.4652,221.061,2,0
152,282.478,251.695,2,0
153,367.052,74.6899,2,0
154,322.267,67.1944,2,0
155,272.558,251.124,2,0
156,107.089,285.679,2,0
157,508.421,179.326,2,0
158,154.221,88.441,2,0
159,578.369,220.419,2,0
160,419.069,213.363,2,0
161,540.027,192.267,2,0
162,470.347,256.087,2,0
163,547.358,281.111,2,0
164,474.692,104.744,2,0
165,574.468,202.096,2,0
166,157.64,205.402,2,0
167,172.133,266.762,2,0
168,371.902,174.141,2,0
169,481.47,177.887,2,0
170,126.304,20.3942,2,0
171,547.993,83.6059,2,0
172,212.859,15.3875,2,0
173,311.131,222.699,2,0
174,56.9665,90.3214,2,0
175,149.957,25.6829,2,0
176,18.5858,235.931,2,0
177,429.341,166.159,2,0
178,456.184,144.413,2,0
179,103.995,22.0808,2,0
180,26.0691,164.609,2,0
181,439.214,180.975,2,0
182,533.907,9.70842,2,0
183,516.463,290.641,2,0
184,35.1228,185.706,2,0
185,422.225,113.089,2,0
186,421.595,175.784,2,0
187,10.2062,131.14,2,0
188,151.265,151.093,2,0
189,14.7269,238.694,2,0
190,468.888,22.5503,2,0
191,424.87,129.464,2,0
192,19.3283,69.7502,2,0
193,344.759,280.446,2,0
194,484.064,35.0424,2,0
195,219.792,289.552,2,0
196,115.047,60.4536,2,0
197,292.831,204.803,2,0
198,410.05,171.532,2,0
199,570.261,7.9951,2,0
200,525.543,63.0838,2,0
201,579.329,292.695,2,0
202,447.337,28.5611,2,0
203,225.691,14.2576,2,0
204,364.856,195.691,2,0
205,508.886,261.936,2,0
206,94.1088,60.4484,2,0
207,285.441,289.918,2,0
208,433.61,110.396,2,0
209,329.089,92.8308,2,0
210,70.5011,113.325,2,0
211,523.592,55.3776,2,0
212,294.097,295.789,2,0
213,475.481,93.3904,2,0
214,208.791,36.2142,2,0
215,585.157,230.981,2,0
216,76.3821,176.676,2,0
217,578.63,153.409,2,0
218,30.5727,219.209,2,0
219,322.206,271.718,2,0
220,23.5507,19.1752,2,0
221,370.893,126.532,2,0
222,428.774,235.773,2,0
223,394.113,211.513,2,0
224,550.018,151.641,2,0
225,581.714,273.151,2,0
226,191.908,10.9744,2,0
227,64.5185,167.447,2,0
228,540.654,75.3717,2,0
229,349.905,274.348,2,0
230,222.719,141.567,2,0
231,214.316,76.0723,2,0
232,102.581,3.14889,2,0
233,206.91,298,2,0
234,351.838,117.654,2,0
235,497.808,9.09992,2,0
236,563.484,138.234,2,0
237,221.255,45.0084,2,0
238,40.2791,147.701,2,0
239,73.0904,262.517,2,0
240,461.972,124.431,2,0
241,203.137,85.5791,2,0
242,81.7305,164.666,2,0
243,125.026,208.234,2,0
244,472.047,134.414,2,0
245,119.961,48.809,2,0
246,229.216,102.623,2,0
247,159.9,153.639,2,0
248,231.469,36.9931,2,0
249,452.015,174.205,2,0
250,209.584,77.1545,2,0
251,485.931,9.72145,2,0
252,133.504,71.5559,2,0
253,56.3305,195.166,2,0
254,316.383,130.394,2,0
255,264.925,199.905,2,0
256,319.497,160.225,2,0
257,78.9515,239.397,2,0
258,420.865,296.491,2,0
259,553.014,121.184,2,0
260,349.716,254.788,2,0
261,403.497,95.4458,2,0
262,588.628,59.0519,2,0
263,5.31412,156.538,2,0
264,145.183,88.4467,2,0
265,455.03,181.748,2,0
266,34.1026,161.273,2,0
267,145.719,185.536,2,0
268,206.251,113.704,2,0
269,306.628,118.375,2,0
270,198.048,120.726,2,0
271,491.502,233.892,2,0
272,236.421,198.821,2,0
273,5.73949,290.277,2,0
274,301.01,239.68,2,0
275,325.85,125.335,2,0
276,7.22591,94.5303,2,0
277,234.582,23.7535,2,0
278,67.2166,191.853,2,0
279,412.925,5.98515,2,0
280,38.3871,139.989,2,0
281,217.498,260.412,2,0
282,119.97,201.678,2,0
283,460.938,281.205,2,0
284,496.888,280.581,2,0
285,462.837,89.8851,2,0
286,171.79,22.8014,2,0
287,177.215,242.525,2,0
288,396.386,33.6982,2,0
289,77.6363,208.356,2,0
290,453.814,117.738,2,0
291,528.126,292.884,2,0
292,357.136,261.748,2,0
293,516.491,68.1259,2,0
294,458.749,156.962,2,0
295,503.859,22.7812,2,0
296,439.989,134.866,2,0
297,518.638,42.8034,2,0
298,228.852,125.353,2,0
299,595.864,197.045,2,0
300,452.103,289.861,2,0
301,159.709,137.82,2,0
302,356.941,138.865,2,0
303,378.425,162.24,2,0
304,502.128,101.238,2,0
305,538.486,131.063,2,0
306,266.178,87.9563,2,0
307,120.536,118.276,2,0
308,52.2349,101.221,2,0
309,483.857,207.711,2,0
310,440.079,50.7117,2,0
311,522.076,86.9758,2,0
312,237.138,185.614,2,0
313,65.5712,251.389,2,0
314,493.4,177.581,2,0
315,424.584,87.2812,2,0
316,119.338,171.825,2,0
317,222.616,90.9293,2,0
318,226.784,43.4539,2,0
319,264.758,34.2984,2,0
320,425.599,273.001,2,0
321,581.661,218.145,2,0
322,282.482,123.19,2,0
323,130.332,258.4,2,0
324,502.961,81.5713,2,0
325,353.435,24.8822,2,0
326,368.875,153.302,2,0
327,159.436,200.997,2,0
328,13.1588,245.998,2,0
329,102.073,178.919,2,0
330,381.864,9.5452,2,0
331,580.309,95.8587,2,0
332,305.729,155.039,2,0
333,0.367958,17.8163,2,0
334,174.27,121.233,2,0
335,247.229,36.1236,2,0
336,396.343,113.024,2,0
337,238.356,191.929,2,0
338,497.585,84.2712,2,0
339,269.62,21.0294,2,0
340,264.602,143.908,2,0
341,103.379,279.773,2,0
342,486.609,54.3725,2,0
343,587.168,81.1258,2,0
344,186.366,128.917,2,0
345,223.502,248.519,2,0
346,256.894,46.8571,2,0
347,439.284,74.5541,2,0
348,461.518,187.979,2,0
349,597.783,286.59,2,0
350,75.3598,143.138,2,0
351,122.024,226.728,2,0
352,87.7367,238.668,2,0
353,405.592,197.219,2,0
354,223.418,173.714,2,0
355,424.002,160.619,2,0
356,51.1485,156.472,2,0
357,210.551,18.6615,2,0
358,567.884,230.733,2,0
359,493.765,152.346,2,0
360,453.49,277.225,2,0
361,497.834,202.553,2,0
362,118.216,125.602,2,0
363,527.254,201.516,2,0
364,205.122,104.472,2,0
365,370.872,283.372,2,0
366,272.256,121.974,2,0
367,81.3206,192.418,2,0
368,124.344,116.799,2,0
369,592.495,201.963,2,0
370,197.23,38.0351,2,0
371,485.19,241.763,2,0
372,56.0018,165.888,2,0
373,19.3151,14.3826,2,0
374,456.649,96.8819,2,0
375,190.394,97.7573,2,0
376,168.379,195.753,2,0
377,45.5433,106.07,2,0
378,487.411,107.027,2,0
379,106.63,10.7142,2,0
380,450.709,65.9934,2,0
381,145.436,73.1726,2,0
382,279.12,166.123,2,0
383,75.4249,21.6661,2,0
384,575.195,231.247,2,0
385,477.501,71.3382,2,0
386,218.983,170.058,2,0
387,532.893,27.8519,2,0
388,285.974,168.788,2,0
389,109.815,152.241,2,0
390,452.696,165.875,2,0
391,517.765,64.2502,2,0
392,262.783,247.374,2,0
393,260.8,146.345,2,0
394,407.042,138.518,2,0
395,64.2542,214.904,2,0
396,345.681,199.203,2,0
397,139.668,156.157,2,0
398,487.645,225.665,2,0
399,310.85,259.001,2,0
400,294.472,176.106,2,0
401,324.191,203.579,2,0
402,471.265,13.6761,2,0
403,214.51,247.62,2,0
404,55.2872,125.036,2,0
405,36.1844,108.964,2,0
406,441.946,15.0714,2,0
407,574.192,284.528,2,0
408,335.869,138.463,2,0
409,198.662,160.769,2,0
410,148.263,81.0808,2,0
411,450.18,298,2,0
412,248.997,207.517,2,0
413,180.637,55.6035,2,0
414,108.373,168.485,2,0
415,418.499,135.402,2,0
416,82.9171,226.038,2,0
417,169.841,122.919,2,0
418,11.1828,226.215,2,0
419,58.0168,8.98242,2,0
420,449.63,127.02,2,0
421,50.3175,209.988,2,0
422,22.4824,229.715,2,0
423,289.886,129.863,2,0
424,269.891,61.5342,2,0
425,369.249,228.92,2,0
426,65.29,88.515,2,0
427,383.939,26.0434,2,0
428,290.685,118.999,2,0
429,29.2044,118.916,2,0
430,14.9289,162.489,2,0
431,409.733,34.0071,2,0
432,120.104,243.739,2,0
433,308.143,77.8853,2,0
434,496.301,191.463,2,0
435,268.889,263.984,2,0
436,181.958,222.466,2,0
437,123.478,72.1292,2,0
438,532.002,40.4632,2,0
439,217.169,192.66,2,0
440,273.839,140.141,2,0
441,147.904,59.4676,2,0
442,323.359,58.8573,2,0
443,361.338,81.5515,2,0
444,176.693,219.67,2,0
445,230.931,247.758,2,0
446,537.476,227.962,2,0
447,180.186,294.73,2,0
448,359.575,221.979,2,0
449,135.022,98.6819,2,0
450,509.521,28.9077,2,0
451,32.2082,61.5711,2,0
452,252.269,214.471,2,0
453,322.434,62.8055,2,0
454,188.84,143.443,2,0
455,132.17,89.3975,2,0
456,206.129,155.619,2,0
457,118.956,18.7521,2,0
458,412.679,45.5679,2,0
459,393.856,2,2,0
460,361.046,138.961,2,0
461,113.069,105.704,2,0
462,82.5693,241.259,2,0
463,318.858,284.313,2,0
464,265.444,271.139,2,0
465,573.292,183.443,2,0
466,177.062,179.444,2,0
467,305.841,298,2,0
468,160.728,75.1475,2,0
469,26.084,205.892,2,0
470,45.8065,35.2386,2,0
471,112.96,81.535,2,0
472,295.245,155.941,2,0
473,104.659,294.514,2,0
474,444.212,81.4894,2,0
475,570.671,139.218,2,0
476,35.1002,79.0678,2,0
477,493.981,86.154,2,0
478,492.857,145.658,2,0
479,66.7607,293.442,2,0
480,52.0271,260.103,2,0
481,395.459,65.5377,2,0
482,330.137,249.199,2,0
483,476.193,134.182,2,0
484,342.754,269.533,2,0
485,213.844,284.059,2,0
486,8.8933,60.9936,2,0
487,198.777,10.4496,2,0
488,394.136,238.851,2,0
489,148.516,125.536,2,0
490,324.603,81.3224,2,0
491,360.904,247.89,2,0
492,227.481,262.834,2,0
493,584.816,197.135,2,0
494,97.4026,79.5134,2,0
495,91.608,175.677,2,0
496,459.139,15.8423,2,0
497,154.045,25.4824,2,0
498,496.96,35.8524,2,0
499,303.929,91.1842,2,0
500,242.196,212.453,2,0
501,284.975,176.764,2,0
502,319.374,58.4431,2,0
503,386.829,122.849,2,0
504,118.324,24.8745,2,0
505,122.386,230.768,2,0
506,443.899,167.094,2,0
507,214.205,67.6446,2,0
508,409.497,124.82,2,0
509,98.5587,22.2821,2,0
510,425.671,147.873,2,0
511,355.485,191.945,2,0
512,423.24,259.01,2,0
513,121.451,267.581,2,0
514,428.667,105.598,2,0
515,39.4536,59.4544,2,0
516,399.67,81.5382,2,0
517,433.265,51.8588,2,0
518,166.661,171.454,2,0
519,509.871,250.189,2,0
520,470.385,179.395,2,0
521,145.334,83.9552,2,0
522,331.206,103.38,2,0
523,466.84,89.0935,2,0
524,236.01,2,2,0
525,349.824,176.313,2,0
526,336.732,260.674,2,0
527,204.032,184.272,2,0
528,552.632,67.3468,2,0
529,571.208,106.347,2,0
530,384.938,76.3385,2,0
531,155.53,160.439,2,0
532,181.67,209.056,2,0
533,154.4,128.631,2,0
534,470.113,170.451,2,0
535,512.64,269.773,2,0
536,8.53012,281.516,2,0
537,91.138,263.538,2,0
538,220.181,238.004,2,0
539,280.124,33.2084,2,0
540,412.545,284.947,2,0
541,592.541,67.8223,2,0
542,564.401,96.5582,2,0
543,207.619,186.327,2,0
544,518.322,19.1263,2,0
545,307.98,204.339,2,0
546,455.876,173.135,2,0
547,76.3024,128.516,2,0
548,356.143,298,2,0
549,596.767,99.4745,2,0
550,407.271,186.94,2,0
551,374.086,79.4742,2,0
552,370.134,232.827,2,0
553,229.722,13.7135,2,0
554,540.53,139.067,2,0
555,592.301,78.4093,2,0
556,588.122,242.235,2,0
557,365.685,70.0922,2,0
558,148.945,178.153,2,0
559,331.951,52.216,2,0
560,199.872,264.023,2,0
561,546.604,61.7217,2,0
562,404.882,4.79705,2,0
563,382.255,183.27,2,0
564,420.936,270.353,2,0
565,365.658,212.015,2,0
566,434.517,8.44555,2,0
567,553.031,95.0224,2,0
568,284.537,160.821,2,0
569,154.97,110.732,2,0
570,590.147,211.537,2,0
571,248.59,182.103,2,0
572,118.148,289.634,2,0
573,141.068,250.866,2,0
574,248.594,293.608,2,0
575,81.5192,132.959,2,0
576,278.802,21.3068,2,0
577,14.2668,116.842,2,0
578,28.2632,107.328,2,0
579,377.631,38.0829,2,0
580,68.6432,131.126,2,0
581,443.715,63.152,2,0
582,21.7428,61.6003,2,0
583,158.58,210.409,2,0
584,98.998,143.234,2,0
585,145.699,291.173,2,0
586,146.586,96.5513,2,0
587,275.202,86.4006,2,0
588,159.432,286.145,2,0
589,375.122,159.845,2,0
590,313.471,51.6775,2,0
591,305.835,4.94327,2,0
592,428.867,247.063,2,0
593,385.16,63.5018,2,0
594,457.082,231.129,2,0
595,528.645,4.50122,2,0
596,161.617,290.411,2,0
597,186.602,33.7585,2,0
598,60.1058,141.645,2,0
599,141.052,132.46,2,0
600,46.9034,293.277,2,0
601,33.328,209.613,2,0
602,187.607,147.7,2,0
603,202.463,112.214,2,0
604,170.12,98.6492,2,0
605,592.659,19.5777,2,0
606,377.924,130.722,2,0
607,129.115,221.927,2,0
608,415.317,90.2427,2,0
609,413.259,128.628,2,0
610,359.832,39.548,2,0
611,339.109,129.261,2,0
612,512.614,226.623,2,0
613,290.695,298,2,0
614,263.067,156.238,2,0
615,504.644,271.981,2,0
616,554.731,170.684,2,0
617,406.199,230.301,2,0
618,125.659,294.101,2,0
619,379.62,135.227,2,0
620,327.06,116.984,2,0
621,466.811,150.275,2,0
622,117.408,255.046,2,0
623,318.462,96.2955,2,0
624,489.973,184.177,2,0
625,468.672,154.267,2,0
626,327.644,138.473,2,0
627,571.539,228.788,2,0
628,509.385,7.86997,2,0
629,556.003,35.9084,2,0
630,346.924,23.7986,2,0
631,576.732,68.1505,2,0
632,11.6324,278.911,2,0
633,583.152,185.601,2,0
634,242.519,191.481,2,0
635,559.551,81.4736,2,0
636,325.981,241.84,2,0
637,238.819,137.911,2,0
638,265.872,62.1461,2,0
639,133.768,224.257,2,0
640,77.4402,108.056,2,0
641,574.391,38.5878,2,0
642,205.428,14.0186,2,0
643,431.264,250.374,2,0
644,106.18,150.423,2,0
645,256.883,81.1409,2,0
646,235.195,219.136,2,0
647,284.934,43.6053,2,0
648,579.446,254.529,2,0
649,374.072,28.0533,2,0
650,375.164,87.4155,2,0
651,370.213,264.586,2,0
652,65.023,201.111,2,0
653,90.5852,146.81,2,0
654,323.289,233.046,2,0
655,158.251,256.736,2,0
656,380.167,24.2167,2,0
657,72.9402,272.877,2,0
658,154.37,15.0835,2,0
659,319.958,280.366,2,0
660,179.027,228.76,2,0
661,312.951,226.362,2,0
662,292.345,76.7527,2,0
663,101.926,188.131,2,0
664,79.7089,87.744,2,0
665,593.858,63.9918,2,0
666,520.253,238.472,2,0
667,192.43,177.475,2,0
668,84.3932,128.789,2,0
669,591.88,44.7362,2,0
670,548.877,251.793,2,0
671,560.202,249.905,2,0
672,513.883,127.761,2,0
673,538.474,197.531,2,0
674,201.782,234.45,2,0
675,88.7664,99.9148,2,0
676,320.611,19.0277,2,0
677,432.844,24.2034,2,0
678,173.327,202.203,2,0
679,584.875,162.35,2,0
680,83.1246,102.288,2,0
681,348.09,69.9899,2,0
682,20.9535,283.784,2,0
683,528.851,220.903,2,0
684,166.286,80.8297,2,0
685,445.492,274.531,2,0
686,172.826,253.198,2,0
687,277.04,99.9417,2,0
688,21.4531,262.369,2,0
689,447.519,211.901,2,0
690,346.425,125.881,2,0
691,375.119,143.489,2,0
692,405.814,297.56,2,0
693,110.02,66.8464,2,0
694,205.72,232.571,2,0
695,537.534,42.6003,2,0
696,318.867,206.013,2,0
697,315.934,164.163,2,0
698,94.4234,128.442,2,0
699,379.006,172.878,2,0
700,130.616,68.5038,2,0
701,4.44325,257.7,2,0
702,543.508,69.0139,2,0
703,123.037,46.1841,2,0
704,492.783,272.079,2,0
705,346.79,246.942,2,0
706,460.184,144.306,2,0
707,531.075,126.039,2,0
708,127.021,262.698,2,0
709,347.697,291.416,2,0
710,332.91,70.3505,2,0
711,438.153,114.876,2,0
712,453.679,33.4433,2,0
713,66.403,298,2,0
714,325.515,249.03,2,0
715,63.1693,191.968,2,0
716,534.856,238.914,2,0
717,268.794,268.02,2,0
718,485.546,200.712,2,0
719,474.927,173.062,2,0
720,65.4617,181.972,2,0
721,156.891,237.187,2,0
722,13.9954,8.48443,2,0
723,48.8069,13.4338,2,0
724,358.418,255.614,2,0
725,362.878,192.198,2,0
726,513.848,249.234,2,0
727,117.873,248.198,2,0
728,515.394,5.46816,2,0
729,233.231,294.906,2,0
730,110.52,28.5599,2,0
731,204.537,124.878,2,0
732,192.41,283.96,2,0
733,579.061,55.2099,2,0
734,465.821,207.997,2,0
735,169.926,189.833,2,0
736,494.154,244.065,2,0
737,219.094,87.1564,2,0
738,329.312,187.656,2,0
739,451.522,249.572,2,0
740,428.448,124.692,2,0
741,105.131,210.387,2,0
742,519.977,288.556,2,0
743,143.92,147.416,2,0
744,309.281,214.265,2,0
745,477.216,75.451,2,0
746,289.003,278.802,2,0
747,107.936,128.693,2,0
748,327.826,245.543,2,0
749,143.167,242.728,2,0
750,218.938,41.2314,2,0
751,512.914,288.662,2,0
752,412.008,111.676,2,0
753,10.0934,206.735,2,0
754,496.398,73.9166,2,0
755,156.79,281.161,2,0
756,357.476,122.655,2,0
757,416.022,174.489,2,0
758,107.334,31.8233,2,0
759,144.051,68.8472,2,0
760,63.1978,137.438,2,0
761,547.91,216.825,2,0
762,103.337,191.998,2,0
763,41.7572,206.89,2,0
764,411.701,121.27,2,0
765,595.487,107.476,2,0
766,278.544,245.906,2,0
767,598.215,14.0324,2,0
768,577.46,62.0392,2,0
769,261.608,25.7765,2,0
770,52.6266,14.9584,2,0
771,263.79,91.9477,2,0
772,26.0712,88.7705,2,0
773,198.97,256.058,2,0
774,45.8748,89.0484,2,0
775,438.607,46.8028,2,0
776,381.514,71.3217,2,0
777,281.485,147.645,2,0
778,559.446,33.7961,2,0
779,403.477,91.3337,2,0
780,341.664,298,2,0
781,109.726,49.3887,2,0
782,68.2535,268.248,2,0
783,77.1736,163.246,2,0
784,527.261,234.482,2,0
785,240.479,199.222,2,0
786,43.2168,255.974,2,0
787,329.125,216.156,2,0
788,148.642,141.886,2,0
789,317.951,100.357,2,0
790,210.371,264.546,2,0
791,285.118,190.365,2,0
792,193.509,83.7534,2,0
793,363.584,176.132,2,0
794,306.036,37.6212,2,0
795,353.648,153.233,2,0
796,149.033,85.5801,2,0
797,216.222,162.815,2,0
798,251.861,93.2297,2,0
799,547.86,265.715,2,0
800,7.66748,229.41,2,0
801,7.59865,266.413,2,0
802,198.034,223.154,2,0
803,477.751,12.8291,2,0
804,39.2976,155.456,2,0
805,182.503,159.781,2,0
806,405.318,211.981,2,0
807,407.357,101.808,2,0
808,390.044,37.1812,2,0
809,155.01,208.503,2,0
810,11.8691,153.13,2,0
811,368.779,110.147,2,0
812,231.228,217.857,2,0
813,551.418,101.305,2,0
814,228.975,273.331,2,0
815,151.993,193.197,2,0
816,446.848,183.763,2,0
817,141.49,246.52,2,0
818,459.489,169.104,2,0
819,283.866,259.836,2,0
820,378.97,64.6408,2,0
821,17.2265,77.6198,2,0
822,135.392,62.4397,2,0
823,19.6963,93.144,2,0
824,101.777,63.9073,2,0
825,218.708,218.665,2,0
826,282.983,277.264,2,0
827,344.732,55.2683,2,0
828,526.739,283.956,2,0
829,575.184,288.859,2,0
830,594.593,191.871,2,0
831,157.626,156.932,2,0
832,466.483,298,2,0
833,450.188,119.62,2,0
834,205.982,269.889,2,0
835,275.445,31.2702,2,0
836,98.4852,297.539,2,0
837,386.365,219.607,2,0
838,19.265,275.88,2,0
839,101.07,283.115,2,0
840,266.26,110.608,2,0
841,563.38,146.404,2,0
842,17.4537,262.533,2,0
843,148.585,252.256,2,0
844,469.264,46.9714,2,0
845,488.522,100.583,2,0
846,365.551,288.921,2,0
847,234.96,87.6558,2,0
848,374.698,164.115,2,0
849,547.502,102.866,2,0
850,386.591,193.654,2,0
851,390.06,260.293,2,0
852,12.3722,137.665,2,0
853,504.025,277.011,2,0
854,377.515,185.172,2,0
855,507.491,70.4792,2,0
856,424.608,298,2,0
857,492.62,122.559,2,0
858,358.487,64.9632,2,0
859,317.716,226.502,2,0
860,221.191,18.4338,2,0
861,441.398,204.665,2,0
862,240.164,158.213,2,0
863,325.565,182.661,2,0
864,168.508,90.5747,2,0
865,307.702,171.407,2,0
866,576.476,250.895,2,0
867,492.893,193.58,2,0
868,398.715,44.14,2,0
869,345.576,81.3111,2,0
870,483.375,106.758,2,0
871,45.7427,70.3474,2,0
872,409.546,42.9455,2,0
873,166.575,62.2894,2,0
874,571.391,160.953,2,0
875,50.8628,292.393,2,0
876,553.742,290.732,2,0
877,461.161,285.254,2,0
878,567.473,262.268,2,0
879,88.9226,168.064,2,0
880,449.609,8.46376,2,0
881,546.216,248.649,2,0
882,228.654,78.5467,2,0
883,11.8082,266.088,2,0
884,252.7,144.043,2,0
885,508.214,2,2,0
886,246.308,171.699,2,0
887,580.167,139.621,2,0
888,417.111,12.3267,2,0
889,535.093,200.006,2,0
890,176.723,238.207,2,0
891,300.896,12.1706,2,0
892,566.023,73.1924,2,0
893,95.1672,50.8412,2,0
894,213.065,230.253,2,0
895,263.217,282.114,2,0
896,567.648,213.435,2,0
897,280.435,152.766,2,0
898,583.081,170.043,2,0
899,468.877,164.931,2,0
900,46.6201,261.693,2,0
901,315.533,93.5388,2,0
902,264.846,106.842,2,0
903,27.0597,45.4041,2,0
904,73.1918,67.4181,2,0
905,591.602,148.829,2,0
906,88.1613,23.6958,2,0
907,474.351,59.4119,2,0
908,491.313,197.722,2,0
909,441.524,5.63886,2,0
910,512.591,284.624,2,0
911,201.822,78.5073,2,0
912,500.776,181.144,2,0
913,249.47,103.875,2,0
914,315.191,223.02,2,0
915,393.738,140.304,2,0
916,46.4922,275.824,2,0
917,289.487,289.85,2,0
918,241.895,263.489,2,0
919,320.842,14.4248,2,0
920,135.746,278.566,2,0
921,60.7314,107.82,2,0
922,375.551,100.096,2,0
923,106.749,79.235,2,0
924,354.023,294.099,2,0
925,142.292,199.975,2,0
926,289.263,293.977,2,0
927,337.665,36.0077,2,0
928,401.242,192.779,2,0
929,548.466,210.263,2,0
930,324.689,237.538,2,0
931,475.362,257.393,2,0
932,577.66,189.318,2,0
933,79.0529,140.858,2,0
934,561.706,101.375,2,0
935,171.446,72.8211,2,0
936,526.456,33.7337,2,0
937,30.2491,152.816,2,0
938,457.017,39.3018,2,0
939,214.423,54.4637,2,0
940,157.413,115.672,2,0
941,218.609,184.52,2,0
942,238.927,222.107,2,0
943,110.183,102.353,2,0
944,316.221,54.8931,2,0
945,537.096,271.106,2,0
946,523.94,249.416,2,0
947,215.747,48.8243,2,0
948,233.07,290.841,2,0
949,412.337,154.128,2,0
950,197.03,192.374,2,0
951,170.861,33.184,2,0
952,48.4507,143.176,2,0
953,68.7698,241.941,2,0
954,364.871,253.148,2,0
955,496.018,116.86,2,0
956,551.096,147.688,2,0
957,52.7076,52.3067,2,0
958,77.4805,58.2922,2,0
959,206.606,17.8979,2,0
960,599.16,116.442,2,0
961,152.868,163.741,2,0
962,515.056,281.367,2,0
963,81.4566,214.333,2,0
964,245.12,48.7778,2,0
965,547.559,179.498,2,0
966,168.6,253.277,2,0
967,586.973,46.2261,2,0
968,294.34,120.871,2,0
969,37.6472,176.677,2,0
970,305.022,282.632,2,0
971,570.56,45.8726,2,0
972,463.44,272.559,2,0
973,537.033,80.7898,2,0
974,503.591,236.239,2,0
975,445.357,230.091,2,0
976,517.861,87.1442,2,0
977,350.519,145.066,2,0
978,101.059,253.068,2,0
979,438.538,252.243,2,0
980,444.947,157.7,2,0
981,29.5359,296.401,2,0
982,484.643,70.0374,2,0
983,171.597,205.844,2,0
984,241.988,150.019,2,0
985,416.264,75.9279,2,0
986,440.908,236.992,2,0
987,0.713075,186.485,2,0
988,283.021,27.9717,2,0
989,31.8061,125.429,2,0
990,37.091,19.9629,2,0
991,264.226,50.829,2,0
992,238.454,239.677,2,0
993,226.52,176.286,2,0
994,202.717,204.183,2,0
995,223.732,62.7663,2,0
996,248.477,63.0543,2,0
997,169.149,269.506,2,0
998,97.555,177.776,2,0
999,244.754,290.757,2,0
1000,91.541,52.7222,2,0
1001,134.379,258.488,2,0
1002,427.225,261.031,2,0
1003,182.192,205.081,2,0
1004,52.5576,35.7422,2,0
1005,537.165,127.205,2,0
1006,473.841,160.89,2,0
1007,558.763,17.2423,2,0
1008,417.453,159.511,2,0
1009,298.103,177.795,2,0
1010,478.798,224.208,2,0
1011,427.646,226.324,2,0
1012,27.3457,158.268,2,0
1013,50.4698,97.1573,2,0
1014,564.928,192.306,2,0
1015,254.4,113.461,2,0
1016,496.717,273.073,2,0
1017,599.262,3.29113,2,0
1018,478.603,267.613,2,0
1019,593.523,123.162,2,0
1020,169.732,162.609,2,0
1021,204.691,62.2175,2,0
1022,570.45,195.554,2,0
1023,359.976,54.4756,2,0
1024,539.91,108.819,2,0
1025,462.304,298,2,0
1026,583.37,63.567,2,0
1027,486.437,125.272,2,0
1028,205.987,78.942,2,0
1029,263.047,160.429,2,0
1030,52.5855,83.4745,2,0
1031,242.083,40.6864,2,0
1032,234.523,41.7104,2,0
1033,99.3261,192.547,2,0
1034,506.091,100.599,2,0
1035,363.947,89.0521,2,0
1036,275.967,260.796,2,0
1037,564.236,238.538,2,0
1038,527.738,71.8712,2,0
1039,563.375,65.7125,2,0
1040,467.972,199.481,2,0
1041,361.716,229.341,2,0
1042,27.7757,246.609,2,0
1043,363.096,50.1031,2,0
1044,337.999,244.683,2,0
1045,452.465,37.5018,2,0
1046,244.209,280.394,2,0
1047,396.898,246.187,2,0
1048,199.03,168.545,2,0
1049,347.895,268.254,2,0
1050,6.76055,272.476,2,0
1051,114.954,78.0377,2,0
1052,357.655,204.428,2,0
1053,169.282,215.855,2,0
1054,445.267,24.4475,2,0
1055,592.177,88.5478,2,0
1056,218.615,113.205,2,0
1057,272.748,289.813,2,0
1058,117.01,104.348,2,0
1059,150.63,137.278,2,0
1060,286.977,47.0827,2,0
1061,105.463,49.3341,2,0
1062,253.535,15.0094,2,0
1063,66.7417,164.104,2,0
1064,391.259,101.78,2,0
1065,269.935,108.751,2,0
1066,414.868,86.1868,2,0
1067,107.696,45.8397,2,0
1068,73.7656,165.854,2,0
1069,49.7452,21.542,2,0
1070,451.282,170.077,2,0
1071,108.807,98.292,2,0
1072,546.814,35.1942,2,0
1073,242.684,18.5216,2,0
1074,538.703,205.042,2,0
1075,447.084,233.871,2,0
1076,48.1302,59.6519,2,0
1077,338.658,270.072,2,0
1078,572.247,57.2027,2,0
1079,98.4027,13.5753,2,0
1080,327.903,201.812,2,0
1081,447.667,198.46,2,0
1082,129.594,17.8231,2,0
1083,155.088,173.286,2,0
1084,127.861,57.0078,2,0
1085,281.661,273.435,2,0
1086,251.804,26.0958,2,0
1087,412.149,212.604,2,0
1088,115.005,44.4567,2,0
1089,457.274,100.863,2,0
1090,211.956,98.1885,2,0
1091,18.8638,44.9024,2,0
1092,571.75,244.021,2,0
1093,100.27,162.896,2,0
1094,483.319,245.336,2,0
1095,416.265,47.405,2,0
1096,528.106,67.6801,2,0
1097,338.156,96.7919,2,0
1098,363.682,105.372,2,0
1099,175.448,97.5667,2,0
1100,336.698,91.4131,2,0
1101,415.562,179.267,2,0
1102,92.671,238.584,2,0
1103,75.956,103.454,2,0
1104,253.315,265.722,2,0
1105,158.189,134.045,2,0
1106,349.427,232.898,2,0
1107,115.516,74.0187,2,0
1108,163.415,173.831,2,0
1109,497.323,142.673,2,0
1110,436.873,132.3,2,0
1111,260.721,18.5301,2,0
1112,53.1896,244.13,2,0
1113,328.801,19.8497,2,0
1114,529.653,111.881,2,0
1115,380.254,114.741,2,0
1116,22.128,278.935,2,0
1117,570.936,87.9113,2,0
1118,574.134,9.26878,2,0
1119,275.095,166.095,2,0
1120,584.389,84.0262,2,0
1121,53.7357,186.244,2,0
1122,522.328,20.6052,2,0
1123,251.331,218.527,2,0
1124,442.14,154.555,2,0
1125,468.707,42.6141,2,0
1126,225.328,131.267,2,0
1127,162.784,39.3856,2,0
1128,158.754,149.723,2,0
1129,345.703,73.2885,2,0
1130,36.1234,288.424,2,0
1131,84.1007,112.197,2,0
1132,477.863,138.056,2,0
1133,432.201,204.487,2,0
1134,31.3045,80.5783,2,0
1135,519.96,265.714,2,0
1136,101.909,212.776,2,0
1137,324.854,37.4195,2,0
1138,81.362,169.406,2,0
1139,82.2876,22.662,2,0
1140,288.183,108.868,2,0
1141,341.789,74.5983,2,0
1142,63.1543,80.2973,2,0
1143,446.514,47.078,2,0
1144,316.41,61.2327,2,0
1145,285.09,13.7326,2,0
1146,240.108,2,2,0
1147,264.576,267.114,2,0
1148,89.8888,280.7,2,0
1149,463.898,120.138,2,0
1150,568.313,143.006,2,0
1151,480.192,68.1115,2,0
1152,231.363,106.185,2,0
1153,496.257,229.544,2,0
1154,243.698,114.488,2,0
1155,54.4329,48.5843,2,0
1156,530.326,266.663,2,0
1157,17.3254,49.4329,2,0
1158,240.445,22.0104,2,0
1159,131.863,8.52203,2,0
1160,461.063,137.603,2,0
1161,127.148,129.167,2,0
1162,1.7403,174.934,2,0
1163,506.445,107.115,2,0
1164,551.338,117.359,2,0
1165,352.169,260.796,2,0
1166,206.946,65.8334,2,0
1167,241.772,81.4926,2,0
1168,387.438,104.062,2,0
1169,288.112,32.2154,2,0
1170,589.199,71.2774,2,0
1171,598.744,8.8427,2,0
1172,520.826,47.7464,2,0
1173,127.142,113.707,2,0
1174,47.8221,28.8381,2,0
1175,275.766,177.423,2,0
1176,369.724,206.18,2,0
1177,470.477,30.6285,2,0
1178,121.684,136.943,2,0
1179,54.4681,87.1878,2,0
1180,265.85,174.851,2,0
1181,462.535,56.8099,2,0
1182,19.8025,65.7277,2,0
1183,75.0391,89.6433,2,0
1184,126.37,190.058,2,0
1185,214.62,118.97,2,0
1186,47.1279,39.5653,2,0
1187,345.938,256.301,2,0
1188,213.081,155.249,2,0
1189,422.219,45.627,2,0
1190,286.092,197.53,2,0
1191,160.552,108.118,2,0
1192,490.662,97.1452,2,0
1193,534.894,123.815,2,0
1194,240.156,281.139,2,0
1195,177.194,36.7658,2,0
1196,64.8093,270.393,2,0
1197,517.031,241.043,2,0
1198,255.745,250.416,2,0
1199,62.3725,237.056,2,0
1200,362.201,15.6004,2,0
1201,129.51,241.123,2,0
1202,320.385,155.067,2,0
1203,228.419,151.9,2,0
1204,8.75638,84.2117,2,0
1205,492.555,56.434,2,0
1206,311.382,96.3894,2,0
1207,35.9439,14.1475,2,0
1208,79.7071,117.202,2,0
1209,134.287,142.492,2,0
1210,173.326,125.169,2,0
1211,42.4428,91.8018,2,0
1212,155.047,102.687,2,0
1213,245.808,250.544,2,0
1214,184.937,227.825,2,0
1215,15.6671,166.449,2,0
1216,216.45,82.778,2,0
1217,166.713,186.89,2,0
1218,523.906,220.771,2,0
1219,405.256,165.294,2,0
1220,530.512,216.681,2,0
1221,457.788,278.588,2,0
1222,490.481,25.0579,2,0
1223,154.612,11.0164,2,0
1224,590.25,15.6812,2,0
1225,514.311,209.941,2,0
1226,360.53,8.45936,2,0
1227,521.523,39.9435,2,0
1228,377.987,78.3555,2,0
1229,193.397,275.976,2,0
1230,294.041,127.497,2,0
1231,555.139,214.264,2,0
1232,268.051,99.568,2,0
1233,22.1677,89.7713,2,0
1234,462.348,293.853,2,0
1235,206.169,121.087,2,0
1236,507.935,265.921,2,0
1237,23.6076,250.71,2,0
1238,305.231,87.3599,2,0
1239,372.823,16.7451,2,0
1240,285.54,243.475,2,0
1241,226.254,160.452,2,0
1242,140.796,136.558,2,0
1243,434.459,31.7675,2,0
1244,98.9568,223.116,2,0
1245,362.222,121.003,2,0
1246,514.054,151.69,2,0
1247,102.476,298,2,0
1248,345.661,231.368,2,0
1249,315.573,243.605,2,0
1250,563.272,215.462,2,0
1251,130.055,265.459,2,0
1252,580.35,27.3022,2,0
1253,3.28056,69.1168,2,0
1254,578.057,8.48167,2,0
1255,258.328,262.066,2,0
1256,294.88,36.9871,2,0
1257,161.286,177.708,2,0
1258,207.897,182.327,2,0
1259,591.251,40.6751,2,0
1260,558.943,89.4885,2,0
1261,393.062,263.19,2,0
1262,104.502,290.413,2,0
1263,489.078,238.853,2,0
1264,362.739,244.131,2,0
1265,3.46656,112.825,2,0
1266,157.391,247.094,2,0
1267,9.06096,50.1651,2,0
1268,551.443,236.282,2,0
1269,67.8844,72.0148,2,0
1270,162.854,244.54,2,0
1271,584.571,257.388,2,0
1272,401.361,113.697,2,0
1273,331.922,244.981,2,0
1274,553.516,221.064,2,0
1275,334.398,280.406,2,0
1276,220.552,253.637,2,0
1277,567.892,60.1447,2,0
1278,102.882,137.208,2,0
1279,66.5098,218.327,2,0
1280,188.791,117.386,2,0
1281,95.8837,97.0201,2,0
1282,442.329,54.0588,2,0
1283,47.2394,155.471,2,0
1284,593.573,96.9439,2,0
1285,183.253,44.3722,2,0
1286,26.794,150.543,2,0
1287,389.507,267.792,2,0
1288,453.88,90.4112,2,0
1289,454.693,3.64224,2,0
1290,266.727,170.947,2,0
1291,86.8653,286.321,2,0
1292,124.048,274.821,2,0
1293,115.016,231.025,2,0
1294,415.077,33.9063,2,0
1295,496.562,112.696,2,0
1296,410.914,87.5574,2,0
1297,252.615,277.1,2,0
1298,118.009,121.426,2,0
1299,293.822,136.95,2,0
1300,223.449,203.754,2,0
1301,251.956,228.273,2,0
1302,53.0823,192.696,2,0
1303,149.715,290.882,2,0
1304,444.601,207.53,2,0
1305,69.8255,59.0216,2,0
1306,415.746,249.354,2,0
1307,346.589,59.6937,2,0
1308,99.0424,181.826,2,0
1309,584.724,141.081,2,0
1310,277.095,155.246,2,0
1311,71.9453,71.6152,2,0
1312,273.014,199.298,2,0
1313,466.551,168.341,2,0
1314,318.634,248.206,2,0
1315,63.9326,73.169,2,0
1316,46.0305,166.682,2,0
1317,525.457,159.351,2,0
1318,151.79,72.559,2,0
1319,517.412,166.919,2,0
1320,117.104,96.7812,2,0
1321,30.1256,184.083,2,0
1322,373.032,140.063,2,0
1323,526.852,98.7735,2,0
1324,116.219,108.276,2,0
1325,584.953,3.97769,2,0
1326,449.52,179.166,2,0
1327,57.6623,202.291,2,0
1328,237.621,33.1154,2,0
1329,29.8674,242.735,2,0
1330,70.1125,233.38,2,0
1331,417.107,40.2319,2,0
1332,393.46,61.4813,2,0
1333,588.09,138.769,2,0
1334,64.0697,197.214,2,0
1335,16.5524,61.1022,2,0
1336,381.015,288.006,2,0
1337,485.596,269.75,2,0
1338,163.474,43.4354,2,0
1339,120.955,295.691,2,0
1340,521.262,181.072,2,0
1341,535.197,186.281,2,0
1342,168.558,143.789,2,0
1343,72.4222,140.336,2,0
1344,72.4822,130,2,0
1345,517.748,80.9314,2,0
1346,598.392,181.199,2,0
1347,571.363,224.301,2,0
1348,553.357,261.342,2,0
1349,346.555,162.643,2,0
1350,232.493,20.3422,2,0
1351,14.9541,46.0941,2,0
1352,120.344,273.076,2,0
1353,316.435,258.25,2,0
1354,479.817,216.208,2,0
1355,92.2991,27.9108,2,0
1356,523.016,272.71,2,0
1357,396.548,153.32,2,0
1358,102.777,122.512,2,0
1359,577.227,258.163,2,0
1360,385.85,260.539,2,0
1361,495.906,58.6999,2,0
1362,87.1689,108.911,2,0
1363,104.591,61.0156,2,0
1364,207.997,218.783,2,0
1365,346.292,77.2511,2,0
1366,341.687,88.1662,2,0
1367,348.598,29.7766,2,0
1368,362.003,125.029,2,0
1369,25.2494,260.918,2,0
1370,574.145,255.347,2,0
1371,341.521,25.7264,2,0
1372,17.0576,290.845,2,0
1373,528.468,255.322,2,0
1374,418.438,44.0053,2,0
1375,151.94,146.951,2,0
1376,359.992,199.82,2,0
1377,173,167.439,2,0
1378,391.835,133.149,2,0
1379,535.144,234.833,2,0
1380,25.6702,297.781,2,0
1381,463.863,229.001,2,0
1382,333.774,62.1932,2,0
1383,17.4326,122.884,2,0
1384,552.166,17.4027,2,0
1385,123.626,111.596,2,0
1386,403.46,25.2,2,0
1387,264.022,178.508,2,0
1388,362.89,23.5787,2,0
1389,205.635,7.93531,2,0
1390,364.107,42.09,2,0
1391,380.817,292.823,2,0
1392,360.666,195.782,2,0
1393,565.641,131.621,2,0
1394,339.386,228.395,2,0
1395,279.044,276.554,2,0
1396,212.234,234.233,2,0
1397,123.378,170.919,2,0
1398,348.07,18.4072,2,0
1399,453.661,284.941,2,0
1400,147.751,170.18,2,0
1401,256.263,61.0894,2,0
1402,408.339,79.1315,2,0
1403,128.757,182.636,2,0
1404,421.869,15.7219,2,0
1405,12.6151,141.73,2,0
1406,492.705,189.564,2,0
1407,587.461,42.1006,2,0
1408,325.856,73.5023,2,0
1409,244.971,21.8966,2,0
1410,183.57,64.1039,2,0
1411,499.927,58.1219,2,0
1412,297.373,163.45,2,0
1413,358.926,113.616,2,0
1414,572.338,42.0459,2,0
1415,182.351,231.105,2,0
1416,310.609,45.249,2,0
1417,298.969,48.5562,2,0
1418,223.002,279.006,2,0
1419,0.767763,277.547,2,0
1420,81.4979,252.744,2,0
1421,15.7182,65.1373,2,0
1422,542.836,164.012,2,0
1423,205.505,91.7218,2,0
1424,506.611,124.965,2,0
1425,21.1748,48.2684,2,0
1426,401.947,2,2,0
1427,558.188,3.56402,2,0
1428,384.067,109.271,2,0
1429,437.491,124.406,2,0
1430,237.143,160.903,2,0
1431,346.926,114.669,2,0
1432,566.563,204.123,2,0
1433,404.032,183.596,2,0
1434,388.25,263.982,2,0
1435,172.366,249.061,2,0
1436,506.484,239.177,2,0
1437,557.203,240.968,2,0
1438,166.802,219.08,2,0
1439,41.6918,235.657,2,0
1440,385.532,72.1157,2,0
1441,491.67,108.141,2,0
1442,77.9984,39.738,2,0
1443,293.515,89.607,2,0
1444,342.106,157.974,2,0
1445,118.004,222.304,2,0
1446,74.5439,122.202,2,0
1447,542.734,206.279,2,0
1448,312.09,211.144,2,0
1449,537.221,168.102,2,0
1450,97.8557,212.89,2,0
1451,170.08,26.474,2,0
1452,503.118,126.942,2,0
1453,402.85,8.30407,2,0
1454,116.811,146.18,2,0
1455,200.633,97.8648,2,0
1456,18.5626,245.659,2,0
1457,363.747,159.257,2,0
1458,48.4713,229.803,2,0
1459,367.867,61.1608,2,0
1460,66.1361,174.824,2,0
1461,143.921,265.347,2,0
1462,305.736,249.98,2,0
1463,343.4,123.214,2,0
1464,571.926,61.2883,2,0
1465,221.346,267.132,2,0
1466,344.804,261.912,2,0
1467,4.25761,90.8856,2,0
1468,416.422,206.369,2,0
1469,294.946,234.487,2,0
1470,385.221,197.467,2,0
1471,284.152,264.246,2,0
1472,40.6468,12.7741,2,0
1473,511.327,40.2905,2,0
1474,124.861,253.402,2,0
1475,389.588,234.496,2,0
1476,278.038,214.531,2,0
1477,304.353,233.547,2,0
1478,274.465,64.6961,2,0
1479,293.012,68.9309,2,0
1480,116.126,155.509,2,0
1481,496.451,121.093,2,0
1482,560.243,175.604,2,0
1483,61.4478,170.304,2,0
1484,585.679,177.636,2,0
1485,259.443,284.144,2,0
1486,539.368,208.99,2,0
1487,201.632,139.615,2,0
1488,409.829,232.184,2,0
1489,556.53,98.6064,2,0
1490,156.505,122.252,2,0
1491,46.6661,211.974,2,0
1492,543.258,124.565,2,0
1493,531.517,74.3823,2,0
1494,562.437,117.131,2,0
1495,441.682,200.588,2,0
1496,131.967,271.712,2,0
1497,586.045,152.038,2,0
1498,84.8641,44.7427,2,0
1499,130.022,73.8917,2,0
1500,417.611,234.638,2,0
1501,114.136,122.591,2,0
1502,421.537,23.3357,2,0
1503,72.0487,214.193,2,0
1504,64.7534,101.512,2,0
1505,412.874,146.759,2,0
1506,219.568,160.239,2,0
1507,566.332,196.108,2,0
1508,248.637,253.385,2,0
1509,84.4155,185.131,2,0
1510,191.285,234.954,2,0
1511,294.793,45.8857,2,0
1512,252.507,101.045,2,0
1513,385.475,277.502,2,0
1514,217.159,173.706,2,0
1515,252.035,18.8571,2,0
1516,461.259,240.93,2,0
1517,4.9776,209.811,2,0
1518,332.006,17.3115,2,0
1519,223.147,137.588,2,0
1520,94.6801,20.6372,2,0
1521,304.563,193.389,2,0
1522,490.226,206.539,2,0
1523,26.1457,264.82,2,0
1524,533.2,44.339,2,0
1525,332.724,13.3696,2,0
1526,305.504,81.8526,2,0
1527,595.344,147.373,2,0
1528,140.168,212.48,2,0
1529,303.106,197.307,2,0
1530,313.014,72.9382,2,0
1531,540.377,39.7458,2,0
1532,477.702,117.897,2,0
1533,284.232,87.1716,2,0
1534,351.982,141.251,2,0
1535,446.023,59.386,2,0
1536,271.746,143.659,2,0
1537,103.075,238.039,2,0
1538,356.329,225.617,2,0
1539,493.85,7.97764,2,0
1540,231.909,243.848,2,0
1541,258.436,112.192,2,0
1542,312.749,188.149,2,0
1543,457.357,176.882,2,0
1544,466.189,116.852,2,0
1545,384.529,168.104,2,0
1546,504.768,261.663,2,0
1547,559.048,198.193,2,0
1548,574.528,197.352,2,0
1549,176.158,231.564,2,0
1550,465.769,275.819,2,0
1551,306.007,266.378,2,0
1552,94.0013,154.061,2,0
1553,133.537,124.165,2,0
1554,564.983,127.152,2,0
1555,333.171,66.1733,2,0
1556,239.402,229.635,2,0
1557,295.19,195.366,2,0
1558,97.7945,86.0086,2,0
1559,310.108,253.819,2,0
1560,559.098,145.367,2,0
1561,143.339,157.832,2,0
1562,508.756,139.282,2,0
1563,545.284,2,2,0
1564,80.3329,50.9391,2,0
1565,370.123,13.4602,2,0
1566,546.525,298,2,0
1567,578.555,85.2165,2,0
1568,250.584,79.0227,2,0
1569,74.0199,26.6981,2,0
1570,563.081,246.265,2,0
1571,558.818,274.869,2,0
1572,390.967,17.2946,2,0
1573,105.491,68.5177,2,0
1574,69.5438,183.213,2,0
1575,442.686,72.2945,2,0
1576,105.021,271.499,2,0
1577,257.539,116.095,2,0
1578,229.681,240.364,2,0
1579,280.958,176.675,2,0
1580,363.189,109.614,2,0
1581,455.881,7.48152,2,0
1582,445.302,247.47,2,0
1583,144.316,257.183,2,0
1584,531.885,108.438,2,0
1585,517.026,216.385,2,0
1586,238.882,97.9342,2,0
1587,93.41,103.908,2,0
1588,317.656,265.101,2,0
1589,380.67,57.1233,2,0
1590,337.473,207.872,2,0
1591,165.513,9.57144,2,0
1592,390.518,4.208,2,0
1593,27.4379,188.198,2,0
1594,310.378,60.5937,2,0
1595,440.548,143.177,2,0
1596,164.759,222.565,2,0
1597,394.347,242.907,2,0
1598,70.9242,162.123,2,0
1599,338.655,274.14,2,0
1600,290.545,264.32,2,0
1601,126.277,43.3807,2,0
1602,321.744,170.352,2,0
1603,162.966,181.451,2,0
1604,329.908,230.1,2,0
1605,83.9172,278.907,2,0
1606,352.469,290.076,2,0
1607,102.666,286.818,2,0
1608,77.4289,184.377,2,0
1609,422.038,66.4506,2,0
1610,511.427,68.869,2,0
1611,140.525,164.729,2,0
1612,178.315,4.74907,2,0
1613,84.9008,98.6933,2,0
1614,216.608,264.513,2,0
1615,97.1757,63.6939,2,0
1616,262.544,151.326,2,0
1617,32.9902,32.8146,2,0
1618,231.232,54.5106,2,0
1619,58.7303,270.576,2,0
1620,576.897,49.2725,2,0
1621,595.248,81.1614,2,0
1622,180.267,170.957,2,0
1623,1.09652,88.3339,2,0
1624,480.121,163.799,2,0
1625,259.703,119.612,2,0
1626,595.545,185.009,2,0
1627,422.822,70.5048,2,0
1628,304.059,75.8266,2,0
1629,503.524,207.63,2,0
1630,408.633,227.046,2,0
1631,297.319,241.765,2,0
1632,531.619,285.574,2,0
1633,249.994,139.591,2,0
1634,88.2321,77.1881,2,0
1635,315.885,142.53,2,0
1636,0.0352443,269.415,2,0
1637,104.637,96.3594,2,0
1638,535.117,293.911,2,0
1639,515.489,123.945,2,0
1640,135.656,156.698,2,0
1641,384.477,226.971,2,0
1642,431.733,217.723,2,0
1643,200.607,101.954,2,0
1644,381.458,199.019,2,0
1645,80.3096,98.8666,2,0
1646,234.495,283.558,2,0
1647,476.978,275.906,2,0
1648,32.1081,46.8474,2,0
1649,41.7578,267.87,2,0
1650,443.078,9.42259,2,0
1651,82.8193,155.672,2,0
1652,73.4772,57.2216,2,0
1653,467.603,15.4005,2,0
1654,108.183,203.278,2,0
1655,346.284,110.638,2,0
1656,417.419,131.34,2,0
1657,491.682,126.472,2,0
1658,137.262,237.737,2,0
1659,307.296,221.401,2,0
1660,214.882,139.294,2,0
1661,411.464,91.5936,2,0
1662,548.395,4.52779,2,0
1663,93.0635,64.4908,2,0
1664,455.877,107.147,2,0
1665,327.819,88.8405,2,0
1666,244.259,197.384,2,0
1667,85.8207,163.317,2,0
1668,529.689,79.18,2,0
1669,269.547,13.0994,2,0
1670,575.285,227.122,2,0
1671,476.114,203.906,2,0
1672,571.284,287.394,2,0
1673,236.188,125.635,2,0
1674,534.977,258.967,2,0
1675,378.254,103.196,2,0
1676,338.066,178.569,2,0
1677,275.366,278.314,2,0
1678,347.006,12.7349,2,0
1679,268.079,71.0972,2,0
1680,493.788,204.661,2,0
1681,188.526,237.884,2,0
1682,148.877,7.44285,2,0
1683,475.792,67.613,2,0
1684,103.474,33.0019,2,0
1685,476.139,16.6117,2,0
1686,330.159,60.3521,2,0
1687,160.436,252.618,2,0
1688,280.015,6.74081,2,0
1689,446.762,70.2858,2,0
1690,49.2853,237.908,2,0
1691,323.11,117.643,2,0
1692,309.285,268.887,2,0
1693,542.028,255.618,2,0
1694,464.726,25.6203,2,0
1695,333.645,156.887,2,0
1696,523.056,282.074,2,0
1697,264.907,188.506,2,0
1698,317.156,119.774,2,0
1699,341.758,246.376,2,0
1700,185.125,96.3729,2,0
1701,555.359,265.763,2,0
1702,329.71,126.583,2,0
1703,93.7892,277.245,2,0
1704,305.432,241.506,2,0
1705,273.596,130.169,2,0
1706,393.806,84.0887,2,0
1707,430.035,37.1914,2,0
1708,279.031,209.028,2,0
1709,156.259,251.013,2,0
1710,515.407,108.679,2,0
1711,331.247,208.519,2,0
1712,335.001,200.177,2,0
1713,123.041,181.243,2,0
1714,360.27,43.6466,2,0
1715,408.512,117.173,2,0
1716,428.181,187.792,2,0
1717,200.28,259.867,2,0
1718,543.53,27.7683,2,0
1719,329.697,74.9413,2,0
1720,58.4528,60.4323,2,0
1721,110.589,62.0896,2,0
1722,101.02,126.245,2,0
1723,260.254,213.717,2,0
1724,197.193,272.968,2,0
1725,76.5827,242.788,2,0
1726,580.275,45.4622,2,0
1727,2.0256,131.189,2,0
1728,286.756,21.5053,2,0
1729,465.947,265.869,2,0
1730,141.811,208.576,2,0
1731,457.179,282.606,2,0
1732,502.741,158.605,2,0
1733,230.311,50.5196,2,0
1734,88.6332,247.086,2,0
1735,256.631,25.6115,2,0
1736,241.405,178.899,2,0
1737,447.695,250.839,2,0
1738,236.668,45.2046,2,0
1739,225.176,102.519,2,0
1740,381.024,211.38,2,0
1741,308.813,15.2964,2,0
1742,269.443,139.864,2,0
1743,80.4525,187.008,2,0
1744,347.233,140.092,2,0
1745,536.061,13.2371,2,0
1746,82.2283,175.793,2,0
1747,552.048,85.0506,2,0
1748,215.052,243.033,2,0
1749,226.514,135.254,2,0
1750,536.028,246.865,2,0
1751,545.923,254.619,2,0
1752,570.773,186.645,2,0
1753,344.342,206.587,2,0
1754,152.894,56.5289,2,0
1755,54.1617,22.7823,2,0
1756,398.886,200.859,2,0
1757,409.805,243.734,2,0
1758,86.1603,27.2764,2,0
1759,376.419,286.985,2,0
1760,0.809058,198.923,2,0
1761,187.169,83.7416,2,0
1762,192.301,199.378,2,0
1763,204.751,192.522,2,0
1764,577.553,4.26993,2,0
1765,38.8511,187.617,2,0
1766,78.1953,231.708,2,0
1767,361.09,185.816,2,0
1768,196.799,124.616,2,0
1769,534.297,103.175,2,0
1770,161.477,274.556,2,0
1771,244.691,29.5313,2,0
1772,396.192,117.096,2,0
1773,30.1637,230.156,2,0
1774,432.106,20.1848,2,0
1775,444.568,19.7574,2,0
1776,10.4344,237.158,2,0
1777,334.913,181.16,2,0
1778,408.237,113.13,2,0
1779,483.888,196.989,2,0
1780,149.657,196.76,2,0
1781,173.748,171.517,2,0
1782,211.129,251.906,2,0
1783,545.288,151.799,2,0
1784,376.542,74.5701,2,0
1785,545.811,65.6885,2,0
1786,382.292,79.4511,2,0
1787,484.073,136.041,2,0
1788,238.625,133.139,2,0
1789,556.259,269.73,2,0
1790,72.3283,243.872,2,0
1791,355,201.376,2,0
1792,130.417,35.3472,2,0
1793,353.748,129.206,2,0
1794,139.377,63.0609,2,0
1795,376.735,15.5129,2,0
1796,56.819,274.181,2,0
1797,193.634,2.87562,2,0
1798,60.1011,209.989,2,0
1799,504.672,295.81,2,0
1800,434.171,261.536,2,0
1801,395.177,184.883,2,0
1802,441.094,260.132,2,0
1803,391.133,184.348,2,0
1804,277.801,49.5461,2,0
1805,529.21,30.7568,2,0
1806,140.931,128.436,2,0
1807,358.113,32.8124,2,0
1808,433.784,265.718,2,0
1809,77.706,272.782,2,0
1810,538.025,256.283,2,0
1811,459.015,104.495,2,0
1812,244.199,2,2,0
1813,419.378,222.405,2,0
1814,506.794,11.4026,2,0
1815,198.502,204.827,2,0
1816,432.98,224.799,2,0
1817,551.031,214.139,2,0
1818,536.685,26.4891,2,0
1819,351.149,72.6308,2,0
1820,315.526,218.988,2,0
1821,577.449,12.4815,2,0
1822,404.125,169.222,2,0
1823,10.6901,46.3679,2,0
1824,380.917,75.4638,2,0
1825,427.454,40.4122,2,0
1826,513.49,58.2431,2,0
1827,429.553,109.567,2,0
1828,32.9647,181.02,2,0
1829,112.216,203.311,2,0
1830,205.274,293.892,2,0
1831,520.32,218.982,2,0
1832,220.117,8.02137,2,0
1833,122.359,57.0718,2,0
1834,451.16,225.189,2,0
1835,418.146,155.568,2,0
1836,547.256,167.9,2,0
1837,309.412,242.679,2,0
1838,277.949,174.019,2,0
1839,568.845,49.7536,2,0
1840,584.948,166.363,2,0
1841,176.637,266.58,2,0
1842,421.929,285.026,2,0
1843,425.223,190.653,2,0
1844,595.549,220.819,2,0
1845,595.782,290.165,2,0
1846,128.004,65.3425,2,0
1847,420.575,32.8771,2,0
1848,168.987,167.399,2,0
1849,394.9,144.232,2,0
1850,197.737,179.343,2,0
1851,315.445,160.095,2,0
1852,186.299,296.481,2,0
1853,510.608,13.0448,2,0
1854,58.2901,280.663,2,0
1855,140.283,262.804,2,0
1856,73.6526,290.007,2,0
1857,456.592,18.998,2,0
1858,24.4901,34.931,2,0
1859,199.739,92.8114,2,0
1860,262.186,230.728,2,0
1861,580.066,241.354,2,0
1862,435.562,199.029,2,0
1863,286.017,136.08,2,0
1864,260.698,10.605,2,0
1865,564.993,121.686,2,0
1866,166.332,140.243,2,0
1867,266.636,205.93,2,0
1868,74.9786,82.378,2,0
1869,51.7069,61.634,2,0
1870,301.191,161.951,2,0
1871,212.212,277.209,2,0
1872,29.8487,166.246,2,0
1873,504.423,91.343,2,0
1874,86.0704,80.6052,2,0
1875,10.522,5.89156,2,0
1876,277.022,17.5198,2,0
1877,330.297,280.13,2,0
1878,383.779,22.0169,2,0
1879,453.352,229.598,2,0
1880,227.572,170.791,2,0
1881,492.551,64.6402,2,0
1882,471.468,72.6422,2,0
1883,256.088,19.1746,2,0
1884,335.696,204.284,2,0
1885,56.5244,26.5442,2,0
1886,210.013,285.469,2,0
1887,559.306,22.0607,2,0
1888,211.067,22.7782,2,0
1889,477.324,180.551,2,0
1890,388.198,238.353,2,0
1891,576.182,27.3624,2,0
1892,174.645,19.9809,2,0
1893,565.082,242.487,2,0
1894,308.779,127.88,2,0
1895,168.24,52.5568,2,0
1896,301.91,266.822,2,0
1897,7.51669,166.478,2,0
1898,377.771,298.935,2,0
1899,199.553,250.967,2,0
1900,65.259,3.61941,2,0
1901,462.705,184.043,2,0
1902,208.599,281.721,2,0
1903,541.064,20.0505,2,0
1904,493.588,239.93,2,0
1905,192.821,27.6093,2,0
1906,230.499,230.099,2,0
1907,458.853,267.673,2,0
1908,425.051,194.747,2,0
1909,142.784,98.0806,2,0
1910,102.994,85.5371,2,0
1911,235.23,6.05677,2,0
1912,529.082,26.6292,2,0
1913,393.242,225.031,2,0
1914,378.034,203.914,2,0
1915,4.41065,59.542,2,0
1916,319.228,109.197,2,0
1917,539.377,252.35,2,0
1918,383.042,263.587,2,0
1919,261.511,36.7291,2,0
1920,558.877,106.772,2,0
1921,452.992,258.834,2,0
1922,526.396,289.256,2,0
1923,397.881,237.073,2,0
1924,567.275,222.52,2,0
1925,100.771,155.981,2,0
1926,265.548,13.2496,2,0
1927,274.831,118.889,2,0
1928,394.445,29.1956,2,0
1929,211.302,39.4313,2,0
1930,75.9564,159.379,2,0
1931,341.719,153.629,2,0
1932,167.807,47.4236,2,0
1933,555.113,144.311,2,0
1934,225.066,52.1119,2,0
1935,258.096,230.393,2,0
1936,561.063,242.404,2,0
1937,526.773,102.888,2,0
1938,328.726,14.4194,2,0
1939,511.538,4.36951,2,0
1940,328.446,265.512,2,0
1941,512.565,51.7517,2,0
1942,107.177,231.542,2,0
1943,558.771,298,2,0
1944,599.726,92.2353,2,0
1945,197.346,72.0092,2,0
1946,564.29,87.2081,2,0
1947,301.22,280.911,2,0
1948,180.436,290.563,2,0
1949,220.475,14.422,2,0
1950,432.943,276.399,2,0
1951,47.1367,113.332,2,0
1952,139.805,143.513,2,0
1953,132.275,2.04569,2,0
1954,576.172,58.118,2,0
1955,27.7621,238.354,2,0
1956,271.222,68.5848,2,0
1957,504.4,178.904,2,0
1958,45.6511,20.9982,2,0
1959,312.775,33.2902,2,0
1960,95.0674,83.0039,2,0
1961,93.7495,143.845,2,0
1962,533.011,81.4455,2,0
1963,530.194,210.556,2,0
1964,91.1273,44.184,2,0
1965,255.6,279.935,2,0
1966,133.645,79.8085,2,0
1967,161.948,80.2201,2,0
1968,371.756,217.374,2,0
1969,287.107,156.234,2,0
1970,435.008,180.734,2,0
1971,436.87,237.272,2,0
1972,489.831,179.878,2,0
1973,39.6769,239.332,2,0
1974,522.829,51.262,2,0
1975,11.1929,127.083,2,0
1976,147.169,11.1631,2,0
1977,384.012,222.931,2,0
1978,260.369,68.0063,2,0
1979,379.02,49.2854,2,0
1980,357.122,17.4493,2,0
1981,103.651,199.984,2,0
1982,229.53,143.313,2,0
1983,150.771,17.696,2,0
1984,262.614,82.9771,2,0
1985,319.487,173.795,2,0
1986,489.087,45.1204,2,0
1987,477.442,130.213,2,0
1988,344.343,192.264,2,0
1989,560.675,228.292,2,0
1990,238.145,285.512,2,0
1991,532.565,114.713,2,0
1992,356.549,197.522,2,0
1993,313.964,255.03,2,0
1994,192.901,185.695,2,0
1995,290.559,114.849,2,0
1996,50.1669,70.0042,2,0
1997,279.853,159.908,2,0
1998,40.3234,275.078,2,0
1999,492.077,220.233,2,0
2000,556.12,248.912,2,0
2001,432.493,269.529,2,0
2002,42.4458,140.141,2,0
2003,126.156,258.597,2,0
2004,525.806,11.9248,2,0
2005,574.738,45.4503,2,0
2006,376.061,19.6291,2,0
2007,56.8531,110.376,2,0
2008,549.563,183.014,2,0
2009,219.456,94.9396,2,0
2010,498.263,49.4726,2,0
2011,373.519,71.7155,2,0
2012,112.449,70.0887,2,0
2013,504.739,51.2643,2,0
2014,382.434,203.947,2,0
2015,276.071,35.2294,2,0
2016,404.185,104.402,2,0
2017,207.597,95.1307,2,0
2018,322.014,225.142,2,0
2019,309.789,264.83,2,0
2020,372.232,31.6435,2,0
2021,472.622,44.6126,2,0
2022,180.025,176.619,2,0
2023,584.41,26.6335,2,0
2024,372.115,248.625,2,0
2025,552.058,179.763,2,0
2026,482.426,234.639,2,0
2027,515.968,182.558,2,0
2028,470.526,293.884,2,0
2029,588.588,257.039,2,0
2030,55.6699,262.268,2,0
2031,124.745,156.102,2,0
2032,331.879,191.354,2,0
2033,379.572,82.4513,2,0
2034,537.961,280.854,2,0
2035,174.605,287.71,2,0
2036,112.482,162.747,2,0
2037,582.464,87.7849,2,0
2038,302.998,147.298,2,0
2039,83.8187,88.1938,2,0
2040,255.784,11.5622,2,0
2041,126.573,60.9634,2,0
2042,189.491,182.033,2,0
2043,307.522,261.469,2,0
2044,471.61,50.2544,2,0
2045,491.56,250.852,2,0
2046,387.58,132.938,2,0
2047,515.238,104.603,2,0
2048,133.492,179.841,2,0
2049,482.802,117.697,2,0
2050,411.879,9.86015,2,0
2051,231.097,269.734,2,0
2052,345.632,8.90959,2,0
2053,339.251,148.462,2,0
2054,295.486,256.293,2,0
2055,573.042,76.3576,2,0
2056,55.1579,68.4127,2,0
2057,90.1165,14.8342,2,0
2058,244.488,89.3321,2,0
2059,443.351,39.6648,2,0
2060,458.171,184.608,2,0
2061,318.607,186.674,2,0
2062,288.859,177.729,2,0
2063,274.859,211.869,2,0
2064,63.167,178.5,2,0
2065,594.174,85.0541,2,0
2066,134.189,16.9513,2,0
2067,416.486,123.265,2,0
2068,285.194,294.035,2,0
2069,319.346,81.6057,2,0
2070,169.024,264.076,2,0
2071,158.169,277.347,2,0
2072,523.338,36.274,2,0
2073,295.212,41.7773,2,0
2074,286.149,214.944,2,0
2075,245.287,57.7717,2,0
2076,368.376,279.852,2,0
2077,40.3716,249.22,2,0
2078,112.165,143.456,2,0
2079,342.587,127.159,2,0
2080,2.93327,46.9671,2,0
2081,431.028,127.806,2,0
2082,132.48,20.65,2,0
2083,169.808,223.437,2,0
2084,450.148,106.903,2,0
2085,246.899,25.9911,2,0
2086,59.9835,166.438,2,0
2087,357.809,265.767,2,0
2088,39.1227,264.75,2,0
2089,2.89751,280.943,2,0
2090,271.466,256.685,2,0
2091,316.289,199.697,2,0
2092,380.477,118.954,2,0
2093,418.207,242.215,2,0
2094,122.034,284.113,2,0
2095,595.882,93.5448,2,0
2096,552.228,113.063,2,0
2097,150.677,64.4435,2,0
2098,421.249,204.79,2,0
2099,209.629,30.3773,2,0
2100,348.275,107.079,2,0
2101,426.255,154.925,2,0
2102,416.942,269.751,2,0
2103,220.986,116.466,2,0
2104,580.884,33.9491,2,0
2105,141.92,2,2,0
2106,316.711,17.9405,2,0
2107,12.3171,80.3292,2,0
2108,334.973,276.007,2,0
2109,384.495,186.622,2,0
2110,461.516,64.7374,2,0
2111,338.397,234.106,2,0
2112,371.283,161.439,2,0
2113,147.655,222.372,2,0
2114,301.98,100.785,2,0
2115,549.657,64.503,2,0
2116,240.809,141.947,2,0
2117,586.257,224.527,2,0
2118,98.6369,170.785,2,0
2119,408.623,167.617,2,0
2120,16.8083,191.571,2,0
2121,358.975,4.69756,2,0
2122,403.725,108.847,2,0
2123,353.385,147.875,2,0
2124,122.038,13.392,2,0
2125,414.863,194.927,2,0
2126,444.553,262.29,2,0
2127,367.815,43.9035,2,0
2128,98.9988,42.7472,2,0
2129,250.345,262.89,2,0
2130,384.891,209.777,2,0
2131,81.1847,91.4963,2,0
2132,180.741,67.0369,2,0
2133,426.974,281.045,2,0
2134,589.652,95.9611,2,0
2135,87.4117,214.833,2,0
2136,353.536,276.385,2,0
2137,499.06,198.733,2,0
2138,421.506,77.8276,2,0
2139,390.994,188.39,2,0
2140,333.526,298,2,0
2141,495.579,196.732,2,0
2142,79.2488,77.384,2,0
2143,307.22,159.568,2,0
2144,321.112,121.162,2,0
2145,523.105,202.063,2,0
2146,413.435,241.85,2,0
2147,434.313,253.026,2,0
2148,164.485,76.9888,2,0
2149,284.475,100.313,2,0
2150,187.277,285.104,2,0
2151,298.929,57.5215,2,0
2152,105.897,222.392,2,0
2153,9.32805,219.711,2,0
2154,274.428,298,2,0
2155,157.974,26.869,2,0
2156,313.107,196.734,2,0
2157,422.081,55.5938,2,0
2158,327.49,282.995,2,0
2159,187.227,290.857,2,0
2160,572.021,34.9004,2,0
2161,115.461,183.109,2,0
2162,517.63,202.962,2,0
2163,349.511,264.382,2,0
2164,148.554,204.483,2,0
2165,521.496,28.033,2,0
2166,594.843,9.91125,2,0
2167,321.188,6.55267,2,0
2168,61.7408,156.103,2,0
2169,460.695,275.514,2,0
2170,186.904,104.778,2,0
2171,419.739,250.029,2,0
2172,348.824,120.521,2,0
2173,585.888,101.162,2,0
2174,197.937,286.514,2,0
2175,332.712,284.129,2,0
2176,258.062,39.6989,2,0
2177,30.465,110.736,2,0
2178,156.74,75.7541,2,0
2179,258.853,57.9964,2,0
2180,8.3512,79.4428,2,0
2181,181.552,147.04,2,0
2182,102.649,170.679,2,0
2183,266.925,274.895,2,0
2184,156.803,106.285,2,0
2185,551.355,81.1025,2,0
2186,32.7342,204.596,2,0
2187,457.347,165.539,2,0
2188,58.739,294.211,2,0
2189,321.488,183.709,2,0
2190,129.194,192.935,2,0
2191,364.439,132.745,2,0
2192,312.01,27.8077,2,0
2193,103.907,160.945,2,0
2194,546.465,238.581,2,0
2195,463.242,79.287,2,0
2196,363.63,293.942,2,0
2197,556.043,159.732,2,0
2198,151.165,244.808,2,0
2199,147.006,294.965,2,0
2200,376.692,200.046,2,0
2201,553.714,139.051,2,0
2202,390.004,180.468,2,0
2203,237.239,13.8641,2,0
2204,108.182,14.4749,2,0
2205,547.84,286.766,2,0
2206,194.357,265.024,2,0
2207,447.719,35.4748,2,0
2208,299.031,40.2347,2,0
2209,212.467,164.428,2,0
2210,574.486,103.981,2,0
2211,57.8399,185.864,2,0
2212,204.201,188.505,2,0
2213,531.175,88.4715,2,0
2214,565.613,19.1798,2,0
2215,270.625,276.968,2,0
2216,277.81,149.705,2,0
2217,137.867,75.164,2,0
2218,578.933,215.208,2,0
2219,266.754,82.6091,2,0
2220,248.565,243.076,2,0
2221,314.292,43.2242,2,0
2222,182.279,48.2895,2,0
2223,340.21,168.117,2,0
2224,268.189,121.682,2,0
2225,154.368,132.724,2,0
2226,481.864,31.6708,2,0
2227,330.81,96.6082,2,0
2228,595.311,70.9064,2,0
2229,537.31,111.892,2,0
2230,497.345,77.9022,2,0
2231,442.121,77.4771,2,0
2232,97.7915,159.457,2,0
2233,347.237,181.721,2,0
2234,545.428,183.033,2,0
2235,434.037,193.316,2,0
2236,243.884,9.87441,2,0
2237,1.54192,241.373,2,0
2238,199.848,51.4605,2,0
2239,19.489,19.0084,2,0
2240,23.2897,239.197,2,0
2241,542.932,195.115,2,0
2242,420.868,129.218,2,0
2243,69.4232,208.04,2,0
2244,439.092,128.153,2,0
2245,11.0193,262.153,2,0
2246,106.727,298,2,0
2247,257.847,106.534,2,0
2248,326.214,209.446,2,0
2249,133.765,293.942,2,0
2250,356.943,248.805,2,0
2251,381.629,61.5862,2,0
2252,407.176,93.6147,2,0
2253,200.317,74.7633,2,0
2254,239.085,106.941,2,0
2255,248.991,107.858,2,0
2256,29.0705,179.666,2,0
2257,304.261,218.618,2,0
2258,266.009,118.311,2,0
2259,268.081,75.2518,2,0
2260,478.53,281.548,2,0
2261,556.451,209.233,2,0
2262,511.086,123.697,2,0
2263,595.518,4.80329,2,0
2264,144.653,134.766,2,0
2265,130.092,110.46,2,0
2266,543.358,251.453,2,0
2267,204.324,73.8691,2,0
2268,496.861,146.784,2,0
2269,284.148,92.3703,2,0
2270,147.288,150.147,2,0
2271,296.265,24.9075,2,0
2272,292.486,187.339,2,0
2273,186.428,160.802,2,0
2274,354.265,167.194,2,0
2275,453.101,10.4163,2,0
2276,219.14,241.909,2,0
2277,130.304,246.91,2,0
2278,172.466,153.352,2,0
2279,242.016,118.833,2,0
2280,205.582,228.549,2,0
2281,61.992,7.5315,2,0
2282,133.896,75.7039,2,0
2283,466.91,112.726,2,0
2284,70.1046,199.263,2,0
2285,454.09,236.06,2,0
2286,211.654,94.1403,2,0
2287,491.306,37.1716,2,0
2288,291.123,156.422,2,0
2289,256.062,287.929,2,0
2290,522.669,277.931,2,0
2291,530.473,270.796,2,0
2292,269.855,224.082,2,0
2293,588.273,77.2539,2,0
2294,542.236,63.7082,2,0
2295,465.587,219.638,2,0
2296,249.482,187.289,2,0
2297,163.081,296.046,2,0
2298,435.468,87.4962,2,0
2299,583.682,234.983,2,0
2300,60.1912,103.778,2,0
2301,387.188,189.69,2,0
2302,183.833,192.93,2,0
2303,341.74,132.363,2,0
2304,599.861,290.018,2,0
2305,509.121,242.426,2,0
2306,10.2029,21.6899,2,0
2307,427.323,170.947,2,0
2308,156.068,142.854,2,0
2309,102.092,148.58,2,0
2310,10.0928,119.203,2,0
2311,431.346,179.028,2,0
2312,348.997,224.532,2,0
2313,302.036,110.36,2,0
2314,304.493,237.566,2,0
2315,371.066,222.944,2,0
2316,259.641,100.926,2,0
2317,509.683,93.3653,2,0
2318,313.703,265.717,2,0
2319,518.76,145.244,2,0
2320,262.687,112.498,2,0
2321,544.258,38.3932,2,0
2322,586.843,220.314,2,0
2323,546.927,163.529,2,0
2324,81.4499,36.0061,2,0
2325,51.0358,201.12,2,0
2326,312.142,245.688,2,0
2327,45.6098,151.791,2,0
2328,368.998,114.988,2,0
2329,367.975,130.613,2,0
2330,268.814,259.737,2,0
2331,94.3626,201.573,2,0
2332,539.923,287.5,2,0
2333,596.996,279.136,2,0
2334,11.1647,76.3334,2,0
2335,527.546,37.6513,2,0
2336,416.183,287.033,2,0
2337,550.595,232.181,2,0
2338,454.738,240.056,2,0
2339,108.542,273.777,2,0
2340,233.452,12.1621,2,0
2341,550.729,7.83338,2,0
2342,62.6992,277.093,2,0
2343,337.805,183.945,2,0
2344,253.864,246.332,2,0
2345,19.924,111.767,2,0
2346,79.195,20.0229,2,0
2347,178.609,46.4893,2,0
2348,495.155,134.521,2,0
2349,211.007,205.886,2,0
2350,564.091,211.525,2,0
2351,25.1911,118.254,2,0
2352,55.1623,232.44,2,0
2353,322.327,191.353,2,0
2354,398.034,57.5394,2,0
2355,414.574,60.763,2,0
2356,94.8452,234.788,2,0
2357,463.594,195.849,2,0
2358,311.857,172.448,2,0
2359,451.973,220.109,2,0
2360,445.984,293.902,2,0
2361,402.685,29.1632,2,0
2362,573.035,240.201,2,0
2363,73.5979,227.666,2,0
2364,285.244,149.113,2,0
2365,592.576,2,2,0
2366,309.606,53.3205,2,0
2367,175.595,137.112,2,0
2368,159.458,173.167,2,0
2369,290.497,65.8102,2,0
2370,568.968,21.3968,2,0
2371,542.172,234.266,2,0
2372,453.782,63.1778,2,0
2373,388.339,10.6348,2,0
2374,477.865,184.526,2,0
2375,44.0901,247.662,2,0
2376,84.1312,236.898,2,0
2377,111.182,232.397,2,0
2378,459.705,200.991,2,0
2379,554.074,255.947,2,0
2380,285.432,118.806,2,0
2381,403.397,200.826,2,0
2382,76.2252,99.3568,2,0
2383,335.886,221.089,2,0
2384,392.812,50.7108,2,0
2385,50.6694,164.001,2,0
2386,335.599,105.584,2,0
2387,347.967,186.086,2,0
2388,352.734,222.907,2,0
2389,292.395,267.944,2,0
2390,93.6964,159.15,2,0
2391,111.428,74.0149,2,0
2392,403.473,120.555,2,0
2393,63.9773,148.443,2,0
2394,202.126,162.839,2,0
2395,578.808,113.888,2,0
2396,243.516,85.3323,2,0
2397,33.0734,240.103,2,0
2398,63.2055,116.481,2,0
2399,439.294,197.238,2,0
2400,360.438,151.819,2,0
2401,202.614,65.7165,2,0
2402,254.383,148.462,2,0
2403,169.485,38.1899,2,0
2404,91.9085,256.065,2,0
2405,262.398,55.8894,2,0
2406,66.8887,98.0428,2,0
2407,201.21,294.266,2,0
2408,432.409,132.23,2,0
2409,111.549,86.16,2,0
2410,413.679,132.898,2,0
2411,519.701,275.062,2,0
2412,407.934,222.95,2,0
2413,162.847,188.432,2,0
2414,371.677,45.1772,2,0
2415,183.487,252.898,2,0
2416,50.1978,177.149,2,0
2417,54.813,177.972,2,0
2418,120.503,114.234,2,0
2419,521.78,80.8442,2,0
2420,466.588,185.33,2,0
2421,554.739,298,2,0
2422,87.4871,73.1794,2,0
2423,590.976,219.087,2,0
2424,208.736,161.438,2,0
2425,56.8464,100.977,2,0
2426,34.4824,246.724,2,0
2427,173.898,55.8687,2,0
2428,569.853,64.7871,2,0
2429,474.642,197.11,2,0
2430,233.023,222.742,2,0
2431,567.003,41.0345,2,0
2432,488.732,58.207,2,0
2433,568.345,25.4276,2,0
2434,84.235,159.522,2,0
2435,157.22,176.683,2,0
2436,129.114,178.572,2,0
2437,507.291,45.4462,2,0
2438,542.573,135.325,2,0
2439,197.703,59.1689,2,0
2440,587.217,169.799,2,0
2441,104.92,28.4158,2,0
2442,120.947,34.8118,2,0
2443,39.7517,54.7933,2,0
2444,502.041,280.616,2,0
2445,95.9108,257.12,2,0
2446,412.74,276.925,2,0
2447,296.362,289.579,2,0
2448,442.237,240.812,2,0
2449,507.864,121.129,2,0
2450,49.5851,246.539,2,0
2451,184.45,4.54092,2,0
2452,68.0363,169.675,2,0
2453,533.244,49.867,2,0
2454,158.19,12.822,2,0
2455,262.45,46.547,2,0
2456,345.812,298,2,0
2457,216.195,233.036,2,0
2458,535.579,176.118,2,0
2459,543.279,106.64,2,0
2460,104.914,206.233,2,0
2461,498.15,224.422,2,0
2462,169.251,202.47,2,0
2463,304.93,107.569,2,0
2464,136.65,28.9894,2,0
2465,75.5763,7.5102,2,0
2466,27.4926,68.6467,2,0
2467,185.716,184.065,2,0
2468,475.159,226.941,2,0
2469,481.293,212.366,2,0
2470,87.659,197.607,2,0
2471,105.948,42.2139,2,0
2472,555.187,115.801,2,0
2473,177.746,114.397,2,0
2474,518.881,136.765,2,0
2475,172.986,283.719,2,0
2476,251.057,160.272,2,0
2477,576.907,238.886,2,0
2478,470.368,235.016,2,0
2479,232.882,121.033,2,0
2480,408.359,30.1566,2,0
2481,477.875,249.24,2,0
2482,361.093,297.4,2,0
2483,86.681,233.676,2,0
2484,294.496,116.266,2,0
2485,541.807,128.814,2,0
2486,492.312,118.484,2,0
2487,442.564,109.238,2,0
2488,497.821,101.627,2,0
2489,421.916,255.16,2,0
2490,214.078,190.072,2,0
2491,168.328,248.403,2,0
2492,339.626,106.05,2,0
2493,211.634,116.033,2,0
2494,439.963,212.647,2,0
2495,78.2647,250.12,2,0
2496,140.942,254.915,2,0
2497,555.249,191.273,2,0
2498,542.791,23.7585,2,0
2499,318.243,69.181,2,0
2500,361.098,92.0422,2,0
2501,398.639,29.0884,2,0
2502,152.668,253.092,2,0
2503,100.383,89.2272,2,0
2504,122.579,256.721,2,0
2505,551.353,293.995,2,0
2506,229.384,293.748,2,0
2507,504.899,144.835,2,0
2508,366.084,146.462,2,0
2509,445.302,203.295,2,0
2510,190.176,212.86,2,0
2511,200.634,176.474,2,0
2512,290.224,56.8617,2,0
2513,99.9977,82.6585,2,0
2514,563.38,83.2492,2,0
2515,227.326,55.4286,2,0
2516,54.0843,297.202,2,0
2517,152.134,115.416,2,0
2518,129.101,207.481,2,0
2519,185.346,18.6736,2,0
2520,305.222,229.636,2,0
2521,568.149,189.807,2,0
2522,486.573,298,2,0
2523,475.549,149.83,2,0
2524,88.3109,220.651,2,0
2525,371.201,166.184,2,0
2526,453.331,267.333,2,0
2527,597.091,87.8821,2,0
2528,242.739,110.121,2,0
2529,538.299,104.91,2,0
2530,59.182,192.356,2,0
2531,485.169,151.108,2,0
2532,434.01,291.99,2,0
2533,473.683,253.671,2,0
2534,308.549,114.819,2,0
2535,54.1084,142.279,2,0
2536,164.925,167.027,2,0
2537,525.786,296.244,2,0
2538,323.312,212.293,2,0
2539,209.249,294.634,2,0
2540,48.6043,52.4254,2,0
2541,143.292,151.459,2,0
2542,223.092,240.828,2,0
2543,193.617,150.129,2,0
2544,475.208,231.08,2,0
2545,238.793,251.559,2,0
2546,201.69,58.2231,2,0
2547,342.637,285.532,2,0
2548,186.794,210.444,2,0
2549,202.042,89.4759,2,0
2550,332.005,112.778,2,0
2551,574.178,146.626,2,0
2552,229.434,162.97,2,0
2553,377.223,290.959,2,0
2554,247.841,53.6535,2,0
2555,67.1285,115.548,2,0
2556,358.697,159.099,2,0
2557,308.4,238.727,2,0
2558,235.565,174.271,2,0
2559,129.542,125.239,2,0
2560,562.792,253.211,2,0
2561,322.935,199.597,2,0
2562,94.7468,136.629,2,0
2563,311.443,218.648,2,0
2564,4.78402,202.043,2,0
2565,499.926,237.899,2,0
2566,451.946,149.933,2,0
2567,3.48197,143.178,2,0
2568,385.59,1.51545,2,0
2569,541.228,56.1848,2,0
2570,456.144,290.495,2,0
2571,181.336,2,2,0
2572,527.088,180.953,2,0
2573,349.224,278.451,2,0
2574,525.673,174.46,2,0
2575,189.641,191.676,2,0
2576,573.935,265.515,2,0
2577,218.467,69.5784,2,0
2578,191.151,80.3339,2,0
2579,329.575,257.224,2,0
2580,110.536,94.4351,2,0
2581,164.623,136.546,2,0
2582,490.381,16.653,2,0
2583,399.173,185.108,2,0
2584,469.191,246.729,2,0
2585,346.542,284.077,2,0
2586,437.341,5.47757,2,0
2587,293.02,62.5764,2,0
2588,119.534,153.257,2,0
2589,426.68,243.604,2,0
2590,559.571,68.5671,2,0
2591,335.797,109.799,2,0
2592,410.717,95.6172,2,0
2593,376.849,117.045,2,0
2594,7.09225,88.0087,2,0
2595,339.765,121.355,2,0
2596,519.668,231.119,2,0
2597,17.3386,89.6027,2,0
2598,514.098,75.4758,2,0
2599,561.48,161.045,2,0
2600,522.653,32.2967,2,0
2601,57.5883,250.914,2,0
2602,157.089,22.8243,2,0
2603,296.984,274.784,2,0
2604,355.375,115.738,2,0
2605,271.678,48.996,2,0
2606,551.613,267.295,2,0
2607,105.812,17.8739,2,0
2608,106.88,218.413,2,0
2609,111.41,182.898,2,0
2610,274.159,194.134,2,0
2611,370.751,54.2809,2,0
2612,587.62,112.205,2,0
2613,29.1352,275.485,2,0
2614,225.522,144.437,2,0
2615,270.611,195.989,2,0
2616,471.613,241.226,2,0
2617,406.053,22.0101,2,0
2618,325.181,121.344,2,0
2619,11.4713,99.0533,2,0
2620,177.315,16.9689,2,0
2621,276.27,75.8758,2,0
2622,252.706,136.481,2,0
2623,153.262,80.5869,2,0
2624,443.083,182.066,2,0
2625,462.515,248.751,2,0
2626,65.8387,119.552,2,0
2627,286.66,282.298,2,0
2628,189.691,45.1059,2,0
2629,488.831,62.7305,2,0
2630,474.458,267.307,2,0
2631,48.486,102.969,2,0
2632,256.34,2,2,0
2633,33.506,176.953,2,0
2634,109.919,211.035,2,0
2635,441.907,293.644,2,0
2636,203.754,290.123,2,0
2637,426.389,277.074,2,0
2638,583.872,173.979,2,0
2639,483.494,49.6758,2,0
2640,334.371,21.6788,2,0
2641,14.0379,132.499,2,0
2642,331.917,145.934,2,0
2643,207.324,109.801,2,0
2644,441.242,159.415,2,0
2645,133.911,25.8688,2,0
2646,139.102,293.09,2,0
2647,340.282,191.745,2,0
2648,466.775,289.899,2,0
2649,183.558,77.1898,2,0
2650,412.362,228.621,2,0
2651,61.588,55.1734,2,0
2652,597.959,251.172,2,0
2653,295.651,65.7988,2,0
2654,260.129,288.212,2,0
2655,135.189,115.276,2,0
2656,236.406,117.857,2,0
2657,242.047,248.928,2,0
2658,541.136,188.116,2,0
2659,541.899,96.9974,2,0
2660,143.348,49.6022,2,0
2661,283.236,23.5038,2,0
2662,112.585,290.991,2,0
2663,272.942,281.572,2,0
2664,354.137,171.58,2,0
2665,175.986,199.047,2,0
2666,523.202,7.50345,2,0
2667,92.2512,218.112,2,0
2668,534.785,72.0528,2,0
2669,301.956,243.601,2,0
2670,520.564,12.7182,2,0
2671,247.923,223.209,2,0
2672,565.017,249.875,2,0
2673,233.099,165.126,2,0
2674,108.415,292.469,2,0
2675,586.899,7.92168,2,0
2676,481.458,202.059,2,0
2677,78.5101,24.9804,2,0
2678,434.672,48.0888,2,0
2679,599.429,111.919,2,0
2680,331.933,222.436,2,0
2681,523.502,286.471,2,0
2682,123.989,39.7313,2,0
2683,525.872,48.0442,2,0
2684,497.667,69.9674,2,0
2685,594.541,275.933,2,0
2686,2.75232,292.991,2,0
2687,340.288,290.445,2,0
2688,504.28,114.177,2,0
2689,566.59,148.909,2,0
2690,277.793,169.968,2,0
2691,147.657,33.5314,2,0
2692,256.749,161.435,2,0
2693,583.453,125.488,2,0
2694,27.4758,126.773,2,0
2695,364.85,19.5907,2,0
2696,145.73,174.012,2,0
2697,438.919,187.83,2,0
2698,53.8568,92.859,2,0
2699,87.3202,3.83564,2,0
2700,119.076,258.771,2,0
2701,129.194,138.78,2,0
2702,584.261,67.5592,2,0
2703,467.331,11.3295,2,0
2704,100.449,216.741,2,0
2705,175.045,86.9776,2,0
2706,463.887,134.679,2,0
2707,304.505,22.8853,2,0
2708,1.41256,100.111,2,0
2709,540.434,263.802,2,0
2710,396.162,79.5343,2,0
2711,136.864,135.721,2,0
2712,374.787,206.327,2,0
2713,414.58,94.1955,2,0
2714,63.4445,44.239,2,0
2715,61.6702,259.918,2,0
2716,232.977,100.666,2,0
2717,274.563,52.1655,2,0
2718,48.9459,215.28,2,0
2719,523.061,211.895,2,0
2720,423.625,288.882,2,0
2721,339.255,2,2,0
2722,507.622,58.4659,2,0
2723,0.512765,171.027,2,0
2724,419.378,107.903,2,0
2725,260.299,76.8516,2,0
2726,100.054,76.4157,2,0
2727,422.923,220.544,2,0
2728,553.358,229.121,2,0
2729,587.89,253.011,2,0
2730,463.252,74.0511,2,0
2731,173.502,226.453,2,0
2732,387.942,229.214,2,0
2733,286.55,25.832,2,0
2734,353.157,137.355,2,0
2735,410.85,185.074,2,0
2736,161.94,169.726,2,0
2737,98.8111,121.68,2,0
2738,52.9181,18.9593,2,0
2739,208.878,52.9859,2,0
2740,194.531,204.229,2,0
2741,85.0397,124.626,2,0
2742,91.6787,39.9921,2,0
2743,431.832,97.7645,2,0
2744,56.8524,266.384,2,0
2745,255.824,220.444,2,0
2746,261.995,276.637,2,0
2747,154.078,189.306,2,0
2748,348.813,295.305,2,0
2749,399.328,110.182,2,0
2750,87.7768,201.688,2,0
2751,415.667,231.035,2,0
2752,581.906,12.7566,2,0
2753,19.0821,168.589,2,0
2754,292.734,168.999,2,0
2755,560.804,258.734,2,0
2756,370.965,103.904,2,0
2757,16.033,110.499,2,0
2758,345.669,47.5164,2,0
2759,599.485,81.6318,2,0
2760,340.878,70.577,2,0
2761,516.714,220.956,2,0
2762,374.722,168.731,2,0
2763,488.652,110.932,2,0
2764,372.54,75.7833,2,0
2765,116.387,272.462,2,0
2766,567.087,200.056,2,0
2767,562.406,45.2257,2,0
2768,563.031,274.064,2,0
2769,147.813,67.3737,2,0
2770,534.003,21.302,2,0
2771,129.019,134.019,2,0
2772,462.845,48.2908,2,0
2773,585.001,15.3012,2,0
2774,173.009,29.2028,2,0
2775,402.492,251.977,2,0
2776,186.541,156.693,2,0
2777,543.93,266.697,2,0
2778,540.412,219.478,2,0
2779,578.454,103.29,2,0
2780,320.242,268.204,2,0
2781,472.553,157.07,2,0
2782,265.206,43.5082,2,0
2783,202.107,35.6329,2,0
2784,223.76,48.1885,2,0
2785,23.3226,40.6009,2,0
2786,345.699,216.605,2,0
2787,470.529,125.61,2,0
2788,534.825,77.3006,2,0
2789,195.516,249.874,2,0
2790,519.145,110.409,2,0
2791,486.641,204.588,2,0
2792,566.269,110.903,2,0
2793,470.583,61.0889,2,0
2794,300.991,73.0235,2,0
2795,383.408,85.9763,2,0
2796,261.768,31.4917,2,0
2797,188.545,94.1843,2,0
2798,264.642,164.115,2,0
2799,206.017,169.207,2,0
2800,65.8574,247.376,2,0
2801,142.964,64.9658,2,0
2802,595.255,30.5507,2,0
2803,220.436,83.2795,2,0
2804,125.354,270.993,2,0
2805,150.394,237.914,2,0
2806,453.073,99.463,2,0
2807,147.772,263.638,2,0
2808,338.418,59.5202,2,0
2809,108.557,163.676,2,0
2810,500.742,131.391,2,0
2811,287.121,140.063,2,0
2812,556.75,119.576,2,0
2813,302.066,16.0667,2,0
2814,258.396,149.551,2,0
2815,449.955,195.102,2,0
2816,92.0459,115.411,2,0
2817,15.5399,277.517,2,0
2818,315.024,207.732,2,0
2819,353.426,83.5112,2,0
2820,215.317,216.284,2,0
2821,560.949,166.262,2,0
2822,256.945,270.132,2,0
2823,278.969,29.2619,2,0
2824,249.434,211.629,2,0
2825,22.0549,272.79,2,0
2826,367.254,261.159,2,0
2827,23.2991,114.06,2,0
2828,247.075,271.308,2,0
2829,90.5228,210.138,2,0
2830,20.7856,120.635,2,0
2831,165.165,292.561,2,0
2832,596.404,230.299,2,0
2833,18.9744,174.372,2,0
2834,440.174,271.697,2,0
2835,200.008,226.806,2,0
2836,571.937,276.37,2,0
2837,90.2477,138.64,2,0
2838,568.814,164.18,2,0
2839,354.51,99.4351,2,0
2840,348.122,250.941,2,0
2841,500.974,189.349,2,0
2842,275.133,181.463,2,0
2843,1.05975,119.964,2,0
2844,458.824,261.031,2,0
2845,545.815,93.2851,2,0
2846,422.373,198.051,2,0
2847,177.249,152.005,2,0
2848,489.601,269.498,2,0
2849,83.1713,18.6974,2,0
2850,334.603,58.1377,2,0
2851,279.711,181.711,2,0
2852,232.413,111.447,2,0
2853,554.255,39.7192,2,0
2854,108.042,175.851,2,0
2855,589.977,292.889,2,0
2856,68.1114,274.213,2,0
2857,196.645,282.641,2,0
2858,263.636,286.118,2,0
2859,161.519,10.4386,2,0
2860,38.5456,90.3487,2,0
2861,367.604,292.477,2,0
2862,7.61326,115.055,2,0
2863,488.592,93.5928,2,0
2864,153.827,155.597,2,0
2865,329.133,253.192,2,0
2866,338.764,286.719,2,0
2867,581.665,99.9949,2,0
2868,102.758,79.5403,2,0
2869,542.251,172.01,2,0
2870,270.345,293.063,2,0
2871,286.779,17.4561,2,0
2872,54.558,96.8762,2,0
2873,442.86,289.65,2,0
2874,503.589,47.3318,2,0
2875,566.807,253.605,2,0
2876,371.93,185.811,2,0
2877,528.527,195.433,2,0
2878,270.245,132.641,2,0
2879,452.086,130.23,2,0
2880,56.2806,153.629,2,0
2881,473.743,263.328,2,0
2882,123.415,140.596,2,0
2883,500.167,231.624,2,0
2884,268.318,36.2788,2,0
2885,428.934,231.676,2,0
2886,166.891,176.17,2,0
2887,473.589,8.97021,2,0
2888,324.511,26.675,2,0
2889,253.177,97.0329,2,0
2890,208.724,61.8609,2,0
2891,596.583,67.0228,2,0
2892,305.322,18.6501,2,0
2893,471.16,230.201,2,0
2894,466.41,293.932,2,0
2895,431.601,196.655,2,0
2896,97.4221,17.4807,2,0
2897,132.795,228.816,2,0
2898,511.087,118.415,2,0
2899,480.958,83.2742,2,0
2900,449.421,186.998,2,0
2901,236.757,141.507,2,0
2902,179.967,130.314,2,0
2903,356.664,290.205,2,0
2904,226.686,39.4036,2,0
2905,205.809,206.741,2,0
2906,10.7806,294.814,2,0
2907,262.552,291.467,2,0
2908,258.622,88.8726,2,0
2909,160.264,20.3255,2,0
2910,368.628,140.095,2,0
2911,348.183,33.8254,2,0
2912,184.315,60.1257,2,0
2913,504.882,174.744,2,0
2914,308.661,85.2801,2,0
2915,438.093,94.329,2,0
2916,591.282,169.581,2,0
2917,540.372,117.117,2,0
2918,69.0772,50.3261,2,0
2919,382.543,238.93,2,0
2920,297.544,298,2,0
2921,16.4413,126.788,2,0
2922,523.049,104.432,2,0
2923,561.455,153.503,2,0
2924,88.0052,103.903,2,0
2925,267.337,284.484,2,0
2926,496.959,164.028,2,0
2927,461.007,208.03,2,0
2928,517.281,251.533,2,0
2929,435.703,150.593,2,0
2930,212.017,182.684,2,0
2931,465.224,225.123,2,0
2932,443.326,2,2,0
2933,362.008,207.601,2,0
2934,167.76,102.082,2,0
2935,201.101,135.539,2,0
2936,12.413,32.9409,2,0
2937,117.695,32.3396,2,0
2938,548.915,14.9215,2,0
2939,390.397,137.733,2,0
2940,529.164,161.264,2,0
2941,183.328,135.496,2,0
2942,247.227,17.5342,2,0
2943,106.156,226.789,2,0
2944,549.838,155.831,2,0
2945,560.692,37.8058,2,0
2946,151.024,281.445,2,0
2947,72.0352,248.188,2,0
2948,42.9675,190.688,2,0
2949,53.3003,276.377,2,0
2950,525.442,29.2051,2,0
2951,462.319,161.332,2,0
2952,45.882,130.074,2,0
2953,375.869,246.933,2,0
2954,83.7226,63.284,2,0
2955,226.745,155.624,2,0
2956,526,191.603,2,0
2957,253.775,22.5451,2,0
2958,489.249,175.627,2,0
2959,308.376,21.3899,2,0
2960,378.339,11.7315,2,0
2961,573.335,20.0888,2,0
2962,266.468,152.338,2,0
2963,151.498,261.204,2,0
2964,571.642,262.093,2,0
2965,282.662,281.389,2,0
2966,277.624,104.094,2,0
2967,458.283,140.616,2,0
2968,527.05,126.452,2,0
2969,251.348,123.569,2,0
2970,299.132,222.186,2,0
2971,282.08,46.7719,2,0
2972,113.827,170.66,2,0
2973,529.507,138.718,2,0
2974,477.435,200.049,2,0
2975,252.231,291.567,2,0
2976,207.841,203.255,2,0
2977,437.162,277.828,2,0
2978,415.978,110.075,2,0
2979,359.194,217.901,2,0
2980,175.214,2,2,0
2981,345.679,176.85,2,0
2982,481.341,285.036,2,0
2983,40.7757,183.211,2,0
2984,379.729,42.3754,2,0
2985,105.264,276.241,2,0
2986,497.403,187.499,2,0
2987,199.54,107.963,2,0
2988,418.586,163.388,2,0
2989,384.144,154.068,2,0
2990,256.942,85.2139,2,0
2991,388.194,79.5571,2,0
2992,280.585,15.4927,2,0
2993,505.401,37.9778,2,0
2994,388.977,75.4723,2,0
2995,532.62,169.37,2,0
2996,411.895,238.052,2,0
2997,175.303,262.503,2,0
2998,35.6297,212.959,2,0
2999,535.764,68.0271,2,0
3000,428.774,25.087,2,0
3001,417.993,201.151,2,0
3002,96.3024,89.8139,2,0
3003,167.061,110.784,2,0
3004,394.787,19.7029,2,0
3005,582.053,285.082,2,0
3006,110.921,287.318,2,0
3007,466.67,123.125,2,0
3008,533.827,96.9541,2,0
3009,12.8793,2,2,0
3010,451.111,270.839,2,0
3011,157.014,193.807,2,0
3012,430.948,121.336,2,0
3013,250.608,202.993,2,0
3014,354.386,125.251,2,0
3015,454.727,157.48,2,0
3016,539.788,248.36,2,0
3017,139.257,42.2514,2,0
3018,217.858,213.113,2,0
3019,372.47,7.28097,2,0
3020,429.357,117.612,2,0
3021,510.977,47.2341,2,0
3022,47.3614,24.8227,2,0
3023,72.0926,158.286,2,0
3024,592.454,182.403,2,0
3025,223.711,22.7054,2,0
3026,233.087,91.2747,2,0
3027,285.661,131.999,2,0
3028,220.839,275.283,2,0
3029,531.543,251.697,2,0
3030,50.8167,139.792,2,0
3031,220.478,263.2,2,0
3032,281.709,77.9693,2,0
3033,39.8335,48.862,2,0
3034,530.042,153.275,2,0
3035,89.1603,227.973,2,0
3036,571.83,281.148,2,0
3037,595.318,242.076,2,0
3038,126.393,92.0267,2,0
3039,370.303,258.441,2,0
3040,457.485,65.0764,2,0
3041,368.464,6.80917,2,0
3042,61.6493,267.676,2,0
3043,214.07,122.998,2,0
3044,422.168,138.809,2,0
3045,355.735,220.135,2,0
3046,61.3335,241.03,2,0
3047,522.089,3.62814,2,0
3048,257.969,123.375,2,0
3049,239.057,26.6457,2,0
3050,582.899,30.3948,2,0
3051,577.354,98.816,2,0
3052,597.154,207.576,2,0
3053,389.518,43.8347,2,0
3054,299.463,284.566,2,0
3055,123.098,89.7562,2,0
3056,70.1069,123.301,2,0
3057,408.314,240.008,2,0
3058,225.748,66.2234,2,0
3059,121.487,97.2978,2,0
3060,191.518,129.529,2,0
3061,580.36,276.989,2,0
3062,92.6594,242.641,2,0
3063,335.597,162.111,2,0
3064,550.777,169.963,2,0
3065,489.734,201.401,2,0
3066,125.94,225.295,2,0
3067,21.667,298,2,0
3068,90.2721,155.563,2,0
3069,83.8954,189.15,2,0
3070,420.537,124.167,2,0
3071,84.2124,106.211,2,0
3072,284.572,128.079,2,0
3073,54.5571,253.673,2,0
3074,161.546,213.447,2,0
3075,257.885,253.947,2,0
3076,215.972,291.001,2,0
3077,218.986,279.119,2,0
3078,330.883,276.13,2,0
3079,463.852,142.443,2,0
3080,453.711,206.627,2,0
3081,101.817,7.11471,2,0
3082,188.402,113.326,2,0
3083,237.716,203.349,2,0
3084,319.579,231.206,2,0
3085,313.971,261.644,2,0
3086,114.209,101.358,2,0
3087,1.62686,154.449,2,0
3088,293.902,7.23655,2,0
3089,346.176,235.465,2,0
3090,426.075,141.309,2,0
3091,399.958,5.51017,2,0
3092,388.732,61.4592,2,0
3093,559.248,9.11002,2,0
3094,275.744,202.319,2,0
3095,195.451,158.305,2,0
3096,258.653,187.749,2,0
3097,266.009,28.0912,2,0
3098,110.714,78.0823,2,0
3099,512.175,278.023,2,0
3100,8.29167,149.312,2,0
3101,190.045,39.9329,2,0
3102,561.543,124.745,2,0
3103,564.779,164.734,2,0
3104,155.948,146.869,2,0
3105,26.039,221.138,2,0
3106,121.851,205.723,2,0
3107,311.891,164.605,2,0
3108,338.414,294.063,2,0
3109,497.046,179.417,2,0
3110,219.791,49.4618,2,0
3111,488.877,243.378,2,0
3112,69.2932,88.1797,2,0
3113,563.039,293.981,2,0
3114,35.9525,251.066,2,0
3115,202.771,298,2,0
3116,395.459,204.857,2,0
3117,114.782,127.833,2,0
3118,299.878,270.309,2,0
3119,484.588,93.8327,2,0
3120,160.671,122.222,2,0
3121,122.367,25.4129,2,0
3122,20.0659,266.197,2,0
3123,207.789,261.343,2,0
3124,527.328,242.625,2,0
3125,388.05,33.0607,2,0
3126,588.2,194.23,2,0
3127,191.71,162.435,2,0
3128,436.721,218.021,2,0
3129,458.181,235.1,2,0
3130,508.727,271.719,2,0
3131,28.7749,136.425,2,0
3132,17.6223,297.439,2,0
3133,154.664,19.26,2,0
3134,76.3292,293.167,2,0
3135,120.931,239.732,2,0
3136,560.966,191.195,2,0
3137,266.826,232.823,2,0
3138,200.958,23.4055,2,0
3139,501.472,53.775,2,0
3140,291.726,111.018,2,0
3141,558.402,132.502,2,0
3142,358.557,74.0073,2,0
3143,262.34,167.427,2,0
3144,283.571,180.632,2,0
3145,8.99517,246.364,2,0
3146,546.809,205.972,2,0
3147,341.98,83.0996,2,0
3148,480.653,77.5622,2,0
3149,523.406,235.885,2,0
3150,132.229,262.043,2,0
3151,234.095,132.897,2,0
3152,224.264,2,2,0
3153,274.439,71.1429,2,0
3154,30.7959,174.004,2,0
3155,167.664,16.8944,2,0
3156,441.653,285.758,2,0
3157,485.884,259.037,2,0
3158,459.982,173.105,2,0
3159,468.362,281.856,2,0
3160,483.743,58.4227,2,0
3161,172.309,139.613,2,0
3162,540.511,184.088,2,0
3163,464.998,100.918,2,0
3164,280.463,42.9775,2,0
3165,578.599,159.729,2,0
3166,329.533,64.4526,2,0
3167,395.293,123.91,2,0
3168,246.423,192.55,2,0
3169,433.951,38.5237,2,0
3170,309.447,103.843,2,0
3171,342.43,162.002,2,0
3172,48.9209,148.651,2,0
3173,194.291,107.648,2,0
3174,431.954,82.3329,2,0
3175,358.253,48.648,2,0
3176,551.634,11.8247,2,0
3177,165.186,5.57358,2,0
3178,196.892,27.34,2,0
3179,312.488,276.629,2,0
3180,405.601,33.0894,2,0
3181,166.16,106.258,2,0
3182,139.174,280.765,2,0
3183,332.759,259.719,2,0
3184,597.83,77.9278,2,0
3185,180.604,117.921,2,0
3186,13.0643,49.6717,2,0
3187,386.925,88.0218,2,0
3188,291.058,183.526,2,0
3189,543.22,168.089,2,0
3190,162.639,259.7,2,0
3191,212.717,45.9021,2,0
3192,74.4177,296.811,2,0
3193,575.117,87.3186,2,0
3194,522.473,162.105,2,0
3195,345.494,134.029,2,0
3196,261.518,104.503,2,0
3197,597.299,21.5884,2,0
3198,336.464,196.435,2,0
3199,533.784,229.822,2,0
3200,208.948,290.1,2,0
3201,350.605,49.408,2,0
3202,56.1104,291.152,2,0
3203,301.447,251.582,2,0
3204,382.881,244.573,2,0
3205,533.921,255.105,2,0
3206,517.852,178.906,2,0
3207,338.516,212.219,2,0
3208,343.401,21.845,2,0
3209,87.1051,69.1457,2,0
3210,209.578,56.9394,2,0
3211,324.871,103.604,2,0
3212,429.224,85.8848,2,0
3213,332.93,135.737,2,0
3214,369.555,287.728,2,0
3215,369.289,298,2,0
3216,362.388,72.5081,2,0
3217,114.617,138.321,2,0
3218,510.079,135.436,2,0
3219,536.756,275.238,2,0
3220,64.1312,141.428,2,0
3221,381.673,29.501,2,0
3222,469.924,86.3964,2,0
3223,277.793,135.808,2,0
3224,248.415,153.316,2,0
3225,162.949,269.548,2,0
3226,393.001,285.697,2,0
3227,389.94,29.4443,2,0
3228,18.8102,131.605,2,0
3229,567.145,90.1188,2,0
3230,372.201,198.439,2,0
3231,4.8789,50.4751,2,0
3232,183.711,217.872,2,0
3233,56.3723,104.985,2,0
3234,65.2913,47.7994,2,0
3235,519.28,8.91832,2,0
3236,467.07,33.0265,2,0
3237,31.4573,188.183,2,0
3238,38.3095,25.5718,2,0
3239,314.478,88.1459,2,0
3240,358.169,146.625,2,0
3241,348.311,191.29,2,0
3242,196.139,49.7613,2,0
3243,520.418,247.321,2,0
3244,256.143,102.907,2,0
3245,240.768,195.194,2,0
3246,43.3231,24.6239,2,0
3247,350.176,78.4545,2,0
3248,592.581,51.9716,2,0
3249,207.368,243.662,2,0
3250,396.847,50.9978,2,0
3251,367.1,161.454,2,0
3252,380.475,99.7607,2,0
3253,527.334,247.198,2,0
3254,152.057,272.199,2,0
3255,1.58837,212.099,2,0
3256,348.641,228.647,2,0
3257,491.153,246.771,2,0
3258,319.643,202.082,2,0
3259,316.03,77.0177,2,0
3260,36.1223,143.56,2,0
3261,33.7279,197.645,2,0
3262,73.5668,93.4731,2,0
3263,116.345,150.305,2,0
3264,94.6814,132.497,2,0
3265,204.158,258.758,2,0
3266,71.1919,190.834,2,0
3267,138.876,90.3125,2,0
3268,257.641,73.752,2,0
3269,406.129,57.1771,2,0
3270,427.749,197.908,2,0
3271,160.646,185.018,2,0
3272,488.456,262.605,2,0
3273,27.9804,37.2144,2,0
3274,578.597,235.17,2,0
3275,417.183,253.24,2,0
3276,252.137,183.993,2,0
3277,308.468,292.332,2,0
3278,506.151,134.646,2,0
3279,367.216,100.947,2,0
3280,229.73,236.254,2,0
3281,16.3218,195.61,2,0
3282,489.916,258.732,2,0
3283,362.215,33.3091,2,0
3284,87.7311,255.352,2,0
3285,344.76,67.6319,2,0
3286,315.774,296.081,2,0
3287,599.393,96.2926,2,0
3288,136.191,198.605,2,0
3289,58.7278,244.592,2,0
3290,543.019,59.7735,2,0
3291,139.906,221.113,2,0
3292,558.194,188.31,2,0
3293,82.909,248.716,2,0
3294,50.3036,152.503,2,0
3295,469.068,100.915,2,0
3296,368.767,18.0256,2,0
3297,356.588,239.783,2,0
3298,506.521,62.4226,2,0
3299,530.513,185.232,2,0
3300,254.269,261.652,2,0
3301,408.289,12.1085,2,0
3302,209.197,43.8259,2,0
3303,568.583,218.569,2,0
3304,34.9996,92.4608,2,0
3305,116.088,142.224,2,0
3306,451.894,28.3642,2,0
3307,400.511,117.729,2,0
3308,528.556,51.1827,2,0
3309,132.814,94.972,2,0
3310,62.3376,281.26,2,0
3311,543.823,286.383,2,0
3312,485.272,103.057,2,0
3313,308.127,151.724,2,0
3314,525.802,80.158,2,0
3315,570.282,118.128,2,0
3316,156.866,82.7424,2,0
3317,350.485,86.462,2,0
3318,413.243,252.486,2,0
3319,362.458,148.363,2,0
3320,395.19,103.344,2,0
3321,220.8,4.01981,2,0
3322,27.9683,250.74,2,0
3323,415.882,210.791,2,0
3324,58.4288,137.924,2,0
3325,354.009,111.065,2,0
3326,139.941,19.637,2,0
3327,417.844,21.7976,2,0
3328,32.9581,274.231,2,0
3329,358.677,118.746,2,0
3330,55.911,161.768,2,0
3331,560.397,97.5324,2,0
3332,548.06,72.5683,2,0
3333,1.2018,207.934,2,0
3334,235.499,264.127,2,0
3335,413.257,234.261,2,0
3336,5.29116,277.652,2,0
3337,461.414,6.02141,2,0
3338,382.952,33.4414,2,0
3339,559.088,245.984,2,0
3340,287.831,286.178,2,0
3341,414.851,185.983,2,0
3342,221.767,196.459,2,0
3343,32.3905,107.221,2,0
3344,371.803,236.485,2,0
3345,496.935,288.436,2,0
3346,97.3048,204.546,2,0
3347,116.508,116.905,2,0
3348,310.377,136.425,2,0
3349,147.025,244.093,2,0
3350,314.665,248.811,2,0
3351,252.031,238.468,2,0
3352,449.925,41.1034,2,0
3353,447.945,290.064,2,0
3354,389.118,83.4532,2,0
3355,413.355,220.762,2,0
3356,237.908,180.916,2,0
3357,193.114,259.534,2,0
3358,16.1478,81.5854,2,0
3359,365.36,151.158,2,0
3360,41.8271,45.3887,2,0
3361,222.396,57.0742,2,0
3362,427.205,8.04366,2,0
3363,372.663,275.536,2,0
3364,289.367,36.0665,2,0
3365,484.116,79.8542,2,0
3366,200.607,40.3039,2,0
3367,320.787,113.079,2,0
3368,479.113,26.9569,2,0
3369,375.877,217.372,2,0
3370,5.89471,129.755,2,0
3371,352.458,226.94,2,0
3372,257.344,265.96,2,0
3373,528.982,165.351,2,0
3374,327.448,191.277,2,0
3375,466.546,61.1282,2,0
3376,83.9747,116.29,2,0
3377,587.011,298,2,0
3378,105.273,265.689,2,0
3379,453.595,141.28,2,0
3380,205.393,141,2,0
3381,503.186,163.022,2,0
3382,537.835,96.666,2,0
3383,463.216,170.674,2,0
3384,270.352,272.671,2,0
3385,193.192,57.023,2,0
3386,383.69,158.35,2,0
3387,438.386,291.677,2,0
3388,481.229,240.987,2,0
3389,207.963,248.556,2,0
3390,545.905,128.341,2,0
3391,98.6279,196.566,2,0
3392,255.968,134.069,2,0
3393,564.664,219.408,2,0
3394,209.848,170.755,2,0
3395,41.3945,136.165,2,0
3396,549.08,110.565,2,0
3397,534.133,85.2909,2,0
3398,292.698,152.727,2,0
3399,119.398,71.9889,2,0
3400,391.813,25.7698,2,0
3401,582.588,103.896,2,0
3402,246.645,204.265,2,0
3403,539.375,215.461,2,0
3404,304.357,278.329,2,0
3405,165.544,192.754,2,0
3406,478.546,298,2,0
3407,431.709,102.729,2,0
3408,459.944,120.83,2,0
3409,28.6277,122.935,2,0
3410,542.02,282.686,2,0
3411,544.01,85.0256,2,0
3412,495.021,39.5199,2,0
3413,331.002,199.064,2,0
3414,455.714,29.8996,2,0
3415,358.061,58.0276,2,0
3416,359.58,189.689,2,0
3417,87.1226,263.209,2,0
3418,496.137,168.093,2,0
3419,561.5,222.816,2,0
3420,241.599,163.471,2,0
3421,334.623,210.788,2,0
3422,290.764,18.4314,2,0
3423,523.391,108.545,2,0
3424,184.211,29.9511,2,0
3425,202.778,10.8527,2,0
3426,41.0191,104.698,2,0
3427,451.964,160.489,2,0
3428,545.418,12.8673,2,0
3429,87.0675,132.012,2,0
3430,71.3706,175.914,2,0
3431,240.351,291.624,2,0
3432,146.527,40.6204,2,0
3433,538.5,135.358,2,0
3434,186.581,204.004,2,0
3435,454.983,252.693,2,0
3436,420.835,280.272,2,0
3437,512.797,236.856,2,0
3438,165.303,276.133,2,0
3439,364.318,7.08288,2,0
3440,51.2528,75.5166,2,0
3441,589.037,3.91345,2,0
3442,546.847,23.434,2,0
3443,167.932,152.254,2,0
3444,459.996,218.78,2,0
3445,174.301,133.119,2,0
3446,40.2939,159.496,2,0
3447,158.062,16.9568,2,0
3448,235.787,298,2,0
3449,208.052,195.012,2,0
3450,59.1367,67.5851,2,0
3451,240.507,128.749,2,0
3452,308.046,209.853,2,0
3453,129.991,225.926,2,0
3454,577.463,132.716,2,0
3455,431.267,90.0241,2,0
3456,5.0825,98.4073,2,0
3457,598.245,274.328,2,0
3458,116.23,204.364,2,0
3459,508.986,254.184,2,0
3460,483.797,274.859,2,0
3461,3.68523,263.481,2,0
3462,73.715,206.924,2,0
3463,116.38,261.8,2,0
3464,447.523,53.2524,2,0
3465,473.1,100.978,2,0
3466,247.312,167.763,2,0
3467,571.192,53.1184,2,0
3468,518.97,170.657,2,0
3469,409.246,295.501,2,0
3470,268.395,65.6254,2,0
3471,235.598,83.6159,2,0
3472,191.326,195.394,2,0
3473,428.931,150.364,2,0
3474,319.828,210.155,2,0
3475,555.82,70.1899,2,0
3476,214.383,144.38,2,0
3477,586.214,105.597,2,0
3478,112.302,272.36,2,0
3479,291.551,193.517,2,0
3480,205.594,69.8892,2,0
3481,546.91,293.975,2,0
3482,84.8857,167.391,2,0
3483,590.297,48.5197,2,0
3484,127.315,70.9094,2,0
3485,239.821,298,2,0
3486,563.847,207.168,2,0
3487,593.524,175.304,2,0
3488,273.405,19.292,2,0
3489,316.916,292.068,2,0
3490,30.9578,71.5355,2,0
3491,313.602,127.39,2,0
3492,81.8033,8.22954,2,0
3493,485.163,83.7602,2,0
3494,332.426,131.669,2,0
3495,261.086,135.705,2,0
3496,373.8,252.311,2,0
3497,307.388,256.808,2,0
3498,582.686,92.5883,2,0
3499,11.8281,113.55,2,0
3500,514.672,163.905,2,0
3501,252.746,128.635,2,0
3502,276.356,254.924,2,0
3503,421.682,41.6115,2,0
3504,21.1033,290.286,2,0
3505,317.494,65.237,2,0
3506,37.929,125.66,2,0
3507,294.074,277.568,2,0
3508,167.005,288.895,2,0
3509,504.83,27.7008,2,0
3510,79.8091,276.304,2,0
3511,164.968,250.773,2,0
3512,581.186,39.2796,2,0
3513,249.595,14.2122,2,0
3514,338.529,171.784,2,0
3515,190.875,139.08,2,0
3516,261.263,108.629,2,0
3517,187.444,164.734,2,0
3518,513.393,173.97,2,0
3519,408.312,147.261,2,0
3520,40.2382,16.8314,2,0
3521,148.668,29.6195,2,0
3522,292.698,160.139,2,0
3523,514.93,11.3782,2,0
3524,271.544,4.87974,2,0
3525,36.5874,133.611,2,0
3526,122.413,122.345,2,0
3527,141.192,53.178,2,0
3528,355.859,178.889,2,0
3529,254.949,90.5969,2,0
3530,400.604,123.758,2,0
3531,461.205,23.6047,2,0
3532,554.806,205.51,2,0
3533,56.3149,214.631,2,0
3534,432.262,152.703,2,0
3535,443.707,35.5612,2,0
3536,357.602,130.662,2,0
3537,23.8572,293.982,2,0
3538,573.011,97.0182,2,0
3539,311.766,296.926,2,0
3540,363.343,76.4868,2,0
3541,257.56,15.2846,2,0
3542,520.948,130.654,2,0
3543,320.07,77.5944,2,0
3544,410.825,15.2942,2,0
3545,457.402,214.045,2,0
3546,18.4189,254.606,2,0
3547,486.379,5.70619,2,0
3548,380.568,187.897,2,0
3549,508.434,225.985,2,0
3550,6.00888,205.932,2,0
3551,136.897,11.9712,2,0
3552,75.924,138.334,2,0
3553,255.59,119.708,2,0
3554,462.654,289.784,2,0
3555,563.35,70.1497,2,0
3556,68.4733,15.2763,2,0
3557,501.477,247.557,2,0
3558,433.303,77.3766,2,0
3559,484.797,62.2822,2,0
3560,540.925,79.4228,2,0
3561,286.47,275.109,2,0
3562,3.49697,42.9672,2,0
3563,200.693,283.604,2,0
3564,41.8378,87.8168,2,0
3565,242.711,253.256,2,0
3566,22.3911,166.28,2,0
3567,245.3,76.1301,2,0
3568,36.1494,116.084,2,0
3569,74.0102,133.821,2,0
3570,15.9098,24.8068,2,0
3571,157.281,214.411,2,0
3572,593.67,286.697,2,0
3573,463.407,204.644,2,0
3574,422.262,275.213,2,0
3575,415.282,82.174,2,0
3576,562.73,171.876,2,0
3577,387.985,172.515,2,0
3578,450.055,293.551,2,0
3579,19.8119,294.08,2,0
3580,205.717,58.1995,2,0
3581,2.70051,5.40588,2,0
3582,250.822,273.457,2,0
3583,567.7,94.1055,2,0
3584,44.4105,197.728,2,0
3585,592.577,60.0124,2,0
3586,277.926,79.7077,2,0
3587,263.083,65.0558,2,0
3588,423.95,201.781,2,0
3589,237.9,80.0475,2,0
3590,298.016,107.824,2,0
3591,212.96,173.426,2,0
3592,288.982,69.8424,2,0
3593,197.131,215.282,2,0
3594,458.159,293.969,2,0
3595,325.412,274.154,2,0
3596,159.161,125.997,2,0
3597,53.2864,280.434,2,0
3598,368.251,95.0257,2,0
3599,391.538,219.279,2,0
3600,361.084,134.941,2,0
3601,472.869,111.872,2,0
3602,459.922,228.213,2,0
3603,283.191,209.216,2,0
3604,274.445,239.44,2,0
3605,354.773,20.9216,2,0
3606,508.959,111.629,2,0
3607,504.917,140.743,2,0
3608,130.396,189.115,2,0
3609,348.692,243.288,2,0
3610,318.122,34.2804,2,0
3611,299.787,128.293,2,0
3612,399.7,255.073,2,0
3613,439.712,151.375,2,0
3614,541.908,158.799,2,0
3615,578.397,201.202,2,0
3616,68.9426,46.0146,2,0
3617,140.148,160.437,2,0
3618,272.823,269.465,2,0
3619,530.243,22.7146,2,0
3620,0.861518,53.1028,2,0
3621,541.942,102.71,2,0
3622,588.09,143.322,2,0
3623,512.608,245.085,2,0
3624,88.2559,127.695,2,0
3625,173.876,115.655,2,0
3626,107.26,183.799,2,0
3627,207.15,252.55,2,0
3628,523.395,76.8895,2,0
3629,559.379,137.432,2,0
3630,591.681,6.99565,2,0
3631,47.4741,254.287,2,0
3632,209.904,226.532,2,0
3633,194.247,172.062,2,0
3634,544.378,176.364,2,0
3635,519.212,270.976,2,0
3636,17.9556,286.784,2,0
3637,401.808,298,2,0
3638,10.4815,54.0488,2,0
3639,66.5822,261.276,2,0
3640,303.302,95.7083,2,0
3641,220.889,179.304,2,0
3642,470.774,82.3435,2,0
3643,90.4176,231.991,2,0
3644,417.08,218.938,2,0
3645,256.091,167.027,2,0
3646,486.76,286.181,2,0
3647,480.232,252.485,2,0
3648,191.802,87.3964,2,0
3649,187.212,66.7742,2,0
3650,355.669,7.35991,2,0
3651,307.032,122.469,2,0
3652,450.663,4.49548,2,0
3653,252.514,69.9162,2,0
3654,325.074,92.9443,2,0
3655,498.93,109.462,2,0
3656,148.926,55.5419,2,0
3657,132.622,195.149,2,0
3658,24.6758,282.277,2,0
3659,561.437,53.0702,2,0
3660,128.203,250.466,2,0
3661,206.403,173.36,2,0
3662,462.97,244.667,2,0
3663,463.544,154.591,2,0
3664,562.207,195.364,2,0
3665,35.3316,282.341,2,0
3666,205.005,136.864,2,0
3667,284.693,239.511,2,0
3668,212.538,298,2,0
3669,519.318,106.318,2,0
3670,503.51,72.3481,2,0
3671,565.384,168.726,2,0
3672,43.8457,252.019,2,0
3673,101.69,274.058,2,0
3674,531.394,65.1057,2,0
3675,199.575,62.996,2,0
3676,49.4549,93.2255,2,0
3677,306.212,271.78,2,0
3678,361.791,225.342,2,0
3679,234.565,178.414,2,0
3680,20.8647,196.068,2,0
3681,308.918,90.1642,2,0
3682,179.861,212.952,2,0
3683,372.332,37.4694,2,0
3684,94.5485,2,2,0
3685,212.536,126.731,2,0
3686,256.647,144.996,2,0
3687,163.52,286.673,2,0
3688,581.92,203.166,2,0
3689,179.293,102.958,2,0
3690,434.861,281.309,2,0
3691,401.947,140.097,2,0
3692,436.975,184.292,2,0
3693,257.911,276.486,2,0
3694,473.554,55.3251,2,0
3695,335.108,115.514,2,0
3696,548.405,159.712,2,0
3697,185.119,39.1831,2,0
3698,428.861,267.83,2,0
3699,205.074,159.63,2,0
3700,470.486,298,2,0
3701,517.521,28.704,2,0
3702,536.811,18.4301,2,0
3703,313.406,284.666,2,0
3704,313.247,102.265,2,0
3705,195.005,68.704,2,0
3706,440.155,81.843,2,0
3707,7.23279,180.775,2,0
3708,365,136.834,2,0
3709,461.842,52.6931,2,0
3710,333.915,48.7082,2,0
3711,29.2611,77.0451,2,0
3712,380.27,2.80244,2,0
3713,2.72223,150.397,2,0
3714,147.476,193.401,2,0
3715,43.1938,263.923,2,0
3716,171.023,198.778,2,0
3717,380.245,19.9498,2,0
3718,423.584,251.395,2,0
3719,259.367,158.317,2,0
3720,570.275,38.509,2,0
3721,575.398,217.478,2,0
3722,556.383,218.251,2,0
3723,164.992,94.5084,2,0
3724,75.8956,246.818,2,0
3725,315.376,203.651,2,0
3726,519.057,71.4431,2,0
3727,442.56,186.16,2,0
3728,132.677,159.528,2,0
3729,350.001,212.388,2,0
3730,62.5543,255.934,2,0
3731,224.902,109.693,2,0
3732,596.177,203.689,2,0
3733,194.151,40.7354,2,0
3734,125.235,9.42231,2,0
3735,522.691,44.1317,2,0
3736,288.48,99.6751,2,0
3737,171.266,6.08165,2,0
3738,578.329,268.978,2,0
3739,157.516,8.02479,2,0
3740,236.092,50.0139,2,0
3741,142.179,15.2064,2,0
3742,84.111,205.262,2,0
3743,377.383,230.542,2,0
3744,76.6587,287.094,2,0
3745,531.15,241.079,2,0
3746,481.085,63.989,2,0
3747,70.8673,147.292,2,0
3748,176.975,284.03,2,0
3749,106.382,172.167,2,0
3750,599.213,31.5288,2,0
3751,376.111,5.41394,2,0
3752,302.571,118.781,2,0
3753,322.077,240.675,2,0
3754,384.017,49.8033,2,0
3755,510.365,183.038,2,0
3756,208.921,26.4142,2,0
3757,415.879,152.061,2,0
3758,200.839,191.149,2,0
3759,180.675,239.112,2,0
3760,331.735,203.01,2,0
3761,172.548,9.91045,2,0
3762,348.493,65.8335,2,0
3763,35.3263,173.337,2,0
3764,101.041,98.6368,2,0
3765,579.406,197.155,2,0
3766,288.312,86.6823,2,0
3767,133.788,201.86,2,0
3768,96.0961,56.9185,2,0
3769,476.958,63.3949,2,0
3770,187.197,174.932,2,0
3771,448.833,258.636,2,0
3772,139.4,180.335,2,0
3773,395.716,254.371,2,0
3774,593.137,110.811,2,0
3775,162.063,16.3516,2,0
3776,316.777,84.8575,2,0
3777,136.989,82.1636,2,0
3778,320.375,257.2,2,0
3779,160.054,45.6999,2,0
3780,315.403,30.1896,2,0
3781,266.551,47.5062,2,0
3782,84.6281,11.6078,2,0
3783,82.4032,121.126,2,0
3784,225.421,254.837,2,0
3785,86.4748,210.747,2,0
3786,555.204,57.697,2,0
3787,227.315,218.878,2,0
3788,591.789,196.199,2,0
3789,467.31,79.0709,2,0
3790,455.625,221.924,2,0
3791,102.273,40.3957,2,0
3792,568.004,103.828,2,0
3793,293.192,241.524,2,0
3794,82.3214,264.276,2,0
3795,4.80163,2,2,0
3796,435.042,105.723,2,0
3797,530.536,104.646,2,0
3798,109.01,82.6566,2,0
3799,187.417,245.264,2,0
3800,223.872,261.006,2,0
3801,597.863,234.12,2,0
3802,216.094,272.459,2,0
3803,465.688,54.0827,2,0
3804,217.75,11.2591,2,0
3805,126.11,218.574,2,0
3806,492.413,137.596,2,0
3807,449.736,237.157,2,0
3808,422.431,94.7895,2,0
3809,392.623,7.76268,2,0
3810,534.747,204.118,2,0
3811,428.767,29.1292,2,0
3812,228.329,2,2,0
3813,174.907,101.59,2,0
3814,106.915,189.975,2,0
3815,385.822,128.881,2,0
3816,455.856,151.141,2,0
3817,226.644,210.45,2,0
3818,184.858,73.2906,2,0
3819,77.8488,227.616,2,0
3820,383.807,42.1857,2,0
3821,142.893,139.989,2,0
3822,89.902,92.1902,2,0
3823,254.264,140.253,2,0
3824,91.1828,134.709,2,0
3825,109.04,278.211,2,0
3826,33.1448,270.234,2,0
3827,560.509,149.295,2,0
3828,90.7563,171.647,2,0
3829,457.921,72.7412,2,0
3830,31.2197,200.769,2,0
3831,534.011,163.506,2,0
3832,96.7182,292.329,2,0
3833,496.125,62.8254,2,0
3834,264.127,227.136,2,0
3835,315.984,281.369,2,0
3836,295.174,2,2,0
3837,579.705,65.395,2,0
3838,569.01,97.9835,2,0
3839,432.408,171.706,2,0
3840,402.041,159.182,2,0
3841,92.792,291.112,2,0
3842,488.453,2.11615,2,0
3843,532.684,181.864,2,0
3844,523.522,240.866,2,0
3845,253.417,210.616,2,0
3846,535.2,242.933,2,0
3847,303.085,214.725,2,0
3848,80.0717,16.0211,2,0
3849,109.6,224.63,2,0
3850,11.4032,216.081,2,0
3851,599.322,69.9473,2,0
3852,526.24,209.451,2,0
3853,297.153,9.81408,2,0
3854,445.707,286.53,2,0
3855,291.793,165.028,2,0
3856,479.566,59.5123,2,0
3857,259.195,243.725,2,0
3858,287.729,104.833,2,0
3859,124.567,76.0058,2,0
3860,95.9014,116.848,2,0
3861,273.955,274.431,2,0
3862,227.615,289.79,2,0
3863,486.959,118.021,2,0
3864,186.207,47.2288,2,0
3865,136.631,162.471,2,0
3866,513.841,79.8927,2,0
3867,155.577,4.23614,2,0
3868,475.611,240.263,2,0
3869,568.971,182.971,2,0
3870,588.521,26.5584,2,0
3871,26.2499,290.641,2,0
3872,459.481,152.956,2,0
3873,14.2552,29.2864,2,0
3874,244.269,106.366,2,0
3875,143.928,220.631,2,0
3876,176.039,205.327,2,0
3877,169.011,68.2218,2,0
3878,507.182,88.3825,2,0
3879,292.946,291.86,2,0
3880,430.683,46.5927,2,0
3881,171.07,2,2,0
3882,334.222,248.269,2,0
3883,492.758,100.908,2,0
3884,237.122,91.1226,2,0
3885,469.831,264.609,2,0
3886,580.776,118.695,2,0
3887,148.144,210.589,2,0
3888,584.521,19.3576,2,0
3889,180.229,60.9474,2,0
3890,365.117,127.677,2,0
3891,319.167,261.283,2,0
3892,134.337,119.238,2,0
3893,547.288,106.962,2,0
3894,353.056,10.5233,2,0
3895,233.856,183.23,2,0
3896,310.754,235.371,2,0
3897,583.422,42.8105,2,0
3898,158.946,34.86,2,0
3899,52.4999,213.403,2,0
3900,34.829,41.0111,2,0
3901,179.965,198.55,2,0
3902,550.979,105.401,2,0
3903,3.21088,126.754,2,0
3904,261.789,6.07892,2,0
3905,88.2453,159.068,2,0
3906,373.824,256.445,2,0
3907,256.625,130.015,2,0
3908,222.59,68.8056,2,0
3909,172.805,158.357,2,0
3910,74.1565,283.727,2,0
3911,461.78,115.806,2,0
3912,169.374,277.19,2,0
3913,221.157,285.441,2,0
3914,46.2441,244.158,2,0
3915,402.034,57.6267,2,0
3916,505.157,188.708,2,0
3917,25.9725,49.8811,2,0
3918,300.427,166.423,2,0
3919,253.105,105.956,2,0
3920,491.991,89.8082,2,0
3921,287.895,121.979,2,0
3922,445.971,15.2464,2,0
3923,416.488,105.088,2,0
3924,391.47,249.744,2,0
3925,492.867,93.7956,2,0
3926,251.493,6.01317,2,0
3927,501.191,210.905,2,0
3928,93.2975,249.878,2,0
3929,96.7466,9.89343,2,0
3930,159.387,262.238,2,0
3931,188.83,134.358,2,0
3932,113.974,235.516,2,0
3933,452.385,145.702,2,0
3934,397.898,2,2,0
3935,579.133,228.259,2,0
3936,275.833,206.444,2,0
3937,375.452,95.9654,2,0
3938,59.0368,18.1071,2,0
3939,138.192,15.8551,2,0
3940,245.691,66.8068,2,0
3941,443.769,282.141,2,0
3942,527.505,251.248,2,0
3943,461.688,215.028,2,0
3944,146.536,217.068,2,0
3945,516.833,46.4323,2,0
3946,287.412,261.79,2,0
3947,415.83,65.2025,2,0
3948,311.343,289.365,2,0
3949,123.208,192.723,2,0
3950,191.609,110.696,2,0
3951,33.847,231.888,2,0
3952,251.966,194.634,2,0
3953,566.504,32.2356,2,0
3954,401.052,76.1287,2,0
3955,527.145,150.257,2,0
3956,248.323,31.3152,2,0
3957,120.869,132.96,2,0
3958,248.211,196.217,2,0
3959,289.757,258.469,2,0
3960,4.69514,185.523,2,0
3961,205.101,236.951,2,0
3962,126.701,214.577,2,0
3963,141.03,268.282,2,0
3964,282.322,255.851,2,0
3965,543.802,217.036,2,0
3966,385.649,201.513,2,0
3967,26.8967,22.077,2,0
3968,29.0651,170.217,2,0
3969,44.4255,143.698,2,0
3970,29.2703,3.26403,2,0
3971,366.256,14.6898,2,0
3972,101.577,58.3114,2,0
3973,433.333,12.2743,2,0
3974,13.9831,57.5236,2,0
3975,358.943,234.578,2,0
3976,450.5,76.4284,2,0
3977,403.238,236.836,2,0
3978,127.131,142.248,2,0
3979,155.25,151.799,2,0
3980,419.694,167.356,2,0
3981,32.9779,227.266,2,0
3982,54.0742,206.298,2,0
3983,19.7402,241.372,2,0
3984,46.4621,188.568,2,0
3985,499.706,118.759,2,0
3986,116.709,92.7836,2,0
3987,267.821,95.5014,2,0
3988,530.403,262.517,2,0
3989,532.1,141.768,2,0
3990,547.799,96.9364,2,0
3991,329.965,241.409,2,0
3992,136.88,254.497,2,0
3993,395.346,23.7506,2,0
3994,520.689,292.585,2,0
3995,487.018,18.9394,2,0
3996,269.022,280.754,2,0
3997,8.25782,287.09,2,0
3998,260.225,298,2,0
3999,396.178,279.391,2,0
4000,351.351,270.575,2,0
4001,299.969,89.9049,2,0
4002,15.4752,147.144,2,0
4003,168.92,294.006,2,0
4004,136.22,182.979,2,0
4005,482.284,97.2794,2,0
4006,448.167,82.087,2,0
4007,475.716,4.36037,2,0
4008,63.4905,285.161,2,0
4009,331.061,291.674,2,0
4010,425.47,83.3354,2,0
4011,582.086,267.291,2,0
4012,334.183,119.613,2,0
4013,552.754,162.242,2,0
4014,43.2163,97.6177,2,0
4015,320.921,253.148,2,0
4016,399.628,70.3672,2,0
4017,123.02,1.38415,2,0
4018,330.571,287.599,2,0
4019,43.5615,53.157,2,0
4020,543.715,145.734,2,0
4021,414.726,98.2323,2,0
4022,343.329,2,2,0
4023,393.677,196.862,2,0
4024,490.375,104.193,2,0
4025,252.095,61.2094,2,0
4026,435.992,214.006,2,0
4027,196.381,95.1389,2,0
4028,540.008,259.816,2,0
4029,373.879,294.393,2,0
4030,516.367,187.288,2,0
4031,61.6555,84.6528,2,0
4032,170.153,83.2893,2,0
4033,84.4933,194.907,2,0
4034,162.569,29.5923,2,0
4035,60.0938,298,2,0
4036,79.4135,223.874,2,0
4037,91.0305,18.7449,2,0
4038,66.0086,232.656,2,0
4039,89.4752,251.263,2,0
4040,542.144,292.865,2,0
4041,506.486,292.197,2,0
4042,482.746,222.055,2,0
4043,201.491,208.043,2,0
4044,368.335,219.705,2,0
4045,42.1768,243.958,2,0
4046,498.29,16.6971,2,0
4047,42.7052,271.793,2,0
4048,237.231,294.21,2,0
4049,342.832,108.555,2,0
4050,95.4789,191.408,2,0
4051,182.317,93.3625,2,0
4052,493.726,70.7303,2,0
4053,296.609,171.567,2,0
4054,324.685,19.7278,2,0
4055,522.908,215.913,2,0
4056,36.1946,52.9077,2,0
4057,410.005,74.7189,2,0
4058,319.606,244.256,2,0
4059,253.999,57.481,2,0
4060,2.16727,286.606,2,0
4061,176.143,109.636,2,0
4062,354.504,234.755,2,0
4063,441.474,267.912,2,0
4064,345.2,63.5271,2,0
4065,433.635,175.542,2,0
4066,227.805,21.5433,2,0
4067,304.845,125.876,2,0
4068,332.054,79.3064,2,0
4069,404.267,12.1113,2,0
4070,123.09,144.697,2,0
4071,47.5059,77.9704,2,0
4072,229.003,91.9207,2,0
4073,69.9272,26.3671,2,0
4074,576.621,167.384,2,0
4075,529.369,61.5937,2,0
4076,83.6092,2,2,0
4077,81.2316,210.282,2,0
4078,51.3975,25.7323,2,0
4079,282.324,19.3488,2,0
4080,50.0072,184.434,2,0
4081,410.097,22.8195,2,0
4082,99.9422,152.022,2,0
4083,329.13,120.562,2,0
4084,580.592,107.79,2,0
4085,291.95,93.412,2,0
4086,368.547,239.065,2,0
4087,511.934,257.481,2,0
4088,188.204,108.574,2,0
4089,214.808,169.746,2,0
4090,330.8,9.73315,2,0
4091,174.082,235.008,2,0
4092,590.962,11.232,2,0
4093,543.744,50.7288,2,0
4094,598.684,149.745,2,0
4095,468.569,158.4,2,0
4096,563.618,268.899,2,0
4097,346.47,144.027,2,0
4098,51.7304,145.67,2,0
4099,412.565,292.939,2,0
4100,178.659,50.8841,2,0
4101,302.051,122.833,2,0
4102,365.984,123.083,2,0
4103,278.558,280.725,2,0
4104,193.334,36.8048,2,0
4105,493.436,181.654,2,0
4106,25.3953,201.731,2,0
4107,12.572,230.004,2,0
4108,303.882,258.89,2,0
4109,17.5157,97.839,2,0
4110,598.516,103.135,2,0
4111,599.671,57.2572,2,0
4112,395.016,188.903,2,0
4113,356.419,44.8273,2,0
4114,488.057,136.963,2,0
4115,173.265,129.196,2,0
4116,505.394,78.154,2,0
4117,458.263,298,2,0
4118,19.6461,147.36,2,0
4119,478.022,126.24,2,0
4120,543.983,221.529,2,0
4121,12.7307,62.3829,2,0
4122,564.203,178.524,2,0
4123,470.977,222.638,2,0
4124,50.6355,273.261,2,0
4125,407.3,47.3794,2,0
4126,539.794,29.2342,2,0
4127,418.333,68.3755,2,0
4128,141.285,71.8144,2,0
4129,586.448,23.0906,2,0
4130,567.975,226.648,2,0
4131,191.924,252.097,2,0
4132,340.702,262.207,2,0
4133,343.981,171.473,2,0
4134,311.611,201.942,2,0
4135,540.06,45.82,2,0
4136,158.969,2,2,0
4137,160.05,141.908,2,0
4138,63.6647,264.097,2,0
4139,488.076,34.5666,2,0
4140,330.051,195.06,2,0
4141,409.077,252.918,2,0
4142,403.668,100.149,2,0
4143,459.641,76.8776,2,0
4144,488.763,190.352,2,0
4145,328.352,142.849,2,0
4146,51.7606,29.7663,2,0
4147,392.114,32.9826,2,0
4148,223.165,72.9554,2,0
4149,525.117,228.547,2,0
4150,488.479,156.703,2,0
4151,316.627,239.555,2,0
4152,485.342,140.042,2,0
4153,147.699,21.3863,2,0
4154,177.787,187.671,2,0
4155,503.868,57.0819,2,0
4156,59.4627,285.113,2,0
4157,262.194,86.9783,2,0
4158,43.4954,231.724,2,0
4159,377.09,276.365,2,0
4160,532.979,213.445,2,0
4161,458.69,247.37,2,0
4162,532.401,189.309,2,0
4163,201.78,230.394,2,0
4164,61.2433,89.048,2,0
4165,444.746,140.768,2,0
4166,366.048,265.169,2,0
4167,306.946,111.076,2,0
4168,571.402,232.878,2,0
4169,552.134,249.262,2,0
4170,26.1609,234.537,2,0
4171,307.91,56.9912,2,0
4172,185.834,214.463,2,0
4173,142.321,183.116,2,0
4174,428.136,19.2675,2,0
4175,35.3858,64.2876,2,0
4176,365.158,185.415,2,0
4177,162.024,147.11,2,0
4178,215.482,134.797,2,0
4179,359.387,78.0087,2,0
4180,402.083,229.603,2,0
4181,299.492,53.3826,2,0
4182,138.74,201.883,2,0
4183,324.223,42.7283,2,0
4184,500.784,227.519,2,0
4185,530.04,122.068,2,0
4186,540.621,273.378,2,0
4187,563.832,230.873,2,0
4188,57.9204,229.488,2,0
4189,24.5883,122.364,2,0
4190,114.289,54.6064,2,0
4191,111.937,227.921,2,0
4192,427.353,210.66,2,0
4193,437.27,154.571,2,0
4194,50.8929,173.13,2,0
4195,336.535,256.651,2,0
4196,261.548,255.697,2,0
4197,440.329,163.4,2,0
4198,20.1711,103.522,2,0
4199,417.572,139.35,2,0
4200,266.105,184.549,2,0
4201,226.003,165.132,2,0
4202,476.621,286.422,2,0
4203,201.436,27.6158,2,0
4204,125.391,125.215,2,0
4205,526.875,238.472,2,0
4206,474.788,97.3348,2,0
4207,327.992,177.767,2,0
4208,55.3327,38.8861,2,0
4209,456.502,113.485,2,0
4210,575.73,140.57,2,0
4211,44.6581,227.724,2,0
4212,54.0418,149,2,0
4213,131.923,83.6548,2,0
4214,81.3137,109.179,2,0
4215,22.8856,95.6714,2,0
4216,544.57,225.538,2,0
4217,462.762,111.578,2,0
4218,559.119,255.094,2,0
4219,190.865,18.8033,2,0
4220,4.66843,54.5794,2,0
4221,564.685,182.557,2,0
4222,442.263,170.951,2,0
4223,336.854,39.9553,2,0
4224,493.773,208.74,2,0
4225,336.505,15.6945,2,0
4226,155.033,180.061,2,0
4227,55.6031,283.854,2,0
4228,384.252,164.048,2,0
4229,317.219,73.1016,2,0
4230,406.047,260.299,2,0
4231,287.361,40.326,2,0
4232,264.521,9.34249,2,0
4233,342.776,44.6744,2,0
4234,54.095,240.187,2,0
4235,480.062,273.06,2,0
4236,116.421,69.0799,2,0
4237,385.924,36.462,2,0
4238,562.841,79.1798,2,0
4239,127.312,229.084,2,0
4240,579.877,173.286,2,0
4241,566.473,45.0006,2,0
4242,389.644,71.5211,2,0
4243,55.6429,32.93,2,0
4244,35.0215,255.84,2,0
4245,7.73713,64.8955,2,0
4246,311.426,40.3448,2,0
4247,544.107,202.299,2,0
4248,196.581,261.586,2,0
4249,457.963,117.297,2,0
4250,232.721,211.056,2,0
4251,350.819,21.5439,2,0
4252,213.511,261.889,2,0
4253,335.038,241.841,2,0
4254,154.035,229.093,2,0
4255,327.725,49.1047,2,0
4256,256.214,202.848,2,0
4257,4.93201,146.906,2,0
4258,321.017,125.811,2,0
4259,390.596,200.484,2,0
4260,273.102,10.887,2,0
4261,373.777,213.845,2,0
4262,282.765,157.047,2,0
4263,550.317,197.255,2,0
4264,208.082,199.204,2,0
4265,372.962,147.85,2,0
4266,446.701,11.3085,2,0
4267,252.306,2,2,0
4268,38.7477,297.844,2,0
4269,563.785,92.5456,2,0
4270,593.725,128.678,2,0
4271,364.392,239.444,2,0
4272,594.059,14.1721,2,0
4273,490.598,254.783,2,0
4274,178.022,223.471,2,0
4275,266.008,250.051,2,0
4276,40.6652,285.12,2,0
4277,292.562,179.687,2,0
4278,67.3312,226.924,2,0
4279,299.339,36.1966,2,0
4280,48.874,81.7804,2,0
4281,213.317,80.0488,2,0
4282,599.146,40.4586,2,0
4283,383.311,190.96,2,0
4284,226.218,238.275,2,0
4285,136.647,194.473,2,0
4286,97.5398,32.7148,2,0
4287,323.289,162.45,2,0
4288,56.8176,64.2505,2,0
4289,59.9834,197.22,2,0
4290,362.792,233.292,2,0
4291,463.979,165.14,2,0
4292,530.484,289.605,2,0
4293,177.99,273.627,2,0
4294,352.488,197.695,2,0
4295,284.496,186.394,2,0
4296,232.449,127.377,2,0
4297,445.051,43.2877,2,0
4298,575.435,212.947,2,0
4299,71.4183,294.081,2,0
4300,40.205,143.63,2,0
4301,516.299,267.993,2,0
4302,205.198,51.004,2,0
4303,302.346,262.602,2,0
4304,277.621,129.72,2,0
4305,67.9905,104.019,2,0
4306,531.266,245.733,2,0
4307,337.251,64.3398,2,0
4308,83.8265,199.469,2,0
4309,224.245,272.535,2,0
4310,527.366,213.58,2,0
4311,46.3483,9.43193,2,0
4312,109.279,89.5692,2,0
4313,178.319,134.053,2,0
4314,102.777,174.916,2,0
4315,391.266,21.7494,2,0
4316,486.101,114.105,2,0
4317,531.809,177.771,2,0
4318,127.074,163.618,2,0
4319,441.125,101.489,2,0
4320,131.611,145.744,2,0
4321,78.2902,298,2,0
4322,154.184,256.871,2,0
4323,590.348,276.012,2,0
4324,508.724,143.461,2,0
4325,295.187,183.649,2,0
4326,173.412,298,2,0
4327,18.7625,84.7604,2,0
4328,325.787,33.2571,2,0
4329,562.622,134.283,2,0
4330,151.526,185.726,2,0
4331,559.747,93.4808,2,0
4332,226.114,276.195,2,0
4333,287.463,222.595,2,0
4334,541.813,92.9692,2,0
4335,444.331,50.4922,2,0
4336,567.421,82.8568,2,0
4337,83.3419,30.6918,2,0
4338,301.969,3.68003,2,0
4339,229.01,147.543,2,0
4340,305.065,66.8261,2,0
4341,382.333,234.845,2,0
4342,431.822,295.392,2,0
4343,35.2735,189.756,2,0
4344,350.822,236.846,2,0
4345,5.74111,249.56,2,0
4346,444.954,85.5706,2,0
4347,518.084,117.744,2,0
4348,233.089,47.2228,2,0
4349,480.236,134.792,2,0
4350,74.0502,38.7493,2,0
4351,311.961,280.689,2,0
4352,257.238,97.4005,2,0
4353,580.981,135.653,2,0
4354,8.28349,10.3328,2,0
4355,530.505,100.622,2,0
4356,222.672,212.498,2,0
4357,544.036,73.0527,2,0
4358,36.6083,203.338,2,0
4359,366.104,207.972,2,0
4360,150.355,133.255,2,0
4361,111.73,174.163,2,0
4362,407.495,180.498,2,0
4363,61.0592,99.8698,2,0
4364,411.045,196.231,2,0
4365,323.526,174.537,2,0
4366,466.674,127.168,2,0
4367,218.455,145.007,2,0
4368,548.578,224.873,2,0
4369,403.345,18.9351,2,0
4370,447.214,169.499,2,0
4371,161.374,248.645,2,0
4372,486.677,167.02,2,0
4373,390.793,122.046,2,0
4374,44.2867,163.071,2,0
4375,475.887,207.902,2,0
4376,26.361,228.656,2,0
4377,465.461,189.411,2,0
4378,464.859,2.35571,2,0
4379,358.724,142.655,2,0
4380,217.204,44.922,2,0
4381,252.015,190.519,2,0
4382,108.183,117.496,2,0
4383,303.437,41.1526,2,0
4384,369.482,71.484,2,0
4385,463.579,146.609,2,0
4386,105.033,100.488,2,0
4387,63.7585,221.412,2,0
4388,324.296,54.8186,2,0
4389,37.0796,236.152,2,0
4390,214.351,42.0999,2,0
4391,495.146,19.3307,2,0
4392,469.639,268.758,2,0
4393,436.96,79.1626,2,0
4394,526.329,266.365,2,0
4395,344.358,15.8962,2,0
4396,334.245,142.589,2,0
4397,139.861,147.528,2,0
4398,261.516,95.3197,2,0
4399,570.138,156.043,2,0
4400,20.9135,136.635,2,0
4401,449.346,25.0359,2,0
4402,476.93,112.622,2,0
4403,564.27,48.9014,2,0
4404,310.239,272.832,2,0
4405,198.473,17.8918,2,0
4406,490.71,133.916,2,0
4407,470.669,76.6499,2,0
4408,183.737,52.1153,2,0
4409,544.148,241.979,2,0
4410,535.385,208.508,2,0
4411,193.036,246.69,2,0
4412,490.683,216.344,2,0
4413,152.895,7.40314,2,0
4414,145.237,36.7521,2,0
4415,539.376,147.954,2,0
4416,519.644,75.4663,2,0
4417,173.77,13.8614,2,0
4418,480.599,114.229,2,0
4419,28.5791,140.518,2,0
4420,516.6,50.8648,2,0
4421,553.462,272.799,2,0
4422,564.286,56.9922,2,0
4423,260.929,142.248,2,0
4424,445.183,266.372,2,0
4425,525.606,41.2727,2,0
4426,197.181,77.4765,2,0
4427,222.133,244.724,2,0
4428,328.651,68.4399,2,0
4429,558.037,50.7912,2,0
4430,267.966,31.7935,2,0
4431,422.041,244.428,2,0
4432,594.001,210.332,2,0
4433,27.5477,103.201,2,0
4434,175.252,279.847,2,0
4435,226.183,88.9562,2,0
4436,231.973,8.42907,2,0
4437,555.872,232.254,2,0
4438,448.924,245.514,2,0
4439,580.619,59.5104,2,0
4440,314.871,38.1188,2,0
4441,204.184,200.365,2,0
4442,416.276,8.35744,2,0
4443,172.69,218.353,2,0
4444,222.726,162.795,2,0
4445,61.7878,273.159,2,0
4446,555.448,82.4352,2,0
4447,525.225,84.2314,2,0
4448,273.791,173.852,2,0
4449,350.812,283.97,2,0
4450,273.268,23.4601,2,0
4451,427.601,218.359,2,0
4452,360.833,19.4653,2,0
4453,144.905,282.011,2,0
4454,235.482,232.4,2,0
4455,256.667,197.119,2,0
4456,146.773,131.247,2,0
4457,591.122,298,2,0
4458,451.053,280.414,2,0
4459,435.668,227.772,2,0
4460,52.0171,180.841,2,0
4461,461.405,176.985,2,0
4462,382.45,267.55,2,0
4463,284.372,235.344,2,0
4464,188.212,30.0604,2,0
4465,599.454,193.292,2,0
4466,202.077,48.0334,2,0
4467,158.922,111.857,2,0
4468,312.772,132.476,2,0
4469,246.908,123.542,2,0
4470,269.471,168.006,2,0
4471,90.1953,273.819,2,0
4472,464.725,279.886,2,0
4473,385.195,254.142,2,0
4474,188.197,199.184,2,0
4475,590.448,158.247,2,0
4476,34.2283,112.514,2,0
4477,398.283,228.32,2,0
4478,124.364,298,2,0
4479,347.845,204.175,2,0
4480,238.257,102.036,2,0
4481,516.934,191.439,2,0
4482,96.5008,36.7827,2,0
4483,148.68,75.6423,2,0
4484,144.919,143.44,2,0
4485,437.32,222.057,2,0
4486,203.757,224.96,2,0
4487,468.131,135.756,2,0
4488,407.821,109.09,2,0
4489,156.595,165.449,2,0
4490,444.951,237.318,2,0
4491,222.049,257.394,2,0
4492,89.1646,259.194,2,0
4493,564.456,12.6993,2,0
4494,295.734,54.9893,2,0
4495,572.863,49.1712,2,0
4496,413.16,191.275,2,0
4497,361.579,129.867,2,0
4498,574.225,14.9414,2,0
4499,328.429,30.1004,2,0
4500,410.13,266.544,2,0
4501,422.576,164.426,2,0
4502,126.962,199.562,2,0
4503,281.989,197.25,2,0
4504,227.319,280.126,2,0
4505,422.896,6.3185,2,0
4506,591.232,35.7608,2,0
4507,500.43,24.8633,2,0
4508,113.691,215.28,2,0
4509,568.763,284.031,2,0
4510,33.9935,151.175,2,0
4511,355.605,71.2658,2,0
4512,367.937,250.417,2,0
4513,586.968,30.4787,2,0
4514,437.213,206.346,2,0
4515,326.869,277.981,2,0
4516,465.534,65.1846,2,0
4517,390.97,87.0339,2,0
4518,595.227,39.3736,2,0
4519,499.083,28.7774,2,0
4520,415.888,265.196,2,0
4521,220.949,191.166,2,0
4522,59.387,221.743,2,0
4523,39.8789,66.2918,2,0
4524,554.831,14.3356,2,0
4525,459.81,132.726,2,0
4526,332.257,263.701,2,0
4527,44.963,147.757,2,0
4528,354.435,157.57,2,0
4529,132.683,163.823,2,0
4530,373.091,289.982,2,0
4531,163.231,64.8103,2,0
4532,206.249,83.0183,2,0
4533,579.667,224.218,2,0
4534,587.259,132.642,2,0
4535,69.9194,220.466,2,0
4536,588.467,181.186,2,0
4537,346.213,4.91656,2,0
4538,252.019,10.0491,2,0
4539,410.478,54.9642,2,0
4540,168.446,76.1631,2,0
4541,357.432,214.264,2,0
4542,473.771,183.613,2,0
4543,567.885,245.465,2,0
4544,272.31,74.5706,2,0
4545,401.707,163.296,2,0
4546,506.461,160.348,2,0
4547,221.371,297.385,2,0
4548,536.633,182.538,2,0
4549,91.5929,198.606,2,0
4550,58.2341,206.438,2,0
4551,3.0623,274.206,2,0
4552,81.6409,269.344,2,0
4553,315.441,174.275,2,0
4554,426.503,222.484,2,0
4555,296.737,152.004,2,0
4556,554.691,74.3098,2,0
4557,126.278,24.4354,2,0
4558,46.3356,172.388,2,0
4559,124.812,67.7593,2,0
4560,381.956,129.937,2,0
4561,113.589,248.4,2,0
4562,122.086,248.383,2,0
4563,157.642,289.919,2,0
4564,591.038,114.32,2,0
4565,224.976,149.703,2,0
4566,97.1584,284.282,2,0
4567,404.474,243.291,2,0
4568,111.395,241.575,2,0
4569,184.31,150.191,2,0
4570,535.064,288.789,2,0
4571,473.865,177.314,2,0
4572,417.15,298,2,0
4573,412.807,246.485,2,0
4574,3.67001,267.651,2,0
4575,493.947,259.346,2,0
4576,28.0209,64.6335,2,0
4577,558.85,13.1779,2,0
4578,391.776,125.937,2,0
4579,509.141,204.31,2,0
4580,578.003,286,2,0
4581,80.273,235.606,2,0
4582,398.93,9.5871,2,0
4583,448.631,262.687,2,0
4584,578.596,89.3129,2,0
4585,105.224,145.9,2,0
4586,86.7976,148.474,2,0
4587,27.876,13.3376,2,0
4588,219.172,74.158,2,0
4589,181.478,235.068,2,0
4590,261.086,240.005,2,0
4591,233.039,161.066,2,0
4592,9.52778,123.318,2,0
4593,467.295,193.084,2,0
4594,452.644,52.5048,2,0
4595,120.095,148.714,2,0
4596,100.664,294.035,2,0
4597,36.8858,69.8543,2,0
4598,282.401,217.135,2,0
4599,166.471,199.304,2,0
4600,38.2667,196.988,2,0
4601,218.125,209.033,2,0
4602,12.3731,177.461,2,0
4603,582.115,151.096,2,0
4604,299.455,255.787,2,0
4605,148.01,146.037,2,0
4606,115.99,174.207,2,0
4607,258.187,139.132,2,0
4608,277.27,184.989,2,0
4609,201.593,238.907,2,0
4610,302.561,273.423,2,0
4611,562.701,16.3613,2,0
4612,65.4753,210.974,2,0
4613,337.672,282.866,2,0
4614,169.44,156.08,2,0
4615,49.0935,85.8482,2,0
4616,590.715,207.508,2,0
4617,537.047,32.2492,2,0
4618,385.686,241.654,2,0
4619,413.109,41.0225,2,0
4620,119.526,183.4,2,0
4621,152.998,219.323,2,0
4622,123.261,151.595,2,0
4623,419.657,120.18,2,0
4624,441.652,177.623,2,0
4625,315.59,9.22936,2,0
4626,465.155,261.917,2,0
4627,182.555,33.6093,2,0
4628,306.555,99.6153,2,0
4629,383.078,53.7182,2,0
4630,512.591,142.289,2,0
4631,312.517,239.048,2,0
4632,146.052,226.316,2,0
4633,204.378,216.652,2,0
4634,229.883,182.418,2,0
4635,239.519,255.893,2,0
4636,137.911,186.741,2,0
4637,59.2724,78.9953,2,0
4638,31.817,288.776,2,0
4639,529.183,229.491,2,0
4640,202.094,121.633,2,0
4641,109.27,146.228,2,0
4642,362.565,29.2798,2,0
4643,41.7584,216.538,2,0
4644,102.04,54.1963,2,0
4645,350.052,151.381,2,0
4646,100.48,35.7182,2,0
4647,270.749,83.2071,2,0
4648,369.596,2.90447,2,0
4649,434.021,156.974,2,0
4650,84.2157,217.281,2,0
4651,588.541,19.3557,2,0
4652,404.552,226.294,2,0
4653,591.965,92.6104,2,0
4654,13.9014,120.94,2,0
4655,533.266,16.2912,2,0
4656,470.729,38.8778,2,0
4657,251.69,250.546,2,0
4658,75.7782,188.035,2,0
4659,326.199,218.943,2,0
4660,361.324,164.648,2,0
4661,540.053,201.227,2,0
4662,122.266,21.1513,2,0
4663,182.734,187.302,2,0
4664,107.828,58.5472,2,0
4665,564.025,225.95,2,0
4666,443.031,68.1982,2,0
4667,487.927,86.6712,2,0
4668,278.47,298,2,0
4669,317.844,104.902,2,0
4670,565.098,27.9574,2,0
4671,395.628,221.778,2,0
4672,473.013,64.4487,2,0
4673,278.318,240.54,2,0
4674,358.284,171.538,2,0
4675,297.73,186.968,2,0
4676,0.512905,260.921,2,0
4677,108.427,268.995,2,0
4678,274.689,216.825,2,0
4679,210.015,122.436,2,0
4680,535.387,148.664,2,0
4681,248.864,115.01,2,0
4682,74.859,239.061,2,0
4683,339.067,164.256,2,0
4684,117.556,213.968,2,0
4685,101.454,48.8452,2,0
4686,278.977,258.088,2,0
4687,240.698,30.4378,2,0
4688,478.514,99.0016,2,0
4689,561.75,5.98458,2,0
4690,37.729,119.829,2,0
4691,450.898,183.098,2,0
4692,90.7559,106.948,2,0
4693,463.948,35.6455,2,0
4694,33.5393,22.0486,2,0
4695,2.32668,84.4495,2,0
4696,403.056,208.527,2,0
4697,36.3888,261.566,2,0
4698,8.6661,41.9348,2,0
4699,126.078,195.515,2,0
4700,402.932,215.365,2,0
4701,583.176,221.965,2,0
4702,250.972,283.571,2,0
4703,575.319,53.5338,2,0
4704,272.027,160.318,2,0
4705,419.999,49.1476,2,0
4706,71.3143,224.247,2,0
4707,218.621,149.119,2,0
4708,383.813,176.122,2,0
4709,161.67,205.402,2,0
4710,385.985,286.52,2,0
4711,252.015,287.496,2,0
4712,596.685,224.681,2,0
4713,132.87,44.651,2,0
4714,71.5255,30.2578,2,0
4715,130.107,151.023,2,0
4716,473.657,219.346,2,0
4717,487.074,218.258,2,0
4718,200.647,186.51,2,0
4719,185.286,241.862,2,0
4720,147.111,51.0997,2,0
4721,364.348,46.1179,2,0
4722,22.4548,52.1181,2,0
4723,43.8828,66.648,2,0
4724,265.199,254.015,2,0
4725,581.483,280.93,2,0
4726,353.136,133.289,2,0
4727,575.216,155.552,2,0
4728,359.957,178.756,2,0
4729,24.3057,26.0445,2,0
4730,69.5481,195.233,2,0
4731,497.404,206.532,2,0
4732,111.721,130.421,2,0
4733,418.417,36.4488,2,0
4734,79.4372,172.913,2,0
4735,58.6894,254.881,2,0
4736,98.6127,133.399,2,0
4737,350.865,53.4949,2,0
4738,521.076,191.111,2,0
4739,300.703,231.892,2,0
4740,440.569,246.55,2,0
4741,61.4528,251.955,2,0
4742,193.938,219.846,2,0
4743,133.815,186.678,2,0
4744,387.823,145.796,2,0
4745,124.982,132.568,2,0
4746,457.353,35.2225,2,0
4747,378.39,196.332,2,0
4748,548.409,261.716,2,0
4749,230.918,116.993,2,0
4750,203.934,42.5585,2,0
4751,387.979,118.629,2,0
4752,504.226,255.879,2,0
4753,436.631,273.839,2,0
4754,72.2543,99.9351,2,0
4755,577.162,127.49,2,0
4756,591.867,140.105,2,0
4757,182.242,274.393,2,0
4758,235.993,236.39,2,0
4759,143.756,195.26,2,0
4760,419.805,151.213,2,0
4761,117.814,135.807,2,0
4762,55.7799,182.227,2,0
4763,454.22,298,2,0
4764,153.815,169.284,2,0
4765,221.538,129.611,2,0
4766,323.935,281.126,2,0
4767,77.8735,43.8457,2,0
4768,166.132,147.101,2,0
4769,303.8,114.053,2,0
4770,551.351,89.2967,2,0
4771,556.807,123.821,2,0
4772,224.04,199.796,2,0
4773,4.46688,37.4043,2,0
4774,310.208,81.5201,2,0
4775,180.617,71.4292,2,0
4776,509.771,127.503,2,0
4777,559.878,179.722,2,0
4778,387.024,298,2,0
4779,146.672,138.315,2,0
4780,167.026,2,2,0
4781,376.097,137.266,2,0
4782,208.995,72.2497,2,0
4783,251.508,48.9193,2,0
4784,374.865,127.625,2,0
4785,65.1312,92.6256,2,0
4786,243.183,231.622,2,0
4787,458.983,224.308,2,0
4788,372.505,111.725,2,0
4789,508.691,131.444,2,0
4790,341.947,242.23,2,0
4791,578.574,245.182,2,0
4792,534.178,153.929,2,0
4793,77.8644,62.3555,2,0
4794,212.291,240.048,2,0
4795,252.461,116.971,2,0
4796,87.8628,206.788,2,0
4797,204.522,177.745,2,0
4798,571.464,83.7808,2,0
4799,225.327,18.2953,2,0
4800,165.323,155.76,2,0
4801,412.506,36.9712,2,0
4802,599.987,160.272,2,0
4803,510.502,292.017,2,0
4804,376.476,155.572,2,0
4805,430.508,221.587,2,0
4806,173.504,240.724,2,0
4807,87.0716,276.327,2,0
4808,11.2033,70.3784,2,0
4809,103.285,184.279,2,0
4810,430.765,74.0527,2,0
4811,232.697,140.845,2,0
4812,326.288,269.548,2,0
4813,297.876,249.581,2,0
4814,356.382,29.1909,2,0
4815,84.0112,260.475,2,0
4816,519.206,34.4046,2,0
4817,108.276,239.014,2,0
4818,414.087,23.2739,2,0
4819,515.847,90.9158,2,0
4820,500.801,273.501,2,0
4821,200.615,14.5078,2,0
4822,87.7232,187.795,2,0
4823,241.049,205.822,2,0
4824,575.207,271.581,2,0
4825,538.343,291.252,2,0
4826,183.301,102.98,2,0
4827,263.415,295.414,2,0
4828,172.567,213.431,2,0
4829,225.371,294.28,2,0
4830,43.8398,49.0339,2,0
4831,85.1623,171.76,2,0
4832,133.933,191.207,2,0
4833,536.55,4.73252,2,0
4834,97.1807,105.429,2,0
4835,270.561,231.049,2,0
4836,239.482,84.9228,2,0
4837,279.427,83.4158,2,0
4838,472.998,153.09,2,0
4839,272.903,100.209,2,0
4840,33.1743,84.257,2,0
4841,409.207,70.788,2,0
4842,149.89,104.369,2,0
4843,580.498,250.469,2,0
4844,106.723,64.4285,2,0
4845,303.799,286.485,2,0
4846,593.535,155.674,2,0
4847,96.8503,101.238,2,0
4848,584.245,243.398,2,0
4849,341.219,62.4813,2,0
4850,363.756,221.299,2,0
4851,53.1485,117.446,2,0
4852,202.945,254.832,2,0
4853,213.332,58.33,2,0
4854,81.9389,80.4753,2,0
4855,226.673,118.921,2,0
4856,297.35,69.5883,2,0
4857,111.948,255.969,2,0
4858,150.709,225.059,2,0
4859,317.72,2,2,0
4860,504.019,65.5631,2,0
4861,512.611,25.6041,2,0
4862,258.57,178.167,2,0
4863,159.563,53.0078,2,0
4864,469.841,260.518,2,0
4865,127.543,146.39,2,0
4866,69.1297,92.3644,2,0
4867,376.564,58.5455,2,0
4868,548.278,228.887,2,0
4869,310.015,36.4239,2,0
4870,98.3395,200.605,2,0
4871,119.822,110.123,2,0
4872,410.807,99.7135,2,0
4873,584.647,119.993,2,0
4874,520.058,206.409,2,0
4875,448.608,112.509,2,0
4876,45.2208,126.128,2,0
4877,502.281,266.763,2,0
4878,152.936,204.197,2,0
4879,557.112,283.7,2,0
4880,138.054,284.629,2,0
4881,560.363,266.373,2,0
4882,180.343,8.42589,2,0
4883,165.634,214.198,2,0
4884,340.174,266.313,2,0
4885,37.833,86.3761,2,0
4886,245.897,139.258,2,0
4887,491.091,265.668,2,0
4888,592.333,253.209,2,0
4889,106.674,132.689,2,0
4890,457.232,92.816,2,0
4891,86.9449,48.1906,2,0
4892,527.401,75.8625,2,0
4893,423.928,292.996,2,0
4894,176.115,105.583,2,0
4895,397.141,181.282,2,0
4896,372.859,134.503,2,0
4897,268.202,227.818,2,0
4898,558.424,85.5054,2,0
4899,46.8154,271.8,2,0
4900,93.021,79.4983,2,0
4901,43.7791,28.7152,2,0
4902,72.1437,35.2326,2,0
4903,138.525,258.171,2,0
4904,116.765,82.8811,2,0
4905,195.503,128.512,2,0
4906,126.98,47.3856,2,0
4907,540.472,223.558,2,0
4908,275.284,6.3505,2,0
4909,382.381,67.0302,2,0
4910,250.287,257.179,2,0
4911,15.0221,39.2065,2,0
4912,169.973,257.103,2,0
4913,567.189,272.316,2,0
4914,26.4148,110.938,2,0
4915,15.4457,18.8877,2,0
4916,23.2856,246.683,2,0
4917,547.601,114.414,2,0
4918,307.75,246.32,2,0
4919,230.917,260.307,2,0
4920,416.825,26.4268,2,0
4921,243.948,175.587,2,0
4922,562.798,112.983,2,0
4923,348.377,171.24,2,0
4924,497.89,245.58,2,0
4925,243.579,131.92,2,0
4926,322.477,129.704,2,0
4927,541.188,2,2,0
4928,27.3533,41.2275,2,0
4929,240.485,88.8851,2,0
4930,16.214,228.323,2,0
4931,211.936,33.6949,2,0
4932,418.529,184.111,2,0
4933,326.407,61.7387,2,0
4934,568.378,56.1143,2,0
4935,391.018,64.7454,2,0
4936,77.8369,167.333,2,0
4937,450.227,72.4285,2,0
4938,149.876,154.861,2,0
4939,54.6976,58.977,2,0
4940,398.96,156.549,2,0
4941,283.539,35.8833,2,0
4942,38.3453,245.667,2,0
4943,14.5726,255.803,2,0
4944,509.78,97.4209,2,0
4945,189.627,7.62507,2,0
4946,303.374,52.3421,2,0
4947,162.61,209.361,2,0
4948,477.745,176.242,2,0
4949,557.39,155.869,2,0
4950,240.389,124.589,2,0
4951,531.21,232.977,2,0
4952,420.134,9.67355,2,0
4953,343.454,202.614,2,0
4954,220.62,65.309,2,0
4955,268.955,288.149,2,0
4956,49.6772,298,2,0
4957,240.086,47.3891,2,0
4958,116.649,239.184,2,0
4959,457.122,136.611,2,0
4960,513.748,178.164,2,0
4961,467.54,145.92,2,0
4962,499.214,135.288,2,0
4963,597.545,212.394,2,0
4964,7.70387,153.327,2,0
4965,424.551,91.32,2,0
4966,558.66,73.2861,2,0
4967,208.096,277.61,2,0
4968,134.964,5.87674,2,0
4969,214.876,30.237,2,0
4970,154.643,118.621,2,0
4971,421.766,234.988,2,0
4972,5.36447,284.151,2,0
4973,43.2623,156.422,2,0
4974,258.194,258.022,2,0
4975,398.471,250.243,2,0
4976,444.111,96.8732,2,0
4977,451.421,213.007,2,0
4978,470.558,67.6952,2,0
4979,48.6861,66.2479,2,0
4980,298.489,236.534,2,0
4981,552.255,130.825,2,0
4982,376.699,112.118,2,0
4983,512.923,261.698,2,0
4984,188.535,3.67532,2,0
4985,581.606,143.61,2,0
4986,128.384,273.772,2,0
4987,191.496,146.591,2,0
4988,135.227,102.735,2,0
4989,60.0588,92.8862,2,0
4990,464.286,69.995,2,0
4991,41.5121,127.802,2,0
4992,595.413,49.0171,2,0
4993,183.13,174.005,2,0
4994,333.23,252.235,2,0
4995,158.801,38.9631,2,0
4996,232.403,81.0712,2,0
4997,481.195,140.356,2,0
4998,20.6934,33.632,2,0
4999,370.911,21.4087,2,0
5000,21.9848,171.38,2,0
5001,297.39,74.8349,2,0
5002,203.597,250.578,2,0
5003,281.58,203.92,2,0
5004,5.04982,12.9384,2,0
5005,330.062,154.882,2,0
5006,197.742,2.30899,2,0
5007,439.452,167.931,2,0
5008,301.254,154.877,2,0
5009,189.29,121.455,2,0
5010,3.30184,31.7906,2,0
5011,555.163,199.648,2,0
5012,40.8261,151.759,2,0
5013,450.145,13.363,2,0
5014,222.436,153.266,2,0
5015,49.1739,6.50895,2,0
5016,206.076,33.1645,2,0
5017,404.776,64.7456,2,0
5018,125.101,104.664,2,0
5019,537.817,152.009,2,0
5020,89.8442,142.781,2,0
5021,63.8318,229.149,2,0
5022,182.074,167.047,2,0
5023,119.297,209.667,2,0
5024,135.269,127.91,2,0
5025,492.242,60.6154,2,0
5026,159.026,190.287,2,0
5027,302.308,247.674,2,0
5028,142.126,124.566,2,0
5029,591.286,132.042,2,0
5030,570.06,256.158,2,0
5031,236.006,272.411,2,0
5032,217.113,295.056,2,0
5033,126.239,79.6517,2,0
5034,72.1004,169.68,2,0
5035,216.938,177.915,2,0
5036,482.064,7.69912,2,0
5037,475.922,24.5366,2,0
5038,342.595,293.979,2,0
5039,208.709,138.646,2,0
5040,146.086,198.586,2,0
5041,188.753,170.054,2,0
5042,482.859,226.058,2,0
5043,530.703,295.964,2,0
5044,419.47,238.395,2,0
5045,357.356,184.082,2,0
5046,452.987,94.8317,2,0
5047,287.068,76.4249,2,0
5048,346.259,85.324,2,0
5049,79.816,104.758,2,0
5050,73.1831,125.996,2,0
5051,512.091,159.932,2,0
5052,543.922,191.01,2,0
5053,377.514,70.6704,2,0
5054,82.2215,232.067,2,0
5055,397.013,75.5535,2,0
5056,135.802,270.485,2,0
5057,57.8067,258.787,2,0
5058,11.6167,284.648,2,0
5059,235.242,108.508,2,0
5060,156.389,293.728,2,0
5061,407.147,235.886,2,0
5062,71.0692,119.348,2,0
5063,229.857,158.384,2,0
5064,525.772,136.966,2,0
5065,593.764,294.884,2,0
5066,60.3503,182.703,2,0
5067,283.063,140.047,2,0
5068,242.046,100.498,2,0
5069,480.992,192.819,2,0
5070,97.9951,271.142,2,0
5071,193.243,72.4697,2,0
5072,33.5213,119.15,2,0
5073,591.004,55.7467,2,0
5074,274.075,40.8318,2,0
5075,7.85994,57.1002,2,0
5076,88.5075,242.782,2,0
5077,37.7556,129.751,2,0
5078,33.1215,169.993,2,0
5079,9.82064,250.423,2,0
5080,139.262,151.571,2,0
5081,409.57,258.374,2,0
5082,41.9605,62.7211,2,0
5083,193.28,133.142,2,0
5084,576.04,295.723,2,0
5085,113.531,7.86959,2,0
5086,373.419,202.407,2,0
5087,548.122,220.859,2,0
5088,344.03,119.209,2,0
5089,11.3081,289.772,2,0
5090,420.626,89.9827,2,0
5091,313.272,57.7524,2,0
5092,296.812,280.678,2,0
5093,51.0987,89.3802,2,0
5094,584.383,212.402,2,0
5095,247.512,130.787,2,0
5096,286.364,256.273,2,0
5097,227.043,269.418,2,0
5098,311.053,207.013,2,0
5099,217.346,2,2,0
5100,188.94,26.0449,2,0
5101,53.1833,197.689,2,0
5102,168.781,58.868,2,0
5103,546.412,41.8639,2,0
5104,57.2714,120.411,2,0
5105,203.209,152.742,2,0
5106,50.7763,124.637,2,0
5107,18.3939,280.646,2,0
5108,427.449,239.55,2,0
5109,429.91,113.552,2,0
5110,298.271,112.016,2,0
5111,469.693,129.991,2,0
5112,348.806,287.541,2,0
5113,288.613,50.8876,2,0
5114,129.516,211.49,2,0
5115,368.691,35.7237,2,0
5116,580.208,122.829,2,0
5117,67.36,29.5171,2,0
5118,260.25,200.746,2,0
5119,199.228,242.436,2,0
5120,135.647,54.4662,2,0
5121,485.055,129.095,2,0
5122,540.271,83.4869,2,0
5123,364.597,140.851,2,0
5124,528.818,146.212,2,0
5125,571.235,272.391,2,0
5126,10.663,202.726,2,0
5127,538.333,100.764,2,0
5128,305.997,45.2637,2,0
5129,500.222,114.714,2,0
5130,345.824,276.287,2,0
5131,471.234,186.871,2,0
5132,267.096,148.217,2,0
5133,118.504,129.595,2,0
5134,460.72,2,2,0
5135,238.651,111.045,2,0
5136,115.368,16.0708,2,0
5137,52.5323,106.583,2,0
5138,45.6527,297.098,2,0
5139,391.39,57.9799,2,0
5140,559.098,114.91,2,0
5141,537.971,142.371,2,0
5142,56.8254,237.116,2,0
5143,142.416,39.6331,2,0
5144,322.722,207.375,2,0
5145,492.004,280.272,2,0
5146,216.424,127.83,2,0
5147,77.9532,134.814,2,0
5148,488.315,273.318,2,0
5149,549.722,44.3148,2,0
5150,226.011,284.257,2,0
5151,2.79495,9.56587,2,0
5152,372.664,279.71,2,0
5153,169.48,241.4,2,0
5154,309.679,183.711,2,0
5155,55.1137,210.301,2,0
5156,99.8797,117.745,2,0
5157,194.025,61.0186,2,0
5158,362.231,59.6353,2,0
5159,14.5246,281.804,2,0
5160,53.5982,72.1957,2,0
5161,338.048,278.712,2,0
5162,463.69,41.6989,2,0
5163,297.115,13.8273,2,0
5164,217.972,226.96,2,0
5165,48.0425,160.829,2,0
5166,306.157,62.9697,2,0
5167,286.598,252.106,2,0
5168,331.949,151.33,2,0
5169,178.907,21.128,2,0
5170,469.885,109.116,2,0
5171,199.487,6.04121,2,0
5172,39.9377,95.0031,2,0
5173,175.507,25.9299,2,0
5174,555.17,148.356,2,0
5175,568.752,125.769,2,0
5176,585.264,147.943,2,0
5177,552.295,173.906,2,0
5178,435.016,2,2,0
5179,283.954,31.8796,2,0
5180,208.987,48.6881,2,0
5181,391.085,111.148,2,0
5182,16.9733,135.274,2,0
5183,321.096,195.972,2,0
5184,298.717,28.1088,2,0
5185,197.754,246.21,2,0
5186,544.473,274.902,2,0
5187,466.466,50.1142,2,0
5188,551.31,245.19,2,0
5189,508.083,192.79,2,0
5190,29.4721,208.323,2,0
5191,473.79,249.66,2,0
5192,65.6686,83.4535,2,0
5193,356.003,187.861,2,0
5194,471.541,192.255,2,0
5195,448.211,221.685,2,0
5196,269.173,253.284,2,0
5197,351.608,102.234,2,0
5198,422.437,134.28,2,0
5199,120.931,93.3195,2,0
5200,171.549,260.864,2,0
5201,35.4189,156.712,2,0
5202,122.383,61.0833,2,0
5203,30.3756,19.591,2,0
5204,437.124,159.807,2,0
5205,571.236,199.645,2,0
5206,451.058,233.301,2,0
5207,251.937,65.5591,2,0
5208,513.934,85.8001,2,0
5209,136.863,45.6964,2,0
5210,175.225,191.357,2,0
5211,294.522,263.868,2,0
5212,387.064,183.423,2,0
5213,348.135,259.677,2,0
5214,584.784,277.915,2,0
5215,218.969,249.928,2,0
5216,546.841,8.9543,2,0
5217,573.019,121.15,2,0
5218,575.097,193.269,2,0
5219,27.8844,257.655,2,0
5220,259.174,222.881,2,0
5221,516.357,255.48,2,0
5222,537.474,266.676,2,0
5223,13.7385,200.157,2,0
5224,569.378,113.674,2,0
5225,129.991,77.8936,2,0
5226,570.041,79.2581,2,0
5227,381.343,179.285,2,0
5228,348.893,220.453,2,0
5229,33.0583,263.922,2,0
5230,409.367,105.274,2,0
5231,580.408,211.476,2,0
5232,554.07,3.64774,2,0
5233,567.313,69.0877,2,0
5234,299.028,215.586,2,0
5235,8.75281,139.903,2,0
5236,465.754,131.067,2,0
5237,202.761,144.088,2,0
5238,274.41,2,2,0
5239,176.239,8.28478,2,0
5240,423.031,228.837,2,0
5241,378.203,268.122,2,0
5242,500.221,123.491,2,0
5243,477.407,158.997,2,0
5244,270.751,216.033,2,0
5245,196.62,187.197,2,0
5246,393.712,160.064,2,0
5247,207.105,21.9023,2,0
5248,218.167,245.907,2,0
5249,521.181,252.453,2,0
5250,25.7483,254.114,2,0
5251,22.781,152.135,2,0
5252,519.838,261.593,2,0
5253,591.101,82.2805,2,0
5254,344.124,184.675,2,0
5255,191.447,64.3446,2,0
5256,191.318,290.758,2,0
5257,151.148,181.654,2,0
5258,228.896,139.197,2,0
5259,114.454,48.6084,2,0
5260,48.1972,225.763,2,0
5261,341.005,144.774,2,0
5262,236.927,289.42,2,0
5263,401.248,219.223,2,0
5264,179.142,260.891,2,0
5265,75.355,223.502,2,0
5266,331.581,40.8578,2,0
5267,593.234,214.895,2,0
5268,383.68,102.23,2,0
5269,144.701,79.0738,2,0
5270,38.5409,170.814,2,0
5271,96.4193,280.288,2,0
5272,335.112,128.451,2,0
5273,239.945,51.444,2,0
5274,215.648,38.262,2,0
5275,484.441,263.128,2,0
5276,138.116,124.947,2,0
5277,117.048,186.873,2,0
5278,205.747,29.0476,2,0
5279,336.826,237.877,2,0
5280,200.638,126.154,2,0
5281,202.348,31.5858,2,0
5282,200.86,220.1,2,0
5283,562.87,298,2,0
5284,75.3751,276.105,2,0
5285,363.113,259.708,2,0
5286,155.518,274.247,2,0
5287,15.8603,4.75343,2,0
5288,270.666,117.185,2,0
5289,92.7628,150.17,2,0
5290,263.82,243.434,2,0
5291,195.458,13.1491,2,0
5292,588.043,228.161,2,0
5293,308.042,179.367,2,0
5294,0.580678,61.3295,2,0
5295,76.0055,235.212,2,0
5296,106.267,139.68,2,0
5297,39.6617,7.02442,2,0
5298,540.209,277.423,2,0
5299,163.672,72.4301,2,0
5300,232.164,3.1997,2,0
5301,431.84,189.757,2,0
5302,223.541,229.383,2,0
5303,472.881,164.865,2,0
5304,526.531,217.61,2,0
5305,231.995,170.563,2,0
5306,301.732,176.008,2,0
5307,363.161,217.231,2,0
5308,524.432,122.444,2,0
5309,326.744,96.9013,2,0
5310,128.902,168.251,2,0
5311,126.311,282.634,2,0
5312,255.167,36.8909,2,0
5313,45.5834,94.2994,2,0
5314,411.737,224.521,2,0
5315,385.737,46.0476,2,0
5316,499.461,277.47,2,0
5317,334.495,85.3409,2,0
5318,155.445,70.5623,2,0
5319,279.542,25.2897,2,0
5320,541.845,212.269,2,0
5321,236.817,20.2025,2,0
5322,135.795,234.011,2,0
5323,550.999,126.844,2,0
5324,259.433,164.586,2,0
5325,261.56,14.5357,2,0
5326,376.191,224.687,2,0
5327,187.419,62.6913,2,0
5328,562.457,24.7843,2,0
5329,256.892,226.463,2,0
5330,418.338,171.121,2,0
5331,144.809,18.3272,2,0
5332,392.123,40.6903,2,0
5333,320.731,293.602,2,0
5334,98.3614,129.38,2,0
5335,571.611,215.89,2,0
5336,67.8279,150.13,2,0
5337,93.5447,86.7071,2,0
5338,524.419,116.338,2,0
5339,275.916,161.308,2,0
5340,519.592,149.328,2,0
5341,270.844,236,2,0
5342,308.015,163.556,2,0
5343,583.686,239.307,2,0
5344,8.09161,223.62,2,0
5345,33.8204,17.5379,2,0
5346,501.886,252.535,2,0
5347,106.666,92.8738,2,0
5348,139.309,101.323,2,0
5349,464.906,234.288,2,0
5350,352.418,245.59,2,0
5351,462.172,13.2195,2,0
5352,117.098,51.7016,2,0
5353,327.187,172.571,2,0
5354,139.968,196.711,2,0
5355,352.161,32.1963,2,0
5356,479.773,172.673,2,0
5357,165.208,13.6795,2,0
5358,144.65,253.107,2,0
5359,294.357,131.525,2,0
5360,272.366,37.2062,2,0
5361,243.435,45.1411,2,0
5362,488.766,163.504,2,0
5363,91.5317,74.8548,2,0
5364,121.917,218.687,2,0
5365,73.4803,108.738,2,0
5366,380.256,221.14,2,0
5367,462.389,222.095,2,0
5368,423.107,61.9228,2,0
5369,115.51,132.507,2,0
5370,324.922,253.83,2,0
5371,361.331,155.921,2,0
5372,217.592,256.409,2,0
5373,208.226,214.673,2,0
5374,338.775,45.2177,2,0
5375,542.711,180.019,2,0
5376,466.34,161.777,2,0
5377,231.701,96.0316,2,0
5378,7.4283,68.8996,2,0
5379,558.176,262.908,2,0
5380,262.051,220.096,2,0
5381,200.251,44.355,2,0
5382,158.838,181.417,2,0
5383,137.979,139.882,2,0
5384,527.108,106.902,2,0
5385,407.533,155.366,2,0
5386,206.58,265.829,2,0
5387,401.068,174.127,2,0
5388,95.5362,109.121,2,0
5389,331.635,139.55,2,0
5390,440.097,229.764,2,0
5391,185.291,89.9232,2,0
5392,478.847,54.3382,2,0
5393,467.331,73.5753,2,0
5394,0.12812,222.397,2,0
5395,208.073,86.6698,2,0
5396,288.689,151.573,2,0
5397,251.019,178.729,2,0
5398,230.228,298,2,0
5399,449.366,266.804,2,0
5400,106.905,281.671,2,0
5401,555.297,244.615,2,0
5402,36.1727,147.668,2,0
5403,527.643,205.629,2,0
5404,215.81,106.5,2,0
5405,457.602,58.7285,2,0
5406,102.778,195.977,2,0
5407,271.555,179.525,2,0
5408,482.043,126.326,2,0
5409,53.1435,168.835,2,0
5410,312.954,293.026,2,0
5411,258.217,92.9517,2,0
5412,344.709,227.46,2,0
5413,539.833,71.4404,2,0
5414,484.4,121.679,2,0
5415,29.4315,223.444,2,0
5416,30.1582,234.338,2,0
5417,88.2096,116.965,2,0
5418,378.179,122.436,2,0
5419,103.055,142.452,2,0
5420,100.073,290.022,2,0
5421,19.2355,40.7208,2,0
5422,335.12,291.619,2,0
5423,186.109,267.027,2,0
5424,93.146,124.538,2,0
5425,25.2045,210.367,2,0
5426,459.638,108.78,2,0
5427,93.1163,259.992,2,0
5428,67.9614,42.1186,2,0
5429,322.191,31.0702,2,0
5430,394.044,54.5769,2,0
5431,106.594,75.0512,2,0
5432,477.307,212.705,2,0
5433,47.2315,46.8394,2,0
5434,447.088,225.568,2,0
5435,110.905,186.962,2,0
5436,125.085,51.1018,2,0
5437,33.2636,2,2,0
5438,134.03,111.396,2,0
5439,51.2487,10.0722,2,0
5440,150.861,13.0493,2,0
5441,146.796,299.918,2,0
5442,251.453,198.983,2,0
5443,27.0319,9.2655,2,0
5444,500.443,166.212,2,0
5445,223.113,41.4584,2,0
5446,153.343,43.2856,2,0
5447,117.88,6.09946,2,0
5448,427.143,0.234874,2,0
5449,94.4982,170.138,2,0
5450,562.341,75.1236,2,0
5451,494.956,160.437,2,0
5452,470.64,148.825,2,0
5453,173.692,187.479,2,0
5454,216.083,34.1461,2,0
5455,128.872,254.507,2,0
5456,403.474,68.7161,2,0
5457,455.351,270.872,2,0
5458,27.4752,114.96,2,0
5459,147.697,44.5006,2,0
5460,182.987,107.507,2,0
5461,279.412,200.431,2,0
5462,555.3,110.253,2,0
5463,484.202,251.387,2,0
5464,23.4015,68.9327,2,0
5465,228.646,226.394,2,0
5466,191.019,272.747,2,0
5467,476.935,193.747,2,0
5468,130.074,104.344,2,0
5469,450.239,274.858,2,0
5470,522.831,268.673,2,0
5471,370.064,79.2713,2,0
5472,18.6871,270.389,2,0
5473,217.957,131.581,2,0
5474,182.869,21.9278,2,0
5475,295.416,284.579,2,0
5476,415.695,118.28,2,0
5477,160.765,68.9915,2,0
5478,131.114,114.395,2,0
5479,547.107,244.696,2,0
5480,38.9892,257.22,2,0
5481,286.977,164.229,2,0
5482,536.828,172.111,2,0
5483,242.206,241.371,2,0
5484,199.405,150.97,2,0
5485,413.434,259.629,2,0
5486,350.495,155.859,2,0
5487,5.90224,253.834,2,0
5488,357.428,154.711,2,0
5489,259.776,280.059,2,0
5490,151.691,21.9926,2,0
5491,495.844,284.528,2,0
5492,75.0737,32.325,2,0
5493,321.446,72.8432,2,0
5494,552.768,225.079,2,0
5495,287.647,144.799,2,0
5496,77.006,263.36,2,0
5497,309.377,283.807,2,0
5498,147.491,15.2999,2,0
5499,249.457,58.1718,2,0
5500,89.2245,36.7111,2,0
5501,190.983,68.555,2,0
5502,79.9302,11.8836,2,0
5503,466.664,38.7519,2,0
5504,215.389,61.9778,2,0
5505,567.757,208.404,2,0
5506,445.038,91.414,2,0
5507,10.4023,190.092,2,0
5508,522.374,134.452,2,0
5509,247.755,40.2112,2,0
5510,126.464,108.597,2,0
5511,552.54,210.346,2,0
5512,100.185,108.266,2,0
5513,18.7757,2,2,0
5514,114.362,211.314,2,0
5515,170.412,185.147,2,0
5516,334.924,268.526,2,0
5517,62.2364,61.8823,2,0
5518,454.759,133.27,2,0
5519,285.981,53.9125,2,0
5520,364.082,53.9862,2,0
5521,588.001,173.727,2,0
5522,353.369,58.8684,2,0
5523,217.748,27.2554,2,0
5524,167.174,159.406,2,0
5525,426.045,114.885,2,0
5526,144.707,248.914,2,0
5527,162.422,104.478,2,0
5528,562.387,2,2,0
5529,368.945,135.979,2,0
5530,113.051,110.738,2,0
5531,594.358,102.992,2,0
5532,69.4782,290.409,2,0
5533,533.611,129.147,2,0
5534,217.942,121.391,2,0
5535,527.071,87.8136,2,0
5536,404.758,285.534,2,0
5537,345.577,129.87,2,0
5538,564.384,284.803,2,0
5539,298.491,32.2579,2,0
5540,523.526,194.882,2,0
5541,572.617,179.339,2,0
5542,533.589,2,2,0
5543,245.922,185.404,2,0
5544,31.0374,25.2718,2,0
5545,473.793,119.811,2,0
5546,264.024,75.1633,2,0
5547,259.466,43.7812,2,0
5548,595.068,282.762,2,0
5549,473.151,35.587,2,0
5550,491.329,28.9958,2,0
5551,441.014,91.5883,2,0
5552,78.387,121.082,2,0
5553,442.144,58.0803,2,0
5554,390.403,241.75,2,0
5555,551.003,201.264,2,0
5556,24.112,134.215,2,0
5557,289.588,43.7921,2,0
5558,447.538,278.185,2,0
5559,547.085,194.87,2,0
5560,163.017,2,2,0
5561,571.377,211.756,2,0
5562,80.9007,124.865,2,0
5563,599.658,44.5915,2,0
5564,281.576,53.1188,2,0
5565,287.709,173.211,2,0
5566,594.256,74.8619,2,0
5567,249,21.5641,2,0
5568,417.488,101.155,2,0
5569,423.859,151.514,2,0
5570,548.765,257.674,2,0
5571,412.915,103.229,2,0
5572,502.966,41.2848,2,0
5573,308.992,167.534,2,0
5574,264.755,258.162,2,0
5575,201.496,70.6816,2,0
5576,27.6462,286.696,2,0
5577,464.654,29.8372,2,0
5578,217.451,268.453,2,0
5579,155.813,264.923,2,0
5580,144.044,261.288,2,0
5581,6.73761,216.13,2,0
5582,102.556,224.923,2,0
5583,570.657,236.886,2,0
5584,231.435,264.342,2,0
5585,66.5421,257.145,2,0
5586,515.753,36.7044,2,0
5587,40.8306,21.448,2,0
5588,440.604,216.66,2,0
5589,91.0496,267.568,2,0
5590,46.2819,138.801,2,0
5591,415.834,224.31,2,0
5592,438.705,60.4518,2,0
5593,52.5405,217.471,2,0
5594,591.335,100.278,2,0
5595,340.691,258.128,2,0
5596,411.851,63.986,2,0
5597,351.952,297.792,2,0
5598,125.918,278.453,2,0
5599,102.684,133.171,2,0
5600,221.4,79.232,2,0
5601,170.172,133.367,2,0
5602,297.661,5.27733,2,0
5603,446.977,270.087,2,0
5604,489.973,115.203,2,0
5605,161.489,193.589,2,0
5606,475.493,51.7519,2,0
5607,596.563,125.782,2,0
5608,492.703,130.431,2,0
5609,570.367,30.8748,2,0
5610,495.145,276.904,2,0
5611,63.6807,152.46,2,0
5612,49.1503,169.404,2,0
5613,184.999,111.078,2,0
5614,310.071,249.786,2,0
5615,447.62,174.338,2,0
5616,592.708,272.325,2,0
5617,267.465,114.478,2,0
5618,389.088,225.259,2,0
5619,593.629,118.916,2,0
5620,373.295,41.361,2,0
5621,533.144,92.979,2,0
5622,124.773,202.944,2,0
5623,439.147,225.695,2,0
5624,479.94,108.902,2,0
5625,508.842,235.891,2,0
5626,22.8343,56.1979,2,0
5627,450.302,17.393,2,0
5628,307.671,287.558,2,0
5629,141.342,87.0723,2,0
5630,544.495,270.795,2,0
5631,386.368,282.414,2,0
5632,66.4204,278.877,2,0
5633,425.793,264.833,2,0
5634,79.6365,290.647,2,0
5635,449.659,49.6942,2,0
5636,8.85846,2,2,0
5637,243.748,52.725,2,0
5638,329.067,272.527,2,0
5639,327.908,146.963,2,0
5640,81.561,47.0248,2,0
5641,559.879,28.0078,2,0
5642,560.503,209.524,2,0
5643,23.5322,286.968,2,0
5644,589.565,124.13,2,0
5645,261.326,72.1113,2,0
5646,376.193,44.4264,2,0
5647,26.7421,173.63,2,0
5648,415.215,168.111,2,0
5649,269.71,191.928,2,0
5650,448.489,147.706,2,0
5651,271.028,241.666,2,0
5652,23.1157,44.664,2,0
5653,523.166,259.248,2,0
5654,554.42,195.676,2,0
5655,310.027,49.25,2,0
5656,234.765,251.875,2,0
5657,547.567,124.63,2,0
5658,535.274,57.793,2,0
5659,472.178,17.654,2,0
5660,57.5118,0.63901,2,0
5661,479.035,220.165,2,0
5662,559.756,280.692,2,0
5663,173.702,222.455,2,0
5664,31.072,42.8454,2,0
5665,465.144,138.555,2,0
5666,483.39,181.408,2,0
5667,394.944,47.1926,2,0
5668,509.852,296.108,2,0
5669,340.845,41.1508,2,0
5670,281.907,169.573,2,0
5671,213.219,294.05,2,0
5672,14.6702,234.34,2,0
5673,447.9,282.889,2,0
5674,545.218,290.167,2,0
5675,150.276,129.159,2,0
5676,279.631,126.192,2,0
5677,380.288,225.455,2,0
5678,352.835,280.482,2,0
5679,556.38,278.277,2,0
5680,59.3423,159.514,2,0
5681,140.901,93.8215,2,0
5682,528.695,91.6674,2,0
5683,48.9656,192.455,2,0
5684,63.8879,289.162,2,0
5685,121.148,85.9965,2,0
5686,365.649,112.796,2,0
5687,400.964,50.3968,2,0
5688,108.321,71.4395,2,0
5689,389.94,47.838,2,0
5690,367.166,23.027,2,0
5691,18.1949,204.475,2,0
5692,537.23,92.668,2,0
5693,114.064,21.7669,2,0
5694,237.987,149.196,2,0
5695,363.872,272.976,2,0
5696,240.709,187.85,2,0
5697,536.96,212.272,2,0
5698,531.564,198.038,2,0
5699,479.185,228.254,2,0
5700,405.43,264.272,2,0
5701,497.792,241.37,2,0
5702,135.455,150.051,2,0
5703,268.758,17.0607,2,0
5704,4.67467,81.1208,2,0
5705,134.643,205.793,2,0
5706,490.641,298,2,0
5707,96.0475,216.468,2,0
5708,504.023,2,2,0
5709,482.906,19.7567,2,0
5710,178.239,11.9776,2,0
5711,175.878,72.7659,2,0
5712,163.056,217.321,2,0
5713,458.197,88.7522,2,0
5714,544.48,262.626,2,0
5715,526.244,224.179,2,0
5716,392.503,68.5055,2,0
5717,58.236,22.2077,2,0
5718,74.5482,210.903,2,0
5719,311.38,160.022,2,0
5720,550.517,283.75,2,0
5721,53.3782,121.497,2,0
5722,486.233,66.1902,2,0
5723,511.778,89.8714,2,0
5724,48.8569,265.147,2,0
5725,140.846,46.4085,2,0
5726,200.223,201.049,2,0
5727,257.745,7.70239,2,0
5728,148.631,267.621,2,0
5729,256.575,69.7333,2,0
5730,58.5605,96.7226,2,0
5731,531.254,157.16,2,0
5732,203.422,196.4,2,0
5733,583.826,155.718,2,0
5734,419.354,97.4178,2,0
5735,378.95,34.156,2,0
5736,8.9318,275.9,2,0
5737,374.279,233.307,2,0
5738,413.685,158.026,2,0
5739,164.954,203.042,2,0
5740,490.552,41.1921,2,0
5741,448.404,21.0723,2,0
5742,328.652,36.0918,2,0
5743,56.5306,224.763,2,0
5744,350.563,92.3314,2,0
5745,239.564,244.653,2,0
5746,94.8407,120.89,2,0
5747,433.876,167.947,2,0
5748,487.629,50.4509,2,0
5749,15.9774,266.293,2,0
5750,374.004,12.4521,2,0
5751,324.013,259.131,2,0
5752,23.996,64.9514,2,0
5753,122.721,222.705,2,0
5754,338.768,117.344,2,0
5755,297.983,119.199,2,0
5756,481.418,130.931,2,0
5757,144.257,161.815,2,0
5758,331.758,160.703,2,0
5759,244.789,286.274,2,0
5760,14.1277,205.084,2,0
5761,457.207,22.9705,2,0
5762,474.666,30.3872,2,0
5763,558.169,194.258,2,0
5764,164.845,68.6045,2,0
5765,427.274,15.1856,2,0
5766,103.872,129.16,2,0
5767,68.9428,179.197,2,0
5768,372.719,226.702,2,0
5769,316.88,13.4117,2,0
5770,455.667,210.352,2,0
5771,100.921,206.781,2,0
5772,247.012,178.353,2,0
5773,563.123,199.37,2,0
5774,354.279,78.575,2,0
5775,431.689,228.756,2,0
5776,538.68,35.9422,2,0
5777,524.963,131.323,2,0
5778,387.202,245.835,2,0
5779,586.835,209.002,2,0
5780,595.941,139.256,2,0
5781,429.974,283.933,2,0
5782,290.04,219.432,2,0
5783,229.629,167.209,2,0
5784,234.174,136.922,2,0
5785,6.30912,72.9358,2,0
5786,511.013,218.605,2,0
5787,44.7859,134.016,2,0
5788,572.441,251.613,2,0
5789,184.521,237.776,2,0
5790,213.626,255.305,2,0
5791,100.045,257.524,2,0
5792,163.317,48.1132,2,0
5793,102.289,15.2379,2,0
5794,118.691,100.527,2,0
5795,162.095,278.753,2,0
5796,110.809,298,2,0
5797,571.122,91.9139,2,0
5798,390.744,142.966,2,0
5799,576.943,185.375,2,0
5800,460.283,252.111,2,0
5801,204.321,246.529,2,0
5802,538.863,295.44,2,0
5803,518.968,279.904,2,0
5804,488.872,194.439,2,0
5805,388.175,91.8504,2,0
5806,51.2305,255.992,2,0
5807,170.588,286.959,2,0
5808,139.634,272.088,2,0
5809,484.316,39.1436,2,0
5810,580.094,182.692,2,0
5811,136.182,22.3877,2,0
5812,213.331,202.395,2,0
5813,332.752,214.439,2,0
5814,267.495,180.505,2,0
5815,56.9707,131.836,2,0
5816,90.8572,120.015,2,0
5817,553.757,281.37,2,0
5818,568.3,178.938,2,0
5819,207.663,256.544,2,0
5820,144.307,211.818,2,0
5821,472.351,275.217,2,0
5822,92.6432,166.503,2,0
5823,148.61,247.905,2,0
5824,268.065,161.955,2,0
5825,94.9041,42.3879,2,0
5826,387.145,140.883,2,0
5827,504.289,167.402,2,0
5828,131.337,63.0202,2,0
5829,369.055,149.153,2,0
5830,197.479,104.512,2,0
5831,75.8394,11.7066,2,0
5832,551.884,35.7006,2,0
5833,485.242,211.603,2,0
5834,176.909,127.52,2,0
5835,13.5526,156.794,2,0
5836,192.523,76.4306,2,0
5837,538.517,120.812,2,0
5838,212.677,160.351,2,0
5839,86.4178,120.639,2,0
5840,94.2051,93.2977,2,0
5841,387.422,20.2651,2,0
5842,270.186,220.094,2,0
5843,354.674,14.2356,2,0
5844,511.664,32.4067,2,0
5845,429.227,77.8414,2,0
5846,229.068,129.533,2,0
5847,431.974,160.675,2,0
5848,359.052,284.912,2,0
5849,337.568,250.631,2,0
5850,395.862,98.1281,2,0
5851,178.693,277.757,2,0
5852,581.765,6.55024,2,0
5853,425.342,103.346,2,0
5854,39.4993,231.925,2,0
5855,192.647,32.7461,2,0
5856,265.233,217.392,2,0
5857,337.206,72.5847,2,0
5858,375.697,66.942,2,0
5859,0.573309,66.0746,2,0
5860,59.1234,116.84,2,0
5861,101.617,241.871,2,0
5862,388.337,107.991,2,0
5863,560.539,286.14,2,0
5864,422.78,224.838,2,0
5865,198.74,143.96,2,0
5866,327.243,233.66,2,0
5867,478.13,33.3892,2,0
5868,390.727,272.295,2,0
5869,523.664,263.285,2,0
5870,443.737,30.4262,2,0
5871,598.19,73.8603,2,0
5872,260.145,170.831,2,0
5873,587.124,246.253,2,0
5874,55.6967,247.329,2,0
5875,566.997,266.673,2,0
5876,403.724,136.156,2,0
5877,44.9679,2.11884,2,0
5878,150.77,111.523,2,0
5879,331.004,56.1232,2,0
5880,355.843,208.083,2,0
5881,163.555,263.685,2,0
5882,296.679,267.736,2,0
5883,416.815,148.107,2,0
5884,34.97,122.923,2,0
5885,246.683,96.1648,2,0
5886,397.835,120.744,2,0
5887,388.918,176.505,2,0
5888,308.733,175.315,2,0
5889,436.574,245.241,2,0
5890,333.855,75.1958,2,0
5891,578.8,23.5788,2,0
5892,137.482,226.095,2,0
5893,342.872,94.5968,2,0
5894,540.658,269.27,2,0
5895,404.265,125.541,2,0
5896,366.452,257.169,2,0
5897,194.998,168.071,2,0
5898,324.849,15.6186,2,0
5899,244.353,181.652,2,0
5900,472.881,21.7816,2,0
5901,336.505,264.676,2,0
5902,65.6479,9.56138,2,0
5903,420.663,208.897,2,0
5904,238.053,74.2218,2,0
5905,91.4529,224.615,2,0
5906,405.734,218.366,2,0
5907,556.086,237.009,2,0
5908,135.078,58.4356,2,0
5909,407.286,89.5687,2,0
5910,23.6113,5.63538,2,0
5911,491.394,21.159,2,0
5912,194.57,137.405,2,0
5913,293.863,217.759,2,0
5914,291.788,172.888,2,0
5915,40.8034,200.309,2,0
5916,313.742,2.67155,2,0
5917,49.3759,120.564,2,0
5918,37.3978,10.4129,2,0
5919,401.72,268.777,2,0
5920,209.722,157.485,2,0
5921,95.0011,268.261,2,0
5922,121.977,127.308,2,0
5923,522.991,127.087,2,0
5924,88.2525,112.849,2,0
5925,449.199,191.082,2,0
5926,407.285,128.296,2,0
5927,232.811,64.8638,2,0
5928,101.045,166.865,2,0
5929,91.534,162.647,2,0
5930,518.598,98.3071,2,0
5931,336.911,224.958,2,0
5932,140.679,110.297,2,0
5933,538.367,64.9342,2,0
5934,101.135,19.1499,2,0
5935,182.694,264.93,2,0
5936,507.622,258.103,2,0
5937,576.406,107.936,2,0
5938,273.208,78.5584,2,0
5939,453.427,178.021,2,0
5940,109.593,215.276,2,0
5941,401.05,36.3531,2,0
5942,15.2314,70.2613,2,0
5943,65.9292,36.4891,2,0
5944,198.907,67.4876,2,0
5945,44.7878,13.1698,2,0
5946,371.588,189.995,2,0
5947,76.4688,214.471,2,0
5948,250.799,111.509,2,0
5949,564.387,142.192,2,0
5950,262.159,40.7486,2,0
5951,268.893,187.989,2,0
5952,140.637,296.863,2,0
5953,329.12,134.091,2,0
5954,300.748,132.879,2,0
5955,193.266,122.73,2,0
5956,178.009,167.435,2,0
5957,378.192,235.148,2,0
5958,183.886,293.075,2,0
5959,489.038,82.0982,2,0
5960,529.104,43.2374,2,0
5961,30.1362,261.063,2,0
5962,492.553,2,2,0
5963,248.277,2,2,0
5964,70.7732,238.393,2,0
5965,98.4447,93.2809,2,0
5966,551.525,192.837,2,0
5967,400.569,132.547,2,0
5968,510.454,55.4129,2,0
5969,368.625,157.615,2,0
5970,390.466,192.5,2,0
5971,544.697,81.019,2,0
5972,43.419,58.8117,2,0
5973,588.916,162.105,2,0
5974,303.865,254.807,2,0
5975,19.8738,187.242,2,0
5976,241.528,14.6783,2,0
5977,531.399,135.031,2,0
5978,403.956,222.177,2,0
5979,117.439,293.74,2,0
5980,111.866,57.8516,2,0
5981,269.196,44.4218,2,0
5982,16.6757,154.092,2,0
5983,244.152,126.452,2,0
5984,169.075,137.222,2,0
5985,157.335,42.7465,2,0
5986,269.537,9.05727,2,0
5987,417.237,127.295,2,0
5988,114.261,159.142,2,0
5989,560.603,120.773,2,0
5990,341.653,9.33965,2,0
5991,154.7,39.0504,2,0
5992,150.088,189.631,2,0
5993,577.007,120.424,2,0
5994,73.6573,195.944,2,0
5995,470.936,174.482,2,0
5996,405.27,190.631,2,0
5997,448.41,132.848,2,0
5998,149.549,93.7503,2,0
5999,557.01,167.209,2,0
6000,432.54,245.303,2,0
6001,562.959,41.1272,2,0
6002,421.346,82.1481,2,0
6003,163.925,21.9526,2,0
6004,563.901,35.2849,2,0
6005,245.214,259.75,2,0
6006,23.4567,189.193,2,0
6007,328.207,205.911,2,0
6008,307.29,33.1765,2,0
6009,79.7028,260.259,2,0
6010,61.1733,29.7985,2,0
6011,337.963,155.083,2,0
6012,161.128,6.22794,2,0
6013,448.487,62.5393,2,0
6014,67.0685,23.4321,2,0
6015,85.5803,229.812,2,0
6016,468.415,286.202,2,0
6017,500.995,185.199,2,0
6018,0.223944,124.001,2,0
6019,106.14,235.457,2,0
6020,211.732,83.9361,2,0
6021,394.234,72.1723,2,0
6022,590.856,231.064,2,0
6023,77.5589,94.4839,2,0
6024,23.6655,268.013,2,0
6025,297.248,61.3108,2,0
6026,516.332,259.601,2,0
6027,593.863,249.498,2,0
6028,9.92379,233.149,2,0
6029,491.762,284.349,2,0
6030,154.058,284.347,2,0
6031,407.559,121.124,2,0
6032,502.575,61.4448,2,0
6033,519.336,194.988,2,0
6034,459.448,84.9111,2,0
6035,36.9021,181.973,2,0
6036,370.087,122.42,2,0
6037,144.657,121.447,2,0
6038,239.983,10.9203,2,0
6039,548.755,68.4864,2,0
6040,532.401,5.88894,2,0
6041,193.261,46.9398,2,0
6042,577.107,136.75,2,0
6043,402.28,275.101,2,0
6044,313.332,215.024,2,0
6045,391.414,245.681,2,0
6046,292.007,53.1223,2,0
6047,133.892,138.511,2,0
6048,11.9235,212.046,2,0
6049,85.4454,251.942,2,0
6050,505.432,246.623,2,0
6051,391.681,253.805,2,0
6052,547.054,148.053,2,0
6053,86.1542,15.8902,2,0
6054,263.296,203.617,2,0
6055,313.096,168.636,2,0
6056,184.905,118.353,2,0
6057,361.624,288.031,2,0
6058,71.4137,286.654,2,0
6059,446.508,66.0999,2,0
6060,427.924,159.628,2,0
6061,176.157,155.942,2,0
6062,401.993,46.5266,2,0
6063,130.282,24.0455,2,0
6064,427.309,178.456,2,0
6065,97.0885,125.33,2,0
6066,110.984,11.0846,2,0
6067,154.758,34.4956,2,0
6068,53.9564,128.945,2,0
6069,559.24,290.835,2,0
6070,354.894,144.055,2,0
6071,57.5345,73.5959,2,0
6072,382.348,38.4599,2,0
6073,260.018,272.885,2,0
6074,385.722,29.6578,2,0
6075,420.56,179.7,2,0
6076,244.622,61.7257,2,0
6077,597.01,216.526,2,0
6078,37.3815,35.358,2,0
6079,520.149,90.496,2,0
6080,92.279,23.8532,2,0
6081,339.157,6.00541,2,0
6082,588.477,52.5117,2,0
6083,357.716,271.181,2,0
6084,105.528,214.591,2,0
6085,592.746,257.287,2,0
6086,184.089,25.9194,2,0
6087,476.748,166.049,2,0
6088,229.909,208.073,2,0
6089,543.913,278.995,2,0
6090,296.49,167.492,2,0
6091,424.922,232.507,2,0
6092,296.315,245.703,2,0
6093,467.019,6.96645,2,0
6094,293.896,58.6463,2,0
6095,356.761,281.51,2,0
6096,555.893,184.27,2,0
6097,19.5309,250.759,2,0
6098,550.791,206.739,2,0
6099,329.123,225.403,2,0
6100,231.049,25.7871,2,0
6101,330.144,295.737,2,0
6102,288.874,62.0207,2,0
6103,383.688,125.371,2,0
6104,545.06,187.128,2,0
6105,453.195,23.7871,2,0
6106,166.255,25.2568,2,0
6107,311.302,18.6402,2,0
6108,251.07,34.3961,2,0
6109,434.944,128.66,2,0
6110,111.927,155.845,2,0
6111,419.582,289.199,2,0
6112,391.364,204.584,2,0
6113,501.597,68.755,2,0
6114,130.738,121.308,2,0
6115,89.1253,123.661,2,0
6116,356.602,150.378,2,0
6117,496.635,138.469,2,0
6118,378.885,126.465,2,0
6119,466.546,104.759,2,0
6120,280.288,236.983,2,0
6121,276.731,264.888,2,0
6122,489.178,210.539,2,0
6123,1.74057,178.946,2,0
6124,258.437,29.1852,2,0
6125,281.942,213.079,2,0
6126,328.057,53.3242,2,0
6127,72.4523,152.496,2,0
6128,197.283,134.233,2,0
6129,473.081,200.88,2,0
6130,359.719,12.4341,2,0
6131,141.265,118.556,2,0
6132,418.007,188.567,2,0
6133,120.855,252.863,2,0
6134,554.427,78.3919,2,0
6135,535.403,157.886,2,0
6136,189.848,222.13,2,0
6137,31.915,284.696,2,0
6138,359.086,210.438,2,0
6139,448.402,93.7693,2,0
6140,288.882,245.73,2,0
6141,153.684,48.8346,2,0
6142,200.414,270.501,2,0
6143,152.761,176.63,2,0
6144,293.53,259.867,2,0
6145,180.725,123.321,2,0
6146,522.039,95.5191,2,0
6147,457.661,242.929,2,0
6148,388.564,256.503,2,0
6149,502.806,200.629,2,0
6150,574.334,116.303,2,0
6151,5.76365,28.5258,2,0
6152,289.724,79.8267,2,0
6153,50.5124,188.68,2,0
6154,64.1655,27.0077,2,0
6155,141.958,187.245,2,0
6156,25.289,214.623,2,0
6157,63.3695,207.5,2,0
6158,406.449,268.188,2,0
6159,221.491,133.746,2,0
6160,160.94,220.817,2,0
6161,419.185,63.013,2,0
6162,286.622,298,2,0
6163,366.776,171.481,2,0
6164,409.641,219.228,2,0
6165,501.369,258.806,2,0
6166,499.417,97.9308,2,0
6167,193.976,287.694,2,0
6168,374.519,23.332,2,0
6169,598.781,244.451,2,0
6170,180.357,41.3888,2,0
6171,62.6329,293.095,2,0
6172,90.9749,130.64,2,0
6173,80.1383,280.698,2,0
6174,166.747,259.917,2,0
6175,23.3636,80.019,2,0
6176,367.016,215.863,2,0
6177,387.324,205.32,2,0
6178,48.5106,288.441,2,0
6179,184.684,170.199,2,0
6180,138.049,120.942,2,0
6181,482.538,281.161,2,0
6182,583.021,56.0297,2,0
6183,362.379,116.808,2,0
6184,150.067,256.288,2,0
6185,97.9211,46.7171,2,0
6186,398.535,211.78,2,0
6187,187.158,195.202,2,0
6188,485.071,193.112,2,0
6189,359.229,85.1687,2,0
6190,483.662,15.7349,2,0
6191,208.246,222.823,2,0
6192,358.308,126.711,2,0
6193,313.336,269.778,2,0
6194,507.138,74.5521,2,0
6195,249.185,267.749,2,0
6196,531.591,206.727,2,0
6197,133.866,213.697,2,0
6198,373,115.892,2,0
6199,321.587,215.97,2,0
6200,443.937,120.696,2,0
6201,482.542,297.74,2,0
6202,137.963,170.071,2,0
6203,564.447,256.87,2,0
6204,320.834,236.383,2,0
6205,430.872,6.37719,2,0
6206,587.712,238.229,2,0
6207,227.894,35.1119,2,0
6208,142.213,75.7675,2,0
6209,536.264,194.141,2,0
6210,209.214,166.777,2,0
6211,398.999,189.327,2,0
6212,22.7893,73.0023,2,0
6213,559.3,110.859,2,0
6214,427.573,252.19,2,0
6215,376.256,210.118,2,0
6216,446.638,108.88,2,0
6217,300.444,276.877,2,0
6218,219.577,22.8746,2,0
6219,207.916,133.72,2,0
6220,355.162,67.1946,2,0
6221,14.0739,269.862,2,0
6222,336.228,32.2697,2,0
6223,268.544,104.97,2,0
6224,90.731,83.7415,2,0
6225,474.109,85.4092,2,0
6226,197.665,267.449,2,0
6227,167.071,284.795,2,0
6228,112.98,91.2257,2,0
6229,353.888,264.425,2,0
6230,391.609,170.673,2,0
6231,372.594,244.496,2,0
6232,412.833,19.2523,2,0
6233,278.219,292.793,2,0
6234,521.479,226.768,2,0
6235,43.7749,6.34099,2,0
6236,584.462,181.64,2,0
6237,196.487,116.991,2,0
6238,145.978,189.605,2,0
6239,346.736,96.1404,2,0
6240,581.093,259.413,2,0
6241,57.6175,82.6402,2,0
6242,92.8871,34.7454,2,0
6243,569.101,249.351,2,0
6244,22.6814,29.8169,2,0
6245,253.294,86.9334,2,0
6246,87.5401,52.2213,2,0
6247,481.31,23.4607,2,0
6248,467.514,272.218,2,0
6249,502.834,137.032,2,0
6250,547.97,190.819,2,0
6251,79.7695,54.9561,2,0
6252,242.626,136.648,2,0
6253,222.435,217.177,2,0
6254,575.299,223.045,2,0
6255,177.06,68.8453,2,0
6256,548.554,76.7033,2,0
6257,353.014,230.95,2,0
6258,496.683,156.075,2,0
6259,558.41,77.5497,2,0
6260,397.055,262.511,2,0
6261,172.931,69.0206,2,0
6262,262.122,185.626,2,0
6263,31.9444,249.993,2,0
6264,547.35,234.641,2,0
6265,11.5827,66.2548,2,0
6266,377.749,181.125,2,0
6267,390.08,211.905,2,0
6268,414.502,69.7476,2,0
6269,158.735,30.8024,2,0
6270,522.237,139.186,2,0
6271,353.636,62.9278,2,0
6272,40.0596,40.9726,2,0
6273,253.261,206.224,2,0
6274,300.339,288.598,2,0
6275,211.116,146.802,2,0
6276,347.639,208.855,2,0
6277,153.665,197.125,2,0
6278,576.863,149.683,2,0
6279,461.636,264.554,2,0
6280,249.712,88.8599,2,0
6281,494.677,263.885,2,0
6282,337.611,298,2,0
6283,385.165,82.3707,2,0
6284,560.122,271.064,2,0
6285,449.653,31.9611,2,0
6286,350.798,96.4986,2,0
6287,225.833,59.1962,2,0
6288,342.933,180.691,2,0
6289,567.078,234.85,2,0
6290,229.316,17.724,2,0
6291,131.723,235.62,2,0
6292,322.706,10.7676,2,0
6293,257.656,174.128,2,0
6294,350.373,164.334,2,0
6295,172.588,42.8443,2,0
6296,368.296,179.503,2,0
6297,219.101,109.091,2,0
6298,558.885,205.656,2,0
6299,6.44705,20.2465,2,0
6300,538.768,179.129,2,0
6301,144.736,92.5019,2,0
6302,272.912,263.436,2,0
6303,529.107,172.398,2,0
6304,506.167,31.5557,2,0
6305,265.49,278.738,2,0
6306,499.925,64.6961,2,0
6307,402.475,151.389,2,0
6308,178.226,144.76,2,0
6309,400.689,286.253,2,0
6310,513.44,298,2,0
6311,476.986,82.5865,2,0
6312,70.513,298,2,0
6313,249.584,84.8556,2,0
6314,270.185,183.989,2,0
6315,430.191,263.936,2,0
6316,452.568,79.9707,2,0
6317,261.212,264.91,2,0
6318,167.345,86.6466,2,0
6319,263.375,129.315,2,0
6320,253.514,163.897,2,0
6321,318.276,190.704,2,0
6322,93.712,212.598,2,0
6323,64.4002,32.4144,2,0
6324,137.306,86.3724,2,0
6325,151.436,121.227,2,0
6326,277.517,272.545,2,0
6327,43.6302,240.212,2,0
6328,352.048,188.993,2,0
6329,145.445,239.427,2,0
6330,81.4051,295.432,2,0
6331,575.639,261.856,2,0
6332,202.562,171.42,2,0
6333,126.48,186.053,2,0
6334,254.835,76.8179,2,0
6335,43.3074,74.0837,2,0
6336,193.998,223.871,2,0
6337,37.6361,75.0959,2,0
6338,74.472,114.06,2,0
6339,594.916,171.545,2,0
6340,104.777,154.365,2,0
6341,307.548,41.4666,2,0
6342,490.933,160.088,2,0
6343,320.373,53.8446,2,0
6344,495.791,125.216,2,0
6345,412.997,107.387,2,0
6346,259.773,127.376,2,0
6347,114.595,35.1123,2,0
6348,173.698,38.7985,2,0
6349,419.095,226.832,2,0
6350,240.033,234.184,2,0
6351,24.2814,129.306,2,0
6352,425.59,22.4999,2,0
6353,460.558,95.2776,2,0
6354,458.985,180.63,2,0
6355,553.026,166.32,2,0
6356,536.305,262.814,2,0
6357,339.752,111.131,2,0
6358,586.624,274.351,2,0
6359,259.063,22.1704,2,0
6360,529.815,18.3151,2,0
6361,494.327,268.098,2,0
6362,300.902,140.787,2,0
6363,324.151,77.2218,2,0
6364,319.974,164.943,2,0
6365,271.171,112.661,2,0
6366,541.332,12.0846,2,0
6367,556.456,287.698,2,0
6368,61.3937,120.258,2,0
6369,427.855,293.94,2,0
6370,555.18,88.0368,2,0
6371,535.118,89.2204,2,0
6372,58.5936,41.24,2,0
6373,102.573,92.9324,2,0
6374,477.626,243.796,2,0
6375,159.135,102.065,2,0
6376,131.849,175.468,2,0
6377,319.311,288.478,2,0
6378,531.668,53.6962,2,0
6379,151.395,159.906,2,0
6380,403.471,155.438,2,0
6381,367.964,193.047,2,0
6382,444.003,213.896,2,0
6383,509.886,85.2475,2,0
6384,470.153,116.007,2,0
6385,503.569,192.577,2,0
6386,539.196,89.0818,2,0
6387,486.691,132.774,2,0
6388,121.612,279.439,2,0
6389,141.899,226.911,2,0
6390,249.068,126.999,2,0
6391,484.697,163.239,2,0
6392,349.138,136.516,2,0
6393,423.601,11.7017,2,0
6394,549.45,241.446,2,0
6395,99.7831,235.717,2,0
6396,230.557,176.544,2,0
6397,473.906,169.021,2,0
6398,52.5158,287.186,2,0
6399,155.455,52.5039,2,0
6400,67.3006,204.462,2,0
6401,555.235,9.44955,2,0
6402,474.529,298,2,0
6403,419.689,231.08,2,0
6404,188.966,186.503,2,0
6405,189.649,241.924,2,0
6406,28.8675,212.362,2,0
6407,18.0753,199.305,2,0
6408,146.651,63.3967,2,0
6409,574.397,209.007,2,0
6410,133.113,209.676,2,0
6411,331.153,116.812,2,0
6412,282.779,246.969,2,0
6413,402.627,187.606,2,0
6414,218.053,202.137,2,0
6415,184.777,56.0756,2,0
6416,438.625,233.648,2,0
6417,489.02,77.83,2,0
6418,177.991,255.806,2,0
6419,494.606,25.7253,2,0
6420,71.5386,22.6221,2,0
6421,297.805,226.046,2,0
6422,37.862,162.685,2,0
6423,487.305,292.632,2,0
6424,225.845,214.982,2,0
6425,481.833,259.218,2,0
6426,291.745,123.998,2,0
6427,599.606,107.679,2,0
6428,526.391,279.706,2,0
6429,392.603,90.8266,2,0
6430,553.481,187.641,2,0
6431,176.597,42.9233,2,0
6432,332.872,218.452,2,0
6433,354.771,268.439,2,0
6434,41.1086,131.936,2,0
6435,338.461,22.0505,2,0
6436,502.588,196.542,2,0
6437,194.981,227.95,2,0
6438,124.619,234.81,2,0
6439,505.813,285.497,2,0
6440,220.462,271.096,2,0
6441,189.773,101.99,2,0
6442,47.9121,180.603,2,0
6443,12.5883,108.46,2,0
6444,136.981,108.667,2,0
6445,1.78178,232.784,2,0
6446,141.285,238.782,2,0
6447,254.34,176.448,2,0
6448,28.6267,130.644,2,0
6449,236.688,63.8341,2,0
6450,202.818,116.261,2,0
6451,115.797,11.988,2,0
6452,540.077,241.855,2,0
6453,476.779,141.966,2,0
6454,584.434,52.1958,2,0
6455,323.255,289.248,2,0
6456,522.943,99.9945,2,0
6457,497.009,211.216,2,0
6458,424.589,215.633,2,0
6459,394.511,136.329,2,0
6460,508.626,288.367,2,0
6461,405.236,256.284,2,0
6462,498.587,42.3326,2,0
6463,359.578,26.6079,2,0
6464,4.76759,108.869,2,0
6465,33.3138,10.1743,2,0
6466,416.875,257.276,2,0
6467,369.946,253.942,2,0
6468,68.7558,141.962,2,0
6469,515.386,134.756,2,0
6470,459.133,9.90498,2,0
6471,84.8882,282.835,2,0
6472,559.775,213.504,2,0
6473,351.934,249.608,2,0
6474,588.863,270.95,2,0
6475,231.334,279.771,2,0
6476,517.37,57.0971,2,0
6477,281.475,243.155,2,0
6478,147.021,181.667,2,0
6479,456.42,264.422,2,0
6480,446.863,99.9446,2,0
6481,382.312,258.548,2,0
6482,41.692,194.683,2,0
6483,249.831,246.905,2,0
6484,59.5273,263.338,2,0
6485,142.636,278.546,2,0
6486,459.018,49.6001,2,0
6487,196.251,44.1738,2,0
6488,25.783,242.325,2,0
6489,456.335,12.845,2,0
6490,344.765,104.907,2,0
6491,458.956,27.0752,2,0
6492,52.3915,269.259,2,0
6493,289.836,199.149,2,0
6494,73.7032,61.5641,2,0
6495,143.129,11.1533,2,0
6496,191.811,53.1983,2,0
6497,442.745,233.173,2,0
6498,375.55,83.3115,2,0
6499,88.1747,32.6813,2,0
6500,412.343,30.9225,2,0
6501,520.27,256.451,2,0
6502,289.092,241.587,2,0
6503,565.816,174.655,2,0
6504,532.607,36.2675,2,0
6505,52.2321,79.46,2,0
6506,579.246,193.13,2,0
6507,327.115,197.887,2,0
6508,339.699,204.165,2,0
6509,409.062,4.73834,2,0
6510,201.077,214.382,2,0
6511,505.552,19.1041,2,0
6512,42.2513,115.599,2,0
6513,415.075,280.529,2,0
6514,98.5006,185.884,2,0
6515,256.223,213.741,2,0
6516,148.998,89.6524,2,0
6517,504.72,130.813,2,0
6518,560.532,218.856,2,0
6519,68.2755,108.944,2,0
6520,523.967,245.03,2,0
6521,190.621,203.182,2,0
6522,22.8569,84.2068,2,0
6523,125.82,136.543,2,0
6524,429.1,192.803,2,0
6525,170.549,273.335,2,0
6526,254.516,187.322,2,0
6527,549.283,290.536,2,0
6528,250.293,147.826,2,0
6529,530.195,47.2174,2,0
6530,210.933,245.798,2,0
6531,169.697,281.308,2,0
6532,127.805,83.961,2,0
6533,498.49,250.291,2,0
6534,463.351,211.36,2,0
6535,91.8605,110.986,2,0
6536,169.13,94.7123,2,0
6537,49.9951,133.779,2,0
6538,436.757,171.26,2,0
6539,501.359,77.657,2,0
6540,294.543,16.9915,2,0
6541,375.881,238.423,2,0
6542,41.1236,3.2507,2,0
6543,145.901,25.1496,2,0
6544,119.116,193.905,2,0
6545,113.029,147.76,2,0
6546,556.769,258.951,2,0
6547,486.769,186.664,2,0
6548,423.84,98.8159,2,0
6549,78.8622,156.585,2,0
6550,408.804,199.681,2,0
6551,550.257,40.1636,2,0
6552,43.4751,288.089,2,0
6553,344.579,265.936,2,0
6554,161.867,25.5425,2,0
6555,45.9885,184.127,2,0
6556,59.1735,4.66774,2,0
6557,389.82,129.469,2,0
6558,263.469,192.242,2,0
6559,387.302,292.955,2,0
6560,180.077,96.9205,2,0
6561,91.0153,193.688,2,0
6562,112.444,116.497,2,0
6563,47.4292,249.94,2,0
6564,544.732,258.618,2,0
6565,520.565,123.551,2,0
6566,532.836,274.107,2,0
6567,170.136,64.2808,2,0
6568,80.3819,129.014,2,0
6569,322.684,107.14,2,0
6570,324.17,46.7473,2,0
6571,23.6325,147.968,2,0
6572,181.294,37.4295,2,0
6573,514.137,293.993,2,0
6574,342.537,58.6136,2,0
6575,449.711,157.072,2,0
6576,418.401,246.251,2,0
6577,155.258,184.072,2,0
6578,508.726,50.6066,2,0
6579,96.3485,288.232,2,0
6580,171.253,49.7886,2,0
6581,546.279,55.3378,2,0
6582,125.729,266.955,2,0
6583,574.551,235.487,2,0
6584,301.554,20.0963,2,0
6585,372.545,180.884,2,0
6586,421.147,262.428,2,0
6587,54.9304,157.85,2,0
6588,430.569,136.044,2,0
6589,504.808,183.84,2,0
6590,517.359,174.509,2,0
6591,262.34,116.549,2,0
6592,237.107,164.934,2,0
6593,271.477,246.331,2,0
6594,566.071,9.03821,2,0
6595,497.456,257.294,2,0
6596,234.427,240.614,2,0
6597,484.697,155.168,2,0
6598,152.578,248.949,2,0
6599,455.675,217.854,2,0
6600,595.82,43.4229,2,0
6601,491.103,276.232,2,0
6602,354.698,92.3354,2,0
6603,96.042,140.427,2,0
6604,133.052,298.601,2,0
6605,372.887,152.432,2,0
6606,95.5039,75.9508,2,0
6607,596.611,262.435,2,0
6608,320.203,42.5636,2,0
6609,428.195,256.179,2,0
6610,372.376,240.501,2,0
6611,534.948,133.064,2,0
6612,112.163,262.806,2,0
6613,173.684,175.698,2,0
6614,117.318,168.182,2,0
6615,60.4432,134.37,2,0
6616,526.146,94.7838,2,0
6617,169.35,298,2,0
6618,392.392,118.353,2,0
6619,470.655,97.1432,2,0
6620,315.239,47.613,2,0
6621,158.752,63.239,2,0
6622,81.2811,284.68,2,0
6623,322.494,96.0094,2,0
6624,509.321,209.723,2,0
6625,437.002,102.183,2,0
6626,114.4,25.808,2,0
6627,365.897,189.516,2,0
6628,144.332,108.235,2,0
6629,137.442,70.6372,2,0
6630,430.98,2.33536,2,0
6631,311.921,69.0504,2,0
6632,346.472,272.194,2,0
6633,483.984,215.705,2,0
6634,398.96,215.886,2,0
6635,436.089,20.9426,2,0
6636,111.353,32.6569,2,0
6637,78.3708,255.294,2,0
6638,139.764,79.077,2,0
6639,240.786,183.787,2,0
6640,507.979,66.4828,2,0
6641,419.85,142.735,2,0
6642,95.6025,174.087,2,0
6643,50.9282,251.972,2,0
6644,174.392,257.938,2,0
6645,7.93026,24.9866,2,0
6646,440.641,25.9098,2,0
6647,330.784,268.836,2,0
6648,411.408,164.651,2,0
6649,251.002,297.473,2,0
6650,247.099,200.227,2,0
6651,479.555,149.962,2,0
6652,75.0942,118.173,2,0
6653,587.894,87.5019,2,0
6654,328.15,106.17,2,0
6655,556.323,174.517,2,0
6656,361.457,269.673,2,0
6657,449.723,139.918,2,0
6658,301.93,296.607,2,0
6659,291.81,97.4174,2,0
6660,170.466,178.084,2,0
6661,338.236,159.08,2,0
6662,144.492,167.09,2,0
6663,439.65,174.053,2,0
6664,539.685,175.089,2,0
6665,569.262,294.941,2,0
6666,343.65,165.824,2,0
6667,97.4012,208.795,2,0
6668,181.355,139.282,2,0
6669,581.139,231.885,2,0
6670,271.767,96.2766,2,0
6671,108.655,179.985,2,0
6672,204.699,25.1198,2,0
6673,57.784,50.9586,2,0
6674,104.686,164.914,2,0
6675,36.029,267.441,2,0
6676,3.88348,63.771,2,0
6677,485.69,278.477,2,0
6678,596.306,17.6895,2,0
6679,290.928,272.645,2,0
6680,498.994,194.594,2,0
6681,423.473,144.475,2,0
6682,301.041,201.414,2,0
6683,516.429,286.572,2,0
6684,345.784,212.411,2,0
6685,505.971,95.1298,2,0
6686,418.342,72.4877,2,0
6687,334.531,231.516,2,0
6688,163.659,100.57,2,0
6689,180.489,28.1958,2,0
6690,215.958,205.578,2,0
6691,60.8021,188.666,2,0
6692,223.984,33.6011,2,0
6693,493.702,185.659,2,0
6694,354.25,105.451,2,0
6695,245.439,13.8136,2,0
6696,540.687,154.882,2,0
6697,524.696,25.1854,2,0
6698,370.56,49.1125,2,0
6699,544.081,110.611,2,0
6700,198.725,172.602,2,0
6701,32.201,142.606,2,0
6702,273.997,108.169,2,0
6703,505.408,211.198,2,0
6704,536.552,115.922,2,0
6705,5.33355,120.497,2,0
6706,379.08,53.4158,2,0
6707,144.968,127.53,2,0
6708,253.209,82.8334,2,0
6709,375.745,108.132,2,0
6710,321.116,219.978,2,0
6711,468.427,27.1632,2,0
6712,59.6561,33.7512,2,0
6713,14.2656,181.134,2,0
6714,421.951,266.412,2,0
6715,255.145,31.6453,2,0
6716,294.8,50.1339,2,0
6717,518.219,94.144,2,0
6718,9.89902,269.805,2,0
6719,41.2817,83.7994,2,0
6720,585.582,128.971,2,0
6721,5.30999,137.584,2,0
6722,555.588,19.7678,2,0
6723,486.093,147.035,2,0
6724,223.677,288.596,2,0
6725,570.576,148.525,2,0
6726,171.551,103.886,2,0
6727,323.615,245.143,2,0
6728,500.792,144.863,2,0
6729,46.4269,55.9817,2,0
6730,341.375,209.291,2,0
6731,309.946,156.187,2,0
6732,269.723,25.6057,2,0
6733,18.4735,231.646,2,0
6734,195.819,291.446,2,0
6735,74.1127,3.67167,2,0
6736,242.633,96.5397,2,0
6737,400.843,87.0403,2,0
6738,174.665,209.259,2,0
6739,409.826,135.57,2,0
6740,401.076,180.525,2,0
6741,222.788,120.063,2,0
6742,46.2331,16.9764,2,0
6743,152.544,140.951,2,0
6744,215.411,6.84376,2,0
6745,245.998,117.861,2,0
6746,132.876,254.777,2,0
6747,184.044,178.206,2,0
6748,332.841,238.277,2,0
6749,18.5014,53.2805,2,0
6750,428.675,298,2,0
6751,382.089,194.777,2,0
6752,87.3827,95.5149,2,0
6753,272.506,104.364,2,0
6754,425.324,79.1757,2,0
6755,40.9543,179.055,2,0
6756,220.239,53.5199,2,0
6757,482.503,11.8456,2,0
6758,396.506,174.196,2,0
6759,243.97,159.968,2,0
6760,418.371,58.9624,2,0
6761,461.069,38.5,2,0
6762,381.826,275.639,2,0
6763,328.822,237.42,2,0
6764,562.71,108.565,2,0
6765,128.306,38.8424,2,0
6766,457.41,286.675,2,0
6767,466.684,172.81,2,0
6768,265.475,21.2881,2,0
6769,497.168,183.457,2,0
6770,171.83,193.565,2,0
6771,170.188,173.579,2,0
6772,131.007,198.884,2,0
6773,443.382,278.156,2,0
6774,395.962,164.503,2,0
6775,599.812,265.105,2,0
6776,462.775,150.538,2,0
6777,392.223,80.2646,2,0
6778,119.646,235.814,2,0
6779,215.26,251.611,2,0
6780,434.646,135.646,2,0
6781,477.201,290.837,2,0
6782,391.079,297.762,2,0
6783,21.2939,201.7,2,0
6784,168.918,11.7011,2,0
6785,255.076,283.901,2,0
6786,516.93,236.162,2,0
6787,562.263,203.372,2,0
6788,596.798,53.0122,2,0
6789,454.973,202.574,2,0
6790,77.8738,146.314,2,0
6791,572.226,190.463,2,0
6792,594.724,167.308,2,0
6793,475.784,108.728,2,0
6794,236.534,129.697,2,0
6795,523.261,59.7819,2,0
6796,288.64,90.8109,2,0
6797,535.918,108.135,2,0
6798,587.907,38.1041,2,0
6799,140.953,82.9041,2,0
6800,384.014,17.9267,2,0
6801,188.222,22.0292,2,0
6802,439.327,147.36,2,0
6803,98.6312,247.7,2,0
6804,579.513,77.1964,2,0
6805,438.498,295.942,2,0
6806,585.275,216.357,2,0
6807,143.047,274.561,2,0
6808,186.521,14.7571,2,0
6809,234.959,104.356,2,0
6810,150.41,167.043,2,0
6811,271.801,33.1516,2,0
6812,77.444,35.6688,2,0
6813,485.516,29.5089,2,0
6814,109.54,207.046,2,0
6815,528.57,116.671,2,0
6816,90.1764,297.339,2,0
6817,560.117,237.948,2,0
6818,410.48,262.541,2,0
6819,215.018,280.061,2,0
6820,500.47,38.0942,2,0
6821,32.4405,215.381,2,0
6822,81.7537,220.55,2,0
6823,114.163,219.294,2,0
6824,277.255,45.5274,2,0
6825,331.848,45.1601,2,0
6826,145.576,207.154,2,0
6827,88.1843,57.0477,2,0
6828,2.28299,104.565,2,0
6829,148.302,100.204,2,0
6830,290.658,22.6249,2,0
6831,417.268,30.414,2,0
6832,12.0188,273.301,2,0
6833,291.185,102.671,2,0
6834,385.71,114.712,2,0
6835,320.517,92.1032,2,0
6836,304.477,168.852,2,0
6837,588.531,67.2354,2,0
6838,27.0897,17.3065,2,0
6839,327.027,290.972,2,0
6840,85.6446,266.941,2,0
6841,150.401,297.216,2,0
6842,4.57614,194.739,2,0
6843,221.41,293.219,2,0
6844,488.58,121.789,2,0
6845,159.584,160.528,2,0
6846,221.022,166.568,2,0
6847,227.756,47.396,2,0
6848,71.3224,203.548,2,0
6849,84.231,84.2001,2,0
6850,518.29,126.863,2,0
6851,591.358,29.6155,2,0
6852,583.383,48.2224,2,0
6853,37.7882,166.726,2,0
6854,98.8519,137.521,2,0
6855,373.918,51.5552,2,0
6856,197.516,208.854,2,0
6857,464.723,96.6467,2,0
6858,140.743,35.9636,2,0
6859,407.898,193.738,2,0
6860,44.1565,102.206,2,0
6861,235.68,113.866,2,0
6862,532.948,32.1805,2,0
6863,331.355,234.224,2,0
6864,143.602,33.0411,2,0
6865,121.896,161.257,2,0
6866,286.649,229.629,2,0
6867,209.785,130.104,2,0
6868,191.303,216.717,2,0
6869,304.094,164.748,2,0
6870,504.247,232.261,2,0
6871,5.68948,175.807,2,0
6872,414.636,273.26,2,0
6873,580.536,19.7754,2,0
6874,191.078,166.555,2,0
6875,139.089,4.91499,2,0
6876,159.933,59.1795,2,0
6877,69.3589,264.227,2,0
6878,446.271,129.326,2,0
6879,303.174,222.66,2,0
6880,441.754,131.256,2,0
6881,580.309,147.516,2,0
6882,33.8258,128.898,2,0
6883,364.939,247.546,2,0
6884,117.955,217.978,2,0
6885,522.482,112.799,2,0
6886,136.292,2,2,0
6887,139.294,58.8841,2,0
6888,85.2355,37.5516,2,0
6889,526.311,16.0174,2,0
6890,130.053,217.835,2,0
6891,364.199,199.672,2,0
6892,182.827,11.5853,2,0
6893,211.532,135.672,2,0
6894,435.083,91.5719,2,0
6895,66.634,187.892,2,0
6896,106.414,253.399,2,0
6897,139.449,32.1259,2,0
6898,220.286,60.4806,2,0
6899,125.029,167.171,2,0
6900,433.788,285.291,2,0
6901,454.033,293.996,2,0
6902,504.381,215.068,2,0
6903,465.598,45.2177,2,0
6904,50.6434,222.495,2,0
6905,197.612,140.105,2,0
6906,329.424,212.119,2,0
6907,316.397,21.9868,2,0
6908,505.848,251.629,2,0
6909,307.636,275.909,2,0
6910,48.1565,219.229,2,0
6911,387.42,67.0029,2,0
6912,228.984,61.7596,2,0
6913,442.084,298,2,0
6914,404.588,116.242,2,0
6915,239.653,115.36,2,0
6916,303.286,158.443,2,0
6917,101.711,11.2796,2,0
6918,284.56,226.139,2,0
6919,168.401,42.6426,2,0
6920,95.7362,220.492,2,0
6921,553.603,153.684,2,0
6922,308.183,147.712,2,0
6923,170.617,209.802,2,0
6924,64.2213,40.1934,2,0
6925,266.51,298,2,0
6926,375.513,191.062,2,0
6927,493.24,76.5341,2,0
6928,94.2191,273.193,2,0
6929,94.132,71.5617,2,0
6930,139.93,24.222,2,0
6931,248.989,174.854,2,0
6932,546.256,172.155,2,0
6933,313.791,115.354,2,0
6934,227.142,258.541,2,0
6935,264.368,209.444,2,0
6936,292.237,85.6253,2,0
6937,195.714,182.834,2,0
6938,266.518,236.987,2,0
6939,308.431,196.462,2,0
6940,276.444,92.4661,2,0
6941,435.918,83.2275,2,0
6942,390.777,94.98,2,0
6943,56.9922,146.018,2,0
6944,414.924,15.6873,2,0
6945,204.647,148.862,2,0
6946,437.39,177.412,2,0
6947,599.532,49.2775,2,0
6948,327.213,57.5637,2,0
6949,492.569,112.128,2,0
6950,288.039,237.25,2,0
6951,568.401,240.214,2,0
6952,354.055,211.982,2,0
6953,297.307,86.9002,2,0
6954,211.706,220.611,2,0
6955,91.9599,285.005,2,0
6956,548.599,175.571,2,0
6957,139.312,276.164,2,0
6958,313.433,231.658,2,0
6959,155.992,60.2284,2,0
6960,216.048,237.978,2,0
6961,120.516,29.1439,2,0
6962,582.981,298,2,0
6963,195.596,146.544,2,0
6964,117.815,161.056,2,0
6965,189.297,226.285,2,0
6966,307.911,190.996,2,0
6967,586.562,91.3822,2,0
6968,23.8076,141.07,2,0
6969,33.0106,136.827,2,0
6970,142.367,191.362,2,0
6971,479.813,196.772,2,0
6972,422.31,37.4616,2,0
6973,383.885,172.057,2,0
6974,9.56828,91.2127,2,0
6975,124.312,244.065,2,0
6976,233.17,71.1747,2,0
6977,270.482,297.198,2,0
6978,580.447,51.2769,2,0
6979,31.8975,13.9268,2,0
6980,597.899,176.374,2,0
6981,205.746,46.1796,2,0
6982,39.9963,253.317,2,0
6983,425.029,268.992,2,0
6984,537.846,22.497,2,0
6985,2.95057,189.904,2,0
6986,211.108,258.625,2,0
6987,355.219,258.112,2,0
6988,230.628,135.018,2,0
6989,407.454,143.176,2,0
6990,119.457,79.6889,2,0
6991,526.543,155.374,2,0
6992,532.802,220.025,2,0
6993,577.745,177.925,2,0
6994,584.247,36.4452,2,0
6995,531.217,237.025,2,0
6996,441.374,87.5325,2,0
6997,151.867,60.5957,2,0
6998,166.064,266.835,2,0
6999,392.598,229.042,2,0
7000,420.726,217.127,2,0
7001,113.817,177.719,2,0
7002,277.962,54.8933,2,0
7003,95.7177,162.917,2,0
7004,253.433,224.287,2,0
7005,324.946,194.495,2,0
7006,248.609,99.6989,2,0
7007,166.803,180.2,2,0
7008,410.276,83.4919,2,0
7009,202.69,166.903,2,0
7010,293.76,72.986,2,0
7011,440.124,65.1747,2,0
7012,35.6472,48.8422,2,0
7013,109.864,108.209,2,0
7014,188.781,55.904,2,0
7015,180.095,110.666,2,0
7016,282.885,164.518,2,0
7017,259.494,205.239,2,0
7018,264.56,17.2826,2,0
7019,338.533,85.4962,2,0
7020,258.329,34.2896,2,0
7021,439.317,2,2,0
7022,263.285,99.0126,2,0
7023,31.9494,37.9627,2,0
7024,469.134,119.948,2,0
7025,71.622,75.7847,2,0
7026,427.024,72.4227,2,0
7027,340.952,238.181,2,0
7028,140.696,28.164,2,0
7029,167.505,206.258,2,0
7030,493.317,141.58,2,0
7031,497.62,215.205,2,0
7032,272.66,126.018,2,0
7033,362.71,99.9766,2,0
7034,300.094,115.639,2,0
7035,212.324,50.9439,2,0
7036,233.63,33.4042,2,0
7037,343.367,141.405,2,0
7038,198.142,84.0986,2,0
7039,292.15,237.567,2,0
7040,20.4887,155.434,2,0
7041,46.9731,99.1528,2,0
7042,494.136,200.62,2,0
7043,42.2694,111.455,2,0
7044,91.335,96.197,2,0
7045,203.721,262.819,2,0
7046,412.566,297.877,2,0
7047,521.376,157.996,2,0
7048,76.0129,74.069,2,0
7049,351.699,208.57,2,0
7050,379.607,158.289,2,0
7051,386.029,179.528,2,0
7052,483.295,111.213,2,0
7053,350.134,37.3747,2,0
7054,469.015,226.494,2,0
7055,557.445,222.228,2,0
7056,361.201,168.666,2,0
7057,203.334,242.554,2,0
7058,469.561,92.1356,2,0
7059,589.532,118.168,2,0
7060,249.642,119.831,2,0
7061,304.772,142.396,2,0
7062,164.724,57.7432,2,0
7063,581.783,80.7726,2,0
7064,315.197,288.263,2,0
7065,101.115,29.6732,2,0
7066,29.1495,271.48,2,0
7067,31.3876,157.275,2,0
7068,219.475,36.5549,2,0
7069,597.746,255.729,2,0
7070,481.251,102.544,2,0
7071,359.16,274.991,2,0
7072,343.092,137.357,2,0
7073,542.293,238.382,2,0
7074,367.325,167.505,2,0
7075,144.594,29.0666,2,0
7076,406.98,97.6951,2,0
7077,334.254,171.785,2,0
7078,409.119,271.442,2,0
7079,37.5518,82.3167,2,0
7080,437.973,202.347,2,0
7081,396.429,132.703,2,0
7082,547.29,89.4743,2,0
7083,207.226,40.1557,2,0
7084,66.801,62.5021,2,0
7085,344.227,289.237,2,0
7086,291.574,140.67,2,0
7087,486.046,178.361,2,0
7088,496.727,130.808,2,0
7089,113.57,207.392,2,0
7090,87.4759,176.694,2,0
7091,286.661,9.55357,2,0
7092,137.042,66.5193,2,0
7093,16.0246,273.511,2,0
7094,123.628,17.1691,2,0
7095,120.718,157.204,2,0
7096,175.099,48.5746,2,0
7097,498.252,261.604,2,0
7098,544.798,99.8042,2,0
7099,471.949,215.545,2,0
7100,136.296,219.055,2,0
7101,585.024,294.454,2,0
7102,4.02052,223.431,2,0
7103,444.466,163.056,2,0
7104,474.888,78.7142,2,0
7105,66.1014,145.007,2,0
7106,341.683,216.405,2,0
7107,400.718,22.0809,2,0
7108,75.2276,202.388,2,0
7109,332.686,90.8138,2,0
7110,190.448,125.602,2,0
7111,392.474,174.646,2,0
7112,8.60772,195.821,2,0
7113,83.0842,41.0041,2,0
7114,199.712,290.27,2,0
7115,235.502,194.877,2,0
7116,461.858,192.144,2,0
7117,476.851,154.987,2,0
7118,424.027,26.5626,2,0
7119,322.849,285.039,2,0
7120,178.28,92.9345,2,0
7121,198.142,111.91,2,0
7122,2.25208,73.1382,2,0
7123,381.277,215.954,2,0
7124,454.019,185.64,2,0
7125,64.2651,51.7415,2,0
7126,439.893,264.13,2,0
7127,394.545,109.057,2,0
7128,344.062,51.1796,2,0
7129,96.9376,166.759,2,0
7130,409.671,158.779,2,0
7131,526.477,270.503,2,0
7132,288.832,203.841,2,0
7133,44.9095,177.768,2,0
7134,365.913,57.6681,2,0
7135,65.2437,240.011,2,0
7136,474.664,293.966,2,0
7137,550.579,298,2,0
7138,223.694,169.559,2,0
7139,496.777,94.6782,2,0
7140,469.512,218.808,2,0
7141,294.747,271.35,2,0
7142,216.582,287.043,2,0
7143,166.522,210.223,2,0
7144,365.293,155.279,2,0
7145,231.296,74.9163,2,0
7146,33.0241,75.5389,2,0
7147,545.759,213.244,2,0
7148,513.147,138.267,2,0
7149,199.367,196.868,2,0
7150,15.7086,94.0566,2,0
7151,278.555,2,2,0
7152,459.379,271.662,2,0
7153,40.1359,100.467,2,0
7154,360.511,240.599,2,0
7155,330.507,23.4946,2,0
7156,268.695,2,2,0
7157,177.59,64.0416,2,0
7158,167.082,226.559,2,0
7159,349.858,216.387,2,0
7160,411.996,2,2,0
7161,324.945,134.177,2,0
7162,252.801,242.411,2,0
7163,412.284,115.809,2,0
7164,274.749,82.3811,2,0
7165,78.9788,30.0242,2,0
7166,21.1488,99.5841,2,0
7167,202.63,266.976,2,0
7168,400.73,225.063,2,0
7169,317.483,215.475,2,0
7170,8.31612,110.956,2,0
7171,193.395,103.735,2,0
7172,244.617,143.181,2,0
7173,275.291,190.099,2,0
7174,162.701,91.0824,2,0
7175,311.851,142.359,2,0
7176,247.985,10.4366,2,0
7177,182.553,298,2,0
7178,358.424,22.7259,2,0
7179,421.446,102.222,2,0
7180,597.143,121.049,2,0
7181,597.908,189.506,2,0
7182,202.425,18.9428,2,0
7183,205.919,164.486,2,0
7184,503.2,120.735,2,0
7185,258.655,217.6,2,0
7186,62.1673,130.75,2,0
7187,217.788,57.0418,2,0
7188,594.67,151.75,2,0
7189,428.748,214.425,2,0
7190,428.522,131.153,2,0
7191,426.49,136.646,2,0
7192,328.019,100.898,2,0
7193,164.082,124.322,2,0
7194,8.2802,258.984,2,0
7195,435.043,298,2,0
7196,212.709,267.817,2,0
7197,27.2771,279.034,2,0
7198,237.414,54.7664,2,0
7199,499.537,291.569,2,0
7200,14.0954,250.392,2,0
7201,469.683,53.8536,2,0
7202,431.038,241.484,2,0
7203,458.486,204.811,2,0
7204,258.797,247.742,2,0
7205,49.0794,2.01035,2,0
7206,213.001,178.705,2,0
7207,508.605,186.663,2,0
7208,397.112,149.333,2,0
7209,535.544,250.988,2,0
7210,174.374,270.209,2,0
7211,32.5649,132.76,2,0
7212,439.702,139.047,2,0
7213,452.665,263.001,2,0
7214,150.914,35.9181,2,0
7215,434.966,27.6824,2,0
7216,591.96,223.086,2,0
7217,126.266,286.718,2,0
7218,49.808,241.979,2,0
7219,63.3954,185.54,2,0
7220,202.766,54.3192,2,0
7221,377.566,254.807,2,0
7222,111.392,134.566,2,0
7223,571.496,101.118,2,0
7224,273.102,169.731,2,0
7225,87.9677,88.6873,2,0
7226,138.758,97.2385,2,0
7227,143.885,5.49426,2,0
7228,123.565,82.7559,2,0
7229,36.2968,220.092,2,0
7230,176.816,246.675,2,0
7231,151.981,68.2401,2,0
7232,566.389,77.2364,2,0
7233,381.491,271.519,2,0
7234,350.854,113.687,2,0
7235,134.733,274.693,2,0
7236,55.7771,114.404,2,0
7237,361.931,265.648,2,0
7238,129.254,172.378,2,0
7239,342.737,273.634,2,0
7240,266.6,291.614,2,0
7241,34.7212,298,2,0
7242,261.786,174.5,2,0
7243,452.491,153.925,2,0
7244,566.417,116.483,2,0
7245,110.58,24.3791,2,0
7246,408.761,18.7474,2,0
7247,76.7495,150.183,2,0
7248,406.654,85.4636,2,0
7249,589.963,177.32,2,0
7250,217.794,283.092,2,0
7251,36.1572,100.983,2,0
7252,11.9324,25.8255,2,0
7253,367.976,175.301,2,0
7254,530.034,281.638,2,0
7255,366.042,235.695,2,0
7256,137.784,288.675,2,0
7257,222.132,146.725,2,0
7258,172.579,107.783,2,0
7259,153.064,84.6091,2,0
7260,323.012,100.038,2,0
7261,256.829,208.236,2,0
7262,565.662,100.456,2,0
7263,252.72,269.814,2,0
7264,411.869,26.9415,2,0
7265,460.725,19.5211,2,0
7266,397.802,140.118,2,0
7267,85.3312,91.9655,2,0
7268,227.349,232.832,2,0
7269,455.501,76.4148,2,0
7270,171.095,111.711,2,0
7271,425.56,110.813,2,0
7272,363.47,84.978,2,0
7273,313.17,108.209,2,0
7274,456.689,274.703,2,0
7275,516.484,246.208,2,0
7276,80.3585,160.563,2,0
7277,291.887,286.52,2,0
7278,279.084,87.4786,2,0
7279,479.921,205.752,2,0
7280,485.025,159.207,2,0
7281,60.9517,247.969,2,0
7282,371.468,83.0237,2,0
7283,303.585,129.722,2,0
7284,490.549,68.2775,2,0
7285,209.613,9.2414,2,0
7286,273.419,186.503,2,0
7287,19.3043,58.1847,2,0
7288,239.252,6.87812,2,0
7289,243.16,5.90653,2,0
7290,282.59,298,2,0
7291,429.868,94.0531,2,0
7292,102.17,220.419,2,0
7293,298.568,264.171,2,0
7294,194.404,113.558,2,0
7295,527.104,260.002,2,0
7296,42.829,186.683,2,0
7297,268.939,209.67,2,0
7298,91.644,68.328,2,0
7299,246.337,82.4878,2,0
7300,367.421,51.7256,2,0
7301,553.268,240.087,2,0
7302,589.936,266.933,2,0
7303,70.8646,281.135,2,0
7304,547.86,141.869,2,0
7305,587.574,63.247,2,0
7306,154.653,137.299,2,0
7307,566.355,186.214,2,0
7308,311.489,111.859,2,0
7309,15.6097,242.774,2,0
7310,535.414,216.881,2,0
7311,562.493,31.1717,2,0
7312,297.39,125.004,2,0
7313,556.084,129.148,2,0
7314,146.528,272.582,2,0
7315,381.719,46.3203,2,0
7316,208.433,190.661,2,0
7317,301.547,227.938,2,0
7318,504.354,242.631,2,0
7319,369.243,202.057,2,0
7320,290.724,282.654,2,0
7321,572.372,142.936,2,0
7322,531.274,202.088,2,0
7323,377.644,250.73,2,0
7324,195.479,253.957,2,0
7325,516.7,140.249,2,0
7326,542.619,296.872,2,0
7327,285.038,83.1339,2,0
7328,469.664,251.963,2,0
7329,186.141,189.556,2,0
7330,516.818,130.689,2,0
7331,423.187,117.723,2,0
7332,589.554,128.304,2,0
7333,264.809,263.062,2,0
7334,474.424,89.4127,2,0
7335,406.03,15.7669,2,0
7336,301.448,292.482,2,0
7337,7.71624,240.297,2,0
7338,71.1366,277.035,2,0
7339,361.556,203.517,2,0
7340,177.424,297.665,2,0
7341,248.898,44.0912,2,0
7342,113.124,97.4891,2,0
7343,288.139,126.097,2,0
7344,446.092,298,2,0
7345,1.96879,78.0501,2,0
7346,203.952,132.723,2,0
7347,435.698,139.614,2,0
7348,492.959,165.21,2,0
7349,233.591,156.888,2,0
7350,152.312,211.694,2,0
7351,266.741,194.846,2,0
7352,171.014,118.61,2,0
7353,242.733,155.047,2,0
7354,187.639,218.738,2,0
7355,4.08311,160.416,2,0
7356,492.594,212.779,2,0
7357,122.737,188.368,2,0
7358,452.459,113.86,2,0
7359,224.571,83.1363,2,0
7360,573.407,292.48,2,0
7361,243.075,202.31,2,0
7362,282.591,268.051,2,0
7363,516.37,263.874,2,0
7364,82.8256,95.2466,2,0
7365,534.159,282.384,2,0
7366,275.044,114.861,2,0
7367,557.317,151.78,2,0
7368,18.8709,73.8321,2,0
7369,577.555,144.246,2,0
7370,297.513,19.6796,2,0
7371,32.7611,103.115,2,0
7372,147.623,158.303,2,0
7373,52.7467,235.694,2,0
7374,545.061,231.281,2,0
7375,174.227,93.6581,2,0
7376,599.127,282.74,2,0
7377,455.217,169.015,2,0
7378,230.841,43.5299,2,0
7379,530.802,57.751,2,0
7380,36.5039,276.4,2,0
7381,196.28,200.259,2,0
7382,211.419,141.604,2,0
7383,88.8993,65.3248,2,0
7384,274.911,243.925,2,0
7385,474.217,115.794,2,0
7386,459.869,45.2857,2,0
7387,372.099,209.551,2,0
7388,45.4498,84.0367,2,0
7389,204.322,276.13,2,0
7390,418.849,195.846,2,0
7391,283.14,67.1238,2,0
7392,300.602,150.873,2,0
7393,208.406,126.131,2,0
7394,440.658,208.652,2,0
7395,6.23206,171.145,2,0
7396,82.1785,26.7601,2,0
7397,397.868,38.8393,2,0
7398,293.705,32.9948,2,0
7399,209.033,106.159,2,0
7400,213.805,131.085,2,0
7401,246.493,111.608,2,0
7402,349.826,128.314,2,0
7403,242.093,171.975,2,0
7404,183.964,198.008,2,0
7405,269.376,202.3,2,0
7406,325.457,222.91,2,0
7407,314.252,80.8204,2,0
7408,480.333,263.962,2,0
7409,429.297,11.658,2,0
7410,308.252,29.2517,2,0
7411,268.351,91.3782,2,0
7412,63.207,160.98,2,0
7413,347.779,148.088,2,0
7414,365.762,26.8408,2,0
7415,572.276,26.3205,2,0
7416,441.445,193.649,2,0
7417,194.524,17.1812,2,0
7418,262.437,60.0565,2,0
7419,372.081,130.535,2,0
7420,266.887,6.05176,2,0
7421,347.572,167.319,2,0
7422,380.291,207.447,2,0
7423,422.181,155.567,2,0
7424,46.0428,63.1272,2,0
7425,4.1814,238.303,2,0
7426,51.2865,46.0886,2,0
7427,12.873,193.523,2,0
7428,242.864,25.4039,2,0
7429,414.308,136.889,2,0
7430,234.527,16.8231,2,0
7431,292.544,11.4853,2,0
7432,301.564,69.0622,2,0
7433,31.2974,254.033,2,0
7434,294.232,148.81,2,0
7435,589.234,262.914,2,0
7436,512.997,240.966,2,0
7437,237.488,121.718,2,0
7438,519.447,283.926,2,0
7439,118.271,228.596,2,0
7440,587.862,190.151,2,0
7441,193.484,280.043,2,0
7442,333.936,27.1386,2,0
7443,235.959,95.074,2,0
7444,366.874,284.326,2,0
7445,13.5667,298,2,0
7446,179.722,217.014,2,0
7447,27.2951,81.1669,2,0
7448,563.325,289.122,2,0
7449,3.15966,94.7595,2,0
7450,245.804,246.412,2,0
7451,512.25,265.728,2,0
7452,116.573,112.893,2,0
7453,348.362,99.7957,2,0
7454,444.705,258.263,2,0
7455,226.361,10.0938,2,0
7456,38.2541,112.435,2,0
7457,540.099,15.9631,2,0
7458,589.323,279.975,2,0
7459,133.657,283.828,2,0
7460,598.465,238.64,2,0
7461,278.898,72.6379,2,0
7462,113.531,166.607,2,0
7463,24.3597,185.137,2,0
7464,117.458,179.494,2,0
7465,365.432,227.488,2,0
7466,581.028,128.815,2,0
7467,243.897,33.5993,2,0
7468,252.64,42.2559,2,0
7469,353.365,121.354,2,0
7470,91.0736,204.094,2,0
7471,370.698,170.198,2,0
7472,16.5055,101.8,2,0
7473,205.33,128.907,2,0
7474,501.177,154.756,2,0
7475,406.504,150.926,2,0
7476,224.714,187.384,2,0
7477,535.218,137.714,2,0
7478,422.089,188.073,2,0
7479,203.552,108.239,2,0
7480,137.678,245.241,2,0
7481,260.878,268.956,2,0
7482,283.67,286.177,2,0
7483,562.71,234.816,2,0
7484,447.565,143.637,2,0
7485,14.7208,74.3494,2,0
7486,25.4652,2,2,0
7487,317.159,168.152,2,0
7488,285.077,271.229,2,0
7489,20.363,127.821,2,0
7490,387.312,15.4762,2,0
7491,192.909,269.051,2,0
7492,313.717,138.79,2,0
7493,152.287,107.652,2,0
7494,590.545,23.0712,2,0
7495,532.561,118.83,2,0
7496,24.9059,275.73,2,0
7497,45.834,267.91,2,0
7498,349.715,8.15341,2,0
7499,211.649,186.821,2,0
7500,519.606,53.6313,2,0
7501,14.4414,259.875,2,0
7502,252.059,73.9141,2,0
7503,426.323,120.465,2,0
7504,196.042,175.712,2,0
7505,96.1016,225.949,2,0
7506,400.371,13.4087,2,0
7507,589.687,107.948,2,0
7508,287.507,193.674,2,0
7509,481.365,72.486,2,0
7510,418.378,17.812,2,0
7511,10.0268,185.918,2,0
7512,284.516,153.178,2,0
7513,27.0399,72.6524,2,0
7514,387.653,99.752,2,0
7515,251.353,38.4597,2,0
7516,72.0524,186.574,2,0
7517,255.097,109.494,2,0
7518,17.0141,178.159,2,0
7519,27.2375,55.3326,2,0
7520,142.928,204.036,2,0
7521,280.458,187.549,2,0
7522,200.757,130.207,2,0
7523,360.112,68.9986,2,0
7524,365.302,80.5424,2,0
7525,36.6385,241.969,2,0
7526,143.701,43.5135,2,0
7527,25.5488,59.2342,2,0
7528,444.691,149.053,2,0
7529,545.867,137.662,2,0
7530,108.895,35.8825,2,0
7531,219.585,156.106,2,0
7532,580.701,166.737,2,0
7533,558.072,163.248,2,0
7534,423.321,107.115,2,0
7535,395.289,217.785,2,0
7536,139.608,9.02955,2,0
7537,218.999,136.93,2,0
7538,47.4827,73.9519,2,0
7539,501.633,85.3759,2,0
7540,371.868,58.1496,2,0
7541,505.105,203.93,2,0
7542,545.105,16.8958,2,0
7543,483.701,143.714,2,0
7544,366.092,10.6741,2,0
7545,394.103,37.0156,2,0
7546,96.8605,238.804,2,0
7547,385.253,273.03,2,0
7548,431.052,144.846,2,0
7549,469.349,277.871,2,0
7550,379.117,86.4845,2,0
7551,458.199,125.881,2,0
7552,11.5156,171.373,2,0
7553,538.983,52.8464,2,0
7554,543.025,245.907,2,0
7555,524.97,165.476,2,0
7556,137.208,209.782,2,0
7557,399.715,136.468,2,0
7558,131.355,48.4726,2,0
7559,226.889,25.5129,2,0
7560,411.067,139.472,2,0
7561,34.1601,88.2276,2,0
7562,190.575,14.7816,2,0
7563,464.218,257.965,2,0
7564,25.2579,76.3037,2,0
7565,93.0001,99.8939,2,0
7566,150.987,207.773,2,0
7567,289.77,249.654,2,0
7568,177.075,140.838,2,0
7569,12.6316,42.6048,2,0
7570,269.716,173.695,2,0
7571,461.232,99.2673,2,0
7572,228.924,109.406,2,0
7573,279.986,284.515,2,0
7574,260.434,2,2,0
7575,430.331,287.939,2,0
7576,462.766,106.098,2,0
7577,405.934,132.805,2,0
7578,323.817,50.8395,2,0
7579,350.435,124.281,2,0
7580,267.954,40.3586,2,0
7581,374.509,195.081,2,0
7582,177.599,183.505,2,0
7583,242.666,227.322,2,0
7584,449.864,286.402,2,0
7585,209.652,210.742,2,0
7586,275.884,284.462,2,0
7587,119.669,175.903,2,0
7588,339.407,187.779,2,0
7589,598.718,27.3439,2,0
7590,536.714,221.118,2,0
7591,583.242,227.4,2,0
7592,53.4743,136.698,2,0
7593,31.5144,115.575,2,0
7594,163.19,111.835,2,0
7595,22.1183,233.897,2,0
7596,394.406,290.288,2,0
7597,555.723,135.545,2,0
7598,166.072,272.173,2,0
7599,147.656,259.547,2,0
7600,409.905,131.495,2,0
7601,264.501,69.1797,2,0
7602,423.516,238.675,2,0
7603,517.978,224.829,2,0
7604,437.497,267.352,2,0
7605,62.7914,96.0893,2,0
7606,532.132,278.181,2,0
7607,397.509,94.2466,2,0
7608,290.998,47.5422,2,0
7609,298.713,44.4747,2,0
7610,340.8,66.5598,2,0
7611,478.918,88.0616,2,0
7612,303.06,48.2461,2,0
7613,221.095,124.03,2,0
7614,254.268,256.604,2,0
7615,510.66,61.2906,2,0
7616,441.265,220.691,2,0
7617,396.519,233.154,2,0
7618,118.979,89.4145,2,0
7619,288.64,160.356,2,0
7620,65.3591,123.642,2,0
7621,531.31,149.351,2,0
7622,59.656,289.119,2,0
7623,251.284,132.366,2,0
7624,229.787,213.819,2,0
7625,363.343,181.736,2,0
7626,465.864,108.786,2,0
7627,143.318,22.0641,2,0
7628,160.96,118.054,2,0
7629,445.517,178.765,2,0
7630,53.1322,2,2,0
7631,389.31,278.778,2,0
7632,267.236,156.362,2,0
7633,223.04,106.031,2,0
7634,380.836,15.3872,2,0
7635,510.752,17.0565,2,0
7636,455.236,226.008,2,0
7637,334.807,287.596,2,0
7638,589.208,215.438,2,0
7639,245.697,102.482,2,0
7640,87.3764,191.977,2,0
7641,583.317,253.424,2,0
7642,155.329,200.83,2,0
7643,94.674,195.855,2,0
7644,299.652,65.4288,2,0
7645,384.161,12.8679,2,0
7646,586.153,290.499,2,0
7647,572.603,171.073,2,0
7648,31.1874,91.0527,2,0
7649,120.657,67.7973,2,0
7650,573.878,80.4192,2,0
7651,372.555,156.614,2,0
7652,155.612,260.813,2,0
7653,75.9847,170.89,2,0
7654,547.6,27.4798,2,0
7655,96.7769,146.721,2,0
7656,287.081,182.875,2,0
7657,157.003,56.2704,2,0
7658,508.068,115.566,2,0
7659,541.892,228.62,2,0
7660,411.83,288.985,2,0
7661,470.66,105.157,2,0
7662,336.659,68.444,2,0
7663,389.556,196.513,2,0
7664,244.223,208.948,2,0
7665,484.395,289.872,2,0
7666,248.668,143.453,2,0
7667,485.148,237.654,2,0
7668,239.265,67.071,2,0
7669,68.3021,126.918,2,0
7670,192.615,118.628,2,0
7671,152.418,99.569,2,0
7672,285.174,205.73,2,0
7673,481.225,157.39,2,0
7674,391.873,105.811,2,0
7675,463.898,16.9436,2,0
7676,330.041,0.979093,2,0
7677,510.973,72.8505,2,0
7678,489.912,8.94753,2,0
7679,346.806,153.986,2,0
7680,476.485,46.2574,2,0
7681,419.466,116.105,2,0
7682,567.285,136.867,2,0
7683,307.806,225.385,2,0
7684,136.979,250.469,2,0
7685,195.415,196.141,2,0
7686,128.69,232.868,2,0
7687,79.4606,83.7024,2,0
7688,533.839,268.587,2,0
7689,209.388,13.2682,2,0
7690,530.98,258.547,2,0
7691,0.672965,218.333,2,0
7692,520.479,198.893,2,0
7693,22.2669,207.486,2,0
7694,289.363,189.955,2,0
7695,412.91,269.515,2,0
7696,271.359,164.464,2,0
7697,256.312,181.497,2,0
7698,247.49,6.11153,2,0
7699,276.701,197.373,2,0
7700,51.3565,56.6201,2,0
7701,152.772,76.5087,2,0
7702,516.107,276.872,2,0
7703,247.335,92.1966,2,0
7704,216.085,158.179,2,0
7705,584.694,270.433,2,0
7706,104.575,89.3751,2,0
7707,511.819,222.577,2,0
7708,399.837,98.7223,2,0
7709,390.046,115.066,2,0
7710,270.46,87.2328,2,0
7711,317.52,50.9835,2,0
7712,153.87,288.396,2,0
7713,463.592,85.3067,2,0
7714,387.467,250.833,2,0
7715,589.098,166.105,2,0
7716,195.887,64.6053,2,0
7717,36.49,44.7216,2,0
7718,404.468,271.735,2,0
7719,206.188,286.803,2,0
7720,70.536,96.1427,2,0
7721,289.628,28.4338,2,0
7722,37.275,2,2,0
7723,79.9958,245.615,2,0
7724,529.879,131.291,2,0
7725,70.6229,136.556,2,0
7726,90.9145,179.718,2,0
7727,511.164,167.789,2,0
7728,49.2417,280.069,2,0
7729,449.291,228.944,2,0
7730,14.4416,53.4576,2,0
7731,184.063,69.3385,2,0
7732,345.127,27.4768,2,0
7733,536.642,190.125,2,0
7734,368.75,246.316,2,0
7735,418.607,93.4496,2,0
7736,517.453,296.817,2,0
7737,361.877,213.369,2,0
7738,37.6596,193.018,2,0
7739,407.73,26.1825,2,0
7740,499.124,127.535,2,0
7741,302.147,188.718,2,0
7742,365.51,269.231,2,0
7743,92.9263,5.80585,2,0
7744,157.811,49.1842,2,0
7745,298.877,181.87,2,0
7746,193.602,190.111,2,0
7747,248.722,135.621,2,0
7748,235.476,255.889,2,0
7749,471.533,4.66893,2,0
7750,445.815,188.759,2,0
7751,555.032,105.611,2,0
7752,107.801,199.111,2,0
7753,541.671,33.0689,2,0
7754,197.595,230.995,2,0
7755,145.736,103.867,2,0
7756,27.2483,198.061,2,0
7757,274.373,293.998,2,0
7758,410.883,49.3147,2,0
7759,500.877,4.55594,2,0
7760,524.12,91.0902,2,0
7761,507.868,221.257,2,0
7762,264.613,2,2,0
7763,512.871,253.169,2,0
7764,272.973,15.2541,2,0
7765,387.919,24.3578,2,0
7766,107.013,86.1637,2,0
7767,336.108,168.192,2,0
7768,241.61,271.154,2,0
7769,552.57,276.792,2,0
7770,584.68,59.7379,2,0
7771,594.833,179.183,2,0
7772,67.2593,286.984,2,0
7773,577.513,281.993,2,0
7774,204.724,283.024,2,0
7775,593.335,143.909,2,0
7776,497.46,234.607,2,0
7777,431.553,258.48,2,0
7778,424.506,125.426,2,0
7779,463.674,9.44889,2,0
7780,157.889,169.385,2,0
7781,595.962,268.106,2,0
7782,119.151,44.5555,2,0
7783,186.458,138.206,2,0
7784,208.088,144.054,2,0
7785,418.109,283.325,2,0
7786,79.6847,113.177,2,0
7787,316.062,211.639,2,0
7788,309.67,3.67115,2,0
7789,136.71,93.7216,2,0
7790,109.847,125.088,2,0
7791,113.368,223.287,2,0
7792,435.857,249.247,2,0
7793,264.249,213.474,2,0
7794,358.17,244.498,2,0
7795,327.88,78.8519,2,0
7796,111.437,16.954,2,0
7797,308.022,279.969,2,0
7798,76.1299,280.08,2,0
7799,432.789,234.752,2,0
7800,577.796,81.2784,2,0
7801,40.4889,260.957,2,0
7802,254.108,172.018,2,0
7803,381.146,248.775,2,0
7804,65.3718,111.928,2,0
7805,25.9661,194.166,2,0
7806,186.755,79.6547,2,0
7807,280.289,91.3085,2,0
7808,323.729,228.827,2,0
7809,558.34,41.0657,2,0
7810,259.82,49.6597,2,0
7811,147.721,279.065,2,0
7812,204.776,97.9719,2,0
7813,147.417,164.352,2,0
7814,397.879,106.434,2,0
7815,333.244,165.353,2,0
7816,545.339,31.3762,2,0
7817,69.5265,38.3456,2,0
7818,114.418,29.8602,2,0
7819,136.255,262.073,2,0
7820,403.337,129.605,2,0
7821,515.679,32.4998,2,0
7822,367.07,223.797,2,0
7823,18.2306,36.8104,2,0
7824,443.777,197.165,2,0
7825,369.721,212.886,2,0
7826,11.6186,241.731,2,0
7827,362.469,144.3,2,0
7828,52.8872,265.288,2,0
7829,61.0249,145.559,2,0
7830,377.835,213.841,2,0
7831,572.337,220.132,2,0
7832,393.621,178.504,2,0
7833,349.416,82.481,2,0
7834,67.2242,282.831,2,0
7835,436.613,164.982,2,0
7836,149.675,48.0169,2,0
7837,316.893,252.19,2,0
7838,406.974,8.23444,2,0
7839,561.885,129.884,2,0
7840,190.919,255.99,2,0
7841,284.151,6.30764,2,0
7842,158.757,271.617,2,0
7843,387.322,40.276,2,0
7844,188.451,76.0089,2,0
7845,335.163,2.55764,2,0
7846,515.513,156.722,2,0
7847,99.7484,277.908,2,0
7848,131.321,128.865,2,0
7849,23.0694,175.332,2,0
7850,68.5004,33.3601,2,0
7851,93.4763,207.305,2,0
7852,299.864,209.961,2,0
7853,439.832,280.931,2,0
7854,218.643,140.931,2,0
7855,228.682,82.6709,2,0
7856,108.5,20.9495,2,0
7857,95.8725,252.974,2,0
7858,326.757,10.8026,2,0
7859,212.799,288.477,2,0
7860,112.574,268.327,2,0
7861,366.684,242.787,2,0
7862,272.393,92.239,2,0
7863,551.867,71.3321,2,0
7864,524.44,255.307,2,0
7865,517.135,160.533,2,0
7866,421.431,192.73,2,0
7867,150.65,39.9652,2,0
7868,187.804,230.846,2,0
7869,535.873,38.8984,2,0
7870,535.668,298,2,0
7871,589.753,249.364,2,0
7872,401.364,197.356,2,0
7873,172.231,147.129,2,0
7874,412.897,216.615,2,0
7875,322.615,277.237,2,0
7876,585.066,136.048,2,0
7877,589.33,154.38,2,0
