id,x,y,radius,is_spanning
0,139.837,124.393,2,0
1,413.057,202.503,2,0
2,322.755,272.08,2,0
3,185.814,5.49602,2,0
4,294.306,150.59,2,0
5,424.082,246.677,2,0
6,265.172,215.354,2,0
7,111.755,93.4185,2,0
8,452.97,45.5532,2,0
9,229.24,41.5353,2,0
10,92.286,79.5762,2,0
11,119.457,279.69,2,0
12,596.516,141.918,2,0
13,472.143,189.714,2,0
14,384.52,189.783,2,0
15,412.656,291.026,2,0
16,465.277,266.664,2,0
17,223.697,62.4803,2,0
18,99.4729,132.281,2,0
19,327.862,18.092,2,0
20,194.49,255.537,2,0
21,290.178,123.292,2,0
22,485.25,5.52498,2,0
23,515.005,25.596,2,0
24,180.694,186.038,2,0
25,408.686,298,2,0
26,357.311,176.401,2,0
27,62.5901,187.445,2,0
28,521.753,264.819,2,0
29,102.036,276.258,2,0
30,571.668,232.919,2,0
31,387.896,244.73,2,0
32,345.284,80.3703,2,0
33,156.646,213.301,2,0
34,85.5268,84.1771,2,0
35,328.541,254.756,2,0
36,529.322,55.1171,2,0
37,547.283,20.5728,2,0
38,146.832,101.007,2,0
39,494.329,115.531,2,0
40,556.711,261.971,2,0
41,222.918,216.372,2,0
42,378.387,233.594,2,0
43,191.02,96.0155,2,0
44,521.854,268.897,2,0
45,501.858,149.095,2,0
46,533.803,139.032,2,0
47,223.441,167.703,2,0
48,464.509,215.579,2,0
49,196.503,27.9999,2,0
50,292.265,254.944,2,0
51,144.871,241.87,2,0
52,175.427,35.2907,2,0
53,314.62,206.162,2,0
54,227.04,288.369,2,0
55,127.328,128.105,2,0
56,0.517293,259.21,2,0
57,36.9248,236.719,2,0
58,538.974,121.215,2,0
59,32.7275,206.41,2,0
60,190.659,254.379,2,0
61,554.841,32.9122,2,0
62,523.721,97.0858,2,0
63,388.541,8.12095,2,0
64,230.427,57.8013,2,0
65,107.438,253.978,2,0
66,37.3091,228.75,2,0
67,489.09,27.7416,2,0
68,427.389,252.604,2,0
69,199.536,178.844,2,0
70,115.843,277.896,2,0
71,474.462,75.7327,2,0
72,327.622,131.684,2,0
73,192.107,247.064,2,0
74,166.838,191.824,2,0
75,308.308,155.05,2,0
76,125.128,222.531,2,0
77,510.147,135.05,2,0
78,527.539,245.559,2,0
79,238.423,69.4739,2,0
80,282.243,234.78,2,0
81,343.495,55.7526,2,0
82,387.337,279.964,2,0
83,69.6462,37.1136,2,0
84,188.39,199.025,2,0
85,382.755,30.6009,2,0
86,178.403,177.328,2,0
87,143.43,223.836,2,0
88,302.731,88.4487,2,0
89,134.865,186.073,2,0
90,19.958,80.8078,2,0
91,209.253,62.7841,2,0
92,270.814,244.366,2,0
93,485.211,75.0611,2,0
94,118.82,271.508,2,0
95,345.101,64.5755,2,0
96,212.041,256.025,2,0
97,221.656,230.522,2,0
98,547.806,140.25,2,0
99,484.345,176.944,2,0
100,349.201,264.814,2,0
101,593.763,71.2579,2,0
102,527.067,182.937,2,0
103,441.475,141.178,2,0
104,598.512,61.9928,2,0
105,246.37,53.3685,2,0
106,425.938,230.661,2,0
107,541.245,110.703,2,0
108,361.552,81.7248,2,0
109,465.651,27.5195,2,0
110,359.079,201.941,2,0
111,249.255,238.993,2,0
112,231.526,17.8423,2,0
113,347.305,180.78,2,0
114,561.437,251.563,2,0
115,597.288,222.767,2,0
116,475.935,265.86,2,0
117,4.81985,191.354,2,0
118,554.899,36.9832,2,0
119,183.437,172.177,2,0
120,89.1179,270.511,2,0
121,24.906,178.757,2,0
122,79.1417,2,2,0
123,184.157,222.027,2,0
124,543.664,174.501,2,0
125,403.561,279.967,2,0
126,87.9179,263.918,2,0
127,39.5582,167.076,2,0
128,436.746,155.838,2,0
129,103.625,188.965,2,0
130,519.759,45.1605,2,0
131,143.862,138.632,2,0
132,112.086,217.903,2,0
133,65.966,269.898,2,0
134,317.923,234.841,2,0
135,480.916,51.3544,2,0
136,229.521,183.594,2,0
137,1.91674,74.7869,2,0
138,580.047,25.7562,2,0
139,549.334,222.19,2,0
140,142.354,56.3583,2,0
141,433.981,148.683,2,0
142,551.785,93.3664,2,0
143,297.963,277.384,2,0
144,55.3395,17.4297,2,0
145,375.21,211.295,2,0
146,521.9,37.4075,2,0
147,441.664,226.942,2,0
148,225.774,92.785,2,0
149,408.159,133.726,2,0
150,111.898,9.96626,2,0
151,472.803,253.898,2,0
152,249.65,166.33,2,0
153,28.5774,33.3709,2,0
154,475.48,218.975,2,0
155,322.971,59.5322,2,0
156,277.385,298,2,0
157,328.432,113.006,2,0
158,179.027,215.664,2,0
159,417.839,87.4185,2,0
160,594.031,112.393,2,0
161,283.097,173.007,2,0
162,407.602,265.389,2,0
163,337.179,62.7813,2,0
164,563.597,150.062,2,0
165,103.916,228.662,2,0
166,334.36,196.001,2,0
167,491.475,200.745,2,0
168,72.4575,190.815,2,0
169,216.679,231.466,2,0
170,49.7806,173.781,2,0
171,163.433,204.753,2,0
172,250.627,80.8246,2,0
173,527.704,9.49879,2,0
174,580.524,61.7878,2,0
175,379.597,122.221,2,0
176,471.22,275.81,2,0
177,275.638,100.308,2,0
178,516.327,161.994,2,0
179,195.963,125.674,2,0
180,440.608,122.866,2,0
181,410.845,9.47854,2,0
182,267.951,173.764,2,0
183,460.051,43.5393,2,0
184,599.457,49.7265,2,0
185,361.411,142.343,2,0
186,518.992,49.1773,2,0
187,398.621,72.1099,2,0
188,156.52,244.534,2,0
189,593.73,91.0021,2,0
190,350.553,135.762,2,0
191,155.046,15.4961,2,0
192,141.285,9.67328,2,0
193,158.186,141.838,2,0
194,159.628,177.679,2,0
195,284.471,119.84,2,0
196,307.146,149.562,2,0
197,349.951,157.876,2,0
198,599.378,107.221,2,0
199,300.029,257.602,2,0
200,218.662,266.302,2,0
201,450.198,280.756,2,0
202,229.841,276.232,2,0
203,364.455,265.188,2,0
204,238.723,294.427,2,0
205,172.799,237.447,2,0
206,129.457,236.653,2,0
207,464.059,13.7438,2,0
208,264.227,166.606,2,0
209,380.569,190.885,2,0
210,271.865,228.131,2,0
211,100.718,46.4142,2,0
212,570.36,298,2,0
213,293.704,170.866,2,0
214,203.546,192.506,2,0
215,348.905,173.832,2,0
216,454.58,267.053,2,0
217,304.348,2,2,0
218,521.405,93.7956,2,0
219,86.9839,30.8224,2,0
220,341.156,79.991,2,0
221,58.9064,199.399,2,0
222,359.845,213.212,2,0
223,254.146,253.317,2,0
224,92.8621,6.01008,2,0
225,341.244,266.469,2,0
226,479.849,11.5626,2,0
227,473.243,46.5218,2,0
228,36.6755,17.0043,2,0
229,226.151,48.0015,2,0
230,374.43,167.364,2,0
231,123.646,23.3772,2,0
232,513.542,187.335,2,0
233,147.102,32.3587,2,0
234,597.733,195.262,2,0
235,92.7557,130.327,2,0
236,482.069,156.111,2,0
237,464.735,69.5569,2,0
238,498.303,168.848,2,0
239,464.136,226.112,2,0
240,159.944,26.6884,2,0
241,330.371,275.579,2,0
242,179.762,256.72,2,0
243,80.094,187.996,2,0
244,19.2139,224.018,2,0
245,468.281,196.816,2,0
246,220.838,197.529,2,0
247,52.8955,207.465,2,0
248,95.3325,176.592,2,0
249,205.285,63.579,2,0
250,75.3838,283.035,2,0
251,356.882,294.463,2,0
252,298.756,97.6373,2,0
253,270.401,9.61719,2,0
254,83.7893,220.506,2,0
255,103.673,26.4066,2,0
256,333.163,240.393,2,0
257,550.703,193.462,2,0
258,432.642,115.366,2,0
259,576.297,194.858,2,0
260,367.309,64.1242,2,0
261,261.625,195.903,2,0
262,503.926,219.864,2,0
263,158.1,152.944,2,0
264,282.071,262.423,2,0
265,316.351,202.419,2,0
266,365.195,219.274,2,0
267,272.793,146.706,2,0
268,154.918,262.053,2,0
269,525.123,242.365,2,0
270,581.189,89.5726,2,0
271,547.89,94.3415,2,0
272,279.571,162.822,2,0
273,316.287,36.0645,2,0
274,65.5021,133.961,2,0
275,47.2113,76.6488,2,0
276,163.035,166.009,2,0
277,119.868,2,2,0
278,378.937,115.501,2,0
279,65.6502,29.9098,2,0
280,151.044,277.847,2,0
281,2.49374,104.525,2,0
282,49.8876,222.399,2,0
283,508.532,180.787,2,0
284,584.879,130.476,2,0
285,491.459,83.8772,2,0
286,352.81,294.608,2,0
287,13.1856,129.705,2,0
288,541.2,253.061,2,0
289,95.0194,273.684,2,0
290,23.7187,270.607,2,0
291,70.8007,157.419,2,0
292,565.586,204.826,2,0
293,176.66,155.508,2,0
294,447.288,12.8796,2,0
295,394.969,151.392,2,0
296,288.333,244.429,2,0
297,443.88,164.76,2,0
298,315.491,287.376,2,0
299,412.665,54.6713,2,0
300,518.504,125.245,2,0
301,222.803,174.812,2,0
302,17.8681,6.08271,2,0
303,539.552,74.0806,2,0
304,191.792,231.669,2,0
305,479.858,204.898,2,0
306,134.811,290.064,2,0
307,141.516,187.88,2,0
308,544.341,43.2053,2,0
309,32.9213,109.588,2,0
310,169.512,83.2285,2,0
311,541.737,178.074,2,0
312,449.71,168.769,2,0
313,177.824,166.33,2,0
314,83.0173,143.714,2,0
315,336.074,294.396,2,0
316,122.033,203.217,2,0
317,485.02,230.17,2,0
318,147.164,264.941,2,0
319,115.616,49.2808,2,0
320,148.165,2,2,0
321,210.214,259.627,2,0
322,575.17,221.314,2,0
323,440.151,269.767,2,0
324,91.7644,42.0606,2,0
325,203.559,246.025,2,0
326,494.58,203.384,2,0
327,230.469,208.707,2,0
328,376.765,119.36,2,0
329,172.942,248.248,2,0
330,476.026,160.766,2,0
331,297.018,214.681,2,0
332,470.635,100.746,2,0
333,268.542,100.323,2,0
334,221.47,183.752,2,0
335,326.076,149.847,2,0
336,152.285,294.33,2,0
337,265.271,5.8354,2,0
338,375.728,71.5192,2,0
339,212.047,111.422,2,0
340,310.191,183.915,2,0
341,339.19,99.0403,2,0
342,386.936,222.156,2,0
343,306.992,294.277,2,0
344,47.7224,87.871,2,0
345,286.21,220.58,2,0
346,8.15254,214.554,2,0
347,434.174,62.6691,2,0
348,48.2395,61.2229,2,0
349,227.532,251.641,2,0
350,578.795,182.795,2,0
351,360.634,104.464,2,0
352,363.8,247.575,2,0
353,95.9836,280.537,2,0
354,333.55,202.629,2,0
355,319.615,274.866,2,0
356,224.217,141.878,2,0
357,246.858,190.358,2,0
358,140.494,176.931,2,0
359,442.277,245.522,2,0
360,58.4862,146.508,2,0
361,493.123,28.3889,2,0
362,296.226,35.7021,2,0
363,597.035,199.289,2,0
364,141.108,274.011,2,0
365,307.223,208.53,2,0
366,396.833,146.843,2,0
367,276.521,253.499,2,0
368,379.223,104.435,2,0
369,489.073,139.252,2,0
370,321.088,53.6861,2,0
371,281.626,32.3903,2,0
372,305.514,145.807,2,0
373,34.9738,50.3469,2,0
374,342.18,176.936,2,0
375,218.795,20.4393,2,0
376,562.099,164.185,2,0
377,102.032,117.367,2,0
378,364.136,128.636,2,0
379,535.6,285.315,2,0
380,411.701,2,2,0
381,25.9389,113.882,2,0
382,39.9945,218.297,2,0
383,519.432,257.33,2,0
384,223.323,208.343,2,0
385,563.874,240.63,2,0
386,439.611,175.295,2,0
387,408.764,44.943,2,0
388,14.1216,76.0211,2,0
389,477.969,201.371,2,0
390,9.26313,82.6825,2,0
391,484.461,96.3175,2,0
392,31.4645,11.9402,2,0
393,366.276,250.733,2,0
394,511.73,201.281,2,0
395,116.834,87.812,2,0
396,374.126,108.566,2,0
397,91.3587,150.646,2,0
398,498.23,114.107,2,0
399,84.57,182.269,2,0
400,155.082,114.944,2,0
401,87.2571,173.825,2,0
402,18.2926,166.36,2,0
403,407.088,89.3902,2,0
404,130.727,290.101,2,0
405,56.8908,124.067,2,0
406,145.265,272.861,2,0
407,240.743,298,2,0
408,455.896,68.868,2,0
409,7.98251,43.216,2,0
410,392.416,298,2,0
411,228.124,142.864,2,0
412,409.45,121.144,2,0
413,182.164,84.8277,2,0
414,507.349,239.007,2,0
415,184.089,10.4766,2,0
416,507.003,247.397,2,0
417,573.485,261.181,2,0
418,410.145,219.489,2,0
419,69.4086,188.319,2,0
420,301.536,5.84436,2,0
421,321.758,162.311,2,0
422,100.564,62.0757,2,0
423,352.328,245.749,2,0
424,558.856,43.0181,2,0
425,301.219,193.51,2,0
426,111.262,290.526,2,0
427,195.002,213.212,2,0
428,405.872,160.208,2,0
429,134.077,56.5206,2,0
430,52.2183,108.95,2,0
431,16.3255,186.824,2,0
432,187.803,40.7294,2,0
433,32.8474,105.477,2,0
434,554.138,12.9827,2,0
435,457.604,216.793,2,0
436,288.075,2,2,0
437,199.437,49.8858,2,0
438,93.3683,154.35,2,0
439,299.183,245.507,2,0
440,392.842,33.5512,2,0
441,317.397,290.942,2,0
442,334.356,51.3687,2,0
443,188.185,151.397,2,0
444,264.827,176.375,2,0
445,412.545,161.556,2,0
446,458.644,187.288,2,0
447,30.658,86.5593,2,0
448,587.595,266.305,2,0
449,56.057,294.152,2,0
450,140.406,59.8867,2,0
451,526.209,175.928,2,0
452,207.114,145.02,2,0
453,167.174,272.833,2,0
454,371.76,275.78,2,0
455,296.658,219.126,2,0
456,93.372,45.7941,2,0
457,142.771,227.885,2,0
458,417.584,30.5194,2,0
459,124.667,69.1003,2,0
460,68.3438,6.0542,2,0
461,556.432,115.752,2,0
462,248.135,95.457,2,0
463,235.659,79.8686,2,0
464,150.535,298,2,0
465,59.9446,180.503,2,0
466,464.653,171.287,2,0
467,594.081,40.4014,2,0
468,565.446,194.759,2,0
469,87.1518,143.765,2,0
470,478.721,54.8684,2,0
471,155.872,248.442,2,0
472,374.096,195.65,2,0
473,49.9903,84.4484,2,0
474,248.372,207.796,2,0
475,570.196,271.745,2,0
476,471.582,204.263,2,0
477,328.326,146.622,2,0
478,572.241,239.895,2,0
479,484.278,130.135,2,0
480,408.462,30.1289,2,0
481,574.209,188.114,2,0
482,533.266,90.7024,2,0
483,432.048,111.259,2,0
484,21.9562,278.094,2,0
485,264.681,231.725,2,0
486,522.181,51.7961,2,0
487,289.153,31.3377,2,0
488,213.16,122.111,2,0
489,515.49,89.6999,2,0
490,21.4191,150.825,2,0
491,24.0046,50.4516,2,0
492,464.01,236.827,2,0
493,384.548,179.41,2,0
494,517.738,277.304,2,0
495,295.227,9.48181,2,0
496,195.755,80.1187,2,0
497,96.951,123.651,2,0
498,243.43,96.1049,2,0
499,123.078,137.687,2,0
500,319.474,137.642,2,0
501,234.894,238.913,2,0
502,579.702,69.8229,2,0
503,572.364,95.8597,2,0
504,54.1479,272.684,2,0
505,121.345,104.847,2,0
506,208.162,165.867,2,0
507,440.294,181.44,2,0
508,34.2687,97.7945,2,0
509,312.241,271.484,2,0
510,81.4008,103.701,2,0
511,310.757,24.8977,2,0
512,310.572,254.995,2,0
513,73.9089,227.778,2,0
514,282.764,218.419,2,0
515,216.341,129.608,2,0
516,223.996,31.826,2,0
517,492.918,279.744,2,0
518,1.86786,168.846,2,0
519,141.504,135.097,2,0
520,235.756,278.09,2,0
521,211.337,190.028,2,0
522,339.096,230.451,2,0
523,80.3876,140.682,2,0
524,124.619,121.577,2,0
525,212.42,263.092,2,0
526,239.605,156.314,2,0
527,538.543,267.456,2,0
528,175.617,174.196,2,0
529,219.525,280.179,2,0
530,11.4074,97.2003,2,0
531,486.635,260.483,2,0
532,289.392,5.78387,2,0
533,429.402,275.227,2,0
534,583.996,149.193,2,0
535,241.186,46.4999,2,0
536,27.0342,5.36442,2,0
537,111.917,171.937,2,0
538,568.943,267.928,2,0
539,388.747,236.589,2,0
540,413.205,119.445,2,0
541,204.194,218.781,2,0
542,518.769,224.856,2,0
543,308.372,2,2,0
544,438.044,25.0023,2,0
545,441.266,161.683,2,0
546,130.646,116.413,2,0
547,175.854,255.663,2,0
548,564.566,186.548,2,0
549,573.337,229.165,2,0
550,334.6,252.903,2,0
551,486.708,41.5987,2,0
552,155.577,176.951,2,0
553,27.9329,184.946,2,0
554,46.6394,167.381,2,0
555,143.231,277.533,2,0
556,261.088,102.282,2,0
557,191.375,62.2705,2,0
558,395.11,142.77,2,0
559,293.394,5.80724,2,0
560,248.553,162.403,2,0
561,482.809,54.8874,2,0
562,509.089,120.29,2,0
563,259.938,18.6506,2,0
564,451.368,68.0546,2,0
565,78.4728,257.462,2,0
566,436.762,56.2028,2,0
567,170.049,194.862,2,0
568,55.1508,74.5164,2,0
569,454.979,202.212,2,0
570,281.853,36.4495,2,0
571,521.667,207.577,2,0
572,467.095,259.774,2,0
573,362.426,251.51,2,0
574,418.294,95.5864,2,0
575,239.983,227.403,2,0
576,225.733,134.586,2,0
577,250.335,155.57,2,0
578,591.574,160.803,2,0
579,49.5343,177.9,2,0
580,303.736,27.8113,2,0
581,15.2825,118.393,2,0
582,108.133,212.084,2,0
583,487.35,214.005,2,0
584,443.344,276.168,2,0
585,166.395,234.517,2,0
586,525.092,281.506,2,0
587,150.008,142.16,2,0
588,132.981,238.562,2,0
589,5.32747,123.379,2,0
590,448.946,298,2,0
591,586.956,273.219,2,0
592,520.644,67.9019,2,0
593,183.855,271.63,2,0
594,561.803,276.601,2,0
595,276.173,189.637,2,0
596,0.00399895,147.855,2,0
597,231.633,73.9835,2,0
598,388.917,136.804,2,0
599,24.5666,39.9788,2,0
600,179.522,173.204,2,0
601,104.208,184.772,2,0
602,340.663,105.266,2,0
603,81.2241,278.963,2,0
604,438.978,189.523,2,0
605,368.286,264.58,2,0
606,188.635,178.416,2,0
607,146.564,5.76877,2,0
608,229.248,172.648,2,0
609,558.849,166.693,2,0
610,142.583,183.905,2,0
611,176.81,90.2025,2,0
612,480.986,26.3138,2,0
613,349.187,81.4231,2,0
614,134.659,114.946,2,0
615,430.147,262.909,2,0
616,370.671,149.969,2,0
617,4.45594,115.796,2,0
618,11.4638,53.851,2,0
619,247.35,219.911,2,0
620,514.002,204.692,2,0
621,366.666,131.957,2,0
622,80.8116,13.0403,2,0
623,64.2872,245.145,2,0
624,256.28,260.213,2,0
625,9.92929,67.8676,2,0
626,308.341,86.0308,2,0
627,551.559,293.969,2,0
628,162.971,56.7309,2,0
629,210.701,125.443,2,0
630,13.9909,122.298,2,0
631,71.3765,63.8823,2,0
632,379.492,160.525,2,0
633,136.222,228.067,2,0
634,439.727,278.014,2,0
635,544.349,263.446,2,0
636,585.716,167.08,2,0
637,5.8372,270.133,2,0
638,44.9274,115.828,2,0
639,81.8161,37.7987,2,0
640,272.549,211.739,2,0
641,562.108,45.4969,2,0
642,554.88,49.2995,2,0
643,395.573,36.4757,2,0
644,455.705,245.62,2,0
645,144.154,234.82,2,0
646,273.939,90.1789,2,0
647,519.208,196.603,2,0
648,428.824,283.354,2,0
649,410.896,237.144,2,0
650,395.15,48.4503,2,0
651,117.044,17.8008,2,0
652,408.241,223.051,2,0
653,480.49,84.7181,2,0
654,321.767,173.099,2,0
655,157.138,111.406,2,0
656,432.462,281.575,2,0
657,230.037,108.475,2,0
658,314.145,184.808,2,0
659,525.855,260.33,2,0
660,412.323,141.194,2,0
661,310.137,50.9292,2,0
662,313.164,290.694,2,0
663,336.717,172.203,2,0
664,62.2986,231.006,2,0
665,527.773,63.1007,2,0
666,310.823,135.113,2,0
667,106.379,107.154,2,0
668,417.913,186.331,2,0
669,41.7101,68.8988,2,0
670,141.946,142.294,2,0
671,168.09,161.26,2,0
672,490.755,146.218,2,0
673,451.86,100.252,2,0
674,329.551,238.814,2,0
675,186.493,105.101,2,0
676,351.411,84.7894,2,0
677,255.036,212.434,2,0
678,270.219,170.384,2,0
679,68.9736,233.828,2,0
680,495.986,130.774,2,0
681,21.2549,231.566,2,0
682,312.97,131.577,2,0
683,546.917,69.9005,2,0
684,454.636,85.5757,2,0
685,346.601,127.847,2,0
686,392.191,5.97554,2,0
687,180.941,150.25,2,0
688,427.46,16.5209,2,0
689,449.904,251.518,2,0
690,62.5422,57.2558,2,0
691,488.984,294.005,2,0
692,157.199,50.2036,2,0
693,443.005,223.15,2,0
694,7.81414,22.596,2,0
695,406.566,118.291,2,0
696,47.1398,65.132,2,0
697,279.68,256.041,2,0
698,152.71,214.055,2,0
699,112.5,247.881,2,0
700,296.71,259.852,2,0
701,130.416,252.994,2,0
702,55.5013,47.4908,2,0
703,38.0423,47.4403,2,0
704,550.809,129.445,2,0
705,500.206,187.92,2,0
706,279.736,199.855,2,0
707,546.584,120.26,2,0
708,93.2096,91.8601,2,0
709,83.067,212.274,2,0
710,437.034,197.327,2,0
711,189.349,124.399,2,0
712,350.009,189.078,2,0
713,150.632,5.71231,2,0
714,321.721,232.201,2,0
715,104.538,89.101,2,0
716,104.4,13.2264,2,0
717,443.774,120.405,2,0
718,78.7316,23.4321,2,0
719,134.817,286.059,2,0
720,235.53,296.857,2,0
721,514.587,191.332,2,0
722,465.641,115.197,2,0
723,165.607,12.8484,2,0
724,503.507,236.981,2,0
725,539.981,9.53693,2,0
726,77.9249,201.357,2,0
727,162.568,259.214,2,0
728,499.809,145.595,2,0
729,101.135,212.519,2,0
730,381.445,76.5491,2,0
731,360.984,278.572,2,0
732,584.975,188.479,2,0
733,391.16,117.693,2,0
734,468.255,298,2,0
735,413.059,137.184,2,0
736,502.148,5.52036,2,0
737,446.741,123.218,2,0
738,55.9464,186.755,2,0
739,504.452,8.79403,2,0
740,484.615,140.912,2,0
741,3.63047,127.111,2,0
742,33.9783,132.844,2,0
743,6.93486,16.1467,2,0
744,121.646,118.864,2,0
745,153.198,56.951,2,0
746,509.943,85.4813,2,0
747,493.819,221.531,2,0
748,165.184,183.802,2,0
749,494.458,162.861,2,0
750,210.345,107.293,2,0
751,209.889,99.7777,2,0
752,95.3943,229.64,2,0
753,379.415,36.3228,2,0
754,507.299,217.675,2,0
755,487.226,166.392,2,0
756,261.763,109.797,2,0
757,260.557,151.1,2,0
758,353.691,231.984,2,0
759,422.219,232.429,2,0
760,424.645,298,2,0
761,5.7692,187.298,2,0
762,140.942,259.327,2,0
763,202.428,267.113,2,0
764,281.611,56.7624,2,0
765,304.455,267.587,2,0
766,312.371,298,2,0
767,281.819,52.737,2,0
768,202.494,200.56,2,0
769,297.999,125.085,2,0
770,383.618,278.519,2,0
771,131.14,174.639,2,0
772,334.081,150.739,2,0
773,423.349,254.743,2,0
774,68.2084,130.919,2,0
775,172.162,230.353,2,0
776,155.044,100.938,2,0
777,409.947,188.398,2,0
778,198.462,182.925,2,0
779,587.999,53.9885,2,0
780,590.278,97.9665,2,0
781,244.24,213.573,2,0
782,60.8199,234.779,2,0
783,97.4482,183.36,2,0
784,344.116,153.322,2,0
785,180.544,130.976,2,0
786,544.818,104.175,2,0
787,5.83843,169.516,2,0
788,306.124,51.8868,2,0
789,349.402,55.2588,2,0
790,149.868,211.172,2,0
791,265.02,162.652,2,0
792,59.4427,184.847,2,0
793,248.354,136.695,2,0
794,357.497,58.1407,2,0
795,238.787,116.136,2,0
796,250.732,46.4496,2,0
797,353.743,18.4811,2,0
798,90.4705,289.798,2,0
799,312.724,138.639,2,0
800,297.21,268.164,2,0
801,346.706,5.98534,2,0
802,526.049,198.371,2,0
803,439.54,137.445,2,0
804,14.4705,17.5406,2,0
805,114.222,158.366,2,0
806,80.8663,286.753,2,0
807,415.887,179.294,2,0
808,193.303,65.9154,2,0
809,512.728,159.933,2,0
810,254.279,142.208,2,0
811,112.233,34.1865,2,0
812,471.027,178.907,2,0
813,248.957,28.4576,2,0
814,516.527,10.1064,2,0
815,191.898,91.939,2,0
816,168.651,298,2,0
817,30.0305,214.175,2,0
818,40.0125,2,2,0
819,357.636,3.85703,2,0
820,120.931,77.6854,2,0
821,495.388,2,2,0
822,49.6009,101.828,2,0
823,204.129,142.186,2,0
824,349.112,139.585,2,0
825,264.277,279.743,2,0
826,80.8957,19.9698,2,0
827,520.775,291.715,2,0
828,356.577,255.816,2,0
829,483.135,207.403,2,0
830,263.335,261.666,2,0
831,129.82,30.4366,2,0
832,564.912,136.485,2,0
833,454.761,219.623,2,0
834,177.596,208.552,2,0
835,380.635,11.5662,2,0
836,503.602,264.77,2,0
837,240.002,171.168,2,0
838,313.859,119.716,2,0
839,24.2082,210.18,2,0
840,92.473,83.6006,2,0
841,175.424,75.9377,2,0
842,475.656,6.7121,2,0
843,187.779,2,2,0
844,72.1758,294.141,2,0
845,152.391,163.228,2,0
846,121.189,257.17,2,0
847,44.1525,61.1503,2,0
848,505.05,2,2,0
849,585.099,287.923,2,0
850,32.2415,61.7014,2,0
851,592.895,25.261,2,0
852,525.109,277.407,2,0
853,343.163,191.356,2,0
854,101.613,30.023,2,0
855,562.699,215.405,2,0
856,596.595,283.831,2,0
857,238.867,130.711,2,0
858,102.214,178.036,2,0
859,431.337,168.37,2,0
860,132.031,122.63,2,0
861,21.0233,197.953,2,0
862,350.275,7.9822,2,0
863,309.078,74.7434,2,0
864,495.067,98.763,2,0
865,310.641,151.693,2,0
866,422.33,274.802,2,0
867,19.2616,265.028,2,0
868,18.6147,110.046,2,0
869,59.3726,54.7095,2,0
870,523.489,90.2926,2,0
871,34.2037,267.449,2,0
872,289.341,263.338,2,0
873,522.533,125.983,2,0
874,226.707,56.1124,2,0
875,390.319,132.994,2,0
876,249.316,20.9127,2,0
877,598.221,2,2,0
878,72.3328,211.435,2,0
879,514.111,74.6332,2,0
880,153.864,210.215,2,0
881,447.347,5.98079,2,0
882,241.382,248.33,2,0
883,61.9551,223.715,2,0
884,268.376,279.752,2,0
885,158.088,264.646,2,0
886,596.54,258.312,2,0
887,314.493,236.95,2,0
888,112.539,61.0532,2,0
889,27.5221,189.036,2,0
890,470.977,125.849,2,0
891,480.258,160.965,2,0
892,364.431,8.42112,2,0
893,19.1873,87.7767,2,0
894,380.345,100.57,2,0
895,480.303,141.632,2,0
896,10.1934,150.722,2,0
897,139.85,138.834,2,0
898,101.672,220.757,2,0
899,182.603,233.788,2,0
900,63.9155,104.822,2,0
901,343.367,12.22,2,0
902,264.209,80.724,2,0
903,507.001,271.278,2,0
904,538.148,298,2,0
905,258.367,214.72,2,0
906,22.8896,120.471,2,0
907,330.26,247.251,2,0
908,494.86,283.357,2,0
909,246.283,31.8113,2,0
910,324.369,213.457,2,0
911,53.1092,139.779,2,0
912,342.634,6.02547,2,0
913,284.593,92.2126,2,0
914,360.289,149.059,2,0
915,482.225,249.142,2,0
916,74.3052,30.2914,2,0
917,448.81,34.6059,2,0
918,204.111,164.579,2,0
919,362.754,181.301,2,0
920,252.854,138.365,2,0
921,333.879,164.608,2,0
922,246.884,294.486,2,0
923,2.25652,22.925,2,0
924,443.997,219.114,2,0
925,452.779,61.4694,2,0
926,119.91,32.0137,2,0
927,31.4056,250.35,2,0
928,497.056,293.957,2,0
929,115.077,154.413,2,0
930,216.015,178.966,2,0
931,401.146,180.068,2,0
932,582.59,30.6767,2,0
933,132.064,108.471,2,0
934,162.474,180.845,2,0
935,588.241,277.118,2,0
936,38.4737,187.621,2,0
937,536.31,80.3219,2,0
938,568.137,168.934,2,0
939,106.227,85.4706,2,0
940,361.936,204.821,2,0
941,241.423,138.528,2,0
942,343.712,169.06,2,0
943,91.6839,227.991,2,0
944,22.8449,142.473,2,0
945,279.466,170.933,2,0
946,569.059,82.4687,2,0
947,329.995,150.435,2,0
948,206.736,195.579,2,0
949,468.78,35.1392,2,0
950,83.9144,186.496,2,0
951,352.34,185.809,2,0
952,172.72,297.943,2,0
953,297.551,156.698,2,0
954,191.634,294.12,2,0
955,140.65,246.271,2,0
956,51.2317,239.885,2,0
957,268.793,199.969,2,0
958,543.907,59.6451,2,0
959,524.767,65.8614,2,0
960,160.471,271.355,2,0
961,336.839,106.662,2,0
962,247.414,169.721,2,0
963,358.718,165.545,2,0
964,162.176,253.627,2,0
965,599.562,30.5659,2,0
966,93.967,20.6843,2,0
967,14.9815,87.3158,2,0
968,225.449,195.055,2,0
969,4.08955,44.4805,2,0
970,205.89,107.491,2,0
971,261.523,187.691,2,0
972,277.716,108.949,2,0
973,25.3876,44.0718,2,0
974,231.046,65.9754,2,0
975,392.068,139.66,2,0
976,93.1843,75.5982,2,0
977,279.442,294.449,2,0
978,386.443,28.6958,2,0
979,592.269,48.3575,2,0
980,419.147,268.443,2,0
981,27.9214,71.8492,2,0
982,178.131,32.206,2,0
983,47.2614,144.84,2,0
984,300.3,221.211,2,0
985,161.163,267.266,2,0
986,137.608,252.638,2,0
987,499.985,198.947,2,0
988,487.607,269.076,2,0
989,50.1089,67.8693,2,0
990,107.551,191.469,2,0
991,3.58665,145.984,2,0
992,459.707,210.226,2,0
993,80.846,45.1413,2,0
994,254.787,173.009,2,0
995,321.252,96.8037,2,0
996,230.859,187.364,2,0
997,489.319,150.091,2,0
998,135.584,168.1,2,0
999,34.5128,27.7662,2,0
1000,400.014,89.8703,2,0
1001,491.441,2,2,0
1002,25.748,279.846,2,0
1003,408.686,109.547,2,0
1004,550.71,170.51,2,0
1005,543.155,297.233,2,0
1006,321.825,259.869,2,0
1007,133.794,250.876,2,0
1008,368.171,156.505,2,0
1009,161.656,12.7282,2,0
1010,251.445,91.3285,2,0
1011,264.538,100.109,2,0
1012,143.703,123.186,2,0
1013,217.559,294.497,2,0
1014,418.474,176.196,2,0
1015,210.512,193.896,2,0
1016,325.775,283.886,2,0
1017,479.752,240.507,2,0
1018,482.852,103.57,2,0
1019,66.2765,91.6726,2,0
1020,296.001,251.821,2,0
1021,409.567,158.624,2,0
1022,285.728,232.705,2,0
1023,279.768,154.742,2,0
1024,530.09,198.242,2,0
1025,497.659,105.214,2,0
1026,159.418,216.251,2,0
1027,508.766,166.273,2,0
1028,553.314,228.333,2,0
1029,274.801,134.869,2,0
1030,66.1149,9.40535,2,0
1031,3.24919,134.158,2,0
1032,238.761,240.131,2,0
1033,382.58,168.099,2,0
1034,296.274,255.814,2,0
1035,117.94,120.378,2,0
1036,573.586,53.0266,2,0
1037,219.498,241.531,2,0
1038,203.355,177.518,2,0
1039,308.676,190.903,2,0
1040,480.3,119.01,2,0
1041,272.092,102.305,2,0
1042,88.725,170.025,2,0
1043,490.969,160.902,2,0
1044,527.608,274.263,2,0
1045,191.604,181.27,2,0
1046,66.4135,259.176,2,0
1047,206.754,248.5,2,0
1048,588.145,134.205,2,0
1049,332.323,147.118,2,0
1050,416.615,250.077,2,0
1051,457.769,82.9707,2,0
1052,247.173,24.4387,2,0
1053,74.5572,9.42339,2,0
1054,531.875,286.691,2,0
1055,526.023,86.969,2,0
1056,28.5264,176.805,2,0
1057,420.683,73.8788,2,0
1058,238.756,285.954,2,0
1059,479.888,175.282,2,0
1060,464.165,285.398,2,0
1061,149.142,252.898,2,0
1062,195.942,149.882,2,0
1063,460.679,80.1409,2,0
1064,25.1554,149.334,2,0
1065,518.641,201.622,2,0
1066,272.028,185.592,2,0
1067,489.173,64.8089,2,0
1068,239.788,120.082,2,0
1069,97.3968,142.975,2,0
1070,536.456,84.3642,2,0
1071,137.704,256.671,2,0
1072,9.84418,253.187,2,0
1073,335.28,69.9631,2,0
1074,7.84218,281.352,2,0
1075,434.14,165.421,2,0
1076,332.842,93.9184,2,0
1077,446.767,181.241,2,0
1078,447.456,118.532,2,0
1079,16.7924,290.848,2,0
1080,126.926,72.5527,2,0
1081,243.048,142.863,2,0
1082,509.484,20.6448,2,0
1083,96.9485,147.066,2,0
1084,125.388,27.2143,2,0
1085,170.071,65.9755,2,0
1086,336.696,238.277,2,0
1087,41.7943,189.869,2,0
1088,386.371,61.9819,2,0
1089,66.8549,248.335,2,0
1090,532.071,201.93,2,0
1091,370.722,116.093,2,0
1092,485.03,246.182,2,0
1093,233.332,147.703,2,0
1094,232.523,82.6859,2,0
1095,134.077,254.823,2,0
1096,325.454,233.726,2,0
1097,413.008,13.1487,2,0
1098,142.219,172.722,2,0
1099,444.283,23.3039,2,0
1100,68.8699,262.373,2,0
1101,86.4039,126.357,2,0
1102,397.376,16.5961,2,0
1103,271.156,258.746,2,0
1104,337.556,219.936,2,0
1105,301.433,150.709,2,0
1106,213.357,200.668,2,0
1107,108.706,169.124,2,0
1108,289.696,222.823,2,0
1109,244.977,205.494,2,0
1110,350.746,268.589,2,0
1111,272.719,150.698,2,0
1112,227.617,153.759,2,0
1113,508.114,199.168,2,0
1114,176.912,149.689,2,0
1115,564.623,160.946,2,0
1116,576.573,253.636,2,0
1117,527.118,154.883,2,0
1118,246.607,179.584,2,0
1119,578.869,154.067,2,0
1120,239.414,255.25,2,0
1121,162.907,64.104,2,0
1122,251.446,159.528,2,0
1123,78.8662,96.585,2,0
1124,587.639,175.568,2,0
1125,268.682,191.699,2,0
1126,589.612,230.651,2,0
1127,473.323,61.0821,2,0
1128,221.48,144.927,2,0
1129,196.467,282.009,2,0
1130,283.215,131.564,2,0
1131,484.646,86.062,2,0
1132,517.853,101.078,2,0
1133,551.423,255.362,2,0
1134,550.045,259.206,2,0
1135,261.987,140.358,2,0
1136,522.041,250.064,2,0
1137,152.873,173.985,2,0
1138,580.909,161.994,2,0
1139,29.9152,8.15948,2,0
1140,267.722,241.858,2,0
1141,286.999,9.56163,2,0
1142,439.479,282.022,2,0
1143,217.427,143.928,2,0
1144,162.818,45.1518,2,0
1145,217.796,194.91,2,0
1146,297.746,203.351,2,0
1147,240.578,93.1615,2,0
1148,23.1928,192.471,2,0
1149,450.919,53.5849,2,0
1150,243.835,245.114,2,0
1151,529.546,205.69,2,0
1152,516.205,157.848,2,0
1153,547.161,286.144,2,0
1154,80.738,5.92682,2,0
1155,358.613,145.276,2,0
1156,45.8784,103.799,2,0
1157,463.965,59.4529,2,0
1158,455.973,42.7725,2,0
1159,553.49,270.737,2,0
1160,386.192,144.467,2,0
1161,547.278,236.503,2,0
1162,173.307,130.514,2,0
1163,176.275,212.363,2,0
1164,513.398,286.9,2,0
1165,485.53,226.055,2,0
1166,0.978008,237.528,2,0
1167,124.136,42.9246,2,0
1168,468.831,252.532,2,0
1169,150.863,93.9089,2,0
1170,569.733,57.8046,2,0
1171,572.457,60.9072,2,0
1172,534.283,150.782,2,0
1173,299.218,118.631,2,0
1174,52.0126,15.1225,2,0
1175,133.63,189.948,2,0
1176,165.071,265.891,2,0
1177,10.1186,236.626,2,0
1178,162.597,223.669,2,0
1179,448.17,258.2,2,0
1180,199.156,118.283,2,0
1181,23.2416,88.2713,2,0
1182,270.449,46.876,2,0
1183,72.0397,105.674,2,0
1184,178.694,226.72,2,0
1185,267.615,78.6261,2,0
1186,138.822,99.7072,2,0
1187,90.122,211.247,2,0
1188,16.4941,257.549,2,0
1189,45.1032,47.561,2,0
1190,180.53,49.1357,2,0
1191,582.016,261.046,2,0
1192,397.659,93.2303,2,0
1193,554.697,58.2304,2,0
1194,151.536,288.265,2,0
1195,321.482,290.946,2,0
1196,59.2422,238.676,2,0
1197,59.9816,154.124,2,0
1198,453.95,49.5263,2,0
1199,133.275,27.2744,2,0
1200,84.7241,271.429,2,0
1201,339.666,153.306,2,0
1202,108.462,149.658,2,0
1203,552.077,101.541,2,0
1204,115.248,133.393,2,0
1205,370.765,267.778,2,0
1206,520.501,132.988,2,0
1207,438.551,38.4461,2,0
1208,381.931,286.606,2,0
1209,124.169,111.219,2,0
1210,514.231,13.5878,2,0
1211,599.566,6.10291,2,0
1212,70.7013,180.102,2,0
1213,255.521,278.325,2,0
1214,20.197,65.7308,2,0
1215,491.36,254.251,2,0
1216,37.6845,221.69,2,0
1217,582.405,169.998,2,0
1218,344.33,184.884,2,0
1219,453.297,198.5,2,0
1220,283.256,206.061,2,0
1221,253.129,290.883,2,0
1222,47.5193,5.25705,2,0
1223,117.405,287.002,2,0
1224,159.445,256.592,2,0
1225,103.475,254.505,2,0
1226,286.777,191.732,2,0
1227,192.003,9.08053,2,0
1228,27.4754,79.0326,2,0
1229,214.802,221.751,2,0
1230,21.3468,202.863,2,0
1231,519.08,26.0384,2,0
1232,36.4696,101.289,2,0
1233,197.172,114.753,2,0
1234,363.68,275.448,2,0
1235,441.081,257.739,2,0
1236,169.562,209.931,2,0
1237,31.1849,294.379,2,0
1238,283.129,164.87,2,0
1239,568.561,62.2691,2,0
1240,588.47,90.6381,2,0
1241,204.049,138.138,2,0
1242,214.601,266.518,2,0
1243,535.89,9.60729,2,0
1244,526.131,168.427,2,0
1245,3.82953,141.854,2,0
1246,5.38999,222.107,2,0
1247,288.97,68.1878,2,0
1248,60.7275,97.3985,2,0
1249,451.156,264.533,2,0
1250,352.706,36.9875,2,0
1251,586.265,126.573,2,0
1252,430.423,258.985,2,0
1253,382.819,26.5836,2,0
1254,324.053,158.948,2,0
1255,533.64,49.428,2,0
1256,521.966,227.196,2,0
1257,410.581,69.1972,2,0
1258,240.302,223.464,2,0
1259,581.841,165.991,2,0
1260,483.015,298,2,0
1261,569.106,35.5051,2,0
1262,57.2074,66.806,2,0
1263,315.305,40.039,2,0
1264,400.818,110.953,2,0
1265,44.5778,107.706,2,0
1266,329.66,105.359,2,0
1267,104.075,33.7799,2,0
1268,181.421,126.526,2,0
1269,547.61,28.8475,2,0
1270,188.31,210.083,2,0
1271,591.028,193.868,2,0
1272,113.733,81.4923,2,0
1273,237.154,83.7035,2,0
1274,557.986,140.442,2,0
1275,166.223,284.815,2,0
1276,135.25,278.554,2,0
1277,469.035,175.212,2,0
1278,565.438,252.271,2,0
1279,19.2901,118.515,2,0
1280,517.761,269.168,2,0
1281,317.838,281.97,2,0
1282,300.748,179.093,2,0
1283,158.46,193.848,2,0
1284,362.957,124.775,2,0
1285,479.772,266.989,2,0
1286,479.803,33.3425,2,0
1287,258.015,218.855,2,0
1288,426.246,106.197,2,0
1289,92.3501,29.2605,2,0
1290,590.289,2,2,0
1291,535.539,256.298,2,0
1292,366.957,124.212,2,0
1293,545.652,183.931,2,0
1294,570.969,210.573,2,0
1295,424.465,56.5567,2,0
1296,562.355,39.8292,2,0
1297,250.302,99.3134,2,0
1298,56.247,246.307,2,0
1299,375.915,291.532,2,0
1300,198.009,171.486,2,0
1301,338.381,50.5998,2,0
1302,194.011,54.5406,2,0
1303,30.4795,139.787,2,0
1304,128.874,120.086,2,0
1305,450.335,42.5119,2,0
1306,435.995,220.401,2,0
1307,139.377,169.642,2,0
1308,214.403,192.627,2,0
1309,2.98377,233.924,2,0
1310,10.9327,170.382,2,0
1311,119.042,239.302,2,0
1312,551.317,85.1457,2,0
1313,325.643,90.6249,2,0
1314,113.298,294.035,2,0
1315,503.674,88.4149,2,0
1316,406.546,84.8847,2,0
1317,259.44,11.1871,2,0
1318,323.788,18.06,2,0
1319,575.126,125.771,2,0
1320,286.594,170.853,2,0
1321,126.047,238.91,2,0
1322,273.106,74.7502,2,0
1323,397.578,60.4314,2,0
1324,55.816,191.798,2,0
1325,244.467,264.753,2,0
1326,419.478,129.118,2,0
1327,195.076,224.237,2,0
1328,35.1398,185.315,2,0
1329,547.811,49.3191,2,0
1330,555.521,45.2928,2,0
1331,512.518,180.325,2,0
1332,433.084,153.864,2,0
1333,407.331,93.4783,2,0
1334,589.773,280.846,2,0
1335,23.6646,188.34,2,0
1336,498.475,173.072,2,0
1337,166.948,217.702,2,0
1338,450.211,159.966,2,0
1339,558.086,123.827,2,0
1340,301.554,146.673,2,0
1341,147.417,218.932,2,0
1342,469.187,282.694,2,0
1343,100.696,95.0208,2,0
1344,396.901,56.3008,2,0
1345,338.065,117.806,2,0
1346,111.38,64.9028,2,0
1347,237.162,53.2611,2,0
1348,441.814,133.976,2,0
1349,238.74,167.331,2,0
1350,543.972,92.0315,2,0
1351,89.8406,13.5446,2,0
1352,529.057,66.9257,2,0
1353,240.876,55.058,2,0
1354,536.816,92.6062,2,0
1355,464.256,196.385,2,0
1356,303.22,207.862,2,0
1357,427.254,63.9057,2,0
1358,53.0778,36.704,2,0
1359,13.8289,93.9792,2,0
1360,565.315,30.1929,2,0
1361,82.7007,9.42489,2,0
1362,292.682,29.391,2,0
1363,426.577,197.447,2,0
1364,125.665,191.099,2,0
1365,199.263,223.993,2,0
1366,250.111,198.493,2,0
1367,573.129,106.812,2,0
1368,179.157,108.693,2,0
1369,327.637,294.434,2,0
1370,305.855,94.1385,2,0
1371,514.131,275.302,2,0
1372,41.4587,243.413,2,0
1373,223.595,152.839,2,0
1374,450.157,38.4813,2,0
1375,183.573,290.866,2,0
1376,210.063,226.944,2,0
1377,589.192,101.832,2,0
1378,332.188,256.322,2,0
1379,185.696,260.875,2,0
1380,425.404,12.8095,2,0
1381,236.119,181.189,2,0
1382,237.547,208.997,2,0
1383,362.083,44.0256,2,0
1384,133.391,242.558,2,0
1385,315.227,82.9348,2,0
1386,589.364,201.947,2,0
1387,200.467,208.469,2,0
1388,400.375,234.423,2,0
1389,220.281,255.718,2,0
1390,71.6225,128.055,2,0
1391,188.2,221.425,2,0
1392,160.63,212.363,2,0
1393,559.643,18.4411,2,0
1394,173.5,68.6805,2,0
1395,450.728,220.23,2,0
1396,517.798,245.502,2,0
1397,338.646,142.531,2,0
1398,279.916,150.714,2,0
1399,141.443,28.1641,2,0
1400,119.735,164.357,2,0
1401,89.2161,112.995,2,0
1402,4.55395,12.5727,2,0
1403,317.739,73.0511,2,0
1404,228.802,112.521,2,0
1405,137.205,135.708,2,0
1406,82.2266,86.4516,2,0
1407,130.683,286.004,2,0
1408,532.274,20.5545,2,0
1409,402.031,83.8511,2,0
1410,25.8333,260.183,2,0
1411,330.353,51.3073,2,0
1412,400.8,230.364,2,0
1413,524.716,179.664,2,0
1414,364.257,112.514,2,0
1415,229.528,124.207,2,0
1416,212.329,53.3323,2,0
1417,2.45237,255.611,2,0
1418,499.799,36.8142,2,0
1419,539.851,16.5933,2,0
1420,312.421,155.405,2,0
1421,199.961,167.67,2,0
1422,568.811,120.565,2,0
1423,38.6267,76.4767,2,0
1424,503.7,50.3503,2,0
1425,596.274,103.864,2,0
1426,425.936,159.089,2,0
1427,68.1369,293.388,2,0
1428,213.163,181.972,2,0
1429,58.2356,58.5531,2,0
1430,512.944,212.081,2,0
1431,154.725,64.4838,2,0
1432,539.636,245.302,2,0
1433,45.9068,268.046,2,0
1434,97.8914,13.4752,2,0
1435,400.205,189.698,2,0
1436,186.877,74.5732,2,0
1437,30.0285,119.966,2,0
1438,55.1717,238.794,2,0
1439,589.697,167.825,2,0
1440,451.011,268.485,2,0
1441,565.54,156.901,2,0
1442,265.535,146.756,2,0
1443,189.451,162.812,2,0
1444,155.237,33.2203,2,0
1445,575.386,27.2597,2,0
1446,481.916,137.913,2,0
1447,285.95,228.813,2,0
1448,551.407,43.1779,2,0
1449,399.399,115.147,2,0
1450,96.578,52.6145,2,0
1451,259.164,120.33,2,0
1452,67.4826,142.712,2,0
1453,21.7727,246.982,2,0
1454,438.166,64.2561,2,0
1455,234.603,202.656,2,0
1456,261.351,29.2057,2,0
1457,569.921,236.578,2,0
1458,448.747,213.491,2,0
1459,209.219,84.6117,2,0
1460,381.526,175.598,2,0
1461,270.636,29.6969,2,0
1462,20.2999,135.679,2,0
1463,230.992,128.449,2,0
1464,61.3037,252.661,2,0
1465,347.783,123.833,2,0
1466,582.861,123.235,2,0
1467,134.904,49.0725,2,0
1468,466.958,16.7324,2,0
1469,543.26,63.6501,2,0
1470,172.289,2,2,0
1471,467.001,125.195,2,0
1472,353.315,195.73,2,0
1473,129.352,26.4015,2,0
1474,478.795,221.216,2,0
1475,100.159,149.519,2,0
1476,349.777,103.227,2,0
1477,528.755,252.737,2,0
1478,135.403,196.838,2,0
1479,7.92962,193.899,2,0
1480,145.943,294.007,2,0
1481,290.148,210.329,2,0
1482,123.297,129.522,2,0
1483,551.697,218.927,2,0
1484,107.771,199.595,2,0
1485,378.32,62.7948,2,0
1486,521.085,122.03,2,0
1487,598.433,254.749,2,0
1488,400.143,65.5139,2,0
1489,254.884,233.091,2,0
1490,462.031,156.676,2,0
1491,12.1858,90.2307,2,0
1492,363.245,146.056,2,0
1493,581.337,77.788,2,0
1494,517.677,38.0822,2,0
1495,101.16,75.0833,2,0
1496,139.9,145.936,2,0
1497,453.232,287.014,2,0
1498,304.125,110.262,2,0
1499,205.901,31.3333,2,0
1500,205.816,229.825,2,0
1501,490.82,69.2358,2,0
1502,451.371,5.91785,2,0
1503,551.276,30.8444,2,0
1504,577.335,228.754,2,0
1505,35.9276,169.058,2,0
1506,260.918,98.1665,2,0
1507,352.45,256.594,2,0
1508,555.176,91.1809,2,0
1509,14.1304,21.5555,2,0
1510,46.0473,262.14,2,0
1511,171.374,17.1693,2,0
1512,220.409,64.8298,2,0
1513,319.626,195.442,2,0
1514,132.75,234.351,2,0
1515,441.239,103.101,2,0
1516,146.498,182.79,2,0
1517,546.08,6.0149,2,0
1518,371.285,12.389,2,0
1519,364.774,254.608,2,0
1520,316.447,278.247,2,0
1521,424.522,75.2673,2,0
1522,20.9387,290.798,2,0
1523,519.963,118.066,2,0
1524,259.367,262.783,2,0
1525,49.6421,93.6045,2,0
1526,78.9011,246.761,2,0
1527,191.064,25.1612,2,0
1528,426.303,120.802,2,0
1529,582.091,85.5887,2,0
1530,233.212,223.122,2,0
1531,180.831,180.577,2,0
1532,428.395,57.6583,2,0
1533,505.971,111.991,2,0
1534,533.724,13.0752,2,0
1535,11.2503,119.226,2,0
1536,392.523,238.129,2,0
1537,524.778,285.576,2,0
1538,61.7974,44.205,2,0
1539,422.967,52.7849,2,0
1540,110.043,83.2583,2,0
1541,69.0364,120.418,2,0
1542,59.734,13.0843,2,0
1543,241.725,283.255,2,0
1544,163.599,287.921,2,0
1545,511.272,51.8848,2,0
1546,315.493,162.836,2,0
1547,356.855,68.4209,2,0
1548,147.698,178.795,2,0
1549,551.732,205.545,2,0
1550,265.052,128.087,2,0
1551,175.329,42.5335,2,0
1552,16.1483,271.784,2,0
1553,108.789,72.6185,2,0
1554,292.247,38.1362,2,0
1555,525.983,100.5,2,0
1556,32.3443,158.622,2,0
1557,463.262,138.416,2,0
1558,551.334,240.694,2,0
1559,418.351,20.4039,2,0
1560,274.144,123.964,2,0
1561,267.571,40.3451,2,0
1562,132.579,104.43,2,0
1563,353.398,175.336,2,0
1564,289.53,44.7574,2,0
1565,482.68,8.6057,2,0
1566,171.041,43.0432,2,0
1567,373.821,243.473,2,0
1568,546.119,228.485,2,0
1569,62.3485,101.082,2,0
1570,140.529,161.269,2,0
1571,89.5832,206.542,2,0
1572,292.725,33.4208,2,0
1573,101.024,208.089,2,0
1574,196.402,209.265,2,0
1575,228.906,37.438,2,0
1576,464.491,181.981,2,0
1577,537.206,47.4418,2,0
1578,456.538,238.815,2,0
1579,588.386,206.324,2,0
1580,439.291,185.349,2,0
1581,272.149,197.852,2,0
1582,261.128,298,2,0
1583,298.062,144.579,2,0
1584,221.81,37.8762,2,0
1585,514.397,34.6504,2,0
1586,390.572,220.435,2,0
1587,449.738,174.659,2,0
1588,396.499,52.3202,2,0
1589,186.408,275.97,2,0
1590,173.119,20.7688,2,0
1591,567.985,240.167,2,0
1592,423.962,141.821,2,0
1593,400.227,261.649,2,0
1594,546.078,13.0348,2,0
1595,274.374,18.8489,2,0
1596,407.603,212.016,2,0
1597,74.5473,82.6441,2,0
1598,97.7881,298,2,0
1599,372.736,89.1865,2,0
1600,531.743,61.6909,2,0
1601,61.3715,36.8356,2,0
1602,31.8331,258.371,2,0
1603,217.941,27.3632,2,0
1604,63.5507,84.0106,2,0
1605,252.582,49.998,2,0
1606,151.136,32.7381,2,0
1607,479.002,66.0928,2,0
1608,90.9603,274.122,2,0
1609,167.571,142.795,2,0
1610,304.915,21.1302,2,0
1611,247.04,143.833,2,0
1612,198.711,201.484,2,0
1613,549.531,117.248,2,0
1614,539.272,294.138,2,0
1615,552.873,145.965,2,0
1616,532.841,65.6252,2,0
1617,48.9751,290.174,2,0
1618,219.697,151.725,2,0
1619,95.626,161.127,2,0
1620,153.158,51.2036,2,0
1621,94.4921,243.954,2,0
1622,176.78,86.161,2,0
1623,429.639,156.11,2,0
1624,193.365,137.641,2,0
1625,536.763,252.423,2,0
1626,517.82,220.955,2,0
1627,257.034,298,2,0
1628,126.356,140.208,2,0
1629,241.973,198.907,2,0
1630,583.438,68.2178,2,0
1631,218.998,286.6,2,0
1632,511.181,208.057,2,0
1633,325.701,224.571,2,0
1634,76.2568,189.434,2,0
1635,494.445,102.806,2,0
1636,268.262,166.62,2,0
1637,194.305,267.114,2,0
1638,586.718,258.775,2,0
1639,247.287,275.085,2,0
1640,383.171,37.9977,2,0
1641,177.395,67.4732,2,0
1642,470.747,144.955,2,0
1643,339.288,54.6008,2,0
1644,210.583,80.7542,2,0
1645,433.595,176.66,2,0
1646,46.3378,153.257,2,0
1647,499.151,91.5666,2,0
1648,13.3776,229.258,2,0
1649,438.474,12.4853,2,0
1650,479.269,217.145,2,0
1651,514.183,258.864,2,0
1652,437.515,224.424,2,0
1653,217.239,237.896,2,0
1654,549.757,230.259,2,0
1655,504.596,223.871,2,0
1656,531.299,135.367,2,0
1657,575.944,151.257,2,0
1658,429.809,160.164,2,0
1659,14.3715,198.794,2,0
1660,270.51,25.6333,2,0
1661,324.498,113.769,2,0
1662,580.075,135.524,2,0
1663,577.52,260.811,2,0
1664,127.995,177.418,2,0
1665,53.8401,167.894,2,0
1666,517.991,15.2685,2,0
1667,532.583,131.383,2,0
1668,464.411,298,2,0
1669,530.063,128.237,2,0
1670,438.618,68.7953,2,0
1671,248.46,2,2,0
1672,354.589,269.765,2,0
1673,489.206,227.817,2,0
1674,485.05,27.0323,2,0
1675,425.416,174.049,2,0
1676,39.9913,128.011,2,0
1677,387.343,218.081,2,0
1678,266.941,19.5488,2,0
1679,399.608,12.1719,2,0
1680,14.5084,202.851,2,0
1681,159.177,100.887,2,0
1682,256.942,123.773,2,0
1683,198.403,136.672,2,0
1684,54.1703,2,2,0
1685,575.164,140.564,2,0
1686,490.43,20.7531,2,0
1687,467.77,248.537,2,0
1688,430.301,19.4908,2,0
1689,393.955,226.125,2,0
1690,8.01067,266.596,2,0
1691,321.028,251.661,2,0
1692,565.078,200.489,2,0
1693,376.119,298,2,0
1694,293.942,128.826,2,0
1695,143.904,42.6187,2,0
1696,223.377,58.3649,2,0
1697,153.275,184.672,2,0
1698,385.381,165.195,2,0
1699,544.596,108.256,2,0
1700,106.78,268.634,2,0
1701,443.697,125.832,2,0
1702,482.016,99.5935,2,0
1703,235.329,75.8019,2,0
1704,593.239,223.001,2,0
1705,575.341,264.735,2,0
1706,419.654,145.357,2,0
1707,125.261,174.338,2,0
1708,423.769,71.2405,2,0
1709,64.8455,262.964,2,0
1710,75.4076,236.427,2,0
1711,342.486,135.43,2,0
1712,21.577,42.8332,2,0
1713,111.217,101.534,2,0
1714,266.775,96.637,2,0
1715,461.649,9.56227,2,0
1716,426.411,177.967,2,0
1717,264.566,150.66,2,0
1718,90.4536,192.681,2,0
1719,393.201,70.7872,2,0
1720,513.81,221.082,2,0
1721,89.2943,198.362,2,0
1722,336.196,145.936,2,0
1723,467.395,274.632,2,0
1724,552.137,9.50643,2,0
1725,43.1012,239.756,2,0
1726,569.207,31.3666,2,0
1727,399.93,140.158,2,0
1728,510.218,13.4287,2,0
1729,152.673,60.9519,2,0
1730,219.411,167.837,2,0
1731,511.85,255.068,2,0
1732,226.429,28.5543,2,0
1733,538.341,226.607,2,0
1734,429.97,140.602,2,0
1735,479.749,213.126,2,0
1736,354.981,40.3058,2,0
1737,63.7353,178.946,2,0
1738,346.921,227.702,2,0
1739,519.122,184.168,2,0
1740,521.155,242.967,2,0
1741,98.9885,9.56329,2,0
1742,350.488,89.0181,2,0
1743,463.665,151.445,2,0
1744,539.828,209.118,2,0
1745,334.082,79.6088,2,0
1746,420.428,248.404,2,0
1747,179.78,270.372,2,0
1748,78.8081,124.044,2,0
1749,529.92,219.944,2,0
1750,132.531,217.943,2,0
1751,135.789,223.821,2,0
1752,452.8,35.3302,2,0
1753,456.443,127.925,2,0
1754,277.416,88.1821,2,0
1755,318.128,185.523,2,0
1756,322.198,42.2916,2,0
1757,498.408,71.1037,2,0
1758,343.382,21.2583,2,0
1759,159.821,9.07226,2,0
1760,308.536,138.508,2,0
1761,254.671,5.50998,2,0
1762,259.448,25.5742,2,0
1763,248.624,84.3571,2,0
1764,437.367,259.407,2,0
1765,373.725,186.746,2,0
1766,61.2346,298,2,0
1767,535.383,135.34,2,0
1768,526.791,48.524,2,0
1769,103.075,9.40841,2,0
1770,115.258,95.7604,2,0
1771,13.8974,277.937,2,0
1772,2.6256,294.514,2,0
1773,60.5391,176.437,2,0
1774,168.805,172.032,2,0
1775,511.716,224.547,2,0
1776,225.959,226.849,2,0
1777,544.013,162.103,2,0
1778,465.854,200.101,2,0
1779,218.92,44.4866,2,0
1780,214.342,34.6918,2,0
1781,85.4481,59.8284,2,0
1782,225.563,39.7282,2,0
1783,266.198,44.1257,2,0
1784,48.7343,195.756,2,0
1785,111.464,205.666,2,0
1786,23.7935,283.345,2,0
1787,523.191,136.03,2,0
1788,422.296,262.768,2,0
1789,182.65,122.515,2,0
1790,595.426,21.9797,2,0
1791,430.354,107.559,2,0
1792,590.07,155.857,2,0
1793,70.883,247.872,2,0
1794,281.945,105.408,2,0
1795,125.139,180.233,2,0
1796,486.21,218.015,2,0
1797,230.188,212.7,2,0
1798,303.637,37.7957,2,0
1799,388.369,298,2,0
1800,595.576,160.996,2,0
1801,470.585,294.435,2,0
1802,434.319,253.105,2,0
1803,354.294,76.4203,2,0
1804,448.086,232.117,2,0
1805,287.318,80.5562,2,0
1806,39.2345,132.071,2,0
1807,208.098,128.49,2,0
1808,475.873,10.7081,2,0
1809,160.481,83.0908,2,0
1810,306.25,245.021,2,0
1811,169.844,139.339,2,0
1812,551.909,162.541,2,0
1813,250.802,32.0744,2,0
1814,121.493,28.2477,2,0
1815,544.941,158.058,2,0
1816,477.69,134.286,2,0
1817,30.3238,26.8857,2,0
1818,518.105,114.386,2,0
1819,375.795,129.796,2,0
1820,308.051,163.296,2,0
1821,199.452,60.7214,2,0
1822,275.904,181.193,2,0
1823,381.684,125.763,2,0
1824,580.21,193.671,2,0
1825,414.561,97.2015,2,0
1826,592.585,175.491,2,0
1827,550.083,13.1166,2,0
1828,134.165,156.672,2,0
1829,599.015,273.507,2,0
1830,107.628,225.859,2,0
1831,365.325,41.3591,2,0
1832,480.053,58.6584,2,0
1833,394.561,287.497,2,0
1834,503.296,38.9865,2,0
1835,537.454,109.056,2,0
1836,491.938,142.364,2,0
1837,70.493,9.51569,2,0
1838,11.8799,79.3397,2,0
1839,465.155,108.147,2,0
1840,320.654,46.1513,2,0
1841,250.324,254.262,2,0
1842,591.337,5.93354,2,0
1843,344.593,221.1,2,0
1844,540.748,49.3813,2,0
1845,431.833,208.029,2,0
1846,18.3732,46.1841,2,0
1847,522.102,168.967,2,0
1848,241.021,82.4507,2,0
1849,99.6452,128.207,2,0
1850,100.664,191.598,2,0
1851,353.89,91.7316,2,0
1852,116.647,6.01788,2,0
1853,492.314,94.2441,2,0
1854,224.802,78.6792,2,0
1855,167.366,16.6564,2,0
1856,275.976,168.958,2,0
1857,1.3157,222.366,2,0
1858,342.215,165.227,2,0
1859,82.2424,235.744,2,0
1860,14.4942,144.833,2,0
1861,60.8174,263.455,2,0
1862,184.504,168.164,2,0
1863,389.88,75.4135,2,0
1864,203.991,2,2,0
1865,134.252,129.176,2,0
1866,383.307,104.115,2,0
1867,213.651,73.1037,2,0
1868,186.533,191.867,2,0
1869,115.7,129.366,2,0
1870,373.232,182.721,2,0
1871,336.003,228.112,2,0
1872,491.044,110.075,2,0
1873,90.4245,57.1718,2,0
1874,283.037,168.933,2,0
1875,246.847,268.074,2,0
1876,277.316,6.74713,2,0
1877,585.175,27.5653,2,0
1878,469.919,53.8656,2,0
1879,302.859,197.109,2,0
1880,141.659,46.039,2,0
1881,146.766,93.9951,2,0
1882,505.308,194.888,2,0
1883,406.083,97.317,2,0
1884,431.497,34.6149,2,0
1885,199.596,193.638,2,0
1886,342.024,91.1804,2,0
1887,536.833,55.5678,2,0
1888,99.2544,19.42,2,0
1889,176.735,170.334,2,0
1890,296.305,121.457,2,0
1891,414.187,115.532,2,0
1892,6.73252,255.813,2,0
1893,339.071,192.44,2,0
1894,146.94,131.109,2,0
1895,321.059,156.246,2,0
1896,36.0002,156.799,2,0
1897,152.921,284.438,2,0
1898,118.508,98.1298,2,0
1899,216.465,262.905,2,0
1900,36.3939,90.0979,2,0
1901,385.893,57.9991,2,0
1902,47.6765,225.824,2,0
1903,129.469,13.3158,2,0
1904,307.57,59.234,2,0
1905,71.3182,176.096,2,0
1906,90.4723,215.761,2,0
1907,574.291,129.877,2,0
1908,211.923,76.8753,2,0
1909,163.536,101.115,2,0
1910,252.981,28.7104,2,0
1911,347.182,261.357,2,0
1912,66.7364,163.074,2,0
1913,348.365,107.059,2,0
1914,361.826,262.069,2,0
1915,43.7673,258.8,2,0
1916,401.423,61.6933,2,0
1917,111.756,235.705,2,0
1918,484.849,272.04,2,0
1919,242.719,268.421,2,0
1920,355.464,183.248,2,0
1921,107.833,99.2051,2,0
1922,146.166,171.89,2,0
1923,238.267,100.972,2,0
1924,41.5716,49.489,2,0
1925,67.3295,237.531,2,0
1926,463.971,188.812,2,0
1927,357.249,20.6631,2,0
1928,221.423,123.008,2,0
1929,301.373,275.259,2,0
1930,326.915,166.681,2,0
1931,9.26844,259.008,2,0
1932,75.6475,151.636,2,0
1933,540.717,41.2215,2,0
1934,198.315,267.134,2,0
1935,568.235,116.587,2,0
1936,92.8588,179.757,2,0
1937,360.789,10.2628,2,0
1938,321.263,210.899,2,0
1939,399.153,173.243,2,0
1940,585.228,103.037,2,0
1941,122.165,155.496,2,0
1942,126.146,275.217,2,0
1943,4.71334,283.9,2,0
1944,423.365,16.463,2,0
1945,30.5858,129.996,2,0
1946,544.604,282.521,2,0
1947,473.699,291.878,2,0
1948,40.8038,79.8337,2,0
1949,33.2951,136.938,2,0
1950,173.526,252.333,2,0
1951,540.337,90.3366,2,0
1952,285.222,34.2721,2,0
1953,533.459,186.65,2,0
1954,199.654,89.9933,2,0
1955,41.6817,199.407,2,0
1956,414.785,287.245,2,0
1957,589.183,27.7196,2,0
1958,343.795,259.188,2,0
1959,461.017,144.837,2,0
1960,222.722,266.155,2,0
1961,558.137,51.7935,2,0
1962,31.8382,70.8659,2,0
1963,498.432,32.9283,2,0
1964,183.71,94.6785,2,0
1965,28.9088,147.809,2,0
1966,255.107,120.065,2,0
1967,124.022,84.0559,2,0
1968,246.725,6.57407,2,0
1969,80.3985,127.749,2,0
1970,329.455,101.278,2,0
1971,431.708,26.5649,2,0
1972,292.971,295.695,2,0
1973,433.757,194.763,2,0
1974,534.695,115.541,2,0
1975,207,221.696,2,0
1976,87.6962,105.882,2,0
1977,574.139,49.0206,2,0
1978,85.3336,140.141,2,0
1979,89.6607,298,2,0
1980,19.7731,269.009,2,0
1981,542.663,234.591,2,0
1982,450.463,115.152,2,0
1983,555.334,247.847,2,0
1984,52.5012,50.3011,2,0
1985,332.366,62.4606,2,0
1986,415.154,231.478,2,0
1987,331.882,9.88208,2,0
1988,130.623,96.5333,2,0
1989,349.799,30.1966,2,0
1990,168.429,39.9255,2,0
1991,357.77,33.175,2,0
1992,117.267,79.5011,2,0
1993,218.982,96.9306,2,0
1994,384.299,246.393,2,0
1995,50.2778,261.467,2,0
1996,178.911,25.0549,2,0
1997,391.9,10.3075,2,0
1998,565.119,42.7925,2,0
1999,393.08,167.647,2,0
2000,511.861,127.69,2,0
2001,517.654,211.808,2,0
2002,0.183786,143.742,2,0
2003,297.63,93.7287,2,0
2004,165.499,139.353,2,0
2005,225.708,230.983,2,0
2006,164.13,146.858,2,0
2007,224.321,9.05627,2,0
2008,57.9861,223.138,2,0
2009,505.058,151.656,2,0
2010,118.57,196.883,2,0
2011,260.331,57.5192,2,0
2012,567.271,263.627,2,0
2013,421.522,286.957,2,0
2014,492.972,196.83,2,0
2015,303.714,231.392,2,0
2016,475.229,126.533,2,0
2017,278.902,228.414,2,0
2018,492.983,286.953,2,0
2019,297.477,5.80213,2,0
2020,136.258,211.69,2,0
2021,530.858,276.669,2,0
2022,352.229,171.496,2,0
2023,105.627,29.9492,2,0
2024,226.784,164.682,2,0
2025,223.631,204.273,2,0
2026,59.3563,267.392,2,0
2027,375.142,104.691,2,0
2028,147.764,25.3231,2,0
2029,333.656,2,2,0
2030,346.52,135.397,2,0
2031,125.836,234.734,2,0
2032,596.088,47.1153,2,0
2033,199.177,42.1774,2,0
2034,67.8134,150.586,2,0
2035,496.931,214.455,2,0
2036,568.318,9.59482,2,0
2037,73.8183,164.152,2,0
2038,418.534,200.309,2,0
2039,520.368,5.98987,2,0
2040,174.19,241.27,2,0
2041,372.388,142.009,2,0
2042,149.549,9.62143,2,0
2043,512.953,62.5847,2,0
2044,566.852,128.623,2,0
2045,578.924,256.958,2,0
2046,426.707,260.763,2,0
2047,152.462,255.461,2,0
2048,509.87,59.9071,2,0
2049,297.282,168.875,2,0
2050,353.959,10.111,2,0
2051,253.544,78.0545,2,0
2052,259.001,294.51,2,0
2053,83.582,41.4477,2,0
2054,585.478,203.316,2,0
2055,517.477,57.2234,2,0
2056,234.736,188.747,2,0
2057,281.072,248.062,2,0
2058,363.722,137.707,2,0
2059,200.322,174.87,2,0
2060,119.168,275.64,2,0
2061,434.984,66.786,2,0
2062,307.626,241.224,2,0
2063,378.236,83.1627,2,0
2064,498.357,204.894,2,0
2065,201.442,114.874,2,0
2066,173.544,220.084,2,0
2067,268.781,160.941,2,0
2068,481.313,228.554,2,0
2069,279.03,141.391,2,0
2070,574.075,20.2792,2,0
2071,68.8303,53.8414,2,0
2072,221.635,193.524,2,0
2073,430.297,164.294,2,0
2074,238.193,65.4756,2,0
2075,405.738,283.435,2,0
2076,510.298,278.14,2,0
2077,185.675,207.051,2,0
2078,16.0429,141.153,2,0
2079,310.578,206.493,2,0
2080,255.448,245.286,2,0
2081,146.272,268.857,2,0
2082,276.046,160.742,2,0
2083,497.614,184.741,2,0
2084,232.239,132.741,2,0
2085,55.6993,127.986,2,0
2086,429.445,12.9144,2,0
2087,81.6078,74.2243,2,0
2088,121.132,181.132,2,0
2089,59.0363,189.338,2,0
2090,578.376,212.702,2,0
2091,257.102,241.345,2,0
2092,277.797,33.659,2,0
2093,158.348,22.9677,2,0
2094,493.336,39.2863,2,0
2095,94.6682,165.26,2,0
2096,297.245,181.132,2,0
2097,193.796,107.364,2,0
2098,108.899,246.144,2,0
2099,516.402,132.721,2,0
2100,380.094,148.138,2,0
2101,210.156,5.52736,2,0
2102,396.466,291,2,0
2103,75.6808,108.881,2,0
2104,389.84,228.556,2,0
2105,599.854,139.7,2,0
2106,370.242,282.859,2,0
2107,168.884,237.785,2,0
2108,476.325,280.776,2,0
2109,315.284,167.164,2,0
2110,368.625,207.398,2,0
2111,24.6972,196.284,2,0
2112,62.6645,145.884,2,0
2113,302.157,92.5101,2,0
2114,244.682,286.837,2,0
2115,286.191,71.0781,2,0
2116,16.6184,37.4142,2,0
2117,115.612,53.5463,2,0
2118,536.726,88.4952,2,0
2119,514.102,239.031,2,0
2120,430.758,103.56,2,0
2121,13.2956,83.6836,2,0
2122,372.006,228.635,2,0
2123,372.334,224.593,2,0
2124,95.9739,33.6942,2,0
2125,278.049,58.5975,2,0
2126,447.646,209.529,2,0
2127,308.492,298,2,0
2128,320.092,169.349,2,0
2129,64.8937,234.276,2,0
2130,75.2912,98.6058,2,0
2131,547.373,296.483,2,0
2132,468.466,141.587,2,0
2133,414.517,70.4675,2,0
2134,66.6658,117.183,2,0
2135,8.53763,139.301,2,0
2136,65.8671,44.3934,2,0
2137,136.876,240.347,2,0
2138,361.196,2,2,0
2139,296.34,31.6563,2,0
2140,190.882,202.263,2,0
2141,564.255,10.302,2,0
2142,589.068,123.71,2,0
2143,328.954,55.135,2,0
2144,402.316,121.801,2,0
2145,558.567,274.14,2,0
2146,367.268,5.57721,2,0
2147,162.272,150.451,2,0
2148,497.548,280.226,2,0
2149,406.589,77.3257,2,0
2150,474.866,261.956,2,0
2151,483.457,203.148,2,0
2152,122.37,17.1072,2,0
2153,214.735,20.398,2,0
2154,597.128,43.1271,2,0
2155,254.924,32.3445,2,0
2156,275.322,13.9579,2,0
2157,118.544,231.19,2,0
2158,282.013,284.712,2,0
2159,469.632,230.847,2,0
2160,198.494,83.1055,2,0
2161,31.6725,30.7917,2,0
2162,446.472,282.492,2,0
2163,179.691,135.352,2,0
2164,486.265,78.9712,2,0
2165,39.3236,153.597,2,0
2166,574.978,183.996,2,0
2167,330.803,129.225,2,0
2168,31.5183,78.9573,2,0
2169,57.753,9.57901,2,0
2170,312.122,36.4604,2,0
2171,131.093,126.534,2,0
2172,75.8333,116.47,2,0
2173,546.259,188.028,2,0
2174,108.017,207.929,2,0
2175,239.512,19.3884,2,0
2176,119.217,47.3509,2,0
2177,112.634,6.01694,2,0
2178,278.835,236.976,2,0
2179,124.374,62.0391,2,0
2180,493.255,149.356,2,0
2181,462.139,254.385,2,0
2182,515.508,117.63,2,0
2183,423.716,210.45,2,0
2184,272.125,273.552,2,0
2185,279.95,134.055,2,0
2186,540.322,263.853,2,0
2187,419.294,137.247,2,0
2188,235.954,242.862,2,0
2189,47.7823,258.301,2,0
2190,209.495,274.123,2,0
2191,248.66,203.615,2,0
2192,565.514,274.955,2,0
2193,404.171,232.736,2,0
2194,156.915,173.092,2,0
2195,476.62,228.807,2,0
2196,394.041,218.023,2,0
2197,274.067,23.643,2,0
2198,533.867,260.046,2,0
2199,328.393,170.443,2,0
2200,25.8763,238.104,2,0
2201,407.687,113.488,2,0
2202,433.504,265.32,2,0
2203,461.884,168.34,2,0
2204,562.644,49.5301,2,0
2205,197.782,274.483,2,0
2206,342.138,214.479,2,0
2207,348.333,169.786,2,0
2208,123.208,166.622,2,0
2209,211.574,248.883,2,0
2210,90.9887,256.42,2,0
2211,76.5392,221.216,2,0
2212,234.913,129.712,2,0
2213,30.0617,45.0356,2,0
2214,71.496,265.655,2,0
2215,309.445,211.961,2,0
2216,185.238,37.0587,2,0
2217,572.895,45.1539,2,0
2218,390.46,185.113,2,0
2219,306.561,249.03,2,0
2220,282.998,258.514,2,0
2221,195.939,231.284,2,0
2222,272.135,219.989,2,0
2223,201.315,20.0066,2,0
2224,192.483,177.297,2,0
2225,141.633,281.928,2,0
2226,267.092,31.7489,2,0
2227,457.986,94.8837,2,0
2228,52.6373,211.722,2,0
2229,586.733,233.651,2,0
2230,473.926,54.4279,2,0
2231,326.699,5.96498,2,0
2232,250.913,232.137,2,0
2233,456.759,165.071,2,0
2234,277.253,249.527,2,0
2235,203.048,160.631,2,0
2236,46.6583,55.4951,2,0
2237,468.262,290.621,2,0
2238,238.437,251.108,2,0
2239,447.617,163.074,2,0
2240,346.323,23.8656,2,0
2241,376.334,100.156,2,0
2242,434.34,200.289,2,0
2243,460.765,206.35,2,0
2244,247.814,10.5335,2,0
2245,160.962,37.3621,2,0
2246,573.169,133.771,2,0
2247,209.624,202.416,2,0
2248,179.471,291.273,2,0
2249,256.092,236.96,2,0
2250,427.836,209.057,2,0
2251,130.304,248.94,2,0
2252,74.518,144.195,2,0
2253,569.041,66.2517,2,0
2254,252.904,286.806,2,0
2255,484.104,181.041,2,0
2256,290.147,168.853,2,0
2257,279.729,208.017,2,0
2258,448.146,70.7355,2,0
2259,419.052,41.0412,2,0
2260,377.477,2,2,0
2261,74.7283,57.718,2,0
2262,225.467,123.408,2,0
2263,565.634,236.918,2,0
2264,324.916,55.9099,2,0
2265,575.693,232.483,2,0
2266,574.572,167.082,2,0
2267,587.046,170.928,2,0
2268,134.868,99.0269,2,0
2269,206.602,199.699,2,0
2270,547.322,168.303,2,0
2271,269.09,270.81,2,0
2272,413.245,123.594,2,0
2273,100.63,195.742,2,0
2274,47.1447,130.764,2,0
2275,597.627,81.6661,2,0
2276,44.4155,20.9431,2,0
2277,172.935,96.094,2,0
2278,403.498,265.346,2,0
2279,371.486,232.814,2,0
2280,222.276,90.2501,2,0
2281,172.458,100.332,2,0
2282,536.408,20.6468,2,0
2283,206.358,51.9892,2,0
2284,558.139,266.011,2,0
2285,330.044,163.137,2,0
2286,577.146,190.901,2,0
2287,495.905,141.766,2,0
2288,30.4099,265.797,2,0
2289,76.0905,294.049,2,0
2290,405.291,204.45,2,0
2291,451.339,234.577,2,0
2292,233.613,214.853,2,0
2293,258.873,248.167,2,0
2294,364.076,235.987,2,0
2295,352.41,52.5609,2,0
2296,39.3473,30.0392,2,0
2297,283.164,201.883,2,0
2298,279.786,203.929,2,0
2299,441.473,253.685,2,0
2300,152.114,2,2,0
2301,567.975,124.651,2,0
2302,212.03,65.7342,2,0
2303,303.731,235.349,2,0
2304,527.201,146.787,2,0
2305,326.127,77.7032,2,0
2306,269.05,156.853,2,0
2307,156.085,287.308,2,0
2308,434.707,76.4397,2,0
2309,242.343,30.9254,2,0
2310,70.9841,76.127,2,0
2311,346.588,208.924,2,0
2312,460.851,250.553,2,0
2313,145.505,134.892,2,0
2314,442.536,178.038,2,0
2315,474.683,146.359,2,0
2316,594.284,2,2,0
2317,536.105,76.2821,2,0
2318,455.505,120.238,2,0
2319,239.116,23.3983,2,0
2320,388.197,114.811,2,0
2321,595.105,172.315,2,0
2322,374.997,123.082,2,0
2323,114.541,37.4614,2,0
2324,208.893,28.482,2,0
2325,540.068,86.1816,2,0
2326,580.124,276.17,2,0
2327,130.465,130.976,2,0
2328,350.452,298,2,0
2329,145.769,53.993,2,0
2330,0.166343,45.761,2,0
2331,597.758,74.3261,2,0
2332,283.991,112.722,2,0
2333,587.845,148.076,2,0
2334,34.948,275.618,2,0
2335,330.819,82.7626,2,0
2336,550.606,137.302,2,0
2337,197.498,263.118,2,0
2338,293.28,221.003,2,0
2339,513.23,43.5375,2,0
2340,308.148,167.391,2,0
2341,27.7711,51.8192,2,0
2342,262.742,180.258,2,0
2343,223.531,234.407,2,0
2344,405.654,251.215,2,0
2345,5.51336,160.76,2,0
2346,357.505,216.55,2,0
2347,544.831,270.691,2,0
2348,261.223,221.381,2,0
2349,469.451,133.57,2,0
2350,273.858,41.8537,2,0
2351,503.502,77.2455,2,0
2352,491.807,51.0094,2,0
2353,486.669,238.315,2,0
2354,295.133,292.502,2,0
2355,384.593,137.081,2,0
2356,242.612,89.604,2,0
2357,129.963,257.001,2,0
2358,536.288,201.798,2,0
2359,158.932,56.9872,2,0
2360,450.895,20.6673,2,0
2361,403.681,91.6744,2,0
2362,92.968,204.337,2,0
2363,542.276,194.522,2,0
2364,209.738,137.375,2,0
2365,367.796,14.4696,2,0
2366,244.738,125.114,2,0
2367,348.23,131.603,2,0
2368,447.278,270.401,2,0
2369,390.948,254.297,2,0
2370,226.596,214.707,2,0
2371,451.662,140.258,2,0
2372,13.5294,61.0805,2,0
2373,226.214,294.83,2,0
2374,555.639,103.473,2,0
2375,375.863,91.7689,2,0
2376,322.162,186.399,2,0
2377,529.606,45.6162,2,0
2378,35.587,259.848,2,0
2379,271.393,286.195,2,0
2380,534.022,127.605,2,0
2381,463.043,76.7689,2,0
2382,540.647,159.9,2,0
2383,305.099,73.6419,2,0
2384,119.986,127.09,2,0
2385,64.1992,153.015,2,0
2386,320.183,203.216,2,0
2387,596.566,176.072,2,0
2388,47.4952,203.791,2,0
2389,507.127,262.838,2,0
2390,418.475,65.0748,2,0
2391,404.201,223.403,2,0
2392,173.796,57.0129,2,0
2393,416.214,254.083,2,0
2394,556.318,294.034,2,0
2395,330.822,251.377,2,0
2396,336.271,134.373,2,0
2397,507.749,49.8892,2,0
2398,119.283,112.561,2,0
2399,261.225,225.537,2,0
2400,93.1481,169.876,2,0
2401,17.2029,101.414,2,0
2402,104.437,134.348,2,0
2403,533.874,5.99363,2,0
2404,408.886,129.329,2,0
2405,165.785,68.2057,2,0
2406,501.422,30.2103,2,0
2407,303.854,223.227,2,0
2408,236.442,257.973,2,0
2409,562.297,197.485,2,0
2410,86.1467,72.0647,2,0
2411,410.385,275.906,2,0
2412,150.876,100.961,2,0
2413,319.157,223.115,2,0
2414,9.71626,93.5,2,0
2415,4.63029,259.278,2,0
2416,103.517,151.731,2,0
2417,61.6637,149.769,2,0
2418,558.027,258.11,2,0
2419,59.8857,286.949,2,0
2420,166.307,150.314,2,0
2421,389.543,79.7923,2,0
2422,95.5686,2,2,0
2423,482.439,19.2764,2,0
2424,57.3697,253.362,2,0
2425,501.297,195.115,2,0
2426,586.034,155.72,2,0
2427,137.405,27.6526,2,0
2428,101.731,137.326,2,0
2429,124.946,259.047,2,0
2430,359.745,248.415,2,0
2431,64.6651,53.8266,2,0
2432,514.046,176.606,2,0
2433,108.154,234.025,2,0
2434,260.967,164.229,2,0
2435,160.852,67.649,2,0
2436,222.547,148.844,2,0
2437,487.942,171.443,2,0
2438,62.6078,216.543,2,0
2439,489.876,235.847,2,0
2440,110.638,276.052,2,0
2441,11.5157,242.399,2,0
2442,97.0289,233.401,2,0
2443,296.67,227.268,2,0
2444,106.239,176.816,2,0
2445,451.246,96.2879,2,0
2446,207.996,256.232,2,0
2447,290.083,181.123,2,0
2448,69.1586,46.7802,2,0
2449,413.829,243.635,2,0
2450,76.6493,272.191,2,0
2451,563.695,98.759,2,0
2452,108.148,91.0162,2,0
2453,60.9801,65.2393,2,0
2454,557.479,270.137,2,0
2455,238.812,37.9076,2,0
2456,552.986,224.166,2,0
2457,450.869,155.135,2,0
2458,280.917,61.5037,2,0
2459,204.451,283.756,2,0
2460,518.488,192.611,2,0
2461,323.321,125.291,2,0
2462,327.806,9.89063,2,0
2463,85.3112,178.274,2,0
2464,463.855,131.377,2,0
2465,370.964,236.947,2,0
2466,473.854,137.381,2,0
2467,387.35,2,2,0
2468,106.801,128.958,2,0
2469,482.563,219.703,2,0
2470,296.505,231.355,2,0
2471,514.038,85.5353,2,0
2472,419.619,256.51,2,0
2473,543.328,67.7255,2,0
2474,348.242,77.4956,2,0
2475,357.321,12.3706,2,0
2476,53.9719,163.865,2,0
2477,416.829,204.189,2,0
2478,181.258,21.6499,2,0
2479,61.3708,61.1596,2,0
2480,165.76,280.801,2,0
2481,471.346,9.97868,2,0
2482,277.733,29.528,2,0
2483,312.348,142.714,2,0
2484,41.5175,118.121,2,0
2485,444.903,298,2,0
2486,280.97,85.9704,2,0
2487,279.931,113.173,2,0
2488,349.713,214.925,2,0
2489,586.933,220.058,2,0
2490,41.8876,101.965,2,0
2491,103.25,266.504,2,0
2492,329.81,242.82,2,0
2493,40.3576,211.262,2,0
2494,311.277,100.083,2,0
2495,13.5832,238.922,2,0
2496,163.529,245.524,2,0
2497,418.709,276.539,2,0
2498,172.222,213.051,2,0
2499,471.735,104.593,2,0
2500,554.525,24.3011,2,0
2501,56.8208,264.219,2,0
2502,125.555,117.683,2,0
2503,65.0716,213.289,2,0
2504,254.437,156.703,2,0
2505,200.59,259.233,2,0
2506,222.223,13.2079,2,0
2507,527.607,209.319,2,0
2508,116.25,33.6982,2,0
2509,234.126,14.6372,2,0
2510,229.369,146.869,2,0
2511,509.497,214.278,2,0
2512,288.562,252.746,2,0
2513,309.281,14.064,2,0
2514,137.008,244.437,2,0
2515,211.411,49.4216,2,0
2516,9.32643,122.736,2,0
2517,490.377,102.071,2,0
2518,576.17,298,2,0
2519,357.346,195.177,2,0
2520,148.775,36.0114,2,0
2521,461.621,114.881,2,0
2522,470.332,193.321,2,0
2523,554.91,167.721,2,0
2524,571.07,127.284,2,0
2525,538.734,220.072,2,0
2526,260.665,82.8758,2,0
2527,498.183,62.9384,2,0
2528,454.459,131.5,2,0
2529,356.588,130.566,2,0
2530,521.007,41.3112,2,0
2531,297.171,140.646,2,0
2532,101.295,243.187,2,0
2533,540.846,45.2833,2,0
2534,375.738,147.937,2,0
2535,483.977,59.7334,2,0
2536,384.442,54.219,2,0
2537,547.922,53.4968,2,0
2538,478.039,273.883,2,0
2539,315.103,294.237,2,0
2540,450.986,202.552,2,0
2541,320.425,35.4589,2,0
2542,488.226,48.8459,2,0
2543,470.863,220.132,2,0
2544,57.6084,62.7083,2,0
2545,157.829,5.59983,2,0
2546,166.275,125.676,2,0
2547,290.77,148.597,2,0
2548,330.046,185.244,2,0
2549,309.01,21.2566,2,0
2550,591.435,56.4071,2,0
2551,130.178,298,2,0
2552,243.515,157.387,2,0
2553,524.679,253.148,2,0
2554,545.378,220.291,2,0
2555,122.843,34.859,2,0
2556,260.462,290.72,2,0
2557,39.916,148.344,2,0
2558,255.256,146.114,2,0
2559,148.708,256.883,2,0
2560,418.726,229.912,2,0
2561,137.286,248.553,2,0
2562,60.8861,16.965,2,0
2563,537.286,43.3676,2,0
2564,525.486,205.913,2,0
2565,580.114,65.7864,2,0
2566,154.03,280.508,2,0
2567,171.196,273.286,2,0
2568,427.339,53.7528,2,0
2569,108.554,61.8317,2,0
2570,176.401,49.4214,2,0
2571,34.6728,86.3837,2,0
2572,201.005,278.381,2,0
2573,593.683,168.507,2,0
2574,470.295,38.9994,2,0
2575,248.753,286.663,2,0
2576,22.7704,116.436,2,0
2577,590.679,241.466,2,0
2578,185.355,21.7356,2,0
2579,24.6996,153.377,2,0
2580,578.913,5.91487,2,0
2581,245.635,165.281,2,0
2582,587.637,62.4016,2,0
2583,586.656,227.873,2,0
2584,189.71,77.5497,2,0
2585,35.283,2.00244,2,0
2586,38.0664,286.793,2,0
2587,525.043,122.797,2,0
2588,226.586,259.157,2,0
2589,72.6739,148.816,2,0
2590,174.511,64.6863,2,0
2591,319.98,190.138,2,0
2592,279.92,146.631,2,0
2593,290.55,156.763,2,0
2594,383.801,73.2183,2,0
2595,24.17,100.101,2,0
2596,85.5077,154.857,2,0
2597,476.719,51.3758,2,0
2598,405.993,174.891,2,0
2599,499.115,45.8938,2,0
2600,411.853,229.093,2,0
2601,165.927,59.4651,2,0
2602,70.5077,145.395,2,0
2603,539.648,69.988,2,0
2604,341.882,156.705,2,0
2605,109.651,29.8558,2,0
2606,190.193,135.186,2,0
2607,150.65,64.883,2,0
2608,33.168,113.68,2,0
2609,43.2967,232.672,2,0
2610,251.211,25.0154,2,0
2611,540.516,20.6318,2,0
2612,213.455,293.596,2,0
2613,17.8917,209.188,2,0
2614,194.469,133.706,2,0
2615,125.605,293.998,2,0
2616,317.266,148.901,2,0
2617,421.773,86.3075,2,0
2618,271.747,277.563,2,0
2619,41.4307,33.8342,2,0
2620,293.616,142.582,2,0
2621,291.541,281.199,2,0
2622,207.98,110.984,2,0
2623,236.974,49.1608,2,0
2624,53.6789,78.3449,2,0
2625,433.029,132.797,2,0
2626,477.554,98.6814,2,0
2627,254.133,130.894,2,0
2628,9.83529,276.979,2,0
2629,384.608,205.808,2,0
2630,32.082,283.324,2,0
2631,5.92207,263.083,2,0
2632,382.062,96.8233,2,0
2633,565.866,59.0934,2,0
2634,126.757,251.153,2,0
2635,303.415,283.109,2,0
2636,554.209,66.5806,2,0
2637,138.087,173.432,2,0
2638,157.552,198.59,2,0
2639,80.7939,169.444,2,0
2640,493.025,293.957,2,0
2641,175.704,190.851,2,0
2642,227.1,206.538,2,0
2643,562.221,207.237,2,0
2644,251.807,17.7817,2,0
2645,450.512,85.7373,2,0
2646,565.922,132.588,2,0
2647,336.564,205.314,2,0
2648,252.575,176.391,2,0
2649,364.414,163.307,2,0
2650,375.503,86.2026,2,0
2651,8.26763,108.812,2,0
2652,408.879,56.1607,2,0
2653,140.608,242.151,2,0
2654,22.5065,262.52,2,0
2655,121.753,224.816,2,0
2656,590.281,178.799,2,0
2657,228.202,76.4134,2,0
2658,245.052,102.993,2,0
2659,139.838,42.3677,2,0
2660,127.515,33.8319,2,0
2661,288.288,64.1597,2,0
2662,599.554,96.6332,2,0
2663,241.343,289.069,2,0
2664,165.52,132.437,2,0
2665,490.492,125.087,2,0
2666,254.211,198.353,2,0
2667,379.9,71.7838,2,0
2668,132.836,45.2597,2,0
2669,534.396,175.487,2,0
2670,454.044,241.961,2,0
2671,156.926,283.288,2,0
2672,8.19976,127.456,2,0
2673,431.151,197.667,2,0
2674,531.681,245.116,2,0
2675,161.211,111.467,2,0
2676,317.831,226.76,2,0
2677,382.532,182.987,2,0
2678,220.213,2,2,0
2679,554.385,20.2301,2,0
2680,168.968,20.453,2,0
2681,289.589,267.373,2,0
2682,487.846,34.6137,2,0
2683,487.431,2,2,0
2684,398.125,218.229,2,0
2685,544.888,251.415,2,0
2686,97.3275,59.6917,2,0
2687,66.1021,283.007,2,0
2688,475.891,239.6,2,0
2689,241.497,185.884,2,0
2690,216.79,283.159,2,0
2691,366.103,108.899,2,0
2692,368.179,22.5748,2,0
2693,505.311,293.929,2,0
2694,254.669,180.67,2,0
2695,227.375,64.1872,2,0
2696,376.451,206.728,2,0
2697,546.898,73.9814,2,0
2698,93.1125,208.525,2,0
2699,366.26,283.14,2,0
2700,57.3976,51.1212,2,0
2701,314.028,79.0971,2,0
2702,134.885,31.0191,2,0
2703,338.236,298,2,0
2704,67.7109,126.836,2,0
2705,346.419,290.989,2,0
2706,229.396,229.208,2,0
2707,414.985,9.46464,2,0
2708,304.557,169.333,2,0
2709,383.09,22.5808,2,0
2710,555.804,163.703,2,0
2711,526.34,190.65,2,0
2712,516.666,179.877,2,0
2713,563.555,182.506,2,0
2714,310.034,78.7727,2,0
2715,239.459,33.9511,2,0
2716,415.287,274.251,2,0
2717,566.036,21.7731,2,0
2718,14.2808,211.018,2,0
2719,29.6409,143.763,2,0
2720,222.239,222.452,2,0
2721,183.68,17.9556,2,0
2722,307.232,17.5879,2,0
2723,219.731,56.5795,2,0
2724,141.683,250.348,2,0
2725,499.987,15.6182,2,0
2726,161.539,295.242,2,0
2727,478.835,262.979,2,0
2728,366.719,230.491,2,0
2729,80.9546,260.616,2,0
2730,139.945,206.693,2,0
2731,244.332,222.665,2,0
2732,333.772,13.472,2,0
2733,431.539,79.0161,2,0
2734,286.578,274.95,2,0
2735,27.4807,137.094,2,0
2736,1.87849,37.8432,2,0
2737,108.011,95.1385,2,0
2738,588.589,41.7651,2,0
2739,109.511,42.4725,2,0
2740,282.437,226.622,2,0
2741,117.493,28.7123,2,0
2742,92.5514,252.719,2,0
2743,501.692,166.653,2,0
2744,169.565,220.735,2,0
2745,578.653,29.6201,2,0
2746,263.677,17.2153,2,0
2747,272.76,269.338,2,0
2748,500.199,266.995,2,0
2749,255.815,18.337,2,0
2750,395.836,240.499,2,0
2751,399.942,272.719,2,0
2752,318.411,238.737,2,0
2753,377.511,8.95601,2,0
2754,57.4845,170.305,2,0
2755,134.995,176.046,2,0
2756,399.436,37.8119,2,0
2757,597.683,168.843,2,0
2758,86.0536,92.7651,2,0
2759,517.255,93.4324,2,0
2760,254.786,266.835,2,0
2761,599.189,172.654,2,0
2762,5.18366,82.5754,2,0
2763,464.77,80.4554,2,0
2764,369.022,139.626,2,0
2765,254.998,294.47,2,0
2766,248.081,183.35,2,0
2767,589.166,16.5103,2,0
2768,141.582,66.0493,2,0
2769,374.941,115.799,2,0
2770,5.91341,67.5819,2,0
2771,409.126,253.309,2,0
2772,1.76927,270.535,2,0
2773,304.957,140.306,2,0
2774,576.345,176.236,2,0
2775,334.1,90.097,2,0
2776,479.559,22.4885,2,0
2777,93.6892,213.382,2,0
2778,289.044,288.654,2,0
2779,323.46,100.282,2,0
2780,103.03,130.438,2,0
2781,143.569,219.818,2,0
2782,375.73,276.785,2,0
2783,12.4349,71.1696,2,0
2784,565.086,64.4068,2,0
2785,391.378,191.561,2,0
2786,106.032,257.675,2,0
2787,290.345,273.482,2,0
2788,585.045,88.3164,2,0
2789,262.037,212.987,2,0
2790,216.388,58.9425,2,0
2791,270.273,177.541,2,0
2792,103.289,270.627,2,0
2793,66.5699,230.517,2,0
2794,96.9668,251.742,2,0
2795,0.435397,115.541,2,0
2796,568.436,285.772,2,0
2797,42.2364,214.812,2,0
2798,204.041,256.931,2,0
2799,205.369,153.902,2,0
2800,399.423,265.6,2,0
2801,366.974,215.61,2,0
2802,299.832,33.8282,2,0
2803,546.874,65.8652,2,0
2804,517.327,2,2,0
2805,502.485,180.132,2,0
2806,554.582,28.4667,2,0
2807,143.076,31.9195,2,0
2808,389.752,126.015,2,0
2809,532.318,69.8719,2,0
2810,27.8263,276.313,2,0
2811,172.422,50.0879,2,0
2812,419.853,180.005,2,0
2813,140.228,263.451,2,0
2814,229.294,233.325,2,0
2815,583.833,64.1823,2,0
2816,149.826,53.4682,2,0
2817,566.745,179.736,2,0
2818,593.209,200.66,2,0
2819,298.347,114.692,2,0
2820,535.744,209.198,2,0
2821,203.494,59.9126,2,0
2822,381.404,80.6731,2,0
2823,355.295,284.402,2,0
2824,161.887,263.238,2,0
2825,333.322,272.665,2,0
2826,229.802,49.7416,2,0
2827,35.7123,173.084,2,0
2828,476.028,57.9153,2,0
2829,138.324,95.6945,2,0
2830,464.041,290.355,2,0
2831,364.089,190.991,2,0
2832,135.186,125.197,2,0
2833,559.165,297.076,2,0
2834,237.075,192.818,2,0
2835,337.499,102.71,2,0
2836,308.411,103.391,2,0
2837,237.449,247.266,2,0
2838,389.917,84.6626,2,0
2839,420.826,44.9536,2,0
2840,527.712,216.383,2,0
2841,51.0169,40.2218,2,0
2842,497.175,232.278,2,0
2843,335.135,178.902,2,0
2844,424.547,289.637,2,0
2845,166.637,223.355,2,0
2846,60.2948,245.655,2,0
2847,117.911,192.893,2,0
2848,499.174,290.404,2,0
2849,247.051,78.8923,2,0
2850,143.36,168.862,2,0
2851,561.833,264.377,2,0
2852,66.2242,198.053,2,0
2853,236.925,235.432,2,0
2854,292.32,13.3176,2,0
2855,591.804,189.721,2,0
2856,20.9573,131.67,2,0
2857,286.758,162.835,2,0
2858,356.067,187.339,2,0
2859,18.2174,279.623,2,0
2860,311.517,243.159,2,0
2861,197.845,107.575,2,0
2862,466.713,178.598,2,0
2863,335.869,280.404,2,0
2864,556.253,9.58577,2,0
2865,79.4934,282.769,2,0
2866,254.263,13.4363,2,0
2867,239.396,97.0677,2,0
2868,472.466,298,2,0
2869,133.038,204.618,2,0
2870,194.879,72.8301,2,0
2871,547.208,247.715,2,0
2872,286.574,179.044,2,0
2873,366.103,78.9119,2,0
2874,597.827,9.78411,2,0
2875,331.329,39.3792,2,0
2876,103.691,78.2526,2,0
2877,175.071,205.434,2,0
2878,83.332,151.335,2,0
2879,421.543,37.749,2,0
2880,415.431,164.328,2,0
2881,383.124,223.751,2,0
2882,160.73,238.875,2,0
2883,461.629,27.0606,2,0
2884,289.933,189.269,2,0
2885,285.52,55.4905,2,0
2886,134.356,94.9709,2,0
2887,91.9127,17.1304,2,0
2888,158.596,224.336,2,0
2889,414.646,294.538,2,0
2890,180.007,96.5189,2,0
2891,517.581,241.114,2,0
2892,569.06,172.858,2,0
2893,410.754,287.418,2,0
2894,429.673,99.24,2,0
2895,303.251,54.7085,2,0
2896,390.434,153.904,2,0
2897,107.431,103.192,2,0
2898,536.668,131.433,2,0
2899,352.129,148.206,2,0
2900,88.8287,5.97235,2,0
2901,244.026,172.002,2,0
2902,35.3487,54.7504,2,0
2903,327.769,108.947,2,0
2904,305.375,275.962,2,0
2905,275.941,164.93,2,0
2906,15.6297,225.824,2,0
2907,341.994,255.456,2,0
2908,2.40903,60.5841,2,0
2909,408.266,227.069,2,0
2910,61.193,80.7663,2,0
2911,142.381,238.498,2,0
2912,372.443,127.529,2,0
2913,35.6602,79.1825,2,0
2914,486.901,123.105,2,0
2915,415.001,158.341,2,0
2916,73.9658,268.803,2,0
2917,577.503,51.3289,2,0
2918,285.245,50.4961,2,0
2919,285.371,286.879,2,0
2920,379.984,44.47,2,0
2921,580.784,16.4351,2,0
2922,503.597,269.11,2,0
2923,524.029,118.913,2,0
2924,406.843,9.51454,2,0
2925,561.607,28.2478,2,0
2926,561.956,53.5389,2,0
2927,368.722,253.955,2,0
2928,381.243,239.962,2,0
2929,120.813,6.0392,2,0
2930,592.796,75.1677,2,0
2931,241.293,149.533,2,0
2932,27.8962,283.276,2,0
2933,29.6827,261.768,2,0
2934,281.531,24.2886,2,0
2935,300.876,189.322,2,0
2936,104.832,73.295,2,0
2937,371.676,20.5441,2,0
2938,524.99,44.1766,2,0
2939,476.533,83.6439,2,0
2940,283.46,152.613,2,0
2941,161.181,60.4899,2,0
2942,215.591,50.8473,2,0
2943,350.954,298,2,0
2944,219.372,210.007,2,0
2945,275.92,214.102,2,0
2946,369.592,197.034,2,0
2947,445.265,9.42825,2,0
2948,26.4365,25.4591,2,0
2949,387.016,43.6604,2,0
2950,28.828,168.66,2,0
2951,309.044,290.494,2,0
2952,13.1023,184.504,2,0
2953,220.343,130.108,2,0
2954,482.908,290.442,2,0
2955,250.041,129.865,2,0
2956,122.645,286.629,2,0
2957,471.915,238.657,2,0
2958,382.157,231.865,2,0
2959,120.464,86.0141,2,0
2960,490.714,42.4177,2,0
2961,298.885,79.5728,2,0
2962,116.896,71.2471,2,0
2963,202.943,71.2779,2,0
2964,35.5048,225.114,2,0
2965,117.684,75.343,2,0
2966,458.731,76.5949,2,0
2967,131.961,9.50688,2,0
2968,224.604,74.646,2,0
2969,495.497,59.9306,2,0
2970,22.4288,24.047,2,0
2971,102.182,70.2854,2,0
2972,328.039,278.847,2,0
2973,224.449,255.537,2,0
2974,418.674,264.562,2,0
2975,132.751,182.592,2,0
2976,309.171,277.347,2,0
2977,265.959,268.211,2,0
2978,499.894,51.7166,2,0
2979,389.29,232.558,2,0
2980,458.577,117.594,2,0
2981,106.634,162.454,2,0
2982,70.2296,282.692,2,0
2983,44.5054,211.083,2,0
2984,200.341,270.651,2,0
2985,518.564,233.124,2,0
2986,293.806,195.759,2,0
2987,375.807,261.845,2,0
2988,578.184,86.8249,2,0
2989,38.0633,263.105,2,0
2990,209.553,213.689,2,0
2991,48.8957,207.706,2,0
2992,135.873,180.072,2,0
2993,12.1377,214.489,2,0
2994,114.39,221.185,2,0
2995,104.968,244.985,2,0
2996,45.4955,25.5763,2,0
2997,573.074,148.453,2,0
2998,173.981,152.484,2,0
2999,70.7242,57.405,2,0
3000,18.3538,2,2,0
3001,502.286,62.6299,2,0
3002,32.5765,15.8266,2,0
3003,428.733,200.951,2,0
3004,521.54,279.445,2,0
3005,358.192,281.516,2,0
3006,244.563,161.403,2,0
3007,231.265,116.66,2,0
3008,582.999,138.444,2,0
3009,63.5604,119.896,2,0
3010,302.038,76.9247,2,0
3011,265.163,298,2,0
3012,369.065,160.875,2,0
3013,490.243,218.574,2,0
3014,226.435,52.04,2,0
3015,161.202,97.3718,2,0
3016,209.171,183.123,2,0
3017,427.202,226.836,2,0
3018,84.7756,147.371,2,0
3019,99.4847,83.1612,2,0
3020,368.294,30.8685,2,0
3021,460.641,172.273,2,0
3022,507.237,243.256,2,0
3023,141.991,149.393,2,0
3024,453.552,176.236,2,0
3025,27.088,294.413,2,0
3026,137.161,260.759,2,0
3027,163.451,194.305,2,0
3028,150.122,171.072,2,0
3029,558.25,13.0971,2,0
3030,578.702,19.9178,2,0
3031,438.351,83.765,2,0
3032,51.7077,226.199,2,0
3033,7.45894,218.517,2,0
3034,132.007,52.9779,2,0
3035,327.709,153.823,2,0
3036,0.954974,100.803,2,0
3037,554.321,6.04807,2,0
3038,192.762,141.721,2,0
3039,180.026,3.44469,2,0
3040,250.672,72.1092,2,0
3041,162.331,190.527,2,0
3042,469.681,85.4941,2,0
3043,100.896,90.9337,2,0
3044,93.7785,298,2,0
3045,252.001,64.1676,2,0
3046,171.279,79.4825,2,0
3047,374.725,61.1767,2,0
3048,498.091,164.75,2,0
3049,205.745,203.711,2,0
3050,322.741,244.347,2,0
3051,67.0214,2,2,0
3052,222.89,163.696,2,0
3053,317.119,155.361,2,0
3054,144.894,75.8286,2,0
3055,183.803,2,2,0
3056,232.063,279.74,2,0
3057,427.459,147.942,2,0
3058,599.408,135.643,2,0
3059,459.49,12.9646,2,0
3060,463.576,203.442,2,0
3061,177.626,279.225,2,0
3062,190.93,285.882,2,0
3063,69.3886,251.583,2,0
3064,143.153,50.1045,2,0
3065,11.3631,134.948,2,0
3066,447.488,236.096,2,0
3067,528.062,263.731,2,0
3068,514.171,279.32,2,0
3069,3.56691,5.81569,2,0
3070,107.248,111.073,2,0
3071,43.4636,146.321,2,0
3072,397.205,181.234,2,0
3073,106.121,69.4855,2,0
3074,327.239,39.2539,2,0
3075,137.219,9.55294,2,0
3076,123.602,290.533,2,0
3077,319.28,124.626,2,0
3078,173.521,83.7594,2,0
3079,274.748,288.417,2,0
3080,251.361,220.597,2,0
3081,226.708,100.771,2,0
3082,220.419,262.722,2,0
3083,396.347,236.556,2,0
3084,596.505,298,2,0
3085,377.469,188.286,2,0
3086,538.539,117.1,2,0
3087,443.678,237.524,2,0
3088,180.196,70.417,2,0
3089,129.681,190.045,2,0
3090,10.0004,28.4337,2,0
3091,82.6496,48.721,2,0
3092,253.389,116.392,2,0
3093,357.604,24.9874,2,0
3094,436.656,271.559,2,0
3095,327.996,43.2188,2,0
3096,17.2798,129.915,2,0
3097,15.6644,282.803,2,0
3098,140.224,235.027,2,0
3099,350.627,291.055,2,0
3100,425.563,92.5609,2,0
3101,87.9786,226.291,2,0
3102,199.101,212.463,2,0
3103,49.5392,105.83,2,0
3104,417.135,13.0546,2,0
3105,21.3505,220.707,2,0
3106,257.993,252.201,2,0
3107,586.218,2,2,0
3108,347.052,250.564,2,0
3109,587.842,78.8156,2,0
3110,143.498,84.4632,2,0
3111,318.093,174.782,2,0
3112,463.594,127.363,2,0
3113,276.289,120.505,2,0
3114,578.264,290.21,2,0
3115,140.681,165.765,2,0
3116,336.153,269.432,2,0
3117,248.044,211.806,2,0
3118,491.036,208.815,2,0
3119,13.9496,57.03,2,0
3120,266.651,11.0574,2,0
3121,31.8187,200.898,2,0
3122,168.834,157.297,2,0
3123,495.976,199.624,2,0
3124,18.9709,234.9,2,0
3125,578.029,143.422,2,0
3126,201.178,129.765,2,0
3127,524.903,40.1451,2,0
3128,558.587,88.9192,2,0
3129,564.05,145.853,2,0
3130,163.334,215.61,2,0
3131,312.896,209.774,2,0
3132,365.99,74.9044,2,0
3133,273.336,49.7901,2,0
3134,97.0326,168.629,2,0
3135,443.188,12.9863,2,0
3136,19.7579,34.7033,2,0
3137,45.1004,298,2,0
3138,85.0103,19.9838,2,0
3139,548.342,263.023,2,0
3140,230.404,260.33,2,0
3141,481.986,274.98,2,0
3142,152.898,97.4695,2,0
3143,225.92,43.8429,2,0
3144,176.802,185.494,2,0
3145,8.91338,166.897,2,0
3146,105.334,180.766,2,0
3147,306.976,81.6144,2,0
3148,540.356,168.132,2,0
3149,8.58445,38.8363,2,0
3150,559.584,240.873,2,0
3151,180.065,10.5932,2,0
3152,595.842,32.389,2,0
3153,389.943,30.6578,2,0
3154,82.9624,16.4817,2,0
3155,544.189,142.068,2,0
3156,229.72,237.826,2,0
3157,3.53161,56.5868,2,0
3158,213.532,280.792,2,0
3159,104.203,18.7305,2,0
3160,593.678,86.9386,2,0
3161,378.037,202.88,2,0
3162,251.66,210.093,2,0
3163,556.804,184.139,2,0
3164,99.181,265.863,2,0
3165,272.159,201.98,2,0
3166,346.745,268.15,2,0
3167,140.203,52.9348,2,0
3168,1.83827,64.6509,2,0
3169,452.854,248.538,2,0
3170,161.029,75.0772,2,0
3171,262.004,269.76,2,0
3172,78.2642,68.0806,2,0
3173,150.573,226.073,2,0
3174,317.349,212.345,2,0
3175,436.809,134.435,2,0
3176,517.409,188.462,2,0
3177,217.222,122.542,2,0
3178,300.126,84.4221,2,0
3179,105.935,298,2,0
3180,97.5183,30.0026,2,0
3181,587.033,19.9322,2,0
3182,10.5215,19.6205,2,0
3183,111.797,272.103,2,0
3184,78.2124,55.6466,2,0
3185,567.501,233.315,2,0
3186,116.077,44.5791,2,0
3187,315.246,69.5657,2,0
3188,561.385,66.2604,2,0
3189,532.765,252.273,2,0
3190,350.779,59.085,2,0
3191,490.286,250.433,2,0
3192,205.676,92.8735,2,0
3193,534.155,24.1676,2,0
3194,158.979,128.953,2,0
3195,12.6822,256.114,2,0
3196,20.2752,73.6978,2,0
3197,86.4709,55.933,2,0
3198,277.945,96.9252,2,0
3199,102.656,290.636,2,0
3200,223.855,86.5656,2,0
3201,262.991,9.18144,2,0
3202,267.866,2,2,0
3203,368.345,112.833,2,0
3204,230.704,165.667,2,0
3205,385.395,271.702,2,0
3206,338.438,31.3637,2,0
3207,161.96,5.5497,2,0
3208,355.661,220.218,2,0
3209,138.413,5.75379,2,0
3210,51.0296,143.263,2,0
3211,276.31,148.681,2,0
3212,409.769,105.548,2,0
3213,36.1788,129.447,2,0
3214,439.769,126.821,2,0
3215,285.022,22.0889,2,0
3216,572.767,174.377,2,0
3217,312.925,86.2861,2,0
3218,300.985,20.1585,2,0
3219,403.879,38.1505,2,0
3220,94.9868,225.647,2,0
3221,505.364,42.7486,2,0
3222,184.381,152.796,2,0
3223,362.009,73.6412,2,0
3224,46.978,159.308,2,0
3225,453.569,263.092,2,0
3226,405.551,124.251,2,0
3227,320.828,199.299,2,0
3228,427.117,152.935,2,0
3229,494.819,43.1451,2,0
3230,544.605,293.469,2,0
3231,478.705,91.6784,2,0
3232,547.541,57.7551,2,0
3233,480.985,294.53,2,0
3234,471.053,224.15,2,0
3235,60.4654,86.6017,2,0
3236,46.3623,279.917,2,0
3237,558.83,93.0141,2,0
3238,433.193,269.359,2,0
3239,1.86028,263.039,2,0
3240,597.896,39.1583,2,0
3241,57.1424,36.9047,2,0
3242,401.819,257.847,2,0
3243,547.366,172.77,2,0
3244,559.717,151.283,2,0
3245,336.888,200.392,2,0
3246,42.366,181.7,2,0
3247,200.054,2,2,0
3248,214.996,38.6943,2,0
3249,525.885,93.6055,2,0
3250,90.6287,242.169,2,0
3251,468.31,278.761,2,0
3252,192.435,259.102,2,0
3253,572.214,137.714,2,0
3254,45.2105,43.4605,2,0
3255,108.335,183.407,2,0
3256,304.544,173.49,2,0
3257,452.577,171.815,2,0
3258,353.193,264.264,2,0
3259,429.511,43.5205,2,0
3260,85.2703,166.835,2,0
3261,126.011,209.531,2,0
3262,501.408,298,2,0
3263,415.242,262.158,2,0
3264,230.469,150.766,2,0
3265,154.196,266.069,2,0
3266,501.643,111.685,2,0
3267,198.574,298,2,0
3268,420.793,244.398,2,0
3269,262.791,131.424,2,0
3270,68.5994,209.865,2,0
3271,155.381,217.183,2,0
3272,595.396,13.0038,2,0
3273,181.581,282.258,2,0
3274,589.593,182.919,2,0
3275,100.115,279.878,2,0
3276,57.303,298,2,0
3277,554.529,194.828,2,0
3278,380.524,136.698,2,0
3279,548.174,291.619,2,0
3280,144.706,257.842,2,0
3281,213.552,245.366,2,0
3282,465.019,251.551,2,0
3283,517.707,298,2,0
3284,513.348,293.972,2,0
3285,582.907,272.967,2,0
3286,346.289,279.758,2,0
3287,368.023,290.905,2,0
3288,31.4353,187.197,2,0
3289,165.218,104.86,2,0
3290,75.2112,205.057,2,0
3291,288.52,52.8087,2,0
3292,13.7135,160.942,2,0
3293,388.976,161.929,2,0
3294,526.506,234.264,2,0
3295,40.9645,105.919,2,0
3296,68.5224,286.423,2,0
3297,84.6663,228.597,2,0
3298,235.857,282.165,2,0
3299,196.067,248.019,2,0
3300,104.404,155.751,2,0
3301,138.684,184.978,2,0
3302,551.521,201.473,2,0
3303,70.7142,124.069,2,0
3304,584.308,80.69,2,0
3305,443.287,30.2585,2,0
3306,336.805,242.232,2,0
3307,352.148,218.262,2,0
3308,509.639,298,2,0
3309,428.028,219.563,2,0
3310,287.575,294.515,2,0
3311,139.794,24.0178,2,0
3312,276.979,62.6359,2,0
3313,341.255,262.525,2,0
3314,374.183,96.7824,2,0
3315,377.905,217.798,2,0
3316,90.3586,133.583,2,0
3317,143.963,215.716,2,0
3318,197.373,35.7703,2,0
3319,358.828,222.828,2,0
3320,92.0297,137.295,2,0
3321,442.983,69.6323,2,0
3322,156.475,202.562,2,0
3323,88.8666,234.35,2,0
3324,121.896,39.5669,2,0
3325,172.195,257.41,2,0
3326,186.975,25.4551,2,0
3327,420.61,111.26,2,0
3328,546.655,136.347,2,0
3329,189.318,194.768,2,0
3330,157.063,97.425,2,0
3331,327.034,59.9737,2,0
3332,545.704,2,2,0
3333,596.061,153.983,2,0
3334,336.849,87.1266,2,0
3335,471.608,212.261,2,0
3336,475.828,32.6305,2,0
3337,429.41,223.336,2,0
3338,368.596,120.428,2,0
3339,397.936,205.89,2,0
3340,273.495,265.246,2,0
3341,589.305,269.965,2,0
3342,152.995,104.458,2,0
3343,564.274,117.994,2,0
3344,364.127,94.8956,2,0
3345,119.084,251.541,2,0
3346,583.012,257.021,2,0
3347,34.9804,64.7445,2,0
3348,106.299,37.2751,2,0
3349,0.185432,19.4205,2,0
3350,542.788,138.046,2,0
3351,477.871,47.4325,2,0
3352,275.834,257.563,2,0
3353,245.47,186.577,2,0
3354,406.734,101.956,2,0
3355,73.5827,135.676,2,0
3356,184.412,239.491,2,0
3357,499.846,97.113,2,0
3358,37.6294,67.8574,2,0
3359,142.67,101.078,2,0
3360,11.9174,249.705,2,0
3361,486.425,20.0299,2,0
3362,13.9125,264.176,2,0
3363,215.284,169.366,2,0
3364,414.019,76.8996,2,0
3365,403.089,172.081,2,0
3366,340.899,173.106,2,0
3367,473.373,242.771,2,0
3368,196.988,121.772,2,0
3369,164.869,76.3788,2,0
3370,443.843,96.1379,2,0
3371,403.062,186.859,2,0
3372,75.9531,254.248,2,0
3373,246.363,253.268,2,0
3374,361.448,35.0694,2,0
3375,351.168,249.612,2,0
3376,128.663,45.3118,2,0
3377,323.601,217.503,2,0
3378,175.921,159.421,2,0
3379,440.644,99.0939,2,0
3380,375.467,5.45864,2,0
3381,599.035,241.199,2,0
3382,541.497,155.952,2,0
3383,588.017,191.087,2,0
3384,63.2529,161.053,2,0
3385,66.9381,76.5198,2,0
3386,466.468,244.728,2,0
3387,443.97,116.339,2,0
3388,531.814,9.55229,2,0
3389,304.369,124.495,2,0
3390,507.222,275.354,2,0
3391,422.577,270.744,2,0
3392,478.441,29.4933,2,0
3393,502.151,68.1671,2,0
3394,347.19,283.715,2,0
3395,104.413,143.83,2,0
3396,280.824,14.0329,2,0
3397,158.854,71.6368,2,0
3398,271.313,294.49,2,0
3399,227.982,279.971,2,0
3400,195.698,90.6569,2,0
3401,591.772,52.3423,2,0
3402,433.716,261.17,2,0
3403,559.47,247.867,2,0
3404,152.584,274.008,2,0
3405,121.47,220.762,2,0
3406,100.092,50.3939,2,0
3407,365.832,261.476,2,0
3408,422.361,20.4335,2,0
3409,72.5744,272.595,2,0
3410,579.453,197.649,2,0
3411,460.856,279.046,2,0
3412,536.731,271.132,2,0
3413,499.37,2,2,0
3414,437.308,178.603,2,0
3415,119.443,131.188,2,0
3416,421.287,240.38,2,0
3417,329.022,208.056,2,0
3418,286.497,125.123,2,0
3419,588.732,186.998,2,0
3420,411.963,195.097,2,0
3421,200.209,9.19903,2,0
3422,252.34,58.5662,2,0
3423,40.8554,207.244,2,0
3424,256.595,176.674,2,0
3425,373.257,49.0791,2,0
3426,592.457,258.735,2,0
3427,237.82,61.4088,2,0
3428,12.4767,37.5509,2,0
3429,363.319,101.393,2,0
3430,457.384,109.62,2,0
3431,225.748,160.735,2,0
3432,412.949,191.176,2,0
3433,420.735,217.926,2,0
3434,386.498,118.577,2,0
3435,576.092,275.754,2,0
3436,448.305,46.0316,2,0
3437,466.287,185.58,2,0
3438,346.938,41.9196,2,0
3439,126.184,298,2,0
3440,30.1409,123.991,2,0
3441,263.046,94.7665,2,0
3442,304.283,200.902,2,0
3443,515.986,30.807,2,0
3444,13.747,286.327,2,0
3445,249.325,151.617,2,0
3446,316.306,88.5819,2,0
3447,551.017,26.637,2,0
3448,464.756,34.5451,2,0
3449,12.5542,164.8,2,0
3450,362.951,215.852,2,0
3451,491.568,46.3329,2,0
3452,485.914,184.745,2,0
3453,422.75,266.674,2,0
3454,58.3521,20.1329,2,0
3455,156.845,125.531,2,0
3456,485.961,16.0095,2,0
3457,9.40414,34.8926,2,0
3458,104.293,201.879,2,0
3459,442.294,192.86,2,0
3460,172.804,156.423,2,0
3461,420.756,298,2,0
3462,576.82,9.38736,2,0
3463,355.979,44.8145,2,0
3464,349.11,275.929,2,0
3465,301.218,286.704,2,0
3466,171.276,62.1405,2,0
3467,574.874,257.367,2,0
3468,550.769,68.6226,2,0
3469,182.981,75.715,2,0
3470,189.64,189.179,2,0
3471,486.702,264.634,2,0
3472,365.37,141.44,2,0
3473,422.003,90.6596,2,0
3474,24.4477,228.393,2,0
3475,356.751,105.47,2,0
3476,170.884,206.093,2,0
3477,497.208,12.6545,2,0
3478,329.764,283.897,2,0
3479,331.687,71.7241,2,0
3480,429.028,279.263,2,0
3481,53.2555,175.957,2,0
3482,33.4294,82.5788,2,0
3483,241.34,207.296,2,0
3484,591.599,20.6282,2,0
3485,122.774,277.442,2,0
3486,226.8,186.987,2,0
3487,133.672,246.695,2,0
3488,153.364,229.07,2,0
3489,276.243,201.905,2,0
3490,454.021,252.405,2,0
3491,582.415,200.337,2,0
3492,20.3978,185.954,2,0
3493,59.1021,131.06,2,0
3494,169.523,226.934,2,0
3495,580.626,216.058,2,0
3496,259.114,135.713,2,0
3497,361.078,6.05547,2,0
3498,145.453,58.9232,2,0
3499,429.01,239.477,2,0
3500,412.246,102.404,2,0
3501,15.4468,68.4384,2,0
3502,283.431,148.566,2,0
3503,444.574,138.423,2,0
3504,497.867,126.461,2,0
3505,371.988,93.2828,2,0
3506,184.297,210.896,2,0
3507,488.199,52.8889,2,0
3508,138.27,56.4408,2,0
3509,573.571,225.111,2,0
3510,57.9586,283.3,2,0
3511,429.49,271.086,2,0
3512,572.586,110.842,2,0
3513,110.069,57.8993,2,0
3514,35.2678,294.304,2,0
3515,190.704,185.3,2,0
3516,324.721,253.289,2,0
3517,276.11,156.738,2,0
3518,293.363,187.122,2,0
3519,548.549,156.168,2,0
3520,435.531,186.813,2,0
3521,179.44,104.608,2,0
3522,313.089,148.279,2,0
3523,500.012,129.973,2,0
3524,346.958,150.369,2,0
3525,227.933,72.332,2,0
3526,194.341,243.575,2,0
3527,85.1649,80.0193,2,0
3528,253.412,83.7823,2,0
3529,527.537,116.054,2,0
3530,385.297,65.9461,2,0
3531,308.42,97.2688,2,0
3532,534.922,248.576,2,0
3533,464.245,262.58,2,0
3534,118.418,178.122,2,0
3535,467.119,31.2711,2,0
3536,3.7486,78.8365,2,0
3537,278.772,232.663,2,0
3538,35.5662,177.136,2,0
3539,274.246,53.9107,2,0
3540,107.706,195.589,2,0
3541,410.542,150.892,2,0
3542,194.149,32.5896,2,0
3543,362.987,133.705,2,0
3544,88.6354,159.718,2,0
3545,536.492,194.965,2,0
3546,183.431,98.7821,2,0
3547,582.922,219.433,2,0
3548,526.162,238.266,2,0
3549,476.084,43.6922,2,0
3550,599.755,78.212,2,0
3551,512.203,163.963,2,0
3552,397.762,107.98,2,0
3553,504.221,187.497,2,0
3554,293.387,74.8844,2,0
3555,415.149,16.7651,2,0
3556,97.9046,136.139,2,0
3557,155.333,221.221,2,0
3558,363.205,48.6394,2,0
3559,50.5627,161.569,2,0
3560,67.5955,83.4187,2,0
3561,564.629,284.215,2,0
3562,193.359,161.797,2,0
3563,392.305,171.605,2,0
3564,253.12,271.04,2,0
3565,465.836,52.8442,2,0
3566,529.604,13.0207,2,0
3567,528.04,223.475,2,0
3568,272.295,162.923,2,0
3569,581.981,142.312,2,0
3570,561.158,170.166,2,0
3571,359.207,258.879,2,0
3572,490.824,204.772,2,0
3573,160,2,2,0
3574,468.913,164.106,2,0
3575,125.397,226.571,2,0
3576,160.007,285.967,2,0
3577,236.627,159.549,2,0
3578,122.109,58.6274,2,0
3579,505.587,65.8995,2,0
3580,311.454,187.811,2,0
3581,329.194,266.847,2,0
3582,574.593,6.05268,2,0
3583,546.615,266.807,2,0
3584,147.947,138.659,2,0
3585,565.696,55.0845,2,0
3586,354.315,87.6444,2,0
3587,492.179,189.403,2,0
3588,245.023,290.947,2,0
3589,547.924,208.685,2,0
3590,529.01,30.5093,2,0
3591,316.597,47.0512,2,0
3592,292.909,49.1022,2,0
3593,350.36,207.579,2,0
3594,422.715,294.555,2,0
3595,581.055,189.677,2,0
3596,444.951,73.1634,2,0
3597,25.3692,162.512,2,0
3598,467.608,66.656,2,0
3599,269.889,90.2447,2,0
3600,449.604,189.465,2,0
3601,212.286,129.121,2,0
3602,158.952,86.8772,2,0
3603,368.279,26.7185,2,0
3604,24.1406,274.679,2,0
3605,292.554,70.1471,2,0
3606,46.4689,149.138,2,0
3607,118.997,135.211,2,0
3608,305.67,5.79391,2,0
3609,150.117,22.0185,2,0
3610,540.677,130.902,2,0
3611,339.839,249.406,2,0
3612,309.589,146.31,2,0
3613,168.2,230.774,2,0
3614,307.657,265.304,2,0
3615,127.005,167.966,2,0
3616,28.6206,59.8313,2,0
3617,31.1602,254.398,2,0
3618,9.93388,154.739,2,0
3619,244.099,182.809,2,0
3620,6.67559,294.47,2,0
3621,496.254,240.85,2,0
3622,442.806,76.5898,2,0
3623,146.748,284.442,2,0
3624,268.718,195.826,2,0
3625,43.985,156.595,2,0
3626,141.58,88.0601,2,0
3627,539.216,287.279,2,0
3628,444.753,16.6814,2,0
3629,8.56317,177.697,2,0
3630,115.064,251.16,2,0
3631,36.3267,210.915,2,0
3632,113.602,75.8599,2,0
3633,170.526,234.115,2,0
3634,447.001,221.786,2,0
3635,290.017,96.7977,2,0
3636,126.356,5.67672,2,0
3637,372.184,163.948,2,0
3638,352.593,106.103,2,0
3639,72.5557,286.016,2,0
3640,161.945,208.564,2,0
3641,448.563,80.815,2,0
3642,260.14,6.0192,2,0
3643,502.592,191.237,2,0
3644,350.714,48.8836,2,0
3645,411.985,180.548,2,0
3646,108.226,237.969,2,0
3647,420.775,207.633,2,0
3648,198.416,103.51,2,0
3649,18.984,294.382,2,0
3650,599.538,126.793,2,0
3651,331.442,133.541,2,0
3652,228.387,131.578,2,0
3653,419.521,164.98,2,0
3654,558.079,26.2428,2,0
3655,571.247,264.542,2,0
3656,554.949,281.005,2,0
3657,331.816,280.343,2,0
3658,187.442,120.865,2,0
3659,549.225,251.271,2,0
3660,139.468,225.48,2,0
3661,286.618,166.84,2,0
3662,566.105,93.0624,2,0
3663,130.91,135.96,2,0
3664,68.4955,273.115,2,0
3665,510.661,264.946,2,0
3666,108.08,11.5484,2,0
3667,151.806,259.504,2,0
3668,586.382,210.768,2,0
3669,166.017,207.958,2,0
3670,365.164,70.9423,2,0
3671,186.851,186.277,2,0
3672,114.966,229.292,2,0
3673,536.948,27.1033,2,0
3674,464.274,175.299,2,0
3675,11.029,142.597,2,0
3676,591.516,60.5405,2,0
3677,233.323,173.397,2,0
3678,342.34,101.558,2,0
3679,472.557,82.507,2,0
3680,270.41,262.766,2,0
3681,198.062,242.038,2,0
3682,110.111,257.161,2,0
3683,227.73,68.2686,2,0
3684,401.749,206.803,2,0
3685,577.489,55.3894,2,0
3686,588.645,237.919,2,0
3687,261.734,217.228,2,0
3688,409.431,52.1613,2,0
3689,393.492,61.0951,2,0
3690,542.068,5.97134,2,0
3691,6.34065,59.4805,2,0
3692,574.049,2,2,0
3693,445.805,134.557,2,0
3694,390.29,41.2663,2,0
3695,290.291,164.813,2,0
3696,453.153,291.022,2,0
3697,146.164,149.351,2,0
3698,510.642,190.251,2,0
3699,194.498,43.3992,2,0
3700,300.158,111.076,2,0
3701,420.321,222.021,2,0
3702,464.097,19.6022,2,0
3703,593.065,130.685,2,0
3704,63.6705,47.8579,2,0
3705,483.769,33.9577,2,0
3706,370.321,250.059,2,0
3707,476.089,178.306,2,0
3708,91.5703,126.402,2,0
3709,358.281,116.49,2,0
3710,569.947,177.219,2,0
3711,404.222,261.142,2,0
3712,444.498,80.2933,2,0
3713,121.533,261.222,2,0
3714,57.6329,44.0069,2,0
3715,257.361,96.3151,2,0
3716,410.33,78.8793,2,0
3717,468.089,286.543,2,0
3718,597.059,99.8793,2,0
3719,15.4274,25.4206,2,0
3720,403.68,12.2058,2,0
3721,174.591,233.689,2,0
3722,78.2741,177.119,2,0
3723,48.13,218.741,2,0
3724,163.397,219.67,2,0
3725,63.3512,40.5116,2,0
3726,383.396,88.904,2,0
3727,387.435,264.997,2,0
3728,247.647,215.828,2,0
3729,211.349,298,2,0
3730,564.962,190.68,2,0
3731,397.563,269.284,2,0
3732,572.239,68.9892,2,0
3733,46.0892,91.5698,2,0
3734,274.022,105.921,2,0
3735,275.134,280.145,2,0
3736,22.2024,20.0421,2,0
3737,553.324,186.786,2,0
3738,182.522,138.251,2,0
3739,596.386,115.698,2,0
3740,253.254,239.933,2,0
3741,50.6256,268.892,2,0
3742,401.675,153.373,2,0
3743,505.995,125.931,2,0
3744,528.871,298,2,0
3745,457.58,72.6923,2,0
3746,262.93,63.7156,2,0
3747,501.564,184.108,2,0
3748,450.071,242.659,2,0
3749,387.265,38.2814,2,0
3750,211.851,103.317,2,0
3751,304.678,271.814,2,0
3752,293.828,104.199,2,0
3753,197.625,75.8743,2,0
3754,436.843,267.524,2,0
3755,96.8678,6.01162,2,0
3756,186.204,175.069,2,0
3757,50.4133,133.315,2,0
3758,321.175,75.1889,2,0
3759,566.583,214.043,2,0
3760,506.908,23.8503,2,0
3761,294.774,96.9466,2,0
3762,510.487,249.535,2,0
3763,188.598,257.93,2,0
3764,521.155,296.013,2,0
3765,349.073,242.582,2,0
3766,593.899,196.661,2,0
3767,13.6075,222.083,2,0
3768,405,178.963,2,0
3769,512.238,5.89757,2,0
3770,330.775,5.88969,2,0
3771,507.242,142.22,2,0
3772,184.581,59.1594,2,0
3773,536.132,59.5647,2,0
3774,503.456,115.264,2,0
3775,117.983,66.5693,2,0
3776,423.318,194.979,2,0
3777,87.9514,253.66,2,0
3778,290.957,135.415,2,0
3779,461.714,96.3877,2,0
3780,205.845,252.452,2,0
3781,577.885,164.821,2,0
3782,568.262,188.32,2,0
3783,331.123,116.082,2,0
3784,213.393,214.82,2,0
3785,517.744,249.634,2,0
3786,561.141,226.049,2,0
3787,49.3272,156.038,2,0
3788,115.733,170.575,2,0
3789,352.666,287.529,2,0
3790,401.508,69.2961,2,0
3791,597.053,249.734,2,0
3792,510.181,73.5674,2,0
3793,423.392,128.285,2,0
3794,137.951,149.565,2,0
3795,267.022,27.665,2,0
3796,480.245,152.468,2,0
3797,287.059,154.65,2,0
3798,363.501,52.7461,2,0
3799,271.492,236.215,2,0
3800,325.556,298,2,0
3801,381.488,2,2,0
3802,437.923,216.798,2,0
3803,453.05,181.456,2,0
3804,71.0267,50.3998,2,0
3805,258.915,63.1202,2,0
3806,23.8082,36.0426,2,0
3807,138.153,20.2318,2,0
3808,115.489,14.0536,2,0
3809,196.033,39.6307,2,0
3810,563.788,280.095,2,0
3811,9.0688,101.915,2,0
3812,547.063,278.451,2,0
3813,324.387,170.006,2,0
3814,202.137,226.818,2,0
3815,251.67,9.44427,2,0
3816,452.824,186.76,2,0
3817,315.503,244.985,2,0
3818,200.536,38.3538,2,0
3819,297.656,197.327,2,0
3820,170.01,58.3074,2,0
3821,96.8003,192.987,2,0
3822,459.039,176.041,2,0
3823,472.226,216.346,2,0
3824,486.191,250.188,2,0
3825,477.541,232.802,2,0
3826,107.034,264.634,2,0
3827,432.188,285.599,2,0
3828,339.848,132.261,2,0
3829,101.594,247.274,2,0
3830,510.918,36.6538,2,0
3831,152.139,145.587,2,0
3832,187.691,17.7039,2,0
3833,257.494,188.216,2,0
3834,427.407,137.365,2,0
3835,357.757,29.0842,2,0
3836,179.118,53.0186,2,0
3837,421.789,282.849,2,0
3838,282.344,9.67148,2,0
3839,391.636,37.4833,2,0
3840,305.829,204.826,2,0
3841,417.043,5.95039,2,0
3842,161.395,185.564,2,0
3843,368.734,143.735,2,0
3844,192.1,99.8719,2,0
3845,400.791,57.5885,2,0
3846,279.809,270.314,2,0
3847,474.266,28.7488,2,0
3848,12.7464,274.008,2,0
3849,354.193,109.852,2,0
3850,183.316,63.0787,2,0
3851,269.809,117.068,2,0
3852,18.1868,147.946,2,0
3853,565.622,84.6705,2,0
3854,184.067,118.69,2,0
3855,379.856,221.316,2,0
3856,410.537,74.7332,2,0
3857,482.168,223.735,2,0
3858,497.391,18.7253,2,0
3859,190.288,243.45,2,0
3860,591.286,226.949,2,0
3861,274.74,242.86,2,0
3862,377.524,269.723,2,0
3863,136.04,2,2,0
3864,329.698,270.918,2,0
3865,57.1116,80.4073,2,0
3866,534.202,111.5,2,0
3867,236.083,40.9885,2,0
3868,167.715,135.902,2,0
3869,257.114,225.517,2,0
3870,26.4167,118.084,2,0
3871,49.2403,43.8239,2,0
3872,257.161,256.116,2,0
3873,414.731,27.6667,2,0
3874,375.351,22.1555,2,0
3875,415.233,183.272,2,0
3876,263.052,135.43,2,0
3877,131.153,84.3016,2,0
3878,388.802,34.5602,2,0
3879,340.421,183.844,2,0
3880,178.175,242.027,2,0
3881,473.61,231.812,2,0
3882,494.712,167.035,2,0
3883,397.626,154.494,2,0
3884,74.4637,48.3232,2,0
3885,150.758,86.7701,2,0
3886,401.416,95.0523,2,0
3887,438.389,130.725,2,0
3888,320.503,214.899,2,0
3889,420.044,252.386,2,0
3890,530.68,160.926,2,0
3891,16.7611,298,2,0
3892,97.0117,63.9772,2,0
3893,93.0442,142.675,2,0
3894,495.936,74.3011,2,0
3895,506.293,99.823,2,0
3896,375.093,65.2089,2,0
3897,223.574,241.367,2,0
3898,165.008,37.7681,2,0
3899,401.758,143.776,2,0
3900,122.47,237.125,2,0
3901,223.751,103.473,2,0
3902,12.6795,138.772,2,0
3903,501.7,104.307,2,0
3904,146.477,298,2,0
3905,359.337,100.637,2,0
3906,320.286,8.76013,2,0
3907,331.784,16.9442,2,0
3908,192.472,192.133,2,0
3909,307.322,233.026,2,0
3910,233.135,227.231,2,0
3911,201.932,253.494,2,0
3912,401.848,252.906,2,0
3913,359.765,138.636,2,0
3914,311.256,123.457,2,0
3915,190.097,32.9311,2,0
3916,480.856,183.457,2,0
3917,482.766,237.172,2,0
3918,163.278,274.269,2,0
3919,275.789,77.8481,2,0
3920,347.474,19.9577,2,0
3921,348.025,45.9163,2,0
3922,387.425,47.6492,2,0
3923,318.983,242.855,2,0
3924,318.858,24.5427,2,0
3925,191.347,154.036,2,0
3926,91.4451,183.5,2,0
3927,299.188,16.5818,2,0
3928,344.315,294.489,2,0
3929,9.70383,158.763,2,0
3930,19.4419,194.128,2,0
3931,487.807,179.256,2,0
3932,457.81,113.609,2,0
3933,304.873,152.864,2,0
3934,244.199,146.754,2,0
3935,431.023,65.2674,2,0
3936,364.226,16.5782,2,0
3937,498.132,263.537,2,0
3938,331.603,154.108,2,0
3939,71.2122,97.9467,2,0
3940,284.288,64.5054,2,0
3941,543.983,9.54786,2,0
3942,115.584,241.523,2,0
3943,59.8132,227.333,2,0
3944,339.965,270.3,2,0
3945,285.241,30.3302,2,0
3946,398.253,254.612,2,0
3947,576.619,216.335,2,0
3948,16.7588,231.469,2,0
3949,36.2481,39.719,2,0
3950,547.083,78.0335,2,0
3951,46.0166,99.7697,2,0
3952,216.099,217.836,2,0
3953,552.582,114.575,2,0
3954,76.8158,286.849,2,0
3955,453.827,157.91,2,0
3956,165.987,169.123,2,0
3957,579.597,33.596,2,0
3958,314.96,240.931,2,0
3959,549.152,112.401,2,0
3960,49.6789,26.3411,2,0
3961,342.328,30.0902,2,0
3962,478.953,102.541,2,0
3963,268.769,204.146,2,0
3964,107.536,54.6806,2,0
3965,407.994,141.644,2,0
3966,515.844,172.654,2,0
3967,107.408,158.468,2,0
3968,74.3791,23.3921,2,0
3969,590.991,219.527,2,0
3970,246.11,128.934,2,0
3971,580.977,131.366,2,0
3972,260.712,183.711,2,0
3973,167.53,94.0251,2,0
3974,221.616,276.667,2,0
3975,271.927,2,2,0
3976,251.102,133.741,2,0
3977,595.763,266.111,2,0
3978,581.504,204.437,2,0
3979,277.871,245.525,2,0
3980,588.648,138.246,2,0
3981,41.1221,298,2,0
3982,17.4225,156.053,2,0
3983,171.603,143.671,2,0
3984,200.639,286.489,2,0
3985,499.932,176.971,2,0
3986,30.4798,96.2067,2,0
3987,388.004,129.646,2,0
3988,76.6165,19.9941,2,0
3989,537.162,51.4848,2,0
3990,379.185,15.2645,2,0
3991,578.853,124.269,2,0
3992,363.416,239.944,2,0
3993,319.541,286.766,2,0
3994,173.822,13.9258,2,0
3995,133.916,149.521,2,0
3996,534.204,158.875,2,0
3997,394.09,276.592,2,0
3998,303.265,119.075,2,0
3999,267.76,120.506,2,0
4000,528.419,70.895,2,0
4001,440.802,45.4127,2,0
4002,42.2929,279.419,2,0
4003,0.543581,291.077,2,0
4004,40.8081,22.687,2,0
4005,456.545,172.876,2,0
4006,289.771,103.298,2,0
4007,235.563,18.5199,2,0
4008,428.379,24.1147,2,0
4009,551.393,51.4388,2,0
4010,418.469,280.491,2,0
4011,225.01,171.426,2,0
4012,6.07286,236.534,2,0
4013,289.786,218.757,2,0
4014,416.756,24.1781,2,0
4015,400.893,165.302,2,0
4016,355.759,168.39,2,0
4017,386.144,96.262,2,0
4018,121.349,73.5698,2,0
4019,423.096,103.542,2,0
4020,286.21,116.123,2,0
4021,286.065,141.365,2,0
4022,53.6865,171.949,2,0
4023,392.63,123.071,2,0
4024,377.475,193.284,2,0
4025,345.97,156.885,2,0
4026,226.99,138.988,2,0
4027,558.56,131.463,2,0
4028,384.395,267.76,2,0
4029,258.093,194.126,2,0
4030,191.016,224.687,2,0
4031,398.387,97.8845,2,0
4032,167.247,289.598,2,0
4033,578.236,235.634,2,0
4034,452.923,298,2,0
4035,325.939,269.577,2,0
4036,267.847,283.926,2,0
4037,111.541,231.614,2,0
4038,543.444,127.946,2,0
4039,194.194,84.0165,2,0
4040,41.5294,194.003,2,0
4041,570.586,214.673,2,0
4042,383.045,259.703,2,0
4043,263.053,13.192,2,0
4044,202.797,150.782,2,0
4045,547.546,164.304,2,0
4046,308.352,55.2756,2,0
4047,307.413,29.3943,2,0
4048,319.652,152.244,2,0
4049,302.841,247.248,2,0
4050,51.2322,89.8969,2,0
4051,55.1239,120.37,2,0
4052,439.751,114.241,2,0
4053,399.459,242.412,2,0
4054,498.488,180.753,2,0
4055,157.245,12.0849,2,0
4056,175.757,106.334,2,0
4057,355.187,248.841,2,0
4058,590.977,93.9051,2,0
4059,253.102,103.141,2,0
4060,568.442,74.3385,2,0
4061,293.411,284.854,2,0
4062,191.428,51.4034,2,0
4063,3.21928,172.712,2,0
4064,459.927,69.3256,2,0
4065,92.8902,64.0466,2,0
4066,331.194,193.4,2,0
4067,480.859,111.131,2,0
4068,101.766,167.577,2,0
4069,339.738,258.684,2,0
4070,390.297,107.068,2,0
4071,444.499,204.063,2,0
4072,281.695,109.439,2,0
4073,441.691,41.3471,2,0
4074,145.947,142.135,2,0
4075,343.187,97.6306,2,0
4076,424.06,2,2,0
4077,63.3729,26.4649,2,0
4078,145.462,186.888,2,0
4079,135.792,23.8996,2,0
4080,361.081,22.7591,2,0
4081,565.328,80.5876,2,0
4082,587.809,159.335,2,0
4083,357.404,7.99147,2,0
4084,31.0946,191.177,2,0
4085,469.741,24.531,2,0
4086,501.572,162.498,2,0
4087,571.751,16.9188,2,0
4088,194.014,13.3447,2,0
4089,126.226,242.984,2,0
4090,411.897,132.103,2,0
4091,207.284,210.349,2,0
4092,172.09,223.86,2,0
4093,15.7949,253.595,2,0
4094,264.302,286.329,2,0
4095,215.772,104.268,2,0
4096,584.736,43.066,2,0
4097,321.176,65.701,2,0
4098,101.353,181.963,2,0
4099,338.993,27.2553,2,0
4100,89.4236,202.376,2,0
4101,293.496,138.511,2,0
4102,2.42017,158.099,2,0
4103,418.585,70.2761,2,0
4104,346.055,213.14,2,0
4105,122.713,133.596,2,0
4106,319.84,218.884,2,0
4107,364.895,279.191,2,0
4108,434.755,249.072,2,0
4109,114.414,103.995,2,0
4110,121.594,293.999,2,0
4111,279.042,224.337,2,0
4112,85.0562,101.945,2,0
4113,161.135,90.4172,2,0
4114,246.158,261.079,2,0
4115,426.646,96.4614,2,0
4116,14.5266,13.5108,2,0
4117,37.283,113.426,2,0
4118,592.703,44.244,2,0
4119,76.3814,51.9881,2,0
4120,420.903,158.228,2,0
4121,47.2021,119.184,2,0
4122,102.132,225.056,2,0
4123,341.122,199.583,2,0
4124,299.176,103.706,2,0
4125,24.6923,63.953,2,0
4126,507.18,137.858,2,0
4127,85.5175,201.507,2,0
4128,415.273,33.8826,2,0
4129,134.17,138.428,2,0
4130,324.479,63.3051,2,0
4131,265.586,124.1,2,0
4132,409.375,60.3234,2,0
4133,508.25,28.2137,2,0
4134,335.219,213.267,2,0
4135,155.089,155.702,2,0
4136,516.136,153.708,2,0
4137,252.217,224.679,2,0
4138,392.854,212.152,2,0
4139,323.766,108.334,2,0
4140,162.428,278.366,2,0
4141,270.089,53.4907,2,0
4142,371.07,298,2,0
4143,169.842,245.615,2,0
4144,56.8008,235.025,2,0
4145,474.726,235.662,2,0
4146,188.749,272.717,2,0
4147,304.383,298,2,0
4148,2.25685,280.193,2,0
4149,64.9726,170.898,2,0
4150,122.694,253.458,2,0
4151,445.909,290.572,2,0
4152,392.439,99.2768,2,0
4153,253.105,228.63,2,0
4154,6.50967,105.132,2,0
4155,27.7351,241.759,2,0
4156,18.0598,174.424,2,0
4157,419.773,99.3367,2,0
4158,558.65,155.398,2,0
4159,571.353,27.9867,2,0
4160,519.887,215.303,2,0
4161,439.266,286.074,2,0
4162,371.481,16.4752,2,0
4163,170.116,241.613,2,0
4164,317.639,77.062,2,0
4165,356.691,152.608,2,0
4166,80.3631,242.986,2,0
4167,549.519,226.255,2,0
4168,204.814,56.0575,2,0
4169,597.271,16.5938,2,0
4170,367.047,200.198,2,0
4171,154.698,195.728,2,0
4172,542.441,226.521,2,0
4173,596.298,203.42,2,0
4174,186.674,159.863,2,0
4175,41.3721,229.09,2,0
4176,559.827,109.124,2,0
4177,242.49,39.4861,2,0
4178,14.3952,48.2644,2,0
4179,118.795,213.389,2,0
4180,502.258,58.451,2,0
4181,223.975,119.549,2,0
4182,56.4018,111.668,2,0
4183,244.657,209.543,2,0
4184,215.523,298,2,0
4185,598.392,190.691,2,0
4186,370.481,189.109,2,0
4187,592.524,185.674,2,0
4188,562.309,90.8012,2,0
4189,512.48,9.99075,2,0
4190,365.257,2,2,0
4191,535.785,16.5701,2,0
4192,536.448,170.651,2,0
4193,492.968,174.533,2,0
4194,411.625,279.898,2,0
4195,72.3063,26.8211,2,0
4196,188.577,147.304,2,0
4197,494.482,181.485,2,0
4198,22.096,146.682,2,0
4199,200.524,282.4,2,0
4200,298.103,23.9355,2,0
4201,565.489,259.943,2,0
4202,286.794,204.025,2,0
4203,332.937,225.456,2,0
4204,393.615,284.038,2,0
4205,418.927,272.494,2,0
4206,247.798,246.046,2,0
4207,469.255,45.9377,2,0
4208,431.547,187.359,2,0
4209,549.184,144.088,2,0
4210,164.693,200.805,2,0
4211,319.653,145.575,2,0
4212,308.539,284.141,2,0
4213,185.602,164.088,2,0
4214,120.64,81.7946,2,0
4215,111.239,227.571,2,0
4216,513.023,169.241,2,0
4217,284.957,250.671,2,0
4218,20.2381,9.38864,2,0
4219,54.2518,196.381,2,0
4220,369.899,203.502,2,0
4221,44.6116,111.743,2,0
4222,32.4113,166.79,2,0
4223,138.863,289.971,2,0
4224,478.222,157.28,2,0
4225,595.243,55.1266,2,0
4226,18.8166,122.661,2,0
4227,349.833,93.0454,2,0
4228,192.63,47.4974,2,0
4229,398.618,86.0657,2,0
4230,85.9348,38.1163,2,0
4231,290.038,140.543,2,0
4232,47.3035,232.79,2,0
4233,154.89,121.987,2,0
4234,385.456,80.6884,2,0
4235,162.396,23.4079,2,0
4236,466.339,270.618,2,0
4237,500.581,229.962,2,0
4238,265.247,272.126,2,0
4239,536.501,230.295,2,0
4240,555.141,175.818,2,0
4241,418.875,287.457,2,0
4242,116.707,161.513,2,0
4243,504.502,81.2285,2,0
4244,210.866,69.7496,2,0
4245,74.689,276.075,2,0
4246,60.3186,219.875,2,0
4247,590.636,38.2408,2,0
4248,416.234,168.347,2,0
4249,356.376,266.628,2,0
4250,520.145,11.8517,2,0
4251,529.416,186.721,2,0
4252,126.541,132.052,2,0
4253,503.029,34.3608,2,0
4254,404.085,74.1416,2,0
4255,233.517,51.4669,2,0
4256,583.136,118.647,2,0
4257,94.4456,134.014,2,0
4258,303.766,44.9602,2,0
4259,549.127,181.395,2,0
4260,86.82,9.54743,2,0
4261,455.408,12.9022,2,0
4262,6.24814,156.635,2,0
4263,63.9224,6.01523,2,0
4264,598.799,209.868,2,0
4265,189.735,107.462,2,0
4266,294.232,56.8923,2,0
4267,269.691,64.3433,2,0
4268,218.216,36.047,2,0
4269,245.906,197.408,2,0
4270,112.783,114.878,2,0
4271,582.292,100.252,2,0
4272,355.853,98.5923,2,0
4273,391.437,262.149,2,0
4274,498.209,251.064,2,0
4275,36.9957,105.33,2,0
4276,34.0404,279.615,2,0
4277,68.003,26.6495,2,0
4278,208.108,66.6244,2,0
4279,271.632,282.111,2,0
4280,122.2,233,2,0
4281,521.304,2,2,0
4282,457.864,169.007,2,0
4283,523.714,216.527,2,0
4284,372.258,69.3507,2,0
4285,435.152,86.4417,2,0
4286,81.6518,298,2,0
4287,389.93,276.765,2,0
4288,570.213,145.624,2,0
4289,509.127,158.069,2,0
4290,222.384,5.58673,2,0
4291,515.196,109.958,2,0
4292,70.8636,80.8487,2,0
4293,334.567,141.752,2,0
4294,443.185,5.86044,2,0
4295,129.982,56.5354,2,0
4296,184.039,90.593,2,0
4297,368.426,226.85,2,0
4298,261.476,191.913,2,0
4299,247.383,257.189,2,0
4300,540.165,142.008,2,0
4301,475.642,205.343,2,0
4302,472.246,197.203,2,0
4303,203.456,110.909,2,0
4304,125.878,205.618,2,0
4305,343.018,40.7813,2,0
4306,293.486,191.351,2,0
4307,148.81,97.5278,2,0
4308,428.285,291.334,2,0
4309,129.02,228.387,2,0
4310,182.387,275.392,2,0
4311,532.42,230.417,2,0
4312,166.606,248.143,2,0
4313,593.838,230.241,2,0
4314,393.842,29.4081,2,0
4315,242.968,78.9223,2,0
4316,157.082,104.442,2,0
4317,50.2995,230.03,2,0
4318,196.394,145.77,2,0
4319,98.2826,179.319,2,0
4320,240.649,160.191,2,0
4321,251.778,247.032,2,0
4322,457.098,228.538,2,0
4323,239.297,279.978,2,0
4324,381.712,235.897,2,0
4325,11.6457,41.5775,2,0
4326,543.417,198.511,2,0
4327,75.0705,86.7376,2,0
4328,234.091,31.266,2,0
4329,543.874,22.814,2,0
4330,336.801,223.945,2,0
4331,540.759,271.317,2,0
4332,130.368,140.044,2,0
4333,405.151,136.466,2,0
4334,285.706,282.914,2,0
4335,86.5798,241.54,2,0
4336,387.99,199.165,2,0
4337,23.9673,234.518,2,0
4338,187.379,171.082,2,0
4339,263.186,294.417,2,0
4340,573.012,154.048,2,0
4341,517.712,281.336,2,0
4342,391.212,149.955,2,0
4343,80.1541,218.805,2,0
4344,394.423,222.035,2,0
4345,510.651,245.408,2,0
4346,38.5235,52.2062,2,0
4347,153.227,11.4718,2,0
4348,247.7,17.1439,2,0
4349,272.925,61.9022,2,0
4350,560.881,143.29,2,0
4351,438.766,76.5881,2,0
4352,301.629,100.448,2,0
4353,566.453,152.981,2,0
4354,467.247,129.206,2,0
4355,114.363,177.769,2,0
4356,80.6374,148.307,2,0
4357,473.518,97.8937,2,0
4358,126.499,65.4809,2,0
4359,541.816,205.553,2,0
4360,551.082,279.054,2,0
4361,536.957,165.983,2,0
4362,42.4438,97.774,2,0
4363,433.479,44.0785,2,0
4364,279.312,179.086,2,0
4365,347.538,97.1098,2,0
4366,533.361,41.1874,2,0
4367,356.893,141.489,2,0
4368,252.132,110.719,2,0
4369,353.609,191.087,2,0
4370,122.8,188.101,2,0
4371,112.313,279.95,2,0
4372,218.354,259.238,2,0
4373,531.109,73.9605,2,0
4374,535.458,237.807,2,0
4375,19.016,228.114,2,0
4376,446.74,278.464,2,0
4377,37.1541,5.78044,2,0
4378,478.505,186.779,2,0
4379,145.436,230.927,2,0
4380,142.259,156.573,2,0
4381,337.699,77.8269,2,0
4382,42.8469,264.629,2,0
4383,547.213,82.1137,2,0
4384,429.941,267.104,2,0
4385,570.408,103.82,2,0
4386,401.28,226.236,2,0
4387,390.278,224.468,2,0
4388,159.421,220.344,2,0
4389,24.7733,55.8305,2,0
4390,100.606,287.193,2,0
4391,115.8,2,2,0
4392,73.1523,119.888,2,0
4393,416.249,222.702,2,0
4394,537.308,100.85,2,0
4395,94.8923,266.41,2,0
4396,164.122,162.148,2,0
4397,138.993,49.0444,2,0
4398,71.5038,195.791,2,0
4399,50.7643,250.634,2,0
4400,265.716,142.598,2,0
4401,315.642,10.2204,2,0
4402,85.0677,232.677,2,0
4403,446.174,67.1172,2,0
4404,42.7925,151.37,2,0
4405,501.333,158.338,2,0
4406,248.291,147.726,2,0
4407,494.393,134.615,2,0
4408,353.909,6.00285,2,0
4409,492.801,225.484,2,0
4410,292.958,25.3622,2,0
4411,599.06,119.338,2,0
4412,279.731,195.728,2,0
4413,427.022,256.665,2,0
4414,406.046,189.572,2,0
4415,252.902,298,2,0
4416,436.385,8.98071,2,0
4417,7.13258,206.915,2,0
4418,97.153,89.4578,2,0
4419,175.984,267.9,2,0
4420,324.677,94.7219,2,0
4421,31.9721,178.925,2,0
4422,346.739,58.5303,2,0
4423,440.379,118.227,2,0
4424,544.226,31.0335,2,0
4425,248.988,263.988,2,0
4426,40.0983,60.1909,2,0
4427,114.143,257.496,2,0
4428,447.366,30.8089,2,0
4429,154.39,149.094,2,0
4430,356.06,238.646,2,0
4431,275.743,218.122,2,0
4432,127.962,123.983,2,0
4433,358.11,205.789,2,0
4434,228.576,255.585,2,0
4435,323.465,276.063,2,0
4436,452.305,127.525,2,0
4437,412.636,298,2,0
4438,595.588,133.9,2,0
4439,342.203,51.8088,2,0
4440,233.018,192.485,2,0
4441,344.044,44.9159,2,0
4442,216.209,9.10951,2,0
4443,314.18,75.0413,2,0
4444,428.775,113.907,2,0
4445,445.111,104.634,2,0
4446,557.021,230.018,2,0
4447,283.254,160.852,2,0
4448,512.553,104.617,2,0
4449,508.191,186.94,2,0
4450,209.879,156.447,2,0
4451,308.174,126.009,2,0
4452,501.188,42.4683,2,0
4453,293.244,288.858,2,0
4454,89.8464,94.2624,2,0
4455,341.25,274.162,2,0
4456,256.664,2,2,0
4457,582.871,153.043,2,0
4458,198.685,96.2522,2,0
4459,492.664,273.986,2,0
4460,53.2242,95.742,2,0
4461,294.863,200.317,2,0
4462,278.018,38.0191,2,0
4463,118.503,200.962,2,0
4464,598.552,287.504,2,0
4465,514.12,262.917,2,0
4466,177.226,38.8829,2,0
4467,378.467,168.124,2,0
4468,503.435,122.617,2,0
4469,277.384,84.0864,2,0
4470,272.151,206.358,2,0
4471,563.05,106.74,2,0
4472,259.592,113.111,2,0
4473,343.141,229.214,2,0
4474,523.663,161.093,2,0
4475,142.385,298,2,0
4476,285.965,278.898,2,0
4477,41.8775,41.1759,2,0
4478,353.02,276.649,2,0
4479,532.019,290.836,2,0
4480,407.491,71.9593,2,0
4481,120.057,10.1937,2,0
4482,61.9821,196.729,2,0
4483,195.186,168.565,2,0
4484,454.256,65.187,2,0
4485,268.178,225.755,2,0
4486,339.428,38.9189,2,0
4487,540.502,94.4022,2,0
4488,292.146,112.116,2,0
4489,460.085,129.807,2,0
4490,382.138,144.482,2,0
4491,583.252,5.90696,2,0
4492,339.425,19.2346,2,0
4493,254.361,73.7205,2,0
4494,177.662,283.235,2,0
4495,289.296,27.0735,2,0
4496,11.2925,111.481,2,0
4497,590.806,119.946,2,0
4498,50.3733,215.363,2,0
4499,549.613,2,2,0
4500,402.112,210.844,2,0
4501,147.291,50.2163,2,0
4502,358.978,298,2,0
4503,258.218,158.125,2,0
4504,304.061,136.349,2,0
4505,415.535,143.841,2,0
4506,438.525,106.137,2,0
4507,67.8034,65.8576,2,0
4508,132.486,16.0443,2,0
4509,410.905,95.3299,2,0
4510,439.155,170.82,2,0
4511,62.2168,281.866,2,0
4512,587.125,12.9638,2,0
4513,116.458,149.851,2,0
4514,206.158,157.992,2,0
4515,5.38486,164.818,2,0
4516,521.78,211.762,2,0
4517,432.212,242.1,2,0
4518,307.481,186.912,2,0
4519,349.889,253.569,2,0
4520,76.7099,12.9835,2,0
4521,271.792,181.361,2,0
4522,131.869,178.624,2,0
4523,391.431,181.225,2,0
4524,77.0002,185.248,2,0
4525,461.788,23.0467,2,0
4526,336.252,110.674,2,0
4527,117.335,116.245,2,0
4528,255.48,112.921,2,0
4529,258.685,180.152,2,0
4530,48.2132,247.385,2,0
4531,505.839,69.98,2,0
4532,272.825,138.48,2,0
4533,371.877,28.6884,2,0
4534,154.471,180.833,2,0
4535,348.761,66.3859,2,0
4536,78.3817,59.6446,2,0
4537,445.905,252.058,2,0
4538,505.928,147.687,2,0
4539,483.09,278.981,2,0
4540,299.624,281.517,2,0
4541,580.628,238.912,2,0
4542,398.368,23.7445,2,0
4543,376.12,222.922,2,0
4544,39.3141,203.459,2,0
4545,584.863,145.186,2,0
4546,156.517,272.767,2,0
4547,455.597,209.92,2,0
4548,430.138,85.5027,2,0
4549,4.7134,252.294,2,0
4550,106.803,283.61,2,0
4551,528.268,20.0154,2,0
4552,453.055,71.7417,2,0
4553,424.913,133.918,2,0
4554,96.4975,294.164,2,0
4555,73.0174,279.764,2,0
4556,301.497,127.35,2,0
4557,345.217,217.121,2,0
4558,518.163,237.156,2,0
4559,20.7293,38.6867,2,0
4560,237.285,174.218,2,0
4561,194.378,157.846,2,0
4562,8.50445,115.144,2,0
4563,54.7052,91.9829,2,0
4564,31.0053,231.865,2,0
4565,89.4807,155.683,2,0
4566,113.492,41.4617,2,0
4567,406.141,247.201,2,0
4568,334.743,126.278,2,0
4569,30.9446,48.9521,2,0
4570,255.312,88.6247,2,0
4571,456.075,184.199,2,0
4572,207.696,103.86,2,0
4573,431.343,74.0024,2,0
4574,166.061,5.59032,2,0
4575,11.8573,281.523,2,0
4576,104.489,261.5,2,0
4577,230.853,287.283,2,0
4578,528.064,37.5425,2,0
4579,211.321,209.931,2,0
4580,311.644,9.97911,2,0
4581,400.058,45.2224,2,0
4582,8.6782,290.958,2,0
4583,325.987,184.964,2,0
4584,173.857,167.354,2,0
4585,39.1752,56.2727,2,0
4586,528.32,230.64,2,0
4587,365.039,294.374,2,0
4588,213.583,234.089,2,0
4589,334.949,192.003,2,0
4590,29.2332,228.277,2,0
4591,227.099,60.1922,2,0
4592,120.924,108.844,2,0
4593,166.358,276.829,2,0
4594,551.104,81.1119,2,0
4595,257.123,165.386,2,0
4596,503.642,144.192,2,0
4597,577.14,132.773,2,0
4598,104.192,197.8,2,0
4599,159.482,275.601,2,0
4600,569.969,131.301,2,0
4601,52.7773,234.112,2,0
4602,282.716,276.528,2,0
4603,259.285,147.281,2,0
4604,45.4562,187.977,2,0
4605,94.1272,217.504,2,0
4606,346.93,14.12,2,0
4607,59.2334,33.3726,2,0
4608,404.478,30.9774,2,0
4609,23.6233,128.575,2,0
4610,47.781,18.5644,2,0
4611,33.9555,8.5768,2,0
4612,335.894,23.8657,2,0
4613,558.475,34.8588,2,0
4614,547.305,240.495,2,0
4615,543.881,170.415,2,0
4616,112.557,167.919,2,0
4617,517.334,65.5019,2,0
4618,272.5,158.885,2,0
4619,251.376,170.889,2,0
4620,367.765,246.855,2,0
4621,340.321,9.58328,2,0
4622,443.192,280.234,2,0
4623,458.457,232.28,2,0
4624,368.145,164.844,2,0
4625,202.098,171.241,2,0
4626,49.8253,137.355,2,0
4627,563.519,248.019,2,0
4628,503.196,290.454,2,0
4629,88.3595,180.889,2,0
4630,110.831,175.807,2,0
4631,468.441,298,2,0
4632,513.404,66.617,2,0
4633,263.393,275.893,2,0
4634,221.593,244.968,2,0
4635,404.694,109.822,2,0
4636,111.366,130.27,2,0
4637,424.052,220.447,2,0
4638,364.432,226.368,2,0
4639,134.768,80.7234,2,0
4640,379.446,258.178,2,0
4641,585.141,47.4415,2,0
4642,287.036,89.0367,2,0
4643,107.901,203.724,2,0
4644,191.167,131.222,2,0
4645,388.285,268.87,2,0
4646,189.66,206.247,2,0
4647,300.16,233.418,2,0
4648,464.599,277.473,2,0
4649,169.318,97.8012,2,0
4650,389.125,272.831,2,0
4651,242.82,16.9764,2,0
4652,236.16,133.663,2,0
4653,290.959,292.176,2,0
4654,511.631,228.647,2,0
4655,584.246,298,2,0
4656,424.919,60.6033,2,0
4657,0.549428,92.6083,2,0
4658,61.9461,270.565,2,0
4659,344.759,108.931,2,0
4660,145.03,201.773,2,0
4661,130.691,186.075,2,0
4662,446.885,240.15,2,0
4663,376.205,42.669,2,0
4664,184.595,144.634,2,0
4665,149.325,185.708,2,0
4666,9.9534,263.057,2,0
4667,367.465,152.396,2,0
4668,412.992,5.98407,2,0
4669,15.7595,80.4487,2,0
4670,226.297,218.699,2,0
4671,287.445,270.801,2,0
4672,71.568,141.392,2,0
4673,440.438,157.673,2,0
4674,120.689,149.524,2,0
4675,135.965,207.507,2,0
4676,139.273,278.462,2,0
4677,564.812,218.763,2,0
4678,216.617,63.3044,2,0
4679,111.081,264.037,2,0
4680,306.285,215.809,2,0
4681,596.991,245.056,2,0
4682,384.708,111.333,2,0
4683,222.526,259.089,2,0
4684,234.949,71.735,2,0
4685,481.316,62.7649,2,0
4686,234.408,63.6876,2,0
4687,488.303,95.1428,2,0
4688,447.847,262.231,2,0
4689,59.8509,256.525,2,0
4690,293.072,229.254,2,0
4691,224.261,70.6087,2,0
4692,260.587,78.9448,2,0
4693,383.558,263.846,2,0
4694,538.689,233.624,2,0
4695,582.977,12.9432,2,0
4696,359.243,184.84,2,0
4697,390.221,195.676,2,0
4698,139.243,91.7248,2,0
4699,387.371,192.696,2,0
4700,582.44,211.791,2,0
4701,93.0673,122.67,2,0
4702,100.694,145.379,2,0
4703,364.171,150.124,2,0
4704,73.713,131.513,2,0
4705,227.626,241.376,2,0
4706,390.034,143.224,2,0
4707,498.356,57.1033,2,0
4708,374.173,239.458,2,0
4709,395.24,74.4375,2,0
4710,430.765,38.6439,2,0
4711,27.3044,88.7608,2,0
4712,489.287,38.5401,2,0
4713,209.413,245.39,2,0
4714,544.084,26.8842,2,0
4715,118.62,205.314,2,0
4716,305.105,211.941,2,0
4717,500.701,225.929,2,0
4718,388.978,67.4549,2,0
4719,21.5368,16.0702,2,0
4720,511.594,77.8232,2,0
4721,33.2923,19.7923,2,0
4722,449.36,64.5079,2,0
4723,117.117,83.7354,2,0
4724,32.2971,90.3077,2,0
4725,486.93,205.828,2,0
4726,156.084,232.211,2,0
4727,444.312,2,2,0
4728,277.706,25.4695,2,0
4729,269.268,136.458,2,0
4730,46.0037,69.0052,2,0
4731,40.6553,90.1587,2,0
4732,316.931,53.317,2,0
4733,147.602,124.414,2,0
4734,486.433,30.792,2,0
4735,323.258,248.439,2,0
4736,343.714,124.194,2,0
4737,468.684,49.8998,2,0
4738,497.66,246.996,2,0
4739,584.151,276.859,2,0
4740,470.224,271.658,2,0
4741,219.373,52.5447,2,0
4742,76.0089,33.9305,2,0
4743,290.312,193.73,2,0
4744,261.976,70.9299,2,0
4745,273.34,250.942,2,0
4746,80.8411,226.95,2,0
4747,87.4222,2,2,0
4748,111.678,152.153,2,0
4749,193.496,227.917,2,0
4750,214.736,125.768,2,0
4751,70.3096,290.006,2,0
4752,10.6164,49.9269,2,0
4753,373.534,247.558,2,0
4754,470.875,167.807,2,0
4755,495.802,25.2848,2,0
4756,558.099,22.1374,2,0
4757,453.627,231.268,2,0
4758,249.079,103.183,2,0
4759,565.873,2,2,0
4760,275.914,271.97,2,0
4761,303.401,186.257,2,0
4762,395.077,126.469,2,0
4763,196.42,191.038,2,0
4764,353.794,56.4519,2,0
4765,180.969,298,2,0
4766,128.846,216.168,2,0
4767,56.1439,219.401,2,0
4768,508.556,257.426,2,0
4769,541.02,102.498,2,0
4770,85.7114,88.4833,2,0
4771,26.4381,95.8533,2,0
4772,154.569,291.01,2,0
4773,375.5,159.962,2,0
4774,50.2564,57.736,2,0
4775,250.605,5.57986,2,0
4776,481.816,260.104,2,0
4777,293.614,174.955,2,0
4778,152.961,75.6213,2,0
4779,308.853,180.081,2,0
4780,543.438,133.893,2,0
4781,599.531,151.837,2,0
4782,418.025,91.4978,2,0
4783,293.898,277.783,2,0
4784,466.892,160.637,2,0
4785,485.297,37.8251,2,0
4786,86.4742,193.553,2,0
4787,283.249,193.819,2,0
4788,132.826,213.891,2,0
4789,541.937,13.0434,2,0
4790,90.213,72.8251,2,0
4791,202.57,82.2738,2,0
4792,195.628,17.0931,2,0
4793,353.756,33.0127,2,0
4794,304.761,179.255,2,0
4795,196.475,259.243,2,0
4796,171.69,112.083,2,0
4797,496.904,78.4666,2,0
4798,354.975,298,2,0
4799,63.8496,19.7032,2,0
4800,246.722,118.136,2,0
4801,421.122,5.92032,2,0
4802,233.086,197.038,2,0
4803,511.603,97.3043,2,0
4804,437.246,89.8823,2,0
4805,185.297,195.947,2,0
4806,255.384,92.7441,2,0
4807,34.126,197.588,2,0
4808,337.494,35.3161,2,0
4809,541.825,241.938,2,0
4810,165.516,227.359,2,0
4811,274.229,94.8009,2,0
4812,414.206,219.255,2,0
4813,304.411,84.7144,2,0
4814,16.747,63.541,2,0
4815,203.421,146.582,2,0
4816,76.616,147.675,2,0
4817,65.4255,252.129,2,0
4818,97.5603,188.924,2,0
4819,232.877,231.219,2,0
4820,311.036,280.961,2,0
4821,115.513,273.814,2,0
4822,173.144,92.0324,2,0
4823,350.136,230.278,2,0
4824,68.2232,95.2797,2,0
4825,122.949,245.289,2,0
4826,86.4212,290.004,2,0
4827,331.655,198.984,2,0
4828,120.15,20.4482,2,0
4829,386.87,16.543,2,0
4830,90.8251,166.538,2,0
4831,395.274,174.373,2,0
4832,588.191,116.53,2,0
4833,515.759,18.6184,2,0
4834,20.7114,91.6374,2,0
4835,558.338,5.99418,2,0
4836,548.463,99.7549,2,0
4837,491.026,98.0792,2,0
4838,536.046,142.422,2,0
4839,94.0742,248.929,2,0
4840,266.762,133.214,2,0
4841,505.811,85.0154,2,0
4842,231.554,154.618,2,0
4843,190.796,73.6524,2,0
4844,392.5,92.3208,2,0
4845,81.9881,70.1625,2,0
4846,335.008,114.961,2,0
4847,541.514,290.788,2,0
4848,299.614,37.8302,2,0
4849,516.988,82.3228,2,0
4850,55.5006,5.85147,2,0
4851,358.761,41.8749,2,0
4852,440.803,261.674,2,0
4853,22.3517,46.7901,2,0
4854,413.349,247.694,2,0
4855,390.322,95.7821,2,0
4856,553.844,290.607,2,0
4857,361.755,39.1769,2,0
4858,20.0172,30.6741,2,0
4859,237.734,126.728,2,0
4860,407.848,19.187,2,0
4861,250.761,67.9909,2,0
4862,195.097,118.233,2,0
4863,221.233,83.2666,2,0
4864,488.971,286.707,2,0
4865,402.308,217.864,2,0
4866,28.8507,92.4956,2,0
4867,555.016,87.0336,2,0
4868,169.774,46.8837,2,0
4869,148.016,43.1016,2,0
4870,246.219,98.9948,2,0
4871,371.939,157.967,2,0
4872,343.546,84.0335,2,0
4873,514.908,230.965,2,0
4874,519.789,159.751,2,0
4875,207.278,118.075,2,0
4876,26.6023,141.04,2,0
4877,256.55,285.054,2,0
4878,229.672,225.073,2,0
4879,477.311,72.9049,2,0
4880,162.029,49.3002,2,0
4881,493.476,298,2,0
4882,198.033,12.5949,2,0
4883,136.696,77.06,2,0
4884,410.714,41.4463,2,0
4885,344.32,146.65,2,0
4886,97.1845,44.4523,2,0
4887,54.5206,53.9332,2,0
4888,50.5264,147.296,2,0
4889,407.212,48.762,2,0
4890,203.255,97.1889,2,0
4891,410.339,87.0004,2,0
4892,151.445,218.042,2,0
4893,587.617,284.393,2,0
4894,560.958,189.415,2,0
4895,539.954,216.125,2,0
4896,99.6196,79.0425,2,0
4897,493.735,87.3022,2,0
4898,38.2868,267.198,2,0
4899,508.518,162.083,2,0
4900,257.081,139.339,2,0
4901,258.206,205.472,2,0
4902,14.349,2,2,0
4903,378.906,209.762,2,0
4904,359.967,290.7,2,0
4905,31.2081,274.025,2,0
4906,329.844,222.687,2,0
4907,570.166,151.224,2,0
4908,442.321,107.572,2,0
4909,132.146,221.961,2,0
4910,291.806,242.284,2,0
4911,55.2174,132.034,2,0
4912,286.049,145.404,2,0
4913,503.423,274.016,2,0
4914,9.49417,131.403,2,0
4915,504.265,227.914,2,0
4916,292.13,65.6725,2,0
4917,360.272,197.958,2,0
4918,282.592,222.456,2,0
4919,64.5938,139.885,2,0
4920,403.741,2,2,0
4921,436.07,173.384,2,0
4922,454.942,53.4785,2,0
4923,335.159,55.2896,2,0
4924,283.666,74.3027,2,0
4925,427.979,2,2,0
4926,336.881,138.406,2,0
4927,343.184,283.46,2,0
4928,167.854,101.613,2,0
4929,247.704,122.14,2,0
4930,62.8108,200.643,2,0
4931,315.349,57.0964,2,0
4932,392.134,129.416,2,0
4933,305.669,194.007,2,0
4934,198.144,234.71,2,0
4935,360.527,161.958,2,0
4936,580.442,81.9279,2,0
4937,389.111,207.992,2,0
4938,500.242,221.795,2,0
4939,296.829,263.985,2,0
4940,252.181,236.018,2,0
4941,241.657,164.201,2,0
4942,108.272,46.6211,2,0
4943,465.827,9.48972,2,0
4944,201.795,230.862,2,0
4945,575.35,98.7228,2,0
4946,50.6594,117.124,2,0
4947,127.362,114.027,2,0
4948,163.291,16.4797,2,0
4949,372.214,36.8145,2,0
4950,495.328,9.11143,2,0
4951,546.913,192.101,2,0
4952,114.99,203.48,2,0
4953,549.281,244.251,2,0
4954,25.9001,286.862,2,0
4955,142.3,270.017,2,0
4956,123.834,8.85466,2,0
4957,85.4629,249.284,2,0
4958,28.7517,63.9506,2,0
4959,325.444,265.488,2,0
4960,100.554,113.409,2,0
4961,370.505,80.7719,2,0
4962,78.1398,72.1852,2,0
4963,333.86,283.919,2,0
4964,423.249,137.852,2,0
4965,174.318,275.827,2,0
4966,346.194,28.5892,2,0
4967,96.1826,172.591,2,0
4968,185.247,67.6961,2,0
4969,400.936,53.1861,2,0
4970,336.214,256.59,2,0
4971,126.521,247.05,2,0
4972,449.334,228.215,2,0
4973,383.462,172.068,2,0
4974,265.363,158.617,2,0
4975,562.984,129.745,2,0
4976,374.134,219.407,2,0
4977,148.114,233.946,2,0
4978,426.99,212.936,2,0
4979,64.3811,220.397,2,0
4980,382.599,18.5356,2,0
4981,446.086,225.708,2,0
4982,455.411,234.857,2,0
4983,460.951,47.575,2,0
4984,474.641,101.737,2,0
4985,321.737,283.293,2,0
4986,466.281,38.2872,2,0
4987,524.854,104.448,2,0
4988,392.143,205.317,2,0
4989,24.986,290.813,2,0
4990,345.266,274.876,2,0
4991,219.063,137.172,2,0
4992,167.393,204.108,2,0
4993,218.505,108.195,2,0
4994,523.63,152.799,2,0
4995,560.911,137.696,2,0
4996,323.966,139.827,2,0
4997,271.914,224.067,2,0
4998,2.63604,287.437,2,0
4999,27.7066,256.587,2,0
5000,111.637,54.1472,2,0
5001,573.308,295.202,2,0
5002,318.449,266.276,2,0
5003,338.282,215.951,2,0
5004,400.568,221.511,2,0
5005,252.943,127.009,2,0
5006,254.485,53.6181,2,0
5007,148.083,111.927,2,0
5008,100.879,203.981,2,0
5009,202.078,5.58807,2,0
5010,531.393,271.237,2,0
5011,142.629,93.9541,2,0
5012,188.062,70.7135,2,0
5013,174.776,24.5583,2,0
5014,382.182,294.472,2,0
5015,380.523,164.525,2,0
5016,430.159,231.323,2,0
5017,44.1357,247.296,2,0
5018,55.1999,40.463,2,0
5019,323.613,130.964,2,0
5020,196.241,164.704,2,0
5021,350.345,12.0265,2,0
5022,469.643,115.739,2,0
5023,463.777,211.53,2,0
5024,367.076,82.8516,2,0
5025,78.7439,16.52,2,0
5026,56.6619,97.9234,2,0
5027,296.651,235.461,2,0
5028,149.786,46.9216,2,0
5029,204.207,9.35835,2,0
5030,338.452,277.224,2,0
5031,267.604,60.8241,2,0
5032,232.291,294.404,2,0
5033,12.7202,290.296,2,0
5034,490.435,182.238,2,0
5035,350.709,143.298,2,0
5036,255.343,208.292,2,0
5037,515.355,195.265,2,0
5038,79.9055,116.459,2,0
5039,88.6719,129.737,2,0
5040,234.897,140.643,2,0
5041,451.437,119.175,2,0
5042,505.73,155.772,2,0
5043,401.629,283.476,2,0
5044,234.711,177.314,2,0
5045,7.75975,249.695,2,0
5046,418.34,212.347,2,0
5047,369.186,72.0558,2,0
5048,32.1679,150.351,2,0
5049,205.569,74.303,2,0
5050,49.203,47.9514,2,0
5051,269.347,140.508,2,0
5052,466.713,99.6989,2,0
5053,588.911,45.9078,2,0
5054,325.881,241.867,2,0
5055,576.275,172.161,2,0
5056,555.463,211.683,2,0
5057,325.902,205.463,2,0
5058,488.625,113.357,2,0
5059,579.482,178.82,2,0
5060,103.916,49.0361,2,0
5061,242.281,70.8444,2,0
5062,577.588,279.482,2,0
5063,518.243,53.2036,2,0
5064,6.31284,210.839,2,0
5065,278.641,241.24,2,0
5066,306.024,183.183,2,0
5067,207.324,96.5952,2,0
5068,521.136,283.585,2,0
5069,584.109,173.668,2,0
5070,217.926,115.529,2,0
5071,31.8271,217.899,2,0
5072,464.496,147.333,2,0
5073,589.15,9.45611,2,0
5074,515.852,128.532,2,0
5075,580.728,37.4766,2,0
5076,263.219,32.7788,2,0
5077,589.695,82.6475,2,0
5078,504.246,232.019,2,0
5079,383.809,290.716,2,0
5080,228.995,291.886,2,0
5081,216.181,255.846,2,0
5082,208.219,9.87265,2,0
5083,181.99,33.682,2,0
5084,525.348,2,2,0
5085,387.319,103.596,2,0
5086,38.3026,43.2493,2,0
5087,6.93028,274.106,2,0
5088,386.498,154.804,2,0
5089,482.587,194.768,2,0
5090,148.715,68.5273,2,0
5091,510.678,93.1869,2,0
5092,505.022,250.777,2,0
5093,344.936,139.206,2,0
5094,240.45,265.019,2,0
5095,194.938,94.756,2,0
5096,520.057,143.538,2,0
5097,216.923,154.61,2,0
5098,257.226,76.5204,2,0
5099,2.21324,243.683,2,0
5100,432.901,298,2,0
5101,198.508,255.742,2,0
5102,47.9299,72.5204,2,0
5103,539.836,237.607,2,0
5104,507.581,90.2735,2,0
5105,396.198,64.2694,2,0
5106,51.9614,294.135,2,0
5107,114.148,118.832,2,0
5108,319.521,178.623,2,0
5109,494.874,69.2207,2,0
5110,576.371,94.7516,2,0
5111,269.262,298,2,0
5112,259.887,238.383,2,0
5113,579.43,264.477,2,0
5114,446.422,177.023,2,0
5115,236.042,11.1071,2,0
5116,19.9786,126.898,2,0
5117,169.388,90.4719,2,0
5118,523.894,223.553,2,0
5119,504.286,2,2,0
5120,72.3604,244.055,2,0
5121,316.81,198.411,2,0
5122,146.144,197.73,2,0
5123,234.72,286.025,2,0
5124,285.931,96.1993,2,0
5125,220.284,141.055,2,0
5126,330.861,143.374,2,0
5127,83.644,282.354,2,0
5128,287.253,76.2796,2,0
5129,484.804,112.005,2,0
5130,527.155,150.803,2,0
5131,431.165,191.427,2,0
5132,323.313,38.2682,2,0
5133,265.047,193.821,2,0
5134,559.686,181.237,2,0
5135,296.194,82.6246,2,0
5136,81.8937,61.8663,2,0
5137,592.346,30.418,2,0
5138,135.889,145.94,2,0
5139,133.46,282.248,2,0
5140,15.4238,194.886,2,0
5141,1.20803,87.5769,2,0
5142,397.748,258.494,2,0
5143,138.972,13.082,2,0
5144,23.1365,12.2032,2,0
5145,223.81,17.1831,2,0
5146,425.107,238.682,2,0
5147,519.491,90.016,2,0
5148,599.859,266.613,2,0
5149,151.044,192.678,2,0
5150,69.9053,30.204,2,0
5151,379.566,40.3907,2,0
5152,378.334,273.734,2,0
5153,75.5208,40.9592,2,0
5154,97.2298,211.471,2,0
5155,465.771,84.4243,2,0
5156,169.928,281.699,2,0
5157,500.778,234.04,2,0
5158,18.2291,170.379,2,0
5159,459.272,90.9619,2,0
5160,144.743,35.6392,2,0
5161,578.932,219.752,2,0
5162,261.776,156.138,2,0
5163,197.887,251.624,2,0
5164,121.873,192.036,2,0
5165,311.304,17.6064,2,0
5166,393.066,77.8519,2,0
5167,176.078,71.799,2,0
5168,202.07,53.0117,2,0
5169,369.108,43.1256,2,0
5170,239.842,244.008,2,0
5171,272.837,142.549,2,0
5172,253.4,21.6172,2,0
5173,45.4734,229.179,2,0
5174,273.832,82.021,2,0
5175,518.099,176.007,2,0
5176,362.911,222.619,2,0
5177,219.776,104.282,2,0
5178,223.513,272.943,2,0
5179,396.444,298,2,0
5180,377.604,75.0901,2,0
5181,91.8303,105.021,2,0
5182,468.243,12.8711,2,0
5183,315.22,268.873,2,0
5184,185.576,218.254,2,0
5185,331.655,47.4283,2,0
5186,51.4562,6.21097,2,0
5187,552.677,110.379,2,0
5188,310.694,67.8426,2,0
5189,122.379,177.315,2,0
5190,336.118,96.3311,2,0
5191,47.468,14.4779,2,0
5192,393.689,109.246,2,0
5193,36.9958,109.419,2,0
5194,405.784,27.1223,2,0
5195,593.96,254.534,2,0
5196,382.903,151.881,2,0
5197,585.064,16.4446,2,0
5198,334.165,100.001,2,0
5199,33.0216,235.548,2,0
5200,292.256,81.8976,2,0
5201,132.67,193.872,2,0
5202,452.976,17.1477,2,0
5203,367.742,234.373,2,0
5204,342.196,116.746,2,0
5205,129.997,19.2913,2,0
5206,33.0366,126.769,2,0
5207,67.0149,50.1883,2,0
5208,574.348,88.0021,2,0
5209,490.317,262.168,2,0
5210,462.606,232.983,2,0
5211,352.047,239.97,2,0
5212,55.7072,13.349,2,0
5213,108.299,279.818,2,0
5214,122.105,199.037,2,0
5215,594.464,287.434,2,0
5216,533.056,31.215,2,0
5217,257.38,116.678,2,0
5218,210.938,222.935,2,0
5219,237.074,104.813,2,0
5220,429.718,175.64,2,0
5221,53.3725,253.925,2,0
5222,98.5789,107.286,2,0
5223,56.2693,23.6534,2,0
5224,364.201,12.4845,2,0
5225,535.897,216.213,2,0
5226,591.422,127.015,2,0
5227,470.017,256.806,2,0
5228,17.9652,205.046,2,0
5229,171.812,135.722,2,0
5230,338.072,165.545,2,0
5231,453.957,167.964,2,0
5232,562.87,178.505,2,0
5233,150.896,14.8875,2,0
5234,590.92,64.7811,2,0
5235,577.313,90.7497,2,0
5236,561.268,70.4853,2,0
5237,474.383,19.2347,2,0
5238,391.314,250.326,2,0
5239,17.2484,59.4696,2,0
5240,454.873,21.1256,2,0
5241,275.262,234.71,2,0
5242,433.392,70.48,2,0
5243,526.234,249.461,2,0
5244,556.054,16.5897,2,0
5245,262.716,86.3816,2,0
5246,145.966,115.368,2,0
5247,476.299,142.372,2,0
5248,218.052,227.685,2,0
5249,94.4768,115.747,2,0
5250,411.56,48.7647,2,0
5251,327.721,287.473,2,0
5252,467.523,42.13,2,0
5253,159.145,122.174,2,0
5254,17.2415,275.703,2,0
5255,505.236,214.133,2,0
5256,152.301,152.597,2,0
5257,129.674,294.001,2,0
5258,557.393,251.386,2,0
5259,71.4203,40.746,2,0
5260,166.949,43.9221,2,0
5261,201.679,93.507,2,0
5262,404.562,228.606,2,0
5263,562.306,272.553,2,0
5264,172.352,73.3137,2,0
5265,584.145,192.436,2,0
5266,59.5581,203.473,2,0
5267,81.4532,249.888,2,0
5268,69.8508,240.777,2,0
5269,174.418,178.063,2,0
5270,256.903,127.875,2,0
5271,308.851,43.9863,2,0
5272,502.232,12.1357,2,0
5273,114.212,57.3739,2,0
5274,31.6637,52.9387,2,0
5275,110.915,283.642,2,0
5276,282.578,82.2165,2,0
5277,250.855,267.667,2,0
5278,70.3075,23.3473,2,0
5279,445.595,190.556,2,0
5280,379.935,129.52,2,0
5281,351.29,283.763,2,0
5282,85.7931,13.521,2,0
5283,530.787,148.637,2,0
5284,119.246,243.366,2,0
5285,197.681,216.332,2,0
5286,10.1163,75.2493,2,0
5287,449.384,197.646,2,0
5288,285.318,26.1614,2,0
5289,471.704,5.98863,2,0
5290,547.872,37.1341,2,0
5291,579.874,231.893,2,0
5292,214.503,79.9507,2,0
5293,307.108,133.616,2,0
5294,44.8405,80.0968,2,0
5295,79.4191,192.065,2,0
5296,234.658,67.7397,2,0
5297,226.706,175.843,2,0
5298,384.48,283.503,2,0
5299,75.1596,2,2,0
5300,311.418,221.659,2,0
5301,356.183,199.018,2,0
5302,65.0627,194.101,2,0
5303,572.104,170.249,2,0
5304,561.398,74.5417,2,0
5305,30.7601,195.263,2,0
5306,565.804,47.0764,2,0
5307,388.598,283.765,2,0
5308,297.097,193.265,2,0
5309,187.408,63.1755,2,0
5310,365.338,159.351,2,0
5311,360.74,14.5327,2,0
5312,491.725,24.5385,2,0
5313,556.022,107.589,2,0
5314,593.097,100.922,2,0
5315,209.009,175.245,2,0
5316,229.601,135.819,2,0
5317,505.693,183.729,2,0
5318,179.704,189.972,2,0
5319,176.274,2,2,0
5320,178.395,63.5495,2,0
5321,570.331,292.312,2,0
5322,440.754,73.0698,2,0
5323,450.222,144.249,2,0
5324,187.354,268.88,2,0
5325,416.471,126.416,2,0
5326,472.904,284.464,2,0
5327,151.667,131.496,2,0
5328,325.481,237.789,2,0
5329,58.0868,195.171,2,0
5330,588.859,163.759,2,0
5331,393.556,269.553,2,0
5332,551.819,209.827,2,0
5333,173.257,183.307,2,0
5334,120.286,62.3143,2,0
5335,41.7744,221.971,2,0
5336,572.702,84.3216,2,0
5337,77.1066,225.317,2,0
5338,56.6587,101.924,2,0
5339,99.7349,103.019,2,0
5340,37.4131,244.232,2,0
5341,540.253,172.154,2,0
5342,93.0421,101.144,2,0
5343,4.25019,71.4437,2,0
5344,171.223,290.389,2,0
5345,414.864,151.45,2,0
5346,479.196,277.933,2,0
5347,245.221,20.2931,2,0
5348,523.608,156.972,2,0
5349,460.756,283.213,2,0
5350,97.5108,215.351,2,0
5351,498.118,218.382,2,0
5352,39.3349,294.335,2,0
5353,41.321,114.054,2,0
5354,290.44,197.925,2,0
5355,325.125,209.479,2,0
5356,468.869,70.4735,2,0
5357,530.254,267.264,2,0
5358,132.36,160.839,2,0
5359,554.755,233.408,2,0
5360,117.522,255.274,2,0
5361,283.836,254.548,2,0
5362,158.759,64.0375,2,0
5363,474.513,186.292,2,0
5364,586.419,180.259,2,0
5365,456.991,61.3602,2,0
5366,3.31547,48.4565,2,0
5367,533.109,179.344,2,0
5368,508.01,16.8559,2,0
5369,178.567,234.143,2,0
5370,158.532,279.569,2,0
5371,56.1487,160.389,2,0
5372,488.663,273.068,2,0
5373,230.231,283.352,2,0
5374,81.7803,66.0133,2,0
5375,574.03,236.239,2,0
5376,333.729,291.127,2,0
5377,458.902,54.6261,2,0
5378,6.80732,232.528,2,0
5379,7.19967,144.076,2,0
5380,101.134,124.493,2,0
5381,501.616,253.2,2,0
5382,527.176,26.8599,2,0
5383,373.366,2,2,0
5384,367.109,298,2,0
5385,82.4013,290.502,2,0
5386,449.684,288.921,2,0
5387,77.897,157.69,2,0
5388,252.534,163.473,2,0
5389,222.974,287.362,2,0
5390,527.127,158.982,2,0
5391,574.599,179.86,2,0
5392,269.707,82.1255,2,0
5393,143.275,195.001,2,0
5394,489.547,186.34,2,0
5395,515.156,208.648,2,0
5396,15.0517,133.233,2,0
5397,547.952,176.781,2,0
5398,423.16,41.5802,2,0
5399,167.026,165.17,2,0
5400,163.75,128.813,2,0
5401,270.536,17.6319,2,0
5402,216.479,203.356,2,0
5403,451.401,31.4226,2,0
5404,118.009,298,2,0
5405,452.26,2,2,0
5406,0.641201,283.857,2,0
5407,505.003,259.387,2,0
5408,553.693,2,2,0
5409,173.734,46.257,2,0
5410,323.355,70.0782,2,0
5411,404.076,168.081,2,0
5412,473.784,258.005,2,0
5413,148.138,204.354,2,0
5414,182.633,263.51,2,0
5415,412.267,167.799,2,0
5416,68.2133,12.8398,2,0
5417,522.837,47.7864,2,0
5418,407.027,155.27,2,0
5419,450.031,111.005,2,0
5420,136.012,153.093,2,0
5421,266.118,170.2,2,0
5422,276.555,127.235,2,0
5423,311.806,71.7787,2,0
5424,420.513,59.9554,2,0
5425,99.6687,41.2434,2,0
5426,48.5668,211.726,2,0
5427,281.623,28.358,2,0
5428,136.177,53.0179,2,0
5429,468.687,182.147,2,0
5430,36.4023,35.7039,2,0
5431,229.498,45.7044,2,0
5432,559.103,213.668,2,0
5433,86.9326,274.873,2,0
5434,84.9698,45.2451,2,0
5435,370.453,221.019,2,0
5436,412.671,154.899,2,0
5437,239.976,86.5424,2,0
5438,271.586,232.166,2,0
5439,521.091,111.591,2,0
5440,204.614,27.4735,2,0
5441,482.442,30.0857,2,0
5442,201.796,274.439,2,0
5443,162.742,249.634,2,0
5444,292.111,250.677,2,0
5445,548.129,9.57463,2,0
5446,171.01,104.103,2,0
5447,380.462,179.534,2,0
5448,353.101,139.978,2,0
5449,227.061,127.442,2,0
5450,527.258,163.126,2,0
5451,193.639,217.013,2,0
5452,400.484,298,2,0
5453,494.964,111.566,2,0
5454,82.9348,23.6026,2,0
5455,362.235,282.414,2,0
5456,212.492,276.805,2,0
5457,333.851,175.106,2,0
5458,547.991,217.093,2,0
5459,366.514,182.812,2,0
5460,417.472,242.061,2,0
5461,93.8501,259.277,2,0
5462,569.22,229.644,2,0
5463,183.594,294.898,2,0
5464,415.038,80.7691,2,0
5465,592.908,143.918,2,0
5466,183.023,214.863,2,0
5467,120.302,90.0642,2,0
5468,452.574,24.4274,2,0
5469,519.725,155.69,2,0
5470,424.695,202.464,2,0
5471,403.239,240.798,2,0
5472,437.767,42.568,2,0
5473,132.459,226.096,2,0
5474,82.4644,94.69,2,0
5475,412.003,272.112,2,0
5476,245.476,139.602,2,0
5477,476.368,197.693,2,0
5478,99.8342,272.779,2,0
5479,39.6012,225.358,2,0
5480,554.261,62.305,2,0
5481,192.629,58.3984,2,0
5482,245.29,61.5563,2,0
5483,22.3181,111.914,2,0
5484,261.271,200.847,2,0
5485,32.3267,210.505,2,0
5486,470.949,17.0898,2,0
5487,371.68,173.074,2,0
5488,596.438,145.977,2,0
5489,237.526,137.564,2,0
5490,66.1151,123.168,2,0
5491,511.747,173.296,2,0
5492,23.9771,31.939,2,0
5493,150.839,114.84,2,0
5494,439.1,5.87923,2,0
5495,405.082,255.431,2,0
5496,515.54,78.512,2,0
5497,561.135,112.93,2,0
5498,277.659,50.3129,2,0
5499,303.392,255.354,2,0
5500,164.011,9.1844,2,0
5501,576.021,71.6551,2,0
5502,439.231,200.765,2,0
5503,109.053,250.155,2,0
5504,29.7648,22.8362,2,0
5505,414.816,51.2446,2,0
5506,71.3911,237.038,2,0
5507,245.866,114.151,2,0
5508,428.795,298,2,0
5509,376.471,180.337,2,0
5510,512.579,151.672,2,0
5511,27.6063,252.515,2,0
5512,163.505,142.82,2,0
5513,572.316,158.638,2,0
5514,445.786,27.1311,2,0
5515,427.361,167.031,2,0
5516,471.742,93.2385,2,0
5517,447.025,274.361,2,0
5518,505.744,104.392,2,0
5519,125.912,271.171,2,0
5520,175.517,259.659,2,0
5521,195.526,129.788,2,0
5522,316.213,220.574,2,0
5523,61.8182,241.88,2,0
5524,276.027,173.069,2,0
5525,97.2241,237.355,2,0
5526,272.586,154.8,2,0
5527,585.634,71.6872,2,0
5528,104.132,193.622,2,0
5529,478.434,225.211,2,0
5530,274.193,27.6472,2,0
5531,459.421,103.126,2,0
5532,39.7865,163.061,2,0
5533,472.831,171.303,2,0
5534,322.748,117.408,2,0
5535,561.605,193.466,2,0
5536,73.4058,251.032,2,0
5537,408.971,137.72,2,0
5538,325.877,14.4858,2,0
5539,486.438,146.941,2,0
5540,79.0258,206.496,2,0
5541,107.821,153.562,2,0
5542,588.266,298,2,0
5543,419.544,196.323,2,0
5544,105.693,166.444,2,0
5545,322.974,221.619,2,0
5546,539.371,197.848,2,0
5547,336.71,261.433,2,0
5548,441.988,65.7421,2,0
5549,181.608,218.772,2,0
5550,534.633,278.277,2,0
5551,170.037,286.314,2,0
5552,6.593,152.498,2,0
5553,283.089,210.123,2,0
5554,545.523,116.393,2,0
5555,246.955,231.199,2,0
5556,27.7367,217.633,2,0
5557,593.333,269.895,2,0
5558,80.8421,183.912,2,0
5559,28.2383,99.6251,2,0
5560,425.392,5.89234,2,0
5561,540.434,57.4314,2,0
5562,571.619,247.497,2,0
5563,562.762,295.231,2,0
5564,495.762,177.579,2,0
5565,248.121,223.776,2,0
5566,55.0231,200.403,2,0
5567,310.379,6.00197,2,0
5568,372.369,264.17,2,0
5569,123.304,46.9362,2,0
5570,85.5866,121.142,2,0
5571,221.79,99.9218,2,0
5572,111.894,239.831,2,0
5573,35.3185,181.26,2,0
5574,117.603,106.473,2,0
5575,190.45,44.0345,2,0
5576,485.521,116.004,2,0
5577,297.253,288.944,2,0
5578,131.435,112.488,2,0
5579,140.476,191.885,2,0
5580,68.5295,60.9085,2,0
5581,528.507,131.959,2,0
5582,215.908,248.775,2,0
5583,274.033,57.9831,2,0
5584,471.312,78.4039,2,0
5585,317.909,43.1547,2,0
5586,566.305,292.637,2,0
5587,91.4842,2,2,0
5588,53.3422,65.4066,2,0
5589,475.675,288.367,2,0
5590,256.442,201.83,2,0
5591,73.5983,232.785,2,0
5592,25.4533,220.988,2,0
5593,339.292,161.692,2,0
5594,565.105,113.944,2,0
5595,386.122,287.292,2,0
5596,224.36,130.597,2,0
5597,469.321,241.817,2,0
5598,571.666,195.74,2,0
5599,386.66,20.5768,2,0
5600,554.688,82.9451,2,0
5601,316.19,140.637,2,0
5602,489.958,16.7466,2,0
5603,432.015,2,2,0
5604,118.142,263.486,2,0
5605,422.003,81.8433,2,0
5606,3.38594,150.031,2,0
5607,360.817,188.554,2,0
5608,125.983,284.335,2,0
5609,543.247,286.996,2,0
5610,588.882,144.133,2,0
5611,482.742,40.9793,2,0
5612,119.544,290.458,2,0
5613,544.311,51.3509,2,0
5614,521.809,260.803,2,0
5615,118.172,102.235,2,0
5616,290.951,78.0898,2,0
5617,117.005,124.414,2,0
5618,206.163,5.82349,2,0
5619,557.766,72.536,2,0
5620,535.198,182.856,2,0
5621,277.929,104.919,2,0
5622,23.1174,294.357,2,0
5623,286.825,195.866,2,0
5624,182.705,253.331,2,0
5625,408.693,290.851,2,0
5626,17.0083,261.642,2,0
5627,292.696,86.0212,2,0
5628,194.084,234.949,2,0
5629,209.044,121.748,2,0
5630,201.135,121.963,2,0
5631,364.34,154.976,2,0
5632,352.733,119.33,2,0
5633,195.987,2,2,0
5634,413.63,147.514,2,0
5635,490.937,290.437,2,0
5636,61.3229,168.933,2,0
5637,454.285,161.909,2,0
5638,545.104,112.25,2,0
5639,303.428,9.37432,2,0
5640,195.663,278.064,2,0
5641,383.981,129.307,2,0
5642,255.721,65.6984,2,0
5643,272.146,189.659,2,0
5644,228.676,157.685,2,0
5645,167.991,9.44609,2,0
5646,279.653,187.616,2,0
5647,300.936,211.214,2,0
5648,0.527747,298,2,0
5649,209.676,114.703,2,0
5650,484.977,293.974,2,0
5651,71.2301,67.948,2,0
5652,94.3987,290.639,2,0
5653,380.611,206.014,2,0
5654,74.2636,78.6515,2,0
5655,127.973,53.043,2,0
5656,318.761,159.574,2,0
5657,343.113,251.619,2,0
5658,138.201,38.4583,2,0
5659,409.721,99.2448,2,0
5660,324.567,197.875,2,0
5661,547.474,24.612,2,0
5662,368.009,18.5165,2,0
5663,372.771,44.9141,2,0
5664,364.61,24.6841,2,0
5665,126.814,136.072,2,0
5666,159.994,231.403,2,0
5667,241.481,59.7427,2,0
5668,232.518,256.74,2,0
5669,366.01,60.1966,2,0
5670,467.708,103.74,2,0
5671,54.7393,250.077,2,0
5672,420.795,203.629,2,0
5673,475.638,210.704,2,0
5674,314.281,256.625,2,0
5675,42.6939,251.033,2,0
5676,370.134,109.16,2,0
5677,85.281,278.611,2,0
5678,79.542,264.538,2,0
5679,138.745,73.5321,2,0
5680,230.972,139.827,2,0
5681,332.979,268.59,2,0
5682,57.2642,29.8894,2,0
5683,529.858,104.989,2,0
5684,127.443,86.18,2,0
5685,279.525,212.186,2,0
5686,577.444,105.333,2,0
5687,379.092,88.2429,2,0
5688,510.616,269.141,2,0
5689,446.822,76.9851,2,0
5690,405.401,60.8824,2,0
5691,408.977,177.762,2,0
5692,395.244,21.0015,2,0
5693,509.905,101.559,2,0
5694,56.3479,182.324,2,0
5695,430.668,254.895,2,0
5696,227.681,198.419,2,0
5697,586.614,31.6391,2,0
5698,108.682,220.151,2,0
5699,344.542,239.742,2,0
5700,447.641,56.654,2,0
5701,52.7664,276.944,2,0
5702,357.099,277.691,2,0
5703,568.066,139.128,2,0
5704,12.5709,115.346,2,0
5705,160.285,242.85,2,0
5706,348.35,184.648,2,0
5707,397.783,196.108,2,0
5708,487.463,242.85,2,0
5709,512.621,155.841,2,0
5710,97.6302,241.538,2,0
5711,474.938,222.976,2,0
5712,148.093,145.675,2,0
5713,525.365,56.4576,2,0
5714,569.674,243.878,2,0
5715,573.307,162.628,2,0
5716,546.06,259.674,2,0
5717,584.993,75.9868,2,0
5718,530.434,190.607,2,0
5719,473.122,13.6667,2,0
5720,573.219,279.256,2,0
5721,543.614,256.353,2,0
5722,450.347,224.267,2,0
5723,143.932,205.705,2,0
5724,191.853,2,2,0
5725,148.928,104.548,2,0
5726,507.669,115.614,2,0
5727,115.16,233.323,2,0
5728,53.706,149.93,2,0
5729,205.493,114.341,2,0
5730,72.3754,19.8613,2,0
5731,531.777,216.232,2,0
5732,123.199,281.435,2,0
5733,328.447,196.54,2,0
5734,385.605,175.522,2,0
5735,62.3681,259.703,2,0
5736,118.432,267.477,2,0
5737,360.706,18.6386,2,0
5738,382.295,140.373,2,0
5739,47.454,29.705,2,0
5740,533.278,241.284,2,0
5741,240.946,211.281,2,0
5742,497.418,298,2,0
5743,465.184,219.555,2,0
5744,297.059,210.606,2,0
5745,278.164,290.598,2,0
5746,454.174,93.4246,2,0
5747,61.0272,112.294,2,0
5748,53.5709,135.798,2,0
5749,11.3138,24.5334,2,0
5750,517.716,261.042,2,0
5751,196.78,57.5674,2,0
5752,411.389,263.861,2,0
5753,498.361,101.24,2,0
5754,387,24.6768,2,0
5755,213.042,229.673,2,0
5756,53.517,82.3684,2,0
5757,307.51,228.465,2,0
5758,563.801,18.4258,2,0
5759,399.133,49.2886,2,0
5760,330.953,167.345,2,0
5761,168.881,264.495,2,0
5762,431.035,250.733,2,0
5763,272.045,173.952,2,0
5764,188.983,143.191,2,0
5765,32.2997,170.823,2,0
5766,370.545,61.4942,2,0
5767,52.657,184.206,2,0
5768,520.506,287.563,2,0
5769,164.877,173.029,2,0
5770,360.123,128.547,2,0
5771,331.341,214.678,2,0
5772,537.167,188.402,2,0
5773,309.846,32.6768,2,0
5774,435.191,36.1795,2,0
5775,582.577,249.657,2,0
5776,173.468,283.923,2,0
5777,231.347,69.9906,2,0
5778,502.344,133.3,2,0
5779,550.086,189.485,2,0
5780,496.347,268.665,2,0
5781,157.631,293.81,2,0
5782,310.963,114.611,2,0
5783,235.816,108.626,2,0
5784,187.51,92.9365,2,0
5785,449.321,246.625,2,0
5786,463.189,92.4501,2,0
5787,301.766,204.179,2,0
5788,490.142,79.9993,2,0
5789,281.418,298,2,0
5790,90.768,187.54,2,0
5791,30.2137,75.1593,2,0
5792,211.652,284.427,2,0
5793,111.539,135.041,2,0
5794,541.637,151.861,2,0
5795,35.6167,31.7053,2,0
5796,297.727,75.6609,2,0
5797,115.116,269.742,2,0
5798,290.066,144.626,2,0
5799,547.724,200.048,2,0
5800,432.207,15.9513,2,0
5801,366.908,223.059,2,0
5802,461.272,36.6913,2,0
5803,83.9285,136.334,2,0
5804,1.75183,188.359,2,0
5805,502.338,72.2403,2,0
5806,283.729,135.569,2,0
5807,156.073,54.1678,2,0
5808,335.761,47.5331,2,0
5809,517.125,285.385,2,0
5810,146.72,72.1655,2,0
5811,323.583,153.188,2,0
5812,154.556,298,2,0
5813,358.225,72.2877,2,0
5814,274.852,177.102,2,0
5815,10.702,205.097,2,0
5816,82.9162,275.246,2,0
5817,436.478,97.6478,2,0
5818,230.822,204.642,2,0
5819,236.648,45.0494,2,0
5820,286.427,260.584,2,0
5821,519.879,129.008,2,0
5822,56.4671,156.18,2,0
5823,443.922,55.133,2,0
5824,271.367,240.29,2,0
5825,115.504,215.697,2,0
5826,207.43,59.1081,2,0
5827,159.972,53.1224,2,0
5828,112.834,181.478,2,0
5829,127.903,9.44043,2,0
5830,280.379,120.172,2,0
5831,486.993,108.543,2,0
5832,31.7982,183.118,2,0
5833,292.962,21.3311,2,0
5834,305.198,62.5469,2,0
5835,32.4015,57.621,2,0
5836,301.444,13.0311,2,0
5837,293.914,162.752,2,0
5838,221.831,159.674,2,0
5839,67.9205,105.087,2,0
5840,405.677,268.887,2,0
5841,196.247,270.678,2,0
5842,462.825,55.5841,2,0
5843,174.174,146.744,2,0
5844,307.434,112.555,2,0
5845,125.556,230.676,2,0
5846,146.653,65.0885,2,0
5847,175.074,53.1948,2,0
5848,457.954,276.239,2,0
5849,90.7461,266.778,2,0
5850,52.4379,112.969,2,0
5851,211.128,144.636,2,0
5852,430.6,51.3422,2,0
5853,580.951,9.41677,2,0
5854,423.503,165.863,2,0
5855,230.45,5.55297,2,0
5856,54.1415,27.1777,2,0
5857,148.31,189.728,2,0
5858,149.108,200.426,2,0
5859,289.143,35.4726,2,0
5860,248.956,126.011,2,0
5861,569.951,13.2898,2,0
5862,214.052,252.384,2,0
5863,524.177,230.885,2,0
5864,225.634,244.918,2,0
5865,125.62,37.7582,2,0
5866,375.44,155.87,2,0
5867,154.486,225.19,2,0
5868,182.282,176.106,2,0
5869,481.069,15.4331,2,0
5870,365.781,45.5586,2,0
5871,231.154,200.555,2,0
5872,319.432,100.434,2,0
5873,33.5788,142.36,2,0
5874,333.645,103.968,2,0
5875,367.666,276.211,2,0
5876,351.26,181.822,2,0
5877,417.967,48.2684,2,0
5878,559.61,127.547,2,0
5879,96.0983,80.9801,2,0
5880,159.215,136,2,0
5881,340.142,43.8146,2,0
5882,501.411,257.316,2,0
5883,40.3351,18.6197,2,0
5884,332.027,210.756,2,0
5885,317.703,104.168,2,0
5886,216.217,76.2818,2,0
5887,314.372,232.951,2,0
5888,334.002,186.088,2,0
5889,12.0787,192.59,2,0
5890,366.767,116.786,2,0
5891,350.247,116.113,2,0
5892,237.113,196.932,2,0
5893,455.38,271.037,2,0
5894,51.073,75.2801,2,0
5895,163.225,122.005,2,0
5896,34.775,189.498,2,0
5897,590.807,234.536,2,0
5898,440.218,153.599,2,0
5899,364.566,120.926,2,0
5900,269.034,35.3151,2,0
5901,255.315,25.3057,2,0
5902,165.28,256.248,2,0
5903,480.192,190.43,2,0
5904,319.273,69.301,2,0
5905,340.317,287.382,2,0
5906,306.737,253.151,2,0
5907,407.776,2,2,0
5908,532.468,171.906,2,0
5909,290.681,131.389,2,0
5910,17.4943,84.1281,2,0
5911,266.468,92.6251,2,0
5912,459.345,272.371,2,0
5913,283.714,101.814,2,0
5914,48.7701,265.174,2,0
5915,183.714,157.032,2,0
5916,111.258,197.536,2,0
5917,187.279,51.5786,2,0
5918,594.916,119.513,2,0
5919,527.411,202.217,2,0
5920,96.6746,197.004,2,0
5921,412.477,255.758,2,0
5922,360.774,233.697,2,0
5923,63.1713,182.949,2,0
5924,66.1814,16.3636,2,0
5925,413.903,187.23,2,0
5926,312.212,127.426,2,0
5927,4.97575,101.384,2,0
5928,325.541,22.8461,2,0
5929,96.9251,205.221,2,0
5930,262.213,144.454,2,0
5931,260.158,273.332,2,0
5932,307.052,66.1702,2,0
5933,111.309,111.125,2,0
5934,552.244,106.221,2,0
5935,449.351,9.44268,2,0
5936,190.999,213.245,2,0
5937,155.94,26.186,2,0
5938,78.5147,30.4021,2,0
5939,137.688,189.015,2,0
5940,190.411,266.074,2,0
5941,107.648,2,2,0
5942,197.45,186.945,2,0
5943,533.718,98.9754,2,0
5944,536.009,68.2021,2,0
5945,170.471,179.087,2,0
5946,529.414,2,2,0
5947,201.539,185.618,2,0
5948,433.717,5.78881,2,0
5949,143.009,80.4126,2,0
5950,121.821,265.26,2,0
5951,38.5487,93.604,2,0
5952,314.542,107.562,2,0
5953,367.752,211.4,2,0
5954,13.7395,6.02526,2,0
5955,518.105,75.2187,2,0
5956,285.026,85.4289,2,0
5957,250.274,260.084,2,0
5958,388.681,122.043,2,0
5959,220.814,155.732,2,0
5960,173.716,126.561,2,0
5961,289.866,185.124,2,0
5962,25.7596,84.9305,2,0
5963,595.834,183.23,2,0
5964,501.763,202.568,2,0
5965,520.679,180.115,2,0
5966,584.182,92.3668,2,0
5967,71.6108,109.683,2,0
5968,265.09,36.4273,2,0
5969,507.098,234.984,2,0
5970,279.238,274.353,2,0
5971,4.01125,90.5667,2,0
5972,473.968,165.269,2,0
5973,126.766,49.1319,2,0
5974,361.372,194.041,2,0
5975,371.835,24.5886,2,0
5976,51.1155,199.095,2,0
5977,288.915,48.7347,2,0
5978,451.524,78.1095,2,0
5979,443.236,51.1718,2,0
5980,176.86,249.197,2,0
5981,425.151,216.674,2,0
5982,440.901,298,2,0
5983,121.979,228.858,2,0
5984,33.1594,246.688,2,0
5985,54.2566,57.9455,2,0
5986,317.256,112.514,2,0
5987,39.3388,171.171,2,0
5988,578.494,272.507,2,0
5989,465.403,230.046,2,0
5990,267.241,260.164,2,0
5991,414.904,40.894,2,0
5992,72.5485,5.90912,2,0
5993,19.6894,254.72,2,0
5994,359.024,134.333,2,0
5995,476.672,255.119,2,0
5996,377.618,79.1373,2,0
5997,91.9613,24.2603,2,0
5998,329.761,119.986,2,0
5999,279.425,130.034,2,0
6000,576.05,209.371,2,0
6001,401.945,34.5997,2,0
6002,146.398,39.3832,2,0
6003,297.926,148.653,2,0
6004,468.39,208.945,2,0
6005,573.007,217.936,2,0
6006,419.093,103.874,2,0
6007,184.978,229.122,2,0
6008,322.162,240.316,2,0
6009,142.298,209.997,2,0
6010,159.022,15.8613,2,0
6011,17.6615,238.809,2,0
6012,554.504,78.8906,2,0
6013,119.237,139.33,2,0
6014,552.487,150.026,2,0
6015,375.351,257.876,2,0
6016,599.57,184.836,2,0
6017,187.814,232.091,2,0
6018,262.579,54.0877,2,0
6019,564.361,167.607,2,0
6020,390.223,63.5969,2,0
6021,244.983,271.733,2,0
6022,407.978,181.681,2,0
6023,455.647,79.4853,2,0
6024,543.115,190.544,2,0
6025,181.204,249.521,2,0
6026,65.7998,241.387,2,0
6027,61.4515,134.314,2,0
6028,307.006,197.872,2,0
6029,541.958,222.448,2,0
6030,473.198,36.1665,2,0
6031,538.209,149.77,2,0
6032,176.121,223.265,2,0
6033,265.729,116.929,2,0
6034,188.649,59.1813,2,0
6035,497.863,259.229,2,0
6036,137.862,117.476,2,0
6037,433.157,82.8621,2,0
6038,116.964,181.956,2,0
6039,177.955,7.03925,2,0
6040,19.2588,26.6764,2,0
6041,365.628,56.1709,2,0
6042,99.3328,67.3848,2,0
6043,264.638,227.644,2,0
6044,404.705,5.97576,2,0
6045,64.8618,73.0199,2,0
6046,211.789,17.4439,2,0
6047,168.184,27.5479,2,0
6048,165.945,252.195,2,0
6049,300.905,122.326,2,0
6050,418.016,161.068,2,0
6051,500.249,26.336,2,0
6052,458.006,24.837,2,0
6053,590.02,112.857,2,0
6054,558.422,39.0355,2,0
6055,67.585,109.12,2,0
6056,588.12,290.58,2,0
6057,384.226,197.691,2,0
6058,335.886,17.341,2,0
6059,225.53,182.825,2,0
6060,7.66266,55.2994,2,0
6061,128.388,182.687,2,0
6062,142.211,20.7426,2,0
6063,193.07,122.808,2,0
6064,198.142,53.7709,2,0
6065,594.781,192.417,2,0
6066,266.351,88.3574,2,0
6067,347.199,160.88,2,0
6068,381.08,200.245,2,0
6069,360.428,96.6317,2,0
6070,479.848,170.972,2,0
6071,130.092,156.809,2,0
6072,234.997,87.2289,2,0
6073,368.944,90.6225,2,0
6074,577.568,224.732,2,0
6075,422.093,120.882,2,0
6076,587.577,35.6411,2,0
6077,152.188,203.364,2,0
6078,566.891,164.359,2,0
6079,563.172,125.665,2,0
6080,41.7778,83.7841,2,0
6081,446.589,84.4854,2,0
6082,317.133,20.912,2,0
6083,390.741,215.683,2,0
6084,341.411,218.513,2,0
6085,169.353,187.031,2,0
6086,597.811,262.232,2,0
6087,376.604,46.7511,2,0
6088,250.414,53.5069,2,0
6089,57.8276,242.429,2,0
6090,272.362,215.944,2,0
6091,238.651,268.662,2,0
6092,337.261,273.346,2,0
6093,524.371,172.294,2,0
6094,346.777,10.0297,2,0
6095,220.316,290.384,2,0
6096,187.613,294.018,2,0
6097,89.498,260.237,2,0
6098,521.517,139.76,2,0
6099,421.766,67.6834,2,0
6100,581.134,269.379,2,0
6101,130.459,278.055,2,0
6102,167.5,86.8782,2,0
6103,423.969,155.482,2,0
6104,254.124,217.586,2,0
6105,324.499,229.176,2,0
6106,78.3842,290.555,2,0
6107,168.45,258.837,2,0
6108,494.383,21.3999,2,0
6109,206.06,233.895,2,0
6110,360.485,209.181,2,0
6111,135.039,71.9872,2,0
6112,530.611,156.844,2,0
6113,489.42,298,2,0
6114,341.18,187.839,2,0
6115,179.747,100.561,2,0
6116,454.972,137.982,2,0
6117,396.181,170.467,2,0
6118,298.991,65.2615,2,0
6119,71.3003,152.736,2,0
6120,506.4,133.451,2,0
6121,259.203,67.8242,2,0
6122,136.513,192.933,2,0
6123,560.332,9.51924,2,0
6124,186.393,298,2,0
6125,52.7731,158.149,2,0
6126,319.299,39.3408,2,0
6127,458.264,242.483,2,0
6128,252.177,123.021,2,0
6129,261.993,250.925,2,0
6130,192.323,209.317,2,0
6131,199.039,24.736,2,0
6132,567.762,17.6614,2,0
6133,495.01,91.1057,2,0
6134,380.6,52.5778,2,0
6135,384.259,298,2,0
6136,354.055,2,2,0
6137,175.963,10.5224,2,0
6138,395.288,44.422,2,0
6139,290.383,115.819,2,0
6140,537.844,138.674,2,0
6141,410.585,144.858,2,0
6142,290.579,152.619,2,0
6143,398.953,104.087,2,0
6144,224.847,97.1335,2,0
6145,150.262,267.588,2,0
6146,578.025,2,2,0
6147,486.82,104.126,2,0
6148,583.345,177.631,2,0
6149,212.669,205.062,2,0
6150,285.519,298,2,0
6151,261.007,254.901,2,0
6152,353.179,80.3389,2,0
6153,373.982,203.399,2,0
6154,181.403,142.182,2,0
6155,288.498,60.1611,2,0
6156,14.4086,108.681,2,0
6157,424.61,25.8327,2,0
6158,555.142,126.542,2,0
6159,314.475,6.36699,2,0
6160,464.63,207.537,2,0
6161,163.3,135.783,2,0
6162,309.852,109.327,2,0
6163,534.056,274.233,2,0
6164,289.574,298,2,0
6165,238.444,152.433,2,0
6166,372.548,101.456,2,0
6167,471.128,57.7024,2,0
6168,499.975,141.421,2,0
6169,408.366,38.1768,2,0
6170,509.275,204.515,2,0
6171,45.1775,236.281,2,0
6172,332.528,182.035,2,0
6173,78.6051,9.45039,2,0
6174,266.811,179.907,2,0
6175,300.147,229.378,2,0
6176,299.391,9.41773,2,0
6177,330.902,58.7028,2,0
6178,270.521,21.6018,2,0
6179,545.885,224.344,2,0
6180,519.589,253.247,2,0
6181,108.115,19.6866,2,0
6182,379.449,156.432,2,0
6183,430.96,129.234,2,0
6184,431.964,30.6322,2,0
6185,428.451,205.051,2,0
6186,52.2646,61.527,2,0
6187,529.745,139.135,2,0
6188,290.115,176.924,2,0
6189,229.507,297.296,2,0
6190,484.054,159.584,2,0
6191,207.511,191.296,2,0
6192,500.191,2,2,0
6193,300.897,167.001,2,0
6194,11.0253,196.488,2,0
6195,25.8182,109.737,2,0
6196,567.598,248.011,2,0
6197,52.9502,180.176,2,0
6198,68.2182,173.561,2,0
6199,497.734,40.3543,2,0
6200,99.5791,2,2,0
6201,231.049,21.9196,2,0
6202,88.8568,147.504,2,0
6203,592.501,283.833,2,0
6204,151.866,25.8397,2,0
6205,9.26536,229.289,2,0
6206,182.784,161.292,2,0
6207,556.134,158.516,2,0
6208,115.66,137.435,2,0
6209,216.658,277.251,2,0
6210,404.809,164.098,2,0
6211,285.607,236.994,2,0
6212,157,240.382,2,0
6213,476.518,173.024,2,0
6214,509.466,64.5729,2,0
6215,368.634,34.8982,2,0
6216,43.1776,165.186,2,0
6217,376.588,112.064,2,0
6218,531.639,209.219,2,0
6219,250.033,76.1325,2,0
6220,574.334,76.5007,2,0
6221,526.464,33.8259,2,0
6222,522.312,33.3219,2,0
6223,551.4,39.1138,2,0
6224,318.972,270.382,2,0
6225,189.775,250.463,2,0
6226,342.559,67.7866,2,0
6227,34.4455,271.628,2,0
6228,329.095,226.719,2,0
6229,283.161,197.873,2,0
6230,305.42,12.9526,2,0
6231,45.876,84,2,0
6232,151.078,263.486,2,0
6233,383.791,92.9879,2,0
6234,87.5411,222.233,2,0
6235,94.5658,108.089,2,0
6236,440.437,80.2933,2,0
6237,505.461,20.0465,2,0
6238,590.208,251.901,2,0
6239,479.427,80.8568,2,0
6240,244.005,217.62,2,0
6241,56.87,208.331,2,0
6242,10.838,201.036,2,0
6243,44.8812,206.871,2,0
6244,356.379,211.277,2,0
6245,195.357,61.4295,2,0
6246,28.2999,180.859,2,0
6247,589.647,86.7678,2,0
6248,180.444,88.4427,2,0
6249,323.168,176.851,2,0
6250,276.034,185.56,2,0
6251,133.909,133.269,2,0
6252,133.062,274.988,2,0
6253,131.017,72.3885,2,0
6254,190.13,111.577,2,0
6255,236.828,221.224,2,0
6256,289.916,214.627,2,0
6257,457.461,9.45887,2,0
6258,325.064,34.6355,2,0
6259,429.643,5.9186,2,0
6260,206.17,225.69,2,0
6261,485.889,89.9391,2,0
6262,268.683,217.631,2,0
6263,265.704,211.144,2,0
6264,575.61,198.847,2,0
6265,252.584,42.8546,2,0
6266,48.7472,276.654,2,0
6267,32.3381,101.446,2,0
6268,230.293,13.1354,2,0
6269,481.699,122.849,2,0
6270,102.494,106.07,2,0
6271,42.5288,177.49,2,0
6272,512.544,131.652,2,0
6273,593.775,157.421,2,0
6274,110.462,38.215,2,0
6275,417.126,118.304,2,0
6276,557.755,68.5321,2,0
6277,28.4539,151.945,2,0
6278,109.179,293.991,2,0
6279,211.392,95.8842,2,0
6280,154.106,141.993,2,0
6281,425.443,45.5766,2,0
6282,541.735,230.581,2,0
6283,354.941,48.7269,2,0
6284,306.782,280.58,2,0
6285,515.21,226.707,2,0
6286,178.306,275.084,2,0
6287,51.787,257.653,2,0
6288,180.879,146.198,2,0
6289,191.083,81.4556,2,0
6290,128.374,171.737,2,0
6291,528.743,124.321,2,0
6292,465.374,240.815,2,0
6293,47.6917,140.781,2,0
6294,37.6487,121.484,2,0
6295,132.11,60.1185,2,0
6296,316.717,216.362,2,0
6297,373.603,268.81,2,0
6298,128.852,164.388,2,0
6299,362.183,77.7538,2,0
6300,467.322,111.514,2,0
6301,204.836,279.684,2,0
6302,31.7336,242.939,2,0
6303,502.82,54.4601,2,0
6304,90.8612,219.89,2,0
6305,435.627,287.869,2,0
6306,202.722,291.442,2,0
6307,6.77481,51.3115,2,0
6308,445.336,43.1977,2,0
6309,237.492,57.3925,2,0
6310,430.899,211.995,2,0
6311,481.639,232.583,2,0
6312,176.522,263.631,2,0
6313,0.964125,41.8077,2,0
6314,361.004,294.502,2,0
6315,39.1466,175.294,2,0
6316,38.3417,97.6311,2,0
6317,554.985,41.2532,2,0
6318,299.409,69.2756,2,0
6319,73.8634,240.256,2,0
6320,427.263,110.166,2,0
6321,194.146,172.757,2,0
6322,295.95,39.7043,2,0
6323,4.08212,214.747,2,0
6324,554.666,130.546,2,0
6325,0.871885,197.959,2,0
6326,391.33,175.495,2,0
6327,529.612,166.391,2,0
6328,294.093,154.631,2,0
6329,315.441,123.445,2,0
6330,547.783,41.1653,2,0
6331,275.357,226.287,2,0
6332,597.3,164.682,2,0
6333,229.662,161.771,2,0
6334,212.152,185.798,2,0
6335,220.286,9.24506,2,0
6336,256.799,289.077,2,0
6337,104.551,210.118,2,0
6338,244.115,234.135,2,0
6339,172.473,198.279,2,0
6340,409.017,192.315,2,0
6341,595.293,107.937,2,0
6342,118.855,143.344,2,0
6343,347.352,85.268,2,0
6344,267.177,15.0738,2,0
6345,524.125,19.1012,2,0
6346,37.5637,117.436,2,0
6347,229.215,267.857,2,0
6348,474.1,157.211,2,0
6349,181.409,196.918,2,0
6350,299.427,249.548,2,0
6351,137.158,275.011,2,0
6352,36.1977,59.1798,2,0
6353,473.573,150.882,2,0
6354,584.622,38.9713,2,0
6355,195.347,153.817,2,0
6356,375.481,287.631,2,0
6357,494.452,32.2449,2,0
6358,98.7185,227.407,2,0
6359,3.28531,218.822,2,0
6360,395.047,248.709,2,0
6361,571.92,123.374,2,0
6362,402.417,22.9406,2,0
6363,281.543,244.038,2,0
6364,216.271,140.065,2,0
6365,80.8283,27.0704,2,0
6366,499.375,83.9379,2,0
6367,398.623,287.521,2,0
6368,580.309,93.542,2,0
6369,309.948,93.5155,2,0
6370,29.1519,246.903,2,0
6371,97.8461,219.32,2,0
6372,201.121,86.1881,2,0
6373,573.114,206.608,2,0
6374,561.901,2,2,0
6375,455.029,97.6772,2,0
6376,416.655,73.849,2,0
6377,5.48598,130.786,2,0
6378,517.676,265.059,2,0
6379,140.23,217.466,2,0
6380,356.414,53.3425,2,0
6381,82.6606,208.265,2,0
6382,209.683,132.306,2,0
6383,234.512,268.754,2,0
6384,244.248,67.2534,2,0
6385,456.978,16.6782,2,0
6386,436.635,236.56,2,0
6387,353.906,133.562,2,0
6388,145.42,28.6244,2,0
6389,89.0707,123.173,2,0
6390,274.428,9.77237,2,0
6391,553.548,215.38,2,0
6392,514.304,271.249,2,0
6393,422.534,95.606,2,0
6394,404.105,140.496,2,0
6395,78.7818,100.651,2,0
6396,244.51,2,2,0
6397,213.683,132.923,2,0
6398,493.126,12.6171,2,0
6399,466.091,255.447,2,0
6400,164.094,27.0376,2,0
6401,476.88,269.907,2,0
6402,293.803,204.244,2,0
6403,374.223,283.728,2,0
6404,564.999,76.5677,2,0
6405,300.214,217.197,2,0
6406,461.113,62.4018,2,0
6407,256.051,161.519,2,0
6408,351.322,99.4369,2,0
6409,391.777,273.18,2,0
6410,201.608,263.108,2,0
6411,452.041,259.236,2,0
6412,210.575,266.665,2,0
6413,15.4928,97.7199,2,0
6414,147.355,167.927,2,0
6415,184.758,148.721,2,0
6416,137.169,270.922,2,0
6417,295.669,243.479,2,0
6418,298.285,272.827,2,0
6419,240.884,272.08,2,0
6420,87.9167,116.889,2,0
6421,269.088,152.761,2,0
6422,496.931,224.093,2,0
6423,325.923,103.48,2,0
6424,93.2992,59.9744,2,0
6425,247.221,132.785,2,0
6426,309.154,130.109,2,0
6427,307.001,257.18,2,0
6428,129.176,212.037,2,0
6429,143.775,179.817,2,0
6430,227.989,32.5889,2,0
6431,305.838,41.3543,2,0
6432,367.39,286.97,2,0
6433,248.474,42.6646,2,0
6434,576.127,136.669,2,0
6435,499.615,275.464,2,0
6436,22.4331,107.358,2,0
6437,433.137,90.3696,2,0
6438,29.4013,2,2,0
6439,467.685,5.943,2,0
6440,302.498,114.522,2,0
6441,219.909,205.971,2,0
6442,124.181,125.607,2,0
6443,54.435,215.694,2,0
6444,97.9961,37.344,2,0
6445,340.062,281.063,2,0
6446,581.15,53.6613,2,0
6447,341.048,245.142,2,0
6448,308.267,38.1765,2,0
6449,467.986,237.712,2,0
6450,255.571,274.299,2,0
6451,164.149,231.175,2,0
6452,372.608,74.2636,2,0
6453,367.4,147.59,2,0
6454,59.3062,26.418,2,0
6455,497.113,286.799,2,0
6456,181.335,66.5557,2,0
6457,259.507,277.352,2,0
6458,289.005,40.6055,2,0
6459,103.61,2,2,0
6460,398.013,276.371,2,0
6461,310.143,250.875,2,0
6462,299.683,253.567,2,0
6463,327.668,48.3182,2,0
6464,263.835,239.076,2,0
6465,281.952,44.577,2,0
6466,282.262,98.0714,2,0
6467,394.432,40.4083,2,0
6468,316.842,181.718,2,0
6469,115.183,141.603,2,0
6470,108.79,7.42628,2,0
6471,21.901,213.544,2,0
6472,13.6924,245.999,2,0
6473,464.74,143.116,2,0
6474,545.065,154.022,2,0
6475,339.308,179.857,2,0
6476,382.665,227.897,2,0
6477,232.156,120.821,2,0
6478,122.1,298,2,0
6479,307.312,261.247,2,0
6480,182.017,6.97084,2,0
6481,177.912,14.1847,2,0
6482,73.8024,182.702,2,0
6483,498.333,109.385,2,0
6484,265.034,189.695,2,0
6485,464.534,2,2,0
6486,176.905,238.086,2,0
6487,21.4824,176.542,2,0
6488,528.935,280.121,2,0
6489,584.517,55.9971,2,0
6490,399.574,2,2,0
6491,80.4497,52.1782,2,0
6492,293.404,108.293,2,0
6493,568.851,218.38,2,0
6494,564.905,72.4206,2,0
6495,111.641,209.712,2,0
6496,161.695,197.935,2,0
6497,74.3071,159.885,2,0
6498,525.841,219.999,2,0
6499,67.885,255.396,2,0
6500,112.105,122.273,2,0
6501,183.461,133.844,2,0
6502,377.189,245.822,2,0
6503,289.421,226.928,2,0
6504,373.198,294.597,2,0
6505,50.0718,169.741,2,0
6506,339.372,70.6827,2,0
6507,594.211,97.0085,2,0
6508,569.538,90.6675,2,0
6509,418.682,294.568,2,0
6510,419.997,2,2,0
6511,73.2216,186.693,2,0
6512,263.578,120.47,2,0
6513,337.933,149.571,2,0
6514,133.544,258.8,2,0
6515,130.839,79.6272,2,0
6516,567.008,143.101,2,0
6517,333.748,221.427,2,0
6518,308.3,142.521,2,0
6519,131.302,168.817,2,0
6520,499.822,75.4073,2,0
6521,490.144,282.747,2,0
6522,177.222,21.3371,2,0
6523,21.7897,168.349,2,0
6524,100.093,171.324,2,0
6525,470.164,74.3717,2,0
6526,208.352,187.227,2,0
6527,88.5725,52.4901,2,0
6528,341.854,2,2,0
6529,77.3047,133.297,2,0
6530,342.112,298,2,0
6531,430.756,179.646,2,0
6532,482.364,47.5378,2,0
6533,104.87,170.373,2,0
6534,424.351,112.982,2,0
6535,473.39,71.8573,2,0
6536,158.72,260.671,2,0
6537,326.42,127.831,2,0
6538,585.977,84.3605,2,0
6539,178.023,45.6932,2,0
6540,443.194,200.127,2,0
6541,505.76,177.784,2,0
6542,312.79,180.872,2,0
6543,592.243,277.584,2,0
6544,403.296,157.101,2,0
6545,549.461,133.38,2,0
6546,30.0407,279.845,2,0
6547,313.185,64.6202,2,0
6548,379.087,23.8011,2,0
6549,242.783,117.164,2,0
6550,123.325,101.327,2,0
6551,598.547,24.6922,2,0
6552,128.319,160.403,2,0
6553,204.582,45.2368,2,0
6554,216.398,111.79,2,0
6555,481.228,37.0801,2,0
6556,232.811,38.6065,2,0
6557,486.604,194.32,2,0
6558,146.017,249.783,2,0
6559,7.26795,134.762,2,0
6560,540.895,124.739,2,0
6561,420.351,124.918,2,0
6562,383.91,115.295,2,0
6563,283.71,16.9048,2,0
6564,269.999,57.5966,2,0
6565,220.322,201.902,2,0
6566,436.29,124.645,2,0
6567,523.09,26.3104,2,0
6568,259.51,92.7733,2,0
6569,547.618,90.2331,2,0
6570,581.818,227.12,2,0
6571,142.152,198.842,2,0
6572,404.392,132.367,2,0
6573,115.879,245.62,2,0
6574,389.34,166.059,2,0
6575,477.306,284.659,2,0
6576,230.317,102.624,2,0
6577,27.6239,67.8042,2,0
6578,369.292,2,2,0
6579,314.726,264.763,2,0
6580,426.399,20.5414,2,0
6581,92.95,285.262,2,0
6582,30.7523,269.903,2,0
6583,301.427,107.171,2,0
6584,7.97415,89.8462,2,0
6585,495.378,82.7549,2,0
6586,177.351,144.134,2,0
6587,402.439,248.93,2,0
6588,407.975,272.318,2,0
6589,171.068,120.234,2,0
6590,351.173,203.51,2,0
6591,466.062,156.583,2,0
6592,169.759,70.1019,2,0
6593,211.15,45.2624,2,0
6594,12.9845,100.925,2,0
6595,569.795,48.3849,2,0
6596,414.155,239.565,2,0
6597,466.606,167.728,2,0
6598,223.76,298,2,0
6599,508.416,253.004,2,0
6600,388.42,172.653,2,0
6601,142.211,38.9522,2,0
6602,398.246,41.6368,2,0
6603,436.076,2,2,0
6604,25.5173,245.172,2,0
6605,3.4148,225.828,2,0
6606,407.833,216.095,2,0
6607,232.128,143.784,2,0
6608,593.205,16.833,2,0
6609,18.5489,105.93,2,0
6610,501.678,216.512,2,0
6611,321.362,255.8,2,0
6612,59.3071,278.989,2,0
6613,532.677,282.093,2,0
6614,338.583,253.171,2,0
6615,316.338,127.367,2,0
6616,553.016,182.688,2,0
6617,441.189,9.44225,2,0
6618,383.456,193.725,2,0
6619,391.242,266.101,2,0
6620,490.632,193.562,2,0
6621,440.469,167.008,2,0
6622,589.647,261.704,2,0
6623,203.243,211.453,2,0
6624,579.542,111.903,2,0
6625,544.25,39.0658,2,0
6626,521.992,86.5435,2,0
6627,345.946,254.436,2,0
6628,429.152,117.925,2,0
6629,255.089,249.419,2,0
6630,524.809,78.9369,2,0
6631,244.748,298,2,0
6632,522.987,108.045,2,0
6633,366.096,243.106,2,0
6634,509.083,2,2,0
6635,551.067,166.465,2,0
6636,69.9541,165.496,2,0
6637,513.351,21.9439,2,0
6638,319.556,246.868,2,0
6639,544.282,35.0477,2,0
6640,433.557,58.6328,2,0
6641,384.476,4.71146,2,0
6642,354.863,164.43,2,0
6643,228.135,120.277,2,0
6644,394.713,160.061,2,0
6645,155.631,258.016,2,0
6646,311.56,177.045,2,0
6647,462.044,72.8636,2,0
6648,75.6672,209.109,2,0
6649,287.32,18.7195,2,0
6650,488.739,87.0743,2,0
6651,220.041,179.944,2,0
6652,39.1182,64.0737,2,0
6653,400.464,75.851,2,0
6654,82.1087,267.645,2,0
6655,530.442,34.293,2,0
6656,364.322,197.092,2,0
6657,355.152,202.939,2,0
6658,26.9638,268.215,2,0
6659,318.829,116.298,2,0
6660,459.881,58.5086,2,0
6661,369.983,185.065,2,0
6662,265.828,108.763,2,0
6663,192.15,127.315,2,0
6664,140.63,35.1529,2,0
6665,227.632,272.79,2,0
6666,126.37,255.209,2,0
6667,401.022,193.645,2,0
6668,430.475,150.614,2,0
6669,548.734,152.135,2,0
6670,277.784,137.542,2,0
6671,206.538,81.5279,2,0
6672,446.732,113.384,2,0
6673,104.099,97.3024,2,0
6674,74.5609,74.173,2,0
6675,279.392,183.26,2,0
6676,552.177,154.252,2,0
6677,19.844,190.1,2,0
6678,325.884,121.272,2,0
6679,360.245,112.929,2,0
6680,2.84722,16.3043,2,0
6681,148.406,163.961,2,0
6682,448.272,205.517,2,0
6683,77.7418,105.402,2,0
6684,73.6878,201.259,2,0
6685,328.438,181.459,2,0
6686,286.355,216.604,2,0
6687,217.544,245.097,2,0
6688,394.767,105.232,2,0
6689,337.75,12.6769,2,0
6690,323.663,145.273,2,0
6691,442.612,288.417,2,0
6692,80.5812,271.45,2,0
6693,350.773,112.062,2,0
6694,416.863,44.4049,2,0
6695,334.69,6.89836,2,0
6696,242.793,294.369,2,0
6697,148.608,159.934,2,0
6698,85.2524,75.9645,2,0
6699,517.499,22.3388,2,0
6700,418.218,107.918,2,0
6701,449.97,27.6402,2,0
6702,16.0521,125.826,2,0
6703,406.959,185.654,2,0
6704,575.667,247.294,2,0
6705,584.74,51.649,2,0
6706,274.378,35.9787,2,0
6707,126.55,279.227,2,0
6708,465.359,281.504,2,0
6709,134.179,19.7801,2,0
6710,118.805,188.9,2,0
6711,227.353,105.454,2,0
6712,534.449,146.734,2,0
6713,439.701,239.031,2,0
6714,413.498,171.694,2,0
6715,363.296,63.3249,2,0
6716,289.155,22.6491,2,0
6717,236.421,2,2,0
6718,517.567,140.391,2,0
6719,460.131,291.314,2,0
6720,207.577,48.0767,2,0
6721,467.528,152.777,2,0
6722,490.421,266.208,2,0
6723,416.667,298,2,0
6724,176.917,230.375,2,0
6725,543.695,88.026,2,0
6726,584.617,238.325,2,0
6727,381.744,216.118,2,0
6728,507.272,173.974,2,0
6729,163.755,114.646,2,0
6730,196.564,140.356,2,0
6731,599.685,161.166,2,0
6732,186.028,44.3749,2,0
6733,547.803,32.9341,2,0
6734,487.654,23.904,2,0
6735,408.691,257.291,2,0
6736,346.364,101.125,2,0
6737,507.301,290.413,2,0
6738,352.1,64.0674,2,0
6739,59.4619,108.437,2,0
6740,112.072,26.555,2,0
6741,453.575,282.938,2,0
6742,235.513,35.4164,2,0
6743,70.9819,72.0399,2,0
6744,23.6985,241.507,2,0
6745,100.543,231.057,2,0
6746,462.386,222.413,2,0
6747,124.539,158.931,2,0
6748,344.198,247.714,2,0
6749,189.611,217.242,2,0
6750,329.659,204.058,2,0
6751,156.748,60.5517,2,0
6752,8.64387,12.1269,2,0
6753,17.6612,41.4045,2,0
6754,362.161,243.921,2,0
6755,462.453,243.67,2,0
6756,388.107,290.788,2,0
6757,21.3489,53.5605,2,0
6758,532.129,263.667,2,0
6759,12.7048,298,2,0
6760,373.098,279.76,2,0
6761,484.423,119.856,2,0
6762,598.787,35.1527,2,0
6763,308.799,172.252,2,0
6764,56.7028,275.809,2,0
6765,373.376,8.99553,2,0
6766,154.468,40.1492,2,0
6767,525.528,73.7458,2,0
6768,95.4308,255.593,2,0
6769,297.098,136.608,2,0
6770,468.524,2,2,0
6771,178.439,287.318,2,0
6772,569.21,78.3453,2,0
6773,249.125,174.228,2,0
6774,119.546,14.2436,2,0
6775,146.697,288.495,2,0
6776,152.814,36.503,2,0
6777,232.014,78.1399,2,0
6778,435.36,169.373,2,0
6779,211.84,289.535,2,0
6780,410.044,34.3629,2,0
6781,267.832,237.901,2,0
6782,257.982,71.826,2,0
6783,326.706,81.7749,2,0
6784,290.301,202.091,2,0
6785,65.5151,36.9709,2,0
6786,322.759,25.7886,2,0
6787,228.668,80.4706,2,0
6788,458.034,141.939,2,0
6789,414.006,88.8132,2,0
6790,61.4862,51.2167,2,0
6791,93.8441,13.4737,2,0
6792,280.234,76.5154,2,0
6793,108.418,216.099,2,0
6794,77.9645,76.3162,2,0
6795,461.103,16.8391,2,0
6796,443.615,183.746,2,0
6797,95.0474,56.3341,2,0
6798,279.157,220.254,2,0
6799,160.891,173.873,2,0
6800,403.477,87.5843,2,0
6801,122.533,273.318,2,0
6802,74.3371,290.14,2,0
6803,418.992,260.417,2,0
6804,569.477,53.6962,2,0
6805,162.364,234.839,2,0
6806,343.936,271.102,2,0
6807,476.306,118.525,2,0
6808,269.859,105.788,2,0
6809,4.00542,108.315,2,0
6810,199.993,79.2073,2,0
6811,285.703,38.2453,2,0
6812,66.9603,158.967,2,0
6813,445.159,196.629,2,0
6814,360.05,237.667,2,0
6815,360.146,55.0299,2,0
6816,78.3624,84.4249,2,0
6817,198.336,132.653,2,0
6818,469.963,148.937,2,0
6819,338.349,196.523,2,0
6820,381.204,65.6114,2,0
6821,439.128,290.384,2,0
6822,181.219,37.7422,2,0
6823,379.843,92.286,2,0
6824,315.232,61.1426,2,0
6825,215.602,118.803,2,0
6826,138.862,132.136,2,0
6827,76.3272,170.744,2,0
6828,232.031,169.582,2,0
6829,164.323,269.939,2,0
6830,537.095,96.6603,2,0
6831,223.16,21.1831,2,0
6832,332.044,43.4236,2,0
6833,377.14,198.886,2,0
6834,64.1209,67.7238,2,0
6835,139.277,195.828,2,0
6836,144.705,245.901,2,0
6837,100.664,294.094,2,0
6838,43.0169,76.4785,2,0
6839,163.987,52.8165,2,0
6840,561.639,244.362,2,0
6841,506.264,61.8832,2,0
6842,136.866,45.5777,2,0
6843,63.2055,277.697,2,0
6844,513.244,2,2,0
6845,517.06,121.37,2,0
6846,144.88,175.89,2,0
6847,457.941,253.431,2,0
6848,261.918,283.039,2,0
6849,266.2,84.1994,2,0
6850,29.5912,221.275,2,0
6851,90.2837,98.2428,2,0
6852,307.074,47.6087,2,0
6853,148.593,18.2235,2,0
6854,18.3654,18.5783,2,0
6855,254.979,191.352,2,0
6856,92.7883,146.765,2,0
6857,320.47,133.645,2,0
6858,214.33,225.797,2,0
6859,174.88,163.388,2,0
6860,432.717,277.493,2,0
6861,306.575,24.7982,2,0
6862,283.839,78.3894,2,0
6863,514.221,247.568,2,0
6864,31.4255,224.856,2,0
6865,9.73951,271.243,2,0
6866,214.287,259.489,2,0
6867,27.3921,272.234,2,0
6868,398.602,5.89093,2,0
6869,50.1074,272.89,2,0
6870,349.691,26.1351,2,0
6871,216.096,31.0265,2,0
6872,437.717,255.401,2,0
6873,473.206,108.341,2,0
6874,108.215,132.788,2,0
6875,454.147,274.843,2,0
6876,461.676,84.2701,2,0
6877,63.4571,156.967,2,0
6878,466.771,119.088,2,0
6879,449.894,284.745,2,0
6880,531.518,118.134,2,0
6881,277.887,42.2719,2,0
6882,417.608,284.456,2,0
6883,258.815,39.5063,2,0
6884,262.754,265.66,2,0
6885,228.442,263.891,2,0
6886,378.316,284.781,2,0
6887,188.034,246.884,2,0
6888,227.805,16.5409,2,0
6889,112.835,71.7995,2,0
6890,577.097,59.3702,2,0
6891,588.475,216.291,2,0
6892,347.726,223.723,2,0
6893,362.746,116.325,2,0
6894,436.523,151.792,2,0
6895,88.3707,230.273,2,0
6896,360.249,173.529,2,0
6897,462.098,110.863,2,0
6898,391.208,45.2286,2,0
6899,60.491,274.396,2,0
6900,334.538,130.721,2,0
6901,5.89359,112.04,2,0
6902,538.811,184.699,2,0
6903,484.559,257.061,2,0
6904,75.6663,193.502,2,0
6905,67.7076,33.6003,2,0
6906,317.499,94.592,2,0
6907,151.046,207.322,2,0
6908,74.6799,16.4577,2,0
6909,580.067,174.59,2,0
6910,213.603,91.4132,2,0
6911,138.929,285.904,2,0
6912,37.9079,9.79314,2,0
6913,208.329,263.209,2,0
6914,190.215,235.98,2,0
6915,573.753,57.1222,2,0
6916,353.565,24.8969,2,0
6917,593.118,123.331,2,0
6918,311.671,165.306,2,0
6919,75.5,265.074,2,0
6920,75.1242,174.642,2,0
6921,125.067,162.955,2,0
6922,394.028,256.965,2,0
6923,375.223,298,2,0
6924,207.76,88.6739,2,0
6925,430.184,121.884,2,0
6926,57.147,174.299,2,0
6927,518.22,136.355,2,0
6928,575.733,113.43,2,0
6929,461.46,265.541,2,0
6930,521.74,82.4844,2,0
6931,392.461,53.0437,2,0
6932,362.236,58.5854,2,0
6933,234.932,114.877,2,0
6934,329.389,35.8075,2,0
6935,108.129,33.6481,2,0
6936,239.25,275.761,2,0
6937,508.616,81.689,2,0
6938,449.94,49.6954,2,0
6939,249.882,114.098,2,0
6940,542.483,119.16,2,0
6941,24.0155,81.2511,2,0
6942,425.494,281.021,2,0
6943,373.474,53.1112,2,0
6944,397.688,27.8225,2,0
6945,566.138,38.4956,2,0
6946,32.8199,146.289,2,0
6947,528.259,76.7891,2,0
6948,441.83,26.4903,2,0
6949,456.229,105.715,2,0
6950,46.119,272.11,2,0
6951,71.9364,254.762,2,0
6952,359.794,51.0315,2,0
6953,473.662,86.432,2,0
6954,540.605,28.9069,2,0
6955,19.5803,216.963,2,0
6956,208.585,270.204,2,0
6957,579.843,157.949,2,0
6958,591.052,171.611,2,0
6959,111.389,201.629,2,0
6960,544.009,216.165,2,0
6961,559.036,233.639,2,0
6962,24.1068,134.363,2,0
6963,582.903,291.294,2,0
6964,111.945,185.382,2,0
6965,558.136,60.4143,2,0
6966,243.848,9.57429,2,0
6967,558.759,47.7036,2,0
6968,476.995,25.6983,2,0
6969,357.961,252.052,2,0
6970,334.492,217.381,2,0
6971,557.132,188.164,2,0
6972,439.633,95.0991,2,0
6973,2.49661,229.908,2,0
6974,506.322,57.8413,2,0
6975,459.72,236.128,2,0
6976,343.298,71.8227,2,0
6977,558.698,200.436,2,0
6978,98.4982,290.66,2,0
6979,328.91,258.749,2,0
6980,525.845,82.9728,2,0
6981,288.652,119.504,2,0
6982,110.899,268.122,2,0
6983,24.5031,200.363,2,0
6984,93.7949,190.293,2,0
6985,427.606,193.503,2,0
6986,505.356,168.559,2,0
6987,215.978,173.438,2,0
6988,369.466,47.3139,2,0
6989,296.298,298,2,0
6990,147.007,79.2941,2,0
6991,246.601,46.287,2,0
6992,566.336,209.925,2,0
6993,186.133,14.0091,2,0
6994,383.35,41.9961,2,0
6995,415.689,258.159,2,0
6996,507.058,5.46729,2,0
6997,55.8354,287.194,2,0
6998,494.925,171.04,2,0
6999,584.528,114.803,2,0
7000,1.40043,130.506,2,0
7001,447.472,88.4496,2,0
7002,433.433,142.627,2,0
7003,169.723,250.825,2,0
7004,2.88745,154.024,2,0
7005,497.173,137.954,2,0
7006,561.766,287.094,2,0
7007,290.161,56.489,2,0
7008,361.525,157.923,2,0
7009,374.284,82.239,2,0
7010,452.582,206.472,2,0
7011,241.637,203.198,2,0
7012,503.234,174.644,2,0
7013,370.009,241.969,2,0
7014,513.855,100.834,2,0
7015,541.797,114.711,2,0
7016,341.468,237.143,2,0
7017,96.9248,93.452,2,0
7018,495.77,36.048,2,0
7019,534.311,267.811,2,0
7020,86.9632,245.555,2,0
7021,320.442,2,2,0
7022,138.158,128.069,2,0
7023,356.184,64.4039,2,0
7024,523.574,114.899,2,0
7025,165.921,242.088,2,0
7026,481.119,167,2,0
7027,69.0598,213.849,2,0
7028,58.7643,2,2,0
7029,225.296,82.7306,2,0
7030,349.902,163.829,2,0
7031,515.911,46.5668,2,0
7032,406.533,23.1128,2,0
7033,273.736,86.0968,2,0
7034,226.408,5.54697,2,0
7035,148.704,215.054,2,0
7036,277.131,73.9435,2,0
7037,309.76,194.826,2,0
7038,580.391,208.347,2,0
7039,187.405,155.439,2,0
7040,163.11,79.9901,2,0
7041,543.925,17.5965,2,0
7042,497.402,195.762,2,0
7043,333.211,236.245,2,0
7044,222.704,212.302,2,0
7045,578.584,250.096,2,0
7046,578.308,101.418,2,0
7047,114.651,225.238,2,0
7048,87.8224,17.0789,2,0
7049,111.786,213.895,2,0
7050,263.361,25.6695,2,0
7051,513.639,298,2,0
7052,533.415,167.923,2,0
7053,519.61,164.742,2,0
7054,25.3659,17.4489,2,0
7055,169.169,182.913,2,0
7056,246.532,106.777,2,0
7057,570.697,165.794,2,0
7058,432.035,289.646,2,0
7059,37.78,82.6081,2,0
7060,426.418,163.12,2,0
7061,55.4207,280.081,2,0
7062,208.109,171.191,2,0
7063,254.694,106.953,2,0
7064,564.851,68.4156,2,0
7065,184.504,48.5965,2,0
7066,355.246,259.535,2,0
7067,200.314,99.9117,2,0
7068,178.808,162.394,2,0
7069,470.082,158.101,2,0
7070,49.282,181.948,2,0
7071,211.529,41.2224,2,0
7072,107.804,136.873,2,0
7073,203.048,298,2,0
7074,494.1,153.37,2,0
7075,136.154,219.684,2,0
7076,219.806,16.4454,2,0
7077,586.667,250.036,2,0
7078,490.351,240.097,2,0
7079,112.331,46.0565,2,0
7080,75.6278,127.594,2,0
7081,105.562,22.7441,2,0
7082,162.043,282.432,2,0
7083,79.5698,41.321,2,0
7084,54.4682,32.9468,2,0
7085,157.093,118.516,2,0
7086,179.684,266.339,2,0
7087,295.682,67.5668,2,0
7088,438.131,251.372,2,0
7089,144.797,119.322,2,0
7090,395.463,8.48556,2,0
7091,250.257,13.8906,2,0
7092,313.06,21.3159,2,0
7093,275.578,222.233,2,0
7094,433.505,223.62,2,0
7095,519.973,29.9809,2,0
7096,380.639,111.808,2,0
7097,157.844,209.475,2,0
7098,243.728,121.199,2,0
7099,401.83,161.06,2,0
7100,312.304,202.669,2,0
7101,72.8838,53.9878,2,0
7102,561.95,61.7119,2,0
7103,156.011,138.4,2,0
7104,435.365,28.2503,2,0
7105,379.081,32.2698,2,0
7106,73.2937,223.68,2,0
7107,560.309,116.991,2,0
7108,453.8,278.904,2,0
7109,577.325,43.2239,2,0
7110,16.6777,91.0179,2,0
7111,342.265,298,2,0
7112,197.379,20.8803,2,0
7113,538.021,275.103,2,0
7114,44.7719,276.145,2,0
7115,529.19,80.7309,2,0
7116,534.549,191.433,2,0
7117,420.94,152.847,2,0
7118,393.502,230.147,2,0
7119,565.24,225.911,2,0
7120,395.83,89.6232,2,0
7121,472.273,118.919,2,0
7122,83.3341,2,2,0
7123,593.018,248.949,2,0
7124,14.7504,44.2261,2,0
7125,398.011,210.879,2,0
7126,369.504,57.5057,2,0
7127,115.329,111.783,2,0
7128,246.651,38.9632,2,0
7129,324.47,180.757,2,0
7130,1.37693,164.854,2,0
7131,387.528,182.338,2,0
7132,497.514,5.55787,2,0
7133,220.871,72.9124,2,0
7134,394.331,178.28,2,0
7135,483.43,82.0055,2,0
7136,148.365,83.234,2,0
7137,79.7954,136.605,2,0
7138,453.512,190.882,2,0
7139,375.589,30.2969,2,0
7140,190.34,158.231,2,0
7141,448.819,106.189,2,0
7142,565.671,244.281,2,0
7143,390.49,287.318,2,0
7144,175.479,245.141,2,0
7145,144.518,127.324,2,0
7146,54.3397,260.961,2,0
7147,300.324,298,2,0
7148,305.322,286.675,2,0
7149,124.745,107.046,2,0
7150,14.4289,206.959,2,0
7151,437.862,228.439,2,0
7152,93.3637,277.495,2,0
7153,465.188,63.2736,2,0
7154,225.266,35.6599,2,0
7155,364.623,207.989,2,0
7156,378.144,95.9632,2,0
7157,205.186,122.893,2,0
7158,128.794,68.8492,2,0
7159,402.422,99.0303,2,0
7160,186.953,213.938,2,0
7161,566.068,175.727,2,0
7162,82.0073,203.826,2,0
7163,386.213,256.868,2,0
7164,202.824,103.071,2,0
7165,593.626,262.684,2,0
7166,147.239,13.2448,2,0
7167,538.039,127.648,2,0
7168,291.194,17.6308,2,0
7169,181.007,230.068,2,0
7170,195.327,111.157,2,0
7171,245.292,201.364,2,0
7172,207.515,290.903,2,0
7173,333.004,137.418,2,0
7174,65.6362,166.92,2,0
7175,560.762,218.969,2,0
7176,80.5393,222.9,2,0
7177,42.887,169.322,2,0
7178,289.758,73.0357,2,0
7179,507.798,96.0316,2,0
7180,11.0133,15.5629,2,0
7181,160.387,145.337,2,0
7182,1.24394,123.109,2,0
7183,122.161,269.3,2,0
7184,191.202,169.906,2,0
7185,276.035,209.967,2,0
7186,423.66,146.079,2,0
7187,440.06,220.305,2,0
7188,587.308,5.85923,2,0
7189,464.122,44.3108,2,0
7190,52.7346,125.066,2,0
7191,311.512,267.148,2,0
7192,388.513,188.657,2,0
7193,87.5659,184.859,2,0
7194,572.908,64.8915,2,0
7195,171.096,54.0013,2,0
7196,227.146,88.8454,2,0
7197,239.57,232.23,2,0
7198,309.518,62.8771,2,0
7199,213.208,238.19,2,0
7200,256.586,184.225,2,0
7201,138.958,31.3588,2,0
7202,485.143,150.734,2,0
7203,27.3285,224.602,2,0
7204,546.753,196.132,2,0
7205,522.441,234.646,2,0
7206,460.59,107.15,2,0
7207,432.298,125.294,2,0
7208,174.98,216.293,2,0
7209,137.503,282.097,2,0
7210,158.62,298,2,0
7211,568.892,44.2531,2,0
7212,505.001,255.345,2,0
7213,49.6988,243.603,2,0
7214,277.536,21.4059,2,0
7215,182.139,242.866,2,0
7216,436.082,32.2251,2,0
7217,128.172,109.942,2,0
7218,80.8697,165.486,2,0
7219,471.66,288.403,2,0
7220,82.2816,56.0139,2,0
7221,554.373,74.6827,2,0
7222,522.148,15.4071,2,0
7223,184.554,279.561,2,0
7224,465.854,23.3627,2,0
7225,342.877,210.506,2,0
7226,591.66,266.198,2,0
7227,143.93,145.858,2,0
7228,67.4819,266.182,2,0
7229,29.2117,18.8389,2,0
7230,317.208,250.19,2,0
7231,377.641,126.183,2,0
7232,494.198,251.279,2,0
7233,1.84791,111.781,2,0
7234,161.739,118.246,2,0
7235,486.642,9.36178,2,0
7236,279.675,101.18,2,0
7237,551.145,298,2,0
7238,338.875,83.4748,2,0
7239,286.873,158.654,2,0
7240,20.2929,98.7463,2,0
7241,200.544,45.9467,2,0
7242,394.622,252.739,2,0
7243,284.815,246.62,2,0
7244,108.952,287.194,2,0
7245,24.8336,92.0974,2,0
7246,275.083,70.4577,2,0
7247,77.4447,250.499,2,0
7248,372.577,112.46,2,0
7249,7.82133,78.8578,2,0
7250,299.992,29.4797,2,0
7251,363.585,211.923,2,0
7252,64.1636,294.161,2,0
7253,326.844,220.141,2,0
7254,297.643,284.97,2,0
7255,308.1,269.241,2,0
7256,44.6156,196.577,2,0
7257,79.4872,173.335,2,0
7258,351.294,226.4,2,0
7259,458.493,221.121,2,0
7260,563.069,222.483,2,0
7261,281.611,40.5278,2,0
7262,546.204,274.52,2,0
7263,554.091,258.866,2,0
7264,557.983,76.6686,2,0
7265,276.307,197.843,2,0
7266,114.864,99.8792,2,0
7267,110.69,78.7915,2,0
7268,235.714,118.878,2,0
7269,28.6047,14.7911,2,0
7270,242.549,74.8358,2,0
7271,159.057,205.652,2,0
7272,456.494,179.246,2,0
7273,401.764,26.9634,2,0
7274,375.15,231.123,2,0
7275,387.165,150.777,2,0
7276,456.071,294.035,2,0
7277,76.4331,217.153,2,0
7278,43.3294,53.2277,2,0
7279,303.818,103.957,2,0
7280,278.693,282.524,2,0
7281,462.447,66.2048,2,0
7282,548.94,148.117,2,0
7283,301.798,41.3018,2,0
7284,85.485,68.0949,2,0
7285,72.7734,219.644,2,0
7286,540.597,37.1276,2,0
7287,329.811,174.392,2,0
7288,552.134,158.304,2,0
7289,10.4487,209.635,2,0
7290,509.715,68.5849,2,0
7291,510.685,260.838,2,0
7292,527.459,256.582,2,0
7293,56.8314,212.355,2,0
7294,533.606,45.3643,2,0
7295,40.0533,247.248,2,0
7296,548.441,160.269,2,0
7297,466.088,73.4295,2,0
7298,192.257,165.68,2,0
7299,128.513,193.886,2,0
7300,385.013,238.32,2,0
7301,333.288,264.347,2,0
7302,551.416,47.2523,2,0
7303,512.438,28.7066,2,0
7304,282.699,123.479,2,0
7305,140.853,120.252,2,0
7306,182.812,106.925,2,0
7307,597.643,89.7474,2,0
7308,33.6722,23.8433,2,0
7309,21.6937,172.468,2,0
7310,233.82,55.5098,2,0
7311,233.284,47.4012,2,0
7312,14.8068,235.007,2,0
7313,505.075,159.861,2,0
7314,313.829,195.697,2,0
7315,160.728,19.5832,2,0
7316,423.299,9.34194,2,0
7317,346.201,176.854,2,0
7318,125.69,267.064,2,0
7319,149.528,127.935,2,0
7320,586.272,99.0155,2,0
7321,19.744,283.354,2,0
7322,72.6958,215.586,2,0
7323,17.701,55.4449,2,0
7324,407.039,170.969,2,0
7325,83.9742,162.943,2,0
7326,232.853,43.3864,2,0
7327,284.727,12.9815,2,0
7328,424.483,181.474,2,0
7329,174.163,5.48575,2,0
7330,482.828,92.5204,2,0
7331,188.388,239.637,2,0
7332,222.722,50.2187,2,0
7333,60.4303,69.3302,2,0
7334,278.847,260.12,2,0
7335,224.455,262.598,2,0
7336,115.704,25.0372,2,0
7337,28.4564,41.2799,2,0
7338,338.282,290.847,2,0
7339,167.007,63.3462,2,0
7340,266.041,56.4157,2,0
7341,172.755,39.3191,2,0
7342,77.9774,92.5965,2,0
7343,466.503,88.4066,2,0
7344,91.0933,246.182,2,0
7345,472.679,50.4946,2,0
7346,444.274,233.473,2,0
7347,564.944,267.048,2,0
7348,96.4143,262.704,2,0
7349,70.4045,101.867,2,0
7350,153.754,134.924,2,0
7351,15.8873,190.894,2,0
7352,141.119,202.753,2,0
7353,444.499,260.038,2,0
7354,21.0714,102.741,2,0
7355,485.444,234.164,2,0
7356,551.298,34.9718,2,0
7357,192.541,281.135,2,0
7358,354.327,280.608,2,0
7359,412.405,31.0117,2,0
7360,442.902,111.722,2,0
7361,288.936,84.3044,2,0
7362,212.92,28.4341,2,0
7363,509.637,124.255,2,0
7364,437.455,141.661,2,0
7365,108.162,145.585,2,0
7366,118.881,153.156,2,0
7367,581.275,49.5925,2,0
7368,7.14982,173.28,2,0
7369,294.946,45.5623,2,0
7370,115.208,211.591,2,0
7371,190.177,174.002,2,0
7372,253.502,187.625,2,0
7373,166.548,117.664,2,0
7374,175.651,272.052,2,0
7375,576.92,160.8,2,0
7376,598.065,66.2152,2,0
7377,32.4422,34.77,2,0
7378,26.0333,213.92,2,0
7379,461.508,192.173,2,0
7380,203.676,16.6694,2,0
7381,577.153,268.432,2,0
7382,168.143,213.782,2,0
7383,52.8313,264.832,2,0
7384,267.978,233.792,2,0
7385,234.827,166.465,2,0
7386,15.8814,33.4227,2,0
7387,296.245,2,2,0
7388,195.443,50.749,2,0
7389,240.074,182.085,2,0
7390,543.571,83.9671,2,0
7391,334.924,59.2932,2,0
7392,595.508,149.971,2,0
7393,81.2842,230.977,2,0
7394,344.924,172.939,2,0
7395,410.716,91.1656,2,0
7396,329.71,290.957,2,0
7397,302.978,65.9505,2,0
7398,268.058,256.248,2,0
7399,136.96,164.084,2,0
7400,262.234,204.865,2,0
7401,89.3281,76.7616,2,0
7402,274.308,261.287,2,0
7403,473.664,23.3541,2,0
7404,492.004,73.1214,2,0
7405,151.615,177.811,2,0
7406,579.979,115.974,2,0
7407,533.5,103.042,2,0
7408,54.3389,230.358,2,0
7409,4.90603,40.5193,2,0
7410,208.735,278.249,2,0
7411,218.618,190.909,2,0
7412,475.706,94.4368,2,0
7413,95.9418,17.0454,2,0
7414,106.112,276.338,2,0
7415,41.5275,26.6666,2,0
7416,579.296,97.4819,2,0
7417,583.254,196.361,2,0
7418,86.2576,237.406,2,0
7419,486.931,290.444,2,0
7420,132.632,262.759,2,0
7421,381.473,270.531,2,0
7422,550.001,213.509,2,0
7423,19.1713,114.466,2,0
7424,570.696,181.254,2,0
7425,107.78,121.964,2,0
7426,184.688,179.325,2,0
7427,28.9012,298,2,0
7428,442.186,19.8492,2,0
7429,310.207,215.923,2,0
7430,397.297,186.831,2,0
7431,154.615,236.991,2,0
7432,153.031,111.468,2,0
7433,306.437,90.0143,2,0
7434,457.928,50.673,2,0
7435,15.6513,242.461,2,0
7436,547.519,127.093,2,0
7437,232.352,2,2,0
7438,319.675,28.638,2,0
7439,300.254,2,2,0
7440,39.7261,72.5897,2,0
7441,403.724,19.1318,2,0
7442,575.739,34.6619,2,0
7443,293.514,212.639,2,0
7444,483.239,173.096,2,0
7445,79.363,210.663,2,0
7446,128.707,76.1968,2,0
7447,536.195,264.146,2,0
7448,390.444,294.425,2,0
7449,451.335,89.7769,2,0
7450,66.6577,57.3725,2,0
7451,344.206,36.9581,2,0
7452,303.517,58.7043,2,0
7453,129.131,264.965,2,0
7454,240.527,194.848,2,0
7455,202.712,196.468,2,0
7456,523.593,148.739,2,0
7457,345.064,243.634,2,0
7458,543.814,238.423,2,0
7459,487.995,143.158,2,0
7460,537.885,13.0925,2,0
7461,328.168,31.9443,2,0
7462,510.498,55.9113,2,0
7463,100.471,99.081,2,0
7464,583.273,96.285,2,0
7465,50.2985,53.6508,2,0
7466,457.877,157.126,2,0
7467,87.1896,218.163,2,0
7468,276.204,193.719,2,0
7469,340.406,74.7519,2,0
7470,13.3778,156.889,2,0
7471,599.078,53.7441,2,0
7472,479.475,252.105,2,0
7473,505.762,202.405,2,0
7474,546.262,130.916,2,0
7475,265.146,197.945,2,0
7476,555.871,152.456,2,0
7477,133.708,294.01,2,0
7478,422.591,199.039,2,0
7479,145.412,9.647,2,0
7480,460.406,298,2,0
7481,588.979,130.24,2,0
7482,409.908,173.764,2,0
7483,111.526,97.4552,2,0
7484,122.158,207.216,2,0
7485,211.472,118.284,2,0
7486,219.454,234.376,2,0
7487,371.536,286.646,2,0
7488,297.479,160.833,2,0
7489,82.5078,256.896,2,0
7490,49.6177,80.2972,2,0
7491,42.5711,93.7319,2,0
7492,88.132,34.7364,2,0
7493,218.034,252.245,2,0
7494,389.212,71.4592,2,0
7495,590.419,287.267,2,0
7496,548.74,108.34,2,0
7497,265.07,75.6044,2,0
7498,362.861,269.079,2,0
7499,417.941,237.997,2,0
7500,561.456,260.327,2,0
7501,371.066,65.5006,2,0
7502,193.933,5.54115,2,0
7503,429.09,133.646,2,0
7504,154.909,93.9475,2,0
7505,580.917,253.459,2,0
7506,580.8,57.6724,2,0
7507,237.632,163.477,2,0
7508,219.021,48.5433,2,0
7509,553.496,134.391,2,0
7510,354.19,72.031,2,0
7511,446.915,20.1628,2,0
7512,95.446,139.38,2,0
7513,337.29,265.508,2,0
7514,531.673,16.5269,2,0
7515,182.628,225.854,2,0
7516,480.741,286.975,2,0
7517,457.559,191.298,2,0
7518,291.14,9.44252,2,0
7519,572.491,9.54618,2,0
7520,77.784,37.6465,2,0
7521,389.199,55.4956,2,0
7522,583.822,230.725,2,0
7523,200.147,68.1913,2,0
7524,424.624,206.479,2,0
7525,398.412,200.136,2,0
7526,561.523,237.263,2,0
7527,90.2135,238.13,2,0
7528,269.724,86.2006,2,0
7529,574.423,202.728,2,0
7530,398.513,294.546,2,0
7531,343.216,180.881,2,0
7532,482.986,134.026,2,0
7533,474.541,246.659,2,0
7534,273.356,298,2,0
7535,232.916,235.37,2,0
7536,205.614,275.652,2,0
7537,528.585,59.1162,2,0
7538,161.27,125.641,2,0
7539,387.835,92.5572,2,0
7540,285.734,109.102,2,0
7541,442.849,284.287,2,0
7542,142.518,5.77667,2,0
7543,424.399,191.035,2,0
7544,402.063,276.213,2,0
7545,170.973,164.299,2,0
7546,217.165,199.331,2,0
7547,153.211,241.901,2,0
7548,160.202,160.954,2,0
7549,37.1985,256.025,2,0
7550,182.874,25.6005,2,0
7551,134.276,63.5838,2,0
7552,473.118,175.427,2,0
7553,348.079,200.95,2,0
7554,28.9264,103.672,2,0
7555,459.331,225.115,2,0
7556,192.243,270.659,2,0
7557,114.682,21.1021,2,0
7558,530.722,152.709,2,0
7559,466.56,294.329,2,0
7560,165.334,187.805,2,0
7561,558.557,205.423,2,0
7562,396.837,68.3229,2,0
7563,358.499,230.396,2,0
7564,432.125,172.397,2,0
7565,395.719,131.221,2,0
7566,542.064,260.134,2,0
7567,480.58,256.093,2,0
7568,478.384,18.5562,2,0
7569,152.835,125.549,2,0
7570,591.871,79.2385,2,0
7571,524.224,289.544,2,0
7572,152.637,245.927,2,0
7573,422.053,278.806,2,0
7574,517.866,273.191,2,0
7575,58.6017,216.123,2,0
7576,391.392,201.284,2,0
7577,477.038,109.617,2,0
7578,313.016,275.855,2,0
7579,46.8875,163.368,2,0
7580,375.547,26.1816,2,0
7581,22.4643,95.3833,2,0
7582,327.897,200.43,2,0
7583,527.241,135.773,2,0
7584,179.146,74.3715,2,0
7585,169.448,128.254,2,0
7586,570.049,2,2,0
7587,143.541,62.5372,2,0
7588,439.187,29.7004,2,0
7589,383.716,46.0093,2,0
7590,76.3203,243.472,2,0
7591,511.098,138.964,2,0
7592,533.476,107.229,2,0
7593,58.7135,115.574,2,0
7594,417.543,172.266,2,0
7595,530.965,113.949,2,0
7596,448.224,127.012,2,0
7597,328.804,93.96,2,0
7598,591.838,135.817,2,0
7599,69.351,298,2,0
7600,186.634,254.36,2,0
7601,233.591,246.113,2,0
7602,436.056,279.618,2,0
7603,119.514,247.442,2,0
7604,465.744,95.6969,2,0
7605,122.162,145.75,2,0
7606,245.112,226.67,2,0
7607,271.725,113.551,2,0
7608,508.87,153.246,2,0
7609,225.744,276.375,2,0
7610,405.97,34.7036,2,0
7611,113.5,85.5297,2,0
7612,326.021,67.0792,2,0
7613,380.217,298,2,0
7614,289.077,234.941,2,0
7615,561.611,158.198,2,0
7616,192.232,220.863,2,0
7617,536.191,223.23,2,0
7618,284.54,59.5759,2,0
7619,66.9549,181.595,2,0
7620,127.01,288.259,2,0
7621,468.194,227.092,2,0
7622,93.5728,95.908,2,0
7623,325.984,162.75,2,0
7624,423.761,250.755,2,0
7625,38.8322,252.228,2,0
7626,194.735,200.811,2,0
7627,252.429,194.721,2,0
7628,524.49,132.092,2,0
7629,69.5681,134.775,2,0
7630,91.9377,281.291,2,0
7631,510.223,112.528,2,0
7632,448.58,60.5436,2,0
7633,384.343,100.199,2,0
7634,580.964,41.4952,2,0
7635,267.726,113.349,2,0
7636,420.442,55.9387,2,0
7637,391.329,22.5841,2,0
7638,479.673,5.94545,2,0
7639,165.734,261.939,2,0
7640,325.586,261.445,2,0
7641,25.2442,249.22,2,0
7642,238.769,73.4849,2,0
7643,346.26,116.533,2,0
7644,582.75,234.778,2,0
7645,585.212,224.039,2,0
7646,515.302,199.367,2,0
7647,380.382,266.642,2,0
7648,101.499,22.8128,2,0
7649,24.0962,8.20167,2,0
7650,228.014,168.676,2,0
7651,493.456,5.5033,2,0
7652,351.955,130.012,2,0
7653,32.8978,298,2,0
7654,156.799,68.0865,2,0
7655,396.084,138.819,2,0
7656,97.0644,209.19,2,0
7657,362.13,108.228,2,0
7658,420.955,133.155,2,0
7659,412.537,62.8864,2,0
7660,419.056,9.43051,2,0
7661,61.354,29.9711,2,0
7662,390.305,158.004,2,0
7663,223.929,280.105,2,0
7664,3.48164,183.986,2,0
7665,489.942,277.064,2,0
7666,459.552,5.96062,2,0
7667,391.702,246.335,2,0
7668,380.318,48.538,2,0
7669,554.497,274.633,2,0
7670,505.17,164.319,2,0
7671,325.143,29.0517,2,0
7672,367.305,238.901,2,0
7673,384.184,147.978,2,0
7674,105.083,218.49,2,0
7675,444.421,100.516,2,0
7676,382.196,59.8055,2,0
7677,143.318,266.053,2,0
7678,70.5613,229.983,2,0
7679,51.1322,280.682,2,0
7680,485.886,276.065,2,0
7681,4.89253,19.7558,2,0
7682,25.3707,166.519,2,0
7683,155.644,276.733,2,0
7684,186.06,235.833,2,0
7685,575.477,282.994,2,0
7686,594.403,294.492,2,0
7687,264.754,223.645,2,0
7688,501.477,279.029,2,0
7689,321.689,236.301,2,0
7690,117.494,293.963,2,0
7691,568.113,197.786,2,0
7692,462.373,88.3621,2,0
7693,206.939,24.1469,2,0
7694,463.217,273.601,2,0
7695,444.166,152.644,2,0
7696,357.616,191.147,2,0
7697,518.354,34.0476,2,0
7698,533.445,2,2,0
7699,1.23714,83.5714,2,0
7700,286.838,199.878,2,0
7701,536.392,63.5795,2,0
7702,253.252,152.722,2,0
7703,491.247,169.146,2,0
7704,5.58584,36.1051,2,0
7705,233.58,274.607,2,0
7706,293.799,166.789,2,0
7707,180.47,28.8692,2,0
7708,463.655,6.00549,2,0
7709,356.045,137.153,2,0
7710,283.16,189.683,2,0
7711,220.884,269.892,2,0
7712,329.506,298,2,0
7713,64.2265,88.1431,2,0
7714,489.325,5.53274,2,0
7715,501.867,126.359,2,0
7716,11.6367,225.578,2,0
7717,206.067,13.3975,2,0
7718,395.421,261.812,2,0
7719,254.471,69.6202,2,0
7720,254.319,98.9834,2,0
7721,468.275,60.5981,2,0
7722,539.716,65.9481,2,0
7723,96.419,98.8077,2,0
7724,342.34,128.141,2,0
7725,238.399,261.53,2,0
7726,589.383,247.094,2,0
7727,136.286,59.9678,2,0
7728,596.581,215.574,2,0
7729,196.631,46.8534,2,0
7730,521.913,100.875,2,0
7731,392.378,290.941,2,0
7732,33.2691,228.483,2,0
7733,495.382,47.6085,2,0
7734,202.938,23.6941,2,0
7735,459.129,202.652,2,0
7736,189.623,139.188,2,0
7737,189.577,262.06,2,0
7738,111.443,14.1122,2,0
7739,405.725,15.6651,2,0
7740,231.5,252.912,2,0
7741,233.578,136.784,2,0
7742,125.696,201.475,2,0
7743,189.888,5.57572,2,0
7744,136.186,232.216,2,0
7745,286.099,224.679,2,0
7746,321.489,298,2,0
7747,74.7529,123.635,2,0
7748,578.202,75.0905,2,0
7749,45.8248,222.141,2,0
7750,478.669,236.644,2,0
7751,300.292,261.697,2,0
7752,104.757,214.242,2,0
7753,307.456,70.388,2,0
7754,553.333,244.258,2,0
7755,570.085,20.9908,2,0
7756,539.491,249.376,2,0
7757,97.937,258.811,2,0
7758,206.529,149.133,2,0
7759,25.0887,174.675,2,0
7760,366.094,98.4311,2,0
7761,237.437,185.37,2,0
7762,372.937,199.537,2,0
7763,374.416,272.877,2,0
7764,459.656,121.54,2,0
7765,321.904,226.09,2,0
7766,213.954,157.613,2,0
7767,72.6877,44.589,2,0
7768,62.7011,115.976,2,0
7769,438.287,20.9706,2,0
7770,242.885,189.8,2,0
7771,185.402,125.47,2,0
7772,169.067,254.78,2,0
7773,127.677,82.1155,2,0
7774,360.243,226.679,2,0
7775,127.297,197.798,2,0
7776,129.704,37.3473,2,0
7777,341.192,63.5098,2,0
7778,546.332,232.552,2,0
7779,348.414,238.407,2,0
7780,208.26,239.441,2,0
7781,383.369,14.552,2,0
7782,480.208,281.896,2,0
7783,529.486,84.781,2,0
7784,262.311,208.937,2,0
7785,513.773,39.478,2,0
7786,398.64,128.428,2,0
7787,408.141,64.2182,2,0
7788,454.152,39.1417,2,0
7789,382.339,108.085,2,0
7790,9.66251,246.162,2,0
7791,441.086,231.021,2,0
7792,399.016,246.393,2,0
7793,487.105,280.078,2,0
7794,559.343,105.142,2,0
7795,215.843,67.2681,2,0
7796,256.971,101.99,2,0
7797,392.864,146.143,2,0
7798,275.535,276.06,2,0
7799,176.625,132.747,2,0
7800,296.319,27.6065,2,0
7801,33.1096,290.753,2,0
7802,416.11,101.113,2,0
7803,311.704,169.411,2,0
7804,265.807,138.562,2,0
7805,14.7327,104.577,2,0
7806,45.7563,183.937,2,0
7807,192.577,28.8627,2,0
7808,57.0031,84.5218,2,0
7809,185.754,140.75,2,0
7810,258.958,233.234,2,0
7811,80.1704,294.115,2,0
7812,571.447,99.8006,2,0
7813,346.253,194.094,2,0
7814,360.689,219.153,2,0
7815,363.272,258.337,2,0
7816,175.043,114.46,2,0
7817,274.182,31.6994,2,0
7818,62.8588,248.899,2,0
7819,425.238,79.3201,2,0
7820,123.692,92.3522,2,0
7821,288.06,112.483,2,0
7822,393.026,234.143,2,0
7823,446.706,186.519,2,0
7824,547.905,45.175,2,0
7825,500.406,271.387,2,0
7826,425.306,88.2964,2,0
7827,111.701,253.391,2,0
7828,84.6957,158.931,2,0
7829,311.066,294.167,2,0
7830,144.784,90.5055,2,0
7831,19.9264,250.58,2,0
7832,70.4062,203.584,2,0
7833,88.8853,27.0691,2,0
7834,43.8614,294.182,2,0
7835,128.801,224.244,2,0
7836,449.952,74.3796,2,0
7837,323.879,135.758,2,0
7838,493.645,247.277,2,0
7839,77.2531,112.673,2,0
7840,322.27,267.952,2,0
7841,84.1204,34.4602,2,0
7842,583.529,284.05,2,0
7843,1.38561,193.458,2,0
7844,385.692,125.588,2,0
7845,498.778,22.5428,2,0
7846,181.709,56.171,2,0
7847,114.972,190.046,2,0
7848,494.438,257.027,2,0
7849,592.04,152.168,2,0
7850,266.197,52.3491,2,0
7851,10.7903,105.542,2,0
7852,23.3206,252.817,2,0
7853,537.484,2,2,0
7854,15.4937,29.4337,2,0
7855,260.979,74.8385,2,0
7856,179.005,204.704,2,0
7857,285.309,5.87859,2,0
7858,356.704,160.568,2,0
7859,376.953,280.734,2,0
7860,215.595,211.427,2,0
7861,382.21,212.139,2,0
7862,133.701,118.942,2,0
7863,21.3964,207.194,2,0
7864,146.512,238.136,2,0
7865,526.138,52.5246,2,0
7866,151.306,167.106,2,0
7867,428.527,243.782,2,0
7868,333.433,35.8967,2,0
7869,241.082,103.981,2,0
7870,149.688,134.976,2,0
7871,224.705,113.044,2,0
7872,228.638,95.7348,2,0
7873,241.405,175.043,2,0
7874,313.107,218.007,2,0
7875,371.389,257.074,2,0
7876,458.057,29.0313,2,0
7877,74.362,155.514,2,0
7878,550.452,121.435,2,0
7879,569.087,202.865,2,0
7880,561.571,78.6323,2,0
7881,399.092,150.179,2,0
7882,213.048,61.3493,2,0
7883,240.726,124.069,2,0
7884,557.771,192.2,2,0
7885,514.404,146.019,2,0
7886,203.767,89.2679,2,0
7887,282.927,185.244,2,0
7888,571.052,185.443,2,0
7889,497.825,87.7149,2,0
7890,558.434,196.349,2,0
7891,56.5904,178.266,2,0
7892,24.5202,59.9133,2,0
7893,272.364,166.996,2,0
7894,35.3105,152.838,2,0
7895,579.397,120.246,2,0
7896,484.45,169.277,2,0
7897,250.898,294.446,2,0
7898,171.633,175.19,2,0
7899,257.8,154.062,2,0
7900,52.2718,23.2627,2,0
7901,242.203,260.11,2,0
7902,280.619,266.309,2,0
7903,581.995,185.582,2,0
7904,217.831,100.764,2,0
7905,69.9938,269.362,2,0
7906,103.726,121.367,2,0
7907,393.932,156.098,2,0
7908,557.552,135.456,2,0
7909,41.7202,45.4216,2,0
7910,92.5572,158.408,2,0
7911,115.359,237.513,2,0
7912,386.891,140.431,2,0
7913,448.414,23.8714,2,0
7914,456.906,36.0625,2,0
7915,15.9225,249.595,2,0
7916,256.259,57.4116,2,0
7917,264.544,290.654,2,0
7918,374.725,215.336,2,0
7919,401.616,202.707,2,0
7920,129.573,272.977,2,0
7921,539.753,78.1237,2,0
7922,301.098,158.737,2,0
7923,480.293,130.918,2,0
7924,89.1565,65.5082,2,0
7925,470.982,260.862,2,0
7926,230.51,29.4239,2,0
7927,136.238,236.351,2,0
7928,48.8305,127.049,2,0
7929,454.04,112.243,2,0
7930,576.721,63.4492,2,0
7931,49.6903,97.783,2,0
7932,395.509,2,2,0
7933,327.412,216.097,2,0
7934,205.009,168.482,2,0
7935,423.812,99.4949,2,0
7936,74.4554,258.064,2,0
7937,403.881,272.442,2,0
7938,505.272,118.915,2,0
7939,322.871,166.208,2,0
7940,64.9864,62.9401,2,0
7941,347.931,271.929,2,0
7942,531.692,194.511,2,0
7943,468.823,20.5845,2,0
7944,228.947,84.5956,2,0
7945,132.834,164.949,2,0
7946,127.855,41.2406,2,0
7947,188.25,128.378,2,0
7948,452.317,151.296,2,0
7949,262.888,46.569,2,0
7950,63.2166,130.424,2,0
7951,181.651,207.836,2,0
7952,532.877,82.5127,2,0
7953,6.40162,2,2,0
7954,186.792,101.043,2,0
7955,172.842,265.377,2,0
7956,302.972,279.075,2,0
7957,411.629,112.349,2,0
7958,341.418,34.072,2,0
7959,532.501,57.6777,2,0
7960,568.697,160.677,2,0
7961,303.092,251.279,2,0
7962,302.314,214.925,2,0
7963,339.95,23.268,2,0
7964,120.691,173.463,2,0
7965,180.917,237.617,2,0
7966,422.332,63.664,2,0
7967,354.659,291.115,2,0
7968,271.069,71.2467,2,0
7969,594.661,63.1701,2,0
7970,371.521,212.848,2,0
7971,71.7977,207.444,2,0
7972,448.948,16.7029,2,0
7973,177.816,57.1231,2,0
7974,523.448,256.986,2,0
7975,97.3232,22.9797,2,0
7976,266.606,264.153,2,0
7977,560.225,147.238,2,0
7978,507.152,266.91,2,0
7979,130.779,48.9361,2,0
7980,206.494,134.858,2,0
7981,216.072,207.378,2,0
7982,357.189,245.421,2,0
7983,177.855,124.706,2,0
7984,55.5962,204.442,2,0
7985,321.935,206.916,2,0
7986,302.104,24.0891,2,0
7987,376.333,140.954,2,0
7988,36.1093,283.224,2,0
7989,86.7938,48.8406,2,0
7990,591.368,273.566,2,0
7991,328.05,157.948,2,0
7992,18.6328,13.1559,2,0
7993,442.336,130.01,2,0
7994,131.414,197.75,2,0
7995,403.26,49.4344,2,0
7996,557.507,244.315,2,0
7997,421.754,236.306,2,0
7998,282.5,143.507,2,0
7999,329.648,125.327,2,0
8000,534.109,298,2,0
8001,252.125,183.8,2,0
8002,598.934,233.963,2,0
8003,345.147,48.8132,2,0
8004,3.91117,266.621,2,0
8005,569.405,251.619,2,0
8006,124.053,151.869,2,0
8007,374.722,151.852,2,0
8008,336.713,122.063,2,0
8009,565.658,109.893,2,0
8010,236.268,26.4022,2,0
8011,99.6099,26.3442,2,0
8012,279.567,174.943,2,0
8013,595.43,59.161,2,0
8014,425.144,285.152,2,0
8015,117.403,40.3175,2,0
8016,433.285,158.047,2,0
8017,65.3313,298,2,0
8018,223.023,126.751,2,0
8019,0.0897391,201.92,2,0
8020,376.346,136.948,2,0
8021,435.657,93.6349,2,0
8022,106.073,118.06,2,0
8023,536.129,124.071,2,0
8024,74.896,247.316,2,0
8025,7.52843,198.688,2,0
8026,281.089,90.0108,2,0
8027,137.176,203.682,2,0
8028,214.976,286.788,2,0
8029,596.611,93.7832,2,0
8030,585.199,269.541,2,0
8031,90.9545,9.59124,2,0
8032,401.584,8.60954,2,0
8033,134.272,200.754,2,0
8034,119.746,169.08,2,0
8035,236.359,265.012,2,0
8036,155.988,2,2,0
8037,221.748,283.509,2,0
8038,15.5093,216.758,2,0
8039,404.623,290.956,2,0
8040,184.315,199.89,2,0
8041,435.321,244.635,2,0
8042,373.703,78.1766,2,0
8043,209.65,92.2209,2,0
8044,233.423,290.389,2,0
8045,311.533,287.075,2,0
8046,456.888,46.7363,2,0
8047,281.442,20.233,2,0
8048,311.605,58.7953,2,0
8049,57.508,166.131,2,0
8050,136.31,160.13,2,0
8051,367.3,257.773,2,0
8052,269.627,124.482,2,0
8053,183.626,188.878,2,0
8054,152.238,188.671,2,0
8055,265.498,154.59,2,0
8056,572.917,80.2834,2,0
8057,380.465,5.95198,2,0
8058,184.32,129.407,2,0
8059,100.987,239.151,2,0
8060,519.561,79.1153,2,0
8061,143.747,24.7944,2,0
8062,418.299,83.3667,2,0
8063,107.342,76.5065,2,0
8064,483.774,241.162,2,0
8065,72.0468,172.077,2,0
8066,332.002,25.102,2,0
8067,556.368,148.316,2,0
8068,285.489,291,2,0
8069,437.828,163.867,2,0
8070,45.9086,179.716,2,0
8071,234.457,5.54015,2,0
8072,189.294,66.7558,2,0
8073,144.73,104.579,2,0
8074,466.991,56.7113,2,0
8075,436.865,46.532,2,0
8076,297.204,59.6831,2,0
8077,481.271,73.95,2,0
8078,338.07,128.672,2,0
8079,88.2644,294.058,2,0
8080,249.111,290.739,2,0
8081,489.855,90.9774,2,0
8082,510.723,273.195,2,0
8083,288.531,14.5596,2,0
8084,150.559,237.274,2,0
8085,319.283,50.032,2,0
8086,192.089,69.7412,2,0
8087,122.443,97.3799,2,0
8088,10.2595,58.5851,2,0
8089,337.143,246.189,2,0
8090,14.9374,294.431,2,0
8091,235.549,155.555,2,0
8092,29.036,290.7,2,0
8093,523.987,272.286,2,0
8094,82.5156,98.692,2,0
8095,265.178,202.07,2,0
8096,503.758,241.103,2,0
8097,494.441,121.49,2,0
8098,217.937,158.574,2,0
8099,537.091,31.1647,2,0
8100,149.251,241.11,2,0
8101,147.022,208.277,2,0
8102,307.519,9.35767,2,0
8103,520.728,104.707,2,0
8104,223.126,137.801,2,0
8105,367.347,86.8424,2,0
8106,119.837,24.5751,2,0
8107,477.367,243.752,2,0
8108,446.159,39.2316,2,0
8109,25.8359,145.2,2,0
8110,163.258,93.866,2,0
8111,587.943,152.097,2,0
8112,554.518,138.321,2,0
8113,202.403,181.712,2,0
8114,591.35,34.2966,2,0
8115,218.995,176.066,2,0
8116,236.063,144.567,2,0
8117,193.611,76.6516,2,0
8118,29.4003,111.809,2,0
8119,365.909,204.035,2,0
8120,454.867,213.755,2,0
8121,358.785,241.488,2,0
8122,395.418,280.264,2,0
8123,6.18722,8.94083,2,0
8124,283.326,156.754,2,0
8125,363.314,185.318,2,0
8126,103.243,174.076,2,0
8127,136.545,16.3994,2,0
8128,105.104,5.79748,2,0
8129,114.698,195.366,2,0
8130,429.215,47.5652,2,0
8131,330.749,67.7216,2,0
8132,84.4937,52.3331,2,0
8133,378.765,152.118,2,0
8134,12.5829,188.472,2,0
8135,495.837,51.6615,2,0
8136,525.355,186.71,2,0
8137,76.0337,213.122,2,0
8138,134.418,6.28719,2,0
8139,35.9234,218.04,2,0
8140,315.526,177.875,2,0
8141,258.582,53.8334,2,0
8142,26.5624,122.128,2,0
8143,514.641,234.988,2,0
8144,435.416,291.756,2,0
8145,519.789,151.585,2,0
8146,311.099,239.102,2,0
8147,16.2038,9.75204,2,0
8148,290.393,160.799,2,0
8149,381.293,186.795,2,0
8150,357.779,37.1931,2,0
8151,433.842,215.836,2,0
8152,433.352,233.923,2,0
8153,77.5161,162.453,2,0
8154,428.162,32.2987,2,0
8155,415.556,270.246,2,0
8156,110.388,105.981,2,0
8157,581.075,287.324,2,0
8158,467.26,77.299,2,0
8159,463.052,30.8822,2,0
8160,400.128,214.404,2,0
8161,504.103,198.765,2,0
8162,514.343,54.6088,2,0
8163,277.408,263.892,2,0
8164,380.234,196.185,2,0
8165,340.005,95.0363,2,0
8166,103.822,53.1147,2,0
8167,242.53,153.442,2,0
8168,167.61,176.043,2,0
8169,475.152,276.781,2,0
8170,294.42,146.547,2,0
8171,123.976,184.074,2,0
8172,573.677,243.726,2,0
8173,533.426,94.8368,2,0
8174,16.5493,137.078,2,0
8175,368.164,94.5791,2,0
8176,540.088,278.727,2,0
8177,384.001,121.779,2,0
8178,355.723,273.767,2,0
8179,63.939,286.495,2,0
8180,460.7,214.106,2,0
8181,3.91971,200.634,2,0
8182,341.245,47.7972,2,0
8183,504.554,282.908,2,0
8184,14.3601,180.636,2,0
8185,401.652,269.046,2,0
8186,209.595,73.5938,2,0
8187,25.9066,75.3488,2,0
8188,86.4135,97.1748,2,0
8189,355.428,83.6823,2,0
8190,218.742,186.701,2,0
8191,461.878,199.647,2,0
8192,340.971,87.1893,2,0
8193,477.916,138.397,2,0
8194,278.907,278.425,2,0
8195,562.554,211.3,2,0
8196,296.678,86.6261,2,0
8197,311.056,263.047,2,0
8198,286.109,105.052,2,0
8199,328.238,212.072,2,0
8200,388.733,110.797,2,0
8201,455.424,89.5328,2,0
8202,432.995,54.5947,2,0
8203,324.977,73.7354,2,0
8204,500.566,212.626,2,0
8205,332.379,171.299,2,0
8206,201.594,75.101,2,0
8207,550.782,72.7633,2,0
8208,306.284,34.55,2,0
8209,168.22,146.747,2,0
8210,219.799,87.0603,2,0
8211,484.124,71.0669,2,0
8212,358.357,76.3093,2,0
8213,297.12,185.131,2,0
8214,38.1254,214.641,2,0
8215,398.028,123.621,2,0
8216,49.1082,298,2,0
8217,451.343,164.906,2,0
8218,74.8818,65.8602,2,0
8219,247.52,158.482,2,0
8220,448.255,2,2,0
8221,174.365,122.592,2,0
8222,428.293,183.578,2,0
8223,275.236,230.46,2,0
8224,216.824,270.007,2,0
8225,599.105,218.774,2,0
8226,167.201,79.8268,2,0
8227,36.4857,139.595,2,0
8228,462.732,40.5061,2,0
8229,261.639,160.264,2,0
8230,521.405,187.553,2,0
8231,569.025,206.958,2,0
8232,555.504,240.81,2,0
8233,580.197,298,2,0
8234,39.6973,142.105,2,0
8235,399.562,280.075,2,0
8236,91.6261,118.846,2,0
8237,16.2859,72.5452,2,0
8238,332.066,158.236,2,0
8239,7.49172,98.1138,2,0
8240,516.191,149.708,2,0
8241,493.567,185.403,2,0
8242,573.247,192.056,2,0
8243,364.879,32.9655,2,0
8244,565.169,34.58,2,0
8245,251.402,87.2854,2,0
8246,350.181,177.873,2,0
8247,306.338,116.496,2,0
8248,344.218,202.205,2,0
8249,114.793,199.434,2,0
8250,507.968,230.329,2,0
8251,114.347,261.683,2,0
8252,378.289,58.7697,2,0
8253,43.0643,57.2531,2,0
8254,383.077,69.2817,2,0
8255,348.683,119.835,2,0
8256,183.096,102.857,2,0
8257,578.262,128.405,2,0
8258,387.154,252.923,2,0
8259,300.852,73.0629,2,0
8260,260.904,127.892,2,0
8261,53.7491,283.745,2,0
8262,337.739,2,2,0
8263,584.89,163.026,2,0
8264,81.3516,132.813,2,0
8265,240.424,219.452,2,0
8266,188.527,29.1716,2,0
8267,98.7306,153.353,2,0
8268,263.72,59.7084,2,0
8269,43.1224,130.675,2,0
8270,498.55,191.787,2,0
8271,378.166,133.311,2,0
8272,198.196,31.7567,2,0
8273,204.395,207.572,2,0
8274,175.233,80.1291,2,0
8275,4.59964,298,2,0
8276,263.76,243.045,2,0
8277,157.275,268.636,2,0
8278,116.785,174.459,2,0
8279,454.906,124.203,2,0
8280,39.9944,157.799,2,0
8281,438.314,247.254,2,0
8282,314.8,24.9471,2,0
8283,537.016,105.044,2,0
8284,162.642,41.0557,2,0
8285,63.923,255.947,2,0
8286,82.9851,246.08,2,0
8287,166.568,23.8683,2,0
8288,526.566,111.992,2,0
8289,395.325,115.734,2,0
8290,9.72283,6.88124,2,0
8291,494.889,145.681,2,0
8292,551.628,89.2662,2,0
8293,284.006,268.535,2,0
8294,351.596,211.358,2,0
8295,556.652,225.976,2,0
8296,533.646,205.685,2,0
8297,155.051,79.0424,2,0
8298,368.03,68.1079,2,0
8299,210.172,179.212,2,0
8300,555.392,95.2531,2,0
8301,392.095,242.134,2,0
8302,458.338,65.3799,2,0
8303,562.037,86.7578,2,0
8304,577.459,79.1342,2,0
8305,80.0747,108.82,2,0
8306,185.457,284.124,2,0
8307,356.696,120.237,2,0
8308,311.452,28.8429,2,0
8309,37.0758,21.1719,2,0
8310,366.872,268.312,2,0
8311,484.118,282.906,2,0
8312,271.242,290.453,2,0
8313,289.373,230.96,2,0
8314,229.888,220.86,2,0
8315,240.781,27.1065,2,0
8316,110.832,22.6442,2,0
8317,77.2642,230.037,2,0
8318,432.817,237.982,2,0
8319,180.61,169.209,2,0
8320,64.5953,209.186,2,0
8321,388.749,212.025,2,0
8322,276.316,144.594,2,0
8323,279.663,158.773,2,0
8324,130.093,148.104,2,0
8325,512.276,282.973,2,0
8326,217.168,71.1036,2,0
8327,509.433,42.0293,2,0
8328,220.579,68.874,2,0
8329,34.2596,75.2675,2,0
8330,334.762,83.5771,2,0
8331,197.339,65.06,2,0
8332,395.563,12.5701,2,0
8333,414.876,226.463,2,0
8334,585.729,280.604,2,0
8335,576.535,83.093,2,0
8336,258.228,198.179,2,0
8337,468.356,216.927,2,0
8338,395.861,272.929,2,0
8339,587.369,109.727,2,0
8340,412.997,251.728,2,0
8341,200.362,219.94,2,0
8342,409.536,125.208,2,0
8343,288.421,239.921,2,0
8344,476.095,214.751,2,0
8345,464.98,48.2182,2,0
8346,294.97,90.2945,2,0
8347,228.52,9.32486,2,0
8348,174.168,194.538,2,0
8349,464.833,164.13,2,0
8350,269.283,209.212,2,0
8351,498.373,134.053,2,0
8352,293.603,178.998,2,0
8353,428.26,171.001,2,0
8354,100.746,199.832,2,0
8355,283.498,294.5,2,0
8356,385.972,230.272,2,0
8357,52.2448,246.912,2,0
8358,555.274,220.851,2,0
8359,189.369,21.5168,2,0
8360,508.169,45.8743,2,0
8361,152.007,43.5795,2,0
8362,66.6296,202.056,2,0
8363,52.6387,189.061,2,0
8364,292.559,93.5278,2,0
8365,511.005,184.082,2,0
8366,111.862,18.0983,2,0
8367,363.053,200.918,2,0
8368,426.184,268.824,2,0
8369,472.163,68.0201,2,0
8370,268.494,221.777,2,0
8371,145.877,212.125,2,0
8372,282.803,181.1,2,0
8373,502.895,23.179,2,0
8374,293.481,266.089,2,0
8375,83.485,216.278,2,0
8376,313.89,32.8508,2,0
8377,279.364,216.23,2,0
8378,568.291,96.4572,2,0
8379,448.256,151.932,2,0
8380,24.8689,205.087,2,0
8381,420.283,168.918,2,0
8382,537.98,113.088,2,0
8383,27.5048,127.305,2,0
8384,554.232,70.6625,2,0
8385,359.328,85.1512,2,0
8386,226.061,283.624,2,0
8387,369.807,180.391,2,0
8388,249.182,227.775,2,0
8389,321.155,111.528,2,0
8390,176.045,102.288,2,0
8391,374.623,235.328,2,0
8392,421.1,117.005,2,0
8393,318.697,85.0835,2,0
8394,31.6889,154.648,2,0
8395,412.971,37.2487,2,0
8396,128.485,220.201,2,0
8397,595.172,274.824,2,0
8398,192.358,145.708,2,0
8399,539.628,256.716,2,0
8400,28.2653,210.479,2,0
8401,274.707,130.829,2,0
8402,83.2325,190.57,2,0
8403,416.443,56.369,2,0
8404,487.42,201.759,2,0
8405,400.151,183.967,2,0
8406,148.944,75.6997,2,0
8407,565.896,14.0947,2,0
8408,525.94,128.275,2,0
8409,193.743,251.347,2,0
8410,215.749,16.3385,2,0
8411,184.491,29.372,2,0
8412,372.058,32.8107,2,0
8413,43.0728,65.1378,2,0
8414,245.775,282.963,2,0
8415,264.992,219.579,2,0
8416,295.592,281.397,2,0
8417,167.189,121.657,2,0
8418,132.759,266.771,2,0
8419,151.006,108.011,2,0
8420,71.2462,85.2572,2,0
8421,317.923,230.93,2,0
8422,332.685,260.251,2,0
8423,325.574,2,2,0
8424,491.776,35.405,2,0
8425,84.929,261.236,2,0
8426,165.308,83.4418,2,0
8427,243.12,23.8559,2,0
8428,467.504,204.746,2,0
8429,123.078,51.0641,2,0
8430,233.952,210.772,2,0
8431,296.269,71.8438,2,0
8432,36.7815,144.87,2,0
8433,544.394,202.441,2,0
8434,540.342,201.801,2,0
8435,434.955,211.829,2,0
8436,168.013,51.3317,2,0
8437,314.399,228.823,2,0
8438,333.706,298,2,0
8439,115.967,9.98944,2,0
8440,522.218,203.564,2,0
8441,248.838,298,2,0
8442,159.202,107.94,2,0
8443,597.12,122.903,2,0
8444,22.2507,77.3673,2,0
8445,156.958,36.9264,2,0
8446,342.795,59.7765,2,0
8447,450.769,272.597,2,0
8448,127.692,22.6965,2,0
8449,488.616,12.8725,2,0
8450,353.698,28.917,2,0
8451,73.7358,37.3152,2,0
8452,81.2602,112.653,2,0
8453,587.144,95.0904,2,0
8454,169.15,75.8957,2,0
8455,151.045,79.1727,2,0
8456,140.637,16.9371,2,0
8457,404.187,214.31,2,0
8458,155.099,107.937,2,0
8459,54.6666,116.322,2,0
8460,413.159,176.301,2,0
8461,50.235,165.662,2,0
8462,43.8623,142.289,2,0
8463,448.536,147.879,2,0
8464,248.328,35.2844,2,0
8465,472.805,182.575,2,0
8466,28.9896,164.599,2,0
8467,5.3857,86.6805,2,0
8468,285.313,42.2868,2,0
8469,153.547,29.4846,2,0
8470,597.535,85.7487,2,0
8471,367.68,172.54,2,0
8472,416.683,290.961,2,0
8473,585.905,141.252,2,0
8474,18.1552,77.0929,2,0
8475,210.264,198.06,2,0
8476,165.975,154.407,2,0
8477,3.16489,119.586,2,0
8478,176.415,201.551,2,0
8479,253.522,167.355,2,0
8480,25.2913,170.542,2,0
8481,66.7295,217.11,2,0
8482,367.4,135.969,2,0
8483,346.283,165.843,2,0
8484,211.718,87.8071,2,0
8485,296.871,20.0526,2,0
8486,317.112,131.419,2,0
8487,336.511,73.7966,2,0
8488,354.462,60.7536,2,0
8489,599.243,57.833,2,0
8490,388.495,178.384,2,0
8491,503.87,210.363,2,0
8492,208.55,287.015,2,0
8493,463.589,122.801,2,0
8494,408.963,206.425,2,0
8495,202.213,134.051,2,0
8496,138.372,298,2,0
8497,557.714,64.4004,2,0
8498,251.999,206.014,2,0
8499,229.99,216.83,2,0
8500,89.402,61.2742,2,0
8501,372.62,208.158,2,0
8502,530.264,249.022,2,0
8503,279.003,80.3852,2,0
8504,139.889,180.945,2,0
8505,289.772,277.579,2,0
8506,116.437,166.555,2,0
8507,86.6188,109.87,2,0
8508,452.888,147.326,2,0
8509,568.691,277.562,2,0
8510,240.312,134.592,2,0
8511,333.406,244.703,2,0
8512,555.181,207.637,2,0
8513,494.254,261.1,2,0
8514,592.793,238.044,2,0
8515,493.546,237.62,2,0
8516,301.221,154.709,2,0
8517,49.8399,11.198,2,0
8518,304.83,189.897,2,0
8519,334.15,118.915,2,0
8520,531.197,182.982,2,0
8521,39.5067,13.9593,2,0
8522,199.634,148.277,2,0
8523,520.571,59.8743,2,0
8524,77.0073,166.681,2,0
8525,150.721,72.0953,2,0
8526,443.946,268.104,2,0
8527,278.699,123.813,2,0
8528,120.662,160.281,2,0
8529,429.157,89.5138,2,0
8530,513.078,120.823,2,0
8531,478.559,194.267,2,0
8532,592.37,204.743,2,0
8533,325.661,173.754,2,0
8534,562.555,94.9223,2,0
8535,326.805,142.685,2,0
8536,392.938,81.9161,2,0
8537,106.04,58.5196,2,0
8538,51.0759,286.736,2,0
8539,191.223,119.257,2,0
8540,77.9441,80.3951,2,0
8541,108.755,114.872,2,0
8542,84.7404,5.92132,2,0
8543,545.324,149.945,2,0
8544,321.719,21.6029,2,0
8545,41.9158,268.937,2,0
8546,169.524,132.377,2,0
8547,569.403,155.808,2,0
8548,470.733,234.803,2,0
8549,537.172,281.531,2,0
8550,118.735,235.23,2,0
8551,478.931,290.997,2,0
8552,461.419,239.967,2,0
8553,58.7321,249.443,2,0
8554,493.228,65.5396,2,0
8555,179.595,17.9267,2,0
8556,57.6533,135.726,2,0
8557,93.5438,235.787,2,0
8558,131.896,153.134,2,0
8559,349.492,70.4524,2,0
8560,215.804,87.9157,2,0
8561,411.147,16.7421,2,0
8562,182.503,111.059,2,0
8563,418.768,52.2977,2,0
8564,595.527,5.82958,2,0
8565,439.083,110.14,2,0
8566,271.171,132.911,2,0
8567,401.153,136.193,2,0
8568,446.851,294.524,2,0
8569,250.683,243.07,2,0
8570,408.715,163.055,2,0
8571,110.826,160.552,2,0
8572,492.62,157.175,2,0
8573,323.99,201.924,2,0
8574,487.724,132.289,2,0
8575,72.6105,12.9788,2,0
8576,589.569,255.951,2,0
8577,134.3,298,2,0
8578,197.996,5.49446,2,0
8579,244.385,193.524,2,0
8580,92.9423,200.235,2,0
8581,558.389,173.171,2,0
8582,65.8245,23.2654,2,0
8583,592.967,244.922,2,0
8584,378.462,213.773,2,0
8585,437.165,120.622,2,0
8586,60.8586,207.735,2,0
8587,319.762,107.673,2,0
8588,313.969,43.8579,2,0
8589,51.8246,193.11,2,0
8590,127.533,90.2348,2,0
8591,509.938,176.969,2,0
8592,91.9752,33.2993,2,0
8593,544.869,123.997,2,0
8594,214.586,146.826,2,0
8595,276.229,152.707,2,0
8596,300.806,61.6963,2,0
8597,257.128,270.561,2,0
8598,330.158,78.7867,2,0
8599,130.362,5.71151,2,0
8600,119.091,36.6769,2,0
8601,123.955,88.2291,2,0
8602,572.722,37.3929,2,0
8603,470.154,28.5598,2,0
8604,0.156657,213.6,2,0
8605,198.233,227.965,2,0
8606,130.553,65.2408,2,0
8607,337.967,176.003,2,0
8608,137.846,142.379,2,0
8609,146.681,86.8906,2,0
8610,497.121,118.441,2,0
8611,416.904,190.293,2,0
8612,76.5701,5.95893,2,0
8613,162.915,71.1598,2,0
8614,320.191,141.604,2,0
8615,139.948,2,2,0
8616,230.777,61.9838,2,0
8617,138.505,63.4655,2,0
8618,103.62,101.684,2,0
8619,173.342,187.545,2,0
8620,150.199,149.117,2,0
8621,239.941,42.656,2,0
8622,194.965,24.1878,2,0
8623,182.175,115.145,2,0
8624,354.811,114.496,2,0
8625,355.04,224.173,2,0
8626,152.448,83.0149,2,0
8627,242.268,252.359,2,0
8628,232.716,158.591,2,0
8629,314.404,260.658,2,0
8630,152.622,18.7574,2,0
8631,593.75,82.8589,2,0
8632,378.05,144.662,2,0
8633,275.181,238.824,2,0
8634,258.702,210.734,2,0
8635,82.8102,239.796,2,0
8636,242.645,5.60057,2,0
8637,584.359,106.961,2,0
8638,49.3715,236.293,2,0
8639,2.83371,208.776,2,0
8640,366.891,193.975,2,0
8641,555.489,254.999,2,0
8642,88.9146,286.041,2,0
8643,207.808,17.0322,2,0
8644,42.7062,173.371,2,0
8645,425.874,49.8757,2,0
8646,269.045,74.7248,2,0
8647,406.511,243.137,2,0
8648,576.614,239.414,2,0
8649,391.314,103.199,2,0
8650,45.2256,254.977,2,0
8651,417.868,155.527,2,0
8652,170.65,24.1248,2,0
8653,417.189,122.37,2,0
8654,284.028,2,2,0
8655,18.5002,22.6456,2,0
8656,53.3365,44.055,2,0
8657,455.47,5.91879,2,0
8658,424.341,124.352,2,0
8659,350.151,193.195,2,0
8660,387.464,88.5087,2,0
8661,586.288,199.158,2,0
8662,370.713,168.966,2,0
8663,193.584,274.51,2,0
8664,212.936,153.605,2,0
8665,416.857,208.601,2,0
8666,26.393,264.15,2,0
8667,297.336,107.357,2,0
8668,547.398,254.956,2,0
8669,74.874,102.585,2,0
8670,101.901,258.26,2,0
8671,357.742,80.3144,2,0
8672,351.971,45.0739,2,0
8673,327.029,249.936,2,0
8674,468.154,263.798,2,0
8675,200.518,189.599,2,0
8676,78.8815,238.772,2,0
8677,145.998,280.459,2,0
8678,80.0615,34.1456,2,0
8679,361.269,177.554,2,0
8680,508.025,226.226,2,0
8681,457.004,285.173,2,0
8682,336.49,182.737,2,0
8683,70.3603,276.754,2,0
8684,468.698,81.4401,2,0
8685,561.199,268.594,2,0
8686,113.873,108.002,2,0
8687,154.345,7.62354,2,0
8688,384.109,50.1262,2,0
8689,501.128,137.115,2,0
8690,561.966,133.702,2,0
8691,511.391,108.511,2,0
8692,451.662,216.264,2,0
8693,271.782,120.64,2,0
8694,366.825,50.401,2,0
8695,292.349,100.153,2,0
8696,425.212,116.9,2,0
8697,462.376,269.589,2,0
8698,360.747,153.083,2,0
8699,299.202,207.197,2,0
8700,372.417,40.8647,2,0
8701,503.197,46.2613,2,0
8702,582.183,2,2,0
8703,66.3366,223.939,2,0
8704,19.2544,69.7157,2,0
8705,9.54538,222.066,2,0
8706,529.634,88.9061,2,0
8707,563.88,140.442,2,0
8708,494.979,290.431,2,0
8709,462.471,160.7,2,0
8710,483.323,163.623,2,0
8711,343.426,206.3,2,0
8712,122.61,114.921,2,0
8713,382.457,255.531,2,0
8714,518.037,169.218,2,0
8715,436.962,159.844,2,0
8716,209.886,252.63,2,0
8717,29.3313,82.614,2,0
8718,49.2091,254.465,2,0
8719,344.649,120.221,2,0
8720,379.836,262.276,2,0
8721,219.013,162.577,2,0
8722,95.3295,26.5206,2,0
8723,386.304,275.629,2,0
8724,322.628,5.35947,2,0
8725,101.24,15.8368,2,0
8726,250.892,190.997,2,0
8727,303.219,49.0675,2,0
8728,21.6962,237.882,2,0
8729,308.182,159.174,2,0
8730,597.709,70.3073,2,0
8731,250.596,119.289,2,0
8732,562.327,291.141,2,0
8733,86.9049,213.793,2,0
8734,312.255,54.3691,2,0
8735,213.159,83.9156,2,0
8736,486.711,56.6218,2,0
8737,161.226,104.467,2,0
8738,566.427,104.58,2,0
8739,45.5412,243.494,2,0
8740,586.813,120.323,2,0
8741,598.439,157.25,2,0
8742,415.181,105.21,2,0
8743,329.496,262.783,2,0
8744,482.687,264.083,2,0
8745,499.847,8.89774,2,0
8746,429.818,215.937,2,0
8747,413.141,58.752,2,0
8748,313.885,252.663,2,0
8749,92.0959,231.987,2,0
8750,587.85,58.3412,2,0
8751,392.713,163.594,2,0
8752,38.7652,183.483,2,0
8753,176.291,98.2883,2,0
8754,127.969,2,2,0
8755,598.458,294.503,2,0
8756,557.219,119.776,2,0
8757,281.558,48.7423,2,0
8758,256.52,80.9643,2,0
8759,282.169,116.504,2,0
8760,293.073,233.443,2,0
8761,52.1553,219.053,2,0
8762,539.893,82.1769,2,0
8763,342.666,112.361,2,0
8764,194.829,290.091,2,0
8765,59.5409,47.5995,2,0
8766,293.406,216.681,2,0
8767,530.259,175.397,2,0
8768,491.849,61.6209,2,0
8769,173.575,209.197,2,0
8770,292.567,270.065,2,0
8771,539.447,134.908,2,0
8772,100.495,156.983,2,0
8773,361.281,30.9996,2,0
8774,370.873,216.826,2,0
8775,437.481,60.2488,2,0
8776,517.211,70.1786,2,0
8777,435.023,128.531,2,0
8778,423.77,34.3773,2,0
8779,218.624,214.267,2,0
8780,518.487,229.045,2,0
8781,380.296,252.199,2,0
8782,231.369,271.251,2,0
8783,0.736327,251.428,2,0
8784,72.0013,33.6845,2,0
8785,174.427,287.848,2,0
8786,227.159,116.303,2,0
8787,108.507,260.887,2,0
8788,543.153,247.635,2,0
8789,148.819,174.913,2,0
8790,219.922,32.2439,2,0
8791,573.395,91.9369,2,0
8792,70.3371,91.6792,2,0
8793,585.807,184.23,2,0
8794,566.487,51.0219,2,0
8795,79.0079,144.45,2,0
8796,438.986,294.441,2,0
8797,390.083,258.212,2,0
8798,227.334,202.512,2,0
8799,456.825,298,2,0
8800,595.688,51.1311,2,0
8801,43.3081,203.11,2,0
8802,350.255,279.782,2,0
8803,11.9091,267.819,2,0
8804,169.688,13.1996,2,0
8805,569.044,135.216,2,0
8806,159.051,93.8426,2,0
8807,256.669,42.9912,2,0
8808,473.881,115.181,2,0
8809,212.32,57.3551,2,0
8810,538.063,179.893,2,0
8811,113.313,126.131,2,0
8812,243.385,35.253,2,0
8813,144.356,164.09,2,0
8814,104.919,139.826,2,0
8815,433.996,257.13,2,0
8816,568.852,112.386,2,0
8817,494.142,211.481,2,0
8818,558.858,209.456,2,0
8819,56.9968,88.6339,2,0
8820,355.135,228.215,2,0
8821,86.1924,267.597,2,0
8822,21.5541,180.933,2,0
8823,383.95,250.419,2,0
8824,219.59,298,2,0
8825,402.801,244.746,2,0
8826,418.523,149.626,2,0
8827,156.021,43.8615,2,0
8828,539.134,191.949,2,0
8829,256.894,35.9416,2,0
8830,444.475,148.292,2,0
8831,493.102,77.2221,2,0
8832,403.726,236.743,2,0
8833,65.1119,112.766,2,0
8834,595.56,207.362,2,0
8835,421.562,188.157,2,0
8836,37.8183,195.743,2,0
8837,326.721,273.662,2,0
8838,79.9789,253.702,2,0
8839,421.094,183.893,2,0
8840,389.874,13.7944,2,0
8841,305.732,100.281,2,0
8842,111.713,2,2,0
8843,337.963,284.042,2,0
8844,596.331,187.251,2,0
8845,122.674,241.144,2,0
8846,58.2881,260.301,2,0
8847,444.386,47.2054,2,0
8848,101.124,86.8531,2,0
8849,159.211,114.972,2,0
8850,473.091,268.802,2,0
8851,510.726,236.841,2,0
8852,24.0049,184.125,2,0
8853,204.301,238.407,2,0
8854,17.8967,245.957,2,0
8855,98.4695,71.8726,2,0
8856,514.059,136.111,2,0
8857,97.909,276.452,2,0
8858,312.995,173.285,2,0
8859,590.483,68.8633,2,0
8860,561.911,82.6844,2,0
8861,509.263,285.786,2,0
8862,104.716,114.194,2,0
8863,541.608,2,2,0
8864,447.614,266.282,2,0
8865,107.584,15.6936,2,0
8866,520.348,172.586,2,0
8867,62.8977,93.9339,2,0
8868,487.416,83.1415,2,0
8869,45.9427,33.6214,2,0
8870,405.387,52.8485,2,0
8871,328.268,230.799,2,0
8872,368.475,101.88,2,0
8873,375.7,34.5725,2,0
8874,594.999,211.526,2,0
8875,321.816,263.98,2,0
8876,93.862,239.803,2,0
8877,398.629,158.471,2,0
8878,97.2254,75.8286,2,0
8879,435.852,207.912,2,0
8880,324.052,86.9189,2,0
8881,30.0865,134.046,2,0
8882,487.193,162.316,2,0
8883,297.163,177.02,2,0
8884,120.025,184.988,2,0
8885,561.714,32.4419,2,0
8886,476.258,168.785,2,0
8887,59.7604,158.546,2,0
8888,454.406,116.231,2,0
8889,314.002,283.666,2,0
8890,119.029,51.4048,2,0
8891,371.244,153.94,2,0
8892,159.185,164.864,2,0
8893,226.247,12.6794,2,0
8894,92.1995,173.855,2,0
8895,422.409,161.98,2,0
8896,392.227,113.094,2,0
8897,183.536,267.57,2,0
8898,140.119,104.284,2,0
8899,408.826,5.94513,2,0
8900,323.541,294.516,2,0
8901,92.5951,53.0839,2,0
8902,170.038,153.418,2,0
8903,47.8771,294.17,2,0
8904,261.154,50.3014,2,0
8905,521.086,63.8531,2,0
8906,215.315,95.0723,2,0
8907,149.481,29.0473,2,0
8908,460.442,2,2,0
8909,342.64,142.841,2,0
8910,21.0998,57.5659,2,0
8911,344.02,76.5511,2,0
8912,329.641,89.9648,2,0
8913,378.123,294.468,2,0
8914,199.746,294.16,2,0
8915,178.558,193.889,2,0
8916,305.248,128.887,2,0
8917,67.23,206.077,2,0
8918,278.411,10.7724,2,0
8919,142.933,289.905,2,0
8920,385.909,84.7392,2,0
8921,426.493,264.765,2,0
8922,482.981,107.645,2,0
8923,516.789,61.3663,2,0
8924,6.96509,148.132,2,0
8925,127.231,94.2692,2,0
8926,76.5653,139.208,2,0
8927,524.717,298,2,0
8928,303.188,16.6291,2,0
8929,189.313,36.9169,2,0
8930,560.709,185.361,2,0
8931,73.8604,94.7965,2,0
8932,230.646,176.56,2,0
8933,43.8731,12.4957,2,0
8934,269.289,5.71551,2,0
8935,408.996,13.0717,2,0
8936,128.392,61.7795,2,0
8937,202.133,32.8128,2,0
8938,544.239,96.065,2,0
8939,32.6696,162.653,2,0
8940,430.752,294.492,2,0
8941,474.724,39.9229,2,0
8942,474.404,193.756,2,0
8943,269.691,266.772,2,0
8944,334.637,65.9721,2,0
8945,366.074,178.769,2,0
8946,95.4145,150.872,2,0
8947,148.719,245.095,2,0
8948,264.606,185.003,2,0
8949,95.7481,104.151,2,0
8950,301.083,269.853,2,0
8951,456.275,2,2,0
8952,194.572,184.089,2,0
8953,541.956,212.589,2,0
8954,348.443,294.464,2,0
8955,55.8487,257.1,2,0
8956,295.105,16.4349,2,0
8957,132.82,68.6469,2,0
8958,319.772,17.8355,2,0
8959,375.602,227.075,2,0
8960,146.668,226.958,2,0
8961,458.658,39.7509,2,0
8962,87.0186,23.5194,2,0
8963,413.327,206.656,2,0
8964,366.335,272.468,2,0
8965,458.6,86.936,2,0
8966,477.61,87.5655,2,0
8967,346.326,298,2,0
8968,226.11,109.28,2,0
8969,141.981,116.198,2,0
8970,457.506,264.129,2,0
8971,101.086,251.26,2,0
8972,332.245,229.458,2,0
8973,102.002,58.2867,2,0
8974,369.986,260.83,2,0
8975,73.4057,298,2,0
8976,303.912,219.181,2,0
8977,370.936,105.201,2,0
8978,494.327,265.164,2,0
8979,427.053,40.2704,2,0
8980,337.956,91.5912,2,0
8981,264.306,67.469,2,0
8982,541.87,147.816,2,0
8983,249.044,271.45,2,0
8984,245.468,13.7694,2,0
8985,335.235,168.486,2,0
8986,143.288,112.208,2,0
8987,344.813,264.445,2,0
8988,187.937,116.887,2,0
8989,53.0662,103.932,2,0
8990,580.759,246.017,2,0
8991,397.669,224.434,2,0
8992,340.201,146.242,2,0
8993,72.8848,261.876,2,0
8994,376.565,163.937,2,0
8995,126.014,18.8798,2,0
8996,67.0482,279.009,2,0
8997,190.343,276.868,2,0
8998,493.799,127.34,2,0
8999,386.32,107.564,2,0
9000,129.388,282.083,2,0
9001,21.737,4.93423,2,0
9002,457.178,146.271,2,0
9003,129.985,144.049,2,0
9004,172.004,160.374,2,0
9005,573.992,13.2768,2,0
9006,447.73,141.113,2,0
9007,273.814,109.95,2,0
9008,51.4602,30.2397,2,0
9009,114.723,265.708,2,0
9010,267.029,245.842,2,0
9011,332.968,75.7545,2,0
9012,431.234,226.98,2,0
9013,250.606,106.929,2,0
9014,240.154,145.634,2,0
9015,351.251,260.616,2,0
9016,571.186,141.693,2,0
9017,563.323,233.568,2,0
9018,510.607,144.598,2,0
9019,259.079,32.5517,2,0
9020,191.84,40.2515,2,0
9021,237.892,90.0186,2,0
9022,335.652,154.465,2,0
9023,459.822,125.633,2,0
9024,432.528,96.3929,2,0
9025,547.38,61.8046,2,0
9026,513.836,141.963,2,0
9027,472.098,161.583,2,0
9028,282.266,230.627,2,0
9029,2.55297,33.4682,2,0
9030,113.402,163.835,2,0
9031,404.867,56.9016,2,0
9032,255.751,9.36808,2,0
9033,73.1984,113.424,2,0
9034,433.258,119.32,2,0
9035,540.657,33.0801,2,0
9036,386.597,169.085,2,0
9037,390.692,26.6024,2,0
9038,94.9718,9.55275,2,0
9039,201.299,64.3039,2,0
9040,62.6859,77.0154,2,0
9041,590.252,294.39,2,0
9042,473.496,133.281,2,0
9043,42.1454,273.121,2,0
9044,84.17,224.617,2,0
9045,135.253,110.896,2,0
9046,172.33,87.6809,2,0
9047,366.565,187.787,2,0
9048,221.951,226.481,2,0
9049,295.805,239.371,2,0
9050,285.092,242.08,2,0
9051,182.842,203.951,2,0
9052,375.876,38.6275,2,0
9053,60.4592,90.6509,2,0
9054,123.557,170.621,2,0
9055,218.118,12.7,2,0
9056,96.8674,201.061,2,0
9057,485.26,298,2,0
9058,7.14343,119.15,2,0
9059,557.479,237.331,2,0
9060,260.985,169.058,2,0
9061,67.5546,69.9595,2,0
9062,406.904,239.184,2,0
9063,218.529,80.0875,2,0
9064,196.199,99.677,2,0
9065,150.641,196.696,2,0
9066,183.941,246.574,2,0
9067,276.662,267.824,2,0
9068,588.367,105.77,2,0
9069,156.236,145.49,2,0
9070,76.8052,44.9246,2,0
9071,260.671,176.666,2,0
9072,11.5541,218.552,2,0
9073,216.232,290.652,2,0
9074,236.89,272.361,2,0
9075,517.03,42.1019,2,0
9076,199.196,152.65,2,0
9077,185.998,33.0778,2,0
9078,344.415,287.365,2,0
9079,476.31,130.404,2,0
9080,286.613,212.304,2,0
9081,327.234,192.583,2,0
9082,85.2609,113.708,2,0
9083,195.538,180.143,2,0
9084,533.465,37.181,2,0
9085,231.992,180.434,2,0
9086,1.36746,68.6425,2,0
9087,483.403,211.409,2,0
9088,23.1565,27.9854,2,0
9089,325.099,257.463,2,0
9090,286.433,187.245,2,0
9091,27.7278,37.3312,2,0
9092,394.595,95.8486,2,0
9093,17.7822,182.857,2,0
9094,408.711,202.375,2,0
9095,78.5861,48.5897,2,0
9096,124.959,218.289,2,0
9097,23.6952,217.223,2,0
9098,374.094,133.517,2,0
9099,458.285,161.219,2,0
9100,178.567,82.429,2,0
9101,253.824,282.059,2,0
9102,64.8974,97.6114,2,0
9103,101.026,5.83225,2,0
9104,177.583,219.463,2,0
9105,220.063,60.7846,2,0
9106,444.772,255.951,2,0
9107,327.97,26.226,2,0
9108,340.203,294.42,2,0
9109,33.423,117.777,2,0
9110,226.343,222.846,2,0
9111,148.569,61.4583,2,0
9112,316.436,2,2,0
9113,517.979,86.2745,2,0
9114,482.321,77.9023,2,0
9115,361.105,26.8738,2,0
9116,471.762,249.544,2,0
9117,338.632,66.6491,2,0
9118,25.963,21.4812,2,0
9119,456.662,289.145,2,0
9120,477.489,149.482,2,0
9121,78.5984,233.992,2,0
9122,462.373,294.5,2,0
9123,595.072,219.437,2,0
9124,73.1024,168.201,2,0
9125,266.234,249.845,2,0
9126,131.861,41.1907,2,0
9127,416.192,134.668,2,0
9128,14.4935,172.398,2,0
9129,53.4896,86.5635,2,0
9130,20.3711,273.113,2,0
9131,5.74927,63.4722,2,0
9132,46.3528,171.524,2,0
9133,489.944,154.127,2,0
9134,142.686,72.3484,2,0
9135,107.984,26.0986,2,0
9136,160.507,201.82,2,0
9137,249.323,250.417,2,0
9138,236.555,229.446,2,0
9139,476.143,190.083,2,0
9140,135.794,106.876,2,0
9141,203.709,40.9651,2,0
9142,471.784,42.726,2,0
9143,234.303,101.784,2,0
9144,518.859,108.257,2,0
9145,105.345,222.47,2,0
9146,44.0475,218.518,2,0
9147,497.18,29.0798,2,0
9148,74.6951,70.0732,2,0
9149,20.8551,159.956,2,0
9150,399.736,19.839,2,0
9151,427.501,9.36051,2,0
9152,434.696,104.573,2,0
9153,396.062,101.167,2,0
9154,440.649,57.7367,2,0
9155,351.671,167.468,2,0
9156,562.114,57.5852,2,0
9157,63.9206,12.9464,2,0
9158,60.7747,138.305,2,0
9159,398.62,250.533,2,0
9160,157.551,29.9036,2,0
9161,437.127,263.433,2,0
9162,537.827,241.204,2,0
9163,538.044,6.02178,2,0
9164,522.352,191.54,2,0
9165,208.746,55.1995,2,0
9166,440.513,204.796,2,0
9167,124.676,75.9289,2,0
9168,535.91,289.377,2,0
9169,262.835,105.917,2,0
9170,552.574,141.91,2,0
9171,204.303,126.908,2,0
9172,32.3654,4.81713,2,0
9173,317.531,298,2,0
9174,450.93,123.198,2,0
9175,305,290.686,2,0
9176,131.179,88.3887,2,0
9177,17.9486,200.61,2,0
9178,37.5117,199.819,2,0
9179,180.384,200.847,2,0
9180,507.576,77.7311,2,0
9181,443.489,174.108,2,0
9182,582.582,242.421,2,0
9183,215.222,42.7647,2,0
9184,144.621,68.7482,2,0
9185,7.44861,225.638,2,0
9186,425.969,272.911,2,0
9187,414.816,266.234,2,0
9188,59.8565,104.437,2,0
9189,282.505,139.385,2,0
9190,580.895,146.216,2,0
9191,323.844,10.7352,2,0
9192,171.59,261.396,2,0
9193,315.448,188.701,2,0
9194,393.334,187.974,2,0
9195,574.473,271.987,2,0
9196,202.065,12.9523,2,0
9197,351.154,126.042,2,0
9198,140.084,153.008,2,0
9199,365.625,104.805,2,0
9200,252.233,148.754,2,0
9201,363.504,171.114,2,0
9202,256.403,150.121,2,0
9203,459.184,138.093,2,0
9204,10.336,86.6148,2,0
9205,276.177,205.919,2,0
9206,421.957,48.8235,2,0
9207,231.765,241.449,2,0
9208,598.992,277.644,2,0
9209,257.056,229.631,2,0
9210,404.945,128.394,2,0
9211,95.7049,40.6854,2,0
9212,93.7911,37.0896,2,0
9213,221.494,237.91,2,0
9214,592.384,116.218,2,0
9215,489.951,258.114,2,0
9216,332.796,206.653,2,0
9217,240.657,215.371,2,0
9218,241.428,13.1269,2,0
9219,259.859,244.196,2,0
9220,258.174,143.34,2,0
9221,186.443,136.669,2,0
9222,273.901,117.173,2,0
9223,509.003,170.363,2,0
9224,158.325,235.447,2,0
9225,251.156,144.718,2,0
9226,107.407,187.476,2,0
9227,233.426,218.995,2,0
9228,472.35,208.279,2,0
9229,518.032,205.723,2,0
9230,300.697,138.579,2,0
9231,576.821,38.5952,2,0
9232,564.777,25.5934,2,0
9233,19.801,139.683,2,0
9234,296.757,223.162,2,0
9235,437.458,101.601,2,0
9236,360.605,255.102,2,0
9237,516.003,255.139,2,0
9238,450.397,276.628,2,0
9239,448.868,137.226,2,0
9240,434.438,12.5448,2,0
9241,531.675,27.4217,2,0
9242,297.304,172.985,2,0
9243,578.54,201.607,2,0
9244,490.646,57.3742,2,0
9245,469.639,137.685,2,0
9246,116.172,62.8185,2,0
9247,108.695,141.494,2,0
9248,551.233,55.8607,2,0
9249,280.379,65.5535,2,0
9250,26.9146,231.596,2,0
9251,348.649,257.479,2,0
9252,124.285,79.9662,2,0
9253,216.016,54.9217,2,0
9254,348.846,153.958,2,0
9255,101.338,216.64,2,0
9256,519.593,147.511,2,0
9257,129.325,268.982,2,0
9258,100.057,33.7991,2,0
9259,536.989,39.3205,2,0
9260,260.213,286.713,2,0
9261,89.445,90.1145,2,0
9262,43.9584,37.0994,2,0
9263,532.4,77.8844,2,0
9264,38.994,179.47,2,0
9265,397.067,166.473,2,0
9266,501.133,293.939,2,0
9267,462.098,185.259,2,0
9268,473.895,200.963,2,0
9269,351.936,272.817,2,0
9270,501.215,119.024,2,0
9271,60.9459,211.901,2,0
9272,316.462,298,2,0
9273,511.364,290.432,2,0
9274,95.6606,127.467,2,0
9275,51.0549,121.226,2,0
9276,556.726,144.303,2,0
9277,63.4114,266.743,2,0
9278,210.172,13.7303,2,0
9279,548.861,104.057,2,0
9280,78.7066,88.6467,2,0
9281,334.333,276.672,2,0
9282,170.912,190.955,2,0
9283,33.2712,42.4049,2,0
9284,268.38,183.671,2,0
9285,84.6029,170.825,2,0
9286,89.9362,20.6275,2,0
9287,442.677,187.679,2,0
9288,310.861,230.911,2,0
9289,428.479,81.7846,2,0
9290,178.758,112.675,2,0
9291,459.517,32.9603,2,0
9292,543.903,166.151,2,0
9293,488.184,190.136,2,0
9294,4.68817,137.94,2,0
9295,42.1375,286.795,2,0
9296,452.437,82.1117,2,0
9297,527.447,270.132,2,0
9298,550.924,76.909,2,0
9299,471.405,111.975,2,0
9300,483.006,215.469,2,0
9301,14.6098,176.57,2,0
9302,504.353,129.659,2,0
9303,427.563,72.5357,2,0
9304,104.694,240.853,2,0
9305,142.82,131.039,2,0
9306,444.642,143.922,2,0
9307,527.014,107.888,2,0
9308,184.1,71.6814,2,0
9309,165.288,97.3878,2,0
9310,524.783,30.0929,2,0
9311,258.126,15.0332,2,0
9312,296.137,111.286,2,0
9313,254.692,46.5958,2,0
9314,179.5,260.792,2,0
9315,23.6158,67.8851,2,0
9316,595.737,77.9455,2,0
9317,298.158,43.0683,2,0
9318,538.037,153.779,2,0
9319,94.5688,186.171,2,0
9320,309.968,118.586,2,0
9321,79.7234,214.677,2,0
9322,470.466,185.902,2,0
9323,36.4502,248.992,2,0
9324,461.356,218.271,2,0
9325,46.1537,95.6258,2,0
9326,223.984,200.144,2,0
9327,315.481,28.9491,2,0
9328,328.991,74.7756,2,0
9329,246.757,242.159,2,0
9330,154.226,22.5667,2,0
9331,444.374,159.149,2,0
9332,244.348,135.58,2,0
9333,483.889,12.5585,2,0
9334,380.936,281.593,2,0
9335,323.295,49.4108,2,0
9336,81.1635,120.655,2,0
9337,175.339,110.415,2,0
9338,310.652,259.009,2,0
9339,439.523,49.614,2,0
9340,18.2573,94.8118,2,0
9341,281.026,94.0611,2,0
9342,122.62,141.598,2,0
9343,193.432,20.4527,2,0
9344,153.85,47.2315,2,0
9345,278.472,286.597,2,0
9346,161.371,139.377,2,0
9347,401.816,125.796,2,0
9348,258.794,105.633,2,0
9349,416.994,216.261,2,0
9350,86.5214,257.454,2,0
9351,553.268,251.518,2,0
9352,273.961,246.99,2,0
9353,159.297,33.6154,2,0
9354,531.466,294.884,2,0
9355,132.079,2,2,0
9356,375.316,171.399,2,0
9357,0.604008,176.417,2,0
9358,294.58,133.19,2,0
9359,452.256,135.003,2,0
9360,243.382,279.5,2,0
9361,354.171,102.328,2,0
9362,372.773,253.124,2,0
9363,21.6264,163.979,2,0
9364,502.034,206.589,2,0
9365,444.854,33.9707,2,0
9366,19.0804,50.1983,2,0
9367,544.364,47.2864,2,0
9368,131.098,100.61,2,0
9369,178.673,252.806,2,0
9370,103.417,82.3975,2,0
9371,484.881,198.332,2,0
9372,588.539,49.9056,2,0
9373,331.997,86.6399,2,0
9374,62.136,290.444,2,0
9375,20.1691,259.144,2,0
9376,438.954,212.822,2,0
9377,396.087,214.582,2,0
9378,396.344,191.17,2,0
9379,433.166,48.2561,2,0
9380,278.221,54.5007,2,0
9381,476.16,105.568,2,0
9382,344.361,17.2184,2,0
9383,479.269,126.316,2,0
9384,359.44,47.0434,2,0
9385,515.204,50.5567,2,0
9386,75.1719,197.496,2,0
9387,313.599,213.743,2,0
9388,442.525,37.3279,2,0
9389,235.528,253.991,2,0
9390,58.2243,94.1323,2,0
9391,201.656,215.613,2,0
9392,205.129,173.879,2,0
9393,99.2049,175.376,2,0
9394,87.6783,41.8776,2,0
9395,157.009,75.4256,2,0
9396,34.1621,46.3943,2,0
9397,270.192,94.548,2,0
9398,593.21,164.469,2,0
9399,330.895,97.4856,2,0
9400,55.7138,226.572,2,0
9401,204.598,287.845,2,0
9402,407.547,279.779,2,0
9403,128.657,260.861,2,0
9404,232.609,94.9143,2,0
9405,314.106,50.3393,2,0
9406,592.432,215.742,2,0
9407,524.437,293.648,2,0
9408,525.54,23.0646,2,0
9409,332.88,107.92,2,0
9410,483.059,144.747,2,0
9411,270.17,248.368,2,0
9412,144.726,97.5641,2,0
9413,233.546,184.282,2,0
9414,307.974,223.814,2,0
9415,411.029,209.946,2,0
9416,372.63,119.803,2,0
9417,451.095,255.348,2,0
9418,102.685,283.683,2,0
9419,278.246,46.355,2,0
9420,144.506,159.988,2,0
9421,225.538,237.853,2,0
9422,583.737,159.079,2,0
9423,67.365,40.6001,2,0
9424,102.315,38.0553,2,0
9425,200.633,28.5091,2,0
9426,321.118,92.7061,2,0
9427,401.694,197.719,2,0
9428,463.247,258.469,2,0
9429,23.6282,138.338,2,0
9430,385.552,214.489,2,0
9431,380.974,244.068,2,0
9432,245.184,86.4229,2,0
9433,422.006,214.082,2,0
9434,63.7312,126.397,2,0
9435,172.789,171.263,2,0
9436,352.686,160.899,2,0
9437,409.668,283.421,2,0
9438,165.834,47.8164,2,0
9439,495.686,276.683,2,0
9440,169.937,168.188,2,0
9441,109.292,179.521,2,0
9442,414.357,93.0947,2,0
9443,471.815,32.2893,2,0
9444,213,176.337,2,0
9445,554.539,171.799,2,0
9446,443.566,272.13,2,0
9447,491.087,165.114,2,0
9448,218.369,223.586,2,0
9449,36.4157,160.869,2,0
9450,228.879,190.808,2,0
9451,432.038,219.465,2,0
9452,132.788,76.0139,2,0
9453,104.71,294.203,2,0
9454,203.429,49.231,2,0
9455,11.9528,125.868,2,0
9456,507.461,34.5267,2,0
9457,152.915,118.48,2,0
9458,422.395,107.551,2,0
9459,33.691,221.443,2,0
9460,204.16,67.4265,2,0
9461,557.792,2,2,0
9462,55.7394,106.947,2,0
9463,205.438,20.3554,2,0
9464,85.7289,298,2,0
9465,60.8583,73.3295,2,0
9466,197.436,160.608,2,0
9467,10.3678,2.84242,2,0
9468,361.354,69.5631,2,0
9469,137.501,88.1012,2,0
9470,185.614,250.269,2,0
9471,595.457,126.702,2,0
9472,288.587,93.0233,2,0
9473,390.303,18.6886,2,0
9474,43.6538,225.579,2,0
9475,322.223,31.7913,2,0
9476,61.2705,192.684,2,0
9477,206.171,242.883,2,0
9478,224.861,191.015,2,0
9479,450.867,294.463,2,0
9480,420.952,28.3252,2,0
9481,129.998,244.856,2,0
9482,2.51787,180.01,2,0
9483,348.997,197.036,2,0
9484,74.2424,90.6613,2,0
9485,131.87,23.0795,2,0
9486,397.223,228.476,2,0
9487,268.382,68.1559,2,0
9488,585.712,262.701,2,0
9489,530.622,238.108,2,0
9490,162.05,169.911,2,0
9491,53.6865,9.73185,2,0
9492,342.917,25.9897,2,0
9493,28.0846,202.438,2,0
9494,164.658,211.724,2,0
9495,350.858,74.3052,2,0
9496,540.437,163.973,2,0
9497,217.139,183.009,2,0
9498,35.5367,13.0429,2,0
9499,104.813,147.916,2,0
9500,508.446,9.23891,2,0
9501,174.642,226.987,2,0
9502,310.883,234.943,2,0
9503,200.119,144.214,2,0
9504,223.059,54.2314,2,0
9505,570.175,258.799,2,0
9506,81.8795,82.4117,2,0
9507,579.052,139.435,2,0
9508,183.795,183.436,2,0
9509,261.012,36.1584,2,0
9510,255.13,134.916,2,0
9511,171.378,116.167,2,0
9512,176.517,94.1947,2,0
9513,410.644,294.469,2,0
9514,286.597,174.993,2,0
9515,17.789,213.334,2,0
9516,348.356,146.575,2,0
9517,482.963,67.062,2,0
9518,571.104,221.742,2,0
9519,474.779,90.433,2,0
9520,40.9533,236.141,2,0
9521,291.946,246.363,2,0
9522,104.295,232.7,2,0
9523,31.583,66.8695,2,0
9524,43.6843,87.4483,2,0
9525,352.56,152.187,2,0
9526,119.846,283.713,2,0
9527,311.096,226.423,2,0
9528,178.342,116.815,2,0
9529,550.914,22.2558,2,0
9530,43.8255,121.445,2,0
9531,492.407,269.766,2,0
9532,429.526,93.5761,2,0
9533,292.5,60.5218,2,0
9534,381.855,85.1835,2,0
9535,302.718,81.0661,2,0
9536,90.4968,108.846,2,0
9537,553.94,285.039,2,0
9538,328.589,63.8363,2,0
9539,436.541,16.0627,2,0
9540,208.19,282.28,2,0
9541,560.81,282.864,2,0
9542,265.827,207.015,2,0
9543,43.8181,72.5091,2,0
9544,416.617,61.0647,2,0
9545,248.498,194.232,2,0
9546,558.963,97.0687,2,0
9547,173.553,279.916,2,0
9548,299.313,133.065,2,0
9549,385.943,76.6812,2,0
9550,357.707,156.586,2,0
9551,361.488,88.5726,2,0
9552,35.1269,232.14,2,0
9553,357.707,262.775,2,0
9554,125.711,14.6884,2,0
9555,397.252,134.921,2,0
9556,205.367,294.464,2,0
9557,98.6726,164.971,2,0
9558,333.467,20.5884,2,0
9559,347.331,204.951,2,0
9560,47.2211,239.76,2,0
9561,166.422,179.975,2,0
9562,434.47,40.1873,2,0
9563,530.134,227.033,2,0
9564,158.489,189.351,2,0
9565,219.683,119.319,2,0
9566,472.614,2,2,0
9567,348.446,62.3736,2,0
9568,335.225,160.8,2,0
9569,486.399,99.9509,2,0
9570,114.162,67.9695,2,0
9571,344.994,94.0222,2,0
9572,431.052,145.906,2,0
9573,276.426,66.629,2,0
9574,579.546,283.457,2,0
9575,353.968,214.652,2,0
9576,354.615,144.858,2,0
9577,4.4582,247.426,2,0
9578,110.812,156.259,2,0
9579,432.946,273.306,2,0
9580,303.287,132.374,2,0
9581,467.141,223.174,2,0
9582,89.092,102.064,2,0
9583,174.704,118.517,2,0
9584,556.628,111.672,2,0
9585,511.523,117.019,2,0
9586,66.1684,289.866,2,0
9587,529.193,241.878,2,0
9588,262.508,235.251,2,0
9589,138.987,80.4423,2,0
9590,483.275,2,2,0
9591,324.297,280.162,2,0
9592,167.963,113.906,2,0
9593,562.482,154.178,2,0
9594,225.398,145.842,2,0
9595,315.995,135.528,2,0
9596,329.583,2,2,0
9597,283.091,177.015,2,0
9598,104.832,287.213,2,0
9599,150.503,181.704,2,0
9600,57.777,150.755,2,0
9601,212.127,2,2,0
9602,210.989,160.355,2,0
9603,514.081,113.844,2,0
9604,405.548,208.532,2,0
9605,134.258,171.998,2,0
9606,533.928,219.726,2,0
9607,351.479,222.296,2,0
9608,200.807,56.8108,2,0
9609,346.88,73.6831,2,0
9610,286.693,208.287,2,0
9611,30.6614,239.016,2,0
9612,340.664,240.966,2,0
9613,505.953,73.9946,2,0
9614,236.628,225.261,2,0
9615,352.192,199.614,2,0
9616,89.2402,45.5616,2,0
9617,104.222,279.958,2,0
9618,418.91,225.83,2,0
9619,410.479,22.3064,2,0
9620,297.953,129.208,2,0
9621,152.862,90.3359,2,0
9622,526.138,227.168,2,0
9623,440.466,265.796,2,0
9624,487.943,128.227,2,0
9625,421.244,12.8893,2,0
9626,476.959,14.8136,2,0
9627,214.078,12.6671,2,0
9628,103.527,159.706,2,0
9629,466.847,233.808,2,0
9630,244.391,56.9789,2,0
9631,70.5737,161.506,2,0
9632,189.384,228.355,2,0
9633,369.079,294.48,2,0
9634,522.063,199.504,2,0
9635,136.499,215.694,2,0
9636,477.233,36.4334,2,0
9637,317.956,32.2752,2,0
9638,194.563,298,2,0
9639,334.126,248.833,2,0
9640,84.1821,294.252,2,0
9641,53.2824,298,2,0
9642,204.078,36.3459,2,0
9643,40.3539,138.113,2,0
9644,440.083,53.6809,2,0
9645,561.893,14.7777,2,0
9646,242.189,99.9464,2,0
9647,505.278,286.869,2,0
9648,534.129,198.42,2,0
9649,383.65,8.76047,2,0
9650,34.1373,214.326,2,0
9651,383.579,219.748,2,0
9652,177.131,128.704,2,0
9653,497.349,236.333,2,0
9654,245.354,249.263,2,0
9655,104.544,45.0854,2,0
9656,238.699,178.049,2,0
9657,208.124,141.083,2,0
9658,11.0765,45.9298,2,0
9659,138.215,156.598,2,0
9660,87.3621,151.305,2,0
9661,427.91,248.183,2,0
9662,487.16,209.873,2,0
9663,458.792,99.1506,2,0
9664,419.661,34.0672,2,0
9665,143.057,13.2694,2,0
9666,443.152,170.07,2,0
9667,317.71,13.7565,2,0
9668,215,161.521,2,0
9669,23.8672,71.8942,2,0
9670,320.355,278.76,2,0
9671,238.906,189.179,2,0
9672,39.9352,37.6383,2,0
9673,318.829,165.085,2,0
9674,451.598,57.5424,2,0
9675,332.358,111.899,2,0
9676,447.218,201.036,2,0
9677,599.409,226.315,2,0
9678,219.909,171.81,2,0
9679,139.015,109.449,2,0
9680,424.699,185.665,2,0
9681,440.046,273.813,2,0
9682,387.606,248.769,2,0
9683,346.693,142.905,2,0
9684,234.259,206.693,2,0
9685,599.911,13.3023,2,0
9686,269.279,144.602,2,0
9687,84.8295,27.2863,2,0
9688,379.843,290.122,2,0
9689,292.77,42.1888,2,0
9690,470.568,245.668,2,0
9691,230.127,53.8103,2,0
9692,201.617,204.471,2,0
9693,366.681,168.606,2,0
9694,581.277,223.111,2,0
9695,339.69,207.811,2,0
9696,407.416,197.039,2,0
9697,300.341,200.233,2,0
9698,180.557,60.0456,2,0
9699,491.786,178.423,2,0
9700,47.0671,199.77,2,0
9701,530.462,109.963,2,0
9702,571.646,254.959,2,0
9703,485.837,154.762,2,0
9704,550.919,287.744,2,0
9705,591.384,108.978,2,0
9706,477.698,122.305,2,0
9707,154.17,170.144,2,0
9708,198.95,72.0459,2,0
9709,168.119,2,2,0
9710,28.6953,206.494,2,0
9711,414.565,66.4146,2,0
9712,82.5764,30.6794,2,0
9713,216.03,165.428,2,0
9714,581.451,45.5255,2,0
9715,115.353,290.563,2,0
9716,569.144,192.322,2,0
9717,39.2157,232.47,2,0
9718,259.692,2,2,0
9719,277.417,92.2421,2,0
9720,393.259,135.811,2,0
9721,573.805,41.2512,2,0
9722,433.477,100.552,2,0
9723,447.711,217.462,2,0
9724,151.427,222.103,2,0
9725,239.775,9.38675,2,0
9726,496.788,228.221,2,0
9727,248.481,57.1745,2,0
9728,6.65474,287.431,2,0
9729,384.761,34.2827,2,0
9730,300.583,265.844,2,0
9731,529.324,41.4259,2,0
9732,555.946,179.807,2,0
9733,300.971,162.931,2,0
9734,561.907,203.038,2,0
9735,214.819,46.8739,2,0
9736,376.796,254.034,2,0
9737,550.48,268.094,2,0
9738,136.631,34.6351,2,0
9739,147.892,260.965,2,0
9740,285.594,264.65,2,0
9741,258.193,281.334,2,0
9742,524.204,143.989,2,0
9743,338.076,157.821,2,0
9744,147.241,193.782,2,0
9745,95.1722,67.6686,2,0
9746,387.074,260.961,2,0
9747,415.02,278.277,2,0
9748,572.249,73.006,2,0
9749,36.8252,206.879,2,0
9750,557.82,286.123,2,0
9751,356.205,148.628,2,0
9752,370.973,123.745,2,0
9753,242.821,241.21,2,0
9754,173.771,140.271,2,0
9755,248.533,49.8977,2,0
9756,151.973,138.51,2,0
9757,44.3702,138.275,2,0
9758,182.079,45.3652,2,0
9759,472.268,279.947,2,0
9760,523.048,183.383,2,0
9761,385.423,209.747,2,0
9762,459.497,181.995,2,0
9763,554.859,54.1121,2,0
9764,350.848,41.0145,2,0
9765,313.373,111.406,2,0
9766,195.046,285.859,2,0
9767,81.4754,179.661,2,0
9768,339.617,169.284,2,0
9769,576.139,16.8409,2,0
9770,107.307,65.665,2,0
9771,138.785,113.507,2,0
9772,400.224,132.142,2,0
9773,406.323,41.7257,2,0
9774,350.099,16.7051,2,0
9775,359.131,123.496,2,0
9776,176.825,298,2,0
9777,359.653,169.548,2,0
9778,550.338,283.042,2,0
9779,42.1336,185.734,2,0
9780,425.782,67.7704,2,0
9781,572.07,275.418,2,0
9782,364.818,90.876,2,0
9783,594.169,67.2378,2,0
9784,567.681,255.63,2,0
9785,565.058,171.597,2,0
9786,486.867,68.1453,2,0
9787,32.0906,174.92,2,0
9788,96.4714,48.5014,2,0
9789,92.8572,87.7796,2,0
9790,491.889,131.268,2,0
9791,296.552,53.5722,2,0
9792,170.326,294.362,2,0
9793,325.665,290.953,2,0
9794,170.98,216.906,2,0
9795,149.99,248.941,2,0
9796,130.842,92.5278,2,0
9797,359.5,285.431,2,0
9798,368.413,9.44435,2,0
9799,311.129,198.742,2,0
9800,363.001,298,2,0
9801,255.261,221.82,2,0
9802,402.574,117.733,2,0
9803,21.8141,286.841,2,0
9804,100.487,262.063,2,0
9805,101.186,141.361,2,0
9806,262.922,172.662,2,0
9807,554.127,266.387,2,0
9808,252.277,95.4327,2,0
9809,549.44,271.966,2,0
9810,354.392,179.24,2,0
9811,200.604,140.08,2,0
9812,234.979,22.5535,2,0
9813,363.437,286.344,2,0
9814,257.163,28.967,2,0
9815,78.3603,63.8626,2,0
9816,447.045,52.5582,2,0
9817,378.173,108.341,2,0
9818,377.493,176.458,2,0
9819,408.306,261.395,2,0
9820,261.212,229.548,2,0
9821,38.1308,191.694,2,0
9822,374.292,190.799,2,0
9823,242.727,168.12,2,0
9824,302.76,243.264,2,0
9825,542.463,186.507,2,0
9826,234.472,250.079,2,0
9827,154.784,71.9913,2,0
9828,436.353,182.524,2,0
9829,125.972,148.199,2,0
9830,186.617,264.793,2,0
9831,553.365,118.529,2,0
9832,315.89,273.044,2,0
9833,322.525,83.1954,2,0
9834,508.439,129.803,2,0
9835,494.033,16.5154,2,0
9836,515.645,97.181,2,0
9837,216.242,2,2,0
9838,480.929,271.017,2,0
9839,525.615,212.923,2,0
9840,207.813,42.877,2,0
9841,133.839,142.481,2,0
9842,221.201,76.9109,2,0
9843,110.118,118.706,2,0
9844,533.068,86.6655,2,0
9845,590.135,198.014,2,0
9846,528.995,179.396,2,0
9847,143.974,261.961,2,0
9848,460.401,261.307,2,0
9849,368.997,278.928,2,0
9850,274.918,284.311,2,0
9851,218.654,147.828,2,0
9852,228.406,2,2,0
9853,542.597,267.28,2,0
9854,153.613,199.624,2,0
9855,237.249,148.566,2,0
9856,111.969,144.127,2,0
9857,394.445,25.2025,2,0
9858,432.353,183.38,2,0
9859,528.555,284.201,2,0
9860,508,210.533,2,0
9861,551.232,125.362,2,0
9862,8.15899,240.128,2,0
9863,335.933,209.36,2,0
9864,34.4068,93.7701,2,0
9865,68.3431,244.589,2,0
9866,93.2471,111.899,2,0
9867,199.366,111.359,2,0
9868,252.494,2,2,0
9869,161.466,227.629,2,0
9870,507.382,38.5892,2,0
9871,306.135,77.6496,2,0
9872,87.1667,189.515,2,0
9873,510.73,25.0727,2,0
9874,237.073,217.221,2,0
9875,202.307,156.67,2,0
9876,455.77,57.5201,2,0
9877,287.318,256.573,2,0
9878,310.944,82.7887,2,0
9879,251.405,214.381,2,0
9880,462.677,100.317,2,0
9881,287.347,137.458,2,0
9882,572.674,24.1024,2,0
9883,453.352,9.39954,2,0
9884,442.931,241.609,2,0
9885,490.457,121.045,2,0
9886,268.772,129.618,2,0
9887,300.126,225.321,2,0
9888,500.603,80.0621,2,0
9889,406.82,287.328,2,0
9890,329.473,234.736,2,0
9891,369.472,53.4073,2,0
9892,339.037,211.949,2,0
9893,21.4673,155.904,2,0
9894,459.362,257.377,2,0
9895,575.52,287.237,2,0
9896,77.1546,279.38,2,0
9897,548.02,16.5727,2,0
9898,165.766,30.6976,2,0
9899,314.726,152.066,2,0
9900,236.603,93.9967,2,0
9901,317.905,120.282,2,0
9902,436.29,275.586,2,0
9903,204.628,271.21,2,0
9904,370.722,131.267,2,0
9905,211.376,168.412,2,0
9906,474.149,272.867,2,0
9907,461.907,51.5474,2,0
9908,104.944,249.905,2,0
9909,554.301,122.526,2,0
9910,424.134,150.202,2,0
9911,232.546,9.11118,2,0
9912,251.464,278.75,2,0
9913,158.996,46.5371,2,0
9914,252.698,35.6864,2,0
9915,217.21,83.9795,2,0
9916,427.595,188.553,2,0
9917,528.366,171.789,2,0
9918,290.149,206.247,2,0
9919,474.978,65.0542,2,0
9920,587.167,195.156,2,0
9921,215.495,241.537,2,0
9922,529.847,259.975,2,0
9923,356.374,126.537,2,0
9924,58.2953,231.115,2,0
9925,89.4613,249.936,2,0
9926,410.318,116.608,2,0
9927,436.46,116.68,2,0
9928,599.843,206.004,2,0
9929,396.761,32.5262,2,0
9930,370.938,193.166,2,0
9931,264.829,253.73,2,0
9932,477.379,61.8156,2,0
9933,53.8534,243.035,2,0
9934,188.586,280.517,2,0
9935,33.6228,121.919,2,0
9936,280.502,71.689,2,0
9937,187.042,288.665,2,0
9938,186.154,243.201,2,0
9939,386.307,158.847,2,0
9940,63.9849,227.272,2,0
9941,180.229,92.4665,2,0
9942,196.431,176.118,2,0
9943,98.3564,223.412,2,0
9944,297.749,152.701,2,0
9945,8.97836,162.859,2,0
9946,140.009,213.308,2,0
9947,424.355,169.915,2,0
9948,97.2049,111.174,2,0
9949,214.443,108.113,2,0
9950,68.7949,220.701,2,0
9951,2.91977,52.4563,2,0
9952,382.236,132.97,2,0
9953,549.415,185.402,2,0
9954,64.3411,174.899,2,0
9955,83.2847,174.707,2,0
9956,195.36,194.978,2,0
9957,63.5502,108.968,2,0
9958,63.5041,204.589,2,0
9959,152.731,68.4647,2,0
9960,59.2609,40.3512,2,0
9961,251.487,274.719,2,0
9962,193.545,188.118,2,0
9963,115.983,185.984,2,0
9964,96.4796,287.189,2,0
9965,13.5557,152.978,2,0
9966,188.553,47.6766,2,0
9967,300.177,237.496,2,0
9968,338.918,58.6814,2,0
9969,37.103,135.566,2,0
9970,89.9286,38.3977,2,0
9971,205.623,214.701,2,0
9972,506.625,190.911,2,0
9973,293.667,208.353,2,0
9974,535.188,293.415,2,0
9975,192.813,87.8687,2,0
9976,109.936,298,2,0
9977,102.673,163.679,2,0
9978,443.844,208.072,2,0
9979,187.091,97.0455,2,0
9980,574.248,213.016,2,0
9981,150.488,156.228,2,0
9982,255.152,61.5182,2,0
9983,529.866,92.9849,2,0
9984,111.99,139.109,2,0
9985,185.632,86.9041,2,0
9986,596.906,237.644,2,0
9987,365.185,37.1047,2,0
9988,541.994,182.181,2,0
9989,434.048,229.934,2,0
9990,570.498,5.98108,2,0
9991,407.827,230.99,2,0
9992,68.5204,138.674,2,0
9993,173.985,31.5551,2,0
9994,126.355,98.2456,2,0
9995,213.911,99.1444,2,0
9996,513.176,70.666,2,0
9997,13.2193,260.236,2,0
9998,516.586,104.959,2,0
9999,452.997,108.23,2,0
10000,28.5235,160.035,2,0
10001,205.367,184.423,2,0
10002,122.296,211.309,2,0
10003,256.654,50.2462,2,0
10004,380.555,248.052,2,0
10005,63.274,238.077,2,0
10006,70.3485,16.3463,2,0
10007,292.081,2,2,0
10008,302.894,294.268,2,0
10009,411.319,233.118,2,0
10010,452.36,104.239,2,0
10011,214.129,196.694,2,0
10012,384.51,242.395,2,0
10013,412.728,127.888,2,0
10014,438.287,193.515,2,0
10015,303.917,239.37,2,0
10016,340.894,139.21,2,0
10017,505.495,278.967,2,0
10018,100.007,54.7795,2,0
10019,561.127,230.148,2,0
10020,146.425,156.374,2,0
10021,269.101,148.742,2,0
10022,155.099,191.609,2,0
10023,386.388,11.9264,2,0
10024,110.964,189.332,2,0
10025,505.489,298,2,0
10026,11.4149,232.812,2,0
10027,168.021,107.797,2,0
10028,444.809,229.508,2,0
10029,331.789,189.424,2,0
10030,78.8529,275.663,2,0
10031,156.699,19.1727,2,0
10032,490.711,9.38418,2,0
10033,537.906,260.513,2,0
10034,412.62,108.438,2,0
10035,384.83,201.742,2,0
10036,240.54,2,2,0
10037,278.144,116.798,2,0
10038,428.279,76.6572,2,0
10039,148.796,90.3315,2,0
10040,596.459,290.98,2,0
10041,458.898,20.2781,2,0
10042,36.8601,125.504,2,0
10043,462.711,118.897,2,0
10044,170.405,124.333,2,0
10045,201.91,107.078,2,0
10046,156.866,90.4024,2,0
10047,188.419,166.949,2,0
10048,59.7342,126.911,2,0
10049,527.524,194.65,2,0
10050,379.065,28.2137,2,0
10051,258.958,266.823,2,0
10052,551.344,174.55,2,0
10053,424.59,242.697,2,0
10054,44.0047,16.5783,2,0
10055,494.269,55.4859,2,0
10056,510.888,32.4337,2,0
10057,496.473,272.717,2,0
10058,81.5199,78.3521,2,0
10059,571.998,115.045,2,0
10060,476.646,2,2,0
10061,451.579,210.465,2,0
10062,294.479,116.014,2,0
10063,67.5668,177.608,2,0
10064,179.747,158.411,2,0
10065,353.999,123.191,2,0
10066,441.86,215.651,2,0
10067,249.569,140.691,2,0
10068,377.553,241.764,2,0
10069,385.387,234.259,2,0
10070,522.066,75.9412,2,0
10071,37.6543,25.2299,2,0
10072,267.024,23.6262,2,0
10073,454.124,28.2553,2,0
10074,252.336,202.013,2,0
10075,345.284,235.675,2,0
10076,446.29,109.337,2,0
10077,490.374,106.122,2,0
10078,198.478,197.581,2,0
10079,290.881,258.737,2,0
10080,67.8117,154.758,2,0
10081,257.27,85.0758,2,0
10082,83.9953,129.673,2,0
10083,28.6669,172.737,2,0
10084,221.627,294.342,2,0
10085,115.8,282.166,2,0
10086,191.614,16.7125,2,0
10087,460.162,195.948,2,0
10088,315.569,145.129,2,0
10089,36.0362,164.978,2,0
10090,234.47,151.65,2,0
10091,249.432,187.227,2,0
10092,404.128,64.88,2,0
10093,39.08,240.115,2,0
10094,458.498,268.343,2,0
10095,209.495,294.379,2,0
10096,578.101,13.2225,2,0
10097,359.548,61.6652,2,0
10098,202.192,242.259,2,0
10099,397.132,78.1968,2,0
10100,10.4551,181.268,2,0
10101,290.154,172.877,2,0
10102,480.766,198.377,2,0
10103,511.227,232.735,2,0
10104,510.767,241.287,2,0
10105,89.6051,140.59,2,0
10106,581.647,280.045,2,0
10107,500.502,282.924,2,0
10108,532.057,223.389,2,0
10109,529.959,51.094,2,0
10110,215.788,150.677,2,0
10111,303.673,259.543,2,0
10112,268.842,213.631,2,0
10113,9.10007,185.05,2,0
10114,41.1684,255.494,2,0
10115,558.169,80.8668,2,0
10116,244.869,27.8047,2,0
10117,17.7933,286.87,2,0
10118,46.323,215.044,2,0
10119,514.468,124.582,2,0
10120,258.896,173.035,2,0
10121,163.619,176.976,2,0
10122,445.121,91.7166,2,0
10123,364.778,28.9007,2,0
10124,318.01,262.288,2,0
10125,144.761,16.9517,2,0
10126,83.984,253.106,2,0
10127,68.8369,169.45,2,0
10128,317.69,254.207,2,0
10129,315.224,100.882,2,0
10130,267.897,288.207,2,0
10131,185.905,55.3665,2,0
10132,282.976,214.293,2,0
10133,157.071,132.479,2,0
10134,327.933,85.6315,2,0
10135,92.4128,294.138,2,0
10136,271.421,38.6774,2,0
10137,54.7876,268.484,2,0
10138,506.037,206.907,2,0
10139,329.517,21.9096,2,0
10140,159.756,246.907,2,0
10141,61.0875,123.096,2,0
10142,577.77,47.2401,2,0
10143,6.3448,243.747,2,0
10144,123.943,195.469,2,0
10145,287.068,150.506,2,0
10146,483.604,23.1269,2,0
10147,331.135,178.18,2,0
10148,340.703,120.95,2,0
10149,27.8635,155.953,2,0
10150,222.696,187.637,2,0
10151,318.796,81.0006,2,0
10152,545.198,244.117,2,0
10153,194.288,103.326,2,0
10154,410.975,184.44,2,0
10155,147.454,223.029,2,0
10156,226.704,210.573,2,0
10157,536.993,35.1809,2,0
10158,280.002,2,2,0
10159,224.661,248.883,2,0
10160,165.301,110.765,2,0
10161,537.735,205.584,2,0
10162,415.648,111.118,2,0
10163,295.419,63.3228,2,0
10164,463.677,247.685,2,0
10165,241.885,63.8896,2,0
10166,401.835,107.015,2,0
10167,416.177,139.782,2,0
10168,496.671,156.735,2,0
10169,153.234,159.304,2,0
10170,501.47,261.331,2,0
10171,558.24,30.4595,2,0
10172,589.228,223.495,2,0
10173,213.906,115.025,2,0
10174,449.822,183.882,2,0
10175,117.733,259.424,2,0
10176,150.818,122.003,2,0
10177,314.84,115.749,2,0
10178,207.917,77.7102,2,0
10179,17.3521,220.473,2,0
10180,401.328,15.8377,2,0
10181,467.612,212.986,2,0
10182,164.1,157.979,2,0
10183,92.7224,196.08,2,0
10184,232.341,265.21,2,0
10185,154.973,206.271,2,0
10186,303.322,31.8405,2,0
10187,26.731,131.337,2,0
10188,544.371,100.149,2,0
10189,300.704,175.095,2,0
10190,391.167,49.2488,2,0
10191,154.911,86.7076,2,0
10192,209.107,152.414,2,0
10193,391.517,88.4365,2,0
10194,159.083,78.8659,2,0
10195,454.701,75.5479,2,0
10196,467.797,92.232,2,0
10197,181.726,165.231,2,0
10198,138.263,199.814,2,0
10199,224.013,179.042,2,0
10200,357.559,90.0309,2,0
10201,386.269,294.405,2,0
10202,27.0311,47.7331,2,0
10203,492.928,243.269,2,0
10204,317.044,65.8886,2,0
10205,158.356,148.969,2,0
10206,564.992,121.956,2,0
10207,172.294,27.7546,2,0
10208,400.568,290.923,2,0
10209,552.085,178.512,2,0
10210,293.182,225.159,2,0
10211,2.38725,2,2,0
10212,576.25,117.425,2,0
10213,546.099,212.532,2,0
10214,164.078,2,2,0
10215,388.283,203.991,2,0
10216,389.724,59.568,2,0
10217,99.6614,160.903,2,0
10218,158.884,157.171,2,0
10219,5.65598,94.2691,2,0
10220,71.0736,2,2,0
10221,53.1266,99.8395,2,0
10222,432.476,203.951,2,0
10223,450.094,178.738,2,0
10224,584.622,215.155,2,0
10225,27.2204,193.115,2,0
10226,21.6172,84.5506,2,0
10227,6.38407,181.09,2,0
10228,100.722,235.059,2,0
10229,327.932,135.715,2,0
10230,125.895,144.196,2,0
10231,415.99,194.351,2,0
10232,7.29192,202.899,2,0
10233,506.26,12.7075,2,0
10234,345.634,89.2304,2,0
10235,172.131,9.17266,2,0
10236,514.057,251.623,2,0
10237,205.791,100.306,2,0
10238,10.8354,294.438,2,0
10239,61.3202,22.9056,2,0
10240,113.18,89.6753,2,0
10241,83.8069,106.921,2,0
10242,1.80511,9.62183,2,0
10243,499.283,122.643,2,0
10244,342.259,233.03,2,0
10245,272.079,98.259,2,0
10246,69.1154,112.923,2,0
10247,487.224,2,2,0
10248,261.297,123.819,2,0
10249,550.715,64.3218,2,0
10250,257.638,21.9374,2,0
10251,229.695,244.904,2,0
10252,281.24,5.80923,2,0
10253,421.571,172.804,2,0
10254,338.874,113.865,2,0
10255,207.253,38.9054,2,0
10256,595.895,27.9364,2,0
10257,431.694,9.55076,2,0
10258,414.701,235.539,2,0
10259,65.6855,190.095,2,0
10260,185.909,113.365,2,0
10261,455.605,101.71,2,0
10262,77.1548,120.311,2,0
10263,431.533,136.831,2,0
10264,576.458,109.355,2,0
10265,394.582,198.533,2,0
10266,178.887,78.4133,2,0
10267,163.112,86.8443,2,0
10268,440.601,16.072,2,0
10269,476.754,294.466,2,0
10270,525.034,12.5661,2,0
10271,208.868,206.519,2,0
10272,169.993,5.56295,2,0
10273,420.897,24.234,2,0
10274,561.077,121.035,2,0
10275,540.684,283.493,2,0
10276,293.156,262.087,2,0
10277,39.0908,275.72,2,0
10278,258.386,131.73,2,0
10279,457.435,198.888,2,0
10280,107.604,50.6525,2,0
10281,115.676,145.871,2,0
10282,268.532,187.7,2,0
10283,454.216,143.415,2,0
10284,60.4845,142.391,2,0
10285,523.043,9.06079,2,0
10286,190.494,298,2,0
10287,547.272,86.1813,2,0
10288,209.579,20.9588,2,0
10289,187.202,132.289,2,0
10290,414.23,20.7432,2,0
10291,299.034,89.9813,2,0
10292,441.091,91.2788,2,0
10293,236.774,122.789,2,0
10294,124.493,31.1911,2,0
10295,156.45,82.92,2,0
10296,119.986,94.1251,2,0
10297,247.996,110.55,2,0
10298,422.507,176.851,2,0
10299,471.291,129.85,2,0
10300,342.249,195.281,2,0
10301,535.685,244.585,2,0
10302,46.2122,175.613,2,0
10303,540.67,98.4815,2,0
10304,226.564,149.87,2,0
10305,345.928,32.6351,2,0
10306,69.9237,225.919,2,0
10307,436.899,298,2,0
10308,242.982,230.13,2,0
10309,46.8655,51.3374,2,0
10310,371.293,5.40747,2,0
10311,107.911,229.906,2,0
10312,5.98221,75.102,2,0
10313,555.219,298,2,0
10314,56.678,70.7797,2,0
10315,259.267,88.7201,2,0
10316,137.808,294.008,2,0
10317,352.796,68.1526,2,0
10318,404.643,45.3814,2,0
10319,501.931,170.782,2,0
10320,514.208,267.205,2,0
10321,545.521,145.91,2,0
10322,105.151,125.239,2,0
10323,394.373,294.504,2,0
10324,141.9,294.001,2,0
10325,300.766,183.187,2,0
10326,240.773,236.565,2,0
10327,164.965,20.1217,2,0
10328,470.817,89.3313,2,0
10329,488.787,231.889,2,0
10330,85.3685,197.468,2,0
10331,53.1111,290.211,2,0
10332,109.806,87.3622,2,0
10333,274.234,45.8832,2,0
10334,40.226,283.241,2,0
10335,329.377,139.53,2,0
10336,488.91,197.663,2,0
10337,89.7289,177.036,2,0
10338,58.549,76.6412,2,0
10339,543.24,71.815,2,0
10340,77.9834,268.27,2,0
10341,123.135,249.292,2,0
10342,108.528,242.041,2,0
10343,242.641,178.959,2,0
10344,577.376,205.561,2,0
10345,554.916,198.86,2,0
10346,375.693,12.8291,2,0
10347,221.833,28.4455,2,0
10348,203.976,78.4464,2,0
10349,288.457,248.661,2,0
10350,244.487,49.7812,2,0
10351,427.327,36.2259,2,0
10352,27.1706,29.5192,2,0
10353,321.855,121.348,2,0
10354,496.196,188.499,2,0
10355,521.36,55.7506,2,0
10356,394.755,208.491,2,0
10357,501.244,286.88,2,0
10358,51.7556,19.2649,2,0
10359,299.137,241.395,2,0
10360,567.388,100.501,2,0
10361,74.4209,178.709,2,0
10362,149.401,230.077,2,0
10363,349.786,34.2303,2,0
10364,294.99,78.6556,2,0
10365,312.381,2,2,0
10366,377.933,237.587,2,0
10367,17.5673,151.905,2,0
10368,193.026,114.48,2,0
10369,29.3545,107.697,2,0
10370,540.759,53.4396,2,0
10371,211.122,37.18,2,0
10372,345.071,198.17,2,0
10373,149.205,57.4823,2,0
10374,104.609,62.5807,2,0
10375,386.26,133.389,2,0
10376,534.303,226.79,2,0
10377,516.366,5.92168,2,0
10378,311.545,47.0736,2,0
10379,140.971,76.9116,2,0
10380,300.333,51.932,2,0
10381,341.934,149.923,2,0
10382,400.125,169.275,2,0
10383,377.95,68.2598,2,0
10384,320.438,88.7522,2,0
10385,142.936,285.886,2,0
10386,411.923,215.882,2,0
10387,425.728,276.984,2,0
10388,340.321,203.566,2,0
10389,369.321,176.345,2,0
10390,81.6003,156.178,2,0
10391,176.392,28.3385,2,0
10392,179.888,41.9418,2,0
10393,566.564,296.684,2,0
10394,46.2617,287.155,2,0
10395,326.468,245.924,2,0
10396,559.073,161.31,2,0
10397,400.396,30.8439,2,0
10398,80.9309,160.313,2,0
10399,521.964,238.711,2,0
10400,451.402,13.1498,2,0
10401,424.488,30.2865,2,0
10402,460.542,148.859,2,0
10403,410.496,241.18,2,0
10404,134.619,90.906,2,0
10405,214.921,273.534,2,0
10406,286.596,129.321,2,0
10407,469.629,122.014,2,0
10408,590.094,212.445,2,0
10409,376.85,250.001,2,0
10410,581.884,73.2337,2,0
10411,505.386,31.0874,2,0
10412,118.05,223.031,2,0
10413,473.6,122.694,2,0
10414,480.4,95.8108,2,0
10415,447.502,97.8295,2,0
10416,220.373,24.1545,2,0
10417,562.407,6.0621,2,0
10418,457.243,134.438,2,0
10419,410.287,268.39,2,0
10420,79.1844,196.737,2,0
10421,306.55,107.032,2,0
10422,581.36,104.303,2,0
10423,254.794,39.3969,2,0
10424,20.7967,61.7369,2,0
10425,86.3577,133.022,2,0
10426,196.212,238.348,2,0
10427,591.696,208.701,2,0
10428,579.961,150.171,2,0
10429,183.74,257.34,2,0
10430,444.715,212.769,2,0
10431,540.27,24.6961,2,0
10432,272.44,67.4085,2,0
10433,243.193,131.748,2,0
10434,530.064,100.936,2,0
10435,206.266,180.371,2,0
10436,180.308,211.718,2,0
10437,393.006,66.7392,2,0
10438,118.734,209.318,2,0
10439,188.949,89.1695,2,0
10440,442.855,293.742,2,0
10441,502.288,100.295,2,0
10442,74.8393,61.7719,2,0
10443,487.354,254.103,2,0
10444,65.1519,80.1782,2,0
10445,402.569,294.488,2,0
10446,186.926,203.073,2,0
10447,175.429,60.7384,2,0
10448,460.433,287.205,2,0
10449,200.298,238.576,2,0
10450,586.592,241.921,2,0
10451,144.215,152.975,2,0
10452,269.44,252.346,2,0
10453,528.392,292.313,2,0
10454,299.93,46.6751,2,0
10455,166.693,72.7341,2,0
10456,348.16,37.9728,2,0
10457,70.064,184.134,2,0
10458,558.25,56.2682,2,0
10459,439.028,243.131,2,0
10460,597.858,230.009,2,0
10461,597.859,111.021,2,0
10462,9.84903,285.003,2,0
10463,128.86,105.991,2,0
10464,85.6746,205.602,2,0
10465,48.1335,109.69,2,0
10466,348.376,219.661,2,0
10467,294.333,273.733,2,0
10468,240.603,50.9164,2,0
10469,456.833,249.54,2,0
10470,579.882,293.977,2,0
10471,498.679,208.949,2,0
10472,129.742,206.914,2,0
10473,439.741,208.872,2,0
10474,348.413,246.651,2,0
10475,392.903,57.1294,2,0
10476,29.9501,286.716,2,0
10477,479.016,298,2,0
10478,353.828,14.4002,2,0
10479,383.346,161.617,2,0
10480,230.609,248.847,2,0
10481,315.343,17.2346,2,0
10482,441.334,61.7246,2,0
10483,435.94,240.544,2,0
10484,356.307,172.392,2,0
10485,407.426,235.148,2,0
10486,43.0218,160.633,2,0
10487,440.727,33.5762,2,0
10488,427.485,143.854,2,0
10489,200.175,163.547,2,0
10490,19.0563,143.987,2,0
10491,350.035,2,2,0
10492,327.686,70.7579,2,0
10493,409.973,245.202,2,0
10494,233.029,105.622,2,0
10495,62.8246,2,2,0
10496,457.196,280.99,2,0
10497,498.229,66.9615,2,0
10498,38.6142,271.218,2,0
10499,76.8831,261.267,2,0
10500,51.9599,129.582,2,0
10501,279.535,166.85,2,0
10502,23.2451,224.461,2,0
10503,469.136,267.714,2,0
10504,595.016,241.37,2,0
10505,70.6915,116.626,2,0
10506,412.245,223.312,2,0
10507,475.508,79.727,2,0
10508,132.584,209.844,2,0
10509,145.138,253.811,2,0
10510,238.929,141.769,2,0
10511,503.799,140.105,2,0
10512,472.111,264.881,2,0
10513,528.461,97.0854,2,0
10514,165.28,90.2383,2,0
10515,489.927,222.602,2,0
10516,446.805,155.859,2,0
10517,275.969,2,2,0
10518,527.99,120.047,2,0
10519,224.091,66.5144,2,0
10520,334.269,31.8934,2,0
10521,211.17,32.1024,2,0
10522,46.5579,134.831,2,0
10523,524.537,60.4925,2,0
10524,529.804,6.06221,2,0
10525,82.8875,124.317,2,0
10526,596.003,137.929,2,0
10527,163.916,291.957,2,0
10528,197.071,86.8779,2,0
10529,503.242,108.009,2,0
10530,91.2341,223.882,2,0
10531,307.529,176.221,2,0
10532,583.745,23.8163,2,0
10533,528.029,288.32,2,0
10534,426.65,294.508,2,0
10535,201.411,249.452,2,0
10536,332.738,122.767,2,0
10537,323.621,287.364,2,0
10538,494.22,107.609,2,0
10539,425.317,84.2844,2,0
10540,76.5668,26.8773,2,0
10541,307.394,237.179,2,0
10542,183.759,40.9039,2,0
10543,511.946,47.6787,2,0
10544,298.833,294.271,2,0
10545,426.864,102.177,2,0
10546,425.584,234.658,2,0
10547,445.292,63.205,2,0
10548,396.789,232.519,2,0
10549,57.9466,271.224,2,0
10550,221.737,133.881,2,0
10551,222.586,46.1627,2,0
10552,430.356,61.2266,2,0
10553,272.181,193.676,2,0
10554,584.432,207.189,2,0
10555,498.01,255.136,2,0
10556,537.013,161.789,2,0
10557,237.354,213.086,2,0
10558,290.131,127.362,2,0
10559,153.501,270.039,2,0
10560,39.6067,259.279,2,0
10561,478.386,76.8767,2,0
10562,186.604,225.303,2,0
10563,262.837,21.4331,2,0
10564,441.706,249.626,2,0
10565,42.4779,134.696,2,0
10566,310.501,89.5536,2,0
10567,508.461,281.759,2,0
10568,574.463,102.642,2,0
10569,465.591,135.112,2,0
10570,490.425,135.455,2,0
10571,307.564,121.876,2,0
10572,358.735,180.668,2,0
10573,394.336,184.048,2,0
10574,519.806,18.8631,2,0
10575,295.776,247.695,2,0
10576,57.1158,140.124,2,0
10577,4.62795,290.945,2,0
10578,585.149,9.42979,2,0
10579,84.8843,286.238,2,0
10580,35.82,71.4959,2,0
10581,134.626,12.628,2,0
10582,126.269,58.2639,2,0
10583,550.736,234.148,2,0
10584,474.743,298,2,0
10585,322.083,148.949,2,0
10586,218.643,40.3983,2,0
10587,402.648,287.454,2,0
10588,35.9252,148.873,2,0
10589,566.414,6.06211,2,0
10590,229.758,91.8919,2,0
10591,371.949,290.652,2,0
10592,203.275,118.527,2,0
10593,222.507,107.47,2,0
10594,42.7589,5.07204,2,0
10595,592.395,290.943,2,0
10596,249.3,61.2017,2,0
10597,387.88,51.6758,2,0
10598,344.094,131.767,2,0
10599,117.813,218.989,2,0
10600,539.913,61.4548,2,0
10601,535.696,72.2609,2,0
10602,362.458,271.66,2,0
10603,423.102,258.834,2,0
10604,476.854,182.429,2,0
10605,497.424,148.9,2,0
10606,182.215,80.7385,2,0
10607,597.379,269.834,2,0
10608,375.481,16.9481,2,0
10609,82.2635,90.6404,2,0
10610,360.49,265.795,2,0
10611,208.174,217.852,2,0
10612,340.033,109.258,2,0
10613,420.494,192.107,2,0
10614,395.445,244.496,2,0
10615,180.637,154.315,2,0
10616,212.127,218.664,2,0
10617,178.98,120.779,2,0
10618,402.056,176.033,2,0
10619,212.166,9.07632,2,0
10620,487.898,158.266,2,0
10621,346.179,231.651,2,0
10622,4.64954,176.608,2,0
10623,198.26,156.606,2,0
10624,182.022,14.2472,2,0
10625,477.674,113.636,2,0
10626,195.741,294.118,2,0
10627,565.898,88.8245,2,0
10628,147.177,276.6,2,0
10629,215.104,188.619,2,0
10630,2.86763,274.966,2,0
10631,282.766,127.522,2,0
10632,246.481,74.0324,2,0
10633,485.823,222.024,2,0
10634,357.05,94.3869,2,0
10635,319.33,57.8595,2,0
10636,598.403,180.038,2,0
10637,379.428,172.084,2,0
10638,558.996,222.575,2,0
10639,308.574,273.309,2,0
10640,545.352,179.843,2,0
10641,313.987,92.6366,2,0
10642,567.608,281.454,2,0
10643,97.5322,246.801,2,0
10644,117.886,58.9946,2,0
10645,371.992,146.185,2,0
10646,417.119,246.098,2,0
10647,456.052,195.095,2,0
10648,297.33,164.843,2,0
10649,393.316,16.0422,2,0
10650,250.623,179.983,2,0
10651,104.45,93.1905,2,0
10652,48.2731,22.5585,2,0
10653,79.5149,152.752,2,0
10654,266.068,71.6514,2,0
10655,351.17,21.5836,2,0
10656,24.7049,158.527,2,0
10657,475.556,250.963,2,0
10658,391.414,2,2,0
10659,455.097,256.44,2,0
10660,99.4431,254.955,2,0
10661,370.279,98.1315,2,0
10662,149.93,281.762,2,0
10663,3.70664,204.705,2,0
10664,43.397,30.2807,2,0
10665,208.049,2,2,0
10666,480.257,44.1191,2,0
10667,324.672,45.4985,2,0
10668,49.9801,34.0746,2,0
10669,10.7561,146.64,2,0
10670,595.336,226.489,2,0
10671,214.176,5.51437,2,0
10672,494.893,207.503,2,0
10673,440.393,235.027,2,0
10674,290.989,89.7593,2,0
10675,394.07,194.545,2,0
10676,509.284,194.073,2,0
10677,28.8395,235.28,2,0
10678,222.177,252.264,2,0
10679,238.54,5.4754,2,0
10680,565.602,288.679,2,0
10681,247.319,279.142,2,0
10682,220.575,111.982,2,0
10683,243.588,109.496,2,0
10684,594.841,234.179,2,0
10685,533.53,163.811,2,0
10686,514.981,183.6,2,0
10687,591.881,147.917,2,0
10688,585.937,294.014,2,0
10689,249.832,282.686,2,0
10690,12.9337,65.2148,2,0
10691,434.353,23.426,2,0
10692,437.199,232.423,2,0
10693,373.375,176.758,2,0
10694,266.57,48.2506,2,0
10695,349.208,234.358,2,0
10696,296.312,100.869,2,0
10697,521.382,275.428,2,0
10698,237.928,112.035,2,0
10699,520.844,72.0545,2,0
10700,153.234,251.464,2,0
10701,489.087,76.1208,2,0
10702,193.639,205.358,2,0
10703,125.23,214.131,2,0
10704,498.167,152.842,2,0
10705,221.963,115.987,2,0
10706,228.245,25.0167,2,0
10707,406.694,294.463,2,0
10708,94.5223,221.589,2,0
10709,338.384,234.459,2,0
10710,481.51,88.6445,2,0
10711,106.834,290.73,2,0
10712,207.815,34.8506,2,0
10713,139.694,69.6068,2,0
10714,189.925,55.2703,2,0
10715,318.119,258.2,2,0
10716,63.5321,33.3605,2,0
10717,480.804,2,2,0
10718,487.956,60.5511,2,0
10719,91.2477,68.9278,2,0
10720,166.596,196.942,2,0
10721,583.657,34.6249,2,0
10722,446.268,286.549,2,0
10723,193.478,263.106,2,0
10724,85.3322,63.9215,2,0
10725,418.041,114.365,2,0
10726,486.359,136.26,2,0
10727,461.355,229.095,2,0
10728,406.68,67.9675,2,0
10729,206.447,266.812,2,0
10730,472.623,227.932,2,0
10731,329.645,298,2,0
10732,203.134,222.851,2,0
10733,307.934,219.653,2,0
10734,296.912,189.241,2,0
10735,9.78664,62.6892,2,0
10736,258.832,46.7906,2,0
10737,397.628,283.726,2,0
10738,529.662,212.785,2,0
10739,260.675,43.1476,2,0
10740,562.838,102.679,2,0
10741,302.64,96.5734,2,0
10742,176.885,197.544,2,0
10743,409.58,249.379,2,0
10744,167.34,34.4337,2,0
10745,572.97,268.228,2,0
10746,34.0232,286.851,2,0
10747,336.065,43.4679,2,0
10748,488.988,175.327,2,0
10749,493.249,233.601,2,0
10750,398.871,119.671,2,0
10751,241.913,113.251,2,0
10752,574.414,291.299,2,0
10753,121.267,216.661,2,0
10754,34.9898,240.52,2,0
10755,250.739,39.217,2,0
10756,485.867,45.5293,2,0
10757,104.496,236.821,2,0
10758,543.142,75.8802,2,0
10759,40.9869,109.936,2,0
10760,405.946,219.65,2,0
10761,68.3301,88.0208,2,0
10762,503.498,245.156,2,0
10763,568.426,70.2521,2,0
10764,479.985,179.474,2,0
10765,360.726,119.783,2,0
10766,218.962,273.5,2,0
10767,48.8266,190.428,2,0
10768,440.394,87.3181,2,0
10769,100.414,186.101,2,0
10770,376.348,265.756,2,0
10771,156.315,161.909,2,0
10772,289.365,284.628,2,0
10773,110.146,68.8084,2,0
10774,282.342,280.668,2,0
10775,523.633,165.168,2,0
10776,186.166,109.346,2,0
10777,168.16,268.461,2,0
10778,95.7132,119.623,2,0
10779,34.4721,193.488,2,0
10780,107.058,80.5897,2,0
10781,291.981,237.837,2,0
10782,279.712,191.724,2,0
10783,490.443,116.952,2,0
10784,593.397,9.46313,2,0
10785,231.06,88.0032,2,0
10786,503.812,96.4967,2,0
10787,103.138,110.149,2,0
10788,154.858,129.046,2,0
10789,248.265,234.992,2,0
10790,267.368,293.594,2,0
10791,499.799,243.53,2,0
10792,218.225,5.5953,2,0
10793,411.956,259.734,2,0
10794,91.7977,162.422,2,0
10795,533.787,212.725,2,0
10796,597.36,130.225,2,0
10797,526.922,16.2368,2,0
10798,496.319,94.9043,2,0
10799,271.193,13.504,2,0
10800,484.146,126.056,2,0
10801,533.278,53.5853,2,0
10802,243.371,256.235,2,0
10803,492.945,229.558,2,0
10804,23.2599,124.467,2,0
10805,237.924,204.949,2,0
10806,69.9259,199.601,2,0
10807,501.421,248.629,2,0
10808,472.46,141.207,2,0
10809,378.08,184.257,2,0
10810,497.89,160.595,2,0
10811,379.458,225.432,2,0
10812,476.189,68.9663,2,0
10813,530.522,234.05,2,0
10814,51.566,203.446,2,0
10815,12.1025,31.8945,2,0
10816,119.661,55.3784,2,0
10817,522.164,176.216,2,0
10818,465.642,192.593,2,0
10819,415.705,130.579,2,0
10820,592.45,139.871,2,0
10821,17.983,178.724,2,0
10822,136.944,121.543,2,0
10823,148.253,152.78,2,0
10824,59.1396,119.598,2,0
10825,141.163,254.592,2,0
10826,320.836,182.506,2,0
10827,469.844,200.606,2,0
10828,569.128,107.811,2,0
10829,60.1198,294.116,2,0
10830,140.079,230.916,2,0
10831,338.622,5.90215,2,0
10832,263.807,2,2,0
10833,111.606,50.0442,2,0
10834,414.294,212.58,2,0
10835,110.936,223.505,2,0
10836,419.967,141.3,2,0
10837,511.88,197.262,2,0
10838,320.355,128.583,2,0
10839,231.401,98.7289,2,0
10840,213.725,136.937,2,0
10841,158.411,181.687,2,0
10842,378.913,229.487,2,0
10843,509.617,221.049,2,0
10844,149.251,271.6,2,0
10845,371.505,85.1366,2,0
10846,297.052,49.4921,2,0
10847,282.19,239.237,2,0
10848,595.634,279.866,2,0
10849,167.224,55.2934,2,0
10850,27.1022,11.0734,2,0
10851,8.80768,189.967,2,0
10852,176.857,181.422,2,0
10853,404.605,298,2,0
10854,330.671,218.737,2,0
10855,218.922,126.232,2,0
10856,358.659,270.082,2,0
10857,567.414,183.718,2,0
10858,292.679,119.638,2,0
10859,523.21,195.502,2,0
10860,66.2433,185.571,2,0
10861,339.913,226.536,2,0
10862,576.69,23.4476,2,0
10863,199.647,16.3105,2,0
10864,417.264,37.4407,2,0
10865,191.852,149.898,2,0
10866,478.707,40.4184,2,0
10867,346.045,188.534,2,0
10868,237.947,30.1119,2,0
10869,494.57,192.724,2,0
10870,209.79,235.561,2,0
10871,456.735,150.307,2,0
10872,435.182,108.652,2,0
10873,171.361,35.5208,2,0
10874,233.792,91.0839,2,0
10875,272.265,127.525,2,0
10876,344.808,104.895,2,0
10877,66.609,146.723,2,0
10878,247.911,89.41,2,0
10879,5.35852,30.2967,2,0
10880,189.988,12.663,2,0
10881,232.774,111.436,2,0
10882,440.242,2,2,0
10883,158.137,169.063,2,0
10884,571.316,282.986,2,0
10885,451.062,238.656,2,0
10886,196.055,68.9197,2,0
10887,551.255,247.784,2,0
10888,346.74,112.467,2,0
10889,113.986,298,2,0
10890,453.237,227.242,2,0
10891,572.576,119.033,2,0
10892,161.968,154.491,2,0
10893,388.341,99.7153,2,0
10894,340.714,15.4272,2,0
10895,584.162,59.9965,2,0
10896,99.7125,120.729,2,0
10897,304.656,161.164,2,0
10898,113.732,30.3554,2,0
10899,97.4646,269.524,2,0
10900,29.7254,115.816,2,0
10901,243.249,275.475,2,0
10902,459.681,246.64,2,0
10903,584.022,134.4,2,0
10904,327.116,177.594,2,0
10905,427.935,28.1469,2,0
10906,14.6997,168.23,2,0
10907,273.34,5.75839,2,0
10908,183.159,52.3759,2,0
10909,544.319,55.3707,2,0
10910,331.124,29.053,2,0
10911,104.512,205.923,2,0
10912,38.8192,86.4866,2,0
10913,125.183,263.084,2,0
10914,356.851,234.628,2,0
10915,469.644,96.6728,2,0
10916,91.0164,49.217,2,0
10917,168.88,200.341,2,0
10918,395.307,265.852,2,0
10919,483.35,253.205,2,0
10920,219.925,219.106,2,0
10921,547.754,204.636,2,0
10922,23.0633,266.529,2,0
10923,567.088,222.286,2,0
10924,583.453,110.937,2,0
10925,198.842,290.243,2,0
10926,139.29,267.341,2,0
10927,589.509,72.7681,2,0
10928,435.88,112.661,2,0
10929,38.1186,279.738,2,0
10930,352.966,95.703,2,0
10931,272.645,255,2,0
10932,266.348,103.757,2,0
10933,573.395,251.187,2,0
10934,532.369,122.508,2,0
10935,126.307,155.283,2,0
10936,224.249,291.288,2,0
10937,509.336,293.968,2,0
10938,331.729,294.565,2,0
10939,405.215,193.595,2,0
10940,517.388,293.97,2,0
10941,222.25,42.1354,2,0
10942,46.7025,251.17,2,0
10943,180.142,222.574,2,0
10944,212.03,172.419,2,0
10945,382.358,274.513,2,0
10946,353.575,156.105,2,0
10947,192.516,239.973,2,0
10948,373.542,57.1629,2,0
10949,157.257,185.529,2,0
10950,171.199,149.478,2,0
10951,525.682,139.533,2,0
10952,576.096,67.4657,2,0
10953,264.074,257.697,2,0
10954,257.732,109.564,2,0
10955,245.352,175.777,2,0
10956,92.3914,263.139,2,0
10957,7.15459,47.1829,2,0
10958,423.84,224.586,2,0
10959,490.43,31.5437,2,0
10960,540.879,106.575,2,0
10961,346.171,52.7555,2,0
10962,558.445,84.9177,2,0
10963,116.537,91.8549,2,0
10964,37.3085,290.727,2,0
10965,566.199,270.966,2,0
10966,246.457,154.479,2,0
10967,17.4951,162.294,2,0
10968,136.243,264.745,2,0
10969,189.607,85.2017,2,0
10970,127.277,102.189,2,0
10971,353.922,252.786,2,0
10972,429.605,235.468,2,0
10973,509.899,148.683,2,0
10974,377.097,54.8728,2,0
10975,304.027,263.552,2,0
10976,452.023,194.639,2,0
10977,319.271,61.9862,2,0
10978,582.898,19.8512,2,0
10979,236.011,170.395,2,0
10980,211.047,24.8257,2,0
10981,558.39,290.15,2,0
10982,271.771,78.564,2,0
10983,129.61,240.832,2,0
10984,111.192,193.437,2,0
10985,513.653,58.579,2,0
10986,278.103,17.0241,2,0
10987,442.582,83.8947,2,0
10988,217.7,133.409,2,0
10989,538.424,175.739,2,0
10990,550.971,197.487,2,0
10991,239.898,107.891,2,0
10992,415.798,2,2,0
10993,321.894,104.049,2,0
10994,342.593,277.976,2,0
10995,343.809,225.107,2,0
10996,24.8528,298,2,0
10997,399.833,238.375,2,0
10998,196.23,220.256,2,0
10999,280.486,252.069,2,0
11000,212.319,140.69,2,0
11001,94.3363,71.7515,2,0
11002,293.978,124.76,2,0
11003,436.662,72.9177,2,0
11004,52.2142,71.409,2,0
11005,139.787,221.475,2,0
11006,463.646,104.274,2,0
11007,360.684,92.6227,2,0
11008,565.206,229.941,2,0
11009,404.018,182.881,2,0
11010,321.696,14.2737,2,0
11011,435.199,190.846,2,0
11012,41.8483,8.99756,2,0
11013,136.512,66.9835,2,0
11014,501.4,19.3845,2,0
11015,53.9619,222.778,2,0
11016,573.973,31.053,2,0
11017,364.446,175.038,2,0
11018,521.738,220.049,2,0
11019,354.38,207.606,2,0
11020,326.309,52.1318,2,0
11021,234.285,261.492,2,0
11022,340.713,222.523,2,0
11023,402.268,41.8798,2,0
11024,107.816,272.53,2,0
11025,123.884,54.988,2,0
11026,323.436,193.962,2,0
11027,587.215,66.4237,2,0
11028,583.278,265.891,2,0
11029,45.3992,192.581,2,0
11030,48.3922,113.708,2,0
11031,324.03,189.991,2,0
11032,293.573,183.097,2,0
11033,238.114,15.3833,2,0
11034,461.967,178.8,2,0
11035,395.226,202.758,2,0
11036,132.71,230.228,2,0
11037,516.255,217.241,2,0
11038,0.41019,247.326,2,0
11039,318.098,208.248,2,0
11040,59.5495,162.684,2,0
11041,299.518,56.3751,2,0
11042,163.296,34.0705,2,0
11043,287.155,133.295,2,0
11044,406.159,275.966,2,0
11045,568.756,24.9065,2,0
11046,504.35,27.1074,2,0
11047,11.09,174.514,2,0
11048,360.023,65.7863,2,0
11049,428.686,287.36,2,0
11050,54.4488,145.939,2,0
11051,388.275,240.613,2,0
11052,49.8698,151.36,2,0
11053,434.351,19.4178,2,0
11054,177.944,140.138,2,0
11055,28.1827,198.367,2,0
11056,358.21,109.398,2,0
11057,120.071,43.3406,2,0
11058,209.45,231.529,2,0
11059,523.574,246.27,2,0
11060,89.1359,86.0674,2,0
11061,152.262,233.484,2,0
11062,204.528,188.366,2,0
11063,569.811,40.2252,2,0
11064,283.372,272.485,2,0
11065,446.896,171.759,2,0
11066,370.517,271.929,2,0
11067,342.348,290.964,2,0
11068,594.816,36.3995,2,0
11069,552.005,16.9735,2,0
11070,172.112,269.369,2,0
11071,237.596,290.6,2,0
11072,292.542,53.1684,2,0
11073,158.984,251.097,2,0
11074,58.0638,290.59,2,0
11075,8.3101,71.6421,2,0
11076,300.914,290.793,2,0
11077,562.211,174.471,2,0
11078,468.695,171.217,2,0
11079,405.004,81.0761,2,0
11080,227.163,20.5399,2,0
11081,308.282,201.619,2,0
11082,205.133,85.3577,2,0
11083,524.316,69.8759,2,0
11084,319.446,294.417,2,0
11085,335.401,39.4447,2,0
11086,569.552,225.457,2,0
11087,144.315,190.853,2,0
11088,59.6431,6.01774,2,0
11089,61.7602,9.527,2,0
11090,115.094,207.582,2,0
11091,155.274,166.188,2,0
11092,428.082,126.073,2,0
11093,471.35,154.274,2,0
11094,552.41,262.561,2,0
11095,239.083,77.6276,2,0
11096,257.002,169.463,2,0
11097,229.635,194.913,2,0
11098,118.075,157.103,2,0
11099,459.951,153,2,0
11100,12.209,10.0596,2,0
11101,283.131,68.4788,2,0
11102,529.859,23.8027,2,0
11103,436.561,203.882,2,0
11104,19.7367,242.343,2,0
11105,158.561,40.7235,2,0
11106,48.3796,283.684,2,0
11107,555.414,202.921,2,0
11108,507.389,108.217,2,0
11109,241.865,127.921,2,0
11110,304.751,157.004,2,0
11111,28.8215,55.7816,2,0
11112,34.8514,252.718,2,0
11113,149.229,291.683,2,0
11114,64.4577,273.807,2,0
11115,128.177,151.661,2,0
11116,4.45787,196.106,2,0
11117,413.848,283.333,2,0
11118,185.834,78.7496,2,0
11119,247.196,70.0201,2,0
11120,35.1341,203.176,2,0
11121,15.9113,267.702,2,0
11122,233.463,125.201,2,0
11123,420.763,290.999,2,0
11124,263.145,247.054,2,0
11125,47.5127,123.201,2,0
11126,312.652,191.658,2,0
11127,96.1479,85.4296,2,0
11128,398.179,177.132,2,0
11129,500.047,239.503,2,0
11130,359.767,274.689,2,0
11131,582.197,127.42,2,0
11132,87.7269,282.051,2,0
11133,337.825,298,2,0
11134,269.754,109.789,2,0
11135,52.8774,154.002,2,0
11136,77.6684,181.218,2,0
11137,469.18,107.863,2,0
11138,455.574,32.2007,2,0
11139,139.464,84.49,2,0
11140,538.472,145.695,2,0
11141,569.235,86.5283,2,0
11142,571.566,288.485,2,0
11143,113.35,287.007,2,0
11144,133.742,37.576,2,0
11145,343.145,160.547,2,0
11146,481.544,115.08,2,0
11147,372.29,137.259,2,0
11148,386.525,226.292,2,0
11149,357.263,16.5675,2,0
11150,169.918,31.2719,2,0
11151,412.821,44.867,2,0
11152,431.611,246.346,2,0
11153,263.444,40.234,2,0
11154,482.55,187.176,2,0
11155,525.619,5.99093,2,0
11156,313.449,13.6581,2,0
11157,33.7145,263.468,2,0
11158,197.711,205.56,2,0
11159,478.312,248.022,2,0
11160,561.287,255.581,2,0
11161,577.016,147.394,2,0
11162,468.115,189.288,2,0
11163,316.47,171.048,2,0
11164,514.26,243.452,2,0
11165,261.506,116.921,2,0
11166,175.537,17.5451,2,0
11167,316.69,192.591,2,0
11168,300.803,171.048,2,0
11169,243.922,43.2708,2,0
11170,404.998,200.267,2,0
11171,96.3365,157.084,2,0
11172,289.443,107.539,2,0
11173,245.37,150.624,2,0
11174,331.815,287.503,2,0
11175,396.75,111.893,2,0
11176,286.358,183.069,2,0
11177,187.704,182.311,2,0
11178,211.42,241.911,2,0
11179,231.561,34.416,2,0
11180,348.554,287.633,2,0
11181,82.591,194.565,2,0
11182,326.897,117.044,2,0
11183,436.81,145.64,2,0
11184,309.886,246.819,2,0
11185,175.812,136.714,2,0
11186,326.874,98.1366,2,0
11187,285.614,46.422,2,0
11188,123.925,2,2,0
11189,484.248,190.97,2,0
11190,345.88,2,2,0
11191,156.289,254.064,2,0
11192,337.147,188.577,2,0
11193,314.854,158.692,2,0
11194,172.45,202.442,2,0
11195,448.218,102.07,2,0
11196,494.128,217.531,2,0
11197,135.832,41.6919,2,0
11198,234.046,59.5975,2,0
11199,414.995,198.335,2,0
11200,575.934,156.877,2,0
11201,440.789,145.225,2,0
11202,435.351,138.234,2,0
11203,582.629,181.633,2,0
11204,362.84,166.991,2,0
11205,592.336,298,2,0
11206,221.96,94.2546,2,0
11207,531.447,256.056,2,0
11208,314.243,96.9271,2,0
11209,224.22,2,2,0
11210,131.985,33.8085,2,0
11211,118.405,227.049,2,0
11212,136.312,102.838,2,0
11213,120.644,69.6107,2,0
11214,212.721,270.145,2,0
11215,253.253,257.407,2,0
11216,512.041,17.0283,2,0
11217,410.911,199.033,2,0
11218,88.8098,81.795,2,0
11219,444.213,263.932,2,0
11220,562.096,22.4688,2,0
11221,484.819,286.926,2,0
11222,501.944,154.319,2,0
11223,313.534,248.573,2,0
11224,281.895,288.975,2,0
11225,263.655,113.445,2,0
11226,207.264,298,2,0
11227,478.841,145.566,2,0
11228,379.642,277.677,2,0
11229,481.255,244.753,2,0
11230,190.781,290.131,2,0
11231,403.077,147.654,2,0
11232,461.396,134.619,2,0
11233,150.472,39.8416,2,0
11234,68.8903,192.643,2,0
11235,4.09752,240.054,2,0
11236,31.5902,38.7387,2,0
11237,112.213,243.878,2,0
11238,477.878,164.423,2,0
11239,339.757,124.844,2,0
11240,354.893,242.549,2,0
11241,559.113,101.147,2,0
11242,68.2527,19.8522,2,0
11243,555.464,99.3003,2,0
11244,470.754,64.1528,2,0
11245,394.844,119.718,2,0
11246,314.593,224.417,2,0
11247,200.058,125.856,2,0
11248,157.384,228.249,2,0
11249,196.06,9.02646,2,0
11250,448.019,193.753,2,0
11251,409.797,26.3105,2,0
11252,391.298,280.733,2,0
11253,405.699,105.881,2,0
11254,275.331,293.974,2,0
11255,93.2111,270.168,2,0
11256,480.18,69.9435,2,0
11257,460.725,164.397,2,0
11258,245.334,237.998,2,0
11259,364.515,20.603,2,0
11260,362.636,230.146,2,0
11261,245.063,82.4211,2,0
11262,483.714,268.047,2,0
11263,109.611,165.173,2,0
11264,235.397,97.9311,2,0
11265,487.971,72.1636,2,0
11266,122.413,65.7937,2,0
11267,516.42,289.718,2,0
11268,77.5815,298,2,0
11269,575.608,121.684,2,0
11270,419.296,16.5129,2,0
11271,207.27,161.928,2,0
11272,327.78,188.589,2,0
11273,397.987,162.469,2,0
11274,182.497,192.949,2,0
11275,37.0936,298,2,0
11276,23.6502,256.81,2,0
11277,584.879,245.797,2,0
11278,275.897,113.488,2,0
11279,135.188,84.8005,2,0
11280,353.017,235.893,2,0
11281,594.316,179.438,2,0
11282,455.261,154.085,2,0
11283,161.766,30.3615,2,0
11284,287.464,99.9993,2,0
11285,507.006,53.8664,2,0
11286,211.997,164.365,2,0
11287,267.885,275.607,2,0
11288,66.4072,101.35,2,0
11289,408.266,167.077,2,0
11290,24.9155,104.209,2,0
11291,427.059,130.184,2,0
11292,578.483,168.791,2,0
11293,238.296,200.89,2,0
11294,550.15,5.96378,2,0
11295,164.714,238.22,2,0
11296,479.446,209.062,2,0
11297,421.331,77.8803,2,0
11298,159.461,290.124,2,0
11299,190.187,103.409,2,0
11300,129.158,232.481,2,0
11301,435.828,283.811,2,0
11302,15.5368,112.606,2,0
11303,578.066,186.929,2,0
11304,528.06,142.875,2,0
11305,303.788,227.289,2,0
11306,587.755,23.9266,2,0
11307,429.577,69.0656,2,0
11308,329.768,13.4417,2,0
11309,297.271,12.918,2,0
11310,571.676,199.759,2,0
11311,220.047,248.612,2,0
11312,376.942,50.8699,2,0
11313,557.086,217.261,2,0
11314,553.975,190.833,2,0
11315,70.4053,258.622,2,0
11316,363.704,85.1576,2,0
11317,397.031,82.2292,2,0
11318,86.4605,209.592,2,0
11319,304.631,165.22,2,0
11320,303.465,69.9894,2,0
11321,577.759,243.258,2,0
11322,525.301,266.671,2,0
11323,334.791,232.546,2,0
11324,422.572,228.414,2,0
11325,534.155,154.815,2,0
11326,515.66,165.979,2,0
11327,179.405,245.919,2,0
11328,87.9065,163.802,2,0
11329,400.864,79.9052,2,0
11330,448.931,93.0069,2,0
11331,455.325,223.606,2,0
11332,535.327,119.56,2,0
11333,491.369,214.484,2,0
11334,172.056,108.096,2,0
11335,109.292,125.799,2,0
11336,363.899,290.337,2,0
11337,356.547,288.277,2,0
11338,551.836,97.3955,2,0
11339,112.364,148.198,2,0
11340,105.662,41.2247,2,0
11341,311.31,40.7957,2,0
11342,224.185,25.0799,2,0
11343,534.622,233.859,2,0
11344,15.261,52.1868,2,0
11345,521.494,22.5954,2,0
11346,145.682,46.4589,2,0
11347,418.456,233.906,2,0
11348,98.6349,283.595,2,0
11349,294.033,158.739,2,0
11350,129.799,201.907,2,0
11351,543.882,209.054,2,0
11352,478.781,298,2,0
11353,456.659,205.875,2,0
11354,83.7883,117.44,2,0
11355,46.3361,9.09563,2,0
11356,476.399,153.713,2,0
11357,107.887,173.097,2,0
11358,301.618,142.588,2,0
11359,205.021,131.085,2,0
11360,537.82,212.664,2,0
11361,405.13,151.116,2,0
11362,164.56,298,2,0
11363,585.986,254.04,2,0
11364,262.943,90.6964,2,0
11365,224.673,156.796,2,0
11366,312.494,104.084,2,0
11367,334.95,27.8743,2,0
11368,553.444,237.224,2,0
11369,14.2654,148.902,2,0
11370,450.387,131.133,2,0
11371,215.059,24.4372,2,0
11372,503.991,16.2387,2,0
11373,446.138,244.008,2,0
11374,559.041,177.198,2,0
11375,567.32,148.402,2,0
11376,511.494,89.173,2,0
11377,407.073,147.118,2,0
11378,413.669,84.7379,2,0
11379,3.4289,97.6497,2,0
11380,87.8999,136.828,2,0
11381,253.274,263.009,2,0
11382,202.157,234.905,2,0
11383,146.85,108.049,2,0
11384,456.484,260.209,2,0
11385,512.728,81.706,2,0
11386,101.769,298,2,0
11387,532.105,143.428,2,0
11388,434.894,294.529,2,0
11389,142.809,108.175,2,0
11390,268.212,229.782,2,0
11391,574.088,144.518,2,0
11392,245.389,92.5213,2,0
11393,519.678,97.4306,2,0
11394,436.276,80.255,2,0
11395,489.633,246.396,2,0
11396,232.351,25.7634,2,0
11397,381.581,118.589,2,0
11398,204.993,260.943,2,0
11399,49.2029,186.282,2,0
11400,402.823,103.013,2,0
11401,385.506,185.843,2,0
11402,368.76,39.0915,2,0
11403,446.388,130.598,2,0
11404,477.708,259.069,2,0
11405,206.9,70.4565,2,0
11406,493.067,138.486,2,0
11407,260.222,258.83,2,0
11408,144.101,2,2,0
11409,591.198,13.0037,2,0
11410,512.17,217.293,2,0
11411,148.728,118.492,2,0
11412,161.425,132.192,2,0
11413,44.3825,126.773,2,0
11414,44.2649,283.341,2,0
11415,410.051,82.8765,2,0
11416,550.966,59.8735,2,0
11417,146.134,21.5409,2,0
11418,217.781,91.4956,2,0
11419,126.787,187.052,2,0
11420,193.361,36.5321,2,0
11421,441.074,196.671,2,0
11422,542.22,275.117,2,0
11423,41.4323,290.832,2,0
11424,24.667,2,2,0
11425,8.61841,298,2,0
11426,186.142,82.862,2,0
11427,378.637,19.6716,2,0
11428,20.7228,298,2,0
11429,335.893,287.646,2,0
11430,369.547,76.8477,2,0
11431,228.073,179.627,2,0
11432,192.207,197.512,2,0
11433,394.583,85.7192,2,0
11434,481.579,148.609,2,0
11435,233.674,162.587,2,0
11436,133.105,270.938,2,0
11437,311.714,161.265,2,0
11438,81.7608,199.821,2,0
11439,50.0379,2,2,0
11440,199.537,245.831,2,0
11441,485.335,63.6328,2,0
11442,445.566,248.117,2,0
11443,170.38,277.354,2,0
11444,543.387,79.9384,2,0
11445,187.841,9.02521,2,0
11446,120.902,123.131,2,0
11447,403.666,113.791,2,0
11448,368.182,128.072,2,0
11449,444.528,59.2089,2,0
11450,89.2223,278.099,2,0
11451,225.358,269.369,2,0
11452,211.07,148.768,2,0
11453,47.0053,39.8273,2,0
11454,5.63473,277.949,2,0
11455,103.231,66.4083,2,0
11456,592.319,104.947,2,0
11457,40.7769,124.076,2,0
11458,322.324,79.066,2,0
