id,x,y,radius,is_spanning
0,175.114,43.7416,2,0
1,581.035,157.584,2,0
2,89.9256,70.8098,2,0
3,65.7274,12.6877,2,0
4,339.574,268.881,2,0
5,334.248,84.4844,2,0
6,148.196,167.413,2,0
7,145.399,84.4057,2,0
8,220.981,131.061,2,0
9,370.562,172.451,2,0
10,407.607,23.9479,2,0
11,153.401,86.4855,2,0
12,4.39682,268.642,2,0
13,253.795,214.534,2,0
14,414.719,37.0329,2,0
15,107.894,225.133,2,0
16,513.755,196.865,2,0
17,577.739,70.6405,2,0
18,102.288,116.783,2,0
19,199.756,239.978,2,0
20,411.978,234.261,2,0
21,244.342,250.081,2,0
22,584.08,207.057,2,0
23,465.007,276.694,2,0
24,435.165,181.965,2,0
25,460.616,128.708,2,0
26,371.101,150.947,2,0
27,597.009,4.03148,2,0
28,161.93,11.392,2,0
29,486.881,23.9958,2,0
30,276.529,48.4455,2,0
31,33.504,282.989,2,0
32,216.306,84.7553,2,0
33,229.182,202.027,2,0
34,436.402,131.126,2,0
35,17.164,63.6583,2,0
36,87.42,105.27,2,0
37,133.87,237.28,2,0
38,580.265,173.176,2,0
39,469.162,192.605,2,0
40,314.022,26.9456,2,0
41,176.625,113.756,2,0
42,227.944,290.722,2,0
43,540.535,192.338,2,0
44,31.1306,294.308,2,0
45,341.098,294.395,2,0
46,366.774,178.44,2,0
47,295.455,85.3731,2,0
48,108.237,267.973,2,0
49,497.32,266.711,2,0
50,53.9529,20.1379,2,0
51,563.886,158.165,2,0
52,283.821,2,2,0
53,532.532,248.783,2,0
54,518.233,220.158,2,0
55,228.576,41.9665,2,0
56,291.22,74.9125,2,0
57,71.3743,210.722,2,0
58,441.735,287.873,2,0
59,539.889,175.653,2,0
60,48.2032,152.752,2,0
61,49.5327,34.1252,2,0
62,262.051,205.57,2,0
63,379.349,35.7968,2,0
64,143.131,241.503,2,0
65,74.7958,243.709,2,0
66,227.05,95.6192,2,0
67,580.141,214.555,2,0
68,234.752,117.082,2,0
69,451.014,133.937,2,0
70,140.22,126.595,2,0
71,169.566,52.825,2,0
72,478.966,138.369,2,0
73,349.988,21.5318,2,0
74,313.881,41.4712,2,0
75,195.578,41.6641,2,0
76,62.5073,187.308,2,0
77,315.645,209.254,2,0
78,345.056,38.5219,2,0
79,467.086,92.2117,2,0
80,297.042,14.1831,2,0
81,238.363,217.945,2,0
82,468.576,129.451,2,0
83,121.451,238.734,2,0
84,562.435,177.259,2,0
85,543.448,173.817,2,0
86,239.708,168.176,2,0
87,269.439,140.266,2,0
88,188.447,65.6719,2,0
89,479.296,270.914,2,0
90,134.818,105.042,2,0
91,499.481,88.7681,2,0
92,304.103,287.573,2,0
93,585.084,261.962,2,0
94,201.478,159.067,2,0
95,231.911,220.786,2,0
96,565.712,39.3231,2,0
97,199.936,290.324,2,0
98,542.18,54.9652,2,0
99,240.971,56.6179,2,0
100,577.861,160.05,2,0
101,195.674,220.723,2,0
102,531.728,51.8157,2,0
103,117.644,229.55,2,0
104,317.653,102.919,2,0
105,592.207,174.178,2,0
106,182.4,209.68,2,0
107,489.745,238.487,2,0
108,48.0291,135.29,2,0
109,62.5603,221.819,2,0
110,467.465,121.387,2,0
111,134.575,186.761,2,0
112,92.6996,173.414,2,0
113,425.026,34.7653,2,0
114,236.213,251.393,2,0
115,39.1564,9.61653,2,0
116,150.807,192.959,2,0
117,185.171,181.385,2,0
118,44.7341,278.852,2,0
119,99.4044,142.532,2,0
120,236.231,87.5456,2,0
121,324.879,270.27,2,0
122,362.209,250.123,2,0
123,46.2204,36.5202,2,0
124,439.668,211.493,2,0
125,520.959,42.6045,2,0
126,359.89,233.251,2,0
127,132.389,233.541,2,0
128,213.227,157.212,2,0
129,532.725,268.4,2,0
130,528.929,5.60112,2,0
131,52.4922,286.992,2,0
132,425.084,30.7064,2,0
133,247.748,10.3878,2,0
134,149.96,40.2488,2,0
135,226.427,61.3797,2,0
136,13.1715,116.456,2,0
137,525.966,161.73,2,0
138,118.747,205.034,2,0
139,318.941,234.551,2,0
140,171.892,2,2,0
141,398.581,75.4417,2,0
142,142.379,249.493,2,0
143,548.83,9.07463,2,0
144,8.04792,176.173,2,0
145,2.44784,57.1327,2,0
146,475.833,277.306,2,0
147,192.671,184.531,2,0
148,527.45,290.889,2,0
149,377.647,290.515,2,0
150,466.023,155.463,2,0
151,546.751,127.404,2,0
152,295.661,235.372,2,0
153,79.3968,131.727,2,0
154,422.641,2,2,0
155,570.175,286.877,2,0
156,117.494,23.4005,2,0
157,410.69,165.086,2,0
158,121.481,30.5353,2,0
159,421.29,139.068,2,0
160,570.188,221.156,2,0
161,374.392,110.107,2,0
162,112.53,219.886,2,0
163,119.222,62.7309,2,0
164,592.11,82.0582,2,0
165,470.769,287.24,2,0
166,302.065,124.608,2,0
167,190.408,12.7041,2,0
168,591.466,193.227,2,0
169,94.8118,206.695,2,0
170,104.369,23.7461,2,0
171,39.5708,164.217,2,0
172,596.452,180.425,2,0
173,106.765,294.45,2,0
174,556.375,191.737,2,0
175,36.6939,280.243,2,0
176,539.435,153.435,2,0
177,153.814,20.7533,2,0
178,41.6673,147.923,2,0
179,6.39452,233.629,2,0
180,215.825,253.535,2,0
181,414.315,287.795,2,0
182,208.132,47.9146,2,0
183,114.005,51.8274,2,0
184,128.514,220.93,2,0
185,332.338,269.05,2,0
186,534.891,276.372,2,0
187,254.155,111.408,2,0
188,334.465,128.891,2,0
189,481.157,35.3146,2,0
190,515.441,27.5775,2,0
191,395.17,13.4083,2,0
192,341.926,12.9862,2,0
193,226.079,38.7147,2,0
194,283.543,173.878,2,0
195,548,215.3,2,0
196,376.521,74.95,2,0
197,59.6913,105.827,2,0
198,290.195,103.184,2,0
199,159.779,25.9889,2,0
200,121.244,37.8303,2,0
201,33.9915,236.782,2,0
202,339.067,239.046,2,0
203,223.835,290.835,2,0
204,281.235,180.554,2,0
205,131.181,258.746,2,0
206,329.611,28.35,2,0
207,154.98,279.519,2,0
208,377.823,294.525,2,0
209,205.028,160.93,2,0
210,213.014,221.008,2,0
211,319.944,190.711,2,0
212,24.9055,47.5001,2,0
213,146.761,156.555,2,0
214,408.365,210.171,2,0
215,500.479,106.2,2,0
216,74.6585,111.589,2,0
217,6.0443,214.813,2,0
218,363.094,109.063,2,0
219,5.39216,187.848,2,0
220,189.487,46.6817,2,0
221,252.421,290.8,2,0
222,362.737,226.805,2,0
223,302.637,225.548,2,0
224,599.508,136.396,2,0
225,33.3426,26.9839,2,0
226,79.7388,239.248,2,0
227,105.403,85.9848,2,0
228,276.984,265.899,2,0
229,240.48,298,2,0
230,28.7541,164.632,2,0
231,173.243,215.323,2,0
232,406.78,158.855,2,0
233,339.801,272.933,2,0
234,102.032,207.695,2,0
235,537.642,78.358,2,0
236,413.52,202.64,2,0
237,37.4198,141.268,2,0
238,450.439,272.053,2,0
239,501.724,157.661,2,0
240,167.927,29.3665,2,0
241,338.408,191.377,2,0
242,126.713,212.922,2,0
243,512.474,294.07,2,0
244,419.532,89.4789,2,0
245,581.753,42.3018,2,0
246,179.732,132.303,2,0
247,356.41,60.2021,2,0
248,232.798,4.21956,2,0
249,224.262,44.5632,2,0
250,44.6059,272.06,2,0
251,73.0587,61.4648,2,0
252,112.368,184.983,2,0
253,368.034,240.614,2,0
254,75.1941,228.954,2,0
255,246.32,149.074,2,0
256,287.388,9.20339,2,0
257,327.809,67.736,2,0
258,4.51286,222.641,2,0
259,205.498,109.746,2,0
260,268.677,283.524,2,0
261,571.116,184.751,2,0
262,506.214,235.848,2,0
263,142.489,102.021,2,0
264,366.012,54.8436,2,0
265,474.934,122.706,2,0
266,592.394,182.153,2,0
267,332.225,216.507,2,0
268,201.617,110.993,2,0
269,84.0947,264.542,2,0
270,207.905,51.997,2,0
271,335.089,233.284,2,0
272,99.0754,146.648,2,0
273,102.789,33.4295,2,0
274,300.071,101.095,2,0
275,365.036,264.022,2,0
276,192.011,247.143,2,0
277,306.683,231.975,2,0
278,461.627,2,2,0
279,153.376,275.791,2,0
280,152.45,97.363,2,0
281,418.187,22.4418,2,0
282,259.186,279.961,2,0
283,287.108,189.788,2,0
284,102.448,215.715,2,0
285,592.384,279.655,2,0
286,121.818,9.14614,2,0
287,212.783,45.6256,2,0
288,183.251,139.618,2,0
289,361.121,202.715,2,0
290,588.454,278.505,2,0
291,593.53,62.7735,2,0
292,199.936,11.5329,2,0
293,278.837,294.392,2,0
294,542.635,50.9872,2,0
295,397.926,109.773,2,0
296,152.343,126.292,2,0
297,222.572,40.915,2,0
298,85.323,137.664,2,0
299,468.053,298,2,0
300,392.986,173.125,2,0
301,422.861,208.035,2,0
302,251.099,202.839,2,0
303,111.402,160.642,2,0
304,59.9134,128.081,2,0
305,435.544,102.961,2,0
306,511.047,90.291,2,0
307,569.255,77.269,2,0
308,31.6687,214.212,2,0
309,507.54,227.44,2,0
310,142.293,217.47,2,0
311,61.1228,37.2595,2,0
312,550.776,212.383,2,0
313,256.701,8.94632,2,0
314,596.258,298,2,0
315,246.659,32.5225,2,0
316,214.794,42.0642,2,0
317,245.024,113.866,2,0
318,16.1154,136.115,2,0
319,568.879,225.041,2,0
320,185.137,165.448,2,0
321,398.631,190.367,2,0
322,587.82,239.611,2,0
323,104.194,269.048,2,0
324,57.0412,298,2,0
325,131.058,282.204,2,0
326,316.551,52.8996,2,0
327,211.941,170.663,2,0
328,318.381,123.295,2,0
329,257.497,109.093,2,0
330,330.619,289.329,2,0
331,474.7,286.263,2,0
332,350.367,116.024,2,0
333,570.617,232.773,2,0
334,554.978,13.3007,2,0
335,113.242,251.999,2,0
336,120.663,45.0709,2,0
337,299.344,237.268,2,0
338,85.9831,17.6489,2,0
339,25.7676,218.137,2,0
340,265.025,61.8246,2,0
341,434.267,80.1601,2,0
342,149.917,178.181,2,0
343,533.56,102.25,2,0
344,173.762,59.8314,2,0
345,120.289,66.658,2,0
346,331.939,209.132,2,0
347,580.892,113.71,2,0
348,5.36615,272.672,2,0
349,346.333,23.172,2,0
350,299.197,233.127,2,0
351,434.413,214.088,2,0
352,21.149,124.119,2,0
353,414.848,143.146,2,0
354,517.207,287.485,2,0
355,350.26,8.80574,2,0
356,524.299,224.838,2,0
357,242.678,174.583,2,0
358,183.123,191.944,2,0
359,343.944,2,2,0
360,256.03,184.15,2,0
361,32.0249,196.886,2,0
362,504.544,5.598,2,0
363,211.904,124.814,2,0
364,82.5744,208.713,2,0
365,127.819,266.117,2,0
366,310.557,19.7934,2,0
367,197.202,117.098,2,0
368,85.659,194.061,2,0
369,114.015,140.541,2,0
370,27.6079,214.55,2,0
371,17.7838,256.9,2,0
372,212.388,174.79,2,0
373,274.896,146.451,2,0
374,514.59,218.152,2,0
375,194.16,64.6068,2,0
376,598.132,125.566,2,0
377,273.214,260.02,2,0
378,120.866,177.106,2,0
379,175.654,142.632,2,0
380,152.936,264.444,2,0
381,523.092,220.709,2,0
382,183.288,8.44463,2,0
383,38.4893,106.23,2,0
384,527.887,158.141,2,0
385,76.5346,134.672,2,0
386,269.92,207.3,2,0
387,44.2547,65.2541,2,0
388,70.3502,58.3978,2,0
389,16.5926,212.22,2,0
390,23.3561,233.749,2,0
391,551.818,298,2,0
392,343.289,140.127,2,0
393,225.95,72.6861,2,0
394,260.327,71.7693,2,0
395,501.364,140.628,2,0
396,425.297,153.88,2,0
397,205.606,243.02,2,0
398,577.301,2,2,0
399,342.608,35.2136,2,0
400,420.955,172.02,2,0
401,104.56,199.158,2,0
402,346.798,207.764,2,0
403,303.67,182.341,2,0
404,457.173,264.161,2,0
405,370.953,48.7367,2,0
406,579.481,23.6596,2,0
407,546.872,259.91,2,0
408,12.5814,230.353,2,0
409,443.237,32.8895,2,0
410,52.2475,2,2,0
411,56.6676,60.4439,2,0
412,249.074,16.7081,2,0
413,243.947,260.841,2,0
414,568.191,66.3903,2,0
415,113.375,102.063,2,0
416,571.251,5.51806,2,0
417,242.145,280.263,2,0
418,100.325,43.806,2,0
419,438.965,38.5376,2,0
420,82.7509,256.781,2,0
421,142.143,106.056,2,0
422,500.432,286.584,2,0
423,45.4907,209.195,2,0
424,375.953,194.728,2,0
425,299.37,195.165,2,0
426,127.902,5.91906,2,0
427,102.07,57.0003,2,0
428,312.037,86.9794,2,0
429,148.229,81.348,2,0
430,395.5,216.021,2,0
431,472.113,218,2,0
432,161.569,192.554,2,0
433,559.286,73.4345,2,0
434,254.303,62.8892,2,0
435,150.98,236.175,2,0
436,421.173,167.968,2,0
437,83.9156,122.86,2,0
438,223.517,86.3832,2,0
439,348.791,228.006,2,0
440,76.1486,255.126,2,0
441,366.909,107.849,2,0
442,273.47,219.009,2,0
443,469.905,2,2,0
444,244.437,210.896,2,0
445,247.185,36.6236,2,0
446,316.093,149.668,2,0
447,197.847,8.02765,2,0
448,264.297,145.049,2,0
449,383.092,194.702,2,0
450,234.053,18.3564,2,0
451,457.074,162.311,2,0
452,284.646,245.604,2,0
453,66.8258,144.854,2,0
454,154.751,177.908,2,0
455,543.912,105.469,2,0
456,49.8201,78.5233,2,0
457,412.341,211.126,2,0
458,72.7935,247.351,2,0
459,324.362,65.547,2,0
460,345.923,183.678,2,0
461,370.234,229.91,2,0
462,277.661,127.994,2,0
463,433.417,171.195,2,0
464,216.339,261.613,2,0
465,33.1081,262.592,2,0
466,106.782,234.56,2,0
467,554.716,208.036,2,0
468,382.528,285.523,2,0
469,62.6222,102.924,2,0
470,395.744,144.694,2,0
471,596.826,30.2955,2,0
472,579.259,144.94,2,0
473,33.0104,270.921,2,0
474,409.235,262.884,2,0
475,477.601,262.164,2,0
476,518.73,263.699,2,0
477,330.363,158.848,2,0
478,287.897,257.277,2,0
479,392.484,131.841,2,0
480,468.341,211.483,2,0
481,221.897,135.008,2,0
482,418.355,108.991,2,0
483,0.290939,238.573,2,0
484,100.767,298,2,0
485,478.003,2,2,0
486,128.894,262.062,2,0
487,590.765,14.7215,2,0
488,260.739,174.512,2,0
489,427.874,172.43,2,0
490,162.874,294.393,2,0
491,160.552,97.2991,2,0
492,90.632,254.34,2,0
493,40.6522,279.572,2,0
494,342.419,236.768,2,0
495,351.322,298,2,0
496,49.057,117.635,2,0
497,187.533,153.522,2,0
498,308.291,249.985,2,0
499,357.027,284.64,2,0
500,253.503,40.2074,2,0
501,186.38,208.773,2,0
502,19.1839,267.824,2,0
503,178.483,186.711,2,0
504,515.486,186.426,2,0
505,242.427,150.676,2,0
506,593.852,215.985,2,0
507,322.698,298,2,0
508,200.707,185.555,2,0
509,68.9613,248.708,2,0
510,6.62797,276.93,2,0
511,533.601,294.405,2,0
512,19.56,260.613,2,0
513,418.379,193.958,2,0
514,122.886,298,2,0
515,118.369,215.152,2,0
516,504.465,106.996,2,0
517,208.73,159.277,2,0
518,464.597,209.899,2,0
519,323.625,2,2,0
520,556.927,140.812,2,0
521,6.1343,148.105,2,0
522,78.3587,95.9685,2,0
523,104.504,159.941,2,0
524,339.198,101.415,2,0
525,426.542,261.308,2,0
526,550.959,276.509,2,0
527,193.768,203.66,2,0
528,435.53,253.167,2,0
529,585.768,42.9647,2,0
530,562.39,140.061,2,0
531,547.073,134.542,2,0
532,273.119,57.7995,2,0
533,470.157,294.479,2,0
534,138.647,86.3314,2,0
535,123.753,183.462,2,0
536,147.216,228.293,2,0
537,51.1787,63.6654,2,0
538,415.435,231.971,2,0
539,500.038,192.692,2,0
540,463.76,268.772,2,0
541,101.024,186.49,2,0
542,478.209,90.8391,2,0
543,230.905,171.759,2,0
544,333.065,143.742,2,0
545,508.212,83.2007,2,0
546,570.49,134.049,2,0
547,61.2341,117.245,2,0
548,113.674,204.862,2,0
549,481.875,92.6207,2,0
550,456.901,207.32,2,0
551,169.564,195.079,2,0
552,554.025,101.825,2,0
553,27.1412,232.3,2,0
554,94.2196,156.727,2,0
555,158.028,249.909,2,0
556,427.271,222.232,2,0
557,368.835,212.846,2,0
558,570.086,294.484,2,0
559,239.365,41.6049,2,0
560,185.537,11.988,2,0
561,71.1115,276.811,2,0
562,42.3069,290.542,2,0
563,190.5,287.412,2,0
564,418.121,254.519,2,0
565,371.549,25.6403,2,0
566,462.125,294.437,2,0
567,42.1207,170.852,2,0
568,138.616,294.552,2,0
569,111.941,133.757,2,0
570,394.677,65.3325,2,0
571,265.108,256.64,2,0
572,303.911,138.846,2,0
573,23.6272,260.956,2,0
574,372.93,93.3727,2,0
575,586.589,210.2,2,0
576,284.282,177.809,2,0
577,358.056,272.456,2,0
578,318.884,182.828,2,0
579,568.429,47.0799,2,0
580,238.522,70.5412,2,0
581,145.952,280.618,2,0
582,226.058,121.885,2,0
583,412.115,93.345,2,0
584,278.807,135.003,2,0
585,320.4,84.9155,2,0
586,8.53989,2,2,0
587,174.923,94.4079,2,0
588,443.413,218.544,2,0
589,219.899,161.654,2,0
590,115.234,33.9534,2,0
591,536.781,238.853,2,0
592,201.293,207.432,2,0
593,426.927,181.799,2,0
594,421.072,30.0963,2,0
595,335.745,153.003,2,0
596,355.488,125.959,2,0
597,242.886,253.914,2,0
598,238.85,254.589,2,0
599,53.8548,49.4055,2,0
600,195.246,90.7311,2,0
601,485.584,30.4807,2,0
602,140.25,141.905,2,0
603,185.765,260.6,2,0
604,332.429,243.672,2,0
605,356.893,134.183,2,0
606,231.84,151.534,2,0
607,20.9867,46.2864,2,0
608,113.602,215.942,2,0
609,302.69,230.977,2,0
610,485.95,8.99336,2,0
611,230.146,217.089,2,0
612,525.284,169.885,2,0
613,8.48749,290.647,2,0
614,418.023,149.457,2,0
615,539.005,134.948,2,0
616,497.925,180.601,2,0
617,463.611,81.2067,2,0
618,355.956,170.425,2,0
619,12.4567,298,2,0
620,107.533,191.333,2,0
621,75.8958,199.71,2,0
622,420.933,105.735,2,0
623,453.568,231.575,2,0
624,157.977,12.4037,2,0
625,302.334,175.568,2,0
626,317.307,186.84,2,0
627,121.122,117.247,2,0
628,388.853,218.32,2,0
629,251.085,240.486,2,0
630,65.9973,65.2929,2,0
631,489.463,142.337,2,0
632,109.041,252.998,2,0
633,554.528,278.435,2,0
634,365.93,42.3681,2,0
635,44.5216,137.254,2,0
636,205.878,22.3124,2,0
637,117.241,37.4513,2,0
638,445.84,254.753,2,0
639,14.4845,233.948,2,0
640,116.613,44.5729,2,0
641,346.977,268.581,2,0
642,209.621,243.094,2,0
643,9.69567,47.3318,2,0
644,524.07,52.2346,2,0
645,143.277,268.518,2,0
646,573.327,77.4313,2,0
647,420.265,13.4343,2,0
648,428.69,151.738,2,0
649,61.0412,163.12,2,0
650,359.105,146.226,2,0
651,207.897,287.228,2,0
652,356.908,204.278,2,0
653,96.6618,172.203,2,0
654,299.427,3.96401,2,0
655,158.326,286.908,2,0
656,201.555,286.554,2,0
657,410.821,276.116,2,0
658,305.482,53.188,2,0
659,37.8862,260.831,2,0
660,338.057,5.63916,2,0
661,29.4137,160.607,2,0
662,257.242,126.105,2,0
663,247.162,21.0563,2,0
664,508.615,5.5836,2,0
665,23.1959,268.165,2,0
666,479.33,112.257,2,0
667,252.736,181.774,2,0
668,584.382,221.171,2,0
669,344.609,53.1471,2,0
670,335.573,91.2542,2,0
671,286.548,40.8698,2,0
672,494.664,169.878,2,0
673,347.357,100.207,2,0
674,494.802,161.97,2,0
675,122.707,289.675,2,0
676,25.2618,35.1927,2,0
677,513.947,32.4714,2,0
678,386.791,265.764,2,0
679,450.714,197.283,2,0
680,424.337,86.5957,2,0
681,451.402,25.9826,2,0
682,26.228,157.977,2,0
683,225.278,2,2,0
684,38.0254,149.611,2,0
685,591.563,92.8889,2,0
686,155.105,236.181,2,0
687,84.894,64.6521,2,0
688,406.044,138.418,2,0
689,486.495,123.167,2,0
690,268.767,203.419,2,0
691,404.805,21.0702,2,0
692,208.253,116.353,2,0
693,188.911,266.993,2,0
694,542.264,209.071,2,0
695,216.086,95.6668,2,0
696,387.31,25.9621,2,0
697,81.9133,60.2385,2,0
698,343.918,31.3798,2,0
699,483.072,100.772,2,0
700,550.694,284.938,2,0
701,375.828,129.024,2,0
702,144.207,231.136,2,0
703,564.992,26.0137,2,0
704,402.335,14.1981,2,0
705,335.634,137.25,2,0
706,488.195,135.497,2,0
707,276.232,215.985,2,0
708,554.401,199.879,2,0
709,160.583,188.604,2,0
710,126.015,50.8732,2,0
711,106.925,229.127,2,0
712,295.044,132.595,2,0
713,130.634,158.161,2,0
714,184.522,66.6638,2,0
715,227.913,220.471,2,0
716,257.005,276.384,2,0
717,325.362,185.541,2,0
718,382.398,82.1167,2,0
719,404.216,92.4018,2,0
720,32.9871,100.248,2,0
721,207.39,90.9692,2,0
722,439.255,254.813,2,0
723,343.358,274.864,2,0
724,5.66847,65.1938,2,0
725,514.981,252.093,2,0
726,185.608,250.081,2,0
727,220.235,230.782,2,0
728,105.283,279.799,2,0
729,262.668,294.326,2,0
730,263.306,184.465,2,0
731,325.67,27.5364,2,0
732,12.3768,44.434,2,0
733,214.055,25.4218,2,0
734,503.007,103.064,2,0
735,72.0852,66.129,2,0
736,61.83,124.443,2,0
737,533.629,88.1795,2,0
738,434.45,189.298,2,0
739,375.221,186.616,2,0
740,12.2366,247.985,2,0
741,341.342,224.582,2,0
742,381.822,275.17,2,0
743,371.303,202.009,2,0
744,449.241,61.2293,2,0
745,304.547,213.413,2,0
746,224.14,267.427,2,0
747,170.807,252.61,2,0
748,144.002,140.371,2,0
749,120.761,234.398,2,0
750,361.333,5.87941,2,0
751,340.082,119.893,2,0
752,516.086,266.761,2,0
753,494.641,222.988,2,0
754,561.793,147.874,2,0
755,177.087,62.058,2,0
756,285.016,72.7813,2,0
757,479.038,279.872,2,0
758,65.2749,298,2,0
759,2.2753,158.269,2,0
760,77.2895,128.257,2,0
761,308.98,261.775,2,0
762,379.317,138.437,2,0
763,593.811,44.3611,2,0
764,532.776,237.964,2,0
765,63.3185,93.3698,2,0
766,85.033,126.818,2,0
767,142.356,35.2415,2,0
768,283.735,113.13,2,0
769,220.651,24.1489,2,0
770,272.061,226.002,2,0
771,124.928,109.946,2,0
772,270.385,196.457,2,0
773,451.808,240.729,2,0
774,562.257,173.198,2,0
775,402.515,285.152,2,0
776,400.159,45.7939,2,0
777,399.452,87.0553,2,0
778,309.39,90.7526,2,0
779,470.888,137.194,2,0
780,94.6808,152.709,2,0
781,157.679,101.129,2,0
782,263.654,86.6872,2,0
783,204.576,98.808,2,0
784,88.8631,271.206,2,0
785,33.4657,133.087,2,0
786,93.0422,125.663,2,0
787,331.981,151.422,2,0
788,342.069,132.072,2,0
789,421.992,135.053,2,0
790,177.301,53.3137,2,0
791,207.22,182.466,2,0
792,356.075,288.667,2,0
793,427.805,69.3155,2,0
794,512.686,159.843,2,0
795,72.4746,86.2342,2,0
796,40.1635,257.485,2,0
797,113.216,171.929,2,0
798,528.488,189.45,2,0
799,38.3561,74.4435,2,0
800,106.643,40.545,2,0
801,84.0943,102.965,2,0
802,521.292,287.279,2,0
803,191.021,18.1008,2,0
804,129.347,21.1995,2,0
805,512.21,255.109,2,0
806,264.749,298,2,0
807,170.733,237.814,2,0
808,344.958,86.2143,2,0
809,223.801,117.083,2,0
810,388.681,229.372,2,0
811,285.199,196.321,2,0
812,496.662,210.546,2,0
813,15.1838,268.316,2,0
814,237.094,63.4498,2,0
815,234.703,173.412,2,0
816,119.908,121.145,2,0
817,169.968,276.983,2,0
818,216.103,194.656,2,0
819,62.5854,290.591,2,0
820,565.539,170.608,2,0
821,566.454,133.718,2,0
822,360.208,237.515,2,0
823,599.896,129.294,2,0
824,415.89,235.964,2,0
825,258.123,20.0782,2,0
826,149.906,13.5024,2,0
827,235.822,67.3933,2,0
828,579.677,74.1568,2,0
829,138.64,283.844,2,0
830,89.1313,135.97,2,0
831,324.141,89.6489,2,0
832,15.8587,81.5243,2,0
833,175.455,26.7937,2,0
834,385.339,181.311,2,0
835,325.617,12.6256,2,0
836,40.8678,223.561,2,0
837,303.089,2,2,0
838,141.681,72.6269,2,0
839,339.468,138.755,2,0
840,234.231,60.5653,2,0
841,14.6673,127.193,2,0
842,42.5375,185.29,2,0
843,372.821,97.4287,2,0
844,143.507,91.2586,2,0
845,87.7095,237.007,2,0
846,418.75,259.157,2,0
847,463.468,152.343,2,0
848,296.21,102.961,2,0
849,83.21,157.823,2,0
850,593.573,257.132,2,0
851,564.948,91.3244,2,0
852,257.686,130.121,2,0
853,284.104,192.395,2,0
854,49.85,38.2802,2,0
855,249.644,65.1677,2,0
856,373.294,241.511,2,0
857,465.323,234.135,2,0
858,210.798,99.3578,2,0
859,328.444,259.985,2,0
860,72.3008,226.084,2,0
861,298.419,64.5259,2,0
862,389.727,274.21,2,0
863,171.623,142.636,2,0
864,15.2878,144.976,2,0
865,279.625,29.5131,2,0
866,29.6333,250.727,2,0
867,293.412,96.343,2,0
868,573.754,51.6205,2,0
869,442.023,248.3,2,0
870,359.495,291.023,2,0
871,551.182,185.716,2,0
872,85.5912,298,2,0
873,516.822,42.8799,2,0
874,149.676,27.7906,2,0
875,56.7547,204.646,2,0
876,479.046,238.368,2,0
877,247.781,2,2,0
878,217.418,222.463,2,0
879,238.681,152.28,2,0
880,413.391,179.768,2,0
881,36.813,290.563,2,0
882,537.86,109.329,2,0
883,556.68,46.9991,2,0
884,301.441,37.0482,2,0
885,429.111,79.8227,2,0
886,156.41,41.3234,2,0
887,6.90694,119.221,2,0
888,5.5143,245.47,2,0
889,440.099,74.9585,2,0
890,481.9,267.851,2,0
891,257.706,215.558,2,0
892,376.796,123.227,2,0
893,77.2679,220.707,2,0
894,508.675,50.1974,2,0
895,46.6518,240.313,2,0
896,458.964,135.681,2,0
897,312.218,63.3973,2,0
898,312.658,169.737,2,0
899,160.107,134.249,2,0
900,585.796,266.271,2,0
901,514.307,170.862,2,0
902,573.169,84.484,2,0
903,449.173,291.379,2,0
904,134.972,74.9599,2,0
905,73.364,35.7565,2,0
906,51.2498,226.284,2,0
907,194.402,207.952,2,0
908,327.92,170.672,2,0
909,573.568,199.425,2,0
910,522.474,85.801,2,0
911,39.6203,59.5539,2,0
912,193.964,86.9259,2,0
913,114.953,40.9225,2,0
914,459.902,267.437,2,0
915,511.511,298,2,0
916,146.268,163.731,2,0
917,392.09,28.584,2,0
918,186.916,270.461,2,0
919,12.7813,290.857,2,0
920,193.064,261.885,2,0
921,534.019,80.1038,2,0
922,577.183,259.692,2,0
923,28.8343,132.835,2,0
924,73.3444,150.276,2,0
925,27.9856,17.1578,2,0
926,263.807,105.252,2,0
927,407.001,206.33,2,0
928,150.494,89.4987,2,0
929,107.298,52.2261,2,0
930,61.8506,225.883,2,0
931,581.645,227.986,2,0
932,551.442,175.39,2,0
933,133.226,211.026,2,0
934,417.114,284.741,2,0
935,51.3718,155.43,2,0
936,201.719,272.162,2,0
937,20.9527,290.83,2,0
938,28.6356,183.046,2,0
939,567.151,80.8335,2,0
940,8.23829,254.52,2,0
941,222.099,51.9747,2,0
942,551.763,22.3271,2,0
943,97.7537,32.2769,2,0
944,535.301,37.8621,2,0
945,509.258,219.652,2,0
946,62.5324,5.58106,2,0
947,155.49,261.335,2,0
948,292.123,279.518,2,0
949,180.314,244.174,2,0
950,229.199,246.289,2,0
951,580.217,148.874,2,0
952,251.45,155.076,2,0
953,85.9205,164.414,2,0
954,191.302,80.2404,2,0
955,231.545,119.557,2,0
956,27.6592,105.019,2,0
957,446.865,80.4825,2,0
958,3.09005,49.5887,2,0
959,324.958,136.597,2,0
960,60.2752,33.3323,2,0
961,407.027,13.3322,2,0
962,506.368,290.405,2,0
963,33.2761,193.063,2,0
964,485.041,168.797,2,0
965,444.547,98.8137,2,0
966,345.887,170.542,2,0
967,63.4335,142.482,2,0
968,96.2315,10.1223,2,0
969,181.346,148.331,2,0
970,36.1132,39.7693,2,0
971,544.437,8.54887,2,0
972,245.281,185.173,2,0
973,502.162,77.1662,2,0
974,215.593,16.5835,2,0
975,201.179,47.3627,2,0
976,268.825,258.303,2,0
977,179.27,225.473,2,0
978,130.683,184.238,2,0
979,291.329,241.662,2,0
980,47.0471,113.457,2,0
981,289.105,298,2,0
982,423.939,282.931,2,0
983,286.832,44.923,2,0
984,518.072,281.25,2,0
985,467.434,166.263,2,0
986,103.109,203.127,2,0
987,548.594,77.0771,2,0
988,406.333,286.434,2,0
989,488.616,290.946,2,0
990,103.076,64.1468,2,0
991,126.008,148.327,2,0
992,74.889,17.4044,2,0
993,222.961,124.446,2,0
994,184.104,57.7696,2,0
995,481.998,2,2,0
996,544.775,78.5751,2,0
997,172.24,135.368,2,0
998,484.461,104.523,2,0
999,260.108,223.379,2,0
1000,265.764,108.778,2,0
1001,514.872,2,2,0
1002,197.647,22.1667,2,0
1003,295.732,121.181,2,0
1004,521.536,102.291,2,0
1005,247.59,49.5398,2,0
1006,571.412,16.0363,2,0
1007,35.5222,81.4936,2,0
1008,52.2172,218.22,2,0
1009,122.363,59.6524,2,0
1010,404.963,63.6337,2,0
1011,155.336,140.748,2,0
1012,225.709,212.179,2,0
1013,500.226,12.6106,2,0
1014,332.245,109.581,2,0
1015,278.982,145.744,2,0
1016,300.361,161.45,2,0
1017,355.439,27.5921,2,0
1018,78.0441,50.1902,2,0
1019,94.5565,276.956,2,0
1020,118.526,82.8436,2,0
1021,309.838,207.29,2,0
1022,103.241,140.717,2,0
1023,293.36,261.294,2,0
1024,371.797,55.7536,2,0
1025,511.381,168.027,2,0
1026,377.921,40.29,2,0
1027,152.534,200.991,2,0
1028,115.907,255.137,2,0
1029,29.7485,281.47,2,0
1030,479.045,46.2556,2,0
1031,533.753,264.532,2,0
1032,459.965,286.737,2,0
1033,99.5706,248.139,2,0
1034,240.922,93.6108,2,0
1035,387.122,295.505,2,0
1036,400.3,235.492,2,0
1037,311.63,162.77,2,0
1038,463.368,44.1545,2,0
1039,174.436,211.436,2,0
1040,313.48,91.2954,2,0
1041,596.21,163.657,2,0
1042,559.019,125.908,2,0
1043,32.6782,298,2,0
1044,216.714,164.426,2,0
1045,527.032,254.711,2,0
1046,126.586,288.211,2,0
1047,377.617,172.701,2,0
1048,35.0571,76.9943,2,0
1049,330.286,192.077,2,0
1050,189.812,100.225,2,0
1051,193.751,15.0763,2,0
1052,127.206,169.81,2,0
1053,280.775,20.1395,2,0
1054,171.098,227.187,2,0
1055,560.714,105.367,2,0
1056,107.025,139.314,2,0
1057,351.166,120.158,2,0
1058,267.988,225.015,2,0
1059,131.645,154.171,2,0
1060,476.734,193.655,2,0
1061,536.705,94.7696,2,0
1062,353.003,57.9107,2,0
1063,580.136,56.8084,2,0
1064,319.531,2,2,0
1065,121.206,197.38,2,0
1066,230.792,20.9044,2,0
1067,406.874,171.21,2,0
1068,173.555,169.596,2,0
1069,343.444,283.101,2,0
1070,150.854,130.447,2,0
1071,483.739,260.245,2,0
1072,433.795,14.0098,2,0
1073,316.975,226.724,2,0
1074,480.612,144.207,2,0
1075,140.085,176.285,2,0
1076,591.47,5.54287,2,0
1077,540.337,228.56,2,0
1078,416.758,250.664,2,0
1079,59.797,242.535,2,0
1080,456.773,260.129,2,0
1081,264.888,2,2,0
1082,579.87,81.3248,2,0
1083,194.892,269.666,2,0
1084,376.823,97.9851,2,0
1085,385.646,273.845,2,0
1086,331.293,231.493,2,0
1087,240.307,77.5318,2,0
1088,195.386,216.664,2,0
1089,321.945,252.132,2,0
1090,181.959,162.843,2,0
1091,547.676,98.3519,2,0
1092,162.491,48.8311,2,0
1093,366.271,12.7779,2,0
1094,534.504,181.43,2,0
1095,565.663,15.7969,2,0
1096,130.301,147.405,2,0
1097,336.901,294.47,2,0
1098,132.801,273.056,2,0
1099,544.312,228.068,2,0
1100,356.845,244.575,2,0
1101,452.077,224.974,2,0
1102,450.941,30.0391,2,0
1103,418.884,277.954,2,0
1104,512.926,24.261,2,0
1105,26.8434,148.634,2,0
1106,575.92,142.625,2,0
1107,375.85,198.845,2,0
1108,177.642,182.721,2,0
1109,81.7634,245.936,2,0
1110,269.151,275.38,2,0
1111,369.347,249.93,2,0
1112,115.253,269.467,2,0
1113,352.406,229.718,2,0
1114,439.816,145.507,2,0
1115,193.428,243.309,2,0
1116,392.116,40.5553,2,0
1117,464.581,226.168,2,0
1118,466.371,249.223,2,0
1119,515.967,149.897,2,0
1120,199.772,18.5569,2,0
1121,455.906,57.4792,2,0
1122,4.59032,2,2,0
1123,253.645,226.652,2,0
1124,482.664,287.141,2,0
1125,569.743,40.1681,2,0
1126,475.252,44.2331,2,0
1127,191.131,58.2767,2,0
1128,273.614,150.323,2,0
1129,250.088,171.245,2,0
1130,180.528,221.492,2,0
1131,143.659,42.7324,2,0
1132,179.479,26.8062,2,0
1133,274.135,182.333,2,0
1134,159.509,199.261,2,0
1135,136.348,67.9156,2,0
1136,283.372,100.866,2,0
1137,507.051,103.929,2,0
1138,572.873,207.498,2,0
1139,570.279,250.815,2,0
1140,195.839,11.5291,2,0
1141,472.451,256.714,2,0
1142,51.7827,128.116,2,0
1143,307.787,87.0715,2,0
1144,347.998,122.784,2,0
1145,220.186,44.1398,2,0
1146,372.14,272.748,2,0
1147,428.989,269.121,2,0
1148,388.869,158.733,2,0
1149,445.042,47.8804,2,0
1150,313.218,55.9575,2,0
1151,581.655,77.6425,2,0
1152,135.829,5.66566,2,0
1153,185.374,23.2947,2,0
1154,245.405,118.161,2,0
1155,412.936,72.5437,2,0
1156,133.67,60.2126,2,0
1157,445.116,138.023,2,0
1158,94.1042,103.587,2,0
1159,367.454,97.1517,2,0
1160,569.604,70.1795,2,0
1161,158.921,157.223,2,0
1162,96.5483,36.6088,2,0
1163,592.801,239.35,2,0
1164,247.521,242.506,2,0
1165,574.781,232.292,2,0
1166,529.02,195,2,0
1167,126.886,120.034,2,0
1168,548.168,220.911,2,0
1169,153.599,2,2,0
1170,72.8174,154.425,2,0
1171,144.629,152.791,2,0
1172,540.729,149.603,2,0
1173,217.728,180.611,2,0
1174,475.028,201.46,2,0
1175,552.931,235.515,2,0
1176,401.483,265.069,2,0
1177,266.89,97.6521,2,0
1178,411.014,144.686,2,0
1179,28.8752,101.068,2,0
1180,157.369,276.138,2,0
1181,584.247,298,2,0
1182,21.1101,186.005,2,0
1183,64.7936,52.9791,2,0
1184,212.702,263.397,2,0
1185,134.354,173.11,2,0
1186,7.29237,184.186,2,0
1187,305.663,135.088,2,0
1188,13.2404,86.559,2,0
1189,348.394,107.15,2,0
1190,265.478,239.426,2,0
1191,46.4491,81.583,2,0
1192,312.62,76.1147,2,0
1193,138,200.321,2,0
1194,452.191,285.05,2,0
1195,87.8878,148.178,2,0
1196,237.333,74.4157,2,0
1197,187.047,157.494,2,0
1198,127.647,216.921,2,0
1199,208.1,291.281,2,0
1200,406.936,133.931,2,0
1201,571.774,137.868,2,0
1202,174.734,237.416,2,0
1203,147.05,77.4031,2,0
1204,22.5668,24.9756,2,0
1205,179.622,15.6233,2,0
1206,3.77406,92.9342,2,0
1207,204.587,197.029,2,0
1208,260.238,234.717,2,0
1209,59.2251,238.556,2,0
1210,25.8647,108.731,2,0
1211,105.802,174.999,2,0
1212,50.3448,163.755,2,0
1213,504.657,242.706,2,0
1214,316.472,74.782,2,0
1215,491.922,197.828,2,0
1216,295.042,177.721,2,0
1217,125.193,245.342,2,0
1218,511.009,283.765,2,0
1219,439.404,175.088,2,0
1220,371.284,285.324,2,0
1221,215.172,38.0552,2,0
1222,99.3703,259.552,2,0
1223,114.021,194.418,2,0
1224,43.3686,162.796,2,0
1225,121.653,22.9152,2,0
1226,152.774,298,2,0
1227,531.553,298,2,0
1228,298.081,125.006,2,0
1229,539.463,25.3387,2,0
1230,559.934,58.4859,2,0
1231,41.3099,131.795,2,0
1232,285.038,290.924,2,0
1233,28.3269,45.0687,2,0
1234,16.1152,10.9975,2,0
1235,23.9307,43.5364,2,0
1236,343.225,290.232,2,0
1237,588.086,58.2501,2,0
1238,33.3992,54.744,2,0
1239,507.609,36.086,2,0
1240,565.836,275.72,2,0
1241,376.171,101.902,2,0
1242,471.695,59.8666,2,0
1243,46.5399,58.1352,2,0
1244,227.922,283.685,2,0
1245,28.541,254.61,2,0
1246,178.647,92.9108,2,0
1247,288.615,194.063,2,0
1248,420.879,185.57,2,0
1249,237.604,29.5898,2,0
1250,591.415,66.1902,2,0
1251,528.559,98.8462,2,0
1252,504.309,12.7185,2,0
1253,207.469,9.44564,2,0
1254,131.553,56.6602,2,0
1255,209.705,179.211,2,0
1256,164.521,272.839,2,0
1257,251.013,194.587,2,0
1258,568.127,290.946,2,0
1259,295.364,53.9258,2,0
1260,549.515,208.412,2,0
1261,251.115,84.4588,2,0
1262,516.068,134.874,2,0
1263,73.1998,262.84,2,0
1264,429.293,107.112,2,0
1265,388.626,239.119,2,0
1266,150.952,267.986,2,0
1267,35.2887,17.7743,2,0
1268,454.976,134.659,2,0
1269,473.091,63.6627,2,0
1270,283.673,237.572,2,0
1271,484.294,52.3105,2,0
1272,393.087,103.427,2,0
1273,107.441,287.038,2,0
1274,501.853,110.132,2,0
1275,365.607,247.996,2,0
1276,424.534,170.228,2,0
1277,536.427,227.406,2,0
1278,133.436,190.774,2,0
1279,400.808,294.331,2,0
1280,40.2299,97.0941,2,0
1281,467.753,50.4346,2,0
1282,298.864,199.227,2,0
1283,201.773,235.802,2,0
1284,312.418,287.628,2,0
1285,98.0669,183.225,2,0
1286,109.757,66.4123,2,0
1287,114.46,242.618,2,0
1288,122.002,101.321,2,0
1289,562.316,23.0129,2,0
1290,22.4969,106.5,2,0
1291,90.1666,158.778,2,0
1292,509.384,100.649,2,0
1293,319.172,106.894,2,0
1294,93.1682,280.776,2,0
1295,309.196,177.753,2,0
1296,398.886,124.383,2,0
1297,540.286,8.07606,2,0
1298,502.029,36.1584,2,0
1299,409.169,16.7189,2,0
1300,499.329,237.961,2,0
1301,78.4866,171.437,2,0
1302,27.3358,41.126,2,0
1303,555.087,5.44624,2,0
1304,435.346,30.2199,2,0
1305,173.488,265.011,2,0
1306,412.717,47.3731,2,0
1307,89.4452,97.6039,2,0
1308,492.354,298,2,0
1309,426.785,193.302,2,0
1310,349.991,183.494,2,0
1311,580.277,204.075,2,0
1312,581.707,31.4743,2,0
1313,429.343,196.549,2,0
1314,234.121,294.292,2,0
1315,213.743,179.472,2,0
1316,459.518,101.976,2,0
1317,116.9,294.514,2,0
1318,596.605,266.201,2,0
1319,599.359,22.0143,2,0
1320,134.649,109.228,2,0
1321,451.932,126.926,2,0
1322,416.899,33.6017,2,0
1323,335.175,101.925,2,0
1324,305.069,189.305,2,0
1325,151.029,9.58379,2,0
1326,26.5202,129.499,2,0
1327,470.305,118.398,2,0
1328,588.157,298,2,0
1329,287.353,123.006,2,0
1330,288.047,21.8305,2,0
1331,476.07,174.825,2,0
1332,277.184,179.672,2,0
1333,278.842,76.8597,2,0
1334,11.1068,182.759,2,0
1335,146.861,115.413,2,0
1336,295.933,2,2,0
1337,510.502,179.471,2,0
1338,581.698,106.489,2,0
1339,543.411,24.5641,2,0
1340,80.6479,53.239,2,0
1341,573.149,240.175,2,0
1342,189.63,250.447,2,0
1343,337.189,177.377,2,0
1344,496.643,241.176,2,0
1345,557.794,227.88,2,0
1346,81.5913,98.4929,2,0
1347,117.514,8.89434,2,0
1348,84.1449,149.728,2,0
1349,597.521,132.73,2,0
1350,531.623,65.3153,2,0
1351,65.2743,23.6424,2,0
1352,448.509,73.1379,2,0
1353,179.965,2,2,0
1354,69.8736,270.423,2,0
1355,415.93,262.031,2,0
1356,371.185,160.113,2,0
1357,481.481,55.3271,2,0
1358,574.894,62.9377,2,0
1359,472.149,275.735,2,0
1360,545.569,256.067,2,0
1361,120.233,145.725,2,0
1362,514.139,237.367,2,0
1363,576.918,151.79,2,0
1364,317.718,230.723,2,0
1365,183.959,62.0599,2,0
1366,501.461,122.373,2,0
1367,141.859,201.438,2,0
1368,156.613,70.9775,2,0
1369,70.3542,75.3333,2,0
1370,33.2876,159.123,2,0
1371,20.4096,61.3128,2,0
1372,428.42,164.316,2,0
1373,158.316,63.703,2,0
1374,310.551,109.143,2,0
1375,552.982,9.10687,2,0
1376,92.8977,270.812,2,0
1377,34.0306,68.9663,2,0
1378,493.078,33.9618,2,0
1379,577.927,99.3891,2,0
1380,497.548,20.1192,2,0
1381,103.013,236.03,2,0
1382,65.9455,180.31,2,0
1383,25.5917,264.929,2,0
1384,275.652,2,2,0
1385,293.785,193.851,2,0
1386,152.009,138.342,2,0
1387,104.145,79.2658,2,0
1388,364.03,243.158,2,0
1389,58.464,183.368,2,0
1390,465.618,2,2,0
1391,14.0485,14.561,2,0
1392,574.2,262.385,2,0
1393,173.608,284.282,2,0
1394,557.001,43.051,2,0
1395,475.086,93.3996,2,0
1396,292.908,82.2158,2,0
1397,243.856,90.8194,2,0
1398,31.2751,122.883,2,0
1399,501.123,118.346,2,0
1400,149.529,252.247,2,0
1401,493.517,277.066,2,0
1402,566.746,155.26,2,0
1403,522.481,89.822,2,0
1404,116.71,182.775,2,0
1405,455.919,234.997,2,0
1406,372.127,189.766,2,0
1407,496.314,251.971,2,0
1408,173.885,139.035,2,0
1409,222.269,271.107,2,0
1410,554.793,273.376,2,0
1411,516.837,49.5426,2,0
1412,99.8104,138.453,2,0
1413,461.785,132.602,2,0
1414,527.448,233.184,2,0
1415,419.758,51.3739,2,0
1416,563.935,298,2,0
1417,540.886,21.5395,2,0
1418,547.012,37.8898,2,0
1419,32.8849,278.958,2,0
1420,234.592,98.759,2,0
1421,219.776,141.788,2,0
1422,524.316,257.692,2,0
1423,159.534,279.588,2,0
1424,419.314,132.053,2,0
1425,468.149,61.8459,2,0
1426,528.565,247.941,2,0
1427,344.674,222.202,2,0
1428,275.592,253.759,2,0
1429,49.4469,124.76,2,0
1430,310.254,298,2,0
1431,455.337,183.796,2,0
1432,105.809,218.281,2,0
1433,77.115,26.0717,2,0
1434,39.6025,287.527,2,0
1435,503.143,187.54,2,0
1436,550.947,268.375,2,0
1437,37.146,243.109,2,0
1438,429.754,73.2912,2,0
1439,456.295,290.873,2,0
1440,580.47,38.3689,2,0
1441,368.569,278.801,2,0
1442,306.644,18.5715,2,0
1443,168.158,130.866,2,0
1444,53.1048,298,2,0
1445,339.446,243.075,2,0
1446,55.459,220.711,2,0
1447,310.95,29.5574,2,0
1448,110.128,13.0759,2,0
1449,588.44,39.8669,2,0
1450,82.5118,268.442,2,0
1451,15.9373,241.635,2,0
1452,380.513,17.0373,2,0
1453,194.775,129.056,2,0
1454,337.679,27.9757,2,0
1455,385.569,232.088,2,0
1456,15.4794,59.9477,2,0
1457,575.324,80.9408,2,0
1458,249.088,40.2802,2,0
1459,303.133,153.741,2,0
1460,489.072,58.9603,2,0
1461,291.688,140.385,2,0
1462,21.9143,50.2665,2,0
1463,577.163,241.165,2,0
1464,42.4525,34.9536,2,0
1465,425.29,141.637,2,0
1466,266.445,115.968,2,0
1467,338.352,230.962,2,0
1468,450.819,88.5321,2,0
1469,213.869,118.148,2,0
1470,363.114,50.7753,2,0
1471,529.775,265.432,2,0
1472,549.412,55.567,2,0
1473,527.559,71.3614,2,0
1474,36.9087,247.126,2,0
1475,24.8559,184.491,2,0
1476,584.288,80.7598,2,0
1477,348.068,57.2359,2,0
1478,167.622,187.126,2,0
1479,416.987,177.911,2,0
1480,356.172,231.548,2,0
1481,153.594,101.269,2,0
1482,569.718,176.714,2,0
1483,587.13,35.8847,2,0
1484,274.314,158.428,2,0
1485,2.35828,226.609,2,0
1486,84.394,282.765,2,0
1487,236.409,210.045,2,0
1488,247.21,160.731,2,0
1489,424.915,286.82,2,0
1490,203.662,117.617,2,0
1491,501.877,161.747,2,0
1492,222.695,205.082,2,0
1493,480.356,70.0852,2,0
1494,528.823,269.389,2,0
1495,467.884,125.494,2,0
1496,502.688,129.147,2,0
1497,556.18,68.8797,2,0
1498,551.344,74.0816,2,0
1499,202.534,150.972,2,0
1500,172.819,127.179,2,0
1501,514.489,16.3328,2,0
1502,397.926,181.982,2,0
1503,531.882,124.407,2,0
1504,491.305,37.6082,2,0
1505,20.1953,41.9482,2,0
1506,299.058,72.5864,2,0
1507,421.665,5.90609,2,0
1508,262.147,31.0588,2,0
1509,200.089,298,2,0
1510,79.9021,122.368,2,0
1511,85.1791,219.203,2,0
1512,234.96,125.143,2,0
1513,406.279,2,2,0
1514,291.822,20.4004,2,0
1515,370.988,164.204,2,0
1516,220.482,101.055,2,0
1517,460.475,290.777,2,0
1518,386.39,286.759,2,0
1519,531.581,27.3702,2,0
1520,589.863,54.5781,2,0
1521,261.704,79.3964,2,0
1522,354.879,182.709,2,0
1523,77.948,216.613,2,0
1524,368.588,274.719,2,0
1525,220.277,83.7394,2,0
1526,108.584,177.931,2,0
1527,353.754,276.739,2,0
1528,392.632,229.961,2,0
1529,217.594,12.5083,2,0
1530,589.641,267.535,2,0
1531,591.944,230.012,2,0
1532,104.742,298,2,0
1533,412.13,198.827,2,0
1534,366.871,49.2215,2,0
1535,246.49,6.55288,2,0
1536,20.5977,298,2,0
1537,231.826,179.873,2,0
1538,55.5944,8.34899,2,0
1539,204.32,173.95,2,0
1540,64.635,228.766,2,0
1541,92.2285,284.782,2,0
1542,308.371,26.4846,2,0
1543,403.79,240.28,2,0
1544,100.596,50.1706,2,0
1545,305.719,7.45523,2,0
1546,7.35965,90.9488,2,0
1547,146.287,238.957,2,0
1548,106.226,214.271,2,0
1549,565.488,57.7022,2,0
1550,536.386,120.12,2,0
1551,35.1767,13.5572,2,0
1552,236.428,192.272,2,0
1553,295.41,294.68,2,0
1554,246.029,72.6468,2,0
1555,276.557,32.2042,2,0
1556,457.644,2,2,0
1557,439.172,259.641,2,0
1558,435.12,234.939,2,0
1559,93.7556,16.9565,2,0
1560,208.548,112.354,2,0
1561,427.546,62.9604,2,0
1562,268.994,81.4439,2,0
1563,5.00158,87.6346,2,0
1564,138.537,108.002,2,0
1565,232.314,131.421,2,0
1566,158.629,210.27,2,0
1567,497.81,111.067,2,0
1568,476.677,130.588,2,0
1569,283.601,61.442,2,0
1570,291.432,221.312,2,0
1571,372.925,121.604,2,0
1572,528.631,202.487,2,0
1573,249.82,122.879,2,0
1574,477.101,142.089,2,0
1575,191.592,170.474,2,0
1576,116.956,118.196,2,0
1577,588.361,121.367,2,0
1578,428.601,32.8107,2,0
1579,452.028,101.958,2,0
1580,532.971,5.59461,2,0
1581,480.989,117.334,2,0
1582,132.984,247.775,2,0
1583,186.91,226.307,2,0
1584,39.2288,13.6788,2,0
1585,83.7996,294.355,2,0
1586,368.369,266.053,2,0
1587,599.219,278.102,2,0
1588,331.21,162.92,2,0
1589,70.9223,215.072,2,0
1590,571.255,265.209,2,0
1591,299.021,132.155,2,0
1592,548.874,138.506,2,0
1593,494.55,233.521,2,0
1594,334.78,206.204,2,0
1595,146.895,191.803,2,0
1596,231.724,29.0123,2,0
1597,333.843,105.75,2,0
1598,353.981,258.476,2,0
1599,356.576,157.782,2,0
1600,548.994,59.6629,2,0
1601,299.581,105.141,2,0
1602,522.978,180.017,2,0
1603,575.134,109.642,2,0
1604,17.4297,154.652,2,0
1605,341.691,28.0558,2,0
1606,489,80.948,2,0
1607,221.845,287.22,2,0
1608,316.316,99.0365,2,0
1609,90.1229,288.201,2,0
1610,14.2686,208.773,2,0
1611,430.146,55.5873,2,0
1612,401.271,281.257,2,0
1613,541.74,102.04,2,0
1614,474.601,206.287,2,0
1615,108.458,44.2253,2,0
1616,477.958,32.6756,2,0
1617,67.3195,92.7285,2,0
1618,281.365,248.135,2,0
1619,574.465,244.293,2,0
1620,81.1881,185.786,2,0
1621,273.328,45.8379,2,0
1622,556.384,112.238,2,0
1623,431.993,110.158,2,0
1624,416.151,13.3606,2,0
1625,332.775,277.334,2,0
1626,228.492,75.7946,2,0
1627,462.904,247.05,2,0
1628,336.289,141.229,2,0
1629,177.258,23.2016,2,0
1630,393.902,267.998,2,0
1631,155.802,5.51295,2,0
1632,198.853,50.6432,2,0
1633,590.404,294.381,2,0
1634,449.606,256.385,2,0
1635,596.091,81.4654,2,0
1636,459.117,278.437,2,0
1637,4.7238,32.1337,2,0
1638,205.352,294.192,2,0
1639,44.0902,256.418,2,0
1640,230.493,7.59646,2,0
1641,515.99,80.9052,2,0
1642,27.9506,187.04,2,0
1643,226.831,249.597,2,0
1644,409.373,185.693,2,0
1645,446.586,235.484,2,0
1646,137.738,9.28461,2,0
1647,250.423,273.239,2,0
1648,19.3677,67.0111,2,0
1649,80.1875,189.728,2,0
1650,298.205,29.6127,2,0
1651,564.153,283.785,2,0
1652,551.876,290.725,2,0
1653,196.115,37.0682,2,0
1654,165.707,54.0655,2,0
1655,254.428,90.264,2,0
1656,180.493,59.6889,2,0
1657,583.782,150.812,2,0
1658,198.478,93.3537,2,0
1659,520.135,208.519,2,0
1660,138.823,112.728,2,0
1661,250.988,163.157,2,0
1662,298.727,255.03,2,0
1663,283.312,221.675,2,0
1664,350.325,29.848,2,0
1665,548.728,192.973,2,0
1666,304.373,249.021,2,0
1667,490.495,269.457,2,0
1668,8.2418,20.6232,2,0
1669,79.954,253.817,2,0
1670,172.953,298,2,0
1671,324.059,223.303,2,0
1672,179.824,128.24,2,0
1673,359.389,98.3869,2,0
1674,469.693,2,2,0
1675,123.497,33.9998,2,0
1676,200.183,30.2687,2,0
1677,510.991,53.5239,2,0
1678,44.6197,28.1111,2,0
1679,337.825,184.317,2,0
1680,74.8508,206.094,2,0
1681,271.123,185.132,2,0
1682,139.83,5.73274,2,0
1683,351.735,221.654,2,0
1684,335.358,237.308,2,0
1685,102.758,5.87558,2,0
1686,585.385,225.085,2,0
1687,327.471,109.662,2,0
1688,153.091,146.182,2,0
1689,264.405,172.806,2,0
1690,125.363,78.9945,2,0
1691,596.412,204.545,2,0
1692,36.678,272.726,2,0
1693,357.045,193.534,2,0
1694,59.0827,10.4119,2,0
1695,117.978,2,2,0
1696,524.306,68.857,2,0
1697,274.612,9.4369,2,0
1698,210.299,190.718,2,0
1699,365.887,251.997,2,0
1700,161.837,177.477,2,0
1701,238.024,80.9114,2,0
1702,590.658,150.017,2,0
1703,323.64,280.937,2,0
1704,428.164,211.241,2,0
1705,541.232,76.3851,2,0
1706,25.5112,83.7294,2,0
1707,219.86,97.0734,2,0
1708,466.86,286.101,2,0
1709,265.1,276.224,2,0
1710,12.3302,134.705,2,0
1711,460.737,163.992,2,0
1712,291.023,63.7357,2,0
1713,76.3429,124.316,2,0
1714,422.675,260.217,2,0
1715,29.1433,49.0696,2,0
1716,251.534,50.8569,2,0
1717,521.497,260.619,2,0
1718,230.146,82.6514,2,0
1719,520.824,66.8521,2,0
1720,596.438,41.2232,2,0
1721,263.068,36.31,2,0
1722,273.012,276.38,2,0
1723,357.325,161.766,2,0
1724,566.494,198.731,2,0
1725,510.408,138.967,2,0
1726,1.91924,203.848,2,0
1727,175.968,218.337,2,0
1728,334.387,191.733,2,0
1729,21.396,193.999,2,0
1730,338.41,161.897,2,0
1731,273.607,229.699,2,0
1732,592.49,161.998,2,0
1733,163.08,228.419,2,0
1734,536.622,193.492,2,0
1735,589.543,257.594,2,0
1736,443.934,193.363,2,0
1737,34.1558,96.35,2,0
1738,550.018,108.901,2,0
1739,134.508,85.2317,2,0
1740,44.5409,217.291,2,0
1741,473.133,246.53,2,0
1742,220.774,149.921,2,0
1743,343.255,278.937,2,0
1744,538.103,60.6471,2,0
1745,103.535,247.124,2,0
1746,520.005,134.117,2,0
1747,580.094,95.931,2,0
1748,444.632,102.938,2,0
1749,172,97.3373,2,0
1750,497.81,65.4916,2,0
1751,487.1,257.793,2,0
1752,483.242,111.366,2,0
1753,84.1681,190.225,2,0
1754,415.299,273.019,2,0
1755,241.761,214.335,2,0
1756,201.274,294.104,2,0
1757,51.6572,178.399,2,0
1758,10.6644,12.5009,2,0
1759,585.454,9.13535,2,0
1760,325.107,70.8778,2,0
1761,265.946,156.619,2,0
1762,221.917,109.091,2,0
1763,250.817,139.058,2,0
1764,415.005,96.2323,2,0
1765,347.172,198.032,2,0
1766,540.931,145.597,2,0
1767,499.047,184.516,2,0
1768,30.4691,57.5971,2,0
1769,85.2832,111.965,2,0
1770,102.912,177.909,2,0
1771,432.415,145.782,2,0
1772,390.741,265.459,2,0
1773,548.928,234.703,2,0
1774,183.242,159.016,2,0
1775,64.0464,19.4706,2,0
1776,503.587,213.874,2,0
1777,402.316,2,2,0
1778,577.278,9.01752,2,0
1779,492.394,253.286,2,0
1780,101.027,244.004,2,0
1781,283.148,43.1223,2,0
1782,515.528,97.9824,2,0
1783,483.997,186.407,2,0
1784,184.718,123.71,2,0
1785,375.07,283.877,2,0
1786,102.541,40.4074,2,0
1787,217.742,277.797,2,0
1788,270.77,294.433,2,0
1789,271.541,200.311,2,0
1790,545.815,294.438,2,0
1791,175.511,37.331,2,0
1792,471.793,12.6649,2,0
1793,435.382,200.214,2,0
1794,276.981,298,2,0
1795,363.149,63.0226,2,0
1796,265.396,57.7778,2,0
1797,452.725,275.349,2,0
1798,421.063,285.71,2,0
1799,486.008,2,2,0
1800,514.909,88.9276,2,0
1801,449.667,232.782,2,0
1802,264.842,22.1994,2,0
1803,480.051,234.437,2,0
1804,12.1654,138.816,2,0
1805,374.707,21.2541,2,0
1806,166.956,294.46,2,0
1807,479.909,12.5863,2,0
1808,79.7833,293.318,2,0
1809,501.679,96.2875,2,0
1810,186.669,190.087,2,0
1811,581.544,161.672,2,0
1812,218.482,191.382,2,0
1813,544.611,82.6701,2,0
1814,362.917,147.622,2,0
1815,146.443,260.449,2,0
1816,355.195,50.1596,2,0
1817,143.143,133.801,2,0
1818,197.686,205.615,2,0
1819,130.228,36.5342,2,0
1820,505.551,121.51,2,0
1821,343.421,210.098,2,0
1822,144.022,225.722,2,0
1823,494.55,182.926,2,0
1824,192.919,49.0699,2,0
1825,89.9788,229.101,2,0
1826,592.403,51.4449,2,0
1827,19.1253,79.0981,2,0
1828,281.723,127.284,2,0
1829,577.909,124.171,2,0
1830,235.023,228.291,2,0
1831,170.423,167.008,2,0
1832,299.045,229.034,2,0
1833,35.95,58.0482,2,0
1834,519.746,158.328,2,0
1835,217.634,247.978,2,0
1836,391.566,176.882,2,0
1837,384.881,132.502,2,0
1838,535.275,139.1,2,0
1839,362.394,124.8,2,0
1840,31.5768,19.6574,2,0
1841,58.2227,109.665,2,0
1842,369.712,294.517,2,0
1843,402.03,24.1572,2,0
1844,122.65,226.55,2,0
1845,6.63977,210.776,2,0
1846,146.382,54.9264,2,0
1847,221.072,245.712,2,0
1848,574.204,19.1254,2,0
1849,9.62925,202.008,2,0
1850,436.556,99.0047,2,0
1851,219.162,208.142,2,0
1852,592.34,283.672,2,0
1853,558.12,155.239,2,0
1854,384.379,31.4332,2,0
1855,437.933,5.95681,2,0
1856,271.268,280.088,2,0
1857,37.8444,70.4145,2,0
1858,249.558,226.301,2,0
1859,418.335,243.699,2,0
1860,584.366,121.059,2,0
1861,494.504,153.88,2,0
1862,501.963,65.1576,2,0
1863,55.3264,268.266,2,0
1864,171.045,294.426,2,0
1865,265.668,53.7325,2,0
1866,14.7838,279.084,2,0
1867,467.133,181.673,2,0
1868,457.118,187.381,2,0
1869,32.8919,60.8513,2,0
1870,183.228,294.361,2,0
1871,597.351,244.555,2,0
1872,446.114,39.7578,2,0
1873,427.845,238.553,2,0
1874,293.093,100.362,2,0
1875,410.445,152.844,2,0
1876,430.995,60.4087,2,0
1877,314.947,173.11,2,0
1878,228.463,298,2,0
1879,89.7041,47.3861,2,0
1880,170.29,108.637,2,0
1881,582.896,170.13,2,0
1882,149.264,85.5669,2,0
1883,399.568,155.21,2,0
1884,428.345,254.139,2,0
1885,546.354,116.099,2,0
1886,523.972,133.09,2,0
1887,505.714,39.8158,2,0
1888,440.104,240.556,2,0
1889,444.702,154.411,2,0
1890,288.44,129.908,2,0
1891,358.238,44.6562,2,0
1892,274.825,294.408,2,0
1893,151.727,197.001,2,0
1894,250.751,88.6129,2,0
1895,356.555,235.709,2,0
1896,310.874,265.394,2,0
1897,401.133,105.197,2,0
1898,290.877,264.879,2,0
1899,521.816,175.999,2,0
1900,58.8991,179.366,2,0
1901,167.618,280.322,2,0
1902,322.402,256.164,2,0
1903,44.506,265.237,2,0
1904,578.116,263.583,2,0
1905,552.923,131.425,2,0
1906,12.5769,257.389,2,0
1907,419.216,96.4872,2,0
1908,410.81,106.969,2,0
1909,116.885,133.011,2,0
1910,252.463,248.875,2,0
1911,173.836,257.228,2,0
1912,187.972,246.804,2,0
1913,564.168,268.428,2,0
1914,431.288,17.153,2,0
1915,105.909,238.913,2,0
1916,166.087,71.8521,2,0
1917,3.188,162.326,2,0
1918,434.943,135.409,2,0
1919,406.368,254.949,2,0
1920,524.164,140.871,2,0
1921,520.674,12.7581,2,0
1922,486.747,220.054,2,0
1923,591.857,157.976,2,0
1924,496.705,91.6738,2,0
1925,273.114,80.9639,2,0
1926,544.6,69.6363,2,0
1927,53.1793,244.617,2,0
1928,148.363,70.3198,2,0
1929,577.936,225.801,2,0
1930,17.5199,264.116,2,0
1931,547.82,290.851,2,0
1932,377.899,164.577,2,0
1933,408.048,199.365,2,0
1934,25.6668,162.008,2,0
1935,13.9483,98.3147,2,0
1936,314.602,194.622,2,0
1937,570.557,228.705,2,0
1938,245.604,181.181,2,0
1939,314.098,244.206,2,0
1940,92.3196,89.8011,2,0
1941,413.242,17.8189,2,0
1942,280.601,259.604,2,0
1943,459.595,244.783,2,0
1944,182.869,263.4,2,0
1945,41.384,267.868,2,0
1946,448.842,264.775,2,0
1947,485.666,20.0417,2,0
1948,437.85,207.743,2,0
1949,332.347,116.161,2,0
1950,179.295,19.6912,2,0
1951,318.082,245.282,2,0
1952,288.163,33.8212,2,0
1953,23.9685,17.0459,2,0
1954,473.807,9.14963,2,0
1955,109.315,89.3291,2,0
1956,96.523,167.141,2,0
1957,178.056,48.7854,2,0
1958,104.689,71.2708,2,0
1959,142.257,183.817,2,0
1960,244.988,239.246,2,0
1961,591.322,153.991,2,0
1962,569.72,152.554,2,0
1963,58.7716,223.162,2,0
1964,337.985,226.934,2,0
1965,265.351,101.475,2,0
1966,180.884,274.223,2,0
1967,536.499,33.8769,2,0
1968,538.034,44.2477,2,0
1969,578.495,181.274,2,0
1970,69.9443,83.0719,2,0
1971,523.424,106.497,2,0
1972,201.724,22.1521,2,0
1973,375.992,244.642,2,0
1974,403.376,217.61,2,0
1975,175.047,261.282,2,0
1976,324.485,85.6587,2,0
1977,120.476,153.191,2,0
1978,47.7394,25.5752,2,0
1979,290.854,216.836,2,0
1980,537.386,90.7851,2,0
1981,398.215,2,2,0
1982,58.3727,156.584,2,0
1983,490.182,84.8017,2,0
1984,412.486,59.9919,2,0
1985,594.49,85.3144,2,0
1986,430.874,208.107,2,0
1987,413.999,268.972,2,0
1988,359.865,131.478,2,0
1989,248.332,276.741,2,0
1990,460.191,190.209,2,0
1991,136.852,272.485,2,0
1992,520.14,194.693,2,0
1993,123.558,26.4994,2,0
1994,313.717,102.176,2,0
1995,11.6166,112.671,2,0
1996,199.711,226.453,2,0
1997,438.502,189.366,2,0
1998,18.5923,32.8459,2,0
1999,360.586,246.357,2,0
2000,346.546,260.315,2,0
2001,374.672,158.14,2,0
2002,64.8661,293.991,2,0
2003,355.06,109.83,2,0
2004,111.001,164.759,2,0
2005,195.134,78.8552,2,0
2006,239.456,243.571,2,0
2007,357.107,248.675,2,0
2008,459.273,240.74,2,0
2009,356.069,129.943,2,0
2010,428.678,159.993,2,0
2011,160.554,273.623,2,0
2012,142.359,2,2,0
2013,303.391,164.068,2,0
2014,424.766,196.848,2,0
2015,381.892,154.437,2,0
2016,363.759,151.642,2,0
2017,139.661,12.8519,2,0
2018,324.751,294.555,2,0
2019,405.365,80.7136,2,0
2020,118.138,52.7047,2,0
2021,332.608,195.473,2,0
2022,498.978,54.6457,2,0
2023,541.689,185.042,2,0
2024,201.772,177.057,2,0
2025,236.433,38.6747,2,0
2026,534.359,76.0468,2,0
2027,238.152,287.3,2,0
2028,419.894,100.501,2,0
2029,79.8348,75.2381,2,0
2030,368.582,262.093,2,0
2031,1.6385,107.312,2,0
2032,21.6141,95.3474,2,0
2033,527.595,138.709,2,0
2034,141.087,213.349,2,0
2035,560.767,244.432,2,0
2036,505.713,91.743,2,0
2037,548.169,112.469,2,0
2038,489.623,94.9743,2,0
2039,19.6072,239.927,2,0
2040,455.312,119.957,2,0
2041,123.673,19.391,2,0
2042,399.651,243.603,2,0
2043,214.225,224.952,2,0
2044,575.462,166.954,2,0
2045,491.413,62.3545,2,0
2046,138.142,184.114,2,0
2047,121.24,244.3,2,0
2048,169.574,266.074,2,0
2049,512.754,221.797,2,0
2050,439.965,30.4605,2,0
2051,65.8648,153.403,2,0
2052,54.5855,24.1161,2,0
2053,86.958,21.5361,2,0
2054,455.818,242.989,2,0
2055,196.425,101.453,2,0
2056,400.116,143.117,2,0
2057,463.871,77.2135,2,0
2058,349.134,85.6077,2,0
2059,277.241,261.903,2,0
2060,437.611,196.81,2,0
2061,498.275,167.979,2,0
2062,589.423,9.06385,2,0
2063,415.428,225.641,2,0
2064,92.9368,129.749,2,0
2065,228.934,133.744,2,0
2066,370.321,13.0172,2,0
2067,549.855,246.005,2,0
2068,387.86,175.366,2,0
2069,306.934,71.6109,2,0
2070,443.372,86.8671,2,0
2071,527.105,146.998,2,0
2072,50.2166,47.4449,2,0
2073,184.964,134.111,2,0
2074,254.675,157.469,2,0
2075,172.022,24.6133,2,0
2076,537.346,266.561,2,0
2077,559.948,298,2,0
2078,201.566,211.54,2,0
2079,388.412,166.899,2,0
2080,532.789,171.553,2,0
2081,204.414,201.036,2,0
2082,154.995,229.395,2,0
2083,363.21,171.039,2,0
2084,31.1119,207.151,2,0
2085,598.411,56.3225,2,0
2086,209.652,277.753,2,0
2087,510.339,75.0805,2,0
2088,576.832,15.9854,2,0
2089,373.455,256.924,2,0
2090,562.36,115.795,2,0
2091,512.179,123.978,2,0
2092,336.505,170.043,2,0
2093,195.94,232.814,2,0
2094,379.283,104.631,2,0
2095,515.17,284.036,2,0
2096,298.921,244.353,2,0
2097,216.431,265.658,2,0
2098,443.432,127.104,2,0
2099,426.067,41.4446,2,0
2100,136.512,160.665,2,0
2101,122.335,81.6195,2,0
2102,301.953,205.57,2,0
2103,96.1336,202.172,2,0
2104,255.012,153.121,2,0
2105,54.837,252.86,2,0
2106,418.852,181.592,2,0
2107,134.734,197.92,2,0
2108,492.608,241.283,2,0
2109,541.632,156.916,2,0
2110,124.15,179.436,2,0
2111,550.482,196.796,2,0
2112,413.184,294.964,2,0
2113,422.049,228.87,2,0
2114,581.335,279.87,2,0
2115,560.894,98.3145,2,0
2116,263.671,260.475,2,0
2117,246.632,102.89,2,0
2118,108.233,124.655,2,0
2119,110.637,96.3512,2,0
2120,337.35,49.7251,2,0
2121,0.427641,41.9246,2,0
2122,544.885,131.097,2,0
2123,472.252,271.678,2,0
2124,501.722,40.2312,2,0
2125,509.326,268.895,2,0
2126,288.148,112.416,2,0
2127,594.246,287.217,2,0
2128,409.613,266.92,2,0
2129,147.024,66.4824,2,0
2130,41.4165,174.929,2,0
2131,399.454,171.564,2,0
2132,534.447,62.3643,2,0
2133,61.5728,159.108,2,0
2134,465.321,113.422,2,0
2135,505.089,223.924,2,0
2136,452.912,145.23,2,0
2137,487.594,261.827,2,0
2138,147.312,92.4909,2,0
2139,16.7288,223.396,2,0
2140,77.1817,148.699,2,0
2141,184.648,201.837,2,0
2142,299.092,150.224,2,0
2143,550.464,200.837,2,0
2144,448.858,46.2232,2,0
2145,311.455,140.562,2,0
2146,437.599,272.215,2,0
2147,35.2121,206.784,2,0
2148,195.184,181.352,2,0
2149,58.5617,138.732,2,0
2150,172.011,29.0633,2,0
2151,386.144,269.813,2,0
2152,158.545,164.411,2,0
2153,237.313,110.592,2,0
2154,301.623,135.504,2,0
2155,115.021,126.327,2,0
2156,303.664,193.5,2,0
2157,206.78,120.158,2,0
2158,126.091,2,2,0
2159,552.034,66.1164,2,0
2160,381.289,255.922,2,0
2161,473.16,141.068,2,0
2162,229.869,280.101,2,0
2163,70.8515,242.85,2,0
2164,78.3907,287.18,2,0
2165,62.6949,177.676,2,0
2166,443.385,182.277,2,0
2167,67.66,72.3117,2,0
2168,200.611,114.915,2,0
2169,87.424,25.6548,2,0
2170,508.735,175.68,2,0
2171,176.72,233.199,2,0
2172,328.791,23.9932,2,0
2173,32.9142,203.416,2,0
2174,564.086,290.859,2,0
2175,322.776,61.8387,2,0
2176,240.814,48.5613,2,0
2177,585.308,132.07,2,0
2178,482.097,48.8829,2,0
2179,372.738,219.374,2,0
2180,52.1174,256.235,2,0
2181,491.774,230.632,2,0
2182,309.567,68.5021,2,0
2183,20.2854,190.135,2,0
2184,182.644,143.668,2,0
2185,276.251,142.686,2,0
2186,509.863,39.4921,2,0
2187,349.69,201.291,2,0
2188,184.614,37.9877,2,0
2189,293.503,291.137,2,0
2190,316.07,88.216,2,0
2191,147.927,6.59208,2,0
2192,360.702,159.285,2,0
2193,267.889,25.0189,2,0
2194,548.6,119.503,2,0
2195,566.219,178.735,2,0
2196,53.6344,79.7729,2,0
2197,487.218,203.364,2,0
2198,113.295,198.36,2,0
2199,222.87,112.994,2,0
2200,486.744,55.6805,2,0
2201,30.0985,200.489,2,0
2202,135.338,276.309,2,0
2203,125.06,116.297,2,0
2204,216.183,214.506,2,0
2205,109.166,30.1519,2,0
2206,298.603,225.057,2,0
2207,88.6826,247.541,2,0
2208,347.825,180.04,2,0
2209,502.112,205.656,2,0
2210,552.488,84.4009,2,0
2211,509.274,131.758,2,0
2212,490.521,124.222,2,0
2213,173.433,63.8899,2,0
2214,359.888,150.25,2,0
2215,435.884,163.553,2,0
2216,315.724,129.801,2,0
2217,40.3721,249.449,2,0
2218,441.446,178.618,2,0
2219,166.543,75.8662,2,0
2220,318.062,137.482,2,0
2221,24.3261,204.568,2,0
2222,4.40347,253.145,2,0
2223,6.52528,5.47214,2,0
2224,77.065,33.9687,2,0
2225,535.293,245.788,2,0
2226,247.104,43.7835,2,0
2227,361.46,116.673,2,0
2228,14.8906,120.296,2,0
2229,551.308,249.933,2,0
2230,550.916,47.4085,2,0
2231,514.487,9.24144,2,0
2232,174.236,200.237,2,0
2233,168.884,41.3563,2,0
2234,56.1741,235.845,2,0
2235,131.142,106.917,2,0
2236,179.661,206.655,2,0
2237,373.775,182.669,2,0
2238,332.54,73.9427,2,0
2239,516.124,255.992,2,0
2240,439.862,164.342,2,0
2241,170.568,120.311,2,0
2242,153.708,190.059,2,0
2243,400.002,273.371,2,0
2244,316.03,120.054,2,0
2245,510.537,9.2141,2,0
2246,68.8954,117.443,2,0
2247,117.911,251.569,2,0
2248,471.854,175.781,2,0
2249,451.819,21.8794,2,0
2250,124.021,200.371,2,0
2251,118.41,161.448,2,0
2252,586.486,85.9399,2,0
2253,248.547,237.387,2,0
2254,239.335,127.087,2,0
2255,584.567,277.274,2,0
2256,85.876,48.5588,2,0
2257,449.651,260.801,2,0
2258,378.171,160.366,2,0
2259,376.968,93.9121,2,0
2260,499.171,114.849,2,0
2261,286.993,93.528,2,0
2262,427.262,234.508,2,0
2263,475.75,227.605,2,0
2264,12.3019,237.513,2,0
2265,85.1588,141.774,2,0
2266,291.198,294.476,2,0
2267,183.905,216.574,2,0
2268,559.4,239.913,2,0
2269,171.06,163.008,2,0
2270,95.5137,148.763,2,0
2271,280.507,73.0715,2,0
2272,432.852,266.216,2,0
2273,559.449,20.0118,2,0
2274,394.89,204.719,2,0
2275,540.722,32.2296,2,0
2276,487.249,37.9622,2,0
2277,386.812,58.8664,2,0
2278,495.189,114.182,2,0
2279,538.041,11.557,2,0
2280,321.662,205.596,2,0
2281,394.148,222.997,2,0
2282,186.333,89.6501,2,0
2283,73.153,25.4825,2,0
2284,569.295,105.731,2,0
2285,541.449,72.3308,2,0
2286,499.442,72.9194,2,0
2287,91.1899,292.076,2,0
2288,308.255,147.947,2,0
2289,369.937,29.3321,2,0
2290,413.605,175.713,2,0
2291,173.981,230.2,2,0
2292,137.743,287.773,2,0
2293,57.7324,160.624,2,0
2294,89.9888,58.4907,2,0
2295,82.27,15.9765,2,0
2296,230.297,59.8328,2,0
2297,307.159,2,2,0
2298,205.316,59.3079,2,0
2299,399.149,41.8721,2,0
2300,258.298,32.3458,2,0
2301,105.285,90.0361,2,0
2302,212.404,280.777,2,0
2303,68.1311,35.7052,2,0
2304,341.827,184.033,2,0
2305,426.891,207.397,2,0
2306,198.898,43.9386,2,0
2307,184.334,70.7688,2,0
2308,559.03,80.5884,2,0
2309,66.2515,27.7409,2,0
2310,397.989,67.7118,2,0
2311,378.346,70.4263,2,0
2312,392.151,196.004,2,0
2313,188.169,77.7092,2,0
2314,539.658,97.7327,2,0
2315,331.244,181.405,2,0
2316,128.174,66.4936,2,0
2317,86.854,40.5685,2,0
2318,579.002,63.7517,2,0
2319,178.764,160.325,2,0
2320,300.422,248.089,2,0
2321,473.52,157.083,2,0
2322,532.823,12.6738,2,0
2323,132.699,101.631,2,0
2324,560.074,290.889,2,0
2325,514.277,208.562,2,0
2326,139.555,167.417,2,0
2327,395.592,113.178,2,0
2328,248.536,187.558,2,0
2329,384.453,74.3948,2,0
2330,571.087,43.9476,2,0
2331,518.222,169.452,2,0
2332,75.7143,38.9797,2,0
2333,208.936,186.201,2,0
2334,63.2492,30.5359,2,0
2335,141.609,286.743,2,0
2336,397.087,27.7386,2,0
2337,57.0804,245.584,2,0
2338,488.759,209.468,2,0
2339,411.148,133.143,2,0
2340,189.359,23.7138,2,0
2341,514.51,39.4443,2,0
2342,588.969,114.343,2,0
2343,594.407,294.442,2,0
2344,246.417,294.356,2,0
2345,242.376,218.294,2,0
2346,534.945,135.003,2,0
2347,577.254,197.683,2,0
2348,374.893,5.79618,2,0
2349,555.5,20.7304,2,0
2350,478.085,78.4232,2,0
2351,250.629,104.305,2,0
2352,9.86614,76.474,2,0
2353,371.228,185.77,2,0
2354,461.567,9.30129,2,0
2355,560.08,31.16,2,0
2356,232.425,298,2,0
2357,472.387,222.185,2,0
2358,336.11,245.355,2,0
2359,92.915,231.877,2,0
2360,54.9298,87.8233,2,0
2361,220.394,281.718,2,0
2362,16.3785,168.705,2,0
2363,399.732,151.162,2,0
2364,539.222,270.156,2,0
2365,95.5174,79.2724,2,0
2366,303.443,280.932,2,0
2367,366.414,228.435,2,0
2368,484.82,133.161,2,0
2369,492.747,92.3681,2,0
2370,280.337,268.025,2,0
2371,215.893,239.572,2,0
2372,580.286,298,2,0
2373,273.319,178.299,2,0
2374,464.367,89.1663,2,0
2375,89.2279,15.1405,2,0
2376,472.917,252.576,2,0
2377,354.436,270.752,2,0
2378,561.443,181.185,2,0
2379,396.242,196.494,2,0
2380,127.275,298,2,0
2381,589.369,132.353,2,0
2382,513.996,93.5215,2,0
2383,358.235,91.313,2,0
2384,418.164,188.993,2,0
2385,277.554,230.357,2,0
2386,195.884,254.514,2,0
2387,269.191,266.206,2,0
2388,349.896,240.309,2,0
2389,328.799,294.51,2,0
2390,398.221,223.822,2,0
2391,364.858,93.9435,2,0
2392,128.096,193.629,2,0
2393,11.1064,101.963,2,0
2394,298.957,265.817,2,0
2395,468.022,34.0327,2,0
2396,353.94,102.818,2,0
2397,408.789,48.2102,2,0
2398,461.085,33.2565,2,0
2399,590.287,236.232,2,0
2400,422.936,124.876,2,0
2401,112.79,298,2,0
2402,3.6831,166.299,2,0
2403,459.848,95.139,2,0
2404,578.098,221.751,2,0
2405,349.471,15.8946,2,0
2406,404.48,130.015,2,0
2407,35.004,199.986,2,0
2408,586.34,294.436,2,0
2409,483.55,255.828,2,0
2410,26.1211,94.3833,2,0
2411,110.844,54.3989,2,0
2412,119.064,298,2,0
2413,71.7179,162.467,2,0
2414,237.761,20.0588,2,0
2415,144.575,290.724,2,0
2416,428.915,98.0166,2,0
2417,228.203,145.051,2,0
2418,336.875,57.1532,2,0
2419,592.84,29.546,2,0
2420,33.2584,248.998,2,0
2421,138.773,208.404,2,0
2422,534.393,45.9519,2,0
2423,204.358,289.515,2,0
2424,50.0191,110.147,2,0
2425,462.871,136.548,2,0
2426,6.90896,286.508,2,0
2427,526.029,117.095,2,0
2428,163.52,279.916,2,0
2429,456.23,191.428,2,0
2430,72.1624,255.749,2,0
2431,211.575,9.39582,2,0
2432,400.358,120.585,2,0
2433,125.362,71.608,2,0
2434,589.834,107.062,2,0
2435,64.4487,2,2,0
2436,583.232,12.7514,2,0
2437,438.884,2,2,0
2438,511.977,135.148,2,0
2439,353.364,294.454,2,0
2440,561.757,265.132,2,0
2441,188.35,149.404,2,0
2442,5.78485,156.274,2,0
2443,249.832,215.22,2,0
2444,191.98,76.2778,2,0
2445,204.375,2,2,0
2446,306.882,265.124,2,0
2447,470.943,267.791,2,0
2448,160.398,203.276,2,0
2449,194.528,60.5948,2,0
2450,560.983,235.999,2,0
2451,133.622,71.1272,2,0
2452,436.363,76.5514,2,0
2453,276.02,190.389,2,0
2454,372.089,276.847,2,0
2455,205.604,178.654,2,0
2456,329.263,71.5444,2,0
2457,310.355,155.926,2,0
2458,569.818,201.087,2,0
2459,342.957,75.072,2,0
2460,48.3916,175.873,2,0
2461,8.60891,123.215,2,0
2462,142.251,179.802,2,0
2463,201.197,65.1669,2,0
2464,0.522134,222.981,2,0
2465,238.121,280.256,2,0
2466,311.858,236.357,2,0
2467,19.0524,247.968,2,0
2468,190.589,233.679,2,0
2469,520.526,150.78,2,0
2470,235.434,42.5623,2,0
2471,464.366,140.772,2,0
2472,478.618,287.192,2,0
2473,213.435,64.1718,2,0
2474,412.881,254.007,2,0
2475,208.472,2,2,0
2476,85.2884,186.353,2,0
2477,172.663,204.094,2,0
2478,296.023,258.186,2,0
2479,323.536,51.5022,2,0
2480,531.034,199.06,2,0
2481,411,207.065,2,0
2482,539.918,123.947,2,0
2483,352.719,75.6094,2,0
2484,530.938,183.337,2,0
2485,90.5533,267.43,2,0
2486,385.673,17.4364,2,0
2487,37.0734,191.668,2,0
2488,77.7624,109,2,0
2489,83.8623,76.116,2,0
2490,519.572,82.8702,2,0
2491,25.963,271.059,2,0
2492,460.138,171.824,2,0
2493,64.6958,48.142,2,0
2494,352.093,2,2,0
2495,492.037,245.357,2,0
2496,348.763,36.8118,2,0
2497,255.977,250.91,2,0
2498,280.422,141.964,2,0
2499,163.483,37.2488,2,0
2500,433.199,178.313,2,0
2501,261.157,142.475,2,0
2502,241.297,203.426,2,0
2503,370.76,168.313,2,0
2504,273.434,268.109,2,0
2505,587.476,152.547,2,0
2506,537.309,86.4722,2,0
2507,213.553,12.9289,2,0
2508,145.691,73.4069,2,0
2509,223.877,69.2267,2,0
2510,335.259,180.906,2,0
2511,506.673,261.243,2,0
2512,142.684,294.374,2,0
2513,148.665,153.003,2,0
2514,18.6638,227.264,2,0
2515,23.7947,197.324,2,0
2516,441.39,203.98,2,0
2517,115.364,26.8018,2,0
2518,531.135,140.823,2,0
2519,194.542,212.027,2,0
2520,369.29,73.1146,2,0
2521,197.685,178.077,2,0
2522,90.3774,85.6333,2,0
2523,530.985,73.7691,2,0
2524,164.507,224.664,2,0
2525,40.8328,91.1086,2,0
2526,503.35,238.795,2,0
2527,246.774,168.847,2,0
2528,596.752,70.8709,2,0
2529,147.689,59.0353,2,0
2530,395.943,39.0802,2,0
2531,576.264,171.295,2,0
2532,382.751,281.464,2,0
2533,374.189,82.4657,2,0
2534,541.62,287.42,2,0
2535,127.406,87.98,2,0
2536,227.086,186.422,2,0
2537,495.464,62.0287,2,0
2538,595.54,193.741,2,0
2539,538.683,40.1139,2,0
2540,189.048,133.946,2,0
2541,411.578,246.015,2,0
2542,21.8366,257.209,2,0
2543,590.599,211.123,2,0
2544,109.573,173.611,2,0
2545,147.802,195.88,2,0
2546,312.986,220.222,2,0
2547,345.558,286.568,2,0
2548,351.111,50.2281,2,0
2549,423.389,38.4714,2,0
2550,559.009,202.226,2,0
2551,431.63,103.833,2,0
2552,81.5545,139.009,2,0
2553,220.165,177.302,2,0
2554,163.932,25.773,2,0
2555,39.1903,55.5326,2,0
2556,458.929,143.379,2,0
2557,301.933,78.048,2,0
2558,452.153,105.999,2,0
2559,225.019,106.254,2,0
2560,553.116,53.9728,2,0
2561,388.161,107.454,2,0
2562,491.994,88.3995,2,0
2563,360.546,15.393,2,0
2564,592.364,121.687,2,0
2565,380.839,218.952,2,0
2566,107.24,166.415,2,0
2567,138.048,149.654,2,0
2568,551.871,122.023,2,0
2569,145.736,286.881,2,0
2570,31.8082,118.918,2,0
2571,401.016,112.43,2,0
2572,482.966,44.9694,2,0
2573,50.3959,290.52,2,0
2574,434.462,282.798,2,0
2575,204.937,209.228,2,0
2576,314.373,284.057,2,0
2577,308.392,113.059,2,0
2578,126.208,158.878,2,0
2579,51.1907,182.459,2,0
2580,227.483,85.7844,2,0
2581,199.625,124.056,2,0
2582,200.841,69.2099,2,0
2583,300.449,269.619,2,0
2584,18.7735,6.28083,2,0
2585,7.09709,101.137,2,0
2586,262.476,51.3081,2,0
2587,363.001,175.136,2,0
2588,349.174,232.147,2,0
2589,349.368,46.4752,2,0
2590,81.2309,143.041,2,0
2591,16.1482,55.9459,2,0
2592,14.7257,5.516,2,0
2593,332.748,247.704,2,0
2594,566.813,194.64,2,0
2595,221.821,47.802,2,0
2596,224.067,128.345,2,0
2597,150.497,248.303,2,0
2598,143.906,5.69358,2,0
2599,379.446,278.351,2,0
2600,21.8188,276.286,2,0
2601,394.227,124.548,2,0
2602,389.092,50.7455,2,0
2603,208.021,69.6166,2,0
2604,103.98,226.353,2,0
2605,195.518,105.519,2,0
2606,88.7726,174.841,2,0
2607,390.466,82.291,2,0
2608,132.476,40.2069,2,0
2609,525.059,42.2429,2,0
2610,489.187,265.538,2,0
2611,253.816,66.9527,2,0
2612,381.457,67.6259,2,0
2613,203.988,232.323,2,0
2614,402.737,224.255,2,0
2615,142.333,54.4095,2,0
2616,49.3055,237.163,2,0
2617,148.556,160.173,2,0
2618,499.107,281.607,2,0
2619,79.118,276.077,2,0
2620,353.808,254.444,2,0
2621,571.192,180.461,2,0
2622,468.91,172.935,2,0
2623,428.804,20.325,2,0
2624,457.498,9.61323,2,0
2625,394.195,212.013,2,0
2626,134.395,269.267,2,0
2627,260.002,119.415,2,0
2628,26.8367,13.2712,2,0
2629,149.739,74.2711,2,0
2630,410.253,173.358,2,0
2631,491.949,188.515,2,0
2632,484.647,65.5635,2,0
2633,538.359,274.141,2,0
2634,180.531,72.435,2,0
2635,70.0573,106.142,2,0
2636,173.896,9.598,2,0
2637,169.877,60.9939,2,0
2638,313.561,276.657,2,0
2639,113.032,37.3992,2,0
2640,315.888,179.965,2,0
2641,328.707,178.099,2,0
2642,567.002,32.4262,2,0
2643,437.253,178.542,2,0
2644,1.02673,114.875,2,0
2645,401.66,61.2707,2,0
2646,331.466,120.215,2,0
2647,7.4294,265.927,2,0
2648,295,223.158,2,0
2649,199.334,222.429,2,0
2650,512.115,265.966,2,0
2651,567.147,5.46882,2,0
2652,561.924,37.8615,2,0
2653,366.593,78.3387,2,0
2654,113.254,262.876,2,0
2655,169.803,65.6472,2,0
2656,58.4855,5.54349,2,0
2657,199.654,139.243,2,0
2658,47.0968,161.227,2,0
2659,478.034,208.572,2,0
2660,354.537,46.2097,2,0
2661,406.649,175.247,2,0
2662,210.246,224.028,2,0
2663,544.99,145.326,2,0
2664,95.857,96.9078,2,0
2665,429.821,5.90401,2,0
2666,429.914,247.217,2,0
2667,538.416,197.099,2,0
2668,398.3,247.37,2,0
2669,171.42,89.5621,2,0
2670,80.0467,102.368,2,0
2671,204.581,205.14,2,0
2672,298.862,287.42,2,0
2673,60.5892,287.031,2,0
2674,219.344,251.628,2,0
2675,441.094,274.06,2,0
2676,165.191,145.344,2,0
2677,270.685,8.34315,2,0
2678,491.166,249.446,2,0
2679,312.334,294.581,2,0
2680,599.681,182.953,2,0
2681,383.526,213.631,2,0
2682,592.716,264.856,2,0
2683,359.521,172.777,2,0
2684,435.148,39.9393,2,0
2685,146.826,103.346,2,0
2686,258.939,208.172,2,0
2687,236.06,257.618,2,0
2688,108.639,59.3007,2,0
2689,26.8711,70.2757,2,0
2690,382.859,20.3868,2,0
2691,44.873,109.965,2,0
2692,3.28118,279.245,2,0
2693,1.62885,132.902,2,0
2694,437.584,298,2,0
2695,583.42,184.896,2,0
2696,596.719,240.511,2,0
2697,394.012,183.016,2,0
2698,559.905,158.971,2,0
2699,325.356,122.106,2,0
2700,9.98789,94.0102,2,0
2701,398.602,290.883,2,0
2702,34.1745,143.612,2,0
2703,588.4,282.552,2,0
2704,316.797,269.287,2,0
2705,319.158,32.074,2,0
2706,173.699,181.545,2,0
2707,173.223,173.635,2,0
2708,392.649,73.2543,2,0
2709,276.895,56.4222,2,0
2710,375.83,266.056,2,0
2711,503.564,61.376,2,0
2712,70.494,138.348,2,0
2713,269.753,155.288,2,0
2714,162.545,155.511,2,0
2715,275.005,186.442,2,0
2716,398.838,286.756,2,0
2717,368.977,119.793,2,0
2718,285.813,126.766,2,0
2719,95.1001,5.84375,2,0
2720,144.887,264.846,2,0
2721,413.789,187.804,2,0
2722,528.404,225.614,2,0
2723,292.914,118.252,2,0
2724,343.528,180.353,2,0
2725,96.7843,127.49,2,0
2726,340.219,142.708,2,0
2727,485.378,275.885,2,0
2728,386.193,221.337,2,0
2729,456.24,255.995,2,0
2730,434.509,230.984,2,0
2731,344.862,125.35,2,0
2732,266.641,8.04269,2,0
2733,573.674,69.9481,2,0
2734,397.525,201.523,2,0
2735,344.68,148.205,2,0
2736,573.831,99.0305,2,0
2737,384.849,277.994,2,0
2738,190.283,160.151,2,0
2739,277.193,194.292,2,0
2740,105.768,2,2,0
2741,92.2887,203.573,2,0
2742,236.533,298,2,0
2743,517.38,130.926,2,0
2744,124.559,56.2655,2,0
2745,307.731,181.503,2,0
2746,340.169,207.667,2,0
2747,521.197,278.726,2,0
2748,310.505,173.901,2,0
2749,510.433,16.353,2,0
2750,498.695,129.819,2,0
2751,84.5286,91.1849,2,0
2752,432.869,20.962,2,0
2753,100.069,233.28,2,0
2754,46.2611,201.283,2,0
2755,455.46,282.697,2,0
2756,426.666,116.399,2,0
2757,330.105,205.406,2,0
2758,406.138,249.462,2,0
2759,201.909,215.653,2,0
2760,337.848,105.195,2,0
2761,40.1006,206.407,2,0
2762,573.602,154.404,2,0
2763,254.426,273.21,2,0
2764,466.21,185.574,2,0
2765,263.082,209.467,2,0
2766,122.671,212.077,2,0
2767,269.8,108.251,2,0
2768,217.86,72.7583,2,0
2769,496.538,51.362,2,0
2770,187.716,194.013,2,0
2771,262.19,158.207,2,0
2772,177.838,40.7745,2,0
2773,211.52,16.4578,2,0
2774,215.598,257.556,2,0
2775,106.117,110.134,2,0
2776,310.608,232.476,2,0
2777,399.858,239.53,2,0
2778,242.305,178.837,2,0
2779,264.985,164.669,2,0
2780,230.826,188.012,2,0
2781,70.852,17.71,2,0
2782,188.855,73.6889,2,0
2783,507.91,276.114,2,0
2784,328.461,99.6332,2,0
2785,86.4212,160.377,2,0
2786,173.453,111.25,2,0
2787,50.7683,261.516,2,0
2788,381.143,174.887,2,0
2789,129.773,98.8607,2,0
2790,298.177,175.206,2,0
2791,558.939,35.0639,2,0
2792,543.745,236.014,2,0
2793,501.47,256.608,2,0
2794,409.452,221.283,2,0
2795,593.197,139.582,2,0
2796,29.712,53.1197,2,0
2797,5.86322,76.8654,2,0
2798,260.792,298,2,0
2799,164.479,189.73,2,0
2800,181.376,239.815,2,0
2801,567.267,126.501,2,0
2802,560.955,16.167,2,0
2803,198.92,269.287,2,0
2804,216.907,152.63,2,0
2805,552.09,33.2859,2,0
2806,59.3433,29.3465,2,0
2807,269.253,59.0963,2,0
2808,16.9216,123.85,2,0
2809,335.939,9.0565,2,0
2810,212.832,148.396,2,0
2811,337.015,87.4482,2,0
2812,445.39,130.74,2,0
2813,145.322,20.0749,2,0
2814,272.815,290.936,2,0
2815,112.898,68.9857,2,0
2816,289.639,17.0237,2,0
2817,210.341,251.678,2,0
2818,283.013,145.116,2,0
2819,112.132,123.526,2,0
2820,2.54748,24.4969,2,0
2821,494.978,248.152,2,0
2822,273.108,30.168,2,0
2823,214.768,60.3065,2,0
2824,566.106,202.815,2,0
2825,89.6104,278.665,2,0
2826,24.9224,2,2,0
2827,155.521,45.3256,2,0
2828,17.902,201.4,2,0
2829,501.769,199.376,2,0
2830,426.379,215.255,2,0
2831,446.851,116.725,2,0
2832,459.271,109.321,2,0
2833,26.7525,172.39,2,0
2834,0.911439,18.2551,2,0
2835,557.574,258.439,2,0
2836,480.681,192.607,2,0
2837,100.575,36.8124,2,0
2838,74.3099,269.43,2,0
2839,337.738,284.755,2,0
2840,574.767,236.394,2,0
2841,298.798,93.9395,2,0
2842,134.651,43.6562,2,0
2843,490.465,153.572,2,0
2844,482.178,165.952,2,0
2845,237.222,203.036,2,0
2846,537.017,146.494,2,0
2847,266.461,195.536,2,0
2848,514.785,273.777,2,0
2849,543.192,47.0128,2,0
2850,137.483,82.4403,2,0
2851,320.436,179.039,2,0
2852,326.568,60.145,2,0
2853,358.415,154.02,2,0
2854,39.7057,102.311,2,0
2855,176.643,125.719,2,0
2856,469.809,259.772,2,0
2857,515.362,241.26,2,0
2858,327.981,78.573,2,0
2859,197.152,196.919,2,0
2860,580.151,256.745,2,0
2861,384.298,244.111,2,0
2862,248.689,96.0956,2,0
2863,334.897,198.886,2,0
2864,81.3882,110.705,2,0
2865,434.802,84.1276,2,0
2866,305.066,178.518,2,0
2867,269.62,118.641,2,0
2868,159.075,67.8239,2,0
2869,87.0306,214.722,2,0
2870,302.855,71.0574,2,0
2871,560.674,255.855,2,0
2872,105.325,114.14,2,0
2873,482.147,241.209,2,0
2874,526.105,31.5652,2,0
2875,106.11,128.135,2,0
2876,82.5291,87.7013,2,0
2877,455.688,13.7163,2,0
2878,423.874,237.578,2,0
2879,233.982,195.535,2,0
2880,413.259,43.4064,2,0
2881,16.8299,290.786,2,0
2882,340.684,169.902,2,0
2883,83.1514,275.708,2,0
2884,121.397,222.649,2,0
2885,144.765,298,2,0
2886,219.015,169.298,2,0
2887,105.74,206.178,2,0
2888,177.597,137.421,2,0
2889,363.512,199.352,2,0
2890,419.409,232.628,2,0
2891,543.715,263.077,2,0
2892,411.023,99.7787,2,0
2893,563.149,33.9833,2,0
2894,168.854,205.432,2,0
2895,48.2293,293.957,2,0
2896,515.594,116.065,2,0
2897,388.189,29.9418,2,0
2898,57.657,48.2952,2,0
2899,231.421,175.79,2,0
2900,163.693,2,2,0
2901,580.049,102.828,2,0
2902,313.761,116.576,2,0
2903,344.179,187.387,2,0
2904,227.2,158.399,2,0
2905,582.216,20.2071,2,0
2906,319.029,127.311,2,0
2907,400.882,95.1275,2,0
2908,416.511,57.7598,2,0
2909,313.841,144.386,2,0
2910,348.014,2,2,0
2911,153.576,48.8322,2,0
2912,572.124,120.096,2,0
2913,445.073,293.965,2,0
2914,235.889,221.244,2,0
2915,207.04,134.359,2,0
2916,216.261,298,2,0
2917,538.578,127.775,2,0
2918,501.227,57.9933,2,0
2919,157.827,37.5569,2,0
2920,303.054,107.487,2,0
2921,592.278,298,2,0
2922,595.715,262.19,2,0
2923,340.466,8.97746,2,0
2924,181.351,120.193,2,0
2925,563.682,188.266,2,0
2926,25.7676,275.146,2,0
2927,237.468,91.4384,2,0
2928,379.724,117.228,2,0
2929,67.1489,31.6914,2,0
2930,87.76,251.535,2,0
2931,187.484,284.68,2,0
2932,279.96,235.846,2,0
2933,168.614,224.051,2,0
2934,359.072,180.919,2,0
2935,531.694,191.844,2,0
2936,543.655,98.5053,2,0
2937,224.304,25.7887,2,0
2938,428.147,284.289,2,0
2939,0.571058,290.854,2,0
2940,579.099,45.3581,2,0
2941,242.496,69.6769,2,0
2942,222.693,249.433,2,0
2943,445.644,43.8263,2,0
2944,24.332,87.5839,2,0
2945,48.2681,6.01699,2,0
2946,576.953,201.749,2,0
2947,445.403,203.807,2,0
2948,107.803,99.39,2,0
2949,438.316,105.872,2,0
2950,168.136,134.89,2,0
2951,333.624,156.517,2,0
2952,96.7088,111.293,2,0
2953,329.239,123.683,2,0
2954,403.665,147.851,2,0
2955,390.652,65.8305,2,0
2956,437.617,156.362,2,0
2957,323.216,43.4771,2,0
2958,562.463,41.9581,2,0
2959,77.2751,175.337,2,0
2960,289.488,136.987,2,0
2961,184.846,241.935,2,0
2962,69.1848,24.3971,2,0
2963,445.261,245.836,2,0
2964,526.207,229.264,2,0
2965,125.805,253.559,2,0
2966,123.394,155.981,2,0
2967,280.376,176.619,2,0
2968,344.546,66.336,2,0
2969,188.855,275.383,2,0
2970,225.693,34.327,2,0
2971,570.467,116.425,2,0
2972,552.978,189.481,2,0
2973,165.908,163.055,2,0
2974,543.86,284.079,2,0
2975,68.2384,200.173,2,0
2976,23.8465,226.403,2,0
2977,184.28,79.0554,2,0
2978,436.046,10.5258,2,0
2979,484.006,5.49327,2,0
2980,371.854,281.283,2,0
2981,464.292,95.3432,2,0
2982,477.491,55.6013,2,0
2983,272.335,121.953,2,0
2984,291.658,283.58,2,0
2985,255.238,230.325,2,0
2986,376.899,225.813,2,0
2987,433.522,196.639,2,0
2988,532.134,96.8903,2,0
2989,17.0179,275.546,2,0
2990,551.25,280.796,2,0
2991,540.085,171.57,2,0
2992,140.224,224.412,2,0
2993,516.289,223.856,2,0
2994,256.76,27.6461,2,0
2995,5.0833,138.172,2,0
2996,475.31,25.4836,2,0
2997,75.0543,164.949,2,0
2998,367.586,287.014,2,0
2999,53.6501,271.937,2,0
3000,384.572,186.278,2,0
3001,588.848,89.4768,2,0
3002,297.579,251.1,2,0
3003,472.867,96.7844,2,0
3004,423.772,65.2178,2,0
3005,60.4811,2,2,0
3006,31.3582,75.4718,2,0
3007,416.941,266.004,2,0
3008,573.242,203.417,2,0
3009,430.53,291.959,2,0
3010,388.688,149.937,2,0
3011,77.9513,81.8399,2,0
3012,88.8168,140.044,2,0
3013,513.341,101.339,2,0
3014,21.859,99.3507,2,0
3015,12.1323,174.33,2,0
3016,44.4173,213.247,2,0
3017,279.508,202.101,2,0
3018,276.78,110.679,2,0
3019,526.276,272.603,2,0
3020,548.173,182.937,2,0
3021,243.431,9.266,2,0
3022,10.6794,83.4431,2,0
3023,244.017,51.422,2,0
3024,25.0086,290.785,2,0
3025,6.59613,12.6057,2,0
3026,468.278,274.316,2,0
3027,214.403,29.4803,2,0
3028,101.258,89.9128,2,0
3029,365.543,294.45,2,0
3030,119.836,5.61541,2,0
3031,241.832,246.982,2,0
3032,412.267,76.5115,2,0
3033,177.049,172.448,2,0
3034,448.339,19.6138,2,0
3035,129.473,139.83,2,0
3036,89.7512,166.849,2,0
3037,229.183,252.903,2,0
3038,478.201,62.7425,2,0
3039,556.322,254.614,2,0
3040,301.284,97.2623,2,0
3041,527.604,298,2,0
3042,115.508,94.2648,2,0
3043,338.188,116.087,2,0
3044,409.54,203.202,2,0
3045,503.926,136.055,2,0
3046,195.199,150.515,2,0
3047,357.608,138.173,2,0
3048,13.1776,194.77,2,0
3049,386.355,89.0892,2,0
3050,103.605,131.984,2,0
3051,586.852,142.729,2,0
3052,285.364,249.582,2,0
3053,503.138,113.954,2,0
3054,148.419,119.2,2,0
3055,534.825,67.7759,2,0
3056,60.5212,294.04,2,0
3057,310.321,284.02,2,0
3058,321.035,16.4329,2,0
3059,265.47,245.736,2,0
3060,261.361,246.304,2,0
3061,278.773,99.295,2,0
3062,97.466,159.153,2,0
3063,95.1096,107.611,2,0
3064,559.532,66.6209,2,0
3065,433.786,128.038,2,0
3066,455.87,267.947,2,0
3067,284.602,229.714,2,0
3068,345.194,294.523,2,0
3069,37.052,25.289,2,0
3070,95.0439,238.276,2,0
3071,376.293,32.4652,2,0
3072,512.778,67.3544,2,0
3073,63.9889,127.888,2,0
3074,328.488,117.417,2,0
3075,137.488,138.899,2,0
3076,97.2473,89.0022,2,0
3077,205.668,267.735,2,0
3078,528.007,259.286,2,0
3079,535.561,290.903,2,0
3080,535.904,124.233,2,0
3081,134.61,135.975,2,0
3082,18.7479,127.445,2,0
3083,526.906,79.4755,2,0
3084,560.087,190.046,2,0
3085,118.082,129.087,2,0
3086,205.235,284.175,2,0
3087,271.787,104.233,2,0
3088,323.636,8.98797,2,0
3089,95.2178,214.878,2,0
3090,151.282,116.377,2,0
3091,90.1434,66.3293,2,0
3092,384.493,70.3056,2,0
3093,495.789,199.382,2,0
3094,54.0701,162.238,2,0
3095,93.5853,2,2,0
3096,377.491,257.198,2,0
3097,25.298,124.562,2,0
3098,45.1083,236.614,2,0
3099,403.676,194.246,2,0
3100,510.015,64.3861,2,0
3101,478.174,242.282,2,0
3102,327.722,2,2,0
3103,236.032,276.739,2,0
3104,292.449,129.365,2,0
3105,489.839,180.505,2,0
3106,34.5178,147.641,2,0
3107,596.212,59.7072,2,0
3108,122.009,2,2,0
3109,510.459,46.5297,2,0
3110,263.93,249.461,2,0
3111,91.6161,146.563,2,0
3112,243.747,200.184,2,0
3113,37.0856,89.4345,2,0
3114,235.007,153.979,2,0
3115,246.961,253.304,2,0
3116,565.478,218.959,2,0
3117,248.247,191.641,2,0
3118,431.068,181.786,2,0
3119,421.763,155.809,2,0
3120,593.829,33.5017,2,0
3121,440.577,53.0519,2,0
3122,476.552,185.597,2,0
3123,170.02,73.8303,2,0
3124,320.397,54.019,2,0
3125,11.9901,205.375,2,0
3126,595.137,98.7141,2,0
3127,285.337,150.469,2,0
3128,112.469,176.482,2,0
3129,140.66,50.2669,2,0
3130,272.647,61.8519,2,0
3131,306.128,283.966,2,0
3132,545.624,186.03,2,0
3133,199.008,218.391,2,0
3134,372.656,260.943,2,0
3135,260.541,283.755,2,0
3136,570.329,157.053,2,0
3137,532.142,157.827,2,0
3138,316.985,241.392,2,0
3139,460.139,139.525,2,0
3140,4.93358,28.0889,2,0
3141,509.645,197.547,2,0
3142,124.972,152.252,2,0
3143,500.881,217.261,2,0
3144,449.488,159.498,2,0
3145,213.78,87.8859,2,0
3146,294.006,125.608,2,0
3147,416.625,128.962,2,0
3148,255.962,234.289,2,0
3149,163.476,113.105,2,0
3150,186.907,130.446,2,0
3151,434.988,249.107,2,0
3152,41.5258,210.301,2,0
3153,523.014,274.982,2,0
3154,10.3386,158.427,2,0
3155,448.962,252.251,2,0
3156,284.181,217.755,2,0
3157,299.582,43.7636,2,0
3158,82.6874,68.0025,2,0
3159,503.311,28.0629,2,0
3160,75.9742,265.748,2,0
3161,384.782,148.02,2,0
3162,419.346,38.137,2,0
3163,111.063,201.684,2,0
3164,456.862,77.066,2,0
3165,178.303,34.299,2,0
3166,159.354,44.0805,2,0
3167,20.5694,28.6244,2,0
3168,248.068,222.535,2,0
3169,202.565,79.3113,2,0
3170,322.926,182.25,2,0
3171,532.938,148.851,2,0
3172,502.359,47.237,2,0
3173,576.504,209.849,2,0
3174,271.401,97.4685,2,0
3175,585.588,61.3828,2,0
3176,597.761,285.189,2,0
3177,338.931,112.132,2,0
3178,124.308,67.571,2,0
3179,282.927,76.3211,2,0
3180,69.2511,298,2,0
3181,354.095,71.3819,2,0
3182,102.687,294.501,2,0
3183,268.346,67.1322,2,0
3184,395.133,31.3465,2,0
3185,334.916,298,2,0
3186,103.487,168.01,2,0
3187,146.577,210.753,2,0
3188,438.673,20.0282,2,0
3189,68.9145,68.4322,2,0
3190,399.432,216.817,2,0
3191,371.915,245.316,2,0
3192,10.6897,219.62,2,0
3193,183.812,111.785,2,0
3194,568.705,112.734,2,0
3195,545.962,53.468,2,0
3196,225.9,287.24,2,0
3197,11.2426,191.236,2,0
3198,59.3145,276.076,2,0
3199,363.778,183.086,2,0
3200,339.162,166.068,2,0
3201,124.232,144.734,2,0
3202,77.057,9.50136,2,0
3203,563.576,19.2094,2,0
3204,595.291,143.381,2,0
3205,196.768,185.061,2,0
3206,505.292,155.486,2,0
3207,513.122,287.472,2,0
3208,374.533,162.317,2,0
3209,109.708,205.551,2,0
3210,192.08,136.671,2,0
3211,30.8804,71.4988,2,0
3212,401.013,132.054,2,0
3213,185.239,49.8209,2,0
3214,289.535,52.1714,2,0
3215,68.4198,54.8729,2,0
3216,486.437,97.4754,2,0
3217,73.4231,222.005,2,0
3218,178.196,117.635,2,0
3219,273.741,154.382,2,0
3220,465.687,133.483,2,0
3221,233.105,64.4085,2,0
3222,524.85,214.009,2,0
3223,319.832,77.0661,2,0
3224,389.247,86.2337,2,0
3225,347.214,78.3954,2,0
3226,411.15,89.4162,2,0
3227,381.567,162.584,2,0
3228,357.803,276.48,2,0
3229,179.991,156.47,2,0
3230,100.246,284.349,2,0
3231,508.88,26.231,2,0
3232,535.715,105.952,2,0
3233,284.347,267.497,2,0
3234,473.782,89.5807,2,0
3235,56.7512,168.792,2,0
3236,318.664,298,2,0
3237,34.4393,258.794,2,0
3238,192.586,143.818,2,0
3239,475.023,238.591,2,0
3240,572.221,66.1803,2,0
3241,145.998,39.0007,2,0
3242,88.2964,202.891,2,0
3243,379.783,215.091,2,0
3244,88.4063,144.117,2,0
3245,518.287,227.377,2,0
3246,298.121,273.027,2,0
3247,462.194,24.7385,2,0
3248,407.135,162.916,2,0
3249,547.899,298,2,0
3250,39.1343,121.014,2,0
3251,506.349,139.324,2,0
3252,279.639,172.594,2,0
3253,261.618,227.451,2,0
3254,136.691,32.6895,2,0
3255,513.311,204.662,2,0
3256,22.9847,80.5474,2,0
3257,527.92,62.6608,2,0
3258,272.732,204.161,2,0
3259,567.712,182.601,2,0
3260,165.887,276.676,2,0
3261,101.686,219.896,2,0
3262,337.306,16.6862,2,0
3263,173.92,20.9643,2,0
3264,357.658,260.347,2,0
3265,155.07,67.2053,2,0
3266,563.396,95.0613,2,0
3267,199.008,89.356,2,0
3268,149.057,62.9559,2,0
3269,359.031,225.019,2,0
3270,80.924,79.2096,2,0
3271,147.36,2.27468,2,0
3272,41.1819,2,2,0
3273,249.985,266.011,2,0
3274,231.915,44.5139,2,0
3275,495.481,37.2464,2,0
3276,269.721,159.41,2,0
3277,130.249,188.237,2,0
3278,218.873,5.32297,2,0
3279,256.164,222.443,2,0
3280,426.61,2,2,0
3281,61.2658,279.75,2,0
3282,449.251,92.4087,2,0
3283,77.5277,298,2,0
3284,230.967,159.905,2,0
3285,321.492,120.658,2,0
3286,538.148,231.989,2,0
3287,322.849,128.716,2,0
3288,324.781,227.23,2,0
3289,361.858,101.613,2,0
3290,518.636,9.13459,2,0
3291,204.824,45.5386,2,0
3292,360.209,164.7,2,0
3293,227.618,174.263,2,0
3294,453.072,293.978,2,0
3295,382.3,270.999,2,0
3296,461.844,28.8012,2,0
3297,497.684,40.6165,2,0
3298,408.506,130.132,2,0
3299,225.255,30.2926,2,0
3300,181.301,11.9408,2,0
3301,407.276,224.763,2,0
3302,189.276,298,2,0
3303,415.971,280.82,2,0
3304,145.681,27.0823,2,0
3305,164.053,123.918,2,0
3306,298.388,187.254,2,0
3307,300.19,179.205,2,0
3308,194.837,25.2559,2,0
3309,12.6464,123.64,2,0
3310,147.629,43.5863,2,0
3311,287.552,283.375,2,0
3312,403.28,156.749,2,0
3313,546.19,210.745,2,0
3314,139.233,279.813,2,0
3315,94.5319,253.057,2,0
3316,484.389,158.132,2,0
3317,488.3,131.129,2,0
3318,106.765,5.91951,2,0
3319,463.916,178.094,2,0
3320,418.45,118.258,2,0
3321,159.917,30.0845,2,0
3322,76.2033,2,2,0
3323,268.341,254.235,2,0
3324,564.608,237.977,2,0
3325,320.885,269.529,2,0
3326,1.78594,45.798,2,0
3327,487.829,44.974,2,0
3328,152.199,24.4684,2,0
3329,18.0253,38.4002,2,0
3330,138.931,75.6794,2,0
3331,126.28,269.877,2,0
3332,545.846,156.705,2,0
3333,434.45,278.75,2,0
3334,257.237,83.0769,2,0
3335,104.939,29.8566,2,0
3336,579.857,271.823,2,0
3337,275.228,95.7289,2,0
3338,421.457,163.883,2,0
3339,55.7686,212.689,2,0
3340,440.309,23.7329,2,0
3341,378.571,272.752,2,0
3342,189.312,50.8054,2,0
3343,372.316,65.4186,2,0
3344,414.497,159.492,2,0
3345,156.81,244.445,2,0
3346,81.9696,231.263,2,0
3347,119.559,286.922,2,0
3348,371.692,298,2,0
3349,319.5,110.983,2,0
3350,115.214,80.4943,2,0
3351,33.29,139.651,2,0
3352,14.7172,180.883,2,0
3353,592.44,40.5856,2,0
3354,311.999,120.238,2,0
3355,28.4129,204.179,2,0
3356,508.233,293.976,2,0
3357,544.056,214.142,2,0
3358,217.276,103.875,2,0
3359,47.9976,286.295,2,0
3360,593.146,197.035,2,0
3361,225.843,194.586,2,0
3362,307.488,280.185,2,0
3363,115.013,19.4683,2,0
3364,218.11,76.8455,2,0
3365,192.473,9.10232,2,0
3366,290.945,133.168,2,0
3367,329.173,16.6138,2,0
3368,379.571,62.4229,2,0
3369,416.187,85.4153,2,0
3370,294.206,143.736,2,0
3371,535.331,212.79,2,0
3372,512.771,49.8592,2,0
3373,362.505,23.4039,2,0
3374,380.749,179.38,2,0
3375,574.1,294.448,2,0
3376,183.095,87.1077,2,0
3377,141.458,83.3508,2,0
3378,350.931,142.832,2,0
3379,334.251,282.762,2,0
3380,307.953,138.39,2,0
3381,181.103,30.5128,2,0
3382,301.438,262.648,2,0
3383,207.729,56.0223,2,0
3384,363.302,39.3056,2,0
3385,12.6102,9.04198,2,0
3386,141.254,137.415,2,0
3387,485.775,153.983,2,0
3388,41.3394,233.133,2,0
3389,498.677,2,2,0
3390,242.869,207.295,2,0
3391,440.026,118.13,2,0
3392,533.689,163.541,2,0
3393,62.5677,251.561,2,0
3394,585.319,2,2,0
3395,70.808,259.577,2,0
3396,211.359,71.8754,2,0
3397,216.612,99.7035,2,0
3398,156.353,28.1252,2,0
3399,144.215,125.875,2,0
3400,193.734,236.333,2,0
3401,12.2235,79.7206,2,0
3402,330.834,46.4026,2,0
3403,402.928,108.774,2,0
3404,342.4,83.11,2,0
3405,135.169,146.794,2,0
3406,289.541,249.645,2,0
3407,563.068,12.6525,2,0
3408,154.826,221.857,2,0
3409,155.997,81.5993,2,0
3410,584.978,16.5461,2,0
3411,460.896,228.08,2,0
3412,191.645,278.377,2,0
3413,585.782,188.982,2,0
3414,465.642,22.437,2,0
3415,375.349,270.307,2,0
3416,135.46,219.218,2,0
3417,291.515,225.349,2,0
3418,245.8,214.838,2,0
3419,459.657,236.603,2,0
3420,276.677,238.167,2,0
3421,269.619,151.289,2,0
3422,509.23,93.8106,2,0
3423,317.381,12.7321,2,0
3424,86.6531,290.541,2,0
3425,588.866,28.9497,2,0
3426,590.019,125.22,2,0
3427,497.243,133.756,2,0
3428,216.222,176.234,2,0
3429,74.1697,29.5734,2,0
3430,448.692,287.316,2,0
3431,73.7631,102.32,2,0
3432,310.18,243.293,2,0
3433,223.829,21.6817,2,0
3434,313.209,159.054,2,0
3435,494.521,149.711,2,0
3436,135.634,89.1511,2,0
3437,190.822,35.2407,2,0
3438,150.519,211.973,2,0
3439,365.243,203.068,2,0
3440,210.638,108.81,2,0
3441,85.6128,205.954,2,0
3442,599.243,160.998,2,0
3443,178.817,290.416,2,0
3444,502.758,233.705,2,0
3445,442.921,56.5268,2,0
3446,319.004,95.8962,2,0
3447,402.82,177.001,2,0
3448,198.876,148.919,2,0
3449,272.839,236.682,2,0
3450,170.647,184.305,2,0
3451,296.817,46.6587,2,0
3452,498.124,151.655,2,0
3453,46.5548,53.6224,2,0
3454,264.463,168.782,2,0
3455,211.594,36.0414,2,0
3456,588.207,185.763,2,0
3457,363.956,285.296,2,0
3458,460.059,298,2,0
3459,489.508,120.299,2,0
3460,427.6,27.465,2,0
3461,544.077,123.829,2,0
3462,18.8668,294.346,2,0
3463,475.591,48.3217,2,0
3464,223.199,94.0917,2,0
3465,463.308,109.864,2,0
3466,334.934,133.226,2,0
3467,582.342,99.4419,2,0
3468,461.791,193.908,2,0
3469,386.475,81.4802,2,0
3470,103.542,9.87467,2,0
3471,470.309,283.168,2,0
3472,79.8266,181.988,2,0
3473,303.575,10.9582,2,0
3474,446.676,35.7297,2,0
3475,402.198,248.349,2,0
3476,317.651,68.1182,2,0
3477,320.027,88.9032,2,0
3478,87.1458,226.262,2,0
3479,399.098,135.641,2,0
3480,203.733,136.634,2,0
3481,389.829,284.544,2,0
3482,398.377,298,2,0
3483,464.738,230.177,2,0
3484,305.862,227.957,2,0
3485,350.852,213.525,2,0
3486,87.5515,182.884,2,0
3487,543.889,91.1776,2,0
3488,448.561,243.316,2,0
3489,302.57,216.971,2,0
3490,260.246,123.444,2,0
3491,234.651,47.4901,2,0
3492,457.31,112.91,2,0
3493,329.785,106.372,2,0
3494,524.498,247.047,2,0
3495,559.28,144.205,2,0
3496,212.036,139.519,2,0
3497,331.973,239.614,2,0
3498,491.122,257.187,2,0
3499,50.0349,51.4508,2,0
3500,318.114,153.268,2,0
3501,386.808,12.2069,2,0
3502,109.221,241.606,2,0
3503,143.145,129.783,2,0
3504,86.946,156.326,2,0
3505,359.645,168.675,2,0
3506,545.653,87.5246,2,0
3507,150.501,287.378,2,0
3508,577.195,84.5574,2,0
3509,572.915,26.1064,2,0
3510,435.873,111.164,2,0
3511,12.2172,19.9906,2,0
3512,528.011,210.194,2,0
3513,48.9011,271.984,2,0
3514,22.9201,54.3016,2,0
3515,163.518,92.3578,2,0
3516,98.383,40.2133,2,0
3517,488.252,199.465,2,0
3518,91.3041,181.384,2,0
3519,321.314,186.062,2,0
3520,131.686,278.14,2,0
3521,358.754,83.4527,2,0
3522,169.373,175.125,2,0
3523,370.157,89.5719,2,0
3524,358.612,123.322,2,0
3525,124.535,220.065,2,0
3526,23.4711,169.753,2,0
3527,257.339,247.01,2,0
3528,16.9868,219.224,2,0
3529,314.031,154.244,2,0
3530,523.603,298,2,0
3531,420.315,47.3327,2,0
3532,512.569,244.374,2,0
3533,578.93,185.46,2,0
3534,195.71,224.837,2,0
3535,347.61,89.4172,2,0
3536,461.015,274.912,2,0
3537,323.749,285.02,2,0
3538,193.723,284.989,2,0
3539,232.398,250.492,2,0
3540,237.032,269.201,2,0
3541,502.055,169.768,2,0
3542,570.167,261.284,2,0
3543,119.564,94.2424,2,0
3544,69.7376,102.119,2,0
3545,208.187,202.711,2,0
3546,329.73,95.7178,2,0
3547,177.496,121.621,2,0
3548,179.22,190.733,2,0
3549,198.522,108.234,2,0
3550,534.49,71.7755,2,0
3551,399.151,50.0869,2,0
3552,270.821,77.6861,2,0
3553,470.871,144.367,2,0
3554,69.6435,178.77,2,0
3555,261.665,109.443,2,0
3556,296.039,111.845,2,0
3557,326.09,153.553,2,0
3558,297.054,81.6553,2,0
3559,36.525,85.4526,2,0
3560,294.414,28.2276,2,0
3561,174.437,119.009,2,0
3562,443.341,111.286,2,0
3563,251.752,9.33477,2,0
3564,436.774,242.895,2,0
3565,542.549,4.89712,2,0
3566,406.306,259.688,2,0
3567,510.22,236.56,2,0
3568,103.125,230.653,2,0
3569,107.176,271.941,2,0
3570,442.208,12.9288,2,0
3571,98.9003,212.918,2,0
3572,280.905,244.023,2,0
3573,23.2889,150.524,2,0
3574,317.557,176.165,2,0
3575,406.308,8.50056,2,0
3576,353.507,62.9696,2,0
3577,56.3389,256.681,2,0
3578,189.938,187.452,2,0
3579,193.54,162.763,2,0
3580,338.965,198.554,2,0
3581,265.536,48.5149,2,0
3582,571.22,80.869,2,0
3583,9.44234,187.656,2,0
3584,527.821,113.465,2,0
3585,505.653,20.2893,2,0
3586,9.10997,87.221,2,0
3587,70.2863,219.12,2,0
3588,183.995,173.583,2,0
3589,315.244,2,2,0
3590,465.134,213.927,2,0
3591,201.53,243.727,2,0
3592,462.306,186.689,2,0
3593,395.101,192.598,2,0
3594,433.939,289.91,2,0
3595,562.814,154.288,2,0
3596,167.109,227.824,2,0
3597,40.8745,298,2,0
3598,553.8,228.298,2,0
3599,96.6378,61.711,2,0
3600,58.7731,249.354,2,0
3601,499.091,248.913,2,0
3602,355.729,178.708,2,0
3603,198.219,213.738,2,0
3604,347.964,64.2393,2,0
3605,318.733,194.62,2,0
3606,23.1838,91.5097,2,0
3607,257.943,198.637,2,0
3608,214.868,122.104,2,0
3609,544.519,241.391,2,0
3610,99.0113,64.9831,2,0
3611,454.251,218.161,2,0
3612,404.548,227.859,2,0
3613,12.3535,105.78,2,0
3614,29.3389,210.803,2,0
3615,34.9937,21.8113,2,0
3616,206.383,40.8817,2,0
3617,323.975,77.6897,2,0
3618,368.685,115.792,2,0
3619,64.0587,233.774,2,0
3620,581.107,241.959,2,0
3621,243.465,189.196,2,0
3622,342.357,62.6376,2,0
3623,113.399,180.428,2,0
3624,425.467,203.611,2,0
3625,595.924,184.433,2,0
3626,7.12015,198.471,2,0
3627,347.111,141.456,2,0
3628,226.183,234.872,2,0
3629,334.687,60.5724,2,0
3630,584.252,282.675,2,0
3631,527.75,134.622,2,0
3632,236.576,137.304,2,0
3633,146.942,16.2891,2,0
3634,595.857,172.419,2,0
3635,515.432,104.949,2,0
3636,22.9936,237.785,2,0
3637,554.845,261.469,2,0
3638,115.095,159.082,2,0
3639,40.6636,27.0092,2,0
3640,316.874,157.172,2,0
3641,470.941,204.541,2,0
3642,382.104,107.492,2,0
3643,588.656,160.677,2,0
3644,441.66,45.0034,2,0
3645,583.524,24.3535,2,0
3646,112.737,58.7749,2,0
3647,81.157,9.55235,2,0
3648,342.265,116.445,2,0
3649,58.461,290.44,2,0
3650,76.0381,156.84,2,0
3651,442.865,2,2,0
3652,392.673,276.923,2,0
3653,49.08,171.866,2,0
3654,295.129,197.683,2,0
3655,535.161,206.683,2,0
3656,138.633,250.93,2,0
3657,391.133,57.628,2,0
3658,468.713,278.328,2,0
3659,259.151,135.631,2,0
3660,136.003,193.928,2,0
3661,204.602,67.4151,2,0
3662,511.279,187.086,2,0
3663,229.587,183.191,2,0
3664,47.7038,157.122,2,0
3665,6.11576,17.1451,2,0
3666,483.982,172.682,2,0
3667,483.04,272.558,2,0
3668,476.48,290.774,2,0
3669,140.888,197.535,2,0
3670,235.849,165.618,2,0
3671,213.371,284.783,2,0
3672,213.664,276.905,2,0
3673,210.823,120.933,2,0
3674,579.291,5.5055,2,0
3675,35.839,165.685,2,0
3676,392.021,165.027,2,0
3677,212.164,161.426,2,0
3678,328.227,89.5375,2,0
3679,96.5445,272.648,2,0
3680,101.678,2,2,0
3681,265.374,191.663,2,0
3682,117.356,86.7555,2,0
3683,141.694,46.3244,2,0
3684,172.324,13.3243,2,0
3685,547.248,249.084,2,0
3686,337.281,42.5174,2,0
3687,38.2869,172.254,2,0
3688,60.5892,70.1902,2,0
3689,366.201,126.286,2,0
3690,15.9988,18.2693,2,0
3691,232.463,86.0111,2,0
3692,245.869,246.287,2,0
3693,446.495,5.90703,2,0
3694,127.445,181.842,2,0
3695,588.436,103.238,2,0
3696,251.162,230.075,2,0
3697,409.16,283.281,2,0
3698,507.198,186.966,2,0
3699,540.818,239.72,2,0
3700,334.674,229.183,2,0
3701,276.609,257.764,2,0
3702,464.431,159.187,2,0
3703,435.611,68.0549,2,0
3704,296.509,269.037,2,0
3705,53.8492,98.3348,2,0
3706,7.17386,191.448,2,0
3707,139.439,24.2074,2,0
3708,252.422,14.494,2,0
3709,190.861,191.351,2,0
3710,132.225,67.217,2,0
3711,154.78,133.68,2,0
3712,100.689,290.925,2,0
3713,75.8785,64.4605,2,0
3714,376.852,44.2968,2,0
3715,29.1881,277.408,2,0
3716,278.891,251.39,2,0
3717,365.202,118.223,2,0
3718,307.545,22.4768,2,0
3719,226.725,205.417,2,0
3720,532.994,279.953,2,0
3721,33.692,31.063,2,0
3722,261.624,59.496,2,0
3723,406.604,191.44,2,0
3724,479.161,51.6901,2,0
3725,351.232,197.569,2,0
3726,252.178,222.884,2,0
3727,535.565,159.947,2,0
3728,424.804,19.8706,2,0
3729,565.51,122.872,2,0
3730,216.489,269.714,2,0
3731,31.2615,171.13,2,0
3732,93.9017,222.328,2,0
3733,345.712,27.5303,2,0
3734,287.176,214.958,2,0
3735,187.779,204.432,2,0
3736,242.512,124.637,2,0
3737,376.063,190.643,2,0
3738,378.418,286.521,2,0
3739,479.812,58.9659,2,0
3740,382.904,59.8835,2,0
3741,542.584,127.681,2,0
3742,181.393,136.031,2,0
3743,411.669,39.723,2,0
3744,562.849,119.871,2,0
3745,201.275,96.2865,2,0
3746,567.764,137.498,2,0
3747,448.084,23.6642,2,0
3748,297.476,291.218,2,0
3749,464.46,272.72,2,0
3750,197.9,131.654,2,0
3751,113.077,15.8148,2,0
3752,323.046,33.3705,2,0
3753,102.676,144.873,2,0
3754,535.753,98.6678,2,0
3755,92.0555,142.465,2,0
3756,51.5199,191.52,2,0
3757,4.03559,61.1479,2,0
3758,286.427,116.09,2,0
3759,433.412,63.6954,2,0
3760,197.515,66.8969,2,0
3761,208.349,65.5431,2,0
3762,167.736,209.294,2,0
3763,312.284,251.067,2,0
3764,387.067,140.908,2,0
3765,111.883,92.4566,2,0
3766,117.537,237.47,2,0
3767,290.68,85.6296,2,0
3768,381.983,189.409,2,0
3769,29.9254,156.121,2,0
3770,528.237,120.954,2,0
3771,52.2824,6.04251,2,0
3772,555.854,196.13,2,0
3773,131.459,25.6353,2,0
3774,179.208,294.485,2,0
3775,387.481,214.436,2,0
3776,153.827,34.3788,2,0
3777,233.349,36.1143,2,0
3778,272.199,65.8572,2,0
3779,69.6603,98.1043,2,0
3780,29.2936,179.046,2,0
3781,286.994,133.693,2,0
3782,369.387,222.07,2,0
3783,33.5447,64.8144,2,0
3784,527.954,53.4246,2,0
3785,385.174,152.102,2,0
3786,343.105,47.028,2,0
3787,554.907,184.17,2,0
3788,436.349,224.796,2,0
3789,139.483,275.743,2,0
3790,70.7291,170.538,2,0
3791,349.899,258.042,2,0
3792,41.3576,124.416,2,0
3793,57.2357,40.1,2,0
3794,186.07,101.847,2,0
3795,465.951,170.221,2,0
3796,258.541,254.101,2,0
3797,311.569,280.126,2,0
3798,178.118,229.391,2,0
3799,37.4205,239.035,2,0
3800,414.99,191.671,2,0
3801,506.9,194.598,2,0
3802,80.2426,224.38,2,0
3803,598.963,14.7569,2,0
3804,485.919,108.309,2,0
3805,279.27,95.191,2,0
3806,258.21,91.5801,2,0
3807,429.428,298,2,0
3808,409.669,181.55,2,0
3809,25.7797,98.4003,2,0
3810,0.259983,230.51,2,0
3811,143.554,23.6926,2,0
3812,177.044,57.4143,2,0
3813,32.4753,85.325,2,0
3814,115.098,62.5668,2,0
3815,283.938,57.3088,2,0
3816,28.169,9.44788,2,0
3817,302.627,18.705,2,0
3818,181.869,41.6586,2,0
3819,137.488,190.146,2,0
3820,304.731,99.5933,2,0
3821,490.786,184.498,2,0
3822,162.983,130.967,2,0
3823,361.492,294.536,2,0
3824,26.0474,200.709,2,0
3825,557.974,50.8739,2,0
3826,430.875,277.072,2,0
3827,481.761,107.643,2,0
3828,553.309,29.2609,2,0
3829,200.671,199.28,2,0
3830,197.673,283.801,2,0
3831,258.824,53.0006,2,0
3832,412.887,103.354,2,0
3833,245.533,225.876,2,0
3834,481.349,263.665,2,0
3835,378.699,78.4547,2,0
3836,574.68,228.158,2,0
3837,246.193,280.287,2,0
3838,285.386,109.311,2,0
3839,455.351,108.46,2,0
3840,330.736,127.443,2,0
3841,189.183,211.679,2,0
3842,203.305,33.5115,2,0
3843,12.448,30.0662,2,0
3844,584.13,257.964,2,0
3845,328.582,195.716,2,0
3846,422.493,117.178,2,0
3847,510.967,127.984,2,0
3848,235.695,129.182,2,0
3849,409.254,252.082,2,0
3850,116.039,122.207,2,0
3851,397.987,139.71,2,0
3852,385.29,160.678,2,0
3853,49.9239,43.0877,2,0
3854,229.306,256.968,2,0
3855,343.192,262.56,2,0
3856,452.283,249.854,2,0
3857,484.308,198.786,2,0
3858,345.487,152.172,2,0
3859,374.473,232.62,2,0
3860,176.948,78.3076,2,0
3861,510.287,207.412,2,0
3862,224.229,177.008,2,0
3863,557.526,167.154,2,0
3864,48.6675,29.5246,2,0
3865,341.631,150.82,2,0
3866,80.8765,147.121,2,0
3867,91.5438,78.5998,2,0
3868,509.178,22.1769,2,0
3869,460.618,37.3851,2,0
3870,83.3049,56.3467,2,0
3871,313.21,187.629,2,0
3872,224.68,9.69363,2,0
3873,234.128,82.0086,2,0
3874,162.684,239.133,2,0
3875,232.207,105.183,2,0
3876,587.59,274.526,2,0
3877,186.329,5.71234,2,0
3878,522.202,228.396,2,0
3879,172.863,105.552,2,0
3880,156.479,97.2155,2,0
3881,18.3397,208.565,2,0
3882,451.1,279.8,2,0
3883,168.343,14.2082,2,0
3884,0.367504,52.7546,2,0
3885,265.881,152.584,2,0
3886,330.647,60.4548,2,0
3887,251.531,262.257,2,0
3888,32.93,289.519,2,0
3889,41.2869,228.497,2,0
3890,341.359,286.638,2,0
3891,247.483,135.58,2,0
3892,255.541,50.6541,2,0
3893,292.344,268.606,2,0
3894,104.814,254.189,2,0
3895,65.6891,270.881,2,0
3896,21.1101,218.953,2,0
3897,423.534,44.5859,2,0
3898,341.004,86.8934,2,0
3899,33.5334,244.91,2,0
3900,472.499,67.7744,2,0
3901,208.183,175.466,2,0
3902,67.0548,216.515,2,0
3903,403.135,135.5,2,0
3904,505.836,110.897,2,0
3905,347.294,157.031,2,0
3906,447.397,219.705,2,0
3907,388.645,130.666,2,0
3908,66.3669,220.472,2,0
3909,30.9426,136.376,2,0
3910,49.2438,278.727,2,0
3911,201.812,266.408,2,0
3912,316.13,217.598,2,0
3913,260.585,10.1684,2,0
3914,121.566,230.405,2,0
3915,256.198,12.9797,2,0
3916,419.966,112.73,2,0
3917,368.527,111.712,2,0
3918,16.1188,69.4142,2,0
3919,504.177,293.864,2,0
3920,462.131,20.419,2,0
3921,114.928,298,2,0
3922,573.072,91.5301,2,0
3923,164.265,88.3003,2,0
3924,224.198,257.808,2,0
3925,125.372,209.119,2,0
3926,14.4936,160.467,2,0
3927,79.0088,45.5095,2,0
3928,499.901,263.579,2,0
3929,396.069,161.852,2,0
3930,576.656,205.792,2,0
3931,218.577,35.7907,2,0
3932,404.629,267.617,2,0
3933,150.361,163.835,2,0
3934,528.758,237.029,2,0
3935,195.426,277.018,2,0
3936,221.083,65.2242,2,0
3937,146.688,206.701,2,0
3938,467.751,12.8772,2,0
3939,291.311,31.0072,2,0
3940,143.516,145.241,2,0
3941,229.808,89.1044,2,0
3942,25.1464,192.531,2,0
3943,101.487,120.72,2,0
3944,287.377,175.021,2,0
3945,176.616,104.054,2,0
3946,19.3616,234.759,2,0
3947,513.444,280.321,2,0
3948,337.801,12.6927,2,0
3949,455.503,51.369,2,0
3950,521.569,154.74,2,0
3951,340.887,220.606,2,0
3952,66.4074,176.144,2,0
3953,74.688,239.604,2,0
3954,272.753,162.238,2,0
3955,295.157,73.9708,2,0
3956,520.785,5.61226,2,0
3957,167.396,90.9166,2,0
3958,481.981,77.5073,2,0
3959,184.546,281.911,2,0
3960,231.972,143.349,2,0
3961,22.4055,250.304,2,0
3962,132.384,143.887,2,0
3963,246.297,126.32,2,0
3964,580.834,68.0792,2,0
3965,386.917,4.84298,2,0
3966,133.272,262.27,2,0
3967,425.698,72.8636,2,0
3968,9.56198,150.395,2,0
3969,275.577,84.2304,2,0
3970,4.44146,42.7476,2,0
3971,70.2338,28.4639,2,0
3972,420.069,212.005,2,0
3973,140.944,271.969,2,0
3974,54.4444,290.487,2,0
3975,430.155,66.0684,2,0
3976,479.735,275.488,2,0
3977,409.415,5.93194,2,0
3978,392.371,146.845,2,0
3979,466.751,46.5376,2,0
3980,551.884,181.37,2,0
3981,259.696,43.6525,2,0
3982,67.4125,244.961,2,0
3983,340.466,59.0585,2,0
3984,264.612,283.689,2,0
3985,187.499,81.6617,2,0
3986,486.979,87.2551,2,0
3987,162.842,61.4821,2,0
3988,309.2,14.8842,2,0
3989,232.489,259.506,2,0
3990,438.359,215.319,2,0
3991,285.442,137.458,2,0
3992,249.368,179.447,2,0
3993,591.219,135.957,2,0
3994,53.1228,238.468,2,0
3995,156.662,51.7196,2,0
3996,281.343,80.0553,2,0
3997,386.203,136.903,2,0
3998,360.721,135.589,2,0
3999,258.905,219.417,2,0
4000,283.17,65.5544,2,0
4001,66.1918,76.038,2,0
4002,265.573,217.267,2,0
4003,455.53,5.46933,2,0
4004,262.351,272.471,2,0
4005,110.197,169.292,2,0
4006,478.285,166.919,2,0
4007,239.639,199.677,2,0
4008,199.75,128.103,2,0
4009,107.552,135.253,2,0
4010,205.778,271.745,2,0
4011,152.814,52.813,2,0
4012,169.46,56.891,2,0
4013,88.8628,232.976,2,0
4014,447.63,27.6753,2,0
4015,293.473,250.419,2,0
4016,583.195,110.301,2,0
4017,46.6376,45.5701,2,0
4018,257.548,237.995,2,0
4019,369.505,123.779,2,0
4020,461.865,98.6857,2,0
4021,35.1189,169.808,2,0
4022,55.5262,120.853,2,0
4023,194.658,281.067,2,0
4024,205.979,275.895,2,0
4025,165.582,231.557,2,0
4026,414.246,151.276,2,0
4027,57.2118,231.821,2,0
4028,581.054,131.636,2,0
4029,459.68,45.737,2,0
4030,277.394,52.431,2,0
4031,15.4614,77.3976,2,0
4032,30.9002,6.36696,2,0
4033,246.704,62.4037,2,0
4034,353.178,5.86487,2,0
4035,295.527,10.0885,2,0
4036,365.201,268.42,2,0
4037,410.347,156.921,2,0
4038,537.582,254.269,2,0
4039,291.8,229.462,2,0
4040,342.18,163.349,2,0
4041,91.2286,150.659,2,0
4042,299.97,110.057,2,0
4043,508.78,153.301,2,0
4044,162.841,287.219,2,0
4045,380.052,245.846,2,0
4046,567.134,234.84,2,0
4047,111.316,245.157,2,0
4048,9.4607,154.47,2,0
4049,577.507,217.738,2,0
4050,576.225,255.739,2,0
4051,248.988,114.78,2,0
4052,326.169,192.458,2,0
4053,417.547,203.326,2,0
4054,183.639,277.928,2,0
4055,572.434,47.7845,2,0
4056,474.757,40.1659,2,0
4057,386.118,210.473,2,0
4058,587.286,12.6961,2,0
4059,248.389,249.479,2,0
4060,419.81,263.062,2,0
4061,239.104,228.72,2,0
4062,295.752,277.501,2,0
4063,221.608,157.964,2,0
4064,508.806,183.255,2,0
4065,311.853,180.747,2,0
4066,315.815,48.8127,2,0
4067,172.795,40.4454,2,0
4068,531.311,244.884,2,0
4069,56.2056,208.695,2,0
4070,275.064,249.677,2,0
4071,71.052,94.2321,2,0
4072,538.017,29.17,2,0
4073,293.213,24.1696,2,0
4074,208.32,198.674,2,0
4075,473.825,17.4608,2,0
4076,326.063,114.069,2,0
4077,519.513,78.8148,2,0
4078,369.877,146.294,2,0
4079,98.1001,76.1223,2,0
4080,559.356,198.175,2,0
4081,194.796,56.5402,2,0
4082,572.456,37.0107,2,0
4083,598.794,118.242,2,0
4084,35.6079,184.198,2,0
4085,389.128,37.7884,2,0
4086,108.105,16.6083,2,0
4087,395.425,226.966,2,0
4088,574.522,187.138,2,0
4089,55.1425,113.558,2,0
4090,512.716,174.543,2,0
4091,176.198,244.351,2,0
4092,111.991,77.6704,2,0
4093,310.137,166.521,2,0
4094,331.073,20.296,2,0
4095,569.551,205.098,2,0
4096,126.601,136.939,2,0
4097,167.532,37.5207,2,0
4098,327.894,188.699,2,0
4099,13.9728,26.33,2,0
4100,428.761,44.4373,2,0
4101,26.6303,240.425,2,0
4102,330.761,280.798,2,0
4103,52.9265,205.95,2,0
4104,558.226,23.8974,2,0
4105,292.161,237.619,2,0
4106,70.3436,131.151,2,0
4107,279.088,124.257,2,0
4108,74.7659,195.838,2,0
4109,572.17,298,2,0
4110,488.563,195.476,2,0
4111,573.087,216.644,2,0
4112,376.596,261.743,2,0
4113,551.94,105.383,2,0
4114,126.978,185.835,2,0
4115,562.956,101.836,2,0
4116,280.877,227.853,2,0
4117,12.6412,223.265,2,0
4118,378.172,210.66,2,0
4119,226.109,216.826,2,0
4120,250.512,294.42,2,0
4121,384.845,85.191,2,0
4122,187.614,279.334,2,0
4123,556.483,56.2841,2,0
4124,114.794,5.95135,2,0
4125,532.333,226.74,2,0
4126,332.46,98.769,2,0
4127,521.873,239.039,2,0
4128,537.708,64.8296,2,0
4129,316.397,84.1909,2,0
4130,57.202,279.566,2,0
4131,227.672,118.145,2,0
4132,398.143,212.936,2,0
4133,493.668,40.9233,2,0
4134,398.838,11.6095,2,0
4135,212.052,208.669,2,0
4136,554.006,287.199,2,0
4137,33.6824,126.321,2,0
4138,247.351,196.327,2,0
4139,11.1012,40.3705,2,0
4140,337.286,35.4578,2,0
4141,95.9034,92.8432,2,0
4142,396.004,106.255,2,0
4143,143.075,65.6935,2,0
4144,435.382,17.6913,2,0
4145,403.169,42.3797,2,0
4146,447.911,166.494,2,0
4147,258.86,151.547,2,0
4148,152.138,174.815,2,0
4149,324.274,148.914,2,0
4150,121.866,130.52,2,0
4151,84.3364,2,2,0
4152,9.77354,98.1018,2,0
4153,45.1976,205.177,2,0
4154,564.044,184.253,2,0
4155,99.3267,269.664,2,0
4156,375.486,106.273,2,0
4157,425.574,290.877,2,0
4158,309.184,83.1573,2,0
4159,566.238,279.702,2,0
4160,104.059,163.979,2,0
4161,471.496,208.853,2,0
4162,598.892,151.856,2,0
4163,365.061,276.781,2,0
4164,102.545,105.607,2,0
4165,343.064,198.144,2,0
4166,22.7794,246.279,2,0
4167,397.313,251.397,2,0
4168,88.3065,109.316,2,0
4169,407.65,39.8785,2,0
4170,120.87,109.303,2,0
4171,56.1264,172.874,2,0
4172,521.577,171.942,2,0
4173,181.194,76.4409,2,0
4174,592.783,18.2768,2,0
4175,44.0344,247.686,2,0
4176,460.292,179.96,2,0
4177,78.6149,67.5091,2,0
4178,130.395,50.7782,2,0
4179,442.828,82.8847,2,0
4180,396.381,275.177,2,0
4181,127.062,75.3389,2,0
4182,193.638,290.273,2,0
4183,190.263,201.287,2,0
4184,122.662,138.049,2,0
4185,110.238,249.085,2,0
4186,199.925,275.916,2,0
4187,394.336,80.8373,2,0
4188,438.462,42.5083,2,0
4189,11.4325,69.393,2,0
4190,586.695,270.381,2,0
4191,40.7549,109.889,2,0
4192,150.788,156.806,2,0
4193,343.147,270.716,2,0
4194,224.597,151.206,2,0
4195,403.491,168.96,2,0
4196,68.8467,121.51,2,0
4197,279.491,41.1484,2,0
4198,89.3184,29.2512,2,0
4199,110.775,5.92545,2,0
4200,228.156,153.152,2,0
4201,183.241,224.479,2,0
4202,109.887,231.889,2,0
4203,2.47803,5.46156,2,0
4204,412.368,81.3591,2,0
4205,400.103,227.392,2,0
4206,462.884,280.143,2,0
4207,346.469,242.546,2,0
4208,469.144,24.47,2,0
4209,40.2331,214.153,2,0
4210,268.703,172.946,2,0
4211,83.7001,153.806,2,0
4212,282.406,199.282,2,0
4213,196.985,258.517,2,0
4214,56.7102,71.4588,2,0
4215,92.5842,110.959,2,0
4216,52.0055,214.138,2,0
4217,521.737,250.017,2,0
4218,495.97,273.702,2,0
4219,553.092,2,2,0
4220,475.375,111.158,2,0
4221,425.663,12.8994,2,0
4222,383.138,202.855,2,0
4223,52.4281,210.04,2,0
4224,430.084,94.0062,2,0
4225,141.053,98.1699,2,0
4226,81.3073,220.477,2,0
4227,542.719,141.983,2,0
4228,281.049,109.91,2,0
4229,416.324,40.768,2,0
4230,138.506,268.72,2,0
4231,347.044,211.844,2,0
4232,598.492,211.143,2,0
4233,499.903,136.859,2,0
4234,287.771,239.714,2,0
4235,534.494,127.979,2,0
4236,175.753,17.4088,2,0
4237,102.178,272.523,2,0
4238,446.299,12.8346,2,0
4239,129.24,274.975,2,0
4240,122.091,251.88,2,0
4241,594.312,226.742,2,0
4242,391.075,127.465,2,0
4243,55.72,105.909,2,0
4244,296.32,162.133,2,0
4245,409.951,177.518,2,0
4246,467.691,5.60244,2,0
4247,414.804,276.987,2,0
4248,216.577,2,2,0
4249,197.129,33.0632,2,0
4250,590.559,271.654,2,0
4251,479.889,128.038,2,0
4252,19.1785,120.532,2,0
4253,310.237,59.5605,2,0
4254,20.72,135.113,2,0
4255,392.625,155.113,2,0
4256,201.671,86.3234,2,0
4257,349.714,134.858,2,0
4258,529.247,150.479,2,0
4259,537.062,280.05,2,0
4260,53.5059,102.387,2,0
4261,40.8461,178.947,2,0
4262,132.772,166.622,2,0
4263,325.642,198.475,2,0
4264,141.751,163.928,2,0
4265,1.7921,35.0075,2,0
4266,455.739,100.313,2,0
4267,102.402,250.987,2,0
4268,298.976,165.228,2,0
4269,331.671,42.4249,2,0
4270,327.887,208.934,2,0
4271,523.052,80.9744,2,0
4272,152.664,290.776,2,0
4273,243.007,128.733,2,0
4274,439.177,182.113,2,0
4275,537.856,74.0971,2,0
4276,510.842,2,2,0
4277,120.421,181.178,2,0
4278,584.303,154.995,2,0
4279,558.268,214.54,2,0
4280,298.756,56.2286,2,0
4281,468.484,216.133,2,0
4282,351.337,99.5686,2,0
4283,154.825,129.678,2,0
4284,437.46,64.4749,2,0
4285,332.302,170.951,2,0
4286,476.342,70.4392,2,0
4287,245.834,122.275,2,0
4288,357.898,102.228,2,0
4289,22.0101,272.178,2,0
4290,596.575,236.505,2,0
4291,224.374,298,2,0
4292,83.1383,227.213,2,0
4293,126.732,125.518,2,0
4294,380.594,206.078,2,0
4295,281.406,37.5968,2,0
4296,270.861,147.273,2,0
4297,167.847,2,2,0
4298,138.237,2,2,0
4299,386.501,251.036,2,0
4300,166.241,250.629,2,0
4301,512.763,142.292,2,0
4302,31.4453,89.2876,2,0
4303,487.513,72.2895,2,0
4304,77.5345,279.786,2,0
4305,523.472,232.26,2,0
4306,300.724,146.372,2,0
4307,308.302,97.6869,2,0
4308,370.89,5.9431,2,0
4309,288.403,231.619,2,0
4310,37.3612,124.644,2,0
4311,576.126,213.851,2,0
4312,401.588,82.4886,2,0
4313,515.061,127.494,2,0
4314,254.647,161.473,2,0
4315,289.068,89.4594,2,0
4316,319.02,81.1038,2,0
4317,186.466,142.17,2,0
4318,71.6208,193.152,2,0
4319,429.347,225.539,2,0
4320,154.041,109.081,2,0
4321,192.558,38.9644,2,0
4322,361.699,270.377,2,0
4323,188.217,69.7399,2,0
4324,337.031,145.274,2,0
4325,516.24,201.658,2,0
4326,51.2911,275.192,2,0
4327,175.058,294.469,2,0
4328,470.083,99.6941,2,0
4329,182.754,235.982,2,0
4330,524.717,127.518,2,0
4331,257.282,102.726,2,0
4332,596.53,223.296,2,0
4333,264.053,224.272,2,0
4334,75.1327,93.5787,2,0
4335,18.3983,158.618,2,0
4336,251.731,93.3422,2,0
4337,258.831,16.0899,2,0
4338,191.816,28.0414,2,0
4339,555.846,298,2,0
4340,36.8645,117.592,2,0
4341,533.5,287.317,2,0
4342,519.109,46.2073,2,0
4343,554.244,95.0267,2,0
4344,533.527,253.392,2,0
4345,177.399,240.512,2,0
4346,488.024,187.426,2,0
4347,501.507,149.478,2,0
4348,434.417,106.855,2,0
4349,543.797,290.921,2,0
4350,72.9415,78.5355,2,0
4351,194.633,109.446,2,0
4352,335.69,241.297,2,0
4353,495.952,31.0573,2,0
4354,587.592,25.0864,2,0
4355,17.2457,187.431,2,0
4356,286.791,170.598,2,0
4357,376.55,206.954,2,0
4358,181.146,298,2,0
4359,344.061,144.058,2,0
4360,584.214,202.948,2,0
4361,186.648,288.747,2,0
4362,508.639,142.64,2,0
4363,599.023,7.65917,2,0
4364,361.905,120.733,2,0
4365,90.6939,154.668,2,0
4366,230.747,205.887,2,0
4367,135.06,93.1405,2,0
4368,325.309,141.195,2,0
4369,108.65,131.373,2,0
4370,425.21,137.632,2,0
4371,385.02,164.722,2,0
4372,427.66,265.155,2,0
4373,169.645,230.92,2,0
4374,297.6,169.189,2,0
4375,536.192,155.893,2,0
4376,467.897,237.319,2,0
4377,476.717,197.783,2,0
4378,434.568,53.5613,2,0
4379,569.855,50.8064,2,0
4380,285.778,49.5661,2,0
4381,101.223,280.387,2,0
4382,398.104,79.4646,2,0
4383,295.031,165.989,2,0
4384,301.793,157.671,2,0
4385,131.372,205.154,2,0
4386,308.572,170.29,2,0
4387,51.606,150.616,2,0
4388,500.174,294.01,2,0
4389,71.3148,43.4314,2,0
4390,193.539,98.6003,2,0
4391,527.091,75.3973,2,0
4392,400.247,91.1334,2,0
4393,86.5161,209.902,2,0
4394,214.055,106.381,2,0
4395,153.539,253.103,2,0
4396,471.01,52.776,2,0
4397,306.638,209.794,2,0
4398,275.552,201.192,2,0
4399,517.194,205.765,2,0
4400,91.915,177.426,2,0
4401,586.868,135.86,2,0
4402,202.838,26.0651,2,0
4403,425.114,94.7506,2,0
4404,564.095,53.8422,2,0
4405,320.049,224.26,2,0
4406,520.86,58.8321,2,0
4407,14.6632,226.896,2,0
4408,523.753,158.336,2,0
4409,475.572,269.307,2,0
4410,582.482,180.929,2,0
4411,170.525,212.318,2,0
4412,194.266,140.138,2,0
4413,193.921,132.988,2,0
4414,255.814,94.7968,2,0
4415,505.294,24.3593,2,0
4416,464.813,31.5449,2,0
4417,362.131,143.607,2,0
4418,58.5779,260.784,2,0
4419,580.57,153.543,2,0
4420,21.9768,201.165,2,0
4421,419.881,236.726,2,0
4422,197.751,236.427,2,0
4423,192.564,294.232,2,0
4424,169.454,171.029,2,0
4425,414.292,242.987,2,0
4426,565.329,98.5851,2,0
4427,508.612,287.008,2,0
4428,143.76,118.183,2,0
4429,246.725,87.9081,2,0
4430,43.2766,94.3713,2,0
4431,435.685,220.808,2,0
4432,139.643,57.568,2,0
4433,201.9,155.008,2,0
4434,433.842,6.27465,2,0
4435,163.839,210.329,2,0
4436,93.9325,227.993,2,0
4437,261.534,238.575,2,0
4438,456.392,127.797,2,0
4439,253.588,145.465,2,0
4440,84.8363,28.6898,2,0
4441,524.698,236.204,2,0
4442,75.1787,57.9246,2,0
4443,570.535,192.962,2,0
4444,1.5727,244.478,2,0
4445,331.121,265.208,2,0
4446,352.833,233.952,2,0
4447,421.771,256.299,2,0
4448,8.48992,298,2,0
4449,180.69,124.235,2,0
4450,71.9644,198.708,2,0
4451,480.573,188.604,2,0
4452,196.065,247.309,2,0
4453,343.203,6.01261,2,0
4454,295.901,36.6833,2,0
4455,144.268,80.3989,2,0
4456,320.884,228.209,2,0
4457,482.55,151.239,2,0
4458,561.113,9.00864,2,0
4459,533.997,241.911,2,0
4460,323.386,231.573,2,0
4461,557.062,2,2,0
4462,460.822,208.43,2,0
4463,166.747,238.749,2,0
4464,254.384,30.9828,2,0
4465,274.342,197.271,2,0
4466,477.792,16.7132,2,0
4467,544.275,181.865,2,0
4468,540.78,131.305,2,0
4469,475.929,149.284,2,0
4470,19.2748,252.911,2,0
4471,569.49,98.7349,2,0
4472,500.492,298,2,0
4473,43.1036,198.743,2,0
4474,365.311,20.4045,2,0
4475,315.515,140.69,2,0
4476,234.062,94.6688,2,0
4477,322.045,246.416,2,0
4478,111.94,255.869,2,0
4479,415.553,25.631,2,0
4480,563.098,5.49238,2,0
4481,493.419,121.363,2,0
4482,508.645,202.662,2,0
4483,404.283,210.138,2,0
4484,599.115,147.737,2,0
4485,266.703,287.231,2,0
4486,423.546,57.0123,2,0
4487,516.728,5.59389,2,0
4488,475.096,52.2913,2,0
4489,205.489,156.927,2,0
4490,30.9812,221.846,2,0
4491,187.771,55.9658,2,0
4492,542.592,39.1211,2,0
4493,235.888,6.95549,2,0
4494,368.76,205.123,2,0
4495,94.1632,288.332,2,0
4496,348.06,68.3614,2,0
4497,156.845,115.795,2,0
4498,402.46,126.41,2,0
4499,268.021,250.13,2,0
4500,582.356,235.009,2,0
4501,367.835,82.2798,2,0
4502,92.4967,50.7824,2,0
4503,251.226,36.7943,2,0
4504,534.547,219.541,2,0
4505,102.657,82.9888,2,0
4506,487.966,272.586,2,0
4507,287.397,59.6935,2,0
4508,86.6257,240.89,2,0
4509,240.064,276.616,2,0
4510,586.279,286.292,2,0
4511,50.3774,9.67402,2,0
4512,216.55,8.60968,2,0
4513,67.9218,45.6743,2,0
4514,156.326,16.7209,2,0
4515,311.052,72.3023,2,0
4516,345.078,160.446,2,0
4517,319.286,42.0724,2,0
4518,169.425,256.455,2,0
4519,78.3379,113.422,2,0
4520,12.5145,170.3,2,0
4521,315.927,237.362,2,0
4522,47.1403,282.278,2,0
4523,320.194,273.521,2,0
4524,91.6535,250.224,2,0
4525,331.045,81.9444,2,0
4526,591.299,110.858,2,0
4527,437.356,50.5899,2,0
4528,200.003,35.8963,2,0
4529,258.086,139.874,2,0
4530,357.442,256.211,2,0
4531,239.302,172.204,2,0
4532,128.547,238.745,2,0
4533,308.194,294.517,2,0
4534,424.218,174.343,2,0
4535,483.004,237.147,2,0
4536,597.49,63.5573,2,0
4537,204.682,113.713,2,0
4538,467.097,266.313,2,0
4539,556.341,98.4813,2,0
4540,200.103,230.808,2,0
4541,180.054,266.357,2,0
4542,73.9024,82.4233,2,0
4543,367.168,170.184,2,0
4544,24.3497,133.043,2,0
4545,251.499,135.083,2,0
4546,211.517,246.708,2,0
4547,302.853,93.4728,2,0
4548,246.426,172.929,2,0
4549,0.307165,282.045,2,0
4550,533.498,92.2035,2,0
4551,150.239,36.2253,2,0
4552,571.065,87.9473,2,0
4553,41.7061,30.8543,2,0
4554,417.125,44.8111,2,0
4555,500.062,274.304,2,0
4556,216.046,160.356,2,0
4557,522.194,270.992,2,0
4558,40.9991,117.434,2,0
4559,284.859,119.844,2,0
4560,447.583,151.44,2,0
4561,240.433,210.545,2,0
4562,292.858,45.7082,2,0
4563,338.986,70.0469,2,0
4564,427.262,200.034,2,0
4565,276.605,163.757,2,0
4566,381.675,231.413,2,0
4567,346.473,190.833,2,0
4568,317.051,262.285,2,0
4569,349.244,160.526,2,0
4570,96.1533,136.498,2,0
4571,370.039,127.84,2,0
4572,511.436,240.476,2,0
4573,16.0427,205.089,2,0
4574,169.227,216.355,2,0
4575,411.566,24.944,2,0
4576,279.686,167.118,2,0
4577,252.673,298,2,0
4578,302.208,273.329,2,0
4579,567.041,87.8807,2,0
4580,361.555,266.318,2,0
4581,592.491,170.06,2,0
4582,336.115,217.623,2,0
4583,125.004,162.854,2,0
4584,494.901,55.0753,2,0
4585,422.886,181.966,2,0
4586,306.42,61.0481,2,0
4587,461.492,232.587,2,0
4588,93.2703,264.39,2,0
4589,320.407,99.7003,2,0
4590,241.392,257.68,2,0
4591,202.885,278.673,2,0
4592,4.55994,130.156,2,0
4593,590.613,200.225,2,0
4594,441.093,137.754,2,0
4595,394.502,136.32,2,0
4596,558.459,117.032,2,0
4597,14.8659,294.333,2,0
4598,440.381,267.15,2,0
4599,252.549,97.3144,2,0
4600,539.602,283.528,2,0
4601,34.9616,188.23,2,0
4602,497.565,95.6191,2,0
4603,253.034,149.521,2,0
4604,485.785,93.49,2,0
4605,391.485,190.401,2,0
4606,546.263,231.664,2,0
4607,161.169,283.408,2,0
4608,444.217,24.7456,2,0
4609,261.878,40.2376,2,0
4610,590.187,287.264,2,0
4611,88.9938,92.0646,2,0
4612,163.802,7.42325,2,0
4613,526.528,263.071,2,0
4614,235.432,102.675,2,0
4615,468.622,147.746,2,0
4616,27.2674,31.6692,2,0
4617,134.584,251.512,2,0
4618,19.3366,243.957,2,0
4619,387.217,62.9526,2,0
4620,351.76,124.176,2,0
4621,189.716,291.386,2,0
4622,472.494,161.064,2,0
4623,354.366,117.707,2,0
4624,244.853,94.7908,2,0
4625,83.8074,181.224,2,0
4626,285.481,36.8211,2,0
4627,262.543,287.328,2,0
4628,302.756,235.006,2,0
4629,545.799,206.661,2,0
4630,444.553,51.9613,2,0
4631,451.036,141.646,2,0
4632,331.866,68.0676,2,0
4633,153.408,204.919,2,0
4634,468.357,80.3588,2,0
4635,116.036,208.199,2,0
4636,74.1048,142.201,2,0
4637,354.231,262.528,2,0
4638,95.5236,144.622,2,0
4639,556.975,236.101,2,0
4640,397.078,270.677,2,0
4641,596.367,52.0456,2,0
4642,323.03,96.4987,2,0
4643,551.114,231.281,2,0
4644,40.8796,241.225,2,0
4645,73.1057,10.025,2,0
4646,63.1682,62.3746,2,0
4647,197.23,71.0262,2,0
4648,268.22,144.18,2,0
4649,446.439,215.806,2,0
4650,288.936,183.017,2,0
4651,276.78,290.94,2,0
4652,78.7278,207.508,2,0
4653,364.47,281.179,2,0
4654,278.392,198.261,2,0
4655,377.393,248.959,2,0
4656,368.483,9.20893,2,0
4657,545.417,266.716,2,0
4658,393.621,20.9873,2,0
4659,214.899,56.3017,2,0
4660,396.591,117.111,2,0
4661,10.8178,166.556,2,0
4662,212.721,216.677,2,0
4663,51.6031,106.424,2,0
4664,221.874,73.6008,2,0
4665,211.895,95.4939,2,0
4666,534.79,41.862,2,0
4667,575.235,5.49169,2,0
4668,519.002,2,2,0
4669,277.221,80.5316,2,0
4670,216.835,148.572,2,0
4671,453.66,36.656,2,0
4672,375.41,36.4916,2,0
4673,548.174,263.719,2,0
4674,504.507,286.785,2,0
4675,253.226,47.1751,2,0
4676,547.794,160.204,2,0
4677,491.723,30.1657,2,0
4678,84.6895,248.829,2,0
4679,2.54839,84.4202,2,0
4680,244.081,39.2728,2,0
4681,195.196,52.452,2,0
4682,24.1575,188.614,2,0
4683,375.858,213.973,2,0
4684,353.423,250.39,2,0
4685,367.181,61.9106,2,0
4686,302.223,201.548,2,0
4687,262.471,127.232,2,0
4688,198.167,58.7364,2,0
4689,395.12,244.627,2,0
4690,588.872,69.3934,2,0
4691,335.816,31.6242,2,0
4692,252.296,185.92,2,0
4693,449.088,247.424,2,0
4694,332.521,64.0686,2,0
4695,238.085,59.4557,2,0
4696,25.5546,279.168,2,0
4697,144.484,160.034,2,0
4698,365.124,74.5161,2,0
4699,353.446,242.197,2,0
4700,546.253,12.183,2,0
4701,297.734,50.6294,2,0
4702,451.108,122.911,2,0
4703,530.138,219.181,2,0
4704,354.269,211.062,2,0
4705,578.2,294.414,2,0
4706,45.1361,150.075,2,0
4707,498.3,47.7155,2,0
4708,580.884,195.892,2,0
4709,531.578,106.235,2,0
4710,149.987,108.479,2,0
4711,196.032,29.0752,2,0
4712,161.556,232.203,2,0
4713,483.38,73.5601,2,0
4714,40.588,271.879,2,0
4715,585.577,76.7814,2,0
4716,382.781,78.0936,2,0
4717,549.405,30.2109,2,0
4718,598.803,156.146,2,0
4719,303.37,103.416,2,0
4720,327.119,181.94,2,0
4721,191.499,239.777,2,0
4722,213.986,132.696,2,0
4723,88.0739,263.081,2,0
4724,148.689,199.874,2,0
4725,215.638,288.198,2,0
4726,117.347,142.888,2,0
4727,466.462,245.219,2,0
4728,421.556,143.115,2,0
4729,284.375,32.4179,2,0
4730,452.161,191.212,2,0
4731,281.165,195.374,2,0
4732,312.281,148.174,2,0
4733,187.682,172.021,2,0
4734,206.304,105.764,2,0
4735,48.0807,189.293,2,0
4736,20.721,223.816,2,0
4737,313.063,261.552,2,0
4738,452.093,48.7783,2,0
4739,366.741,232.531,2,0
4740,346.751,272.63,2,0
4741,330.111,227.082,2,0
4742,490.05,9.01744,2,0
4743,269.55,218.129,2,0
4744,86.9761,5.77553,2,0
4745,280.31,131.083,2,0
4746,507.388,72.0884,2,0
4747,473.208,171.93,2,0
4748,351.384,157.146,2,0
4749,485.159,265.145,2,0
4750,245.489,203.884,2,0
4751,307.349,46.2212,2,0
4752,24.2236,76.6583,2,0
4753,64.983,69.2292,2,0
4754,519.54,298,2,0
4755,67.2161,208.43,2,0
4756,499.515,61.7265,2,0
4757,89.6809,206.767,2,0
4758,36.6655,52.3898,2,0
4759,375.528,25.2096,2,0
4760,469.002,188.565,2,0
4761,156.415,225.548,2,0
4762,173.417,101.578,2,0
4763,275.932,103.705,2,0
4764,55.8794,128.258,2,0
4765,497.429,122.059,2,0
4766,181.869,47.5296,2,0
4767,201.07,262.405,2,0
4768,268.694,290.943,2,0
4769,502.293,9.29881,2,0
4770,112.3,115.507,2,0
4771,161.737,173.348,2,0
4772,96.6347,14.1177,2,0
4773,580.143,208.177,2,0
4774,481.08,169.928,2,0
4775,557.209,28.3577,2,0
4776,282.022,14.0363,2,0
4777,91.3031,274.542,2,0
4778,122.401,271.009,2,0
4779,48.288,215.674,2,0
4780,207.884,248.508,2,0
4781,499.959,43.9738,2,0
4782,584.313,173.91,2,0
4783,388.233,145.954,2,0
4784,421.414,93.0846,2,0
4785,37.4294,268.75,2,0
4786,518.491,86.7984,2,0
4787,411.995,122.01,2,0
4788,324.317,259.909,2,0
4789,188.375,168.003,2,0
4790,333.041,202.509,2,0
4791,412.856,55.9353,2,0
4792,532.825,175.757,2,0
4793,154.09,240.974,2,0
4794,541.413,266.648,2,0
4795,531.467,234.015,2,0
4796,212.053,232.444,2,0
4797,347.409,5.97918,2,0
4798,70.7661,238.615,2,0
4799,565.223,77.3471,2,0
4800,460.043,41.64,2,0
4801,479.095,99.8742,2,0
4802,117.341,59.1811,2,0
4803,502.321,290.301,2,0
4804,339.733,277.088,2,0
4805,337.519,157.769,2,0
4806,67.7452,212.566,2,0
4807,266.764,294.484,2,0
4808,445.971,89.9841,2,0
4809,258.27,159.692,2,0
4810,539.579,205.97,2,0
4811,173.266,67.9183,2,0
4812,202.951,90.2997,2,0
4813,550.626,145.554,2,0
4814,499.022,27.9837,2,0
4815,209.493,155.157,2,0
4816,54.2211,83.8282,2,0
4817,341.326,17.0297,2,0
4818,14.1012,93.5885,2,0
4819,583.631,128.4,2,0
4820,348.701,126.773,2,0
4821,152.238,17.0048,2,0
4822,22.4334,208.282,2,0
4823,314.957,95.1377,2,0
4824,354.463,140.812,2,0
4825,351.691,146.839,2,0
4826,166.975,259.811,2,0
4827,507.406,239.677,2,0
4828,481.471,229.318,2,0
4829,411.877,140.447,2,0
4830,573.863,123.808,2,0
4831,244.253,290.901,2,0
4832,265.916,206.433,2,0
4833,4.50538,174.308,2,0
4834,116.5,280.232,2,0
4835,175.008,268.751,2,0
4836,573.047,273.179,2,0
4837,169.561,69.8093,2,0
4838,84.8465,271.797,2,0
4839,405.304,282.1,2,0
4840,137.172,232.618,2,0
4841,157.803,74.9508,2,0
4842,113.399,277.606,2,0
4843,425.86,271.889,2,0
4844,554.904,36.1555,2,0
4845,220.677,145.825,2,0
4846,154.697,194.189,2,0
4847,350.375,266.458,2,0
4848,282.516,47.1395,2,0
4849,348.233,187.135,2,0
4850,571.666,254.706,2,0
4851,168.171,234.735,2,0
4852,305.884,223.047,2,0
4853,328.663,241.861,2,0
4854,477.574,156.187,2,0
4855,316.255,252.074,2,0
4856,218.273,62.3133,2,0
4857,80.1515,249.815,2,0
4858,116.106,190.885,2,0
4859,147.056,132.832,2,0
4860,333.926,5.56055,2,0
4861,385.227,52.0962,2,0
4862,511.544,116.299,2,0
4863,166.484,197.676,2,0
4864,555.908,64.6528,2,0
4865,395.089,61.3432,2,0
4866,363.677,46.7596,2,0
4867,271.377,12.3285,2,0
4868,536.242,250.404,2,0
4869,207.327,32.8443,2,0
4870,9.87465,109,2,0
4871,261.101,276.43,2,0
4872,541.938,43.0874,2,0
4873,252.571,2,2,0
4874,78.915,258.092,2,0
4875,346.083,114.915,2,0
4876,407.595,195.385,2,0
4877,462.738,144.749,2,0
4878,397.497,19.6236,2,0
4879,204.096,255.633,2,0
4880,231.253,78.7343,2,0
4881,550.413,224.561,2,0
4882,597.389,197.462,2,0
4883,441.493,63.9653,2,0
4884,494.107,17.3618,2,0
4885,244.075,222.15,2,0
4886,428.806,143.564,2,0
4887,60.1047,215.234,2,0
4888,180.266,194.663,2,0
4889,42.995,47.4091,2,0
4890,459.142,124.863,2,0
4891,250.513,219.218,2,0
4892,233.471,14.3432,2,0
4893,40.078,253.473,2,0
4894,516.608,12.7881,2,0
4895,146.646,149.299,2,0
4896,38.8352,186.918,2,0
4897,141.751,237.71,2,0
4898,417.986,136.036,2,0
4899,521.909,167.688,2,0
4900,309.791,224.348,2,0
4901,522.735,9.19202,2,0
4902,446.928,141.635,2,0
4903,293.124,39.6444,2,0
4904,254.499,254.66,2,0
4905,293.097,298,2,0
4906,116.099,66.4559,2,0
4907,428.289,168.406,2,0
4908,288.359,268.053,2,0
4909,472.799,85.6835,2,0
4910,257.07,172.007,2,0
4911,66.3872,188.352,2,0
4912,443.829,119.406,2,0
4913,137.208,227.186,2,0
4914,367.571,162.052,2,0
4915,227.354,260.51,2,0
4916,269.517,129.571,2,0
4917,15.8561,172.834,2,0
4918,268.795,163.401,2,0
4919,132.46,33.0327,2,0
4920,187.76,15.7113,2,0
4921,332.799,177.625,2,0
4922,504.028,43.5237,2,0
4923,496,191.226,2,0
4924,424.779,166.169,2,0
4925,409.23,43.5627,2,0
4926,377.787,182.243,2,0
4927,36.6427,137.312,2,0
4928,350.42,274.669,2,0
4929,505.454,99.8819,2,0
4930,437.862,46.5531,2,0
4931,159.285,141.425,2,0
4932,63.0476,146.656,2,0
4933,496.628,118.015,2,0
4934,364.441,104.695,2,0
4935,546.979,286.88,2,0
4936,470.716,179.674,2,0
4937,498.18,9.11284,2,0
4938,453.38,8.87633,2,0
4939,558.24,218.701,2,0
4940,341.549,201.876,2,0
4941,507.822,114.459,2,0
4942,409.882,10.3641,2,0
4943,269.465,177.028,2,0
4944,123.746,216.018,2,0
4945,584.146,57.41,2,0
4946,589.096,164.716,2,0
4947,590.504,85.755,2,0
4948,554.698,170.186,2,0
4949,267.818,104.741,2,0
4950,564.158,162.344,2,0
4951,162.511,196.516,2,0
4952,200.917,203.304,2,0
4953,544.96,74.5293,2,0
4954,391.192,203.104,2,0
4955,378.392,234.187,2,0
4956,551.422,204.78,2,0
4957,290.255,42.5759,2,0
4958,88.3377,190.512,2,0
4959,418.001,269.936,2,0
4960,105.619,13.4141,2,0
4961,531.382,38.8294,2,0
4962,93.1353,169.316,2,0
4963,3.7733,241.125,2,0
4964,37.8884,230.813,2,0
4965,392.955,36.3036,2,0
4966,379.83,47.0421,2,0
4967,257.523,40.2717,2,0
4968,444.935,61.8314,2,0
4969,396.467,236.652,2,0
4970,290.406,27.0515,2,0
4971,259.045,36.4739,2,0
4972,442.753,234.055,2,0
4973,319.429,8.98671,2,0
4974,395.115,288.484,2,0
4975,381.415,50.8426,2,0
4976,295.275,227.31,2,0
4977,402.015,181.048,2,0
4978,531.789,260.849,2,0
4979,57.8638,20.4601,2,0
4980,475.921,219.529,2,0
4981,186.799,34.4701,2,0
4982,144.99,62.1402,2,0
4983,8.29638,54.2705,2,0
4984,345.281,15.291,2,0
4985,402.7,190.292,2,0
4986,496.091,12.4889,2,0
4987,547.297,45.5317,2,0
4988,440.546,98.446,2,0
4989,549.631,256.812,2,0
4990,534.916,9.12157,2,0
4991,333.71,184.69,2,0
4992,441.101,49.1346,2,0
4993,293.269,148.994,2,0
4994,561.119,77.116,2,0
4995,412.617,51.4276,2,0
4996,558.483,108.72,2,0
4997,443.398,238.037,2,0
4998,407.164,145.9,2,0
4999,326.043,126.149,2,0
5000,497.309,80.7282,2,0
5001,319.504,202.08,2,0
5002,175.934,86.2971,2,0
5003,424.904,98.8174,2,0
5004,107.09,202.313,2,0
5005,187.377,109.916,2,0
5006,408.073,141.93,2,0
5007,463.099,201.884,2,0
5008,29.0247,290.74,2,0
5009,165.809,138.382,2,0
5010,512.549,19.7946,2,0
5011,469.689,89.0052,2,0
5012,283.974,278.869,2,0
5013,429.932,126.535,2,0
5014,306.087,291.046,2,0
5015,286.596,25.6739,2,0
5016,474.793,145.406,2,0
5017,364.538,8.43532,2,0
5018,380.386,73.8918,2,0
5019,17.8923,99.8785,2,0
5020,355.347,298,2,0
5021,37.4565,29.307,2,0
5022,282.721,169.905,2,0
5023,78.9804,89.9074,2,0
5024,403.272,160.809,2,0
5025,65.139,89.3729,2,0
5026,29.4326,28.0972,2,0
5027,280.226,58.9647,2,0
5028,480.285,298,2,0
5029,220.519,259.585,2,0
5030,13.8378,156.462,2,0
5031,254.432,287.316,2,0
5032,504.24,253.505,2,0
5033,45.3816,73.4031,2,0
5034,347.847,145.482,2,0
5035,388.571,162.886,2,0
5036,10.8013,35.1948,2,0
5037,232.117,163.925,2,0
5038,431.267,233.462,2,0
5039,261.254,101.942,2,0
5040,566.042,260.674,2,0
5041,17.9948,183.481,2,0
5042,329.856,38.8046,2,0
5043,218.905,111.784,2,0
5044,594.993,48.2373,2,0
5045,463.298,255.177,2,0
5046,204.138,246.914,2,0
5047,438.748,160.437,2,0
5048,372.572,9.64716,2,0
5049,387.228,111.467,2,0
5050,150.749,134.461,2,0
5051,4.61085,122.667,2,0
5052,558.398,176.951,2,0
5053,316.939,16.8114,2,0
5054,252.476,210.731,2,0
5055,255.025,54.6787,2,0
5056,589.099,139.372,2,0
5057,417.857,153.507,2,0
5058,267.267,279.594,2,0
5059,574.646,252.013,2,0
5060,358.106,268.368,2,0
5061,232.096,40.0192,2,0
5062,349.493,236.24,2,0
5063,33.9113,218.833,2,0
5064,561.717,49.3642,2,0
5065,234.59,158.049,2,0
5066,442.974,134.048,2,0
5067,439.456,219.183,2,0
5068,539.678,235.869,2,0
5069,414.054,21.7942,2,0
5070,520.543,186.966,2,0
5071,590.316,251.425,2,0
5072,262.612,149.987,2,0
5073,159.46,112.517,2,0
5074,516.262,181.006,2,0
5075,517.393,142.186,2,0
5076,574.761,183.099,2,0
5077,307.898,120.527,2,0
5078,280.145,216.886,2,0
5079,268.259,112.149,2,0
5080,597.383,270.153,2,0
5081,171.722,208.369,2,0
5082,527.25,244.007,2,0
5083,369.498,258.051,2,0
5084,218.355,88.4333,2,0
5085,297.68,158.321,2,0
5086,40.5481,263.834,2,0
5087,483.079,223.36,2,0
5088,423.371,233.557,2,0
5089,292.842,160.151,2,0
5090,128.406,40.23,2,0
5091,208.417,167.446,2,0
5092,243.84,59.5079,2,0
5093,575.013,178.948,2,0
5094,339.94,2,2,0
5095,556.21,265.493,2,0
5096,381.446,166.724,2,0
5097,515.203,166.612,2,0
5098,206.789,78.599,2,0
5099,343.137,79.1118,2,0
5100,228.441,11.1871,2,0
5101,8.14125,249.003,2,0
5102,374.188,170.538,2,0
5103,157.442,232.802,2,0
5104,52.3273,234.486,2,0
5105,209.007,214.967,2,0
5106,94.1919,25.2681,2,0
5107,357.892,21.8141,2,0
5108,329.71,12.5768,2,0
5109,146.497,88.5698,2,0
5110,204.289,53.877,2,0
5111,274.672,222.959,2,0
5112,440.41,284.151,2,0
5113,280.551,272.195,2,0
5114,505.19,117.475,2,0
5115,322.869,235.698,2,0
5116,309.392,199.239,2,0
5117,555.353,250.655,2,0
5118,157.63,191.38,2,0
5119,221.893,294.379,2,0
5120,181.148,198.64,2,0
5121,29.5028,115.603,2,0
5122,403.278,172.967,2,0
5123,138.525,156.495,2,0
5124,188.59,230.087,2,0
5125,352.755,95.7484,2,0
5126,364.345,2,2,0
5127,268.708,51.0209,2,0
5128,327.001,44.8904,2,0
5129,156.406,202.155,2,0
5130,379.804,298,2,0
5131,595.844,129.095,2,0
5132,107.401,246.042,2,0
5133,325.993,252.365,2,0
5134,474.185,265.399,2,0
5135,459.535,253.621,2,0
5136,376.474,17.4511,2,0
5137,86.5123,72.9185,2,0
5138,512.153,42.805,2,0
5139,297.498,135.936,2,0
5140,158.93,221.445,2,0
5141,37.884,93.9265,2,0
5142,242.203,287.346,2,0
5143,148.485,283.921,2,0
5144,526.147,95.5642,2,0
5145,51.6798,222.242,2,0
5146,469.307,157.993,2,0
5147,327.55,129.891,2,0
5148,502.67,271.188,2,0
5149,134.988,64.1064,2,0
5150,4.10625,236.993,2,0
5151,284.782,207.097,2,0
5152,155.605,60.542,2,0
5153,497.769,245.078,2,0
5154,376.148,119.228,2,0
5155,336.112,270.986,2,0
5156,412.98,32.9028,2,0
5157,382.284,89.7417,2,0
5158,243.122,43.1582,2,0
5159,583.351,72.5223,2,0
5160,591.474,275.756,2,0
5161,577.589,106.151,2,0
5162,532.284,120.408,2,0
5163,437.698,276.2,2,0
5164,208.042,298,2,0
5165,548.388,252.939,2,0
5166,130.879,74.1318,2,0
5167,396.856,35.1062,2,0
5168,574.23,191.285,2,0
5169,245.008,17.6183,2,0
5170,331.411,53.1692,2,0
5171,436.193,238.884,2,0
5172,229.627,213.036,2,0
5173,308.73,213.389,2,0
5174,272.597,49.9046,2,0
5175,152.665,153.242,2,0
5176,402.62,10.1546,2,0
5177,455.579,247.332,2,0
5178,321.27,156.741,2,0
5179,561.863,276.257,2,0
5180,527.851,124.981,2,0
5181,573.167,150.401,2,0
5182,195.759,146.332,2,0
5183,398.979,128.419,2,0
5184,389.063,103.49,2,0
5185,520.574,235.229,2,0
5186,73.475,280.261,2,0
5187,185.215,212.681,2,0
5188,271.356,248.059,2,0
5189,406.835,275.266,2,0
5190,286.921,63.9559,2,0
5191,455.881,47.2817,2,0
5192,177.795,250.383,2,0
5193,359.277,40.1089,2,0
5194,482.625,136.531,2,0
5195,299.163,154.556,2,0
5196,249.893,24.057,2,0
5197,133.66,255.472,2,0
5198,48.0855,66.4066,2,0
5199,575.169,266.367,2,0
5200,582.752,211.413,2,0
5201,145.437,252.22,2,0
5202,297.477,68.9045,2,0
5203,471.363,165.086,2,0
5204,110.8,227.947,2,0
5205,408.871,294.267,2,0
5206,146.197,248.196,2,0
5207,314.64,183.856,2,0
5208,389.572,134.641,2,0
5209,573.246,8.98936,2,0
5210,520.105,202.913,2,0
5211,201.326,171.201,2,0
5212,544.082,112.638,2,0
5213,332.805,24.0645,2,0
5214,124.517,175.317,2,0
5215,508.07,43.2134,2,0
5216,469.711,9.22402,2,0
5217,550.244,87.8482,2,0
5218,279.671,25.4268,2,0
5219,560.965,91.8308,2,0
5220,321.773,139.066,2,0
5221,594.515,211.986,2,0
5222,379.018,268.583,2,0
5223,52.7013,71.6502,2,0
5224,245.557,80.0871,2,0
5225,547.909,34.0371,2,0
5226,521.683,283.117,2,0
5227,74.8607,74.0143,2,0
5228,524.559,202.001,2,0
5229,164.089,235.385,2,0
5230,420.287,85.5212,2,0
5231,309.087,188.373,2,0
5232,368.83,93.3754,2,0
5233,185.283,298,2,0
5234,135.873,169.256,2,0
5235,4.25297,230.146,2,0
5236,71.7832,182.18,2,0
5237,320.22,64.9457,2,0
5238,480.359,19.865,2,0
5239,331.759,31.7311,2,0
5240,66.0976,105.107,2,0
5241,199.207,39.8863,2,0
5242,505.296,159.531,2,0
5243,436.969,125.481,2,0
5244,509.104,119.6,2,0
5245,508.433,107.726,2,0
5246,98.0487,104.796,2,0
5247,143.025,190.774,2,0
5248,360.558,59.921,2,0
5249,197.635,112.183,2,0
5250,569.176,209.143,2,0
5251,518.98,274.378,2,0
5252,378.313,82.5337,2,0
5253,453.277,214.066,2,0
5254,384.749,228.243,2,0
5255,154.024,13.3974,2,0
5256,312.6,269.058,2,0
5257,189.077,262.883,2,0
5258,289.139,290.989,2,0
5259,491.664,261.738,2,0
5260,239.966,7.22987,2,0
5261,418.056,161.646,2,0
5262,380.213,142.386,2,0
5263,324.485,100.371,2,0
5264,466.2,199.206,2,0
5265,346.038,44.2534,2,0
5266,305.155,82.6045,2,0
5267,267.613,199.444,2,0
5268,424.014,113.395,2,0
5269,212.769,267.454,2,0
5270,450.464,114.895,2,0
5271,348.79,194.167,2,0
5272,68.3564,134.855,2,0
5273,265.662,160.68,2,0
5274,104.686,60.0697,2,0
5275,487.757,231.511,2,0
5276,429.882,273.093,2,0
5277,142.491,282.645,2,0
5278,595.367,136.105,2,0
5279,148.939,273.342,2,0
5280,210.283,228.693,2,0
5281,492.555,117.309,2,0
5282,306.355,185.407,2,0
5283,258.015,264.936,2,0
5284,466.443,117.326,2,0
5285,540.358,15.139,2,0
5286,242.07,154.711,2,0
5287,22.8757,173.823,2,0
5288,223.748,172.903,2,0
5289,498.898,196.591,2,0
5290,575.781,138.602,2,0
5291,298.365,220.924,2,0
5292,270.544,16.6538,2,0
5293,379.378,196.941,2,0
5294,255.051,279.994,2,0
5295,442.922,226.287,2,0
5296,272.03,69.8886,2,0
5297,207.816,239.413,2,0
5298,540.964,179.58,2,0
5299,267.1,35.6818,2,0
5300,568.939,130.202,2,0
5301,116.067,186.794,2,0
5302,352.506,35.1247,2,0
5303,453.383,160.598,2,0
5304,138.339,172.625,2,0
5305,326.425,157.574,2,0
5306,38.1304,276.465,2,0
5307,520.308,53.8707,2,0
5308,19.7937,21.8838,2,0
5309,452.688,253.941,2,0
5310,361.982,43.0832,2,0
5311,21.7095,229.918,2,0
5312,218.32,50.0661,2,0
5313,341.378,50.6657,2,0
5314,416.938,29.5891,2,0
5315,57.576,56.4786,2,0
5316,233.183,202.555,2,0
5317,557.759,276.076,2,0
5318,288.868,107.16,2,0
5319,484.533,115.31,2,0
5320,131.139,180.172,2,0
5321,294.207,272.202,2,0
5322,253.543,124.505,2,0
5323,181.659,183.518,2,0
5324,565.641,69.5014,2,0
5325,383.172,13.9654,2,0
5326,318.962,265.855,2,0
5327,255.876,75.0818,2,0
5328,550.871,260.649,2,0
5329,83.25,130.451,2,0
5330,64.9702,197.518,2,0
5331,75.7055,283.583,2,0
5332,10.5806,5.52491,2,0
5333,184.779,231.372,2,0
5334,591.113,219.062,2,0
5335,185.543,45.8033,2,0
5336,44.8212,298,2,0
5337,98.1541,287.83,2,0
5338,87.8701,294.355,2,0
5339,249.619,100.121,2,0
5340,301.452,284.358,2,0
5341,580.98,16.308,2,0
5342,297.799,298,2,0
5343,190.13,140.402,2,0
5344,44.0019,194.726,2,0
5345,199.03,77.2883,2,0
5346,128.472,173.71,2,0
5347,360.079,242.196,2,0
5348,200.227,119.769,2,0
5349,375.804,152.93,2,0
5350,186.856,85.6133,2,0
5351,437.571,171.474,2,0
5352,324.705,23.6481,2,0
5353,197.78,85.3619,2,0
5354,459.525,282.608,2,0
5355,463.378,167.157,2,0
5356,169.753,248.695,2,0
5357,524.215,99.1373,2,0
5358,236.378,106.654,2,0
5359,15.4982,260.241,2,0
5360,578.567,117.087,2,0
5361,501.778,179.505,2,0
5362,99.1377,179.281,2,0
5363,576.893,113.341,2,0
5364,324.718,167.732,2,0
5365,82.9109,39.7171,2,0
5366,22.5833,64.6177,2,0
5367,321.487,12.4181,2,0
5368,71.3027,166.477,2,0
5369,493.266,265.936,2,0
5370,54.8933,193.745,2,0
5371,87.9316,123.965,2,0
5372,301.075,240.889,2,0
5373,22.8498,146.424,2,0
5374,548.792,178.818,2,0
5375,563.942,65.3511,2,0
5376,420.06,225.398,2,0
5377,8.32794,269.841,2,0
5378,308.975,220.378,2,0
5379,422.484,75.2649,2,0
5380,406.539,298,2,0
5381,252.392,236.131,2,0
5382,395.684,170.089,2,0
5383,310.439,272.514,2,0
5384,371.407,37.0148,2,0
5385,180.387,80.3947,2,0
5386,500.414,5.59144,2,0
5387,227.018,264.555,2,0
5388,477.801,231.047,2,0
5389,118.745,211.144,2,0
5390,280.025,103.19,2,0
5391,26.9333,287.276,2,0
5392,589.711,207.216,2,0
5393,41.2266,139.821,2,0
5394,419.11,273.917,2,0
5395,444.587,94.7338,2,0
5396,509.279,223.779,2,0
5397,93.7707,46.9698,2,0
5398,128.344,242.843,2,0
5399,165.552,179.259,2,0
5400,0.146155,81.0287,2,0
5401,179.21,110.617,2,0
5402,406.218,179.252,2,0
5403,193.788,194.257,2,0
5404,221.921,32.8393,2,0
5405,364.558,191.146,2,0
5406,380.956,241.828,2,0
5407,361.389,139.579,2,0
5408,499.229,84.5923,2,0
5409,366.623,26.9383,2,0
5410,149.426,19.9641,2,0
5411,228.013,27.3474,2,0
5412,333.604,28.1121,2,0
5413,129.103,197.729,2,0
5414,501.462,20.3098,2,0
5415,375.966,275.858,2,0
5416,292.127,34.9298,2,0
5417,441.528,157.41,2,0
5418,568.533,18.7536,2,0
5419,19.0626,53.0813,2,0
5420,63.841,205.709,2,0
5421,119.391,78.5936,2,0
5422,429.041,242.488,2,0
5423,395.711,157.732,2,0
5424,398.366,262.534,2,0
5425,205.771,144.559,2,0
5426,543.616,280.077,2,0
5427,410.513,148.764,2,0
5428,157.424,126.617,2,0
5429,507.988,232.205,2,0
5430,98.0734,241.185,2,0
5431,97.6577,2,2,0
5432,572.755,145.824,2,0
5433,523.45,27.6309,2,0
5434,449.885,38.1256,2,0
5435,128.271,47.3027,2,0
5436,97.1863,280.04,2,0
5437,359.385,176.867,2,0
5438,506.985,29.8091,2,0
5439,82.9543,118.812,2,0
5440,43.9829,189.049,2,0
5441,87.5014,198.856,2,0
5442,383.327,262.91,2,0
5443,17.8905,162.616,2,0
5444,16.5487,132.114,2,0
5445,57.4746,52.3725,2,0
5446,29.1388,193.18,2,0
5447,203.564,37.9438,2,0
5448,77.8524,203.321,2,0
5449,511.044,251.278,2,0
5450,172.624,273.847,2,0
5451,200.996,258.264,2,0
5452,288.144,178.963,2,0
5453,585.909,53.8112,2,0
5454,304.135,276.901,2,0
5455,508.45,149.033,2,0
5456,289.835,167.997,2,0
5457,244.192,76.26,2,0
5458,281.725,5.47959,2,0
5459,459.428,167.813,2,0
5460,220.232,274.597,2,0
5461,388.126,54.9142,2,0
5462,529.385,287.291,2,0
5463,150.834,294.447,2,0
5464,194.561,82.8429,2,0
5465,298.856,33.9526,2,0
5466,32.5015,181.579,2,0
5467,185.019,274.093,2,0
5468,58.2228,227.603,2,0
5469,580.771,275.901,2,0
5470,542.271,116.335,2,0
5471,165.226,84.1236,2,0
5472,474.628,153.199,2,0
5473,4.47428,289.845,2,0
5474,290.877,212.751,2,0
5475,379.576,24.8387,2,0
5476,302.397,60.3705,2,0
5477,175.995,129.695,2,0
5478,552.387,16.6906,2,0
5479,236.59,161.584,2,0
5480,446.741,227.528,2,0
5481,599.561,248.1,2,0
5482,513.73,248.25,2,0
5483,198.581,54.6726,2,0
5484,449.416,42.2354,2,0
5485,481.841,180.569,2,0
5486,16.5427,29.3887,2,0
5487,34.4214,224.028,2,0
5488,458.346,116.804,2,0
5489,247.134,229.571,2,0
5490,391.367,261.315,2,0
5491,387.122,202.366,2,0
5492,508.403,190.82,2,0
5493,570.748,236.885,2,0
5494,158.205,175.532,2,0
5495,86.7352,44.5946,2,0
5496,336.676,195.212,2,0
5497,131.16,114.83,2,0
5498,384.589,240.031,2,0
5499,82.2495,166.012,2,0
5500,504.606,202.361,2,0
5501,425.261,157.908,2,0
5502,452.324,244.967,2,0
5503,265.712,78.9222,2,0
5504,14.4497,283.167,2,0
5505,422.906,278.987,2,0
5506,515.167,145.559,2,0
5507,306.364,156.297,2,0
5508,470.364,263.833,2,0
5509,251.515,108.314,2,0
5510,87.2093,275.144,2,0
5511,350.061,205.314,2,0
5512,362.286,222.693,2,0
5513,62.5613,138.565,2,0
5514,28.7371,298,2,0
5515,570.987,109.414,2,0
5516,595.124,74.6006,2,0
5517,597.682,106.476,2,0
5518,369.9,100.395,2,0
5519,578.17,19.8022,2,0
5520,520.338,223.713,2,0
5521,235.245,77.975,2,0
5522,376.652,9.39213,2,0
5523,156.753,290.587,2,0
5524,180.503,37.7587,2,0
5525,288.566,244.638,2,0
5526,529.305,173.646,2,0
5527,286.173,104.182,2,0
5528,549.022,2,2,0
5529,396.826,219.917,2,0
5530,489.193,227.46,2,0
5531,308.439,75.4477,2,0
5532,302.322,142.607,2,0
5533,441.625,291.889,2,0
5534,390.114,211.313,2,0
5535,299.872,139.323,2,0
5536,148.317,244.659,2,0
5537,385.026,104.81,2,0
5538,562.119,280.262,2,0
5539,489.13,65.7727,2,0
5540,404.514,231.941,2,0
5541,37.6658,217.312,2,0
5542,192.974,257.858,2,0
5543,293.451,209.564,2,0
5544,478.715,95.3008,2,0
5545,329.908,112.896,2,0
5546,138.187,262.243,2,0
5547,548.364,15.6249,2,0
5548,311.876,210.736,2,0
5549,572.89,224.441,2,0
5550,100.604,71.9413,2,0
5551,219.654,173.253,2,0
5552,392.473,88.6462,2,0
5553,285.955,210.918,2,0
5554,495.853,86.7895,2,0
5555,229.383,224.208,2,0
5556,587.144,218.208,2,0
5557,166.339,167.136,2,0
5558,340.027,216.611,2,0
5559,276.869,270.213,2,0
5560,63.8722,213.756,2,0
5561,334.065,95.0522,2,0
5562,152.433,71.0453,2,0
5563,19.0743,175.243,2,0
5564,453.42,180.245,2,0
5565,470.379,249.473,2,0
5566,344.505,9.79788,2,0
5567,450.568,228.797,2,0
5568,487.155,101.481,2,0
5569,463.024,48.1417,2,0
5570,3.61086,73.4416,2,0
5571,228.104,178.254,2,0
5572,96.0817,234.401,2,0
5573,77.0648,247.166,2,0
5574,197.396,142.664,2,0
5575,78.8386,5.7749,2,0
5576,463.76,39.9777,2,0
5577,3.28543,69.378,2,0
5578,148.499,96.4345,2,0
5579,405.322,59.6146,2,0
5580,241.802,116.317,2,0
5581,40.5825,245.322,2,0
5582,58.4003,85.6286,2,0
5583,379.588,264.496,2,0
5584,223.044,209.133,2,0
5585,47.2541,62.4637,2,0
5586,539.911,167.545,2,0
5587,507.973,135.558,2,0
5588,230.071,294.329,2,0
5589,372.485,103.563,2,0
5590,138.691,103.984,2,0
5591,516.398,277.546,2,0
5592,55.2837,64.2444,2,0
5593,339.533,154.308,2,0
5594,12.364,55.0619,2,0
5595,71.7176,251.761,2,0
5596,250.314,143.042,2,0
5597,414.721,110.969,2,0
5598,326.244,40.7391,2,0
5599,62.145,181.707,2,0
5600,308.523,35.3851,2,0
5601,363.518,290.057,2,0
5602,55.0871,189.708,2,0
5603,541.63,255.117,2,0
5604,384.83,43.9708,2,0
5605,97.0863,230.521,2,0
5606,591.041,47.4641,2,0
5607,292.004,180.397,2,0
5608,238.4,265.407,2,0
5609,3.55859,249.184,2,0
5610,503.914,220.08,2,0
5611,95.2777,54.7699,2,0
5612,118.954,125.072,2,0
5613,332.298,261.363,2,0
5614,146.12,107.296,2,0
5615,418.318,288.669,2,0
5616,168.939,116.581,2,0
5617,526.999,181.414,2,0
5618,354.023,31.3922,2,0
5619,114.753,163.108,2,0
5620,587.095,46.7887,2,0
5621,451.809,298,2,0
5622,479.319,162.99,2,0
5623,2.51542,294.409,2,0
5624,416.598,74.8719,2,0
5625,18.8482,146.902,2,0
5626,37.1239,2,2,0
5627,527.466,106.488,2,0
5628,137.651,254.898,2,0
5629,227.227,125.804,2,0
5630,89.1028,218.23,2,0
5631,214.147,110.97,2,0
5632,140.49,229.554,2,0
5633,572.17,290.508,2,0
5634,130.319,78.144,2,0
5635,485.433,41.6706,2,0
5636,146.683,276.653,2,0
5637,10.8685,119.85,2,0
5638,491.595,72.0459,2,0
5639,484.373,84.162,2,0
5640,88.9543,127.859,2,0
5641,141.9,9.27146,2,0
5642,396.41,208.624,2,0
5643,298.207,143.118,2,0
5644,80.8559,64.1132,2,0
5645,598.465,294.406,2,0
5646,591.108,74.5411,2,0
5647,242.303,23.3418,2,0
5648,124.797,133.366,2,0
5649,382.024,101.689,2,0
5650,271.248,233.011,2,0
5651,75.2676,47.2087,2,0
5652,511.04,145.964,2,0
5653,421.596,147.645,2,0
5654,294.392,173.771,2,0
5655,457.847,131.673,2,0
5656,451.206,164.035,2,0
5657,329.909,146.27,2,0
5658,48.3081,2,2,0
5659,353.766,207.046,2,0
5660,124.379,277.698,2,0
5661,193.277,166.791,2,0
5662,149.837,188.95,2,0
5663,362.713,179.146,2,0
5664,49.4697,102.872,2,0
5665,262.527,253.341,2,0
5666,25.8701,51.5048,2,0
5667,392.199,257.097,2,0
5668,488.228,12.6177,2,0
5669,109.173,120.75,2,0
5670,541.179,80.5193,2,0
5671,519.351,290.928,2,0
5672,505.459,257.377,2,0
5673,216.839,144.488,2,0
5674,235.658,199.285,2,0
5675,579.177,168.532,2,0
5676,255.61,261.657,2,0
5677,407.637,241.584,2,0
5678,8.76021,136.526,2,0
5679,3.45318,264.623,2,0
5680,111.826,156.563,2,0
5681,179.678,284.701,2,0
5682,154.495,56.5496,2,0
5683,79.3475,57.262,2,0
5684,214.43,292.058,2,0
5685,41.6007,71.9536,2,0
5686,54.3162,228.97,2,0
5687,239.201,148.211,2,0
5688,235.612,145.475,2,0
5689,148.829,298,2,0
5690,215.222,183.778,2,0
5691,420.769,251.388,2,0
5692,318.878,20.3559,2,0
5693,154.231,213.549,2,0
5694,586.627,117.748,2,0
5695,530.725,77.7704,2,0
5696,0.378129,2,2,0
5697,467.668,102.923,2,0
5698,55.3108,276.017,2,0
5699,514.122,214.172,2,0
5700,204.892,185.783,2,0
5701,236.323,51.2657,2,0
5702,216.746,22.4445,2,0
5703,111.298,26.7646,2,0
5704,294.288,78.2546,2,0
5705,201.995,131.611,2,0
5706,313.25,5.57512,2,0
5707,83.5107,212.667,2,0
5708,288.626,235.674,2,0
5709,223.446,197.881,2,0
5710,204.769,140.501,2,0
5711,579.174,109.896,2,0
5712,442.367,106.682,2,0
5713,368.778,270.526,2,0
5714,490.744,287.47,2,0
5715,567.401,73.5585,2,0
5716,455.99,202.849,2,0
5717,232.547,74.907,2,0
5718,536.003,113.031,2,0
5719,63.4224,209.713,2,0
5720,456.349,72.8062,2,0
5721,336.056,188.041,2,0
5722,399.568,194.258,2,0
5723,482.358,214.487,2,0
5724,471.965,125.508,2,0
5725,383.292,64.0018,2,0
5726,170.594,93.5878,2,0
5727,214.375,190.947,2,0
5728,489.533,21.0386,2,0
5729,82.3888,72.1306,2,0
5730,535.135,189.738,2,0
5731,563.041,80.6757,2,0
5732,440.222,168.404,2,0
5733,533.847,84.1494,2,0
5734,78.1575,30.0069,2,0
5735,467.959,290.508,2,0
5736,192.681,230.232,2,0
5737,282.935,294.476,2,0
5738,576.851,175.295,2,0
5739,262.886,6.14371,2,0
5740,187.324,105.754,2,0
5741,367.909,244.672,2,0
5742,370.537,69.1843,2,0
5743,482.321,140.584,2,0
5744,444.442,266.704,2,0
5745,44.5923,230.785,2,0
5746,5.64344,108.167,2,0
5747,576.864,274.61,2,0
5748,238.244,45.4903,2,0
5749,402.032,139.525,2,0
5750,591.793,128.808,2,0
5751,432.81,151.706,2,0
5752,199.914,135.193,2,0
5753,389.879,180.571,2,0
5754,380.429,237.713,2,0
5755,545.75,245.261,2,0
5756,30.336,238.638,2,0
5757,314.672,233.514,2,0
5758,114.708,226.742,2,0
5759,417.459,222.12,2,0
5760,413.896,171.597,2,0
5761,492.037,5.53014,2,0
5762,257.667,226.587,2,0
5763,514.393,63.5608,2,0
5764,437.919,14.2957,2,0
5765,162.243,214.063,2,0
5766,364.484,136.976,2,0
5767,353.12,285.943,2,0
5768,212.266,84.1735,2,0
5769,485.746,179.595,2,0
5770,562.191,208.62,2,0
5771,230.866,263.359,2,0
5772,308.471,127.594,2,0
5773,84.8382,234.082,2,0
5774,443.824,165.34,2,0
5775,50.5241,241.57,2,0
5776,431.488,221.922,2,0
5777,329.048,34.8226,2,0
5778,439.37,87.0829,2,0
5779,304.772,145.937,2,0
5780,391.092,61.6894,2,0
5781,414.29,147.191,2,0
5782,559.415,62.548,2,0
5783,44.2838,243.568,2,0
5784,19.0596,287.241,2,0
5785,269.578,229.215,2,0
5786,152.598,160.457,2,0
5787,442.53,252.344,2,0
5788,379.235,186.453,2,0
5789,287.865,223.588,2,0
5790,394.008,140.317,2,0
5791,594.326,55.5893,2,0
5792,76.9268,104.95,2,0
5793,551.661,152.117,2,0
5794,206.008,148.745,2,0
5795,449.065,187.024,2,0
5796,575.002,33.8913,2,0
5797,408.928,32.1511,2,0
5798,595.14,109.669,2,0
5799,349.284,294.461,2,0
5800,238.841,206.828,2,0
5801,448.833,145.342,2,0
5802,131.573,14.2071,2,0
5803,164.947,116.849,2,0
5804,394.994,99.8102,2,0
5805,416.305,61.7996,2,0
5806,596.892,18.3004,2,0
5807,365.61,220.293,2,0
5808,404.429,236.246,2,0
5809,89.5444,298,2,0
5810,345.757,247.997,2,0
5811,286.57,264.107,2,0
5812,108.621,70.252,2,0
5813,554.301,88.0119,2,0
5814,45.2087,173.415,2,0
5815,173.589,51.7523,2,0
5816,197.388,97.4475,2,0
5817,560.101,54.3988,2,0
5818,33.7689,240.785,2,0
5819,168.627,191.187,2,0
5820,96.8661,198.18,2,0
5821,71.5073,266.566,2,0
5822,127.573,26.5961,2,0
5823,585.782,106.76,2,0
5824,190.652,298,2,0
5825,127.946,58.601,2,0
5826,580.225,290.891,2,0
5827,219.727,196.309,2,0
5828,362.221,32.1665,2,0
5829,470.151,184.61,2,0
5830,504.212,125.397,2,0
5831,51.0549,195.631,2,0
5832,416.49,48.8943,2,0
5833,468.171,71.2345,2,0
5834,30.154,97.1939,2,0
5835,232.601,231.705,2,0
5836,431.982,76.7818,2,0
5837,457.347,34.929,2,0
5838,425.053,241.481,2,0
5839,91.0373,225.134,2,0
5840,493.71,218.991,2,0
5841,357.384,294.542,2,0
5842,471.924,226.375,2,0
5843,187.5,60.0108,2,0
5844,416.365,65.8123,2,0
5845,365.268,272.474,2,0
5846,263.553,134.81,2,0
5847,212.399,212.673,2,0
5848,64.1306,34.4528,2,0
5849,514.804,262.921,2,0
5850,301.293,67.3178,2,0
5851,91.2382,54.6837,2,0
5852,29.7247,63.4513,2,0
5853,224.413,76.8596,2,0
5854,597.973,258.799,2,0
5855,11.7188,146.949,2,0
5856,229.34,36.1421,2,0
5857,30.2839,142.538,2,0
5858,312.578,112.733,2,0
5859,434.692,261.136,2,0
5860,410.429,2,2,0
5861,51.2983,121.132,2,0
5862,424.744,178.35,2,0
5863,197.661,192.767,2,0
5864,223.801,220.379,2,0
5865,294.994,243.382,2,0
5866,161.684,101.406,2,0
5867,566.909,108.963,2,0
5868,144.828,272.926,2,0
5869,128.855,151.259,2,0
5870,288.827,160.847,2,0
5871,119.952,185.243,2,0
5872,408.833,103.409,2,0
5873,6.78235,35.6608,2,0
5874,242.38,236.2,2,0
5875,209.452,219.026,2,0
5876,20.5129,131.045,2,0
5877,114.442,258.993,2,0
5878,79.3309,13.1169,2,0
5879,385.328,254.899,2,0
5880,485.56,211.971,2,0
5881,396.084,255.746,2,0
5882,552.286,70.1225,2,0
5883,60.529,17.3291,2,0
5884,383.634,24.3203,2,0
5885,515.377,70.5488,2,0
5886,250.281,126.918,2,0
5887,549.669,94.8752,2,0
5888,504.357,84.3262,2,0
5889,253.841,71.6061,2,0
5890,385.466,191.422,2,0
5891,552.646,243.071,2,0
5892,433.852,120.029,2,0
5893,598.253,274.069,2,0
5894,43.0402,282.834,2,0
5895,321.7,103.596,2,0
5896,593.545,233.803,2,0
5897,319.961,238.526,2,0
5898,20.1409,10.1448,2,0
5899,113.729,230.77,2,0
5900,470.468,44.8223,2,0
5901,401.26,70.2902,2,0
5902,296.604,107.842,2,0
5903,404.362,31.1486,2,0
5904,81.4787,261.372,2,0
5905,510.427,111.335,2,0
5906,127.555,33.5188,2,0
5907,4.79864,142.388,2,0
5908,208.951,127.666,2,0
5909,460.515,148.105,2,0
5910,470.689,154.236,2,0
5911,99.6482,134.416,2,0
5912,505.233,57.6802,2,0
5913,409.464,214.089,2,0
5914,241.004,17.4394,2,0
5915,61.1704,89.9533,2,0
5916,77.5518,144.621,2,0
5917,287.739,219.483,2,0
5918,226.332,271.103,2,0
5919,258.529,294.393,2,0
5920,68.7847,196.148,2,0
5921,348.559,149.419,2,0
5922,211.427,91.3223,2,0
5923,555.283,239.887,2,0
5924,421,34.2941,2,0
5925,310.422,43.5074,2,0
5926,546.275,27.4884,2,0
5927,335.403,164.659,2,0
5928,453.111,205.888,2,0
5929,573.697,40.8619,2,0
5930,165.7,254.638,2,0
5931,273.469,139.595,2,0
5932,304.438,127.926,2,0
5933,472.606,129.511,2,0
5934,156.728,187.366,2,0
5935,522.852,119.568,2,0
5936,204.072,83.032,2,0
5937,482.987,279.153,2,0
5938,343.537,90.0381,2,0
5939,142.205,149.194,2,0
5940,372.728,205.754,2,0
5941,554.04,163.479,2,0
5942,496.236,229.785,2,0
5943,159.063,268.723,2,0
5944,407.391,217.619,2,0
5945,307.49,163.518,2,0
5946,102.133,126.926,2,0
5947,30.7936,230.492,2,0
5948,597.527,188.162,2,0
5949,498.332,159.831,2,0
5950,555.422,119.715,2,0
5951,389.282,233.943,2,0
5952,553.903,294.422,2,0
5953,140.3,79.4796,2,0
5954,577.765,52.503,2,0
5955,327.322,282.866,2,0
5956,26.9102,5.5479,2,0
5957,229.92,287.241,2,0
5958,592.992,114.493,2,0
5959,478.984,177.67,2,0
5960,313.287,176.829,2,0
5961,88.9274,11.2282,2,0
5962,445.057,285.312,2,0
5963,227.814,162.4,2,0
5964,379.533,192.821,2,0
5965,225.024,253.879,2,0
5966,589.532,62.1849,2,0
5967,124.977,232.715,2,0
5968,246.856,207.665,2,0
5969,269.321,100.897,2,0
5970,425.066,149.785,2,0
5971,359.637,87.5153,2,0
5972,31.849,185.575,2,0
5973,512.023,81.9384,2,0
5974,568.999,91.4111,2,0
5975,251.272,43.6545,2,0
5976,99.294,53.9695,2,0
5977,207.999,232.15,2,0
5978,484.894,251.947,2,0
5979,4.87174,257.225,2,0
5980,505.169,151.421,2,0
5981,455.034,227.845,2,0
5982,595.341,153.888,2,0
5983,137.668,28.8106,2,0
5984,131.468,89.2403,2,0
5985,423.632,26.8944,2,0
5986,567.344,186.604,2,0
5987,565.766,151.372,2,0
5988,351.245,81.265,2,0
5989,305.577,38.2673,2,0
5990,382.897,293.986,2,0
5991,541.899,59.0464,2,0
5992,29.5055,273.224,2,0
5993,574.218,12.9438,2,0
5994,248.858,233.356,2,0
5995,85.1547,9.55151,2,0
5996,437.784,26.9661,2,0
5997,20.1427,204.83,2,0
5998,76.4197,120.238,2,0
5999,483.371,27.0641,2,0
6000,418.333,81.9184,2,0
6001,468.904,253.224,2,0
6002,566.062,294.429,2,0
6003,424.893,185.536,2,0
6004,257.299,143.844,2,0
6005,39.6785,41.5322,2,0
6006,448.73,275.722,2,0
6007,498.595,270.504,2,0
6008,439.663,67.8892,2,0
6009,87.4309,88.3422,2,0
6010,445.979,207.822,2,0
6011,57.5735,67.5405,2,0
6012,392.697,96.5901,2,0
6013,479.726,200.513,2,0
6014,112.163,266.84,2,0
6015,390.446,249.889,2,0
6016,475.161,29.7637,2,0
6017,453.052,16.9131,2,0
6018,102.817,211.717,2,0
6019,9.67425,262.492,2,0
6020,37.3682,203.386,2,0
6021,290.367,67.8575,2,0
6022,406.936,99.7747,2,0
6023,227.913,276.573,2,0
6024,461.984,56.3171,2,0
6025,142.582,87.3299,2,0
6026,520.053,267.612,2,0
6027,178.874,262.534,2,0
6028,120.173,113.354,2,0
6029,524.021,56.2459,2,0
6030,123.533,93.4493,2,0
6031,66.5737,139.387,2,0
6032,583.088,46.1265,2,0
6033,193.893,250.736,2,0
6034,573.641,30.0459,2,0
6035,232.451,191.828,2,0
6036,315.678,258.517,2,0
6037,280.663,54.9344,2,0
6038,101.178,157.482,2,0
6039,152.324,244.582,2,0
6040,6.9879,281.045,2,0
6041,107.636,9.8357,2,0
6042,269.676,55.0998,2,0
6043,466.134,294.344,2,0
6044,61.1821,198.949,2,0
6045,57.2084,91.1404,2,0
6046,283.532,165.9,2,0
6047,93.6325,160.793,2,0
6048,480.588,283.709,2,0
6049,459.278,248.986,2,0
6050,237.249,15.8938,2,0
6051,422.852,200.436,2,0
6052,46.2599,9.51387,2,0
6053,320.072,36.0649,2,0
6054,156.499,218.127,2,0
6055,225.251,224.125,2,0
6056,222.835,6.01637,2,0
6057,505.833,172.742,2,0
6058,35.8617,129.753,2,0
6059,511.103,86.0329,2,0
6060,308.226,64.6281,2,0
6061,350.525,190.499,2,0
6062,137.456,120.042,2,0
6063,123.767,122.657,2,0
6064,558.297,222.77,2,0
6065,335.762,76.5444,2,0
6066,548.453,242.256,2,0
6067,393.315,272.491,2,0
6068,403.223,88.4547,2,0
6069,546.65,274.285,2,0
6070,118.881,257.838,2,0
6071,351.842,175.821,2,0
6072,342.632,136.034,2,0
6073,42.9785,51.7104,2,0
6074,543.977,167.599,2,0
6075,312.546,127.288,2,0
6076,99.891,97.8771,2,0
6077,439.561,34.5307,2,0
6078,369.893,41.4731,2,0
6079,173.883,249.258,2,0
6080,319.266,142.23,2,0
6081,504.647,143.029,2,0
6082,200.751,167.151,2,0
6083,291.878,2,2,0
6084,144.344,69.5683,2,0
6085,480.586,253.137,2,0
6086,584.299,102.957,2,0
6087,217.827,107.891,2,0
6088,67.0519,172.13,2,0
6089,170.405,241.828,2,0
6090,157.281,264.964,2,0
6091,490.836,55.3251,2,0
6092,489.944,16.8895,2,0
6093,262.833,220.296,2,0
6094,301.063,14.6962,2,0
6095,524.816,19.8475,2,0
6096,589.331,243.361,2,0
6097,252.336,283.764,2,0
6098,542.327,195.973,2,0
6099,58.8753,152.385,2,0
6100,320.717,168.717,2,0
6101,579.195,12.6647,2,0
6102,518.632,16.3184,2,0
6103,290.789,145.851,2,0
6104,565.55,210.866,2,0
6105,563.889,241.92,2,0
6106,526.364,87.5143,2,0
6107,179.516,179.154,2,0
6108,523.081,253.835,2,0
6109,165.931,10.9278,2,0
6110,110.744,127.818,2,0
6111,261.778,162.224,2,0
6112,580.301,177.341,2,0
6113,232.035,238.896,2,0
6114,276.072,64.5539,2,0
6115,366.129,30.949,2,0
6116,161.315,265.415,2,0
6117,358.59,221.002,2,0
6118,219.932,263.548,2,0
6119,212.103,255.305,2,0
6120,290.179,156.992,2,0
6121,276.463,175.723,2,0
6122,113.575,106.115,2,0
6123,208.487,163.299,2,0
6124,478.805,27.7997,2,0
6125,463.777,259.29,2,0
6126,280.375,239.925,2,0
6127,174.773,253.233,2,0
6128,546.411,224.558,2,0
6129,564.909,129.817,2,0
6130,409.56,118.756,2,0
6131,255.305,133.409,2,0
6132,194.049,158.691,2,0
6133,570.517,243.202,2,0
6134,381.544,289.489,2,0
6135,550.706,126.611,2,0
6136,370.797,131.868,2,0
6137,107.808,256.912,2,0
6138,508.212,254.296,2,0
6139,258.567,194.722,2,0
6140,204.647,93.9772,2,0
6141,194.611,154.558,2,0
6142,596.504,290.872,2,0
6143,567.654,271.936,2,0
6144,63.5408,191.194,2,0
6145,370.554,77.4834,2,0
6146,468.578,95.9374,2,0
6147,15.6669,250.116,2,0
6148,172.607,223.28,2,0
6149,468.444,67.0594,2,0
6150,466.843,137.419,2,0
6151,15.3099,190.944,2,0
6152,307.77,192.383,2,0
6153,459.387,59.4896,2,0
6154,57.9764,196.295,2,0
6155,433.733,26.365,2,0
6156,46.2437,13.5267,2,0
6157,268.346,214.309,2,0
6158,437.831,228.537,2,0
6159,505.917,168.625,2,0
6160,432.925,155.834,2,0
6161,565.105,9.116,2,0
6162,442.326,214.664,2,0
6163,260.567,290.918,2,0
6164,300.442,128.317,2,0
6165,11.7393,90.3542,2,0
6166,327.201,278.838,2,0
6167,451.421,118.832,2,0
6168,495.161,280.807,2,0
6169,569.489,58.4253,2,0
6170,277.53,246.492,2,0
6171,364.89,212.147,2,0
6172,501.261,24.3326,2,0
6173,454.22,32.4294,2,0
6174,28.3829,86.5973,2,0
6175,148.091,174.528,2,0
6176,241.306,185.676,2,0
6177,396.168,153.077,2,0
6178,418.282,9.8997,2,0
6179,475.714,282.365,2,0
6180,517.557,101.475,2,0
6181,415.529,218.592,2,0
6182,145.72,202.637,2,0
6183,531.162,206.383,2,0
6184,355.502,41.6312,2,0
6185,274.313,107.475,2,0
6186,556.208,134.833,2,0
6187,591.848,260.943,2,0
6188,363.662,82.745,2,0
6189,42.955,38.9469,2,0
6190,243.898,65.3389,2,0
6191,483.799,232.593,2,0
6192,553.99,155.478,2,0
6193,289.427,96.7824,2,0
6194,478.323,38.1661,2,0
6195,84.4259,201.623,2,0
6196,368.562,58.1497,2,0
6197,342.019,232.72,2,0
6198,346.827,280.859,2,0
6199,523.976,210.012,2,0
6200,252.966,258.509,2,0
6201,289.298,149.643,2,0
6202,416.495,70.6632,2,0
6203,160.459,225.165,2,0
6204,488.456,116.395,2,0
6205,496.928,216.498,2,0
6206,473.409,114.645,2,0
6207,339.084,79.6486,2,0
6208,305.084,260.772,2,0
6209,339.315,256.697,2,0
6210,51.2987,268.612,2,0
6211,117.358,245.449,2,0
6212,306.174,124.315,2,0
6213,197.04,262.573,2,0
6214,266.738,221.163,2,0
6215,581.063,200.028,2,0
6216,556.049,32.2532,2,0
6217,125.658,23.0139,2,0
6218,519.889,182.897,2,0
6219,51.0025,86.5738,2,0
6220,24.6671,28.5617,2,0
6221,162.779,69.5939,2,0
6222,100.563,199.849,2,0
6223,36.6687,62.2979,2,0
6224,475.35,215.447,2,0
6225,471.127,200.333,2,0
6226,296.862,211.801,2,0
6227,391.947,53.6487,2,0
6228,571.755,165.395,2,0
6229,67.2209,240.861,2,0
6230,527.115,206.291,2,0
6231,518.032,177.404,2,0
6232,234.783,206.299,2,0
6233,407.341,290.387,2,0
6234,294.552,188.737,2,0
6235,348.354,223.977,2,0
6236,271.592,189.105,2,0
6237,216.262,218.565,2,0
6238,346.103,252.158,2,0
6239,212.855,128.76,2,0
6240,599.069,110.458,2,0
6241,599.515,73.9071,2,0
6242,185.972,186.085,2,0
6243,427.791,102.135,2,0
6244,486.158,164.925,2,0
6245,560.851,84.2315,2,0
6246,254.529,5.54159,2,0
6247,384.622,8.62858,2,0
6248,53.6636,124.48,2,0
6249,26.1265,248.62,2,0
6250,34.5272,228.559,2,0
6251,165.061,217.045,2,0
6252,148.847,215.721,2,0
6253,455.184,141.798,2,0
6254,368.601,191.74,2,0
6255,465.135,106.214,2,0
6256,535.397,26.0825,2,0
6257,284.152,241.592,2,0
6258,171.115,270.033,2,0
6259,277.562,149.56,2,0
6260,317.358,5.4647,2,0
6261,378.848,20.8871,2,0
6262,110.696,40.7084,2,0
6263,284.334,53.3187,2,0
6264,417.602,5.90957,2,0
6265,344.186,218.164,2,0
6266,116.034,201.404,2,0
6267,498.098,16.1576,2,0
6268,361.111,112.671,2,0
6269,144.746,51.1328,2,0
6270,90.7544,23.1643,2,0
6271,134.57,157.121,2,0
6272,301.152,81.9736,2,0
6273,541.867,164.007,2,0
6274,431.397,51.0497,2,0
6275,403.572,244.51,2,0
6276,538.428,56.4735,2,0
6277,215.656,172.236,2,0
6278,262.951,188.513,2,0
6279,166.909,148.991,2,0
6280,431.555,251.437,2,0
6281,561.598,70.0941,2,0
6282,596.239,281.007,2,0
6283,183.764,107.731,2,0
6284,123.174,41.3426,2,0
6285,500.287,100.064,2,0
6286,353.066,24.2902,2,0
6287,105.329,119.406,2,0
6288,297.208,89.0582,2,0
6289,211.332,54.1832,2,0
6290,488.497,52.0164,2,0
6291,378.83,282.488,2,0
6292,548.283,84.2621,2,0
6293,79.2069,117.352,2,0
6294,356.41,105.995,2,0
6295,493.445,141.71,2,0
6296,335.93,258.886,2,0
6297,494.823,125.584,2,0
6298,90.696,239.679,2,0
6299,563.118,61.0231,2,0
6300,107.28,26.5415,2,0
6301,569.827,123.374,2,0
6302,478.824,42.1357,2,0
6303,256.809,116.975,2,0
6304,453.171,263.363,2,0
6305,86.0052,59.4024,2,0
6306,500.938,222.858,2,0
6307,27.699,261.407,2,0
6308,303.142,149.653,2,0
6309,377.969,28.5198,2,0
6310,201.542,142.944,2,0
6311,526.684,276.639,2,0
6312,146.824,294.523,2,0
6313,321.838,212.559,2,0
6314,429.462,204.156,2,0
6315,335.718,66.6244,2,0
6316,10.267,209.056,2,0
6317,57.8984,98.1523,2,0
6318,571.983,141.895,2,0
6319,519.441,105.814,2,0
6320,61.0482,230.569,2,0
6321,443.579,281.663,2,0
6322,233.224,109.148,2,0
6323,59.4789,143.762,2,0
6324,584.975,114.058,2,0
6325,312.03,131.434,2,0
6326,279.541,223.379,2,0
6327,19.9195,71.1792,2,0
6328,548.929,130.792,2,0
6329,120.12,201.276,2,0
6330,462.494,52.1541,2,0
6331,196.396,121.02,2,0
6332,188.87,145.445,2,0
6333,364.596,35.4458,2,0
6334,18.4486,179.329,2,0
6335,253.987,128.548,2,0
6336,574.947,162.956,2,0
6337,75.2899,13.2672,2,0
6338,233.284,56.6351,2,0
6339,2.51089,199.353,2,0
6340,446.599,58.1899,2,0
6341,325.945,212.487,2,0
6342,461.363,212.458,2,0
6343,129.837,122.834,2,0
6344,573.185,258.464,2,0
6345,355.631,88.1334,2,0
6346,351.652,88.8235,2,0
6347,408.235,92.2896,2,0
6348,286.475,200.139,2,0
6349,422.619,294.943,2,0
6350,245.409,257.205,2,0
6351,149.718,47.6047,2,0
6352,572.327,283.28,2,0
6353,595.836,158.891,2,0
6354,525.406,165.735,2,0
6355,513.368,269.768,2,0
6356,593.429,2,2,0
6357,135.083,203.215,2,0
6358,18.4811,283.205,2,0
6359,405.674,71.75,2,0
6360,233.435,224.562,2,0
6361,248.57,53.5642,2,0
6362,3.11187,100.32,2,0
6363,347.075,49.8558,2,0
6364,441.226,278.239,2,0
6365,540.108,138.85,2,0
6366,109.36,85.2182,2,0
6367,30.2867,67.4196,2,0
6368,27.059,294.294,2,0
6369,134.477,284.377,2,0
6370,139.59,258.496,2,0
6371,287.389,76.067,2,0
6372,169.89,138.713,2,0
6373,419.995,67.7377,2,0
6374,349.868,103.334,2,0
6375,503.174,165.655,2,0
6376,436.384,268.212,2,0
6377,304.632,49.2163,2,0
6378,257.668,204.157,2,0
6379,164.411,246.84,2,0
6380,282.716,106.244,2,0
6381,559.701,151.473,2,0
6382,512.812,183.203,2,0
6383,246.722,130.655,2,0
6384,47.2826,250.078,2,0
6385,502.937,195.495,2,0
6386,415.206,89.3412,2,0
6387,547.183,238.312,2,0
6388,151.023,182.045,2,0
6389,291.346,205.304,2,0
6390,569.298,172.362,2,0
6391,507.637,88.0671,2,0
6392,190.912,130.348,2,0
6393,536.663,150.507,2,0
6394,413.172,68.2852,2,0
6395,367.613,152.976,2,0
6396,113.872,167.615,2,0
6397,141.584,39.1899,2,0
6398,479.806,148.252,2,0
6399,376.076,55.1101,2,0
6400,85.7162,99.129,2,0
6401,341.03,123.908,2,0
6402,174.224,165.56,2,0
6403,591.572,25.6701,2,0
6404,300.022,258.892,2,0
6405,403.685,164.959,2,0
6406,211.809,49.637,2,0
6407,501.295,267.386,2,0
6408,456.219,104.492,2,0
6409,19.7422,113.8,2,0
6410,336.356,108.982,2,0
6411,56.5804,286.901,2,0
6412,37.8051,226.264,2,0
6413,74.7815,5.85139,2,0
6414,558.468,171.697,2,0
6415,323.016,81.7761,2,0
6416,471.917,32.3761,2,0
6417,405.733,45.6145,2,0
6418,397.497,83.4653,2,0
6419,213.373,20.1326,2,0
6420,497.197,58.4091,2,0
6421,159.451,59.3481,2,0
6422,1.35552,186.673,2,0
6423,109.853,2,2,0
6424,256.729,298,2,0
6425,390.937,288.392,2,0
6426,9.25827,273.84,2,0
6427,551.739,141.653,2,0
6428,15.6394,113.224,2,0
6429,247.976,260.29,2,0
6430,526.993,198.752,2,0
6431,408.638,83.0709,2,0
6432,224.68,155.225,2,0
6433,17.3683,194.386,2,0
6434,492.588,291.976,2,0
6435,47.2252,93.4704,2,0
6436,445.708,249.9,2,0
6437,81.5028,193.628,2,0
6438,111.148,33.8149,2,0
6439,357.871,69.8466,2,0
6440,187.095,137.647,2,0
6441,340.41,108.351,2,0
6442,531.467,290.938,2,0
6443,334.827,112.921,2,0
6444,568.843,144.454,2,0
6445,298.347,60.376,2,0
6446,306.549,174.729,2,0
6447,353.179,246.293,2,0
6448,416.294,210.502,2,0
6449,258.29,57.1394,2,0
6450,316.569,294.561,2,0
6451,483.792,146.781,2,0
6452,217.501,80.8551,2,0
6453,343.613,167.096,2,0
6454,546.951,5.60756,2,0
6455,244.493,193.162,2,0
6456,426.263,23.6094,2,0
6457,554.438,178.2,2,0
6458,474.942,100.218,2,0
6459,529.823,89.5392,2,0
6460,519.448,231.297,2,0
6461,543.095,248.257,2,0
6462,455.086,278.692,2,0
6463,283.149,287.373,2,0
6464,289.491,208.868,2,0
6465,112.041,208.902,2,0
6466,522.281,94.055,2,0
6467,278.941,45.2405,2,0
6468,39.302,17.8275,2,0
6469,545.603,57.487,2,0
6470,281.401,138.072,2,0
6471,89.3695,186.562,2,0
6472,60.5424,203.119,2,0
6473,84.5295,176.725,2,0
6474,289.933,126.075,2,0
6475,440.758,153.459,2,0
6476,124.4,166.857,2,0
6477,387.5,34.0426,2,0
6478,592.55,222.878,2,0
6479,425.759,5.9369,2,0
6480,36.0053,196.074,2,0
6481,509.297,57.2491,2,0
6482,228.137,149.056,2,0
6483,86.9563,120.049,2,0
6484,195.808,74.8259,2,0
6485,190.615,218.868,2,0
6486,157.852,2,2,0
6487,507.567,60.9802,2,0
6488,78.0193,232.187,2,0
6489,217.046,66.2129,2,0
6490,163.176,18.6335,2,0
6491,62.9008,108.35,2,0
6492,320.783,24.8264,2,0
6493,351.639,171.738,2,0
6494,164.811,205.013,2,0
6495,130.995,63.3119,2,0
6496,16.3368,237.539,2,0
6497,0.399642,103.412,2,0
6498,370.661,233.913,2,0
6499,243.059,170.482,2,0
6500,0.142329,60.4547,2,0
6501,63.6675,120.716,2,0
6502,392.218,160.894,2,0
6503,446.163,108.317,2,0
6504,221.7,181.11,2,0
6505,304.697,270.077,2,0
6506,527.638,142.928,2,0
6507,449.236,174.981,2,0
6508,483.907,58.5577,2,0
6509,457.499,211.332,2,0
6510,233.546,90.6078,2,0
6511,388.629,95.5972,2,0
6512,229.866,16.1048,2,0
6513,325.042,243.627,2,0
6514,389.714,69.74,2,0
6515,293.512,169.758,2,0
6516,518.183,94.8295,2,0
6517,497.604,277.463,2,0
6518,544.717,20.5153,2,0
6519,316.676,169.241,2,0
6520,177.164,70.1103,2,0
6521,187.355,253.766,2,0
6522,491.145,280.265,2,0
6523,344.397,107.738,2,0
6524,360.695,79.9535,2,0
6525,36.4282,161.677,2,0
6526,441.809,71.3121,2,0
6527,191.983,68.078,2,0
6528,238.808,188.993,2,0
6529,187.255,294.544,2,0
6530,321.269,135.006,2,0
6531,93.758,69.4522,2,0
6532,255.379,43.7491,2,0
6533,279.481,113.695,2,0
6534,473.49,56.0808,2,0
6535,263.248,279.864,2,0
6536,130.887,118.848,2,0
6537,15.0809,51.935,2,0
6538,550.42,26.2799,2,0
6539,525.406,192.101,2,0
6540,407.519,245.645,2,0
6541,405.488,67.6991,2,0
6542,387.11,126.886,2,0
6543,238.129,294.311,2,0
6544,239.644,104.273,2,0
6545,210.065,235.931,2,0
6546,197.299,201.597,2,0
6547,395.409,9.48077,2,0
6548,531.089,60.169,2,0
6549,114.893,136.481,2,0
6550,488.084,246.831,2,0
6551,543.382,221.866,2,0
6552,438.085,289.916,2,0
6553,85.7267,133.658,2,0
6554,39.0564,199.751,2,0
6555,319.124,249.25,2,0
6556,274.678,99.7955,2,0
6557,575.586,127.611,2,0
6558,158.458,48.0581,2,0
6559,10.0589,215.636,2,0
6560,432.456,132.178,2,0
6561,527.253,283.775,2,0
6562,223.389,184.822,2,0
6563,253.466,101.285,2,0
6564,6.60617,294.375,2,0
6565,118.428,272.141,2,0
6566,51.0561,283.155,2,0
6567,578.237,230.196,2,0
6568,123.533,171.422,2,0
6569,379.011,13.2713,2,0
6570,250.496,167.141,2,0
6571,432.907,270.272,2,0
6572,270.166,180.983,2,0
6573,329.732,5.50472,2,0
6574,315.408,202.004,2,0
6575,120.723,168.492,2,0
6576,445.647,298,2,0
6577,455.213,85.1104,2,0
6578,101.171,21.0404,2,0
6579,531.314,283.673,2,0
6580,471.319,110.9,2,0
6581,234.408,32.1612,2,0
6582,552.75,193.493,2,0
6583,523.102,72.7602,2,0
6584,16.5454,298,2,0
6585,85.5561,84.7664,2,0
6586,394.31,298,2,0
6587,559.356,251.728,2,0
6588,252.371,27.3877,2,0
6589,554.563,216.065,2,0
6590,162.849,148.688,2,0
6591,508.991,157.339,2,0
6592,537.541,287.182,2,0
6593,349.9,283.647,2,0
6594,342.165,93.802,2,0
6595,75.509,210.106,2,0
6596,463.229,264.693,2,0
6597,578.727,135.828,2,0
6598,146.02,170.996,2,0
6599,433.474,245.339,2,0
6600,215.836,126.014,2,0
6601,334.955,70.6815,2,0
6602,326.017,145.256,2,0
6603,556.755,16.8993,2,0
6604,372.56,16.3798,2,0
6605,467.851,207.195,2,0
6606,51.6732,26.9059,2,0
6607,282.934,93.546,2,0
6608,250.338,287.357,2,0
6609,523.426,45.9474,2,0
6610,571.554,102.376,2,0
6611,125.879,9.43672,2,0
6612,398.982,205.407,2,0
6613,358.765,252.404,2,0
6614,529.767,109.935,2,0
6615,485.035,244.113,2,0
6616,301.949,31.24,2,0
6617,459.394,152.062,2,0
6618,423.553,52.8752,2,0
6619,95.4502,260.944,2,0
6620,426.92,275.797,2,0
6621,243.951,133.63,2,0
6622,94.0635,75.4789,2,0
6623,69.0929,155.894,2,0
6624,229.943,272.937,2,0
6625,61.0039,264.271,2,0
6626,366.12,90.1017,2,0
6627,325.154,16.6208,2,0
6628,149.058,31.7676,2,0
6629,172.247,245.406,2,0
6630,306.307,201.79,2,0
6631,1.37802,286.904,2,0
6632,377.082,145.168,2,0
6633,40.7943,135.781,2,0
6634,28.4194,37.2322,2,0
6635,335.654,254.895,2,0
6636,552.725,57.9957,2,0
6637,539.663,262.991,2,0
6638,495.684,186.786,2,0
6639,115.283,12.34,2,0
6640,456.729,146.766,2,0
6641,291.739,122.251,2,0
6642,388.608,206.241,2,0
6643,512.772,225.898,2,0
6644,367.609,187.801,2,0
6645,595.466,149.713,2,0
6646,92.9111,82.4195,2,0
6647,349.399,130.729,2,0
6648,526.226,83.5102,2,0
6649,430.015,121.362,2,0
6650,229.046,268.049,2,0
6651,215.921,140.519,2,0
6652,409.453,70.0585,2,0
6653,86.802,255.721,2,0
6654,322.242,124.619,2,0
6655,129.899,250.83,2,0
6656,291.645,110.247,2,0
6657,65.0438,116.01,2,0
6658,262.808,98.2238,2,0
6659,517.205,109.155,2,0
6660,302.384,220.997,2,0
6661,145.656,47.1739,2,0
6662,528.815,19.8148,2,0
6663,380.373,121.296,2,0
6664,538.339,142.483,2,0
6665,237.202,185.266,2,0
6666,274.384,15.1655,2,0
6667,482.837,218.683,2,0
6668,588.418,222.242,2,0
6669,441.626,298,2,0
6670,593.38,78.2141,2,0
6671,458.665,271.361,2,0
6672,100.754,223.83,2,0
6673,105.021,102.272,2,0
6674,165.499,265.697,2,0
6675,493.426,96.3745,2,0
6676,50.9487,186.481,2,0
6677,119.539,268.209,2,0
6678,391.553,215.24,2,0
6679,487.419,127.073,2,0
6680,536.361,177.777,2,0
6681,171.652,280.696,2,0
6682,219.895,115.773,2,0
6683,267.837,43.22,2,0
6684,125.264,196.493,2,0
6685,392.88,219.105,2,0
6686,313.553,205.594,2,0
6687,312.102,33.5232,2,0
6688,54.9867,180.982,2,0
6689,464.06,298,2,0
6690,570.903,62.282,2,0
6691,305.966,205.827,2,0
6692,368.726,45.3037,2,0
6693,323.71,189.282,2,0
6694,455.52,20.1931,2,0
6695,226.011,53.2764,2,0
6696,331.307,131.416,2,0
6697,428.838,218.475,2,0
6698,311.219,2,2,0
6699,337.941,126.661,2,0
6700,388.66,73.6814,2,0
6701,587.28,110.716,2,0
6702,39.1859,5.50617,2,0
6703,555.259,72.9546,2,0
6704,368.468,34.2359,2,0
6705,246.205,287.399,2,0
6706,459.371,120.776,2,0
6707,545.181,218.186,2,0
6708,205.626,217.298,2,0
6709,287.724,153.763,2,0
6710,583.052,192.368,2,0
6711,19.2423,138.841,2,0
6712,561.878,212.691,2,0
6713,544.613,192.66,2,0
6714,410.194,189.671,2,0
6715,72.1987,2,2,0
6716,457.97,294.511,2,0
6717,250.945,206.937,2,0
6718,366.203,208.346,2,0
6719,56.9813,77.2655,2,0
6720,396.57,132.397,2,0
6721,10.8485,162.488,2,0
6722,259.268,230.733,2,0
6723,361.95,218.572,2,0
6724,441.901,208.103,2,0
6725,162.444,120.204,2,0
6726,2.20825,126.018,2,0
6727,568.112,239.941,2,0
6728,172.179,158.547,2,0
6729,415.532,291.62,2,0
6730,80.9194,126.273,2,0
6731,231.924,276.592,2,0
6732,266.179,89.9523,2,0
6733,162.138,33.4393,2,0
6734,74.8323,258.936,2,0
6735,374.616,78.4802,2,0
6736,436.012,167.579,2,0
6737,70.8691,206.601,2,0
6738,432.295,286.233,2,0
6739,488.601,105.325,2,0
6740,232.888,269.271,2,0
6741,273.845,208.102,2,0
6742,163.154,185.525,2,0
6743,425.26,120.181,2,0
6744,582.394,287.273,2,0
6745,545.169,61.4687,2,0
6746,584.425,49.8877,2,0
6747,15.7694,89.7457,2,0
6748,512.586,5.63337,2,0
6749,285.813,15.4577,2,0
6750,445.46,178.781,2,0
6751,371.762,197.947,2,0
6752,529.763,251.758,2,0
6753,326.595,234.149,2,0
6754,331.786,9.10667,2,0
6755,283.677,83.375,2,0
6756,283.515,10.3081,2,0
6757,30.0413,242.676,2,0
6758,593.51,268.833,2,0
6759,392.901,49.2212,2,0
6760,50.8577,159.706,2,0
6761,70.1635,174.646,2,0
6762,571.911,95.3584,2,0
6763,196.614,293.18,2,0
6764,408.111,230.009,2,0
6765,492.225,13.5486,2,0
6766,446.82,162.522,2,0
6767,309.859,228.441,2,0
6768,512.045,36.097,2,0
6769,165.618,127.76,2,0
6770,4.31038,104.267,2,0
6771,294.718,62.1073,2,0
6772,169.092,125.608,2,0
6773,384.834,97.0066,2,0
6774,475.416,75.3481,2,0
6775,145.366,122.003,2,0
6776,436.814,286.041,2,0
6777,337.064,122.642,2,0
6778,78.1421,71.5503,2,0
6779,88.5607,51.5565,2,0
6780,100.799,161.585,2,0
6781,323.594,266.42,2,0
6782,7.86555,205.656,2,0
6783,221.114,2,2,0
6784,597.937,95.7254,2,0
6785,382.877,267.071,2,0
6786,42.7766,15.733,2,0
6787,371.149,107.56,2,0
6788,264.867,27.8807,2,0
6789,338.393,83.6088,2,0
6790,164.099,134.765,2,0
6791,334.575,160.601,2,0
6792,374.015,174.618,2,0
6793,449.477,204.078,2,0
6794,573.856,195.316,2,0
6795,324.465,132.491,2,0
6796,111.329,81.6299,2,0
6797,176.363,13.2859,2,0
6798,376.77,217.946,2,0
6799,372.009,193.953,2,0
6800,448.892,193.604,2,0
6801,530.877,145.405,2,0
6802,144.089,167.211,2,0
6803,429.029,178.235,2,0
6804,313.068,81.8942,2,0
6805,257.119,69.2286,2,0
6806,116.665,48.7266,2,0
6807,107.715,162.35,2,0
6808,592.407,290.83,2,0
6809,392.276,108.052,2,0
6810,377.689,66.1834,2,0
6811,504.089,191.523,2,0
6812,220.825,153.982,2,0
6813,280.347,33.6079,2,0
6814,240.054,221.643,2,0
6815,403.297,252.343,2,0
6816,267.793,86.204,2,0
6817,163.074,105.362,2,0
6818,8.22802,80.1859,2,0
6819,43.9644,158.662,2,0
6820,25.7674,117.462,2,0
6821,263.739,94.2234,2,0
6822,211.974,114.574,2,0
6823,191.796,214.957,2,0
6824,272.594,174.355,2,0
6825,310.893,94.4759,2,0
6826,339.575,90.6409,2,0
6827,203.249,181.981,2,0
6828,287.59,55.6684,2,0
6829,13.677,201.688,2,0
6830,280.898,298,2,0
6831,483.119,202.754,2,0
6832,527.838,66.8232,2,0
6833,76.7822,272.667,2,0
6834,160.872,298,2,0
6835,258.532,287.363,2,0
6836,512.121,163.939,2,0
6837,18.2017,110.108,2,0
6838,23.5042,39.4121,2,0
6839,560.09,283.802,2,0
6840,109.37,103.161,2,0
6841,417.276,92.8638,2,0
6842,444.911,146.662,2,0
6843,242.168,196.496,2,0
6844,402.771,100.013,2,0
6845,573.07,130.854,2,0
6846,384.246,258.95,2,0
6847,410.534,125.776,2,0
6848,450.882,148.789,2,0
6849,174.026,47.6927,2,0
6850,598.869,201.226,2,0
6851,388.06,46.7298,2,0
6852,530.813,42.7951,2,0
6853,8.1055,61.8364,2,0
6854,46.0233,97.2813,2,0
6855,136.561,240.452,2,0
6856,395.693,52.1086,2,0
6857,286.814,146.507,2,0
6858,66.6381,252.123,2,0
6859,93.2317,164.846,2,0
6860,306.647,257.03,2,0
6861,191.749,126.263,2,0
6862,535.068,199.328,2,0
6863,493.665,21.416,2,0
6864,113.66,85.0741,2,0
6865,26.8211,136.309,2,0
6866,450.032,109.546,2,0
6867,557.433,181.002,2,0
6868,219.812,69.1875,2,0
6869,247.796,200.408,2,0
6870,240.098,52.6115,2,0
6871,164.829,242.572,2,0
6872,355.75,174.51,2,0
6873,525.512,102.954,2,0
6874,343.508,205.447,2,0
6875,449.387,212.462,2,0
6876,491.937,44.7427,2,0
6877,250.402,69.1988,2,0
6878,24.3949,102.565,2,0
6879,105.843,67.3029,2,0
6880,432.058,162.375,2,0
6881,420.833,266.976,2,0
6882,391.459,226.089,2,0
6883,7.94051,180.185,2,0
6884,333.299,49.5804,2,0
6885,5.1526,194.963,2,0
6886,476.77,86.859,2,0
6887,306.589,273.623,2,0
6888,59.1533,283.241,2,0
6889,271.649,2,2,0
6890,114.261,248.022,2,0
6891,89.3727,101.661,2,0
6892,367.634,291.017,2,0
6893,147.154,269.559,2,0
6894,405.638,55.504,2,0
6895,580.245,283.761,2,0
6896,565.322,227.183,2,0
6897,384.258,48.0146,2,0
6898,407.524,270.39,2,0
6899,595.339,276.828,2,0
6900,161.28,207.203,2,0
6901,154.431,164.028,2,0
6902,302.482,209.907,2,0
6903,398.055,23.6534,2,0
6904,62.5105,86.1531,2,0
6905,373.387,52.082,2,0
6906,204.956,63.3754,2,0
6907,428.142,48.405,2,0
6908,177.296,148.931,2,0
6909,549.995,163.705,2,0
6910,535.503,185.578,2,0
6911,19.5863,171.233,2,0
6912,145.918,111.413,2,0
6913,129.279,70.3691,2,0
6914,538.183,69.9887,2,0
6915,116.376,147.053,2,0
6916,131.864,6.72749,2,0
6917,22.9432,285.989,2,0
6918,466.551,281.744,2,0
6919,125.585,292.67,2,0
6920,577.503,59.9034,2,0
6921,179.114,100.885,2,0
6922,473.255,195.728,2,0
6923,353.642,113.581,2,0
6924,538.074,242.661,2,0
6925,278.955,187.519,2,0
6926,379.862,130.655,2,0
6927,249.354,118.809,2,0
6928,117.214,197.022,2,0
6929,7.18093,112.052,2,0
6930,55.003,224.766,2,0
6931,277.445,219.869,2,0
6932,166.532,63.3302,2,0
6933,428.9,185.362,2,0
6934,128.614,165.98,2,0
6935,10.1276,16.5665,2,0
6936,106.009,195.373,2,0
6937,370.329,180.594,2,0
6938,132.972,162.62,2,0
6939,284.582,161.787,2,0
6940,280.243,276.806,2,0
6941,283.908,256.461,2,0
6942,38.4887,33.2993,2,0
6943,408.959,28.029,2,0
6944,56.3637,294.022,2,0
6945,190.717,282.302,2,0
6946,303.637,23.4214,2,0
6947,148.462,185.146,2,0
6948,342.682,254.367,2,0
6949,50.0167,55.7257,2,0
6950,134.903,207.235,2,0
6951,489.961,217.487,2,0
6952,276.141,27.5219,2,0
6953,374.546,252.969,2,0
6954,308.936,159.733,2,0
6955,114.306,273.441,2,0
6956,223.827,98.0457,2,0
6957,349.71,253.965,2,0
6958,471.719,213.73,2,0
6959,285.036,89.9332,2,0
6960,307.656,11.0239,2,0
6961,215.154,202.358,2,0
6962,599.518,27.1254,2,0
6963,594.391,247.346,2,0
6964,179.065,44.6567,2,0
6965,458.773,22.6442,2,0
6966,174.298,290.522,2,0
6967,505.687,198.484,2,0
6968,80.2712,2,2,0
6969,205.632,87.2213,2,0
6970,520.607,62.7832,2,0
6971,212.029,165.458,2,0
6972,367.757,183.764,2,0
6973,216.971,129.98,2,0
6974,0.929573,256.068,2,0
6975,322.196,277.056,2,0
6976,40.0581,195.832,2,0
6977,590.713,21.7326,2,0
6978,281.928,184.584,2,0
6979,184.928,298,2,0
6980,43.1934,55.8475,2,0
6981,395.084,188.485,2,0
6982,403.887,122.595,2,0
6983,272.63,20.1245,2,0
6984,423.704,69.2851,2,0
6985,231.408,242.923,2,0
6986,104.843,155.845,2,0
6987,208.134,138.318,2,0
6988,425.037,106.246,2,0
6989,555.352,204,2,0
6990,575.984,95.5451,2,0
6991,212.864,271.55,2,0
6992,389.702,15.0249,2,0
6993,497.695,225.824,2,0
6994,164.331,14.6663,2,0
6995,526.145,91.5252,2,0
6996,289.002,12.9084,2,0
6997,319.986,216.238,2,0
6998,569.554,29.3043,2,0
6999,276.515,278.473,2,0
7000,117.961,102.149,2,0
7001,136.268,142.923,2,0
7002,596.355,102.598,2,0
7003,109.434,23.1642,2,0
7004,287.525,164.764,2,0
7005,26.9004,236.383,2,0
7006,334.854,174.035,2,0
7007,420.62,128.193,2,0
7008,326.117,174.745,2,0
7009,404.942,84.8099,2,0
7010,479.189,216.997,2,0
7011,61.084,54.3848,2,0
7012,278.666,16.3285,2,0
7013,94.1551,20.9594,2,0
7014,30.7405,33.869,2,0
7015,180.062,6.0449,2,0
7016,162.124,109.325,2,0
7017,400.32,209.545,2,0
7018,399.914,198.244,2,0
7019,502.732,260.464,2,0
7020,223.244,242.283,2,0
7021,189.296,118.509,2,0
7022,550.95,12.6372,2,0
7023,227.525,198.359,2,0
7024,61.0988,46.1762,2,0
7025,173.346,55.84,2,0
7026,350.204,262.065,2,0
7027,531.442,55.8595,2,0
7028,475.319,164.105,2,0
7029,126.593,257.709,2,0
7030,244.48,46.9546,2,0
7031,70.2985,234.548,2,0
7032,91.1243,214.777,2,0
7033,182.854,270.554,2,0
7034,441.172,16.8723,2,0
7035,308.206,287.527,2,0
7036,511.643,60.6526,2,0
7037,396.397,121.178,2,0
7038,126.037,228.774,2,0
7039,82.2159,94.4536,2,0
7040,504.69,69.0477,2,0
7041,220.526,9.5036,2,0
7042,215.077,168.124,2,0
7043,169.73,151.836,2,0
7044,165.494,193.705,2,0
7045,268.293,122.458,2,0
7046,581.248,91.9139,2,0
7047,412.77,249.839,2,0
7048,526.061,240.103,2,0
7049,448.805,295.326,2,0
7050,586.128,21.2256,2,0
7051,96.9553,225.222,2,0
7052,579.069,267.49,2,0
7053,135.379,298,2,0
7054,158.07,20.3795,2,0
7055,368.472,16.7294,2,0
7056,119.342,157.116,2,0
7057,494.054,2,2,0
7058,311.276,247.096,2,0
7059,501.676,92.1833,2,0
7060,226.987,170.275,2,0
7061,3.13087,191.243,2,0
7062,439.512,79.0501,2,0
7063,278.042,183.582,2,0
7064,273.93,87.95,2,0
7065,17.5874,95.8369,2,0
7066,325.978,219.694,2,0
7067,344.791,194.495,2,0
7068,184.037,245.956,2,0
7069,463.944,173.733,2,0
7070,178.777,270.361,2,0
7071,482.188,62.3346,2,0
7072,191.999,103.597,2,0
7073,160.551,217.784,2,0
7074,309.059,239.301,2,0
7075,394.133,24.9675,2,0
7076,373.774,147.94,2,0
7077,13.3466,186.311,2,0
7078,413.491,5.89384,2,0
7079,64.7746,79.8721,2,0
7080,491.754,172.696,2,0
7081,441.691,230.177,2,0
7082,79.2395,228.255,2,0
7083,44.5819,154.535,2,0
7084,426.23,245.393,2,0
7085,168.027,245.086,2,0
7086,582.857,253.747,2,0
7087,3.11734,38.8142,2,0
7088,219.248,290.4,2,0
7089,113.913,291.839,2,0
7090,52.4037,67.5845,2,0
7091,207.834,194.682,2,0
7092,347.822,12.1584,2,0
7093,169.007,82.7721,2,0
7094,25.5414,180.435,2,0
7095,541.049,84.5551,2,0
7096,556.765,187.749,2,0
7097,410.498,169.324,2,0
7098,175.438,189.426,2,0
7099,3.0069,14.6265,2,0
7100,582.641,117.383,2,0
7101,339.795,264.746,2,0
7102,536.73,131.405,2,0
7103,517.968,215.813,2,0
7104,328.17,150.081,2,0
7105,464.559,129.631,2,0
7106,65.8881,124.294,2,0
7107,290.49,201.365,2,0
7108,453.547,2,2,0
7109,152.184,282.381,2,0
7110,169.023,298,2,0
7111,247.834,92.0632,2,0
7112,110.183,141.841,2,0
7113,67.5543,204.189,2,0
7114,327.042,82.5702,2,0
7115,569.119,84.3996,2,0
7116,574.224,286.802,2,0
7117,156.769,160.683,2,0
7118,329.429,250.006,2,0
7119,136.146,153.274,2,0
7120,561.704,225.004,2,0
7121,291.653,152.996,2,0
7122,293.053,13.307,2,0
7123,270.833,136.505,2,0
7124,131.03,93.4327,2,0
7125,513.224,120.013,2,0
7126,317.572,198.549,2,0
7127,412.144,13.7692,2,0
7128,33.8923,155.084,2,0
7129,368.923,217.911,2,0
7130,15.3534,149.087,2,0
7131,476.257,258.272,2,0
7132,186.476,161.594,2,0
7133,55.6201,176.938,2,0
7134,267.621,13.8797,2,0
7135,424.911,268.037,2,0
7136,492.587,105.988,2,0
7137,415.859,298,2,0
7138,550.984,37.1589,2,0
7139,367.756,199.859,2,0
7140,20.0304,57.1449,2,0
7141,160.514,152.015,2,0
7142,496.047,294.003,2,0
7143,405.637,187.53,2,0
7144,283.716,154.555,2,0
7145,105.701,180.789,2,0
7146,387.462,225.204,2,0
7147,425.125,162.042,2,0
7148,268.808,298,2,0
7149,494.635,130.536,2,0
7150,206.86,226.311,2,0
7151,217.724,243.296,2,0
7152,238.006,195.95,2,0
7153,129.695,30.0225,2,0
7154,475.818,234.654,2,0
7155,588.083,156.63,2,0
7156,530.257,161.48,2,0
7157,117.684,106.147,2,0
7158,405.539,202.531,2,0
7159,83.0711,35.7149,2,0
7160,306.695,235.999,2,0
7161,118.695,225.645,2,0
7162,311.938,47.2668,2,0
7163,389.752,199.269,2,0
7164,25.1208,154.095,2,0
7165,499.3,188.654,2,0
7166,262.515,194.484,2,0
7167,5.5833,202.185,2,0
7168,67.783,113.023,2,0
7169,295.778,139.901,2,0
7170,372.387,139.77,2,0
7171,362.704,27.7672,2,0
7172,475.738,59.403,2,0
7173,10.7733,294.358,2,0
7174,310.216,291.061,2,0
7175,584.346,146.745,2,0
7176,434.876,2,2,0
7177,156.18,23.998,2,0
7178,569.613,148.427,2,0
7179,365.649,122.277,2,0
7180,13.4901,263.785,2,0
7181,176.014,157.103,2,0
7182,84.5896,80.8175,2,0
7183,22.7437,13.1964,2,0
7184,129.647,254.934,2,0
7185,396.301,47.0593,2,0
7186,122.531,255.956,2,0
7187,351.016,110.461,2,0
7188,398.291,58.8209,2,0
7189,335.064,80.5383,2,0
7190,238.389,235.77,2,0
7191,111.604,287.075,2,0
7192,92.7531,246.194,2,0
7193,96.7228,298,2,0
7194,71.6726,283.925,2,0
7195,74.2066,218.042,2,0
7196,455.45,238.983,2,0
7197,133.061,47.4666,2,0
7198,3.17282,111.39,2,0
7199,371.134,225.681,2,0
7200,330.861,298,2,0
7201,339.871,281.26,2,0
7202,231.51,127.483,2,0
7203,459.573,5.61527,2,0
7204,259.212,190.577,2,0
7205,191.391,152.012,2,0
7206,268.715,236.288,2,0
7207,93.0631,188.165,2,0
7208,469.414,56.5127,2,0
7209,208.01,171.458,2,0
7210,76.615,290.843,2,0
7211,56.33,2.03789,2,0
7212,203.564,102.742,2,0
7213,203.944,18.7233,2,0
7214,398.731,54.7409,2,0
7215,159.322,257.622,2,0
7216,560.904,129.438,2,0
7217,31.6598,104.115,2,0
7218,132.004,194.737,2,0
7219,300.515,213.454,2,0
7220,98.5289,276.208,2,0
7221,101.795,67.9766,2,0
7222,524.385,188.111,2,0
7223,331.735,2,2,0
7224,474.102,242.558,2,0
7225,224.334,231.214,2,0
7226,521.441,294.527,2,0
7227,196.743,287.746,2,0
7228,203.755,239.346,2,0
7229,331.411,92.0398,2,0
7230,178.34,210.55,2,0
7231,197.953,209.728,2,0
7232,488.49,298,2,0
7233,54.3258,197.961,2,0
7234,14.4258,216.031,2,0
7235,392.626,237.998,2,0
7236,395.936,5.27525,2,0
7237,582.787,135.343,2,0
7238,368.466,104.144,2,0
7239,250.947,252.701,2,0
7240,154.281,285.928,2,0
7241,428.783,147.702,2,0
7242,197.25,161.15,2,0
7243,390.718,142.716,2,0
7244,354.544,215.161,2,0
7245,9.52274,245.021,2,0
7246,250.375,5.51488,2,0
7247,447.548,126.576,2,0
7248,538.775,258.186,2,0
7249,103.658,258.328,2,0
7250,529.528,294.447,2,0
7251,567.491,159.919,2,0
7252,206.912,26.2521,2,0
7253,228.919,107.554,2,0
7254,514.46,112.151,2,0
7255,588.103,95.0848,2,0
7256,342.494,41.8034,2,0
7257,426.344,82.7884,2,0
7258,357.876,212.859,2,0
7259,361.162,258.102,2,0
7260,12.536,130.683,2,0
7261,86.181,95.0591,2,0
7262,322.136,175.372,2,0
7263,497.237,24.1452,2,0
7264,501.042,144.918,2,0
7265,579.627,127.822,2,0
7266,582.77,142.863,2,0
7267,273.413,272.3,2,0
7268,567.119,230.81,2,0
7269,85.3718,172.695,2,0
7270,225.094,245.901,2,0
7271,38.799,113.999,2,0
7272,566.419,116.066,2,0
7273,185.154,30.6976,2,0
7274,455.908,96.2786,2,0
7275,529.414,165.398,2,0
7276,428.838,155.807,2,0
7277,259.83,95.3291,2,0
7278,445.369,211.85,2,0
7279,2.56439,211.134,2,0
7280,326.755,103.676,2,0
7281,94.1906,184.234,2,0
7282,174.479,185.531,2,0
7283,375.457,62.8559,2,0
7284,166.572,213.313,2,0
7285,137.675,71.8289,2,0
7286,568.227,283.336,2,0
7287,156.827,298,2,0
7288,388.096,188.272,2,0
7289,332.811,56.9676,2,0
7290,222.926,139.175,2,0
7291,184.047,2,2,0
7292,46.6829,268.63,2,0
7293,322.836,290.936,2,0
7294,20.0255,17.9564,2,0
7295,99.8782,190.35,2,0
7296,279.886,63.1374,2,0
7297,484.087,248.023,2,0
7298,361.14,210.468,2,0
7299,442.547,189.56,2,0
7300,7.00542,50.4673,2,0
7301,506.995,283.199,2,0
7302,89.5055,131.913,2,0
7303,142.95,114.209,2,0
7304,209.962,131.557,2,0
7305,589.855,189.448,2,0
7306,281.913,158.409,2,0
7307,504.522,230.077,2,0
7308,287.247,287.37,2,0
7309,361.51,214.586,2,0
7310,518.581,39.2116,2,0
7311,415.331,132.863,2,0
7312,480.548,66.0853,2,0
7313,472.303,290.968,2,0
7314,133.745,121.727,2,0
7315,382.9,4.8902,2,0
7316,95.2406,180.251,2,0
7317,315.739,78.785,2,0
7318,493.129,214.923,2,0
7319,334.32,286.84,2,0
7320,544.968,2,2,0
7321,60.5795,59.3251,2,0
7322,396.518,231.279,2,0
7323,176.026,108.123,2,0
7324,243.258,85.6954,2,0
7325,46.4867,165.329,2,0
7326,527.335,38.8715,2,0
7327,74.1256,233.297,2,0
7328,161.68,254.311,2,0
7329,380.87,43.1623,2,0
7330,410.302,35.9592,2,0
7331,8.21839,144.6,2,0
7332,328.22,134.017,2,0
7333,160.768,160.968,2,0
7334,183.887,127.8,2,0
7335,224.603,147.061,2,0
7336,467.717,270.274,2,0
7337,234.825,188.598,2,0
7338,0.488311,174.74,2,0
7339,216.253,273.746,2,0
7340,379.396,113.119,2,0
7341,497.679,103.274,2,0
7342,405.158,17.0354,2,0
7343,499.337,202.618,2,0
7344,254.076,141.405,2,0
7345,130.119,2.37543,2,0
7346,317.815,212.732,2,0
7347,476.692,254.266,2,0
7348,466.014,17.7764,2,0
7349,573.25,2,2,0
7350,89.5169,195.322,2,0
7351,257.964,163.831,2,0
7352,522.899,136.999,2,0
7353,261.543,131.19,2,0
7354,207.305,16.4372,2,0
7355,152.949,185.601,2,0
7356,119.919,189.649,2,0
7357,503.459,72.9925,2,0
7358,505.797,180.56,2,0
7359,160.313,246.472,2,0
7360,27.552,79.0084,2,0
7361,412.981,183.875,2,0
7362,502.974,54.2911,2,0
7363,226.18,14.5115,2,0
7364,464.591,190.461,2,0
7365,65.3185,280.231,2,0
7366,175.442,90.3601,2,0
7367,259.836,105.841,2,0
7368,228.602,231.545,2,0
7369,436.031,143.749,2,0
7370,444.903,169.263,2,0
7371,574.179,220.608,2,0
7372,363.535,234.973,2,0
7373,159.01,8.40204,2,0
7374,11.2908,251.906,2,0
7375,150.296,55.9961,2,0
7376,244.522,29.0329,2,0
7377,177.22,214.46,2,0
7378,455.984,298,2,0
7379,504.825,33.202,2,0
7380,349.422,249.785,2,0
7381,4.54982,9.07078,2,0
7382,206.566,280.389,2,0
7383,538.867,52.4283,2,0
7384,246.421,68.4761,2,0
7385,400.757,220.697,2,0
7386,339.232,290.769,2,0
7387,585.911,250.57,2,0
7388,526.713,9.2336,2,0
7389,92.813,134.279,2,0
7390,383.158,139.657,2,0
7391,548.058,71.7604,2,0
7392,302.948,266.404,2,0
7393,584.982,195.987,2,0
7394,190.386,5.64498,2,0
7395,451.494,70.008,2,0
7396,303.816,64.1921,2,0
7397,22.2061,281.633,2,0
7398,60.0177,171.251,2,0
7399,355.351,223.367,2,0
7400,183.403,19.6362,2,0
7401,112.789,234.666,2,0
7402,318.455,255.448,2,0
7403,559.13,268.288,2,0
7404,46.6833,21.6892,2,0
7405,76.9229,78.0442,2,0
7406,328.128,223.482,2,0
7407,481.507,206.433,2,0
7408,577.431,278.674,2,0
7409,564.888,105.4,2,0
7410,593.858,207.827,2,0
7411,463.219,284.232,2,0
7412,341.639,228.667,2,0
7413,375.784,221.916,2,0
7414,189.146,31.1134,2,0
7415,482.031,121.237,2,0
7416,277.497,155.91,2,0
7417,320.695,294.532,2,0
7418,592.216,101.73,2,0
7419,325.407,36.7212,2,0
7420,75.748,183.239,2,0
7421,131.192,170.427,2,0
7422,99.0476,237.156,2,0
7423,85.8319,32.6937,2,0
7424,159.555,261.666,2,0
7425,590.386,247.292,2,0
7426,126.571,189.829,2,0
7427,47.0421,85.6542,2,0
7428,322.332,164.249,2,0
7429,563.313,252.673,2,0
7430,442.423,257.319,2,0
7431,410.272,111,2,0
7432,312.696,51.3965,2,0
7433,487.064,224.047,2,0
7434,543.033,134.703,2,0
7435,244.519,298,2,0
7436,369.169,142.308,2,0
7437,535.455,49.9274,2,0
7438,37.6359,234.99,2,0
7439,544.374,252.124,2,0
7440,54.5915,260.304,2,0
7441,67.5658,168.021,2,0
7442,498.808,259.674,2,0
7443,116.138,174.84,2,0
7444,181.282,166.975,2,0
7445,169.81,78.1974,2,0
7446,293.669,70.1681,2,0
7447,100.114,227.857,2,0
7448,67.5179,231.596,2,0
7449,415.418,100.227,2,0
7450,15.047,102.8,2,0
7451,360.227,287.043,2,0
7452,240.54,108.225,2,0
7453,527.588,185.532,2,0
7454,69.4841,223.12,2,0
7455,489.897,168.145,2,0
7456,56.0958,216.708,2,0
7457,584.443,39.1738,2,0
7458,225.002,201.66,2,0
7459,588.391,146.52,2,0
7460,304.442,34.3844,2,0
7461,125.926,224.021,2,0
7462,576.307,282.705,2,0
7463,24.282,221.934,2,0
7464,84.6837,145.749,2,0
7465,573.338,106.062,2,0
7466,346.528,82.5288,2,0
7467,353.372,281.57,2,0
7468,353.747,201.166,2,0
7469,377.564,149.249,2,0
7470,341.741,127.942,2,0
7471,283.539,203.169,2,0
7472,271.762,252.063,2,0
7473,271.142,114.932,2,0
7474,68.9795,10.0864,2,0
7475,109.634,181.959,2,0
7476,522.621,38.9186,2,0
7477,343.303,100.758,2,0
7478,346.956,74.3616,2,0
7479,357.866,200.369,2,0
7480,104.088,17.192,2,0
7481,47.7611,193.297,2,0
7482,294.427,215.012,2,0
7483,470.324,169.084,2,0
7484,213.621,5.8751,2,0
7485,57.7765,124.679,2,0
7486,275.748,42.6392,2,0
7487,258.871,5.57242,2,0
7488,299.909,276.703,2,0
7489,176.501,287.137,2,0
7490,1.96878,215.201,2,0
7491,261.091,257.257,2,0
7492,183.869,155.038,2,0
7493,358.225,216.871,2,0
7494,586.61,199.704,2,0
7495,422.426,109.522,2,0
7496,123.548,192.773,2,0
7497,241.253,112.162,2,0
7498,572.902,174.208,2,0
7499,560.386,45.4206,2,0
7500,473.575,261.311,2,0
7501,27.6887,121.11,2,0
7502,155.156,9.51144,2,0
7503,396.606,294.369,2,0
7504,549.852,101.866,2,0
7505,488.11,146.186,2,0
7506,372.136,85.9315,2,0
7507,472.215,103.156,2,0
7508,67.2879,283.956,2,0
7509,437.853,56.1682,2,0
7510,165.606,21.8777,2,0
7511,486.742,235.584,2,0
7512,486.302,61.9156,2,0
7513,488.836,242.813,2,0
7514,356.551,13.3703,2,0
7515,590.274,226.332,2,0
7516,240.22,159.872,2,0
7517,555.374,174.281,2,0
7518,405.007,27.0953,2,0
7519,464.662,85.0859,2,0
7520,109.388,187.737,2,0
7521,106.618,210.173,2,0
7522,528.81,12.6876,2,0
7523,274.942,125.052,2,0
7524,170.98,260.246,2,0
7525,476.367,20.6264,2,0
7526,506.881,128.479,2,0
7527,232.356,209.553,2,0
7528,30.1617,93.177,2,0
7529,544.613,177.871,2,0
7530,276.361,121.264,2,0
7531,516.821,66.742,2,0
7532,335.307,118.911,2,0
7533,427.253,250.255,2,0
7534,462.398,197.93,2,0
7535,240.162,2,2,0
7536,508.935,161.371,2,0
7537,460.401,159.823,2,0
7538,58.0755,131.747,2,0
7539,87.5197,77.9586,2,0
7540,113.954,130.269,2,0
7541,503.96,264.311,2,0
7542,306.523,42.2072,2,0
7543,230.641,123.495,2,0
7544,394.996,56.3076,2,0
7545,244.829,55.4732,2,0
7546,130.569,135.905,2,0
7547,246.49,264.063,2,0
7548,150.776,260.791,2,0
7549,242.201,273.103,2,0
7550,243.327,142.118,2,0
7551,419.504,78.0556,2,0
7552,253.638,81.0641,2,0
7553,190.913,226.565,2,0
7554,559.008,12.6112,2,0
7555,46.3567,17.6909,2,0
7556,194.669,173.071,2,0
7557,268.045,133.408,2,0
7558,295.048,285.952,2,0
7559,72.3187,127.66,2,0
7560,465.725,26.8775,2,0
7561,368.195,23.1792,2,0
7562,135.465,78.9826,2,0
7563,222.579,214.87,2,0
7564,68.1779,127.72,2,0
7565,263.62,74.3255,2,0
7566,180.588,114.385,2,0
7567,27.9072,197.132,2,0
7568,209.506,5.896,2,0
7569,394.933,179.076,2,0
7570,254.014,265.462,2,0
7571,82.6754,19.9764,2,0
7572,597.817,77.6631,2,0
7573,355.733,227.44,2,0
7574,531.09,69.336,2,0
7575,349.105,245.705,2,0
7576,42.528,106.211,2,0
7577,464.621,148.384,2,0
7578,531.268,136.68,2,0
7579,200.429,73.502,2,0
7580,513.466,259.069,2,0
7581,13.1545,152.451,2,0
7582,245.716,98.8448,2,0
7583,285.316,79.565,2,0
7584,413.604,118.271,2,0
7585,142.62,156.463,2,0
7586,164.874,298,2,0
7587,176.337,193.512,2,0
7588,124.983,236.748,2,0
7589,8.56561,223.251,2,0
7590,68.0741,256.072,2,0
7591,419.566,247.515,2,0
7592,182.595,253.124,2,0
7593,9.15855,27.6129,2,0
7594,46.3618,290.229,2,0
7595,247.489,106.822,2,0
7596,586.417,246.544,2,0
7597,333.223,251.69,2,0
7598,70.3798,189.282,2,0
7599,325.682,5.44382,2,0
7600,250.988,159.147,2,0
7601,273.277,193.354,2,0
7602,288.287,142.644,2,0
7603,91.1323,37.1405,2,0
7604,517.33,270.627,2,0
7605,394.229,0.823208,2,0
7606,70.9709,90.1599,2,0
7607,156.277,167.751,2,0
7608,76.1824,224.914,2,0
7609,97.7471,18.9052,2,0
7610,532.865,167.503,2,0
7611,520.509,246.097,2,0
7612,22.9611,242.253,2,0
7613,29.9058,246.724,2,0
7614,321.916,145.271,2,0
7615,348.152,173.932,2,0
7616,285.86,271.253,2,0
7617,61.88,194.934,2,0
7618,564.965,166.607,2,0
7619,64.9508,287.339,2,0
7620,122.341,259.987,2,0
7621,48.978,147.554,2,0
7622,525.615,154.728,2,0
7623,314.916,71.0813,2,0
7624,552.129,264.505,2,0
7625,332.37,139.776,2,0
7626,237.064,55.2705,2,0
7627,47.8917,179.952,2,0
7628,47.8729,223.877,2,0
7629,288.133,279.217,2,0
7630,393.489,92.6165,2,0
7631,60.3972,257.157,2,0
7632,176.575,82.3414,2,0
7633,424.915,90.6904,2,0
7634,187.406,19.8142,2,0
7635,22.8328,127.759,2,0
7636,303.767,86.4441,2,0
7637,278.35,106.906,2,0
7638,182.707,34.2776,2,0
7639,29.4349,82.687,2,0
7640,467.031,256.809,2,0
7641,439.759,193.197,2,0
7642,464.946,222.109,2,0
7643,575.067,44.6502,2,0
7644,375.815,115.205,2,0
7645,98.415,252.059,2,0
7646,235.479,243.05,2,0
7647,240.192,290.819,2,0
7648,171.397,287.643,2,0
7649,3.67039,170.396,2,0
7650,246.269,273.214,2,0
7651,67.3341,290.703,2,0
7652,65.2997,184.359,2,0
7653,336.497,249.409,2,0
7654,578.465,244.995,2,0
7655,212.833,187.11,2,0
7656,594.837,21.7701,2,0
7657,420.972,176.812,2,0
7658,234.359,265.399,2,0
7659,209.56,150.818,2,0
7660,179.907,217.533,2,0
7661,72.2843,158.446,2,0
7662,583.352,88.4952,2,0
7663,396.049,279.171,2,0
7664,45.1762,145.991,2,0
7665,96.5518,72.3393,2,0
7666,182.486,91.198,2,0
7667,538.888,187.931,2,0
7668,159.852,123.375,2,0
7669,185.422,119.722,2,0
7670,221.439,28.7604,2,0
7671,137.079,247.197,2,0
7672,554.917,269.338,2,0
7673,358.293,142.263,2,0
7674,583.174,35.2822,2,0
7675,584.27,290.896,2,0
7676,306.512,109.498,2,0
7677,93.8713,33.5068,2,0
7678,66.9407,276.499,2,0
7679,270.989,211.26,2,0
7680,532.53,34.8647,2,0
7681,538.219,116.545,2,0
7682,20.4005,75.2359,2,0
7683,307.084,246.05,2,0
7684,48.4225,143.392,2,0
7685,544.405,119.785,2,0
7686,310.709,151.855,2,0
7687,47.2527,121.219,2,0
7688,512.494,154.922,2,0
7689,383.541,128.7,2,0
7690,434.703,44.0302,2,0
7691,131.877,129.618,2,0
7692,98.2425,154.574,2,0
7693,495.223,174.869,2,0
7694,468.655,220.302,2,0
7695,504.399,298,2,0
7696,243.496,243.052,2,0
7697,126.812,96.0427,2,0
7698,176.631,273.747,2,0
7699,551.134,135.049,2,0
7700,356.817,239.867,2,0
7701,56.0391,145.909,2,0
7702,122.846,126.553,2,0
7703,585.657,32.1124,2,0
7704,326.848,290.998,2,0
7705,445.538,158.365,2,0
7706,166.195,67.437,2,0
7707,386.231,122.925,2,0
7708,201.954,15.1362,2,0
7709,326.388,263.483,2,0
7710,167.022,106.146,2,0
7711,587.409,192.684,2,0
7712,484.51,194.661,2,0
7713,533.852,109.572,2,0
7714,422.99,274.905,2,0
7715,214.392,229.088,2,0
7716,521.717,161.911,2,0
7717,23.7606,58.675,2,0
7718,227.894,238.534,2,0
7719,486.984,279.772,2,0
7720,139.846,116.755,2,0
7721,59.4107,175.328,2,0
7722,231.341,101.129,2,0
7723,509.434,258.191,2,0
7724,57.2241,164.702,2,0
7725,103.007,152.078,2,0
7726,236.122,239.072,2,0
7727,540.759,88.5561,2,0
7728,97.0537,100.845,2,0
7729,392.134,242.033,2,0
7730,451.238,183.665,2,0
7731,261.664,216.396,2,0
7732,60.9498,78.1914,2,0
7733,439.604,128.545,2,0
7734,531.867,187.253,2,0
7735,571.484,73.831,2,0
7736,559.232,232.276,2,0
7737,275.588,91.696,2,0
7738,363.035,128.887,2,0
7739,248.472,269.735,2,0
7740,5.76982,46.5265,2,0
7741,527.075,49.474,2,0
7742,427.568,52.4332,2,0
7743,449.23,137.956,2,0
7744,41.8623,202.71,2,0
7745,55.4897,28.1037,2,0
7746,494.239,207.287,2,0
7747,554.471,220.215,2,0
7748,397.597,282.921,2,0
7749,500.613,69.0385,2,0
7750,187.551,238.942,2,0
7751,155.245,123.176,2,0
7752,456.825,177.914,2,0
7753,388.967,193.517,2,0
7754,53.7517,57.6192,2,0
7755,26.3925,244.554,2,0
7756,502.919,183.496,2,0
7757,458.435,26.6855,2,0
7758,430.346,24.2117,2,0
7759,448.23,104.861,2,0
7760,235.439,149.579,2,0
7761,375.664,279.876,2,0
7762,53.6576,202.016,2,0
7763,365.963,256.096,2,0
7764,575.53,73.9866,2,0
7765,558.081,287.31,2,0
7766,322.907,20.0364,2,0
7767,161.578,73.5038,2,0
7768,551.222,239.143,2,0
7769,270.756,287.417,2,0
7770,36.936,99.3678,2,0
7771,394.52,263.955,2,0
7772,288.179,82.3952,2,0
7773,283.198,123.595,2,0
7774,65.3258,157.507,2,0
7775,127.745,155.149,2,0
7776,34.7109,35.0027,2,0
7777,336.34,279.328,2,0
7778,344.047,57.1079,2,0
7779,140.333,68.7745,2,0
7780,133.576,139.863,2,0
7781,44.0924,181.382,2,0
7782,513.136,108.318,2,0
7783,370.457,176.475,2,0
7784,209.388,273.708,2,0
7785,359.948,48.2847,2,0
7786,236.154,290.812,2,0
7787,240.35,250.761,2,0
7788,271.692,42.1395,2,0
7789,387.059,77.4469,2,0
7790,446.189,258.794,2,0
7791,576.308,66.8954,2,0
7792,521.859,216.872,2,0
7793,92.2806,94.6567,2,0
7794,257.572,65.2251,2,0
7795,19.8091,197.748,2,0
7796,168.379,99.196,2,0
7797,492.487,210.968,2,0
7798,381.081,93.6361,2,0
7799,355.859,66.2925,2,0
7800,536.112,14.9553,2,0
7801,97.0602,163.146,2,0
7802,248.602,298,2,0
7803,464.891,218.015,2,0
7804,577.412,248.858,2,0
7805,465.674,9.13872,2,0
7806,492.965,101.97,2,0
7807,304.891,160.218,2,0
7808,189.738,164.118,2,0
7809,160.409,242.454,2,0
7810,243.984,3.40601,2,0
7811,366.898,130.353,2,0
7812,269.375,240.364,2,0
7813,245.884,25.2091,2,0
7814,381.753,39.1051,2,0
7815,429.796,13.305,2,0
7816,264.088,119.255,2,0
7817,459.206,49.7166,2,0
7818,270.265,89.6191,2,0
7819,596.398,121.842,2,0
7820,174.073,146.392,2,0
7821,541.104,67.2258,2,0
7822,241.459,225.416,2,0
7823,136.407,223.166,2,0
7824,32.6215,151.221,2,0
7825,90.2273,19.1595,2,0
7826,129.8,10.2795,2,0
7827,489.994,2,2,0
7828,260.564,146.491,2,0
7829,276.478,60.5092,2,0
7830,320.039,46.0179,2,0
7831,286.007,185.815,2,0
7832,238.762,123.085,2,0
7833,394.959,128.6,2,0
7834,269.747,262.225,2,0
7835,151.011,67.2093,2,0
7836,399.824,37.8384,2,0
7837,271.934,166.173,2,0
7838,103.919,98.2857,2,0
7839,125.566,140.878,2,0
7840,17.046,85.4251,2,0
7841,182.867,290.207,2,0
7842,123.562,89.3783,2,0
7843,341.296,159.104,2,0
7844,246.397,218.883,2,0
7845,218.491,58.2732,2,0
7846,83.9129,252.849,2,0
7847,220.917,188.063,2,0
7848,14.5896,33.62,2,0
7849,44.9147,141.402,2,0
7850,398.986,258.543,2,0
7851,469.762,133.323,2,0
7852,112.264,9.64306,2,0
7853,279.673,83.695,2,0
7854,283.228,23.3673,2,0
7855,134.511,244.073,2,0
7856,60.1359,234.616,2,0
7857,143.795,174.383,2,0
7858,59.2898,148.259,2,0
7859,115.368,55.5969,2,0
7860,227.318,79.7253,2,0
7861,83.7462,237.98,2,0
7862,254.997,207.237,2,0
7863,441.981,172.024,2,0
7864,106.529,20.3653,2,0
7865,352.368,186.782,2,0
7866,319.744,209.157,2,0
7867,539.188,48.1093,2,0
7868,452.24,201.024,2,0
7869,541.895,109.165,2,0
7870,131.653,176.179,2,0
7871,0.133769,178.843,2,0
7872,510.765,262.029,2,0
7873,123.409,204.508,2,0
7874,480.262,258.168,2,0
7875,183.731,15.6036,2,0
7876,119.524,282.904,2,0
7877,136.567,164.753,2,0
7878,361.945,54.7726,2,0
7879,240.089,283.745,2,0
7880,476.22,223.525,2,0
7881,531.1,2,2,0
7882,393.953,284.608,2,0
7883,262.113,90.4167,2,0
7884,106.3,250.026,2,0
7885,351.863,179.847,2,0
7886,198.549,174.09,2,0
7887,558.787,101.816,2,0
7888,547.687,142.332,2,0
7889,233.687,213.448,2,0
7890,75.735,251.086,2,0
7891,400.546,116.509,2,0
7892,433.173,123.971,2,0
7893,160.348,15.6924,2,0
7894,543.912,35.293,2,0
7895,576.225,120.388,2,0
7896,402.344,34.6161,2,0
7897,517.523,153.599,2,0
7898,424.161,48.8548,2,0
7899,257.59,47.0983,2,0
7900,598.988,48.8969,2,0
7901,480.447,159.088,2,0
7902,481.468,155.218,2,0
7903,81.6259,279.544,2,0
7904,400.897,269.321,2,0
7905,351.829,12.5685,2,0
7906,299.671,85.7911,2,0
7907,372.184,113.457,2,0
7908,357.262,5.90151,2,0
7909,252.543,269.589,2,0
7910,87.4846,152.262,2,0
7911,50.4344,199.639,2,0
7912,191.063,111.589,2,0
7913,372.443,117.558,2,0
7914,30.4252,146.734,2,0
7915,68.8979,79.2065,2,0
7916,160.783,40.2791,2,0
7917,321.496,5.53418,2,0
7918,548.825,149.237,2,0
7919,447.183,112.449,2,0
7920,80.0654,265.176,2,0
7921,108.753,283.174,2,0
7922,371.556,135.82,2,0
7923,518.92,252.93,2,0
7924,60.2646,135.095,2,0
7925,275.72,171.771,2,0
7926,57.7675,272.319,2,0
7927,202.468,146.867,2,0
7928,211.671,67.7911,2,0
7929,172.549,192.204,2,0
7930,454.931,165.722,2,0
7931,82.7486,43.8228,2,0
7932,202.766,220.097,2,0
7933,594.41,272.891,2,0
7934,125.153,84.4796,2,0
7935,115.655,222.846,2,0
7936,140.589,187.522,2,0
7937,218.589,40.2862,2,0
7938,20.2897,88.1588,2,0
7939,149.551,203.806,2,0
7940,22.8892,215.32,2,0
7941,52.3382,31.1741,2,0
7942,172.805,154.553,2,0
7943,328.747,56.7449,2,0
7944,252.415,276.734,2,0
7945,77.4391,262.021,2,0
7946,576.865,26.7828,2,0
7947,325.81,205.453,2,0
7948,254.716,196.35,2,0
7949,423.836,61.0871,2,0
7950,169.418,284.104,2,0
7951,537.525,82.3718,2,0
7952,7.2045,168.308,2,0
7953,291.439,59.702,2,0
7954,372.029,215.319,2,0
7955,366.053,224.351,2,0
7956,228.144,103.608,2,0
7957,508.165,124.637,2,0
7958,5.50435,134.166,2,0
7959,193.293,118.321,2,0
7960,79.3385,37.3095,2,0
7961,223.789,143.096,2,0
7962,531.404,272.457,2,0
7963,284.961,298,2,0
7964,432.126,255.496,2,0
7965,438.421,232.552,2,0
7966,180.599,152.414,2,0
7967,461.122,105.735,2,0
7968,154.414,209.48,2,0
7969,15.6441,140.851,2,0
7970,248.974,183.508,2,0
7971,43.2476,120.786,2,0
7972,53.2297,75.683,2,0
7973,228.188,129.788,2,0
7974,244.469,109.649,2,0
7975,66.9216,16.6696,2,0
7976,7.1609,39.6463,2,0
7977,460.985,216.55,2,0
7978,566.361,22.1322,2,0
7979,469.153,20.3865,2,0
7980,407.233,88.1858,2,0
7981,108.654,154.09,2,0
7982,422.01,270.961,2,0
7983,187.754,126.479,2,0
7984,163.335,44.8173,2,0
7985,340.455,66.2138,2,0
7986,339.546,260.71,2,0
7987,333.177,16.6244,2,0
7988,380.312,31.8331,2,0
7989,557.935,294.411,2,0
7990,249.585,80.7575,2,0
7991,216.509,198.557,2,0
7992,188.862,183.229,2,0
7993,63.1953,112.443,2,0
7994,374.323,166.488,2,0
7995,531.988,113.307,2,0
7996,326.478,256.444,2,0
7997,467.496,38.3115,2,0
7998,391.744,169.204,2,0
7999,362.351,254.207,2,0
8000,63.5265,72.9759,2,0
8001,494.696,157.939,2,0
8002,402.927,206.315,2,0
8003,117.241,15.9268,2,0
8004,152.224,167.571,2,0
8005,88.0442,178.811,2,0
8006,261.482,115.643,2,0
8007,435.878,139.333,2,0
8008,116.376,265.602,2,0
8009,378.234,156.197,2,0
8010,215.724,210.456,2,0
8011,206.021,235.774,2,0
8012,280.567,120.536,2,0
8013,367.611,134.422,2,0
8014,490.845,176.627,2,0
8015,522.055,31.5223,2,0
8016,498.344,34.4534,2,0
8017,32.5798,253.682,2,0
8018,288.105,227.629,2,0
8019,214.273,74.7727,2,0
8020,276.802,226.385,2,0
8021,390.123,222.217,2,0
8022,240.445,192.778,2,0
8023,548.655,63.7189,2,0
8024,445.514,2,2,0
8025,383.066,198.827,2,0
8026,483.002,125.2,2,0
8027,114.747,212.1,2,0
8028,453.616,130.746,2,0
8029,311.862,191.499,2,0
8030,429.157,113.039,2,0
8031,211.059,135.477,2,0
8032,535.147,54.1166,2,0
8033,72.3449,202.834,2,0
8034,144.808,198.663,2,0
8035,270.745,222.032,2,0
8036,186.596,97.6837,2,0
8037,257.49,98.6591,2,0
8038,183.565,205.758,2,0
8039,218.814,204.079,2,0
8040,443.506,78.1828,2,0
8041,68.5396,159.958,2,0
8042,220.191,200.295,2,0
8043,253.029,177.737,2,0
8044,445.258,289.781,2,0
8045,301.175,89.702,2,0
8046,546.871,202.684,2,0
8047,389.903,19.1563,2,0
8048,248.288,283.871,2,0
8049,23.2457,138.218,2,0
8050,240.267,239.63,2,0
8051,495.916,44.2973,2,0
8052,530.046,116.872,2,0
8053,339.537,180.625,2,0
8054,71.1111,39.0658,2,0
8055,20.293,103.082,2,0
8056,516.271,35.7855,2,0
8057,404.198,142.956,2,0
8058,67.4857,192.304,2,0
8059,58.9836,253.375,2,0
8060,273.496,34.955,2,0
8061,508.605,68.1591,2,0
8062,554.044,246.841,2,0
8063,203.651,127.044,2,0
8064,45.7532,32.5377,2,0
8065,204.258,192.843,2,0
8066,540.279,224.484,2,0
8067,459.697,13.004,2,0
8068,247.231,164.755,2,0
8069,586.388,182.137,2,0
8070,265.445,176.71,2,0
8071,288.983,119.22,2,0
8072,589.407,2,2,0
8073,128.365,81.7857,2,0
8074,146.419,34.879,2,0
8075,176.57,153.097,2,0
8076,234.207,217.477,2,0
8077,352.277,39.1285,2,0
8078,548.526,228.186,2,0
8079,274.753,135.685,2,0
8080,374.483,58.9474,2,0
8081,113.922,72.8631,2,0
8082,124.94,263.048,2,0
8083,155.637,198.179,2,0
8084,320.632,287.546,2,0
8085,36.6618,251.228,2,0
8086,82.8689,5.82903,2,0
8087,215.156,69.7913,2,0
8088,447.565,69.2161,2,0
8089,331.187,102.566,2,0
8090,184.839,266.957,2,0
8091,374.626,68.7724,2,0
8092,318.305,165.33,2,0
8093,419.574,26.3008,2,0
8094,170.042,146.415,2,0
8095,406.84,154.798,2,0
8096,211.674,204.687,2,0
8097,549.93,156.409,2,0
8098,274.959,211.989,2,0
8099,535.495,234.985,2,0
8100,57.544,44.2156,2,0
8101,363.543,162.321,2,0
8102,380.832,97.81,2,0
8103,150.687,207.862,2,0
8104,581.156,260.721,2,0
8105,554.493,224.326,2,0
8106,341.804,104.578,2,0
8107,350.789,54.2964,2,0
8108,558.823,206.278,2,0
8109,39.3869,182.737,2,0
8110,547.308,278.263,2,0
8111,277.685,5.52082,2,0
8112,583.778,238.909,2,0
8113,85.963,230.182,2,0
8114,21.8375,163.502,2,0
8115,151.301,256.659,2,0
8116,36.718,110.545,2,0
8117,372.798,44.3936,2,0
8118,74.4127,131.078,2,0
8119,126.423,43.7189,2,0
8120,511.231,211.306,2,0
8121,460.441,75.03,2,0
8122,352.398,290.433,2,0
8123,523.209,113.951,2,0
8124,456.949,39.0357,2,0
8125,330.04,212.657,2,0
8126,21.7485,117.31,2,0
8127,373.822,40.3478,2,0
8128,47.1402,197.279,2,0
8129,501.527,278.306,2,0
8130,321.927,29.066,2,0
8131,304.943,239.66,2,0
8132,473.641,231.196,2,0
8133,32.3395,38.2539,2,0
8134,42.6564,11.6012,2,0
8135,506.816,2,2,0
8136,134.164,229.954,2,0
8137,187.087,198.7,2,0
8138,248.32,110.764,2,0
8139,548.082,167.25,2,0
8140,361.328,262.19,2,0
8141,287.443,29.8221,2,0
8142,159.097,104.905,2,0
8143,70.7915,110.279,2,0
8144,233.23,184.735,2,0
8145,346.474,137.459,2,0
8146,163.951,29.8105,2,0
8147,313.449,255.047,2,0
8148,119.414,12.5012,2,0
8149,535.934,261.138,2,0
8150,46.8242,275.42,2,0
8151,431.778,37.2967,2,0
8152,33.0948,177.618,2,0
8153,213.976,249.956,2,0
8154,50.4303,18.0651,2,0
8155,271.527,84.6701,2,0
8156,187.113,176.184,2,0
8157,106.433,143.29,2,0
8158,296.877,98.6415,2,0
8159,593.62,105.718,2,0
8160,323.364,160.259,2,0
8161,289.6,48.111,2,0
8162,132.486,222.026,2,0
8163,374.856,13.0719,2,0
8164,576.501,37.7036,2,0
8165,266.736,137.276,2,0
8166,345.836,234.406,2,0
8167,225.975,57.3054,2,0
8168,363.668,86.8694,2,0
8169,394.771,76.7537,2,0
8170,391.926,45.3309,2,0
8171,0.301071,298,2,0
8172,59.4428,94.4613,2,0
8173,117.459,30.4624,2,0
8174,276.153,234.109,2,0
8175,97.7536,264.254,2,0
8176,147.38,223.471,2,0
8177,312.999,37.5096,2,0
8178,577.299,156.013,2,0
8179,130.401,269.818,2,0
8180,31.6027,11.4692,2,0
8181,524.35,64.6824,2,0
8182,402.338,52.8086,2,0
8183,595.622,25.8593,2,0
8184,473.911,133.525,2,0
8185,544.778,65.6008,2,0
8186,192.665,274.096,2,0
8187,599.79,92.067,2,0
8188,327.964,201.941,2,0
8189,30.3207,258.327,2,0
8190,359.138,25.8,2,0
8191,584.131,95.7739,2,0
8192,247.008,83.8735,2,0
8193,215.42,91.5576,2,0
8194,314.347,123.696,2,0
8195,30.5852,234.572,2,0
8196,223.029,168.877,2,0
8197,174.246,33.5179,2,0
8198,420.42,71.7422,2,0
8199,244.23,283.785,2,0
8200,329.584,85.7715,2,0
8201,489.047,33.1684,2,0
8202,388.65,8.58676,2,0
8203,273.556,5.54137,2,0
8204,266.108,31.7804,2,0
8205,568.421,36.3474,2,0
8206,332.021,166.883,2,0
8207,389.576,253.903,2,0
8208,378.924,5.87474,2,0
8209,259.83,182.406,2,0
8210,512.029,150.919,2,0
8211,6.44414,226.678,2,0
8212,576.265,147.786,2,0
8213,124.144,47.0849,2,0
8214,224.72,165.092,2,0
8215,517.483,259.831,2,0
8216,525.234,150.681,2,0
8217,572.225,269.189,2,0
8218,85.6261,244.842,2,0
8219,48.1492,244.827,2,0
8220,477.248,246.183,2,0
8221,119.567,193.651,2,0
8222,589.769,32.8766,2,0
8223,256.542,268.735,2,0
8224,21.0355,84.1853,2,0
8225,139.985,193.417,2,0
8226,43.2132,84.108,2,0
8227,396.415,89.7608,2,0
8228,2.80372,145.864,2,0
8229,391.484,11.4165,2,0
8230,243.47,162.321,2,0
8231,203.979,298,2,0
8232,37.5355,133.397,2,0
8233,434.476,209.995,2,0
8234,151.39,223.981,2,0
8235,22.7694,5.52754,2,0
8236,571.227,161.395,2,0
8237,272.61,283.87,2,0
8238,118.394,98.0968,2,0
8239,581.494,223.969,2,0
8240,142.698,209.578,2,0
8241,82.3741,286.392,2,0
8242,381.398,150.415,2,0
8243,104.691,148.386,2,0
8244,333.892,221.001,2,0
8245,64.7654,161.571,2,0
8246,139.526,90.3182,2,0
8247,558.773,262.379,2,0
8248,32.7265,111.361,2,0
8249,570.809,188.929,2,0
8250,37.5892,176.32,2,0
8251,141.089,233.733,2,0
8252,381.216,170.813,2,0
8253,324.474,117.899,2,0
8254,237.891,34.1535,2,0
8255,344.74,96.982,2,0
8256,553.925,40.0922,2,0
8257,353.742,136.724,2,0
8258,563.905,29.8647,2,0
8259,476.213,104.017,2,0
8260,221.976,234.549,2,0
8261,409.106,65.9771,2,0
8262,45.9233,169.396,2,0
8263,280.89,290.805,2,0
8264,335.463,53.3544,2,0
8265,599.147,38.0703,2,0
8266,444.853,123.354,2,0
8267,74.1748,294.059,2,0
8268,420.012,63.5802,2,0
8269,327.579,48.8548,2,0
8270,317.15,56.9153,2,0
8271,578.259,234.297,2,0
8272,306.162,298,2,0
8273,62.6102,150.78,2,0
8274,433.986,73.3135,2,0
8275,31.0839,189.649,2,0
8276,266.854,126.452,2,0
8277,113.257,30.3641,2,0
8278,284.797,19.3782,2,0
8279,369.377,52.4665,2,0
8280,385.844,236.137,2,0
8281,347.271,118.787,2,0
8282,544.901,31.3415,2,0
8283,474.23,168.048,2,0
8284,321.121,220.217,2,0
8285,539.021,247.499,2,0
8286,577.72,41.6144,2,0
8287,265.967,263.771,2,0
8288,88.4528,2,2,0
8289,354.943,54.186,2,0
8290,252.417,77.1607,2,0
8291,497.474,255.814,2,0
8292,356.402,186.552,2,0
8293,464.725,163.244,2,0
8294,113.697,238.635,2,0
8295,67.8936,20.5991,2,0
8296,535.64,298,2,0
8297,264.859,202.359,2,0
8298,107.848,93.315,2,0
8299,203.174,224.273,2,0
8300,103.583,136.095,2,0
8301,138.765,16.8372,2,0
8302,133.397,294.468,2,0
8303,460.093,257.649,2,0
8304,484.386,69.6509,2,0
8305,453.656,210.02,2,0
8306,125.503,30.0482,2,0
8307,275.04,23.5917,2,0
8308,222.147,193.035,2,0
8309,451.679,168.136,2,0
8310,481.826,210.453,2,0
8311,587.054,228.787,2,0
8312,305.898,167.242,2,0
8313,10.5174,58.5579,2,0
8314,93.5489,195.878,2,0
8315,422.988,9.7507,2,0
8316,183.554,83.061,2,0
8317,501.377,81.186,2,0
8318,589.353,78.1976,2,0
8319,305.142,14.8573,2,0
8320,158.432,55.3237,2,0
8321,179.384,141.03,2,0
8322,178.771,236.71,2,0
8323,140.475,160.08,2,0
8324,554.669,282.941,2,0
8325,118.465,138.851,2,0
8326,561.971,294.413,2,0
8327,403.144,6.00905,2,0
8328,276.446,282.582,2,0
8329,165.256,171.085,2,0
8330,475.93,13.1089,2,0
8331,476.629,189.633,2,0
8332,599.09,191.857,2,0
8333,196.615,47.2284,2,0
8334,403.008,257.179,2,0
8335,433.409,205.008,2,0
8336,110.383,260.014,2,0
8337,409.007,74.0577,2,0
8338,339.21,46.0467,2,0
8339,418.824,124.538,2,0
8340,411.314,272.148,2,0
8341,2.29466,154.107,2,0
8342,77.8598,140.597,2,0
8343,277.924,117.433,2,0
8344,423.621,248.494,2,0
8345,183.512,26.9496,2,0
8346,437.004,185.566,2,0
8347,49.1859,207.583,2,0
8348,592.831,146.633,2,0
8349,480.472,184.411,2,0
8350,188.562,38.6979,2,0
8351,108.093,48.212,2,0
8352,366.845,5.16397,2,0
8353,358.866,63.5923,2,0
8354,466.892,241.191,2,0
8355,24.0764,9.4051,2,0
8356,248.353,290.853,2,0
8357,561.654,169.145,2,0
8358,175.945,2,2,0
8359,105.425,290.673,2,0
8360,594.043,125.405,2,0
8361,559.06,5.51921,2,0
8362,230.809,97.1452,2,0
8363,313.816,229.46,2,0
8364,310.216,203.161,2,0
8365,29.8928,175.026,2,0
8366,44.9924,116.984,2,0
8367,420.658,19.2068,2,0
8368,219.301,184.398,2,0
8369,175.99,6.07331,2,0
8370,449.939,208.392,2,0
8371,319.324,160.49,2,0
8372,87.0663,36.5516,2,0
8373,244.159,276.684,2,0
8374,567.334,253.597,2,0
8375,473.112,191.649,2,0
8376,593.94,189.975,2,0
8377,229.896,71.8972,2,0
8378,425.392,226.338,2,0
8379,50.9173,252,2,0
8380,284.353,225.578,2,0
8381,488.007,5.51554,2,0
8382,63.1744,9.5802,2,0
8383,156.908,144.758,2,0
8384,6.55281,24.3394,2,0
8385,328.298,237.852,2,0
8386,254.842,105.965,2,0
8387,408.789,61.9775,2,0
8388,327.73,9.00684,2,0
8389,260.832,23.0739,2,0
8390,544.87,138.429,2,0
8391,214.978,33.7313,2,0
8392,32.5531,163.157,2,0
8393,184.459,115.825,2,0
8394,104.356,123.53,2,0
8395,128.766,102.775,2,0
8396,190.093,88.2743,2,0
8397,63.8108,243.049,2,0
8398,99.2618,204.669,2,0
8399,109.777,237.464,2,0
8400,590.89,142.976,2,0
8401,41.1071,67.7949,2,0
8402,192.046,147.909,2,0
8403,157.759,33.4795,2,0
8404,113.928,2,2,0
8405,542.161,232.308,2,0
8406,80.8031,272.303,2,0
8407,329.035,245.934,2,0
8408,456.995,62.7502,2,0
8409,354.652,190.172,2,0
8410,422.284,244.503,2,0
8411,343.382,214.147,2,0
8412,151.654,142.376,2,0
8413,272.067,26.277,2,0
8414,150.153,240.136,2,0
8415,542.822,259.096,2,0
8416,588.813,263.558,2,0
8417,66.8878,109.076,2,0
8418,231.906,68.3251,2,0
8419,369.512,2,2,0
8420,194.468,94.6887,2,0
8421,449.53,179.026,2,0
8422,209.222,283.407,2,0
8423,569.211,2,2,0
8424,319.25,172.523,2,0
8425,50.9551,94.9204,2,0
8426,26.6496,144.503,2,0
8427,78.7799,243.178,2,0
8428,110.047,74.052,2,0
8429,576.095,56.1203,2,0
8430,360.178,2,2,0
8431,133.277,22.0224,2,0
8432,187.161,93.6156,2,0
8433,332.034,188.331,2,0
8434,6.50035,57.8646,2,0
8435,461.296,113.681,2,0
8436,93.1403,218.364,2,0
8437,23.6654,21.1102,2,0
8438,402.292,185.154,2,0
8439,236.361,133.257,2,0
8440,205.309,213.197,2,0
8441,145.886,182.013,2,0
8442,88.7114,81.9371,2,0
8443,406.722,107.114,2,0
8444,29.7816,264.825,2,0
8445,43.8944,252.237,2,0
8446,523.031,2,2,0
8447,405.36,221.134,2,0
8448,592.907,11.2552,2,0
8449,267.307,183.81,2,0
8450,50.7641,247.88,2,0
8451,327.526,230.145,2,0
8452,224.062,161.138,2,0
8453,554.865,212.073,2,0
8454,208.349,206.944,2,0
8455,131.623,217.986,2,0
8456,164.901,290.833,2,0
8457,524.438,35.2455,2,0
8458,354.72,9.69572,2,0
8459,525.22,173.896,2,0
8460,342.979,111.935,2,0
8461,591.145,36.7013,2,0
8462,277.897,209.008,2,0
8463,598.37,226.924,2,0
8464,569.16,213.224,2,0
8465,350.39,270.579,2,0
8466,388.598,119.46,2,0
8467,11.0966,51.1356,2,0
8468,220.009,20.1051,2,0
8469,76.8985,99.7129,2,0
8470,543.82,298,2,0
8471,308.886,49.9448,2,0
8472,382.625,124.712,2,0
8473,166.602,183.136,2,0
8474,314.168,166.029,2,0
8475,422.301,215.684,2,0
8476,576.249,298,2,0
8477,401.127,28.2071,2,0
8478,28.6853,111.657,2,0
8479,180.863,68.3426,2,0
8480,314.532,272.713,2,0
8481,315.162,248.111,2,0
8482,135.232,131.912,2,0
8483,362.262,11.7794,2,0
8484,317.606,205.552,2,0
8485,319.767,259.29,2,0
8486,484.549,283.008,2,0
8487,159.047,228.989,2,0
8488,357.401,33.6889,2,0
8489,312.278,98.3312,2,0
8490,494.439,237.66,2,0
8491,444.652,276.143,2,0
8492,520.127,98.4017,2,0
8493,172.803,115.257,2,0
8494,100.778,25.705,2,0
8495,414.962,206.481,2,0
8496,431.336,41.3339,2,0
8497,388.247,243.178,2,0
8498,581.326,9.08045,2,0
8499,130.574,43.9916,2,0
8500,351.075,164.142,2,0
8501,436.645,60.4933,2,0
8502,463.341,121.551,2,0
8503,480.272,103.789,2,0
8504,349.362,25.8798,2,0
8505,223.834,238.163,2,0
8506,203.361,228.369,2,0
8507,534.171,30.5174,2,0
8508,514.978,138.904,2,0
8509,450.59,5.94597,2,0
8510,144.884,186.948,2,0
8511,562.709,108.87,2,0
8512,480.74,196.622,2,0
8513,81.0974,27.0997,2,0
8514,89.8134,33.3214,2,0
8515,225.807,136.32,2,0
8516,233.467,10.3419,2,0
8517,188.141,222.476,2,0
8518,154.33,119.128,2,0
8519,559.764,194.189,2,0
8520,325.621,248.341,2,0
8521,395.203,260.011,2,0
8522,563.119,196.466,2,0
8523,26.0775,176.42,2,0
8524,472.528,279.744,2,0
8525,10.7229,23.8052,2,0
8526,254.598,58.8515,2,0
8527,399.491,159.399,2,0
8528,74.6289,138.221,2,0
8529,117.199,70.4823,2,0
8530,104.036,48.0142,2,0
8531,434.075,274.299,2,0
8532,103.901,94.2493,2,0
8533,599.521,67.8729,2,0
8534,317.569,145.909,2,0
8535,420.029,281.795,2,0
8536,53.1949,117.553,2,0
8537,448.542,9.45821,2,0
8538,521.164,143.61,2,0
8539,357.868,264.371,2,0
8540,483.047,88.6827,2,0
8541,260.755,27.1738,2,0
8542,121.358,274.99,2,0
8543,165.331,175.261,2,0
8544,519.403,28.2416,2,0
8545,399.814,163.452,2,0
8546,225.75,181.583,2,0
8547,52.3182,294.043,2,0
8548,27.5072,74.37,2,0
8549,26.5173,66.2353,2,0
8550,100.651,60.8458,2,0
8551,486.071,139,2,0
8552,15.2755,176.88,2,0
8553,408.389,114.866,2,0
8554,176.928,74.237,2,0
8555,27.6992,21.1563,2,0
8556,132.46,81.6547,2,0
8557,450.481,34.082,2,0
8558,238.063,114.699,2,0
8559,490.557,221.806,2,0
8560,169.862,9.62823,2,0
8561,241.252,73.4897,2,0
8562,162.714,77.4276,2,0
8563,255.206,192.293,2,0
8564,17.7795,271.597,2,0
8565,471.203,36.6705,2,0
8566,69.1342,263.298,2,0
8567,34.3296,232.641,2,0
8568,140.448,290.822,2,0
8569,538.258,18.4875,2,0
8570,550.709,171.451,2,0
8571,597.064,113.938,2,0
8572,103.324,53.1238,2,0
8573,127.159,298,2,0
8574,69.5296,151.796,2,0
8575,29.4355,268.841,2,0
8576,477.855,9.01911,2,0
8577,550.978,218.055,2,0
8578,564.646,256.824,2,0
8579,478.3,294.398,2,0
8580,497.091,143.612,2,0
8581,384.853,168.845,2,0
8582,435.355,174.873,2,0
8583,545.968,109.009,2,0
8584,409.768,136.911,2,0
8585,359.264,127.452,2,0
8586,498.175,206.513,2,0
8587,515.039,53.2289,2,0
8588,567.559,95.1635,2,0
8589,526.797,16.316,2,0
8590,135.531,25.3305,2,0
8591,565.758,147.223,2,0
8592,330.82,284.897,2,0
8593,561.119,165.172,2,0
8594,348.735,167.555,2,0
8595,40.2002,160.205,2,0
8596,445.181,174.646,2,0
8597,125.732,249.405,2,0
8598,265.277,82.9741,2,0
8599,368.096,282.967,2,0
8600,293.526,136.453,2,0
8601,387.527,115.47,2,0
8602,140.739,298,2,0
8603,452.615,156.661,2,0
8604,222.003,56.3064,2,0
8605,351.798,43.2003,2,0
8606,250.614,61.2599,2,0
8607,471.771,27.5067,2,0
8608,202.318,189.304,2,0
8609,122.018,149.369,2,0
8610,447.953,268.713,2,0
8611,563.394,73.7839,2,0
8612,476.307,298,2,0
8613,143.093,76.526,2,0
8614,334.025,212.879,2,0
8615,471.084,77.1115,2,0
8616,73.9344,173.03,2,0
8617,301.465,52.4086,2,0
8618,72.4024,123.602,2,0
8619,112.471,281.612,2,0
8620,98.5914,294.503,2,0
8621,536.859,22.3299,2,0
8622,224.345,274.632,2,0
8623,106.585,106.098,2,0
8624,269.403,244.416,2,0
8625,4.35874,53.5225,2,0
8626,482.862,176.598,2,0
8627,211.888,239.52,2,0
8628,160.306,89.3999,2,0
8629,565.266,223.094,2,0
8630,578.725,164.511,2,0
8631,304.608,171.144,2,0
8632,560.006,185.259,2,0
8633,220.18,298,2,0
8634,73.1506,186.283,2,0
8635,258.127,113.127,2,0
8636,552.024,91.5356,2,0
8637,241.93,81.8426,2,0
8638,584.298,139.135,2,0
8639,373.986,228.657,2,0
8640,441.519,244.313,2,0
8641,391.278,32.5635,2,0
8642,585.197,242.687,2,0
8643,116.845,151.115,2,0
8644,119.558,90.2133,2,0
8645,455.939,286.752,2,0
8646,184.481,151.001,2,0
8647,262.014,138.506,2,0
8648,523.207,76.8787,2,0
8649,14.8572,254.064,2,0
8650,268.826,63.141,2,0
8651,135.186,280.379,2,0
8652,299.488,10.8949,2,0
8653,310.865,216.766,2,0
8654,476.137,250.178,2,0
8655,596.782,176.389,2,0
8656,75.5522,160.908,2,0
8657,287.355,100.242,2,0
8658,100.31,165.578,2,0
8659,546.482,49.467,2,0
8660,301.589,117.633,2,0
8661,60.0944,207.138,2,0
8662,57.7888,14.3317,2,0
8663,105.356,265.112,2,0
8664,566.235,141.26,2,0
8665,113.104,119.461,2,0
8666,0.870335,31.0601,2,0
8667,594.837,200.759,2,0
8668,561.805,216.738,2,0
8669,260.642,268.845,2,0
8670,43.9766,286.857,2,0
8671,272.081,132.699,2,0
8672,273.547,128.808,2,0
8673,438.936,134.277,2,0
8674,426.356,189.309,2,0
8675,576.159,290.852,2,0
8676,28.9805,126.273,2,0
8677,129.738,230.444,2,0
8678,356.042,148.951,2,0
8679,86.1385,115.934,2,0
8680,72.4466,134.752,2,0
8681,183.374,177.754,2,0
8682,178.889,145.152,2,0
8683,76.647,152.783,2,0
8684,149.613,100.279,2,0
8685,408.03,279.125,2,0
8686,481.885,16.165,2,0
8687,154.87,157.051,2,0
8688,297.268,191.726,2,0
8689,427.289,294.446,2,0
8690,539.71,298,2,0
8691,373.749,294.492,2,0
8692,410.545,298,2,0
8693,425.787,257.347,2,0
8694,416.462,114.763,2,0
8695,69.7111,294.006,2,0
8696,87.2664,55.5363,2,0
8697,89.2217,113.263,2,0
8698,380.391,260.048,2,0
8699,367.657,86.3777,2,0
8700,111.094,62.5571,2,0
8701,226.881,114.174,2,0
8702,553.975,50.0401,2,0
8703,479.755,225.684,2,0
8704,515.162,290.986,2,0
8705,410.65,160.937,2,0
8706,363.703,132.889,2,0
8707,443.147,142.969,2,0
8708,460.515,261.729,2,0
8709,409.356,53.8722,2,0
8710,165.301,283.649,2,0
8711,24.6674,298,2,0
8712,358.192,119.123,2,0
8713,355.956,37.4747,2,0
8714,500.363,230.309,2,0
8715,354.737,79.175,2,0
8716,327.24,161.592,2,0
8717,299.932,21.8405,2,0
8718,181.134,213.618,2,0
8719,452.009,95.3377,2,0
8720,557.126,130.882,2,0
8721,359.682,189.044,2,0
8722,31.3306,42.2622,2,0
8723,193.246,45.0037,2,0
8724,50.7056,22.6156,2,0
8725,209.311,19.9189,2,0
8726,541.774,244.363,2,0
8727,132.011,240.903,2,0
8728,212.23,298,2,0
8729,93.9927,58.619,2,0
8730,321.654,68.7695,2,0
8731,112.591,152.618,2,0
8732,73.4015,176.998,2,0
8733,375.131,236.746,2,0
8734,84.2453,223.234,2,0
8735,265.557,228.222,2,0
8736,514.959,84.7828,2,0
8737,323.594,171.603,2,0
8738,452.569,289.17,2,0
8739,379.123,126.65,2,0
8740,455.833,169.772,2,0
8741,184.498,220.666,2,0
8742,44.6557,221.381,2,0
8743,592.397,204.022,2,0
8744,536.825,203.004,2,0
8745,207.784,73.6811,2,0
8746,77.1112,187.061,2,0
8747,552.318,62.0587,2,0
8748,366.944,174.298,2,0
8749,76.6131,54.0839,2,0
8750,76.6924,179.329,2,0
8751,500.924,209.559,2,0
8752,329.647,185.098,2,0
8753,82.6316,290.49,2,0
8754,279.69,285.244,2,0
8755,243.617,105.588,2,0
8756,212.929,153.091,2,0
8757,393.339,233.888,2,0
8758,166.114,79.9941,2,0
8759,129.019,246.886,2,0
8760,511.488,97.3337,2,0
8761,339.714,212.515,2,0
8762,125.386,273.779,2,0
8763,467.529,151.753,2,0
8764,288.872,71.5874,2,0
8765,49.6754,203.578,2,0
8766,219.338,255.688,2,0
8767,337.719,149.432,2,0
8768,452.594,44.7305,2,0
8769,362.44,206.613,2,0
8770,509.801,32.7211,2,0
8771,356.804,95.2051,2,0
8772,7.77308,241.329,2,0
8773,295.89,239.428,2,0
8774,535.239,2,2,0
8775,364.077,239.063,2,0
8776,582.421,166.107,2,0
8777,122.363,52.8292,2,0
8778,448.041,100.824,2,0
8779,414.082,155.369,2,0
8780,81.7922,31.876,2,0
8781,169.824,21.0387,2,0
8782,75.2763,116.312,2,0
8783,368.301,138.391,2,0
8784,121.272,164.307,2,0
8785,420.255,42.1568,2,0
8786,218.801,123.186,2,0
8787,345.596,129.369,2,0
8788,128.686,132.287,2,0
8789,235.896,261.668,2,0
8790,426.202,76.9483,2,0
8791,269.322,192.402,2,0
8792,392.296,207.922,2,0
8793,63.1702,283.715,2,0
8794,282.101,116.841,2,0
8795,506.477,206.044,2,0
8796,561.098,2,2,0
8797,209.399,12.9594,2,0
8798,451.771,52.9398,2,0
8799,306.363,142.222,2,0
8800,152.102,82.6817,2,0
8801,8.45632,230.188,2,0
8802,31.9731,167.169,2,0
8803,587.66,128.635,2,0
8804,208.114,256.369,2,0
8805,158.151,171.38,2,0
8806,104.412,43.9984,2,0
8807,513.228,77.9722,2,0
8808,453.394,111.959,2,0
8809,196.867,273.252,2,0
8810,118.386,241.47,2,0
8811,191.007,107.553,2,0
8812,129.589,209.189,2,0
8813,458.122,219.397,2,0
8814,158.588,195.292,2,0
8815,256.455,211.399,2,0
8816,387.289,261.751,2,0
8817,53.5997,44.9085,2,0
8818,520.951,212.965,2,0
8819,310.707,258.024,2,0
8820,209.102,142.25,2,0
8821,219.24,93.1017,2,0
8822,400.513,231.482,2,0
8823,223.916,283.638,2,0
8824,203.364,9.34791,2,0
8825,116.953,110.18,2,0
8826,479.889,5.54948,2,0
8827,208.7,210.962,2,0
8828,427.953,9.57207,2,0
8829,564.7,112.447,2,0
8830,555.127,232.078,2,0
8831,475.001,137.47,2,0
8832,229.397,2,2,0
8833,581.946,249.776,2,0
8834,430.704,2,2,0
8835,517.298,119.733,2,0
8836,292.19,246.498,2,0
8837,182.828,99.3348,2,0
8838,456.892,274.95,2,0
8839,225.955,294.31,2,0
8840,316.824,113.982,2,0
8841,452.523,172.129,2,0
8842,209.318,146.46,2,0
8843,556.621,243.657,2,0
8844,390.296,269.818,2,0
8845,315.026,106.007,2,0
8846,192.943,21.6945,2,0
8847,353.311,160.735,2,0
8848,460.955,91.2832,2,0
8849,309.524,39.5035,2,0
8850,65.0533,38.4132,2,0
8851,328.32,63.7429,2,0
8852,264.621,180.638,2,0
8853,477.141,170.887,2,0
8854,209.1,265.612,2,0
8855,104.828,222.422,2,0
8856,17.4538,106.012,2,0
8857,243.46,35.0265,2,0
8858,123.127,298,2,0
8859,301.119,190.219,2,0
8860,310.634,195.369,2,0
8861,475.923,5.5147,2,0
8862,302.754,197.526,2,0
8863,374.969,47.8462,2,0
8864,307.408,31.4181,2,0
8865,511.353,71.1524,2,0
8866,246.568,144.534,2,0
8867,417.209,17.2616,2,0
8868,464.204,72.4891,2,0
8869,447.807,120.642,2,0
8870,203.363,122.341,2,0
8871,453.288,60.6758,2,0
8872,398.949,178.05,2,0
8873,211.826,259.36,2,0
8874,98.5959,217.077,2,0
8875,314.484,291.09,2,0
8876,348.455,40.9142,2,0
8877,109.208,112.684,2,0
8878,267.581,75.3003,2,0
8879,491.397,24.7384,2,0
8880,571.06,33.1706,2,0
8881,445.186,186.008,2,0
8882,346.286,256.161,2,0
8883,588.398,290.891,2,0
8884,563.249,136.145,2,0
8885,553.01,77.7473,2,0
8886,537.685,102.29,2,0
8887,6.54426,83.9419,2,0
8888,485.051,80.194,2,0
8889,80.7246,178.086,2,0
8890,439.23,113.818,2,0
8891,273.369,264.095,2,0
8892,550.326,80.7905,2,0
8893,166.323,110.144,2,0
8894,599.126,99.6176,2,0
8895,554.387,115.735,2,0
8896,42.8544,19.7174,2,0
8897,588.512,170.991,2,0
8898,4.1706,178.4,2,0
8899,134.364,36.5742,2,0
8900,242.454,264.699,2,0
8901,59.515,211.254,2,0
8902,469.883,16.4124,2,0
8903,135.6,176.957,2,0
8904,488.647,283.587,2,0
8905,78.7572,196.618,2,0
8906,491.293,128.154,2,0
8907,2.45696,149.945,2,0
8908,324.093,216.09,2,0
8909,260.858,67.653,2,0
8910,31.9496,79.5336,2,0
8911,342.973,258.413,2,0
8912,39.0169,283.508,2,0
8913,31.1101,226.35,2,0
8914,540.003,112.864,2,0
8915,207.561,36.9598,2,0
8916,142.878,278.016,2,0
8917,45.4653,103.397,2,0
8918,229.467,55.3278,2,0
8919,262.129,265.041,2,0
8920,316.855,221.635,2,0
8921,455.202,222.237,2,0
8922,45.4102,124.819,2,0
8923,413.222,238.95,2,0
8924,343.37,266.665,2,0
8925,200.406,100.279,2,0
8926,281.111,50.908,2,0
8927,524.057,195.904,2,0
8928,414.885,106.902,2,0
8929,38.8138,78.4214,2,0
8930,190.8,62.2981,2,0
8931,529.29,169.567,2,0
8932,582.042,264.76,2,0
8933,566.146,287.363,2,0
8934,390.286,298,2,0
8935,533.44,152.906,2,0
8936,194.466,5.58194,2,0
8937,505.376,279.404,2,0
8938,402.143,261.095,2,0
8939,15.5906,198.023,2,0
8940,233.276,246.481,2,0
8941,528.505,34.9703,2,0
8942,572.834,113.078,2,0
8943,532.597,215.941,2,0
8944,479.048,124.086,2,0
8945,286.593,86.173,2,0
8946,106.04,56.2055,2,0
8947,439.587,109.666,2,0
8948,338.251,130.695,2,0
8949,39.8089,294.063,2,0
8950,405.435,118.81,2,0
8951,510.438,290.627,2,0
8952,563.393,272.495,2,0
8953,290.421,172.382,2,0
8954,378.228,89.9603,2,0
8955,593.523,132.446,2,0
8956,135.607,259.009,2,0
8957,344.006,121.178,2,0
8958,426.397,110.099,2,0
8959,448.377,50.3013,2,0
8960,66.4131,149.256,2,0
8961,275.969,286.835,2,0
8962,136.031,291.451,2,0
8963,572.096,55.3597,2,0
8964,437.375,203.701,2,0
8965,390.274,123.424,2,0
8966,359.048,76.0926,2,0
8967,166.687,94.9411,2,0
8968,457.152,215.36,2,0
8969,249.799,147.03,2,0
8970,14.6079,165.018,2,0
8971,430.725,117.34,2,0
8972,148.581,290.913,2,0
8973,563.546,232.695,2,0
8974,11.3317,267.184,2,0
8975,541.4,63.2124,2,0
8976,412.65,64.0635,2,0
8977,498.136,155.739,2,0
8978,385.746,39.9665,2,0
8979,151.792,78.5486,2,0
8980,208.82,61.4554,2,0
8981,177.824,258.363,2,0
8982,592.872,89.1053,2,0
8983,184.586,256.737,2,0
8984,347.006,110.947,2,0
8985,221.267,79.3568,2,0
8986,61.303,22.5057,2,0
8987,244.876,267.926,2,0
8988,442.816,36.8805,2,0
8989,297.272,24.9507,2,0
8990,194.055,298,2,0
8991,157.21,137.007,2,0
8992,26.5518,207.933,2,0
8993,553.636,257.643,2,0
8994,134.202,2,2,0
8995,214.926,52.1838,2,0
8996,201.541,282.488,2,0
8997,496.202,99.5481,2,0
8998,532.05,222.702,2,0
8999,508.628,243.493,2,0
9000,545.565,94.8916,2,0
9001,23.6322,72.6951,2,0
9002,133.671,29.1295,2,0
9003,276.045,69.4463,2,0
9004,248.229,76.9794,2,0
9005,530.254,82.0537,2,0
9006,173.538,150.47,2,0
9007,515.822,157.242,2,0
9008,534.263,231.016,2,0
9009,453.245,138.269,2,0
9010,577.474,77.5663,2,0
9011,253.761,169.544,2,0
9012,291.261,176.377,2,0
9013,264.387,11.4409,2,0
9014,488.556,27.6516,2,0
9015,255.057,35.3835,2,0
9016,226.058,90.9285,2,0
9017,152.631,271.68,2,0
9018,498.113,2,2,0
9019,337.832,63.0909,2,0
9020,291.291,287.648,2,0
9021,586.162,167.674,2,0
9022,418.282,215.678,2,0
9023,444.715,241.817,2,0
9024,343.052,298,2,0
9025,290.225,5.75018,2,0
9026,305.344,67.895,2,0
9027,138.379,53.652,2,0
9028,233.956,280.243,2,0
9029,235.654,181.471,2,0
9030,240.348,139.364,2,0
9031,220.317,218.261,2,0
9032,46.6602,261.804,2,0
9033,282.97,213.919,2,0
9034,110.453,274.777,2,0
9035,568.682,13.0657,2,0
9036,137.227,212.122,2,0
9037,346.446,164.232,2,0
9038,143.894,194.694,2,0
9039,195.627,124.956,2,0
9040,441.193,263.119,2,0
9041,186.734,234.928,2,0
9042,431.793,69.7865,2,0
9043,346.944,276.815,2,0
9044,576.419,48.5131,2,0
9045,198.389,152.991,2,0
9046,488.918,90.9903,2,0
9047,61.9439,97.7074,2,0
9048,17.2043,117.011,2,0
9049,238.242,24.2043,2,0
9050,287.856,2,2,0
9051,35.6875,213.737,2,0
9052,204.916,259.631,2,0
9053,116.674,233.554,2,0
9054,599.432,143.636,2,0
9055,282.842,134.31,2,0
9056,133.886,10.5824,2,0
9057,560.46,112.271,2,0
9058,211.286,31.9895,2,0
9059,388.154,184.27,2,0
9060,167.28,201.724,2,0
9061,284.345,130.435,2,0
9062,494.75,258.997,2,0
9063,231.14,155.873,2,0
9064,18.8052,215.589,2,0
9065,358.903,9.60181,2,0
9066,69.4054,280.557,2,0
9067,557.074,76.9198,2,0
9068,1.15206,11.0535,2,0
9069,181.374,23.274,2,0
9070,59.6183,120.905,2,0
9071,557.708,147.917,2,0
9072,10.2202,127.244,2,0
9073,361.017,193.007,2,0
9074,259.637,261.142,2,0
9075,448.611,155.516,2,0
9076,140.792,265.353,2,0
9077,91.0095,5.09569,2,0
9078,225.079,132.377,2,0
9079,567.323,102.168,2,0
9080,160.08,235.952,2,0
9081,39.1847,37.3169,2,0
9082,339.848,247.137,2,0
9083,40.8295,156.096,2,0
9084,383.501,115.528,2,0
9085,98.0017,57.8476,2,0
9086,277.975,87.5075,2,0
9087,72.0177,21.5999,2,0
9088,331.62,235.489,2,0
9089,185.009,74.9476,2,0
9090,43.01,100.128,2,0
9091,161.613,169.346,2,0
9092,10.5631,226.726,2,0
9093,336.044,262.89,2,0
9094,282.51,69.5371,2,0
9095,103.486,192.265,2,0
9096,78.78,212.453,2,0
9097,263.707,43.8812,2,0
9098,515.343,298,2,0
9099,503.046,249.642,2,0
9100,201.83,57.0776,2,0
9101,486.34,76.314,2,0
9102,559.276,137.479,2,0
9103,153.718,74.8408,2,0
9104,109.591,216.615,2,0
9105,423.345,102.544,2,0
9106,534.171,116.77,2,0
9107,573.258,248.13,2,0
9108,74.6081,169.055,2,0
9109,8.73247,258.511,2,0
9110,295.989,6.09788,2,0
9111,422.398,193.548,2,0
9112,512.58,233.311,2,0
9113,596.133,230.504,2,0
9114,388.865,278.241,2,0
9115,35.9342,47.91,2,0
9116,29.9131,217.927,2,0
9117,162.502,165.36,2,0
9118,202.526,42.1327,2,0
9119,410.318,287.195,2,0
9120,24.6804,211.701,2,0
9121,384.01,119.482,2,0
9122,171.81,6.06949,2,0
9123,294.193,156.22,2,0
9124,167.613,142.157,2,0
9125,70.816,6.50989,2,0
9126,218.288,285.181,2,0
9127,516.982,23.8417,2,0
9128,395.956,165.899,2,0
9129,439.476,236.426,2,0
9130,44.2026,294.064,2,0
9131,224.388,102.172,2,0
9132,474.756,178.65,2,0
9133,473.906,2,2,0
9134,350.238,92.5724,2,0
9135,486.687,287.166,2,0
9136,355.382,98.966,2,0
9137,412.256,260.293,2,0
9138,525.515,294.472,2,0
9139,46.591,40.7093,2,0
9140,565.44,214.874,2,0
9141,124.548,241.311,2,0
9142,135.63,14.3303,2,0
9143,233.242,139.545,2,0
9144,144.778,31.1493,2,0
9145,257.571,167.944,2,0
9146,239.18,84.7645,2,0
9147,239.88,66.4889,2,0
9148,460.945,222.386,2,0
9149,494.338,136.541,2,0
9150,492.845,79.2984,2,0
9151,309.457,276.595,2,0
9152,423.377,131.282,2,0
9153,375.592,202.845,2,0
9154,323.588,202.031,2,0
9155,404.005,198.405,2,0
9156,579.808,238.116,2,0
9157,407.897,122.564,2,0
9158,309.824,144.255,2,0
9159,553.823,138.132,2,0
9160,537.236,216.497,2,0
9161,363.102,230.867,2,0
9162,269.851,270.153,2,0
9163,231.587,198.822,2,0
9164,496.736,284.848,2,0
9165,480.975,132.05,2,0
9166,440.672,59.9645,2,0
9167,161.062,145.062,2,0
9168,481.175,81.431,2,0
9169,100.873,255.33,2,0
9170,421.648,159.879,2,0
9171,309.501,254.027,2,0
9172,393.729,199.831,2,0
9173,219.572,16.0963,2,0
9174,439.687,200.335,2,0
9175,295.032,92.5235,2,0
9176,248.497,211.379,2,0
9177,377.619,2,2,0
9178,42.1533,275.616,2,0
9179,338.787,134.738,2,0
9180,298.034,76.8095,2,0
9181,357.298,280.512,2,0
9182,273.846,244.841,2,0
9183,247.672,58.2994,2,0
9184,271.895,93.4237,2,0
9185,0.434934,122.264,2,0
9186,33.2217,274.942,2,0
9187,22.4167,159.488,2,0
9188,500.61,241.852,2,0
9189,245.073,13.3839,2,0
9190,197.936,157.091,2,0
9191,268.241,4.27136,2,0
9192,488.337,157.074,2,0
9193,226.834,5.75284,2,0
9194,456.317,43.2679,2,0
9195,284.953,233.77,2,0
9196,580.93,27.4603,2,0
9197,455.976,154.151,2,0
9198,93.839,118.645,2,0
9199,318.493,284.07,2,0
9200,287.449,204.084,2,0
9201,221.844,120.578,2,0
9202,447.412,86.072,2,0
9203,102.521,276.539,2,0
9204,295.414,281.853,2,0
9205,48.8137,70.3407,2,0
9206,329.205,142.266,2,0
9207,143.727,12.833,2,0
9208,428.383,86.6934,2,0
9209,437.98,280.763,2,0
9210,595.558,92.4222,2,0
9211,185.957,41.7958,2,0
9212,442.708,161.351,2,0
9213,90.3939,42.7261,2,0
9214,569.088,217.228,2,0
9215,511.133,193.778,2,0
9216,192.142,222.676,2,0
9217,539.816,36.1349,2,0
9218,76.8572,236.239,2,0
9219,93.911,242.144,2,0
9220,313.807,224.235,2,0
9221,556.963,9.12699,2,0
9222,92.0199,192.147,2,0
9223,14.059,37.6219,2,0
9224,406.202,111.2,2,0
9225,316.122,64.3031,2,0
9226,241.059,62.4096,2,0
9227,272.388,73.9285,2,0
9228,216.006,114.667,2,0
9229,109.378,146.085,2,0
9230,269.411,46.9778,2,0
9231,277.187,242.422,2,0
9232,441.655,196.721,2,0
9233,502.185,226.681,2,0
9234,154.055,171.205,2,0
9235,89.729,162.792,2,0
9236,210.799,40.1899,2,0
9237,217.8,119.251,2,0
9238,437.71,121.431,2,0
9239,135.688,56.7207,2,0
9240,427.398,58.571,2,0
9241,466.093,54.2098,2,0
9242,53.184,35.9112,2,0
9243,511.884,276.635,2,0
9244,247.015,140.526,2,0
9245,229.995,111.513,2,0
9246,332.834,88.2551,2,0
9247,575.211,88.032,2,0
9248,157.261,206.445,2,0
9249,555.715,151.818,2,0
9250,48.7781,211.69,2,0
9251,339.008,252.596,2,0
9252,490.497,205.744,2,0
9253,354.014,20.3699,2,0
9254,584.885,159.061,2,0
9255,563.361,192.375,2,0
9256,483.955,12.5001,2,0
9257,401.729,66.1528,2,0
9258,357.178,17.8444,2,0
9259,104.667,37.0145,2,0
9260,414.402,2,2,0
9261,307.752,131.643,2,0
9262,175.9,98.3048,2,0
9263,245.756,153.095,2,0
9264,367.495,38.2655,2,0
9265,227.262,141.064,2,0
9266,582.942,64.5857,2,0
9267,169.548,180.35,2,0
9268,70.0104,147.37,2,0
9269,501.833,173.784,2,0
9270,94.1097,39.833,2,0
9271,136.068,127.999,2,0
9272,52.4508,144.005,2,0
9273,208.454,261.587,2,0
9274,110.119,108.193,2,0
9275,316.245,133.802,2,0
9276,333.02,35.592,2,0
9277,323.615,110.878,2,0
9278,167.01,287.403,2,0
9279,61.7576,13.4816,2,0
9280,336.899,23.9674,2,0
9281,39.3005,45.5745,2,0
9282,282.871,188.564,2,0
9283,494.095,83.1358,2,0
9284,524.127,123.417,2,0
9285,79.8562,283.144,2,0
9286,454.408,115.994,2,0
9287,376.213,141.159,2,0
9288,352.916,193.885,2,0
9289,190.35,96.1638,2,0
9290,92.273,8.91382,2,0
9291,406.83,150.371,2,0
9292,517.989,32.0462,2,0
9293,34.5164,107.164,2,0
9294,369.711,253.973,2,0
9295,485.954,239.962,2,0
9296,256.559,121.803,2,0
9297,248.589,28.8375,2,0
9298,360.844,94.4663,2,0
9299,44.1871,88.702,2,0
9300,504.836,147.143,2,0
9301,75.1008,276.513,2,0
9302,495.334,73.6788,2,0
9303,228.409,191.316,2,0
9304,519.111,126.523,2,0
9305,539.709,2,2,0
9306,65.1168,263.863,2,0
9307,146.105,218.693,2,0
9308,270.932,125.724,2,0
9309,53.1764,279.532,2,0
9310,346.833,19.0225,2,0
9311,430.19,135.531,2,0
9312,340.905,24.0751,2,0
9313,550.87,272.453,2,0
9314,39.5102,128.069,2,0
9315,431.115,29.496,2,0
9316,583.394,5.52967,2,0
9317,127.275,92.0079,2,0
9318,292.61,114.132,2,0
9319,57.6191,102.337,2,0
9320,360.404,105.407,2,0
9321,47.5937,128.403,2,0
9322,1.92854,96.4925,2,0
9323,475.202,35.587,2,0
9324,326.629,31.5039,2,0
9325,352.473,150.788,2,0
9326,201.268,5.91401,2,0
9327,139.373,145.876,2,0
9328,157.8,239.28,2,0
9329,585.841,214.141,2,0
9330,184.548,169.473,2,0
9331,506.589,272.038,2,0
9332,453.099,40.6648,2,0
9333,520.122,122.583,2,0
9334,314.019,214.116,2,0
9335,462.994,61.2371,2,0
9336,435.642,35.9389,2,0
9337,306.865,93.8676,2,0
9338,174.886,161.547,2,0
9339,49.774,167.824,2,0
9340,517.696,249.033,2,0
9341,337.496,222.897,2,0
9342,494.275,48.0502,2,0
9343,9.16927,195.011,2,0
9344,499.617,213.34,2,0
9345,547.301,23.5994,2,0
9346,33.396,210.444,2,0
9347,177.512,168.414,2,0
9348,389.189,292.057,2,0
9349,421.271,121.129,2,0
9350,335.132,290.78,2,0
9351,141.691,253.804,2,0
9352,108.159,158.271,2,0
9353,89.9138,117.289,2,0
9354,470.828,40.8109,2,0
9355,322.383,39.4181,2,0
9356,64.9079,248.159,2,0
9357,373.534,2,2,0
9358,222.724,227.415,2,0
9359,171.537,36.4809,2,0
9360,134.566,117.263,2,0
9361,491.989,273.265,2,0
9362,520.751,19.9316,2,0
9363,542.553,274.216,2,0
9364,491.506,201.81,2,0
9365,394.327,248.648,2,0
9366,260.85,201.651,2,0
9367,35.6557,103.283,2,0
9368,138.417,134.51,2,0
9369,398.302,186.033,2,0
9370,342.993,173.401,2,0
9371,493.112,58.7015,2,0
9372,5.95064,152.262,2,0
9373,509.399,279.912,2,0
9374,277.419,138.824,2,0
9375,279.942,255.464,2,0
9376,386.769,67.0147,2,0
9377,339.854,32.0148,2,0
9378,597.665,44.9906,2,0
9379,145.79,177.91,2,0
9380,240.285,37.5931,2,0
9381,430.612,90.0209,2,0
9382,456.549,173.812,2,0
9383,145.617,99.395,2,0
9384,519.026,138.488,2,0
9385,43.5853,128.429,2,0
9386,384.326,143.995,2,0
9387,267.846,93.7102,2,0
9388,507.5,212.987,2,0
9389,322.152,152.678,2,0
9390,392.567,120.01,2,0
9391,310.169,135.021,2,0
9392,325.333,274.365,2,0
9393,536.343,173.612,2,0
9394,65.8024,83.8188,2,0
9395,290.045,186.915,2,0
9396,78.4645,269.005,2,0
9397,527.035,221.794,2,0
9398,55.1192,154.027,2,0
9399,194.182,114.401,2,0
9400,33.2328,266.863,2,0
9401,550.967,5.6322,2,0
9402,403.041,48.7147,2,0
9403,54.0018,131.893,2,0
9404,100.888,29.7399,2,0
9405,85.5893,278.89,2,0
9406,378.544,58.4896,2,0
9407,509.779,171.816,2,0
9408,99.2475,150.681,2,0
9409,484.188,190.485,2,0
9410,579.308,88.1052,2,0
9411,48.45,258.126,2,0
9412,215.394,206.463,2,0
9413,188.264,114.478,2,0
9414,489.632,41.2965,2,0
9415,218.212,31.2008,2,0
9416,155.077,268.359,2,0
9417,141.017,122.226,2,0
9418,31.7317,15.6547,2,0
9419,155.116,182.051,2,0
9420,234.968,26.5278,2,0
9421,354.282,92.0463,2,0
9422,44.5911,177.371,2,0
9423,71.6417,114.29,2,0
9424,432.029,166.936,2,0
9425,15.056,287.169,2,0
9426,525.517,110.04,2,0
9427,416.132,199.582,2,0
9428,232.542,52.6765,2,0
9429,131.788,200.745,2,0
9430,577.053,131.522,2,0
9431,455.061,24.3027,2,0
9432,256.475,283.735,2,0
9433,507.001,53.8771,2,0
9434,495.906,262.85,2,0
9435,17.9267,25.6921,2,0
9436,414.46,163.519,2,0
9437,396.508,95.3377,2,0
9438,374.694,133.015,2,0
9439,415.59,78.8987,2,0
9440,413.403,222.041,2,0
9441,127.359,17.6508,2,0
9442,291.781,275.573,2,0
9443,190.688,84.3112,2,0
9444,358.853,52.1414,2,0
9445,97.9571,47.127,2,0
9446,219.845,127.178,2,0
9447,225.623,49.2267,2,0
9448,413.158,283.883,2,0
9449,121.735,105.349,2,0
9450,122.37,97.2994,2,0
9451,423.237,16.1817,2,0
9452,423.232,222.854,2,0
9453,148.946,146.018,2,0
9454,447.156,31.6639,2,0
9455,403.977,272.309,2,0
9456,91.8088,235.76,2,0
9457,577.726,30.7474,2,0
9458,537.724,164.091,2,0
9459,444.511,74.2959,2,0
9460,99.8308,108.578,2,0
9461,226.86,227.933,2,0
9462,247.738,156.648,2,0
9463,236.161,2,2,0
9464,243.987,158.259,2,0
9465,516.565,19.8049,2,0
9466,304.225,113.234,2,0
9467,520.306,35.5392,2,0
9468,8.41442,43.5191,2,0
9469,54.1433,15.998,2,0
9470,11.864,142.806,2,0
9471,487.257,112.237,2,0
9472,459.883,204.36,2,0
9473,545.702,41.6876,2,0
9474,431.196,174.828,2,0
9475,162.159,81.4506,2,0
9476,477.723,107.804,2,0
9477,238.124,273.05,2,0
9478,258.346,272.365,2,0
9479,438.009,95.133,2,0
9480,11.552,178.39,2,0
9481,295.675,42.7696,2,0
9482,471.574,48.6878,2,0
9483,398.439,63.6567,2,0
9484,204.089,75.5968,2,0
9485,256.745,2,2,0
9486,378.609,252.936,2,0
9487,210.617,27.974,2,0
9488,46.8257,184.491,2,0
9489,474.193,79.6772,2,0
9490,459.206,200.409,2,0
9491,79.8159,155.241,2,0
9492,259.822,75.82,2,0
9493,299.812,121.259,2,0
9494,522.704,264.467,2,0
9495,8.59455,9.04601,2,0
9496,150.314,278.469,2,0
9497,294.397,17.2833,2,0
9498,301.837,168.037,2,0
9499,368.302,195.781,2,0
9500,447.909,239.331,2,0
9501,303.467,44.8918,2,0
9502,108.413,116.731,2,0
9503,52.4787,139.632,2,0
9504,590.649,118.032,2,0
9505,591.177,97.7295,2,0
9506,88.4496,62.6756,2,0
9507,295.976,181.646,2,0
9508,462.186,16.3567,2,0
9509,530.947,179.289,2,0
9510,466.574,262.157,2,0
9511,544.751,149.349,2,0
9512,101.968,196.07,2,0
9513,442.789,270.349,2,0
9514,454.656,28.3152,2,0
9515,63.2099,173.673,2,0
9516,225.759,280.065,2,0
9517,228.332,209.155,2,0
9518,260.747,2,2,0
9519,448.651,170.896,2,0
9520,98.2438,194.347,2,0
9521,149.787,112.599,2,0
9522,81.626,298,2,0
9523,380.103,54.7023,2,0
9524,508.366,12.744,2,0
9525,218.578,54.0853,2,0
9526,314.615,20.4004,2,0
9527,438.15,294.005,2,0
9528,198.749,26.1054,2,0
9529,300.661,47.8517,2,0
9530,529.757,154.583,2,0
9531,58.6955,191.627,2,0
9532,583.933,231.302,2,0
9533,42.8586,260.454,2,0
9534,469.358,196.726,2,0
9535,101.732,112.119,2,0
9536,480.195,249.109,2,0
9537,47.6528,228.096,2,0
9538,398.988,98.6763,2,0
9539,242.713,101.618,2,0
9540,244.792,232.936,2,0
9541,8.55768,131.372,2,0
9542,150.88,104.535,2,0
9543,580.394,49.2769,2,0
9544,453.066,75.3392,2,0
9545,253.416,173.609,2,0
9546,256.799,148.018,2,0
9547,305.225,90.1906,2,0
9548,295.32,205.941,2,0
9549,412.405,114.389,2,0
9550,62.106,154.891,2,0
9551,506.246,76.1073,2,0
9552,473.663,107.511,2,0
9553,352.086,225.699,2,0
9554,501.706,153.524,2,0
9555,306.865,105.511,2,0
9556,311.224,9.03307,2,0
9557,532.056,210.446,2,0
9558,349.466,287.699,2,0
9559,154.966,105.118,2,0
9560,517.357,294.419,2,0
9561,264.433,213.422,2,0
9562,295.529,231.324,2,0
9563,382.164,209.865,2,0
9564,63.9713,57.1246,2,0
9565,587.484,99.3003,2,0
9566,267.184,232.553,2,0
9567,63.1998,274.971,2,0
9568,399.671,147.099,2,0
9569,44.8989,69.3416,2,0
9570,176.43,281.215,2,0
9571,401.514,202.21,2,0
9572,511.723,29.1137,2,0
9573,257.074,257.858,2,0
9574,291.13,190.844,2,0
9575,535.376,283.722,2,0
9576,432.342,141.592,2,0
9577,396.01,240.657,2,0
9578,54.5741,158.121,2,0
9579,391.266,245.964,2,0
9580,116.116,114.284,2,0
9581,289.874,271.8,2,0
9582,154.842,294.287,2,0
9583,426.781,280.022,2,0
9584,142.483,261.511,2,0
9585,540.627,93.6998,2,0
9586,133.318,96.8699,2,0
9587,387.436,247.13,2,0
9588,158.957,78.85,2,0
9589,588.053,82.1542,2,0
9590,597.877,215.184,2,0
9591,484.329,298,2,0
9592,193.964,199.349,2,0
9593,539.107,220.56,2,0
9594,64.0706,255.28,2,0
9595,347.585,215.858,2,0
9596,120.149,56.1867,2,0
9597,558.544,210.381,2,0
9598,84.4358,108.04,2,0
9599,338.771,235.055,2,0
9600,57.412,200.558,2,0
9601,102.123,75.7425,2,0
9602,168.928,290.931,2,0
9603,34.1902,92.375,2,0
9604,40.3637,87.0411,2,0
9605,482.944,23.0311,2,0
9606,588.42,50.6143,2,0
9607,313.661,137.111,2,0
9608,434.052,294.016,2,0
9609,48.416,219.861,2,0
9610,570.233,197.051,2,0
9611,365.243,216.186,2,0
9612,356.273,165.649,2,0
9613,532.746,22.2476,2,0
9614,557.981,247.565,2,0
9615,109.292,279.128,2,0
9616,479.994,173.783,2,0
9617,136.493,39.9794,2,0
9618,123.879,5.62119,2,0
9619,450.299,78.4135,2,0
9620,167.136,269.405,2,0
9621,212.681,144.21,2,0
9622,552.142,167.103,2,0
9623,296.904,117.305,2,0
9624,263.573,198.499,2,0
9625,109.528,290.613,2,0
9626,250.754,131.054,2,0
9627,494.194,178.845,2,0
9628,188.804,257.836,2,0
9629,333.833,147.681,2,0
9630,323.81,47.4621,2,0
9631,539.722,160.494,2,0
9632,418.173,145.395,2,0
9633,425.338,298,2,0
9634,261.245,83.3875,2,0
9635,426.885,123.904,2,0
9636,487.89,171.637,2,0
9637,97.6613,22.9727,2,0
9638,41.0821,219.525,2,0
9639,365.95,70.534,2,0
9640,593.346,243.409,2,0
9641,158.107,108.796,2,0
9642,573.473,59.1452,2,0
9643,316.927,38.7833,2,0
9644,418.585,2,2,0
9645,519.535,74.7767,2,0
9646,523.804,183.99,2,0
9647,442.206,91.4861,2,0
9648,11.3732,198.398,2,0
9649,460.016,71.0465,2,0
9650,354.907,121.697,2,0
9651,527.42,177.375,2,0
9652,554.433,25.3769,2,0
9653,530.421,128.211,2,0
9654,581.956,124.494,2,0
9655,508.245,165.315,2,0
9656,281.388,263.629,2,0
9657,538.045,209.742,2,0
9658,209.003,43.9331,2,0
9659,166.27,33.6896,2,0
9660,485.169,34.5418,2,0
9661,418.693,294.127,2,0
9662,102.032,182.42,2,0
9663,86.4678,286.339,2,0
9664,460.494,175.9,2,0
9665,218.979,137.82,2,0
9666,335.094,20.2631,2,0
9667,543.745,160.34,2,0
9668,461.607,155.981,2,0
9669,511.04,229.573,2,0
9670,39.5783,49.5709,2,0
9671,19.263,151.018,2,0
9672,453.052,258.523,2,0
9673,294.782,201.815,2,0
9674,44.2585,225.801,2,0
9675,295.902,21.1403,2,0
9676,71.3021,47.9904,2,0
9677,399.359,7.68495,2,0
9678,490.883,138.566,2,0
9679,399.663,167.53,2,0
9680,391.907,280.991,2,0
9681,449.398,130.136,2,0
9682,586.823,254.527,2,0
9683,125.716,129.42,2,0
9684,144.567,95.4322,2,0
9685,178.183,164.364,2,0
9686,318.591,291.065,2,0
9687,93.0282,257.654,2,0
9688,450.352,216.911,2,0
9689,473.066,187.614,2,0
9690,346.823,264.416,2,0
9691,553.084,44.0284,2,0
9692,163.073,269.045,2,0
9693,92.6395,12.9303,2,0
9694,303.289,244.315,2,0
9695,364.803,259.97,2,0
9696,412.176,229.495,2,0
9697,59.7026,74.2824,2,0
9698,496.219,5.53817,2,0
9699,411.546,217.682,2,0
9700,133.284,150.352,2,0
9701,18.7531,14.1307,2,0
9702,440.848,124.007,2,0
9703,376.554,86.2427,2,0
9704,418.1,157.545,2,0
9705,190.816,156.001,2,0
9706,182.281,103.423,2,0
9707,55.8757,241.55,2,0
9708,205.913,130.492,2,0
9709,279.712,9.01787,2,0
9710,93.5598,298,2,0
9711,513.499,190.431,2,0
9712,176.401,176.488,2,0
9713,223.727,262.266,2,0
9714,391.083,78.308,2,0
9715,364.412,58.6598,2,0
9716,162.425,65.4702,2,0
9717,309.624,54.0423,2,0
9718,547.385,174.872,2,0
9719,176.845,66.1081,2,0
9720,16.9427,45.2086,2,0
9721,599.499,170.711,2,0
9722,54.1368,109.67,2,0
9723,516.61,234.171,2,0
9724,498.084,76.7265,2,0
9725,136.372,50.1439,2,0
9726,218.055,133.884,2,0
9727,59.3184,63.508,2,0
9728,134.419,182.473,2,0
9729,30.8632,23.6823,2,0
9730,231.23,24.9625,2,0
9731,249.525,151.501,2,0
9732,49.8842,131.706,2,0
9733,450.045,82.9236,2,0
9734,138.453,36.4271,2,0
9735,229.714,49.7472,2,0
9736,163.407,257.923,2,0
9737,494.684,288.474,2,0
9738,8.64802,172.117,2,0
9739,430.371,214.676,2,0
9740,88.1784,222.15,2,0
9741,104.687,188.415,2,0
9742,342.449,191.091,2,0
9743,285.053,181.829,2,0
9744,284.819,97.0919,2,0
9745,428.868,139.435,2,0
9746,512.51,12.7463,2,0
9747,213.55,102.334,2,0
9748,265.47,267.848,2,0
9749,57.2668,35.9853,2,0
9750,99.9838,11.7554,2,0
9751,467.487,75.1985,2,0
9752,182.059,228.376,2,0
9753,315.62,280.195,2,0
9754,106.827,33.5098,2,0
9755,459.636,80.498,2,0
9756,153.039,63.6684,2,0
9757,382.495,251.942,2,0
9758,496.385,298,2,0
9759,71.136,32.3924,2,0
9760,108.189,79.0599,2,0
9761,74.0386,51.0911,2,0
9762,11.8432,241.602,2,0
9763,299.475,114.098,2,0
9764,241.142,12.5464,2,0
9765,256.438,180.113,2,0
9766,133.479,288.363,2,0
9767,592.631,70.8122,2,0
9768,107.093,63.3288,2,0
9769,565.14,2,2,0
9770,249.489,256.464,2,0
9771,122.21,159.972,2,0
9772,74.8546,214.058,2,0
9773,501.721,245.762,2,0
9774,117.537,261.727,2,0
9775,503.471,88.293,2,0
9776,457.876,230.777,2,0
9777,374.108,210.248,2,0
9778,0.574993,251.971,2,0
9779,517.161,60.7787,2,0
9780,581.72,188.555,2,0
9781,299.883,294.515,2,0
9782,309.243,5.47873,2,0
9783,530.829,47.8742,2,0
9784,115.842,155.078,2,0
9785,258.721,243.157,2,0
9786,200.852,163.103,2,0
9787,1.39388,140.016,2,0
9788,7.72864,73.0233,2,0
9789,570.31,279.703,2,0
9790,411.422,291.107,2,0
9791,363.533,167.032,2,0
9792,178.318,277.393,2,0
9793,544.335,16.4402,2,0
9794,180.938,51.6109,2,0
9795,4.48684,218.609,2,0
9796,529.104,23.9763,2,0
9797,548.695,19.7696,2,0
9798,468.207,224.436,2,0
9799,316.527,287.615,2,0
9800,385.417,156.614,2,0
9801,473.696,182.644,2,0
9802,546.443,196.395,2,0
9803,172.372,233.982,2,0
9804,302.849,56.2904,2,0
9805,251.478,198.708,2,0
9806,298.267,216.788,2,0
9807,384.608,206.672,2,0
9808,560.206,133.545,2,0
9809,295.076,58.0054,2,0
9810,241.168,31.6965,2,0
9811,168.581,273.194,2,0
9812,433.11,114.109,2,0
9813,166.101,59.0839,2,0
9814,45.9205,77.5585,2,0
9815,555.557,123.806,2,0
9816,310.956,105.145,2,0
9817,69.5039,287.336,2,0
9818,73.6614,97.3232,2,0
9819,292.085,257.376,2,0
9820,373.864,178.667,2,0
9821,515.525,74.6748,2,0
9822,315.252,30.8422,2,0
9823,12.9332,275.504,2,0
9824,350.06,60.7085,2,0
9825,371.236,61.3256,2,0
9826,159.476,93.3927,2,0
9827,525.796,250.883,2,0
9828,143.71,58.227,2,0
9829,121.387,85.9627,2,0
9830,27.1421,90.4514,2,0
9831,51.0585,114.031,2,0
9832,556.457,105.175,2,0
9833,63.2195,217.831,2,0
9834,555.953,290.886,2,0
9835,95.5914,249.131,2,0
9836,370.237,208.927,2,0
9837,96.2112,132.158,2,0
9838,444.286,9.36241,2,0
9839,61.4804,82.2535,2,0
9840,378.37,109.237,2,0
9841,536.365,169.603,2,0
9842,42.6735,7.57317,2,0
9843,363.36,97.699,2,0
9844,595.135,37.2976,2,0
9845,391.673,186.269,2,0
9846,156.27,89.3048,2,0
9847,483.877,129.226,2,0
9848,587.417,5.49395,2,0
9849,259.957,250.155,2,0
9850,283.471,283.223,2,0
9851,240.423,88.6242,2,0
9852,142.027,170.645,2,0
9853,262.831,242.479,2,0
9854,596.541,250.795,2,0
9855,562.069,260.031,2,0
9856,581.316,2,2,0
9857,116.99,170.33,2,0
9858,272.284,256.051,2,0
9859,266.507,148.523,2,0
9860,133.637,53.2152,2,0
9861,79.912,22.9451,2,0
9862,506.371,9.26954,2,0
9863,199.046,81.5168,2,0
9864,395.967,148.807,2,0
9865,35.1447,9.52415,2,0
9866,166.344,49.9402,2,0
9867,199.18,181.831,2,0
9868,195.693,18.6368,2,0
9869,320.214,149.107,2,0
9870,196.095,136.479,2,0
9871,484.552,290.683,2,0
9872,381.786,158.51,2,0
9873,109.936,212.516,2,0
9874,431.511,193.118,2,0
9875,417.166,239.854,2,0
9876,42.7591,166.792,2,0
9877,160.803,290.83,2,0
9878,115.989,76.4889,2,0
9879,355.29,144.929,2,0
9880,373.295,249.137,2,0
9881,377.307,51.1453,2,0
9882,234.576,71.4556,2,0
9883,316.157,34.8314,2,0
9884,594.699,118.197,2,0
9885,245.953,177.136,2,0
9886,569.864,275.64,2,0
9887,421.141,240.626,2,0
9888,429.912,229.693,2,0
9889,599.537,207.219,2,0
9890,575.537,22.9188,2,0
9891,12.5921,2,2,0
9892,160.908,116.413,2,0
9893,388.124,171.183,2,0
9894,507.997,265.02,2,0
9895,554.98,81.2538,2,0
9896,423.677,264.055,2,0
9897,210.28,104.692,2,0
9898,410.183,20.7394,2,0
9899,319.649,50.0016,2,0
9900,204.986,263.71,2,0
9901,581.489,60.5928,2,0
9902,379.774,222.909,2,0
9903,402.431,298,2,0
9904,335.857,267.076,2,0
9905,5.02529,115.478,2,0
9906,530.166,31.2905,2,0
9907,468.811,84.982,2,0
9908,272.2,143.43,2,0
9909,468.977,140.814,2,0
9910,405.731,76.4606,2,0
9911,67.4723,267.1,2,0
9912,254.318,165.514,2,0
9913,236.058,283.698,2,0
9914,364.438,16.3873,2,0
9915,357.604,114.926,2,0
9916,117.417,276.086,2,0
9917,313.297,12.5297,2,0
9918,414.599,125.351,2,0
9919,262.129,19.1504,2,0
9920,90.0648,74.8492,2,0
9921,50.6258,230.796,2,0
9922,567.047,43.2671,2,0
9923,340.856,146.778,2,0
9924,329.818,253.924,2,0
9925,260.791,170.467,2,0
9926,211.611,289.072,2,0
9927,408.985,57.8868,2,0
9928,414.019,136.97,2,0
9929,233.192,254.529,2,0
9930,468.428,228.561,2,0
9931,512.28,200.742,2,0
9932,50.3284,13.8696,2,0
9933,151.661,59.8558,2,0
9934,280.241,280.786,2,0
9935,64.4192,201.63,2,0
9936,181.653,249.182,2,0
9937,237.634,247.395,2,0
9938,74.9244,89.5066,2,0
9939,470.212,243.711,2,0
9940,8.44239,140.593,2,0
9941,294.779,254.304,2,0
9942,303.877,121.039,2,0
9943,373.125,143.895,2,0
9944,422.411,81.3691,2,0
9945,482.391,294.499,2,0
9946,340.692,97.5638,2,0
9947,596.273,168.324,2,0
9948,373.29,72.5857,2,0
9949,273.751,118.199,2,0
9950,283.526,28.4739,2,0
9951,298.795,208.217,2,0
9952,399.257,31.8224,2,0
9953,216.754,46.3598,2,0
9954,197.858,15.0073,2,0
9955,217.859,294.237,2,0
9956,585.466,91.9645,2,0
9957,256.502,290.835,2,0
9958,196.257,298,2,0
9959,164.766,41.0554,2,0
9960,180.572,202.709,2,0
9961,138.983,64.9025,2,0
9962,175.301,226.4,2,0
9963,393.726,69.3438,2,0
9964,485.182,227.759,2,0
9965,86.5563,267.827,2,0
9966,585.977,124.899,2,0
9967,21.6048,264.439,2,0
9968,350.377,278.891,2,0
9969,100.322,15.8181,2,0
9970,476.489,160.104,2,0
9971,474.367,118.645,2,0
9972,207.988,96.3949,2,0
9973,241.797,97.6701,2,0
9974,96.5939,50.9383,2,0
9975,432.873,217.873,2,0
9976,158.727,183.854,2,0
9977,73.8866,107.623,2,0
9978,127.842,201.602,2,0
9979,90.4994,210.772,2,0
9980,485.718,269.271,2,0
9981,197.341,169.902,2,0
9982,494.577,269.886,2,0
9983,153.649,38.3943,2,0
9984,596.976,11.1683,2,0
9985,291.701,55.6402,2,0
9986,97.2376,28.0868,2,0
9987,415.186,257.297,2,0
9988,25.0191,113.451,2,0
9989,568.689,257.392,2,0
9990,579.63,140.096,2,0
9991,237.195,11.8338,2,0
9992,10.3754,283.18,2,0
9993,304.062,294.446,2,0
9994,68.4663,86.998,2,0
9995,537.644,294.528,2,0
9996,26.6248,25.0545,2,0
9997,486.034,16.0172,2,0
9998,176.668,203.549,2,0
9999,506.03,64.7737,2,0
10000,447.862,54.3059,2,0
10001,234.099,273.191,2,0
10002,216.557,232.468,2,0
10003,306.686,151.79,2,0
10004,388.665,42.745,2,0
10005,76.6385,85.7838,2,0
10006,384.712,217.575,2,0
10007,530.195,230.169,2,0
10008,345.04,226.371,2,0
10009,52.3122,174.358,2,0
10010,0.446542,218.9,2,0
10011,386.012,100.888,2,0
10012,278.992,212.958,2,0
10013,142.725,245.502,2,0
10014,96.2273,284.048,2,0
10015,147.268,255.78,2,0
10016,463.579,102.429,2,0
10017,25.8718,257.631,2,0
10018,173.589,71.9414,2,0
10019,177.006,298,2,0
10020,454.036,194.881,2,0
10021,506.356,46.8421,2,0
10022,46.4654,49.6115,2,0
10023,53.5006,166.291,2,0
10024,26.0379,283.297,2,0
10025,393.741,84.8991,2,0
10026,569.208,8.94993,2,0
10027,399.903,254.55,2,0
10028,301.891,290.93,2,0
10029,548.08,123.564,2,0
10030,540.104,213.237,2,0
10031,23.0171,294.272,2,0
10032,278.125,159.935,2,0
10033,382.053,28.1727,2,0
10034,257.182,79.0283,2,0
10035,301.601,251.988,2,0
10036,502.912,282.87,2,0
10037,28.9858,2,2,0
10038,316.699,23.94,2,0
10039,445.343,16.8216,2,0
10040,254.816,86.2673,2,0
10041,592.273,186.185,2,0
10042,440.149,223.167,2,0
10043,538.333,182.627,2,0
10044,308.546,268.862,2,0
10045,519.353,242.173,2,0
10046,381.787,183.309,2,0
10047,206.296,252.271,2,0
10048,127.497,13.5791,2,0
10049,365.887,100.832,2,0
10050,280.603,163.076,2,0
10051,345.802,103.955,2,0
10052,375.788,298,2,0
10053,197.866,62.8565,2,0
10054,120.988,263.84,2,0
10055,254.805,137.447,2,0
10056,356.11,2,2,0
10057,392.638,151.09,2,0
10058,444.29,222.526,2,0
10059,235.054,177.524,2,0
10060,48.4544,139.356,2,0
10061,140.602,31.555,2,0
10062,25.9058,62.1664,2,0
10063,106.494,261.163,2,0
10064,513.315,131.332,2,0
10065,138.117,180.091,2,0
10066,567.975,298,2,0
10067,181.662,259.574,2,0
10068,585.309,163.271,2,0
10069,30.3847,107.967,2,0
10070,171.56,17.4111,2,0
10071,192.676,72.0948,2,0
10072,56.2665,32.0602,2,0
10073,432.132,9.92997,2,0
10074,89.4202,170.863,2,0
10075,575.622,102.663,2,0
10076,91.4181,121.979,2,0
10077,432.991,241.365,2,0
10078,36.5983,264.635,2,0
10079,100.966,101.828,2,0
10080,402.088,78.1895,2,0
10081,214.06,78.7766,2,0
10082,250.089,73.2671,2,0
10083,93.3647,29.3592,2,0
10084,198.328,188.803,2,0
10085,518.958,146.958,2,0
10086,214.968,136.478,2,0
10087,345.459,230.401,2,0
10088,61.6444,271.263,2,0
10089,514.528,46.2595,2,0
10090,478.102,204.173,2,0
10091,184.181,195.863,2,0
10092,504.688,50.55,2,0
10093,261.193,166.196,2,0
10094,53.9376,12.0031,2,0
10095,577.834,189.53,2,0
10096,309.625,116.902,2,0
10097,62.094,66.4602,2,0
10098,446.964,279.41,2,0
10099,343.354,155.636,2,0
10100,481.148,245.156,2,0
10101,499.16,125.757,2,0
10102,15.603,245.631,2,0
10103,568.939,25.2155,2,0
10104,266.99,187.802,2,0
10105,370.808,20.0519,2,0
10106,545.959,163.806,2,0
10107,347.206,298,2,0
10108,145.014,214.51,2,0
10109,348.735,96.4407,2,0
10110,522.729,16.3204,2,0
10111,74.3349,287.346,2,0
10112,249.879,245.739,2,0
10113,225.111,65.1789,2,0
10114,66.5571,60.1779,2,0
10115,148.061,23.7458,2,0
10116,363.515,187.173,2,0
10117,190.259,207.634,2,0
10118,67.9848,50.4686,2,0
10119,234.319,235.423,2,0
10120,352.426,106.696,2,0
10121,64.3279,134.902,2,0
10122,276.655,19.8565,2,0
10123,354.659,83.4011,2,0
10124,333.354,124.176,2,0
10125,56.1238,135.347,2,0
10126,478.152,120.171,2,0
10127,168.357,159.888,2,0
10128,451.806,12.596,2,0
10129,436.235,116.657,2,0
10130,64.3748,43.7321,2,0
10131,493.767,165.904,2,0
10132,286.325,68.0179,2,0
10133,489.512,276.55,2,0
10134,133.32,226.01,2,0
10135,420.108,59.5775,2,0
10136,67.8173,41.3477,2,0
10137,330.244,174.403,2,0
10138,486.433,294.503,2,0
10139,321.276,58.021,2,0
10140,564.428,46.2906,2,0
10141,5.9354,96.3475,2,0
10142,258.264,155.577,2,0
10143,322.285,73.8103,2,0
10144,321.527,92.6829,2,0
10145,119.4,34.0199,2,0
10146,490.504,149.494,2,0
10147,432.99,185.467,2,0
10148,521.587,199.109,2,0
10149,528.929,214.125,2,0
10150,557.99,162.61,2,0
10151,104.969,242.813,2,0
10152,35.394,43.8099,2,0
10153,343.192,244.863,2,0
10154,53.006,264.912,2,0
10155,286.732,253.354,2,0
10156,170.395,199.064,2,0
10157,455.561,198.676,2,0
10158,293.253,50.4135,2,0
10159,524.738,12.6728,2,0
10160,264.258,123.314,2,0
10161,86.1144,168.519,2,0
10162,117.56,165.959,2,0
10163,537.142,5.58296,2,0
10164,299.683,183.232,2,0
10165,556.34,91.4557,2,0
10166,361.334,278.611,2,0
10167,119.137,19.5546,2,0
10168,32.1261,46.4084,2,0
10169,574.128,158.493,2,0
10170,417.755,165.806,2,0
10171,566.887,62.5335,2,0
10172,282.726,252.592,2,0
10173,385.403,290.757,2,0
10174,402.402,74.1702,2,0
10175,123.353,281.645,2,0
10176,294.823,219.031,2,0
10177,398.56,15.7173,2,0
10178,61.1259,298,2,0
10179,388.693,154.151,2,0
10180,316.127,44.7823,2,0
10181,66.262,131.343,2,0
10182,571.542,127.125,2,0
10183,521.494,190.889,2,0
10184,96.9287,256.313,2,0
10185,352.785,167.769,2,0
10186,240.875,27.2456,2,0
10187,443.661,28.7732,2,0
10188,249.699,175.337,2,0
10189,163.598,262.116,2,0
10190,488.437,253.959,2,0
10191,239.868,144.211,2,0
10192,12.443,271.335,2,0
10193,492.55,145.689,2,0
10194,334.921,45.7958,2,0
10195,63.7424,169.612,2,0
10196,486.072,216.005,2,0
10197,393.246,292.081,2,0
10198,454.989,123.968,2,0
10199,132.703,125.642,2,0
10200,416.855,185.19,2,0
10201,523.111,205.75,2,0
10202,179.614,96.8068,2,0
10203,102.876,287.466,2,0
10204,478.242,266.085,2,0
10205,315.368,9.031,2,0
10206,35.0927,121.226,2,0
10207,206.613,222.105,2,0
10208,31.362,129.623,2,0
10209,58.4382,25.3428,2,0
10210,471.775,5.68216,2,0
10211,291.123,197.267,2,0
10212,451.13,236.637,2,0
10213,380.667,227.301,2,0
10214,364.235,66.883,2,0
10215,390.358,138.581,2,0
10216,406.322,35.1932,2,0
10217,299.308,280.847,2,0
10218,17.422,231.078,2,0
10219,34.4275,173.764,2,0
10220,443.927,200.086,2,0
10221,314.459,298,2,0
10222,12.1925,62.2471,2,0
10223,237.475,225.034,2,0
10224,589.814,215.108,2,0
10225,414.299,214.633,2,0
10226,527.475,27.6388,2,0
10227,472.659,22.372,2,0
10228,42.6558,79.9854,2,0
10229,63.4161,267.493,2,0
10230,129.214,294.387,2,0
10231,336.655,98.14,2,0
10232,200.373,2,2,0
10233,342.388,250.33,2,0
10234,516.546,245.137,2,0
10235,150.057,170.956,2,0
10236,551.852,160.081,2,0
10237,232.977,135.481,2,0
10238,230.256,235.295,2,0
10239,158.433,179.696,2,0
10240,386.558,196.74,2,0
10241,391.995,6.36583,2,0
10242,151.8,5.5844,2,0
10243,458.752,53.8359,2,0
10244,485.49,143.114,2,0
10245,111.892,190.9,2,0
10246,396.752,174.607,2,0
10247,554.604,127.706,2,0
10248,98.9255,7.14623,2,0
10249,70.003,142.349,2,0
10250,534.39,143.359,2,0
10251,188.582,122.449,2,0
10252,6.68646,160.238,2,0
10253,109.969,194.517,2,0
10254,462.508,67.7692,2,0
10255,240.753,232.426,2,0
10256,471.935,235.816,2,0
10257,368.253,65.7816,2,0
10258,72.8118,273.166,2,0
10259,497.744,220.446,2,0
10260,47.6447,233.492,2,0
10261,238.488,118.73,2,0
10262,328.179,165.559,2,0
10263,397.023,71.6986,2,0
10264,161.471,127.09,2,0
10265,487.283,160.969,2,0
10266,180.296,175.12,2,0
10267,277.448,12.4096,2,0
10268,532.808,202.679,2,0
10269,268.456,168.286,2,0
10270,80.459,200.274,2,0
10271,457.972,30.7169,2,0
10272,585.182,177.917,2,0
10273,421.5,204.217,2,0
10274,59.3237,267.926,2,0
10275,447.986,200.359,2,0
10276,42.109,75.9695,2,0
10277,505.695,95.8418,2,0
10278,99.7458,175.179,2,0
10279,430.403,189.122,2,0
10280,82.7461,241.953,2,0
10281,191.453,54.1956,2,0
10282,75.4319,43.0156,2,0
10283,435.866,257.171,2,0
10284,482.474,96.7725,2,0
10285,324.789,56.0083,2,0
10286,342.793,240.794,2,0
10287,59.4201,219.194,2,0
10288,399.724,277.49,2,0
10289,261.172,178.557,2,0
10290,284.481,141.37,2,0
10291,362.267,155.379,2,0
10292,104.691,283.86,2,0
10293,196.282,2,2,0
10294,558.949,88.3505,2,0
10295,411.255,225.556,2,0
10296,238.749,100.339,2,0
10297,540.269,251.305,2,0
10298,597.3,139.786,2,0
10299,117.073,178.733,2,0
10300,41.5662,143.89,2,0
10301,468.558,162.081,2,0
10302,179.221,88.8251,2,0
10303,37.6672,153.596,2,0
10304,552.384,253.794,2,0
10305,547.587,153.079,2,0
10306,43.2559,23.892,2,0
10307,290.804,253.519,2,0
10308,160.778,4.74278,2,0
10309,407.957,234.027,2,0
10310,530.749,256.3,2,0
10311,66.834,236.812,2,0
10312,95.0217,65.5605,2,0
10313,134.508,215.106,2,0
10314,441.127,185.722,2,0
10315,543.4,270.254,2,0
10316,18.9087,279.173,2,0
10317,221.148,105.096,2,0
10318,80.836,235.181,2,0
10319,94.3728,114.637,2,0
10320,417.352,173.823,2,0
10321,1.89323,259.989,2,0
10322,385.046,92.887,2,0
10323,439.357,141.394,2,0
10324,383.434,248.037,2,0
10325,433.77,96.0064,2,0
10326,463.752,12.6684,2,0
10327,15.5677,22.2524,2,0
10328,202.466,250.864,2,0
10329,35.0417,5.45896,2,0
10330,8.30017,237.362,2,0
10331,285.832,5.4692,2,0
10332,516.222,123.613,2,0
10333,377.809,230.122,2,0
10334,310.217,123.985,2,0
10335,156.766,153.418,2,0
10336,262.12,154.038,2,0
10337,427.711,37.7659,2,0
10338,588.685,232.44,2,0
10339,498.862,176.609,2,0
10340,464.01,205.853,2,0
10341,561.707,229.128,2,0
10342,323.753,209.023,2,0
10343,196.46,228.841,2,0
10344,559.171,121.854,2,0
10345,443.614,150.474,2,0
10346,539.773,105.722,2,0
10347,467.114,203.213,2,0
10348,96.9741,187.127,2,0
10349,545.76,101.919,2,0
10350,582.415,245.788,2,0
10351,328.887,271.208,2,0
10352,518.868,164.918,2,0
10353,418.86,207.416,2,0
10354,81.6959,204.607,2,0
10355,177.239,197.464,2,0
10356,274.168,38.9122,2,0
10357,217.749,156.703,2,0
10358,180.842,171.099,2,0
10359,148.087,232.485,2,0
10360,448.611,283.127,2,0
10361,229.024,32.1025,2,0
10362,222.059,90.2203,2,0
10363,127.576,113.027,2,0
10364,510.456,215.816,2,0
10365,230.781,115.512,2,0
10366,301.643,7.44341,2,0
10367,541.729,294.521,2,0
10368,542.107,28.3966,2,0
10369,527.09,2,2,0
10370,360.578,36.2059,2,0
10371,530.82,9.15679,2,0
10372,95.8692,140.576,2,0
10373,412.088,85.448,2,0
10374,244.089,137.768,2,0
10375,306.683,216.952,2,0
10376,1.1085,195.565,2,0
10377,447.382,182.48,2,0
10378,503.998,275.133,2,0
10379,506.355,216.847,2,0
10380,108.651,198.405,2,0
10381,351.247,217.519,2,0
10382,318.283,60.7958,2,0
10383,420.613,219.576,2,0
10384,565.027,84.3533,2,0
10385,347.703,32.8851,2,0
10386,361.667,274.425,2,0
10387,167.226,45.9068,2,0
10388,587.398,65.6053,2,0
10389,166.521,120.634,2,0
10390,71.3868,230.346,2,0
10391,477.209,82.4725,2,0
10392,447.946,65.1385,2,0
10393,102.392,262.229,2,0
10394,529.709,93.6971,2,0
10395,224.656,189.712,2,0
10396,524.836,280.459,2,0
10397,252.986,115.243,2,0
10398,151.342,121.999,2,0
10399,184.328,53.7717,2,0
10400,119.541,26.9576,2,0
10401,493.001,68.1942,2,0
10402,195.648,239.875,2,0
10403,501.159,31.4514,2,0
10404,89.6274,243.542,2,0
10405,547.462,282.315,2,0
10406,539.732,291.018,2,0
10407,466.748,144.184,2,0
10408,427.275,16.6157,2,0
10409,167.143,18.0674,2,0
10410,453.196,176.085,2,0
10411,137.889,236.622,2,0
10412,490.681,234.55,2,0
10413,517.388,56.5995,2,0
10414,176.534,222.352,2,0
10415,26.6936,55.8413,2,0
10416,549.819,294.404,2,0
10417,377.501,176.833,2,0
10418,82.6663,161.995,2,0
10419,49.0054,298,2,0
10420,43.4741,60.917,2,0
10421,148.319,124.789,2,0
10422,583.727,273.155,2,0
10423,529.558,102.728,2,0
10424,599.599,263.334,2,0
10425,266.395,272.358,2,0
10426,458.139,17.0749,2,0
10427,459.38,183.931,2,0
10428,505.729,246.627,2,0
10429,367.627,298,2,0
10430,213.685,243.198,2,0
10431,41.0726,237.195,2,0
10432,417.374,140.002,2,0
10433,0.0634865,234.525,2,0
10434,205.457,5.88465,2,0
10435,436.828,152.387,2,0
10436,250.721,32.6817,2,0
10437,77.9117,61.0028,2,0
10438,547.912,105.432,2,0
10439,80.3939,151.218,2,0
10440,126.99,283.529,2,0
10441,190.928,270.45,2,0
10442,268.163,71.2843,2,0
10443,167.648,6.01085,2,0
10444,137.065,20.4614,2,0
10445,525.082,23.851,2,0
10446,360.246,196.993,2,0
10447,123.32,187.494,2,0
10448,414.73,195.718,2,0
10449,435.628,193.203,2,0
10450,54.8294,185.391,2,0
10451,464.357,35.6954,2,0
10452,476.301,66.3223,2,0
10453,340.689,194.734,2,0
10454,497.957,147.579,2,0
10455,588.758,18.1906,2,0
10456,52.9453,170.273,2,0
10457,112.616,148.572,2,0
10458,257.956,61.1733,2,0
10459,596.325,219.188,2,0
10460,332.848,294.192,2,0
10461,99.8614,130.404,2,0
10462,92.4958,138.318,2,0
10463,265.218,141.078,2,0
10464,220.561,165.602,2,0
10465,220.045,267.678,2,0
10466,306.696,196.273,2,0
10467,54.6495,248.842,2,0
10468,397.657,266.619,2,0
10469,446.999,134.45,2,0
10470,254.859,201.233,2,0
10471,35.1843,294.24,2,0
10472,566.076,249.708,2,0
10473,409.255,237.923,2,0
10474,74.8762,69.0835,2,0
10475,352.026,67.6064,2,0
10476,26.8181,140.436,2,0
10477,335.168,38.9944,2,0
10478,330.8,199.104,2,0
10479,458,225.123,2,0
10480,515.13,229.925,2,0
10481,346.175,93.2079,2,0
10482,261.283,63.5011,2,0
10483,339.149,20.4658,2,0
10484,230.273,93.1344,2,0
10485,435.373,88.097,2,0
10486,85.5042,13.597,2,0
10487,143.553,257.5,2,0
10488,190.017,42.5404,2,0
10489,45.3186,132.216,2,0
10490,530.798,16.2955,2,0
10491,489.296,213.49,2,0
10492,462.28,117.646,2,0
10493,338.993,173.541,2,0
10494,158.242,214.346,2,0
10495,582.294,294.478,2,0
10496,465.618,58.1972,2,0
10497,68.3111,3.37865,2,0
10498,584.911,28.1677,2,0
10499,191.488,254.106,2,0
10500,386.861,281.798,2,0
10501,273.468,240.701,2,0
10502,142.052,110.166,2,0
10503,60.5138,167.165,2,0
10504,280.039,191.423,2,0
10505,10.8708,287.233,2,0
10506,219.548,212.102,2,0
10507,48.877,265.24,2,0
10508,562.794,200.482,2,0
10509,453.096,187.232,2,0
10510,24.3261,253.925,2,0
10511,225.892,110.243,2,0
10512,172.564,177.643,2,0
10513,228.018,46.0069,2,0
10514,324.229,106.8,2,0
10515,547.402,270.295,2,0
10516,106.153,75.3511,2,0
10517,250.3,280.295,2,0
10518,210.283,23.8933,2,0
10519,324.615,178.546,2,0
10520,431.351,200.473,2,0
10521,91.2606,106.46,2,0
10522,438.743,83.0857,2,0
10523,411.188,193.577,2,0
10524,496.681,69.8038,2,0
10525,292.05,233.564,2,0
10526,99.9517,86.0046,2,0
10527,542.965,203.791,2,0
10528,157.172,283.01,2,0
10529,595.357,67.0527,2,0
10530,358.312,56.5344,2,0
10531,412.024,280.02,2,0
10532,39.3897,82.5909,2,0
10533,558.069,280.319,2,0
10534,501.276,133,2,0
10535,137.388,96.4744,2,0
10536,28.7452,152.223,2,0
10537,99.7174,169.579,2,0
10538,77.4971,192.731,2,0
10539,162.709,56.8861,2,0
10540,81.9742,216.447,2,0
10541,136.567,298,2,0
10542,291.467,163.961,2,0
10543,338.118,94.3874,2,0
10544,193.218,32.0305,2,0
10545,345.906,133.4,2,0
10546,383.766,35.5327,2,0
10547,583.127,217.25,2,0
10548,27.6962,224.175,2,0
10549,174.219,277.596,2,0
10550,55.0616,283.135,2,0
10551,463.038,242.643,2,0
10552,373.502,125.615,2,0
10553,97.2334,82.9903,2,0
10554,183.634,286.074,2,0
10555,281.61,148.912,2,0
10556,520.052,116.7,2,0
10557,270.183,38.3389,2,0
10558,366.887,149.026,2,0
10559,436.226,23.1984,2,0
10560,305.58,252.995,2,0
10561,444.296,66.9092,2,0
10562,110.951,137.782,2,0
10563,21.7611,181.863,2,0
10564,475.814,126.625,2,0
10565,488.098,191.457,2,0
10566,327.387,52.9167,2,0
10567,116.603,218.844,2,0
10568,71.8433,290.586,2,0
10569,137.015,124.105,2,0
10570,52.0646,135.584,2,0
10571,78.3267,167.4,2,0
10572,509.255,79.0458,2,0
10573,298.571,203.268,2,0
10574,36.401,255.272,2,0
10575,404.718,96.4119,2,0
10576,416.095,121.492,2,0
10577,28.0904,168.594,2,0
10578,12.4477,73.274,2,0
10579,237.793,96.3451,2,0
10580,279.691,2,2,0
10581,339.918,54.4621,2,0
10582,169.619,112.59,2,0
10583,108.696,221.104,2,0
10584,443.516,20.7619,2,0
10585,106.522,275.951,2,0
10586,507.057,250.461,2,0
10587,37.8503,145.373,2,0
10588,80.7921,106.34,2,0
10589,130.462,85.3129,2,0
10590,315.553,110.056,2,0
10591,10.4894,279.063,2,0
10592,578.208,287.315,2,0
10593,523.36,290.963,2,0
10594,364.841,114.121,2,0
10595,188.083,2,2,0
10596,206.929,124.199,2,0
10597,9.11219,115.799,2,0
10598,296.173,247.349,2,0
10599,282.088,87.1556,2,0
10600,216.326,281.61,2,0
10601,377.837,168.653,2,0
10602,518.43,112.986,2,0
10603,417.587,169.825,2,0
10604,58.4857,187.48,2,0
10605,175.716,207.604,2,0
10606,34.5837,73.0135,2,0
10607,571.168,21.8303,2,0
10608,285.94,157.953,2,0
10609,68.4437,227.47,2,0
10610,380.811,85.9478,2,0
10611,287.72,275.236,2,0
10612,158.727,148.399,2,0
10613,4.06665,20.7187,2,0
10614,275.148,114.392,2,0
10615,412.903,28.7189,2,0
10616,30.825,285.978,2,0
10617,269.991,32.8609,2,0
10618,430.716,281.121,2,0
10619,521.084,24.0314,2,0
10620,37.4734,221.382,2,0
10621,517.103,211.422,2,0
10622,456.668,158.254,2,0
10623,109.288,264.05,2,0
10624,139.366,220.341,2,0
10625,228.527,166.5,2,0
10626,574.583,116.728,2,0
10627,183.456,95.1742,2,0
10628,161.42,85.3916,2,0
10629,162.101,181.554,2,0
10630,390.357,23.3483,2,0
10631,540.392,119.953,2,0
10632,120.835,134.388,2,0
10633,191.261,92.128,2,0
10634,581.823,53.1331,2,0
10635,568.205,267.953,2,0
10636,303.271,131.802,2,0
10637,521.435,110.196,2,0
10638,192.091,2,2,0
10639,121.42,70.6311,2,0
10640,229.966,195.075,2,0
10641,401.439,18.6355,2,0
10642,424.688,218.959,2,0
10643,239.816,164.121,2,0
10644,276.43,73.4346,2,0
10645,393.364,16.9807,2,0
10646,349.352,153.589,2,0
10647,375.471,137.136,2,0
10648,446.299,272.445,2,0
10649,534.646,58.2839,2,0
10650,551.864,98.3198,2,0
10651,24.979,165.994,2,0
10652,123.455,267.04,2,0
10653,193.535,177.631,2,0
10654,20.8306,2,2,0
10655,505.325,268.074,2,0
10656,36.2582,180.158,2,0
10657,428.775,288.287,2,0
10658,318.055,27.813,2,0
10659,92.4722,62.4145,2,0
10660,465.709,194.928,2,0
10661,229.589,137.75,2,0
10662,438.778,250.72,2,0
10663,315.903,190.661,2,0
10664,32.8582,50.6137,2,0
10665,180.664,55.6035,2,0
10666,64.3064,165.604,2,0
10667,3.97709,283.781,2,0
10668,359.064,109.189,2,0
10669,524.939,268.015,2,0
10670,149.847,220.221,2,0
10671,155.401,93.3285,2,0
10672,373.975,28.9473,2,0
10673,317.475,92.0044,2,0
10674,432.489,99.8819,2,0
10675,41.0725,191.912,2,0
10676,66.7874,259.87,2,0
10677,415.576,246.786,2,0
10678,170.175,48.7774,2,0
10679,321.631,262.874,2,0
10680,536.167,223.298,2,0
10681,264.674,290.828,2,0
10682,446.579,190.259,2,0
10683,188.418,9.13721,2,0
10684,139.623,42.7793,2,0
10685,111.174,270.795,2,0
10686,327.65,267.302,2,0
10687,178.63,254.341,2,0
10688,569.102,246.964,2,0
10689,425.237,145.7,2,0
10690,151.218,228.056,2,0
10691,498.136,172.015,2,0
10692,223.386,17.5715,2,0
10693,333.742,12.6442,2,0
10694,509.799,247.435,2,0
10695,72.5492,54.8756,2,0
10696,437.297,264.265,2,0
10697,510.565,272.799,2,0
10698,438.297,246.686,2,0
10699,182.363,187.861,2,0
10700,593.104,178.165,2,0
10701,165.709,102.243,2,0
10702,50.3819,82.5338,2,0
10703,358.803,29.8165,2,0
10704,227.596,99.6338,2,0
10705,211.302,182.939,2,0
10706,339.002,298,2,0
10707,493.825,110.21,2,0
10708,86.6818,68.374,2,0
10709,347.986,219.927,2,0
10710,23.5635,120.878,2,0
10711,3.65929,182.448,2,0
10712,364.277,195.37,2,0
10713,403.45,152.647,2,0
10714,47.5763,106.896,2,0
10715,138.939,204.302,2,0
10716,491.239,113.355,2,0
10717,589.079,196.477,2,0
10718,255.736,188.208,2,0
10719,437.648,71.5429,2,0
10720,413.047,264.827,2,0
10721,7.39916,68.9804,2,0
10722,65.8731,96.6239,2,0
10723,315.65,162.267,2,0
10724,224.152,82.2448,2,0
10725,235.259,121.122,2,0
10726,262.785,15.1711,2,0
10727,108.44,150.063,2,0
10728,204.72,169.052,2,0
10729,466.006,99.1259,2,0
10730,121.804,294.107,2,0
10731,525.312,287.288,2,0
10732,0.446402,267.321,2,0
10733,5.7243,261.256,2,0
10734,341.264,177.01,2,0
10735,566.027,174.727,2,0
10736,321.103,242.453,2,0
10737,366.086,144.924,2,0
10738,406.092,183.4,2,0
10739,584.859,68.7105,2,0
10740,485.53,207.062,2,0
10741,88.5144,282.798,2,0
10742,4.49038,298,2,0
10743,222.346,13.1029,2,0
10744,130.006,290.358,2,0
10745,55.6222,150.006,2,0
10746,216.859,187.578,2,0
10747,147.648,142.23,2,0
10748,326.663,74.7125,2,0
10749,336.112,275.077,2,0
10750,467.076,42.3934,2,0
10751,542.867,188.99,2,0
10752,152.962,30.2741,2,0
10753,256.159,23.6545,2,0
10754,332.177,257.304,2,0
10755,95.923,191.035,2,0
10756,505.29,132.228,2,0
10757,218.232,236.116,2,0
10758,365.203,140.932,2,0
10759,187.553,27.4395,2,0
10760,586.31,235.703,2,0
10761,0.978334,88.1419,2,0
10762,141.104,20.4783,2,0
10763,451.802,56.9411,2,0
10764,380.682,9.57048,2,0
10765,265.894,39.6726,2,0
10766,189.825,179.296,2,0
10767,326.833,298,2,0
10768,274.822,77.2579,2,0
10769,329.253,275.338,2,0
10770,406.566,126.571,2,0
10771,354.319,154.412,2,0
10772,467.824,176.853,2,0
10773,442.973,115.284,2,0
10774,10.4604,233.948,2,0
10775,102.032,240.014,2,0
10776,519.455,70.7018,2,0
10777,449.577,2,2,0
10778,79.2961,159.308,2,0
10779,155.304,257.291,2,0
10780,364.916,158.551,2,0
10781,125.328,37.5679,2,0
10782,354.932,219.203,2,0
10783,164.419,159.108,2,0
10784,308.599,101.793,2,0
10785,154.947,149.752,2,0
10786,350.124,71.9094,2,0
10787,462.744,251.147,2,0
10788,254.518,294.432,2,0
10789,251.171,20.1799,2,0
10790,367.433,166.063,2,0
10791,383.181,111.421,2,0
10792,421.484,151.645,2,0
10793,554.4,108.678,2,0
10794,161.634,137.969,2,0
10795,221.267,223.662,2,0
10796,50.2317,59.7397,2,0
10797,530.885,276.535,2,0
10798,301.973,298,2,0
10799,49.9001,98.8905,2,0
10800,498.237,290.388,2,0
10801,422.173,189.406,2,0
10802,474.255,294.481,2,0
10803,432.573,33.3508,2,0
10804,96.7967,245.128,2,0
10805,479.561,221.249,2,0
10806,97.7853,221.079,2,0
10807,401.984,57.2763,2,0
10808,498.594,233.974,2,0
10809,280.076,152.776,2,0
10810,490.418,75.9936,2,0
10811,99.8616,93.7418,2,0
10812,568.129,119.751,2,0
10813,440.615,102.523,2,0
10814,276.269,131.841,2,0
10815,204.474,49.7635,2,0
10816,324,239.599,2,0
10817,319.703,280.226,2,0
10818,20.6435,211.942,2,0
10819,372.278,32.7458,2,0
10820,451.56,152.738,2,0
10821,504.98,209.88,2,0
10822,372.171,154.866,2,0
10823,543.558,153.241,2,0
10824,16.5047,73.4093,2,0
10825,242.123,120.594,2,0
10826,524.832,5.59323,2,0
10827,49.4035,74.4701,2,0
10828,71.6148,71.4447,2,0
10829,471.131,92.7938,2,0
10830,259.362,186.454,2,0
10831,142.866,16.7984,2,0
10832,433.843,57.5593,2,0
10833,260.334,212.52,2,0
10834,108.685,298,2,0
10835,161.705,52.8628,2,0
10836,62.2923,26.5585,2,0
10837,291.023,93.0318,2,0
10838,460.258,87.3032,2,0
10839,549.945,51.4867,2,0
10840,89.2268,258.949,2,0
10841,112.62,44.2851,2,0
10842,458.052,195.492,2,0
10843,84.6588,52.445,2,0
10844,506.382,16.3269,2,0
10845,179.816,106.624,2,0
10846,8.38017,105.065,2,0
10847,264.192,112.618,2,0
10848,4.24721,80.6455,2,0
10849,133.352,17.8358,2,0
10850,37.0297,157.668,2,0
10851,281.761,210.06,2,0
10852,328.094,216.297,2,0
10853,588.262,203.464,2,0
10854,127.031,62.5156,2,0
10855,152.094,232.286,2,0
10856,1.82978,77.2709,2,0
10857,371.193,237.924,2,0
10858,239.766,181.98,2,0
10859,516.227,193.659,2,0
10860,57.453,81.3811,2,0
10861,234.05,287.253,2,0
10862,94.5013,86.0917,2,0
10863,283.718,274.794,2,0
10864,148.813,51.6109,2,0
10865,540.373,277.672,2,0
10866,397.971,102.746,2,0
10867,16.6638,2,2,0
10868,130.076,286.148,2,0
10869,243.008,146.711,2,0
10870,19.0892,92.0662,2,0
10871,424.116,211.89,2,0
10872,559.36,272.323,2,0
10873,82.2508,170.015,2,0
10874,7.18166,164.257,2,0
10875,234.497,22.4918,2,0
10876,188.879,242.883,2,0
10877,291.549,9.57905,2,0
10878,113.447,23.2521,2,0
10879,312.933,16.5563,2,0
10880,556.032,60.3587,2,0
10881,136.584,100.576,2,0
10882,81.4999,174.112,2,0
10883,138.342,216.386,2,0
10884,451.212,221.057,2,0
10885,206.489,189.483,2,0
10886,44.7344,3.92225,2,0
10887,527.226,130.635,2,0
10888,327.293,286.994,2,0
10889,434.264,91.9941,2,0
10890,119.045,41.2406,2,0
10891,313.376,67.263,2,0
10892,419.866,55.4183,2,0
10893,498.401,163.92,2,0
10894,71.1579,13.57,2,0
10895,95.6418,267.856,2,0
10896,125.842,100.016,2,0
10897,229.102,64.383,2,0
10898,114.293,98.081,2,0
10899,345.648,201.815,2,0
10900,469.602,232.428,2,0
10901,425.67,127.86,2,0
10902,513.348,56.9734,2,0
10903,180.563,64.2908,2,0
10904,242.227,294.39,2,0
10905,599.624,166.081,2,0
10906,555.168,144.595,2,0
10907,276.968,274.354,2,0
10908,172.24,131.309,2,0
10909,212.025,194.548,2,0
10910,383.981,298,2,0
10911,85.2829,259.957,2,0
10912,552.335,112.173,2,0
10913,17.9618,49.1417,2,0
10914,115.149,90.1178,2,0
10915,220.015,239.834,2,0
10916,127.109,106.466,2,0
10917,306.028,78.6499,2,0
10918,596.993,254.912,2,0
10919,534.707,257.279,2,0
10920,508.566,298,2,0
10921,379.33,201.078,2,0
10922,409.064,79.0014,2,0
10923,200.262,254.262,2,0
10924,139.052,243.693,2,0
10925,542.167,11.636,2,0
10926,205.315,12.9104,2,0
10927,478.988,23.7509,2,0
10928,527.532,45.3956,2,0
10929,236.658,231.945,2,0
10930,490.303,98.9788,2,0
10931,494.562,27.297,2,0
10932,19.1461,142.876,2,0
10933,486.876,183.452,2,0
10934,326.087,93.7527,2,0
10935,322.748,194.627,2,0
10936,408.963,96.2252,2,0
10937,317.63,276.591,2,0
10938,112.109,48.2594,2,0
10939,490.107,48.3528,2,0
10940,119.868,173.117,2,0
10941,572.472,169.733,2,0
10942,280.702,206.007,2,0
10943,478.607,152.265,2,0
10944,576.126,270.343,2,0
10945,201.491,61.1038,2,0
10946,435.838,147.979,2,0
10947,74.4677,190.115,2,0
10948,340.048,187.683,2,0
10949,413.951,9.9367,2,0
10950,197.899,250.985,2,0
10951,173.472,123.146,2,0
10952,143.347,221.724,2,0
10953,141.662,27.6835,2,0
10954,313.015,240.325,2,0
10955,239.94,261.414,2,0
10956,240.125,135.348,2,0
10957,227.877,68.3,2,0
10958,383.499,224.374,2,0
10959,449.222,15.6577,2,0
10960,592.071,59.0289,2,0
10961,168.143,86.9253,2,0
10962,127.368,205.626,2,0
10963,276.731,205.079,2,0
10964,345.974,60.7096,2,0
10965,53.5005,53.5608,2,0
10966,209.205,269.617,2,0
10967,578.888,252.67,2,0
10968,277.433,36.4796,2,0
10969,304.743,28.2213,2,0
10970,360.183,184.922,2,0
10971,557.943,39.0409,2,0
10972,265.528,130.242,2,0
10973,144.876,235.195,2,0
10974,129.313,226.282,2,0
10975,547.909,91.2127,2,0
10976,580.357,120.729,2,0
10977,52.1642,90.9059,2,0
10978,300.968,26.6632,2,0
10979,140.97,61.3903,2,0
10980,371.749,290.937,2,0
10981,200.933,195.157,2,0
10982,217.772,27.0164,2,0
10983,463.695,125.552,2,0
10984,151.732,43.9977,2,0
10985,237.737,213.923,2,0
10986,289.34,261.081,2,0
10987,106.508,170.925,2,0
10988,469.776,106.418,2,0
10989,62.1204,131.477,2,0
10990,239.858,131.267,2,0
10991,483.299,161.994,2,0
10992,236.06,169.639,2,0
10993,548.541,188.846,2,0
10994,433.481,298,2,0
10995,121.473,208.065,2,0
10996,78.9498,18.3348,2,0
10997,158.374,119.651,2,0
10998,492.492,51.6812,2,0
10999,120.687,49.1759,2,0
11000,548.379,67.7506,2,0
11001,523.008,147.266,2,0
11002,163.435,200.492,2,0
11003,555.835,159.155,2,0
11004,234.032,113.102,2,0
11005,177.972,9.59809,2,0
11006,230.886,227.985,2,0
11007,110.819,294.47,2,0
11008,251.332,56.4809,2,0
11009,33.0295,2,2,0
11010,527.803,57.6459,2,0
11011,284.616,260.409,2,0
11012,294.901,265.242,2,0
11013,231.866,147.522,2,0
11014,127.839,177.665,2,0
11015,66.4237,7.00375,2,0
11016,561.01,26.9394,2,0
11017,294.379,66.1423,2,0
11018,474.921,211.244,2,0
11019,540.153,200.71,2,0
11020,533.201,195.579,2,0
11021,158.874,130.389,2,0
11022,361.304,19.5235,2,0
11023,438.189,91.0084,2,0
11024,384.386,177.359,2,0
11025,253.363,119.262,2,0
11026,305.585,117.131,2,0
11027,573.605,277.326,2,0
11028,403.13,289.544,2,0
11029,381.047,146.335,2,0
11030,405.415,214.002,2,0
11031,127.955,279.613,2,0
11032,289.421,37.9941,2,0
11033,254.591,18.05,2,0
11034,428.826,130.476,2,0
11035,20.1505,167.232,2,0
11036,296.463,128.785,2,0
11037,208.008,83.978,2,0
11038,202.392,106.992,2,0
11039,21.2652,36.0357,2,0
11040,227.112,19.1404,2,0
11041,118.805,290.992,2,0
11042,424.42,253.215,2,0
11043,502.249,16.2103,2,0
11044,120.358,248.209,2,0
11045,407.079,167.135,2,0
11046,175.941,133.763,2,0
11047,197.137,165.366,2,0
11048,574.567,134.726,2,0
11049,94.565,210.886,2,0
11050,164.425,98.3031,2,0
11051,210.605,76.5256,2,0
11052,421.571,291.07,2,0
11053,598.555,84.7117,2,0
11054,279.328,67.1039,2,0
11055,95.8464,176.279,2,0
11056,120.353,278.899,2,0
11057,54.9854,94.478,2,0
11058,582.478,84.4373,2,0
11059,287.013,294.448,2,0
11060,419.962,298,2,0
11061,321.985,114.605,2,0
11062,161.625,22.3519,2,0
11063,353.465,16.2405,2,0
11064,128.168,143.935,2,0
11065,579.04,34.5667,2,0
11066,137.649,46.3329,2,0
11067,405.288,263.61,2,0
11068,433.116,227.156,2,0
11069,469.322,114.439,2,0
11070,523.341,243.073,2,0
11071,524.617,60.2909,2,0
11072,110.995,19.4501,2,0
11073,147.132,10.5929,2,0
11074,446.15,196.697,2,0
11075,451.847,267.43,2,0
11076,329.941,154.864,2,0
11077,403.932,278.125,2,0
11078,429.673,258.782,2,0
11079,256.979,176.057,2,0
11080,232.303,167.93,2,0
11081,477.808,134.536,2,0
11082,222.31,61.1343,2,0
11083,330.025,219.883,2,0
11084,345.285,176.757,2,0
11085,98.7217,114.82,2,0
11086,333.78,225.196,2,0
11087,310.49,184.518,2,0
11088,343.146,20.6145,2,0
11089,173.412,196.265,2,0
11090,546.356,170.998,2,0
11091,106.613,184.714,2,0
11092,463.627,5.54459,2,0
11093,350.552,209.451,2,0
11094,425.906,230.458,2,0
11095,374.227,89.5262,2,0
11096,83.7166,24.0509,2,0
11097,568.098,54.6059,2,0
11098,264.195,70.0567,2,0
11099,577.584,193.57,2,0
11100,119.259,74.0319,2,0
11101,204.525,164.932,2,0
11102,331.847,135.777,2,0
11103,493.415,226.856,2,0
11104,528.909,280.126,2,0
11105,63.3312,238.873,2,0
11106,243.107,229.07,2,0
11107,360.753,282.795,2,0
11108,73.3278,298,2,0
11109,173.369,76.1379,2,0
11110,355.263,197.233,2,0
11111,502.653,2,2,0
11112,172.693,81.0241,2,0
11113,465.187,64.6965,2,0
11114,383.973,55.9177,2,0
11115,409.896,256.941,2,0
11116,194.342,265.692,2,0
11117,556.844,84.8115,2,0
11118,495.221,203.402,2,0
11119,171.94,219.306,2,0
11120,490.128,163.951,2,0
11121,129.004,161.984,2,0
11122,261.668,47.3494,2,0
11123,338.198,204.063,2,0
11124,382.38,135.709,2,0
11125,95.5102,122.373,2,0
11126,567.163,190.651,2,0
11127,158.868,294.408,2,0
11128,23.2112,142.373,2,0
11129,82.1824,114.651,2,0
11130,529.995,240.991,2,0
11131,62.7102,260.566,2,0
11132,430.836,262.635,2,0
11133,199.397,104.199,2,0
11134,214.188,235.886,2,0
11135,404.783,293.476,2,0
11136,21.4008,155.593,2,0
11137,113.257,144.524,2,0
11138,238.315,156.346,2,0
11139,36.7079,298,2,0
11140,454.493,271.706,2,0
11141,156.634,272.117,2,0
11142,359.396,229.122,2,0
11143,222.227,278.082,2,0
11144,27.4414,228.205,2,0
11145,128.235,54.2804,2,0
11146,222.467,36.8467,2,0
11147,206.095,152.899,2,0
11148,255.05,241.2,2,0
11149,340.007,38.4492,2,0
11150,562.949,87.7768,2,0
11151,442.079,5.92415,2,0
11152,218.289,227.082,2,0
11153,204.277,71.4525,2,0
11154,321.576,198.475,2,0
11155,254.75,218.59,2,0
11156,314.907,265.711,2,0
11157,562.429,204.476,2,0
11158,212.381,198.586,2,0
11159,113.031,111.225,2,0
11160,588.222,175.085,2,0
11161,171.13,44.7804,2,0
11162,353.052,132.582,2,0
11163,227.537,23.2944,2,0
11164,511.153,104.733,2,0
11165,123.566,12.8062,2,0
11166,480.564,85.4501,2,0
11167,302.301,186.32,2,0
11168,157.653,253.985,2,0
11169,8.74018,31.7069,2,0
11170,262.064,55.4996,2,0
11171,163.29,141.735,2,0
11172,464.176,289.082,2,0
11173,131.928,266.049,2,0
11174,65.6482,224.467,2,0
11175,391.222,112.129,2,0
11176,115.759,288.275,2,0
11177,150.912,149.627,2,0
11178,95.2288,292.236,2,0
11179,55.8886,141.842,2,0
11180,200.083,247.54,2,0
11181,236.848,141.334,2,0
11182,467.413,109.849,2,0
11183,357.623,208.259,2,0
11184,272.328,215.108,2,0
11185,140.499,152.916,2,0
11186,169.638,103.06,2,0
11187,395.259,43.0885,2,0
11188,565.768,264.751,2,0
11189,468.474,29.9193,2,0
11190,553.603,148.409,2,0
11191,535.307,271.473,2,0
11192,72.4096,119.529,2,0
11193,518.563,90.8273,2,0
11194,298.498,39.822,2,0
11195,417.379,103.719,2,0
11196,549.965,41.1705,2,0
11197,1.27789,271.384,2,0
11198,568.023,163.952,2,0
11199,78.8753,163.385,2,0
11200,319.135,117.413,2,0
11201,271.918,170.336,2,0
11202,41.3945,152.075,2,0
11203,422.138,23.1243,2,0
11204,243.49,166.35,2,0
11205,304.463,74.8642,2,0
11206,477.259,115.846,2,0
11207,517.462,173.436,2,0
11208,187.848,215.888,2,0
11209,123.101,63.7438,2,0
11210,53.2603,40.7065,2,0
11211,389.934,99.4833,2,0
11212,99.1606,124.143,2,0
11213,565.761,50.1426,2,0
11214,563.284,144.075,2,0
11215,81.6589,83.6306,2,0
11216,430.809,83.505,2,0
11217,486.465,149.928,2,0
11218,454.802,150.307,2,0
11219,534.177,18.5016,2,0
11220,57.2172,117.113,2,0
11221,264.507,65.9875,2,0
11222,275.712,167.76,2,0
11223,43.3394,43.208,2,0
11224,168.665,155.839,2,0
11225,101.377,266.183,2,0
11226,148.889,264.435,2,0
11227,23.1039,68.5966,2,0
11228,47.4856,254.183,2,0
11229,561.875,220.869,2,0
11230,259.044,86.9323,2,0
11231,296.746,146.904,2,0
11232,403.899,38.3905,2,0
11233,431.877,237.419,2,0
11234,293.502,184.836,2,0
11235,292.83,106.303,2,0
11236,198.439,279.727,2,0
11237,496.538,107.132,2,0
11238,485.555,119.182,2,0
11239,336.752,209.826,2,0
11240,359.473,298,2,0
11241,335.868,2,2,0
11242,448.229,223.744,2,0
11243,61.332,246.275,2,0
11244,6.23788,126.457,2,0
11245,147.123,128.722,2,0
11246,526.32,217.762,2,0
11247,61.139,41.2638,2,0
11248,476.042,273.299,2,0
11249,108.692,37.0971,2,0
11250,37.4405,210.107,2,0
11251,572.856,211.54,2,0
11252,386.699,21.6361,2,0
11253,589.72,43.6783,2,0
11254,517.585,189.884,2,0
11255,565.778,206.808,2,0
11256,12.5091,212.458,2,0
11257,9.6825,65.6202,2,0
11258,374.467,287.894,2,0
11259,290.303,78.8249,2,0
11260,179.818,84.7289,2,0
11261,22.2141,110.584,2,0
11262,558.541,95.0634,2,0
11263,227.323,242.575,2,0
11264,73.905,146.275,2,0
11265,42.8059,113.521,2,0
11266,4.18048,207.347,2,0
11267,520.261,256.763,2,0
11268,177.023,30.498,2,0
11269,239.042,176.342,2,0
11270,22.6045,32.0783,2,0
11271,157.298,85.3943,2,0
11272,594.928,14.7758,2,0
11273,500.678,51.0028,2,0
11274,363.538,298,2,0
11275,377.199,240.183,2,0
11276,589.178,179.162,2,0
11277,414.108,167.565,2,0
11278,185.076,146.885,2,0
11279,153.827,113.144,2,0
11280,339.027,74.1223,2,0
11281,190.885,174.536,2,0
11282,496.978,139.612,2,0
11283,1.58137,64.3232,2,0
11284,389.511,91.5955,2,0
11285,471.137,239.805,2,0
11286,419.757,197.804,2,0
11287,500.305,252.734,2,0
11288,121.388,141.89,2,0
11289,332.593,273.126,2,0
11290,48.1912,89.5236,2,0
11291,167.732,220.078,2,0
11292,306.884,56.9845,2,0
11293,293.117,88.9901,2,0
11294,477.625,181.494,2,0
11295,482.186,39.2154,2,0
11296,115.553,284.199,2,0
11297,102.686,172.44,2,0
11298,180.652,280.816,2,0
11299,298.572,17.9098,2,0
11300,81.8181,48.4236,2,0
11301,481.565,30.8415,2,0
11302,69.2074,185.386,2,0
11303,300.559,171.908,2,0
11304,478.622,212.923,2,0
11305,172,85.4445,2,0
11306,91.5151,199.448,2,0
11307,154.497,247.962,2,0
11308,404.815,103.516,2,0
11309,486.836,175.548,2,0
11310,268.705,21.0912,2,0
11311,204.723,29.7077,2,0
11312,120.595,218.589,2,0
11313,111.749,223.958,2,0
11314,346.151,238.528,2,0
11315,378.535,134.433,2,0
11316,479.281,74.062,2,0
11317,272.611,111.147,2,0
11318,232.01,290.819,2,0
11319,210.343,80.5374,2,0
11320,331.956,77.9856,2,0
11321,456.1,251.459,2,0
11322,445.19,262.724,2,0
11323,128.516,234.718,2,0
11324,311.495,23.7503,2,0
11325,162.149,250.292,2,0
11326,14.0656,109.493,2,0
11327,190.77,196.863,2,0
11328,564.949,245.819,2,0
11329,489.917,109.128,2,0
11330,295.645,152.343,2,0
11331,504.816,176.615,2,0
11332,69.3715,63.1288,2,0
11333,163.281,220.808,2,0
11334,197.484,243.534,2,0
11335,131.208,298,2,0
11336,281.242,231.916,2,0
11337,171.519,188.33,2,0
11338,492.085,192.63,2,0
11339,587.371,73.1138,2,0
11340,368.666,156.902,2,0
11341,594.87,7.67025,2,0
11342,388.13,257.787,2,0
11343,167.967,25.3315,2,0
11344,76.1077,21.2625,2,0
11345,505.404,80.2697,2,0
11346,57.0032,264.574,2,0
11347,61.2099,50.1936,2,0
11348,83.6432,197.542,2,0
11349,192.601,122.31,2,0
11350,517.628,197.895,2,0
11351,480.481,290.787,2,0
11352,81.9457,135.004,2,0
11353,495.116,195.25,2,0
11354,13.9734,48.0909,2,0
11355,392.583,115.955,2,0
11356,269.037,28.9387,2,0
11357,541.238,217.113,2,0
11358,22.275,177.869,2,0
11359,279.566,91.1949,2,0
11360,481.908,9.00781,2,0
11361,302.671,255.91,2,0
11362,416.229,53.5497,2,0
11363,491.791,133.396,2,0
11364,328.615,138.303,2,0
11365,354.44,266.614,2,0
11366,372.099,267.696,2,0
11367,207.545,101.729,2,0
11368,582.839,269.024,2,0
11369,37.3292,66.3019,2,0
11370,92.9262,99.7163,2,0
11371,563.088,126.061,2,0
11372,516.359,161.645,2,0
11373,266.382,17.7283,2,0
11374,310.008,79.1807,2,0
11375,241.091,269.22,2,0
11376,302.481,40.9361,2,0
11377,492.748,284.002,2,0
11378,2.79695,118.847,2,0
11379,486.115,48.6187,2,0
11380,123.021,75.6507,2,0
11381,393.467,252.615,2,0
11382,592.873,166.045,2,0
11383,494.119,8.95673,2,0
11384,597.804,34.1856,2,0
11385,134.846,113.259,2,0
11386,253.824,245.028,2,0
11387,39.3363,21.8378,2,0
11388,297.473,262.077,2,0
11389,140.678,94.1808,2,0
11390,491.221,160.004,2,0
11391,442.24,40.9569,2,0
11392,67.983,164.02,2,0
11393,326.998,20.2716,2,0
11394,313.461,198.471,2,0
11395,350.29,138.863,2,0
11396,347.158,291.031,2,0
11397,439.673,149.571,2,0
11398,434.811,159.45,2,0
11399,353.276,238.001,2,0
11400,412.462,129.33,2,0
11401,264.372,235.415,2,0
11402,404.355,114.783,2,0
11403,97.8631,118.888,2,0
11404,426.515,133.814,2,0
11405,448.113,96.7243,2,0
11406,562.126,287.371,2,0
11407,263.246,231.491,2,0
11408,212.508,2,2,0
11409,445.821,231.475,2,0
11410,209.758,87.6185,2,0
11411,130.55,214.061,2,0
11412,472.146,298,2,0
11413,440.063,9.46894,2,0
11414,463.25,182.787,2,0
11415,35.5931,286.434,2,0
11416,562.025,248.747,2,0
11417,550.384,115.821,2,0
11418,2.15236,275.358,2,0
11419,95.9876,43.4339,2,0
11420,520.985,49.8136,2,0
11421,170.197,32.6847,2,0
11422,152.572,217.258,2,0
11423,99.7713,79.7844,2,0
11424,180.854,232.377,2,0
11425,142.854,205.519,2,0
11426,251.925,189.948,2,0
11427,79.0855,41.3862,2,0
11428,59.3292,113.532,2,0
11429,577.206,91.5631,2,0
11430,165.674,152.899,2,0
11431,121.245,16.1381,2,0
11432,123.425,285.702,2,0
11433,596.949,88.5554,2,0
11434,98.1795,208.968,2,0
11435,295.118,32.274,2,0
11436,544.094,199.694,2,0
11437,33.5541,115.295,2,0
11438,194.199,188.694,2,0
11439,272.993,298,2,0
11440,367.427,236.565,2,0
11441,319.569,131.351,2,0
11442,15.3353,41.4741,2,0
11443,431.879,47.0943,2,0
11444,521.434,129.849,2,0
11445,314.245,59.9171,2,0
11446,273.603,53.7979,2,0
11447,266.999,210.337,2,0
11448,210.938,294.214,2,0
11449,40.4778,63.7244,2,0
11450,406.149,51.3466,2,0
11451,13.7895,66.0164,2,0
11452,139.194,130.57,2,0
11453,417.98,228.851,2,0
11454,151.338,93.5234,2,0
11455,471.851,150.281,2,0
11456,568.711,168.087,2,0
11457,211.253,58.2208,2,0
11458,135.93,265.572,2,0
