id,x,y,radius,is_spanning
0,133.178,208.369,2,0
1,266.897,54.8826,2,0
2,169.738,138.433,2,0
3,102.247,84.1526,2,0
4,76.026,210.809,2,0
5,272.938,188.402,2,0
6,397.059,113.555,2,0
7,534.418,127.333,2,0
8,11.527,45.4914,2,0
9,149.576,227.609,2,0
10,240.021,76.072,2,0
11,440.512,60.0493,2,0
12,304.893,164.816,2,0
13,330.681,145.219,2,0
14,10.1605,6.0199,2,0
15,396.022,94.0652,2,0
16,150.909,51.3098,2,0
17,594.845,239.746,2,0
18,238.849,11.3989,2,0
19,201.37,218.984,2,0
20,477.466,225.734,2,0
21,144.614,112.604,2,0
22,58.9249,88.5566,2,0
23,310.234,181.918,2,0
24,88.7039,259.432,2,0
25,532.511,77.8165,2,0
26,176.717,88.8751,2,0
27,257.624,9.93651,2,0
28,362.152,275.737,2,0
29,435.499,146.691,2,0
30,5.15955,244.215,2,0
31,539.136,164.845,2,0
32,380.625,108.974,2,0
33,281.246,72.685,2,0
34,414.056,13.3141,2,0
35,23.1858,199.509,2,0
36,298.339,54.8253,2,0
37,577.803,87.5267,2,0
38,279.751,261.141,2,0
39,88.4332,91.7039,2,0
40,381.006,293.045,2,0
41,439.934,83.6647,2,0
42,384.543,132.02,2,0
43,433.862,44.3772,2,0
44,388.02,267.535,2,0
45,39.7795,113.04,2,0
46,598.737,9.46467,2,0
47,508.17,106.564,2,0
48,443.388,265.261,2,0
49,10.0258,100.789,2,0
50,451.316,39.2104,2,0
51,229.11,92.4858,2,0
52,559.242,112.62,2,0
53,295.222,162.18,2,0
54,436.101,187.51,2,0
55,551.431,184.877,2,0
56,365.979,238.176,2,0
57,244.367,59.8499,2,0
58,547.813,250.15,2,0
59,96.7522,167.601,2,0
60,291.63,2,2,0
61,385.894,271.616,2,0
62,313.482,125.673,2,0
63,161.881,207.597,2,0
64,144.721,18.9172,2,0
65,265.655,102.708,2,0
66,326.64,146.014,2,0
67,154.037,241.85,2,0
68,350.827,93.2732,2,0
69,247.678,290.228,2,0
70,68.7027,167.793,2,0
71,100.257,255.3,2,0
72,219.721,37.8073,2,0
73,567.437,215,2,0
74,290.485,161.847,2,0
75,204.704,13.7021,2,0
76,218.174,204.376,2,0
77,175.938,145.304,2,0
78,35.8094,147.143,2,0
79,195.965,75.5722,2,0
80,481.726,271.683,2,0
81,9.52847,41.953,2,0
82,95.2688,74.365,2,0
83,303.764,135.565,2,0
84,151.446,43.4133,2,0
85,256.794,81.9611,2,0
86,459.796,38.6028,2,0
87,499.172,118.897,2,0
88,232.724,146.995,2,0
89,396.903,273.233,2,0
90,157.584,247.158,2,0
91,588.256,211.019,2,0
92,328.113,193.687,2,0
93,16.7507,69.1766,2,0
94,162.923,133.929,2,0
95,50.0117,65.2986,2,0
96,359.15,58.8832,2,0
97,466.127,41.9804,2,0
98,189.35,162.788,2,0
99,528.657,224.882,2,0
100,243.279,250.515,2,0
101,196.933,84.5998,2,0
102,73.5572,228.728,2,0
103,497.641,110.467,2,0
104,240.262,116.487,2,0
105,258.419,92.2553,2,0
106,466.417,130.161,2,0
107,272.649,45.4756,2,0
108,585.385,14.8562,2,0
109,207.313,251.13,2,0
110,136.594,156.664,2,0
111,153.712,228.553,2,0
112,201.442,100.705,2,0
113,476.827,97.9216,2,0
114,100.243,234.956,2,0
115,225.775,204.981,2,0
116,343.626,82.3252,2,0
117,213.37,244.931,2,0
118,215.365,197.748,2,0
119,455.825,48.0864,2,0
120,145.727,124.605,2,0
121,523.501,155.067,2,0
122,36.2612,50.5942,2,0
123,341.323,161.958,2,0
124,118.801,18.3504,2,0
125,491.976,208.429,2,0
126,342.121,293.157,2,0
127,357.191,136.356,2,0
128,482.169,108,2,0
129,161.826,20.468,2,0
130,141.148,176.66,2,0
131,189.473,241.931,2,0
132,571.969,104.695,2,0
133,567.912,50.2398,2,0
134,512.629,277.444,2,0
135,38.3785,8.87334,2,0
136,36.0608,132.386,2,0
137,171.979,279.107,2,0
138,222.367,149.491,2,0
139,45.0704,31.2513,2,0
140,269.331,13.3485,2,0
141,595.661,123.536,2,0
142,397.406,172.222,2,0
143,468.139,229.834,2,0
144,270.424,191.898,2,0
145,338.347,187.357,2,0
146,53.4392,42.1741,2,0
147,239.079,220.427,2,0
148,164.659,166.93,2,0
149,283.922,90.8233,2,0
150,385.729,171.317,2,0
151,228.368,281.949,2,0
152,525.244,270.98,2,0
153,60.1873,56.4189,2,0
154,75.0114,42.4714,2,0
155,211.237,129.987,2,0
156,20.111,277.765,2,0
157,62.9424,59.4805,2,0
158,106.732,294.248,2,0
159,82.864,224.189,2,0
160,276.326,230.768,2,0
161,554.864,188.116,2,0
162,341.926,194.178,2,0
163,82.2341,288.525,2,0
164,385.072,205.088,2,0
165,477.632,133.434,2,0
166,426.763,298,2,0
167,430.263,68.4881,2,0
168,344.123,289.625,2,0
169,446.831,131.15,2,0
170,267.493,176.817,2,0
171,534.528,286.273,2,0
172,526.351,32.477,2,0
173,282.657,127.041,2,0
174,59.5406,47.956,2,0
175,399.131,193.208,2,0
176,214.373,205.962,2,0
177,432.939,219.643,2,0
178,379.685,277.003,2,0
179,185.94,110.621,2,0
180,251.376,25.3094,2,0
181,236.517,148.439,2,0
182,70.2246,242.706,2,0
183,183.547,249.844,2,0
184,547.871,246.12,2,0
185,135.093,33.3919,2,0
186,520.822,193.479,2,0
187,161.498,129.616,2,0
188,117.133,220.451,2,0
189,523.578,183.415,2,0
190,397.469,219.474,2,0
191,240.519,91.1939,2,0
192,579.234,288.212,2,0
193,547.93,129.731,2,0
194,329.648,174.636,2,0
195,87.2118,268.991,2,0
196,442.049,139.676,2,0
197,56.9528,198.384,2,0
198,357.249,10.4419,2,0
199,212.026,265.383,2,0
200,525.663,102.79,2,0
201,170.009,226.898,2,0
202,429.321,283.65,2,0
203,165.023,52.1836,2,0
204,198.645,108.242,2,0
205,570.809,202.834,2,0
206,483.394,182.823,2,0
207,510.402,47.8706,2,0
208,384.122,257.192,2,0
209,493.796,238.714,2,0
210,147.845,281.228,2,0
211,478.113,39.6142,2,0
212,489.128,152.588,2,0
213,273.328,273.743,2,0
214,400.98,47.9909,2,0
215,342.027,298,2,0
216,445.107,182.757,2,0
217,306.76,193.069,2,0
218,51.6532,129.417,2,0
219,226.487,109.679,2,0
220,221.933,234.23,2,0
221,411.333,122.172,2,0
222,491.036,267.919,2,0
223,266.856,48.7864,2,0
224,492.149,204.403,2,0
225,306.917,52.6135,2,0
226,514.691,189.169,2,0
227,270.64,57.1325,2,0
228,485.846,134.545,2,0
229,268.919,188.105,2,0
230,242.977,67.8349,2,0
231,116.777,200.544,2,0
232,176.627,251.26,2,0
233,37.5918,128.636,2,0
234,387.956,177.773,2,0
235,561.204,270.493,2,0
236,79.3135,120.073,2,0
237,293.294,266.528,2,0
238,56.194,184.265,2,0
239,122.459,147.535,2,0
240,504.767,36.7797,2,0
241,157.732,76.9534,2,0
242,8.41688,263.06,2,0
243,161.766,202.743,2,0
244,478.026,63.5009,2,0
245,205.659,143.217,2,0
246,338.626,273.085,2,0
247,106.709,240.116,2,0
248,77.2589,87.8669,2,0
249,302.467,270.798,2,0
250,130.52,265.342,2,0
251,490.822,146.984,2,0
252,389.68,169.728,2,0
253,369.821,14.7176,2,0
254,91.7625,15.9315,2,0
255,524.713,192.165,2,0
256,378.482,168.081,2,0
257,367.104,11.6548,2,0
258,443.932,82.9599,2,0
259,198.364,9.17748,2,0
260,244.737,105.651,2,0
261,526.749,117.217,2,0
262,589.273,89.316,2,0
263,477.155,285.935,2,0
264,77.6767,70.1633,2,0
265,300.568,38.8934,2,0
266,15.3899,223.903,2,0
267,368.506,200.343,2,0
268,534.138,40.3734,2,0
269,471.45,108.978,2,0
270,119.622,59.968,2,0
271,594.317,111.791,2,0
272,343.571,175.847,2,0
273,176.114,18.3018,2,0
274,557.875,124.907,2,0
275,151.236,195.865,2,0
276,53.7179,292.84,2,0
277,2.54286,96.1885,2,0
278,455.085,298,2,0
279,543.951,298,2,0
280,413.221,98.0888,2,0
281,546.616,254.123,2,0
282,175.69,292.042,2,0
283,220.58,284.421,2,0
284,339.428,8.58155,2,0
285,592.583,262.425,2,0
286,206.605,213.577,2,0
287,256.563,109.295,2,0
288,353.299,263.679,2,0
289,0.638083,87.4563,2,0
290,170.882,112.026,2,0
291,221.838,280.563,2,0
292,38.957,122.273,2,0
293,369.506,155.344,2,0
294,305.792,83.0781,2,0
295,366.482,192.567,2,0
296,75.1148,153.492,2,0
297,161.127,283.36,2,0
298,536.187,256.777,2,0
299,68.3852,193.949,2,0
300,103.854,97.5798,2,0
301,353.797,290.263,2,0
302,562.926,295.096,2,0
303,0.277887,167.873,2,0
304,243.51,232.572,2,0
305,206.173,166.01,2,0
306,228.696,126.549,2,0
307,494.414,211.699,2,0
308,353.392,64.7308,2,0
309,445.516,122.937,2,0
310,220.242,223.009,2,0
311,344.321,221.888,2,0
312,194.814,125.559,2,0
313,310.658,108.173,2,0
314,528.75,52.7317,2,0
315,231.756,107.118,2,0
316,424.196,226.712,2,0
317,539.903,298,2,0
318,319.616,280.784,2,0
319,324.78,121.049,2,0
320,403.286,123.874,2,0
321,241.972,5.55559,2,0
322,133.346,43.1955,2,0
323,578.277,148.466,2,0
324,570.953,77.5294,2,0
325,183.275,9.56789,2,0
326,128.51,99.5534,2,0
327,237.544,278.111,2,0
328,201.788,125.43,2,0
329,28.9341,14.458,2,0
330,101.096,298,2,0
331,331.371,6.02947,2,0
332,146.186,108.837,2,0
333,568.514,233.309,2,0
334,464.143,245.854,2,0
335,64.2915,55.6617,2,0
336,497.395,219.687,2,0
337,412.112,129.165,2,0
338,237.156,113.929,2,0
339,546.908,5.54709,2,0
340,512.258,281.516,2,0
341,530.307,25.3408,2,0
342,377.597,164.148,2,0
343,456.229,138.309,2,0
344,97.5563,64.9474,2,0
345,45.4951,117.454,2,0
346,58.2108,33.9259,2,0
347,478.55,259.277,2,0
348,141.869,99.0522,2,0
349,209.977,239.166,2,0
350,267.725,127.141,2,0
351,35.8733,208.626,2,0
352,157.665,27.5723,2,0
353,223.77,56.9999,2,0
354,539.157,154.358,2,0
355,528.505,279.557,2,0
356,493.051,133.674,2,0
357,353.602,206.167,2,0
358,444.135,35.0981,2,0
359,342.972,238.275,2,0
360,294.051,240.952,2,0
361,331.509,178.292,2,0
362,455.605,149.58,2,0
363,258.899,279.167,2,0
364,346.689,27.2914,2,0
365,125.296,276.88,2,0
366,334.967,234.85,2,0
367,453.829,246.012,2,0
368,447.08,126.757,2,0
369,454.926,259.899,2,0
370,109.307,289.233,2,0
371,591.719,81.5913,2,0
372,536.756,274.413,2,0
373,10.3259,165.913,2,0
374,472.163,264.396,2,0
375,295.254,146.565,2,0
376,5.6396,26.691,2,0
377,85.101,77.3817,2,0
378,226.214,294.484,2,0
379,346.472,159.488,2,0
380,490.471,76.0252,2,0
381,425.393,264.326,2,0
382,223.138,2,2,0
383,576.888,221.275,2,0
384,195.24,214.007,2,0
385,350.593,256.01,2,0
386,134.349,193.824,2,0
387,194.916,227.167,2,0
388,136.4,114.465,2,0
389,313.643,14.8112,2,0
390,323.797,167.516,2,0
391,259.512,100.077,2,0
392,44.7577,271.14,2,0
393,336.233,178.331,2,0
394,339.73,81.017,2,0
395,130.258,139.765,2,0
396,271.187,116.7,2,0
397,27.6103,143.963,2,0
398,581.267,198.515,2,0
399,158.085,241.213,2,0
400,594.898,50.7766,2,0
401,370.645,9.40867,2,0
402,156.894,31.6418,2,0
403,194.493,219.825,2,0
404,47.38,232.704,2,0
405,418.273,283.778,2,0
406,129.651,6.35165,2,0
407,574.19,148.198,2,0
408,190.489,98.95,2,0
409,270.684,53.1311,2,0
410,191.252,171.396,2,0
411,328.202,76.8165,2,0
412,535.157,187.537,2,0
413,417.49,147.534,2,0
414,2.78766,175.195,2,0
415,72.7199,45.7776,2,0
416,244.652,148.885,2,0
417,275.275,200.638,2,0
418,194.729,23.2737,2,0
419,73.2682,139.28,2,0
420,468.53,122.943,2,0
421,24.1611,286.957,2,0
422,7.02904,163.576,2,0
423,400.668,71.6995,2,0
424,408.925,22.0507,2,0
425,481.727,153.687,2,0
426,49.7167,162.812,2,0
427,193.975,242.169,2,0
428,76.9996,17.2543,2,0
429,12.3275,49.569,2,0
430,9.97495,55.8002,2,0
431,446.99,298,2,0
432,191.108,155.759,2,0
433,202.772,270.171,2,0
434,420.829,183.78,2,0
435,238.913,23.5383,2,0
436,420.006,261.429,2,0
437,240.033,196.354,2,0
438,537.543,230.332,2,0
439,466.915,115.84,2,0
440,50.3653,215.425,2,0
441,408.915,194.181,2,0
442,113.399,218.578,2,0
443,104.309,233.574,2,0
444,313.736,41.0972,2,0
445,311.976,149.14,2,0
446,32.0959,291.659,2,0
447,70.0578,226.647,2,0
448,423.995,204.616,2,0
449,354.791,178.296,2,0
450,251.954,42.6059,2,0
451,78.0981,240.776,2,0
452,207.326,265.305,2,0
453,51.512,247.942,2,0
454,562.201,154.681,2,0
455,309.529,216.011,2,0
456,63.0859,20.8508,2,0
457,417.354,255.718,2,0
458,269.232,144.682,2,0
459,422.866,187.377,2,0
460,371.115,115.243,2,0
461,129.913,287.937,2,0
462,480.828,288.341,2,0
463,562.283,291.031,2,0
464,486.391,22.0691,2,0
465,61.6181,31.6934,2,0
466,271.61,99.0244,2,0
467,234.875,68.2167,2,0
468,229.408,263.418,2,0
469,443.348,31.0883,2,0
470,537.745,74.017,2,0
471,403.946,253.147,2,0
472,353.61,138.398,2,0
473,309.134,24.9443,2,0
474,261.914,182.19,2,0
475,199.036,38.7753,2,0
476,520.472,281.879,2,0
477,297.646,136.748,2,0
478,88.7701,120.491,2,0
479,583.804,81.785,2,0
480,421.068,257.524,2,0
481,335.948,121.969,2,0
482,240.53,149.359,2,0
483,220.414,117.307,2,0
484,50.3453,34.9526,2,0
485,302.714,102.969,2,0
486,17.5787,6.02332,2,0
487,540.087,176.661,2,0
488,149.83,219.817,2,0
489,307.754,209.243,2,0
490,156.49,66.1003,2,0
491,175.401,193.914,2,0
492,257.77,159.641,2,0
493,421.464,237.967,2,0
494,425.325,184.067,2,0
495,502.562,159.228,2,0
496,469.695,49.2593,2,0
497,176.265,178.193,2,0
498,578.78,108.556,2,0
499,155.974,112.012,2,0
500,66.9521,279.507,2,0
501,326.893,106.403,2,0
502,364.583,88.7382,2,0
503,246.427,109.349,2,0
504,278.802,160.978,2,0
505,245.506,277.274,2,0
506,356.713,67.0604,2,0
507,254.61,194.477,2,0
508,595.208,178.113,2,0
509,171.603,78.9321,2,0
510,329.092,88.1207,2,0
511,49.8901,265.915,2,0
512,198.529,296.675,2,0
513,338.798,58.297,2,0
514,70.2828,271.431,2,0
515,451.723,203.961,2,0
516,223.814,221.012,2,0
517,381.289,18.2688,2,0
518,540.843,180.601,2,0
519,588.311,298,2,0
520,117.71,267.892,2,0
521,436.437,217.668,2,0
522,89.5038,298,2,0
523,358.324,257.532,2,0
524,538.971,241.835,2,0
525,0.427775,265.385,2,0
526,137.199,89.3806,2,0
527,538.439,88.4364,2,0
528,229.78,172.778,2,0
529,74.228,207.033,2,0
530,228.048,55.0935,2,0
531,43.2759,219.601,2,0
532,317.511,88.4701,2,0
533,275.298,290.921,2,0
534,187.09,292.751,2,0
535,171.975,95.836,2,0
536,227.332,13.1567,2,0
537,254.923,123.617,2,0
538,393.98,27.6727,2,0
539,305.621,217.017,2,0
540,295.128,226.696,2,0
541,61.4917,190.056,2,0
542,176.875,137.535,2,0
543,367.694,287.072,2,0
544,365.635,249.209,2,0
545,550.653,66.0707,2,0
546,2.52771,111.934,2,0
547,416.85,238.406,2,0
548,112.459,245.89,2,0
549,598.443,111.348,2,0
550,21.0346,202.961,2,0
551,114.209,126.667,2,0
552,355.93,20.4174,2,0
553,416.201,50.785,2,0
554,528.547,21.6147,2,0
555,497.522,10.1274,2,0
556,484.527,294.086,2,0
557,338.846,295.538,2,0
558,270.551,94.9697,2,0
559,93.2195,7.95928,2,0
560,318.377,76.7195,2,0
561,183.621,281.544,2,0
562,464.601,75.4078,2,0
563,261.036,12.2597,2,0
564,258.361,117.424,2,0
565,234.413,110.874,2,0
566,142.481,234.276,2,0
567,265.318,207.724,2,0
568,483.358,62.856,2,0
569,246.321,70.2181,2,0
570,218.512,289.515,2,0
571,174.762,298,2,0
572,535.773,35.2922,2,0
573,133.593,13.4414,2,0
574,502.812,258.717,2,0
575,426.684,40.5242,2,0
576,458.244,146.385,2,0
577,213.477,50.6564,2,0
578,83.7894,39.5814,2,0
579,591.085,152.684,2,0
580,352.504,123.206,2,0
581,56.7429,25.5841,2,0
582,595.974,129.257,2,0
583,37.6034,139.594,2,0
584,581.383,102.66,2,0
585,452.789,75.0103,2,0
586,39.4474,296.55,2,0
587,427.873,18.8872,2,0
588,420.701,253.348,2,0
589,458.155,219.414,2,0
590,325.868,234.032,2,0
591,178.254,21.8426,2,0
592,269.124,69.7198,2,0
593,36.0766,5.53946,2,0
594,235.363,13.8799,2,0
595,363.207,195.12,2,0
596,566.4,151.398,2,0
597,407.921,225.329,2,0
598,16.6626,27.6117,2,0
599,40.6574,44.1986,2,0
600,172.038,33.7332,2,0
601,548.012,298,2,0
602,534.412,89.7512,2,0
603,96.6838,78.3178,2,0
604,111.956,142.378,2,0
605,259.771,133.358,2,0
606,79.4679,8.86897,2,0
607,522.633,117.054,2,0
608,440.589,193.838,2,0
609,517.626,13.3174,2,0
610,402.644,182.712,2,0
611,27.0247,77.1163,2,0
612,38.6088,205.676,2,0
613,317.933,153.978,2,0
614,575.73,260.083,2,0
615,517.662,51.5906,2,0
616,78.4277,13.1028,2,0
617,558.208,251.449,2,0
618,147.89,22.4965,2,0
619,544.427,84.8234,2,0
620,153.77,26.4592,2,0
621,436.789,65.1168,2,0
622,159.827,157.393,2,0
623,99.3002,153.568,2,0
624,197.053,205.973,2,0
625,348.029,239.681,2,0
626,400.63,92.7799,2,0
627,513.507,40.1904,2,0
628,498.124,175.947,2,0
629,479.596,255.354,2,0
630,380.901,24.205,2,0
631,509.921,293.618,2,0
632,329.071,127.012,2,0
633,544.468,221.273,2,0
634,408.276,62.4833,2,0
635,518.061,71.2311,2,0
636,581.223,89.9036,2,0
637,125.767,124.599,2,0
638,491.555,297.308,2,0
639,586.058,30.6587,2,0
640,344.194,31.2627,2,0
641,136.037,71.7524,2,0
642,299.249,276.478,2,0
643,250.749,5.02807,2,0
644,271.106,37.4096,2,0
645,462.995,176.876,2,0
646,514.55,273.702,2,0
647,2.02646,92.1595,2,0
648,224.446,169.802,2,0
649,552.684,69.5998,2,0
650,238.951,68.231,2,0
651,369.059,279.564,2,0
652,485.367,194.645,2,0
653,498.905,259.749,2,0
654,87.7108,277.585,2,0
655,154.403,198.343,2,0
656,259.157,240.241,2,0
657,389.002,117.706,2,0
658,161.748,4.15991,2,0
659,426.126,44.6175,2,0
660,164.287,103.555,2,0
661,325.169,156.339,2,0
662,193.421,167.797,2,0
663,536.218,84.5536,2,0
664,243.428,94.0573,2,0
665,247.382,145.866,2,0
666,229.364,276.889,2,0
667,115.008,16.6888,2,0
668,162.93,230.619,2,0
669,347.271,129.426,2,0
670,431.838,212.385,2,0
671,267.808,271.64,2,0
672,430.188,176.127,2,0
673,11.7116,75.3451,2,0
674,413.926,54.5836,2,0
675,327.864,54.5474,2,0
676,64.5346,209.348,2,0
677,553.749,273.116,2,0
678,175.352,98.0838,2,0
679,275.144,2,2,0
680,530.222,257.198,2,0
681,560.987,11.0419,2,0
682,240.261,87.0769,2,0
683,107.477,125.833,2,0
684,358.21,96.3763,2,0
685,544.273,136.999,2,0
686,202.776,258.778,2,0
687,278.809,103.128,2,0
688,393.852,144.448,2,0
689,569.296,44.0433,2,0
690,568.198,68.0051,2,0
691,375.687,265.408,2,0
692,175.53,93.5783,2,0
693,229.406,16.7254,2,0
694,308.503,12.3658,2,0
695,100.222,191.944,2,0
696,35.0293,247.806,2,0
697,510.477,159.289,2,0
698,503.483,129.011,2,0
699,53.3238,23.4598,2,0
700,377.179,25.8026,2,0
701,168.735,31.2161,2,0
702,189.014,113.929,2,0
703,54.6725,214.338,2,0
704,516.689,17.297,2,0
705,562.163,182.687,2,0
706,462.642,153.931,2,0
707,511.501,297.503,2,0
708,194.932,38.8535,2,0
709,357.599,77.8543,2,0
710,82.3074,131.084,2,0
711,414.714,234.616,2,0
712,84.8033,57.4633,2,0
713,453.376,193.018,2,0
714,430.762,41.4198,2,0
715,37.6709,33.3459,2,0
716,176.871,166.968,2,0
717,322.144,87.1662,2,0
718,589.114,27.794,2,0
719,77.3302,298,2,0
720,206.086,94.3579,2,0
721,258.295,268.38,2,0
722,226.212,19.2007,2,0
723,135.6,53.2595,2,0
724,165.781,290.125,2,0
725,435.159,268.831,2,0
726,520.767,198.391,2,0
727,55.0372,97.3805,2,0
728,481.729,59.1652,2,0
729,584.726,208.865,2,0
730,256.21,49.4523,2,0
731,362.922,20.7486,2,0
732,110.014,198.902,2,0
733,499.439,91.3388,2,0
734,73.4106,93.8174,2,0
735,576.061,61.8896,2,0
736,323.38,290.913,2,0
737,108.667,115.714,2,0
738,547.251,185.097,2,0
739,520.935,127.695,2,0
740,447.05,110.698,2,0
741,92.834,32.4503,2,0
742,64.2246,217.491,2,0
743,189.232,41.739,2,0
744,76.9408,91.8549,2,0
745,104.729,184.042,2,0
746,597.744,148.924,2,0
747,451.879,6.94887,2,0
748,460.825,268.618,2,0
749,288.696,98.1943,2,0
750,122.361,109.616,2,0
751,144.182,212.79,2,0
752,444.137,19.2335,2,0
753,577.116,263.897,2,0
754,209.644,285.349,2,0
755,377.096,280.201,2,0
756,65.9134,161.347,2,0
757,389.167,263.476,2,0
758,403.376,280.765,2,0
759,63.4733,127.467,2,0
760,394.304,17.5738,2,0
761,412.406,28.641,2,0
762,495.153,246.534,2,0
763,25.7571,217.476,2,0
764,420.194,270.508,2,0
765,549.924,119.021,2,0
766,446.164,219.676,2,0
767,87.1028,116.799,2,0
768,49.1184,284.303,2,0
769,263.887,33.3972,2,0
770,533.663,66.9851,2,0
771,469.997,132.166,2,0
772,469.847,127.373,2,0
773,513.07,92.3603,2,0
774,158.678,73.0155,2,0
775,533.085,272.749,2,0
776,542.632,240.133,2,0
777,36.0624,292.303,2,0
778,290.105,117.185,2,0
779,263.77,51.422,2,0
780,412.059,253.565,2,0
781,548.631,69.7472,2,0
782,190.921,268.542,2,0
783,486.756,79.6928,2,0
784,211.437,276.552,2,0
785,337.059,145.004,2,0
786,355.049,58.067,2,0
787,120.827,244.509,2,0
788,476.511,165.23,2,0
789,249.507,99.4517,2,0
790,563.015,177.716,2,0
791,283.847,240.107,2,0
792,452.784,226.361,2,0
793,179.827,180.016,2,0
794,225.669,241.632,2,0
795,134.479,63.1242,2,0
796,367.75,40.1679,2,0
797,346.727,253.679,2,0
798,25.9933,191.984,2,0
799,29.5395,255.713,2,0
800,518.224,30.9011,2,0
801,86.096,61.3721,2,0
802,311.798,243.971,2,0
803,582.234,282.14,2,0
804,42.9117,158.484,2,0
805,17.7589,296.56,2,0
806,520.703,19.5601,2,0
807,367.34,101.826,2,0
808,188.676,79.2544,2,0
809,474.774,161.372,2,0
810,598.804,98.011,2,0
811,252.088,49.1686,2,0
812,458.134,279.19,2,0
813,395.111,193.918,2,0
814,215.406,263.114,2,0
815,116.37,234.349,2,0
816,254.853,173.201,2,0
817,228.319,152.92,2,0
818,434.84,68.7285,2,0
819,71.9807,129.543,2,0
820,181.014,6.00613,2,0
821,69.2223,298,2,0
822,413.371,118.697,2,0
823,491.512,124.861,2,0
824,385.457,183.593,2,0
825,419.63,211.544,2,0
826,585.861,294.823,2,0
827,519.6,34.9867,2,0
828,252.93,1.10465,2,0
829,532.706,53.3978,2,0
830,20.5019,289.578,2,0
831,431.99,92.8978,2,0
832,412.743,69.9684,2,0
833,453.302,142.745,2,0
834,55.662,19.6358,2,0
835,23.5527,172.496,2,0
836,386.032,109.812,2,0
837,589.096,198.732,2,0
838,410.198,133.856,2,0
839,255.832,272.685,2,0
840,51.331,120.204,2,0
841,457.373,198.181,2,0
842,216.451,34.7166,2,0
843,87.8582,272.965,2,0
844,452.47,90.3815,2,0
845,194.633,298,2,0
846,218.428,296.425,2,0
847,289.747,234.174,2,0
848,1.20048,217.045,2,0
849,466.602,30.7834,2,0
850,178.15,131.433,2,0
851,165.252,149.552,2,0
852,382.962,274.511,2,0
853,201.296,129.411,2,0
854,206.233,36.3502,2,0
855,16.736,269.94,2,0
856,369.183,109.097,2,0
857,316.713,34.2472,2,0
858,576.638,144.76,2,0
859,400.631,104.384,2,0
860,60.9974,215.106,2,0
861,486.487,65.6149,2,0
862,368.852,144.458,2,0
863,553.043,174.237,2,0
864,169.166,115.795,2,0
865,105.424,261.751,2,0
866,361.946,250.965,2,0
867,460.942,57.4154,2,0
868,240.342,293.321,2,0
869,103.378,125.889,2,0
870,172.743,249.985,2,0
871,63.3287,267.117,2,0
872,117.936,86.5662,2,0
873,137.253,208.363,2,0
874,391.126,259.974,2,0
875,405.97,147.988,2,0
876,431.777,84.6001,2,0
877,183.255,271.988,2,0
878,561.287,63.5334,2,0
879,316.811,222.387,2,0
880,408.009,252.981,2,0
881,392.705,119.79,2,0
882,393.784,99.1661,2,0
883,445.871,207.709,2,0
884,349.347,243.482,2,0
885,261.674,103.477,2,0
886,321.476,213.39,2,0
887,14.6807,227.979,2,0
888,16.2973,239.318,2,0
889,101.502,262.68,2,0
890,29.6384,114.182,2,0
891,378.889,259.15,2,0
892,586.819,50.5479,2,0
893,402.173,231.124,2,0
894,442.489,48.407,2,0
895,449.847,123.863,2,0
896,576.693,31.7252,2,0
897,142.876,229.531,2,0
898,408,200.356,2,0
899,4.7244,199.454,2,0
900,53.0468,285.495,2,0
901,416.062,170.145,2,0
902,565.731,288.466,2,0
903,508.609,278.62,2,0
904,557.822,190.942,2,0
905,147.822,146.743,2,0
906,306.023,56.5373,2,0
907,587.841,40.2195,2,0
908,84.6018,6.02252,2,0
909,251.146,236.521,2,0
910,385.699,29.1059,2,0
911,579.857,246.741,2,0
912,297.834,115.908,2,0
913,515.527,34.0543,2,0
914,271.882,211.783,2,0
915,566.166,46.5758,2,0
916,107.141,171.504,2,0
917,182.977,29.5482,2,0
918,558.892,217.571,2,0
919,549.788,77.2323,2,0
920,26.1399,3.3464,2,0
921,193.023,151.631,2,0
922,27.0831,221.451,2,0
923,376.766,235.192,2,0
924,408.417,151.768,2,0
925,389.381,89.4651,2,0
926,395.013,261.017,2,0
927,528.537,78.9539,2,0
928,272.316,232.955,2,0
929,30.3974,79.3578,2,0
930,179.365,91.9181,2,0
931,288.468,157.968,2,0
932,232.707,212.03,2,0
933,389.287,197.641,2,0
934,183.764,154.284,2,0
935,346.618,79.5271,2,0
936,487.871,186.595,2,0
937,308.929,4.30813,2,0
938,464.928,94.5415,2,0
939,137.94,139.862,2,0
940,67.9402,46.1125,2,0
941,53.0913,31.9246,2,0
942,465.711,173.895,2,0
943,361.8,210.851,2,0
944,208.35,146.24,2,0
945,558.049,243.625,2,0
946,135.78,2,2,0
947,15.4532,160.834,2,0
948,66.1231,68.4415,2,0
949,259.528,236.19,2,0
950,445.261,51.2906,2,0
951,346.362,125.495,2,0
952,17.7417,109.097,2,0
953,122.479,34.6303,2,0
954,143.062,180.2,2,0
955,167.793,46.9998,2,0
956,298.844,104.145,2,0
957,153.453,58.6239,2,0
958,121.588,66.9945,2,0
959,153.734,275.953,2,0
960,237.28,39.1625,2,0
961,302.975,176.946,2,0
962,83.0574,116.379,2,0
963,185.142,199.188,2,0
964,159.921,211.146,2,0
965,13.4028,53.5187,2,0
966,222.617,66.4054,2,0
967,211.595,80.568,2,0
968,363.272,5.7003,2,0
969,469.767,285.973,2,0
970,115.637,211.005,2,0
971,23.5885,225.568,2,0
972,31.2323,63.882,2,0
973,316.081,54.235,2,0
974,447.382,257.012,2,0
975,10.2372,284.316,2,0
976,435.153,183.446,2,0
977,106.44,282.696,2,0
978,331.921,121.13,2,0
979,478.832,160.42,2,0
980,518.751,273.706,2,0
981,4.23302,129.484,2,0
982,188.558,253.529,2,0
983,150.168,19.0463,2,0
984,150.135,74.7721,2,0
985,408.528,212.384,2,0
986,396.028,265.087,2,0
987,224.067,217.014,2,0
988,160.196,117.035,2,0
989,552.725,114.008,2,0
990,157.495,15.9257,2,0
991,139.334,187.213,2,0
992,75.6965,97.1053,2,0
993,114.612,207.104,2,0
994,438.929,298,2,0
995,111.065,194.683,2,0
996,450.95,108.611,2,0
997,244.1,196.199,2,0
998,415.278,165.578,2,0
999,205.657,54.6127,2,0
1000,297.941,68.937,2,0
1001,540.159,109.02,2,0
1002,30.7922,219.913,2,0
1003,541.235,28.7877,2,0
1004,552.403,231.814,2,0
1005,190.684,186.966,2,0
1006,116.436,283.908,2,0
1007,258.698,195.074,2,0
1008,42.6328,227.704,2,0
1009,485.275,49.0124,2,0
1010,350.607,159.609,2,0
1011,391.069,270.228,2,0
1012,426.851,88.3709,2,0
1013,99.5996,157.654,2,0
1014,72.1382,29.2264,2,0
1015,421.017,207.613,2,0
1016,155.779,135.731,2,0
1017,66.5445,223.834,2,0
1018,542.304,269.115,2,0
1019,171.481,214.867,2,0
1020,427.915,233.763,2,0
1021,364.89,143.563,2,0
1022,365.143,278.445,2,0
1023,280.294,174.512,2,0
1024,339.203,54.128,2,0
1025,162.898,85.8089,2,0
1026,286.583,94.3331,2,0
1027,585.271,85.9263,2,0
1028,564.628,27.4954,2,0
1029,592.371,254.376,2,0
1030,373.117,53.3479,2,0
1031,216.632,57.1954,2,0
1032,385.76,120.489,2,0
1033,260.321,145.131,2,0
1034,368.538,256.854,2,0
1035,412.677,197.618,2,0
1036,106.512,187.924,2,0
1037,188.405,90.9209,2,0
1038,462.784,65.1009,2,0
1039,33.8935,242.897,2,0
1040,535.862,298,2,0
1041,340.58,215.912,2,0
1042,238.288,232.864,2,0
1043,337.324,20.2191,2,0
1044,154.959,151.329,2,0
1045,43.8982,154.594,2,0
1046,401.495,257.369,2,0
1047,137.976,174.125,2,0
1048,492.83,254.333,2,0
1049,133.907,218.047,2,0
1050,471.527,277.992,2,0
1051,161.61,78.3626,2,0
1052,209.765,122.019,2,0
1053,322.871,106.161,2,0
1054,81.9278,123.161,2,0
1055,125.797,252.569,2,0
1056,170.094,174.328,2,0
1057,521.611,101.033,2,0
1058,496.926,101.766,2,0
1059,283.399,248.549,2,0
1060,345.182,213,2,0
1061,25.7891,93.9574,2,0
1062,168.767,108.491,2,0
1063,71.5849,118.586,2,0
1064,129.122,275.154,2,0
1065,17.6623,58.6181,2,0
1066,599.746,123.248,2,0
1067,228.125,213.997,2,0
1068,317.207,124.178,2,0
1069,251.656,213.888,2,0
1070,97.8925,36.4547,2,0
1071,568.013,199.944,2,0
1072,254.998,89.8034,2,0
1073,17.2708,10.0244,2,0
1074,467.232,219.255,2,0
1075,518.44,106.116,2,0
1076,7.90753,117.941,2,0
1077,348.171,178.666,2,0
1078,336.232,261.416,2,0
1079,315.604,296.728,2,0
1080,255.997,187.393,2,0
1081,129.733,217.714,2,0
1082,155.515,104.35,2,0
1083,345.922,245.853,2,0
1084,393.692,38.125,2,0
1085,339.383,149.861,2,0
1086,3.51115,161.614,2,0
1087,73.9704,68.3945,2,0
1088,305.208,41.5048,2,0
1089,321.985,102.084,2,0
1090,435.737,83.848,2,0
1091,111.543,214.035,2,0
1092,583.84,267.97,2,0
1093,433.786,284.389,2,0
1094,167.954,96.5655,2,0
1095,327.183,159.928,2,0
1096,420.087,84.363,2,0
1097,462.962,12.3201,2,0
1098,534.217,278.239,2,0
1099,45.0197,239.379,2,0
1100,53.9761,2,2,0
1101,239.437,252.423,2,0
1102,223.116,177.407,2,0
1103,60.0535,27.9805,2,0
1104,228.384,168.966,2,0
1105,371.891,92.8023,2,0
1106,495.237,234.93,2,0
1107,209.459,102.063,2,0
1108,319.792,150.16,2,0
1109,79.99,259.342,2,0
1110,83.6865,275.216,2,0
1111,129.504,81.8851,2,0
1112,524.409,279.624,2,0
1113,230.01,130.468,2,0
1114,441.044,37.8445,2,0
1115,456.733,156.801,2,0
1116,124.696,15.207,2,0
1117,500.197,250.736,2,0
1118,175.694,78.494,2,0
1119,97.2729,237.648,2,0
1120,574.709,108.021,2,0
1121,427.437,113.225,2,0
1122,373.411,225.639,2,0
1123,138.446,264.37,2,0
1124,537.36,92.5136,2,0
1125,24.6669,146.797,2,0
1126,198.699,173.534,2,0
1127,442.693,103.839,2,0
1128,262.323,55.236,2,0
1129,164.001,17.0984,2,0
1130,128.424,131.739,2,0
1131,499.618,86.2118,2,0
1132,542.638,286.285,2,0
1133,145.595,226.541,2,0
1134,560.167,87.466,2,0
1135,287.775,296.441,2,0
1136,58.8803,181.179,2,0
1137,572.959,263.05,2,0
1138,167.061,100.503,2,0
1139,148.617,82.7513,2,0
1140,20.2228,285.568,2,0
1141,421.379,191.159,2,0
1142,477.159,217.027,2,0
1143,117.401,183.991,2,0
1144,473.018,209.211,2,0
1145,514.189,265.978,2,0
1146,375.243,95.2382,2,0
1147,141.693,219.358,2,0
1148,291.44,183.278,2,0
1149,55.5832,241.068,2,0
1150,15.7864,105.54,2,0
1151,470.773,30.598,2,0
1152,93.39,131.479,2,0
1153,497.218,269.91,2,0
1154,421.078,10.0929,2,0
1155,419.477,30.9845,2,0
1156,508.357,282.728,2,0
1157,492.182,196.839,2,0
1158,291.013,276.38,2,0
1159,113.748,65.7867,2,0
1160,143.237,188.309,2,0
1161,106.522,223.892,2,0
1162,382.711,260.953,2,0
1163,530.829,111.235,2,0
1164,171.959,218.932,2,0
1165,552.291,122.356,2,0
1166,371.592,147.489,2,0
1167,429.439,167.971,2,0
1168,504.446,139.837,2,0
1169,310.059,190.617,2,0
1170,13.9866,178.273,2,0
1171,68.3096,55.1399,2,0
1172,368.431,208.494,2,0
1173,510.574,163.332,2,0
1174,223.638,62.4404,2,0
1175,122.844,190.059,2,0
1176,232.524,78.353,2,0
1177,130.691,269.431,2,0
1178,165.537,117.629,2,0
1179,146.609,72.6218,2,0
1180,60.332,138.118,2,0
1181,287.505,2,2,0
1182,444.578,59.5694,2,0
1183,423.767,17.6726,2,0
1184,55.1935,202.705,2,0
1185,316.409,182.317,2,0
1186,580.526,130.314,2,0
1187,598.79,31.9282,2,0
1188,271.583,270.073,2,0
1189,372.217,267.589,2,0
1190,242.459,152.904,2,0
1191,257.216,169.938,2,0
1192,459.267,246.36,2,0
1193,543.524,73.8447,2,0
1194,264.198,225.22,2,0
1195,467.255,234.821,2,0
1196,37.9588,92.1933,2,0
1197,451.815,275.475,2,0
1198,47.3522,219.869,2,0
1199,140.86,118.21,2,0
1200,125.473,82.4113,2,0
1201,357.645,142.967,2,0
1202,203.72,28.7226,2,0
1203,446.245,101.961,2,0
1204,571.349,216.774,2,0
1205,171.875,118.854,2,0
1206,186.411,98.8918,2,0
1207,65.6094,32.9416,2,0
1208,365.856,181.469,2,0
1209,269.831,22.4397,2,0
1210,89.3075,150.988,2,0
1211,298.388,249.707,2,0
1212,520.769,277.72,2,0
1213,266.936,73.1059,2,0
1214,283.866,222.45,2,0
1215,484.127,100.131,2,0
1216,335.586,80.0321,2,0
1217,525.158,146.641,2,0
1218,368.302,204.413,2,0
1219,478.573,193.558,2,0
1220,235.689,222.721,2,0
1221,71.856,250.226,2,0
1222,574.702,100.336,2,0
1223,158.184,62.3825,2,0
1224,252.058,197.68,2,0
1225,268.429,286.453,2,0
1226,295.712,180.941,2,0
1227,536.358,161.885,2,0
1228,246.668,85.9009,2,0
1229,331.051,51.9674,2,0
1230,455.018,87.1297,2,0
1231,96.0627,159.883,2,0
1232,332.551,47.6334,2,0
1233,585.676,196.624,2,0
1234,531.223,282.925,2,0
1235,19.7714,243.903,2,0
1236,379.351,263.161,2,0
1237,78.9272,24.6578,2,0
1238,6.1836,259.65,2,0
1239,359.112,248.028,2,0
1240,310.685,168.977,2,0
1241,96.2296,114.065,2,0
1242,200.63,159.262,2,0
1243,25.0128,55.4153,2,0
1244,293.49,177.506,2,0
1245,91.2598,137.382,2,0
1246,195.614,119.689,2,0
1247,388.685,294.154,2,0
1248,582.194,257.645,2,0
1249,395.265,158.172,2,0
1250,573.7,198.495,2,0
1251,560.69,171.528,2,0
1252,112.797,258.348,2,0
1253,433.705,290.381,2,0
1254,374.815,185.015,2,0
1255,148.504,223.594,2,0
1256,341.698,203.831,2,0
1257,188.744,7.72893,2,0
1258,120.709,113.573,2,0
1259,283.923,86.7403,2,0
1260,179.431,194.632,2,0
1261,132.14,190.292,2,0
1262,342.453,56.6021,2,0
1263,403.41,265.512,2,0
1264,143.965,204.929,2,0
1265,372.656,250.486,2,0
1266,303.316,250.224,2,0
1267,437.476,131.293,2,0
1268,334.984,162.163,2,0
1269,252.71,35.1793,2,0
1270,489.533,287.726,2,0
1271,286.097,232.351,2,0
1272,2.04779,55.7607,2,0
1273,313.926,267.413,2,0
1274,491.769,128.873,2,0
1275,261.85,95.5501,2,0
1276,533.415,139.088,2,0
1277,577.759,38.4223,2,0
1278,168.294,152.32,2,0
1279,451.418,266.665,2,0
1280,297.106,130.043,2,0
1281,165.66,28.6401,2,0
1282,310.658,176.916,2,0
1283,205.423,21.774,2,0
1284,71.8956,87.6719,2,0
1285,113.375,298,2,0
1286,221.018,126.148,2,0
1287,246.033,6.03103,2,0
1288,200.867,273.804,2,0
1289,187.847,232.062,2,0
1290,0.0695359,209.123,2,0
1291,303.256,235.483,2,0
1292,79.6655,209.027,2,0
1293,482.749,263.734,2,0
1294,424.652,199.283,2,0
1295,214.978,163.131,2,0
1296,390.467,208.518,2,0
1297,368.444,62.464,2,0
1298,393.204,67.2921,2,0
1299,221.658,206.824,2,0
1300,549.867,98.8099,2,0
1301,87.356,97.4828,2,0
1302,540.236,84.7894,2,0
1303,316.043,250.349,2,0
1304,177.594,126.002,2,0
1305,511.605,32.2725,2,0
1306,281.888,178.236,2,0
1307,423.909,260.519,2,0
1308,274.843,222.848,2,0
1309,5.17745,14.3905,2,0
1310,401.249,170.902,2,0
1311,553.696,19.3952,2,0
1312,83.3325,162.355,2,0
1313,290.485,17.9635,2,0
1314,6.08758,56.7817,2,0
1315,537.018,147.361,2,0
1316,137.029,215.491,2,0
1317,100.533,95.2773,2,0
1318,370.2,151.26,2,0
1319,465.013,15.8178,2,0
1320,342.902,48.7484,2,0
1321,461.813,284.489,2,0
1322,352.824,195.287,2,0
1323,432.959,165.591,2,0
1324,447.835,22.3781,2,0
1325,338.065,4.72259,2,0
1326,169.286,55.9372,2,0
1327,319.671,252.059,2,0
1328,423.23,162.29,2,0
1329,198.819,259.367,2,0
1330,274.767,64.3348,2,0
1331,190.865,296.182,2,0
1332,501.038,221.549,2,0
1333,383.448,278.53,2,0
1334,20.5317,134.533,2,0
1335,475.171,153.362,2,0
1336,515.136,245.113,2,0
1337,46.6674,228.099,2,0
1338,47.8476,68.6867,2,0
1339,157.268,278.182,2,0
1340,231.697,215.945,2,0
1341,59.3618,119.961,2,0
1342,109.415,86.9729,2,0
1343,292.933,85.448,2,0
1344,290.513,79.7491,2,0
1345,235.56,266.511,2,0
1346,457.676,98.9213,2,0
1347,279.324,246.4,2,0
1348,511.312,142.778,2,0
1349,198.371,96.6864,2,0
1350,217.118,129.523,2,0
1351,455.122,63.3719,2,0
1352,515.408,236.305,2,0
1353,18.5532,226.523,2,0
1354,486.325,9.69471,2,0
1355,255.666,276.795,2,0
1356,367.067,36.06,2,0
1357,9.94362,123.347,2,0
1358,194.859,258.727,2,0
1359,450.582,112.723,2,0
1360,145.423,91.9608,2,0
1361,565.446,141.074,2,0
1362,147.077,265.176,2,0
1363,586.973,186.717,2,0
1364,319.368,290.857,2,0
1365,249.289,21.7538,2,0
1366,147.718,203.31,2,0
1367,368.713,226.507,2,0
1368,91.0234,66.9726,2,0
1369,354.02,200.972,2,0
1370,321.436,181.257,2,0
1371,367.702,112.859,2,0
1372,361.243,264.348,2,0
1373,344.657,36.6369,2,0
1374,553.261,288.115,2,0
1375,99.2482,73.5562,2,0
1376,66.7392,204.095,2,0
1377,272.243,172.975,2,0
1378,436.674,176.1,2,0
1379,559.376,187.181,2,0
1380,167.042,229.686,2,0
1381,492.919,143.399,2,0
1382,246.086,24.1847,2,0
1383,195.593,250.234,2,0
1384,490.015,8.05234,2,0
1385,520.918,178.665,2,0
1386,242.214,171.368,2,0
1387,60.073,146.183,2,0
1388,221.962,202.676,2,0
1389,589.078,20.5513,2,0
1390,347.393,12.9276,2,0
1391,145.963,141.285,2,0
1392,423.998,99.1829,2,0
1393,521.385,62.0174,2,0
1394,477.921,83.1746,2,0
1395,283.998,298,2,0
1396,283.88,260.57,2,0
1397,46.0883,178.704,2,0
1398,210.249,211.824,2,0
1399,373.712,272.805,2,0
1400,361.08,66.6097,2,0
1401,110.602,238.951,2,0
1402,15.5624,156.823,2,0
1403,391.372,230.109,2,0
1404,272.774,33.7314,2,0
1405,363.479,241.357,2,0
1406,383.586,89.3428,2,0
1407,339.388,246.791,2,0
1408,37.0589,22.2188,2,0
1409,525.748,6.0297,2,0
1410,451.987,46.9131,2,0
1411,293.616,106.718,2,0
1412,49.2904,208.118,2,0
1413,524.87,54.4523,2,0
1414,180.037,25.4564,2,0
1415,529.07,215.852,2,0
1416,321.232,201.22,2,0
1417,242.697,21.9972,2,0
1418,529.716,29.4629,2,0
1419,475.831,101.81,2,0
1420,272.502,207.741,2,0
1421,1.16146,182.954,2,0
1422,142.742,128.482,2,0
1423,78.4122,155.805,2,0
1424,432.126,118.228,2,0
1425,127.191,78.5277,2,0
1426,42.6666,48.3795,2,0
1427,233.255,203.93,2,0
1428,350.787,247.231,2,0
1429,35.5313,238.998,2,0
1430,594.05,3.66756,2,0
1431,27.6389,182.418,2,0
1432,173.645,126.933,2,0
1433,100.511,240.373,2,0
1434,552.899,15.466,2,0
1435,290.771,126.326,2,0
1436,286.547,283.726,2,0
1437,218.92,112.526,2,0
1438,583.849,93.7707,2,0
1439,172.525,103.996,2,0
1440,142.645,74.9266,2,0
1441,319.249,26.3941,2,0
1442,333.102,137.754,2,0
1443,90.5282,141.423,2,0
1444,205.442,288.082,2,0
1445,525.795,75.867,2,0
1446,48.3891,23.1037,2,0
1447,119.544,248.399,2,0
1448,314.488,48.56,2,0
1449,535.114,155.314,2,0
1450,241.761,38.5533,2,0
1451,526.749,140.948,2,0
1452,18.6158,259.357,2,0
1453,400.799,131.734,2,0
1454,191.191,222.555,2,0
1455,234.406,233.919,2,0
1456,435.834,119.968,2,0
1457,110.245,93.4011,2,0
1458,198.547,13.2541,2,0
1459,191.854,238.609,2,0
1460,494.833,158.093,2,0
1461,298.872,35.0346,2,0
1462,289.154,245.697,2,0
1463,21.3674,262.383,2,0
1464,123.539,230.525,2,0
1465,127.509,59.9268,2,0
1466,351.377,231.546,2,0
1467,55.3271,119.773,2,0
1468,440.873,252.117,2,0
1469,11.5618,119.614,2,0
1470,28.0201,285.854,2,0
1471,466.359,23.747,2,0
1472,320.606,228.525,2,0
1473,592.947,137.438,2,0
1474,353.126,222.904,2,0
1475,203.483,91.2121,2,0
1476,297.333,4.0769,2,0
1477,22.8857,210.704,2,0
1478,597.503,89.9485,2,0
1479,208.776,19.2687,2,0
1480,411.131,141.856,2,0
1481,400.488,28.6254,2,0
1482,2.76546,138.679,2,0
1483,492.276,31.0188,2,0
1484,343.965,60.3292,2,0
1485,233.223,246.615,2,0
1486,257.216,191.337,2,0
1487,172.721,206.975,2,0
1488,294.117,19.9192,2,0
1489,555.41,10.1096,2,0
1490,70.617,114.532,2,0
1491,115.369,230.448,2,0
1492,175.572,31.6779,2,0
1493,148.107,211.744,2,0
1494,387.105,59.0502,2,0
1495,220.902,90.2356,2,0
1496,408.939,170.517,2,0
1497,184.682,33.3468,2,0
1498,121.571,5.57663,2,0
1499,340.71,103.661,2,0
1500,480.689,17.7406,2,0
1501,52.0572,151.937,2,0
1502,460.922,200.111,2,0
1503,252.766,147.487,2,0
1504,404.971,222.4,2,0
1505,356.586,116.588,2,0
1506,239.19,120.363,2,0
1507,268.677,168.597,2,0
1508,312.818,285.657,2,0
1509,39.5457,182.818,2,0
1510,458.432,69.8602,2,0
1511,444.758,165.809,2,0
1512,74.089,241.581,2,0
1513,353.515,146.565,2,0
1514,456.468,27.3399,2,0
1515,454.234,218.242,2,0
1516,496.01,17.0314,2,0
1517,415.499,115.081,2,0
1518,577.823,184.209,2,0
1519,96.0951,59.5819,2,0
1520,486.57,274.913,2,0
1521,162.374,107.08,2,0
1522,583.466,242.976,2,0
1523,368.908,184.114,2,0
1524,50.2917,187.982,2,0
1525,46.3171,13.0418,2,0
1526,139.903,205.338,2,0
1527,433.194,48.3621,2,0
1528,402.763,51.6603,2,0
1529,522.975,243.974,2,0
1530,152.142,235.325,2,0
1531,27.1165,279.501,2,0
1532,283.406,39.7438,2,0
1533,26.1768,89.657,2,0
1534,105.466,122.371,2,0
1535,405.085,6.06771,2,0
1536,148.684,30.0815,2,0
1537,140.43,161.887,2,0
1538,285.541,252.118,2,0
1539,555.716,73.6611,2,0
1540,415.399,9.54639,2,0
1541,223.427,245.003,2,0
1542,564.263,247.229,2,0
1543,327.304,225.005,2,0
1544,117.261,82.4338,2,0
1545,123.488,38.5461,2,0
1546,34.4525,78.8285,2,0
1547,170.273,64.0014,2,0
1548,243.899,41.9393,2,0
1549,65.382,191.139,2,0
1550,437.387,276.429,2,0
1551,27.3711,198.509,2,0
1552,406.777,58.6658,2,0
1553,126.713,92.8239,2,0
1554,206.517,189.277,2,0
1555,511.628,211.754,2,0
1556,461.377,242.751,2,0
1557,474.165,135.597,2,0
1558,558.643,76.5285,2,0
1559,460.55,25.7335,2,0
1560,576.819,77.3602,2,0
1561,345.546,257.599,2,0
1562,244.962,156.256,2,0
1563,572.419,246.914,2,0
1564,241.227,244.565,2,0
1565,45.7359,78.9556,2,0
1566,30.0182,282.33,2,0
1567,487.561,110.689,2,0
1568,218.896,72.5532,2,0
1569,187.966,26.6203,2,0
1570,396.642,86.062,2,0
1571,42.7762,139.27,2,0
1572,126.455,265.695,2,0
1573,393.405,233.695,2,0
1574,260.273,49.4018,2,0
1575,302.68,221.936,2,0
1576,57.3741,282.318,2,0
1577,369.695,180.142,2,0
1578,556.5,221.102,2,0
1579,336.842,62.2332,2,0
1580,61.1608,255.925,2,0
1581,356.988,203.914,2,0
1582,371.356,276.076,2,0
1583,390.958,53.3098,2,0
1584,69.3738,49.9237,2,0
1585,594.844,84.3684,2,0
1586,592.975,156.269,2,0
1587,188.481,210.808,2,0
1588,526.814,201.466,2,0
1589,552.524,269.265,2,0
1590,460.543,90.2091,2,0
1591,7.93176,287.674,2,0
1592,11.1993,79.3513,2,0
1593,253.38,111.873,2,0
1594,467.867,149.279,2,0
1595,414.729,193.967,2,0
1596,182.961,37.0112,2,0
1597,321.323,5.58861,2,0
1598,303.803,210.147,2,0
1599,546.438,157.106,2,0
1600,291.021,26.3926,2,0
1601,406.137,187.365,2,0
1602,598.51,279.695,2,0
1603,476.513,28.5005,2,0
1604,578.174,252.807,2,0
1605,556.452,232.329,2,0
1606,277.896,53.1961,2,0
1607,310.628,212.088,2,0
1608,117.524,48.5829,2,0
1609,477.7,43.8027,2,0
1610,429.567,190.87,2,0
1611,17.8932,40.705,2,0
1612,445.062,45.1868,2,0
1613,443.741,178.84,2,0
1614,136.234,66.8357,2,0
1615,382.425,298,2,0
1616,15.1,89.7246,2,0
1617,430.612,72.5834,2,0
1618,442.851,236.427,2,0
1619,418.536,66.175,2,0
1620,517.127,92.3949,2,0
1621,14.2817,283.689,2,0
1622,345.389,41.4786,2,0
1623,363.637,166.739,2,0
1624,277.505,61.2439,2,0
1625,169.203,88.4832,2,0
1626,86.1681,132.66,2,0
1627,470.321,61.1107,2,0
1628,538.762,234.253,2,0
1629,51.8454,99.8539,2,0
1630,536.527,104.829,2,0
1631,313.338,228.856,2,0
1632,462.94,161,2,0
1633,391.829,252.019,2,0
1634,484.547,234.347,2,0
1635,496.696,252.932,2,0
1636,225.36,5.53015,2,0
1637,282.096,233.289,2,0
1638,354.229,219.015,2,0
1639,256.056,242.884,2,0
1640,576.908,207.233,2,0
1641,433.421,173.684,2,0
1642,460.539,102.015,2,0
1643,135.736,118.585,2,0
1644,149.838,238.739,2,0
1645,533.977,113.756,2,0
1646,185.104,5.99707,2,0
1647,496.995,286.058,2,0
1648,417.035,201.772,2,0
1649,342.316,88.7618,2,0
1650,427.892,131.967,2,0
1651,517.143,269.935,2,0
1652,519.927,167.537,2,0
1653,368.6,261.479,2,0
1654,293.519,15.3232,2,0
1655,393.456,77.7555,2,0
1656,59.0463,97.3081,2,0
1657,557.692,236.225,2,0
1658,345.292,196.502,2,0
1659,217.165,88.5528,2,0
1660,501.972,293.255,2,0
1661,452.376,120.628,2,0
1662,472.157,251.633,2,0
1663,234.577,179.267,2,0
1664,17.3431,274.029,2,0
1665,432.073,187.681,2,0
1666,387.242,229.511,2,0
1667,528.629,260.996,2,0
1668,186.001,160.554,2,0
1669,456.874,210.617,2,0
1670,20.1891,49.4235,2,0
1671,233.345,194.337,2,0
1672,38.7464,174.519,2,0
1673,63.7824,44.511,2,0
1674,261.365,275.981,2,0
1675,301.255,24.363,2,0
1676,308.581,20.9185,2,0
1677,8.26174,180.825,2,0
1678,401.805,14.9785,2,0
1679,52.7293,252.324,2,0
1680,581.239,52.6921,2,0
1681,551.903,145.947,2,0
1682,181.82,237.404,2,0
1683,494.118,7.8923,2,0
1684,244.32,167.616,2,0
1685,528.635,290.84,2,0
1686,531.513,204.638,2,0
1687,448.036,252.511,2,0
1688,423.788,132.404,2,0
1689,529.322,7.9055,2,0
1690,504.283,224.674,2,0
1691,42.454,72.0053,2,0
1692,53.1266,6.00815,2,0
1693,555.407,143.822,2,0
1694,431.348,143.3,2,0
1695,299.299,162.143,2,0
1696,230.217,267.434,2,0
1697,280.333,46.117,2,0
1698,375.696,125.578,2,0
1699,194.215,9.18931,2,0
1700,278.357,109.126,2,0
1701,437.919,11.9063,2,0
1702,456.045,40.0329,2,0
1703,407.969,84.5862,2,0
1704,429.951,246.267,2,0
1705,333.928,175.034,2,0
1706,9.01927,51.8945,2,0
1707,386.749,97.0536,2,0
1708,50.3576,226.263,2,0
1709,491.455,184.733,2,0
1710,111.382,153.944,2,0
1711,162.207,44.5673,2,0
1712,494.862,266.66,2,0
1713,260.645,223.129,2,0
1714,575.324,11.9636,2,0
1715,29.7063,137.515,2,0
1716,383.5,220.567,2,0
1717,23.0027,64.6773,2,0
1718,70.4954,74.7877,2,0
1719,569.452,10.7726,2,0
1720,365.792,74.369,2,0
1721,336.767,12.1047,2,0
1722,304.003,49.8036,2,0
1723,336.583,75.8543,2,0
1724,364.705,115.51,2,0
1725,174.224,174.628,2,0
1726,103.989,11.644,2,0
1727,148.707,100.407,2,0
1728,210.085,227.866,2,0
1729,157.109,251.331,2,0
1730,27.1953,235.497,2,0
1731,508.195,166.61,2,0
1732,350.122,118.348,2,0
1733,458.885,12.6178,2,0
1734,236.27,59.9749,2,0
1735,324.314,2.80001,2,0
1736,588.909,281.316,2,0
1737,568.515,268.742,2,0
1738,15.0817,174.356,2,0
1739,243.588,236.717,2,0
1740,120.851,193.616,2,0
1741,227.176,140.553,2,0
1742,145.238,253.24,2,0
1743,547.747,266.668,2,0
1744,117.582,251.945,2,0
1745,125.993,150.675,2,0
1746,205.216,292.154,2,0
1747,591.029,294.925,2,0
1748,444.848,76.3215,2,0
1749,566.914,261.131,2,0
1750,383.563,14.8656,2,0
1751,130.677,123.52,2,0
1752,226.175,267.895,2,0
1753,213.549,166.928,2,0
1754,374.236,291.233,2,0
1755,107.063,201.606,2,0
1756,279.23,2,2,0
1757,559.065,176.875,2,0
1758,242.61,110.593,2,0
1759,291.202,155.042,2,0
1760,359.469,22.9245,2,0
1761,409.759,13.2871,2,0
1762,248.257,261.397,2,0
1763,154.139,18.2665,2,0
1764,363.39,162.739,2,0
1765,425.835,56.4826,2,0
1766,92.6623,153.253,2,0
1767,184.354,264.167,2,0
1768,570.04,179.155,2,0
1769,488.033,122.785,2,0
1770,386.931,260.14,2,0
1771,366.819,56.2953,2,0
1772,3.11892,119.734,2,0
1773,317.167,17.0867,2,0
1774,554.508,49.9614,2,0
1775,426.921,268.235,2,0
1776,433.76,110.976,2,0
1777,114.624,254.705,2,0
1778,141.72,26.9321,2,0
1779,32.7622,15.7423,2,0
1780,458.805,116.091,2,0
1781,48.8067,92.7358,2,0
1782,305.145,25.9509,2,0
1783,200.211,88.8285,2,0
1784,501.166,151.877,2,0
1785,576.137,96.5702,2,0
1786,221.799,257.242,2,0
1787,349.85,291.411,2,0
1788,528.104,13.4804,2,0
1789,276.314,31.826,2,0
1790,187.882,30.6966,2,0
1791,384.369,179.742,2,0
1792,179.89,104.019,2,0
1793,82.0275,262.802,2,0
1794,439.401,142.935,2,0
1795,218.048,19.08,2,0
1796,289.796,9.51163,2,0
1797,69.581,34.8834,2,0
1798,129.709,143.822,2,0
1799,12.0895,255.766,2,0
1800,525.044,85.8684,2,0
1801,289.569,122.482,2,0
1802,496.382,196.836,2,0
1803,198.59,231.02,2,0
1804,445.413,268.974,2,0
1805,154.932,131.795,2,0
1806,466.688,154.05,2,0
1807,169.458,247.636,2,0
1808,108.899,259.456,2,0
1809,563.664,119.418,2,0
1810,231.922,53.6958,2,0
1811,179.557,100.026,2,0
1812,441.025,293.953,2,0
1813,566.891,127.379,2,0
1814,358.78,154.975,2,0
1815,504.888,77.5558,2,0
1816,231.444,256.401,2,0
1817,235.812,273.739,2,0
1818,190.875,249.876,2,0
1819,137.81,25.8954,2,0
1820,123.279,185.721,2,0
1821,563.096,284.835,2,0
1822,207.005,161.987,2,0
1823,500.037,208.041,2,0
1824,17.7635,209.591,2,0
1825,547.2,276.218,2,0
1826,172.785,166.616,2,0
1827,12.4547,262.756,2,0
1828,135.887,136.32,2,0
1829,22.6961,161.181,2,0
1830,480.536,283.518,2,0
1831,552.123,141.268,2,0
1832,464.287,249.905,2,0
1833,560.105,198.163,2,0
1834,77.9739,78.2486,2,0
1835,378.421,101.459,2,0
1836,99.1937,200.474,2,0
1837,266.78,30.5871,2,0
1838,325.583,175.579,2,0
1839,179.529,54.4812,2,0
1840,22.7854,214.74,2,0
1841,75.2893,163.129,2,0
1842,326.941,284.98,2,0
1843,177.287,141.531,2,0
1844,563.133,218.041,2,0
1845,492.605,154.578,2,0
1846,583.203,234.862,2,0
1847,371.443,59.6747,2,0
1848,441.412,132.175,2,0
1849,398.668,167.718,2,0
1850,287.657,49.8213,2,0
1851,556.946,202.684,2,0
1852,568.711,94.6257,2,0
1853,133.998,250.991,2,0
1854,213.913,271.81,2,0
1855,596.106,213.235,2,0
1856,85.5097,86.0687,2,0
1857,210.515,142.688,2,0
1858,175.795,66.6604,2,0
1859,294.077,97.7909,2,0
1860,311.845,18.4404,2,0
1861,566.61,276.553,2,0
1862,167.554,79.4435,2,0
1863,20.6113,61.4372,2,0
1864,329.883,103.744,2,0
1865,475.783,289.748,2,0
1866,289.16,195.062,2,0
1867,203.246,146.515,2,0
1868,16.8366,73.4328,2,0
1869,232.803,32.4556,2,0
1870,400.848,120.493,2,0
1871,557.299,266.889,2,0
1872,569.539,64.1483,2,0
1873,258.713,174.307,2,0
1874,328.66,65.1393,2,0
1875,379.501,2,2,0
1876,448.248,162.44,2,0
1877,34.4539,66.3837,2,0
1878,590.993,119.247,2,0
1879,589.191,100.089,2,0
1880,260.583,111.392,2,0
1881,204.394,6.57836,2,0
1882,111.109,187.715,2,0
1883,340.849,182.161,2,0
1884,81.7261,79.8824,2,0
1885,344.456,285.532,2,0
1886,560.547,94.9748,2,0
1887,556.198,247.637,2,0
1888,240.539,212.462,2,0
1889,584.139,128.193,2,0
1890,377.255,43.1228,2,0
1891,508.63,242.537,2,0
1892,39.6188,262.403,2,0
1893,387.279,277.369,2,0
1894,248.589,134.609,2,0
1895,193.119,19.048,2,0
1896,382.163,37.7273,2,0
1897,404.955,73.892,2,0
1898,509.056,203.048,2,0
1899,249.701,13.1062,2,0
1900,540.612,104.913,2,0
1901,23.446,18.7749,2,0
1902,210.056,6.05644,2,0
1903,392.096,81.7385,2,0
1904,275.045,214.256,2,0
1905,305.642,281.82,2,0
1906,381.683,171.259,2,0
1907,125.546,154.732,2,0
1908,362.273,191.108,2,0
1909,328.502,118.971,2,0
1910,39.68,99.4741,2,0
1911,399.956,252.777,2,0
1912,263.518,264.873,2,0
1913,285.976,256.126,2,0
1914,166.917,85.1793,2,0
1915,74.2303,76.5364,2,0
1916,522.308,105.021,2,0
1917,118.634,237.763,2,0
1918,90.0061,74.4034,2,0
1919,572.952,81.0943,2,0
1920,25.257,68.1271,2,0
1921,297.217,165.95,2,0
1922,39.165,84.4057,2,0
1923,254.174,161.477,2,0
1924,186.633,187.648,2,0
1925,72.7998,202.605,2,0
1926,61.9923,15.2953,2,0
1927,243.741,207.135,2,0
1928,205.292,102.17,2,0
1929,164.575,193.984,2,0
1930,295.566,155.481,2,0
1931,437.995,207.15,2,0
1932,210.143,256.73,2,0
1933,470.81,53.1257,2,0
1934,94.2027,232.431,2,0
1935,338.541,239.687,2,0
1936,414.797,285.869,2,0
1937,325.041,260.846,2,0
1938,134.082,141.124,2,0
1939,279.426,274.423,2,0
1940,353.997,49.5207,2,0
1941,178.609,163.262,2,0
1942,133.602,5.70121,2,0
1943,591.743,269.488,2,0
1944,129.046,127.292,2,0
1945,281.72,133.638,2,0
1946,355.007,5.23829,2,0
1947,539.175,266.571,2,0
1948,307.537,171.52,2,0
1949,65.1874,131.148,2,0
1950,504.669,92.5918,2,0
1951,264.455,144.846,2,0
1952,94.7397,163.666,2,0
1953,312.996,165.705,2,0
1954,536.27,151.352,2,0
1955,590.961,24.1835,2,0
1956,183.937,230.817,2,0
1957,400.97,273.071,2,0
1958,307.577,199.483,2,0
1959,79.7509,276.1,2,0
1960,86.725,42.7909,2,0
1961,420.796,20.5309,2,0
1962,574.229,194.459,2,0
1963,217.174,188.478,2,0
1964,70.3573,206.023,2,0
1965,35.9989,190.77,2,0
1966,274.445,256.383,2,0
1967,190.933,11.4783,2,0
1968,288.02,150.172,2,0
1969,287.149,101.914,2,0
1970,38.4942,72.8892,2,0
1971,55.4607,154.119,2,0
1972,176.316,272.839,2,0
1973,20.9953,83.6404,2,0
1974,423.71,151.994,2,0
1975,282.43,114.2,2,0
1976,531.635,11.2696,2,0
1977,296.005,58.1723,2,0
1978,265.676,293.992,2,0
1979,254.811,53.2638,2,0
1980,566.839,184.342,2,0
1981,415.404,264.588,2,0
1982,101.479,281.916,2,0
1983,556.153,40.416,2,0
1984,129.327,156.389,2,0
1985,561.757,115.814,2,0
1986,275.686,218.864,2,0
1987,380.914,65.3766,2,0
1988,200.662,117.388,2,0
1989,551.645,261.101,2,0
1990,484.048,34.5129,2,0
1991,46.2533,35.1281,2,0
1992,556.229,22.8556,2,0
1993,227.48,113.859,2,0
1994,245.735,218.818,2,0
1995,510.645,88.4675,2,0
1996,122.39,62.9363,2,0
1997,24.4556,276.486,2,0
1998,531.826,82.1719,2,0
1999,161.41,64.7724,2,0
2000,95.1759,100.829,2,0
2001,97.4838,196.046,2,0
2002,376.076,91.2873,2,0
2003,66.8505,41.7593,2,0
2004,497.757,215.202,2,0
2005,106.377,42.7957,2,0
2006,161.82,151.83,2,0
2007,283.397,149.796,2,0
2008,375.603,160.543,2,0
2009,273.125,20.0534,2,0
2010,90.3583,22.997,2,0
2011,8.70521,20.2987,2,0
2012,136.237,37.4389,2,0
2013,231.629,114.992,2,0
2014,402.375,235.24,2,0
2015,587.115,227.789,2,0
2016,383.807,21.3855,2,0
2017,144.561,192.415,2,0
2018,285.994,146.715,2,0
2019,151.704,171.356,2,0
2020,118.393,110.272,2,0
2021,107.745,152.243,2,0
2022,379.823,93.2424,2,0
2023,7.15078,254.493,2,0
2024,420.08,98.1163,2,0
2025,587.256,130.754,2,0
2026,338.408,191.921,2,0
2027,213.014,88.907,2,0
2028,360.617,115.906,2,0
2029,172.338,29.2739,2,0
2030,208.396,15.259,2,0
2031,487.859,229.023,2,0
2032,16.2675,50.5793,2,0
2033,323.484,282.691,2,0
2034,63.8076,186.717,2,0
2035,404.775,119.419,2,0
2036,159.281,41.5758,2,0
2037,567.943,188.862,2,0
2038,383.501,127.926,2,0
2039,426.369,79.597,2,0
2040,167.526,213.868,2,0
2041,575.454,189.83,2,0
2042,336.08,287.961,2,0
2043,273.838,102.417,2,0
2044,579.254,188.051,2,0
2045,538.344,253.383,2,0
2046,1.0149,108.231,2,0
2047,350.356,89.1934,2,0
2048,103.56,80.2421,2,0
2049,345.369,262.672,2,0
2050,341.103,283.164,2,0
2051,54.745,164.329,2,0
2052,182.663,162.923,2,0
2053,297.01,9.13875,2,0
2054,221.545,292.317,2,0
2055,361.022,183.194,2,0
2056,576.319,132.817,2,0
2057,372.617,2,2,0
2058,41.7412,33.6588,2,0
2059,67.2415,84.0503,2,0
2060,401.217,2,2,0
2061,100.009,87.6617,2,0
2062,267.822,114.493,2,0
2063,344.215,179.822,2,0
2064,560.039,41.4985,2,0
2065,450.087,235.185,2,0
2066,358.863,150.908,2,0
2067,97.58,263.727,2,0
2068,155.169,147.284,2,0
2069,555.48,6.04285,2,0
2070,6.19751,224.835,2,0
2071,340.704,219.942,2,0
2072,353.882,272.791,2,0
2073,274.268,109.7,2,0
2074,131.667,29.8279,2,0
2075,143.624,30.7282,2,0
2076,149.936,277.468,2,0
2077,558.492,151.334,2,0
2078,480.796,292.347,2,0
2079,118.228,138.215,2,0
2080,189.013,136.312,2,0
2081,356.586,224.945,2,0
2082,175.764,170.825,2,0
2083,312.048,67.2061,2,0
2084,80.1772,281.774,2,0
2085,415.049,250.863,2,0
2086,574.997,68.9884,2,0
2087,173.562,254.018,2,0
2088,577.131,276.136,2,0
2089,567.005,30.7442,2,0
2090,301.13,28.5508,2,0
2091,599.226,177.21,2,0
2092,418.155,279.427,2,0
2093,599.023,145.122,2,0
2094,363.14,44.7316,2,0
2095,401.536,127.6,2,0
2096,113.003,69.759,2,0
2097,440.349,230.696,2,0
2098,457.285,194.098,2,0
2099,319.64,132.088,2,0
2100,226.029,196.85,2,0
2101,17.9829,166.629,2,0
2102,93.0155,248.929,2,0
2103,250.023,83.1107,2,0
2104,4.98698,52.729,2,0
2105,325.178,171.45,2,0
2106,409.552,256.805,2,0
2107,549.273,62.1509,2,0
2108,300.703,196.92,2,0
2109,124.435,132.973,2,0
2110,456.09,123.611,2,0
2111,582.468,98.1062,2,0
2112,394.791,169.172,2,0
2113,297.26,293.017,2,0
2114,524.865,179.469,2,0
2115,452.381,214.664,2,0
2116,541.445,49.4364,2,0
2117,532.494,143.149,2,0
2118,29.553,224.61,2,0
2119,268.513,119.758,2,0
2120,296.584,38.4142,2,0
2121,146.041,175.807,2,0
2122,205.579,153.515,2,0
2123,171.518,9.74461,2,0
2124,208.224,62.3726,2,0
2125,501.238,270.372,2,0
2126,538.429,120.607,2,0
2127,267.753,106.243,2,0
2128,346.278,45.4314,2,0
2129,527.36,44.5741,2,0
2130,252.43,208.368,2,0
2131,316.061,218.236,2,0
2132,146.882,196.268,2,0
2133,548.414,230.831,2,0
2134,370.274,298,2,0
2135,1.42504,202.041,2,0
2136,165.133,205.202,2,0
2137,360.811,218,2,0
2138,539.22,213.245,2,0
2139,233.944,163.658,2,0
2140,211.942,175.705,2,0
2141,330.852,200.535,2,0
2142,75.0092,286.247,2,0
2143,107.493,268.585,2,0
2144,39.0343,61.6975,2,0
2145,138.332,75.4737,2,0
2146,165.445,209.728,2,0
2147,87.0674,66.0784,2,0
2148,79.0769,103.738,2,0
2149,398.949,44.5147,2,0
2150,0.837716,188.671,2,0
2151,594.41,229.562,2,0
2152,38.7541,18.4661,2,0
2153,23.4738,137.302,2,0
2154,269.985,17.4674,2,0
2155,62.6648,182.73,2,0
2156,114.587,237.946,2,0
2157,234.878,101.496,2,0
2158,237.443,182.522,2,0
2159,501.751,262.739,2,0
2160,462.675,257.914,2,0
2161,268.242,110.35,2,0
2162,436.072,262.127,2,0
2163,70.7549,124.797,2,0
2164,265.04,197.081,2,0
2165,138.917,243.349,2,0
2166,152.713,191.951,2,0
2167,301.651,19.0787,2,0
2168,345.771,170.944,2,0
2169,590.849,51.3067,2,0
2170,395.206,148.259,2,0
2171,524.841,28.6895,2,0
2172,237.304,193.362,2,0
2173,427.093,24.9124,2,0
2174,417.454,155.399,2,0
2175,511.213,236.219,2,0
2176,470.713,212.512,2,0
2177,550.232,242.693,2,0
2178,450.178,218.795,2,0
2179,81.298,75.7211,2,0
2180,460.943,5.75499,2,0
2181,421.097,201.814,2,0
2182,126.516,159.5,2,0
2183,289.162,113.007,2,0
2184,459.115,298,2,0
2185,17.0997,84.9692,2,0
2186,488.081,114.695,2,0
2187,456.769,227.369,2,0
2188,447.271,14.4077,2,0
2189,435.792,134.925,2,0
2190,186.565,298.171,2,0
2191,334.31,206.978,2,0
2192,71.3656,185.595,2,0
2193,254.591,228.158,2,0
2194,404.765,132.459,2,0
2195,428.831,271.84,2,0
2196,454.016,234.432,2,0
2197,207.74,139.657,2,0
2198,54.2754,138.351,2,0
2199,436.081,51.2973,2,0
2200,39.2534,143.511,2,0
2201,497.312,76.0734,2,0
2202,424.627,120.862,2,0
2203,564.507,232.681,2,0
2204,356.289,228.994,2,0
2205,226.084,250.476,2,0
2206,444.822,200.688,2,0
2207,518.899,88.6878,2,0
2208,180.355,209.93,2,0
2209,110.247,205.927,2,0
2210,579.026,116.835,2,0
2211,413.813,157.211,2,0
2212,28.8196,147.852,2,0
2213,232.745,71.6437,2,0
2214,238.439,110.137,2,0
2215,591.31,130.338,2,0
2216,96.2275,172.385,2,0
2217,391.019,96.1409,2,0
2218,535.129,165.874,2,0
2219,276.387,84.9838,2,0
2220,93.587,45.4948,2,0
2221,227.304,192.92,2,0
2222,426.041,245.265,2,0
2223,165.588,170.912,2,0
2224,382.925,60.8759,2,0
2225,182.073,74.5213,2,0
2226,457.076,104.148,2,0
2227,299.259,224.11,2,0
2228,370.817,21.5815,2,0
2229,291.152,271.89,2,0
2230,113.513,289.504,2,0
2231,409.58,126.06,2,0
2232,435.349,142.683,2,0
2233,402.878,37.4614,2,0
2234,184.496,44.223,2,0
2235,158.598,36.3261,2,0
2236,110.25,271.605,2,0
2237,201.736,55.7398,2,0
2238,337.911,265.707,2,0
2239,569.282,123.971,2,0
2240,437.139,99.0558,2,0
2241,219.488,63.6989,2,0
2242,116.001,103.014,2,0
2243,566.111,84.0282,2,0
2244,288.688,143.671,2,0
2245,273.467,137.988,2,0
2246,234.78,190.159,2,0
2247,14.3627,42.6022,2,0
2248,222.487,74.3547,2,0
2249,411.398,9.5895,2,0
2250,446.729,79.9268,2,0
2251,194.745,284.695,2,0
2252,467.98,247.933,2,0
2253,196.672,255.148,2,0
2254,513.975,285.189,2,0
2255,12.7214,61.6868,2,0
2256,193.326,129.506,2,0
2257,530.113,33.8467,2,0
2258,541.937,19.5793,2,0
2259,201.257,84.8659,2,0
2260,439.954,15.3656,2,0
2261,279.062,64.966,2,0
2262,560.489,136.035,2,0
2263,114.639,179.93,2,0
2264,255.518,235.53,2,0
2265,589.686,277.264,2,0
2266,134.52,122.409,2,0
2267,40.9417,65.2832,2,0
2268,495.901,45.1821,2,0
2269,169.427,2,2,0
2270,359.287,17.981,2,0
2271,141.399,254.501,2,0
2272,328.554,216.487,2,0
2273,73.1999,213.694,2,0
2274,458.416,286.921,2,0
2275,199.39,81.2875,2,0
2276,236.832,201.595,2,0
2277,142.835,288.618,2,0
2278,47.6012,212.292,2,0
2279,555.507,110.912,2,0
2280,543.992,265.051,2,0
2281,362.78,135.471,2,0
2282,10.2112,138.207,2,0
2283,413.729,145.521,2,0
2284,379.293,199.105,2,0
2285,145.379,2,2,0
2286,178.609,58.5963,2,0
2287,24.1844,131.902,2,0
2288,599.353,220.628,2,0
2289,45.7284,142.041,2,0
2290,229.712,231.94,2,0
2291,183.567,260.035,2,0
2292,16.6901,147.256,2,0
2293,314.496,129.69,2,0
2294,282.476,118.656,2,0
2295,10.7325,227.201,2,0
2296,527.638,267.771,2,0
2297,213.036,259.634,2,0
2298,292.104,70.1672,2,0
2299,30.0648,104.904,2,0
2300,70.1127,290.109,2,0
2301,354.823,294.381,2,0
2302,74.5913,80.561,2,0
2303,484.585,144.399,2,0
2304,333.507,59.9551,2,0
2305,167.981,265.904,2,0
2306,32.5778,41.4681,2,0
2307,174.282,62.9061,2,0
2308,223.111,271.508,2,0
2309,138.466,257.495,2,0
2310,76.4926,273.607,2,0
2311,96.8961,221.724,2,0
2312,284.215,244.562,2,0
2313,327.54,290.861,2,0
2314,501.877,233.05,2,0
2315,113.677,222.654,2,0
2316,1.23552,17.2176,2,0
2317,108.633,162.382,2,0
2318,252.986,253.069,2,0
2319,458.219,160.771,2,0
2320,578.098,152.569,2,0
2321,213.971,69.0414,2,0
2322,390.784,241.143,2,0
2323,487.472,37.8351,2,0
2324,335.81,269.956,2,0
2325,93.79,224.287,2,0
2326,54.1908,132.709,2,0
2327,411.17,249.357,2,0
2328,67.0804,274.172,2,0
2329,67.4366,154.315,2,0
2330,84.8297,197.609,2,0
2331,397.091,208.015,2,0
2332,270.953,90.8928,2,0
2333,34.7661,25.6792,2,0
2334,63.1999,221.363,2,0
2335,528.293,209.415,2,0
2336,1.5214,12.3432,2,0
2337,256.542,261.632,2,0
2338,467.241,158.066,2,0
2339,144.691,44.534,2,0
2340,86.3316,53.7292,2,0
2341,236.737,84.9705,2,0
2342,394.657,211.388,2,0
2343,96.9035,268.413,2,0
2344,550.917,154.349,2,0
2345,389.437,69.5877,2,0
2346,194.982,193.144,2,0
2347,572.123,271.11,2,0
2348,577.818,196.295,2,0
2349,6.79656,240.153,2,0
2350,141.456,238.338,2,0
2351,163.435,184.819,2,0
2352,61.5406,123.421,2,0
2353,201.995,285.907,2,0
2354,438.879,149.103,2,0
2355,417.054,34.2026,2,0
2356,113.26,162.175,2,0
2357,166.359,145.544,2,0
2358,288.96,29.8871,2,0
2359,397.512,25.678,2,0
2360,314.763,95.5105,2,0
2361,442.978,240.473,2,0
2362,579.86,94.9027,2,0
2363,348.284,96.4373,2,0
2364,45.2036,208.474,2,0
2365,543.528,256.728,2,0
2366,276.676,271.41,2,0
2367,362.255,96.1435,2,0
2368,323.109,244.673,2,0
2369,542.16,225.772,2,0
2370,63.804,226.809,2,0
2371,440.796,243.907,2,0
2372,193.242,101.967,2,0
2373,558.08,47.6818,2,0
2374,568.621,273.065,2,0
2375,462.392,167.842,2,0
2376,363.817,267.477,2,0
2377,439.705,135.927,2,0
2378,294.724,274.002,2,0
2379,400.845,142.48,2,0
2380,198.881,283.371,2,0
2381,20.231,180.691,2,0
2382,597.442,35.7198,2,0
2383,294.889,278.016,2,0
2384,309.43,227.796,2,0
2385,91.4483,185.395,2,0
2386,279.563,29.4416,2,0
2387,381.259,134.307,2,0
2388,437.145,108.752,2,0
2389,551.784,105.045,2,0
2390,557.625,299.848,2,0
2391,291.89,187.3,2,0
2392,499.482,129.455,2,0
2393,223.306,253.525,2,0
2394,536.322,2.02541,2,0
2395,321.338,294.441,2,0
2396,402.513,225.694,2,0
2397,42.366,12.1817,2,0
2398,144.592,261.87,2,0
2399,363.189,12.6354,2,0
2400,399.296,158.025,2,0
2401,237.643,263.009,2,0
2402,209.5,273.005,2,0
2403,27.5303,247.853,2,0
2404,39.5623,25.5371,2,0
2405,80.7405,29.6626,2,0
2406,95.2939,29.1525,2,0
2407,199.799,74.3097,2,0
2408,12.4311,219.235,2,0
2409,3.52575,59.9287,2,0
2410,29.8058,238.757,2,0
2411,316.731,287.606,2,0
2412,115.782,61.2896,2,0
2413,339.335,129.182,2,0
2414,431.719,194.335,2,0
2415,382.41,167.191,2,0
2416,178.024,213.417,2,0
2417,500.049,144.849,2,0
2418,42.7891,175.532,2,0
2419,95.068,41.7025,2,0
2420,164.332,269.211,2,0
2421,574.382,224.488,2,0
2422,369.846,104.956,2,0
2423,8.18495,294.399,2,0
2424,439.236,268.673,2,0
2425,347.655,54.5259,2,0
2426,311.853,172.901,2,0
2427,103.38,155.197,2,0
2428,316.469,146.36,2,0
2429,397.288,153.815,2,0
2430,430.596,250.614,2,0
2431,387.887,82.3262,2,0
2432,305.525,6.43358,2,0
2433,168.109,17.1582,2,0
2434,541.558,231.259,2,0
2435,340.643,85.0298,2,0
2436,125.969,288.859,2,0
2437,505.378,11.6693,2,0
2438,228.152,176.86,2,0
2439,409.683,245.642,2,0
2440,162.139,240.12,2,0
2441,341.074,28.6595,2,0
2442,566.273,155.579,2,0
2443,590.683,71.5945,2,0
2444,187.879,86.8957,2,0
2445,304.63,122.317,2,0
2446,118.571,159.157,2,0
2447,185.732,149.442,2,0
2448,14.3267,164.821,2,0
2449,87.3322,243.234,2,0
2450,283.077,102.646,2,0
2451,547.062,21.4689,2,0
2452,517.071,164.685,2,0
2453,252.237,260.914,2,0
2454,65.953,141.876,2,0
2455,325.297,135.844,2,0
2456,153.33,54.5792,2,0
2457,98.8854,99.0507,2,0
2458,382.853,235.133,2,0
2459,82.9402,139.958,2,0
2460,24.9614,7.28865,2,0
2461,186.596,284.432,2,0
2462,170.512,231.77,2,0
2463,51.7191,243.445,2,0
2464,441.893,208.471,2,0
2465,441.391,56.0924,2,0
2466,74.4121,277.163,2,0
2467,359.544,133.049,2,0
2468,384.152,93.3146,2,0
2469,366.055,172.813,2,0
2470,418.849,194.264,2,0
2471,232.213,135.371,2,0
2472,531.926,175.735,2,0
2473,204.659,98.1437,2,0
2474,155.444,255.77,2,0
2475,200.18,42.741,2,0
2476,271.429,6.91141,2,0
2477,34.9576,104.595,2,0
2478,441.464,120.594,2,0
2479,180.275,135.203,2,0
2480,547.698,258.471,2,0
2481,274.287,51.279,2,0
2482,92.9445,196.107,2,0
2483,556.797,128.793,2,0
2484,402.505,166.269,2,0
2485,398.851,37.2439,2,0
2486,224.723,102.987,2,0
2487,597.773,23.8486,2,0
2488,465.82,284.684,2,0
2489,9.25066,33.2224,2,0
2490,102.505,188.454,2,0
2491,248.59,35.2503,2,0
2492,338.782,252.532,2,0
2493,398.506,290.49,2,0
2494,86.1597,142.449,2,0
2495,133.185,150.152,2,0
2496,235.893,186.211,2,0
2497,504.42,184.747,2,0
2498,414.501,150.318,2,0
2499,137.874,127.564,2,0
2500,541.844,169.922,2,0
2501,466.62,34.8208,2,0
2502,523.793,46.641,2,0
2503,492.99,19.7176,2,0
2504,398.95,267.926,2,0
2505,370.482,166.796,2,0
2506,406.17,66.0723,2,0
2507,422.433,72.0401,2,0
2508,480.665,164.664,2,0
2509,3.87643,80.4554,2,0
2510,441.737,2,2,0
2511,597.859,101.994,2,0
2512,262.453,200.288,2,0
2513,123.26,77.5237,2,0
2514,399.63,178.966,2,0
2515,302.614,242.863,2,0
2516,524.433,21.3653,2,0
2517,537.411,139.419,2,0
2518,18.1708,255.366,2,0
2519,494.358,61.1304,2,0
2520,590.525,43.6361,2,0
2521,317.452,12.4684,2,0
2522,599.409,141.102,2,0
2523,90.906,42.0664,2,0
2524,501.616,279.19,2,0
2525,307.255,235.945,2,0
2526,279.307,284.111,2,0
2527,155.905,233.92,2,0
2528,187.471,106.827,2,0
2529,332.012,171.409,2,0
2530,137.447,294.717,2,0
2531,545.795,99.6699,2,0
2532,98.8016,135.173,2,0
2533,235.895,2.67592,2,0
2534,70.4757,173.918,2,0
2535,410.176,161.187,2,0
2536,111.69,209.861,2,0
2537,474.649,54.7035,2,0
2538,302.629,3.45732,2,0
2539,528.091,56.8752,2,0
2540,28.0429,163.334,2,0
2541,557.053,294.982,2,0
2542,539.74,124.503,2,0
2543,286.506,192.01,2,0
2544,530.171,219.74,2,0
2545,571.738,187.029,2,0
2546,480.757,250.825,2,0
2547,407.431,158.18,2,0
2548,131.624,258.038,2,0
2549,593.587,273.153,2,0
2550,425.195,230.735,2,0
2551,498.813,82.2238,2,0
2552,115.242,226.424,2,0
2553,61.9515,178.539,2,0
2554,203.247,277.101,2,0
2555,108.991,38.0436,2,0
2556,328.379,123.04,2,0
2557,189.94,2.18443,2,0
2558,544.851,188.38,2,0
2559,233.171,288.435,2,0
2560,35.0197,200.079,2,0
2561,170.464,239.496,2,0
2562,224.305,190.206,2,0
2563,246.312,171.168,2,0
2564,29.0469,294.338,2,0
2565,1.63118,76.5406,2,0
2566,345.485,205.458,2,0
2567,285.323,265.256,2,0
2568,390.825,57.3882,2,0
2569,343.465,150.197,2,0
2570,440.773,176.147,2,0
2571,500.002,274.256,2,0
2572,364.048,199.459,2,0
2573,529.055,148.692,2,0
2574,528.808,128.45,2,0
2575,19.9258,112.602,2,0
2576,180.694,198.565,2,0
2577,303.716,139.635,2,0
2578,516.524,200.744,2,0
2579,370.769,195.27,2,0
2580,384.693,294.695,2,0
2581,14.8191,277.863,2,0
2582,327.767,272.419,2,0
2583,585.741,231.757,2,0
2584,329.13,164.246,2,0
2585,361.674,52.1884,2,0
2586,110.671,77.736,2,0
2587,27.466,82.238,2,0
2588,280.934,237.296,2,0
2589,202.432,237.122,2,0
2590,74.6571,114.248,2,0
2591,522.82,254.075,2,0
2592,211.35,106.012,2,0
2593,275.88,105.894,2,0
2594,0.795977,197.709,2,0
2595,414.652,41.2321,2,0
2596,212.649,18.074,2,0
2597,568.327,87.388,2,0
2598,494.66,13.1477,2,0
2599,570.912,128.191,2,0
2600,176.407,186.604,2,0
2601,307.977,249.514,2,0
2602,553.15,170.208,2,0
2603,188.992,225.912,2,0
2604,47.9318,152.101,2,0
2605,198.774,92.5887,2,0
2606,582.823,185.903,2,0
2607,191.084,15.5953,2,0
2608,584.907,157.404,2,0
2609,500.515,72.7619,2,0
2610,148.688,152.376,2,0
2611,393.791,115.906,2,0
2612,367.06,168.87,2,0
2613,335.943,280.195,2,0
2614,208.5,224.025,2,0
2615,467.491,107.881,2,0
2616,335.079,50.9078,2,0
2617,424.745,21.5559,2,0
2618,527.414,60.9075,2,0
2619,105.149,34.366,2,0
2620,571.837,292.75,2,0
2621,352.298,184.848,2,0
2622,514.213,58.7423,2,0
2623,396.63,121.045,2,0
2624,552.901,207.104,2,0
2625,182.882,48.8885,2,0
2626,58.7741,84.4799,2,0
2627,330.083,282.284,2,0
2628,579.429,242.717,2,0
2629,144.061,279.781,2,0
2630,405.203,40.9363,2,0
2631,306.575,183.759,2,0
2632,564.714,52.8094,2,0
2633,359.312,43.3566,2,0
2634,228.005,117.883,2,0
2635,505.924,232.623,2,0
2636,48.1503,191.439,2,0
2637,313.917,233.002,2,0
2638,15.6407,112.537,2,0
2639,463.503,208.617,2,0
2640,202.067,194.658,2,0
2641,586.095,141.357,2,0
2642,317.25,38.9379,2,0
2643,515.7,293.971,2,0
2644,325.765,247.864,2,0
2645,550.543,253.093,2,0
2646,322.235,232.23,2,0
2647,362.944,175.361,2,0
2648,482.584,275.715,2,0
2649,266.436,298,2,0
2650,393.013,31.6038,2,0
2651,231.75,119.412,2,0
2652,585.493,167.84,2,0
2653,194.547,13.2175,2,0
2654,309.732,274.402,2,0
2655,10.2608,142.234,2,0
2656,361.104,9.20523,2,0
2657,111.09,2,2,0
2658,47.0915,262.993,2,0
2659,507.4,182.056,2,0
2660,295.527,263.149,2,0
2661,297.972,22.0752,2,0
2662,416.534,62.2308,2,0
2663,215.175,153.341,2,0
2664,431.428,293.951,2,0
2665,508.821,84.8846,2,0
2666,369.267,25.3002,2,0
2667,34.7073,74.5124,2,0
2668,179.312,221.339,2,0
2669,153.227,93.7377,2,0
2670,309.481,135.95,2,0
2671,222.805,157.861,2,0
2672,566.515,91.2017,2,0
2673,385.756,25.1005,2,0
2674,163.093,257.94,2,0
2675,290.459,191.088,2,0
2676,555.572,88.1434,2,0
2677,301.03,246.67,2,0
2678,379.872,126.151,2,0
2679,482.394,219.489,2,0
2680,54.3749,187.872,2,0
2681,175.856,182.305,2,0
2682,537.401,238.082,2,0
2683,91.5053,107.582,2,0
2684,398.213,232.234,2,0
2685,449.226,196.203,2,0
2686,55.3628,245.247,2,0
2687,194.817,289.989,2,0
2688,478.132,221.043,2,0
2689,238.86,189.638,2,0
2690,489.078,271.771,2,0
2691,553.79,97.8371,2,0
2692,175.332,45.592,2,0
2693,421.963,244.806,2,0
2694,139.784,86.2856,2,0
2695,69.0925,132.412,2,0
2696,574.384,35.0821,2,0
2697,304.937,253.961,2,0
2698,528.7,17.5798,2,0
2699,276.941,264.16,2,0
2700,186.261,176.071,2,0
2701,513.511,255.381,2,0
2702,88.4082,255.443,2,0
2703,114.941,28.1543,2,0
2704,117.171,68.417,2,0
2705,47.2206,121.089,2,0
2706,440.305,52.0977,2,0
2707,346.946,84.872,2,0
2708,381.143,153.736,2,0
2709,254.682,93.8795,2,0
2710,117.465,5.51497,2,0
2711,349.706,211.367,2,0
2712,585.311,90.0135,2,0
2713,532.385,117.572,2,0
2714,372.762,219.687,2,0
2715,484.828,175.152,2,0
2716,426.796,249.249,2,0
2717,150.716,165.372,2,0
2718,205.783,121.269,2,0
2719,79.6755,2,2,0
2720,320.989,156.687,2,0
2721,327.802,252.29,2,0
2722,208.679,98.0698,2,0
2723,580.018,74.6967,2,0
2724,506.481,160.379,2,0
2725,480.243,36.0187,2,0
2726,325.348,149.85,2,0
2727,377.167,106.937,2,0
2728,282.656,294.175,2,0
2729,51.047,148.007,2,0
2730,551.4,6.21502,2,0
2731,467.522,45.7388,2,0
2732,169.779,21.6423,2,0
2733,248.124,2,2,0
2734,339.03,70.155,2,0
2735,122.066,139.615,2,0
2736,132.685,200.57,2,0
2737,522.073,294.289,2,0
2738,77.7258,179.026,2,0
2739,559.932,167.46,2,0
2740,522.787,201.941,2,0
2741,446.452,65.8734,2,0
2742,484.04,230.271,2,0
2743,426.591,219.208,2,0
2744,92.4054,205.802,2,0
2745,15.9918,232.78,2,0
2746,385.577,290.74,2,0
2747,79.1446,294.132,2,0
2748,45.9279,216.058,2,0
2749,559.554,239.887,2,0
2750,308.254,60.1689,2,0
2751,287.963,87.4247,2,0
2752,132.278,17.9399,2,0
2753,75.395,26.6742,2,0
2754,197.926,287.35,2,0
2755,62.203,67.3864,2,0
2756,412.761,20.7461,2,0
2757,184.985,226.794,2,0
2758,322.682,117.591,2,0
2759,100.994,39.0794,2,0
2760,310.145,255.532,2,0
2761,574.975,115.604,2,0
2762,444.356,230.445,2,0
2763,139.644,107.097,2,0
2764,110.286,27.3404,2,0
2765,401.985,288.457,2,0
2766,548.407,42.857,2,0
2767,134.522,92.4468,2,0
2768,458.771,135.083,2,0
2769,388.176,93.3042,2,0
2770,238.058,64.2373,2,0
2771,461.601,171.793,2,0
2772,171.121,257.199,2,0
2773,552.328,41.9545,2,0
2774,523.177,175.309,2,0
2775,17.3714,205.267,2,0
2776,594.986,119.537,2,0
2777,161.674,58.1598,2,0
2778,154.795,85.7065,2,0
2779,171.04,262.224,2,0
2780,400.3,84.2381,2,0
2781,368.329,86.5129,2,0
2782,594.838,204.701,2,0
2783,559.597,213.446,2,0
2784,520.822,6.25614,2,0
2785,524.038,41.8969,2,0
2786,455.096,206.383,2,0
2787,214.612,142.78,2,0
2788,213.928,226.567,2,0
2789,460.26,47.6206,2,0
2790,145.289,200.031,2,0
2791,464.843,164.63,2,0
2792,299.199,183.016,2,0
2793,116.24,32.2367,2,0
2794,373.856,30.459,2,0
2795,309.015,42.84,2,0
2796,565.86,56.7523,2,0
2797,320.806,14.8365,2,0
2798,65.5078,165.348,2,0
2799,220.447,169.369,2,0
2800,174.638,71.0452,2,0
2801,85.3509,46.5961,2,0
2802,375.89,208.653,2,0
2803,60.5754,108.215,2,0
2804,438.629,5.89243,2,0
2805,571.089,258.925,2,0
2806,140.289,57.5678,2,0
2807,336.504,171.865,2,0
2808,429.183,279.528,2,0
2809,75.3001,266,2,0
2810,231.455,66.073,2,0
2811,261.114,171.032,2,0
2812,432.008,201.868,2,0
2813,173.434,148.876,2,0
2814,486.732,53.2349,2,0
2815,479.41,181.546,2,0
2816,63.2765,153.585,2,0
2817,5.23339,152.265,2,0
2818,257.146,41.7017,2,0
2819,477.108,47.8495,2,0
2820,328.722,46.4122,2,0
2821,470.592,83.1125,2,0
2822,416.595,268.556,2,0
2823,235.429,283.848,2,0
2824,434.47,191.169,2,0
2825,144.038,39.6035,2,0
2826,496.174,152.675,2,0
2827,507.206,45.166,2,0
2828,71.0686,190.116,2,0
2829,197.944,123.045,2,0
2830,10.5001,37.4947,2,0
2831,344.963,281.534,2,0
2832,293.394,76.7577,2,0
2833,423.244,285.316,2,0
2834,412.621,36.6132,2,0
2835,221.217,100.366,2,0
2836,383.04,54.4034,2,0
2837,121.458,220.325,2,0
2838,485.401,179.276,2,0
2839,417.306,91.948,2,0
2840,546.4,216.758,2,0
2841,175.181,216.537,2,0
2842,217.576,208.363,2,0
2843,272.436,120.606,2,0
2844,161.426,219.132,2,0
2845,456.578,275.464,2,0
2846,423.62,212.518,2,0
2847,137.065,41.5285,2,0
2848,408.743,237.951,2,0
2849,14.2496,140.032,2,0
2850,148.194,234.395,2,0
2851,240.329,174.912,2,0
2852,197.953,187.951,2,0
2853,354.839,246.706,2,0
2854,121.34,270.965,2,0
2855,401.593,189.993,2,0
2856,419.546,241.574,2,0
2857,126.646,41.1302,2,0
2858,532.842,147.157,2,0
2859,89.3608,45.8752,2,0
2860,5.32214,22.6878,2,0
2861,406.674,108.497,2,0
2862,365.743,132.264,2,0
2863,366.197,151.618,2,0
2864,248.715,178.743,2,0
2865,431.944,10.1067,2,0
2866,5.81329,298,2,0
2867,39.8895,193.983,2,0
2868,33.9669,19.5831,2,0
2869,158.757,144.797,2,0
2870,299.525,172.174,2,0
2871,242.682,160.269,2,0
2872,77.6103,129.126,2,0
2873,51.1933,107.097,2,0
2874,93.8817,119.1,2,0
2875,30.6807,75.3658,2,0
2876,485.123,200.258,2,0
2877,138.39,194.744,2,0
2878,438.977,68.6841,2,0
2879,483.712,26.364,2,0
2880,466.335,205.638,2,0
2881,64.4082,253.345,2,0
2882,327.793,197.83,2,0
2883,49.1169,31.0693,2,0
2884,258.566,199.137,2,0
2885,252.967,56.9829,2,0
2886,228.05,135.109,2,0
2887,351.998,240.37,2,0
2888,173.131,49.0104,2,0
2889,275.906,40.0192,2,0
2890,348.532,122.05,2,0
2891,200.767,255.309,2,0
2892,327.834,131.259,2,0
2893,347.781,287.767,2,0
2894,222.485,296.295,2,0
2895,332.596,92.369,2,0
2896,422.314,38.5282,2,0
2897,305.03,239.59,2,0
2898,508.65,52.9258,2,0
2899,151.662,145.257,2,0
2900,279.357,149.12,2,0
2901,346.42,92.8951,2,0
2902,291.873,49.8131,2,0
2903,584.503,204.717,2,0
2904,32.6783,97.1891,2,0
2905,330.633,208.625,2,0
2906,332.889,39.8337,2,0
2907,263.899,211.492,2,0
2908,597.454,75.8786,2,0
2909,518.849,2,2,0
2910,551.589,227.831,2,0
2911,284.787,64.3026,2,0
2912,564.036,199.305,2,0
2913,79.9639,38.0656,2,0
2914,187.56,280.469,2,0
2915,290.737,22.0642,2,0
2916,178.913,29.3023,2,0
2917,218.066,244.202,2,0
2918,422.956,267.575,2,0
2919,80.9767,91.8995,2,0
2920,592.765,29.861,2,0
2921,459.616,251.475,2,0
2922,259.679,151.346,2,0
2923,5.06209,218.142,2,0
2924,465.766,71.5193,2,0
2925,236.396,298,2,0
2926,553.688,235.69,2,0
2927,497.123,49.4423,2,0
2928,276.399,146.312,2,0
2929,530.55,69.6033,2,0
2930,140.559,91.5808,2,0
2931,231.99,124.122,2,0
2932,389.728,185.708,2,0
2933,318.804,239.063,2,0
2934,445.48,154.272,2,0
2935,458.425,30.9421,2,0
2936,362.421,148.922,2,0
2937,379.815,237.836,2,0
2938,406.728,182.892,2,0
2939,118.017,171.49,2,0
2940,595.932,115.54,2,0
2941,123.234,263.069,2,0
2942,151.799,210.008,2,0
2943,155.778,171.498,2,0
2944,374.358,7.7505,2,0
2945,599.788,269.795,2,0
2946,53.6999,52.8027,2,0
2947,222.051,165.68,2,0
2948,62.5105,294.94,2,0
2949,439.288,159.579,2,0
2950,417.488,298,2,0
2951,560.599,72.9836,2,0
2952,124.823,201.008,2,0
2953,227.711,222.091,2,0
2954,68.4659,247.704,2,0
2955,173.509,140.045,2,0
2956,563.276,129.311,2,0
2957,385.131,187.651,2,0
2958,208.619,157.587,2,0
2959,91.1709,116.098,2,0
2960,326.292,205.694,2,0
2961,247.88,42.6616,2,0
2962,44.2935,23.9311,2,0
2963,51.2741,231.693,2,0
2964,165.641,180.942,2,0
2965,215.881,15.6541,2,0
2966,133.911,49.5496,2,0
2967,521.115,270.411,2,0
2968,322.418,224.86,2,0
2969,265.83,37.0006,2,0
2970,366.832,32.0422,2,0
2971,176.528,159.845,2,0
2972,484.159,68.9433,2,0
2973,399.442,110.283,2,0
2974,550.11,223.985,2,0
2975,501.425,115.416,2,0
2976,471.813,6.02683,2,0
2977,313.566,275.648,2,0
2978,516.837,37.9584,2,0
2979,271.756,29.7372,2,0
2980,396.919,224.765,2,0
2981,140.918,114.176,2,0
2982,187.754,122.034,2,0
2983,303.043,293.47,2,0
2984,54.8877,224.51,2,0
2985,276.412,172.557,2,0
2986,421.605,281.502,2,0
2987,343.949,52.8428,2,0
2988,378.09,37.2609,2,0
2989,137.578,239.487,2,0
2990,353.809,87.048,2,0
2991,5.03866,70.6283,2,0
2992,343.75,7.30015,2,0
2993,585.939,192.632,2,0
2994,595.04,259.173,2,0
2995,565.239,123.138,2,0
2996,421.375,2,2,0
2997,333.169,214.686,2,0
2998,8.18762,159.685,2,0
2999,371.97,84.6622,2,0
3000,363.501,293.906,2,0
3001,455.058,67.4329,2,0
3002,396.807,294.233,2,0
3003,190.94,37.9901,2,0
3004,242.227,30.8982,2,0
3005,25.4409,150.803,2,0
3006,461.88,98.157,2,0
3007,537.174,25.8375,2,0
3008,10.8253,89.4649,2,0
3009,171.818,25.2985,2,0
3010,348.831,259.928,2,0
3011,316.751,6.41002,2,0
3012,114.854,20.7048,2,0
3013,25.4661,42.5279,2,0
3014,537.581,203.538,2,0
3015,297.274,120.188,2,0
3016,515.413,227.774,2,0
3017,445.764,2,2,0
3018,456.242,34.3467,2,0
3019,155.853,194.585,2,0
3020,144.405,156.825,2,0
3021,424.149,109.037,2,0
3022,426.25,124.559,2,0
3023,533.675,183.626,2,0
3024,540.4,293.661,2,0
3025,360.55,202.08,2,0
3026,505.963,294.261,2,0
3027,503.922,32.7703,2,0
3028,177.471,255.23,2,0
3029,261.219,205.844,2,0
3030,299.716,140.277,2,0
3031,184.485,118.751,2,0
3032,285.209,82.8585,2,0
3033,475.475,298,2,0
3034,262.837,91.5875,2,0
3035,18.6195,250.977,2,0
3036,548.376,220.305,2,0
3037,395.613,165.084,2,0
3038,461.155,276.55,2,0
3039,122.851,42.5519,2,0
3040,224.975,93.0359,2,0
3041,187.557,206.873,2,0
3042,253.797,70.6581,2,0
3043,585.404,46.651,2,0
3044,340.237,178.123,2,0
3045,36.4348,58.5338,2,0
3046,34.0495,93.3126,2,0
3047,548.074,106.861,2,0
3048,495.53,130.508,2,0
3049,324.97,255.951,2,0
3050,146.851,288.448,2,0
3051,350.319,77.7507,2,0
3052,85.2859,128.36,2,0
3053,589.556,273.091,2,0
3054,376.289,129.584,2,0
3055,437.247,91.1713,2,0
3056,362.624,158.743,2,0
3057,586.283,264.708,2,0
3058,130.723,243.507,2,0
3059,83.0114,97.689,2,0
3060,449.323,224.003,2,0
3061,158.946,148.903,2,0
3062,151.819,111.615,2,0
3063,20.3527,184.792,2,0
3064,218.255,68.5764,2,0
3065,543.761,80.8782,2,0
3066,22.7358,156.248,2,0
3067,27.1152,188.104,2,0
3068,321.245,135.805,2,0
3069,37.8043,269.233,2,0
3070,402.758,269.487,2,0
3071,103.226,74.0749,2,0
3072,448.4,57.9803,2,0
3073,208.984,196.033,2,0
3074,343.819,269.084,2,0
3075,295.091,234.107,2,0
3076,303.338,63.0495,2,0
3077,141.532,201.68,2,0
3078,423.822,234.571,2,0
3079,443.09,197.065,2,0
3080,460.564,229.963,2,0
3081,357.878,271.879,2,0
3082,518.52,110.362,2,0
3083,220.105,22.6435,2,0
3084,576.226,213.585,2,0
3085,100.59,266.721,2,0
3086,289.705,13.7206,2,0
3087,365.221,253.484,2,0
3088,27.1372,47.3192,2,0
3089,474.23,219.927,2,0
3090,2.87717,294.143,2,0
3091,280.169,17.0658,2,0
3092,154.214,13.0806,2,0
3093,571.324,157.421,2,0
3094,531.856,190.666,2,0
3095,189.262,130.074,2,0
3096,16.8288,14.0449,2,0
3097,264.9,284.45,2,0
3098,377.617,69.4144,2,0
3099,336.613,83.9482,2,0
3100,178.776,109.374,2,0
3101,578.404,230.564,2,0
3102,211.102,28.785,2,0
3103,455.299,59.2545,2,0
3104,408.39,69.5377,2,0
3105,133.583,81.9429,2,0
3106,39.275,219.666,2,0
3107,267.229,200.516,2,0
3108,299.154,234.703,2,0
3109,261.008,189.948,2,0
3110,64.7621,157.396,2,0
3111,435.812,157.448,2,0
3112,555.266,259.103,2,0
3113,417.731,70.2142,2,0
3114,437.64,164.133,2,0
3115,592.52,40.0042,2,0
3116,265.532,171.17,2,0
3117,292.669,55.9554,2,0
3118,500.388,136.714,2,0
3119,595.671,160.828,2,0
3120,432.299,260.711,2,0
3121,451.459,65.0476,2,0
3122,125.197,128.912,2,0
3123,390.917,35.1316,2,0
3124,586.12,275.362,2,0
3125,25.3482,263.139,2,0
3126,20.206,16.3223,2,0
3127,45.4883,58.553,2,0
3128,0.206167,250.088,2,0
3129,338.182,164.724,2,0
3130,66.9556,58.9729,2,0
3131,88.8063,78.9319,2,0
3132,557.956,103.613,2,0
3133,49.6881,103.385,2,0
3134,126.039,171.077,2,0
3135,168.589,207.246,2,0
3136,390.633,113.449,2,0
3137,55.2283,273.865,2,0
3138,185.022,134.869,2,0
3139,566.93,99.0499,2,0
3140,497.734,5.96585,2,0
3141,44.591,19.8604,2,0
3142,323.374,286.864,2,0
3143,193.645,52.0525,2,0
3144,248.093,31.1078,2,0
3145,86.4849,21.9848,2,0
3146,383.889,116.843,2,0
3147,137.012,148.477,2,0
3148,214.118,255.637,2,0
3149,550.136,34.9875,2,0
3150,389.662,290.13,2,0
3151,468.389,238.721,2,0
3152,74.325,269.961,2,0
3153,506.14,218.16,2,0
3154,516.954,170.762,2,0
3155,67.2023,117.339,2,0
3156,408.566,112.108,2,0
3157,517.147,21.5686,2,0
3158,2.1729,45.0169,2,0
3159,31.3525,130.622,2,0
3160,93.7548,228.408,2,0
3161,303.108,260.798,2,0
3162,3.7331,48.8229,2,0
3163,295.214,184.99,2,0
3164,571.835,174.94,2,0
3165,159.78,69.004,2,0
3166,414.04,132.698,2,0
3167,549.464,181.296,2,0
3168,117.083,163.6,2,0
3169,483.184,167.846,2,0
3170,548.868,115.078,2,0
3171,28.7935,56.7521,2,0
3172,111.489,41.2144,2,0
3173,317.502,92.5479,2,0
3174,152.767,89.7508,2,0
3175,598.248,243.862,2,0
3176,246.987,141.753,2,0
3177,79.3023,236.874,2,0
3178,316.93,186.311,2,0
3179,507.355,222.093,2,0
3180,308.386,262.01,2,0
3181,503.362,155.27,2,0
3182,352.897,286.282,2,0
3183,580.354,134.532,2,0
3184,430.967,26.0137,2,0
3185,395.758,34.6881,2,0
3186,447.828,62.1147,2,0
3187,122.243,267.033,2,0
3188,100.035,112.52,2,0
3189,443.288,149.843,2,0
3190,502.135,176.835,2,0
3191,251.664,186.928,2,0
3192,89.4808,130.351,2,0
3193,38.7767,135.467,2,0
3194,236.702,89.0362,2,0
3195,258.047,129.551,2,0
3196,192.469,90.6938,2,0
3197,566.95,76.5588,2,0
3198,429.358,49.8549,2,0
3199,432.838,223.688,2,0
3200,62.0604,236.294,2,0
3201,421.64,34.5007,2,0
3202,29.4885,31.2528,2,0
3203,102.19,132.765,2,0
3204,531.056,62.7007,2,0
3205,524.628,225.333,2,0
3206,346.931,137.637,2,0
3207,361.306,260.28,2,0
3208,488.91,18.8194,2,0
3209,98.1161,292.522,2,0
3210,205.21,221.567,2,0
3211,289.106,136.683,2,0
3212,271.994,84.7189,2,0
3213,530.601,91.2022,2,0
3214,583.42,60.5221,2,0
3215,320.642,221.225,2,0
3216,161.099,14.1759,2,0
3217,497.343,161.216,2,0
3218,598.23,152.94,2,0
3219,135.555,108.067,2,0
3220,575.749,84.0773,2,0
3221,215.785,173.969,2,0
3222,241.613,26.5156,2,0
3223,294.487,286.265,2,0
3224,238.573,19.4981,2,0
3225,207.531,26.9801,2,0
3226,533.596,93.877,2,0
3227,85.388,113.101,2,0
3228,560.761,80.0238,2,0
3229,339.445,231.701,2,0
3230,83.9714,173.249,2,0
3231,302.259,32.812,2,0
3232,589.373,10.4791,2,0
3233,417.436,6.01053,2,0
3234,274.584,96.1585,2,0
3235,214.233,236.804,2,0
3236,477.582,141.505,2,0
3237,76.6993,30.5771,2,0
3238,460.417,164.201,2,0
3239,474.044,228.105,2,0
3240,135.51,78.3132,2,0
3241,187.22,248.137,2,0
3242,329.097,137.156,2,0
3243,84.017,166.327,2,0
3244,192.923,113.012,2,0
3245,392.357,92.271,2,0
3246,68.8819,65.5025,2,0
3247,213.318,283.741,2,0
3248,66.2105,236.005,2,0
3249,284.252,183.809,2,0
3250,126.377,208.967,2,0
3251,67.1651,239.926,2,0
3252,221.086,186.959,2,0
3253,311.686,54.8408,2,0
3254,556.277,121.202,2,0
3255,325.208,187.974,2,0
3256,375.602,87.2592,2,0
3257,248.105,273.625,2,0
3258,526.591,95.0074,2,0
3259,583.865,271.972,2,0
3260,331.753,273.209,2,0
3261,239.897,208.454,2,0
3262,117.798,241.799,2,0
3263,26.032,259.14,2,0
3264,277.887,79.3397,2,0
3265,59.9055,260.23,2,0
3266,438.073,87.2266,2,0
3267,4.81493,106.28,2,0
3268,408.273,166.324,2,0
3269,263.355,46.8105,2,0
3270,56.8194,253.159,2,0
3271,486.291,218.379,2,0
3272,541.351,92.9577,2,0
3273,39.0944,68.8736,2,0
3274,514.722,152.249,2,0
3275,234.261,159.67,2,0
3276,441.406,222.323,2,0
3277,401.704,100.376,2,0
3278,562.808,76.5443,2,0
3279,112.21,176.673,2,0
3280,258.371,121.463,2,0
3281,5.67329,291.053,2,0
3282,582.4,229.423,2,0
3283,109.4,279.966,2,0
3284,114.709,38.6814,2,0
3285,456.222,180.348,2,0
3286,254.176,183.75,2,0
3287,243.432,49.7755,2,0
3288,383.868,81.6224,2,0
3289,140.136,38.4805,2,0
3290,593.491,167.768,2,0
3291,165.046,273.258,2,0
3292,186.661,218.124,2,0
3293,526.686,275.869,2,0
3294,97.4458,131.389,2,0
3295,294.168,117.588,2,0
3296,244.189,188.961,2,0
3297,592.543,172.046,2,0
3298,594.658,95.5622,2,0
3299,243.837,184.938,2,0
3300,536.191,245.696,2,0
3301,391.097,45.9165,2,0
3302,316.166,67.0827,2,0
3303,51.629,195.421,2,0
3304,36.6752,96.4848,2,0
3305,479.94,101.52,2,0
3306,420.652,77.8421,2,0
3307,174.044,82.2439,2,0
3308,319.607,80.5637,2,0
3309,148.598,192.616,2,0
3310,220.119,137.128,2,0
3311,194.29,293.972,2,0
3312,375.488,148.618,2,0
3313,481.016,118.871,2,0
3314,54.9007,59.9254,2,0
3315,129.199,250.451,2,0
3316,7.43773,172.742,2,0
3317,585.942,64.3023,2,0
3318,188.976,140.457,2,0
3319,195.533,105.366,2,0
3320,370.151,222.751,2,0
3321,268.322,231.02,2,0
3322,378.739,211.607,2,0
3323,180.919,187.776,2,0
3324,284.27,43.7689,2,0
3325,227.284,2,2,0
3326,351.471,111.116,2,0
3327,325.186,179.602,2,0
3328,354.634,133.002,2,0
3329,62.8951,117.006,2,0
3330,404.605,215.11,2,0
3331,294.919,213.399,2,0
3332,276.81,226.521,2,0
3333,4.17922,115.705,2,0
3334,10.4394,290.863,2,0
3335,572.542,20.5944,2,0
3336,188.193,236.976,2,0
3337,289.27,217.859,2,0
3338,556.98,210.414,2,0
3339,211.198,179.659,2,0
3340,33.7512,86.6748,2,0
3341,281.703,80.7484,2,0
3342,33.1476,112.146,2,0
3343,132.509,280.041,2,0
3344,202.188,36.2891,2,0
3345,242.905,122.853,2,0
3346,308.406,100.532,2,0
3347,522.322,78.1551,2,0
3348,210.836,84.5205,2,0
3349,112.803,282.167,2,0
3350,496.424,30.6301,2,0
3351,539.421,33.5006,2,0
3352,323.132,160.097,2,0
3353,368.05,125.823,2,0
3354,12.4029,214.511,2,0
3355,336.507,38.049,2,0
3356,377.498,215.563,2,0
3357,542.261,127.875,2,0
3358,212.547,139.211,2,0
3359,1.58799,246.191,2,0
3360,535.229,56.7214,2,0
3361,504.298,228.789,2,0
3362,359.349,13.9332,2,0
3363,506.669,49.4386,2,0
3364,228.763,88.326,2,0
3365,121.86,235.182,2,0
3366,576.168,267.811,2,0
3367,198.056,140.602,2,0
3368,494.163,260.658,2,0
3369,105.831,148.669,2,0
3370,3.08463,222.313,2,0
3371,499.596,289.113,2,0
3372,336.655,139.624,2,0
3373,126.284,140.807,2,0
3374,507.478,155.094,2,0
3375,237.764,80.9564,2,0
3376,225.706,173.621,2,0
3377,362.177,236.014,2,0
3378,222.297,198.446,2,0
3379,36.5593,259.703,2,0
3380,275.127,150.266,2,0
3381,43.2125,275.371,2,0
3382,447.71,135.068,2,0
3383,527.183,283.394,2,0
3384,504.646,100.647,2,0
3385,106.837,112.048,2,0
3386,593.676,88.7182,2,0
3387,313.037,91.8484,2,0
3388,412.956,111.916,2,0
3389,312.106,98.6188,2,0
3390,368.124,82.4344,2,0
3391,24.4105,241.255,2,0
3392,556.716,69.7718,2,0
3393,543.055,214.462,2,0
3394,116.882,13.0457,2,0
3395,446.999,40.5347,2,0
3396,209.229,33.6305,2,0
3397,121.538,175.271,2,0
3398,567.857,175.603,2,0
3399,353.381,45.3021,2,0
3400,52.9628,199.369,2,0
3401,59.2328,243.672,2,0
3402,524.065,12.7354,2,0
3403,246.154,81.527,2,0
3404,195.254,272.009,2,0
3405,249.369,149.675,2,0
3406,66.0911,150.471,2,0
3407,206.523,46.7227,2,0
3408,500.488,140.717,2,0
3409,122.468,181.72,2,0
3410,65.5967,80.3687,2,0
3411,510.992,138.668,2,0
3412,428.033,97.9972,2,0
3413,421.201,231.511,2,0
3414,588.823,163.218,2,0
3415,16.7452,287.626,2,0
3416,311.39,200.736,2,0
3417,16.2049,132.565,2,0
3418,175.454,281.315,2,0
3419,178.267,288.917,2,0
3420,534.862,241.48,2,0
3421,14.6396,266.421,2,0
3422,587.846,93.1544,2,0
3423,499.284,282.681,2,0
3424,149.828,78.8944,2,0
3425,120.548,14.7094,2,0
3426,502.706,147.99,2,0
3427,175.576,55.893,2,0
3428,497.98,292.792,2,0
3429,308.795,143.541,2,0
3430,129.769,152.32,2,0
3431,267.498,248.055,2,0
3432,137.763,223.589,2,0
3433,464.888,90.4402,2,0
3434,30.0292,2,2,0
3435,96.0552,15.2762,2,0
3436,591.58,142.248,2,0
3437,423.382,112.998,2,0
3438,586.139,105.003,2,0
3439,334.887,275.8,2,0
3440,280.273,229.679,2,0
3441,201.822,186.727,2,0
3442,286.552,270.1,2,0
3443,410.94,241.733,2,0
3444,329.594,294.498,2,0
3445,379.487,267.162,2,0
3446,95.5994,105.861,2,0
3447,215.459,275.548,2,0
3448,352.477,281.526,2,0
3449,346.342,235.881,2,0
3450,275.701,113.562,2,0
3451,197.405,100.73,2,0
3452,151.861,71.1272,2,0
3453,10.6048,266.482,2,0
3454,88.923,101.304,2,0
3455,262.357,120.506,2,0
3456,597.297,181.597,2,0
3457,6.49673,66.8978,2,0
3458,72.3486,282.16,2,0
3459,519.974,74.8069,2,0
3460,132.611,159.235,2,0
3461,430.286,275.669,2,0
3462,183.293,52.931,2,0
3463,64.6311,120.613,2,0
3464,497.789,58.6752,2,0
3465,312.41,22.5958,2,0
3466,209.773,168.426,2,0
3467,508.469,174.491,2,0
3468,434.843,298,2,0
3469,102.518,136.918,2,0
3470,467.176,86.9035,2,0
3471,301.51,217.95,2,0
3472,598.941,224.638,2,0
3473,467.79,215.249,2,0
3474,104.509,265.695,2,0
3475,52.2668,191.461,2,0
3476,219.071,196.021,2,0
3477,585.305,18.8861,2,0
3478,159.08,222.429,2,0
3479,161.515,100.574,2,0
3480,239.555,236.774,2,0
3481,533.363,7.5078,2,0
3482,228.671,63.0316,2,0
3483,72.224,145.199,2,0
3484,389.603,99.9342,2,0
3485,258.495,290.129,2,0
3486,298.629,272.434,2,0
3487,79.1358,99.7081,2,0
3488,125.755,227.138,2,0
3489,469.803,140.224,2,0
3490,143.464,284.612,2,0
3491,458.569,111.897,2,0
3492,522.439,221.757,2,0
3493,238.603,259.089,2,0
3494,519.56,266.67,2,0
3495,567.903,103.768,2,0
3496,310.062,231.817,2,0
3497,452.282,35.2723,2,0
3498,316.101,278.751,2,0
3499,242.992,84.0997,2,0
3500,495.915,97.8121,2,0
3501,16.1899,291.783,2,0
3502,191.681,195.535,2,0
3503,205.42,129.31,2,0
3504,129.659,67.7877,2,0
3505,476.32,185.597,2,0
3506,473.741,80.5596,2,0
3507,395.707,2,2,0
3508,238.284,103.75,2,0
3509,411.243,181.669,2,0
3510,284.57,175.156,2,0
3511,386.367,125.054,2,0
3512,254.513,45.7944,2,0
3513,400.644,20.7474,2,0
3514,29.0021,6.85825,2,0
3515,587.1,179.226,2,0
3516,487.232,92.616,2,0
3517,487.347,71.4796,2,0
3518,511.77,217.628,2,0
3519,326.009,139.812,2,0
3520,272.872,176.945,2,0
3521,449.103,293.99,2,0
3522,237.538,270.081,2,0
3523,161.738,124.956,2,0
3524,13.6053,57.6981,2,0
3525,101.167,33.9368,2,0
3526,8.63635,198.233,2,0
3527,189.236,276.683,2,0
3528,259.839,186.1,2,0
3529,145.724,26.9743,2,0
3530,496.699,54.7159,2,0
3531,309.3,283.694,2,0
3532,53.7719,264.516,2,0
3533,502.672,49.2083,2,0
3534,599.488,162.439,2,0
3535,587.026,73.2585,2,0
3536,101.917,54.2119,2,0
3537,348.01,7.48116,2,0
3538,78.9593,183.999,2,0
3539,62.9949,286.198,2,0
3540,231.91,150.939,2,0
3541,316.805,135.042,2,0
3542,43.0684,61.8718,2,0
3543,77.5711,74.2015,2,0
3544,289.62,105.111,2,0
3545,555.021,263.299,2,0
3546,257.626,141.017,2,0
3547,488.832,254.042,2,0
3548,181.405,256.442,2,0
3549,562.982,49.0821,2,0
3550,111.711,9.26754,2,0
3551,32.4844,37.2822,2,0
3552,191.305,287.757,2,0
3553,518.031,285.058,2,0
3554,230.578,158.107,2,0
3555,451.75,16.5688,2,0
3556,404.118,30.3183,2,0
3557,484.549,120.755,2,0
3558,106.159,214.41,2,0
3559,528.962,160.72,2,0
3560,338.278,31.7109,2,0
3561,572.21,267.054,2,0
3562,90.0904,251.759,2,0
3563,217.148,259.416,2,0
3564,157.156,266.347,2,0
3565,195.572,28.3158,2,0
3566,342.648,199.64,2,0
3567,439.22,234.557,2,0
3568,517,84.9359,2,0
3569,271.779,106.486,2,0
3570,315.782,150.534,2,0
3571,270.285,266.228,2,0
3572,484.888,44.7289,2,0
3573,39.0449,159.841,2,0
3574,515.771,62.4942,2,0
3575,47.474,195.388,2,0
3576,331.534,56.4139,2,0
3577,405.266,34.2199,2,0
3578,505.122,271.477,2,0
3579,91.7741,262.233,2,0
3580,327.949,38.9215,2,0
3581,430.371,160.717,2,0
3582,544.548,103.979,2,0
3583,485.618,238.257,2,0
3584,281.286,170.623,2,0
3585,318.434,204.213,2,0
3586,171.268,44.984,2,0
3587,493.404,217.874,2,0
3588,491.046,258.012,2,0
3589,592.435,187.595,2,0
3590,198.717,269.966,2,0
3591,307.731,139.623,2,0
3592,50.9939,116.102,2,0
3593,404.155,96.8603,2,0
3594,111.118,124.082,2,0
3595,315.442,236.75,2,0
3596,337.94,91.6657,2,0
3597,186.576,22.3822,2,0
3598,203.25,105.76,2,0
3599,83.3053,215.325,2,0
3600,108.947,191.185,2,0
3601,461.798,35.0479,2,0
3602,548.784,38.7599,2,0
3603,541.501,36.9539,2,0
3604,485.465,57.2066,2,0
3605,359.796,81.3322,2,0
3606,467.241,210.492,2,0
3607,387.902,21.4665,2,0
3608,598.069,185.603,2,0
3609,379.952,76.6913,2,0
3610,139.36,283.807,2,0
3611,470.596,155.499,2,0
3612,80.0046,166.791,2,0
3613,59.07,115.804,2,0
3614,110.525,128.431,2,0
3615,572.896,161.171,2,0
3616,244.247,127.043,2,0
3617,18.0082,80.8221,2,0
3618,249.569,217.608,2,0
3619,123.701,73.4497,2,0
3620,271.669,248.875,2,0
3621,42.3162,185.872,2,0
3622,166.3,64.7951,2,0
3623,236.526,210.722,2,0
3624,391.006,136.72,2,0
3625,62.5506,77.553,2,0
3626,93.1834,85.5616,2,0
3627,410.459,90.9184,2,0
3628,293.592,217.294,2,0
3629,17.2705,93.208,2,0
3630,564.607,42.8301,2,0
3631,247.343,234.974,2,0
3632,392.862,183.022,2,0
3633,521.005,85.2616,2,0
3634,72.0491,135.291,2,0
3635,563.056,23.7218,2,0
3636,501.4,197.249,2,0
3637,418.503,151.482,2,0
3638,242.909,221.735,2,0
3639,417.173,231.153,2,0
3640,479.843,75.2441,2,0
3641,237.893,171.616,2,0
3642,275.707,23.5038,2,0
3643,226.726,66.5492,2,0
3644,173.675,229.261,2,0
3645,172.656,197.128,2,0
3646,165.387,137.742,2,0
3647,246.684,159.942,2,0
3648,107.097,142.717,2,0
3649,72.1738,198.158,2,0
3650,260.238,107.336,2,0
3651,502.432,67.5912,2,0
3652,334.259,158.012,2,0
3653,482.365,204.156,2,0
3654,276.196,209.471,2,0
3655,468.538,38.606,2,0
3656,555.086,177.728,2,0
3657,178.505,69.7831,2,0
3658,526.423,287.415,2,0
3659,451.132,54.9713,2,0
3660,554.075,213.418,2,0
3661,299.378,178.912,2,0
3662,443.047,41.4293,2,0
3663,235.653,26.0552,2,0
3664,379.99,149.503,2,0
3665,123.6,28.8851,2,0
3666,162.977,262.06,2,0
3667,362.292,256.343,2,0
3668,399.283,298,2,0
3669,117.09,276.056,2,0
3670,119.334,264.164,2,0
3671,527.89,189.585,2,0
3672,168.508,281.103,2,0
3673,535.659,211.408,2,0
3674,34.1943,11.8897,2,0
3675,297.057,205.586,2,0
3676,443.884,23.2822,2,0
3677,76.5803,249.975,2,0
3678,232.036,167.329,2,0
3679,503.498,168.008,2,0
3680,494.976,182.568,2,0
3681,425.416,2,2,0
3682,406.387,115.596,2,0
3683,400.572,244.494,2,0
3684,12.4018,188.496,2,0
3685,487.594,298,2,0
3686,41.7796,268.121,2,0
3687,150.29,47.3346,2,0
3688,575.414,23.4847,2,0
3689,152.186,115.887,2,0
3690,205.71,117.167,2,0
3691,347.883,271.879,2,0
3692,396.581,243.864,2,0
3693,27.8747,52.4917,2,0
3694,155.081,143.146,2,0
3695,344.929,18.1239,2,0
3696,529.735,182.743,2,0
3697,569.663,39.9981,2,0
3698,342.221,255.05,2,0
3699,301.266,42.9887,2,0
3700,300.53,6.89148,2,0
3701,400.603,55.1646,2,0
3702,113.18,183.721,2,0
3703,247.057,238.977,2,0
3704,591.313,159.949,2,0
3705,203.915,206.746,2,0
3706,443.096,92.3767,2,0
3707,578.235,256.855,2,0
3708,236.479,48.0757,2,0
3709,597.744,298,2,0
3710,217.416,120.146,2,0
3711,418.077,186.694,2,0
3712,281.735,9.93503,2,0
3713,127.71,37.1894,2,0
3714,559.843,282.258,2,0
3715,335.048,7.67669,2,0
3716,387.242,55.0341,2,0
3717,443.583,275.994,2,0
3718,278.263,126.283,2,0
3719,358.161,235.641,2,0
3720,377.871,273.332,2,0
3721,209.801,262.02,2,0
3722,531.699,58.6953,2,0
3723,338.53,227.71,2,0
3724,12.9356,12.9177,2,0
3725,460.351,139.658,2,0
3726,533.791,135.028,2,0
3727,291.778,220.977,2,0
3728,520.545,218.155,2,0
3729,370.937,137.647,2,0
3730,82.2681,150.69,2,0
3731,246.66,96.4251,2,0
3732,195.576,79.7636,2,0
3733,37.9337,280.567,2,0
3734,62.2532,35.7628,2,0
3735,282.469,94.6009,2,0
3736,585.205,101.093,2,0
3737,152.347,224.719,2,0
3738,101.131,289.767,2,0
3739,388.83,225.543,2,0
3740,392.42,102.977,2,0
3741,128.947,135.895,2,0
3742,563.451,186.595,2,0
3743,195.148,267.914,2,0
3744,60.8507,142.247,2,0
3745,392.45,190.913,2,0
3746,206.849,84.0257,2,0
3747,549.714,272.321,2,0
3748,249.144,167.657,2,0
3749,520.316,40.1172,2,0
3750,108.362,63.5934,2,0
3751,520.507,236.641,2,0
3752,479.491,298,2,0
3753,119.579,2,2,0
3754,532.219,244.568,2,0
3755,312.597,281.301,2,0
3756,466.059,111.731,2,0
3757,303.535,171.142,2,0
3758,12.4914,192.52,2,0
3759,418.79,24.7557,2,0
3760,222.828,194.308,2,0
3761,235.356,121.631,2,0
3762,113.872,197.671,2,0
3763,21.0245,8.16576,2,0
3764,125.814,32.2814,2,0
3765,110.843,250.903,2,0
3766,458.993,86.4425,2,0
3767,354.282,126.817,2,0
3768,224.088,15.5242,2,0
3769,380.944,119.593,2,0
3770,214.955,201.895,2,0
3771,152.649,82.0765,2,0
3772,243.89,139.106,2,0
3773,453.656,81.7023,2,0
3774,120.302,31.2167,2,0
3775,10.4389,176.267,2,0
3776,350.098,148.714,2,0
3777,41.6886,223.279,2,0
3778,477.538,121.178,2,0
3779,47.6452,2,2,0
3780,501.636,111.401,2,0
3781,230.714,190.765,2,0
3782,596.468,18.31,2,0
3783,530.411,228.567,2,0
3784,587.89,254.303,2,0
3785,76.2357,245.044,2,0
3786,232.16,176.03,2,0
3787,211.646,95.2582,2,0
3788,520.968,171.461,2,0
3789,479.117,189.412,2,0
3790,510.992,16.4829,2,0
3791,491.99,139.499,2,0
3792,153.705,245.844,2,0
3793,209.948,126.168,2,0
3794,231.565,186.764,2,0
3795,359.919,239.319,2,0
3796,361.45,73.678,2,0
3797,250.298,67.5381,2,0
3798,400.873,88.7245,2,0
3799,8.7155,95.5558,2,0
3800,395.107,269.507,2,0
3801,535.151,62.7968,2,0
3802,459.374,207.475,2,0
3803,447.503,265.522,2,0
3804,125.053,136.944,2,0
3805,536.067,14.7373,2,0
3806,563.47,158.683,2,0
3807,449.503,154.695,2,0
3808,357.094,38.3638,2,0
3809,356.073,240.517,2,0
3810,542.252,210.4,2,0
3811,381.837,289.049,2,0
3812,13.3838,108.812,2,0
3813,227.746,46.3027,2,0
3814,212.17,13.9015,2,0
3815,227.381,245.62,2,0
3816,312.068,160.294,2,0
3817,280.567,182.09,2,0
3818,313.116,32.3015,2,0
3819,594.888,144.856,2,0
3820,202.894,281.134,2,0
3821,173.096,6.03819,2,0
3822,139.892,135.798,2,0
3823,387.794,139.141,2,0
3824,483.4,161.592,2,0
3825,75.3782,237.691,2,0
3826,174.142,190.084,2,0
3827,109.707,67.4842,2,0
3828,52.5626,94.1725,2,0
3829,125.468,96.7482,2,0
3830,318.867,105.82,2,0
3831,450.935,94.1123,2,0
3832,331.957,129.87,2,0
3833,356.368,185.166,2,0
3834,163.829,61.5652,2,0
3835,284.551,187.811,2,0
3836,491.738,43.1496,2,0
3837,573.267,275.021,2,0
3838,68.7871,158.136,2,0
3839,217.289,5.55911,2,0
3840,105.151,192.569,2,0
3841,356.095,112.439,2,0
3842,96.1224,151.111,2,0
3843,45.6889,74.8319,2,0
3844,544.666,207.011,2,0
3845,286.333,110.071,2,0
3846,209.137,23.3025,2,0
3847,106.195,77.0248,2,0
3848,87.9255,175.731,2,0
3849,277.132,133.067,2,0
3850,279.191,289.721,2,0
3851,443.758,136.01,2,0
3852,504.293,282.363,2,0
3853,549.255,125.795,2,0
3854,551.626,73.4921,2,0
3855,446.961,85.6192,2,0
3856,590.315,123.212,2,0
3857,242.495,9.53831,2,0
3858,244.607,34.3924,2,0
3859,340.333,173.254,2,0
3860,5.3174,209.89,2,0
3861,350.772,203.32,2,0
3862,408.367,77.2588,2,0
3863,228.818,145.837,2,0
3864,567.393,280.55,2,0
3865,505.256,60.1963,2,0
3866,239.035,15.5048,2,0
3867,495.772,275.217,2,0
3868,179.912,248.122,2,0
3869,226.661,255.933,2,0
3870,469.013,14.7888,2,0
3871,475.136,267.198,2,0
3872,596.767,170.065,2,0
3873,125.645,259.852,2,0
3874,1.41481,72.4307,2,0
3875,537.877,190.529,2,0
3876,397.053,69.9445,2,0
3877,543.317,32.3721,2,0
3878,501.845,121.987,2,0
3879,221.054,121.99,2,0
3880,240.262,46.3588,2,0
3881,293.2,113.64,2,0
3882,479.178,173.333,2,0
3883,398.824,211.735,2,0
3884,483.671,255.598,2,0
3885,184.362,210.185,2,0
3886,365.845,223.591,2,0
3887,273.6,184.326,2,0
3888,37.3927,46.6364,2,0
3889,298.739,191.166,2,0
3890,201.701,121.413,2,0
3891,25.5158,255.131,2,0
3892,577.388,65.757,2,0
3893,41.3467,58.2055,2,0
3894,348.935,106.954,2,0
3895,477.512,59.5301,2,0
3896,357.152,208.23,2,0
3897,539.563,80.7563,2,0
3898,490.552,282.035,2,0
3899,546.106,270.424,2,0
3900,112.226,89.9026,2,0
3901,8.65898,72.5723,2,0
3902,185.324,128.999,2,0
3903,283.985,69.2169,2,0
3904,148.278,68.9598,2,0
3905,339.146,133.252,2,0
3906,191.725,121.175,2,0
3907,567.562,132.33,2,0
3908,507.92,226.758,2,0
3909,14.4054,123.532,2,0
3910,395.746,200.896,2,0
3911,466.515,269.314,2,0
3912,3.93701,186.024,2,0
3913,514.775,28.8312,2,0
3914,416.773,21.1911,2,0
3915,254.149,268.527,2,0
3916,278.634,198.308,2,0
3917,272.28,25.7605,2,0
3918,344.66,274.53,2,0
3919,215.315,28.9112,2,0
3920,518.213,149.167,2,0
3921,373.35,132.385,2,0
3922,59.3174,274.708,2,0
3923,344.137,122.049,2,0
3924,77.228,65.5825,2,0
3925,513.778,99.7493,2,0
3926,522.813,274.272,2,0
3927,175.904,25.402,2,0
3928,107.457,180.511,2,0
3929,46.6886,160.19,2,0
3930,196.451,209.974,2,0
3931,531.016,186.646,2,0
3932,3.93945,84.6062,2,0
3933,175.956,118.478,2,0
3934,357.068,129.798,2,0
3935,413.134,230.867,2,0
3936,557.036,140.022,2,0
3937,488.034,118.759,2,0
3938,135.148,186.649,2,0
3939,297.039,62.1045,2,0
3940,383.793,253.018,2,0
3941,319.967,120.565,2,0
3942,491.549,231.028,2,0
3943,540.211,149.92,2,0
3944,583.391,27.5347,2,0
3945,26.7155,154.908,2,0
3946,570.519,90.767,2,0
3947,72.2512,246.19,2,0
3948,263.752,178.497,2,0
3949,108.367,104.32,2,0
3950,113.172,146.283,2,0
3951,110.638,108.6,2,0
3952,197.849,54.3643,2,0
3953,362.163,104.308,2,0
3954,368.157,90.5637,2,0
3955,392.904,225.904,2,0
3956,285.252,78.6829,2,0
3957,218.794,269.903,2,0
3958,128.505,279.497,2,0
3959,544.428,43.4616,2,0
3960,14.8832,252.865,2,0
3961,165.177,89.1875,2,0
3962,76.0977,144.051,2,0
3963,143.484,11.4207,2,0
3964,134.671,96.5277,2,0
3965,34.5713,167.849,2,0
3966,551.902,80.8523,2,0
3967,60.9748,198.167,2,0
3968,562.895,110.437,2,0
3969,283.384,2,2,0
3970,271.408,225.134,2,0
3971,255.542,100.753,2,0
3972,243.146,264.702,2,0
3973,121.005,274.979,2,0
3974,437.61,254.467,2,0
3975,293.023,158.698,2,0
3976,502.605,88.879,2,0
3977,150.753,86.185,2,0
3978,100.404,62.0828,2,0
3979,400.486,174.964,2,0
3980,553.513,181.41,2,0
3981,202.648,59.6903,2,0
3982,81.312,112.679,2,0
3983,29.1009,264.74,2,0
3984,210.407,150.078,2,0
3985,551.415,30.2072,2,0
3986,455.721,187.664,2,0
3987,31.0171,212.939,2,0
3988,43.0152,102.299,2,0
3989,436.383,221.755,2,0
3990,78.9261,115.958,2,0
3991,528.908,164.833,2,0
3992,215.037,251.703,2,0
3993,348.815,114.244,2,0
3994,17.6478,116.136,2,0
3995,573.124,111.903,2,0
3996,419.934,16.3636,2,0
3997,488.155,172.863,2,0
3998,563.767,168.62,2,0
3999,28.4082,242.602,2,0
4000,66.9696,256.434,2,0
4001,243.745,241.339,2,0
4002,184.424,168.926,2,0
4003,210.254,281.14,2,0
4004,104.191,58.6676,2,0
4005,391.471,201.158,2,0
4006,596.565,193.433,2,0
4007,380.136,241.868,2,0
4008,427.538,187.404,2,0
4009,334.242,238.796,2,0
4010,406.749,282.967,2,0
4011,173.539,243.993,2,0
4012,346.332,88.8575,2,0
4013,577.531,91.6003,2,0
4014,479.429,79.3385,2,0
4015,394.062,238.829,2,0
4016,543.045,96.6127,2,0
4017,466.488,59.4688,2,0
4018,18.7165,266.309,2,0
4019,375.244,82.344,2,0
4020,433.945,101.586,2,0
4021,358.974,194.105,2,0
4022,519.771,208.299,2,0
4023,319.285,261.674,2,0
4024,570.844,212.745,2,0
4025,595.411,140.729,2,0
4026,312.564,145.168,2,0
4027,544.424,69.7918,2,0
4028,358.781,177.509,2,0
4029,161.266,278.398,2,0
4030,475.704,24.4342,2,0
4031,260.138,59.495,2,0
4032,575.73,240.834,2,0
4033,401.56,284.374,2,0
4034,44.0213,260.422,2,0
4035,373.168,287.283,2,0
4036,471.384,298,2,0
4037,153.392,217.881,2,0
4038,168.95,142.389,2,0
4039,195.969,88.5235,2,0
4040,155.117,127.757,2,0
4041,347.702,267.818,2,0
4042,512.417,118.879,2,0
4043,523.876,81.8587,2,0
4044,287.457,210.614,2,0
4045,41.8945,279.575,2,0
4046,57.0807,123.397,2,0
4047,475.219,149.324,2,0
4048,253.973,38.9986,2,0
4049,146.732,95.8148,2,0
4050,552.464,137.259,2,0
4051,108.131,166.372,2,0
4052,47.4572,166.173,2,0
4053,114.027,46.6355,2,0
4054,581.069,207.094,2,0
4055,84.773,90.0814,2,0
4056,429.566,172.057,2,0
4057,20.7436,12.1879,2,0
4058,553.464,195.346,2,0
4059,335.356,194.722,2,0
4060,206.309,2,2,0
4061,300.545,97.0914,2,0
4062,9.1821,24.4837,2,0
4063,398.458,17.1858,2,0
4064,105.257,129.868,2,0
4065,3.80419,252.155,2,0
4066,189.708,57.7618,2,0
4067,229.14,210.063,2,0
4068,119.791,197.659,2,0
4069,53.806,228.376,2,0
4070,150.093,285.947,2,0
4071,283.322,24.4761,2,0
4072,122.114,126.322,2,0
4073,526.956,157.207,2,0
4074,182.665,57.121,2,0
4075,218.74,277.989,2,0
4076,51.5762,27.0839,2,0
4077,496.762,122.544,2,0
4078,89.0773,229.434,2,0
4079,562.266,224.918,2,0
4080,215.768,65.3453,2,0
4081,416.051,260.589,2,0
4082,527.037,36.4346,2,0
4083,13.7271,7.88562,2,0
4084,301.908,231.648,2,0
4085,580.052,273.214,2,0
4086,34.7756,276.746,2,0
4087,260.088,34.9871,2,0
4088,218.803,83.7813,2,0
4089,173.488,115.14,2,0
4090,515.754,259.436,2,0
4091,249.674,17.7197,2,0
4092,148.519,137.759,2,0
4093,253.537,11.6048,2,0
4094,548.21,110.987,2,0
4095,113.644,241.993,2,0
4096,354.233,91.1098,2,0
4097,281.96,5.84845,2,0
4098,41.485,132.516,2,0
4099,420.838,135.225,2,0
4100,425.527,190.991,2,0
4101,392.095,61.2737,2,0
4102,292.635,60.3339,2,0
4103,427.665,136.008,2,0
4104,91.3443,242.621,2,0
4105,572.39,73.6895,2,0
4106,398.167,134.808,2,0
4107,175.28,111.407,2,0
4108,586.011,69.1657,2,0
4109,368.914,243.412,2,0
4110,169.563,92.5808,2,0
4111,361.02,39.6708,2,0
4112,364.383,59.6368,2,0
4113,592.932,191.595,2,0
4114,586.251,257.973,2,0
4115,489.241,156.882,2,0
4116,357.814,50.7676,2,0
4117,468.428,262.938,2,0
4118,35.6895,54.6005,2,0
4119,447.627,32.9759,2,0
4120,20.7944,269.876,2,0
4121,244.318,135.116,2,0
4122,413.426,210.636,2,0
4123,6.17513,44.2184,2,0
4124,454.769,71.5213,2,0
4125,488.1,197.568,2,0
4126,238.624,178.697,2,0
4127,427.746,151.661,2,0
4128,72.1564,170.282,2,0
4129,201.203,222.99,2,0
4130,472.629,38.1384,2,0
4131,366.317,147.601,2,0
4132,249.201,190.098,2,0
4133,460.795,157.48,2,0
4134,364.535,219.64,2,0
4135,362.306,298,2,0
4136,84.771,69.4581,2,0
4137,556.408,184.379,2,0
4138,168.28,120.769,2,0
4139,67.1907,72.4235,2,0
4140,233.499,263.045,2,0
4141,289.506,228.922,2,0
4142,578.259,167.393,2,0
4143,170.59,71.6499,2,0
4144,196.449,223.361,2,0
4145,370.389,191.194,2,0
4146,555.95,65.8455,2,0
4147,202.124,228.99,2,0
4148,519.964,251.2,2,0
4149,193.407,163.713,2,0
4150,191.461,105.734,2,0
4151,267.961,210.748,2,0
4152,91.6538,166.291,2,0
4153,540.597,206.507,2,0
4154,288.337,62.2232,2,0
4155,373.525,49.2929,2,0
4156,294.75,190.388,2,0
4157,189.809,149.113,2,0
4158,524.912,132.762,2,0
4159,582.239,194.421,2,0
4160,252.522,135.519,2,0
4161,460.078,120.85,2,0
4162,394.876,57.6411,2,0
4163,63.1813,85.0546,2,0
4164,369.823,239.486,2,0
4165,10.2197,2,2,0
4166,148.584,160.783,2,0
4167,95.3189,287.896,2,0
4168,83.8331,50.5226,2,0
4169,7.79153,221.098,2,0
4170,390.298,126.27,2,0
4171,231.975,24.3606,2,0
4172,206.882,259.138,2,0
4173,63.1999,72.814,2,0
4174,306.52,258.242,2,0
4175,262.307,242.818,2,0
4176,297.973,31.1092,2,0
4177,413.8,125.393,2,0
4178,393.368,154.628,2,0
4179,505.894,192.333,2,0
4180,442.572,157.19,2,0
4181,155.406,38.9167,2,0
4182,47.0408,100.295,2,0
4183,424.368,64.5097,2,0
4184,248.475,231.049,2,0
4185,76.0511,52.8734,2,0
4186,197.242,32.1456,2,0
4187,221.638,173.194,2,0
4188,567.702,159.319,2,0
4189,352.87,259.421,2,0
4190,29.9496,93.6706,2,0
4191,356.057,250.625,2,0
4192,11.635,112.549,2,0
4193,276.851,140.206,2,0
4194,315.108,246.424,2,0
4195,2.9308,64.7658,2,0
4196,225.584,42.8354,2,0
4197,208.014,132.466,2,0
4198,309.428,112.063,2,0
4199,575.57,128.873,2,0
4200,190.631,61.7265,2,0
4201,329.758,42.5381,2,0
4202,132.028,71.0422,2,0
4203,484.441,2,2,0
4204,234.528,17.8023,2,0
4205,256.852,251.673,2,0
4206,353.363,142.404,2,0
4207,501.807,132.812,2,0
4208,14.1903,101.086,2,0
4209,436.965,168.12,2,0
4210,500.543,183.668,2,0
4211,16.326,181.561,2,0
4212,507.982,250.617,2,0
4213,241.859,80.2026,2,0
4214,58.2013,162.199,2,0
4215,502.858,81.7843,2,0
4216,528.594,65.9613,2,0
4217,512.926,170.684,2,0
4218,569.841,153.574,2,0
4219,193.381,199.231,2,0
4220,586.247,120.235,2,0
4221,117.392,271.966,2,0
4222,263.824,279.217,2,0
4223,551.743,247.756,2,0
4224,546.884,46.6838,2,0
4225,255.496,247.704,2,0
4226,547.022,95.7699,2,0
4227,372.824,242.195,2,0
4228,598.525,48.6875,2,0
4229,249.389,226.476,2,0
4230,33.5264,33.3871,2,0
4231,559.296,7.25085,2,0
4232,204.486,262.467,2,0
4233,341.414,34.2344,2,0
4234,48.5872,250.74,2,0
4235,161.419,54.0824,2,0
4236,64.0371,200.93,2,0
4237,107.743,156.33,2,0
4238,549.303,51.927,2,0
4239,218.827,230.411,2,0
4240,217.811,166.117,2,0
4241,172.698,184.93,2,0
4242,455.578,251.849,2,0
4243,24.3953,120.681,2,0
4244,312.921,220.897,2,0
4245,213.48,288.147,2,0
4246,279.301,212.067,2,0
4247,503.673,237.012,2,0
4248,263.932,185.653,2,0
4249,85.9163,148.827,2,0
4250,169.202,164.07,2,0
4251,146.593,249.253,2,0
4252,369.015,129.752,2,0
4253,27.908,39.3136,2,0
4254,597.687,2,2,0
4255,541.375,197.597,2,0
4256,210.376,66.8858,2,0
4257,311.845,27.9892,2,0
4258,172.358,131.44,2,0
4259,566.384,6.08029,2,0
4260,371.667,229.387,2,0
4261,17.8296,142.11,2,0
4262,545.306,61.596,2,0
4263,405.096,26.4376,2,0
4264,160.368,254.882,2,0
4265,365.984,271.025,2,0
4266,320.077,217.163,2,0
4267,454.56,52.6602,2,0
4268,585.841,124.302,2,0
4269,274.353,55.42,2,0
4270,536.061,108.945,2,0
4271,569.131,18.4753,2,0
4272,110.738,293.073,2,0
4273,389.212,38.775,2,0
4274,82.0897,83.9478,2,0
4275,495.296,126.331,2,0
4276,13.3436,274.109,2,0
4277,534.406,264.138,2,0
4278,220.791,210.763,2,0
4279,107.449,30.2772,2,0
4280,548.468,102.768,2,0
4281,309.131,30.9735,2,0
4282,443.441,190.679,2,0
4283,231.742,273.62,2,0
4284,17.9071,177.283,2,0
4285,457.493,237.406,2,0
4286,239.796,274.69,2,0
4287,123.266,213.987,2,0
4288,210.339,2,2,0
4289,378.401,182.908,2,0
4290,470.697,34.6173,2,0
4291,422.714,87.4446,2,0
4292,213.982,186.03,2,0
4293,480.567,114.758,2,0
4294,59.2282,11.2756,2,0
4295,484.426,116.333,2,0
4296,530.44,248.239,2,0
4297,391.126,298,2,0
4298,86.7082,282.663,2,0
4299,376.036,4.0995,2,0
4300,476.043,113.29,2,0
4301,452.806,222.023,2,0
4302,431.178,107.71,2,0
4303,105.965,134.62,2,0
4304,174.459,239.935,2,0
4305,567.847,229.28,2,0
4306,573.661,58.5086,2,0
4307,439.522,203.359,2,0
4308,88.1526,171.674,2,0
4309,325.807,6.75439,2,0
4310,307.897,16.9725,2,0
4311,436.983,41.7107,2,0
4312,182.538,70.3602,2,0
4313,109.119,146.348,2,0
4314,10.684,241.406,2,0
4315,407.455,37.5894,2,0
4316,592.717,197.008,2,0
4317,351.329,166.799,2,0
4318,587.99,171.039,2,0
4319,477.645,129.369,2,0
4320,401.413,198.136,2,0
4321,230.104,196.925,2,0
4322,57.8666,291.933,2,0
4323,137.964,179.138,2,0
4324,334.953,97.1147,2,0
4325,161.516,290.101,2,0
4326,26.9744,213.603,2,0
4327,70.7263,254.856,2,0
4328,430.011,184.243,2,0
4329,364.03,111.164,2,0
4330,178.803,48.2414,2,0
4331,157.482,290.42,2,0
4332,376.974,10.9123,2,0
4333,541.391,140.388,2,0
4334,223.572,114.799,2,0
4335,568.611,72.1315,2,0
4336,152.632,30.882,2,0
4337,579.45,70.3194,2,0
4338,261.287,282.549,2,0
4339,206.343,66.9202,2,0
4340,272.865,242.014,2,0
4341,343.005,144.699,2,0
4342,89.0786,265.257,2,0
4343,563.023,31.4428,2,0
4344,209.723,216.087,2,0
4345,593.806,33.7503,2,0
4346,356.16,197.538,2,0
4347,424.87,141.758,2,0
4348,401.084,41.0941,2,0
4349,62.7591,245.757,2,0
4350,371.432,294.165,2,0
4351,117.518,297.827,2,0
4352,123.748,247.899,2,0
4353,582.878,190.053,2,0
4354,286.634,33.3091,2,0
4355,105.985,55.0314,2,0
4356,590.238,250.979,2,0
4357,279.897,129.948,2,0
4358,130.502,91.53,2,0
4359,164.484,188.798,2,0
4360,409.674,73.4138,2,0
4361,186.762,191.736,2,0
4362,404.428,179.006,2,0
4363,475.315,8.08119,2,0
4364,74.4535,126.35,2,0
4365,292.888,248.928,2,0
4366,252.926,224.501,2,0
4367,262.928,148.893,2,0
4368,262.342,296.541,2,0
4369,46.4006,224.051,2,0
4370,185.836,72.6374,2,0
4371,119.819,255.377,2,0
4372,101.378,66.2077,2,0
4373,183.336,101.588,2,0
4374,57.0982,177.522,2,0
4375,515.594,298,2,0
4376,264.71,203.626,2,0
4377,113.457,131.453,2,0
4378,489.881,12.1125,2,0
4379,208.052,176.996,2,0
4380,80.8342,176.102,2,0
4381,38.2068,197.63,2,0
4382,325.945,18.2341,2,0
4383,51.0657,20.1183,2,0
4384,377.856,29.8269,2,0
4385,408.249,30.0817,2,0
4386,471.957,184.581,2,0
4387,257.902,181.966,2,0
4388,377.302,133.648,2,0
4389,591.144,6.88226,2,0
4390,377.448,19.429,2,0
4391,574.215,256.282,2,0
4392,217.646,240.074,2,0
4393,286.246,11.5497,2,0
4394,555.497,240.245,2,0
4395,562.628,98.4011,2,0
4396,45.7261,90.0194,2,0
4397,365.923,105.855,2,0
4398,475.856,145.273,2,0
4399,227.692,188.016,2,0
4400,590.001,108.743,2,0
4401,255.528,74.3658,2,0
4402,165.844,245.819,2,0
4403,205.192,197.397,2,0
4404,71.0806,234.664,2,0
4405,197.397,201.168,2,0
4406,146.269,275.64,2,0
4407,192.228,5.64993,2,0
4408,200.504,163.37,2,0
4409,318.957,84.6338,2,0
4410,520.828,287.932,2,0
4411,266.061,130.805,2,0
4412,135.732,29.4084,2,0
4413,226.441,149.25,2,0
4414,405.603,127.163,2,0
4415,276.326,286.897,2,0
4416,53.3779,268.703,2,0
4417,158.291,108.055,2,0
4418,322.553,28.8489,2,0
4419,20.7037,293.672,2,0
4420,277.628,184.851,2,0
4421,185.83,203.174,2,0
4422,245.673,228.137,2,0
4423,80.4782,205.039,2,0
4424,503.294,44.258,2,0
4425,376.8,177.391,2,0
4426,329.895,141.248,2,0
4427,240.67,204.514,2,0
4428,7.67809,47.9892,2,0
4429,22.7159,220.082,2,0
4430,321.896,65.6384,2,0
4431,97.2822,274.326,2,0
4432,253.259,28.8593,2,0
4433,436.841,127.176,2,0
4434,161.99,247.23,2,0
4435,513.463,19.7782,2,0
4436,553.997,244.277,2,0
4437,447.079,176.499,2,0
4438,455.399,78.0853,2,0
4439,2.31145,226.965,2,0
4440,289.455,5.50804,2,0
4441,326.544,11.1233,2,0
4442,97.8774,119.903,2,0
4443,432.75,227.72,2,0
4444,547.93,262.67,2,0
4445,384.554,106.038,2,0
4446,64.2582,90.1049,2,0
4447,289.29,83.624,2,0
4448,510.826,122.606,2,0
4449,325.4,294.49,2,0
4450,399.198,124.189,2,0
4451,510.65,287.619,2,0
4452,29.0224,178.522,2,0
4453,354.482,41.4239,2,0
4454,431.354,37.4519,2,0
4455,584.428,216.475,2,0
4456,472.861,72.464,2,0
4457,12.3028,131.124,2,0
4458,218.773,151.263,2,0
4459,580.793,297.63,2,0
4460,148.301,296.022,2,0
4461,544.094,194.646,2,0
4462,209.322,51.226,2,0
4463,251.506,249.184,2,0
4464,334.232,202.778,2,0
4465,506.065,245.645,2,0
4466,181.867,61.0919,2,0
4467,227.944,100.531,2,0
4468,470.41,268.191,2,0
4469,478.324,156.001,2,0
4470,176.439,285.303,2,0
4471,142.274,132.546,2,0
4472,446.21,272.896,2,0
4473,468.083,7.47976,2,0
4474,116.529,245.69,2,0
4475,584.742,200.719,2,0
4476,101.997,45.2684,2,0
4477,77.4607,111.346,2,0
4478,379.762,232.415,2,0
4479,155.513,97.0966,2,0
4480,135.281,260.088,2,0
4481,254.027,165.5,2,0
4482,143.874,298,2,0
4483,517.484,254.369,2,0
4484,50.0966,124.127,2,0
4485,418.027,87.8189,2,0
4486,134.428,264.092,2,0
4487,510.59,56.8759,2,0
4488,139.597,30.5161,2,0
4489,1.75325,298,2,0
4490,455.52,290.701,2,0
4491,492.925,285.596,2,0
4492,352.496,18.1933,2,0
4493,583.605,238.977,2,0
4494,144.316,61.7958,2,0
4495,185.924,2,2,0
4496,207.319,204.636,2,0
4497,437.256,152.848,2,0
4498,4.53589,264.218,2,0
4499,520.335,257.247,2,0
4500,146.797,7.1779,2,0
4501,81.4467,298,2,0
4502,115.813,107.098,2,0
4503,510.593,2,2,0
4504,250.703,159.317,2,0
4505,199.426,279.136,2,0
4506,138.371,110.965,2,0
4507,364.668,92.8119,2,0
4508,598.521,229.044,2,0
4509,446.144,234.112,2,0
4510,302.863,125.923,2,0
4511,169.487,182.494,2,0
4512,122.224,291.018,2,0
4513,376.106,140.885,2,0
4514,81.1675,34.11,2,0
4515,449.118,282.448,2,0
4516,286.703,127.136,2,0
4517,486.125,106.902,2,0
4518,85.65,81.4793,2,0
4519,80.2104,195.559,2,0
4520,56.3682,150.014,2,0
4521,588.52,247.218,2,0
4522,110.862,101.016,2,0
4523,472.087,76.7539,2,0
4524,537.035,290.027,2,0
4525,421.093,274.554,2,0
4526,567.432,257.076,2,0
4527,137.338,60.3139,2,0
4528,353.286,69.3019,2,0
4529,258.525,45.5975,2,0
4530,529.921,136.579,2,0
4531,10.2214,83.3363,2,0
4532,487.822,41.8662,2,0
4533,406.906,297.493,2,0
4534,22.9697,128.03,2,0
4535,437.501,172.106,2,0
4536,24.3621,291.079,2,0
4537,441.065,109.704,2,0
4538,590.529,96.3047,2,0
4539,554.42,132.337,2,0
4540,573.422,44.1013,2,0
4541,316.744,194.615,2,0
4542,61.0446,130.757,2,0
4543,528.989,272.55,2,0
4544,398.692,58.8471,2,0
4545,31.9776,164.539,2,0
4546,93.3933,55.7572,2,0
4547,385.084,69.3498,2,0
4548,122.029,22.8433,2,0
4549,121.718,240.455,2,0
4550,135.769,85.4384,2,0
4551,552.966,53.8745,2,0
4552,555.881,167.08,2,0
4553,284.881,236.236,2,0
4554,405.236,2,2,0
4555,257.898,257.726,2,0
4556,141.047,215.375,2,0
4557,245.292,28.1265,2,0
4558,599.621,58.9747,2,0
4559,586.434,1.06389,2,0
4560,359.368,173.475,2,0
4561,91.4509,94.417,2,0
4562,462.375,69.1331,2,0
4563,73.5293,49.7436,2,0
4564,446.946,5.87306,2,0
4565,341.896,264.771,2,0
4566,110.124,138.763,2,0
4567,352.826,115.034,2,0
4568,157.268,100.692,2,0
4569,227.139,286.741,2,0
4570,265.846,95.3395,2,0
4571,173.922,288.438,2,0
4572,65.2489,113.639,2,0
4573,57.8256,64.4807,2,0
4574,569.395,59.6215,2,0
4575,28.4663,205.479,2,0
4576,482.9,267.804,2,0
4577,242.014,164.308,2,0
4578,106.124,286.687,2,0
4579,170.019,82.6507,2,0
4580,51.255,273.278,2,0
4581,430.935,287.378,2,0
4582,485.867,247.856,2,0
4583,153.879,78.1829,2,0
4584,505.314,2,2,0
4585,556.381,135.93,2,0
4586,416.305,109.471,2,0
4587,271.246,221.042,2,0
4588,143.774,272.46,2,0
4589,565.421,266.108,2,0
4590,482.289,21.7739,2,0
4591,373.772,68.11,2,0
4592,374.969,99.2315,2,0
4593,546.156,211.854,2,0
4594,158.55,205.377,2,0
4595,268.375,26.8927,2,0
4596,596.385,255.298,2,0
4597,505.192,7.61755,2,0
4598,456.711,223.285,2,0
4599,180.667,18.3497,2,0
4600,545.061,279.748,2,0
4601,69.7393,78.809,2,0
4602,278.944,222.649,2,0
4603,369.679,235.375,2,0
4604,253.109,64.6585,2,0
4605,369.594,133.76,2,0
4606,465.583,223.985,2,0
4607,224.274,212.897,2,0
4608,333.121,285.06,2,0
4609,254.751,143.886,2,0
4610,462.008,272.465,2,0
4611,240.578,298,2,0
4612,192.085,30.4551,2,0
4613,274.372,81.3848,2,0
4614,487.919,207.903,2,0
4615,164.246,226.775,2,0
4616,249.949,8.95716,2,0
4617,84.7646,120.114,2,0
4618,16.339,22.8067,2,0
4619,226.446,73.6948,2,0
4620,171.035,99.748,2,0
4621,467.278,3.54257,2,0
4622,98.8628,69.4967,2,0
4623,291.704,133.492,2,0
4624,256.811,13.9192,2,0
4625,449.279,26.2653,2,0
4626,78.3685,82.3225,2,0
4627,369.797,74.4952,2,0
4628,184.821,234.722,2,0
4629,122.562,160.142,2,0
4630,537.909,100.647,2,0
4631,119.266,144.967,2,0
4632,151.424,255.741,2,0
4633,47.3848,27.254,2,0
4634,372.039,259.119,2,0
4635,167.503,9.87551,2,0
4636,348.936,155.898,2,0
4637,465.927,19.7176,2,0
4638,297.895,288.444,2,0
4639,570.863,32.0978,2,0
4640,261.687,141.229,2,0
4641,95.414,260.273,2,0
4642,68.6737,121.357,2,0
4643,587.609,238.662,2,0
4644,99.1372,51.2731,2,0
4645,462.542,117.605,2,0
4646,463.702,232.905,2,0
4647,540.395,2,2,0
4648,251.135,91.8475,2,0
4649,373.249,153.894,2,0
4650,74.7858,157.638,2,0
4651,493.985,108.695,2,0
4652,393.089,71.3795,2,0
4653,404.207,69.6377,2,0
4654,133.865,224.758,2,0
4655,479.83,25.1013,2,0
4656,211.177,203.344,2,0
4657,165.043,76.2406,2,0
4658,485.67,222.531,2,0
4659,186.814,269.111,2,0
4660,65.4669,17.5925,2,0
4661,135.15,298,2,0
4662,504.472,104.681,2,0
4663,52.0871,56.766,2,0
4664,440.834,167.014,2,0
4665,582.596,154.056,2,0
4666,439.34,189.9,2,0
4667,317.2,272.825,2,0
4668,76.6264,203.825,2,0
4669,489.283,50.0495,2,0
4670,141.448,197.556,2,0
4671,3.9465,195.137,2,0
4672,97.3468,296.484,2,0
4673,416.693,95.9589,2,0
4674,441.016,256.588,2,0
4675,393.198,274.994,2,0
4676,218.118,255.511,2,0
4677,169.052,5.99845,2,0
4678,6.37166,102.504,2,0
4679,425.412,32.5432,2,0
4680,247.055,92.2025,2,0
4681,262.245,154.541,2,0
4682,491.673,120.81,2,0
4683,470.398,221.815,2,0
4684,213.926,210.027,2,0
4685,362.922,35.6059,2,0
4686,562.063,162.46,2,0
4687,477.197,294.105,2,0
4688,71.1546,267.424,2,0
4689,595.291,220.894,2,0
4690,559.812,228.542,2,0
4691,90.3713,53.0994,2,0
4692,389.283,49.5554,2,0
4693,168.332,195.641,2,0
4694,512.489,126.464,2,0
4695,14.0602,3.80677,2,0
4696,81.5099,180.79,2,0
4697,93.5251,25.5269,2,0
4698,409.798,54.9491,2,0
4699,154.083,62.7944,2,0
4700,161.22,266.685,2,0
4701,116.729,148.115,2,0
4702,151.381,149.252,2,0
4703,382.612,85.4377,2,0
4704,229.413,201.928,2,0
4705,399.496,11.4934,2,0
4706,591.748,114.962,2,0
4707,433.646,277.925,2,0
4708,218.991,9.55566,2,0
4709,189.897,110.027,2,0
4710,506.984,81.1489,2,0
4711,244.728,211.101,2,0
4712,407.22,122.723,2,0
4713,410.639,234.158,2,0
4714,154.406,22.3442,2,0
4715,527.005,2,2,0
4716,544.795,39.3829,2,0
4717,203.608,81.5807,2,0
4718,547.434,122.192,2,0
4719,516.486,117.085,2,0
4720,483.16,77.8158,2,0
4721,474.014,131.522,2,0
4722,256.728,231.571,2,0
4723,500.511,226.263,2,0
4724,552.501,220.71,2,0
4725,409.125,98.4103,2,0
4726,24.4011,184.924,2,0
4727,422.365,176.501,2,0
4728,588.912,156.442,2,0
4729,208.601,87.8388,2,0
4730,241.546,278.418,2,0
4731,225.454,9.55778,2,0
4732,343.226,130.456,2,0
4733,19.796,25.0006,2,0
4734,597.317,262.692,2,0
4735,259.813,272.253,2,0
4736,525.126,163.033,2,0
4737,422.469,42.9109,2,0
4738,235.021,9.76587,2,0
4739,349.597,295.426,2,0
4740,471.396,178.969,2,0
4741,277.685,279.818,2,0
4742,318.393,255.938,2,0
4743,124.509,296.661,2,0
4744,409.267,103.858,2,0
4745,426.22,68.1535,2,0
4746,210.628,207.388,2,0
4747,536.536,51.8055,2,0
4748,60.4166,23.9184,2,0
4749,4.2612,190.904,2,0
4750,564.495,71.9007,2,0
4751,278.414,120.097,2,0
4752,457.323,55.6262,2,0
4753,266.51,80.4737,2,0
4754,348.333,62.6084,2,0
4755,167.243,285.039,2,0
4756,412.78,238.145,2,0
4757,94.5033,245.21,2,0
4758,165.284,2,2,0
4759,420.737,94.096,2,0
4760,510.647,102.255,2,0
4761,310.219,104.159,2,0
4762,318.471,49.328,2,0
4763,271.544,157.843,2,0
4764,398.931,150.125,2,0
4765,9.5304,272.727,2,0
4766,37.5224,165.055,2,0
4767,284.685,98.0588,2,0
4768,79.2847,162.813,2,0
4769,141.063,142.433,2,0
4770,162.482,298,2,0
4771,305.049,264.374,2,0
4772,216.301,292.864,2,0
4773,417.643,46.8915,2,0
4774,157.498,179.71,2,0
4775,90.7668,294.134,2,0
4776,509.409,12.5561,2,0
4777,537.987,65.7677,2,0
4778,46.9926,204.828,2,0
4779,594.774,293.359,2,0
4780,321.396,91.1907,2,0
4781,197.993,243.459,2,0
4782,486.646,258.944,2,0
4783,87.4086,215.39,2,0
4784,48.6583,46.7801,2,0
4785,429.876,101.697,2,0
4786,353.947,79.4981,2,0
4787,559.17,108.612,2,0
4788,7.31895,78.1782,2,0
4789,197.035,165.445,2,0
4790,522.337,109.064,2,0
4791,333.275,105.873,2,0
4792,384.431,175.455,2,0
4793,88.618,32.2703,2,0
4794,482.884,93.9137,2,0
4795,458.768,61.5901,2,0
4796,42.8954,27.7879,2,0
4797,332.4,2,2,0
4798,31.3956,249.819,2,0
4799,257.101,56.8308,2,0
4800,93.6825,81.3961,2,0
4801,369.696,51.0465,2,0
4802,516.408,184.925,2,0
4803,162.56,71.9896,2,0
4804,138.79,96.3522,2,0
4805,193.041,253.34,2,0
4806,61.3532,289.969,2,0
4807,136.693,104.121,2,0
4808,562.054,83.8778,2,0
4809,508.608,134.954,2,0
4810,135.544,197.763,2,0
4811,398.192,204.14,2,0
4812,49.0534,72.5035,2,0
4813,232.745,62.0313,2,0
4814,409.418,229.06,2,0
4815,512.747,5.58765,2,0
4816,113.315,5.57581,2,0
4817,253.089,97.5873,2,0
4818,56.761,236.892,2,0
4819,224.727,50.581,2,0
4820,349.394,197.923,2,0
4821,118.716,117.545,2,0
4822,246.48,152.447,2,0
4823,309.622,196.036,2,0
4824,500.763,107.404,2,0
4825,532.161,293.957,2,0
4826,395.648,180.141,2,0
4827,45.6103,282.276,2,0
4828,13.1557,29.8945,2,0
4829,20.292,239.751,2,0
4830,377.823,289.215,2,0
4831,25.1696,283.048,2,0
4832,346.745,49.9182,2,0
4833,125.863,292.886,2,0
4834,93.1512,219.937,2,0
4835,582.359,67.393,2,0
4836,142.047,224.668,2,0
4837,367.293,44.1645,2,0
4838,254.35,204.715,2,0
4839,93.8995,63.1693,2,0
4840,482.478,191.747,2,0
4841,82.7761,105.476,2,0
4842,194.08,2,2,0
4843,379.082,219.556,2,0
4844,168.256,104.519,2,0
4845,382.497,101.247,2,0
4846,108.039,176.532,2,0
4847,525.19,217.616,2,0
4848,287.817,221.661,2,0
4849,522.239,31.8715,2,0
4850,515.656,74.4769,2,0
4851,373.15,26.4544,2,0
4852,301.77,266.822,2,0
4853,442.179,271.478,2,0
4854,184.6,89.3935,2,0
4855,37.8862,178.428,2,0
4856,103.07,216.972,2,0
4857,32.5996,134.516,2,0
4858,221.861,227.59,2,0
4859,13.2315,86.1478,2,0
4860,539.96,186.916,2,0
4861,8.76502,190.189,2,0
4862,410.678,40.1789,2,0
4863,554.151,224.468,2,0
4864,591.716,237.185,2,0
4865,479.092,177.476,2,0
4866,404.744,81.9407,2,0
4867,187.184,222.229,2,0
4868,47.1133,62.4108,2,0
4869,498.835,42.3271,2,0
4870,371.632,37.2771,2,0
4871,465.353,254.875,2,0
4872,382.236,145.184,2,0
4873,264.663,260.993,2,0
4874,247.303,249.929,2,0
4875,379.435,89.0046,2,0
4876,500.941,99.0593,2,0
4877,150.659,15.0662,2,0
4878,157.231,282.214,2,0
4879,240.351,134.507,2,0
4880,497.546,165.226,2,0
4881,168.527,168.094,2,0
4882,21.3504,69.2391,2,0
4883,532.23,19.6416,2,0
4884,433.436,243.928,2,0
4885,213.741,122.883,2,0
4886,72.832,18.5274,2,0
4887,176.176,51.7819,2,0
4888,176.318,263.302,2,0
4889,62.3741,99.7368,2,0
4890,549.392,171.822,2,0
4891,207.354,181.057,2,0
4892,174.046,21.8076,2,0
4893,79.5738,247.274,2,0
4894,268.147,60.2915,2,0
4895,73.2023,178.964,2,0
4896,515.024,174.312,2,0
4897,545.365,181.512,2,0
4898,425.942,116.975,2,0
4899,150.676,96.8309,2,0
4900,448.668,230.971,2,0
4901,86.0359,262.519,2,0
4902,414.238,161.216,2,0
4903,254.394,127.764,2,0
4904,55.4921,194.027,2,0
4905,278.08,57.2375,2,0
4906,392.126,266.288,2,0
4907,591.979,92.4461,2,0
4908,388.964,173.772,2,0
4909,337.945,208.865,2,0
4910,362.416,179.373,2,0
4911,10.2573,68.7813,2,0
4912,321.847,74.5766,2,0
4913,481.907,279.753,2,0
4914,282.695,215.234,2,0
4915,228.174,27.0431,2,0
4916,256.248,85.9567,2,0
4917,409.929,81.0867,2,0
4918,104.016,247.762,2,0
4919,166.34,131.678,2,0
4920,94.9187,68.0526,2,0
4921,112.227,135.334,2,0
4922,477.51,272.454,2,0
4923,396.804,184.152,2,0
4924,451.659,187.839,2,0
4925,489.761,136.067,2,0
4926,206.108,241.218,2,0
4927,333.626,294.472,2,0
4928,101.553,195.816,2,0
4929,525.404,232.932,2,0
4930,561.009,202.154,2,0
4931,472.143,168.778,2,0
4932,9.94122,298,2,0
4933,268.528,214.778,2,0
4934,16.6054,18.3825,2,0
4935,458.314,167.652,2,0
4936,325.091,110.077,2,0
4937,139.453,279.799,2,0
4938,333.909,147.669,2,0
4939,300.815,47.0983,2,0
4940,456.718,4.88896,2,0
4941,66.414,244.055,2,0
4942,445.264,223.631,2,0
4943,504.158,249.308,2,0
4944,411.78,86.0063,2,0
4945,381.38,162.62,2,0
4946,495.228,89.7212,2,0
4947,596.882,165.641,2,0
4948,413.646,257.332,2,0
4949,104.699,21.6384,2,0
4950,532.412,123.859,2,0
4951,541.903,100.921,2,0
4952,357.178,216.099,2,0
4953,488.81,177.054,2,0
4954,432.776,29.6858,2,0
4955,460.47,42.5979,2,0
4956,318.949,170.141,2,0
4957,397.06,30.8499,2,0
4958,61.2988,112.312,2,0
4959,256.474,208.131,2,0
4960,481.437,135.209,2,0
4961,229.757,42.6163,2,0
4962,398.438,240.301,2,0
4963,351.274,269.67,2,0
4964,555.44,30.16,2,0
4965,116.856,194.889,2,0
4966,153.313,271.84,2,0
4967,512.491,241.14,2,0
4968,423.147,29.1491,2,0
4969,281.585,225.79,2,0
4970,99.9575,16.4802,2,0
4971,576.733,159.835,2,0
4972,9.79945,185.272,2,0
4973,347.439,249.741,2,0
4974,322.868,278.453,2,0
4975,1.74282,24.5951,2,0
4976,517.143,196.679,2,0
4977,182.915,223.362,2,0
4978,454.565,111.601,2,0
4979,573.757,93.3164,2,0
4980,102.854,3.71504,2,0
4981,339.531,169.242,2,0
4982,405.423,228.619,2,0
4983,312.075,249.159,2,0
4984,141.849,246.137,2,0
4985,378.17,187.484,2,0
4986,440.817,76.3009,2,0
4987,463.461,79.449,2,0
4988,246.94,123.988,2,0
4989,142.474,265.285,2,0
4990,480.01,145.202,2,0
4991,47.2589,274.301,2,0
4992,564.761,221.76,2,0
4993,581.744,124.799,2,0
4994,460.765,211.617,2,0
4995,210.736,47.4778,2,0
4996,18.9374,154.644,2,0
4997,524.748,64.2003,2,0
4998,561.422,55.154,2,0
4999,243.871,114.519,2,0
5000,435.658,8.59891,2,0
5001,53.5609,281.109,2,0
5002,454.793,264.387,2,0
5003,546.009,27.9787,2,0
5004,589.488,202.763,2,0
5005,413.927,246.215,2,0
5006,515.744,121.3,2,0
5007,259.211,245.553,2,0
5008,236.182,175.308,2,0
5009,496.508,72.1318,2,0
5010,542.963,153.061,2,0
5011,6.50673,148.443,2,0
5012,277.144,19.691,2,0
5013,377.457,226.635,2,0
5014,430.903,89.0414,2,0
5015,293.609,46.1407,2,0
5016,74.697,188.063,2,0
5017,348.853,163.372,2,0
5018,571.98,97.0181,2,0
5019,147.123,179.725,2,0
5020,269.163,133.58,2,0
5021,181.438,40.8215,2,0
5022,349.586,144.57,2,0
5023,302.677,88.3051,2,0
5024,325.875,238.13,2,0
5025,395.95,176.127,2,0
5026,252.467,231.624,2,0
5027,50.2222,255.568,2,0
5028,18.0737,102.194,2,0
5029,85.903,231.997,2,0
5030,513.977,49.6705,2,0
5031,42.5514,284.916,2,0
5032,427.026,163.868,2,0
5033,90.2714,192.992,2,0
5034,71.5826,263.26,2,0
5035,396.53,102.873,2,0
5036,349.358,284.078,2,0
5037,257.012,30.3568,2,0
5038,531.526,269.032,2,0
5039,24.7342,105.532,2,0
5040,368.016,266.629,2,0
5041,256.648,222.748,2,0
5042,308.353,38.7701,2,0
5043,33.4592,262.405,2,0
5044,370.283,290.163,2,0
5045,220.623,50.7637,2,0
5046,349.648,30.1087,2,0
5047,5.13813,18.443,2,0
5048,11.9684,233.82,2,0
5049,340.098,289.561,2,0
5050,328.748,220.598,2,0
5051,38.5453,285.64,2,0
5052,349.249,224.147,2,0
5053,382.692,97.2027,2,0
5054,42.802,201.021,2,0
5055,121.827,164.234,2,0
5056,411.706,260.898,2,0
5057,593.166,200.987,2,0
5058,379.729,246.583,2,0
5059,107.64,210.659,2,0
5060,182.608,191.545,2,0
5061,585.178,161.425,2,0
5062,417.515,137.719,2,0
5063,503.616,188.806,2,0
5064,248.929,105.278,2,0
5065,270.908,49.0875,2,0
5066,199.002,226.462,2,0
5067,252.52,280.013,2,0
5068,204.96,174.227,2,0
5069,321.809,248.514,2,0
5070,413.39,225.663,2,0
5071,226.661,156.689,2,0
5072,98.9655,42.654,2,0
5073,280.99,21.0725,2,0
5074,222.734,133.909,2,0
5075,197.702,20.5935,2,0
5076,597.182,233.17,2,0
5077,451.041,86.5746,2,0
5078,30.9524,202.211,2,0
5079,555.68,198.736,2,0
5080,564.42,254.315,2,0
5081,150.726,10.9414,2,0
5082,161.38,191.572,2,0
5083,127.444,71.4039,2,0
5084,54.167,220.129,2,0
5085,462.617,280.544,2,0
5086,135.352,284.721,2,0
5087,417.911,245.681,2,0
5088,182.012,111.773,2,0
5089,15.0251,77.7852,2,0
5090,19.3636,230.478,2,0
5091,594.79,265.805,2,0
5092,334.544,228.686,2,0
5093,232.929,199.825,2,0
5094,12.7347,287.562,2,0
5095,140.333,46.3015,2,0
5096,2.24763,260.888,2,0
5097,419.615,227.681,2,0
5098,300.684,11.1067,2,0
5099,194.581,231.359,2,0
5100,393.399,197.6,2,0
5101,294.592,202.182,2,0
5102,37.6596,88.1809,2,0
5103,139.372,183.051,2,0
5104,465.138,196.014,2,0
5105,78.3468,290.011,2,0
5106,406.355,162.699,2,0
5107,44.7635,252.076,2,0
5108,71.3622,209.976,2,0
5109,243.101,177.873,2,0
5110,17.3107,281.075,2,0
5111,93.2131,111.31,2,0
5112,472.712,16.36,2,0
5113,173.54,41.6322,2,0
5114,151.208,214.376,2,0
5115,547.515,13.2796,2,0
5116,49.0133,269.943,2,0
5117,324.083,217.447,2,0
5118,118.996,121.627,2,0
5119,64.4027,138.134,2,0
5120,392.005,176.863,2,0
5121,119.574,187.438,2,0
5122,235.798,214.762,2,0
5123,318.049,266.625,2,0
5124,526.239,212.994,2,0
5125,331.075,96.1333,2,0
5126,235.936,249.697,2,0
5127,152.579,259.631,2,0
5128,560.764,274.479,2,0
5129,452.887,42.9309,2,0
5130,66.9909,268.968,2,0
5131,49.138,144.361,2,0
5132,31.3439,71.4063,2,0
5133,209.612,243.25,2,0
5134,186.862,51.039,2,0
5135,9.47596,107.674,2,0
5136,239.031,281.951,2,0
5137,356.991,105.677,2,0
5138,274.076,277.807,2,0
5139,575.072,232.823,2,0
5140,36.7006,265.304,2,0
5141,375.318,283.84,2,0
5142,160.85,82.3214,2,0
5143,42.4505,8.16759,2,0
5144,276.005,91.9405,2,0
5145,380.714,104.86,2,0
5146,504.905,240.992,2,0
5147,142.599,250.231,2,0
5148,40.8387,272.107,2,0
5149,239.907,42.2836,2,0
5150,396.809,141.639,2,0
5151,120.075,294.665,2,0
5152,65.7973,62.8826,2,0
5153,32.8512,258.019,2,0
5154,371.387,101.173,2,0
5155,108.778,184.346,2,0
5156,133.884,276.253,2,0
5157,267.561,222.877,2,0
5158,515.08,66.5812,2,0
5159,477.921,94.013,2,0
5160,570.461,243.347,2,0
5161,16.8913,31.6872,2,0
5162,382.832,112.365,2,0
5163,430.816,298,2,0
5164,158.432,286.418,2,0
5165,486.577,190.761,2,0
5166,593.826,277.203,2,0
5167,591.809,180.249,2,0
5168,208.278,247.081,2,0
5169,574.033,28.6779,2,0
5170,227.499,160.687,2,0
5171,34.8055,173.633,2,0
5172,174.024,14.7723,2,0
5173,152.086,294.562,2,0
5174,244.75,45.9039,2,0
5175,144.882,221.797,2,0
5176,540.306,53.316,2,0
5177,347.363,231.95,2,0
5178,183.413,289.591,2,0
5179,464.304,38.28,2,0
5180,20.1904,98.7775,2,0
5181,360.609,206.089,2,0
5182,580.875,63.6173,2,0
5183,86.8245,189.406,2,0
5184,187.145,156.695,2,0
5185,33.7203,138.55,2,0
5186,233.857,82.1345,2,0
5187,515.092,81.362,2,0
5188,536.215,18.8945,2,0
5189,12.912,210.535,2,0
5190,439.769,199.303,2,0
5191,50.9459,178.357,2,0
5192,433.294,33.7368,2,0
5193,219.569,162.473,2,0
5194,436.852,241.829,2,0
5195,281.303,278.046,2,0
5196,99.9026,271.096,2,0
5197,182.327,22.083,2,0
5198,486.039,214.335,2,0
5199,219.05,251.531,2,0
5200,422.908,59.2584,2,0
5201,515.95,250.605,2,0
5202,552.204,201.456,2,0
5203,356.849,287.551,2,0
5204,279.759,33.8645,2,0
5205,182.844,267.984,2,0
5206,523.286,284.774,2,0
5207,370.878,211.706,2,0
5208,470.414,23.5307,2,0
5209,294.519,282.081,2,0
5210,493.638,69.1883,2,0
5211,198.82,192.005,2,0
5212,229.485,9.49178,2,0
5213,96.9529,19.3359,2,0
5214,59.7951,186.081,2,0
5215,353.178,32.2619,2,0
5216,249.665,182.713,2,0
5217,486.839,147.721,2,0
5218,352.679,13.0017,2,0
5219,462.891,132.269,2,0
5220,240.676,200.441,2,0
5221,456.784,241.51,2,0
5222,381.316,227.723,2,0
5223,451.291,150.869,2,0
5224,431.014,268.36,2,0
5225,258.59,2,2,0
5226,531.958,168.485,2,0
5227,345,74.8926,2,0
5228,596.724,189.377,2,0
5229,309.057,239.622,2,0
5230,253.346,140.07,2,0
5231,236.775,156.503,2,0
5232,247.687,186.201,2,0
5233,220.291,191.112,2,0
5234,560.488,232.618,2,0
5235,538.161,279.252,2,0
5236,448.798,278.379,2,0
5237,594.944,225.533,2,0
5238,554.504,157.19,2,0
5239,331.497,133.889,2,0
5240,495.001,40.6857,2,0
5241,191.266,272.537,2,0
5242,302.046,93.2031,2,0
5243,444.636,292.048,2,0
5244,344.68,64.4395,2,0
5245,331.451,223.612,2,0
5246,476.117,76.9892,2,0
5247,24.7021,35.9462,2,0
5248,247.482,214.166,2,0
5249,29.7061,67.6478,2,0
5250,181.14,127.867,2,0
5251,593.02,65.1048,2,0
5252,55.9812,146.025,2,0
5253,559.265,278.284,2,0
5254,331.841,72.1799,2,0
5255,239.887,248.372,2,0
5256,36.6341,251.538,2,0
5257,103.65,145.257,2,0
5258,559.511,29.445,2,0
5259,104.905,26.8441,2,0
5260,565.314,172.402,2,0
5261,71.0577,294.032,2,0
5262,232.339,237.399,2,0
5263,582.013,276.788,2,0
5264,454.104,161.008,2,0
5265,153.235,267.266,2,0
5266,493.645,250.279,2,0
5267,206.567,10.0843,2,0
5268,169.782,128.152,2,0
5269,342.124,185.963,2,0
5270,575.42,217.534,2,0
5271,99.2631,139.307,2,0
5272,544.418,8.98896,2,0
5273,414.485,66.1642,2,0
5274,201.571,176.392,2,0
5275,221.27,130.141,2,0
5276,393.256,204.909,2,0
5277,490.793,95.6984,2,0
5278,224.013,153.591,2,0
5279,259.717,178.204,2,0
5280,322.86,83.1824,2,0
5281,82.7373,249.878,2,0
5282,436.825,195.258,2,0
5283,56.8371,141.468,2,0
5284,128.971,224.658,2,0
5285,385.971,146.885,2,0
5286,183.584,184.672,2,0
5287,113.283,97.7265,2,0
5288,261.908,23.6641,2,0
5289,519.571,95.6386,2,0
5290,230.037,242.398,2,0
5291,404.916,55.065,2,0
5292,539.228,57.2409,2,0
5293,143.544,105.823,2,0
5294,34.3237,158.413,2,0
5295,281.757,55.3276,2,0
5296,373.738,173.497,2,0
5297,240.527,145.153,2,0
5298,90.0873,156.447,2,0
5299,242.287,260.7,2,0
5300,359.253,70.3012,2,0
5301,302.972,107.242,2,0
5302,361.036,187.213,2,0
5303,328.305,182.125,2,0
5304,579.002,279.782,2,0
5305,494.871,147.033,2,0
5306,0.204683,129.303,2,0
5307,280.858,99.3067,2,0
5308,91.3347,268.666,2,0
5309,357.849,275.89,2,0
5310,68.131,251.706,2,0
5311,383.573,231.116,2,0
5312,527.818,168.73,2,0
5313,512.208,36.3028,2,0
5314,581.331,112.954,2,0
5315,215.413,107.582,2,0
5316,567.173,110.524,2,0
5317,261.75,158.66,2,0
5318,32.7398,236.005,2,0
5319,200.439,5.65009,2,0
5320,126.786,55.8777,2,0
5321,472.956,247.695,2,0
5322,387.349,159.401,2,0
5323,158.221,175.469,2,0
5324,253.98,118.407,2,0
5325,318.639,234.228,2,0
5326,291.044,140.355,2,0
5327,63.2847,241.42,2,0
5328,17.7904,213.688,2,0
5329,379.918,80.692,2,0
5330,593.907,107.756,2,0
5331,312.546,133.257,2,0
5332,126.13,204.954,2,0
5333,365.209,263.719,2,0
5334,491.543,226.811,2,0
5335,186.234,60.7179,2,0
5336,328.255,92.0426,2,0
5337,364.744,290.029,2,0
5338,517.41,180.85,2,0
5339,410.722,108.532,2,0
5340,331.717,167.305,2,0
5341,423.618,194.867,2,0
5342,160.501,137.128,2,0
5343,481.416,223.509,2,0
5344,163.346,36.3114,2,0
5345,259.391,286.106,2,0
5346,146.015,168.415,2,0
5347,320.641,45.7137,2,0
5348,516.825,5.51458,2,0
5349,523.063,37.0799,2,0
5350,367.04,283.072,2,0
5351,141.123,42.3671,2,0
5352,451.025,298,2,0
5353,471.164,255.536,2,0
5354,89.1927,126.319,2,0
5355,523.681,267.119,2,0
5356,400.514,222.185,2,0
5357,575.269,156.101,2,0
5358,177.221,84.8379,2,0
5359,527.724,298,2,0
5360,473.712,119.801,2,0
5361,449.927,207.577,2,0
5362,56.3523,8.39953,2,0
5363,155.434,42.9721,2,0
5364,413.687,47.5914,2,0
5365,28.2846,209.819,2,0
5366,563.221,145.182,2,0
5367,77.1342,47.9544,2,0
5368,217.519,124.2,2,0
5369,196.423,160.959,2,0
5370,82.1139,60.5228,2,0
5371,296.985,238.14,2,0
5372,392.744,294.219,2,0
5373,130.14,48.1797,2,0
5374,239.633,266.666,2,0
5375,597.632,273.396,2,0
5376,198.565,24.6438,2,0
5377,508.448,125.98,2,0
5378,76.6137,191.759,2,0
5379,4.43621,88.8719,2,0
5380,202.219,2,2,0
5381,561.686,35.3265,2,0
5382,563.851,240.076,2,0
5383,143.101,208.896,2,0
5384,131.459,78.3456,2,0
5385,337.162,155.146,2,0
5386,310.109,35.111,2,0
5387,215.063,149.31,2,0
5388,418.218,125.136,2,0
5389,559.011,159.558,2,0
5390,109.814,221.351,2,0
5391,34.04,2,2,0
5392,425.832,173.634,2,0
5393,13.3406,249.156,2,0
5394,169.054,274.105,2,0
5395,67.7694,260.759,2,0
5396,481.082,66.1949,2,0
5397,466.048,293.454,2,0
5398,166.462,277.26,2,0
5399,357.989,244.087,2,0
5400,193.239,137.844,2,0
5401,501.948,285.808,2,0
5402,341.499,224.935,2,0
5403,332.471,113.431,2,0
5404,10.3772,146.88,2,0
5405,499.085,64.3637,2,0
5406,178.492,225.425,2,0
5407,238.589,160.247,2,0
5408,434.221,57.7228,2,0
5409,30.6635,49.5564,2,0
5410,245.508,269.099,2,0
5411,279.967,297.763,2,0
5412,474.723,192.017,2,0
5413,355.605,120.581,2,0
5414,428.753,120.477,2,0
5415,501.193,60.914,2,0
5416,192.471,264.84,2,0
5417,132.592,134.045,2,0
5418,561.424,266.396,2,0
5419,92.4105,257.166,2,0
5420,159.542,104.075,2,0
5421,197.068,150.535,2,0
5422,79.4221,20.563,2,0
5423,242.967,131.091,2,0
5424,106.289,84.4373,2,0
5425,154.691,206.63,2,0
5426,507.812,34.0121,2,0
5427,201.666,142.556,2,0
5428,40.6773,189.911,2,0
5429,457.114,283.111,2,0
5430,262.51,233.485,2,0
5431,527.41,197.343,2,0
5432,98.592,103.05,2,0
5433,72.4073,166.105,2,0
5434,23.0877,188.858,2,0
5435,293.502,91.5286,2,0
5436,9.67206,151.171,2,0
5437,256.622,17.9722,2,0
5438,458.767,265.106,2,0
5439,22.7932,266.392,2,0
5440,284.231,51.9755,2,0
5441,194.191,141.801,2,0
5442,206.566,279.368,2,0
5443,222.639,110.823,2,0
5444,585.186,279.376,2,0
5445,536.766,69.7725,2,0
5446,190.01,53.7516,2,0
5447,36.6457,38.3885,2,0
5448,317.051,200.236,2,0
5449,165.062,217.132,2,0
5450,134.846,255.63,2,0
5451,3.97316,278.294,2,0
5452,376.147,269.574,2,0
5453,290.421,291.589,2,0
5454,217.465,281.835,2,0
5455,107.92,235.964,2,0
5456,204.318,63.3653,2,0
5457,150.16,61.6132,2,0
5458,564.693,195.352,2,0
5459,62.9317,276.466,2,0
5460,559.14,263.073,2,0
5461,129.704,33.3648,2,0
5462,261.135,42.563,2,0
5463,372.132,79.8185,2,0
5464,447.267,288.99,2,0
5465,324.833,221.45,2,0
5466,127.68,191.955,2,0
5467,395.157,53.587,2,0
5468,420.669,223.81,2,0
5469,530.078,172.11,2,0
5470,347.045,201.674,2,0
5471,333.761,43.7437,2,0
5472,542.543,120.207,2,0
5473,373.851,75.1244,2,0
5474,483.422,38.4686,2,0
5475,407.059,88.5439,2,0
5476,78.7704,44.0832,2,0
5477,598.244,41.1441,2,0
5478,13.1045,153.273,2,0
5479,484.75,125.129,2,0
5480,83.0633,284.555,2,0
5481,398.498,279.003,2,0
5482,266.575,141.383,2,0
5483,294.598,41.9703,2,0
5484,213.719,240.924,2,0
5485,598.854,283.78,2,0
5486,319.798,69.1786,2,0
5487,528.753,236.56,2,0
5488,56.4236,29.6762,2,0
5489,143.068,35.5581,2,0
5490,498.396,68.3531,2,0
5491,301.309,227.574,2,0
5492,78.8174,133.262,2,0
5493,391.654,41.9517,2,0
5494,512.982,198.648,2,0
5495,183.168,172.82,2,0
5496,137.607,219.574,2,0
5497,392.157,256.056,2,0
5498,426.675,215.106,2,0
5499,62.8424,95.6456,2,0
5500,267.869,252.128,2,0
5501,453.123,293.993,2,0
5502,420.289,121.616,2,0
5503,422.727,81.2936,2,0
5504,451.476,262.008,2,0
5505,545.539,133.182,2,0
5506,554.079,26.351,2,0
5507,267.854,227.03,2,0
5508,446.548,158.255,2,0
5509,43.9946,150.568,2,0
5510,285.265,218.453,2,0
5511,261.644,79.0077,2,0
5512,228.568,183.75,2,0
5513,168.367,156.385,2,0
5514,273.518,59.9823,2,0
5515,149.766,26.1885,2,0
5516,184.662,18.7129,2,0
5517,422.77,248.735,2,0
5518,25.8743,175.784,2,0
5519,282.509,204.198,2,0
5520,598.388,94.0278,2,0
5521,439.887,185.842,2,0
5522,9.00717,217.038,2,0
5523,48.8028,181.803,2,0
5524,364.351,203.607,2,0
5525,536.945,260.804,2,0
5526,359.945,26.9824,2,0
5527,202.216,47.4204,2,0
5528,349.038,38.1142,2,0
5529,169.736,298,2,0
5530,39.1758,276.376,2,0
5531,430.979,208.431,2,0
5532,91.2147,161.398,2,0
5533,65.7744,179.87,2,0
5534,156.833,89.4055,2,0
5535,475.546,109.223,2,0
5536,176.734,277.484,2,0
5537,475.377,181.513,2,0
5538,163.574,286.654,2,0
5539,85.0525,253.211,2,0
5540,436.52,31.3624,2,0
5541,411.031,297.892,2,0
5542,541.318,62.2344,2,0
5543,162.206,173.522,2,0
5544,11.0616,127.23,2,0
5545,317.325,190.539,2,0
5546,213.474,102.556,2,0
5547,272.847,153.723,2,0
5548,532.272,151.18,2,0
5549,275.663,158.338,2,0
5550,578.738,284.129,2,0
5551,389.089,143.037,2,0
5552,57.3611,80.7204,2,0
5553,62.8907,168.408,2,0
5554,83.2819,64.3934,2,0
5555,258.28,155.585,2,0
5556,40.4832,0.696507,2,0
5557,12.7997,17.0406,2,0
5558,581.504,45.6219,2,0
5559,379.064,285.295,2,0
5560,401.005,80.298,2,0
5561,352.981,107.401,2,0
5562,352.724,298,2,0
5563,223.574,106.867,2,0
5564,356.765,298,2,0
5565,134.856,167.251,2,0
5566,410.919,148.449,2,0
5567,137.325,268.376,2,0
5568,24.1837,250.165,2,0
5569,67.8405,88.0983,2,0
5570,489.179,278.043,2,0
5571,158.964,133.168,2,0
5572,188.365,265.315,2,0
5573,24.4856,60.357,2,0
5574,103.19,173.212,2,0
5575,183.597,105.758,2,0
5576,160.47,187.636,2,0
5577,299.004,108.214,2,0
5578,269.879,150.835,2,0
5579,57.8103,205.833,2,0
5580,197.676,217.257,2,0
5581,102.651,151.203,2,0
5582,318.645,63.2467,2,0
5583,517.869,99.4654,2,0
5584,274.045,77.3048,2,0
5585,286.497,161.514,2,0
5586,287.262,41.0102,2,0
5587,89.7909,63.1401,2,0
5588,206.716,269.355,2,0
5589,214.359,2,2,0
5590,92.2398,103.574,2,0
5591,246.426,164.117,2,0
5592,253.844,257.044,2,0
5593,133.983,204.362,2,0
5594,191.286,82.7112,2,0
5595,194.437,97.9447,2,0
5596,427.855,201.709,2,0
5597,523.512,205.974,2,0
5598,33.7653,280.674,2,0
5599,366.537,159.951,2,0
5600,176.05,102.034,2,0
5601,59.7629,70.6445,2,0
5602,97.585,280.711,2,0
5603,9.78286,276.773,2,0
5604,223.959,30.9267,2,0
5605,6.18425,2,2,0
5606,540.812,45.2145,2,0
5607,518.746,204.122,2,0
5608,86.7536,249.246,2,0
5609,499.987,296.819,2,0
5610,33.5657,45.3602,2,0
5611,445.335,55.2994,2,0
5612,21.3591,151.397,2,0
5613,424.352,241.422,2,0
5614,360.345,107.892,2,0
5615,383.638,239.855,2,0
5616,144.331,57.6949,2,0
5617,536.451,117.129,2,0
5618,231.342,13.1463,2,0
5619,352.393,252.438,2,0
5620,510.608,110.478,2,0
5621,224.146,26.7732,2,0
5622,567.972,294.182,2,0
5623,202.116,150.495,2,0
5624,517.149,263.208,2,0
5625,505.668,261.527,2,0
5626,219.463,108.292,2,0
5627,471.561,205.328,2,0
5628,581.135,264.797,2,0
5629,411.91,214.548,2,0
5630,530.413,96.4479,2,0
5631,493.234,278.752,2,0
5632,418.092,143.529,2,0
5633,229.355,252.909,2,0
5634,283.425,35.7333,2,0
5635,283.383,211.183,2,0
5636,570.536,277.995,2,0
5637,272.861,263.088,2,0
5638,282.756,268.81,2,0
5639,452.662,157.21,2,0
5640,235.548,97.0069,2,0
5641,1.47213,134.813,2,0
5642,441.393,171.05,2,0
5643,327.767,72.8359,2,0
5644,95.8274,123.364,2,0
5645,227.052,59.3686,2,0
5646,481.17,122.965,2,0
5647,412.375,168.399,2,0
5648,268.769,235.038,2,0
5649,411.796,201.69,2,0
5650,114.126,138.875,2,0
5651,113.322,24.4466,2,0
5652,570.881,226.637,2,0
5653,178.418,148.45,2,0
5654,378.622,97.4005,2,0
5655,133.399,163.511,2,0
5656,358.084,190.051,2,0
5657,313.68,87.301,2,0
5658,82.3065,54.222,2,0
5659,300.608,122.576,2,0
5660,576.416,72.9435,2,0
5661,29.7529,270.348,2,0
5662,124.028,105.887,2,0
5663,136.286,46.1874,2,0
5664,108.478,246.932,2,0
5665,0.623412,276.102,2,0
5666,110.639,225.661,2,0
5667,514.741,2,2,0
5668,468.573,27.1936,2,0
5669,178.944,266.421,2,0
5670,564.001,13.8251,2,0
5671,275.21,283.033,2,0
5672,530.864,3.82178,2,0
5673,69.9812,96.1037,2,0
5674,388.63,189.608,2,0
5675,379.918,6.00715,2,0
5676,83.7991,2,2,0
5677,113.434,57.6271,2,0
5678,130.01,210.868,2,0
5679,82.5332,155.278,2,0
5680,496.126,298,2,0
5681,220.421,214.878,2,0
5682,454.455,153.445,2,0
5683,177.857,295.41,2,0
5684,40.7621,167.574,2,0
5685,169.353,148.361,2,0
5686,24.2511,164.93,2,0
5687,427.547,144.737,2,0
5688,399.378,215.835,2,0
5689,171.946,67.7842,2,0
5690,283.503,273.719,2,0
5691,165.49,237.727,2,0
5692,33.7972,177.781,2,0
5693,532.713,208.628,2,0
5694,336.845,182.297,2,0
5695,236.684,255.564,2,0
5696,468.638,166.676,2,0
5697,285.539,106.083,2,0
5698,450.88,50.8684,2,0
5699,426.228,237.877,2,0
5700,564.293,190.552,2,0
5701,234.785,218.633,2,0
5702,191.065,256.835,2,0
5703,240.254,127.921,2,0
5704,592.749,247.78,2,0
5705,501.991,39.8041,2,0
5706,394.309,290.535,2,0
5707,504.78,85.3275,2,0
5708,395.32,229.449,2,0
5709,243.478,215.291,2,0
5710,169.124,60.1453,2,0
5711,573.716,39.1871,2,0
5712,1.08061,68.4291,2,0
5713,453.069,126.243,2,0
5714,27.2935,298,2,0
5715,547.365,87.6421,2,0
5716,224.231,119.368,2,0
5717,410.985,115.431,2,0
5718,228.765,259.415,2,0
5719,168.026,219.868,2,0
5720,210.456,183.605,2,0
5721,3.13962,142.722,2,0
5722,88.8837,56.8413,2,0
5723,16.5091,193.293,2,0
5724,354.305,236.826,2,0
5725,27.4028,23.2123,2,0
5726,447.493,203.737,2,0
5727,31.4895,189.856,2,0
5728,511.808,225.641,2,0
5729,258.326,21.6221,2,0
5730,61.121,229.924,2,0
5731,437.697,2,2,0
5732,594.652,281.14,2,0
5733,168.726,178.227,2,0
5734,76.1514,195.827,2,0
5735,150.601,248.568,2,0
5736,136.502,152.528,2,0
5737,428.83,128.038,2,0
5738,414.063,295.266,2,0
5739,297.045,245.896,2,0
5740,340.519,114.622,2,0
5741,86.3265,193.79,2,0
5742,383.287,199.853,2,0
5743,171.029,222.839,2,0
5744,382.689,123.296,2,0
5745,429.801,148.084,2,0
5746,323.556,51.4037,2,0
5747,277.579,168.713,2,0
5748,249.718,257.54,2,0
5749,319.969,53.2872,2,0
5750,360.739,288.85,2,0
5751,134.615,242.178,2,0
5752,172.912,275.213,2,0
5753,389.037,105.52,2,0
5754,206.038,170.061,2,0
5755,21.0443,28.8937,2,0
5756,453.908,2,2,0
5757,91.8037,123.12,2,0
5758,494.373,65.1467,2,0
5759,89.7088,82.8534,2,0
5760,39.03,103.458,2,0
5761,24.2673,245.44,2,0
5762,479.36,201.158,2,0
5763,326.722,279.808,2,0
5764,146.787,164.404,2,0
5765,466.006,126.143,2,0
5766,249.486,138.516,2,0
5767,6.0969,284.007,2,0
5768,74.9141,132.347,2,0
5769,93.7986,11.9422,2,0
5770,155.859,214.616,2,0
5771,230.964,285.059,2,0
5772,206.003,136.017,2,0
5773,446.808,93.9155,2,0
5774,254.423,157.386,2,0
5775,187.014,94.8968,2,0
5776,472.48,164.744,2,0
5777,322.839,153.009,2,0
5778,25.3748,168.82,2,0
5779,530.339,264.762,2,0
5780,467.001,288.942,2,0
5781,111.951,31.0064,2,0
5782,233.582,252.987,2,0
5783,388.479,193.614,2,0
5784,423.952,137.739,2,0
5785,305.811,268.369,2,0
5786,171.469,123.343,2,0
5787,158.462,184.076,2,0
5788,15.2565,185.512,2,0
5789,348.874,73.8079,2,0
5790,433.113,239.918,2,0
5791,593.079,20.603,2,0
5792,146.78,230.521,2,0
5793,283.239,14.3943,2,0
5794,510.027,257.358,2,0
5795,269.548,196.115,2,0
5796,542.768,290.388,2,0
5797,139.923,211.476,2,0
5798,240.907,229.529,2,0
5799,541.693,218.301,2,0
5800,394.859,44.4267,2,0
5801,71.0274,217.084,2,0
5802,174.231,211.916,2,0
5803,575.77,236.774,2,0
5804,420.226,110.521,2,0
5805,272.18,41.4939,2,0
5806,473.426,46.003,2,0
5807,205.778,284.01,2,0
5808,599.206,62.9792,2,0
5809,1.06988,51.8528,2,0
5810,545.279,198.474,2,0
5811,98.1112,284.944,2,0
5812,210.723,37.4753,2,0
5813,47.1416,109.501,2,0
5814,278.517,192.073,2,0
5815,114.584,249.279,2,0
5816,341.469,20.1855,2,0
5817,180.506,262.702,2,0
5818,583.679,225.585,2,0
5819,309.526,77.0926,2,0
5820,81.3927,87.8947,2,0
5821,338.214,99.6218,2,0
5822,33.4439,216.882,2,0
5823,43.1943,121.321,2,0
5824,385.82,281.981,2,0
5825,432.735,65.2318,2,0
5826,597.62,106.04,2,0
5827,297.447,218.979,2,0
5828,63.5625,48.5773,2,0
5829,444.195,161.672,2,0
5830,392.449,140.602,2,0
5831,250.338,204.766,2,0
5832,475.576,262.006,2,0
5833,220.185,27.6409,2,0
5834,209.825,191.842,2,0
5835,55.33,86.6199,2,0
5836,388.425,62.9954,2,0
5837,47.7437,136.981,2,0
5838,95.6377,96.7106,2,0
5839,188.038,102.661,2,0
5840,99.0699,181.082,2,0
5841,94.0939,37.8083,2,0
5842,221.708,95.417,2,0
5843,308.641,115.994,2,0
5844,402.388,162.105,2,0
5845,200.235,208.463,2,0
5846,253.83,7.61438,2,0
5847,461.647,83.0386,2,0
5848,232.87,94.0267,2,0
5849,495.711,84.8734,2,0
5850,461.491,143.527,2,0
5851,237.255,125.256,2,0
5852,354.391,54.0277,2,0
5853,367.417,274.879,2,0
5854,57.9976,2,2,0
5855,162.037,251.233,2,0
5856,457.618,82.5184,2,0
5857,229.757,205.941,2,0
5858,150.511,186.243,2,0
5859,490.698,245.9,2,0
5860,355.385,174.262,2,0
5861,102.569,274.4,2,0
5862,441.751,289.001,2,0
5863,514.057,70.5487,2,0
5864,214.386,45.3665,2,0
5865,533.025,49.3731,2,0
5866,84.3395,246.011,2,0
5867,261.511,4.81127,2,0
5868,172.464,294.687,2,0
5869,572.043,132.061,2,0
5870,461.874,217.811,2,0
5871,315.675,207.255,2,0
5872,64.021,105.637,2,0
5873,490.179,107.45,2,0
5874,472.515,123.622,2,0
5875,346.296,147.262,2,0
5876,391.367,213.69,2,0
5877,45.1746,44.4815,2,0
5878,133.658,293.246,2,0
5879,356.964,162.772,2,0
5880,65.856,51.9589,2,0
5881,260.367,75.0808,2,0
5882,579.135,81.8219,2,0
5883,149.805,244.538,2,0
5884,591.172,227.002,2,0
5885,380.465,255.302,2,0
5886,24.9193,27.7549,2,0
5887,173.485,2,2,0
5888,414.813,281.745,2,0
5889,478.28,21.2086,2,0
5890,359.7,165.806,2,0
5891,325.049,63.1709,2,0
5892,127.721,2,2,0
5893,186.122,244.235,2,0
5894,510.919,61.1443,2,0
5895,450.9,12.6061,2,0
5896,266.55,290.064,2,0
5897,401.797,205.976,2,0
5898,426.461,72.1853,2,0
5899,143.186,121.495,2,0
5900,87.7577,38.8985,2,0
5901,13.2005,135.297,2,0
5902,302.747,185.047,2,0
5903,113.916,269.863,2,0
5904,122.488,286.763,2,0
5905,421.491,6.08865,2,0
5906,233.102,293.01,2,0
5907,584.439,221.544,2,0
5908,574.296,297.881,2,0
5909,168.327,269.982,2,0
5910,578.693,99.6815,2,0
5911,518.962,291.639,2,0
5912,110.594,254.901,2,0
5913,473.951,127.445,2,0
5914,406.985,232.406,2,0
5915,216.48,220.971,2,0
5916,579.39,49.113,2,0
5917,279.043,136.709,2,0
5918,378.309,298,2,0
5919,418.858,249.611,2,0
5920,250.904,123.114,2,0
5921,310.649,72.4567,2,0
5922,199.242,69.7641,2,0
5923,233.514,277.26,2,0
5924,489.392,201.408,2,0
5925,247.896,297.594,2,0
5926,126.348,63.7838,2,0
5927,464.682,261.493,2,0
5928,570.733,108.528,2,0
5929,304.573,21.8802,2,0
5930,173.038,58.9916,2,0
5931,229.706,290.506,2,0
5932,375.366,276.548,2,0
5933,30.7875,89.5098,2,0
5934,488.738,168.416,2,0
5935,521.218,262.836,2,0
5936,506.574,56.4109,2,0
5937,224.708,88.9242,2,0
5938,115.212,42.8088,2,0
5939,367.854,215.096,2,0
5940,117.025,129.625,2,0
5941,257.352,104.371,2,0
5942,525.793,240.862,2,0
5943,154.312,298,2,0
5944,280.566,242.593,2,0
5945,72.5164,193.895,2,0
5946,124.749,194.727,2,0
5947,299.736,211.147,2,0
5948,305.501,113.447,2,0
5949,199.362,247.337,2,0
5950,358.154,169.618,2,0
5951,317.73,117.161,2,0
5952,449.95,244.726,2,0
5953,79.6244,172.083,2,0
5954,368.942,70.5012,2,0
5955,279.17,164.967,2,0
5956,217.165,212.47,2,0
5957,157.427,190.406,2,0
5958,577.276,112.307,2,0
5959,350.549,217.116,2,0
5960,46.671,147.57,2,0
5961,308.974,220.062,2,0
5962,273.588,252.465,2,0
5963,224.637,70.0199,2,0
5964,596.811,247.619,2,0
5965,444.466,250.15,2,0
5966,11.6069,280.357,2,0
5967,387.002,212.128,2,0
5968,10.2172,259.328,2,0
5969,484.946,287.819,2,0
5970,425.039,52.5615,2,0
5971,224.81,123.555,2,0
5972,351.257,130.6,2,0
5973,487.144,15.1089,2,0
5974,157.428,218.383,2,0
5975,278.881,116.08,2,0
5976,439.041,117.371,2,0
5977,79.4763,95.6469,2,0
5978,143.059,173.052,2,0
5979,141.429,269.215,2,0
5980,131.569,221.383,2,0
5981,460.932,195.926,2,0
5982,102.757,222.428,2,0
5983,428.674,140.026,2,0
5984,31.6826,101.103,2,0
5985,161.375,93.3896,2,0
5986,550.616,158.419,2,0
5987,126.282,146.107,2,0
5988,359.03,5.72931,2,0
5989,105.083,290.591,2,0
5990,158.381,258.642,2,0
5991,321.391,124.323,2,0
5992,97.0538,109.681,2,0
5993,27.6105,18.2355,2,0
5994,347.98,220.183,2,0
5995,54.5248,208.257,2,0
5996,2.53563,282.136,2,0
5997,321.552,173.35,2,0
5998,527.814,40.4588,2,0
5999,113.069,119.169,2,0
6000,57.062,93.7994,2,0
6001,422.931,25.1293,2,0
6002,304.716,196.544,2,0
6003,564.214,102.082,2,0
6004,523.741,188.225,2,0
6005,481.356,50.2131,2,0
6006,413.746,24.7241,2,0
6007,179.387,282.38,2,0
6008,524.975,171.618,2,0
6009,507.639,290.298,2,0
6010,493.542,51.4196,2,0
6011,178.351,63.0607,2,0
6012,351.3,152.589,2,0
6013,504.108,143.864,2,0
6014,380.928,141.3,2,0
6015,288.548,76.2166,2,0
6016,116.293,134.623,2,0
6017,213.63,118.799,2,0
6018,583.872,261.376,2,0
6019,44.116,256.046,2,0
6020,118.9,36.697,2,0
6021,379.704,33.4795,2,0
6022,491.634,116.606,2,0
6023,118.081,125.603,2,0
6024,453.105,282.994,2,0
6025,233.441,269.966,2,0
6026,196.768,111.79,2,0
6027,203.448,252.304,2,0
6028,191.269,234.259,2,0
6029,366.941,196.659,2,0
6030,289.084,206.946,2,0
6031,567.677,205.343,2,0
6032,593.956,133.456,2,0
6033,279.663,156.893,2,0
6034,76.2429,280.815,2,0
6035,93.492,3.95501,2,0
6036,211.526,160.513,2,0
6037,436.118,281.102,2,0
6038,504.897,164.151,2,0
6039,344.942,155.166,2,0
6040,236.853,93.1099,2,0
6041,65.8828,101.994,2,0
6042,219.274,142.273,2,0
6043,305.77,277.653,2,0
6044,350.247,0.752504,2,0
6045,94.9931,51.7437,2,0
6046,495.976,93.7087,2,0
6047,109.376,132.415,2,0
6048,130.554,40.2495,2,0
6049,284.972,123.505,2,0
6050,56.4609,278.014,2,0
6051,509.407,114.385,2,0
6052,217.953,42.1624,2,0
6053,257.877,96.3569,2,0
6054,332.134,242.376,2,0
6055,585.537,182.965,2,0
6056,474.467,213.992,2,0
6057,19.5395,158.694,2,0
6058,233.968,127.611,2,0
6059,70.1272,148.763,2,0
6060,575.957,119.526,2,0
6061,448.077,18.3835,2,0
6062,107.263,90.5081,2,0
6063,410.637,285.033,2,0
6064,396.818,131.042,2,0
6065,335.498,223.396,2,0
6066,319.841,197.298,2,0
6067,245.662,118.135,2,0
6068,186.993,82.9683,2,0
6069,192.54,117.072,2,0
6070,215.742,38.7615,2,0
6071,192.002,26.324,2,0
6072,402.766,202.027,2,0
6073,31.3725,198.081,2,0
6074,55.2344,296.601,2,0
6075,548.651,56.06,2,0
6076,527.165,99.0406,2,0
6077,550.683,177.487,2,0
6078,352.705,22.8095,2,0
6079,18.8484,126.552,2,0
6080,516.623,277.224,2,0
6081,478.723,277.229,2,0
6082,226.151,180.407,2,0
6083,300.22,58.4838,2,0
6084,87.4611,162.949,2,0
6085,282.498,191.347,2,0
6086,322.637,32.9313,2,0
6087,155.783,70.1563,2,0
6088,286.222,115.753,2,0
6089,476.67,17.497,2,0
6090,557.431,62.046,2,0
6091,222.423,181.918,2,0
6092,422.143,218.098,2,0
6093,71.181,152.738,2,0
6094,69.2128,177.788,2,0
6095,565.36,164.825,2,0
6096,301.159,129.574,2,0
6097,338.801,118.337,2,0
6098,347.315,167.168,2,0
6099,450.345,286.304,2,0
6100,396.801,40.872,2,0
6101,195.256,171.414,2,0
6102,409.583,268.584,2,0
6103,294.3,290.268,2,0
6104,264.196,58.8686,2,0
6105,495.074,118.664,2,0
6106,459.509,2,2,0
6107,478.814,231.051,2,0
6108,217.017,52.5425,2,0
6109,249.664,268.627,2,0
6110,499.201,236.047,2,0
6111,146.962,13.4312,2,0
6112,224.288,78.0392,2,0
6113,21.9916,176.881,2,0
6114,362.893,85.0384,2,0
6115,166.06,174.964,2,0
6116,485.897,164.768,2,0
6117,380.073,115.288,2,0
6118,290.942,170.127,2,0
6119,107.205,18.4097,2,0
6120,330.28,204.585,2,0
6121,49.0949,96.835,2,0
6122,473.485,270.913,2,0
6123,165.186,253.8,2,0
6124,133.627,272.167,2,0
6125,202.707,215.154,2,0
6126,433.208,169.637,2,0
6127,467.066,280.812,2,0
6128,191.612,182.866,2,0
6129,240.31,289.148,2,0
6130,519.55,119.691,2,0
6131,476.166,169.268,2,0
6132,334.503,109.837,2,0
6133,544.533,293.999,2,0
6134,31.6034,181.583,2,0
6135,206.853,109.813,2,0
6136,22.3204,257.561,2,0
6137,60.5358,208.82,2,0
6138,427.262,106.502,2,0
6139,317.739,174.641,2,0
6140,374.916,39.7991,2,0
6141,313.684,37.0561,2,0
6142,589.636,134.024,2,0
6143,92.9192,19.773,2,0
6144,313.691,188.755,2,0
6145,233.244,183.089,2,0
6146,290.513,199.035,2,0
6147,505.323,22.4919,2,0
6148,506.635,89.0235,2,0
6149,554.752,217.383,2,0
6150,366.751,136.642,2,0
6151,50.8944,39.0005,2,0
6152,206.23,229.165,2,0
6153,561.925,125.54,2,0
6154,335.006,249.977,2,0
6155,69.3555,16.4184,2,0
6156,550.206,197.82,2,0
6157,211.935,248.753,2,0
6158,53.9088,103.282,2,0
6159,470.128,42.4986,2,0
6160,453.099,197.408,2,0
6161,322.073,236.514,2,0
6162,429.62,198.081,2,0
6163,199.544,251.378,2,0
6164,350.279,47.8926,2,0
6165,493.835,163.533,2,0
6166,315.193,142.107,2,0
6167,330.157,185.775,2,0
6168,442.055,124.943,2,0
6169,484.701,18.3533,2,0
6170,167.082,257.393,2,0
6171,485.251,251.906,2,0
6172,289.835,179.526,2,0
6173,598.979,205.267,2,0
6174,19.7727,130.49,2,0
6175,167.718,25.1343,2,0
6176,591.759,222.914,2,0
6177,28.5653,97.4443,2,0
6178,504.736,265.645,2,0
6179,5.20886,74.7153,2,0
6180,326.047,102.492,2,0
6181,216.19,247.803,2,0
6182,207.348,105.682,2,0
6183,240.922,156.648,2,0
6184,158.032,11.5479,2,0
6185,101.943,120.183,2,0
6186,112.351,104.886,2,0
6187,238.397,29.0322,2,0
6188,48.956,42.6883,2,0
6189,409.545,47.8421,2,0
6190,202.78,138.641,2,0
6191,7.53015,280.264,2,0
6192,493.897,167.69,2,0
6193,165.804,241.793,2,0
6194,3.05892,206.418,2,0
6195,356.137,279.536,2,0
6196,594.554,99.619,2,0
6197,183.745,80.4324,2,0
6198,579.566,121.372,2,0
6199,233.491,5.94581,2,0
6200,543.451,173.638,2,0
6201,476.867,72.5544,2,0
6202,501.177,21.9232,2,0
6203,452.156,249.681,2,0
6204,37.3927,216.036,2,0
6205,218.698,200.266,2,0
6206,441.294,153.352,2,0
6207,231.814,39.0935,2,0
6208,97.1644,189.309,2,0
6209,422.189,68.0033,2,0
6210,429.712,58.1926,2,0
6211,462.781,51.7223,2,0
6212,437.445,180.097,2,0
6213,592.853,126.64,2,0
6214,361.933,271.682,2,0
6215,418.414,42.784,2,0
6216,97.0837,9.47308,2,0
6217,534.11,171.864,2,0
6218,520.149,152.837,2,0
6219,92.1475,89.9312,2,0
6220,351.794,98.3974,2,0
6221,354.164,188.901,2,0
6222,481.442,42.0814,2,0
6223,99.9165,12.3052,2,0
6224,297.374,255.627,2,0
6225,43.6388,82.493,2,0
6226,10.0367,64.7298,2,0
6227,45.0874,169.594,2,0
6228,546.526,241.109,2,0
6229,383.673,32.639,2,0
6230,516.213,288.687,2,0
6231,266.965,257.21,2,0
6232,524.635,17.297,2,0
6233,377.135,118.079,2,0
6234,331.712,196.508,2,0
6235,316.934,109.386,2,0
6236,9.12542,59.7696,2,0
6237,349.785,102.212,2,0
6238,235.923,52.6477,2,0
6239,173.782,201.172,2,0
6240,563.836,228.657,2,0
6241,156.264,116.077,2,0
6242,471.181,159.579,2,0
6243,214.631,98.0962,2,0
6244,148.759,156.697,2,0
6245,310.313,8.56065,2,0
6246,237.12,245.39,2,0
6247,175.494,122.549,2,0
6248,347.596,33.6514,2,0
6249,458.409,51.3492,2,0
6250,418.04,54.4002,2,0
6251,158.463,274.27,2,0
6252,336.76,217.299,2,0
6253,201.731,77.9653,2,0
6254,461.945,294.167,2,0
6255,454.048,279.026,2,0
6256,434.827,209.714,2,0
6257,498.363,156.111,2,0
6258,329.495,61.0979,2,0
6259,275.842,298,2,0
6260,21.3017,281.626,2,0
6261,218.547,133.319,2,0
6262,278.652,267.92,2,0
6263,590.941,85.6,2,0
6264,361.079,145.062,2,0
6265,9.80268,206.191,2,0
6266,167.053,261.785,2,0
6267,595.284,11.6459,2,0
6268,323.897,55.5555,2,0
6269,115.149,187.402,2,0
6270,483.298,72.9862,2,0
6271,70.0742,69.4418,2,0
6272,561.558,140.003,2,0
6273,425.474,48.5784,2,0
6274,370.067,271.126,2,0
6275,411.429,44.2277,2,0
6276,566.59,147.36,2,0
6277,362.814,31.5035,2,0
6278,187.389,261.271,2,0
6279,474.371,257.994,2,0
6280,269.797,102.679,2,0
6281,215.752,80.9504,2,0
6282,257.314,212.647,2,0
6283,417.138,190.626,2,0
6284,413.956,106.075,2,0
6285,318.675,210.135,2,0
6286,322.559,240.617,2,0
6287,540.334,23.2955,2,0
6288,100.174,116.558,2,0
6289,481.683,141.549,2,0
6290,231.782,221.624,2,0
6291,262.238,129.46,2,0
6292,292.104,38.3189,2,0
6293,488.728,46.0072,2,0
6294,264.145,217.158,2,0
6295,555.582,228.295,2,0
6296,128.432,13.1154,2,0
6297,469.056,73.972,2,0
6298,370.626,170.904,2,0
6299,487.716,25.8827,2,0
6300,459.211,19.8324,2,0
6301,546.319,237.078,2,0
6302,536.852,179.496,2,0
6303,246.421,223.722,2,0
6304,290.773,43.1599,2,0
6305,49.0311,5.76644,2,0
6306,93.0952,127.34,2,0
6307,216.9,25.1363,2,0
6308,273.188,133.875,2,0
6309,523.022,72.2094,2,0
6310,533.706,31.7466,2,0
6311,236.873,205.811,2,0
6312,288.176,37.0139,2,0
6313,100.653,77.3491,2,0
6314,216.703,216.89,2,0
6315,197.096,132.808,2,0
6316,488.428,29.8522,2,0
6317,417.95,220.667,2,0
6318,302.894,181.047,2,0
6319,587.065,285.082,2,0
6320,2.54055,286.193,2,0
6321,497.103,26.6251,2,0
6322,300.892,207.252,2,0
6323,182.614,97.2981,2,0
6324,327.076,95.9294,2,0
6325,295.548,222.526,2,0
6326,496.283,140.825,2,0
6327,338.485,125.134,2,0
6328,315.414,120.477,2,0
6329,463.549,45.1576,2,0
6330,137.39,201.35,2,0
6331,129.353,24.8568,2,0
6332,147.066,207.835,2,0
6333,398.457,4.91785,2,0
6334,207.506,79.9009,2,0
6335,23.5009,237.333,2,0
6336,413.107,270.603,2,0
6337,140.773,20.6795,2,0
6338,442.492,226.685,2,0
6339,560.333,121.69,2,0
6340,537.873,38.7099,2,0
6341,393.326,106.911,2,0
6342,425.595,169.599,2,0
6343,380.32,179.296,2,0
6344,277.412,239.304,2,0
6345,560.195,247.323,2,0
6346,418.045,12.7441,2,0
6347,286.467,119.766,2,0
6348,424.301,271.388,2,0
6349,594.53,26.2168,2,0
6350,402.392,218.478,2,0
6351,415.03,180.091,2,0
6352,255.256,287.696,2,0
6353,30.2781,158.419,2,0
6354,421.368,148.565,2,0
6355,147.631,41.6836,2,0
6356,85.1312,35.7666,2,0
6357,427.636,194.537,2,0
6358,573.923,88.5102,2,0
6359,275.657,123.21,2,0
6360,129.9,147.817,2,0
6361,368.757,121.861,2,0
6362,594.133,103.682,2,0
6363,397.394,106.835,2,0
6364,436.438,36.3843,2,0
6365,290.233,66.4361,2,0
6366,99.8734,123.725,2,0
6367,393.822,133.747,2,0
6368,13.1765,71.5731,2,0
6369,154.284,46.8376,2,0
6370,395.15,298,2,0
6371,493.521,57.1968,2,0
6372,370.112,161.89,2,0
6373,473.021,236.615,2,0
6374,249.994,221.665,2,0
6375,487.186,61.5219,2,0
6376,500.241,172.533,2,0
6377,513.49,182.059,2,0
6378,188.645,46.1495,2,0
6379,360.997,48.1873,2,0
6380,380.721,195.174,2,0
6381,581.232,218.952,2,0
6382,114.314,93.7801,2,0
6383,386.688,6.87315,2,0
6384,557.837,286.188,2,0
6385,119.811,9.19301,2,0
6386,290.559,283.317,2,0
6387,72.5247,110.738,2,0
6388,258.475,295.307,2,0
6389,309.977,123.698,2,0
6390,328.974,189.608,2,0
6391,157.475,230.109,2,0
6392,162.902,120.786,2,0
6393,332.313,218.685,2,0
6394,381.529,189.777,2,0
6395,300.429,203.152,2,0
6396,588.354,137.947,2,0
6397,313.988,197.579,2,0
6398,206.991,40.3071,2,0
6399,397.134,90.145,2,0
6400,263.882,253.191,2,0
6401,197.277,239.418,2,0
6402,308.657,131.968,2,0
6403,591.655,76.0351,2,0
6404,228.784,50.5804,2,0
6405,250.757,52.9717,2,0
6406,80.9033,67.6417,2,0
6407,304.937,117.568,2,0
6408,290.79,33.7448,2,0
6409,357.049,265.168,2,0
6410,392.122,150.825,2,0
6411,437.25,250.055,2,0
6412,147.933,64.9623,2,0
6413,546.188,224.995,2,0
6414,532.932,290.022,2,0
6415,341.047,154.002,2,0
6416,344.729,114.495,2,0
6417,505.127,96.6451,2,0
6418,131.171,254.015,2,0
6419,254.836,200.691,2,0
6420,560.022,67.4748,2,0
6421,399.508,138.587,2,0
6422,397.55,236.298,2,0
6423,362.534,170.751,2,0
6424,309.53,186.533,2,0
6425,156.414,225.53,2,0
6426,454.929,201.44,2,0
6427,75.9752,38.5531,2,0
6428,354.34,95.1879,2,0
6429,581.477,250.5,2,0
6430,175.239,221.236,2,0
6431,152.287,202.265,2,0
6432,551.538,88.0174,2,0
6433,390.349,18.2511,2,0
6434,131.333,284.123,2,0
6435,558.287,91.107,2,0
6436,243.738,273.637,2,0
6437,584.673,110.571,2,0
6438,182.708,285.532,2,0
6439,390.426,279.925,2,0
6440,577.971,171.46,2,0
6441,55.0276,289.01,2,0
6442,265.861,11.1421,2,0
6443,578.508,55.6874,2,0
6444,163.491,213.257,2,0
6445,203.207,70.797,2,0
6446,528.869,178.773,2,0
6447,41.3718,246.321,2,0
6448,172.659,266.019,2,0
6449,171.74,170.514,2,0
6450,116.74,72.4328,2,0
6451,400.9,75.778,2,0
6452,129.152,75.0324,2,0
6453,200.585,113.324,2,0
6454,455.398,14.7411,2,0
6455,246.35,175.474,2,0
6456,60.6239,279.807,2,0
6457,225.799,83.0444,2,0
6458,308.064,223.96,2,0
6459,514.528,109.448,2,0
6460,293.117,244.918,2,0
6461,41.9555,91.3674,2,0
6462,494.784,178.568,2,0
6463,86.4776,239.281,2,0
6464,297.803,259.778,2,0
6465,425.145,256.678,2,0
6466,5.97208,6.00792,2,0
6467,283.693,156.272,2,0
6468,503.158,210.588,2,0
6469,63.1794,40.0342,2,0
6470,203.413,201.139,2,0
6471,73.2704,298,2,0
6472,204.462,225.566,2,0
6473,204.354,248.349,2,0
6474,156.137,50.5159,2,0
6475,551.647,58.7311,2,0
6476,360.337,197.921,2,0
6477,250.187,172.185,2,0
6478,317.897,101.865,2,0
6479,543.781,124.056,2,0
6480,140.556,152.314,2,0
6481,563.648,213.622,2,0
6482,278.576,88.5996,2,0
6483,542.732,252.766,2,0
6484,159.98,233.366,2,0
6485,584.666,42.7009,2,0
6486,280.045,207.402,2,0
6487,298.02,230.205,2,0
6488,504.267,53.1132,2,0
6489,472.474,188.613,2,0
6490,598.838,83.7874,2,0
6491,115.443,215.087,2,0
6492,246.132,101.751,2,0
6493,151.733,135.05,2,0
6494,481.543,196.319,2,0
6495,134.568,236.691,2,0
6496,443.915,259.548,2,0
6497,24.153,97.7194,2,0
6498,576.03,104.18,2,0
6499,568.809,80.9664,2,0
6500,347.31,151.741,2,0
6501,109.282,6.06284,2,0
6502,339.567,235.737,2,0
6503,1.27165,36.9276,2,0
6504,277.421,253.646,2,0
6505,263.516,99.2176,2,0
6506,380.244,175.206,2,0
6507,165.682,57.9143,2,0
6508,103.107,91.7805,2,0
6509,481.984,157.806,2,0
6510,385.348,154.767,2,0
6511,378.27,145.725,2,0
6512,5.43741,236.259,2,0
6513,406.54,218.687,2,0
6514,476.841,249.546,2,0
6515,566.372,225.549,2,0
6516,415.917,121.806,2,0
6517,372.523,111.401,2,0
6518,439.027,211.372,2,0
6519,241.33,256.05,2,0
6520,384.973,224.398,2,0
6521,294.706,142.445,2,0
6522,79.6796,57.2945,2,0
6523,396.053,257.149,2,0
6524,210.738,154.07,2,0
6525,319.815,284.841,2,0
6526,363.194,16.7505,2,0
6527,131.545,239.477,2,0
6528,118.73,208.454,2,0
6529,589.52,55.9647,2,0
6530,232.368,281.137,2,0
6531,60.6154,103.528,2,0
6532,214.865,72.9712,2,0
6533,138.169,49.8032,2,0
6534,365.763,211.504,2,0
6535,483.132,104.058,2,0
6536,404.792,193.114,2,0
6537,157.114,270.414,2,0
6538,470.147,136.195,2,0
6539,260.197,137.408,2,0
6540,262.97,65.9365,2,0
6541,589.693,194.194,2,0
6542,193.93,203.314,2,0
6543,236.518,144.41,2,0
6544,293.493,121.555,2,0
6545,114.959,122.704,2,0
6546,124.815,101.797,2,0
6547,434.293,79.9661,2,0
6548,430.179,237.185,2,0
6549,139.054,34.5049,2,0
6550,284.065,136.925,2,0
6551,184.54,253.871,2,0
6552,29.0283,194.717,2,0
6553,408.209,130.309,2,0
6554,280.617,50.1559,2,0
6555,318.557,113.194,2,0
6556,549.794,286.052,2,0
6557,119.567,231.873,2,0
6558,534.224,197.532,2,0
6559,599.083,79.6353,2,0
6560,433.485,179.221,2,0
6561,526.549,251.038,2,0
6562,294.688,34.6974,2,0
6563,117.582,291.373,2,0
6564,489.559,241.339,2,0
6565,323.818,132.066,2,0
6566,268.613,262.258,2,0
6567,421.554,155.426,2,0
6568,118.799,56.0264,2,0
6569,126.272,49.7486,2,0
6570,412.049,153.539,2,0
6571,150.736,181.531,2,0
6572,138.51,235.572,2,0
6573,191.384,260.839,2,0
6574,280.036,41.9546,2,0
6575,202.049,94.9902,2,0
6576,94.7447,135.324,2,0
6577,271.393,281.792,2,0
6578,598.145,14.5225,2,0
6579,67.3522,284.173,2,0
6580,214.807,21.5516,2,0
6581,557.47,194.939,2,0
6582,446.219,146.548,2,0
6583,147.292,188.751,2,0
6584,599.025,258.321,2,0
6585,95.2338,139.347,2,0
6586,466.839,52.3028,2,0
6587,95.8414,203.535,2,0
6588,426.574,60.915,2,0
6589,442.167,279.831,2,0
6590,305.151,129.905,2,0
6591,593.361,54.4812,2,0
6592,53.0868,160.643,2,0
6593,430.509,21.9204,2,0
6594,577.161,42.4751,2,0
6595,43.8125,54.9161,2,0
6596,50.8972,60.7012,2,0
6597,290.921,214.117,2,0
6598,571.998,14.2086,2,0
6599,265.052,161.11,2,0
6600,502.143,4.89918,2,0
6601,373.74,45.245,2,0
6602,586.177,250.479,2,0
6603,59.3164,152.749,2,0
6604,331.534,298,2,0
6605,582.421,177.223,2,0
6606,371.913,126.981,2,0
6607,220.43,104.375,2,0
6608,318.173,128.091,2,0
6609,224.616,283.461,2,0
6610,532.508,86.2187,2,0
6611,369.927,29.256,2,0
6612,121.83,251.87,2,0
6613,366.53,177.448,2,0
6614,357.714,291.504,2,0
6615,356.005,283.605,2,0
6616,282.881,166.84,2,0
6617,337.26,66.4121,2,0
6618,553.799,117.865,2,0
6619,429.505,2,2,0
6620,24.2863,180.165,2,0
6621,275.808,27.8401,2,0
6622,515.36,156.445,2,0
6623,371.848,215.686,2,0
6624,112.437,13.3392,2,0
6625,446.941,227.29,2,0
6626,151.014,263.857,2,0
6627,430.006,45.7232,2,0
6628,458.94,185.008,2,0
6629,581.219,85.3054,2,0
6630,263.846,272.65,2,0
6631,97.1515,127.292,2,0
6632,165.448,93.3868,2,0
6633,551.646,46.3112,2,0
6634,478.519,243.686,2,0
6635,552.028,280.315,2,0
6636,561.17,16.8066,2,0
6637,13.2732,34.0331,2,0
6638,329.837,83.3133,2,0
6639,292.559,165.27,2,0
6640,132.053,129.99,2,0
6641,105.156,298,2,0
6642,225.689,278.818,2,0
6643,328.39,2,2,0
6644,281.418,139.967,2,0
6645,313.562,215.059,2,0
6646,242.452,225.753,2,0
6647,329.292,149.09,2,0
6648,182.796,219.23,2,0
6649,268.21,137.537,2,0
6650,359.709,268.226,2,0
6651,2.74191,33.1877,2,0
6652,47.833,113.448,2,0
6653,357.502,147.058,2,0
6654,74.3531,122.16,2,0
6655,194.977,236.014,2,0
6656,308.956,288.202,2,0
6657,570.252,208.534,2,0
6658,540.358,245.646,2,0
6659,89.423,146.547,2,0
6660,229.838,82.3225,2,0
6661,301.599,114.474,2,0
6662,72.8296,64.4952,2,0
6663,534.314,45.5154,2,0
6664,406.816,242.343,2,0
6665,160.768,32.8625,2,0
6666,210.594,10.164,2,0
6667,463.858,214.159,2,0
6668,7.02265,126.494,2,0
6669,17.7232,2,2,0
6670,60.2181,174.723,2,0
6671,86.3299,153.809,2,0
6672,479.213,150.427,2,0
6673,462.925,265.153,2,0
6674,372.855,198.719,2,0
6675,309.7,278.46,2,0
6676,52.5747,74.5825,2,0
6677,567.971,14.5005,2,0
6678,146.348,76.7327,2,0
6679,159.217,237.33,2,0
6680,30.3047,185.487,2,0
6681,4.06958,214.212,2,0
6682,6.10825,274.865,2,0
6683,553.912,77.351,2,0
6684,348.638,23.7958,2,0
6685,282.456,199.968,2,0
6686,276.232,205.455,2,0
6687,298.589,144.138,2,0
6688,47.9585,16.7843,2,0
6689,366.967,7.45001,2,0
6690,314.526,211.094,2,0
6691,58.9587,60.4124,2,0
6692,494.561,189.06,2,0
6693,128.152,17.2269,2,0
6694,374.783,22.5988,2,0
6695,177.495,114.752,2,0
6696,7.82446,113.832,2,0
6697,383.955,150.85,2,0
6698,555.36,2,2,0
6699,358.83,85.3686,2,0
6700,424.957,208.557,2,0
6701,326.512,201.628,2,0
6702,481.833,13.8906,2,0
6703,285.329,28.1302,2,0
6704,438.274,290.982,2,0
6705,206.436,237.143,2,0
6706,154.677,182.619,2,0
6707,291.103,94.8367,2,0
6708,507.262,211.012,2,0
6709,40.2897,152.599,2,0
6710,514.598,113.449,2,0
6711,312.857,193.654,2,0
6712,409.255,2,2,0
6713,214.573,181.941,2,0
6714,531.973,15.2677,2,0
6715,75.0615,294.31,2,0
6716,382.541,212.912,2,0
6717,143.367,88.4541,2,0
6718,202.261,167.182,2,0
6719,171.389,193.046,2,0
6720,258.169,203.153,2,0
6721,451.721,135.383,2,0
6722,158.249,153.639,2,0
6723,196.034,262.639,2,0
6724,529.8,104.3,2,0
6725,560.607,221.239,2,0
6726,386.622,113.873,2,0
6727,248.848,46.6362,2,0
6728,70.1029,61.4696,2,0
6729,253.728,106.43,2,0
6730,295.336,270.031,2,0
6731,139.705,53.5868,2,0
6732,106.355,94.4089,2,0
6733,24.3521,85.9632,2,0
6734,573.98,210.186,2,0
6735,526.25,294.089,2,0
6736,512.907,44.6311,2,0
6737,41.5841,215.83,2,0
6738,190.782,191.524,2,0
6739,0.276188,254.122,2,0
6740,295.497,110.27,2,0
6741,85.9211,124.012,2,0
6742,157.587,58.3784,2,0
6743,209.353,43.686,2,0
6744,157.399,54.3791,2,0
6745,200.146,135.4,2,0
6746,274.641,267.492,2,0
6747,75.0094,103.755,2,0
6748,399.038,248.503,2,0
6749,260.454,229.964,2,0
6750,303.835,67.3757,2,0
6751,66.0101,2,2,0
6752,86.4082,226.404,2,0
6753,299.784,65.2686,2,0
6754,588.362,144.792,2,0
6755,166.254,43.2925,2,0
6756,416.691,197.747,2,0
6757,179.9,81.7961,2,0
6758,442.684,96.4196,2,0
6759,363.204,230.973,2,0
6760,376.327,156.465,2,0
6761,219.135,2,2,0
6762,135.267,211.843,2,0
6763,236.07,167.942,2,0
6764,224.722,264.136,2,0
6765,431.89,131.492,2,0
6766,83.6555,210.188,2,0
6767,571.946,239.526,2,0
6768,571.968,235.393,2,0
6769,557.664,13.415,2,0
6770,356.443,62.0048,2,0
6771,482.646,259.551,2,0
6772,343.236,107.016,2,0
6773,30.917,174.834,2,0
6774,544.2,108.01,2,0
6775,167.779,35.2088,2,0
6776,344.717,22.702,2,0
6777,435.597,232.733,2,0
6778,338.783,277.229,2,0
6779,289.352,53.6348,2,0
6780,248.98,253.572,2,0
6781,342.768,78.3165,2,0
6782,535.554,80.5662,2,0
6783,85.4723,298,2,0
6784,536.612,207.489,2,0
6785,387.997,150.368,2,0
6786,409.417,292.938,2,0
6787,66.5414,76.3955,2,0
6788,404.023,18.3141,2,0
6789,285.423,277.377,2,0
6790,304.761,143.585,2,0
6791,335.662,298,2,0
6792,396.259,126.928,2,0
6793,227.87,105.768,2,0
6794,354.041,170.346,2,0
6795,212.621,171.374,2,0
6796,444.342,11.6818,2,0
6797,317.915,72.7326,2,0
6798,127.205,220.996,2,0
6799,38.2802,186.695,2,0
6800,331.898,232.184,2,0
6801,491.882,171.193,2,0
6802,504.031,118.534,2,0
6803,172.202,271.087,2,0
6804,56.0384,72.4982,2,0
6805,22.0168,233.552,2,0
6806,511.011,81.2923,2,0
6807,236.901,32.7472,2,0
6808,260.259,16.2407,2,0
6809,102.73,141.306,2,0
6810,447.489,261.462,2,0
6811,194.964,93.9449,2,0
6812,59.6801,223.272,2,0
6813,244.861,200.246,2,0
6814,201.809,299.298,2,0
6815,410.935,58.8274,2,0
6816,244.267,73.6545,2,0
6817,49.7312,85.1734,2,0
6818,416.324,77.2729,2,0
6819,443.346,204.603,2,0
6820,112.245,234.559,2,0
6821,400.241,33.346,2,0
6822,562.277,250.914,2,0
6823,519.456,156.916,2,0
6824,206.445,255.062,2,0
6825,60.5862,251.695,2,0
6826,49.07,288.305,2,0
6827,237.974,164.253,2,0
6828,390.304,248.304,2,0
6829,516.572,46.4304,2,0
6830,264.101,14.9863,2,0
6831,504.398,125.077,2,0
6832,565.635,136.882,2,0
6833,82.4723,239.583,2,0
6834,63.9003,259.027,2,0
6835,532.423,162.817,2,0
6836,232.581,89.8165,2,0
6837,453.561,97.142,2,0
6838,472.237,99.886,2,0
6839,451.779,164.512,2,0
6840,89.2344,8.33383,2,0
6841,129.373,44.1008,2,0
6842,582.086,165.705,2,0
6843,26.1913,159.029,2,0
6844,15.7119,243.361,2,0
6845,191.949,159.699,2,0
6846,425.397,148.233,2,0
6847,589.514,167.237,2,0
6848,106.641,107.986,2,0
6849,27.8064,172.197,2,0
6850,320.935,271.344,2,0
6851,373.162,246.296,2,0
6852,441.07,181.9,2,0
6853,451.423,290.25,2,0
6854,534.707,234.898,2,0
6855,189.434,70.7323,2,0
6856,248.057,196.933,2,0
6857,127.527,21.2771,2,0
6858,279.889,68.9073,2,0
6859,150.906,231.434,2,0
6860,482.758,148.266,2,0
6861,17.7216,121.223,2,0
6862,328.511,112.2,2,0
6863,113.02,73.9421,2,0
6864,207.69,200.631,2,0
6865,349.015,275.864,2,0
6866,294.889,102.916,2,0
6867,540.602,71.1088,2,0
6868,515.306,95.9958,2,0
6869,493.129,104.714,2,0
6870,191.023,94.9001,2,0
6871,121.562,279.066,2,0
6872,111.037,17.1779,2,0
6873,77.9559,124.101,2,0
6874,587.814,219.205,2,0
6875,85.8046,13.1257,2,0
6876,18.9196,36.5966,2,0
6877,426.251,274.956,2,0
6878,554.878,161.372,2,0
6879,252.002,102.684,2,0
6880,241.455,181.691,2,0
6881,262.354,268.856,2,0
6882,75.6575,118.277,2,0
6883,228.18,22.8672,2,0
6884,561.662,105.248,2,0
6885,509.771,261.419,2,0
6886,186.649,257.287,2,0
6887,532.907,260.266,2,0
6888,286.788,140.077,2,0
6889,374.783,189.749,2,0
6890,464.868,201.422,2,0
6891,332.316,19.0874,2,0
6892,464.327,228.534,2,0
6893,537.383,29.9764,2,0
6894,302.159,283.84,2,0
6895,477.636,51.912,2,0
6896,106.232,277.445,2,0
6897,179.249,231.726,2,0
6898,444.726,142.685,2,0
6899,520.919,27.7958,2,0
6900,377.7,48.7213,2,0
6901,53.2513,83.1885,2,0
6902,455.239,18.891,2,0
6903,74.0992,2,2,0
6904,402.163,135.525,2,0
6905,192.447,44.3053,2,0
6906,29.3044,167.59,2,0
6907,229.921,248.933,2,0
6908,18.6008,235.998,2,0
6909,213.103,296.157,2,0
6910,61.7751,63.379,2,0
6911,195.616,181.288,2,0
6912,482.725,54.0308,2,0
6913,3.00359,40.6419,2,0
6914,538.795,194.505,2,0
6915,198.57,58.7463,2,0
6916,181.847,202.505,2,0
6917,297.421,78.787,2,0
6918,547.04,153.114,2,0
6919,579.473,59.5756,2,0
6920,23.7095,80.6785,2,0
6921,409.832,207.693,2,0
6922,280.907,123.23,2,0
6923,99.221,30.0534,2,0
6924,284.946,207.455,2,0
6925,305.657,205.777,2,0
6926,154.607,34.9674,2,0
6927,150.177,175.45,2,0
6928,236.507,290.781,2,0
6929,29.7984,260.659,2,0
6930,405.926,208.786,2,0
6931,574.385,168.49,2,0
6932,218.596,180.378,2,0
6933,140.906,78.573,2,0
6934,66.5896,93.4095,2,0
6935,50.4794,139.95,2,0
6936,506.202,275.409,2,0
6937,70.9685,286.02,2,0
6938,199.619,28.514,2,0
6939,466.894,11.3414,2,0
6940,544.16,149.119,2,0
6941,21.2339,123.328,2,0
6942,526.693,255.126,2,0
6943,16.3967,97.5016,2,0
6944,165.751,233.56,2,0
6945,474.244,84.825,2,0
6946,492.372,175.167,2,0
6947,508.981,92.4707,2,0
6948,263.72,134.097,2,0
6949,260.108,84.3803,2,0
6950,261.057,30.5109,2,0
6951,308.13,120.099,2,0
6952,389.501,78.6454,2,0
6953,26.5714,267.917,2,0
6954,530.427,253.129,2,0
6955,439.693,283.016,2,0
6956,544.519,2,2,0
6957,415.854,17.2522,2,0
6958,462.567,192.254,2,0
6959,59.0373,233.399,2,0
6960,416.654,100.193,2,0
6961,206.986,233.104,2,0
6962,480.413,185.611,2,0
6963,274.143,88.3171,2,0
6964,299.624,155.931,2,0
6965,283.079,31.463,2,0
6966,336.825,292.063,2,0
6967,194.977,185.255,2,0
6968,532.362,223.216,2,0
6969,336.369,103.177,2,0
6970,574.052,252.263,2,0
6971,236.354,229.291,2,0
6972,150.523,34.6466,2,0
6973,270.434,124.148,2,0
6974,528.679,144.553,2,0
6975,383.636,2,2,0
6976,201.708,20.1286,2,0
6977,338.981,95.6324,2,0
6978,183.25,206.254,2,0
6979,483.647,111.988,2,0
6980,138.812,248.76,2,0
6981,380.993,9.98765,2,0
6982,330.563,156.281,2,0
6983,483.972,187.609,2,0
6984,281.37,106.301,2,0
6985,133.019,154.736,2,0
6986,358.789,253.551,2,0
6987,258.556,125.524,2,0
6988,278.666,293.794,2,0
6989,481.362,131.016,2,0
6990,19.6036,217.375,2,0
6991,312.58,44.983,2,0
6992,266.207,275.949,2,0
6993,176.428,106.033,2,0
6994,507.44,298,2,0
6995,77.2135,140.134,2,0
6996,565.434,114.159,2,0
6997,271.502,130.201,2,0
6998,104.118,87.8406,2,0
6999,429.213,33.8757,2,0
7000,573.73,152.325,2,0
7001,50.1901,133.574,2,0
7002,178.36,14.9778,2,0
7003,516.239,9.55207,2,0
7004,364.488,120.509,2,0
7005,187.234,273.197,2,0
7006,141.707,276.312,2,0
7007,571.713,51.6833,2,0
7008,372.004,202.725,2,0
7009,112.665,115.184,2,0
7010,142.828,138.773,2,0
7011,516.864,192.625,2,0
7012,5.97772,122.611,2,0
7013,21.5385,57.5192,2,0
7014,145.765,245.299,2,0
7015,321.718,258.375,2,0
7016,149.451,92.1046,2,0
7017,215.856,61.2093,2,0
7018,113.84,157.221,2,0
7019,527.044,71.7755,2,0
7020,228.151,218.115,2,0
7021,181.828,150.745,2,0
7022,135.474,232.731,2,0
7023,136.737,100.015,2,0
7024,2.05134,2,2,0
7025,495.626,172.814,2,0
7026,79.9407,266.245,2,0
7027,381.727,185.264,2,0
7028,20.3911,105.953,2,0
7029,391.777,166.238,2,0
7030,521.209,68.5812,2,0
7031,86.7259,294.153,2,0
7032,14.1945,82.1182,2,0
7033,553.726,284.105,2,0
7034,217.394,101.706,2,0
7035,67.7808,187.724,2,0
7036,566.11,243.526,2,0
7037,289.258,91.2308,2,0
7038,129.371,261.379,2,0
7039,284.123,47.9257,2,0
7040,202.705,233.023,2,0
7041,531.08,212.304,2,0
7042,330.65,227.55,2,0
7043,498.695,14.01,2,0
7044,379.681,251.342,2,0
7045,139.047,227.441,2,0
7046,249.027,200.899,2,0
7047,456.905,94.9269,2,0
7048,209.599,55.6192,2,0
7049,595.063,251.327,2,0
7050,239.449,216.418,2,0
7051,216.548,139.077,2,0
7052,358.484,54.7963,2,0
7053,598.737,293.953,2,0
7054,202.491,109.801,2,0
7055,321.255,189.365,2,0
7056,213.557,157.036,2,0
7057,362.363,152.99,2,0
7058,145.186,80.5837,2,0
7059,337.826,204.836,2,0
7060,530.984,37.8311,2,0
7061,498.561,180.031,2,0
7062,579.064,210.681,2,0
7063,569.226,139.597,2,0
7064,116.276,90.274,2,0
7065,392.852,172.824,2,0
7066,590.663,36.3762,2,0
7067,495.21,114.609,2,0
7068,70.109,141.75,2,0
7069,544.826,228.874,2,0
7070,205.077,17.7419,2,0
7071,87.8655,49.9416,2,0
7072,159.006,262.65,2,0
7073,269.562,184.013,2,0
7074,124.623,217.796,2,0
7075,470.983,289.958,2,0
7076,114.175,110.811,2,0
7077,71.5166,57.6152,2,0
7078,36.8456,273.121,2,0
7079,147.415,256.674,2,0
7080,167.89,68.5656,2,0
7081,529.919,232.712,2,0
7082,314.357,70.6917,2,0
7083,318.329,178.626,2,0
7084,11.5293,172.414,2,0
7085,263.21,174.461,2,0
7086,424.967,95.3006,2,0
7087,133.166,88.5403,2,0
7088,138.705,165.607,2,0
7089,537.873,183.421,2,0
7090,517.484,78.0451,2,0
7091,487.057,102.999,2,0
7092,463.195,298,2,0
7093,454.773,115.659,2,0
7094,263.642,246.96,2,0
7095,376.219,78.4644,2,0
7096,569.994,135.562,2,0
7097,53.0513,143.073,2,0
7098,163.799,24.1729,2,0
7099,206.032,149.5,2,0
7100,256.53,283.069,2,0
7101,571.966,282.479,2,0
7102,68.1267,29.7144,2,0
7103,563.32,279.522,2,0
7104,588.475,234.742,2,0
7105,306.291,91.3524,2,0
7106,462.942,288.405,2,0
7107,579.598,28.8896,2,0
7108,581.404,159.836,2,0
7109,587.797,223.723,2,0
7110,478.421,32.4417,2,0
7111,462.535,30.9835,2,0
7112,255.667,132.903,2,0
7113,357.184,46.7598,2,0
7114,125.645,5.46369,2,0
7115,558.236,224.804,2,0
7116,405.479,197.208,2,0
7117,200.027,62.8562,2,0
7118,295.713,73.4668,2,0
7119,230.026,35.3566,2,0
7120,96.7398,250.522,2,0
7121,90.3148,284.415,2,0
7122,398.31,117.397,2,0
7123,431.779,256.74,2,0
7124,438.375,123.372,2,0
7125,204.269,74.7261,2,0
7126,279.454,257.149,2,0
7127,223.758,37.5759,2,0
7128,519.526,114.32,2,0
7129,330.127,261.418,2,0
7130,462.743,61.0291,2,0
7131,387.751,251.952,2,0
7132,554.608,149.022,2,0
7133,93.799,253.318,2,0
7134,296.964,13.2328,2,0
7135,30.7726,277.824,2,0
7136,278.692,95.9181,2,0
7137,8.24024,130.353,2,0
7138,333.351,246.204,2,0
7139,16.9077,170.653,2,0
7140,333.889,264.882,2,0
7141,105.383,7.01918,2,0
7142,520.962,23.6588,2,0
7143,169.426,75.5742,2,0
7144,547.788,147.351,2,0
7145,372.74,122.859,2,0
7146,232.408,45.6257,2,0
7147,306.819,175.525,2,0
7148,261.679,163.302,2,0
7149,311.375,236.171,2,0
7150,198.108,2,2,0
7151,363.918,126.405,2,0
7152,438.878,72.7016,2,0
7153,350.288,126.577,2,0
7154,512.898,290.938,2,0
7155,119.312,78.8887,2,0
7156,479.753,208.023,2,0
7157,127.453,214.421,2,0
7158,1.45955,236.718,2,0
7159,405.715,100.672,2,0
7160,387.76,43.6325,2,0
7161,125.694,233.989,2,0
7162,246.348,15.3537,2,0
7163,426.801,287.361,2,0
7164,523.61,120.978,2,0
7165,259.979,254.24,2,0
7166,298.092,284.42,2,0
7167,91.8651,49.1703,2,0
7168,429.477,242.029,2,0
7169,195.739,280.729,2,0
7170,351.604,180.834,2,0
7171,107.958,231.872,2,0
7172,528.76,193.578,2,0
7173,273.054,168.897,2,0
7174,418.961,74.0392,2,0
7175,367.777,140.542,2,0
7176,230.383,110.943,2,0
7177,210.851,72.7561,2,0
7178,167.72,191.309,2,0
7179,451.384,257.832,2,0
7180,393.504,282.938,2,0
7181,92.9925,148.454,2,0
7182,11.5362,157.451,2,0
7183,585.701,34.6847,2,0
7184,564.519,272.85,2,0
7185,212.755,41.5769,2,0
7186,2.59889,8.40877,2,0
7187,91.5692,201.406,2,0
7188,60.2334,264.253,2,0
7189,300.513,15.111,2,0
7190,385.021,142.05,2,0
7191,402.708,107.803,2,0
7192,428.87,224.902,2,0
7193,405.833,204.763,2,0
7194,250.542,108.978,2,0
7195,405.148,48.2211,2,0
7196,300.997,238.87,2,0
7197,158.405,298,2,0
7198,414.249,89.2232,2,0
7199,582.365,290.987,2,0
7200,96.9499,23.3814,2,0
7201,285.082,195.858,2,0
7202,110.221,285.261,2,0
7203,132.585,22.0005,2,0
7204,57.8103,52.0242,2,0
7205,496.197,34.6897,2,0
7206,53.0106,16.4726,2,0
7207,216.404,169.919,2,0
7208,49.1283,81.1369,2,0
7209,234.598,259.064,2,0
7210,251.717,290.761,2,0
7211,598.152,137.229,2,0
7212,561.432,45.3417,2,0
7213,553.613,91.6412,2,0
7214,192.095,206.964,2,0
7215,179.108,44.1042,2,0
7216,305.074,29.9637,2,0
7217,258.279,226.468,2,0
7218,545.663,77.2843,2,0
7219,329.987,287.588,2,0
7220,57.2366,101.027,2,0
7221,275.443,15.9438,2,0
7222,212.197,63.2945,2,0
7223,598.991,119.279,2,0
7224,92.6085,71.3346,2,0
7225,50.7506,89.144,2,0
7226,64.147,263.1,2,0
7227,362.28,77.6717,2,0
7228,137.807,275.041,2,0
7229,147.676,37.5323,2,0
7230,0.123064,213.148,2,0
7231,175.667,155.908,2,0
7232,11.5213,161.939,2,0
7233,529.679,74.8521,2,0
7234,105.05,38.831,2,0
7235,515.567,146.134,2,0
7236,294.349,23.9977,2,0
7237,442.947,298,2,0
7238,250.731,143.675,2,0
7239,594.906,79.1597,2,0
7240,458.125,8.66241,2,0
7241,95.9106,145.647,2,0
7242,537.756,217.053,2,0
7243,374.928,136.94,2,0
7244,331.956,252.704,2,0
7245,225.609,290.525,2,0
7246,315.808,28.5903,2,0
7247,432.79,139.551,2,0
7248,440.815,248.025,2,0
7249,410.415,66.0371,2,0
7250,433.29,150.102,2,0
7251,228.471,96.562,2,0
7252,563.569,133.418,2,0
7253,127.772,107.583,2,0
7254,405.901,14.6337,2,0
7255,435.638,258.017,2,0
7256,345.164,217.179,2,0
7257,397.161,65.9024,2,0
7258,462.746,136.334,2,0
7259,25.3311,72.1506,2,0
7260,36.5203,118.877,2,0
7261,287.403,24.5275,2,0
7262,386.754,233.923,2,0
7263,323.482,78.9694,2,0
7264,276.913,48.1968,2,0
7265,219.793,59.6641,2,0
7266,28.3629,86.1864,2,0
7267,547.576,73.7082,2,0
7268,3.6134,256.438,2,0
7269,534.092,226.823,2,0
7270,403.05,249.058,2,0
7271,4.19274,170.31,2,0
7272,362.474,100.284,2,0
7273,5.92393,30.699,2,0
7274,178.121,190.77,2,0
7275,588.16,206.615,2,0
7276,434.244,20.4366,2,0
7277,542.35,157.055,2,0
7278,28.575,60.8229,2,0
7279,419.519,114.474,2,0
7280,473.789,224.035,2,0
7281,428.865,290.865,2,0
7282,292.495,237.152,2,0
7283,260.038,167.066,2,0
7284,301.914,287.997,2,0
7285,324.751,228.252,2,0
7286,456.309,119.432,2,0
7287,174.744,36.7419,2,0
7288,32.8905,8.09116,2,0
7289,576.083,245.112,2,0
7290,331.764,152.425,2,0
7291,260.905,71.0462,2,0
7292,182.352,131.693,2,0
7293,106.892,70.4934,2,0
7294,473.239,68.3947,2,0
7295,508.208,30.0221,2,0
7296,282.879,285.913,2,0
7297,124.841,237.931,2,0
7298,569.386,222.868,2,0
7299,54.9266,48.8174,2,0
7300,9.31387,28.4846,2,0
7301,5.27788,133.523,2,0
7302,548.559,143.415,2,0
7303,21.0669,169.319,2,0
7304,432.275,76.4281,2,0
7305,385.858,36.1679,2,0
7306,397.499,78.1159,2,0
7307,21.6202,298,2,0
7308,403.492,139.413,2,0
7309,539.019,172.762,2,0
7310,275.771,260.299,2,0
7311,393.275,161.702,2,0
7312,197.579,66.1003,2,0
7313,381.429,203.395,2,0
7314,102.705,203.004,2,0
7315,116.861,258.216,2,0
7316,265.777,122.779,2,0
7317,119.418,223.773,2,0
7318,39.6965,238.641,2,0
7319,229.426,5.48201,2,0
7320,222.195,19.1175,2,0
7321,510.005,266.286,2,0
7322,67.7163,219.464,2,0
7323,559.314,258.891,2,0
7324,440.413,218.298,2,0
7325,492.788,150.538,2,0
7326,345.698,188.064,2,0
7327,469.899,196.626,2,0
7328,379.418,159.026,2,0
7329,22.9971,76.6815,2,0
7330,133.365,26.0494,2,0
7331,342.912,251.019,2,0
7332,253.204,190.665,2,0
7333,256.182,137.214,2,0
7334,343.023,233.621,2,0
7335,393.614,23.6683,2,0
7336,473.53,58.6406,2,0
7337,317.438,158.689,2,0
7338,467.99,77.8801,2,0
7339,192.308,178.889,2,0
7340,534.215,219.16,2,0
7341,351.972,60.9454,2,0
7342,507.056,121.184,2,0
7343,129.7,161.987,2,0
7344,35.6635,181.797,2,0
7345,293.083,194.118,2,0
7346,275.184,165.32,2,0
7347,51.5502,166.75,2,0
7348,428.562,64.4721,2,0
7349,11.3162,223.144,2,0
7350,131.129,228.032,2,0
7351,448.353,180.388,2,0
7352,481.121,127.014,2,0
7353,592.96,163.769,2,0
7354,380.459,57.6666,2,0
7355,522.247,228.715,2,0
7356,232.444,297.113,2,0
7357,532.85,179.671,2,0
7358,16.6809,151.302,2,0
7359,493.917,78.2195,2,0
7360,513.135,77.6785,2,0
7361,569.316,163.133,2,0
7362,194.357,60.1375,2,0
7363,79.7866,213.322,2,0
7364,103.747,253.199,2,0
7365,441.036,100.114,2,0
7366,168.507,251.526,2,0
7367,336.121,87.9878,2,0
7368,104.377,164.352,2,0
7369,123.832,89.9511,2,0
7370,336.533,46.7274,2,0
7371,165.059,110.057,2,0
7372,591.67,284.305,2,0
7373,171.988,18.2451,2,0
7374,173.16,135.796,2,0
7375,355.207,232.89,2,0
7376,216.799,285.811,2,0
7377,389.02,181.75,2,0
7378,224.94,224.983,2,0
7379,512.643,134.598,2,0
7380,533.329,158.92,2,0
7381,174.479,225.223,2,0
7382,146.678,241.29,2,0
7383,551.006,94.9298,2,0
7384,151.506,6.95083,2,0
7385,206.592,58.6007,2,0
7386,37.2692,14.7389,2,0
7387,355.671,99.5139,2,0
7388,383.96,137.512,2,0
7389,444.379,254.293,2,0
7390,260.222,209.786,2,0
7391,302.487,193.161,2,0
7392,519.089,175.008,2,0
7393,149.767,131.537,2,0
7394,536.492,143.349,2,0
7395,48.9486,171.224,2,0
7396,248.55,280.969,2,0
7397,1.32401,104.158,2,0
7398,397.434,197.231,2,0
7399,497.167,134.323,2,0
7400,534.01,215.103,2,0
7401,123.559,58.8248,2,0
7402,207.258,70.9291,2,0
7403,302.149,256.903,2,0
7404,590.057,104.103,2,0
7405,158.799,85.807,2,0
7406,113.198,191.29,2,0
7407,85.0592,94.0848,2,0
7408,333.27,15.197,2,0
7409,251.59,75.7751,2,0
7410,367.411,17.9572,2,0
7411,477.171,67.466,2,0
7412,369.337,247.55,2,0
7413,395.236,137.637,2,0
7414,396.663,190.053,2,0
7415,202.075,171.323,2,0
7416,169.2,235.692,2,0
7417,176.188,151.9,2,0
7418,411.608,275.156,2,0
7419,154.184,175.299,2,0
7420,140.841,124.774,2,0
7421,293.067,129.644,2,0
7422,343.297,167.678,2,0
7423,287.647,273.995,2,0
7424,31.6397,53.8473,2,0
7425,180.694,66.3776,2,0
7426,122.149,205.671,2,0
7427,160.916,89.3378,2,0
7428,428.378,6.04167,2,0
7429,429.396,263.5,2,0
7430,418.03,132.328,2,0
7431,44.1714,235.27,2,0
7432,273.635,294.638,2,0
7433,416.508,28.2194,2,0
7434,211.234,59.3673,2,0
7435,505.846,41.1255,2,0
7436,284.032,143.028,2,0
7437,338.415,43.0497,2,0
7438,472.26,95.7935,2,0
7439,360.541,62.6368,2,0
7440,194.152,47.9822,2,0
7441,79.0563,232.791,2,0
7442,59.6455,18.5927,2,0
7443,535.081,97.6986,2,0
7444,357.99,212.177,2,0
7445,139.866,298,2,0
7446,268.151,40.3778,2,0
7447,30.9024,141.459,2,0
7448,236.068,238.931,2,0
7449,414.927,73.4088,2,0
7450,465.93,169.773,2,0
7451,480.824,237.045,2,0
7452,93.2183,237.405,2,0
7453,96.7764,48.0197,2,0
7454,170.142,13.6184,2,0
7455,192.537,211.055,2,0
7456,89.3725,112.429,2,0
7457,478.81,264.441,2,0
7458,486.475,75.4324,2,0
7459,377.171,111.032,2,0
7460,334.34,32.769,2,0
7461,89.7568,246.501,2,0
7462,103.747,114.667,2,0
7463,231.993,85.7781,2,0
7464,63.4276,7.00481,2,0
7465,511.475,155.409,2,0
7466,371.468,41.9182,2,0
7467,417.553,293.21,2,0
7468,94.2628,192.277,2,0
7469,359.581,295.057,2,0
7470,164.881,141.811,2,0
7471,241.646,270.164,2,0
7472,463.515,122.987,2,0
7473,86.1086,28.0368,2,0
7474,330.52,22.844,2,0
7475,216.848,159.478,2,0
7476,103.872,270.511,2,0
7477,504.006,18.5928,2,0
7478,34.5557,284.694,2,0
7479,118.383,64.4571,2,0
7480,178.746,36.6156,2,0
7481,460.888,94.2544,2,0
7482,63.8128,282.264,2,0
7483,566.956,210.951,2,0
7484,574.452,279.176,2,0
7485,295.261,169.567,2,0
7486,255.626,151.117,2,0
7487,403.641,11.28,2,0
7488,210.516,235.084,2,0
7489,129.762,166.116,2,0
7490,62.6287,134.442,2,0
7491,215.476,11.5108,2,0
7492,239.93,2,2,0
7493,265.658,5.80088,2,0
7494,239.63,240.842,2,0
7495,222.108,81.4776,2,0
7496,420.765,197.807,2,0
7497,21.3933,273.86,2,0
7498,87.6438,108.81,2,0
7499,336.46,114.381,2,0
7500,500.994,163.06,2,0
7501,299.07,90.525,2,0
7502,170.467,188.38,2,0
7503,241.863,192.473,2,0
7504,583.992,247.064,2,0
7505,231.8,2,2,0
7506,84.4585,31.7681,2,0
7507,118.496,287.453,2,0
7508,469.919,112.822,2,0
7509,101.735,161.099,2,0
7510,523.533,112.98,2,0
7511,514.703,88.6088,2,0
7512,288.392,72.092,2,0
7513,571.162,47.6814,2,0
7514,28.7801,35.3117,2,0
7515,367.423,230.32,2,0
7516,569.589,113.796,2,0
7517,526.552,221.463,2,0
7518,540.656,76.8521,2,0
7519,592.369,47.5282,2,0
7520,522.49,159.967,2,0
7521,120.335,101.734,2,0
7522,107.39,51.2361,2,0
7523,51.9428,205.077,2,0
7524,249.53,242.17,2,0
7525,33.4111,223,2,0
7526,211.018,252.788,2,0
7527,567.876,219.118,2,0
7528,291.536,298,2,0
7529,14.0633,66.1858,2,0
7530,402.894,211.49,2,0
7531,94.0153,265.583,2,0
7532,526.909,185.685,2,0
7533,34.1259,232.184,2,0
7534,467.003,63.4737,2,0
7535,149.906,269.555,2,0
7536,461.266,73.0189,2,0
7537,217.323,145.824,2,0
7538,16.7631,62.6173,2,0
7539,440.032,19.4073,2,0
7540,225.966,233.583,2,0
7541,208.775,293.983,2,0
7542,218.362,236.115,2,0
7543,306.534,87.0467,2,0
7544,65.0262,213.516,2,0
7545,54.8094,108.913,2,0
7546,474.366,243.832,2,0
7547,202.683,190.65,2,0
7548,175.873,247.3,2,0
7549,149.547,291.432,2,0
7550,538.203,226.369,2,0
7551,466.274,138.329,2,0
7552,240.92,106.895,2,0
7553,127.335,197.874,2,0
7554,593.795,183.724,2,0
7555,239.871,185.761,2,0
7556,350.809,52.0531,2,0
7557,94.0046,291.756,2,0
7558,457.407,142.455,2,0
7559,415.908,215.07,2,0
7560,43.5331,98.2171,2,0
7561,479.041,55.8028,2,0
7562,276.887,153.924,2,0
7563,252.679,179.973,2,0
7564,314.346,106.32,2,0
7565,343.854,209.148,2,0
7566,13.1071,93.3359,2,0
7567,317.013,44.0022,2,0
7568,3.03654,125.569,2,0
7569,166.054,13.6586,2,0
7570,459.991,125.017,2,0
7571,532.794,131.098,2,0
7572,322.415,147.058,2,0
7573,325.946,35.3136,2,0
7574,537.113,132.625,2,0
7575,32.2339,154.819,2,0
7576,302.237,279.625,2,0
7577,362.326,56.1454,2,0
7578,356.501,261.173,2,0
7579,113.942,86.1483,2,0
7580,64.7354,249.283,2,0
7581,458.58,203.483,2,0
7582,140.22,67.6914,2,0
7583,294.865,52.5217,2,0
7584,296.367,83.1812,2,0
7585,58.163,270.788,2,0
7586,139.377,231.586,2,0
7587,8.00256,194.169,2,0
7588,237.489,152.427,2,0
7589,355.416,83.2756,2,0
7590,66.1273,37.0871,2,0
7591,468.41,144.952,2,0
7592,300.971,118.502,2,0
7593,32.1255,145.378,2,0
7594,95.117,92.6753,2,0
7595,152.273,154.417,2,0
7596,43.1375,145.314,2,0
7597,458.598,257.976,2,0
7598,246.284,10.8411,2,0
7599,164.44,281.04,2,0
7600,320.999,109.823,2,0
7601,596.055,208.769,2,0
7602,38.7969,201.676,2,0
7603,296.686,48.7567,2,0
7604,476.117,280.642,2,0
7605,491.284,39.0925,2,0
7606,413.269,32.5818,2,0
7607,141.718,4.80135,2,0
7608,75.5544,56.8836,2,0
7609,431.651,231.979,2,0
7610,186.926,11.3277,2,0
7611,139.925,291.408,2,0
7612,439.867,29.0919,2,0
7613,596.941,156.825,2,0
7614,381.579,28.3409,2,0
7615,569.334,35.844,2,0
7616,527.909,83.0069,2,0
7617,582.22,32.1523,2,0
7618,518.459,247.469,2,0
7619,412.506,62.6234,2,0
7620,412.929,172.781,2,0
7621,427.87,11.0498,2,0
7622,109.113,217.261,2,0
7623,41.1411,208.861,2,0
7624,562.471,4.78772,2,0
7625,188.526,118.061,2,0
7626,102.174,294.052,2,0
7627,554.633,34.1297,2,0
7628,141.569,82.6166,2,0
7629,87.7897,167.673,2,0
7630,319.033,245.545,2,0
7631,145.831,268.984,2,0
7632,521.006,15.4925,2,0
7633,490.318,84.8047,2,0
7634,136.83,18.9859,2,0
7635,220.129,55.1546,2,0
7636,190.672,218.535,2,0
7637,105.914,219.857,2,0
7638,489.082,131.992,2,0
7639,255.814,177.126,2,0
7640,506.634,146.985,2,0
7641,427.967,92.5381,2,0
7642,316.157,283.135,2,0
7643,545.483,17.673,2,0
7644,549.727,234.905,2,0
7645,150.75,121.422,2,0
7646,125.551,45.7472,2,0
7647,46.4747,199.326,2,0
7648,409.179,26.0962,2,0
7649,293.576,137.2,2,0
7650,180.133,274.533,2,0
7651,112.568,202.637,2,0
7652,401.906,147.378,2,0
7653,391.623,2,2,0
7654,293.437,294.367,2,0
7655,159.326,0.0890255,2,0
7656,593.711,289.443,2,0
7657,509.718,151.668,2,0
7658,25.0362,271.627,2,0
7659,45.5136,131.734,2,0
7660,326.348,242.142,2,0
7661,589.932,287.961,2,0
7662,272.036,217.036,2,0
7663,265.617,152.114,2,0
7664,415.48,242.409,2,0
7665,544.547,144.987,2,0
7666,523.991,290.646,2,0
7667,333.017,100.978,2,0
7668,557.622,116.41,2,0
7669,222.534,85.5136,2,0
7670,293.912,6.60176,2,0
7671,147.812,53.9212,2,0
7672,95.172,199.54,2,0
7673,99.3622,148.606,2,0
7674,570.367,287.128,2,0
7675,243.957,2,2,0
7676,137.732,252.796,2,0
7677,40.6142,95.2053,2,0
7678,351.131,135.13,2,0
7679,133.906,126.41,2,0
7680,363.782,139.654,2,0
7681,216.572,192.849,2,0
7682,161.343,181.288,2,0
7683,259.37,264.501,2,0
7684,268.918,154.766,2,0
7685,81.9385,229.968,2,0
7686,221.808,240.355,2,0
7687,517.805,239.595,2,0
7688,262.738,8.62119,2,0
7689,385.55,77.9571,2,0
7690,467.268,298,2,0
7691,67.8623,264.894,2,0
7692,383.432,158.414,2,0
7693,353.022,276.751,2,0
7694,212.354,292.113,2,0
7695,256.951,147.299,2,0
7696,181.047,139.963,2,0
7697,593.916,69.0865,2,0
7698,587.798,150.241,2,0
7699,37.6653,170.512,2,0
7700,313.873,156.589,2,0
7701,519.792,123.708,2,0
7702,81.1944,127.191,2,0
7703,220.234,247.681,2,0
7704,183.49,195.453,2,0
7705,329.937,32.2596,2,0
7706,102.855,70.0466,2,0
7707,325.605,213.731,2,0
7708,590.227,265.734,2,0
7709,177.434,40.4194,2,0
7710,191.737,279.869,2,0
7711,478.116,212.238,2,0
7712,54.99,115.749,2,0
7713,50.6285,222.262,2,0
7714,535.238,282.267,2,0
7715,303.847,75.2244,2,0
7716,195.123,155.235,2,0
7717,332.318,76.2733,2,0
7718,257.561,5.88082,2,0
7719,522.422,214.527,2,0
7720,213.026,32.3539,2,0
7721,390.517,236.621,2,0
7722,526.584,247.018,2,0
7723,450.206,100.498,2,0
7724,281.485,61.6869,2,0
7725,499.779,46.366,2,0
7726,552.906,127.669,2,0
7727,417.955,118.309,2,0
7728,515.354,103.472,2,0
7729,205.996,125.271,2,0
7730,205.255,50.544,2,0
7731,163.156,40.535,2,0
7732,316.162,21.0114,2,0
7733,550.632,216.543,2,0
7734,437.103,245.889,2,0
7735,56.3106,158.225,2,0
7736,518.892,65.2482,2,0
7737,509.872,42.0095,2,0
7738,374.456,169.148,2,0
7739,347.965,182.692,2,0
7740,571.621,230.786,2,0
7741,230.284,74.8487,2,0
7742,240.548,34.7309,2,0
7743,364.09,70.6611,2,0
7744,367.095,2,2,0
7745,140.504,63.5876,2,0
7746,540.598,262.725,2,0
7747,184.303,64.3467,2,0
7748,498.238,38.2447,2,0
7749,88.9113,223.249,2,0
7750,172.658,86.0807,2,0
7751,523.721,298,2,0
7752,190.308,175.295,2,0
7753,389.406,122.315,2,0
7754,589.939,230.921,2,0
7755,356.08,25.1044,2,0
7756,105.492,159.693,2,0
7757,135.224,9.52405,2,0
7758,457.529,74.4966,2,0
7759,459.448,78.8191,2,0
7760,144.678,152.79,2,0
7761,381.971,49.4034,2,0
7762,596.411,174.245,2,0
7763,500.308,203.909,2,0
7764,146.23,48.2969,2,0
7765,327.455,298,2,0
7766,97.3965,55.0683,2,0
7767,131.16,10.0604,2,0
7768,556.488,94.7843,2,0
7769,102.846,227.669,2,0
7770,30.8866,108.832,2,0
7771,109.155,97.3009,2,0
7772,236.132,197.301,2,0
7773,276.499,11.967,2,0
7774,508.971,270.224,2,0
7775,287.147,154.091,2,0
7776,150.003,141.522,2,0
7777,303.734,298,2,0
7778,545.347,141.015,2,0
7779,42.5757,109.774,2,0
7780,377.016,294.145,2,0
7781,121.691,49.1117,2,0
7782,160.085,7.97634,2,0
7783,588.252,112.404,2,0
7784,253.133,15.6784,2,0
7785,19.6678,138.538,2,0
7786,78.4131,270.034,2,0
7787,10.4261,252.04,2,0
7788,364.666,185.426,2,0
7789,217.974,226.404,2,0
7790,319.435,298,2,0
7791,500.429,30.6629,2,0
7792,364.449,63.6748,2,0
7793,501.181,217.306,2,0
7794,299.663,298,2,0
7795,325.935,59.1296,2,0
7796,273.947,143.001,2,0
7797,233.379,208.057,2,0
7798,123.206,11.3558,2,0
7799,302.28,189.114,2,0
7800,64.6722,109.606,2,0
7801,469.785,57.0956,2,0
7802,374.787,180.92,2,0
7803,313.876,102.206,2,0
7804,361.576,223.835,2,0
7805,529.092,48.3211,2,0
7806,576.316,175.208,2,0
7807,449.381,72.7791,2,0
7808,530.803,276.126,2,0
7809,588.721,78.869,2,0
7810,474.873,275.655,2,0
7811,411.863,16.8282,2,0
7812,319.04,30.9703,2,0
7813,102.965,109.764,2,0
7814,186.118,165.285,2,0
7815,411.819,51.1366,2,0
7816,21.3795,53.3448,2,0
7817,377.577,205.009,2,0
7818,15.0253,128.096,2,0
7819,143.932,23.1392,2,0
7820,363.162,282.024,2,0
7821,281.181,219.277,2,0
7822,562.093,243.741,2,0
7823,544.21,244.45,2,0
7824,480.993,215.645,2,0
7825,71.1205,238.76,2,0
7826,127.713,246.593,2,0
7827,429.906,156.64,2,0
7828,592.108,207.687,2,0
7829,81.064,243.487,2,0
7830,165.571,123.768,2,0
7831,405.249,104.679,2,0
7832,393.642,123.88,2,0
7833,342.61,111.023,2,0
7834,564.905,80.0598,2,0
7835,56.662,45.0646,2,0
7836,72.0344,160.572,2,0
7837,218.797,155.373,2,0
7838,557.196,270.933,2,0
7839,243.585,53.9377,2,0
7840,231.054,103.128,2,0
7841,462.732,109.494,2,0
7842,208.187,75.8808,2,0
7843,183.706,85.262,2,0
7844,456.699,44.1456,2,0
7845,552.517,164.847,2,0
7846,160.185,227.133,2,0
7847,100.01,106.967,2,0
7848,12.6607,269.992,2,0
7849,335.679,167.951,2,0
7850,300.534,253.137,2,0
7851,319.65,143.754,2,0
7852,330.271,108.569,2,0
7853,451.334,69.2289,2,0
7854,169.455,243.543,2,0
7855,449.01,44.1496,2,0
7856,539.011,96.4275,2,0
7857,154.48,163.737,2,0
7858,83.9999,136.097,2,0
7859,164.791,154.53,2,0
7860,183.051,13.7898,2,0
7861,532.474,238.228,2,0
7862,421.97,144.57,2,0
7863,484.041,138.274,2,0
7864,245.473,181.098,2,0
7865,114.676,294.172,2,0
7866,281.272,264.866,2,0
7867,61.5853,164.483,2,0
7868,579.983,269.139,2,0
7869,131.386,232.872,2,0
7870,89.2083,219.174,2,0
7871,0.745179,158.573,2,0
7872,124.935,281.554,2,0
7873,202.218,66.8184,2,0
7874,5.90696,98.4475,2,0
7875,103.266,258.365,2,0
7876,99.7621,144.299,2,0
7877,213.494,54.6571,2,0
7878,560.445,254.801,2,0
7879,224.671,98.2067,2,0
7880,324.601,46.9097,2,0
7881,570.938,24.7129,2,0
7882,542.303,236.13,2,0
7883,134.759,57.1995,2,0
7884,489.846,215.788,2,0
7885,445.394,27.5232,2,0
7886,175.571,268.781,2,0
7887,131.811,247.385,2,0
7888,274.558,236.337,2,0
7889,8.05549,213.116,2,0
7890,66.1256,170.988,2,0
7891,589.617,32.5001,2,0
7892,117.662,280.026,2,0
7893,67,229.406,2,0
7894,516.261,281.27,2,0
7895,280.798,152.882,2,0
7896,160.105,111.625,2,0
7897,391.138,158.037,2,0
7898,467.003,177.996,2,0
7899,400.196,63.1391,2,0
7900,468.385,162.591,2,0
7901,20.9744,247.724,2,0
7902,153.136,138.944,2,0
7903,102.18,285.884,2,0
7904,186.065,214.1,2,0
7905,504.746,214.315,2,0
7906,423.257,180.46,2,0
7907,500.697,103.314,2,0
7908,26.5053,140.074,2,0
7909,334.543,185.763,2,0
7910,359.945,284.687,2,0
7911,310.403,128.302,2,0
7912,119.128,40.7362,2,0
7913,471.56,147.55,2,0
7914,149.734,125.309,2,0
7915,190.925,229.424,2,0
7916,460.914,16.1438,2,0
7917,47.6041,156.21,2,0
7918,335.105,198.767,2,0
7919,42.0235,76.5134,2,0
7920,169.421,134.283,2,0
7921,390.432,221.457,2,0
7922,178.255,259.186,2,0
7923,471.449,151.588,2,0
7924,269.696,293.913,2,0
7925,474.964,13.0227,2,0
7926,454.493,10.7383,2,0
7927,195.204,69.3541,2,0
7928,156.145,294.198,2,0
7929,57.2199,112.225,2,0
7930,474.497,157.325,2,0
7931,516.768,55.5068,2,0
7932,13.9304,144.124,2,0
7933,436.136,201.204,2,0
7934,365.475,155.674,2,0
7935,585.097,76.8137,2,0
7936,569.928,2,2,0
7937,56.1109,56.0607,2,0
7938,351.219,56.4746,2,0
7939,372.739,177.419,2,0
7940,287.078,225.726,2,0
7941,312.879,289.696,2,0
7942,125.999,86.5452,2,0
7943,180.954,166.726,2,0
7944,545.988,169.468,2,0
7945,429.611,180.253,2,0
7946,293.365,173.369,2,0
7947,66.6411,183.804,2,0
7948,65.1607,298,2,0
7949,84.2431,266.145,2,0
7950,555.609,255.038,2,0
7951,42.6895,197.011,2,0
7952,469.815,118.61,2,0
7953,6.07214,10.4004,2,0
7954,404.398,77.925,2,0
7955,297.502,44.7917,2,0
7956,138.213,287.781,2,0
7957,580.559,222.913,2,0
7958,295.243,252.192,2,0
7959,213.404,214.299,2,0
7960,364.26,81.1889,2,0
7961,224.661,260.063,2,0
7962,570.596,100.789,2,0
7963,186.994,15.3507,2,0
7964,324.761,183.999,2,0
7965,368.826,251.723,2,0
7966,31.8253,207.935,2,0
7967,188.776,18.9872,2,0
7968,294.878,125.519,2,0
7969,177.981,243.717,2,0
7970,567.734,119.505,2,0
7971,105.692,244.05,2,0
7972,457.102,214.806,2,0
7973,271.119,165.312,2,0
7974,465.255,277.098,2,0
7975,198.788,183.91,2,0
7976,393.884,110.971,2,0
7977,306.627,109.062,2,0
7978,584.244,137.787,2,0
7979,149.174,252.405,2,0
7980,291.934,210.237,2,0
7981,300.151,133.524,2,0
7982,407.392,44.3881,2,0
7983,583.797,253.92,2,0
7984,74.9933,10.9082,2,0
7985,100.758,176.449,2,0
7986,306.64,213.121,2,0
7987,426.081,36.5088,2,0
7988,266.45,89.6786,2,0
7989,464.536,101.337,2,0
7990,443.49,128.696,2,0
7991,373.271,237.277,2,0
7992,150.687,206.131,2,0
7993,157.154,139.555,2,0
7994,279.827,37.9436,2,0
7995,541.841,115.817,2,0
7996,123.156,120.381,2,0
7997,339.819,269.236,2,0
7998,450.099,200.146,2,0
7999,413.28,6.04754,2,0
8000,320.456,41.564,2,0
8001,276.877,176.916,2,0
8002,115.365,2,2,0
8003,276.573,44.0897,2,0
8004,275.887,248.992,2,0
8005,443.929,186.681,2,0
8006,106.171,205.597,2,0
8007,16.5147,262.775,2,0
8008,52.4332,68.6129,2,0
8009,500.255,34.7281,2,0
8010,291.233,225.098,2,0
8011,439.964,260.581,2,0
8012,238.649,99.6736,2,0
8013,365.223,245.058,2,0
8014,579.168,234.606,2,0
8015,587.536,243.299,2,0
8016,473.057,293.478,2,0
8017,376.546,244.04,2,0
8018,155.263,238.017,2,0
8019,103.389,30.558,2,0
8020,446.547,242.6,2,0
8021,144.464,160.986,2,0
8022,424.808,128.475,2,0
8023,327.845,168.455,2,0
8024,123.779,256.1,2,0
8025,31.4649,23.2503,2,0
8026,70.1759,91.3672,2,0
8027,96.4027,256.383,2,0
8028,574.984,228.477,2,0
8029,270.225,276.478,2,0
8030,312.994,4.72569,2,0
8031,503.628,289.543,2,0
8032,576.153,272.031,2,0
8033,317.488,214.025,2,0
8034,386.312,17.7931,2,0
8035,525.218,68.1762,2,0
8036,188.17,179.593,2,0
8037,269.558,76.17,2,0
8038,389.309,273.877,2,0
8039,473.844,139.615,2,0
8040,401.363,7.81691,2,0
8041,58.0852,212.167,2,0
8042,449.519,144.119,2,0
8043,62.9038,205.398,2,0
8044,499.933,255.674,2,0
8045,199.415,212.847,2,0
8046,281.59,76.7186,2,0
8047,20.2892,87.7097,2,0
8048,315.241,260.988,2,0
8049,349.827,43.2206,2,0
8050,506.105,256.281,2,0
8051,332.172,278.782,2,0
8052,219.165,273.906,2,0
8053,430.293,80.7948,2,0
8054,440.151,44.2937,2,0
8055,294.395,197.941,2,0
8056,404.237,62.5599,2,0
8057,507.623,238.052,2,0
8058,373.04,280.318,2,0
8059,106.882,227.971,2,0
8060,209.311,289.353,2,0
8061,147.068,119.855,2,0
8062,545.58,117.465,2,0
8063,541.134,132.823,2,0
8064,101.301,24.9555,2,0
8065,347.701,58.6544,2,0
8066,224.722,185.218,2,0
8067,215.376,177.975,2,0
8068,529.086,120.565,2,0
8069,554.131,251.221,2,0
8070,558.172,163.741,2,0
8071,242.088,102.478,2,0
8072,410.83,280.55,2,0
8073,203.355,211.197,2,0
8074,231.049,58.2506,2,0
8075,363.368,24.8304,2,0
8076,508.58,38.0683,2,0
8077,577.382,200.515,2,0
8078,86.8969,104.831,2,0
8079,543.95,177.737,2,0
8080,297.621,266.601,2,0
8081,196.888,115.864,2,0
8082,515.918,207.028,2,0
8083,395.925,74.2921,2,0
8084,481.037,46.1474,2,0
8085,185.402,40.2718,2,0
8086,366.342,67.3546,2,0
8087,172.198,284.348,2,0
8088,212.699,222.711,2,0
8089,576.617,249.09,2,0
8090,324.739,42.7348,2,0
8091,100.155,58.0374,2,0
8092,345.411,192.181,2,0
8093,78.1635,150.847,2,0
8094,121.431,82.3438,2,0
8095,158.466,46.3211,2,0
8096,425.717,281.764,2,0
8097,409.953,185.458,2,0
8098,337.116,284.021,2,0
8099,63.4514,194.979,2,0
8100,417.936,80.9676,2,0
8101,518.574,160.907,2,0
8102,482.258,9.76972,2,0
8103,478.838,105.733,2,0
8104,259.249,26.8713,2,0
8105,249.923,39.1071,2,0
8106,342.233,99.8595,2,0
8107,338.845,196.884,2,0
8108,47.7086,258.76,2,0
8109,244.949,254.254,2,0
8110,311.559,259.31,2,0
8111,113.206,34.9535,2,0
8112,20.6996,147.328,2,0
8113,499.987,17.9411,2,0
8114,90.5662,35.7918,2,0
8115,204.554,87.3461,2,0
8116,226.014,131.582,2,0
8117,305.359,290.085,2,0
8118,224.151,22.7219,2,0
8119,55.9952,261.157,2,0
8120,223.575,161.876,2,0
8121,387.119,201.085,2,0
8122,267.57,99.047,2,0
8123,286.672,214.667,2,0
8124,341.978,92.779,2,0
8125,538.345,158.411,2,0
8126,413.097,190.28,2,0
8127,251.794,176.011,2,0
8128,172.169,153.785,2,0
8129,272.57,10.7749,2,0
8130,270.105,179.985,2,0
8131,28.2516,289.869,2,0
8132,483.386,5.87259,2,0
8133,23.0983,115.177,2,0
8134,113.069,277.935,2,0
8135,267.829,218.772,2,0
8136,556.968,54.4632,2,0
8137,140.648,260.997,2,0
8138,581.4,78.4561,2,0
8139,491.181,180.547,2,0
8140,59.6763,239.658,2,0
8141,579.805,260.855,2,0
8142,525.28,263.4,2,0
8143,564.677,94.8553,2,0
8144,7.57115,269.179,2,0
8145,597.731,290.033,2,0
8146,21.3057,3.81533,2,0
8147,285.105,59.8102,2,0
8148,331.912,268.952,2,0
8149,66.5295,197.611,2,0
8150,512.126,9.54357,2,0
8151,370.126,47.0663,2,0
8152,595.787,269.743,2,0
8153,172.886,108.035,2,0
8154,265.139,43.1276,2,0
8155,109.321,298,2,0
8156,300,51.141,2,0
8157,189.884,203.442,2,0
8158,418.195,38.6291,2,0
8159,70.0676,2,2,0
8160,74.2112,60.7348,2,0
8161,535.988,175.518,2,0
8162,61.7997,52.3388,2,0
8163,64.2137,146.333,2,0
8164,380.252,130.391,2,0
8165,540.099,249.658,2,0
8166,519.812,81.301,2,0
8167,355.509,166.552,2,0
8168,46.0019,267.309,2,0
8169,4.65796,157.632,2,0
8170,360.079,111.888,2,0
8171,213.853,7.75088,2,0
8172,508.992,77.581,2,0
8173,104.426,62.7522,2,0
8174,89.4192,86.9514,2,0
8175,597.409,201.494,2,0
8176,110.748,48.9497,2,0
8177,452.529,146.921,2,0
8178,235.458,117.608,2,0
8179,91.1306,279.778,2,0
8180,248.958,155.708,2,0
8181,597.976,132.821,2,0
8182,489.928,164.518,2,0
8183,565.839,236.481,2,0
8184,49.7592,51.6809,2,0
8185,473.67,50.1904,2,0
8186,231.326,20.2549,2,0
8187,40.8351,250.348,2,0
8188,550.363,133.063,2,0
8189,27.9623,274.522,2,0
8190,511.145,26.9719,2,0
8191,547.377,192.118,2,0
8192,402.719,58.6644,2,0
8193,130.401,63.8395,2,0
8194,111.012,83.2049,2,0
8195,88.6866,70.3225,2,0
8196,297.994,199.912,2,0
8197,67.9142,106.62,2,0
8198,87.8672,180.338,2,0
8199,99.1604,218.361,2,0
8200,229.833,163.967,2,0
8201,228.336,78.5764,2,0
8202,1.57767,150.631,2,0
8203,137.931,170.048,2,0
8204,372.41,17.8705,2,0
8205,456.462,90.8842,2,0
8206,365.205,259.21,2,0
8207,344.61,242,2,0
8208,433.707,253.171,2,0
8209,261.034,214.368,2,0
8210,163.199,197.928,2,0
8211,307.194,64.1451,2,0
8212,305.64,285.963,2,0
8213,80.9559,16.2213,2,0
8214,64.2937,232.434,2,0
8215,586.459,96.9789,2,0
8216,425.555,84.1953,2,0
8217,222.122,267.626,2,0
8218,513.146,53.6774,2,0
8219,321.815,264.88,2,0
8220,18.9937,162.717,2,0
8221,43.4688,212.241,2,0
8222,154.975,262.985,2,0
8223,393.295,88.3637,2,0
8224,213.991,279.705,2,0
8225,264.384,2,2,0
8226,367.369,188.504,2,0
8227,190.657,283.785,2,0
8228,99.3129,259.307,2,0
8229,540.419,144.367,2,0
8230,389.811,24.9838,2,0
8231,486.422,204.139,2,0
8232,387.058,298,2,0
8233,21.0255,207.016,2,0
8234,236.591,72.9137,2,0
8235,31.8694,170.824,2,0
8236,275.138,117.543,2,0
8237,552.265,191.385,2,0
8238,385.577,51.2972,2,0
8239,52.2853,277.19,2,0
8240,365.875,234.118,2,0
8241,336.103,243.045,2,0
8242,251.686,275.994,2,0
8243,165.176,127.824,2,0
8244,44.4762,182.43,2,0
8245,471.248,87.5235,2,0
8246,37.4728,223.273,2,0
8247,578.768,192.166,2,0
8248,111.78,61.3122,2,0
8249,193.856,147.467,2,0
8250,159.414,199.431,2,0
8251,34.3755,185.741,2,0
8252,509.443,129.891,2,0
8253,262.962,257.245,2,0
8254,322.297,205.413,2,0
8255,417.706,104.221,2,0
8256,143.986,65.8273,2,0
8257,248.291,112.973,2,0
8258,37.7322,244.58,2,0
8259,432.827,127.558,2,0
8260,551.286,276.268,2,0
8261,265.014,189.532,2,0
8262,52.0951,184.271,2,0
8263,78.2346,61.5873,2,0
8264,264.213,138.069,2,0
8265,509.647,190.763,2,0
8266,460.625,261.555,2,0
8267,491.267,291.664,2,0
8268,9.26669,134.28,2,0
8269,79.1042,285.855,2,0
8270,416.115,128.703,2,0
8271,72.0143,53.5945,2,0
8272,109.265,33.991,2,0
8273,17.0128,189.323,2,0
8274,597.628,54.1277,2,0
8275,596.846,45.0489,2,0
8276,575.2,164.541,2,0
8277,6.54414,140.243,2,0
8278,497.283,263.456,2,0
8279,154.218,108.24,2,0
8280,60.144,156.756,2,0
8281,475.631,88.6206,2,0
8282,323.444,298,2,0
8283,531.772,298,2,0
8284,154.358,119.613,2,0
8285,97.2443,84.6207,2,0
8286,514.037,161.253,2,0
8287,219.138,176.374,2,0
8288,107.852,80.7461,2,0
8289,450.836,116.73,2,0
8290,380.501,207.892,2,0
8291,587.793,175.084,2,0
8292,595.681,57.8197,2,0
8293,585.305,10.6919,2,0
8294,411.413,264.982,2,0
8295,462.729,105.383,2,0
8296,299.893,263.208,2,0
8297,436.636,228.748,2,0
8298,252.097,86.6101,2,0
8299,487.258,291.1,2,0
8300,419.357,265.421,2,0
8301,541.142,41.0945,2,0
8302,223.302,141.829,2,0
8303,82.9122,292.548,2,0
8304,311.5,153.356,2,0
8305,134.791,176.69,2,0
8306,435.449,114.729,2,0
8307,59.5398,194.125,2,0
8308,397.572,283.085,2,0
8309,498.558,200.238,2,0
8310,563.643,60.1788,2,0
8311,576.932,136.834,2,0
8312,154.045,188.169,2,0
8313,444.47,246.028,2,0
8314,240.551,71.9513,2,0
8315,27.0259,64.535,2,0
8316,225.172,208.979,2,0
8317,340.808,62.8846,2,0
8318,493.574,193.002,2,0
8319,327.432,50.2592,2,0
8320,245.949,192.599,2,0
8321,381.586,41.7532,2,0
8322,408.743,145.077,2,0
8323,117.213,99.0991,2,0
8324,288.127,185.684,2,0
8325,88.6876,204.277,2,0
8326,385.41,163.296,2,0
8327,493.443,242.789,2,0
8328,42.9058,205.094,2,0
8329,205.38,32.4275,2,0
8330,201.332,51.7057,2,0
8331,549.583,18.1217,2,0
8332,452.686,230.42,2,0
8333,558.316,147.28,2,0
8334,385.21,264.137,2,0
8335,272.198,147.445,2,0
8336,376.505,55.5249,2,0
8337,164.968,6.73403,2,0
8338,342.014,190.065,2,0
8339,154.681,74.1932,2,0
8340,126.883,9.34465,2,0
8341,513.032,269.946,2,0
8342,74.5078,253.505,2,0
8343,486.896,263.07,2,0
8344,444.029,88.4218,2,0
8345,417.334,2,2,0
8346,41.9339,87.3482,2,0
8347,373.569,164.129,2,0
8348,492.977,100.676,2,0
8349,323.508,274.445,2,0
8350,270.564,255.159,2,0
8351,100.746,250.302,2,0
8352,462.387,204.769,2,0
8353,196.173,42.7988,2,0
8354,293.499,11.196,2,0
8355,511.277,96.0232,2,0
8356,588.81,127.009,2,0
8357,473.992,63.1359,2,0
8358,242.269,17.961,2,0
8359,330.971,36.2367,2,0
8360,199.475,104.308,2,0
8361,54.4052,180.59,2,0
8362,547.804,80.7948,2,0
8363,459.782,234.085,2,0
8364,481.053,227.508,2,0
8365,346.534,110.181,2,0
8366,281.135,195.154,2,0
8367,430.809,15.8062,2,0
8368,271.508,112.707,2,0
8369,570.544,254.549,2,0
8370,220.225,77.8647,2,0
8371,545.14,233.132,2,0
8372,202.713,266.148,2,0
8373,346.26,142.204,2,0
8374,266.045,181.979,2,0
8375,382.974,249.067,2,0
8376,35.6884,100.584,2,0
8377,441.693,214.403,2,0
8378,506.59,286.318,2,0
8379,482.76,212.02,2,0
8380,420.747,140.381,2,0
8381,16.9965,247.216,2,0
8382,250.459,163.529,2,0
8383,508.908,214.744,2,0
8384,190.216,33.9972,2,0
8385,349.752,66.455,2,0
8386,189.358,167.771,2,0
8387,508.604,5.50042,2,0
8388,480.282,70.2582,2,0
8389,466.141,67.4674,2,0
8390,484.401,30.3764,2,0
8391,60.0009,42.7337,2,0
8392,378.876,61.776,2,0
8393,25.252,203.034,2,0
8394,597.036,217.224,2,0
8395,160.898,141.202,2,0
8396,459.052,130.999,2,0
8397,473.514,284.171,2,0
8398,208.933,172.948,2,0
8399,266.367,267.728,2,0
8400,367.072,164.607,2,0
8401,452.041,104.557,2,0
8402,192.323,77.4128,2,0
8403,146.139,217.923,2,0
8404,470.943,232.722,2,0
8405,34.4595,204.14,2,0
8406,438.637,225.25,2,0
8407,375.53,59.4392,2,0
8408,431.326,114.303,2,0
8409,57.0885,266.812,2,0
8410,1.18463,28.662,2,0
8411,499.662,125.435,2,0
8412,396.015,252.047,2,0
8413,266.658,193.332,2,0
8414,180.643,87.9779,2,0
8415,136.565,190.439,2,0
8416,585.76,54.4222,2,0
8417,325.232,125.59,2,0
8418,214.997,111.623,2,0
8419,415.489,276.44,2,0
8420,599.99,115.19,2,0
8421,201.799,289.946,2,0
8422,559.416,2,2,0
8423,18.9403,76.8927,2,0
8424,49.2196,76.8999,2,0
8425,471.636,216.862,2,0
8426,329.189,245.123,2,0
8427,353.842,103.205,2,0
8428,417.682,176.323,2,0
8429,66.2933,98.0001,2,0
8430,145.23,135.288,2,0
8431,555.763,58.3182,2,0
8432,316.617,226.396,2,0
8433,370.185,66.1391,2,0
8434,578.541,226.439,2,0
8435,432.428,6.02376,2,0
8436,112.159,166.043,2,0
8437,304.753,45.5614,2,0
8438,89.7546,12.3685,2,0
8439,320.574,193.313,2,0
8440,380.38,45.682,2,0
8441,355.65,15.6957,2,0
8442,8.04363,155.341,2,0
8443,6.16211,110.059,2,0
8444,428.424,259.23,2,0
8445,221.893,41.2471,2,0
8446,276.6,180.942,2,0
8447,57.2304,257.151,2,0
8448,425.94,102.711,2,0
8449,13.5822,116.13,2,0
8450,430.497,216.328,2,0
8451,548.388,282.128,2,0
8452,152.847,100.199,2,0
8453,323.923,38.7882,2,0
8454,456.672,231.412,2,0
8455,436.461,61.0443,2,0
8456,257.508,77.944,2,0
8457,497.695,169.298,2,0
8458,592.007,59.4671,2,0
8459,228.647,31.1219,2,0
8460,139.645,9.21643,2,0
8461,0.343873,172.007,2,0
8462,153.029,2,2,0
8463,479.282,110.88,2,0
8464,329.825,265.475,2,0
8465,433.707,273.451,2,0
8466,286.473,287.778,2,0
8467,412.564,176.865,2,0
8468,365.897,97.9781,2,0
8469,175.361,10.8779,2,0
8470,304.84,10.4859,2,0
8471,253.07,240.085,2,0
8472,510.153,274.134,2,0
8473,44.6866,4.74428,2,0
8474,342.424,126.398,2,0
8475,99.0007,91.5452,2,0
8476,464.104,8.43867,2,0
8477,293.827,151.817,2,0
8478,462.279,113.561,2,0
8479,413.282,2,2,0
8480,531.084,43.0038,2,0
8481,234.532,36.1534,2,0
8482,69.1059,213.432,2,0
8483,179.72,119.896,2,0
8484,200.662,204.179,2,0
8485,525.104,258.946,2,0
8486,421.996,55.1647,2,0
8487,421.683,47.0358,2,0
8488,376.273,239.984,2,0
8489,504.264,71.2137,2,0
8490,278.908,202.433,2,0
8491,450.465,270.721,2,0
8492,33.101,295.729,2,0
8493,385.45,196.436,2,0
8494,494.303,23.7162,2,0
8495,532.338,107.467,2,0
8496,389.539,283.941,2,0
8497,404.976,169.418,2,0
8498,75.9897,136.25,2,0
8499,332.848,290.49,2,0
8500,494.632,289.384,2,0
8501,264.183,108.223,2,0
8502,66.3351,124.64,2,0
8503,245.859,38.3004,2,0
8504,210.039,135.968,2,0
8505,495.938,256.99,2,0
8506,201.438,16.0786,2,0
8507,51.8526,211.442,2,0
8508,568.467,143.72,2,0
8509,472.594,27.0148,2,0
8510,20.8534,118.564,2,0
8511,327.674,153.133,2,0
8512,20.8342,73.2162,2,0
8513,167.307,185.906,2,0
8514,451.634,20.6283,2,0
8515,222.459,276.214,2,0
8516,177.983,74.0036,2,0
8517,98.7676,163.994,2,0
8518,103.416,237.509,2,0
8519,407.309,9.59931,2,0
8520,212.871,25.0658,2,0
8521,581.051,24.2825,2,0
8522,587.598,269.571,2,0
8523,31.6542,287.546,2,0
8524,508.961,198.949,2,0
8525,289.519,175.303,2,0
8526,108.905,74.0268,2,0
8527,127.707,240.792,2,0
8528,297.201,175.458,2,0
8529,297.572,99.8938,2,0
8530,524.297,124.989,2,0
8531,159.821,195.365,2,0
8532,145.089,84.7957,2,0
8533,138.228,13.1164,2,0
8534,562.324,91.2903,2,0
8535,511.994,251.511,2,0
8536,548.503,166.233,2,0
8537,388.921,14.4995,2,0
8538,540.122,15.9736,2,0
8539,329.786,239.127,2,0
8540,23.2889,22.9206,2,0
8541,337.509,16.1791,2,0
8542,399.881,263.497,2,0
8543,375.617,34.1063,2,0
8544,212.856,194.519,2,0
8545,190.787,245.717,2,0
8546,545.066,91.3433,2,0
8547,339.912,142.035,2,0
8548,1.90972,154.715,2,0
8549,546.598,66.2882,2,0
8550,312.426,224.935,2,0
8551,570.057,55.6565,2,0
8552,38.0004,76.8718,2,0
8553,449.457,192.037,2,0
8554,395.041,248.106,2,0
8555,474.989,3.369,2,0
8556,396.563,20.9081,2,0
8557,582.02,150.063,2,0
8558,276.64,243.363,2,0
8559,51.6646,156.774,2,0
8560,409.21,6.06707,2,0
8561,403.37,158.201,2,0
8562,505.518,112.809,2,0
8563,420.631,128.918,2,0
8564,526.858,110.747,2,0
8565,40.2395,254.346,2,0
8566,372.157,206.878,2,0
8567,329.069,256.195,2,0
8568,398.246,145.533,2,0
8569,357.318,73.864,2,0
8570,488.016,127.444,2,0
8571,342.767,278.08,2,0
8572,357.407,2,2,0
8573,176.75,197.741,2,0
8574,120.826,283.022,2,0
8575,323.714,143.1,2,0
8576,530.732,155.82,2,0
8577,179.714,77.7724,2,0
8578,191.639,67.3746,2,0
8579,202.257,10.4624,2,0
8580,504.582,135.774,2,0
8581,448.174,248.502,2,0
8582,447.744,139.205,2,0
8583,433.257,264.977,2,0
8584,341.411,66.9331,2,0
8585,249.858,72.0997,2,0
8586,314.434,203.445,2,0
8587,343.126,134.669,2,0
8588,163.131,10.6141,2,0
8589,143.413,257.993,2,0
8590,438.445,47.9323,2,0
8591,372.088,263.486,2,0
8592,248.639,246.083,2,0
8593,320.889,185.245,2,0
8594,305.396,227.981,2,0
8595,238.382,225.771,2,0
8596,349.371,193.213,2,0
8597,128.821,187.982,2,0
8598,548.647,138.576,2,0
8599,0.541821,192.779,2,0
8600,383.958,267.954,2,0
8601,108.314,59.1673,2,0
8602,545.352,162.655,2,0
8603,192.067,86.6896,2,0
8604,106.844,250.635,2,0
8605,579.525,238.648,2,0
8606,284.4,228.702,2,0
8607,313.317,137.385,2,0
8608,507.792,207.021,2,0
8609,32.6083,124,2,0
8610,537.952,168.834,2,0
8611,386.762,286.912,2,0
8612,271.066,238.371,2,0
8613,184.206,180.637,2,0
8614,257.647,163.696,2,0
8615,162.63,163.338,2,0
8616,120.563,70.8962,2,0
8617,76.9595,4.98463,2,0
8618,76.6545,216.125,2,0
8619,335.698,151.42,2,0
8620,132.101,214.307,2,0
8621,35.282,142.852,2,0
8622,587.89,82.8242,2,0
8623,224.533,237.42,2,0
8624,84.5107,177.979,2,0
8625,448.143,105.633,2,0
8626,550.141,212.26,2,0
8627,187.262,172.15,2,0
8628,598.855,239.829,2,0
8629,302.558,54.349,2,0
8630,516.962,42.3914,2,0
8631,330.343,248.99,2,0
8632,453.605,168.164,2,0
8633,428.914,228.989,2,0
8634,127.914,256.463,2,0
8635,371.499,187.346,2,0
8636,155.801,210.513,2,0
8637,41.7604,179.46,2,0
8638,163.713,97.0136,2,0
8639,280.485,145.135,2,0
8640,455.17,133.253,2,0
8641,574.818,203.612,2,0
8642,371.888,254.454,2,0
8643,236.313,135.078,2,0
8644,376.449,248.891,2,0
8645,597.211,66.6449,2,0
8646,77.8828,262.764,2,0
8647,197.471,50.3791,2,0
8648,309.41,81.1401,2,0
8649,548.879,2,2,0
8650,228.554,271.182,2,0
8651,407.756,51.4851,2,0
8652,307.214,293.713,2,0
8653,194.08,64.1309,2,0
8654,423.009,13.656,2,0
8655,543.854,273.777,2,0
8656,11.888,104.406,2,0
8657,374.788,212.556,2,0
8658,444.557,107.447,2,0
8659,368.072,117.867,2,0
8660,118.155,95.1876,2,0
8661,407.637,260.368,2,0
8662,377.132,152.418,2,0
8663,169.286,50.8156,2,0
8664,74.3469,290.368,2,0
8665,462.516,128.229,2,0
8666,291.174,101.387,2,0
8667,24.2916,50.5708,2,0
8668,526.503,106.715,2,0
8669,413.015,102.085,2,0
8670,445.924,172.576,2,0
8671,61.4178,81.4542,2,0
8672,57.1928,135.606,2,0
8673,537.447,42.9228,2,0
8674,74.6487,84.7115,2,0
8675,33.147,29.3532,2,0
8676,62.0213,149.722,2,0
8677,588.501,291.767,2,0
8678,548.429,9.25288,2,0
8679,45.7564,85.9101,2,0
8680,478.939,268.664,2,0
8681,448.789,184.512,2,0
8682,436.788,76.2046,2,0
8683,357.886,89.405,2,0
8684,188.301,64.9926,2,0
8685,557.083,173.337,2,0
8686,3.00396,232.908,2,0
8687,321.818,18.8211,2,0
8688,131.39,184.809,2,0
8689,163.901,68.0525,2,0
8690,255.51,60.576,2,0
8691,504.855,108.855,2,0
8692,595.398,285.808,2,0
8693,196.364,5.63517,2,0
8694,507.569,73.7426,2,0
8695,520.829,55.9761,2,0
8696,562.44,150.491,2,0
8697,177.095,7.12964,2,0
8698,2.74445,272.677,2,0
8699,493.577,200.622,2,0
8700,177.535,3.04146,2,0
8701,396.607,8.62131,2,0
8702,470.565,65.3534,2,0
8703,57.3484,14.9591,2,0
8704,579.287,156.418,2,0
8705,296.085,209.482,2,0
8706,286.47,292.465,2,0
8707,153.973,284.667,2,0
8708,582.969,286.129,2,0
8709,483.88,208.006,2,0
8710,328.898,276.33,2,0
8711,143.685,69.8186,2,0
8712,541.887,191.182,2,0
8713,470.207,104.602,2,0
8714,412.323,76.4541,2,0
8715,66.5174,288.23,2,0
8716,315.717,292.551,2,0
8717,392.29,287.008,2,0
8718,328.024,230.58,2,0
8719,19.9166,20.7275,2,0
8720,592.481,217.259,2,0
8721,237.914,131.304,2,0
8722,159.619,24.0356,2,0
8723,36.4023,255.694,2,0
8724,373.13,118.776,2,0
8725,197.346,128.707,2,0
8726,477.287,117.126,2,0
8727,213.964,126.908,2,0
8728,270.765,64.212,2,0
8729,79.6526,107.991,2,0
8730,322.206,128.356,2,0
8731,447.232,150.6,2,0
8732,267.332,281.256,2,0
8733,113.515,273.918,2,0
8734,81.3864,71.6807,2,0
8735,500.008,52.384,2,0
8736,75.8321,199.897,2,0
8737,155.333,5.35733,2,0
8738,511.381,221.658,2,0
8739,379.34,52.6711,2,0
8740,435.452,293.983,2,0
8741,123.093,143.535,2,0
8742,126.669,269.859,2,0
8743,200.481,198.336,2,0
8744,404.552,144.183,2,0
8745,35.3963,82.8337,2,0
8746,49.872,299.313,2,0
8747,298.842,126.216,2,0
8748,106.727,100.49,2,0
8749,156.324,201.995,2,0
8750,369.583,174.86,2,0
8751,433.724,248.047,2,0
8752,348.707,19.6026,2,0
8753,43.4099,295.369,2,0
8754,350.426,235.654,2,0
8755,111.434,229.586,2,0
8756,472.134,143.486,2,0
8757,306.194,33.8743,2,0
8758,71.3853,259.042,2,0
8759,77.6317,256.078,2,0
8760,457.542,294.308,2,0
8761,302.604,214.037,2,0
8762,445.638,215.516,2,0
8763,526.366,229.005,2,0
8764,216.494,115.855,2,0
8765,121.142,259.304,2,0
8766,53.0469,170.51,2,0
8767,364.39,207.728,2,0
8768,359.169,122.433,2,0
8769,375.182,114.532,2,0
8770,22.7038,109.545,2,0
8771,409.723,138.015,2,0
8772,145.347,237.409,2,0
8773,423.937,91.3462,2,0
8774,278.627,216.09,2,0
8775,302.876,274.788,2,0
8776,146.561,33.5488,2,0
8777,235.782,107,2,0
8778,489.617,211.789,2,0
8779,210.392,164.44,2,0
8780,24.1455,14.5821,2,0
8781,117.618,176.683,2,0
8782,404.344,151.743,2,0
8783,447.067,238.13,2,0
8784,339.012,49.9483,2,0
8785,115.877,76.7993,2,0
8786,504.386,173.417,2,0
8787,68.7222,5.84211,2,0
8788,383.131,285.122,2,0
8789,449.829,2,2,0
8790,384.892,11.0286,2,0
8791,104.504,168.4,2,0
8792,367.43,293.065,2,0
8793,144.946,101.806,2,0
8794,360.216,279.286,2,0
8795,314.141,115.227,2,0
8796,225.421,229.574,2,0
8797,3.93302,166.179,2,0
8798,261.984,38.6198,2,0
8799,279.877,188.184,2,0
8800,171.055,38.3263,2,0
8801,21.1827,43.1178,2,0
8802,119.047,216.933,2,0
8803,549.665,204.63,2,0
8804,355.221,268.782,2,0
8805,123.52,223.811,2,0
8806,517.474,25.6625,2,0
8807,276.507,71.2697,2,0
8808,172.98,90.4061,2,0
8809,346.193,293.213,2,0
8810,311.805,298,2,0
8811,507.1,26.0789,2,0
8812,374.777,103.558,2,0
8813,535.456,268.134,2,0
8814,426.301,177.668,2,0
8815,353.683,210.281,2,0
8816,491.741,274.857,2,0
8817,579.982,215.092,2,0
8818,371.706,141.59,2,0
8819,59.4678,126.919,2,0
8820,110.852,21.2366,2,0
8821,338.81,200.913,2,0
8822,225.545,200.888,2,0
8823,103.712,105.238,2,0
8824,243.057,98.5167,2,0
8825,591.784,176.027,2,0
8826,209.658,117.973,2,0
8827,339.907,137.216,2,0
8828,433.24,154.277,2,0
8829,120.778,201.691,2,0
8830,131.771,2,2,0
8831,194.393,175.327,2,0
8832,434.388,161.774,2,0
8833,472.113,240.524,2,0
8834,2.8145,240.845,2,0
8835,213.523,190.21,2,0
8836,462.79,237.292,2,0
8837,184.974,140.836,2,0
8838,485.191,151.54,2,0
8839,262.583,125.311,2,0
8840,377.673,122.059,2,0
8841,203.392,132.921,2,0
8842,424.089,75.7408,2,0
8843,147.274,183.779,2,0
8844,125.364,25.2821,2,0
8845,507.249,170.567,2,0
8846,424.538,222.657,2,0
8847,5.2244,248.378,2,0
8848,444.685,211.602,2,0
8849,12.0687,245.212,2,0
8850,558.168,155.563,2,0
8851,209.399,298,2,0
8852,595.333,61.8247,2,0
8853,454.345,286.798,2,0
8854,95.6644,215.397,2,0
8855,162.385,146.666,2,0
8856,378.948,137.729,2,0
8857,289.167,58.2244,2,0
8858,390.782,74.7265,2,0
8859,567.157,284.653,2,0
8860,468.841,202.391,2,0
8861,236.075,43.9827,2,0
8862,387.738,32.6058,2,0
8863,373.116,233.15,2,0
8864,421.163,106.339,2,0
8865,83.6453,109.402,2,0
8866,567.798,169.069,2,0
8867,492.584,47.4582,2,0
8868,358.803,102.054,2,0
8869,87.8938,235.511,2,0
8870,583.092,212.569,2,0
8871,257.185,113.52,2,0
8872,273.682,126.807,2,0
8873,227.704,38.7783,2,0
8874,32.9425,253.54,2,0
8875,458.763,65.6017,2,0
8876,551.86,109.083,2,0
8877,518.303,59.262,2,0
8878,115.844,262.127,2,0
8879,238.547,56.3663,2,0
8880,353.393,8.90676,2,0
8881,426.812,14.9784,2,0
8882,130.431,173.514,2,0
8883,511.123,245.758,2,0
8884,41.618,171.672,2,0
8885,501.821,193.234,2,0
8886,450.223,240.66,2,0
8887,105.516,118.338,2,0
8888,379.599,13.9897,2,0
8889,425.176,292.483,2,0
8890,347.231,133.577,2,0
8891,468.308,258.896,2,0
8892,48.9685,236.539,2,0
8893,383.328,74.5428,2,0
8894,258.864,53.2109,2,0
8895,326.271,115.521,2,0
8896,555.485,44.5736,2,0
8897,152.419,67.0481,2,0
8898,251.887,271.979,2,0
8899,57.1809,105.658,2,0
8900,449.922,173.661,2,0
8901,501.049,25.9248,2,0
8902,101.59,244.26,2,0
8903,331.91,192.415,2,0
8904,181.965,214.393,2,0
8905,547.663,31.7706,2,0
8906,22.1646,102.316,2,0
8907,205.895,193.38,2,0
8908,140.653,102.923,2,0
8909,151.35,39.3213,2,0
8910,390.602,7.87766,2,0
8911,135.757,246.048,2,0
8912,509.753,23.0807,2,0
8913,137.596,81.7461,2,0
8914,268.714,204.66,2,0
8915,389.406,162.972,2,0
8916,375.792,15.6775,2,0
8917,122.814,18.8492,2,0
8918,40.0873,80.4651,2,0
8919,533.54,27.743,2,0
8920,184.607,276.641,2,0
8921,245.966,19.5216,2,0
8922,242.569,13.5707,2,0
8923,542.071,201.747,2,0
8924,231.006,139.326,2,0
8925,544.297,24.3621,2,0
8926,10.1449,10.0228,2,0
8927,568.387,246.996,2,0
8928,1.74786,290.153,2,0
8929,270.522,80.1974,2,0
8930,310.03,89.1819,2,0
8931,490.698,54.3242,2,0
8932,124.807,243.582,2,0
8933,306.73,179.721,2,0
8934,526.522,90.9975,2,0
8935,450.341,129.174,2,0
8936,350.935,83.902,2,0
8937,334.729,118.148,2,0
8938,415.051,140.881,2,0
8939,198.239,46.3246,2,0
8940,561.272,193.246,2,0
8941,589.139,190.133,2,0
8942,400.889,294.207,2,0
8943,147.658,172.137,2,0
8944,427.986,205.738,2,0
8945,264.133,167.379,2,0
8946,563.28,39.0141,2,0
8947,265.164,117.511,2,0
8948,271.299,199.756,2,0
8949,104.017,15.683,2,0
8950,407.311,264.392,2,0
8951,447.651,188.412,2,0
8952,128.808,201.779,2,0
8953,147.477,104.908,2,0
8954,75.4314,107.806,2,0
8955,82.8245,234.773,2,0
8956,200.791,180.375,2,0
8957,451.899,253.838,2,0
8958,178.826,96.0059,2,0
8959,568.143,193.039,2,0
8960,376.182,230.452,2,0
8961,490.341,22.7667,2,0
8962,44.9432,94.2505,2,0
8963,556.672,80.2851,2,0
8964,495.995,207.831,2,0
8965,381.359,70.9538,2,0
8966,93.632,298,2,0
8967,503.32,180.691,2,0
8968,380.98,281.739,2,0
8969,233.838,131.699,2,0
8970,203.836,183.069,2,0
8971,43.822,113.633,2,0
8972,486.3,83.8457,2,0
8973,313.089,240.04,2,0
8974,7.86604,86.7439,2,0
8975,421.933,117.783,2,0
8976,380.947,223.683,2,0
8977,244.656,246.638,2,0
8978,270.105,245.012,2,0
8979,91.8814,59.6338,2,0
8980,69.3073,163.525,2,0
8981,96.0321,88.524,2,0
8982,56.1512,129.181,2,0
8983,98.2484,246.688,2,0
8984,318.267,97.6882,2,0
8985,489.472,193.673,2,0
8986,247.256,265.366,2,0
8987,359.263,231.716,2,0
8988,357.492,181.307,2,0
8989,187.416,288.744,2,0
8990,531.094,100.434,2,0
8991,414.339,204.864,2,0
8992,159.993,215.25,2,0
8993,89.3576,197.924,2,0
8994,130.039,85.9809,2,0
8995,272.423,286.006,2,0
8996,147.386,88.4073,2,0
8997,541.966,5.68118,2,0
8998,371.795,88.7819,2,0
8999,70.255,181.698,2,0
9000,182.14,158.906,2,0
9001,161.731,27.8033,2,0
9002,390.472,85.4936,2,0
9003,537.688,47.7922,2,0
9004,416.707,272.628,2,0
9005,35.2462,70.3376,2,0
9006,406.131,136.238,2,0
9007,438.477,79.9211,2,0
9008,549.722,84.3421,2,0
9009,486.999,267.724,2,0
9010,291.165,253.155,2,0
9011,398.655,51.6284,2,0
9012,84.2908,101.579,2,0
9013,213.34,133.425,2,0
9014,13.9491,298,2,0
9015,265.455,156.979,2,0
9016,120.072,91.5796,2,0
9017,557.199,17.4262,2,0
9018,361.157,129.38,2,0
9019,37.1742,28.9691,2,0
9020,466.424,190.631,2,0
9021,374.426,144.597,2,0
9022,506.699,15.6156,2,0
9023,52.7308,79.202,2,0
9024,275.671,7.49323,2,0
9025,485.334,130.46,2,0
9026,157.744,20.0417,2,0
9027,205.399,296.443,2,0
9028,92.2031,172.683,2,0
9029,155.003,221.706,2,0
9030,396.843,48.0386,2,0
9031,464.908,240.802,2,0
9032,6.83307,144.391,2,0
9033,83.5759,279.414,2,0
9034,403.949,85.9731,2,0
9035,503.341,253.32,2,0
9036,345.436,225.859,2,0
9037,448.339,119.995,2,0
9038,78.9072,188.036,2,0
9039,101.535,8.46991,2,0
9040,544.032,248.577,2,0
9041,546.132,202.525,2,0
9042,75.3897,259.519,2,0
9043,190.762,22.5079,2,0
9044,212.996,218.68,2,0
9045,34.9887,62.3598,2,0
9046,240.172,167.883,2,0
9047,371.036,283.826,2,0
9048,220.244,218.915,2,0
9049,198.967,235.047,2,0
9050,187.492,183.596,2,0
9051,439.309,238.567,2,0
9052,358.595,158.994,2,0
9053,490.505,64.0199,2,0
9054,543.019,166.085,2,0
9055,470.685,273.85,2,0
9056,19.668,173.562,2,0
9057,410.956,289.17,2,0
9058,580.815,202.967,2,0
9059,75.5585,175.584,2,0
9060,80.9424,159.052,2,0
9061,490.811,263.904,2,0
9062,40.6178,118.184,2,0
9063,222.183,11.9823,2,0
9064,538.584,270.802,2,0
9065,142.006,169.049,2,0
9066,264.497,112.244,2,0
9067,401.468,24.7438,2,0
9068,221.961,45.3828,2,0
9069,6.51367,177.2,2,0
9070,338.123,106.83,2,0
9071,39.1234,212.331,2,0
9072,445.855,194.009,2,0
9073,374.689,194.083,2,0
9074,242.223,63.8787,2,0
9075,24.0763,195.607,2,0
9076,179.581,270.377,2,0
9077,279.88,250.474,2,0
9078,522.9,89.2792,2,0
9079,428.464,254.188,2,0
9080,228.645,226.61,2,0
9081,33.6638,227.108,2,0
9082,210.817,110.53,2,0
9083,373.283,63.4184,2,0
9084,135.366,182.602,2,0
9085,103.349,50.4087,2,0
9086,476.962,235.734,2,0
9087,215.148,267.989,2,0
9088,178.583,174.589,2,0
9089,396.04,61.9708,2,0
9090,261.793,115.273,2,0
9091,313.373,111.241,2,0
9092,497.275,20.994,2,0
9093,479.36,6.12662,2,0
9094,194.036,189.163,2,0
9095,587.271,59.4396,2,0
9096,310.154,85.0714,2,0
9097,153.165,252.085,2,0
9098,174.26,259.696,2,0
9099,13.1326,25.3421,2,0
9100,232.042,28.4335,2,0
9101,446.507,69.9321,2,0
9102,246.38,203.951,2,0
9103,513.587,13.2806,2,0
9104,269.145,161.06,2,0
9105,390.077,109.412,2,0
9106,20.2435,191.764,2,0
9107,326.112,30.8747,2,0
9108,215.729,233.016,2,0
9109,218.579,265.625,2,0
9110,436.851,138.878,2,0
9111,385.399,40.2967,2,0
9112,533.877,23.3119,2,0
9113,112.695,52.5341,2,0
9114,557.833,36.5684,2,0
9115,280.465,84.6846,2,0
9116,285.037,20.1534,2,0
9117,513.33,203.431,2,0
9118,591.83,13.7516,2,0
9119,319.42,276.252,2,0
9120,385.137,46.7535,2,0
9121,354.772,150.429,2,0
9122,437.411,55.0711,2,0
9123,594.486,73.0654,2,0
9124,511.872,176.779,2,0
9125,44.7164,189.155,2,0
9126,181.278,116.169,2,0
9127,500.228,239.95,2,0
9128,296.864,27.1945,2,0
9129,125.569,67.842,2,0
9130,377.677,172.092,2,0
9131,415.044,289.961,2,0
9132,372.225,158.319,2,0
9133,343.912,229.646,2,0
9134,311.713,208.121,2,0
9135,308.592,46.9434,2,0
9136,288.479,261.731,2,0
9137,533.579,231.039,2,0
9138,289.015,130.49,2,0
9139,14.253,196.729,2,0
9140,253.452,79.4202,2,0
9141,13.3743,168.725,2,0
9142,210.297,187.702,2,0
9143,437.596,272.339,2,0
9144,497.493,278.912,2,0
9145,221.529,34.1125,2,0
9146,81.702,255.548,2,0
9147,534.419,252.529,2,0
9148,466.75,81.766,2,0
9149,565.084,17.9071,2,0
9150,442.897,67.8433,2,0
9151,409.475,221.554,2,0
9152,286.546,203.778,2,0
9153,21.1433,94.7607,2,0
9154,75.2431,182.493,2,0
9155,6.11727,203.604,2,0
9156,376.847,65.3717,2,0
9157,332.744,64.5228,2,0
9158,267.166,164.702,2,0
9159,102.26,101.393,2,0
9160,19.5675,222.595,2,0
9161,172.456,53.3591,2,0
9162,79.817,51.0756,2,0
9163,512.957,232.297,2,0
9164,15.6359,46.4795,2,0
9165,597.738,70.7214,2,0
9166,170.371,203.497,2,0
9167,371.477,97.0856,2,0
9168,306.919,126.284,2,0
9169,252.505,245.027,2,0
9170,524.593,236.984,2,0
9171,351.013,4.80986,2,0
9172,267.083,239.327,2,0
9173,173.618,75.0549,2,0
9174,73.1912,33.0995,2,0
9175,588.003,116.579,2,0
9176,571.285,117.456,2,0
9177,323.743,252.127,2,0
9178,434.302,123.665,2,0
9179,91.8631,98.5122,2,0
9180,538.334,128.767,2,0
9181,567.958,239.943,2,0
9182,360.701,92.2609,2,0
9183,550.986,238.707,2,0
9184,427.286,28.9273,2,0
9185,9.23547,248.151,2,0
9186,24.4534,295.096,2,0
9187,317.124,230.493,2,0
9188,480.571,29.0492,2,0
9189,266.907,148.078,2,0
9190,107.014,196.235,2,0
9191,350.3,171.796,2,0
9192,99.0753,229.149,2,0
9193,142.808,165.115,2,0
9194,408.059,18.1409,2,0
9195,373.208,12.5123,2,0
9196,591.111,258.222,2,0
9197,105.53,66.7183,2,0
9198,183.177,93.2871,2,0
9199,578.987,163.152,2,0
9200,418.891,234.843,2,0
9201,497.233,186.06,2,0
9202,404.755,22.4429,2,0
9203,224.12,137.747,2,0
9204,194.211,56.0607,2,0
9205,421.095,296.231,2,0
9206,162.906,177.584,2,0
9207,512.95,84.9474,2,0
9208,368.233,94.7115,2,0
9209,343.232,139.526,2,0
9210,407.679,94.3038,2,0
9211,116.432,152.157,2,0
9212,6.45631,62.7882,2,0
9213,490.606,189.756,2,0
9214,464.729,55.7937,2,0
9215,21.8086,253.422,2,0
9216,335.232,132.172,2,0
9217,163.91,48.2455,2,0
9218,563.078,262.267,2,0
9219,285.932,55.7558,2,0
9220,298.649,187.08,2,0
9221,507.677,187.139,2,0
9222,91.9845,181.117,2,0
9223,109.665,242.946,2,0
9224,354.692,255.83,2,0
9225,545.347,50.437,2,0
9226,56.4675,68.338,2,0
9227,495.262,282.266,2,0
9228,375.528,261.335,2,0
9229,413.598,136.788,2,0
9230,315.247,79.3092,2,0
9231,523.954,58.741,2,0
9232,338.119,159.341,2,0
9233,245.646,77.4266,2,0
9234,136.451,160.669,2,0
9235,508.047,19.4255,2,0
9236,263.363,237.59,2,0
9237,80.0969,137.118,2,0
9238,447.828,48.1526,2,0
9239,533.734,73.7705,2,0
9240,517.859,221.352,2,0
9241,385.278,215.948,2,0
9242,563.305,258.19,2,0
9243,366.293,297.013,2,0
9244,212.161,76.5915,2,0
9245,67.3432,21.9522,2,0
9246,314.777,83.3538,2,0
9247,46.8035,39.1236,2,0
9248,212.584,114.917,2,0
9249,594.194,243.855,2,0
9250,82.4849,192.148,2,0
9251,216.314,76.8275,2,0
9252,346.164,297.538,2,0
9253,121.772,156.067,2,0
9254,142.508,49.7706,2,0
9255,57.5015,190.451,2,0
9256,558.872,132.296,2,0
9257,335.522,55.7662,2,0
9258,485.363,155.601,2,0
9259,131.56,59.9096,2,0
9260,571.646,84.9697,2,0
9261,529.785,241.279,2,0
9262,404.262,173.537,2,0
9263,433.736,197.862,2,0
9264,206.978,209.359,2,0
9265,33.8777,270.261,2,0
9266,520.002,225.13,2,0
9267,114.248,172.839,2,0
9268,277.677,75.184,2,0
9269,489.492,249.81,2,0
9270,170.278,210.952,2,0
9271,79.8773,199.603,2,0
9272,490.541,2,2,0
9273,558.565,99.0678,2,0
9274,413.085,93.9995,2,0
9275,298.175,280.413,2,0
9276,398.203,161.915,2,0
9277,203.383,244.412,2,0
9278,156.84,81.0053,2,0
9279,518.933,243.454,2,0
9280,564.255,87.7024,2,0
9281,569.09,264.501,2,0
9282,290.615,203.04,2,0
9283,419.032,180.107,2,0
9284,550.686,150.203,2,0
9285,113.85,80.3416,2,0
9286,528.953,132.691,2,0
9287,557.82,84.1549,2,0
9288,253.18,169.493,2,0
9289,306.693,96.8802,2,0
9290,239.826,95.8473,2,0
9291,179.549,11.0606,2,0
9292,230.602,180.049,2,0
9293,212.052,231.389,2,0
9294,588.855,215.319,2,0
9295,435.706,213.689,2,0
9296,493.38,271.186,2,0
9297,169.395,199.506,2,0
9298,36.163,114.822,2,0
9299,35.0551,212.604,2,0
9300,279.362,25.2803,2,0
9301,262.058,292.094,2,0
9302,59.4725,5.86306,2,0
9303,564.101,67.7107,2,0
9304,441.137,9.01896,2,0
9305,324.404,191.967,2,0
9306,320.309,9.51005,2,0
9307,512.239,185.886,2,0
9308,384.312,209.122,2,0
9309,309.621,204.503,2,0
9310,589.351,66.8306,2,0
9311,287.395,242.101,2,0
9312,289.361,265.766,2,0
9313,483.524,298,2,0
9314,313.725,10.7806,2,0
9315,165.892,20.6855,2,0
9316,107.8,10.3222,2,0
9317,135.127,228.639,2,0
9318,129.04,236.322,2,0
9319,333.726,142.55,2,0
9320,116.701,113.998,2,0
9321,273.021,73.412,2,0
9322,49.643,201.786,2,0
9323,465.967,119.742,2,0
9324,592.212,211.843,2,0
9325,264.463,229.365,2,0
9326,132.758,104.999,2,0
9327,599.795,5.47534,2,0
9328,571.651,191.076,2,0
9329,184.062,25.6977,2,0
9330,149.362,199.532,2,0
9331,329.648,212.54,2,0
9332,55.4926,37.6805,2,0
9333,534.742,193.467,2,0
9334,347.488,174.707,2,0
9335,486.087,96.6155,2,0
9336,368.519,219.066,2,0
9337,504.025,28.7654,2,0
9338,99.5203,81.2147,2,0
9339,566.078,180.376,2,0
9340,42.4088,125.268,2,0
9341,377.505,73.4543,2,0
9342,169.341,292.173,2,0
9343,332.353,182.31,2,0
9344,282.934,281.768,2,0
9345,574.62,54.5698,2,0
9346,548.513,208.476,2,0
9347,98.5702,5.75091,2,0
9348,404.094,112.247,2,0
9349,512.267,106.103,2,0
9350,593.702,298,2,0
9351,485.914,280.503,2,0
9352,354.767,154.607,2,0
9353,111.097,149.893,2,0
9354,262.594,193.841,2,0
9355,553.366,62.7265,2,0
9356,271.469,259.196,2,0
9357,29.3182,43.841,2,0
9358,578.128,292.191,2,0
9359,94.9172,277.655,2,0
9360,583.188,72.0592,2,0
9361,5.31336,229.628,2,0
9362,290.634,287.471,2,0
9363,114.048,265.808,2,0
9364,512.334,148.558,2,0
9365,582.47,106.697,2,0
9366,22.1329,39.0545,2,0
9367,497.666,192.938,2,0
9368,272.725,228.945,2,0
9369,346.045,104.138,2,0
9370,159.814,166.315,2,0
9371,270.528,298,2,0
9372,500.112,266.452,2,0
9373,12.5582,237.842,2,0
9374,298.61,215.047,2,0
9375,31.3718,83.4337,2,0
9376,469.477,69.8953,2,0
9377,595.123,7.54312,2,0
9378,378.624,84.6259,2,0
9379,404.546,91.762,2,0
9380,188.076,126.029,2,0
9381,527.223,175.041,2,0
9382,33.0527,150.154,2,0
9383,48.8857,240.563,2,0
9384,193.792,109.01,2,0
9385,452.747,210.605,2,0
9386,233.022,154.924,2,0
9387,559.457,143.44,2,0
9388,293.607,64.2386,2,0
9389,365.582,28.2211,2,0
9390,157.282,93.3811,2,0
9391,179.787,170.614,2,0
9392,565.511,63.793,2,0
9393,309.394,93.8963,2,0
9394,144.21,144.991,2,0
9395,268.017,85.9403,2,0
9396,440.752,64.1913,2,0
9397,421.167,102.035,2,0
9398,435.082,95.5101,2,0
9399,180.656,33.0024,2,0
9400,40.6063,37.6302,2,0
9401,565.297,106.938,2,0
9402,159.737,170.35,2,0
9403,172.503,179.728,2,0
9404,68.1458,128.269,2,0
9405,179.779,155.648,2,0
9406,389.129,217.059,2,0
9407,189.21,199.49,2,0
9408,217.931,184.383,2,0
9409,472.784,115.734,2,0
9410,487.881,139.612,2,0
9411,298.956,86.4161,2,0
9412,384.564,192.481,2,0
9413,506.216,177.854,2,0
9414,499.159,246.837,2,0
9415,274.454,192.305,2,0
9416,8.82755,16.2449,2,0
9417,121.999,86.3393,2,0
9418,586.43,24.6518,2,0
9419,71.0002,42.0454,2,0
9420,208.637,113.961,2,0
9421,295.637,298,2,0
9422,489.722,68.1331,2,0
9423,589.772,183.717,2,0
9424,428.959,53.931,2,0
9425,46.1001,278.159,2,0
9426,107.901,24.0367,2,0
9427,266.535,19.5233,2,0
9428,290.337,109.124,2,0
9429,584.304,133.664,2,0
9430,60.7477,92.2311,2,0
9431,536.425,222.69,2,0
9432,146.758,128.53,2,0
9433,181.441,145.713,2,0
9434,196.488,16.7784,2,0
9435,487.395,4.90842,2,0
9436,322.038,60.2152,2,0
9437,432.312,61.2434,2,0
9438,378.221,192.027,2,0
9439,109.19,120.476,2,0
9440,459.883,150.213,2,0
9441,552.95,37.9621,2,0
9442,272.649,203.666,2,0
9443,27.9663,251.883,2,0
9444,402.085,276.96,2,0
9445,307.808,297.701,2,0
9446,386.485,167.287,2,0
9447,401.419,154.529,2,0
9448,187.066,36.5767,2,0
9449,305.901,232.143,2,0
9450,237.996,6.95065,2,0
9451,51.313,111.206,2,0
9452,450.489,78.4433,2,0
9453,119.723,45.1167,2,0
9454,247.768,207.942,2,0
9455,381.051,270.888,2,0
9456,460.572,225.837,2,0
9457,454.351,101.187,2,0
9458,190.233,214.472,2,0
9459,530.419,286.883,2,0
9460,543.12,111.915,2,0
9461,311.308,293.979,2,0
9462,466.533,134.325,2,0
9463,480.928,97.6143,2,0
9464,544.285,260.852,2,0
9465,49.5532,280.237,2,0
9466,45.0039,248.079,2,0
9467,197.721,177.657,2,0
9468,373.047,107.393,2,0
9469,106.039,138.827,2,0
9470,2.27868,100.193,2,0
9471,143.777,53.594,2,0
9472,547.269,175.332,2,0
9473,142.769,94.996,2,0
9474,194.225,34.8839,2,0
9475,561.833,236.418,2,0
9476,282.045,254.093,2,0
9477,488.128,33.8411,2,0
9478,389.856,29.0328,2,0
9479,54.5287,90.6329,2,0
9480,287.76,45.809,2,0
9481,549.174,91.3055,2,0
9482,95.7291,176.427,2,0
9483,387.202,135.13,2,0
9484,74.0718,220.985,2,0
9485,348.8,279.924,2,0
9486,439.802,33.903,2,0
9487,394.475,278.815,2,0
9488,140.662,191.382,2,0
9489,458.997,107.855,2,0
9490,108.399,264.619,2,0
9491,214.873,85.1563,2,0
9492,171.843,145.162,2,0
9493,430.243,124.264,2,0
9494,393.281,49.9335,2,0
9495,119.942,74.8793,2,0
9496,572.398,142.506,2,0
9497,505.739,151.088,2,0
9498,463.577,2,2,0
9499,173.337,235.933,2,0
9500,582.394,56.6436,2,0
9501,297.143,195.024,2,0
9502,92.6459,77.4562,2,0
9503,525.383,50.477,2,0
9504,389.111,204.571,2,0
9505,198.674,265.777,2,0
9506,91.6873,177.11,2,0
9507,563.645,205.279,2,0
9508,497.494,243.102,2,0
9509,121.735,151.566,2,0
9510,427.973,211.251,2,0
9511,260.668,260.699,2,0
9512,185.534,76.7165,2,0
9513,46.8663,185.764,2,0
9514,508.468,98.8984,2,0
9515,421.277,291.406,2,0
9516,457.216,23.3027,2,0
9517,570.204,196.491,2,0
9518,262.484,19.6881,2,0
9519,496.256,203.722,2,0
9520,187.621,195.645,2,0
9521,335.397,127.822,2,0
9522,180.441,292.324,2,0
9523,142.756,242.169,2,0
9524,268.779,34.1244,2,0
9525,546.755,288.868,2,0
9526,246.966,130.822,2,0
9527,320.49,36.5488,2,0
9528,440.883,113.743,2,0
9529,53.7364,125.905,2,0
9530,288.527,238.08,2,0
9531,226.071,274.475,2,0
9532,80.4948,146.983,2,0
9533,100.509,169.234,2,0
9534,43.2177,264.352,2,0
9535,52.9906,235.468,2,0
9536,228.539,121.944,2,0
9537,37.7094,234.738,2,0
9538,546.102,35.5087,2,0
9539,366.767,22.1004,2,0
9540,566.621,21.748,2,0
9541,134.229,171.62,2,0
9542,233.825,172.074,2,0
9543,526.243,24.9426,2,0
9544,306.205,272.393,2,0
9545,309.577,269.963,2,0
9546,29.4181,151.953,2,0
9547,286.444,133.648,2,0
9548,307.908,149.021,2,0
9549,383.2,244.478,2,0
9550,130.595,95.6424,2,0
9551,454.124,183.79,2,0
9552,276.788,99.6206,2,0
9553,185.005,114.672,2,0
9554,132.586,100.004,2,0
9555,520.317,185.796,2,0
9556,137.751,5.54597,2,0
9557,488.659,143.563,2,0
9558,100.713,184.749,2,0
9559,50.7915,261.375,2,0
9560,325.411,67.6003,2,0
9561,540.442,222.129,2,0
9562,176.435,208.484,2,0
9563,96.7393,241.79,2,0
9564,255.401,292.707,2,0
9565,300.592,168.165,2,0
9566,81.2221,47.3146,2,0
9567,177.905,235.524,2,0
9568,593.635,148.682,2,0
9569,331.191,160.743,2,0
9570,247.483,50.4741,2,0
9571,409.251,174.585,2,0
9572,519.641,298,2,0
9573,232.714,49.6537,2,0
9574,466.703,273.367,2,0
9575,435.714,236.782,2,0
9576,298.484,242.057,2,0
9577,283.17,290.187,2,0
9578,538.472,285.203,2,0
9579,43.0137,40.907,2,0
9580,573.668,125.164,2,0
9581,544.867,54.449,2,0
9582,478.338,10.8328,2,0
9583,351.332,176.064,2,0
9584,583.919,116.054,2,0
9585,554.844,153.18,2,0
9586,551.034,22.5146,2,0
9587,159.533,96.9418,2,0
9588,165.677,201.13,2,0
9589,83.1193,24.4206,2,0
9590,211.55,199.329,2,0
9591,33.1994,194.316,2,0
9592,393.021,129.403,2,0
9593,360.472,227.775,2,0
9594,474.951,232.239,2,0
9595,235.884,139.175,2,0
9596,579.267,13.3953,2,0
9597,83.8985,202.864,2,0
9598,501.894,243.747,2,0
9599,149.294,3.44915,2,0
9600,447.097,114.979,2,0
9601,559.602,51.444,2,0
9602,160.249,49.9263,2,0
9603,188.258,152.814,2,0
9604,116.726,52.5806,2,0
9605,166.055,296.038,2,0
9606,523.328,210.16,2,0
9607,444.702,118.216,2,0
9608,469.664,174.611,2,0
9609,589.642,62.7756,2,0
9610,282.319,110.198,2,0
9611,476.239,36.0346,2,0
9612,40.5007,258.435,2,0
9613,387.581,2.78195,2,0
9614,103.942,199.058,2,0
9615,492.058,35.09,2,0
9616,491.615,27.0094,2,0
9617,19.1746,65.875,2,0
9618,100.734,20.9086,2,0
9619,140.351,16.6223,2,0
9620,340.632,24.6226,2,0
9621,186.049,68.3389,2,0
9622,481.268,85.589,2,0
9623,320.947,22.7682,2,0
9624,528.705,87.5714,2,0
9625,100.064,277.53,2,0
9626,151.522,104.012,2,0
9627,393.324,11.0167,2,0
9628,154.063,167.74,2,0
9629,150.163,107.972,2,0
9630,388.058,256.103,2,0
9631,463.11,86.7732,2,0
9632,100.805,128.976,2,0
9633,169.871,160.124,2,0
9634,396.27,81.9948,2,0
9635,420.135,169.333,2,0
9636,186.398,55.4852,2,0
9637,322.625,209.413,2,0
9638,490.703,80.8136,2,0
9639,408.501,178.59,2,0
9640,17.4694,54.5508,2,0
9641,162.554,293.991,2,0
9642,220.704,261.258,2,0
9643,23.17,46.6901,2,0
9644,494.635,2,2,0
9645,140.458,157.803,2,0
9646,551.705,11.6449,2,0
9647,543.194,58.1844,2,0
9648,311.89,118.564,2,0
9649,106.631,273.446,2,0
9650,395.183,216.127,2,0
9651,346.374,100.09,2,0
9652,276.29,35.9126,2,0
9653,14.4735,259.155,2,0
9654,61.9112,160.467,2,0
9655,349.975,140.263,2,0
9656,423.627,277.994,2,0
9657,325.507,26.1122,2,0
9658,97.1128,2,2,0
9659,347.685,69.9779,2,0
9660,297.741,18.0157,2,0
9661,363.751,286.041,2,0
9662,16.4588,220.001,2,0
9663,58.086,227.055,2,0
9664,424.992,8.20347,2,0
9665,212.416,146.234,2,0
9666,446.603,97.973,2,0
9667,570.269,149.545,2,0
9668,231.864,98.7763,2,0
9669,128.009,230.603,2,0
9670,148.537,260.614,2,0
9671,73.809,72.5032,2,0
9672,143.205,184.297,2,0
9673,549.382,188.562,2,0
9674,336.789,212.716,2,0
9675,439.397,264.649,2,0
9676,144.643,116.672,2,0
9677,363.406,214.876,2,0
9678,527.523,205.481,2,0
9679,494.255,294.335,2,0
9680,558.522,180.975,2,0
9681,374.291,298,2,0
9682,314.253,178.784,2,0
9683,2.84159,146.75,2,0
9684,491.524,15.7886,2,0
9685,234.066,242.55,2,0
9686,413.862,82.3797,2,0
9687,68.0829,145.287,2,0
9688,148.348,58.0147,2,0
9689,572.86,220.713,2,0
9690,340.979,38.3563,2,0
9691,31.9536,273.836,2,0
9692,576.963,16.7923,2,0
9693,353.569,214.372,2,0
9694,475.414,203.951,2,0
9695,119.895,105.762,2,0
9696,291.595,148.287,2,0
9697,66.9829,293.014,2,0
9698,125.84,117.186,2,0
9699,433.576,2,2,0
9700,407.129,141.103,2,0
9701,407.119,248.83,2,0
9702,322.739,113.457,2,0
9703,68.0935,136.355,2,0
9704,250.64,193.867,2,0
9705,185.843,240.218,2,0
9706,473.744,20.8638,2,0
9707,323.783,198.1,2,0
9708,454.826,107.516,2,0
9709,310.985,50.7542,2,0
9710,556.108,280.787,2,0
9711,551.801,257.08,2,0
9712,69.0721,200.771,2,0
9713,201.752,294.239,2,0
9714,434.187,13.4766,2,0
9715,127.702,28.6166,2,0
9716,553.764,84.5272,2,0
9717,498.479,148.818,2,0
9718,522.908,2,2,0
9719,564.825,9.8203,2,0
9720,182.56,123.922,2,0
9721,305.046,246.546,2,0
9722,474.133,105.454,2,0
9723,409.369,33.966,2,0
9724,222.324,288.117,2,0
9725,68.4653,111.063,2,0
9726,420.685,62.7053,2,0
9727,541.488,161.033,2,0
9728,194.871,246.151,2,0
9729,367.079,78.2832,2,0
9730,109.999,55.4901,2,0
9731,202.629,24.6569,2,0
9732,285.812,7.54467,2,0
9733,299.778,72.643,2,0
9734,201.306,32.2176,2,0
9735,549.766,26.4865,2,0
9736,456.641,171.473,2,0
9737,434.609,105.647,2,0
9738,559.281,25.4458,2,0
9739,431.736,135.506,2,0
9740,217.527,92.6472,2,0
9741,392.547,244.908,2,0
9742,580.411,138.952,2,0
9743,286.674,16.4694,2,0
9744,108.148,14.3613,2,0
9745,501.337,94.883,2,0
9746,304.258,201.83,2,0
9747,348.81,228.2,2,0
9748,482.764,81.8017,2,0
9749,387.105,72.985,2,0
9750,489.117,99.3451,2,0
9751,86.7594,158.906,2,0
9752,123.642,2,2,0
9753,192.877,133.819,2,0
9754,474.109,41.884,2,0
9755,313.174,184.768,2,0
9756,209.173,220.063,2,0
9757,179.184,217.292,2,0
9758,177.808,201.791,2,0
9759,491.421,111.93,2,0
9760,76.0251,168.05,2,0
9761,521.643,52.0553,2,0
9762,167.125,39.3478,2,0
9763,448.24,89.7791,2,0
9764,407.649,275.984,2,0
9765,312.213,263.702,2,0
9766,566.324,250.657,2,0
9767,406.754,288.286,2,0
9768,511.884,207.634,2,0
9769,270.929,289.887,2,0
9770,370.476,5.38774,2,0
9771,132.226,36.5779,2,0
9772,393.908,186.999,2,0
9773,499.545,189.403,2,0
9774,447.981,9.80702,2,0
9775,29.6075,228.619,2,0
9776,387.444,129.155,2,0
9777,323.917,98.4524,2,0
9778,12.8996,294.076,2,0
9779,239.543,50.7247,2,0
9780,554.228,101.862,2,0
9781,399.185,228.214,2,0
9782,120.843,130.972,2,0
9783,138.516,121.47,2,0
9784,486.297,243.828,2,0
9785,263.056,288.042,2,0
9786,593.178,233.385,2,0
9787,3.55136,268.236,2,0
9788,42.0838,16.1732,2,0
9789,537.736,199.479,2,0
9790,180.556,252.53,2,0
9791,559.867,58.8544,2,0
9792,321.123,139.889,2,0
9793,334.996,189.798,2,0
9794,489.519,58.1888,2,0
9795,471.672,10.6793,2,0
9796,487.365,160.512,2,0
9797,384.903,64.9009,2,0
9798,260.306,249.498,2,0
9799,59.3861,38.6639,2,0
9800,56.0746,76.8209,2,0
9801,465.421,142.291,2,0
9802,75.2159,147.975,2,0
9803,86.1382,287.206,2,0
9804,375.883,201.366,2,0
9805,397.925,98.9037,2,0
9806,182.046,243.92,2,0
9807,501.449,9.21939,2,0
9808,523.284,97.2648,2,0
9809,164.783,32.5499,2,0
9810,448.76,211.891,2,0
9811,192.989,72.755,2,0
9812,316.56,242.396,2,0
9813,46.7782,174.673,2,0
9814,218.591,31.3301,2,0
9815,487.691,182.569,2,0
9816,307.805,243.475,2,0
9817,434.547,205.072,2,0
9818,386.512,247.02,2,0
9819,106.669,256.014,2,0
9820,304.447,37.4936,2,0
9821,152.454,280.653,2,0
9822,286.519,199.599,2,0
9823,552.075,298,2,0
9824,370.935,33.3199,2,0
9825,282.548,162.58,2,0
9826,365.666,51.7555,2,0
9827,386.506,86.4098,2,0
9828,449.728,169.431,2,0
9829,179.192,205.581,2,0
9830,59.6222,74.7655,2,0
9831,117.816,204.485,2,0
9832,99.9272,214.383,2,0
9833,390.563,146.972,2,0
9834,400.372,186.019,2,0
9835,226.158,34.3103,2,0
9836,329.037,99.7098,2,0
9837,540.478,275.935,2,0
9838,273.227,161.756,2,0
9839,119.237,212.828,2,0
9840,340.716,211.86,2,0
9841,122.449,210.027,2,0
9842,419.937,287.627,2,0
9843,453.22,24.3327,2,0
9844,28.5062,133.576,2,0
9845,464.348,27.2941,2,0
9846,588.563,261.362,2,0
9847,226.116,165.612,2,0
9848,354.553,158.616,2,0
9849,361.558,2,2,0
9850,408.861,118.822,2,0
9851,253.075,19.9911,2,0
9852,166.626,72.4543,2,0
9853,474.287,32.5264,2,0
9854,245.632,258.244,2,0
9855,499.344,2,2,0
9856,596.752,197.515,2,0
9857,53.8353,63.9265,2,0
9858,536.36,293.98,2,0
9859,520.1,48.3542,2,0
9860,278.087,234.392,2,0
9861,163.189,222.781,2,0
9862,502.793,14.7385,2,0
9863,180.797,278.582,2,0
9864,293.107,206.227,2,0
9865,433.006,53.8904,2,0
9866,141.163,147.994,2,0
9867,240.356,60.312,2,0
9868,198.278,292.142,2,0
9869,20.9879,32.9544,2,0
9870,179.501,184.021,2,0
9871,434.662,72.8015,2,0
9872,591.03,241.157,2,0
9873,522.628,247.96,2,0
9874,128.945,103.56,2,0
9875,133.394,74.8092,2,0
9876,449.692,82.6614,2,0
9877,453.6,238.457,2,0
9878,94.2973,271.527,2,0
9879,304.654,14.5132,2,0
9880,477.924,137.515,2,0
9881,570.417,250.46,2,0
9882,21.6238,143.399,2,0
9883,116.141,142.4,2,0
9884,103.138,211.76,2,0
9885,396.146,13.9138,2,0
9886,120.902,135.091,2,0
9887,386.355,102.325,2,0
9888,182.197,176.779,2,0
9889,521.385,232.701,2,0
9890,405.494,256.895,2,0
9891,209.258,91.8754,2,0
9892,239.347,141.308,2,0
9893,555.526,106.906,2,0
9894,12.1653,181.882,2,0
9895,402.294,116.169,2,0
9896,71.0467,82.7326,2,0
9897,87.2985,138.577,2,0
9898,288.948,249.754,2,0
9899,62.0175,2.58136,2,0
9900,220.024,15.5014,2,0
9901,445.027,285.259,2,0
9902,82.7363,43.5534,2,0
9903,572.353,121.331,2,0
9904,497.022,105.912,2,0
9905,198.626,169.125,2,0
9906,325.073,163.708,2,0
9907,352.836,162.994,2,0
9908,87.0267,17.1443,2,0
9909,313.375,271.414,2,0
9910,59.1819,247.847,2,0
9911,349.295,264.05,2,0
9912,358.424,221.328,2,0
9913,555.581,276.707,2,0
9914,359.757,139.47,2,0
9915,80.0614,142.968,2,0
9916,390.081,132.205,2,0
9917,93.9693,282.653,2,0
9918,583.902,171.522,2,0
9919,462.675,22.1492,2,0
9920,178.52,239.696,2,0
9921,109.85,45.0282,2,0
9922,503.882,202.063,2,0
9923,204.218,43.414,2,0
9924,54.4054,11.9411,2,0
9925,206.005,217.62,2,0
9926,265.994,23.6252,2,0
9927,50.8443,9.39941,2,0
9928,451.539,60.6209,2,0
9929,48.2016,245.531,2,0
9930,7.42904,91.6511,2,0
9931,252.486,153.802,2,0
9932,459.633,290.795,2,0
9933,517.586,131.191,2,0
9934,453.916,174.525,2,0
9935,75.0722,233.643,2,0
9936,393.882,5.57806,2,0
9937,523.969,167.437,2,0
9938,197.255,275.714,2,0
9939,117.23,190.83,2,0
9940,352.668,226.959,2,0
9941,32.7561,266.421,2,0
9942,456.866,127.647,2,0
9943,428.205,75.8663,2,0
9944,419.003,58.2986,2,0
9945,50.3426,13.4756,2,0
9946,77.0438,34.5973,2,0
9947,148.539,114.142,2,0
9948,500.766,78.2626,2,0
9949,39.7489,54.4564,2,0
9950,511.584,73.8877,2,0
9951,44.1097,193.218,2,0
9952,306.313,188.918,2,0
9953,47.8911,55.269,2,0
9954,268.587,45.1721,2,0
9955,86.0569,73.4017,2,0
9956,460.309,179.924,2,0
9957,389.357,154.347,2,0
9958,565.855,2,2,0
9959,344.862,163.859,2,0
9960,306.858,70.9951,2,0
9961,181.437,2,2,0
9962,491.441,160.242,2,0
9963,422.244,125.228,2,0
9964,306.278,104.918,2,0
9965,551.505,265.24,2,0
9966,9.81861,202.085,2,0
9967,520.818,10.2601,2,0
9968,255.259,24.2975,2,0
9969,477.447,125.319,2,0
9970,285.008,74.3146,2,0
9971,487.19,284.438,2,0
9972,341.981,157.972,2,0
9973,414.976,58.5249,2,0
9974,549.395,162.232,2,0
9975,288.707,279.755,2,0
9976,224.842,127.673,2,0
9977,518.366,214.734,2,0
9978,201.14,240.958,2,0
9979,115.751,9.13976,2,0
9980,46.4667,8.92498,2,0
9981,235.249,21.8946,2,0
9982,275.021,196.31,2,0
9983,204.665,113.202,2,0
9984,228.493,238.603,2,0
9985,210.798,269.196,2,0
9986,32.3697,59.281,2,0
9987,420.376,50.9197,2,0
9988,232.65,142.975,2,0
9989,338.587,110.89,2,0
9990,106.962,2.77964,2,0
9991,12.6453,21.0908,2,0
9992,140.069,71.8486,2,0
9993,196.614,196.873,2,0
9994,3.01336,179.215,2,0
9995,499.107,230.146,2,0
9996,424.742,252.698,2,0
9997,53.3166,258.175,2,0
9998,12.3674,97.4129,2,0
9999,221.335,6.14472,2,0
10000,513.819,23.8649,2,0
10001,9.11624,230.87,2,0
10002,125.942,163.597,2,0
10003,520.528,44.2309,2,0
10004,111.75,262.37,2,0
10005,263.889,27.5546,2,0
10006,119.097,227.816,2,0
10007,469.926,19.3639,2,0
10008,70.358,222.564,2,0
10009,344.103,96.3151,2,0
10010,167.084,223.896,2,0
10011,559.857,21.0998,2,0
10012,442.157,145.944,2,0
10013,193.23,276.063,2,0
10014,259.675,88.3651,2,0
10015,521.478,140.997,2,0
10016,84.7225,258.408,2,0
10017,254.061,296.533,2,0
10018,30.985,245.725,2,0
10019,55.4273,249.338,2,0
10020,326.729,209.69,2,0
10021,270.56,140.863,2,0
10022,169.794,288.196,2,0
10023,522.85,93.2856,2,0
10024,403.218,44.6148,2,0
10025,83.3733,19.4228,2,0
