id,x,y,radius,is_spanning
0,149.245,57.9452,2,0
1,174.494,124.137,2,0
2,226.757,94.6358,2,0
3,2.24816,74.0099,2,0
4,44.0602,5.44354,2,0
5,264.065,41.8302,2,0
6,138.26,187.682,2,0
7,257.831,148.415,2,0
8,182.252,242.152,2,0
9,23.9374,287.421,2,0
10,166.066,97.0723,2,0
11,400.443,225.765,2,0
12,554.984,81.6816,2,0
13,203.604,84.0701,2,0
14,289.114,47.9065,2,0
15,67.0066,81.1831,2,0
16,474.947,285.408,2,0
17,52.0048,36.9119,2,0
18,242.389,219.775,2,0
19,475.183,27.5492,2,0
20,8.69936,222.894,2,0
21,347.771,18.0465,2,0
22,227.56,268.458,2,0
23,130.062,104.429,2,0
24,117.359,29.8414,2,0
25,419.698,68.9596,2,0
26,163.545,115.052,2,0
27,516.121,200.192,2,0
28,422.316,102.957,2,0
29,380.308,91.3197,2,0
30,280.389,56.9872,2,0
31,138.795,228.985,2,0
32,9.85261,169.753,2,0
33,286.618,63.2163,2,0
34,577.365,19.6799,2,0
35,398.25,39.1416,2,0
36,335.442,196.51,2,0
37,83.3819,243.846,2,0
38,114.072,197.838,2,0
39,322.359,180.244,2,0
40,594.381,98.1394,2,0
41,61.2357,64.3913,2,0
42,397.055,102.709,2,0
43,86.7322,233.79,2,0
44,241.935,145.378,2,0
45,332.303,139.796,2,0
46,311.414,133.325,2,0
47,408.149,97.5829,2,0
48,135.279,190.363,2,0
49,175.915,127.843,2,0
50,147.986,179.64,2,0
51,401.021,16.0803,2,0
52,151.735,181.164,2,0
53,362.562,91.5994,2,0
54,407.846,44.2164,2,0
55,361.965,210.5,2,0
56,432.585,106.36,2,0
57,339.189,50.273,2,0
58,63.0208,134.419,2,0
59,168.624,147.966,2,0
60,20.6085,108.903,2,0
61,306.455,138.991,2,0
62,73.7906,94.0998,2,0
63,556.642,171.514,2,0
64,511.895,263.589,2,0
65,255.881,259.289,2,0
66,67.4765,45.0129,2,0
67,328.122,137.335,2,0
68,596.905,142.564,2,0
69,151.064,5.69905,2,0
70,383.058,101.629,2,0
71,512.387,122.557,2,0
72,63.0477,5.50544,2,0
73,0.7524,141.966,2,0
74,216.896,62.2619,2,0
75,537.05,260.516,2,0
76,137.528,156.395,2,0
77,9.48494,231.01,2,0
78,285.618,49.5565,2,0
79,63.414,265.168,2,0
80,510.947,270.706,2,0
81,197.14,2,2,0
82,116.066,265.797,2,0
83,26.0457,290.952,2,0
84,532.462,172.256,2,0
85,68.9271,51.8528,2,0
86,17.6801,269.807,2,0
87,425.285,231.002,2,0
88,232.862,51.4936,2,0
89,387.495,142.728,2,0
90,223.519,146.955,2,0
91,53.4663,33.2735,2,0
92,70.5015,298,2,0
93,388.546,138.719,2,0
94,337.104,162.994,2,0
95,131.349,255.313,2,0
96,419.412,12.504,2,0
97,109.464,183.017,2,0
98,506.298,236.403,2,0
99,494.98,286.598,2,0
100,329.27,88.505,2,0
101,521.27,244.344,2,0
102,140.88,262.443,2,0
103,365.361,130.026,2,0
104,286.778,101.579,2,0
105,162.307,122.059,2,0
106,211.218,5.51661,2,0
107,488.026,118.036,2,0
108,135.242,127.603,2,0
109,211.574,180.033,2,0
110,9.91561,235.001,2,0
111,117.138,59.165,2,0
112,300.093,298,2,0
113,66.682,175.328,2,0
114,331.29,213.636,2,0
115,587.719,185.712,2,0
116,182.457,91.7958,2,0
117,336.333,130.962,2,0
118,213.307,286.471,2,0
119,249.033,222.292,2,0
120,388.678,79.648,2,0
121,274.319,103.239,2,0
122,1.48314,291.043,2,0
123,326.366,180.279,2,0
124,167.019,215.345,2,0
125,109.571,212.148,2,0
126,59.6796,7.71238,2,0
127,90.4129,269.32,2,0
128,47.7938,60.1828,2,0
129,439.533,44.034,2,0
130,50.1929,291.029,2,0
131,14.7865,50.5439,2,0
132,30.6878,96.2473,2,0
133,53.4587,181.162,2,0
134,384.866,31.8253,2,0
135,246.552,239.466,2,0
136,364.586,144.908,2,0
137,445.683,283.976,2,0
138,567.204,37.2999,2,0
139,207.759,235.501,2,0
140,11.5811,294.442,2,0
141,396.779,298,2,0
142,14.2339,113.855,2,0
143,320.89,94.296,2,0
144,575.289,16.0059,2,0
145,89.0549,45.5856,2,0
146,257.659,171.242,2,0
147,481.648,203.06,2,0
148,101.75,100.999,2,0
149,435.409,280.374,2,0
150,256.053,97.0473,2,0
151,545.829,224.2,2,0
152,145.532,2,2,0
153,239.831,247.73,2,0
154,88.4225,91.5087,2,0
155,99.0043,89.8082,2,0
156,356.436,180.013,2,0
157,427.051,134.179,2,0
158,20.5806,170.608,2,0
159,303.347,115.28,2,0
160,279.583,6.25696,2,0
161,425.316,276.66,2,0
162,450.829,25.8349,2,0
163,207.72,283.542,2,0
164,50.3173,52.338,2,0
165,37.9184,2,2,0
166,308.04,66.1366,2,0
167,275.525,46.9534,2,0
168,433.06,102.313,2,0
169,115.111,125.317,2,0
170,103.111,162.602,2,0
171,499.763,279.904,2,0
172,528.98,146.202,2,0
173,228.669,75.9956,2,0
174,67.8671,145.014,2,0
175,578.986,145.556,2,0
176,218.643,240.826,2,0
177,473.468,130.918,2,0
178,302.098,287.38,2,0
179,545.403,195.036,2,0
180,18.7382,98.364,2,0
181,529.041,60.0228,2,0
182,515.598,153.034,2,0
183,227.572,79.8661,2,0
184,257.251,58.5801,2,0
185,555.102,211.191,2,0
186,396.135,76.1867,2,0
187,432.26,228.862,2,0
188,317.251,154.642,2,0
189,472.054,160.697,2,0
190,149.169,65.9753,2,0
191,22.8429,47.5888,2,0
192,186.948,209.163,2,0
193,28.8759,181.987,2,0
194,199.022,284.011,2,0
195,457.515,80.4058,2,0
196,13.7415,2,2,0
197,254.178,4.63044,2,0
198,491.698,279.042,2,0
199,370.317,164.983,2,0
200,33.2262,33.4506,2,0
201,497.482,153.324,2,0
202,197.144,108.47,2,0
203,235.045,176.952,2,0
204,530.324,81.4399,2,0
205,225.188,168.404,2,0
206,506.255,277.17,2,0
207,391.286,259.97,2,0
208,323.908,62.6362,2,0
209,413.139,169.824,2,0
210,130.231,16.3116,2,0
211,364.941,283.29,2,0
212,95.5614,5.56618,2,0
213,497.766,211.814,2,0
214,41.8703,126.681,2,0
215,469.841,16.6015,2,0
216,277.559,165.783,2,0
217,408.771,130.741,2,0
218,287.971,212.406,2,0
219,434.431,199.832,2,0
220,575.306,143.703,2,0
221,428.953,158.263,2,0
222,233.902,203.15,2,0
223,224.177,208.4,2,0
224,24.0819,78.4914,2,0
225,93.9361,242.098,2,0
226,8.91687,82.5032,2,0
227,318.094,37.3304,2,0
228,474.62,34.6683,2,0
229,563.678,63.0063,2,0
230,540.821,74.3363,2,0
231,471.888,2,2,0
232,539.105,142.549,2,0
233,172.459,230.667,2,0
234,496.501,272.445,2,0
235,289.945,172.652,2,0
236,40.5433,221.674,2,0
237,129.005,246.363,2,0
238,124.117,55.1868,2,0
239,249.606,21.9243,2,0
240,125.901,9.09631,2,0
241,105.934,122.138,2,0
242,490.99,131.909,2,0
243,40.0323,5.5202,2,0
244,79.4376,5.59708,2,0
245,142.658,227.598,2,0
246,338.611,87.7487,2,0
247,415.214,47.6674,2,0
248,362.415,101.582,2,0
249,591.84,209.899,2,0
250,296.289,79.2592,2,0
251,30.7193,39.5159,2,0
252,207.334,254.402,2,0
253,55.801,58.3291,2,0
254,210.096,100.655,2,0
255,151.491,28.6329,2,0
256,225.479,2,2,0
257,335.221,50.515,2,0
258,83.4582,239.778,2,0
259,298.313,28.3909,2,0
260,373.197,90.7436,2,0
261,106.523,61.2807,2,0
262,516.443,298,2,0
263,514.777,43.7321,2,0
264,116.396,239.904,2,0
265,85.5863,284.397,2,0
266,501.936,178.881,2,0
267,30.4525,10.7908,2,0
268,58.2652,298,2,0
269,95.4882,87.7127,2,0
270,467.88,89.1358,2,0
271,532.415,33.6131,2,0
272,77.4908,175.996,2,0
273,446.124,5.51792,2,0
274,175.318,91.8759,2,0
275,446.183,172.384,2,0
276,485.616,166.432,2,0
277,27.4697,64.0186,2,0
278,182.626,9.37055,2,0
279,348.538,25.4706,2,0
280,70.4726,176.919,2,0
281,366.901,298,2,0
282,526.666,273.068,2,0
283,356.659,249.238,2,0
284,294.82,145.531,2,0
285,392.489,233.003,2,0
286,394.221,39.0416,2,0
287,56.802,43.3619,2,0
288,201.872,248.07,2,0
289,99.9957,208.762,2,0
290,138.685,251.905,2,0
291,546.647,33.3635,2,0
292,210.168,187.526,2,0
293,430.373,255.818,2,0
294,476.199,69.9568,2,0
295,514.841,23.5512,2,0
296,277.599,193.958,2,0
297,52.3497,80.6505,2,0
298,537.222,271.327,2,0
299,293.76,193.9,2,0
300,56.3033,79.7888,2,0
301,594.073,27.7747,2,0
302,253.114,69.3861,2,0
303,362.948,298,2,0
304,159.193,224.674,2,0
305,23.6336,229.697,2,0
306,45.3885,128.581,2,0
307,449.831,276.965,2,0
308,282.564,102.05,2,0
309,164.637,147.409,2,0
310,122.204,173.095,2,0
311,245.256,66.9129,2,0
312,489.247,283.348,2,0
313,477.302,80.8404,2,0
314,572.51,169.112,2,0
315,188.284,26.8207,2,0
316,413.944,231.58,2,0
317,506.638,43.9176,2,0
318,573.537,83.541,2,0
319,444.399,153.89,2,0
320,102.936,63.3469,2,0
321,134.933,287.785,2,0
322,285.128,15.2023,2,0
323,96.3241,114.758,2,0
324,517.83,237.684,2,0
325,475.691,77.076,2,0
326,210.338,265.065,2,0
327,335.06,57.785,2,0
328,217.778,228.624,2,0
329,583.256,2,2,0
330,550.919,2,2,0
331,94.0527,267.396,2,0
332,299.306,115.4,2,0
333,509.653,154.446,2,0
334,426.07,97.3751,2,0
335,189.016,67.3989,2,0
336,31.93,266.228,2,0
337,104.68,240.827,2,0
338,273.221,200.816,2,0
339,424.199,73.1006,2,0
340,417.782,58.5165,2,0
341,451.277,202.46,2,0
342,191.283,236.368,2,0
343,392.511,123.417,2,0
344,116.942,163.59,2,0
345,16.5805,108.905,2,0
346,215.875,163.875,2,0
347,56.4193,273.659,2,0
348,198.033,61.7541,2,0
349,397.549,147.199,2,0
350,151.989,123.263,2,0
351,534.522,226.674,2,0
352,599.579,173.009,2,0
353,576.707,120.864,2,0
354,111.025,19.7361,2,0
355,109.723,149.24,2,0
356,440.77,239.872,2,0
357,270.776,103.713,2,0
358,299.764,276.876,2,0
359,172.305,137.805,2,0
360,59.3511,93.6363,2,0
361,411.405,19.5125,2,0
362,518.475,2,2,0
363,310.369,239.484,2,0
364,145.265,132.236,2,0
365,355.174,2,2,0
366,269.807,236.829,2,0
367,523.146,220.798,2,0
368,133.133,290.956,2,0
369,294.944,83.1226,2,0
370,499.753,54.0924,2,0
371,580.413,122.819,2,0
372,437.047,206.501,2,0
373,203.813,76.0354,2,0
374,30.2992,47.4333,2,0
375,320.158,197.936,2,0
376,66.3752,116.098,2,0
377,269.361,70.3233,2,0
378,6.27309,233.206,2,0
379,81.2066,177.52,2,0
380,152.729,59.9458,2,0
381,466.453,234.662,2,0
382,455.002,236.839,2,0
383,495.185,60.7527,2,0
384,108.429,240.453,2,0
385,21.4947,178.689,2,0
386,307.08,218.638,2,0
387,425.405,290.916,2,0
388,548.78,202.955,2,0
389,357.415,270.834,2,0
390,192.982,89.8717,2,0
391,441.054,122.742,2,0
392,579.286,80.3986,2,0
393,7.19928,210.812,2,0
394,265.79,12.7669,2,0
395,532.071,93.1161,2,0
396,56.9243,248.699,2,0
397,317.236,23.2558,2,0
398,549.091,35.3931,2,0
399,180.407,232.315,2,0
400,49.4553,33.662,2,0
401,268.035,110.186,2,0
402,89.7552,55.3334,2,0
403,183.173,181.008,2,0
404,547.075,287.065,2,0
405,253.559,294.478,2,0
406,148.822,232.672,2,0
407,507.301,282.554,2,0
408,333.994,29.32,2,0
409,292.012,58.5195,2,0
410,536.422,111.126,2,0
411,145.739,63.8504,2,0
412,580.895,278.595,2,0
413,424.478,261.543,2,0
414,305.616,24.9748,2,0
415,559.942,162.701,2,0
416,181.962,99.5037,2,0
417,471.868,195.678,2,0
418,289.526,76.9062,2,0
419,52.2587,116.262,2,0
420,479.92,141.351,2,0
421,290.451,209.29,2,0
422,59.2899,29.0536,2,0
423,462.005,291.029,2,0
424,483.581,113.099,2,0
425,316.271,41.012,2,0
426,243.33,8.49042,2,0
427,182.408,87.7334,2,0
428,597.734,29.7866,2,0
429,62.8846,118.219,2,0
430,505.078,79.0848,2,0
431,378.517,23.5148,2,0
432,287.827,183.29,2,0
433,154.56,131.685,2,0
434,84.0011,51.594,2,0
435,429.263,18.6423,2,0
436,279.727,241.331,2,0
437,396.618,31.2559,2,0
438,597.982,42.0403,2,0
439,560.489,92.2078,2,0
440,207.551,70.005,2,0
441,20.4494,201.254,2,0
442,167.065,55.8974,2,0
443,79.5556,257.963,2,0
444,42.0165,143.014,2,0
445,577.431,83.8618,2,0
446,46.8881,186.008,2,0
447,501.551,153.831,2,0
448,487.884,21.4424,2,0
449,305.752,111.086,2,0
450,92.954,112.241,2,0
451,502.177,276.763,2,0
452,311.144,90.4159,2,0
453,181.737,35.2925,2,0
454,183.731,260.488,2,0
455,196.701,75.6892,2,0
456,321.875,289.04,2,0
457,113.46,73.3912,2,0
458,249.029,60.0271,2,0
459,479.463,52.5958,2,0
460,141.967,69.7902,2,0
461,521.283,66.2734,2,0
462,132.147,115.098,2,0
463,221.104,248.182,2,0
464,256.478,203.399,2,0
465,338.154,280.275,2,0
466,534.308,190.173,2,0
467,213.097,218.857,2,0
468,106.227,185.27,2,0
469,257.612,113.177,2,0
470,537.507,282.096,2,0
471,320.525,101.331,2,0
472,500.783,40.0504,2,0
473,489.293,164.912,2,0
474,247.819,167.308,2,0
475,102.593,140.979,2,0
476,512.608,189.802,2,0
477,336.99,46.9397,2,0
478,449.394,79.8315,2,0
479,58.402,283.97,2,0
480,6.12337,168.296,2,0
481,264.584,146.66,2,0
482,419.439,294.383,2,0
483,112.835,218.451,2,0
484,59.2187,99.7895,2,0
485,314.733,68.2775,2,0
486,20.6663,236.202,2,0
487,138.762,55.4447,2,0
488,220.816,60.4856,2,0
489,422.147,153.711,2,0
490,229.529,49.3194,2,0
491,314.204,287.334,2,0
492,368.135,132.938,2,0
493,407.032,280.399,2,0
494,75.5394,100.964,2,0
495,201.992,144.007,2,0
496,547.971,72.8916,2,0
497,183.863,5.55555,2,0
498,41.802,202.879,2,0
499,367.623,258.325,2,0
500,519.714,189.95,2,0
501,250.999,121.92,2,0
502,590.97,280.675,2,0
503,546.02,140.678,2,0
504,105.726,2,2,0
505,393.687,100.521,2,0
506,23.354,64.1929,2,0
507,593.896,186.046,2,0
508,54.2405,40.2722,2,0
509,236.604,28.6274,2,0
510,568.712,76.7959,2,0
511,285.396,215.52,2,0
512,176.391,289.044,2,0
513,445.328,185.29,2,0
514,263.588,142.823,2,0
515,144.253,13.44,2,0
516,466.369,65.8729,2,0
517,158.349,262.934,2,0
518,327.886,61.6722,2,0
519,404.99,276.817,2,0
520,116.878,228.848,2,0
521,596.314,108.656,2,0
522,152.122,134.985,2,0
523,239.475,239.687,2,0
524,469.203,293.975,2,0
525,172.614,148.604,2,0
526,498.64,176.463,2,0
527,573.431,214.166,2,0
528,532.089,9.36528,2,0
529,93.2647,275.717,2,0
530,356.973,281.39,2,0
531,68.0905,288.133,2,0
532,494.837,268.752,2,0
533,55.5742,102.066,2,0
534,71.3917,33.7123,2,0
535,301.949,193.961,2,0
536,412.992,276.078,2,0
537,228.58,101.366,2,0
538,561.291,144.953,2,0
539,419.16,280.214,2,0
540,113.301,210.267,2,0
541,568.029,287.508,2,0
542,165.297,262.9,2,0
543,548.419,163.136,2,0
544,295.365,6.00059,2,0
545,236.123,242.007,2,0
546,430.617,37.1027,2,0
547,250.077,200.846,2,0
548,59.1223,104,2,0
549,92.4991,283.477,2,0
550,126.691,265.32,2,0
551,152.651,76.1699,2,0
552,116.545,185.188,2,0
553,329.783,273.462,2,0
554,589.468,139.548,2,0
555,578.023,90.985,2,0
556,86.1306,48.1024,2,0
557,33.7862,160.462,2,0
558,158.756,99.3077,2,0
559,123.027,103.744,2,0
560,234.741,92.5273,2,0
561,329.96,67.9477,2,0
562,110.992,195.144,2,0
563,270.645,66.64,2,0
564,399.149,168.344,2,0
565,146.167,24.3771,2,0
566,12.5882,108.74,2,0
567,587.201,294.547,2,0
568,595.362,9.04007,2,0
569,453.389,221.197,2,0
570,370.965,110.371,2,0
571,38.49,145.134,2,0
572,472.402,134.748,2,0
573,591.688,231,2,0
574,80.1077,196.221,2,0
575,503.411,20.4854,2,0
576,402.771,166.799,2,0
577,290.284,118.662,2,0
578,173.487,15.3901,2,0
579,510.751,83.9732,2,0
580,44.8118,96.0835,2,0
581,438.996,111.323,2,0
582,84.7026,93.4544,2,0
583,343.426,221.875,2,0
584,158.672,287.482,2,0
585,535.641,247.186,2,0
586,87.1026,160.791,2,0
587,111.706,272.402,2,0
588,277.599,280.239,2,0
589,192.368,101.821,2,0
590,586.2,91.0058,2,0
591,295.737,277.108,2,0
592,182.141,131.967,2,0
593,407.808,253.484,2,0
594,88.5298,277.076,2,0
595,189.492,79.5483,2,0
596,205.729,122.106,2,0
597,209.907,60.9297,2,0
598,325.9,54.7563,2,0
599,239.244,76.7778,2,0
600,10.006,204.501,2,0
601,110.29,116.639,2,0
602,533.562,198.297,2,0
603,533.458,121.504,2,0
604,559.016,81.329,2,0
605,213.551,129.353,2,0
606,465.877,151.813,2,0
607,181.389,149.363,2,0
608,61.8159,192.405,2,0
609,51.161,191.565,2,0
610,440.871,190.963,2,0
611,392.605,194.18,2,0
612,153.153,43.4886,2,0
613,7.88164,133.723,2,0
614,539.614,257.494,2,0
615,253.476,23.2747,2,0
616,374.034,82.4365,2,0
617,364.577,231.783,2,0
618,91.8901,207.21,2,0
619,128.88,130.495,2,0
620,280.923,105.842,2,0
621,397.446,250.081,2,0
622,370.879,50.3086,2,0
623,494.446,43.006,2,0
624,447.988,236.224,2,0
625,359.465,257.004,2,0
626,431.64,29.0017,2,0
627,574.628,218.008,2,0
628,261.63,149.495,2,0
629,502.333,174.867,2,0
630,269.328,165.981,2,0
631,324.783,135.085,2,0
632,160.666,167.871,2,0
633,427.433,34.6965,2,0
634,437.89,12.5118,2,0
635,151.134,177.146,2,0
636,592.11,122.8,2,0
637,462.848,120.432,2,0
638,394.675,144.311,2,0
639,285.514,52.2176,2,0
640,298.104,224.507,2,0
641,503.683,243.776,2,0
642,196.931,277.043,2,0
643,312.319,176.538,2,0
644,498.192,188.549,2,0
645,234.273,81.8377,2,0
646,139.376,168.455,2,0
647,542.986,98.4956,2,0
648,523.147,216.793,2,0
649,482.034,105.057,2,0
650,458.008,159.343,2,0
651,265.985,226.681,2,0
652,509.747,97.3572,2,0
653,598.302,138.8,2,0
654,328.451,197.687,2,0
655,154.896,178.624,2,0
656,131.814,154.568,2,0
657,254.07,147.127,2,0
658,99.4147,53.1954,2,0
659,349.34,77.9944,2,0
660,360.98,260.703,2,0
661,165.584,27.8984,2,0
662,343.015,184.255,2,0
663,264.802,132.597,2,0
664,404.53,250.924,2,0
665,559.129,199.14,2,0
666,451.032,158.55,2,0
667,108.894,290.987,2,0
668,395.208,260.807,2,0
669,502.507,254.915,2,0
670,466.191,266.38,2,0
671,199.016,298,2,0
672,134.005,9.04382,2,0
673,439.535,107.334,2,0
674,194.92,28.9609,2,0
675,134.502,134.648,2,0
676,292.312,160.551,2,0
677,421.909,106.887,2,0
678,90.2607,105.817,2,0
679,361.949,12.641,2,0
680,189.015,109.174,2,0
681,265.873,136.085,2,0
682,218.088,232.66,2,0
683,345.852,21.6157,2,0
684,556.096,107.604,2,0
685,326.992,159.234,2,0
686,492.317,86.047,2,0
687,322.199,247.822,2,0
688,55.8763,36.5752,2,0
689,367.798,53.0163,2,0
690,81.8064,67.1672,2,0
691,596.701,179.571,2,0
692,490.146,92.7423,2,0
693,146.232,248.932,2,0
694,353.631,217.307,2,0
695,205.858,60.6502,2,0
696,546.578,17.0005,2,0
697,512.136,276,2,0
698,518.773,282.648,2,0
699,207.615,64.8312,2,0
700,95.9202,26.2197,2,0
701,526.64,294.613,2,0
702,122.807,243.19,2,0
703,165.78,287.383,2,0
704,447.531,43.5064,2,0
705,84.8065,165.886,2,0
706,392.048,237.096,2,0
707,307.526,43.894,2,0
708,189.461,274.361,2,0
709,315.321,2,2,0
710,135.108,230.565,2,0
711,377.741,137.981,2,0
712,591.367,79.4567,2,0
713,593.4,283.97,2,0
714,30.6561,228.989,2,0
715,62.5231,102.059,2,0
716,599.464,16.1627,2,0
717,333.727,188.518,2,0
718,494.45,139.214,2,0
719,341.986,250.71,2,0
720,284.246,98.5408,2,0
721,173.798,2,2,0
722,295.942,213.756,2,0
723,546.818,9.06088,2,0
724,229.936,144.113,2,0
725,497.023,161.743,2,0
726,243.483,298,2,0
727,444.132,9.07495,2,0
728,116.871,87.419,2,0
729,134.062,102.933,2,0
730,45.431,132.734,2,0
731,195.116,298,2,0
732,202.636,31.7351,2,0
733,471.093,27.3298,2,0
734,591.916,71.17,2,0
735,203.082,5.50562,2,0
736,395.337,70.0062,2,0
737,367.119,67.7781,2,0
738,105.32,269.706,2,0
739,271.842,62.6666,2,0
740,595.501,2,2,0
741,32.554,214.256,2,0
742,29.8497,276.915,2,0
743,534.265,81.848,2,0
744,201.41,244.101,2,0
745,433.392,283.82,2,0
746,30.9182,233.142,2,0
747,369.977,175.811,2,0
748,154.573,92.6487,2,0
749,359.922,278.46,2,0
750,403.091,262.831,2,0
751,441.087,249.467,2,0
752,20.7307,130.863,2,0
753,581.597,274.572,2,0
754,505.878,96.3317,2,0
755,404.875,63.7342,2,0
756,15.06,57.6309,2,0
757,267.075,35.0711,2,0
758,357.936,142.813,2,0
759,200.471,73.8094,2,0
760,48.5567,81.9711,2,0
761,241.484,42.9681,2,0
762,211.756,282.658,2,0
763,469.433,185.217,2,0
764,421.027,123.481,2,0
765,468.83,158.356,2,0
766,178.175,55.9096,2,0
767,548.667,115.052,2,0
768,470.121,232.896,2,0
769,405.223,23.0672,2,0
770,360.193,80.9897,2,0
771,444.108,242.219,2,0
772,438.735,194.31,2,0
773,41.6602,114.516,2,0
774,72.8214,249.618,2,0
775,207.4,199.543,2,0
776,117.118,63.1747,2,0
777,254.188,200.159,2,0
778,309.532,73.0021,2,0
779,186.954,298,2,0
780,231.803,188.688,2,0
781,125.964,174.596,2,0
782,184.892,151.23,2,0
783,459.669,44.2144,2,0
784,592.534,160.867,2,0
785,557.141,98.5315,2,0
786,215.815,94.2387,2,0
787,275.013,92.5457,2,0
788,163.348,74.0216,2,0
789,176.246,163.333,2,0
790,437.703,298,2,0
791,469.03,189.138,2,0
792,52.3792,124.402,2,0
793,201.661,216.721,2,0
794,343.434,173.444,2,0
795,523.099,204.491,2,0
796,574.363,165.524,2,0
797,427.309,198.897,2,0
798,499.109,27.363,2,0
799,468.868,30.651,2,0
800,189.818,232.639,2,0
801,505.627,127.006,2,0
802,344.403,97.6557,2,0
803,263.204,234.259,2,0
804,287.627,200.744,2,0
805,592.1,153.871,2,0
806,57.7869,86.7734,2,0
807,203.18,100.368,2,0
808,159.74,76.073,2,0
809,408.044,48.1807,2,0
810,480.495,38.5831,2,0
811,585.177,193.333,2,0
812,586.67,262.513,2,0
813,273.615,274.32,2,0
814,76.5591,151.312,2,0
815,163.355,65.9603,2,0
816,232.05,23.4012,2,0
817,523.694,140.238,2,0
818,321.105,136.813,2,0
819,429.943,150.3,2,0
820,559.961,294.553,2,0
821,192.694,185.568,2,0
822,333.739,274.911,2,0
823,212.29,64.162,2,0
824,387.654,168.636,2,0
825,525.374,29.5612,2,0
826,319.214,205.469,2,0
827,184.431,38.3839,2,0
828,63.7391,145.402,2,0
829,499.738,103.063,2,0
830,288.17,150.312,2,0
831,481.254,56.2817,2,0
832,34.2646,230.774,2,0
833,140.215,20.5162,2,0
834,378.337,148.594,2,0
835,65.2755,63.6059,2,0
836,419.86,201.924,2,0
837,539.622,66.2008,2,0
838,404.699,130.452,2,0
839,327.535,145.451,2,0
840,396.939,283.878,2,0
841,105.853,90.1482,2,0
842,549.901,141.825,2,0
843,569.058,208.819,2,0
844,492.257,256.354,2,0
845,392.885,32.5498,2,0
846,455.893,184.427,2,0
847,287.495,29.5387,2,0
848,2.45007,105.233,2,0
849,70.0937,122.102,2,0
850,483.091,238.538,2,0
851,121.68,41.0342,2,0
852,336.112,109.766,2,0
853,267.296,283.025,2,0
854,561.528,132.264,2,0
855,581.264,183.031,2,0
856,439.646,164.176,2,0
857,145.913,51.5797,2,0
858,591.231,287.487,2,0
859,180.362,39.2341,2,0
860,520.399,142.478,2,0
861,8.9999,161.858,2,0
862,452.291,146.472,2,0
863,502.076,226.602,2,0
864,561.419,265.463,2,0
865,192.012,15.0462,2,0
866,482.467,90.3498,2,0
867,234.302,35.3211,2,0
868,464.062,269.901,2,0
869,263.106,277.324,2,0
870,501.295,77.8581,2,0
871,576.533,239.579,2,0
872,383.475,39.0807,2,0
873,341.435,14.8368,2,0
874,506.242,232.306,2,0
875,598.583,75.8614,2,0
876,176.724,261.873,2,0
877,594.213,36.1087,2,0
878,468.593,62.427,2,0
879,161.923,277.341,2,0
880,540.495,289.711,2,0
881,388.166,248.055,2,0
882,110.893,287.559,2,0
883,591.203,83.5816,2,0
884,580.215,198.23,2,0
885,238.5,190.639,2,0
886,173.597,26.2002,2,0
887,112.188,264.874,2,0
888,259.958,166.606,2,0
889,258.649,267.635,2,0
890,184.156,61.2713,2,0
891,206.583,162.122,2,0
892,219.822,92.8426,2,0
893,211.115,176.171,2,0
894,281.374,214.971,2,0
895,501.469,209.961,2,0
896,277.229,276.171,2,0
897,361.024,286.621,2,0
898,493.222,32.3698,2,0
899,435.603,218.564,2,0
900,116.78,247.005,2,0
901,396.715,72.2385,2,0
902,60.4179,287.34,2,0
903,433.595,94.3728,2,0
904,476.493,151.133,2,0
905,217.402,8.99447,2,0
906,100.84,250.27,2,0
907,574.524,190.329,2,0
908,388.256,160.051,2,0
909,191.374,7.62758,2,0
910,62.1775,222.989,2,0
911,398.984,237.887,2,0
912,512.606,223.091,2,0
913,549.64,284.002,2,0
914,3.84359,134.427,2,0
915,66.4174,124.214,2,0
916,70.6451,67.3968,2,0
917,540.452,161.168,2,0
918,41.8231,118.476,2,0
919,66.3577,298,2,0
920,188.528,153.188,2,0
921,213.021,278.768,2,0
922,225.335,236.304,2,0
923,344.15,188.112,2,0
924,455.632,2,2,0
925,14.3078,136.49,2,0
926,573.529,110.45,2,0
927,318.151,194.306,2,0
928,489.082,214.804,2,0
929,299.783,197.467,2,0
930,592.312,108.62,2,0
931,370.056,88.332,2,0
932,493.266,282.746,2,0
933,448.38,140.094,2,0
934,183.721,245.833,2,0
935,110.616,32.4283,2,0
936,520.412,5.44541,2,0
937,437.625,202.391,2,0
938,452.201,2,2,0
939,564.226,259.021,2,0
940,413.451,235.646,2,0
941,13.4987,157.9,2,0
942,158.995,142.995,2,0
943,339.915,269.612,2,0
944,219.616,33.9697,2,0
945,293.183,54.6165,2,0
946,42.7097,180.315,2,0
947,334.466,106.073,2,0
948,510.343,147.357,2,0
949,400.598,123.524,2,0
950,580.883,175.716,2,0
951,162.23,111.236,2,0
952,106.467,169.997,2,0
953,584.901,70.83,2,0
954,525.354,250.114,2,0
955,68.5798,98.914,2,0
956,575.526,44.1465,2,0
957,88.5996,164.565,2,0
958,8.69059,94.6932,2,0
959,212.876,105.924,2,0
960,445.765,265.701,2,0
961,139.754,27.5792,2,0
962,329.19,155.848,2,0
963,202.462,266.58,2,0
964,245.396,280.428,2,0
965,310.43,165.948,2,0
966,34.0069,2,2,0
967,42.118,9.03306,2,0
968,446.665,58.6416,2,0
969,27.0977,82.0393,2,0
970,237.435,194.556,2,0
971,118.389,109.756,2,0
972,88.7948,67.2104,2,0
973,196.276,273.14,2,0
974,5.38256,225.251,2,0
975,95.2807,122.845,2,0
976,230.69,192.563,2,0
977,83.1508,256.189,2,0
978,440.794,152.125,2,0
979,352.99,122.083,2,0
980,171.79,85.97,2,0
981,484.638,242.322,2,0
982,83.4261,226.489,2,0
983,258.067,228.042,2,0
984,228.991,133.448,2,0
985,189.524,91.8151,2,0
986,250.481,218.492,2,0
987,201.09,287.414,2,0
988,95.0479,198.617,2,0
989,193.803,196.238,2,0
990,173.956,209.064,2,0
991,589.515,241.614,2,0
992,565.861,158.809,2,0
993,126.637,160.189,2,0
994,508.77,116.663,2,0
995,487.193,260.259,2,0
996,242.393,225.54,2,0
997,520.479,146.515,2,0
998,6.09395,119.644,2,0
999,444.392,97.7611,2,0
1000,254.36,217.858,2,0
1001,599.127,169.07,2,0
1002,442.448,270.485,2,0
1003,160.45,11.0028,2,0
1004,120.599,57.0662,2,0
1005,424.119,166.759,2,0
1006,530.68,294.518,2,0
1007,373.559,242.765,2,0
1008,147.391,128.721,2,0
1009,13.8503,298,2,0
1010,1.19546,27.7899,2,0
1011,353.556,23.287,2,0
1012,222.2,242.641,2,0
1013,518.763,271.863,2,0
1014,81.4308,208.355,2,0
1015,309.727,150.396,2,0
1016,15.785,191.647,2,0
1017,123.007,294.561,2,0
1018,154.978,4.95963,2,0
1019,381.713,264.719,2,0
1020,562.042,91.6144,2,0
1021,546.176,248.515,2,0
1022,516.019,204.331,2,0
1023,85.6385,32.7819,2,0
1024,349.125,193.48,2,0
1025,38.6794,266.327,2,0
1026,82.7334,271.221,2,0
1027,548.149,280.23,2,0
1028,393.744,148.27,2,0
1029,308.799,226.935,2,0
1030,86.7501,250.059,2,0
1031,115.709,159.768,2,0
1032,495.481,29.1222,2,0
1033,431.512,75.5729,2,0
1034,428.78,213.598,2,0
1035,130.783,259.378,2,0
1036,265.859,56.5482,2,0
1037,508.598,72.4012,2,0
1038,318.32,56.7179,2,0
1039,484.304,178.682,2,0
1040,305.71,261.562,2,0
1041,169.884,223.117,2,0
1042,63.8825,56.7082,2,0
1043,452.667,182.04,2,0
1044,346.944,151.819,2,0
1045,245.801,20.7718,2,0
1046,522.624,287.416,2,0
1047,276.622,150.23,2,0
1048,443.543,161.956,2,0
1049,1.02557,159.593,2,0
1050,473.882,83.8343,2,0
1051,43.6932,219.07,2,0
1052,312.261,76.0217,2,0
1053,547.961,173.01,2,0
1054,115.122,43.6978,2,0
1055,495.835,125.402,2,0
1056,20.8567,139.007,2,0
1057,389.293,66.5485,2,0
1058,400.689,130.649,2,0
1059,124.977,246.524,2,0
1060,37.8911,100.3,2,0
1061,501.836,191.072,2,0
1062,266.872,31.0273,2,0
1063,275.872,298,2,0
1064,396.554,123.577,2,0
1065,109.853,261.632,2,0
1066,356.579,146.635,2,0
1067,576.517,168.949,2,0
1068,33.8168,226.524,2,0
1069,288.848,13.4905,2,0
1070,465.36,155.855,2,0
1071,382.642,105.837,2,0
1072,486.86,267.912,2,0
1073,51.3063,222.242,2,0
1074,130.38,263.743,2,0
1075,95.8439,67.4068,2,0
1076,156.962,117.538,2,0
1077,165.346,266.923,2,0
1078,528.396,243.57,2,0
1079,92.5552,164.842,2,0
1080,437.707,72.2831,2,0
1081,103.586,12.476,2,0
1082,1.50646,284.029,2,0
1083,50.346,276.932,2,0
1084,250.279,109.827,2,0
1085,401.628,145.856,2,0
1086,24.1674,167.223,2,0
1087,476.39,114.814,2,0
1088,74.8012,283.615,2,0
1089,345.901,215.225,2,0
1090,238.631,262.299,2,0
1091,170.463,62.0261,2,0
1092,193.263,180.935,2,0
1093,445.775,298,2,0
1094,478.954,108.045,2,0
1095,459.217,51.231,2,0
1096,139.653,145.659,2,0
1097,214.643,153.194,2,0
1098,446.205,177.079,2,0
1099,489.721,145.761,2,0
1100,455.865,269.539,2,0
1101,580.6,110.727,2,0
1102,406.988,294.568,2,0
1103,76.751,235.124,2,0
1104,246.465,5.94982,2,0
1105,428.809,12.7872,2,0
1106,13.649,290.967,2,0
1107,103.492,273.173,2,0
1108,57.8732,217.343,2,0
1109,307.295,126.1,2,0
1110,532.421,49.7723,2,0
1111,250.888,45.3725,2,0
1112,370.688,255.802,2,0
1113,415.399,219.516,2,0
1114,22.4431,35.538,2,0
1115,138.428,67.5094,2,0
1116,379.94,19.9191,2,0
1117,356.839,294.484,2,0
1118,397.774,180.497,2,0
1119,379.244,107.98,2,0
1120,487.091,157.455,2,0
1121,88.7342,71.2368,2,0
1122,229.504,259.503,2,0
1123,455.102,152.84,2,0
1124,64.2095,78.1378,2,0
1125,184.463,264.538,2,0
1126,132.274,197.482,2,0
1127,517.501,267.142,2,0
1128,233.103,85.678,2,0
1129,123.665,95.6364,2,0
1130,86.2678,273.266,2,0
1131,294.265,234.507,2,0
1132,329.404,224.207,2,0
1133,354.002,172.277,2,0
1134,343.365,101.702,2,0
1135,279.742,190.445,2,0
1136,221.977,238.604,2,0
1137,71.3181,137.722,2,0
1138,414.843,119.916,2,0
1139,11.7638,133.168,2,0
1140,226.63,136.708,2,0
1141,232.368,199.529,2,0
1142,312.534,94.1094,2,0
1143,337.241,156.009,2,0
1144,98.7172,294.545,2,0
1145,41.8577,268.653,2,0
1146,15.7464,47.8598,2,0
1147,330.627,294.559,2,0
1148,361.009,238.532,2,0
1149,564.733,77.2336,2,0
1150,465.811,186.852,2,0
1151,583.937,265.468,2,0
1152,496.894,135.938,2,0
1153,25.7266,21.3914,2,0
1154,586.234,98.0235,2,0
1155,24.4393,149.105,2,0
1156,521.876,39.6803,2,0
1157,260.918,44.5434,2,0
1158,158.497,279.392,2,0
1159,592.758,168.017,2,0
1160,284.157,137.789,2,0
1161,437.836,40.3703,2,0
1162,396.806,227.326,2,0
1163,195.745,203.097,2,0
1164,282.363,259.034,2,0
1165,336.163,268.263,2,0
1166,60.2745,15.7977,2,0
1167,138.07,101.911,2,0
1168,209.395,251.057,2,0
1169,529.338,107.521,2,0
1170,351.278,101.153,2,0
1171,578.549,272.028,2,0
1172,219.754,41.9796,2,0
1173,343.102,243.778,2,0
1174,5.27892,68.5567,2,0
1175,401.175,209.716,2,0
1176,153.083,100.658,2,0
1177,64.4481,294.5,2,0
1178,212.699,214.87,2,0
1179,398.108,157.142,2,0
1180,0.154123,123.59,2,0
1181,316.721,85.8461,2,0
1182,334.514,294.493,2,0
1183,370.687,265.899,2,0
1184,230.256,82.7828,2,0
1185,285.814,94.7931,2,0
1186,37.6058,88.0894,2,0
1187,85.0015,280.477,2,0
1188,247.778,124.369,2,0
1189,55.677,146.187,2,0
1190,256.417,54.7243,2,0
1191,451.869,125.674,2,0
1192,243.425,174.337,2,0
1193,316.607,279.82,2,0
1194,224.785,265.49,2,0
1195,266.301,196.582,2,0
1196,577.565,295.997,2,0
1197,372.726,172.888,2,0
1198,474.933,59.3392,2,0
1199,455.187,132.329,2,0
1200,170.417,157.803,2,0
1201,66.5086,232.86,2,0
1202,461.512,114.334,2,0
1203,279.281,40.7569,2,0
1204,108.522,221.13,2,0
1205,501.328,283.698,2,0
1206,213.198,294.521,2,0
1207,490.031,294.432,2,0
1208,453.479,109.288,2,0
1209,574.531,72.8116,2,0
1210,426.96,127.072,2,0
1211,38.8421,233.146,2,0
1212,595.442,69.2764,2,0
1213,33.919,283.949,2,0
1214,543.546,258.099,2,0
1215,364.457,22.3085,2,0
1216,293.51,216.758,2,0
1217,391.681,28.6481,2,0
1218,237.161,152.063,2,0
1219,177.152,159.423,2,0
1220,322.116,187.225,2,0
1221,511.213,158.165,2,0
1222,446.915,164.228,2,0
1223,97.9082,102.685,2,0
1224,561.292,192.261,2,0
1225,178.247,51.1671,2,0
1226,21.8931,298,2,0
1227,593.242,298,2,0
1228,144.413,215.409,2,0
1229,396.956,215.323,2,0
1230,104.448,45.5678,2,0
1231,21.8838,290.958,2,0
1232,40.454,31.3775,2,0
1233,44.8734,27.0285,2,0
1234,514.376,294.51,2,0
1235,96.5849,165.394,2,0
1236,62.9596,130.441,2,0
1237,291.24,5.96079,2,0
1238,546.382,96.3759,2,0
1239,319.834,8.98964,2,0
1240,372.887,43.3691,2,0
1241,100.587,258.443,2,0
1242,373.327,206.013,2,0
1243,12.1004,41.8003,2,0
1244,102.682,75.6025,2,0
1245,587.967,77.2636,2,0
1246,205.003,133.599,2,0
1247,320.764,162.524,2,0
1248,261.076,57.0994,2,0
1249,207.303,12.5789,2,0
1250,126.13,52.4224,2,0
1251,496.745,39.7791,2,0
1252,374.713,220.518,2,0
1253,63.4785,177.789,2,0
1254,148.22,13.2479,2,0
1255,100.759,254.352,2,0
1256,564.659,176.728,2,0
1257,295.831,13.9574,2,0
1258,160.402,103.139,2,0
1259,14.4559,248.912,2,0
1260,52.4576,128.618,2,0
1261,167.713,155.004,2,0
1262,41.9392,147.054,2,0
1263,237.377,169.88,2,0
1264,567.168,219.312,2,0
1265,464.432,214.482,2,0
1266,523.772,136.236,2,0
1267,312.047,65.2604,2,0
1268,320.22,183.702,2,0
1269,259.592,283.592,2,0
1270,13.5977,171.504,2,0
1271,569.339,144.55,2,0
1272,311.999,197.769,2,0
1273,194.546,57.1423,2,0
1274,35.7237,211.815,2,0
1275,429.983,5.45174,2,0
1276,148.154,124.559,2,0
1277,401.463,65.9199,2,0
1278,338.379,193.876,2,0
1279,312.47,255.568,2,0
1280,269.544,198.897,2,0
1281,564.68,226.02,2,0
1282,392.06,198.184,2,0
1283,371.954,132.068,2,0
1284,488.451,271.59,2,0
1285,171.033,237.72,2,0
1286,120.257,85.4207,2,0
1287,530.394,131.811,2,0
1288,354.942,41.9471,2,0
1289,88.067,143.376,2,0
1290,154.907,264.986,2,0
1291,211.046,233.145,2,0
1292,75.8718,144.283,2,0
1293,555.787,191.74,2,0
1294,127.3,93.8201,2,0
1295,437.247,130.396,2,0
1296,481.349,172.137,2,0
1297,151.574,275.307,2,0
1298,463.302,203.757,2,0
1299,26.4897,223.312,2,0
1300,276.169,139.525,2,0
1301,299.21,16.2268,2,0
1302,415.234,71.9383,2,0
1303,78.4921,114.8,2,0
1304,77.4277,106.904,2,0
1305,312.192,298,2,0
1306,361.482,234.159,2,0
1307,230.41,41.1828,2,0
1308,477.351,119.064,2,0
1309,329.778,250.783,2,0
1310,544.012,173.794,2,0
1311,180.533,294.522,2,0
1312,441.64,290.949,2,0
1313,501.511,182.99,2,0
1314,104.719,37.9101,2,0
1315,360.942,54.4125,2,0
1316,54.3128,298,2,0
1317,425.929,9.9605,2,0
1318,20.866,205.377,2,0
1319,557.932,298,2,0
1320,559.997,233.391,2,0
1321,100.031,172.755,2,0
1322,448.234,2,2,0
1323,247.301,28.6015,2,0
1324,552.49,53.4128,2,0
1325,576.912,209.959,2,0
1326,232.096,231.907,2,0
1327,122.946,34.0679,2,0
1328,595.187,60.5736,2,0
1329,340.315,187.021,2,0
1330,63.8909,208.529,2,0
1331,85.6034,213.871,2,0
1332,57.4184,167.872,2,0
1333,15.7744,86.6829,2,0
1334,234.734,137.573,2,0
1335,201.188,2,2,0
1336,488.276,240.478,2,0
1337,325.176,119.392,2,0
1338,550.878,31.7506,2,0
1339,492.513,271.951,2,0
1340,386.316,104.037,2,0
1341,376.526,208.413,2,0
1342,64.9102,216.568,2,0
1343,497.127,91.246,2,0
1344,410.027,81.5758,2,0
1345,411.88,96.033,2,0
1346,226.821,211.401,2,0
1347,230.723,137.131,2,0
1348,444.317,232.745,2,0
1349,71.0659,25.6217,2,0
1350,284.778,279.542,2,0
1351,569.939,237.893,2,0
1352,21.1484,114.635,2,0
1353,476.164,2,2,0
1354,578.73,216.893,2,0
1355,476.518,185.831,2,0
1356,182.291,79.6223,2,0
1357,380.801,202.887,2,0
1358,103.951,220.463,2,0
1359,262.795,273.366,2,0
1360,105.112,234.855,2,0
1361,318.491,44.4081,2,0
1362,390.39,210.293,2,0
1363,95.0756,161.631,2,0
1364,311.536,247.525,2,0
1365,120.73,61.113,2,0
1366,386.462,22.5688,2,0
1367,225.535,240.313,2,0
1368,73.7327,271.381,2,0
1369,24.2975,145.167,2,0
1370,170.519,188.517,2,0
1371,252.466,53.4173,2,0
1372,452.944,113.334,2,0
1373,209.379,24.4354,2,0
1374,51.8428,165.388,2,0
1375,231.47,104.202,2,0
1376,566.495,215.383,2,0
1377,526.637,218.826,2,0
1378,389.376,191.706,2,0
1379,45.1781,120.477,2,0
1380,110.016,63.3261,2,0
1381,95.137,96.1002,2,0
1382,3.51298,273.547,2,0
1383,168.428,165.659,2,0
1384,567.16,30.2728,2,0
1385,419.119,19.542,2,0
1386,287.09,268.986,2,0
1387,212.144,194.306,2,0
1388,55.8354,118.341,2,0
1389,562.062,209.897,2,0
1390,34.6855,114.552,2,0
1391,351.811,34.5555,2,0
1392,112.477,240.096,2,0
1393,90.292,192.804,2,0
1394,202.195,148.094,2,0
1395,166.832,208.67,2,0
1396,539.759,268.106,2,0
1397,6.63701,237.32,2,0
1398,339.302,61.7888,2,0
1399,142.023,142.373,2,0
1400,311.873,107.777,2,0
1401,276.415,22.5694,2,0
1402,598.466,98.1307,2,0
1403,414.957,272.525,2,0
1404,573.344,33.6946,2,0
1405,42.7648,252.297,2,0
1406,443.859,101.775,2,0
1407,63.1801,235.082,2,0
1408,198.924,223.775,2,0
1409,13.2556,129.456,2,0
1410,571.852,187.159,2,0
1411,335.796,99.5695,2,0
1412,291.204,228.249,2,0
1413,65.0876,52.9119,2,0
1414,169.194,240.686,2,0
1415,230.406,33.8272,2,0
1416,46.5591,80.4196,2,0
1417,351.273,57.0564,2,0
1418,571.251,37.2847,2,0
1419,63.2207,92.8257,2,0
1420,123.181,126.263,2,0
1421,219.205,290.996,2,0
1422,62.9374,173.801,2,0
1423,215.289,243.133,2,0
1424,158.703,291.524,2,0
1425,295.996,169.284,2,0
1426,48.3984,163.487,2,0
1427,480.591,241.689,2,0
1428,195.849,14.2967,2,0
1429,406.294,25.8243,2,0
1430,196.889,172.885,2,0
1431,341.345,156.058,2,0
1432,11.9767,33.632,2,0
1433,240.73,34.8299,2,0
1434,305.177,51.8813,2,0
1435,32.921,218.413,2,0
1436,161.605,96.3412,2,0
1437,260.547,106.722,2,0
1438,287.787,277.028,2,0
1439,390.778,280.425,2,0
1440,54.2563,276.973,2,0
1441,514.469,2,2,0
1442,340.27,149.168,2,0
1443,573.771,47.8127,2,0
1444,513.082,79.0675,2,0
1445,150.045,247.512,2,0
1446,87.0805,103.494,2,0
1447,537.659,183.724,2,0
1448,133.298,270.088,2,0
1449,468.285,107.859,2,0
1450,512.657,202.207,2,0
1451,112.921,284.083,2,0
1452,94.2307,168.567,2,0
1453,477.557,144.598,2,0
1454,482.124,245.499,2,0
1455,285.592,33.0839,2,0
1456,276.79,202.601,2,0
1457,231.507,278.356,2,0
1458,327.842,261.404,2,0
1459,232.709,248.198,2,0
1460,539.545,33.443,2,0
1461,528.892,251.761,2,0
1462,223.608,255.891,2,0
1463,54.5974,22.6677,2,0
1464,514.889,253.143,2,0
1465,338.791,173.521,2,0
1466,75.4864,218.558,2,0
1467,60.3571,250.932,2,0
1468,557.261,42.0699,2,0
1469,378.775,178.633,2,0
1470,333.973,113.21,2,0
1471,150.073,24.7186,2,0
1472,168.318,30.8306,2,0
1473,251.595,276.914,2,0
1474,108.974,298,2,0
1475,598.764,164.155,2,0
1476,194.143,260.927,2,0
1477,414.932,52.1462,2,0
1478,458.196,259.062,2,0
1479,419.46,169.617,2,0
1480,89.5285,42.7859,2,0
1481,484.282,233.376,2,0
1482,463.094,225.306,2,0
1483,429.354,154.23,2,0
1484,122.938,267.205,2,0
1485,1.4989,43.9263,2,0
1486,465.039,15.9663,2,0
1487,7.73279,253.493,2,0
1488,190.587,259.157,2,0
1489,330.286,187.375,2,0
1490,464.621,164.099,2,0
1491,124.705,166.423,2,0
1492,204.504,196.715,2,0
1493,98.6934,215.683,2,0
1494,370.524,226.167,2,0
1495,483.558,279.219,2,0
1496,32.0165,262.28,2,0
1497,410.995,256.079,2,0
1498,486.076,275.941,2,0
1499,64.8056,42.1159,2,0
1500,0.501065,94.6825,2,0
1501,40.0295,294.435,2,0
1502,549.317,60.7698,2,0
1503,468.759,111.824,2,0
1504,295.635,158.103,2,0
1505,135.62,145.55,2,0
1506,556.803,139.798,2,0
1507,38.5821,174.573,2,0
1508,273.887,235.961,2,0
1509,520.781,235.029,2,0
1510,272.11,115.915,2,0
1511,275.361,110.29,2,0
1512,32.0567,5.4643,2,0
1513,175.022,227.65,2,0
1514,424.917,78.7863,2,0
1515,327.679,26.1066,2,0
1516,100.511,262.606,2,0
1517,223.793,164.776,2,0
1518,95.9094,63.348,2,0
1519,571.976,155.101,2,0
1520,29.9693,283.885,2,0
1521,344.312,275.015,2,0
1522,298.15,228.588,2,0
1523,301.574,141.197,2,0
1524,402.135,20.3441,2,0
1525,518.589,109.577,2,0
1526,31.6924,246.094,2,0
1527,177.522,131.524,2,0
1528,134.411,234.492,2,0
1529,352.05,189.898,2,0
1530,406.775,112.896,2,0
1531,546.79,108.584,2,0
1532,52.3662,19.3379,2,0
1533,463.687,2,2,0
1534,289.687,264.086,2,0
1535,271.403,159.588,2,0
1536,514.747,82.7537,2,0
1537,362.017,116.359,2,0
1538,580.716,268.793,2,0
1539,189.973,98.6462,2,0
1540,338.308,76.8427,2,0
1541,391.475,85.9685,2,0
1542,456.22,119.97,2,0
1543,3.21022,65.1676,2,0
1544,198.632,146.277,2,0
1545,327.287,18.9836,2,0
1546,390.344,98.2105,2,0
1547,33.9577,17.1652,2,0
1548,575.321,37.1843,2,0
1549,501.509,112.976,2,0
1550,229.101,151.106,2,0
1551,53.1049,258.838,2,0
1552,131.247,231.987,2,0
1553,516.27,140.716,2,0
1554,77.9915,118.804,2,0
1555,350.592,73.9142,2,0
1556,80.4419,229.082,2,0
1557,555.404,119.536,2,0
1558,0.197108,152.72,2,0
1559,191.843,150.718,2,0
1560,143.68,27.8209,2,0
1561,315.088,122.279,2,0
1562,151.161,160.514,2,0
1563,543.086,51.837,2,0
1564,2.46403,91.1764,2,0
1565,272.631,229.119,2,0
1566,62.9409,239.159,2,0
1567,42.4313,80.6252,2,0
1568,536.084,278.315,2,0
1569,103.009,280.349,2,0
1570,384.214,46.1424,2,0
1571,205.9,114.756,2,0
1572,73.5343,140.928,2,0
1573,435.433,22.9347,2,0
1574,504.852,143.103,2,0
1575,184.561,211.778,2,0
1576,371.019,35.4544,2,0
1577,226.095,182.944,2,0
1578,587.321,16.0918,2,0
1579,248.802,17.975,2,0
1580,265.735,294.597,2,0
1581,326.345,79.5656,2,0
1582,175.882,272.97,2,0
1583,150.64,298,2,0
1584,338.722,43.2947,2,0
1585,21.6153,67.8362,2,0
1586,567.738,87.5786,2,0
1587,557.054,33.7842,2,0
1588,130.806,242.658,2,0
1589,361.256,214.513,2,0
1590,169.536,176.335,2,0
1591,70.6473,58.9313,2,0
1592,454.215,251.89,2,0
1593,433.593,148.65,2,0
1594,505.124,207.953,2,0
1595,485.965,17.8462,2,0
1596,515.702,116.273,2,0
1597,577.414,58.6381,2,0
1598,26.9814,49.8246,2,0
1599,525.08,93.3683,2,0
1600,148.962,120.655,2,0
1601,48.4577,273.361,2,0
1602,210.821,80.3169,2,0
1603,324.106,190.849,2,0
1604,168.289,104.942,2,0
1605,297.279,273.626,2,0
1606,417.816,159.181,2,0
1607,318.44,173.005,2,0
1608,441.19,95.347,2,0
1609,193.711,32.7776,2,0
1610,141.339,235.539,2,0
1611,573.533,58.7845,2,0
1612,224.983,276.171,2,0
1613,366.602,5.93004,2,0
1614,77.7096,89.0959,2,0
1615,449.762,72.845,2,0
1616,110.483,243.864,2,0
1617,563.571,99.0952,2,0
1618,293.926,38.3097,2,0
1619,76.068,255.892,2,0
1620,162.952,214.495,2,0
1621,385.089,197.313,2,0
1622,528.051,235.172,2,0
1623,278.529,102.75,2,0
1624,153.695,245.995,2,0
1625,415.288,98.0705,2,0
1626,550.02,98.2446,2,0
1627,333.462,252.175,2,0
1628,175.644,103.187,2,0
1629,52.6323,140.767,2,0
1630,512.072,151.115,2,0
1631,185.808,2,2,0
1632,318.733,67.3511,2,0
1633,591.265,266.813,2,0
1634,92.8452,232.295,2,0
1635,145.849,55.7312,2,0
1636,427.947,30.71,2,0
1637,366.032,44.9834,2,0
1638,307.797,92.8938,2,0
1639,482.195,5.59104,2,0
1640,424.42,82.7385,2,0
1641,96.8226,110.683,2,0
1642,449.445,179.583,2,0
1643,314.361,173.049,2,0
1644,549.308,180.668,2,0
1645,267.111,247.242,2,0
1646,495.414,173.902,2,0
1647,516.19,262.623,2,0
1648,231.321,289.876,2,0
1649,388.808,290.894,2,0
1650,430.381,146.217,2,0
1651,129.984,9.06105,2,0
1652,96.4281,50.5756,2,0
1653,180.635,263.165,2,0
1654,421.481,298,2,0
1655,515.038,107.454,2,0
1656,589.381,12.5559,2,0
1657,333.054,163.016,2,0
1658,378.104,196.409,2,0
1659,512.175,259.676,2,0
1660,407.125,40.2838,2,0
1661,581.11,5.45787,2,0
1662,390.906,270.719,2,0
1663,596.801,167.625,2,0
1664,74.5279,46.0953,2,0
1665,201.268,20.416,2,0
1666,283.879,127.096,2,0
1667,390.724,145.369,2,0
1668,142.002,65.6864,2,0
1669,562.649,277.505,2,0
1670,451.921,294.454,2,0
1671,113.293,85.3303,2,0
1672,398.871,294.489,2,0
1673,413.251,290.892,2,0
1674,545.485,232.321,2,0
1675,281.471,134.87,2,0
1676,96.747,46.5911,2,0
1677,541.536,78.2696,2,0
1678,33.0264,187.601,2,0
1679,56.508,260.957,2,0
1680,171.956,127.165,2,0
1681,580.381,161.544,2,0
1682,229.958,203.835,2,0
1683,171.483,116.606,2,0
1684,88.8919,26.5496,2,0
1685,359.159,246.034,2,0
1686,477.822,84.9186,2,0
1687,65.8619,95.8497,2,0
1688,25.0796,250.449,2,0
1689,50.147,2,2,0
1690,442.72,109.827,2,0
1691,457.897,73.3173,2,0
1692,338.15,121.915,2,0
1693,412.748,109.489,2,0
1694,92.3066,69.3823,2,0
1695,216.541,36.3729,2,0
1696,144.492,107.134,2,0
1697,6.31746,112.392,2,0
1698,420.381,33.8918,2,0
1699,170.671,53.8274,2,0
1700,163.943,37.5534,2,0
1701,209.319,287.308,2,0
1702,217.075,277.899,2,0
1703,481.131,218.583,2,0
1704,176.592,149.138,2,0
1705,148.784,86.8504,2,0
1706,18.9743,29.58,2,0
1707,519.99,55.5498,2,0
1708,63.261,138.47,2,0
1709,379.59,144.733,2,0
1710,334.691,43.502,2,0
1711,80.676,165.471,2,0
1712,4.45928,152.151,2,0
1713,158.965,14.7956,2,0
1714,158.461,271.161,2,0
1715,52.1067,230.165,2,0
1716,381.04,126.091,2,0
1717,156.963,298,2,0
1718,441.699,19.75,2,0
1719,181.885,2,2,0
1720,135.022,203.938,2,0
1721,386.244,112.762,2,0
1722,429.526,72.0786,2,0
1723,488.052,46.2171,2,0
1724,165.244,271.032,2,0
1725,576.237,199.365,2,0
1726,332.878,248.293,2,0
1727,222.663,136.19,2,0
1728,412.281,178.092,2,0
1729,394.357,247.468,2,0
1730,127.372,81.4783,2,0
1731,113.234,29.2184,2,0
1732,27.1122,90.1347,2,0
1733,37.399,158.414,2,0
1734,95.0927,179.353,2,0
1735,345.829,181.252,2,0
1736,567.91,260.617,2,0
1737,134.663,207.982,2,0
1738,348.437,32.0954,2,0
1739,235.491,130.645,2,0
1740,263.602,100.385,2,0
1741,336.902,170.071,2,0
1742,390.345,183.677,2,0
1743,50.1852,16.0348,2,0
1744,452.048,195.442,2,0
1745,480.053,184.301,2,0
1746,414.839,112.902,2,0
1747,576.3,161.86,2,0
1748,139.982,265.568,2,0
1749,498.181,2,2,0
1750,108.287,192.048,2,0
1751,501.428,218.003,2,0
1752,153.571,115.335,2,0
1753,396.204,35.4057,2,0
1754,575.033,9.02205,2,0
1755,448.1,36.3217,2,0
1756,468.376,162.333,2,0
1757,165.474,162.885,2,0
1758,547.501,64.9907,2,0
1759,420.662,84.3126,2,0
1760,469.871,181.177,2,0
1761,425.057,123.526,2,0
1762,141.291,90.0379,2,0
1763,263.73,157.477,2,0
1764,222.864,194.589,2,0
1765,51.9886,100.009,2,0
1766,357.531,23.8388,2,0
1767,242.164,163.248,2,0
1768,228.64,200.405,2,0
1769,541.024,181.336,2,0
1770,216.699,17.8768,2,0
1771,41.0681,85.9558,2,0
1772,427.406,75.4428,2,0
1773,384.58,201.416,2,0
1774,41.9994,138.848,2,0
1775,355.008,15.637,2,0
1776,371.339,20.7849,2,0
1777,490.732,237.183,2,0
1778,166.476,173.771,2,0
1779,552.998,153.53,2,0
1780,382.026,163.46,2,0
1781,104.776,290.923,2,0
1782,100.65,109.202,2,0
1783,488.091,227.434,2,0
1784,318.286,104.78,2,0
1785,187.797,140.735,2,0
1786,225.051,24.7416,2,0
1787,234.06,162.403,2,0
1788,49.7763,252.521,2,0
1789,335.108,62.0101,2,0
1790,483.769,249.46,2,0
1791,461.33,161.662,2,0
1792,473.839,252.008,2,0
1793,67.403,33.2673,2,0
1794,556.574,52.9842,2,0
1795,293.855,172.743,2,0
1796,245.322,61.6756,2,0
1797,320.376,176.623,2,0
1798,322.131,37.1395,2,0
1799,101.105,242.234,2,0
1800,46.402,23.221,2,0
1801,170.058,97.9356,2,0
1802,122.52,271.068,2,0
1803,557.14,14.7886,2,0
1804,141.466,86.0227,2,0
1805,348.005,237.42,2,0
1806,141.829,161.995,2,0
1807,426.457,170.031,2,0
1808,119.533,187.652,2,0
1809,267.683,89.6024,2,0
1810,129.541,108.518,2,0
1811,184.758,238.964,2,0
1812,375.828,281.349,2,0
1813,98.7392,204.958,2,0
1814,405.76,173.233,2,0
1815,259.74,174.606,2,0
1816,199.964,166.655,2,0
1817,241.416,287.485,2,0
1818,201.551,122.481,2,0
1819,491.814,124.853,2,0
1820,190.984,29.8417,2,0
1821,291.598,197.577,2,0
1822,183.045,164.837,2,0
1823,235.639,148.398,2,0
1824,13.4847,68.2398,2,0
1825,205.11,280.499,2,0
1826,546.273,50.0706,2,0
1827,390.553,126.809,2,0
1828,112.785,128.396,2,0
1829,17.684,207.806,2,0
1830,66.3209,112.082,2,0
1831,132.865,130.946,2,0
1832,580.601,44.6593,2,0
1833,451.601,76.4285,2,0
1834,110.439,153.066,2,0
1835,293.957,287.543,2,0
1836,249.431,211.559,2,0
1837,327.542,212.383,2,0
1838,321.792,85.306,2,0
1839,281.797,254.799,2,0
1840,80.0629,99.2668,2,0
1841,0.507533,101.674,2,0
1842,364.99,171.045,2,0
1843,263.272,172.922,2,0
1844,481.733,49.2617,2,0
1845,298.837,71.4537,2,0
1846,476.354,271.323,2,0
1847,516.579,77.0174,2,0
1848,519.831,231.067,2,0
1849,281.879,225.58,2,0
1850,363.173,33.019,2,0
1851,340.34,5.46981,2,0
1852,17.7367,242.56,2,0
1853,188.386,127.103,2,0
1854,5.94264,198.958,2,0
1855,109.032,284.033,2,0
1856,80.9221,204.232,2,0
1857,574.096,98.2924,2,0
1858,177.943,151.63,2,0
1859,386.676,185.143,2,0
1860,352.049,225.381,2,0
1861,218.132,25.9499,2,0
1862,488.97,169.006,2,0
1863,94.6792,126.803,2,0
1864,382.253,147.757,2,0
1865,586.596,164.755,2,0
1866,25.9356,74.7456,2,0
1867,404.313,224.271,2,0
1868,511.042,41.6973,2,0
1869,510.425,294.475,2,0
1870,512.434,214.828,2,0
1871,401.801,244.444,2,0
1872,317.545,71.1966,2,0
1873,355.25,100.187,2,0
1874,177.868,99.7125,2,0
1875,350.819,292.378,2,0
1876,246.89,247.57,2,0
1877,543.518,110.832,2,0
1878,455.553,124.018,2,0
1879,482.26,138.031,2,0
1880,127.955,229.619,2,0
1881,205.601,207.514,2,0
1882,58.5947,194.818,2,0
1883,308.129,283.946,2,0
1884,277.493,95.7259,2,0
1885,417.778,77.8631,2,0
1886,563.143,107.887,2,0
1887,147.587,240.759,2,0
1888,318.609,166.125,2,0
1889,119.622,158.846,2,0
1890,487.804,124.289,2,0
1891,186.057,50.3376,2,0
1892,170.4,66.0118,2,0
1893,528.914,23.539,2,0
1894,168.203,84.0369,2,0
1895,203.488,63.8771,2,0
1896,106.176,237.144,2,0
1897,460.101,287.416,2,0
1898,193.695,233.123,2,0
1899,49.3504,37.5229,2,0
1900,456.97,206.671,2,0
1901,209.301,147.666,2,0
1902,9.25408,262.789,2,0
1903,70.5916,261.312,2,0
1904,207.233,49.7169,2,0
1905,516.283,128.473,2,0
1906,187.301,235.838,2,0
1907,424.987,220.934,2,0
1908,583.927,87.4121,2,0
1909,323.476,233.255,2,0
1910,374.882,109.249,2,0
1911,271.041,99.6998,2,0
1912,506.03,82.901,2,0
1913,329.933,29.6097,2,0
1914,12.8304,228.63,2,0
1915,308.525,162.424,2,0
1916,160.985,118.175,2,0
1917,311.402,38.1316,2,0
1918,469.667,100.024,2,0
1919,141.113,298,2,0
1920,145.43,186.254,2,0
1921,457.035,107.872,2,0
1922,171.527,202.956,2,0
1923,170.626,57.8855,2,0
1924,289.726,44.0386,2,0
1925,542.411,86.3272,2,0
1926,117.809,2,2,0
1927,189.801,33.6646,2,0
1928,324.179,197.871,2,0
1929,326.639,253.341,2,0
1930,437.615,290.997,2,0
1931,71.4008,113.961,2,0
1932,325.937,5.41683,2,0
1933,224.617,117.251,2,0
1934,403.782,228.312,2,0
1935,565.741,211.395,2,0
1936,57.5928,75.9766,2,0
1937,325.172,58.7266,2,0
1938,587.305,2,2,0
1939,80.1109,51.4361,2,0
1940,222.93,44.4089,2,0
1941,312.612,162.358,2,0
1942,421.455,290.867,2,0
1943,348.954,280.353,2,0
1944,302.824,137.396,2,0
1945,305.227,96.7482,2,0
1946,341.734,259.01,2,0
1947,589.226,298,2,0
1948,331.216,281.485,2,0
1949,255.612,298,2,0
1950,320.325,213.24,2,0
1951,573.653,236.782,2,0
1952,583.364,265.713,2,0
1953,335.162,11.6048,2,0
1954,45.0898,169.742,2,0
1955,243.946,216.005,2,0
1956,542.339,154.316,2,0
1957,209.344,2,2,0
1958,565.029,267.099,2,0
1959,115.518,257.65,2,0
1960,166.883,72.0129,2,0
1961,187.513,261.899,2,0
1962,283.705,190.405,2,0
1963,134.823,69.4525,2,0
1964,80.3952,129.317,2,0
1965,593.124,283.87,2,0
1966,478.177,137.692,2,0
1967,504.297,47.2716,2,0
1968,114.452,282.604,2,0
1969,595.358,249.684,2,0
1970,178.355,124.726,2,0
1971,329.285,82.334,2,0
1972,334.9,166.402,2,0
1973,8.27065,123.118,2,0
1974,101.354,269.75,2,0
1975,274.772,38.578,2,0
1976,258.096,28.646,2,0
1977,344.599,247.492,2,0
1978,393.371,66.4079,2,0
1979,475.622,278.335,2,0
1980,575.743,186.643,2,0
1981,1.00519,19.6644,2,0
1982,12.861,54.268,2,0
1983,138.06,255.86,2,0
1984,413.979,137.947,2,0
1985,256.073,167.753,2,0
1986,196.035,160.78,2,0
1987,338.906,152.863,2,0
1988,352.529,179.115,2,0
1989,401.18,96.9956,2,0
1990,347.519,255.039,2,0
1991,313.221,215.487,2,0
1992,169.736,233.85,2,0
1993,151.607,153.522,2,0
1994,396.277,231.412,2,0
1995,291.077,260.406,2,0
1996,555.542,287.721,2,0
1997,38.2692,116.453,2,0
1998,507.706,27.516,2,0
1999,151.434,262.893,2,0
2000,525.318,97.4292,2,0
2001,178.767,290.709,2,0
2002,551.047,210.778,2,0
2003,125.315,253.496,2,0
2004,595.924,194.256,2,0
2005,396.523,106.624,2,0
2006,332.561,298,2,0
2007,219.087,244.781,2,0
2008,161.891,273.104,2,0
2009,245.209,135.167,2,0
2010,107.697,272.942,2,0
2011,191.278,263.579,2,0
2012,236.454,99.2631,2,0
2013,148.43,2,2,0
2014,37.9755,237.124,2,0
2015,136.206,276.403,2,0
2016,46.9039,216.561,2,0
2017,445.737,181.257,2,0
2018,23.1905,225.687,2,0
2019,240.517,141.785,2,0
2020,54.1794,15.7738,2,0
2021,125.771,188.791,2,0
2022,432.068,25.0266,2,0
2023,392.661,45.4205,2,0
2024,522.994,120.098,2,0
2025,183.56,135.729,2,0
2026,346.57,130.726,2,0
2027,134.037,2,2,0
2028,542.91,15.1662,2,0
2029,222.14,84.575,2,0
2030,85.1959,157.781,2,0
2031,457.932,13.7843,2,0
2032,354.452,27.1331,2,0
2033,553.502,25.1348,2,0
2034,332.681,289.439,2,0
2035,113.41,81.4387,2,0
2036,60.1457,258.962,2,0
2037,396.766,188.666,2,0
2038,206.45,265.842,2,0
2039,573.898,130.792,2,0
2040,284.695,236.489,2,0
2041,265.242,263.112,2,0
2042,77.1001,133.628,2,0
2043,126.888,294.52,2,0
2044,286.968,84.5324,2,0
2045,261.109,25.9544,2,0
2046,222.471,283.944,2,0
2047,289.393,55.5455,2,0
2048,48.4818,167.484,2,0
2049,560.094,257.496,2,0
2050,524.893,246.135,2,0
2051,141.393,157.941,2,0
2052,313.281,144.455,2,0
2053,414.274,75.8145,2,0
2054,71.3047,211.865,2,0
2055,58.7761,72.1076,2,0
2056,509.436,171.468,2,0
2057,219.09,195.757,2,0
2058,532.17,277.635,2,0
2059,388.393,153.005,2,0
2060,247.586,268.04,2,0
2061,197.702,281.162,2,0
2062,327.987,8.99206,2,0
2063,435.98,9.12545,2,0
2064,229.138,86.5706,2,0
2065,479.685,77.4032,2,0
2066,3.42236,239.783,2,0
2067,231.389,267.615,2,0
2068,226.661,69.3091,2,0
2069,215.103,196.922,2,0
2070,5.00082,41.9058,2,0
2071,172.437,274.941,2,0
2072,418.99,46.0344,2,0
2073,123.463,157.461,2,0
2074,259.692,213.441,2,0
2075,270.969,36.0065,2,0
2076,448.413,232.199,2,0
2077,121.667,150.617,2,0
2078,26.2672,41.6359,2,0
2079,472.902,30.9559,2,0
2080,576.327,69.0722,2,0
2081,379.915,166.957,2,0
2082,66.3007,132.365,2,0
2083,333.24,225.658,2,0
2084,489.384,263.777,2,0
2085,63.6339,163.724,2,0
2086,565.089,33.7871,2,0
2087,583.633,186.356,2,0
2088,5.51595,291.118,2,0
2089,217.46,89.5737,2,0
2090,365.914,243.733,2,0
2091,521.571,91.3504,2,0
2092,409.741,237.2,2,0
2093,1.87724,82.0864,2,0
2094,540.866,218.553,2,0
2095,271.503,90.8856,2,0
2096,456.162,115.823,2,0
2097,77.5832,12.9857,2,0
2098,506.387,75.668,2,0
2099,388.408,45.6307,2,0
2100,570.98,2,2,0
2101,331.78,240.284,2,0
2102,568.24,94.4315,2,0
2103,32.353,20.9532,2,0
2104,176.185,269.623,2,0
2105,445.735,72.8965,2,0
2106,381.057,151.623,2,0
2107,180.925,121.626,2,0
2108,72.4096,151.701,2,0
2109,193.93,43.4138,2,0
2110,27.8516,147.128,2,0
2111,196.579,87.9149,2,0
2112,152.665,63.999,2,0
2113,166.073,151.025,2,0
2114,372.567,298,2,0
2115,49.1684,236.585,2,0
2116,192.896,200.232,2,0
2117,7.88177,184.407,2,0
2118,233.305,110.954,2,0
2119,539.644,37.5607,2,0
2120,251.232,2,2,0
2121,168.345,92.1837,2,0
2122,283.017,85.2422,2,0
2123,25.5597,184.309,2,0
2124,520.838,73.2953,2,0
2125,299.141,258.977,2,0
2126,480.276,96.9932,2,0
2127,359.943,267.755,2,0
2128,67.0685,275.887,2,0
2129,207.043,27.9457,2,0
2130,27.8455,130.949,2,0
2131,538.09,138.801,2,0
2132,15.286,187.595,2,0
2133,515.953,120.354,2,0
2134,512.706,210.743,2,0
2135,365.738,152.512,2,0
2136,369.573,92.4198,2,0
2137,573.757,251.388,2,0
2138,40.9158,194.818,2,0
2139,489.63,25.1341,2,0
2140,591.402,54.6896,2,0
2141,11.664,287.503,2,0
2142,466.195,118.298,2,0
2143,106.578,217.399,2,0
2144,59.6277,202.896,2,0
2145,465.85,5.47958,2,0
2146,173.74,141.558,2,0
2147,269.458,173.12,2,0
2148,439.294,80.4007,2,0
2149,574.864,259.922,2,0
2150,390.335,112.728,2,0
2151,280.164,269.696,2,0
2152,389.885,214.31,2,0
2153,351.084,151.326,2,0
2154,382.421,22.9419,2,0
2155,222.691,125.181,2,0
2156,345.492,14.6667,2,0
2157,1.53155,40.0542,2,0
2158,408.498,33.7729,2,0
2159,326.705,65.5241,2,0
2160,199.298,158.531,2,0
2161,243.299,101.28,2,0
2162,245.401,294.524,2,0
2163,287.706,197.368,2,0
2164,448.917,92.2101,2,0
2165,154.627,298,2,0
2166,228.854,275.377,2,0
2167,373.396,5.86866,2,0
2168,500.861,143.054,2,0
2169,10.9123,154.647,2,0
2170,372.5,142.822,2,0
2171,253.448,280.304,2,0
2172,246.119,104.019,2,0
2173,13.9355,117.828,2,0
2174,457.442,47.6315,2,0
2175,492.217,298,2,0
2176,580.852,68.6406,2,0
2177,526.869,181.829,2,0
2178,91.4966,5.52157,2,0
2179,330.577,209.793,2,0
2180,180.071,176.829,2,0
2181,171.038,45.7667,2,0
2182,130.712,235.908,2,0
2183,478.741,261.468,2,0
2184,350.166,197.385,2,0
2185,141.635,208.838,2,0
2186,98.7189,287.311,2,0
2187,190.803,193.536,2,0
2188,13.4086,262.986,2,0
2189,312.868,278.478,2,0
2190,437.613,19.4643,2,0
2191,85.8443,111.627,2,0
2192,101.572,176.45,2,0
2193,308.009,190.485,2,0
2194,509.264,183.719,2,0
2195,321.846,112.144,2,0
2196,541.336,150.395,2,0
2197,120.399,77.333,2,0
2198,509.589,58.3593,2,0
2199,115.887,19.3888,2,0
2200,501.43,213.999,2,0
2201,530.774,287.419,2,0
2202,471.909,9.11716,2,0
2203,321.262,119.106,2,0
2204,84.6859,150.734,2,0
2205,404.771,108.821,2,0
2206,181.994,67.5513,2,0
2207,532.815,290.919,2,0
2208,514.973,69.286,2,0
2209,154.934,277.372,2,0
2210,403.254,193.521,2,0
2211,302.471,126.53,2,0
2212,196.561,83.9892,2,0
2213,479.623,278.803,2,0
2214,445.804,39.7803,2,0
2215,300.044,283.981,2,0
2216,171.881,195.37,2,0
2217,497.307,32.792,2,0
2218,370.033,46.2347,2,0
2219,252.88,61.2919,2,0
2220,307.332,211.73,2,0
2221,418.44,155.228,2,0
2222,404.665,123.615,2,0
2223,146.687,195.007,2,0
2224,278.735,75.4957,2,0
2225,344.612,177.334,2,0
2226,408.789,109.442,2,0
2227,363.59,157.039,2,0
2228,484.119,256.986,2,0
2229,430.193,247.697,2,0
2230,124.124,67.4099,2,0
2231,159.673,2,2,0
2232,4.54068,101.753,2,0
2233,556.968,178.5,2,0
2234,122.168,275.181,2,0
2235,293.622,263.388,2,0
2236,84.3975,201.776,2,0
2237,375.302,256.015,2,0
2238,1.37453,189.219,2,0
2239,119.575,26.5769,2,0
2240,189.789,182.749,2,0
2241,301.634,226.634,2,0
2242,523.354,183.816,2,0
2243,335.722,134.931,2,0
2244,593.014,270.394,2,0
2245,127.735,73.3241,2,0
2246,121.603,169.03,2,0
2247,579.243,16.0291,2,0
2248,286.786,37.5049,2,0
2249,32.2208,254.095,2,0
2250,286.856,73.8414,2,0
2251,353.43,270.17,2,0
2252,154.911,260.94,2,0
2253,273.866,294.583,2,0
2254,433.627,98.4276,2,0
2255,378.401,68.359,2,0
2256,126.775,215.213,2,0
2257,481.315,207.051,2,0
2258,174.073,63.807,2,0
2259,57.2957,65.1853,2,0
2260,52.4605,132.631,2,0
2261,189.009,287.5,2,0
2262,196.958,71.7519,2,0
2263,407.047,191.924,2,0
2264,175.371,87.9598,2,0
2265,295.997,291.052,2,0
2266,390.803,294.531,2,0
2267,207.648,272.761,2,0
2268,582.535,272.343,2,0
2269,20.9157,53.7598,2,0
2270,200.901,52.5035,2,0
2271,484.982,31.9028,2,0
2272,542.003,222.425,2,0
2273,365.506,59.716,2,0
2274,117.387,224.82,2,0
2275,159.577,171.819,2,0
2276,153.364,35.4535,2,0
2277,277.808,225.061,2,0
2278,336.452,149.762,2,0
2279,384.512,261.76,2,0
2280,405.057,283.905,2,0
2281,305.606,84.5656,2,0
2282,435.96,2,2,0
2283,251.194,139.377,2,0
2284,64.3498,152.425,2,0
2285,33.3979,222.485,2,0
2286,592.28,234.906,2,0
2287,570.058,298,2,0
2288,472.445,138.723,2,0
2289,449.404,227.254,2,0
2290,511.126,242.182,2,0
2291,577.393,40.6125,2,0
2292,156.391,57.9023,2,0
2293,15.9135,82.6872,2,0
2294,280.374,204.533,2,0
2295,421.392,161.792,2,0
2296,447.735,133.515,2,0
2297,83.5243,101.307,2,0
2298,482.974,190.739,2,0
2299,591.198,226.929,2,0
2300,233.972,180.882,2,0
2301,326.363,105.313,2,0
2302,178.944,89.7669,2,0
2303,244.409,142.228,2,0
2304,221.3,88.5227,2,0
2305,295.428,153.726,2,0
2306,333.298,81.6087,2,0
2307,485.633,24.8293,2,0
2308,382.569,49.7771,2,0
2309,561.959,128.208,2,0
2310,468.498,193.256,2,0
2311,143.482,5.47388,2,0
2312,22.1224,15.2751,2,0
2313,116.185,99.2296,2,0
2314,332.594,184.147,2,0
2315,443.673,287.488,2,0
2316,467.669,103.558,2,0
2317,128.057,19.7675,2,0
2318,305.295,129.486,2,0
2319,412.596,64.6808,2,0
2320,509.606,230.026,2,0
2321,519.771,185.81,2,0
2322,6.55503,98.2396,2,0
2323,163.42,206.499,2,0
2324,584.35,62.7818,2,0
2325,71.054,118.144,2,0
2326,351.923,266.366,2,0
2327,213.073,190.206,2,0
2328,138.32,16.7371,2,0
2329,131.556,144.937,2,0
2330,524.828,73.5879,2,0
2331,356.733,219.866,2,0
2332,392.723,298,2,0
2333,469.142,207.887,2,0
2334,336.087,245.742,2,0
2335,203.306,164.306,2,0
2336,477.836,252.341,2,0
2337,122.358,235.921,2,0
2338,528.993,15.3503,2,0
2339,160.049,55.8611,2,0
2340,411.82,49.7759,2,0
2341,367.064,136.897,2,0
2342,273.978,278.41,2,0
2343,36.261,77.5935,2,0
2344,150.112,168.976,2,0
2345,121.415,198.6,2,0
2346,240.473,11.2191,2,0
2347,114.687,149.142,2,0
2348,498.736,229.021,2,0
2349,523.115,155.768,2,0
2350,406.415,164.337,2,0
2351,581.299,194.432,2,0
2352,553.504,21.116,2,0
2353,291.921,176.19,2,0
2354,286.32,243.496,2,0
2355,358.505,235.331,2,0
2356,568.027,294.581,2,0
2357,249.447,56.0288,2,0
2358,159.53,232.328,2,0
2359,37.3439,162.332,2,0
2360,110.904,229.121,2,0
2361,141.12,212.935,2,0
2362,288.2,21.4451,2,0
2363,96.4964,38.3408,2,0
2364,486.804,35.5694,2,0
2365,314.091,130.457,2,0
2366,316.724,94.0719,2,0
2367,415.289,250.284,2,0
2368,270.956,284.853,2,0
2369,269.605,151.73,2,0
2370,432.366,160.681,2,0
2371,432.124,269.236,2,0
2372,152.2,22.977,2,0
2373,443.73,294.526,2,0
2374,565.59,151.875,2,0
2375,132.048,282.378,2,0
2376,489.898,191.316,2,0
2377,89.0517,30.6492,2,0
2378,585.44,19.6814,2,0
2379,566.956,102,2,0
2380,394.122,19.8573,2,0
2381,540.949,135.898,2,0
2382,441.369,26.7639,2,0
2383,302.074,217.876,2,0
2384,65.4154,220.564,2,0
2385,455.996,280.627,2,0
2386,577.374,128.993,2,0
2387,354.318,168.223,2,0
2388,577.422,104.591,2,0
2389,254.063,73.2026,2,0
2390,355.296,114.421,2,0
2391,456.247,255.366,2,0
2392,563.37,44.4312,2,0
2393,345.39,78.9237,2,0
2394,318.359,180.206,2,0
2395,263.844,104.389,2,0
2396,575.666,228.778,2,0
2397,441.822,266.525,2,0
2398,234.787,155.341,2,0
2399,534.472,168.734,2,0
2400,369.02,294.485,2,0
2401,31.9063,273.271,2,0
2402,531.811,241.327,2,0
2403,150.522,16.6027,2,0
2404,308.291,169.472,2,0
2405,500.006,258.124,2,0
2406,447.667,240.358,2,0
2407,498.24,294.366,2,0
2408,208.542,210.188,2,0
2409,227.437,129.652,2,0
2410,187.207,219.438,2,0
2411,116.797,91.3841,2,0
2412,176.902,110.373,2,0
2413,488.047,99.4715,2,0
2414,459.836,2,2,0
2415,418.089,256.681,2,0
2416,489.336,88.7235,2,0
2417,131.2,161.514,2,0
2418,537.434,220.709,2,0
2419,540.651,206.33,2,0
2420,35.4676,264.328,2,0
2421,86.5095,292.444,2,0
2422,61.7571,85.9721,2,0
2423,296.879,245.218,2,0
2424,106.685,141.679,2,0
2425,528.586,91.1945,2,0
2426,431.471,218.131,2,0
2427,40.3153,63.0349,2,0
2428,86.3419,269.302,2,0
2429,371.946,168.921,2,0
2430,115.138,174.197,2,0
2431,563.04,2,2,0
2432,121.974,16.0291,2,0
2433,151.492,283.563,2,0
2434,149.454,201.536,2,0
2435,201.21,108.077,2,0
2436,530.049,208.584,2,0
2437,460.074,88.0816,2,0
2438,78.902,110.646,2,0
2439,290.524,51.6809,2,0
2440,227.524,147.496,2,0
2441,128.748,49.2854,2,0
2442,320.722,47.7579,2,0
2443,295.121,259.669,2,0
2444,464.167,70.0739,2,0
2445,512.399,298,2,0
2446,451.699,234.506,2,0
2447,328.836,220.233,2,0
2448,255.539,185.339,2,0
2449,529.172,73.6181,2,0
2450,70.8184,155.345,2,0
2451,279.191,92.119,2,0
2452,453.514,169.071,2,0
2453,43.7808,60.9679,2,0
2454,317.338,238.408,2,0
2455,252.676,19.313,2,0
2456,17.0884,3.98702,2,0
2457,461.988,188.485,2,0
2458,199.89,94.2219,2,0
2459,546.683,104.417,2,0
2460,89.1406,285.918,2,0
2461,543.088,55.8896,2,0
2462,596.25,245.704,2,0
2463,488.116,231.789,2,0
2464,556.749,250.173,2,0
2465,43.7087,188.35,2,0
2466,421.046,80.3411,2,0
2467,347.267,100.608,2,0
2468,7.45318,249.503,2,0
2469,48.1923,294.493,2,0
2470,129.009,112.557,2,0
2471,204.009,118.417,2,0
2472,396.894,8.99376,2,0
2473,309.242,215.274,2,0
2474,424.929,54.8173,2,0
2475,536.007,15.3026,2,0
2476,509.42,167.362,2,0
2477,273.559,208.958,2,0
2478,76.7437,42.8208,2,0
2479,428.195,173.677,2,0
2480,59.8972,276.323,2,0
2481,152.753,204.052,2,0
2482,451.82,280.488,2,0
2483,499.297,202.62,2,0
2484,199.167,154.467,2,0
2485,176.438,255.272,2,0
2486,132.387,169.557,2,0
2487,193.537,175.295,2,0
2488,552.292,218.817,2,0
2489,501.967,164.834,2,0
2490,466.468,34.0924,2,0
2491,205.234,294.56,2,0
2492,431.45,287.376,2,0
2493,328.473,265.401,2,0
2494,570.943,179.917,2,0
2495,520.126,275.699,2,0
2496,456.988,111.837,2,0
2497,184.653,128.724,2,0
2498,247.786,52.1742,2,0
2499,0.903892,87.1255,2,0
2500,566.322,279.201,2,0
2501,483.047,60.0374,2,0
2502,88.0821,14.3863,2,0
2503,318.222,287.538,2,0
2504,139.325,39.1121,2,0
2505,230.078,161.905,2,0
2506,354.815,273.907,2,0
2507,135.235,117.72,2,0
2508,561.427,151.952,2,0
2509,271.521,176.418,2,0
2510,399.305,55.7921,2,0
2511,588.135,221.732,2,0
2512,9.88108,147.769,2,0
2513,448.962,55.2916,2,0
2514,116.594,182.27,2,0
2515,375.956,185.942,2,0
2516,529.034,55.9743,2,0
2517,149.253,61.8302,2,0
2518,437.576,247.286,2,0
2519,324.782,47.3941,2,0
2520,538.812,240.837,2,0
2521,315.781,253.081,2,0
2522,6.63875,206.62,2,0
2523,491.728,175.455,2,0
2524,579.74,187.389,2,0
2525,111.68,175.523,2,0
2526,344.344,5.47998,2,0
2527,64.4073,212.518,2,0
2528,577.265,252.281,2,0
2529,305.352,142.891,2,0
2530,557.805,159.28,2,0
2531,517.59,242.602,2,0
2532,546.441,21.1175,2,0
2533,5.16724,88.4864,2,0
2534,83.8954,197.855,2,0
2535,29.6959,43.4512,2,0
2536,358.87,298,2,0
2537,527.834,266.153,2,0
2538,390.77,287.424,2,0
2539,108.78,128.11,2,0
2540,257.283,125.021,2,0
2541,46.1976,258.554,2,0
2542,540.697,202.184,2,0
2543,248.493,204.519,2,0
2544,495.084,227.062,2,0
2545,65.5404,167.302,2,0
2546,306.667,59.1219,2,0
2547,53.5548,76.8814,2,0
2548,307.484,246.961,2,0
2549,452.248,213.261,2,0
2550,579.535,245.47,2,0
2551,219.074,123.242,2,0
2552,130.062,52.9217,2,0
2553,70.1078,106.175,2,0
2554,547.731,133.919,2,0
2555,533.372,117.43,2,0
2556,340.233,224.503,2,0
2557,227.208,179.046,2,0
2558,2.74015,58.0682,2,0
2559,151.373,266.991,2,0
2560,120.762,165.094,2,0
2561,201.126,9.02669,2,0
2562,325.965,204.293,2,0
2563,519.651,214.778,2,0
2564,134.848,185.661,2,0
2565,575.872,213.989,2,0
2566,505.533,58.0911,2,0
2567,128.46,152.38,2,0
2568,315.216,271.685,2,0
2569,510.314,2,2,0
2570,38.0764,276.934,2,0
2571,283.715,116.365,2,0
2572,320.934,239.92,2,0
2573,114.826,193.908,2,0
2574,382.673,287.373,2,0
2575,27.6122,151.65,2,0
2576,469.322,23.6365,2,0
2577,284.394,222.528,2,0
2578,345.307,163.035,2,0
2579,137.247,105.825,2,0
2580,494.422,182.051,2,0
2581,302.148,49.0946,2,0
2582,264.668,2,2,0
2583,292.118,69.2051,2,0
2584,186.685,105.946,2,0
2585,5.06568,45.9682,2,0
2586,278.114,14.5634,2,0
2587,418.775,209.916,2,0
2588,333.674,22.2784,2,0
2589,359.216,113.4,2,0
2590,407.478,226.628,2,0
2591,16.4185,164.952,2,0
2592,269.661,78.1137,2,0
2593,310.744,69.1573,2,0
2594,372.746,210.024,2,0
2595,369.274,154.632,2,0
2596,353.192,193.755,2,0
2597,435.524,266.728,2,0
2598,113.575,61.2339,2,0
2599,126.413,235.887,2,0
2600,332.821,54.3231,2,0
2601,337.204,80.7336,2,0
2602,69.8479,199.614,2,0
2603,81.7334,59.1515,2,0
2604,114.915,287.552,2,0
2605,417.38,15.9896,2,0
2606,544.649,67.7107,2,0
2607,122.319,190.481,2,0
2608,560.636,202.073,2,0
2609,366.214,30.2947,2,0
2610,363.264,66.4654,2,0
2611,330.333,254.723,2,0
2612,177.923,106.498,2,0
2613,216.305,156.813,2,0
2614,515.966,216.894,2,0
2615,264.846,45.883,2,0
2616,334.57,192.608,2,0
2617,437.548,149.745,2,0
2618,409.262,15.9413,2,0
2619,505.388,197.655,2,0
2620,223.561,66.8696,2,0
2621,407.293,257.452,2,0
2622,411.113,5.42549,2,0
2623,113.508,53.1783,2,0
2624,470.951,211.436,2,0
2625,537.119,212.608,2,0
2626,462.9,124.523,2,0
2627,572.819,210.072,2,0
2628,253.972,228.678,2,0
2629,526.641,210.595,2,0
2630,106.431,152.456,2,0
2631,591.311,250.158,2,0
2632,87.1559,195.196,2,0
2633,19.4885,193.303,2,0
2634,566.001,290.979,2,0
2635,84.7446,16.6153,2,0
2636,580.229,249.565,2,0
2637,391.191,36.2795,2,0
2638,371.944,39.3434,2,0
2639,529.079,103.424,2,0
2640,223.329,180.177,2,0
2641,164.184,136.603,2,0
2642,31.1163,202.13,2,0
2643,400.661,62.0683,2,0
2644,559.265,148.467,2,0
2645,589.12,284.063,2,0
2646,542.272,265.049,2,0
2647,297.845,280.579,2,0
2648,483.268,156.038,2,0
2649,17.8868,112.273,2,0
2650,394.771,88.3079,2,0
2651,371.572,54.2808,2,0
2652,539.702,253.302,2,0
2653,66.2741,241.39,2,0
2654,553.644,284.581,2,0
2655,426.034,224.893,2,0
2656,363.015,87.5153,2,0
2657,542.014,139.605,2,0
2658,441.575,283.965,2,0
2659,556.175,234.416,2,0
2660,514.13,244.878,2,0
2661,384.567,298,2,0
2662,66.9889,11.4732,2,0
2663,465.423,190.795,2,0
2664,398.092,245.959,2,0
2665,230.787,154.798,2,0
2666,576.511,224.857,2,0
2667,219.783,164.341,2,0
2668,328.537,298,2,0
2669,231.644,256.147,2,0
2670,379.147,188.355,2,0
2671,16.8921,53.9274,2,0
2672,441.366,47.6806,2,0
2673,310.43,58.3513,2,0
2674,398.884,287.431,2,0
2675,297.896,193.834,2,0
2676,241.038,83.6647,2,0
2677,423.36,13.1419,2,0
2678,110.466,170.356,2,0
2679,147.638,294.067,2,0
2680,476.082,127.749,2,0
2681,63.6575,45.97,2,0
2682,536.99,200.294,2,0
2683,179.938,128.55,2,0
2684,264.537,250.276,2,0
2685,4.63465,186.764,2,0
2686,399.09,199.103,2,0
2687,135.934,113.762,2,0
2688,541.483,169.187,2,0
2689,493.06,163.427,2,0
2690,321.104,217.197,2,0
2691,249.733,229.263,2,0
2692,407.39,105.774,2,0
2693,462.791,58.6958,2,0
2694,485.991,294.13,2,0
2695,67.3259,29.1633,2,0
2696,85.1577,77.2474,2,0
2697,277.636,179.888,2,0
2698,571.809,230.108,2,0
2699,176.05,280.952,2,0
2700,185.579,226.352,2,0
2701,436.788,54.5078,2,0
2702,119.358,257.358,2,0
2703,235.47,229.776,2,0
2704,291.944,298,2,0
2705,429.883,95.6649,2,0
2706,26.9242,227.336,2,0
2707,224.799,228.191,2,0
2708,525.374,280.108,2,0
2709,36.2578,185.199,2,0
2710,136.915,241.042,2,0
2711,147.099,221.983,2,0
2712,384.411,85.5475,2,0
2713,117.598,261.03,2,0
2714,419.315,220.879,2,0
2715,301.56,230.637,2,0
2716,5.83032,72.1619,2,0
2717,116.589,95.3491,2,0
2718,597.298,131.937,2,0
2719,483.797,21.0732,2,0
2720,0.260933,256.251,2,0
2721,323.1,151.977,2,0
2722,19.1675,41.7622,2,0
2723,508.659,273.83,2,0
2724,172.877,262.508,2,0
2725,329.381,94.8784,2,0
2726,127.158,211.286,2,0
2727,485.496,87.6083,2,0
2728,145.902,117.924,2,0
2729,243.563,114.422,2,0
2730,330.351,105.619,2,0
2731,167.84,126.514,2,0
2732,459.599,177.915,2,0
2733,232.8,27.3792,2,0
2734,367.64,219.664,2,0
2735,152.632,254.01,2,0
2736,261.171,3.38742,2,0
2737,528.871,19.471,2,0
2738,445.129,251.011,2,0
2739,583.526,30.1011,2,0
2740,100.98,246.237,2,0
2741,373.821,139.021,2,0
2742,198.836,28.1478,2,0
2743,548.874,76.8186,2,0
2744,303.992,133.54,2,0
2745,526.5,206.634,2,0
2746,567.038,16.0213,2,0
2747,179.259,145.973,2,0
2748,45.1648,46.8018,2,0
2749,437.528,276.874,2,0
2750,533.172,113.377,2,0
2751,360.657,218.377,2,0
2752,267.416,101.538,2,0
2753,546.481,294.294,2,0
2754,572.746,240.643,2,0
2755,36.5362,31.2619,2,0
2756,160.473,228.343,2,0
2757,324.358,298,2,0
2758,225.686,197.456,2,0
2759,386.267,5.09069,2,0
2760,277.806,53.7998,2,0
2761,289.553,111.987,2,0
2762,225.778,50.8401,2,0
2763,187.499,136.582,2,0
2764,171.871,184.587,2,0
2765,228.409,207.751,2,0
2766,279.634,117.06,2,0
2767,219.47,255.58,2,0
2768,203.268,96.288,2,0
2769,469.131,154.305,2,0
2770,425.997,64.5922,2,0
2771,512.479,218.906,2,0
2772,446.569,209.006,2,0
2773,341.366,94.7862,2,0
2774,244.882,271.929,2,0
2775,14.4401,179.497,2,0
2776,52.6482,203.783,2,0
2777,300.279,78.5022,2,0
2778,433.904,39.4899,2,0
2779,205.448,219.485,2,0
2780,363.104,202.491,2,0
2781,271.381,169.457,2,0
2782,388.515,226.452,2,0
2783,222.741,31.366,2,0
2784,85.893,54.411,2,0
2785,514.728,35.5674,2,0
2786,116.643,212.479,2,0
2787,38.9585,178.688,2,0
2788,324.954,218.78,2,0
2789,378.577,218.96,2,0
2790,567.049,80.4069,2,0
2791,48.8181,155.509,2,0
2792,137.554,149.148,2,0
2793,49.1173,138.837,2,0
2794,409.79,167.277,2,0
2795,388.877,8.04304,2,0
2796,112.559,46.7683,2,0
2797,536.776,298,2,0
2798,505.619,154.124,2,0
2799,498.517,123.364,2,0
2800,41.0915,90.1633,2,0
2801,55.8558,231.818,2,0
2802,565.484,84.1791,2,0
2803,392.468,263.788,2,0
2804,147.621,217.992,2,0
2805,470.338,228.848,2,0
2806,84.1248,143.583,2,0
2807,501.609,222.146,2,0
2808,119.944,12.5671,2,0
2809,67.7746,183.436,2,0
2810,591.32,178.607,2,0
2811,369.364,186.499,2,0
2812,243.896,167.015,2,0
2813,34.9399,147.099,2,0
2814,269.767,55.7865,2,0
2815,119.225,268.503,2,0
2816,407.99,66.9719,2,0
2817,19.2965,45.8171,2,0
2818,535.468,243.151,2,0
2819,491.894,233.376,2,0
2820,387.773,29.0671,2,0
2821,153.756,170.589,2,0
2822,390.213,256.025,2,0
2823,502.97,250.999,2,0
2824,12.1265,45.8549,2,0
2825,116.933,290.979,2,0
2826,102.508,205.691,2,0
2827,11.5092,266.349,2,0
2828,516.301,229.243,2,0
2829,328.283,283.978,2,0
2830,154.144,222.849,2,0
2831,247.221,2,2,0
2832,558.092,267.827,2,0
2833,450.592,209.485,2,0
2834,516.171,191.933,2,0
2835,161.114,84.0248,2,0
2836,236.414,206.425,2,0
2837,406.741,127.061,2,0
2838,365.149,235.837,2,0
2839,587.359,225.531,2,0
2840,142.986,287.453,2,0
2841,194.816,140.359,2,0
2842,481.194,264.667,2,0
2843,415.184,43.618,2,0
2844,357.527,183.857,2,0
2845,548.66,254.852,2,0
2846,346.056,251.261,2,0
2847,143.611,281.051,2,0
2848,255.487,224.989,2,0
2849,469.825,146.063,2,0
2850,73.7068,124.317,2,0
2851,285.493,11.0911,2,0
2852,2.6643,127.346,2,0
2853,590.569,218.868,2,0
2854,387.083,181.164,2,0
2855,238.322,106.042,2,0
2856,555.923,111.541,2,0
2857,532.454,45.8663,2,0
2858,518.526,286.755,2,0
2859,191.622,146.669,2,0
2860,265.704,237.361,2,0
2861,123.362,99.7097,2,0
2862,272.155,107.686,2,0
2863,463.812,44.4287,2,0
2864,69.1938,159.099,2,0
2865,43.0183,66.0765,2,0
2866,197.463,21.2343,2,0
2867,365.967,115.257,2,0
2868,465.056,159.959,2,0
2869,198.173,138.109,2,0
2870,185.856,73.4436,2,0
2871,473.098,55.8072,2,0
2872,563.738,189.037,2,0
2873,251.892,214.751,2,0
2874,449.719,223.164,2,0
2875,243.291,290.923,2,0
2876,240.194,112.294,2,0
2877,101.59,8.989,2,0
2878,103.297,115.703,2,0
2879,295.462,202.986,2,0
2880,192.71,69.0542,2,0
2881,242.092,59.4524,2,0
2882,269.596,180,2,0
2883,283.383,7.55825,2,0
2884,547.94,213.385,2,0
2885,351.548,165.336,2,0
2886,104.012,155.564,2,0
2887,214.566,47.4024,2,0
2888,352.963,230.86,2,0
2889,73.0655,158.528,2,0
2890,580.18,101.664,2,0
2891,463.083,133.18,2,0
2892,418.57,252.625,2,0
2893,237.399,32.7025,2,0
2894,497.952,128.888,2,0
2895,439.612,280.37,2,0
2896,584.678,74.9447,2,0
2897,257.275,2,2,0
2898,424.002,180.773,2,0
2899,331.986,2,2,0
2900,145.766,230.086,2,0
2901,171.153,144.759,2,0
2902,459.619,142.868,2,0
2903,455.536,148.72,2,0
2904,375.79,236.538,2,0
2905,394.834,287.379,2,0
2906,392.039,224.979,2,0
2907,363.038,137.917,2,0
2908,69.35,195.645,2,0
2909,585.086,284.231,2,0
2910,217.873,171.592,2,0
2911,55.3255,197.221,2,0
2912,93.3684,157.839,2,0
2913,544.335,118.15,2,0
2914,328.634,133.393,2,0
2915,245.864,177.993,2,0
2916,474.35,102.539,2,0
2917,294.723,226.482,2,0
2918,186.67,9.07343,2,0
2919,63.897,253.042,2,0
2920,40.0203,273.369,2,0
2921,566.187,283.954,2,0
2922,63.6744,278.12,2,0
2923,477.362,177.775,2,0
2924,594.734,81.7608,2,0
2925,215.825,126.159,2,0
2926,113.722,226.238,2,0
2927,557.55,263.819,2,0
2928,105.497,159.391,2,0
2929,238.905,155.832,2,0
2930,267.64,48.7667,2,0
2931,359.735,124.093,2,0
2932,138.263,232.968,2,0
2933,113.658,261.389,2,0
2934,38.4993,38.4116,2,0
2935,278.619,28.5711,2,0
2936,145.155,234.05,2,0
2937,380.244,46.4591,2,0
2938,130.495,116.501,2,0
2939,530.086,196.149,2,0
2940,62.6663,71.2416,2,0
2941,59.5347,132.462,2,0
2942,514.79,31.6678,2,0
2943,554.376,168.101,2,0
2944,590.191,112.175,2,0
2945,274.946,50.8841,2,0
2946,283.935,290.918,2,0
2947,307.523,100.348,2,0
2948,402.699,127.032,2,0
2949,2.72179,155.899,2,0
2950,463.083,85.2753,2,0
2951,83.0221,154.371,2,0
2952,153.303,157.138,2,0
2953,509.117,212.58,2,0
2954,413.646,38.565,2,0
2955,420.271,142.975,2,0
2956,41.2906,98.2814,2,0
2957,435.725,16.0009,2,0
2958,505.007,211.923,2,0
2959,159.05,4.02184,2,0
2960,404.021,255.035,2,0
2961,354.029,252.527,2,0
2962,494.317,2,2,0
2963,322.45,294.567,2,0
2964,494.174,93.9366,2,0
2965,423,126.956,2,0
2966,227.538,105.274,2,0
2967,277.607,172.888,2,0
2968,225.73,98.5029,2,0
2969,505.073,161.345,2,0
2970,477.29,99.6613,2,0
2971,0.926612,185.246,2,0
2972,311.808,54.5433,2,0
2973,37.144,224.078,2,0
2974,431.931,79.646,2,0
2975,384.8,26.2014,2,0
2976,458.69,126.724,2,0
2977,298.774,151.521,2,0
2978,336.705,92.0548,2,0
2979,57.1985,182.689,2,0
2980,174.258,51.9556,2,0
2981,565.982,275.245,2,0
2982,318.122,219.834,2,0
2983,18.8125,50.3788,2,0
2984,207.148,227.386,2,0
2985,584,42.4542,2,0
2986,163.245,70.0727,2,0
2987,225.315,259.454,2,0
2988,13.1041,75.5989,2,0
2989,29.0603,53.445,2,0
2990,537.068,72.804,2,0
2991,23.9236,153.295,2,0
2992,282.879,74.5988,2,0
2993,545.757,240.419,2,0
2994,158.548,275.073,2,0
2995,342.91,152.277,2,0
2996,21.2769,60.8382,2,0
2997,247.861,32.6374,2,0
2998,251.482,284.012,2,0
2999,306.444,158.962,2,0
3000,325.342,200.272,2,0
3001,89.5316,9.02712,2,0
3002,101.116,131.696,2,0
3003,543.062,27.3518,2,0
3004,295.897,57.6655,2,0
3005,91.3998,12.5616,2,0
3006,5.5084,12.5105,2,0
3007,380.308,170.955,2,0
3008,587.995,196.175,2,0
3009,353.686,161.915,2,0
3010,77.4476,8.92505,2,0
3011,418.735,100.507,2,0
3012,14.919,183.671,2,0
3013,289.142,122.382,2,0
3014,560.685,228.628,2,0
3015,415.188,20.4047,2,0
3016,465.053,280.756,2,0
3017,271.099,40.0571,2,0
3018,237.139,45.6857,2,0
3019,260.287,21.9873,2,0
3020,486.223,5.50756,2,0
3021,131.106,79.5342,2,0
3022,264.192,23.2506,2,0
3023,17.8016,283.911,2,0
3024,558.867,275.968,2,0
3025,269.59,186.984,2,0
3026,338.421,235.113,2,0
3027,358.299,42.5065,2,0
3028,402.332,39.1689,2,0
3029,530.454,168.811,2,0
3030,355.549,256.323,2,0
3031,528.986,35.6383,2,0
3032,343.664,271.038,2,0
3033,253.949,111.513,2,0
3034,139.222,128.08,2,0
3035,225.163,5.99138,2,0
3036,167.42,169.663,2,0
3037,513.662,98.6248,2,0
3038,484.302,14.055,2,0
3039,523.116,208.648,2,0
3040,419.991,61.7208,2,0
3041,157.219,157.25,2,0
3042,9.00143,78.5136,2,0
3043,74.8241,154.928,2,0
3044,62.6812,110.071,2,0
3045,448.681,118.977,2,0
3046,27.8872,204.645,2,0
3047,452.921,206.169,2,0
3048,465.832,200.566,2,0
3049,343.268,61.4078,2,0
3050,8.12264,23.637,2,0
3051,180.427,221.554,2,0
3052,425.221,137.779,2,0
3053,13.3746,121.895,2,0
3054,291.813,19.7811,2,0
3055,568.803,241.779,2,0
3056,258.332,121.246,2,0
3057,466.211,218.172,2,0
3058,358.647,32.0251,2,0
3059,146.001,99.2851,2,0
3060,89.7448,109.828,2,0
3061,487.705,279.7,2,0
3062,417.339,9.01816,2,0
3063,543.351,158.23,2,0
3064,245.556,93.3982,2,0
3065,260.518,61.1113,2,0
3066,134.259,16.5285,2,0
3067,454.03,165.028,2,0
3068,526.459,262.353,2,0
3069,393.045,190.206,2,0
3070,299.367,248.382,2,0
3071,392.56,137.357,2,0
3072,83.0152,260.095,2,0
3073,486.286,91.5252,2,0
3074,22.7692,221.579,2,0
3075,193.002,81.5187,2,0
3076,224.337,20.7056,2,0
3077,512.673,185.75,2,0
3078,374.209,149.665,2,0
3079,417.518,27.466,2,0
3080,337.696,22.0839,2,0
3081,110.43,131.624,2,0
3082,93.0535,40.6375,2,0
3083,495.76,53.816,2,0
3084,593.58,182.039,2,0
3085,560.679,52.4967,2,0
3086,109.605,159.636,2,0
3087,308.705,254.009,2,0
3088,556.627,202.346,2,0
3089,325.36,245.388,2,0
3090,16.5876,230.407,2,0
3091,318.342,269.098,2,0
3092,361.345,25.0923,2,0
3093,41.8452,172.188,2,0
3094,482.368,164.06,2,0
3095,564.015,294.473,2,0
3096,504.897,215.996,2,0
3097,182.98,229.278,2,0
3098,207.212,82.1706,2,0
3099,596.274,256.663,2,0
3100,464.518,62.2059,2,0
3101,122.373,133.372,2,0
3102,25.5807,215.13,2,0
3103,445.433,130.149,2,0
3104,593.846,253.4,2,0
3105,6.40554,105.237,2,0
3106,15.5939,143.388,2,0
3107,388.715,298,2,0
3108,467.227,96.8203,2,0
3109,142.106,9.36034,2,0
3110,342.235,194.997,2,0
3111,38.4446,66.674,2,0
3112,127.255,156.171,2,0
3113,64.6552,99.7455,2,0
3114,55.9612,134.563,2,0
3115,431.629,294.433,2,0
3116,394.853,280.211,2,0
3117,70.8186,102.098,2,0
3118,11.7299,25.687,2,0
3119,354.233,213.328,2,0
3120,423.256,40.3586,2,0
3121,223.468,129.177,2,0
3122,388.166,236.834,2,0
3123,280.252,200.583,2,0
3124,105.348,189.208,2,0
3125,569.8,66.0924,2,0
3126,1.58583,193.529,2,0
3127,187.054,30.5679,2,0
3128,231.651,223.845,2,0
3129,338.176,212.451,2,0
3130,192.817,229.284,2,0
3131,117.162,55.1268,2,0
3132,59.9432,36.0507,2,0
3133,479.973,45.5912,2,0
3134,425.484,50.9177,2,0
3135,234.141,270.541,2,0
3136,34.8301,203.74,2,0
3137,355.16,245.439,2,0
3138,515.363,257.213,2,0
3139,152.89,56.0311,2,0
3140,154.137,191.874,2,0
3141,287.842,146.167,2,0
3142,255.746,274.016,2,0
3143,483.389,186.714,2,0
3144,379.407,256.864,2,0
3145,319.03,122.362,2,0
3146,403.358,220.306,2,0
3147,283.833,183.287,2,0
3148,244.433,159.838,2,0
3149,239.521,131.006,2,0
3150,94.0724,150.94,2,0
3151,484.529,38.8609,2,0
3152,82.4495,39.259,2,0
3153,351.998,277.768,2,0
3154,121.587,260.721,2,0
3155,24.3135,141.13,2,0
3156,185.877,167.611,2,0
3157,448.972,183.65,2,0
3158,517.822,246.613,2,0
3159,351.419,69.763,2,0
3160,551.749,134.879,2,0
3161,359.086,291.065,2,0
3162,511.398,17.233,2,0
3163,578.136,298,2,0
3164,119.408,143.897,2,0
3165,395.734,80.2629,2,0
3166,378.745,13.0595,2,0
3167,70.6452,71.4237,2,0
3168,580.879,52.766,2,0
3169,443.475,23.2655,2,0
3170,330.715,173.292,2,0
3171,200.69,236.084,2,0
3172,373.983,66.553,2,0
3173,86.4376,147.02,2,0
3174,338.845,284.226,2,0
3175,249.455,92.4851,2,0
3176,60.9991,159.881,2,0
3177,271.873,43.8747,2,0
3178,252.537,143.227,2,0
3179,204.353,181.745,2,0
3180,121.284,30.2106,2,0
3181,293.083,97.7564,2,0
3182,269.304,126.516,2,0
3183,336.251,32.7259,2,0
3184,402.495,170.757,2,0
3185,38.9432,262.363,2,0
3186,74.5581,23.3264,2,0
3187,60.0183,68.1518,2,0
3188,235.976,254.776,2,0
3189,352.919,12.2291,2,0
3190,81.2565,158.132,2,0
3191,445.759,291.013,2,0
3192,392.908,8.98507,2,0
3193,484.588,229.384,2,0
3194,146.501,278.281,2,0
3195,272.02,129.569,2,0
3196,382.936,213.466,2,0
3197,346.65,287.128,2,0
3198,353.213,5.53006,2,0
3199,199.639,65.4957,2,0
3200,180.776,188.815,2,0
3201,237.647,95.358,2,0
3202,573.998,91.3044,2,0
3203,62.6786,156.131,2,0
3204,22.8575,43.7245,2,0
3205,430.692,225.14,2,0
3206,287.778,162.356,2,0
3207,169.374,161.683,2,0
3208,434.792,31.3535,2,0
3209,238.493,220.301,2,0
3210,95.6397,83.6418,2,0
3211,170.03,151.798,2,0
3212,244.772,181.865,2,0
3213,252.904,193.181,2,0
3214,496.243,298,2,0
3215,549.6,229.509,2,0
3216,155.703,210.478,2,0
3217,388.256,83.7269,2,0
3218,163.726,154.349,2,0
3219,291.853,169.186,2,0
3220,489.568,195.501,2,0
3221,347.972,189.199,2,0
3222,360.556,77.0199,2,0
3223,460.854,106.203,2,0
3224,255.385,269.925,2,0
3225,594.332,91.105,2,0
3226,11.8469,29.697,2,0
3227,158.864,25.5908,2,0
3228,534.978,285.412,2,0
3229,280.874,277.903,2,0
3230,17.0346,234.452,2,0
3231,271.729,140.955,2,0
3232,225.835,252.513,2,0
3233,551.162,199.672,2,0
3234,574.69,247.492,2,0
3235,423.605,200.395,2,0
3236,289.861,193.925,2,0
3237,517,144.634,2,0
3238,243.672,46.3609,2,0
3239,36.0178,5.40234,2,0
3240,58.3751,291.025,2,0
3241,466.76,58.8645,2,0
3242,335.442,241.803,2,0
3243,480.358,271.717,2,0
3244,582.154,91.0092,2,0
3245,98.5789,140.482,2,0
3246,456.03,10.3903,2,0
3247,143.936,265.275,2,0
3248,345.303,93.8241,2,0
3249,67.6646,284.087,2,0
3250,241.112,152.554,2,0
3251,549.44,85.9678,2,0
3252,149.71,9.41801,2,0
3253,31.5392,175.436,2,0
3254,18.633,13.3748,2,0
3255,162.129,150.525,2,0
3256,81.6502,63.0808,2,0
3257,588.686,134.5,2,0
3258,573.428,126.83,2,0
3259,45.1789,116.46,2,0
3260,402.521,141.96,2,0
3261,28.8967,212.629,2,0
3262,342.751,86.8858,2,0
3263,469.508,81.8555,2,0
3264,475.982,45.2273,2,0
3265,391.163,56.161,2,0
3266,280.759,88.4756,2,0
3267,18.737,105.297,2,0
3268,342.208,121.052,2,0
3269,317.741,242.398,2,0
3270,178.229,155.746,2,0
3271,147.569,153.213,2,0
3272,574.646,172.487,2,0
3273,412.789,130.481,2,0
3274,425.27,188.401,2,0
3275,435.81,68.7054,2,0
3276,93.8643,250.271,2,0
3277,488.073,142.092,2,0
3278,427.951,194.953,2,0
3279,475.377,52.3957,2,0
3280,76.6849,130.965,2,0
3281,474.801,87.6263,2,0
3282,367.037,247.64,2,0
3283,364.872,119.269,2,0
3284,136.309,222.552,2,0
3285,387.815,87.6969,2,0
3286,599.203,234.027,2,0
3287,218.492,284.689,2,0
3288,370.961,69.364,2,0
3289,374.621,51.5702,2,0
3290,117.086,71.2558,2,0
3291,386.772,287.416,2,0
3292,282.924,263.067,2,0
3293,598.399,156.592,2,0
3294,537.079,134.849,2,0
3295,242.207,105.002,2,0
3296,164.571,77.9023,2,0
3297,596.471,240.644,2,0
3298,165.769,233.034,2,0
3299,578.114,158.187,2,0
3300,243.22,75.812,2,0
3301,480.133,2,2,0
3302,223.297,298,2,0
3303,298.669,269.704,2,0
3304,34.1513,94.3328,2,0
3305,529.397,150.369,2,0
3306,288.472,17.4062,2,0
3307,258.319,209.639,2,0
3308,567.132,2,2,0
3309,404.793,181.409,2,0
3310,427.964,263.405,2,0
3311,135.097,294.501,2,0
3312,57.0917,25.8415,2,0
3313,125.268,196.915,2,0
3314,314.161,294.536,2,0
3315,159.767,72.0904,2,0
3316,370.79,249.156,2,0
3317,564.44,142.426,2,0
3318,249.851,105.696,2,0
3319,82.1273,113.191,2,0
3320,353.639,132.74,2,0
3321,331.172,236.252,2,0
3322,20.8043,101.806,2,0
3323,81.0614,133.283,2,0
3324,74.2973,120.434,2,0
3325,166.201,258.255,2,0
3326,541.622,282.752,2,0
3327,392.346,77.8529,2,0
3328,464.356,255.782,2,0
3329,332.902,127.694,2,0
3330,549.442,195.233,2,0
3331,580.415,223.777,2,0
3332,308.338,76.8266,2,0
3333,424.035,61.1776,2,0
3334,535.943,51.8347,2,0
3335,467.462,204.172,2,0
3336,443.981,69.1919,2,0
3337,573.403,40.6731,2,0
3338,100.075,230.012,2,0
3339,137.009,291.137,2,0
3340,417.58,261.031,2,0
3341,412.62,34.7273,2,0
3342,572.584,270.399,2,0
3343,495.182,156.635,2,0
3344,250.283,249.512,2,0
3345,456.102,69.6448,2,0
3346,72.2139,216.213,2,0
3347,473.971,244.743,2,0
3348,217.934,199.717,2,0
3349,525.358,37.7353,2,0
3350,301.499,104.089,2,0
3351,265.361,180.105,2,0
3352,80.0557,241.63,2,0
3353,143.07,170.057,2,0
3354,268.535,260.708,2,0
3355,514.81,47.8321,2,0
3356,466.303,122.141,2,0
3357,597.642,187.727,2,0
3358,105.358,213.422,2,0
3359,394.875,12.4696,2,0
3360,34.7449,239.452,2,0
3361,342.14,28.9661,2,0
3362,523.281,128.197,2,0
3363,351.341,175.178,2,0
3364,110.774,112.701,2,0
3365,160.535,31.5017,2,0
3366,294.815,72.3136,2,0
3367,162.725,132.83,2,0
3368,274.754,34.5563,2,0
3369,48.1771,287.494,2,0
3370,27.8562,139.064,2,0
3371,270.203,82.8309,2,0
3372,81.7025,117.196,2,0
3373,145.156,256.938,2,0
3374,190.846,58.8423,2,0
3375,272.515,58.7618,2,0
3376,337.442,276.277,2,0
3377,119.779,218.758,2,0
3378,558.11,166.429,2,0
3379,502.978,200.832,2,0
3380,368.437,143.765,2,0
3381,521.224,99.7326,2,0
3382,193.023,85.6599,2,0
3383,508.225,47.5734,2,0
3384,554.937,270.316,2,0
3385,424.695,192.363,2,0
3386,128.332,38.4451,2,0
3387,339.903,83.8912,2,0
3388,295.978,176.261,2,0
3389,214.284,86.4626,2,0
3390,516.178,187.792,2,0
3391,88.8473,59.0217,2,0
3392,169.04,277.204,2,0
3393,58.311,221.338,2,0
3394,92.9518,16.2963,2,0
3395,239.381,102.258,2,0
3396,124.021,12.4707,2,0
3397,542.757,2,2,0
3398,481.621,145.02,2,0
3399,502.636,234.671,2,0
3400,344.392,32.3599,2,0
3401,449.895,216.629,2,0
3402,51.6232,48.5159,2,0
3403,93.5222,190.312,2,0
3404,358.813,187.692,2,0
3405,127.773,26.7903,2,0
3406,451.759,269.453,2,0
3407,19.0135,57.4252,2,0
3408,205.373,249.828,2,0
3409,472.565,156.762,2,0
3410,165.586,17.054,2,0
3411,34.12,90.1746,2,0
3412,544.228,279.544,2,0
3413,304.366,37.4134,2,0
3414,374.906,266.838,2,0
3415,93.6298,258.334,2,0
3416,404.883,208.095,2,0
3417,486.744,236.766,2,0
3418,27.8268,143.077,2,0
3419,124.177,71.3627,2,0
3420,40.1478,280.34,2,0
3421,218.93,96.7858,2,0
3422,7.85515,214.782,2,0
3423,287.284,33.5473,2,0
3424,155.773,2,2,0
3425,485.38,120.95,2,0
3426,542.839,94.5192,2,0
3427,352.948,38.4089,2,0
3428,369.376,272.817,2,0
3429,305.996,280.242,2,0
3430,29.9193,290.957,2,0
3431,447.701,269.345,2,0
3432,449.507,18.0973,2,0
3433,562.246,273.542,2,0
3434,444.343,247.031,2,0
3435,162.978,14.0857,2,0
3436,493.858,50.1614,2,0
3437,17.232,124.773,2,0
3438,309.669,83.8514,2,0
3439,56.0035,138.719,2,0
3440,140.877,283.986,2,0
3441,406.123,83.2459,2,0
3442,598.037,200.676,2,0
3443,317.965,201.521,2,0
3444,372.48,157.46,2,0
3445,156.601,49.6859,2,0
3446,210.437,202.355,2,0
3447,155.237,107.368,2,0
3448,347.457,158.673,2,0
3449,476.737,63.0674,2,0
3450,552.107,280.782,2,0
3451,90.4014,235.467,2,0
3452,200.065,118.818,2,0
3453,481.974,17.4056,2,0
3454,5.31044,159.247,2,0
3455,290.745,94.5823,2,0
3456,394.461,119.842,2,0
3457,27.8351,265.973,2,0
3458,297.04,40.8502,2,0
3459,139.061,191.778,2,0
3460,400.615,213.708,2,0
3461,78.3216,65.0693,2,0
3462,549.148,221.434,2,0
3463,426.253,177.304,2,0
3464,299.991,176.303,2,0
3465,204.345,237.779,2,0
3466,380.199,206.998,2,0
3467,359.294,177.002,2,0
3468,38.1777,112.542,2,0
3469,246.548,24.6688,2,0
3470,365.261,26.3057,2,0
3471,73.0223,245.619,2,0
3472,569.986,158.597,2,0
3473,285.346,67.0695,2,0
3474,398.964,5.47528,2,0
3475,114.357,132.27,2,0
3476,168.784,264.991,2,0
3477,188.349,102.289,2,0
3478,417.207,195.329,2,0
3479,167.834,196.119,2,0
3480,584.291,50.751,2,0
3481,266.733,162.312,2,0
3482,99.5389,5.44972,2,0
3483,342.645,75.9626,2,0
3484,544.739,206.283,2,0
3485,70.5862,75.4008,2,0
3486,135.546,280.281,2,0
3487,127.126,249.9,2,0
3488,447.473,244.408,2,0
3489,465.923,273.483,2,0
3490,506.114,51.0076,2,0
3491,467.089,85.0429,2,0
3492,8.32022,188.429,2,0
3493,562.04,240.252,2,0
3494,98.7159,94.1931,2,0
3495,88.5802,175.682,2,0
3496,283.655,169.331,2,0
3497,249.398,280.447,2,0
3498,331.111,143.728,2,0
3499,521.778,59.2341,2,0
3500,575.018,179.644,2,0
3501,2.02589,199.721,2,0
3502,325.699,290.537,2,0
3503,594.388,105.131,2,0
3504,247.513,252.329,2,0
3505,68.3848,294.617,2,0
3506,188.793,186.603,2,0
3507,241.939,201.977,2,0
3508,316.475,257.044,2,0
3509,454.905,26.1724,2,0
3510,514.999,15.2784,2,0
3511,75.2522,287.475,2,0
3512,38.396,24.0576,2,0
3513,584.523,58.8664,2,0
3514,473.379,148.526,2,0
3515,352.042,237.863,2,0
3516,67.5343,23.7494,2,0
3517,526.569,2,2,0
3518,519.647,226.997,2,0
3519,439.983,160.167,2,0
3520,232.571,240.074,2,0
3521,527.586,63.226,2,0
3522,491.201,179.56,2,0
3523,361.337,5.40807,2,0
3524,554.486,131.812,2,0
3525,583.581,34.1899,2,0
3526,202.546,152.17,2,0
3527,335.663,116.923,2,0
3528,84.9605,119.574,2,0
3529,552.545,78.4468,2,0
3530,595.157,64.6986,2,0
3531,275.572,169.397,2,0
3532,380.743,27.036,2,0
3533,550.312,206.77,2,0
3534,48.9934,45.4606,2,0
3535,165.598,5.36567,2,0
3536,459.676,2,2,0
3537,95.8083,154.574,2,0
3538,324.003,108.643,2,0
3539,122.413,107.719,2,0
3540,441.022,244.861,2,0
3541,101.98,96.571,2,0
3542,203.743,80.0326,2,0
3543,576.937,175.951,2,0
3544,224.678,102.471,2,0
3545,435.458,26.9932,2,0
3546,580.815,209.063,2,0
3547,249.849,127.827,2,0
3548,332.279,131.782,2,0
3549,418.78,183.42,2,0
3550,109.452,203.323,2,0
3551,307.343,114.698,2,0
3552,108.591,46.1267,2,0
3553,561.716,283.939,2,0
3554,74.7629,182.655,2,0
3555,507.721,104.186,2,0
3556,150.281,193.048,2,0
3557,90.9767,101.856,2,0
3558,206.826,94.4428,2,0
3559,164.711,247.45,2,0
3560,267.507,143.924,2,0
3561,128.599,239.307,2,0
3562,139.793,112.532,2,0
3563,445.456,85.4869,2,0
3564,526.555,214.865,2,0
3565,0.438528,108.699,2,0
3566,573.305,26.6395,2,0
3567,394.236,257.071,2,0
3568,76.5076,243.643,2,0
3569,107.58,110.076,2,0
3570,365.141,287.33,2,0
3571,52.1896,287.484,2,0
3572,577.18,12.5927,2,0
3573,76.2446,247.775,2,0
3574,109.689,225.271,2,0
3575,248.928,97.6473,2,0
3576,537.882,170.888,2,0
3577,68.5108,88.1127,2,0
3578,189,212.667,2,0
3579,475.113,106.621,2,0
3580,408.882,63.0866,2,0
3581,415.105,152.712,2,0
3582,380.95,31.1014,2,0
3583,496.191,142.88,2,0
3584,165.581,140.359,2,0
3585,246.112,78.6508,2,0
3586,372.568,259.055,2,0
3587,447.702,156.222,2,0
3588,398.788,273.099,2,0
3589,145.732,59.7729,2,0
3590,553.527,195.116,2,0
3591,370.566,199.523,2,0
3592,396.852,291.049,2,0
3593,127.301,182.657,2,0
3594,563.932,246.822,2,0
3595,421.485,189.869,2,0
3596,66.0596,148.649,2,0
3597,421.278,283.782,2,0
3598,509.133,162.502,2,0
3599,571.5,44.2807,2,0
3600,337.359,15.0461,2,0
3601,420.93,263.477,2,0
3602,458.094,266.094,2,0
3603,250.462,6.41466,2,0
3604,568.066,69.7849,2,0
3605,504.557,72.0059,2,0
3606,455.412,191.881,2,0
3607,60.285,78.9309,2,0
3608,267.099,258.011,2,0
3609,401.992,46.3458,2,0
3610,131.808,188.177,2,0
3611,403.386,156.571,2,0
3612,304.085,283.879,2,0
3613,104.663,262.677,2,0
3614,259.346,51.9824,2,0
3615,287.558,239.625,2,0
3616,489.812,49.8575,2,0
3617,31.9065,14.3884,2,0
3618,532.731,105.184,2,0
3619,463.206,51.5288,2,0
3620,417.296,283.755,2,0
3621,502.528,230.593,2,0
3622,175.014,205.154,2,0
3623,196.305,164.809,2,0
3624,300.073,134.358,2,0
3625,287.923,290.989,2,0
3626,149.465,78.5565,2,0
3627,515.994,212.842,2,0
3628,404.959,246.909,2,0
3629,275.861,290.985,2,0
3630,544.798,114.085,2,0
3631,407.455,29.7782,2,0
3632,64.6358,185.852,2,0
3633,237.38,258.539,2,0
3634,589.162,192.371,2,0
3635,387.462,91.8687,2,0
3636,89.0714,30.5837,2,0
3637,10.8102,50.7752,2,0
3638,483.175,124.124,2,0
3639,266.096,201.108,2,0
3640,152.332,185.177,2,0
3641,547.129,144.535,2,0
3642,569.167,272.739,2,0
3643,198.613,191.247,2,0
3644,524.111,276.209,2,0
3645,404.878,298,2,0
3646,72.3306,49.6049,2,0
3647,337.986,29.1219,2,0
3648,345.055,258.222,2,0
3649,13.6544,236.784,2,0
3650,326.245,226.762,2,0
3651,508.09,150.686,2,0
3652,76.8796,198.639,2,0
3653,406.593,120.073,2,0
3654,254.782,46.6588,2,0
3655,53.3836,66.0268,2,0
3656,253.329,57.3045,2,0
3657,89.1455,211.118,2,0
3658,250.933,117.936,2,0
3659,178.673,9.98453,2,0
3660,148.615,209.622,2,0
3661,438.752,180.37,2,0
3662,513.516,236.061,2,0
3663,539.57,25.3855,2,0
3664,77.9206,61.1373,2,0
3665,6.96526,241.394,2,0
3666,131.204,127.223,2,0
3667,125.048,281.557,2,0
3668,423.22,280.23,2,0
3669,101.632,127.758,2,0
3670,335.582,73.7138,2,0
3671,52.9507,177.031,2,0
3672,175.315,83.8981,2,0
3673,34.846,126.765,2,0
3674,349.699,284.431,2,0
3675,535.655,94.9068,2,0
3676,377.596,200.482,2,0
3677,57.6418,186.807,2,0
3678,26.4247,45.6754,2,0
3679,134.772,242.431,2,0
3680,411.831,182.15,2,0
3681,542.497,294.346,2,0
3682,392.864,16.0355,2,0
3683,512.844,130.608,2,0
3684,47.1593,30.2678,2,0
3685,126.724,243.05,2,0
3686,297.302,131.423,2,0
3687,497.306,23.7541,2,0
3688,127.843,186.623,2,0
3689,272.06,241.521,2,0
3690,124.431,205.029,2,0
3691,576.216,272.013,2,0
3692,243.446,54.3832,2,0
3693,34.2764,37.436,2,0
3694,590.857,273.711,2,0
3695,351.318,201.329,2,0
3696,427.432,217.698,2,0
3697,202.972,160.296,2,0
3698,433.295,236.665,2,0
3699,225.571,244.375,2,0
3700,144.149,178.218,2,0
3701,278.011,284.261,2,0
3702,237.366,287.518,2,0
3703,429.399,276.796,2,0
3704,509.071,191.813,2,0
3705,318.414,246.389,2,0
3706,438.19,65.1707,2,0
3707,2.37638,112.241,2,0
3708,472.288,191.58,2,0
3709,69.4319,247.484,2,0
3710,530.134,123.75,2,0
3711,454.993,128.251,2,0
3712,314.435,44.7073,2,0
3713,186.757,19.7599,2,0
3714,326.194,36.8027,2,0
3715,5.84865,229.237,2,0
3716,91.9245,89.6619,2,0
3717,267.581,158.585,2,0
3718,523.135,124.068,2,0
3719,424.557,214.875,2,0
3720,45.1699,200.531,2,0
3721,1.29055,131.151,2,0
3722,427.56,85.2979,2,0
3723,58.3235,39.6901,2,0
3724,357.029,260.072,2,0
3725,558.992,2,2,0
3726,339.617,288.211,2,0
3727,238.949,61.9363,2,0
3728,290.844,140.046,2,0
3729,58.587,156.662,2,0
3730,113.616,57.2529,2,0
3731,433.087,122.034,2,0
3732,536.503,160.024,2,0
3733,196.817,2,2,0
3734,538.909,244.899,2,0
3735,321.791,30.1286,2,0
3736,208.075,239.454,2,0
3737,110.825,294.587,2,0
3738,165.769,291.344,2,0
3739,137.876,183.078,2,0
3740,512.515,198.184,2,0
3741,245.012,194.578,2,0
3742,322.94,90.8113,2,0
3743,118.147,280.929,2,0
3744,348.01,65.3511,2,0
3745,334.066,256.211,2,0
3746,75.2003,35.4514,2,0
3747,549.817,94.3234,2,0
3748,484.157,290.214,2,0
3749,527.046,173.692,2,0
3750,356.078,238.456,2,0
3751,563.148,30.2256,2,0
3752,473.941,125.361,2,0
3753,132.161,138.075,2,0
3754,105.63,177.047,2,0
3755,580.455,40.5696,2,0
3756,35.318,177.029,2,0
3757,280.561,208.591,2,0
3758,522.988,200.178,2,0
3759,434.467,57.9552,2,0
3760,258.874,152.245,2,0
3761,263.943,285.327,2,0
3762,27.9651,134.915,2,0
3763,148.361,271.368,2,0
3764,210.954,76.1223,2,0
3765,292.531,11.6157,2,0
3766,231.838,217.851,2,0
3767,85.2531,24.7285,2,0
3768,145.313,207.213,2,0
3769,68.7857,165.013,2,0
3770,142.102,188.738,2,0
3771,342.527,35.9159,2,0
3772,102.696,287.438,2,0
3773,87.8379,99.6761,2,0
3774,25.9233,290.875,2,0
3775,355.179,139.7,2,0
3776,177.796,142.184,2,0
3777,77.3195,202.7,2,0
3778,410.251,233.137,2,0
3779,97.7382,201.501,2,0
3780,561.066,178.175,2,0
3781,429.843,45.175,2,0
3782,265.661,187.312,2,0
3783,249.257,68.3044,2,0
3784,50.7925,73.7885,2,0
3785,432.152,172.85,2,0
3786,598.471,54.3651,2,0
3787,488.441,173.023,2,0
3788,420.815,115.422,2,0
3789,145.986,9.93562,2,0
3790,179.456,278.592,2,0
3791,201.049,240.113,2,0
3792,396.21,192.529,2,0
3793,335.826,286.888,2,0
3794,387.257,69.9298,2,0
3795,183.197,207.715,2,0
3796,99.354,65.28,2,0
3797,560.717,12.7986,2,0
3798,232.853,252.253,2,0
3799,489.792,244.269,2,0
3800,83.4189,5.55264,2,0
3801,78.0605,77.178,2,0
3802,539.507,45.6372,2,0
3803,27.8957,287.48,2,0
3804,229.207,170.477,2,0
3805,539.581,21.3531,2,0
3806,504.978,64.9227,2,0
3807,226.621,32.7584,2,0
3808,209.026,268.775,2,0
3809,149.496,49.6864,2,0
3810,445.902,216.124,2,0
3811,150.672,243.365,2,0
3812,12.4563,93.0526,2,0
3813,301.876,26.7712,2,0
3814,440.819,204.842,2,0
3815,428.194,228.357,2,0
3816,373.176,17.24,2,0
3817,262.685,273.248,2,0
3818,323.016,51.1198,2,0
3819,350.099,251.823,2,0
3820,104.45,107.528,2,0
3821,547.11,209.442,2,0
3822,126.054,2,2,0
3823,454.464,33.1754,2,0
3824,74.1161,259.282,2,0
3825,206.331,188.604,2,0
3826,348.977,222.498,2,0
3827,314.737,267.565,2,0
3828,451.423,154.501,2,0
3829,265.701,266.947,2,0
3830,347.149,291.164,2,0
3831,555.184,198.787,2,0
3832,594.915,125.796,2,0
3833,484.039,298,2,0
3834,382.293,155.512,2,0
3835,417.392,81.9329,2,0
3836,371.44,2.3118,2,0
3837,545.234,180.647,2,0
3838,292.302,79.9658,2,0
3839,494.769,6.0451,2,0
3840,428.76,53.2156,2,0
3841,193.063,73.2377,2,0
3842,598.344,50.2956,2,0
3843,445.45,116.39,2,0
3844,201.067,270.372,2,0
3845,461.759,157.596,2,0
3846,3.56846,280.587,2,0
3847,44.1701,287.444,2,0
3848,449.836,170.666,2,0
3849,305.862,201.173,2,0
3850,376.124,25.8743,2,0
3851,403.559,28.6468,2,0
3852,434.45,35.4511,2,0
3853,278.707,49.4596,2,0
3854,269.115,118.793,2,0
3855,598.143,191.655,2,0
3856,579.875,87.5473,2,0
3857,374.938,101.446,2,0
3858,94.3884,235.866,2,0
3859,591.969,67.1164,2,0
3860,339.332,11.3948,2,0
3861,503.418,16.5668,2,0
3862,82.2447,286.762,2,0
3863,245.736,71.068,2,0
3864,81.4114,18.9101,2,0
3865,528.918,47.8359,2,0
3866,11.3554,9.39066,2,0
3867,516.942,233.786,2,0
3868,159.704,68.0877,2,0
3869,584.87,207.982,2,0
3870,73.3315,232.881,2,0
3871,309.104,271.859,2,0
3872,447.471,219.858,2,0
3873,280.183,138.722,2,0
3874,587.9,229.5,2,0
3875,587.154,248.241,2,0
3876,219.052,11.3539,2,0
3877,292.005,267.094,2,0
3878,492.289,71.151,2,0
3879,573.144,12.5045,2,0
3880,118.167,196.328,2,0
3881,255.592,50.694,2,0
3882,379.479,38.6715,2,0
3883,232.886,184.785,2,0
3884,535.292,141.595,2,0
3885,435.209,82.2108,2,0
3886,92.044,143.049,2,0
3887,108.417,101.555,2,0
3888,207.148,290.938,2,0
3889,111.1,42.9999,2,0
3890,192.966,287.495,2,0
3891,373.131,128.101,2,0
3892,330.291,148.588,2,0
3893,496.324,71.5829,2,0
3894,524.484,291.068,2,0
3895,545.207,79.799,2,0
3896,243.864,32.2385,2,0
3897,283.791,162.31,2,0
3898,19.4797,223.935,2,0
3899,534.552,152.112,2,0
3900,449.195,114.851,2,0
3901,145.656,252.914,2,0
3902,418.375,54.5424,2,0
3903,404.145,133.909,2,0
3904,437.446,242.939,2,0
3905,80.8622,125.313,2,0
3906,374.876,13.4813,2,0
3907,358.173,117.276,2,0
3908,200.22,77.9324,2,0
3909,280.445,221.968,2,0
3910,45.1324,230.939,2,0
3911,78.384,215.737,2,0
3912,431.775,265.178,2,0
3913,88.5342,180.765,2,0
3914,218.835,29.9084,2,0
3915,479.744,248.783,2,0
3916,398.686,257.769,2,0
3917,250.332,190.124,2,0
3918,498.141,276.239,2,0
3919,48.2656,94.1155,2,0
3920,498.96,237.301,2,0
3921,382.562,279.605,2,0
3922,356.793,92.2337,2,0
3923,539.439,29.3684,2,0
3924,89.4059,2,2,0
3925,93.0351,135.884,2,0
3926,82.822,189.647,2,0
3927,423.602,238.999,2,0
3928,293.498,76.0919,2,0
3929,465.945,130.268,2,0
3930,506.065,165.25,2,0
3931,488.296,16.1733,2,0
3932,594.414,157.285,2,0
3933,453.396,47.3822,2,0
3934,156.24,102.639,2,0
3935,117.329,200.158,2,0
3936,564.717,52.2588,2,0
3937,346.817,272.046,2,0
3938,84.4514,123.585,2,0
3939,467.658,248.402,2,0
3940,26.157,37.656,2,0
3941,34.8568,143.048,2,0
3942,195.888,226.315,2,0
3943,519.797,167.866,2,0
3944,218.68,153.435,2,0
3945,126.778,101.99,2,0
3946,451.621,43.7413,2,0
3947,313.327,23.4556,2,0
3948,71.4792,285.801,2,0
3949,245.487,170.749,2,0
3950,396.567,136.42,2,0
3951,350.512,288.436,2,0
3952,314.077,240.875,2,0
3953,360.146,35.7402,2,0
3954,462.355,66.4093,2,0
3955,553.711,104.335,2,0
3956,214.141,122.528,2,0
3957,15.5843,266.52,2,0
3958,159.486,114.284,2,0
3959,514.399,148.011,2,0
3960,376.103,270.655,2,0
3961,293.678,86.9294,2,0
3962,477.954,16.9155,2,0
3963,499.141,172.395,2,0
3964,369.345,61.019,2,0
3965,165.289,193.028,2,0
3966,214.148,226.854,2,0
3967,542.194,82.2595,2,0
3968,400.619,186.917,2,0
3969,357.855,57.055,2,0
3970,306.046,186.954,2,0
3971,112.827,298,2,0
3972,386.067,64.039,2,0
3973,214.195,97.8215,2,0
3974,569.024,12.5392,2,0
3975,81.5992,79.1163,2,0
3976,540.984,261.206,2,0
3977,587.804,52.6461,2,0
3978,38.0326,201.387,2,0
3979,535.839,267.47,2,0
3980,171.034,226.957,2,0
3981,506.351,146.869,2,0
3982,7.47213,273.443,2,0
3983,74.2648,15.2923,2,0
3984,443.925,16.1758,2,0
3985,127.953,56.7381,2,0
3986,518.446,13.1763,2,0
3987,395.362,84.3957,2,0
3988,336.895,69.919,2,0
3989,480.483,134.394,2,0
3990,215.049,28.5782,2,0
3991,251.092,29.9986,2,0
3992,582.487,164.973,2,0
3993,263.493,223.616,2,0
3994,60.4372,180.352,2,0
3995,513.241,65.6359,2,0
3996,545.287,272.632,2,0
3997,309.213,118.213,2,0
3998,321.46,266.601,2,0
3999,426.044,101.443,2,0
4000,505.489,123.011,2,0
4001,197.607,195.063,2,0
4002,569.913,252.584,2,0
4003,466.326,259.33,2,0
4004,219.906,191.829,2,0
4005,179.173,166.144,2,0
4006,363.126,47.7872,2,0
4007,111.021,250.957,2,0
4008,505.03,220.041,2,0
4009,75.8534,163.883,2,0
4010,6.71022,126.804,2,0
4011,375.371,20.8441,2,0
4012,379.848,129.991,2,0
4013,463.751,172.224,2,0
4014,280.703,212.668,2,0
4015,363.147,112.464,2,0
4016,541.964,234.554,2,0
4017,149.109,205.577,2,0
4018,71.0049,281.916,2,0
4019,195.794,156.656,2,0
4020,349.584,241.093,2,0
4021,521.834,47.9172,2,0
4022,229.703,30.0397,2,0
4023,185.944,81.6018,2,0
4024,452.769,90.6009,2,0
4025,150.784,93.9515,2,0
4026,462.47,284.05,2,0
4027,156.16,74.1366,2,0
4028,48.7773,26.5948,2,0
4029,529.968,204.576,2,0
4030,163.673,49.8052,2,0
4031,345.85,283.047,2,0
4032,220.778,118.407,2,0
4033,484.617,216.276,2,0
4034,462.072,250.139,2,0
4035,173.888,213.152,2,0
4036,579.165,179.272,2,0
4037,113.411,77.2018,2,0
4038,76.2787,194.732,2,0
4039,9.42006,165.745,2,0
4040,319.302,88.9229,2,0
4041,96.8848,264.5,2,0
4042,597.911,221.992,2,0
4043,258.155,163.026,2,0
4044,270.064,12.9184,2,0
4045,202.535,277.349,2,0
4046,64.9901,159.442,2,0
4047,334.399,77.6594,2,0
4048,246.283,235.417,2,0
4049,120.416,81.2737,2,0
4050,297.196,53.753,2,0
4051,378.676,230.159,2,0
4052,377.364,274.515,2,0
4053,285.294,134.09,2,0
4054,216.833,119.489,2,0
4055,274.621,65.6566,2,0
4056,411.715,221.081,2,0
4057,261.318,114.844,2,0
4058,192.966,77.4625,2,0
4059,455.994,287.47,2,0
4060,590.65,25.8861,2,0
4061,262.266,189.213,2,0
4062,218.911,181.096,2,0
4063,309.337,62.1511,2,0
4064,185.842,183.914,2,0
4065,217.486,167.488,2,0
4066,354.544,59.2756,2,0
4067,573.306,278.419,2,0
4068,99.2922,77.6119,2,0
4069,153.577,19.238,2,0
4070,206.617,98.5133,2,0
4071,352.237,97.3862,2,0
4072,330.972,258.901,2,0
4073,484.594,225.303,2,0
4074,257.34,109.141,2,0
4075,74.0069,77.6725,2,0
4076,423.144,243.161,2,0
4077,10.9143,247.17,2,0
4078,170.363,123.465,2,0
4079,131.834,36.4673,2,0
4080,459.312,203.34,2,0
4081,48.007,12.6024,2,0
4082,491.945,21.919,2,0
4083,149.346,53.8002,2,0
4084,102.716,119.745,2,0
4085,506.275,9.1057,2,0
4086,571.776,141.997,2,0
4087,25.974,29.424,2,0
4088,123.523,143.832,2,0
4089,500.81,105.729,2,0
4090,425.505,20.0519,2,0
4091,4.69647,54.5483,2,0
4092,226.438,283.138,2,0
4093,293.359,42.4275,2,0
4094,182.951,31.4857,2,0
4095,147.611,91.3284,2,0
4096,467.344,135.247,2,0
4097,243.756,86.6137,2,0
4098,564.062,162.478,2,0
4099,102.66,83.7482,2,0
4100,230.405,15.4289,2,0
4101,37.9992,269.925,2,0
4102,510.628,101.292,2,0
4103,50.5814,63.0811,2,0
4104,181.868,214.838,2,0
4105,242.648,229.389,2,0
4106,395.218,56.0158,2,0
4107,303.689,122.727,2,0
4108,460.083,246.619,2,0
4109,114.964,250.598,2,0
4110,342.041,65.1078,2,0
4111,195.096,290.98,2,0
4112,519.599,153.553,2,0
4113,246.276,190.772,2,0
4114,181.531,153.359,2,0
4115,252.516,203.958,2,0
4116,358.431,263.893,2,0
4117,238.085,269.689,2,0
4118,188.172,148.845,2,0
4119,76.6293,53.7456,2,0
4120,177.582,241.391,2,0
4121,255.92,214.229,2,0
4122,243.087,241.662,2,0
4123,534.617,294.578,2,0
4124,171.073,216.108,2,0
4125,55.3118,29.2989,2,0
4126,160.378,43.6405,2,0
4127,587.728,81.2212,2,0
4128,10.7405,177.935,2,0
4129,342.348,2,2,0
4130,77.7549,85.1629,2,0
4131,271.44,197.149,2,0
4132,338.284,2,2,0
4133,160.283,21.7307,2,0
4134,231.24,298,2,0
4135,200.191,86.0379,2,0
4136,304.329,162.289,2,0
4137,412.381,204.974,2,0
4138,298.008,48.7539,2,0
4139,457.755,5.55759,2,0
4140,13.9151,147.108,2,0
4141,273.621,186.963,2,0
4142,313.182,152.494,2,0
4143,123.956,19.6647,2,0
4144,99.4332,61.3485,2,0
4145,286.592,265.015,2,0
4146,358.697,207.895,2,0
4147,29.9571,2,2,0
4148,459.307,84.085,2,0
4149,75.3704,5.47207,2,0
4150,475.931,141.043,2,0
4151,10.5912,112.255,2,0
4152,553.52,12.8984,2,0
4153,152.68,67.9971,2,0
4154,551.653,191.531,2,0
4155,42.7843,211.06,2,0
4156,420.95,193.912,2,0
4157,374.632,277.639,2,0
4158,37.1356,34.5761,2,0
4159,344.731,229.921,2,0
4160,102.912,25.7369,2,0
4161,353.075,259.347,2,0
4162,234.404,66.5649,2,0
4163,589.074,270.198,2,0
4164,250.266,72.1485,2,0
4165,538.65,275.183,2,0
4166,239.893,87.6007,2,0
4167,169.776,141.003,2,0
4168,575.824,62.2595,2,0
4169,481.2,223.259,2,0
4170,519.511,206.484,2,0
4171,11.1158,181.919,2,0
4172,133.889,141.776,2,0
4173,260.695,145.578,2,0
4174,553.487,67.7543,2,0
4175,133.473,30.702,2,0
4176,426.88,241.443,2,0
4177,260.217,40.6333,2,0
4178,428.198,61.3783,2,0
4179,176.008,6.8873,2,0
4180,370.565,125.057,2,0
4181,368.291,215.672,2,0
4182,204.901,52.9696,2,0
4183,142.102,204.835,2,0
4184,433.688,253.474,2,0
4185,98.256,169.098,2,0
4186,270.33,122.664,2,0
4187,519.554,210.747,2,0
4188,70.1286,62.9803,2,0
4189,321.678,5.36911,2,0
4190,152.415,2,2,0
4191,56.5091,173.25,2,0
4192,345.166,211.171,2,0
4193,587.796,210.929,2,0
4194,317.192,142.706,2,0
4195,199.005,12.6796,2,0
4196,404.472,99.3267,2,0
4197,158.499,250.691,2,0
4198,225.244,87.6502,2,0
4199,578.301,65.4869,2,0
4200,27.2758,231.364,2,0
4201,369.072,96.4535,2,0
4202,460.155,173.778,2,0
4203,184.328,102.658,2,0
4204,586.874,171.765,2,0
4205,591.783,136.22,2,0
4206,114.571,243.567,2,0
4207,49.899,248.522,2,0
4208,520.453,290.891,2,0
4209,141.522,31.3159,2,0
4210,412.441,243.798,2,0
4211,596.396,175.463,2,0
4212,588.055,122.591,2,0
4213,70.3748,269.509,2,0
4214,400.228,134.689,2,0
4215,422.133,223.771,2,0
4216,441.678,137.358,2,0
4217,494.174,74.9384,2,0
4218,488.206,290.613,2,0
4219,454.72,240.684,2,0
4220,185.157,199.887,2,0
4221,594.164,119.159,2,0
4222,473.819,231.018,2,0
4223,145.864,149.56,2,0
4224,496.497,196.263,2,0
4225,350.766,8.83122,2,0
4226,578.42,165.154,2,0
4227,76.1551,295.459,2,0
4228,426.557,249.645,2,0
4229,40.8975,225.761,2,0
4230,272.813,2,2,0
4231,128.096,203.23,2,0
4232,348.658,248.191,2,0
4233,406.201,265.536,2,0
4234,451.392,238.54,2,0
4235,184.232,233.122,2,0
4236,167.649,200.79,2,0
4237,560.666,77.6006,2,0
4238,223.673,121.242,2,0
4239,279.404,109.574,2,0
4240,236.451,114.073,2,0
4241,390.266,156.419,2,0
4242,198.622,57.7846,2,0
4243,484.517,220.847,2,0
4244,49.2814,175.565,2,0
4245,366.627,275.864,2,0
4246,569.609,124.643,2,0
4247,101.342,212.669,2,0
4248,455.7,136.482,2,0
4249,413.235,16.044,2,0
4250,43.9294,12.6168,2,0
4251,531.761,84.8961,2,0
4252,595.349,287.491,2,0
4253,109.765,2,2,0
4254,290.609,62.2729,2,0
4255,315.471,226.311,2,0
4256,222.341,273.106,2,0
4257,136.188,20.1708,2,0
4258,343.992,25.3674,2,0
4259,552.868,240.125,2,0
4260,407.217,5.59225,2,0
4261,276.833,238.682,2,0
4262,354.802,291.053,2,0
4263,177.821,235.298,2,0
4264,517.712,97.626,2,0
4265,394.088,208.769,2,0
4266,410.977,272.207,2,0
4267,484.596,134.729,2,0
4268,469.752,236.85,2,0
4269,97.6153,2,2,0
4270,410.808,260.202,2,0
4271,297.991,165.814,2,0
4272,337.515,127.079,2,0
4273,547.378,159.386,2,0
4274,235.017,2,2,0
4275,387.047,243.945,2,0
4276,415.01,67.9072,2,0
4277,386.17,189.22,2,0
4278,502.307,146.696,2,0
4279,46.2848,276.86,2,0
4280,225.075,133.008,2,0
4281,4.9847,202.909,2,0
4282,287.406,230.05,2,0
4283,326.908,230.715,2,0
4284,329.003,129.255,2,0
4285,392.4,152.15,2,0
4286,271.29,248.45,2,0
4287,61.1389,53.6303,2,0
4288,27.6088,235.513,2,0
4289,408.08,183.786,2,0
4290,423.217,5.49356,2,0
4291,582.305,190.482,2,0
4292,227.793,279.212,2,0
4293,152.952,47.5854,2,0
4294,385.236,77.4652,2,0
4295,559.887,70.5542,2,0
4296,408.014,222.656,2,0
4297,243.286,245.717,2,0
4298,571.379,285.454,2,0
4299,421.311,231.999,2,0
4300,418.415,216.74,2,0
4301,432.216,189.379,2,0
4302,12.5928,101.704,2,0
4303,366.395,205.15,2,0
4304,221.096,132.462,2,0
4305,263.892,87.9971,2,0
4306,570.62,100.105,2,0
4307,45.9819,177.828,2,0
4308,364.152,108.438,2,0
4309,120.616,69.2591,2,0
4310,414.348,27.9622,2,0
4311,217.254,294.489,2,0
4312,554.448,266.46,2,0
4313,578.735,172.323,2,0
4314,30.8957,104.45,2,0
4315,275.505,259.813,2,0
4316,355.48,205.266,2,0
4317,460.996,16.455,2,0
4318,379.544,184.374,2,0
4319,563.916,287.501,2,0
4320,68.8559,191.578,2,0
4321,590.213,119.204,2,0
4322,538.623,236.776,2,0
4323,347.048,266.038,2,0
4324,214.614,70.0526,2,0
4325,86.5633,262.203,2,0
4326,55.4974,98.0767,2,0
4327,106.407,65.3456,2,0
4328,67.2729,255.098,2,0
4329,124.608,153.429,2,0
4330,210.69,16.6213,2,0
4331,366.997,148.026,2,0
4332,175.055,244.639,2,0
4333,40.0545,70.1843,2,0
4334,249.783,233.232,2,0
4335,15.2432,64.67,2,0
4336,597.226,270.403,2,0
4337,284.131,70.9022,2,0
4338,539.917,108.974,2,0
4339,206.502,223.289,2,0
4340,471.398,52.1289,2,0
4341,112.912,96.9515,2,0
4342,120.303,37.2408,2,0
4343,379.43,103.465,2,0
4344,550.931,57.1158,2,0
4345,234.361,16.6822,2,0
4346,360.089,94.5789,2,0
4347,312.184,264.311,2,0
4348,193.475,256.156,2,0
4349,518.22,37.6866,2,0
4350,496.064,200.305,2,0
4351,274.984,143.416,2,0
4352,445.866,228.967,2,0
4353,203.629,125.921,2,0
4354,410.707,158.079,2,0
4355,467.514,170.572,2,0
4356,452.137,94.5985,2,0
4357,471.587,20.2026,2,0
4358,253.235,42.0515,2,0
4359,239.464,265.918,2,0
4360,73.8507,61.3798,2,0
4361,275.335,228.18,2,0
4362,549.394,169.221,2,0
4363,291.311,238.193,2,0
4364,73.8644,267.507,2,0
4365,172.958,120.257,2,0
4366,48.2335,90.0903,2,0
4367,272.074,24.032,2,0
4368,19.9899,294.514,2,0
4369,282.416,120.175,2,0
4370,102.44,186.45,2,0
4371,430.254,239.192,2,0
4372,566.928,180.1,2,0
4373,558.172,208.585,2,0
4374,178.766,273.987,2,0
4375,100.169,144.243,2,0
4376,172.394,8.67368,2,0
4377,18.6211,17.3369,2,0
4378,306.108,250.833,2,0
4379,501.058,92.371,2,0
4380,378.775,134.009,2,0
4381,215.135,178.224,2,0
4382,590.545,213.825,2,0
4383,475.667,20.4695,2,0
4384,66.1018,224.606,2,0
4385,186.939,132.108,2,0
4386,552.247,235.515,2,0
4387,404.287,185.284,2,0
4388,244.27,12.6145,2,0
4389,395.555,140.403,2,0
4390,92.3147,57.1377,2,0
4391,293.083,121.502,2,0
4392,23.7518,273.391,2,0
4393,199.814,227.82,2,0
4394,94.8873,280.167,2,0
4395,142.466,166.047,2,0
4396,512.933,144.239,2,0
4397,447.767,280.503,2,0
4398,132.876,274.102,2,0
4399,131.765,55.0894,2,0
4400,49.3246,206.085,2,0
4401,543.128,23.3025,2,0
4402,36.1481,215.966,2,0
4403,545.441,170.114,2,0
4404,592.054,195.244,2,0
4405,376.556,93.0839,2,0
4406,468.238,270.187,2,0
4407,328.953,152.383,2,0
4408,366.794,189.459,2,0
4409,95.9437,194.629,2,0
4410,326.018,271.984,2,0
4411,250.039,146.346,2,0
4412,31.4134,132.894,2,0
4413,340.493,98.775,2,0
4414,408.109,210.579,2,0
4415,47.9064,194.059,2,0
4416,249.34,101.728,2,0
4417,149.162,69.997,2,0
4418,408.836,298,2,0
4419,439.685,140.771,2,0
4420,66.3512,48.8591,2,0
4421,140.138,243.704,2,0
4422,258.01,117.122,2,0
4423,385.113,223.993,2,0
4424,455.305,202.888,2,0
4425,416.879,123.364,2,0
4426,282.022,294.412,2,0
4427,95.6357,75.4154,2,0
4428,316.17,183.643,2,0
4429,189.645,255.138,2,0
4430,162.126,285.356,2,0
4431,7.48298,180.399,2,0
4432,573.232,19.6075,2,0
4433,413.063,164.785,2,0
4434,131.046,294.433,2,0
4435,195.594,64.7801,2,0
4436,530.402,224.848,2,0
4437,181.607,157.955,2,0
4438,265.897,191.202,2,0
4439,123.17,250.089,2,0
4440,101.126,105.106,2,0
4441,340.634,39.6077,2,0
4442,421.871,52.3996,2,0
4443,185.735,163.479,2,0
4444,374.281,224.476,2,0
4445,161.833,269.091,2,0
4446,98.2943,125.268,2,0
4447,291.139,143.956,2,0
4448,472.445,255.856,2,0
4449,33.425,60.1329,2,0
4450,198.821,104.687,2,0
4451,494.899,121.458,2,0
4452,478.803,285.922,2,0
4453,487.015,60.2849,2,0
4454,512.888,173.564,2,0
4455,387.268,207.873,2,0
4456,479.72,188.336,2,0
4457,102.342,92.2842,2,0
4458,122.466,146.676,2,0
4459,321.588,132.79,2,0
4460,137.171,298,2,0
4461,367.888,193.114,2,0
4462,549.224,238.245,2,0
4463,320.845,140.823,2,0
4464,506.833,100.06,2,0
4465,263.084,53.5935,2,0
4466,460.126,196.277,2,0
4467,174.441,187.644,2,0
4468,159.863,125.261,2,0
4469,372.567,183.545,2,0
4470,423.362,145.579,2,0
4471,52.5164,172.984,2,0
4472,386.835,269.549,2,0
4473,210.026,159.801,2,0
4474,248.559,271.868,2,0
4475,156.482,253.054,2,0
4476,416.692,238.104,2,0
4477,369.22,27.5474,2,0
4478,453.784,272.967,2,0
4479,588.055,257.662,2,0
4480,414.877,126.956,2,0
4481,384.044,272.535,2,0
4482,210.844,32.1228,2,0
4483,140.591,176.558,2,0
4484,278.934,218.191,2,0
4485,527.588,165.855,2,0
4486,81.7982,282.818,2,0
4487,20.7343,10.0255,2,0
4488,548.403,53.6351,2,0
4489,474.421,66.388,2,0
4490,131.999,19.995,2,0
4491,480.638,214.571,2,0
4492,47.7182,49.3046,2,0
4493,504.002,89.5429,2,0
4494,61.2496,2,2,0
4495,27.2307,56.9748,2,0
4496,243.639,267.147,2,0
4497,296.838,243.394,2,0
4498,274.62,286.608,2,0
4499,588.254,115.546,2,0
4500,564.739,228.412,2,0
4501,363.643,198.661,2,0
4502,532.744,78.1488,2,0
4503,326.817,275.938,2,0
4504,474.052,274.495,2,0
4505,405.241,177.343,2,0
4506,172.769,247.99,2,0
4507,356.052,277.666,2,0
4508,41.2328,229.902,2,0
4509,175.07,182.286,2,0
4510,142.49,49.4815,2,0
4511,588.199,108.63,2,0
4512,449.852,283.992,2,0
4513,334.617,180.6,2,0
4514,54.2025,8.87525,2,0
4515,32.0196,250.066,2,0
4516,16.4951,94.7584,2,0
4517,273.551,166.053,2,0
4518,355.019,209.264,2,0
4519,599.086,196.731,2,0
4520,429.097,130.62,2,0
4521,12.3838,150.959,2,0
4522,219.398,5.51234,2,0
4523,291.798,151.992,2,0
4524,109.201,178.789,2,0
4525,22.6823,157.126,2,0
4526,257.124,70.62,2,0
4527,31.2996,120.64,2,0
4528,459.401,134.799,2,0
4529,265.381,173.104,2,0
4530,233.344,170.086,2,0
4531,396.421,219.297,2,0
4532,188.954,201.361,2,0
4533,482.034,275.511,2,0
4534,143.973,242.114,2,0
4535,4.34407,115.878,2,0
4536,51.8407,96.1704,2,0
4537,204.428,35.2816,2,0
4538,92.029,85.5457,2,0
4539,193.889,279.801,2,0
4540,435.538,287.404,2,0
4541,166.373,122.712,2,0
4542,54.0328,215.706,2,0
4543,588.815,206.958,2,0
4544,553.536,16.952,2,0
4545,1.73247,223.669,2,0
4546,415.785,94.0163,2,0
4547,353.208,76.8325,2,0
4548,2.43217,166.662,2,0
4549,309.609,111.168,2,0
4550,26.9022,196.465,2,0
4551,84.5635,97.3656,2,0
4552,416.339,167.109,2,0
4553,374.232,294.433,2,0
4554,53.2278,149.499,2,0
4555,431.31,183.62,2,0
4556,441.667,276.665,2,0
4557,199.917,263.564,2,0
4558,186.846,194.469,2,0
4559,486.121,74.3497,2,0
4560,562.588,173.165,2,0
4561,356.118,223.825,2,0
4562,491.08,60.5289,2,0
4563,118.05,51.202,2,0
4564,587.458,85.1766,2,0
4565,15.6208,43.7312,2,0
4566,8.39962,115.745,2,0
4567,566.774,105.99,2,0
4568,299.672,4.12486,2,0
4569,438.147,33.7142,2,0
4570,186.916,298,2,0
4571,109.098,92.5147,2,0
4572,131.804,228.075,2,0
4573,232.394,206.952,2,0
4574,595.33,294.533,2,0
4575,93.4833,8.97292,2,0
4576,297.592,111.774,2,0
4577,173.671,36.9497,2,0
4578,357.262,283.981,2,0
4579,570.058,90.866,2,0
4580,425.168,109.457,2,0
4581,433.745,12.3088,2,0
4582,92.29,24.3431,2,0
4583,565.908,91.2165,2,0
4584,62.1837,290.993,2,0
4585,356.25,96.2992,2,0
4586,400.006,229.784,2,0
4587,404.077,103.473,2,0
4588,270.468,155.739,2,0
4589,209.146,213.294,2,0
4590,153.06,51.5347,2,0
4591,134.208,211.967,2,0
4592,79.2961,298,2,0
4593,565.226,144.803,2,0
4594,149.776,41.5305,2,0
4595,24.331,237.796,2,0
4596,206.914,166.143,2,0
4597,353.638,241.78,2,0
4598,441.872,258.352,2,0
4599,231.217,64.0235,2,0
4600,137.39,214.409,2,0
4601,368.115,107.425,2,0
4602,238.843,22.0479,2,0
4603,559.416,279.816,2,0
4604,79.1422,161.712,2,0
4605,17.6668,157.157,2,0
4606,393.129,253.179,2,0
4607,49.1415,159.469,2,0
4608,343.081,57.4141,2,0
4609,238.05,162.868,2,0
4610,93.6195,2,2,0
4611,408.939,175.762,2,0
4612,188.957,294.534,2,0
4613,280.041,291.059,2,0
4614,167.196,144.196,2,0
4615,133.963,261.925,2,0
4616,99.26,69.4744,2,0
4617,19.9455,90.6133,2,0
4618,557.599,67.3126,2,0
4619,492.364,202.099,2,0
4620,202.751,156.138,2,0
4621,52.846,266.924,2,0
4622,210.647,56.9776,2,0
4623,252.658,182.376,2,0
4624,12.3349,84.6174,2,0
4625,28.8456,260.707,2,0
4626,435.648,140.837,2,0
4627,24.3782,137.084,2,0
4628,328.162,216.231,2,0
4629,388.315,116.131,2,0
4630,192.395,36.6558,2,0
4631,555.159,238.297,2,0
4632,224.391,176.1,2,0
4633,7.21959,64.9126,2,0
4634,490.863,268.302,2,0
4635,590.223,157.584,2,0
4636,230.192,271.444,2,0
4637,487.594,53.1843,2,0
4638,255.094,207.234,2,0
4639,210.278,39.3555,2,0
4640,49.58,260.699,2,0
4641,365.695,94.3046,2,0
4642,561.944,159.071,2,0
4643,573.147,122.811,2,0
4644,535.09,239.047,2,0
4645,255.442,140.357,2,0
4646,413.964,192.869,2,0
4647,405.867,269.514,2,0
4648,426.694,245.533,2,0
4649,91.4976,97.7361,2,0
4650,450.41,32.9977,2,0
4651,85.4842,183.13,2,0
4652,279.837,24.8637,2,0
4653,17.2468,8.00237,2,0
4654,24.8522,246.419,2,0
4655,142.013,119.246,2,0
4656,498.036,207.779,2,0
4657,397.956,207.146,2,0
4658,189.055,161.267,2,0
4659,186.96,290.995,2,0
4660,595.078,212.462,2,0
4661,552.271,113.421,2,0
4662,72.4534,87.2623,2,0
4663,55.6581,47.7314,2,0
4664,463.979,89.3422,2,0
4665,479.121,161.571,2,0
4666,514.996,284.73,2,0
4667,1.53738,277.03,2,0
4668,283.798,271.378,2,0
4669,359.609,157.34,2,0
4670,99.0652,162.113,2,0
4671,141.03,180.529,2,0
4672,251.94,167.709,2,0
4673,494.532,218.102,2,0
4674,584.46,66.8896,2,0
4675,502.25,294.506,2,0
4676,111.542,25.5667,2,0
4677,184.298,139.655,2,0
4678,311.796,33.9936,2,0
4679,67.2335,137.934,2,0
4680,320.434,144.8,2,0
4681,291.454,249.766,2,0
4682,293.117,46.9544,2,0
4683,314.072,187.128,2,0
4684,351.514,255.702,2,0
4685,10.3311,239.069,2,0
4686,423.304,287.265,2,0
4687,345.637,240.688,2,0
4688,59.546,233.475,2,0
4689,326.654,43.8525,2,0
4690,564.021,221.942,2,0
4691,339.577,220.513,2,0
4692,402.964,287.425,2,0
4693,74.2071,65.3878,2,0
4694,84.1848,169.967,2,0
4695,447.993,255.269,2,0
4696,318.151,82.064,2,0
4697,162.843,24.7801,2,0
4698,336.441,185.61,2,0
4699,379.874,95.424,2,0
4700,66.4363,120.174,2,0
4701,400.286,105.25,2,0
4702,143.145,96.7659,2,0
4703,46.5256,40.4202,2,0
4704,53.5359,211.831,2,0
4705,499.905,149.979,2,0
4706,398.469,241.956,2,0
4707,174.283,156.616,2,0
4708,190.861,208.14,2,0
4709,584.352,222.695,2,0
4710,220.913,266.31,2,0
4711,53.2979,88.3078,2,0
4712,120.529,73.283,2,0
4713,597.005,204.6,2,0
4714,599.602,280.632,2,0
4715,539.58,61.9677,2,0
4716,296.184,135.2,2,0
4717,448.539,88.1616,2,0
4718,509.247,179.562,2,0
4719,28.3724,177.881,2,0
4720,128.102,137.584,2,0
4721,273.438,245.368,2,0
4722,390.955,206.363,2,0
4723,392.574,109.299,2,0
4724,152.776,189.289,2,0
4725,93.8766,246.064,2,0
4726,461.892,12.5709,2,0
4727,480.683,235.314,2,0
4728,159.92,186.858,2,0
4729,511.328,45.6414,2,0
4730,356.272,135.816,2,0
4731,263.734,298,2,0
4732,211.76,241.333,2,0
4733,280.813,237.478,2,0
4734,526.908,130.033,2,0
4735,467.58,20.0081,2,0
4736,173.279,160.553,2,0
4737,209.6,151.725,2,0
4738,479.332,148.367,2,0
4739,525.534,148.013,2,0
4740,167.246,47.7739,2,0
4741,250.186,245.37,2,0
4742,287.05,5.88851,2,0
4743,498.278,146.317,2,0
4744,567.794,245.846,2,0
4745,317.763,134.551,2,0
4746,127.427,233.495,2,0
4747,555.738,115.594,2,0
4748,65.4968,74.318,2,0
4749,599.742,207.516,2,0
4750,208.53,35.5525,2,0
4751,263.527,183.819,2,0
4752,519.249,156.767,2,0
4753,64.1191,181.877,2,0
4754,214.331,82.4138,2,0
4755,328.494,40.1323,2,0
4756,484.535,83.6236,2,0
4757,249.229,153.437,2,0
4758,215.018,32.6185,2,0
4759,248.948,193.817,2,0
4760,258.757,78.5959,2,0
4761,578.504,72.4152,2,0
4762,134.637,77.6074,2,0
4763,458.159,243.082,2,0
4764,244.128,122.664,2,0
4765,73.9012,263.33,2,0
4766,31.5161,63.7624,2,0
4767,444.421,140.956,2,0
4768,123.947,264.14,2,0
4769,31.3231,237.243,2,0
4770,583.843,38.3485,2,0
4771,60.1168,206.923,2,0
4772,193.917,98.2666,2,0
4773,482.85,159.946,2,0
4774,168.186,79.918,2,0
4775,275.725,190.489,2,0
4776,333.412,120.34,2,0
4777,194.147,61.1421,2,0
4778,41.3594,168.005,2,0
4779,439.429,133.8,2,0
4780,298.648,60.784,2,0
4781,205.312,20.2389,2,0
4782,353.15,53.3995,2,0
4783,399.97,42.7776,2,0
4784,439.413,218.927,2,0
4785,488.871,63.9218,2,0
4786,117.004,75.2439,2,0
4787,366.126,254.607,2,0
4788,422.232,218.118,2,0
4789,101.119,276.794,2,0
4790,169.303,289.277,2,0
4791,144.968,88.3067,2,0
4792,511.377,61.9809,2,0
4793,561.829,298,2,0
4794,227.371,290.361,2,0
4795,150.002,197.44,2,0
4796,314.686,244.985,2,0
4797,545.22,151.509,2,0
4798,213.283,205.094,2,0
4799,153.295,39.4892,2,0
4800,351.777,126.061,2,0
4801,440.742,54.7776,2,0
4802,317.775,111.674,2,0
4803,481.113,120.629,2,0
4804,112.402,100.831,2,0
4805,574.812,135.641,2,0
4806,27.3844,200.557,2,0
4807,207.291,170.233,2,0
4808,442.054,32.3725,2,0
4809,178.126,251.681,2,0
4810,501.91,187.057,2,0
4811,571.066,9.03769,2,0
4812,218.329,54.086,2,0
4813,17.3539,128.909,2,0
4814,175.892,194.65,2,0
4815,359.996,16.3357,2,0
4816,18.9351,33.5399,2,0
4817,324.341,16.2307,2,0
4818,78.4437,184.026,2,0
4819,98.4549,98.5484,2,0
4820,554.87,2,2,0
4821,444.393,238.091,2,0
4822,49.6753,256.57,2,0
4823,324.103,237.391,2,0
4824,398.726,127.036,2,0
4825,37.1359,56.0478,2,0
4826,412.316,92.0828,2,0
4827,583.44,23.1581,2,0
4828,117.609,167.553,2,0
4829,368.483,56.9495,2,0
4830,12.3964,224.653,2,0
4831,282.091,47.3123,2,0
4832,558.265,74.2599,2,0
4833,109.369,269.251,2,0
4834,406.504,234.804,2,0
4835,207.416,231.368,2,0
4836,232.294,140.864,2,0
4837,321.178,59.6024,2,0
4838,500.958,64.6937,2,0
4839,349.512,88.533,2,0
4840,490.382,42.7857,2,0
4841,16.9903,169.054,2,0
4842,267.882,43.1363,2,0
4843,573.104,183.411,2,0
4844,552.023,117.325,2,0
4845,479.541,93.0124,2,0
4846,357.08,19.1299,2,0
4847,199.103,291.004,2,0
4848,505.852,131.024,2,0
4849,40.652,27.2872,2,0
4850,534.622,2,2,0
4851,276.499,57.8001,2,0
4852,490.452,78.1356,2,0
4853,434.123,90.2574,2,0
4854,227.832,189.612,2,0
4855,356.34,110.507,2,0
4856,500.278,298,2,0
4857,277.661,187.002,2,0
4858,409.817,268.379,2,0
4859,275.53,161.33,2,0
4860,112.986,214.304,2,0
4861,111.489,257.995,2,0
4862,371.613,230.822,2,0
4863,491.363,28.8884,2,0
4864,199.557,98.735,2,0
4865,133.523,177.537,2,0
4866,525.654,58.0099,2,0
4867,572.882,255.242,2,0
4868,264.345,108.418,2,0
4869,33.9676,290.92,2,0
4870,348.529,148.155,2,0
4871,232.818,274.329,2,0
4872,563.068,250.961,2,0
4873,587.939,56.7918,2,0
4874,506.05,169.287,2,0
4875,267.986,63.6304,2,0
4876,318.63,126.331,2,0
4877,172.416,279.052,2,0
4878,434.999,50.8228,2,0
4879,23.9492,233.786,2,0
4880,322.152,81.1226,2,0
4881,444.894,149.926,2,0
4882,487.833,8.45316,2,0
4883,48.1423,86.0919,2,0
4884,491.502,225.063,2,0
4885,430.629,201.453,2,0
4886,459.113,147.058,2,0
4887,310.927,46.9413,2,0
4888,490.768,252.633,2,0
4889,368.077,269.03,2,0
4890,453.888,298,2,0
4891,526.581,169.681,2,0
4892,125.575,123.034,2,0
4893,65.3718,25.5802,2,0
4894,89.408,215.12,2,0
4895,422.888,247.158,2,0
4896,103.7,5.52661,2,0
4897,56.9941,244.6,2,0
4898,540.772,214.549,2,0
4899,42.2079,176.266,2,0
4900,63.8689,282.492,2,0
4901,310.027,187.036,2,0
4902,452.427,62.3755,2,0
4903,440.16,37.0367,2,0
4904,292.584,256.607,2,0
4905,374.839,228.532,2,0
4906,512.778,72.7362,2,0
4907,199.931,259.473,2,0
4908,127.243,45.4632,2,0
4909,495.487,19.8999,2,0
4910,565.928,126.419,2,0
4911,169.298,293.242,2,0
4912,100.218,194.074,2,0
4913,472.811,152.726,2,0
4914,551.503,64.1571,2,0
4915,469.774,244.923,2,0
4916,350.091,171.425,2,0
4917,369.773,139.88,2,0
4918,527.069,70.283,2,0
4919,583.785,211.809,2,0
4920,291.792,125.292,2,0
4921,220.883,187.859,2,0
4922,365.626,185.682,2,0
4923,363.509,97.6282,2,0
4924,430.089,205.366,2,0
4925,10.6246,208.554,2,0
4926,277.534,135.758,2,0
4927,59.7012,145.843,2,0
4928,251.691,49.3752,2,0
4929,217.108,287.57,2,0
4930,354.034,118.222,2,0
4931,441.729,298,2,0
4932,109.693,16.0033,2,0
4933,247.226,116.147,2,0
4934,297.507,217.309,2,0
4935,513.541,58.6541,2,0
4936,39.6734,42.2387,2,0
4937,27.132,94.2542,2,0
4938,212.445,156.515,2,0
4939,46.1253,2,2,0
4940,408.537,179.757,2,0
4941,576.619,256.395,2,0
4942,585.719,140.978,2,0
4943,264.567,230.485,2,0
4944,23.9068,294.535,2,0
4945,221.858,198.528,2,0
4946,341.048,46.6568,2,0
4947,146.331,167.518,2,0
4948,71.8182,37.6955,2,0
4949,209.07,143.506,2,0
4950,350.7,28.8652,2,0
4951,95.9913,218.665,2,0
4952,60.2237,254.955,2,0
4953,240.38,205.796,2,0
4954,477.255,55.9872,2,0
4955,306.051,287.425,2,0
4956,315.234,8.95468,2,0
4957,445.605,198.359,2,0
4958,104.028,173.175,2,0
4959,16.1828,195.638,2,0
4960,398.834,280.272,2,0
4961,135.237,57.3625,2,0
4962,28.3983,208.683,2,0
4963,128.893,298,2,0
4964,343.415,159.497,2,0
4965,233.601,96.4072,2,0
4966,99.9477,219.627,2,0
4967,93.4926,262.372,2,0
4968,176.998,120.862,2,0
4969,151.64,258.517,2,0
4970,77.5135,277.114,2,0
4971,106.935,294.551,2,0
4972,504.275,290.972,2,0
4973,302.923,93.244,2,0
4974,137.376,179.108,2,0
4975,429.664,49.3033,2,0
4976,340.262,32.5083,2,0
4977,25.4964,258.678,2,0
4978,374.492,198.025,2,0
4979,125.514,149.434,2,0
4980,306.834,70.0181,2,0
4981,139.148,294.472,2,0
4982,137.969,2,2,0
4983,29.789,35.5227,2,0
4984,583.804,285.432,2,0
4985,180.321,139.152,2,0
4986,515.596,112.162,2,0
4987,135.258,46.7274,2,0
4988,303.899,56.0913,2,0
4989,85.009,20.6316,2,0
4990,369.024,42.1894,2,0
4991,261.225,180.436,2,0
4992,118.834,33.413,2,0
4993,444.184,2,2,0
4994,107.985,156.045,2,0
4995,540.165,112.965,2,0
4996,292.802,205.988,2,0
4997,314.544,126.354,2,0
4998,279.741,183.292,2,0
4999,63.8862,67.3089,2,0
5000,357.267,38.7138,2,0
5001,420.13,88.3743,2,0
5002,323.569,115.71,2,0
5003,459.192,182.039,2,0
5004,320.565,169.612,2,0
5005,208.798,139.608,2,0
5006,219.594,127.623,2,0
5007,223.466,40.3864,2,0
5008,216.137,208.009,2,0
5009,67.8463,55.8974,2,0
5010,217.018,189.041,2,0
5011,381.356,16.1213,2,0
5012,46.0673,238.778,2,0
5013,409.442,171.394,2,0
5014,343.721,127.968,2,0
5015,232.621,74.9241,2,0
5016,480.302,13.2059,2,0
5017,488.609,135.066,2,0
5018,443.428,219.867,2,0
5019,409.858,37.6048,2,0
5020,262.289,269.203,2,0
5021,198.934,150.323,2,0
5022,414.693,134.122,2,0
5023,54.3924,51.4744,2,0
5024,284.221,3.02025,2,0
5025,425.607,155.84,2,0
5026,511.268,33.5588,2,0
5027,230.051,181.875,2,0
5028,507.645,286.61,2,0
5029,9.25965,196.384,2,0
5030,313.217,61.3867,2,0
5031,300.088,290.969,2,0
5032,91.1136,128.331,2,0
5033,100.009,113.147,2,0
5034,300.201,162.353,2,0
5035,140.548,108.554,2,0
5036,145.599,31.4822,2,0
5037,259.834,170.541,2,0
5038,190.725,105.541,2,0
5039,360.921,230.17,2,0
5040,376.51,298,2,0
5041,176.284,284.969,2,0
5042,344.03,226.021,2,0
5043,539.449,17.2808,2,0
5044,120.569,48.0069,2,0
5045,498.069,192.449,2,0
5046,256.659,242.586,2,0
5047,167.188,204.862,2,0
5048,281.464,154.771,2,0
5049,400.829,149.789,2,0
5050,381.29,275.503,2,0
5051,391.141,41.8162,2,0
5052,586.169,112.13,2,0
5053,0.83551,203.638,2,0
5054,71.2027,91.183,2,0
5055,509.03,200.171,2,0
5056,27.1254,113.817,2,0
5057,78.4094,29.2002,2,0
5058,104.103,144.704,2,0
5059,557.269,226.408,2,0
5060,85.5157,9.03001,2,0
5061,599.454,2,2,0
5062,274.511,16.1519,2,0
5063,196.804,9.10762,2,0
5064,392.762,290.904,2,0
5065,293.314,65.4055,2,0
5066,457.852,40.6605,2,0
5067,34.3893,199.728,2,0
5068,512.178,114.47,2,0
5069,459.448,122.497,2,0
5070,426.597,93.2865,2,0
5071,555.709,88.8784,2,0
5072,416.138,203.473,2,0
5073,52.1039,294.494,2,0
5074,77.7226,93.2047,2,0
5075,378.806,267.716,2,0
5076,198.192,218.657,2,0
5077,501.702,117.041,2,0
5078,576.612,248.382,2,0
5079,412.78,88.0125,2,0
5080,265.343,166.111,2,0
5081,461.362,47.8424,2,0
5082,12.3904,80.6318,2,0
5083,318.124,187.214,2,0
5084,21.1213,174.608,2,0
5085,81.0024,263.502,2,0
5086,406.986,230.748,2,0
5087,38.1744,73.8766,2,0
5088,285.747,172.707,2,0
5089,566.56,172.946,2,0
5090,266.488,275.091,2,0
5091,138.917,287.569,2,0
5092,223.108,262.895,2,0
5093,432.754,156.678,2,0
5094,430.353,57.6133,2,0
5095,429.783,232.002,2,0
5096,575.635,285.567,2,0
5097,560.603,141,2,0
5098,222.456,70.6584,2,0
5099,125.695,110.188,2,0
5100,91.9328,171.976,2,0
5101,482.51,67.003,2,0
5102,294.584,128.35,2,0
5103,338.221,182.099,2,0
5104,486.955,286.766,2,0
5105,182.453,275.59,2,0
5106,516.423,6.1221,2,0
5107,21.7341,276.809,2,0
5108,439.511,172.303,2,0
5109,474.915,167.299,2,0
5110,121.92,111.611,2,0
5111,408.015,151.295,2,0
5112,63.3673,29.1395,2,0
5113,306.922,8.71037,2,0
5114,456.485,62.5052,2,0
5115,153.361,31.4036,2,0
5116,349.055,123.023,2,0
5117,183.633,283.611,2,0
5118,87.519,5.45674,2,0
5119,78.1211,25.0675,2,0
5120,58.7968,225.301,2,0
5121,93.8111,254.287,2,0
5122,481.037,31.5886,2,0
5123,392.865,2,2,0
5124,318.644,209.551,2,0
5125,1.07281,23.6298,2,0
5126,115.76,270.462,2,0
5127,566.86,235.145,2,0
5128,127.9,61.0852,2,0
5129,327.93,2,2,0
5130,408.708,123.472,2,0
5131,62.6428,243.35,2,0
5132,175.297,79.845,2,0
5133,383.09,243.137,2,0
5134,60.0044,263.007,2,0
5135,269.162,193.799,2,0
5136,144.344,20.6218,2,0
5137,532.504,57.8997,2,0
5138,345.662,89.7123,2,0
5139,582.456,230.564,2,0
5140,417.68,191.383,2,0
5141,140.02,220.999,2,0
5142,488.302,207.784,2,0
5143,274.809,12.2941,2,0
5144,107.766,134.567,2,0
5145,21.8081,2,2,0
5146,113.939,115.071,2,0
5147,535.636,156.036,2,0
5148,344.356,207.108,2,0
5149,540.251,70.2651,2,0
5150,565.165,130.338,2,0
5151,91.8354,93.7684,2,0
5152,311.062,79.8644,2,0
5153,158.578,283.393,2,0
5154,490.642,183.536,2,0
5155,592.468,247.09,2,0
5156,555.871,150.648,2,0
5157,106.326,69.3936,2,0
5158,159.181,294.476,2,0
5159,463.842,221.355,2,0
5160,139.505,34.8793,2,0
5161,225.572,113.283,2,0
5162,408.589,93.5815,2,0
5163,380.451,246.088,2,0
5164,109.75,9.01496,2,0
5165,489.424,56.8579,2,0
5166,295.975,183.248,2,0
5167,385.661,265.693,2,0
5168,319.549,254.451,2,0
5169,294.262,34.1419,2,0
5170,477.783,294.375,2,0
5171,517.235,65.889,2,0
5172,550.323,27.7549,2,0
5173,494.968,222.874,2,0
5174,543.08,10.7165,2,0
5175,132.754,110.987,2,0
5176,323.643,210.959,2,0
5177,397.814,269.094,2,0
5178,470.337,218.52,2,0
5179,553.366,85.5523,2,0
5180,319.072,51.4407,2,0
5181,435.026,43.4974,2,0
5182,169.851,37.8572,2,0
5183,85.9134,36.8364,2,0
5184,275.165,232.192,2,0
5185,113.508,69.348,2,0
5186,141.219,123.021,2,0
5187,7.56654,2,2,0
5188,284.228,210.73,2,0
5189,313.666,19.4724,2,0
5190,242.169,269.063,2,0
5191,210.312,163.851,2,0
5192,594.913,198.055,2,0
5193,441.407,130.239,2,0
5194,304.35,77.6759,2,0
5195,68.8679,41.2638,2,0
5196,97.2302,256.376,2,0
5197,25.6351,17.3782,2,0
5198,59.6445,163.687,2,0
5199,303.753,204.405,2,0
5200,42.013,2,2,0
5201,428.322,26.7252,2,0
5202,34.4545,106.387,2,0
5203,62.3708,49.8514,2,0
5204,90.3008,256.245,2,0
5205,296.629,255.972,2,0
5206,165.078,298,2,0
5207,455.219,51.1602,2,0
5208,187.975,5.50692,2,0
5209,283.211,91.6243,2,0
5210,120.302,89.5002,2,0
5211,387.892,172.846,2,0
5212,354.018,31.2633,2,0
5213,493.604,25.4786,2,0
5214,353.108,19.1457,2,0
5215,388.672,283.848,2,0
5216,426.087,46.9468,2,0
5217,550.817,9.64951,2,0
5218,402.268,240.434,2,0
5219,297.469,104.602,2,0
5220,59.1776,112.145,2,0
5221,0.893898,61.7154,2,0
5222,296.303,90.1107,2,0
5223,309.105,5.48109,2,0
5224,11.3902,143.984,2,0
5225,18.8908,25.531,2,0
5226,4.02819,213.129,2,0
5227,221.989,27.3376,2,0
5228,256.828,105.119,2,0
5229,458.787,235.029,2,0
5230,562.998,55.9599,2,0
5231,437.337,92.7949,2,0
5232,88.6753,281.951,2,0
5233,130.796,87.6156,2,0
5234,250.408,26.0469,2,0
5235,594.843,224.394,2,0
5236,23.7941,266.318,2,0
5237,569.816,116.391,2,0
5238,105.619,15.9432,2,0
5239,414.033,56.7376,2,0
5240,372.542,238.917,2,0
5241,117.638,122.094,2,0
5242,418.986,134.025,2,0
5243,305.161,215.18,2,0
5244,49.1357,56.162,2,0
5245,104.618,247.914,2,0
5246,588.268,73.05,2,0
5247,325.511,69.4431,2,0
5248,78.9009,103.123,2,0
5249,123.745,91.6138,2,0
5250,488.61,39.1256,2,0
5251,582.802,172.058,2,0
5252,151.164,127.169,2,0
5253,450.708,58.8266,2,0
5254,131.356,205.56,2,0
5255,29.2867,216.769,2,0
5256,203.805,42.3054,2,0
5257,53.018,269.726,2,0
5258,256.183,66.7522,2,0
5259,251.594,197.055,2,0
5260,416.607,199.526,2,0
5261,185.033,109.6,2,0
5262,52.7932,161.286,2,0
5263,508.773,143.618,2,0
5264,210.039,221.307,2,0
5265,598.124,46.0784,2,0
5266,283.899,202.361,2,0
5267,27.0955,86.0129,2,0
5268,415.731,61.9569,2,0
5269,599.918,242.09,2,0
5270,546.922,176.981,2,0
5271,232.265,236.016,2,0
5272,197.282,234.49,2,0
5273,211.702,125.778,2,0
5274,79.9335,245.779,2,0
5275,336.38,223.074,2,0
5276,380.652,87.2377,2,0
5277,184.914,287.475,2,0
5278,374.974,194.038,2,0
5279,378.355,72.6085,2,0
5280,424.581,28.2797,2,0
5281,360.744,73.0514,2,0
5282,118.395,132.721,2,0
5283,263.143,176.76,2,0
5284,532.411,25.4184,2,0
5285,453.921,40.2811,2,0
5286,210.462,92.6317,2,0
5287,559.653,88.318,2,0
5288,544.613,216.065,2,0
5289,210.28,96.7021,2,0
5290,30.6679,100.435,2,0
5291,312.126,224.746,2,0
5292,525.578,13.3195,2,0
5293,248.304,131.666,2,0
5294,548.138,148.554,2,0
5295,444.845,89.6348,2,0
5296,357.49,215.974,2,0
5297,221.751,143.215,2,0
5298,165.576,279.204,2,0
5299,154.457,174.653,2,0
5300,539.84,132,2,0
5301,363.171,225.031,2,0
5302,5.56132,298,2,0
5303,177.8,36.0901,2,0
5304,107.938,23.7187,2,0
5305,324.411,139.015,2,0
5306,139.519,225.05,2,0
5307,399.198,261.741,2,0
5308,243.465,249.624,2,0
5309,398.536,119.974,2,0
5310,385.497,73.3748,2,0
5311,99.0148,266.324,2,0
5312,567.293,97.8289,2,0
5313,572.284,206.088,2,0
5314,362.651,127.022,2,0
5315,284.326,81.6182,2,0
5316,190.681,130.356,2,0
5317,583.322,246.796,2,0
5318,252.137,133.042,2,0
5319,571.145,16.0255,2,0
5320,338.488,106.51,2,0
5321,163.473,57.8367,2,0
5322,552.911,178.77,2,0
5323,476.219,13.2066,2,0
5324,560.453,96.3466,2,0
5325,146.703,190.975,2,0
5326,422.32,170.22,2,0
5327,100.793,183.552,2,0
5328,597.513,25.7031,2,0
5329,10.33,136.986,2,0
5330,2.35038,138.254,2,0
5331,38.1798,298,2,0
5332,460.886,54.9607,2,0
5333,348.551,178.246,2,0
5334,380.602,140.773,2,0
5335,53.0206,207.72,2,0
5336,245.407,294.57,2,0
5337,451.606,191.43,2,0
5338,45.3896,153.259,2,0
5339,64.0189,248.89,2,0
5340,422.665,149.67,2,0
5341,547.85,269.495,2,0
5342,580.189,94.5549,2,0
5343,426.323,16.0785,2,0
5344,558.564,271.843,2,0
5345,25.9811,159.594,2,0
5346,97.1428,222.391,2,0
5347,263.182,84.0349,2,0
5348,421.782,21.7804,2,0
5349,505.733,185.534,2,0
5350,513.988,90.6938,2,0
5351,485.272,127.686,2,0
5352,590.341,98.1231,2,0
5353,185.635,116.662,2,0
5354,210.467,225.151,2,0
5355,96.2158,30.2403,2,0
5356,480.669,152.562,2,0
5357,213.959,90.5365,2,0
5358,56.3114,5.54555,2,0
5359,553.278,60.3929,2,0
5360,182.73,57.5251,2,0
5361,174.837,43.8007,2,0
5362,345.165,46.4489,2,0
5363,136.165,138.38,2,0
5364,431.911,164.702,2,0
5365,539.463,100.753,2,0
5366,561.034,19.7138,2,0
5367,565.236,40.7642,2,0
5368,146.433,35.2302,2,0
5369,328.476,242.858,2,0
5370,508.129,139.638,2,0
5371,575.29,23.15,2,0
5372,378.333,50.0327,2,0
5373,307.151,2,2,0
5374,169.597,27.033,2,0
5375,392.818,105.104,2,0
5376,218.814,50.0205,2,0
5377,396.559,109.289,2,0
5378,549.971,102.403,2,0
5379,48.2926,19.6129,2,0
5380,178.854,21.5854,2,0
5381,404.64,116.389,2,0
5382,572.027,294.481,2,0
5383,267.175,233.654,2,0
5384,587.186,287.502,2,0
5385,269.888,28.1259,2,0
5386,136.889,268.4,2,0
5387,478.15,245.116,2,0
5388,383.464,209.474,2,0
5389,121.849,279.252,2,0
5390,405.627,87.2277,2,0
5391,305.55,73.8524,2,0
5392,405.458,144.666,2,0
5393,371.167,99.9168,2,0
5394,530.95,284.546,2,0
5395,97.5185,16.0676,2,0
5396,182.066,143.188,2,0
5397,156.316,61.9449,2,0
5398,12.5852,194.046,2,0
5399,529.916,119.64,2,0
5400,599.941,177.165,2,0
5401,512.43,5.53367,2,0
5402,268.503,147.778,2,0
5403,94.3946,225.402,2,0
5404,477.476,24.1479,2,0
5405,141.096,104.536,2,0
5406,574.672,232.837,2,0
5407,394.462,92.4287,2,0
5408,409.277,298,2,0
5409,388.884,195.676,2,0
5410,349.658,216.747,2,0
5411,460.214,37.1242,2,0
5412,128.481,199.156,2,0
5413,294.977,220.591,2,0
5414,331.009,98.584,2,0
5415,448.634,123.021,2,0
5416,239.933,120.395,2,0
5417,328.707,169.88,2,0
5418,473.5,98.5473,2,0
5419,97.4033,158.416,2,0
5420,302.834,70.8155,2,0
5421,306.805,239.072,2,0
5422,213.7,257.809,2,0
5423,124.956,298,2,0
5424,321.6,23.4203,2,0
5425,346.266,120.188,2,0
5426,556.706,102.961,2,0
5427,427.69,68.4357,2,0
5428,57.0367,54.5522,2,0
5429,159.756,204.835,2,0
5430,336.485,290.926,2,0
5431,555.128,277.455,2,0
5432,11.2773,255.31,2,0
5433,149.047,187.653,2,0
5434,398.969,82.6269,2,0
5435,179.013,255.416,2,0
5436,503.119,85.7124,2,0
5437,295.555,17.9601,2,0
5438,494.8,252.485,2,0
5439,563.748,199.526,2,0
5440,270.263,215.227,2,0
5441,94.6654,214.831,2,0
5442,393.667,212.804,2,0
5443,219.62,214.345,2,0
5444,229.418,112.147,2,0
5445,383.647,129.065,2,0
5446,266.534,67.5039,2,0
5447,532.559,101.172,2,0
5448,419.236,205.928,2,0
5449,261.535,264.797,2,0
5450,66.0627,198.017,2,0
5451,477.162,282.135,2,0
5452,397.376,23.7473,2,0
5453,500.203,5.47164,2,0
5454,256.235,39.3337,2,0
5455,506.322,294.446,2,0
5456,236.531,73.8268,2,0
5457,81.6221,75.223,2,0
5458,117.861,9.06573,2,0
5459,584.926,132.67,2,0
5460,434.004,245.404,2,0
5461,40.3112,77.2306,2,0
5462,59.1333,229.441,2,0
5463,398.227,19.7801,2,0
5464,281.81,158.806,2,0
5465,542.398,242.642,2,0
5466,303.47,100.381,2,0
5467,516.361,179.734,2,0
5468,588.922,277.138,2,0
5469,98.9877,179.758,2,0
5470,580.536,168.645,2,0
5471,150.289,224.532,2,0
5472,343.591,72.0659,2,0
5473,177.889,185.563,2,0
5474,299.419,12.1913,2,0
5475,268.375,250.904,2,0
5476,569.656,195.175,2,0
5477,160.252,200.79,2,0
5478,208.354,195.413,2,0
5479,324.367,214.793,2,0
5480,292.34,90.7572,2,0
5481,236.864,273.57,2,0
5482,551.847,71.4544,2,0
5483,5.33978,80.3977,2,0
5484,555.519,45.8374,2,0
5485,462.106,266.269,2,0
5486,14.8133,214.156,2,0
5487,400.386,265.758,2,0
5488,155.836,233.797,2,0
5489,192.394,158.968,2,0
5490,296.2,9.9656,2,0
5491,115.684,26.241,2,0
5492,174.905,22.4109,2,0
5493,67.0515,263.364,2,0
5494,14.7118,98.3151,2,0
5495,403.034,280.347,2,0
5496,80.615,151.013,2,0
5497,550.262,106.385,2,0
5498,241.243,193.533,2,0
5499,107.102,19.704,2,0
5500,203.143,298,2,0
5501,225.079,150.604,2,0
5502,551.127,165.699,2,0
5503,97.051,136.626,2,0
5504,571.644,262.267,2,0
5505,501.951,121.185,2,0
5506,381.871,221.513,2,0
5507,393.168,216.953,2,0
5508,368.19,38.1549,2,0
5509,88.7862,231.303,2,0
5510,456.793,91.9879,2,0
5511,491.97,206.117,2,0
5512,130.793,83.5619,2,0
5513,237.934,202.63,2,0
5514,130.941,209.652,2,0
5515,443.228,262.284,2,0
5516,485.692,145.403,2,0
5517,378.349,156.326,2,0
5518,233.963,125.751,2,0
5519,493.765,146.179,2,0
5520,95.804,118.783,2,0
5521,348.734,5.28028,2,0
5522,522.19,82.0474,2,0
5523,410.662,134.278,2,0
5524,21.8057,283.865,2,0
5525,214.535,74.3099,2,0
5526,174.31,171.263,2,0
5527,236.318,5.88823,2,0
5528,138.122,160.412,2,0
5529,519.896,173.696,2,0
5530,50.5812,187.55,2,0
5531,555.023,251.918,2,0
5532,359.587,69.1244,2,0
5533,46.0868,298,2,0
5534,174.793,134.759,2,0
5535,84.0886,127.664,2,0
5536,240.261,197.346,2,0
5537,495.911,169.903,2,0
5538,197.03,294.588,2,0
5539,474.003,227.018,2,0
5540,144.585,270.222,2,0
5541,232.442,118.958,2,0
5542,11.2347,64.8148,2,0
5543,512.51,290.951,2,0
5544,4.61229,21.6417,2,0
5545,383.556,93.6566,2,0
5546,346.385,233.707,2,0
5547,510.631,247.302,2,0
5548,86.5755,258.228,2,0
5549,350.978,15.8333,2,0
5550,38.4038,153.262,2,0
5551,341.512,191.103,2,0
5552,259.357,36.65,2,0
5553,166.55,212.604,2,0
5554,214.272,169.761,2,0
5555,298.578,24.3168,2,0
5556,133.073,298,2,0
5557,494.41,79.096,2,0
5558,559.052,30.2881,2,0
5559,557.613,195.361,2,0
5560,502.221,8.99057,2,0
5561,156.321,22.3816,2,0
5562,562.241,124.126,2,0
5563,56.7277,256.928,2,0
5564,285.733,144.766,2,0
5565,229.653,196.518,2,0
5566,332.105,109.423,2,0
5567,588.52,233.56,2,0
5568,367.656,122.187,2,0
5569,259.607,192.252,2,0
5570,301.188,273.038,2,0
5571,302.047,149.298,2,0
5572,192.441,224.361,2,0
5573,73.7428,174.457,2,0
5574,38.4273,128.664,2,0
5575,102.917,59.3276,2,0
5576,250.518,88.5907,2,0
5577,500.927,31.0609,2,0
5578,15.4238,31.6356,2,0
5579,384.259,8.46635,2,0
5580,444.181,193.37,2,0
5581,4.53375,94.6693,2,0
5582,243.473,198.204,2,0
5583,320.894,262.575,2,0
5584,240.031,251.772,2,0
5585,442.025,12.6108,2,0
5586,448.279,212.813,2,0
5587,450.16,251.905,2,0
5588,246.439,264.062,2,0
5589,316.706,162.528,2,0
5590,170.956,33.9666,2,0
5591,170.085,258.481,2,0
5592,368.899,172.051,2,0
5593,123.444,257.071,2,0
5594,133.594,266.104,2,0
5595,476.461,95.7446,2,0
5596,278.78,257.358,2,0
5597,254.199,27.3934,2,0
5598,41.5748,110.449,2,0
5599,423.498,294.434,2,0
5600,593.155,175.012,2,0
5601,362.34,264.52,2,0
5602,320.203,190.767,2,0
5603,435.9,173.951,2,0
5604,67.5337,210.168,2,0
5605,525.414,25.5619,2,0
5606,44.7619,161.631,2,0
5607,423.67,36.3378,2,0
5608,537.315,127.32,2,0
5609,157.712,95.2826,2,0
5610,157.721,86.0581,2,0
5611,262.518,80.0139,2,0
5612,495.825,149.625,2,0
5613,223.364,291.02,2,0
5614,38.0417,290.972,2,0
5615,205.398,141.798,2,0
5616,59.3031,116.237,2,0
5617,420.354,197.92,2,0
5618,367.815,168.137,2,0
5619,31.3882,141.046,2,0
5620,291.776,284.189,2,0
5621,185.894,77.4943,2,0
5622,411.267,104.08,2,0
5623,235.218,290.952,2,0
5624,389.372,218.377,2,0
5625,136.932,245.772,2,0
5626,271.148,31.9618,2,0
5627,263.147,33.8414,2,0
5628,253.3,262.137,2,0
5629,477.488,123.294,2,0
5630,465.539,81.4025,2,0
5631,332.361,199.058,2,0
5632,322.726,97.9665,2,0
5633,343.661,254.407,2,0
5634,264.972,219.761,2,0
5635,190.972,291.044,2,0
5636,246.682,89.5708,2,0
5637,507.747,35.6296,2,0
5638,331.73,74.628,2,0
5639,318.11,130.475,2,0
5640,577.619,220.858,2,0
5641,294.699,93.8775,2,0
5642,558.671,125.791,2,0
5643,48.4681,98.0906,2,0
5644,41.9823,134.837,2,0
5645,77.4442,2,2,0
5646,8.64539,90.6184,2,0
5647,164.687,81.9491,2,0
5648,307.72,135.082,2,0
5649,188.862,157.131,2,0
5650,83.3803,247.849,2,0
5651,210.628,88.4717,2,0
5652,39.4853,182.803,2,0
5653,487.557,181.12,2,0
5654,153.205,127.91,2,0
5655,440.375,61.8712,2,0
5656,31.0164,108.514,2,0
5657,298.986,82.5053,2,0
5658,442.134,223.86,2,0
5659,497.875,95.0385,2,0
5660,424.341,173.872,2,0
5661,54.3823,189.199,2,0
5662,543.007,286.557,2,0
5663,172.502,105.778,2,0
5664,393.755,133.504,2,0
5665,54.7322,73.0428,2,0
5666,442.076,83.0705,2,0
5667,508.685,108.162,2,0
5668,305.349,28.9752,2,0
5669,209.455,206.282,2,0
5670,528.954,27.5572,2,0
5671,2.43233,162.535,2,0
5672,24.4014,132.882,2,0
5673,364.512,74.442,2,0
5674,168.381,88.0436,2,0
5675,512.72,181.653,2,0
5676,531.19,228.833,2,0
5677,45.0162,104.3,2,0
5678,155.912,186.766,2,0
5679,197.045,287.358,2,0
5680,25.7672,25.449,2,0
5681,148.262,139.059,2,0
5682,453.858,73.0654,2,0
5683,295.998,68.5035,2,0
5684,266.62,209.311,2,0
5685,244.866,82.7196,2,0
5686,217.337,2,2,0
5687,468.382,262.887,2,0
5688,458.299,66.1808,2,0
5689,430.22,41.1008,2,0
5690,587.966,126.317,2,0
5691,98.9909,121.189,2,0
5692,252.806,99.3583,2,0
5693,502.858,98.9275,2,0
5694,457.3,167.382,2,0
5695,470.86,86.383,2,0
5696,107.025,265.952,2,0
5697,256.116,278.1,2,0
5698,184.365,146.652,2,0
5699,259.619,18.0493,2,0
5700,277.819,85.6141,2,0
5701,61.8498,96.7038,2,0
5702,584.045,154.333,2,0
5703,65.0812,189.928,2,0
5704,160.188,135.969,2,0
5705,245.556,212.115,2,0
5706,211.174,290.915,2,0
5707,326.842,123.167,2,0
5708,246.865,112.156,2,0
5709,413.168,142.014,2,0
5710,22.3092,23.5377,2,0
5711,231.942,89.6807,2,0
5712,507.436,39.8571,2,0
5713,116.024,136.009,2,0
5714,245.217,152.978,2,0
5715,343.412,117.233,2,0
5716,67.9482,66.541,2,0
5717,597.14,183.56,2,0
5718,201.626,220.785,2,0
5719,106.673,31.7655,2,0
5720,490.957,35.7582,2,0
5721,210.692,84.3209,2,0
5722,474.124,41.6638,2,0
5723,320.301,40.6669,2,0
5724,92.115,81.5494,2,0
5725,170.436,199.151,2,0
5726,468.215,197.313,2,0
5727,147.358,6.07913,2,0
5728,134.778,73.3821,2,0
5729,170.285,112.591,2,0
5730,105.214,137.918,2,0
5731,310.1,287.368,2,0
5732,185.301,171.72,2,0
5733,141.897,73.8475,2,0
5734,153.823,138.637,2,0
5735,535.991,31.6022,2,0
5736,326.854,91.7035,2,0
5737,367.453,158.27,2,0
5738,598.333,79.8992,2,0
5739,301.348,63.8101,2,0
5740,568.085,140.344,2,0
5741,92.5702,28.3732,2,0
5742,1.13369,219.563,2,0
5743,284.759,152.636,2,0
5744,38.2926,241.209,2,0
5745,400.927,276.919,2,0
5746,541.334,125.107,2,0
5747,212.605,210.05,2,0
5748,463.792,77.3758,2,0
5749,444.915,120.411,2,0
5750,539.199,198.216,2,0
5751,362.102,253.86,2,0
5752,134.151,89.6723,2,0
5753,30.6848,88.1365,2,0
5754,140.72,216.901,2,0
5755,429.445,209.415,2,0
5756,563.092,80.836,2,0
5757,15.7934,132.5,2,0
5758,93.5985,175.571,2,0
5759,519.512,198.163,2,0
5760,352.529,147.302,2,0
5761,179.077,43.1409,2,0
5762,557.057,18.9553,2,0
5763,543.148,35.5902,2,0
5764,371.972,106.321,2,0
5765,294.699,30.1244,2,0
5766,501.293,109.033,2,0
5767,235.417,77.8429,2,0
5768,556.563,255.77,2,0
5769,562.133,48.5985,2,0
5770,295.343,101.132,2,0
5771,5.26056,130.632,2,0
5772,515.462,62.2964,2,0
5773,139.148,47.2549,2,0
5774,559.172,239.131,2,0
5775,149.476,251.411,2,0
5776,445.953,258.718,2,0
5777,312.378,228.772,2,0
5778,323.83,147.175,2,0
5779,8.62994,43.8712,2,0
5780,286.881,219.312,2,0
5781,559.584,45.4464,2,0
5782,345.258,155.441,2,0
5783,335.854,25.6719,2,0
5784,113.167,254.28,2,0
5785,544.608,254.568,2,0
5786,79.4488,219.71,2,0
5787,254.298,8.69084,2,0
5788,542.563,128.999,2,0
5789,376.462,174.602,2,0
5790,497.312,265.361,2,0
5791,444.544,29.134,2,0
5792,100.763,298,2,0
5793,442.15,65.4775,2,0
5794,209.257,294.464,2,0
5795,263.12,194.12,2,0
5796,5.60818,284.088,2,0
5797,362.71,275.4,2,0
5798,370.924,222.188,2,0
5799,147.369,175.692,2,0
5800,107.708,5.50906,2,0
5801,590.922,38.1347,2,0
5802,161.34,92.2454,2,0
5803,474.87,211.791,2,0
5804,567.373,256.636,2,0
5805,518.144,104.738,2,0
5806,271.678,111.901,2,0
5807,360.032,50.2524,2,0
5808,437.573,137.403,2,0
5809,139.233,43.2053,2,0
5810,534.828,230.791,2,0
5811,9.12729,226.874,2,0
5812,151.433,239.369,2,0
5813,426.771,147.803,2,0
5814,353.235,45.8381,2,0
5815,435.042,181.963,2,0
5816,567.815,231.258,2,0
5817,524.137,9.47483,2,0
5818,478.153,169.723,2,0
5819,266.74,213.263,2,0
5820,317.823,265.173,2,0
5821,493.584,159.482,2,0
5822,399.58,27.7217,2,0
5823,42.5503,49.9611,2,0
5824,555.004,56.6507,2,0
5825,357.668,153.672,2,0
5826,490.592,67.5334,2,0
5827,113.872,2,2,0
5828,228.997,242.324,2,0
5829,527.236,138.408,2,0
5830,439.624,287.423,2,0
5831,99.6809,12.5318,2,0
5832,364.738,250.716,2,0
5833,593.866,202.011,2,0
5834,575.679,243.516,2,0
5835,557.931,291.045,2,0
5836,339.553,72.9846,2,0
5837,386.938,11.5743,2,0
5838,322.728,66.561,2,0
5839,70.046,172.975,2,0
5840,30.6023,92.2464,2,0
5841,525.338,33.6423,2,0
5842,273.627,136.471,2,0
5843,452.836,54.6728,2,0
5844,543.122,39.6755,2,0
5845,340.557,176.394,2,0
5846,196.646,79.7798,2,0
5847,234.969,62.5072,2,0
5848,11.0129,212.5,2,0
5849,596.43,87.6302,2,0
5850,317.678,19.3436,2,0
5851,218.444,77.4157,2,0
5852,3.79425,178.768,2,0
5853,449.744,40.1007,2,0
5854,249.502,170.916,2,0
5855,39.9985,217.588,2,0
5856,478.735,267.887,2,0
5857,377.106,204.539,2,0
5858,212.642,141.269,2,0
5859,256.769,62.6107,2,0
5860,486.546,67.3166,2,0
5861,596.326,115.662,2,0
5862,411.404,30.8331,2,0
5863,302.173,22.6819,2,0
5864,261.203,130.825,2,0
5865,211.623,261.228,2,0
5866,593.697,149.8,2,0
5867,473.924,121.322,2,0
5868,299.948,183.342,2,0
5869,74.0386,11.1471,2,0
5870,378.541,294.525,2,0
5871,18.5671,185.252,2,0
5872,461.377,80.673,2,0
5873,397.973,46.2485,2,0
5874,436.263,161.879,2,0
5875,251.451,174.857,2,0
5876,91.8571,279.323,2,0
5877,587.271,36.1713,2,0
5878,259.41,275.683,2,0
5879,8.43695,108.852,2,0
5880,276.076,242.083,2,0
5881,369.427,15.8845,2,0
5882,337.69,231.113,2,0
5883,561.134,40.9079,2,0
5884,571.142,55.3428,2,0
5885,192.593,47.297,2,0
5886,380.624,291.021,2,0
5887,525.988,109.611,2,0
5888,512.833,126.608,2,0
5889,125.706,140.817,2,0
5890,187.942,119.875,2,0
5891,278.265,158.295,2,0
5892,58.7086,22.447,2,0
5893,142.689,41.151,2,0
5894,488.955,103.367,2,0
5895,500.284,47.041,2,0
5896,42.177,240.002,2,0
5897,338.674,261.763,2,0
5898,74.2147,178.491,2,0
5899,66.9616,103.32,2,0
5900,458.453,33.5304,2,0
5901,326.783,208.377,2,0
5902,349.981,144.381,2,0
5903,178.481,197.817,2,0
5904,251.707,186.232,2,0
5905,168.985,119.552,2,0
5906,46.328,242.754,2,0
5907,225.297,294.476,2,0
5908,429.368,283.8,2,0
5909,233.642,70.9183,2,0
5910,85.1919,73.3741,2,0
5911,19.6435,266.294,2,0
5912,75.1302,112.324,2,0
5913,226.783,42.8397,2,0
5914,293.979,165.748,2,0
5915,366.296,89.9619,2,0
5916,191.372,112.566,2,0
5917,512.635,193.849,2,0
5918,160.357,39.6284,2,0
5919,309.642,261.124,2,0
5920,229.245,293.961,2,0
5921,484.145,117.069,2,0
5922,467.821,44.72,2,0
5923,230.578,68.0529,2,0
5924,481.149,227.256,2,0
5925,287.763,25.5497,2,0
5926,518.212,250.733,2,0
5927,131.04,184.204,2,0
5928,131.743,40.2934,2,0
5929,138.73,202.297,2,0
5930,159.823,63.9999,2,0
5931,325.795,112.325,2,0
5932,228.436,230.081,2,0
5933,324.934,286.676,2,0
5934,63.6333,13.758,2,0
5935,278.528,10.4747,2,0
5936,564.406,138.473,2,0
5937,411.165,287.487,2,0
5938,473.117,183.513,2,0
5939,347.179,200.27,2,0
5940,255.552,35.3461,2,0
5941,535.996,174.505,2,0
5942,532.507,253.593,2,0
5943,590.607,29.9627,2,0
5944,283.738,176.29,2,0
5945,595.18,273.664,2,0
5946,244.663,36.2667,2,0
5947,177.517,265.7,2,0
5948,38.5823,205.388,2,0
5949,240.303,48.3831,2,0
5950,88.1942,95.5985,2,0
5951,467.78,78.0489,2,0
5952,573.091,5.51482,2,0
5953,212.985,267.974,2,0
5954,411.309,213.086,2,0
5955,182.775,298,2,0
5956,134.046,93.8264,2,0
5957,187.395,112.866,2,0
5958,240.729,283.557,2,0
5959,236.299,246.021,2,0
5960,519.593,193.923,2,0
5961,260.951,110.8,2,0
5962,329.993,228.211,2,0
5963,191.865,267.771,2,0
5964,474.276,218.784,2,0
5965,526.708,190.08,2,0
5966,365.159,261.47,2,0
5967,276.789,272.057,2,0
5968,11.702,280.389,2,0
5969,410.231,194.364,2,0
5970,217.646,142.671,2,0
5971,278.682,131.886,2,0
5972,392.784,73.9143,2,0
5973,177.152,298,2,0
5974,276.844,106.453,2,0
5975,532.316,249.587,2,0
5976,322.899,274.581,2,0
5977,429.303,103.85,2,0
5978,291.671,201.586,2,0
5979,98.408,151.407,2,0
5980,518.221,80.6842,2,0
5981,579.564,147.525,2,0
5982,85.319,57.1441,2,0
5983,466.022,238.679,2,0
5984,593.988,23.7871,2,0
5985,39.0578,209.508,2,0
5986,28.7977,256.423,2,0
5987,260.531,260.852,2,0
5988,301.883,85.897,2,0
5989,546.617,25.2811,2,0
5990,173.53,266.527,2,0
5991,221.087,226.46,2,0
5992,289.529,280.703,2,0
5993,347.057,244.372,2,0
5994,70.3198,273.534,2,0
5995,418.914,126.97,2,0
5996,226.296,272.295,2,0
5997,142.604,277.013,2,0
5998,18.9863,37.6711,2,0
5999,299.898,240.693,2,0
6000,104.064,260.573,2,0
6001,251.196,11.2579,2,0
6002,264.545,60.4194,2,0
6003,310.201,179.962,2,0
6004,499.704,198.629,2,0
6005,188.451,223.228,2,0
6006,153.699,8.72765,2,0
6007,207.122,86.1863,2,0
6008,428.024,180.948,2,0
6009,53.5873,242.488,2,0
6010,250.017,237.338,2,0
6011,525.363,21.4346,2,0
6012,499.775,36.1172,2,0
6013,88.4023,18.4296,2,0
6014,304.008,190.414,2,0
6015,437.179,234.76,2,0
6016,531.53,237.221,2,0
6017,88.3677,207.248,2,0
6018,270.152,211.066,2,0
6019,20.3765,232.106,2,0
6020,344.368,148.537,2,0
6021,438.687,269.225,2,0
6022,309.34,96.7351,2,0
6023,442.141,113.868,2,0
6024,565.962,239.074,2,0
6025,160.686,247.281,2,0
6026,203.237,49.3541,2,0
6027,338.614,294.52,2,0
6028,22.7235,163.448,2,0
6029,571.32,23.1615,2,0
6030,63.3216,269.421,2,0
6031,102.944,266.257,2,0
6032,409.111,202.508,2,0
6033,551.165,38.9065,2,0
6034,106.146,77.5552,2,0
6035,583.492,226.594,2,0
6036,575.564,292.551,2,0
6037,158.166,240.328,2,0
6038,330.41,78.5135,2,0
6039,528.214,10.3126,2,0
6040,121.912,194.646,2,0
6041,569.963,291.002,2,0
6042,586.256,119.041,2,0
6043,563.269,255.079,2,0
6044,117.141,67.2214,2,0
6045,300.381,43.2224,2,0
6046,401.817,269.515,2,0
6047,36.1955,20.6163,2,0
6048,504.858,110.769,2,0
6049,304.466,89.5396,2,0
6050,209.782,122.243,2,0
6051,229.694,97.4405,2,0
6052,128.336,283.953,2,0
6053,362.657,161.19,2,0
6054,126.189,269.426,2,0
6055,522.831,283.303,2,0
6056,408.314,249.356,2,0
6057,44.0485,69.917,2,0
6058,88.7404,150.475,2,0
6059,298.533,127.486,2,0
6060,572.094,94.835,2,0
6061,394.77,243.488,2,0
6062,176.45,293.986,2,0
6063,502.948,269.673,2,0
6064,518.365,25.5305,2,0
6065,322.571,44.0983,2,0
6066,106.414,244.252,2,0
6067,148.469,105.967,2,0
6068,575.879,154.863,2,0
6069,109.166,254.606,2,0
6070,538.042,178.463,2,0
6071,560.403,243.956,2,0
6072,473.761,16.7474,2,0
6073,230.792,122.628,2,0
6074,235.895,217.192,2,0
6075,539.365,13.2103,2,0
6076,144.019,92.5994,2,0
6077,436.951,238.861,2,0
6078,176.478,178.326,2,0
6079,272.1,9.29895,2,0
6080,339.585,18.4417,2,0
6081,362.695,188.647,2,0
6082,117.785,16.0904,2,0
6083,275.823,61.7954,2,0
6084,331.349,18.7799,2,0
6085,424.186,32.3882,2,0
6086,394.523,178.016,2,0
6087,161.931,261.008,2,0
6088,543.001,19.1827,2,0
6089,361.25,39.6966,2,0
6090,448.177,9.07061,2,0
6091,169.653,16.21,2,0
6092,366.626,162.297,2,0
6093,309.858,201.217,2,0
6094,494.361,189.918,2,0
6095,260.88,126.815,2,0
6096,371.562,121.16,2,0
6097,118.653,243.267,2,0
6098,463.836,9.04207,2,0
6099,516.15,196.061,2,0
6100,294.455,230.488,2,0
6101,172.559,179.162,2,0
6102,79.0962,188.146,2,0
6103,371.825,280.504,2,0
6104,595.436,16.1404,2,0
6105,202.158,38.6133,2,0
6106,95.5362,12.578,2,0
6107,562,291.083,2,0
6108,417.445,269.222,2,0
6109,9.26169,130.029,2,0
6110,172.371,219.969,2,0
6111,384.371,247.042,2,0
6112,441.013,91.2226,2,0
6113,442.623,58.4288,2,0
6114,395.006,173.95,2,0
6115,420.211,173.618,2,0
6116,439.768,294.491,2,0
6117,335.494,18.6647,2,0
6118,158.54,161.085,2,0
6119,536.122,19.3391,2,0
6120,99.4339,57.2452,2,0
6121,177.267,174.026,2,0
6122,209.785,257.799,2,0
6123,565,242.916,2,0
6124,487.365,186.127,2,0
6125,484.101,2,2,0
6126,521.656,95.7019,2,0
6127,396.244,160.824,2,0
6128,515.759,10.1326,2,0
6129,41.1659,163.928,2,0
6130,221.513,56.5329,2,0
6131,247.74,85.5797,2,0
6132,167.546,2,2,0
6133,248.115,257.275,2,0
6134,376.004,97.4435,2,0
6135,159.421,208.833,2,0
6136,24.5413,207.029,2,0
6137,324.733,241.327,2,0
6138,594.181,220.38,2,0
6139,404.353,160.446,2,0
6140,59.673,241.702,2,0
6141,473.402,23.8666,2,0
6142,48.7496,118.365,2,0
6143,179.799,5.56523,2,0
6144,12.0327,190.086,2,0
6145,514.514,240.044,2,0
6146,5.59383,76.2138,2,0
6147,245.205,40.3587,2,0
6148,58.0995,190.789,2,0
6149,528.969,31.6264,2,0
6150,177.541,14.5816,2,0
6151,507.149,251.253,2,0
6152,343.122,141.444,2,0
6153,260.951,220.463,2,0
6154,412.965,239.667,2,0
6155,298.976,220.547,2,0
6156,406.085,169.057,2,0
6157,528.62,298,2,0
6158,130.707,91.6346,2,0
6159,411.415,100.03,2,0
6160,478.826,130.615,2,0
6161,180.279,28.4078,2,0
6162,490.335,138.772,2,0
6163,213.343,2,2,0
6164,338.938,216.5,2,0
6165,157.166,225.723,2,0
6166,83.4375,193.679,2,0
6167,378.126,226.241,2,0
6168,544.477,290.583,2,0
6169,254.372,136.457,2,0
6170,242.817,156.117,2,0
6171,569.583,276.816,2,0
6172,254.262,115.534,2,0
6173,131.711,26.9619,2,0
6174,329.816,112.76,2,0
6175,560.122,101.211,2,0
6176,96.542,284.036,2,0
6177,177.7,224.545,2,0
6178,239.406,56.3948,2,0
6179,186.313,242.739,2,0
6180,69.4612,168.864,2,0
6181,346.684,85.7976,2,0
6182,359.315,65.0444,2,0
6183,381.595,136.848,2,0
6184,432.105,110.441,2,0
6185,595.015,77.6722,2,0
6186,224.185,139.932,2,0
6187,499.404,16.2473,2,0
6188,46.3515,250.494,2,0
6189,223.024,212.165,2,0
6190,384.662,290.881,2,0
6191,329.984,5.47175,2,0
6192,157.663,165.092,2,0
6193,599.322,266.824,2,0
6194,429.298,137.846,2,0
6195,322.662,166.239,2,0
6196,108.064,173.629,2,0
6197,569.132,183.899,2,0
6198,533.557,202.477,2,0
6199,298.94,236.673,2,0
6200,528.97,43.8627,2,0
6201,461.974,73.5637,2,0
6202,556.896,93.9639,2,0
6203,415.675,207.441,2,0
6204,331.968,285.473,2,0
6205,173.237,298,2,0
6206,344.007,109.297,2,0
6207,332.398,244.239,2,0
6208,549.367,127.177,2,0
6209,129.351,253.354,2,0
6210,553.315,96.2556,2,0
6211,378.089,76.7987,2,0
6212,168.924,261.034,2,0
6213,324.788,162.736,2,0
6214,302.936,14.5763,2,0
6215,197.503,238.387,2,0
6216,570.376,73.2065,2,0
6217,512.862,177.61,2,0
6218,91.5273,124.411,2,0
6219,406.831,159.332,2,0
6220,3.57139,9.01585,2,0
6221,442.872,170.051,2,0
6222,63.0301,82.0188,2,0
6223,258.91,32.5551,2,0
6224,129.857,23.3778,2,0
6225,551.826,121.299,2,0
6226,128.814,279.973,2,0
6227,421.797,57.3843,2,0
6228,218.132,160.589,2,0
6229,219.582,270.163,2,0
6230,399.998,191.015,2,0
6231,18.0433,250.743,2,0
6232,437.358,47.4424,2,0
6233,221.853,99.5676,2,0
6234,555.088,182.059,2,0
6235,469.837,73.1298,2,0
6236,275.358,249.303,2,0
6237,111.045,265.446,2,0
6238,1.36803,35.914,2,0
6239,566.393,73.5335,2,0
6240,82.7389,109.278,2,0
6241,180.43,161.821,2,0
6242,385.152,239.541,2,0
6243,322.126,12.6258,2,0
6244,372.12,234.885,2,0
6245,564.233,169.607,2,0
6246,257.554,294.523,2,0
6247,22.303,186.733,2,0
6248,322.393,173.232,2,0
6249,190.193,123.351,2,0
6250,11.5409,13.3834,2,0
6251,11.5154,2,2,0
6252,145.168,121.816,2,0
6253,539.968,174.492,2,0
6254,150.491,131.219,2,0
6255,87.0054,154.161,2,0
6256,380.652,238.953,2,0
6257,30.2115,165.965,2,0
6258,587.58,44.3996,2,0
6259,304.087,66.9741,2,0
6260,122.398,115.526,2,0
6261,217.044,149.852,2,0
6262,140.161,13.0353,2,0
6263,330.755,124.311,2,0
6264,78.383,57.0672,2,0
6265,34.3063,102.424,2,0
6266,15.241,218.201,2,0
6267,281.081,21.0383,2,0
6268,468.062,69.5419,2,0
6269,514.791,39.6863,2,0
6270,120.641,65.166,2,0
6271,178.684,73.7216,2,0
6272,196.422,257.34,2,0
6273,261.717,294.505,2,0
6274,162.359,293.467,2,0
6275,476.267,155.16,2,0
6276,417.951,65.2574,2,0
6277,156.516,146.242,2,0
6278,105.273,98.9837,2,0
6279,347.325,166.587,2,0
6280,311.257,42.2019,2,0
6281,419.605,92.3956,2,0
6282,264.67,112.482,2,0
6283,97.6362,176.041,2,0
6284,275.962,128.757,2,0
6285,281.422,16.8999,2,0
6286,200.403,183.158,2,0
6287,329.185,15.4114,2,0
6288,546.006,88.2067,2,0
6289,239.708,186.645,2,0
6290,104.775,298,2,0
6291,163.724,53.8407,2,0
6292,224.292,157.656,2,0
6293,367.111,81.9018,2,0
6294,477.386,205.985,2,0
6295,273.57,179.915,2,0
6296,544.153,212.052,2,0
6297,15.7223,287.42,2,0
6298,65.1375,2,2,0
6299,120.251,210.659,2,0
6300,561.374,59.6748,2,0
6301,289.99,287.575,2,0
6302,132.002,5.51903,2,0
6303,251.666,34.0047,2,0
6304,519.518,62.5334,2,0
6305,442.593,208.63,2,0
6306,320.378,148.902,2,0
6307,448.911,144.106,2,0
6308,567.505,148.178,2,0
6309,166.876,68.054,2,0
6310,542.598,246.756,2,0
6311,525.382,53.9559,2,0
6312,401.29,248.511,2,0
6313,435.617,294.535,2,0
6314,480.619,180.252,2,0
6315,470.087,41.3506,2,0
6316,362.523,62.4472,2,0
6317,327.54,116.105,2,0
6318,462.536,149.348,2,0
6319,288.121,2,2,0
6320,224.475,224.15,2,0
6321,138.571,59.4926,2,0
6322,277.694,146.41,2,0
6323,542.876,250.851,2,0
6324,374.928,70.4552,2,0
6325,365.73,208.949,2,0
6326,70.693,17.4176,2,0
6327,127.616,207.229,2,0
6328,501.352,23.9908,2,0
6329,163.777,45.7532,2,0
6330,258.362,217.163,2,0
6331,19.9183,153.931,2,0
6332,501.717,195.129,2,0
6333,476.858,181.833,2,0
6334,275.656,42.4962,2,0
6335,573.778,106.551,2,0
6336,154.423,241.997,2,0
6337,79.53,293.31,2,0
6338,1.48832,298,2,0
6339,437.398,96.8217,2,0
6340,19.7924,273.372,2,0
6341,120.719,129.5,2,0
6342,347.325,116.314,2,0
6343,579.711,283.242,2,0
6344,530.519,135.969,2,0
6345,375.421,189.919,2,0
6346,455.719,228.552,2,0
6347,267.133,85.4739,2,0
6348,595.263,267.332,2,0
6349,225.428,54.9158,2,0
6350,442.613,178.796,2,0
6351,187.659,95.2632,2,0
6352,197.752,115.483,2,0
6353,302.065,172.925,2,0
6354,129.855,217.619,2,0
6355,521.923,15.2151,2,0
6356,463.369,176.249,2,0
6357,417.254,233.975,2,0
6358,31.408,128.822,2,0
6359,56.3515,294.595,2,0
6360,90.077,260.288,2,0
6361,421.16,267.894,2,0
6362,435.734,108.857,2,0
6363,52.2572,280.546,2,0
6364,363.388,2,2,0
6365,275.276,26.4948,2,0
6366,487.378,28.524,2,0
6367,246.036,201.43,2,0
6368,416.713,35.5567,2,0
6369,495.766,279.476,2,0
6370,441.938,196.73,2,0
6371,66.604,201.957,2,0
6372,402.425,53.3475,2,0
6373,495.696,261.63,2,0
6374,510.099,51.2487,2,0
6375,294.04,252.805,2,0
6376,530.091,212.703,2,0
6377,155.917,182.701,2,0
6378,35.4652,247.82,2,0
6379,108.868,97.1298,2,0
6380,41.5419,106.335,2,0
6381,496.283,240.473,2,0
6382,391.239,175.545,2,0
6383,119.926,97.5807,2,0
6384,157.117,29.457,2,0
6385,458.392,239.087,2,0
6386,125.437,223.176,2,0
6387,360.261,109.484,2,0
6388,508.459,290.618,2,0
6389,475.843,248.462,2,0
6390,577.922,276.054,2,0
6391,242.968,237.629,2,0
6392,462.242,259.173,2,0
6393,137.63,236.928,2,0
6394,19.0704,219.875,2,0
6395,124.189,63.379,2,0
6396,357.594,169.039,2,0
6397,289.149,9.36853,2,0
6398,144.303,139.109,2,0
6399,499.471,20.3636,2,0
6400,153.329,119.426,2,0
6401,308.14,87.8748,2,0
6402,575.243,55.2985,2,0
6403,533.993,133.58,2,0
6404,78.0222,21.212,2,0
6405,213.225,16.0769,2,0
6406,598.384,91.0931,2,0
6407,553.625,262.473,2,0
6408,381.528,5.59283,2,0
6409,366.967,49.0343,2,0
6410,165.153,240.451,2,0
6411,417.816,112.649,2,0
6412,346.577,35.7845,2,0
6413,295.846,190.327,2,0
6414,451.972,10.5013,2,0
6415,252.915,221.616,2,0
6416,138.579,135.125,2,0
6417,289.666,87.5863,2,0
6418,525.226,269.303,2,0
6419,592.073,142.735,2,0
6420,157.611,139.236,2,0
6421,24.644,242.013,2,0
6422,266.507,16.7185,2,0
6423,68.3153,214.37,2,0
6424,316.925,146.628,2,0
6425,444.409,61.9742,2,0
6426,86.1676,40.8325,2,0
6427,360.052,191.522,2,0
6428,45.1233,108.3,2,0
6429,198.395,142.181,2,0
6430,485.77,49.6077,2,0
6431,292.485,223.656,2,0
6432,542.001,226.453,2,0
6433,573.538,194.234,2,0
6434,518.301,29.5782,2,0
6435,493.211,90.0032,2,0
6436,173.176,109.72,2,0
6437,97.593,8.96112,2,0
6438,155.107,285.457,2,0
6439,363.672,257.751,2,0
6440,351.523,158.444,2,0
6441,497.892,50.4245,2,0
6442,210.351,275.812,2,0
6443,466.201,147.746,2,0
6444,268.06,9.38129,2,0
6445,69.5418,243.5,2,0
6446,2.47537,98.2251,2,0
6447,334.752,124.128,2,0
6448,363.96,192.591,2,0
6449,18.5693,258.957,2,0
6450,519.563,202.253,2,0
6451,594.205,190.558,2,0
6452,15.2765,23.5159,2,0
6453,166.232,111.872,2,0
6454,239.322,290.888,2,0
6455,522.491,294.459,2,0
6456,573.83,222.068,2,0
6457,516.053,275.069,2,0
6458,177.582,25.3788,2,0
6459,297.053,120.504,2,0
6460,310.711,268.082,2,0
6461,174.918,11.5349,2,0
6462,141.044,290.953,2,0
6463,342.775,217.875,2,0
6464,56.3701,265.053,2,0
6465,359.316,226.561,2,0
6466,538.955,285.938,2,0
6467,427.893,2,2,0
6468,525.855,258.287,2,0
6469,550.975,145.652,2,0
6470,150.438,279.218,2,0
6471,450.227,106.768,2,0
6472,591.234,294.576,2,0
6473,556.963,223.08,2,0
6474,266.976,279.068,2,0
6475,19.8896,197.303,2,0
6476,289.859,294.614,2,0
6477,260.524,241.886,2,0
6478,316.212,290.937,2,0
6479,499.727,168.199,2,0
6480,112.092,190.861,2,0
6481,403.833,72.802,2,0
6482,9.12876,74.505,2,0
6483,588.376,94.5791,2,0
6484,255.748,16.6622,2,0
6485,298.014,287.547,2,0
6486,378.604,287.549,2,0
6487,261.647,118.886,2,0
6488,331.77,135.773,2,0
6489,463.012,26.7466,2,0
6490,15.2713,27.6255,2,0
6491,1.34974,68.7415,2,0
6492,247.412,298,2,0
6493,582.299,98.0598,2,0
6494,123.912,209.03,2,0
6495,251.456,269.047,2,0
6496,190.915,134.414,2,0
6497,502.795,170.805,2,0
6498,498.164,180.382,2,0
6499,285.812,232.726,2,0
6500,487.441,149.057,2,0
6501,456.889,55.2523,2,0
6502,48.9878,151.238,2,0
6503,17.7982,290.941,2,0
6504,303.988,290.926,2,0
6505,589.435,217.725,2,0
6506,162.553,160.196,2,0
6507,458.769,59.1077,2,0
6508,556.006,161.012,2,0
6509,420.862,213.365,2,0
6510,232.629,244.109,2,0
6511,80.3434,233.202,2,0
6512,12.281,88.7613,2,0
6513,450.22,65.8004,2,0
6514,272.394,262.297,2,0
6515,166.955,24.0073,2,0
6516,467.068,27.0732,2,0
6517,443.042,201.372,2,0
6518,543.03,59.9428,2,0
6519,137.448,91.6406,2,0
6520,319.116,78.1186,2,0
6521,74.04,104.694,2,0
6522,247.588,275.086,2,0
6523,264.535,260.947,2,0
6524,253.53,107.503,2,0
6525,326.669,173.224,2,0
6526,521.372,279.561,2,0
6527,182.363,83.7678,2,0
6528,354.714,128.919,2,0
6529,11.5235,259.515,2,0
6530,140.634,239.577,2,0
6531,74.0867,73.6401,2,0
6532,93.6295,108.246,2,0
6533,449.961,298,2,0
6534,187.887,174.805,2,0
6535,76.6407,239.476,2,0
6536,27.9877,280.344,2,0
6537,221.442,230.383,2,0
6538,146.531,226.036,2,0
6539,22.4011,27.4525,2,0
6540,110.033,59.3741,2,0
6541,431.457,114.504,2,0
6542,104.779,166.235,2,0
6543,142.031,24.0732,2,0
6544,320.002,108.372,2,0
6545,131.715,286.43,2,0
6546,44.6062,88.0562,2,0
6547,543.177,47.4554,2,0
6548,282.652,43.1509,2,0
6549,303.349,5.99745,2,0
6550,590.352,91.0631,2,0
6551,165.216,182.109,2,0
6552,370.189,150.745,2,0
6553,257.768,252.617,2,0
6554,248.511,142.704,2,0
6555,556.363,219.194,2,0
6556,567.84,188.115,2,0
6557,573.693,151.539,2,0
6558,281.742,179.88,2,0
6559,26.0687,188.388,2,0
6560,258.807,256.362,2,0
6561,109.074,276.857,2,0
6562,424.119,141.698,2,0
6563,85.4407,2,2,0
6564,524.848,89.2828,2,0
6565,155.191,237.71,2,0
6566,299.599,204.25,2,0
6567,127.958,119.733,2,0
6568,109.618,39.2342,2,0
6569,505.624,189.602,2,0
6570,99.5283,27.9878,2,0
6571,227.273,65.3408,2,0
6572,533.64,194.147,2,0
6573,219.443,210.371,2,0
6574,385.573,135.92,2,0
6575,121.573,224.546,2,0
6576,147.356,267.509,2,0
6577,151.843,211.97,2,0
6578,523.406,228.967,2,0
6579,308.256,264.738,2,0
6580,348.305,96.5614,2,0
6581,215.816,66.1869,2,0
6582,45.9232,262.444,2,0
6583,36.0399,280.38,2,0
6584,598.65,58.3898,2,0
6585,504.25,5.47645,2,0
6586,119.866,19.48,2,0
6587,138.245,75.5157,2,0
6588,195.688,269.321,2,0
6589,108.007,35.5466,2,0
6590,320.284,74.2388,2,0
6591,249.59,294.453,2,0
6592,370.098,65.2341,2,0
6593,249.386,40.6707,2,0
6594,41.1254,46.1456,2,0
6595,386.616,99.9769,2,0
6596,173.661,223.832,2,0
6597,166.066,295.347,2,0
6598,562.729,115.99,2,0
6599,526.626,198.233,2,0
6600,292.209,15.6449,2,0
6601,491.683,260.478,2,0
6602,97.2809,293.053,2,0
6603,538.352,232.713,2,0
6604,241.264,134.666,2,0
6605,464.899,110.206,2,0
6606,194.819,5.57822,2,0
6607,82.4099,105.115,2,0
6608,193.876,210.807,2,0
6609,369.943,8.15037,2,0
6610,232.488,114.906,2,0
6611,91.4681,196.659,2,0
6612,505.743,177.401,2,0
6613,80.8806,274.675,2,0
6614,328.905,47.262,2,0
6615,169.05,281.157,2,0
6616,99.3097,23.8721,2,0
6617,292.186,136.176,2,0
6618,490.969,287.054,2,0
6619,537.281,194.783,2,0
6620,149.071,74.0521,2,0
6621,518.4,21.5291,2,0
6622,139.334,247.855,2,0
6623,508.24,258.912,2,0
6624,191.376,142.578,2,0
6625,462.398,184.497,2,0
6626,237.036,84.6744,2,0
6627,130.322,180.086,2,0
6628,350.862,273.294,2,0
6629,455.783,76.689,2,0
6630,339.122,57.6863,2,0
6631,558.877,189.093,2,0
6632,135.278,42.6097,2,0
6633,557.633,284.315,2,0
6634,550.231,50.0005,2,0
6635,593.298,242.921,2,0
6636,403.846,216.198,2,0
6637,459.517,191.692,2,0
6638,281.727,172.84,2,0
6639,115.167,274.543,2,0
6640,80.5037,223.712,2,0
6641,598.221,119.317,2,0
6642,380.553,115.064,2,0
6643,255.37,87.7229,2,0
6644,389.783,187.662,2,0
6645,116.832,83.4651,2,0
6646,267.951,24.5297,2,0
6647,424.434,113.59,2,0
6648,187.55,284.795,2,0
6649,258.629,47.8701,2,0
6650,389.736,266.732,2,0
6651,542.633,90.4747,2,0
6652,73.7111,108.741,2,0
6653,411.89,149.961,2,0
6654,107.665,12.4973,2,0
6655,126.003,219.036,2,0
6656,238.147,18.0422,2,0
6657,532.012,245.397,2,0
6658,33.1263,55.1245,2,0
6659,451.075,242.589,2,0
6660,427.35,272.895,2,0
6661,78.9755,289.188,2,0
6662,458.627,99.5946,2,0
6663,261.975,29.9327,2,0
6664,532.421,29.567,2,0
6665,1.70006,52.1805,2,0
6666,67.6122,162.72,2,0
6667,81.8582,54.9885,2,0
6668,305.325,63.0217,2,0
6669,597.105,263.719,2,0
6670,234.093,39.4169,2,0
6671,59.4837,124.297,2,0
6672,584.158,115.628,2,0
6673,571.167,80.1465,2,0
6674,437.11,153.735,2,0
6675,303.243,211.596,2,0
6676,439.732,231.768,2,0
6677,387.968,273.344,2,0
6678,566.445,110.043,2,0
6679,158.267,121.43,2,0
6680,185.951,85.6388,2,0
6681,161.73,232.301,2,0
6682,60.0496,11.8128,2,0
6683,524.277,238.035,2,0
6684,385.785,35.724,2,0
6685,134.997,61.388,2,0
6686,533.549,258.366,2,0
6687,426.907,202.931,2,0
6688,254.631,119.709,2,0
6689,31.1888,157.242,2,0
6690,263.392,168.87,2,0
6691,554.185,74.7007,2,0
6692,59.9135,171.082,2,0
6693,397.419,98.6318,2,0
6694,400.834,290.93,2,0
6695,52.5057,234.106,2,0
6696,465.088,295.339,2,0
6697,35.728,256.099,2,0
6698,90.0776,168.209,2,0
6699,296.225,2,2,0
6700,32.9872,29.2895,2,0
6701,180.257,238.584,2,0
6702,52.1145,108.186,2,0
6703,152.708,72.054,2,0
6704,526.729,287.575,2,0
6705,390.104,163.554,2,0
6706,548.59,68.8434,2,0
6707,467.978,2,2,0
6708,38.4215,149.133,2,0
6709,565.213,207.457,2,0
6710,582.552,242.83,2,0
6711,471.775,90.5044,2,0
6712,9.66445,277.058,2,0
6713,146.616,298,2,0
6714,225.752,28.694,2,0
6715,343.153,236.216,2,0
6716,342.912,113.177,2,0
6717,478.201,103.909,2,0
6718,159.941,59.8329,2,0
6719,588.265,130.563,2,0
6720,253.168,103.385,2,0
6721,280.007,99.0986,2,0
6722,413.199,2,2,0
6723,565.205,185.162,2,0
6724,572.18,162.066,2,0
6725,129.532,271.809,2,0
6726,46.1283,9.0402,2,0
6727,285.868,287.368,2,0
6728,531.544,70.2975,2,0
6729,340.871,298,2,0
6730,571.497,138.007,2,0
6731,106.45,118.268,2,0
6732,412.833,200.997,2,0
6733,472.079,2,2,0
6734,524.449,236.989,2,0
6735,490.634,5.71223,2,0
6736,439.234,176.346,2,0
6737,421.847,9.29419,2,0
6738,135.542,167.014,2,0
6739,491.465,248.006,2,0
6740,312.203,290.927,2,0
6741,0.389977,181.157,2,0
6742,104.053,230.982,2,0
6743,107.11,114.173,2,0
6744,52.1197,5.45933,2,0
6745,179.908,193.72,2,0
6746,373.365,273.662,2,0
6747,546.4,265.76,2,0
6748,179.483,135.079,2,0
6749,246.176,227.16,2,0
6750,29.7397,190.065,2,0
6751,49.7663,179.488,2,0
6752,445.729,137.096,2,0
6753,110.477,207.339,2,0
6754,83.3136,252.006,2,0
6755,411.312,294.448,2,0
6756,483.323,148.742,2,0
6757,120.075,214.712,2,0
6758,75.0822,213.376,2,0
6759,488.3,70.9158,2,0
6760,279.829,60.9526,2,0
6761,409.064,276.895,2,0
6762,478.705,34.9757,2,0
6763,460.647,30.1123,2,0
6764,503.167,61.3579,2,0
6765,332.368,266.803,2,0
6766,239.189,231.589,2,0
6767,325.279,130.979,2,0
6768,549.165,262.419,2,0
6769,38.4738,141.023,2,0
6770,383.38,236.023,2,0
6771,17.8581,298,2,0
6772,315.522,212.176,2,0
6773,528.375,87.1128,2,0
6774,126.526,115.864,2,0
6775,398.537,143.269,2,0
6776,561.413,206.159,2,0
6777,308.109,131.086,2,0
6778,509.411,266.819,2,0
6779,229.252,246.191,2,0
6780,367.124,290.852,2,0
6781,172.788,283.038,2,0
6782,278.925,230.694,2,0
6783,329.731,22.4708,2,0
6784,324.638,169.74,2,0
6785,101.632,147.924,2,0
6786,192.562,271.777,2,0
6787,94.0912,238.005,2,0
6788,189.325,71.3094,2,0
6789,550.579,294.281,2,0
6790,189.309,239.862,2,0
6791,417.052,163.108,2,0
6792,526.113,113.706,2,0
6793,486.166,246.094,2,0
6794,547.544,258.668,2,0
6795,585.291,298,2,0
6796,184.225,203.833,2,0
6797,23.7684,111.587,2,0
6798,521.985,150.306,2,0
6799,310.855,9.12468,2,0
6800,106.034,85.8063,2,0
6801,212.22,245.602,2,0
6802,530.629,273.831,2,0
6803,409.113,2,2,0
6804,428.752,22.5018,2,0
6805,433.205,152.646,2,0
6806,559.111,237.166,2,0
6807,100.702,290.954,2,0
6808,261.789,253.321,2,0
6809,93.6306,146.914,2,0
6810,283.147,251.021,2,0
6811,546.375,13.0533,2,0
6812,422.441,98.9146,2,0
6813,139.157,198.072,2,0
6814,201.058,280.466,2,0
6815,122.094,51.8292,2,0
6816,404.69,148.609,2,0
6817,495.424,15.7203,2,0
6818,377.3,244.448,2,0
6819,334.657,88.5922,2,0
6820,349.244,162.355,2,0
6821,90.6948,265.165,2,0
6822,112.177,146.033,2,0
6823,532.335,144.372,2,0
6824,470.004,123.91,2,0
6825,161.847,264.977,2,0
6826,587.857,266.208,2,0
6827,372.738,117.14,2,0
6828,496.027,257.801,2,0
6829,571.239,30.2797,2,0
6830,97.3837,133.366,2,0
6831,357.522,131.999,2,0
6832,563.341,218.004,2,0
6833,182.917,20.7163,2,0
6834,136.691,284.212,2,0
6835,443.468,44.3157,2,0
6836,73.2096,170.537,2,0
6837,406.778,79.2577,2,0
6838,316.221,298,2,0
6839,491.654,229.195,2,0
6840,284.38,56.2637,2,0
6841,226.27,46.8146,2,0
6842,365.713,140.746,2,0
6843,340.056,110.165,2,0
6844,319.429,2,2,0
6845,504.029,150.468,2,0
6846,279.662,169.244,2,0
6847,324.335,282.524,2,0
6848,181.161,172.935,2,0
6849,358.633,60.9179,2,0
6850,183.298,218.521,2,0
6851,42.0191,151.296,2,0
6852,538.112,166.898,2,0
6853,109.805,75.5852,2,0
6854,404.66,32.6275,2,0
6855,579.133,8.9757,2,0
6856,93.6566,271.587,2,0
6857,196.11,39.9924,2,0
6858,297.883,232.705,2,0
6859,388.483,262.855,2,0
6860,277.288,79.683,2,0
6861,191.883,204.044,2,0
6862,596.948,160.472,2,0
6863,361.679,168.757,2,0
6864,240.371,29.9952,2,0
6865,330.578,277.433,2,0
6866,196.048,128.504,2,0
6867,184.943,249.716,2,0
6868,135.76,27.3042,2,0
6869,3.44641,294.512,2,0
6870,125.649,41.7352,2,0
6871,512.062,110.289,2,0
6872,202.594,16.6429,2,0
6873,271.887,290.994,2,0
6874,75.0274,90.3002,2,0
6875,219.176,68.4345,2,0
6876,455.953,144.615,2,0
6877,585.472,218.76,2,0
6878,133.57,123.936,2,0
6879,219.651,15.3018,2,0
6880,236.421,159.215,2,0
6881,105.917,181.234,2,0
6882,178.835,85.8167,2,0
6883,66.458,107.959,2,0
6884,453.914,6.8841,2,0
6885,282.093,285.861,2,0
6886,167.953,185.305,2,0
6887,203.563,200.687,2,0
6888,269.65,254.898,2,0
6889,88.6419,75.3873,2,0
6890,56.351,205.307,2,0
6891,119.783,179.557,2,0
6892,326.185,194.365,2,0
6893,338.42,36.1613,2,0
6894,32.0993,294.433,2,0
6895,164.326,229.249,2,0
6896,66.8044,7.42122,2,0
6897,543.014,64.0994,2,0
6898,288.543,235.656,2,0
6899,125.253,30.7468,2,0
6900,70.2678,203.578,2,0
6901,116.655,47.3959,2,0
6902,28.6571,252.268,2,0
6903,276.03,99.5609,2,0
6904,289.882,179.752,2,0
6905,247.761,48.1194,2,0
6906,237.137,109.94,2,0
6907,501.745,205.924,2,0
6908,435.553,75.6368,2,0
6909,267.453,183.554,2,0
6910,425.064,24.2589,2,0
6911,265.757,124.661,2,0
6912,475.82,110.645,2,0
6913,484.189,98.313,2,0
6914,465.278,100.342,2,0
6915,187.068,280.909,2,0
6916,465.821,242.734,2,0
6917,113.819,153.085,2,0
6918,259.429,94.6165,2,0
6919,494.692,117.41,2,0
6920,85.2258,61.0962,2,0
6921,532.646,298,2,0
6922,124.037,231.222,2,0
6923,239.529,148.703,2,0
6924,242.645,90.5203,2,0
6925,357.215,231.536,2,0
6926,563.985,232.196,2,0
6927,99.9159,48.7258,2,0
6928,414.501,227.523,2,0
6929,10.5483,98.183,2,0
6930,72.1543,220.844,2,0
6931,128.852,195.227,2,0
6932,368.253,182.703,2,0
6933,241.369,294.453,2,0
6934,97.1744,269.948,2,0
6935,265.787,254.071,2,0
6936,522.749,115.975,2,0
6937,369.36,262.087,2,0
6938,309.642,146.332,2,0
6939,205.414,192.696,2,0
6940,138.304,206.308,2,0
6941,169.796,265.051,2,0
6942,418.002,23.3207,2,0
6943,248.813,81.6022,2,0
6944,581.095,298,2,0
6945,466.96,226.523,2,0
6946,248.648,36.6446,2,0
6947,313.234,148.397,2,0
6948,316.367,283.851,2,0
6949,352.818,281.668,2,0
6950,271.855,298,2,0
6951,349.017,212.643,2,0
6952,64.2546,286.391,2,0
6953,129.138,172.001,2,0
6954,453.035,22.3796,2,0
6955,473.597,48.7484,2,0
6956,202.822,104.394,2,0
6957,256.596,248.661,2,0
6958,169.196,285.232,2,0
6959,201.097,179.196,2,0
6960,370.64,74.7696,2,0
6961,441.492,186.742,2,0
6962,162.945,243.859,2,0
6963,102.771,67.3601,2,0
6964,219.198,46.0378,2,0
6965,190.576,177.842,2,0
6966,480.789,63.3379,2,0
6967,300.424,89.8656,2,0
6968,24.323,171.644,2,0
6969,368.927,211.589,2,0
6970,418.893,151.217,2,0
6971,357.296,5.47014,2,0
6972,44.0487,273.504,2,0
6973,25.8209,2,2,0
6974,285.89,45.5351,2,0
6975,96.7316,183.038,2,0
6976,5.21858,263.024,2,0
6977,193.427,241.1,2,0
6978,62.6508,60.4963,2,0
6979,114.19,236.425,2,0
6980,479.989,126.717,2,0
6981,505.9,173.401,2,0
6982,499.174,84.4598,2,0
6983,135.544,199.826,2,0
6984,398.225,90.5611,2,0
6985,51.6923,91.9141,2,0
6986,466.979,174.645,2,0
6987,1.72916,48.0218,2,0
6988,553.356,273.879,2,0
6989,255.597,291.049,2,0
6990,219.3,298,2,0
6991,464.233,262.792,2,0
6992,168.247,137.271,2,0
6993,294.912,26.1568,2,0
6994,302.094,179.876,2,0
6995,473.403,117.342,2,0
6996,553.232,248.319,2,0
6997,79.4202,137.032,2,0
6998,135.243,53.1565,2,0
6999,454.258,66.0576,2,0
7000,478.391,200.644,2,0
7001,423.03,227.75,2,0
7002,158.329,266.949,2,0
7003,551.227,287.69,2,0
7004,106.805,287.522,2,0
7005,430.867,118.58,2,0
7006,373.587,262.994,2,0
7007,341.121,163.205,2,0
7008,357.095,53.1341,2,0
7009,222.736,153.969,2,0
7010,581.784,150.974,2,0
7011,228.16,22.0778,2,0
7012,459.025,95.6097,2,0
7013,157.879,106.249,2,0
7014,19.6777,71.5021,2,0
7015,146.863,171.475,2,0
7016,113.714,22.4827,2,0
7017,161.634,28.5744,2,0
7018,92.1959,73.3305,2,0
7019,121.913,9.09014,2,0
7020,325.197,155.423,2,0
7021,419.128,248.662,2,0
7022,512.795,206.525,2,0
7023,314.103,37.6563,2,0
7024,124.327,59.2344,2,0
7025,492.162,171.42,2,0
7026,273.515,96.4057,2,0
7027,590.309,105.108,2,0
7028,233.115,133.873,2,0
7029,61.3771,142.119,2,0
7030,214.414,112.416,2,0
7031,250.48,77.3529,2,0
7032,264.251,289.396,2,0
7033,536.455,289.238,2,0
7034,593.344,12.5987,2,0
7035,359.293,2,2,0
7036,450.662,162.625,2,0
7037,427.271,280.248,2,0
7038,94.8344,100.254,2,0
7039,417.28,2,2,0
7040,509.051,65.3434,2,0
7041,582.649,215.816,2,0
7042,43.7263,43.0841,2,0
7043,511.19,37.5693,2,0
7044,433.798,214.936,2,0
7045,339.061,142.036,2,0
7046,196.743,230.312,2,0
7047,305.137,228.583,2,0
7048,370.335,245.244,2,0
7049,325.302,267.896,2,0
7050,477.175,233.249,2,0
7051,18.204,146.328,2,0
7052,264.481,128.54,2,0
7053,347.897,295.161,2,0
7054,481.609,253.827,2,0
7055,281.643,165.753,2,0
7056,538.438,224.605,2,0
7057,430.61,176.786,2,0
7058,488.639,203.706,2,0
7059,260.593,231.086,2,0
7060,498.361,119.338,2,0
7061,25.829,269.765,2,0
7062,76.31,49.7031,2,0
7063,359.115,149.845,2,0
7064,343.119,267.058,2,0
7065,407.559,52.1848,2,0
7066,247.119,44.0464,2,0
7067,87.3969,129.927,2,0
7068,240.499,72.7704,2,0
7069,539.343,96.8271,2,0
7070,466.009,73.8179,2,0
7071,310.744,127.951,2,0
7072,11.5748,273.496,2,0
7073,538.252,80.5669,2,0
7074,437.57,283.849,2,0
7075,112.651,162.353,2,0
7076,451.369,98.5964,2,0
7077,476.455,289.266,2,0
7078,439.511,273.196,2,0
7079,355.882,82.7535,2,0
7080,325.915,249.304,2,0
7081,333.897,146.802,2,0
7082,376.886,240.362,2,0
7083,46.4977,63.9855,2,0
7084,359.478,98.77,2,0
7085,99.0894,81.6324,2,0
7086,155.015,281.452,2,0
7087,189.387,55.1423,2,0
7088,199.979,90.0403,2,0
7089,109.765,166.455,2,0
7090,292.132,155.961,2,0
7091,228.126,222.079,2,0
7092,41.4408,102.291,2,0
7093,438.579,264.074,2,0
7094,534.502,263.728,2,0
7095,40.0959,287.303,2,0
7096,131.173,34.2007,2,0
7097,304.976,33.1756,2,0
7098,438.288,184.395,2,0
7099,358.544,102.593,2,0
7100,368.917,283.654,2,0
7101,436.833,100.843,2,0
7102,573.319,114.579,2,0
7103,33.0948,44.4894,2,0
7104,129.126,275.836,2,0
7105,592.279,115.601,2,0
7106,81.1444,95.3959,2,0
7107,402.791,197.53,2,0
7108,244.977,223.004,2,0
7109,370.109,203.548,2,0
7110,42.0671,16.3552,2,0
7111,538.623,293.326,2,0
7112,453.475,80.0649,2,0
7113,436.669,157.786,2,0
7114,123.837,83.4142,2,0
7115,599.291,273.58,2,0
7116,262.513,68.3257,2,0
7117,505.228,118.887,2,0
7118,550.563,130.998,2,0
7119,561.06,33.818,2,0
7120,91.9826,20.2624,2,0
7121,283.763,60.2033,2,0
7122,300.137,214.267,2,0
7123,270.273,276.765,2,0
7124,339.332,265.728,2,0
7125,343.984,294.031,2,0
7126,492.701,197.876,2,0
7127,275.53,197.542,2,0
7128,44.2785,32.6137,2,0
7129,431.711,193.312,2,0
7130,139.931,172.563,2,0
7131,482.03,74.0484,2,0
7132,500.493,71.8116,2,0
7133,231.591,147.847,2,0
7134,34.1858,98.2492,2,0
7135,353.606,154.449,2,0
7136,502.569,43.6632,2,0
7137,524.036,144.268,2,0
7138,336.723,272.255,2,0
7139,398.453,203.153,2,0
7140,189.435,22.9086,2,0
7141,226.102,161.442,2,0
7142,197.44,242.483,2,0
7143,185.9,253.753,2,0
7144,298.911,20.3197,2,0
7145,238.747,138.077,2,0
7146,511.165,25.4276,2,0
7147,173.637,234.526,2,0
7148,272.784,266.323,2,0
7149,358.748,274.679,2,0
7150,324.314,183.695,2,0
7151,111.753,5.50894,2,0
7152,237.64,41.6452,2,0
7153,522.65,260.801,2,0
7154,290.939,101.207,2,0
7155,154.86,269.023,2,0
7156,320.357,298,2,0
7157,316.489,169.532,2,0
7158,376.668,116.159,2,0
7159,94.0021,295.546,2,0
7160,207.507,174.309,2,0
7161,77.3049,269.523,2,0
7162,253.713,239.251,2,0
7163,275.563,176.395,2,0
7164,158.04,150.062,2,0
7165,223.809,190.685,2,0
7166,257.711,129.126,2,0
7167,584.785,277.17,2,0
7168,152.318,208.072,2,0
7169,319.712,277.184,2,0
7170,163.101,225.341,2,0
7171,119.452,101.56,2,0
7172,492.321,2,2,0
7173,169.805,2,2,0
7174,199.67,41.8703,2,0
7175,183.887,175.536,2,0
7176,86.8026,250.045,2,0
7177,286.353,119.429,2,0
7178,225.482,172.198,2,0
7179,178.594,69.6615,2,0
7180,556.513,242.088,2,0
7181,528.638,77.7177,2,0
7182,153.644,195.916,2,0
7183,273.23,80.1325,2,0
7184,287.765,59.3609,2,0
7185,102.681,79.6354,2,0
7186,228.996,7.31371,2,0
7187,561.581,195.925,2,0
7188,303.769,241.904,2,0
7189,247.484,291.05,2,0
7190,370.638,276.718,2,0
7191,185.049,155.382,2,0
7192,7.50102,9.01152,2,0
7193,228.09,61.381,2,0
7194,304.128,298,2,0
7195,177.784,2,2,0
7196,490.106,74.5177,2,0
7197,178.222,269.775,2,0
7198,470.693,127.946,2,0
7199,367.431,2,2,0
7200,472.391,288.932,2,0
7201,514.794,271.213,2,0
7202,386.592,131.923,2,0
7203,252.014,258.247,2,0
7204,485.067,102.261,2,0
7205,347.999,226.4,2,0
7206,115.866,12.5241,2,0
7207,119.027,272.824,2,0
7208,456.309,248.386,2,0
7209,566.534,191.994,2,0
7210,597.771,33.9802,2,0
7211,236.721,9.98347,2,0
7212,15.0693,11.4566,2,0
7213,258.604,90.2818,2,0
7214,124.738,48.5963,2,0
7215,131.884,201.46,2,0
7216,477.668,173.744,2,0
7217,161.677,163.97,2,0
7218,534.017,178.035,2,0
7219,351.117,2,2,0
7220,533.497,210.638,2,0
7221,95.5907,229.224,2,0
7222,123.625,212.971,2,0
7223,371.529,218.141,2,0
7224,389.234,252.022,2,0
7225,112.526,185.735,2,0
7226,599.476,287.574,2,0
7227,352.334,80.7204,2,0
7228,374.002,32.7021,2,0
7229,74.7474,27.3015,2,0
7230,374.717,74.4338,2,0
7231,566.226,165.929,2,0
7232,514.772,94.8266,2,0
7233,4.39168,108.668,2,0
7234,256.351,159.329,2,0
7235,337.12,8.05044,2,0
7236,282.913,218.718,2,0
7237,298.784,138.283,2,0
7238,211.16,12.5957,2,0
7239,31.4525,241.739,2,0
7240,78.8688,37.3888,2,0
7241,327.565,75.6627,2,0
7242,78.4966,285.162,2,0
7243,138.005,23.8702,2,0
7244,487.937,218.662,2,0
7245,299.602,108.102,2,0
7246,512.982,169.529,2,0
7247,86.9171,245.93,2,0
7248,544.855,75.792,2,0
7249,75.2896,186.519,2,0
7250,313.503,236.873,2,0
7251,446.026,224.883,2,0
7252,430.031,64.7146,2,0
7253,599.415,294.442,2,0
7254,586.245,105.132,2,0
7255,492.657,167.424,2,0
7256,149.277,102.001,2,0
7257,76.9548,172.024,2,0
7258,92.697,182.655,2,0
7259,474.161,292.663,2,0
7260,295.654,197.463,2,0
7261,88.7497,117.936,2,0
7262,164.934,94.1826,2,0
7263,335.046,4.58489,2,0
7264,253.318,91.301,2,0
7265,267.342,169.509,2,0
7266,236.101,173.114,2,0
7267,129.147,291.03,2,0
7268,168.101,75.9019,2,0
7269,353.811,182.964,2,0
7270,340.698,205.815,2,0
7271,107.054,195.871,2,0
7272,274.692,132.575,2,0
7273,187.98,15.9616,2,0
7274,377.369,84.8419,2,0
7275,517.995,149.814,2,0
7276,134.883,253.585,2,0
7277,27.9076,122.726,2,0
7278,55.8261,130.499,2,0
7279,84.5028,265.771,2,0
7280,259.421,224.108,2,0
7281,349.164,46.2285,2,0
7282,337.581,208.541,2,0
7283,146.691,113.921,2,0
7284,511.009,93.4944,2,0
7285,176.318,220.852,2,0
7286,107.334,163.034,2,0
7287,78.2127,73.2311,2,0
7288,428.138,81.191,2,0
7289,514.687,102.63,2,0
7290,535.915,27.5099,2,0
7291,170.903,49.8138,2,0
7292,338.959,166.579,2,0
7293,374.507,250.958,2,0
7294,452.225,36.5978,2,0
7295,233.747,43.5085,2,0
7296,121.041,298,2,0
7297,591.285,16.0864,2,0
7298,377.472,5.50655,2,0
7299,247.586,186.898,2,0
7300,431.165,33.1222,2,0
7301,503.473,27.767,2,0
7302,400.685,298,2,0
7303,78.8447,154.572,2,0
7304,37.5955,84.0938,2,0
7305,220.176,64.535,2,0
7306,123.711,87.4611,2,0
7307,384.636,175.04,2,0
7308,319.67,15.8119,2,0
7309,10.6662,126.224,2,0
7310,262.621,257.511,2,0
7311,313.44,72.1137,2,0
7312,555.63,215.157,2,0
7313,573.495,288.858,2,0
7314,383.962,166.885,2,0
7315,571.453,148.041,2,0
7316,143.237,294.474,2,0
7317,128.562,225.592,2,0
7318,472.701,113.226,2,0
7319,431.458,168.911,2,0
7320,17.9438,75.0136,2,0
7321,246.162,163.503,2,0
7322,454.194,258.905,2,0
7323,229.94,126.515,2,0
7324,449.897,14,2,0
7325,362.295,29.1144,2,0
7326,26.8743,105.101,2,0
7327,253.532,171.213,2,0
7328,24.2916,11.9016,2,0
7329,175.001,33.1187,2,0
7330,203.503,111.4,2,0
7331,207.207,184.686,2,0
7332,342.494,263.064,2,0
7333,387.977,60.3257,2,0
7334,343.923,82.7779,2,0
7335,521.518,248.375,2,0
7336,420.21,165.694,2,0
7337,142.741,135.346,2,0
7338,249.299,135.701,2,0
7339,15.7564,280.423,2,0
7340,5.48173,291.07,2,0
7341,518.79,259.511,2,0
7342,69.748,239.33,2,0
7343,511.279,21.4292,2,0
7344,394.821,204.824,2,0
7345,331.068,11.6644,2,0
7346,347.737,204.188,2,0
7347,539.319,248.984,2,0
7348,460.539,62.7902,2,0
7349,595.748,135.556,2,0
7350,46.1331,208.466,2,0
7351,3.51689,209.137,2,0
7352,262.318,91.8285,2,0
7353,526.598,194.145,2,0
7354,52.2571,153.557,2,0
7355,22.9132,97.9017,2,0
7356,185.556,69.4178,2,0
7357,439.641,76.3075,2,0
7358,152.936,51.9761,2,0
7359,151.356,295.711,2,0
7360,570.38,104.242,2,0
7361,89.4914,38.7459,2,0
7362,164.521,31.7659,2,0
7363,54.2466,283.967,2,0
7364,458.055,217.452,2,0
7365,109.182,187.977,2,0
7366,67.1762,280.085,2,0
7367,70.9035,80.2322,2,0
7368,120.006,118.75,2,0
7369,199.839,255.431,2,0
7370,194.848,206.979,2,0
7371,551.797,294.937,2,0
7372,257.291,24.716,2,0
7373,481.383,81.1063,2,0
7374,295.429,248.979,2,0
7375,593.603,19.7801,2,0
7376,20.7698,126.822,2,0
7377,425.127,257.502,2,0
7378,410.849,217.117,2,0
7379,423.733,69.0794,2,0
7380,482.998,109.138,2,0
7381,188.618,250.957,2,0
7382,499.216,61.1346,2,0
7383,48.3661,228.569,2,0
7384,82.2132,47.9779,2,0
7385,429.414,290.952,2,0
7386,364.085,37.0127,2,0
7387,78.1168,281.144,2,0
7388,363.179,177.869,2,0
7389,309.692,142.164,2,0
7390,475.355,163.072,2,0
7391,582.071,157.96,2,0
7392,320.418,281.06,2,0
7393,305.628,235.047,2,0
7394,99.3752,273.331,2,0
7395,109.187,138.465,2,0
7396,18.5023,215.864,2,0
7397,549.265,233.463,2,0
7398,532.893,109.358,2,0
7399,141.92,81.9103,2,0
7400,304.048,176.297,2,0
7401,273.517,152.766,2,0
7402,193.277,275.663,2,0
7403,246.951,156.496,2,0
7404,34.1185,74.2048,2,0
7405,438.234,260.054,2,0
7406,156.498,229.729,2,0
7407,476.698,215.509,2,0
7408,409.247,241.264,2,0
7409,492.856,104.716,2,0
7410,289.949,226.856,2,0
7411,544.487,162.103,2,0
7412,527.625,142.393,2,0
7413,165.281,129.738,2,0
7414,322.971,206.817,2,0
7415,498.005,220.186,2,0
7416,228.96,185.751,2,0
7417,516.141,208.649,2,0
7418,202.495,190.036,2,0
7419,466.732,284.461,2,0
7420,430.986,9.36381,2,0
7421,97.1881,232.875,2,0
7422,313.235,12.496,2,0
7423,258.305,188.418,2,0
7424,587.01,28.0045,2,0
7425,546.205,155.305,2,0
7426,207.145,298,2,0
7427,245.868,127.973,2,0
7428,182.342,196.919,2,0
7429,227.617,256.046,2,0
7430,569.411,83.8662,2,0
7431,5.54139,277.08,2,0
7432,322.121,194.288,2,0
7433,197.005,214.668,2,0
7434,501.021,160.915,2,0
7435,201.556,193.943,2,0
7436,451.164,50.8007,2,0
7437,245.868,145.897,2,0
7438,455.415,232.761,2,0
7439,63.8864,17.6208,2,0
7440,355.667,158.394,2,0
7441,580.88,48.8678,2,0
7442,560.335,169.812,2,0
7443,533.926,182.059,2,0
7444,31.2275,116.611,2,0
7445,554.345,207.317,2,0
7446,572.086,69.4734,2,0
7447,563.051,281.517,2,0
7448,161.771,7.04638,2,0
7449,15.0901,15.4673,2,0
7450,142.378,100.674,2,0
7451,81.6381,71.2141,2,0
7452,553.447,291.201,2,0
7453,106.601,206.559,2,0
7454,303.755,45.521,2,0
7455,172.284,30.0593,2,0
7456,584.721,128.742,2,0
7457,185.409,159.401,2,0
7458,552.648,255.168,2,0
7459,585.94,204.165,2,0
7460,252.63,160.629,2,0
7461,551.833,161.03,2,0
7462,35.7974,13.5505,2,0
7463,62.9475,126.209,2,0
7464,101.217,223.343,2,0
7465,585.75,150.663,2,0
7466,245.257,260.263,2,0
7467,318.694,223.719,2,0
7468,8.00839,257.469,2,0
7469,68.1192,77.3577,2,0
7470,391.175,62.9572,2,0
7471,399.405,78.6054,2,0
7472,221.374,259.168,2,0
7473,406.218,140.642,2,0
7474,118.91,294.536,2,0
7475,517.848,89.5415,2,0
7476,558.797,174.83,2,0
7477,576.906,124.868,2,0
7478,113.841,166.189,2,0
7479,383.398,182.775,2,0
7480,134.949,65.4517,2,0
7481,267.107,39.1808,2,0
7482,3.3096,145.101,2,0
7483,567.337,44.4477,2,0
7484,369.21,103.416,2,0
7485,495.679,204.399,2,0
7486,194.732,283.814,2,0
7487,129.739,271.742,2,0
7488,42.2232,264.443,2,0
7489,204.147,67.7894,2,0
7490,288.525,257.135,2,0
7491,49.0664,147.175,2,0
7492,46.1585,16.2005,2,0
7493,495.032,177.935,2,0
7494,361.37,105.502,2,0
7495,577.325,182.961,2,0
7496,302.081,251.474,2,0
7497,421.628,157.68,2,0
7498,363.636,8.78156,2,0
7499,562.814,213.995,2,0
7500,370.341,84.2756,2,0
7501,462.13,217.746,2,0
7502,127.808,69.2806,2,0
7503,203.855,273.396,2,0
7504,405.496,242.867,2,0
7505,234.306,107.1,2,0
7506,376.752,141.804,2,0
7507,353.911,143.549,2,0
7508,422.357,17.0781,2,0
7509,215.306,5.46745,2,0
7510,7.99228,15.5753,2,0
7511,516.028,124.368,2,0
7512,230.853,210.73,2,0
7513,185.31,12.8538,2,0
7514,84.4353,44.5859,2,0
7515,193.285,11.1744,2,0
7516,131.246,249.758,2,0
7517,511.803,55.0035,2,0
7518,211.023,28.1981,2,0
7519,525.344,101.461,2,0
7520,475.017,202.651,2,0
7521,215.854,108.688,2,0
7522,305.596,146.874,2,0
7523,466.657,143.727,2,0
7524,523.016,196.118,2,0
7525,553.853,298,2,0
7526,71.3617,5.5265,2,0
7527,186.877,230.19,2,0
7528,256.647,231.784,2,0
7529,328.198,190.797,2,0
7530,410.722,190.319,2,0
7531,351.384,49.7085,2,0
7532,545.919,244.513,2,0
7533,67.1256,91.9561,2,0
7534,491.71,9.55644,2,0
7535,230.84,93.6402,2,0
7536,519.835,177.713,2,0
7537,135.45,152.641,2,0
7538,279.361,228.685,2,0
7539,335.94,84.6625,2,0
7540,294.752,270.272,2,0
7541,2.04546,78.0784,2,0
7542,590.197,245.613,2,0
7543,410.212,139.42,2,0
7544,27.8852,126.866,2,0
7545,211.37,109.61,2,0
7546,51.6373,84.6564,2,0
7547,151.996,235.143,2,0
7548,10.317,173.879,2,0
7549,530.139,216.843,2,0
7550,579.391,23.1769,2,0
7551,206.587,56.7632,2,0
7552,579.368,264.877,2,0
7553,28.4494,248.158,2,0
7554,367.755,71.8925,2,0
7555,287.551,208.429,2,0
7556,268.035,130.363,2,0
7557,30.0347,74.4642,2,0
7558,518.623,254.831,2,0
7559,52.4297,273.642,2,0
7560,591.735,62.8674,2,0
7561,58.4033,61.4259,2,0
7562,21.8071,182.773,2,0
7563,280.07,71.7547,2,0
7564,341.297,277.709,2,0
7565,533.024,66.5596,2,0
7566,440.656,99.3674,2,0
7567,569.635,151.679,2,0
7568,452.264,248.327,2,0
7569,196.351,96.1985,2,0
7570,379.458,234.654,2,0
7571,278.923,44.7907,2,0
7572,473.39,80.3412,2,0
7573,421.821,255.133,2,0
7574,498.852,99.1202,2,0
7575,31.3496,124.775,2,0
7576,53.8608,157.306,2,0
7577,36.0026,294.478,2,0
7578,194.256,122.954,2,0
7579,177.226,201.773,2,0
7580,569.351,40.8405,2,0
7581,386.317,119.945,2,0
7582,521.998,103.799,2,0
7583,44.122,192.509,2,0
7584,291.889,190.353,2,0
7585,121.313,253.839,2,0
7586,170.299,211.052,2,0
7587,592.945,264.211,2,0
7588,431.069,127.076,2,0
7589,42.5102,244.039,2,0
7590,585.404,182.616,2,0
7591,307.629,242.977,2,0
7592,520.126,9.43623,2,0
7593,460.957,280.35,2,0
7594,549.694,246.412,2,0
7595,435.417,191.796,2,0
7596,559.528,109.708,2,0
7597,360.713,249.903,2,0
7598,339.329,159.6,2,0
7599,552.792,138.956,2,0
7600,376.993,29.8764,2,0
7601,238.971,2,2,0
7602,233.645,195.603,2,0
7603,433.729,241.389,2,0
7604,238.825,223.561,2,0
7605,418.087,177.148,2,0
7606,136.207,171.06,2,0
7607,55.7019,110.169,2,0
7608,501.412,247.101,2,0
7609,435.688,78.3588,2,0
7610,491.678,13.7224,2,0
7611,187.639,246.91,2,0
7612,266.941,52.7471,2,0
7613,577.912,206.17,2,0
7614,113.757,9.06131,2,0
7615,154.403,111.418,2,0
7616,505.336,247.695,2,0
7617,181.428,53.7037,2,0
7618,476.255,264.705,2,0
7619,137.508,30.9372,2,0
7620,504.088,33.4637,2,0
7621,431.405,280.309,2,0
7622,403.219,137.908,2,0
7623,207.671,261.898,2,0
7624,571.747,62.4723,2,0
7625,270.237,276.661,2,0
7626,489.064,199.632,2,0
7627,504.094,139.141,2,0
7628,581.103,253.654,2,0
7629,341.922,281.618,2,0
7630,483.993,45.9123,2,0
7631,290.739,270.722,2,0
7632,521.863,31.5408,2,0
7633,349.716,182.032,2,0
7634,284.816,19.2811,2,0
7635,153.8,250.068,2,0
7636,531.326,233.005,2,0
7637,142.455,250.472,2,0
7638,99.9121,155.134,2,0
7639,235.744,166.21,2,0
7640,334.761,260.128,2,0
7641,558.311,49.2646,2,0
7642,428.78,107.851,2,0
7643,235.429,266.703,2,0
7644,81.7927,181.507,2,0
7645,99.1861,73.4775,2,0
7646,321.476,70.3924,2,0
7647,215.232,298,2,0
7648,584.447,54.8214,2,0
7649,290.174,39.9639,2,0
7650,132.785,49.9647,2,0
7651,388.933,52.8303,2,0
7652,13.6204,276.871,2,0
7653,162.659,178.843,2,0
7654,113.618,65.1817,2,0
7655,351.18,140.549,2,0
7656,117.532,139.976,2,0
7657,189.968,216.628,2,0
7658,57.2417,142.523,2,0
7659,496.962,64.4083,2,0
7660,484.483,272.283,2,0
7661,326.365,294.581,2,0
7662,419.465,244.64,2,0
7663,334.837,237.694,2,0
7664,86.5752,191.271,2,0
7665,576.095,94.6714,2,0
7666,384.131,67.5375,2,0
7667,262.531,203.242,2,0
7668,28.0111,239.618,2,0
7669,569.609,281.698,2,0
7670,569.301,33.7254,2,0
7671,275.67,183.55,2,0
7672,510.066,238.329,2,0
7673,370.122,31.4654,2,0
7674,364.523,165.771,2,0
7675,45.228,124.698,2,0
7676,164.328,103.988,2,0
7677,69.3345,134.413,2,0
7678,34.9147,151.13,2,0
7679,562.594,120.036,2,0
7680,324.697,263.968,2,0
7681,462.617,233.472,2,0
7682,161.244,192.705,2,0
7683,54.5769,62.2002,2,0
7684,445.966,12.6442,2,0
7685,464.392,287.664,2,0
7686,96.694,42.5028,2,0
7687,297.413,64.5772,2,0
7688,582.883,280.728,2,0
7689,289.888,165.693,2,0
7690,82.3157,185.625,2,0
7691,294.49,50.7376,2,0
7692,284.452,148.574,2,0
7693,48.9248,134.685,2,0
7694,469.692,252.069,2,0
7695,341.891,180.333,2,0
7696,1.37506,270.276,2,0
7697,34.8362,118.575,2,0
7698,211.291,50.0285,2,0
7699,339.513,118.147,2,0
7700,441.86,40.583,2,0
7701,322.18,270.443,2,0
7702,163.072,210.515,2,0
7703,535.942,55.8644,2,0
7704,405.088,2,2,0
7705,569.655,212.773,2,0
7706,327.996,33.178,2,0
7707,236.374,198.812,2,0
7708,537.372,149.358,2,0
7709,44.1031,223.031,2,0
7710,164.412,198.343,2,0
7711,211.249,198.346,2,0
7712,570.504,191.262,2,0
7713,446.369,32.7137,2,0
7714,17.2419,120.681,2,0
7715,244.926,97.546,2,0
7716,536.662,5.5997,2,0
7717,89.2364,113.866,2,0
7718,580.883,56.9205,2,0
7719,484.992,152.447,2,0
7720,306.982,47.8602,2,0
7721,182.152,45.7039,2,0
7722,445.584,272.967,2,0
7723,214.308,274.934,2,0
7724,289.271,104.828,2,0
7725,170.355,69.9291,2,0
7726,213.464,250.644,2,0
7727,327.152,257.436,2,0
7728,42.6371,256.287,2,0
7729,192.42,252.231,2,0
7730,242.138,279.766,2,0
7731,124.603,239.487,2,0
7732,163.452,2,2,0
7733,302.023,294.481,2,0
7734,502.234,2,2,0
7735,141.956,254.445,2,0
7736,477.996,5.52886,2,0
7737,114.49,170.249,2,0
7738,433.715,232.645,2,0
7739,522.327,107.788,2,0
7740,221.091,287.497,2,0
7741,261.91,75.9941,2,0
7742,313.627,208.511,2,0
7743,533.806,125.562,2,0
7744,505.288,181.468,2,0
7745,529.491,111.545,2,0
7746,170.827,12.2347,2,0
7747,409.14,291.034,2,0
7748,59.8478,267.086,2,0
7749,156.739,45.6773,2,0
7750,220.297,157.158,2,0
7751,557.276,59.9518,2,0
7752,559.747,155.541,2,0
7753,4.19501,251.745,2,0
7754,241.566,94.3463,2,0
7755,565.328,59.31,2,0
7756,546.925,251.087,2,0
7757,70.3681,46.0935,2,0
7758,316.519,234.352,2,0
7759,225.195,248.371,2,0
7760,465.71,251.944,2,0
7761,99.0246,197.769,2,0
7762,355.943,267.086,2,0
7763,226.532,109.266,2,0
7764,473.935,5.55425,2,0
7765,491.191,187.519,2,0
7766,500.148,241.686,2,0
7767,209.787,155.713,2,0
7768,585.411,136.796,2,0
7769,85.5005,115.55,2,0
7770,372.134,187.474,2,0
7771,177.817,213.936,2,0
7772,400.148,160.616,2,0
7773,386.723,211.882,2,0
7774,449.844,187.618,2,0
7775,173.444,175.233,2,0
7776,352.346,136.55,2,0
7777,214.245,201.206,2,0
7778,597.73,253.117,2,0
7779,555.611,136.068,2,0
7780,469.57,48.5494,2,0
7781,203.344,185.955,2,0
7782,70.532,277.784,2,0
7783,508.188,12.5101,2,0
7784,46.3977,53.1458,2,0
7785,79.9673,237.555,2,0
7786,374.436,124.014,2,0
7787,351.306,115.387,2,0
7788,475.594,91.7979,2,0
7789,291.219,27.8266,2,0
7790,312.127,183.568,2,0
7791,138.991,116.452,2,0
7792,222.016,161.008,2,0
7793,201.555,45.4993,2,0
7794,283.929,206.318,2,0
7795,584.217,94.541,2,0
7796,282.025,31.0304,2,0
7797,402.248,201.534,2,0
7798,191.613,189.606,2,0
7799,66.7354,70.3766,2,0
7800,17.7859,177.03,2,0
7801,476.54,241.444,2,0
7802,586.527,214.735,2,0
7803,310.055,280.367,2,0
7804,251.595,150.142,2,0
7805,74.1095,69.4804,2,0
7806,34.8828,134.887,2,0
7807,521.881,27.5358,2,0
7808,324.485,176.867,2,0
7809,300.075,67.7423,2,0
7810,481.551,86.3153,2,0
7811,142.941,196.682,2,0
7812,549.154,152.438,2,0
7813,200.346,231.867,2,0
7814,299.016,155.488,2,0
7815,163.13,143.598,2,0
7816,215.807,247.353,2,0
7817,7.61978,280.524,2,0
7818,215.728,254.169,2,0
7819,452.626,29.5134,2,0
7820,279.975,127.922,2,0
7821,312.687,86.5798,2,0
7822,308.157,176.478,2,0
7823,419.374,5.50766,2,0
7824,189.979,197.441,2,0
7825,392.271,160.101,2,0
7826,333.72,207.076,2,0
7827,68.4173,152.023,2,0
7828,330.483,180.383,2,0
7829,583.8,120.647,2,0
7830,159.625,153.788,2,0
7831,70.7804,257.246,2,0
7832,91.6543,228.405,2,0
7833,528.68,95.2138,2,0
7834,180.939,109.942,2,0
7835,269.92,94.6123,2,0
7836,74.2654,279.491,2,0
7837,520.441,298,2,0
7838,0.384332,115.791,2,0
7839,425.079,159.765,2,0
7840,396.594,130.665,2,0
7841,441.616,143.95,2,0
7842,389.574,134.802,2,0
7843,205.119,2,2,0
7844,554.911,127.749,2,0
7845,541.579,187.831,2,0
7846,241.806,127.813,2,0
7847,263.66,291.058,2,0
7848,404.303,68.801,2,0
7849,474.454,171.333,2,0
7850,316.022,275.778,2,0
7851,499.039,287.002,2,0
7852,549.768,225.441,2,0
7853,80.7368,42.708,2,0
7854,315.617,53.5619,2,0
7855,217.505,224.563,2,0
7856,298.867,93.4973,2,0
7857,23.826,71.2808,2,0
7858,487.818,12.1634,2,0
7859,281.834,12.8911,2,0
7860,166.893,64.009,2,0
7861,164.55,166.856,2,0
7862,328.563,101.939,2,0
7863,585.136,290.986,2,0
7864,228.892,238.273,2,0
7865,142.446,17.0042,2,0
7866,38.6096,245.473,2,0
7867,400.292,35.6909,2,0
7868,36.6911,220.016,2,0
7869,354.767,298,2,0
7870,203.281,261.529,2,0
7871,361.451,130.989,2,0
7872,510.417,76.0965,2,0
7873,471.832,45.0342,2,0
7874,405.073,9.06211,2,0
7875,587.052,200.269,2,0
7876,335.188,159.384,2,0
7877,464.225,37.4105,2,0
7878,531.899,89.022,2,0
7879,239.953,52.3727,2,0
7880,59.1398,198.88,2,0
7881,7.46225,144.586,2,0
7882,494.424,209.424,2,0
7883,439.944,254.706,2,0
7884,315.161,78.901,2,0
7885,44.2756,77.1884,2,0
7886,386.254,146.794,2,0
7887,42.1428,283.865,2,0
7888,256.394,101.033,2,0
7889,263.403,284.833,2,0
7890,497.341,283.215,2,0
7891,270.99,51.952,2,0
7892,221.204,169.182,2,0
7893,217.228,220.567,2,0
7894,340.29,138.271,2,0
7895,523.067,69.9656,2,0
7896,427.951,143.028,2,0
7897,101.748,2,2,0
7898,379.585,99.4209,2,0
7899,192.009,119.604,2,0
7900,354.209,104.007,2,0
7901,549.164,42.5087,2,0
7902,436.426,210.574,2,0
7903,143.938,145.933,2,0
7904,53.5473,169.11,2,0
7905,45.6125,204.541,2,0
7906,369.264,129.056,2,0
7907,588.768,168.129,2,0
7908,382.411,231.92,2,0
7909,1.77242,252.568,2,0
7910,263.173,246.336,2,0
7911,297.955,172.8,2,0
7912,161.049,298,2,0
7913,263.157,37.8459,2,0
7914,588.29,101.541,2,0
7915,469.138,281.054,2,0
7916,360.413,180.837,2,0
7917,482.492,194.819,2,0
7918,408.575,206.543,2,0
7919,174.138,56.0513,2,0
7920,509.167,187.725,2,0
7921,415.02,184.767,2,0
7922,52.1328,199.743,2,0
7923,513.209,231.954,2,0
7924,81.3899,87.347,2,0
7925,127.106,261.279,2,0
7926,152.432,146.087,2,0
7927,236.312,250.155,2,0
7928,503.759,262.585,2,0
7929,46.4252,181.885,2,0
7930,246.383,219.182,2,0
7931,572.329,198.14,2,0
7932,502.853,238.703,2,0
7933,268.388,114.272,2,0
7934,435.604,177.908,2,0
7935,252.694,232.431,2,0
7936,133.452,149.115,2,0
7937,561.389,84.5007,2,0
7938,89.378,157.417,2,0
7939,346.839,42.8846,2,0
7940,533.546,206.481,2,0
7941,6.97085,176.316,2,0
7942,138.589,275.889,2,0
7943,307.604,122.069,2,0
7944,71.2346,29.6751,2,0
7945,368.255,23.5754,2,0
7946,330.736,191.288,2,0
7947,375.553,120.05,2,0
7948,385.375,251.069,2,0
7949,69.8403,117.943,2,0
7950,465.039,55.2822,2,0
7951,251.621,291.055,2,0
7952,18.2236,135.861,2,0
7953,204.696,211.364,2,0
7954,137.655,124.506,2,0
7955,392.808,283.876,2,0
7956,528.684,161.944,2,0
7957,361.255,271.572,2,0
7958,155.145,294.021,2,0
7959,568.638,268.718,2,0
7960,236.407,141.237,2,0
7961,127.917,164.007,2,0
7962,547.279,198.619,2,0
7963,594.987,228.424,2,0
7964,461.67,102.254,2,0
7965,285.089,112.6,2,0
7966,269.83,294.505,2,0
7967,83.4796,136.69,2,0
7968,194.508,136.303,2,0
7969,470.041,273.861,2,0
7970,528.119,239.468,2,0
7971,194.175,237.126,2,0
7972,246.657,243.534,2,0
7973,231.877,227.941,2,0
7974,540.12,278.984,2,0
7975,518.268,84.706,2,0
7976,366.411,100.475,2,0
7977,375.413,2,2,0
7978,597.406,284.108,2,0
7979,483.963,141.661,2,0
7980,479.025,59.615,2,0
7981,560.996,5.46635,2,0
7982,517.271,278.905,2,0
7983,242.771,138.412,2,0
7984,284.99,156.667,2,0
7985,81.081,14.8744,2,0
7986,13.6123,269.83,2,0
7987,38.1168,9.07626,2,0
7988,107.969,210.295,2,0
7989,268.159,240.699,2,0
7990,472.409,263.171,2,0
7991,45.1382,57.0522,2,0
7992,334.058,66.8812,2,0
7993,281.696,95.276,2,0
7994,375.799,166.61,2,0
7995,379.611,9.03036,2,0
7996,102.465,151.87,2,0
7997,491.14,96.8127,2,0
7998,181.18,200.792,2,0
7999,356.941,121.13,2,0
8000,521.876,51.993,2,0
8001,125.748,273.514,2,0
8002,253.737,178.418,2,0
8003,208.5,135.596,2,0
8004,89.0684,220.574,2,0
8005,429.118,221.49,2,0
8006,27.9078,294.481,2,0
8007,228.391,158.094,2,0
8008,291.843,183.32,2,0
8009,116.376,36.8491,2,0
8010,584.193,101.498,2,0
8011,217.899,115.588,2,0
8012,332.619,221.662,2,0
8013,455.667,43.8859,2,0
8014,278.362,121,2,0
8015,6.60616,172.26,2,0
8016,496.311,165.78,2,0
8017,533.666,214.625,2,0
8018,335.797,219.078,2,0
8019,434.013,144.64,2,0
8020,458.731,151.128,2,0
8021,438.758,225.999,2,0
8022,410.906,73.3657,2,0
8023,536.678,76.7928,2,0
8024,578.079,260.986,2,0
8025,444.089,36.1519,2,0
8026,298.054,294.494,2,0
8027,204,71.9621,2,0
8028,1.47246,5.53824,2,0
8029,306.065,179.899,2,0
8030,421.124,276.728,2,0
8031,209.569,46.3427,2,0
8032,396.496,116.444,2,0
8033,472.108,296.999,2,0
8034,598.395,105.189,2,0
8035,523.659,166.772,2,0
8036,250.823,254.339,2,0
8037,263.152,257.13,2,0
8038,522.191,256.862,2,0
8039,23.6824,198.901,2,0
8040,175.206,145.387,2,0
8041,149.496,32.6117,2,0
8042,598.484,225.912,2,0
8043,308.235,290.882,2,0
8044,236.836,284.213,2,0
8045,563.006,9.05103,2,0
8046,172.699,287.226,2,0
8047,263.23,211.359,2,0
8048,109.287,88.058,2,0
8049,595.466,232.475,2,0
8050,300.716,244.659,2,0
8051,596.412,101.562,2,0
8052,140.986,268.132,2,0
8053,447.91,69.3028,2,0
8054,102.928,55.2654,2,0
8055,109.76,79.7003,2,0
8056,411.278,53.6755,2,0
8057,84.8187,89.4497,2,0
8058,378.63,278.528,2,0
8059,319.049,273.022,2,0
8060,56.0876,69.0963,2,0
8061,578.57,231.647,2,0
8062,115.99,178.028,2,0
8063,60.3728,280.431,2,0
8064,266.739,5.56516,2,0
8065,462.1,237.514,2,0
8066,115.239,107.197,2,0
8067,347.286,49.8908,2,0
8068,2.29413,119.938,2,0
8069,406.52,195.933,2,0
8070,29.292,186.048,2,0
8071,491.47,82.0391,2,0
8072,278.135,253.225,2,0
8073,579.746,285.431,2,0
8074,52.4684,144.904,2,0
8075,395.014,5.57536,2,0
8076,145.565,163.551,2,0
8077,453.72,199.137,2,0
8078,185.618,23.7985,2,0
8079,550.783,277.057,2,0
8080,52.5457,136.669,2,0
8081,486.29,42.5655,2,0
8082,39.7551,52.9025,2,0
8083,488.182,2,2,0
8084,364.957,294.436,2,0
8085,525.393,45.852,2,0
8086,33.9855,86.0382,2,0
8087,440.057,9.05474,2,0
8088,405.532,36.5806,2,0
8089,72.6237,42.6076,2,0
8090,153.32,47.5846,2,0
8091,347.41,174.359,2,0
8092,305.549,208.146,2,0
8093,186.026,215.606,2,0
8094,316.45,101.17,2,0
8095,116.734,155.901,2,0
8096,13.3699,202.192,2,0
8097,498.48,43.381,2,0
8098,179.156,181.822,2,0
8099,386.079,163.521,2,0
8100,568.318,264.602,2,0
8101,407.275,155.261,2,0
8102,165.561,108.005,2,0
8103,398.232,164.412,2,0
8104,161.616,107.256,2,0
8105,282.023,35.0662,2,0
8106,180.949,248.738,2,0
8107,329.114,246.833,2,0
8108,150.825,220.519,2,0
8109,413.515,196.798,2,0
8110,581.896,205.172,2,0
8111,365.215,40.9349,2,0
8112,415.68,148.7,2,0
8113,6.35663,137.62,2,0
8114,467.274,51.8295,2,0
8115,504.165,258.528,2,0
8116,296.138,162.243,2,0
8117,216.016,138.989,2,0
8118,285.539,77.6528,2,0
8119,485.296,56.5856,2,0
8120,254.395,266.168,2,0
8121,207.584,179.366,2,0
8122,570.602,172.784,2,0
8123,379.472,119.018,2,0
8124,449.059,22.2203,2,0
8125,494.496,113.133,2,0
8126,521.95,19.4787,2,0
8127,461.877,5.53717,2,0
8128,343.646,18.2712,2,0
8129,217.965,100.795,2,0
8130,43.2293,184.378,2,0
8131,250.577,113.754,2,0
8132,577.634,151.23,2,0
8133,549.404,242.367,2,0
8134,392.437,116.376,2,0
8135,23.114,57.1758,2,0
8136,38.0491,170.45,2,0
8137,16.6736,101.818,2,0
8138,247.427,120.274,2,0
8139,402.771,236.424,2,0
8140,248.018,215.323,2,0
8141,50.2913,214.148,2,0
8142,452.229,86.5493,2,0
8143,104.868,283.898,2,0
8144,597.367,21.4448,2,0
8145,216.94,267.027,2,0
8146,322.943,159.158,2,0
8147,91.7019,48.6366,2,0
8148,54.186,2,2,0
8149,4.9006,61.5203,2,0
8150,182.022,49.7734,2,0
8151,546.645,129.963,2,0
8152,403.032,12.524,2,0
8153,538.695,128.15,2,0
8154,553.083,231.498,2,0
8155,534.66,274.458,2,0
8156,217.564,58.1175,2,0
8157,310.058,15.0108,2,0
8158,348.433,82.0747,2,0
8159,486.594,211.574,2,0
8160,458.922,26.3627,2,0
8161,590.662,188.454,2,0
8162,220.841,103.577,2,0
8163,124.086,185.145,2,0
8164,166.973,34.9319,2,0
8165,336.985,227.014,2,0
8166,277.888,234.741,2,0
8167,591.53,75.4357,2,0
8168,88.6744,63.2162,2,0
8169,367.887,229.292,2,0
8170,480.024,298,2,0
8171,92.9094,36.5754,2,0
8172,530.604,175.857,2,0
8173,425.979,184.302,2,0
8174,555.951,71.0099,2,0
8175,42.0771,276.878,2,0
8176,490.604,211.15,2,0
8177,186.528,178.666,2,0
8178,509.083,208.539,2,0
8179,384.833,125.16,2,0
8180,7.45623,266.399,2,0
8181,275.047,30.5008,2,0
8182,103.411,34.0271,2,0
8183,461.031,165.677,2,0
8184,273.509,173.023,2,0
8185,192.24,25.9443,2,0
8186,103.91,209.616,2,0
8187,154.96,273.157,2,0
8188,446.839,25.6256,2,0
8189,138.236,120.471,2,0
8190,238.517,65.9121,2,0
8191,315.323,90.2097,2,0
8192,309.55,208.231,2,0
8193,548.337,119.214,2,0
8194,468.595,214.718,2,0
8195,414.017,262.866,2,0
8196,124.723,227.129,2,0
8197,378.152,253.081,2,0
8198,73.0719,241.601,2,0
8199,117.395,204.236,2,0
8200,297.906,186.811,2,0
8201,537.585,187.703,2,0
8202,433.263,207.993,2,0
8203,471.215,168.946,2,0
8204,166.948,59.9101,2,0
8205,156.203,70.0941,2,0
8206,467.795,13.0345,2,0
8207,99.7369,32.1492,2,0
8208,232.521,158.708,2,0
8209,158.347,258.964,2,0
8210,411.283,12.6612,2,0
8211,375.309,55.5157,2,0
8212,331.653,195.343,2,0
8213,361.245,195.533,2,0
8214,497.485,57.3552,2,0
8215,66.5403,237.233,2,0
8216,129.567,123.451,2,0
8217,364.483,217.059,2,0
8218,171.87,89.9988,2,0
8219,426.958,120.056,2,0
8220,446.507,108.262,2,0
8221,477.135,237.266,2,0
8222,457.693,163.401,2,0
8223,231.519,130.29,2,0
8224,540.546,121.064,2,0
8225,597.343,291.017,2,0
8226,309.977,194.043,2,0
8227,119.163,175.563,2,0
8228,329.395,56.6942,2,0
8229,382.963,56.5804,2,0
8230,413.149,283.916,2,0
8231,459.779,76.9233,2,0
8232,167.162,226.155,2,0
8233,471.97,13.129,2,0
8234,113.436,201.842,2,0
8235,529.384,66.8168,2,0
8236,360.998,282.511,2,0
8237,269.925,207.188,2,0
8238,4.90864,37.8902,2,0
8239,363.53,18.3434,2,0
8240,48.756,171.48,2,0
8241,270.514,17.0654,2,0
8242,110.948,124.668,2,0
8243,160.517,35.5552,2,0
8244,148.254,285.966,2,0
8245,19.7893,82.5028,2,0
8246,56.8752,160.356,2,0
8247,0.243372,245.773,2,0
8248,35.8312,52.2114,2,0
8249,228.288,175.102,2,0
8250,128.511,168.079,2,0
8251,63.5174,273.993,2,0
8252,20.1479,160.262,2,0
8253,204.042,233.786,2,0
8254,215.07,51.5485,2,0
8255,528.662,291.067,2,0
8256,575.424,263.881,2,0
8257,361.781,153.396,2,0
8258,3.47451,287.511,2,0
8259,19.4826,64.4443,2,0
8260,223.57,16.6538,2,0
8261,536.027,43.6601,2,0
8262,247.421,9.92493,2,0
8263,529.219,255.706,2,0
8264,67.1944,15.5063,2,0
8265,426.281,57.7009,2,0
8266,226.652,193.592,2,0
8267,352.846,294.492,2,0
8268,437.511,251.371,2,0
8269,274.272,121.728,2,0
8270,589.389,5.49665,2,0
8271,117.608,40.3978,2,0
8272,562.961,16.1233,2,0
8273,305.249,232.399,2,0
8274,413.384,298,2,0
8275,400.395,153.881,2,0
8276,110.019,50.9659,2,0
8277,312.923,232.851,2,0
8278,599.473,9.0513,2,0
8279,308.128,183.51,2,0
8280,428.808,259.538,2,0
8281,283.437,267.348,2,0
8282,23.8813,280.413,2,0
8283,301.854,280.429,2,0
8284,588.357,69.0028,2,0
8285,452.002,230.495,2,0
8286,469.959,5.52384,2,0
8287,67.2142,5.46874,2,0
8288,88.7547,51.3686,2,0
8289,38.4414,136.888,2,0
8290,121.601,140.327,2,0
8291,52.9419,26.2118,2,0
8292,516.85,73.0241,2,0
8293,133.088,220.05,2,0
8294,302.657,269.312,2,0
8295,419.162,72.9536,2,0
8296,327.876,141.444,2,0
8297,480.295,70.4117,2,0
8298,298.555,147.356,2,0
8299,197.459,45.2034,2,0
8300,120.725,154.609,2,0
8301,566.387,114.291,2,0
8302,79.647,253.902,2,0
8303,73.2482,224.703,2,0
8304,506.638,135.907,2,0
8305,36.4191,27.212,2,0
8306,208.391,243.431,2,0
8307,134.411,158.936,2,0
8308,74.3851,57.3956,2,0
8309,60.5009,89.7301,2,0
8310,390.799,179.588,2,0
8311,324.384,40.4371,2,0
8312,306.171,294.502,2,0
8313,381.475,79.1735,2,0
8314,368.803,237.376,2,0
8315,138.716,164.458,2,0
8316,460.536,169.82,2,0
8317,214.46,39.8013,2,0
8318,410.709,229.073,2,0
8319,444.901,205.3,2,0
8320,65.6001,193.946,2,0
8321,119.974,136.461,2,0
8322,345.82,144.915,2,0
8323,519.538,218.946,2,0
8324,57.9736,149.506,2,0
8325,448.2,248.287,2,0
8326,149.46,275.417,2,0
8327,35.7111,251.983,2,0
8328,232.466,100.246,2,0
8329,179.139,217.767,2,0
8330,134.618,81.5517,2,0
8331,314.255,180.075,2,0
8332,67.4315,19.5609,2,0
8333,408.658,116.517,2,0
8334,319.963,33.6787,2,0
8335,459.988,294.438,2,0
8336,41.2498,94.1414,2,0
8337,377.671,263.906,2,0
8338,386.318,233.173,2,0
8339,590.929,171.582,2,0
8340,508.986,220.977,2,0
8341,350.422,262.65,2,0
8342,475.886,298,2,0
8343,436.371,229.425,2,0
8344,420.403,236.601,2,0
8345,539.617,57.8747,2,0
8346,375.45,9.40491,2,0
8347,16.6868,199.71,2,0
8348,562.959,236.244,2,0
8349,203.741,262.76,2,0
8350,288.287,91.4452,2,0
8351,3.76344,243.621,2,0
8352,563.041,111.994,2,0
8353,176.36,231.543,2,0
8354,578.785,141.498,2,0
8355,275.744,7.56742,2,0
8356,297.536,36.5392,2,0
8357,493.783,108.645,2,0
8358,498.035,115.045,2,0
8359,114.797,294.461,2,0
8360,42.509,260.454,2,0
8361,533.51,281.43,2,0
8362,27.8268,71.0766,2,0
8363,332.99,47.0591,2,0
8364,26.4661,192.434,2,0
8365,448.168,96.1965,2,0
8366,183.106,42.099,2,0
8367,221.274,23.2751,2,0
8368,329.577,291.984,2,0
8369,156.847,33.4311,2,0
8370,287.946,298,2,0
8371,349.375,269.436,2,0
8372,580.316,61.8331,2,0
8373,507.791,263.005,2,0
8374,582.344,143.344,2,0
8375,39.0282,249.656,2,0
8376,238.711,91.4678,2,0
8377,485.342,201.252,2,0
8378,463.468,141.234,2,0
8379,491.622,53.5083,2,0
8380,316.015,64.4141,2,0
8381,507.804,54.6538,2,0
8382,438.891,51.164,2,0
8383,430.216,243.616,2,0
8384,453.92,188.023,2,0
8385,587.461,23.3782,2,0
8386,363.813,221.071,2,0
8387,296.022,298,2,0
8388,242.996,208.94,2,0
8389,332.539,176.958,2,0
8390,119.866,264.55,2,0
8391,313.758,140.434,2,0
8392,129.805,176.067,2,0
8393,448.044,127.001,2,0
8394,487.828,249.803,2,0
8395,546.833,57.2388,2,0
8396,546.482,100.47,2,0
8397,374.928,134.945,2,0
8398,360.584,164.736,2,0
8399,538.508,153.209,2,0
8400,207.591,111.078,2,0
8401,55.6022,106.13,2,0
8402,566.247,118.258,2,0
8403,353.506,285.683,2,0
8404,333.074,8.08521,2,0
8405,61.5274,75.1465,2,0
8406,260.449,159.752,2,0
8407,479.16,27.8864,2,0
8408,504.172,12.5644,2,0
8409,554.914,146.774,2,0
8410,77.6421,140.717,2,0
8411,430.038,251.79,2,0
8412,8.77741,192.437,2,0
8413,330.699,43.5843,2,0
8414,341.582,232.587,2,0
8415,45.2694,157.618,2,0
8416,327.391,280.037,2,0
8417,130.008,2,2,0
8418,74.5762,209.348,2,0
8419,518.192,93.602,2,0
8420,63.2998,204.386,2,0
8421,2.85014,259.49,2,0
8422,432.53,211.936,2,0
8423,34.5879,110.483,2,0
8424,119.189,125.763,2,0
8425,555.606,63.7134,2,0
8426,45.5935,36.494,2,0
8427,472.608,94.5309,2,0
8428,88.4772,265.781,2,0
8429,524.584,77.6184,2,0
8430,3.97808,16.3968,2,0
8431,9.37544,158.558,2,0
8432,387.704,128.052,2,0
8433,480.243,116.175,2,0
8434,192.988,108.718,2,0
8435,224.358,220.219,2,0
8436,223.66,106.479,2,0
8437,45.1647,112.419,2,0
8438,51.1236,29.945,2,0
8439,297.084,97.2693,2,0
8440,134.243,181.499,2,0
8441,415.683,180.493,2,0
8442,476.89,31.2928,2,0
8443,158.328,275.353,2,0
8444,246.973,208.338,2,0
8445,57.6564,32.8902,2,0
8446,573.999,158.401,2,0
8447,163.918,202.483,2,0
8448,169.316,130.241,2,0
8449,31.1965,56.741,2,0
8450,400.065,74.5479,2,0
8451,569.18,19.6331,2,0
8452,337.852,257.775,2,0
8453,47.9855,224.589,2,0
8454,27.9261,173.801,2,0
8455,196.661,68.341,2,0
8456,550.995,251.586,2,0
8457,166.906,244.104,2,0
8458,376.558,259.868,2,0
8459,341.127,79.7283,2,0
8460,401.035,2,2,0
8461,312.079,274.434,2,0
8462,321.628,243.978,2,0
8463,17.498,116.286,2,0
8464,231.87,59.811,2,0
8465,521.834,35.7377,2,0
8466,470.379,66.1577,2,0
8467,535.911,35.5554,2,0
8468,48.8605,202.094,2,0
8469,523.096,212.818,2,0
8470,96.7337,288.968,2,0
8471,7.57884,294.525,2,0
8472,339.764,134.137,2,0
8473,260.095,86.5492,2,0
8474,262.629,153.462,2,0
8475,409.939,162.149,2,0
8476,9.68302,5.56088,2,0
8477,126.64,178.492,2,0
8478,307.992,276.653,2,0
8479,388.89,222.548,2,0
8480,382.663,132.96,2,0
8481,13.1558,61.2577,2,0
8482,97.7945,129.327,2,0
8483,48.5451,106.256,2,0
8484,65.4915,141.74,2,0
8485,339.27,197.717,2,0
8486,268.522,59.6392,2,0
8487,482.086,198.841,2,0
8488,519.842,130.329,2,0
8489,350.916,186.044,2,0
8490,411.01,41.551,2,0
8491,113.621,39.8954,2,0
8492,218.293,274.003,2,0
8493,484.957,205.403,2,0
8494,316.562,150.721,2,0
8495,76.6559,222.604,2,0
8496,581.409,26.6716,2,0
8497,74.3003,19.2511,2,0
8498,395.722,235.468,2,0
8499,259.136,200.392,2,0
8500,201.403,131.82,2,0
8501,205.003,269.562,2,0
8502,115.698,103.225,2,0
8503,366.722,85.9839,2,0
8504,532.476,21.5157,2,0
8505,20.7259,118.711,2,0
8506,38.418,49.0943,2,0
8507,433.201,130.468,2,0
8508,355.813,124.974,2,0
8509,533.806,156.997,2,0
8510,575.821,87.5821,2,0
8511,204.373,176.947,2,0
8512,504.798,106.807,2,0
8513,274.397,156.872,2,0
8514,48.3158,198.097,2,0
8515,529.512,280.707,2,0
8516,172.457,270.894,2,0
8517,509.041,195.897,2,0
8518,394.845,271.887,2,0
8519,454.017,217.218,2,0
8520,180.955,63.59,2,0
8521,359.615,199.366,2,0
8522,44.1554,280.443,2,0
8523,231.159,178.031,2,0
8524,260.246,102.663,2,0
8525,162.12,257.91,2,0
8526,466.783,211.149,2,0
8527,454.481,101.132,2,0
8528,121.052,202.619,2,0
8529,168.825,268.946,2,0
8530,301.077,119.418,2,0
8531,325.672,126.956,2,0
8532,44.6292,196.507,2,0
8533,545.62,283.402,2,0
8534,361.828,242.632,2,0
8535,590.732,34.1033,2,0
8536,118.91,105.694,2,0
8537,549.954,14.9651,2,0
8538,85.2705,65.187,2,0
8539,455.951,179.566,2,0
8540,60.0707,271.794,2,0
8541,433.704,298,2,0
8542,30.6984,6.71171,2,0
8543,495.341,231.251,2,0
8544,88.2602,203.194,2,0
8545,426.19,151.838,2,0
8546,575.162,2,2,0
8547,426.312,206.881,2,0
8548,4.68478,25.6759,2,0
8549,19.776,280.31,2,0
8550,95.7316,71.39,2,0
8551,311.004,243.55,2,0
8552,59.6614,175.921,2,0
8553,469.409,240.904,2,0
8554,390.897,245.048,2,0
8555,518.123,50.2134,2,0
8556,521.79,43.8297,2,0
8557,304.28,169.311,2,0
8558,130.305,158.303,2,0
8559,285.851,294.478,2,0
8560,474.935,198.477,2,0
8561,259.634,298,2,0
8562,96.0225,207.949,2,0
8563,336.809,54.2194,2,0
8564,124.057,119.22,2,0
8565,326.99,51.0092,2,0
8566,589.231,291.061,2,0
8567,125.114,290.876,2,0
8568,599.183,65.3137,2,0
8569,168.904,273.138,2,0
8570,357.095,194.946,2,0
8571,24.9892,53.664,2,0
8572,287.876,169.376,2,0
8573,336.788,204.57,2,0
8574,536.069,23.3487,2,0
8575,127.017,34.4188,2,0
8576,278.464,287.928,2,0
8577,196.278,25.1437,2,0
8578,149.484,228.672,2,0
8579,295.921,284.135,2,0
8580,341.385,209.786,2,0
8581,282.611,63.983,2,0
8582,101.449,190.107,2,0
8583,554.085,157.488,2,0
8584,166.719,133.526,2,0
8585,120.228,183.667,2,0
8586,594.284,112.11,2,0
8587,140.887,131.749,2,0
8588,527.128,134.123,2,0
8589,185.564,272.92,2,0
8590,109.857,71.4206,2,0
8591,234.622,191.602,2,0
8592,105.332,202.706,2,0
8593,140.294,138.749,2,0
8594,395.207,200.658,2,0
8595,302.847,238.059,2,0
8596,396.837,16.0159,2,0
8597,33.4639,191.657,2,0
8598,272.802,239.702,2,0
8599,257.051,220.971,2,0
8600,78.5073,46.264,2,0
8601,62.3185,196.377,2,0
8602,200.107,81.8438,2,0
8603,317.508,138.605,2,0
8604,208.991,53.3213,2,0
8605,31.3898,149.127,2,0
8606,195.533,50.1434,2,0
8607,25.1146,211.027,2,0
8608,308.956,31.1252,2,0
8609,588.251,87.5855,2,0
8610,90.3815,146.693,2,0
8611,553.255,227.442,2,0
8612,363.97,79.3685,2,0
8613,55.89,122.287,2,0
8614,332.791,70.7172,2,0
8615,561.719,66.8297,2,0
8616,464.734,30.424,2,0
8617,502.349,75.5106,2,0
8618,200.792,212.738,2,0
8619,550.447,266.261,2,0
8620,342.035,213.892,2,0
8621,376.021,159.594,2,0
8622,225.702,73.2963,2,0
8623,9.67252,200.552,2,0
8624,407.547,214.651,2,0
8625,344.934,298,2,0
8626,40.2649,20.3021,2,0
8627,18.3272,254.906,2,0
8628,455.928,294.481,2,0
8629,411.088,280.305,2,0
8630,295.023,139.89,2,0
8631,443.305,105.84,2,0
8632,429.526,298,2,0
8633,470.386,142.047,2,0
8634,406.997,218.679,2,0
8635,407.242,136.505,2,0
8636,439.843,68.9131,2,0
8637,433.287,47.1752,2,0
8638,84.6231,276.309,2,0
8639,311.577,100.309,2,0
8640,171.007,244.351,2,0
8641,597.463,217.884,2,0
8642,287.814,126.282,2,0
8643,242.747,23.4209,2,0
8644,307.795,55.0806,2,0
8645,142.877,115.139,2,0
8646,310.483,138.045,2,0
8647,174.467,198.839,2,0
8648,510.685,255.457,2,0
8649,25.3123,60.5812,2,0
8650,337.478,96.0284,2,0
8651,155.558,153.63,2,0
8652,428.189,111.923,2,0
8653,401.441,24.1804,2,0
8654,176.159,18.4586,2,0
8655,5.03946,190.852,2,0
8656,92.3627,61.2,2,0
8657,447.907,294.505,2,0
8658,262.042,227.377,2,0
8659,476.031,9.19691,2,0
8660,535.554,163.818,2,0
8661,591.145,46.2532,2,0
8662,579.114,202.159,2,0
8663,396.406,264.761,2,0
8664,363.95,51.7567,2,0
8665,173.311,130.846,2,0
8666,403.083,5.55256,2,0
8667,468.262,255.755,2,0
8668,144.771,182.087,2,0
8669,433.612,290.934,2,0
8670,500.262,290.88,2,0
8671,47.3883,190.042,2,0
8672,522.582,170.593,2,0
8673,180.166,204.669,2,0
8674,282.232,244.206,2,0
8675,422.107,185.845,2,0
8676,498.52,139.639,2,0
8677,559.66,63.3885,2,0
8678,30.1302,224.904,2,0
8679,389.744,149.158,2,0
8680,181.692,225.488,2,0
8681,215.058,134.392,2,0
8682,528.488,6.25962,2,0
8683,315.498,15.9037,2,0
8684,90.6047,239.83,2,0
8685,304.674,254.644,2,0
8686,349.165,92.5199,2,0
8687,220.49,177.259,2,0
8688,125.504,192.835,2,0
8689,576.973,51.594,2,0
8690,309.297,51.333,2,0
8691,526.193,81.3734,2,0
8692,304.066,183.392,2,0
8693,587.381,40.3213,2,0
8694,434.652,86.1928,2,0
8695,122.791,161.451,2,0
8696,334.386,36.4184,2,0
8697,150.241,142.648,2,0
8698,302.333,153.244,2,0
8699,333.843,229.698,2,0
8700,340.319,292.29,2,0
8701,406.2,59.9552,2,0
8702,37.7046,96.2633,2,0
8703,148.362,259.51,2,0
8704,530.643,2,2,0
8705,263.21,96.2254,2,0
8706,210.749,229.24,2,0
8707,55.0074,223.816,2,0
8708,21.8274,213.531,2,0
8709,234.437,220.911,2,0
8710,306.968,80.7276,2,0
8711,563.079,23.1616,2,0
8712,331.906,91.6235,2,0
8713,439.188,168.235,2,0
8714,556.576,78.1023,2,0
8715,13.9485,206.171,2,0
8716,186.03,196.018,2,0
8717,78.1831,147.709,2,0
8718,277.642,18.7298,2,0
8719,323.115,77.1834,2,0
8720,291.732,115.343,2,0
8721,510.815,88.0722,2,0
8722,592.752,205.914,2,0
8723,425.585,105.435,2,0
8724,464.277,196.895,2,0
8725,212.579,35.938,2,0
8726,140.108,5.88956,2,0
8727,121.821,2,2,0
8728,205.354,129.536,2,0
8729,359.14,138.791,2,0
8730,473.626,144.414,2,0
8731,526.746,222.946,2,0
8732,292.97,241.791,2,0
8733,384.05,205.42,2,0
8734,221.746,252.142,2,0
8735,180.622,210.945,2,0
8736,214.437,173.825,2,0
8737,460.151,69.829,2,0
8738,562.39,73.9211,2,0
8739,512.108,140.139,2,0
8740,136.843,131.413,2,0
8741,280.26,82.3764,2,0
8742,119.05,250.421,2,0
8743,158.003,90.4506,2,0
8744,107.516,258.369,2,0
8745,543.666,184.341,2,0
8746,354.442,263.255,2,0
8747,409.466,85.5237,2,0
8748,503.81,54.399,2,0
8749,437.885,88.6776,2,0
8750,55.2279,29.5993,2,0
8751,90.0508,133.143,2,0
8752,243.487,27.36,2,0
8753,10.6297,243.112,2,0
8754,329.112,201.643,2,0
8755,44.8179,92.1054,2,0
8756,91.8117,201.046,2,0
8757,417.423,290.951,2,0
8758,345.349,192.215,2,0
8759,216.854,104.845,2,0
8760,584.695,231.959,2,0
8761,577.753,47.5166,2,0
8762,34.9076,243.691,2,0
8763,48.4894,102.159,2,0
8764,223.757,91.6997,2,0
8765,450.289,166.705,2,0
8766,521.276,268.569,2,0
8767,273.185,20.1199,2,0
8768,489.138,32.2677,2,0
8769,194.918,265.179,2,0
8770,206.609,102.637,2,0
8771,503.836,102.905,2,0
8772,34.3172,168.697,2,0
8773,189.922,173.509,2,0
8774,407.802,101.716,2,0
8775,229.665,71.9843,2,0
8776,514.843,27.5227,2,0
8777,202.549,56.1191,2,0
8778,72.6858,98.0941,2,0
8779,156.214,78.1874,2,0
8780,459.827,9.11233,2,0
8781,212.681,145.279,2,0
8782,538.769,2,2,0
8783,205.24,137.752,2,0
8784,143.697,174.053,2,0
8785,478.58,210.064,2,0
8786,135.75,226.535,2,0
8787,483.804,77.8292,2,0
8788,201.833,139.944,2,0
8789,250.972,207.785,2,0
8790,49.5592,77.6854,2,0
8791,301.704,111.709,2,0
8792,360.253,134.859,2,0
8793,144.692,284.92,2,0
8794,253.589,287.47,2,0
8795,35.622,63.6364,2,0
8796,104.105,193.092,2,0
8797,421.31,138.718,2,0
8798,14.7058,253.009,2,0
8799,145.291,298,2,0
8800,456.085,262.549,2,0
8801,15.5885,294.416,2,0
8802,552.785,203.434,2,0
8803,508.558,112.517,2,0
8804,405.916,200.028,2,0
8805,559.014,37.3603,2,0
8806,493.272,265.003,2,0
8807,559.276,113.73,2,0
8808,462.713,193.037,2,0
8809,580.351,118.822,2,0
8810,225.934,9.97138,2,0
8811,411.516,251.773,2,0
8812,201.624,135.796,2,0
8813,131.364,67.2836,2,0
8814,112.846,290.911,2,0
8815,166.97,13.3697,2,0
8816,306.249,173.014,2,0
8817,399.415,139.256,2,0
8818,271.343,288.925,2,0
8819,81.718,26.9419,2,0
8820,530.394,127.76,2,0
8821,151.378,108.629,2,0
8822,311.193,123.887,2,0
8823,471.079,200.442,2,0
8824,32.0843,179.621,2,0
8825,224.81,201.337,2,0
8826,563.058,37.2886,2,0
8827,227.982,90.6894,2,0
8828,589.069,175.181,2,0
8829,173.152,241.035,2,0
8830,597.852,37.963,2,0
8831,597.416,298,2,0
8832,357.14,74.7919,2,0
8833,186.689,257.861,2,0
8834,523.402,175.659,2,0
8835,132.433,224.042,2,0
8836,169.693,108.663,2,0
8837,396.679,151.819,2,0
8838,378.02,163.402,2,0
8839,151.643,287.519,2,0
8840,355.303,49.4463,2,0
8841,520.921,240.327,2,0
8842,394.223,155.73,2,0
8843,263.34,19.3917,2,0
8844,5.50115,194.911,2,0
8845,299.396,100.561,2,0
8846,390.245,21.221,2,0
8847,531.476,164.815,2,0
8848,339.981,201.838,2,0
8849,301.217,53.0223,2,0
8850,283.941,298,2,0
8851,574.169,298,2,0
8852,493.304,128.669,2,0
8853,52.8986,44.7886,2,0
8854,402.606,258.821,2,0
8855,372.848,94.8953,2,0
8856,557.091,5.50639,2,0
8857,448.154,152.162,2,0
8858,32.9066,24.9602,2,0
8859,170.37,172.437,2,0
8860,419.946,240.518,2,0
8861,347.12,57.267,2,0
8862,446.168,65.6397,2,0
8863,321.884,221.216,2,0
8864,577.563,289.003,2,0
8865,281.739,186.899,2,0
8866,51.5695,195.63,2,0
8867,54.8958,193.248,2,0
8868,458.852,130.861,2,0
8869,44.3576,19.8216,2,0
8870,237.37,294.427,2,0
8871,235.471,277.43,2,0
8872,242.248,64.2569,2,0
8873,41.603,155.674,2,0
8874,176.753,116.915,2,0
8875,551.692,214.892,2,0
8876,164.398,218.451,2,0
8877,423.175,118.697,2,0
8878,370.887,135.97,2,0
8879,189.423,83.513,2,0
8880,140.509,272.094,2,0
8881,97.7448,147.337,2,0
8882,592.291,101.622,2,0
8883,483.192,28.2382,2,0
8884,74.2617,147.985,2,0
8885,445.786,81.4407,2,0
8886,213.015,149.327,2,0
8887,102.632,216.404,2,0
8888,444.027,2,2,0
8889,255.576,283.914,2,0
8890,127.381,85.5159,2,0
8891,504.269,298,2,0
8892,142.276,57.6248,2,0
8893,567.723,223.318,2,0
8894,428.761,162.277,2,0
8895,492.307,240.918,2,0
8896,172.384,255.075,2,0
8897,71.0146,180.935,2,0
8898,415.382,294.497,2,0
8899,93.2321,221.675,2,0
8900,112,232.99,2,0
8901,232.319,263.624,2,0
8902,409.159,8.98,2,0
8903,124.074,75.528,2,0
8904,70.9241,21.4646,2,0
8905,536.201,255.312,2,0
8906,48.6085,110.301,2,0
8907,533.173,74.0638,2,0
8908,178.977,93.8688,2,0
8909,285.043,105.264,2,0
8910,88.6054,79.4247,2,0
8911,256.565,181.583,2,0
8912,321.23,285.135,2,0
8913,596.462,94.6663,2,0
8914,587.783,252.159,2,0
8915,62.4095,39.1969,2,0
8916,77.836,206.76,2,0
8917,30.8728,83.4288,2,0
8918,282.722,130.897,2,0
8919,219.536,146.436,2,0
8920,203.28,257.407,2,0
8921,76.9116,230.966,2,0
8922,196.399,92.0048,2,0
8923,246.909,139.057,2,0
8924,195.119,144.368,2,0
8925,156.576,53.7923,2,0
8926,473.963,175.39,2,0
8927,376.938,285.209,2,0
8928,283.634,198.279,2,0
8929,461.805,200.132,2,0
8930,62.0675,149.138,2,0
8931,378.399,123.005,2,0
8932,584.954,175.43,2,0
8933,469.663,131.941,2,0
8934,175.282,75.8223,2,0
8935,157.853,220.899,2,0
8936,8.37574,151.552,2,0
8937,150.677,173.146,2,0
8938,459.969,138.774,2,0
8939,311.999,251.656,2,0
8940,559.695,253.027,2,0
8941,470.117,119.897,2,0
8942,329.901,273.446,2,0
8943,448.479,62.106,2,0
8944,38.435,132.883,2,0
8945,332.97,270.855,2,0
8946,434.607,117.066,2,0
8947,384.357,116.419,2,0
8948,90.4527,243.944,2,0
8949,253.888,251.408,2,0
8950,223.776,280.157,2,0
8951,179.733,282.692,2,0
8952,111.359,108.742,2,0
8953,187.739,190.514,2,0
8954,232.323,4.95228,2,0
8955,304.101,265.509,2,0
8956,156.555,11.8044,2,0
8957,592.35,94.5971,2,0
8958,171.28,168.426,2,0
8959,416.379,144.643,2,0
8960,292.199,2,2,0
8961,395.277,239.486,2,0
8962,170.599,207.018,2,0
8963,576.434,267.942,2,0
8964,547.57,191.563,2,0
8965,63.9221,21.8258,2,0
8966,258.792,13.9674,2,0
8967,15.4841,35.6557,2,0
8968,125.552,277.552,2,0
8969,83.357,220.847,2,0
8970,114.044,50.5447,2,0
8971,55.7862,114.278,2,0
8972,399.684,221.796,2,0
8973,427.503,294.485,2,0
8974,113.4,268.859,2,0
8975,108.18,145.446,2,0
8976,264.442,242.601,2,0
8977,278.403,32.7517,2,0
8978,452.137,255.37,2,0
8979,310.241,27.1047,2,0
8980,271.797,258.316,2,0
8981,224.878,58.9026,2,0
8982,145.316,103.327,2,0
8983,315.289,26.9395,2,0
8984,545.694,187.899,2,0
8985,451.908,287.513,2,0
8986,307.709,204.61,2,0
8987,228.187,226.129,2,0
8988,431.195,133.999,2,0
8989,290.048,242.712,2,0
8990,56.395,19.02,2,0
8991,520.111,134.512,2,0
8992,394.626,127.168,2,0
8993,304.036,41.5188,2,0
8994,592.996,277.242,2,0
8995,110.191,236.627,2,0
8996,345.01,123.988,2,0
8997,203.166,12.5912,2,0
8998,285.855,226.148,2,0
8999,423.155,273.323,2,0
9000,463.683,137.229,2,0
9001,187.101,180.14,2,0
9002,500.152,88.4633,2,0
9003,581.629,288.907,2,0
9004,520.592,77.3678,2,0
9005,265.012,116.562,2,0
9006,106.885,228.047,2,0
9007,447.722,287.478,2,0
9008,422.442,208.453,2,0
9009,80.2237,169.511,2,0
9010,182.29,75.6081,2,0
9011,310.407,158.941,2,0
9012,279.285,261.526,2,0
9013,359.647,85.1128,2,0
9014,22.463,31.5387,2,0
9015,55.9262,12.0057,2,0
9016,269.484,268.674,2,0
9017,88.5587,83.4297,2,0
9018,269.702,137.383,2,0
9019,424.234,196.331,2,0
9020,326.788,166.221,2,0
9021,586.949,280.632,2,0
9022,111.076,280.498,2,0
9023,584.419,259.103,2,0
9024,1.03708,263.23,2,0
9025,599.362,145.73,2,0
9026,217.227,258.931,2,0
9027,37.625,92.1011,2,0
9028,299.225,159.634,2,0
9029,6.77523,155.332,2,0
9030,473.994,268.011,2,0
9031,128.024,5.4742,2,0
9032,375.87,40.59,2,0
9033,34.8509,155.219,2,0
9034,29.6905,67.3885,2,0
9035,414.98,102.045,2,0
9036,433.907,249.418,2,0
9037,493.117,193.875,2,0
9038,309.668,19.0806,2,0
9039,246.511,108.051,2,0
9040,136.455,272.439,2,0
9041,444.263,212.384,2,0
9042,9.50035,298,2,0
9043,237.163,134.25,2,0
9044,358.525,161.223,2,0
9045,28.1566,78.2071,2,0
9046,305.86,20.891,2,0
9047,61.1726,215,2,0
9048,145.6,72.0281,2,0
9049,311.335,114.944,2,0
9050,343.301,166.64,2,0
9051,236.358,122.536,2,0
9052,565.97,253.737,2,0
9053,537.172,123.304,2,0
9054,129.698,141.359,2,0
9055,16.1327,226.421,2,0
9056,241.255,15.3308,2,0
9057,459.772,117.914,2,0
9058,132.115,12.5967,2,0
9059,62.8282,231.103,2,0
9060,129.457,148.484,2,0
9061,394.23,164.375,2,0
9062,476.032,189.933,2,0
9063,225.112,232.289,2,0
9064,596.293,122.779,2,0
9065,66.2808,171.365,2,0
9066,229.72,11.3976,2,0
9067,287.734,115.62,2,0
9068,200.168,170.769,2,0
9069,530.334,184.037,2,0
9070,206.459,276.57,2,0
9071,470.599,259.477,2,0
9072,385.475,229.199,2,0
9073,414.683,156.694,2,0
9074,470.096,266.519,2,0
9075,137.962,9.32255,2,0
9076,386.179,216.045,2,0
9077,568.422,169.317,2,0
9078,313.794,104.224,2,0
9079,400.812,252.489,2,0
9080,287.888,190.386,2,0
9081,389.268,230.381,2,0
9082,56.2589,235.724,2,0
9083,480.17,290.778,2,0
9084,536.318,107.069,2,0
9085,402.645,119.975,2,0
9086,62.5332,227.091,2,0
9087,302.542,18.6152,2,0
9088,522.419,2,2,0
9089,95.9242,59.2419,2,0
9090,5.83457,164.262,2,0
9091,431.759,68.451,2,0
9092,265.647,77.3826,2,0
9093,92.7113,52.5083,2,0
9094,372.966,284.352,2,0
9095,548.464,290.848,2,0
9096,185.561,54.3322,2,0
9097,544.903,298,2,0
9098,599.786,135.021,2,0
9099,350.813,111.391,2,0
9100,321.925,202.681,2,0
9101,153.386,227.165,2,0
9102,341.47,90.7071,2,0
9103,62.9277,122.23,2,0
9104,581.872,238.57,2,0
9105,283.045,141.673,2,0
9106,90.0012,273.318,2,0
9107,124.104,137.13,2,0
9108,77.8366,17.0321,2,0
9109,328.314,183.797,2,0
9110,295.798,124.441,2,0
9111,486.989,131.409,2,0
9112,419.482,147.169,2,0
9113,75.6401,291.558,2,0
9114,199.316,48.8841,2,0
9115,469.607,150.251,2,0
9116,142.823,37.1703,2,0
9117,360.934,120.213,2,0
9118,89.2386,184.66,2,0
9119,293.408,104.679,2,0
9120,215.637,270.953,2,0
9121,155.441,257.006,2,0
9122,10.5837,105.275,2,0
9123,235.393,103.139,2,0
9124,507.785,244.378,2,0
9125,387.696,203.772,2,0
9126,461.806,273.34,2,0
9127,447.163,51.5213,2,0
9128,289.381,66.1392,2,0
9129,254.787,155.603,2,0
9130,14.0896,175.478,2,0
9131,253.549,211.092,2,0
9132,414.822,106.225,2,0
9133,355.237,63.2923,2,0
9134,467.064,139.442,2,0
9135,221.019,202.395,2,0
9136,535.52,90.8543,2,0
9137,463.397,277.08,2,0
9138,194.346,132.232,2,0
9139,599.461,249.388,2,0
9140,376.716,44.5482,2,0
9141,556.684,246.104,2,0
9142,198.65,205.913,2,0
9143,579.509,30.1919,2,0
9144,324.106,33.4854,2,0
9145,160.068,51.7813,2,0
9146,599.823,238.072,2,0
9147,38.4937,80.8828,2,0
9148,394.035,96.4965,2,0
9149,152.291,12.6247,2,0
9150,136.693,109.807,2,0
9151,228.193,140.394,2,0
9152,4.20819,182.833,2,0
9153,164.328,20.8996,2,0
9154,69.8703,235.005,2,0
9155,96.7552,298,2,0
9156,531.021,154.055,2,0
9157,293.172,273.942,2,0
9158,554.452,29.7832,2,0
9159,212.22,137.249,2,0
9160,175.978,276.831,2,0
9161,574.953,139.777,2,0
9162,266.055,93.2711,2,0
9163,385.823,42.4409,2,0
9164,189.79,44.4432,2,0
9165,149.006,82.7274,2,0
9166,450.849,102.69,2,0
9167,9.68656,283.958,2,0
9168,484.063,10.1027,2,0
9169,478.041,73.7378,2,0
9170,180.529,177.86,2,0
9171,24.8105,101.632,2,0
9172,266.589,140.122,2,0
9173,213.999,116.413,2,0
9174,66.2398,228.79,2,0
9175,491.257,115.561,2,0
9176,81.4567,9.82232,2,0
9177,72.0246,162.363,2,0
9178,408.573,147.411,2,0
9179,458.399,283.771,2,0
9180,324.023,259.982,2,0
9181,241.446,170.717,2,0
9182,96.0639,143.619,2,0
9183,144.461,238.111,2,0
9184,368.678,252.165,2,0
9185,66.827,267.387,2,0
9186,545.636,236.361,2,0
9187,125.639,260.506,2,0
9188,60.3095,294.463,2,0
9189,223.502,269.277,2,0
9190,581.516,234.458,2,0
9191,360.599,145.84,2,0
9192,77.3693,265.52,2,0
9193,337.552,189.77,2,0
9194,286.701,130.138,2,0
9195,492.741,39.5393,2,0
9196,247.576,283.876,2,0
9197,316.617,48.1394,2,0
9198,276.387,221.214,2,0
9199,221.994,8.54332,2,0
9200,44.7401,227.056,2,0
9201,11.5514,216.561,2,0
9202,171.857,5.53224,2,0
9203,21.2338,244.372,2,0
9204,22.8582,50.1568,2,0
9205,182.502,125.337,2,0
9206,308.859,222.313,2,0
9207,92.1323,77.4427,2,0
9208,139.447,152.871,2,0
9209,256.783,144.219,2,0
9210,338.557,239.17,2,0
9211,507.312,157.903,2,0
9212,130.442,213.572,2,0
9213,440.331,156.175,2,0
9214,276.498,3.63197,2,0
9215,92.4961,116.384,2,0
9216,536.496,68.7563,2,0
9217,123.189,44.8506,2,0
9218,4.76073,29.7113,2,0
9219,257.532,287.361,2,0
9220,95.9749,55.1474,2,0
9221,489.144,152.783,2,0
9222,279.892,298,2,0
9223,410.502,77.542,2,0
9224,393.823,268.05,2,0
9225,235.914,58.4353,2,0
9226,31.8633,287.45,2,0
9227,201.741,115.121,2,0
9228,240.247,124.006,2,0
9229,33.9523,276.866,2,0
9230,354.829,186.938,2,0
9231,463.487,19.7003,2,0
9232,452.432,121.405,2,0
9233,134.362,257.79,2,0
9234,72.0078,188.969,2,0
9235,283.381,109.014,2,0
9236,408.974,89.6146,2,0
9237,346.939,185.139,2,0
9238,259.688,196.264,2,0
9239,20.4802,149.854,2,0
9240,157.509,82.0478,2,0
9241,554.196,49.7014,2,0
9242,156.166,135.409,2,0
9243,342.768,43.0392,2,0
9244,121.603,122.568,2,0
9245,249.789,179.009,2,0
9246,120.121,232.591,2,0
9247,41.0769,159.836,2,0
9248,565.649,195.991,2,0
9249,594.587,145.941,2,0
9250,573.257,118.718,2,0
9251,551.56,125.487,2,0
9252,95.933,172.378,2,0
9253,179.881,286.623,2,0
9254,382.157,226.703,2,0
9255,41.3716,198.88,2,0
9256,310.992,218.867,2,0
9257,527.061,155.157,2,0
9258,439.437,23.125,2,0
9259,453.521,18.3695,2,0
9260,567.93,136.29,2,0
9261,393.348,59.5416,2,0
9262,213.784,222.783,2,0
9263,30.0322,298,2,0
9264,33.9099,8.90153,2,0
9265,441.174,148.046,2,0
9266,197.084,53.9661,2,0
9267,5.1539,84.4244,2,0
9268,233.513,31.4218,2,0
9269,385.28,276.626,2,0
9270,93.1011,44.78,2,0
9271,293.78,280.719,2,0
9272,163.38,61.9189,2,0
9273,62.7914,106.063,2,0
9274,272.603,148.915,2,0
9275,27.374,155.717,2,0
9276,522.016,159.889,2,0
9277,238.984,209.493,2,0
9278,158.807,243.646,2,0
9279,548.234,123.185,2,0
9280,23.1785,194.957,2,0
9281,167.09,236.901,2,0
9282,20.1676,166.564,2,0
9283,536.067,39.6724,2,0
9284,30.147,194.119,2,0
9285,324.249,73.2851,2,0
9286,24.7307,176.224,2,0
9287,482.817,131.052,2,0
9288,86.0834,187.252,2,0
9289,307.231,257.781,2,0
9290,18.1842,181.171,2,0
9291,566.866,249.65,2,0
9292,409.342,57.3554,2,0
9293,232.164,173.991,2,0
9294,191.159,220.413,2,0
9295,435.331,133.911,2,0
9296,413.823,79.8388,2,0
9297,199.752,274.233,2,0
9298,543.326,106.764,2,0
9299,8.79646,86.6081,2,0
9300,416.894,130.523,2,0
9301,189.316,165.329,2,0
9302,433.874,203.893,2,0
9303,326.263,12.6134,2,0
9304,425.383,2,2,0
9305,346.855,112.315,2,0
9306,331.126,50.6486,2,0
9307,505.401,266.301,2,0
9308,382.7,294.482,2,0
9309,516.671,164.226,2,0
9310,539.166,92.7316,2,0
9311,129.263,221.519,2,0
9312,335.552,264.258,2,0
9313,454.4,160.961,2,0
9314,230.412,108.153,2,0
9315,189.514,87.6755,2,0
9316,585.282,12.5764,2,0
9317,248.114,13.9564,2,0
9318,3.29666,174.68,2,0
9319,313.988,201.229,2,0
9320,449.837,265.865,2,0
9321,281.27,123.968,2,0
9322,412.781,116.502,2,0
9323,326.344,149.473,2,0
9324,27.0925,98.2856,2,0
9325,100.726,165.77,2,0
9326,572.846,176.171,2,0
9327,404.257,49.5927,2,0
9328,451.665,134.323,2,0
9329,333.274,15.2337,2,0
9330,146.27,199.029,2,0
9331,82.3707,147.308,2,0
9332,348.439,137.172,2,0
9333,91.2009,153.851,2,0
9334,455.994,88.0492,2,0
9335,179.316,244.913,2,0
9336,444.908,124.381,2,0
9337,328.602,176.779,2,0
9338,171.753,81.9376,2,0
9339,299.83,56.8932,2,0
9340,470.836,59.1106,2,0
9341,366.34,63.7194,2,0
9342,221.044,150.16,2,0
9343,33.9201,195.725,2,0
9344,584.41,161.339,2,0
9345,401.45,92.9989,2,0
9346,410.165,264.321,2,0
9347,24.3775,116.665,2,0
9348,176.334,138.457,2,0
9349,252.455,38.0178,2,0
9350,331.906,217.731,2,0
9351,533.798,222.791,2,0
9352,44.8326,165.733,2,0
9353,220.416,19.3433,2,0
9354,421.332,2,2,0
9355,182.112,168.823,2,0
9356,185.907,98.9457,2,0
9357,193.076,294.543,2,0
9358,238.102,80.8107,2,0
9359,560.619,136.949,2,0
9360,435.061,126.966,2,0
9361,368.406,233.255,2,0
9362,481.907,168.081,2,0
9363,526.462,121.882,2,0
9364,66.47,128.304,2,0
9365,518.988,114.112,2,0
9366,44.8527,100.117,2,0
9367,424.873,163.946,2,0
9368,199.564,111.79,2,0
9369,143.535,152.948,2,0
9370,387.49,177.182,2,0
9371,245.112,16.6787,2,0
9372,9.11896,61.4037,2,0
9373,179.562,96.1726,2,0
9374,116.911,298,2,0
9375,36.0578,287.393,2,0
9376,156.824,37.4495,2,0
9377,258.117,10.1313,2,0
9378,579.731,212.929,2,0
9379,295.587,108.127,2,0
9380,206.362,158.074,2,0
9381,434.459,186.08,2,0
9382,490.061,275.363,2,0
9383,132.534,278.174,2,0
9384,459.128,230.933,2,0
9385,74.0804,205.162,2,0
9386,101.171,233.854,2,0
9387,341.648,239.945,2,0
9388,379.078,57.0052,2,0
9389,379.189,215.038,2,0
9390,325.61,222.736,2,0
9391,170.989,23.3163,2,0
9392,347.363,61.2051,2,0
9393,386.999,95.8789,2,0
9394,488.012,177.049,2,0
9395,186.002,89.6831,2,0
9396,261.881,238.072,2,0
9397,491.948,100.749,2,0
9398,34.7295,234.786,2,0
9399,203.393,253.302,2,0
9400,115.926,189.165,2,0
9401,576.56,276.033,2,0
9402,168.441,254.785,2,0
9403,129.154,191.156,2,0
9404,594.851,52.5338,2,0
9405,544.031,71.7956,2,0
9406,281.085,113.389,2,0
9407,460.915,92.0047,2,0
9408,545.692,166.003,2,0
9409,447.074,104.202,2,0
9410,115.454,143.435,2,0
9411,324.245,143.133,2,0
9412,558.975,9.10025,2,0
9413,337.213,253.753,2,0
9414,346.573,219.33,2,0
9415,196.533,101.392,2,0
9416,506.987,270.126,2,0
9417,355.8,34.9303,2,0
9418,198.02,124.367,2,0
9419,511.232,251.353,2,0
9420,397.519,66.5616,2,0
9421,313.305,259.435,2,0
9422,481.17,282.609,2,0
9423,270.61,280.895,2,0
9424,272.065,73.4043,2,0
9425,540.763,5.3983,2,0
9426,452.002,262.306,2,0
9427,597.398,12.6163,2,0
9428,587.218,178.79,2,0
9429,231.273,19.283,2,0
9430,501.305,265.927,2,0
9431,588.46,161.176,2,0
9432,563.696,155.457,2,0
9433,299.794,123.624,2,0
9434,553.187,92.1295,2,0
9435,548.95,298,2,0
9436,537.281,216.597,2,0
9437,400.944,283.899,2,0
9438,116.773,208.399,2,0
9439,490.765,111.411,2,0
9440,478.894,196.512,2,0
9441,15.1501,19.4705,2,0
9442,494.973,98.0017,2,0
9443,433.499,276.674,2,0
9444,175.547,95.9655,2,0
9445,90.2555,139.466,2,0
9446,583.153,294.574,2,0
9447,203.751,229.436,2,0
9448,588.954,237.689,2,0
9449,88.2504,122.025,2,0
9450,134.198,85.677,2,0
9451,154.506,88.4052,2,0
9452,295.526,116.882,2,0
9453,288.995,204.685,2,0
9454,580.797,76.6601,2,0
9455,31.864,70.8824,2,0
9456,56.2902,287.502,2,0
9457,163.07,236.071,2,0
9458,295.316,238.457,2,0
9459,577.185,279.953,2,0
9460,407.001,273.418,2,0
9461,397.114,254.068,2,0
9462,35.9559,70.4899,2,0
9463,522.665,272.475,2,0
9464,48.0789,70.7742,2,0
9465,395.814,223.414,2,0
9466,392.958,275.5,2,0
9467,322.774,251.974,2,0
9468,588.086,154.104,2,0
9469,416.194,31.5149,2,0
9470,240.324,5.83526,2,0
9471,209.031,217.352,2,0
9472,44.1265,294.549,2,0
9473,181.239,267.102,2,0
9474,152.267,139.124,2,0
9475,94.2416,186.336,2,0
9476,356.003,190.817,2,0
9477,317.245,60.4581,2,0
9478,39.7669,12.7315,2,0
9479,378.592,192.484,2,0
9480,17.4735,262.916,2,0
9481,211.467,132.85,2,0
9482,418.319,187.4,2,0
9483,400.557,116.432,2,0
9484,581.51,83.7622,2,0
9485,365.391,14.7985,2,0
9486,274.287,282.571,2,0
9487,525.547,254.234,2,0
9488,285.774,193.799,2,0
9489,394.748,294.495,2,0
9490,245.773,57.6448,2,0
9491,22.7946,105.34,2,0
9492,415.754,246.266,2,0
9493,495.242,132.226,2,0
9494,103.493,21.7934,2,0
9495,129.401,30.4249,2,0
9496,460.787,110.317,2,0
9497,95.3437,91.8019,2,0
9498,590.611,164.59,2,0
9499,99.5608,117.183,2,0
9500,349.047,53.5415,2,0
9501,215.381,146.161,2,0
9502,189.538,75.4986,2,0
9503,52.1202,104.087,2,0
9504,509.346,175.469,2,0
9505,312.024,190.621,2,0
9506,412.781,123.397,2,0
9507,279.672,176.445,2,0
9508,108.674,262.174,2,0
9509,344.828,39.4376,2,0
9510,127.802,65.2403,2,0
9511,168.435,230.046,2,0
9512,14.6559,105.305,2,0
9513,25.1656,180.301,2,0
9514,118.642,276.929,2,0
9515,280.302,2,2,0
9516,415.152,211.506,2,0
9517,462.449,33.7865,2,0
9518,340.807,68.985,2,0
9519,172.955,291.308,2,0
9520,4.47921,255.762,2,0
9521,143.888,219.488,2,0
9522,262.887,207.442,2,0
9523,478.508,66.6993,2,0
9524,94.3208,139.76,2,0
9525,565.731,66.4079,2,0
9526,5.5115,50.5644,2,0
9527,581.525,219.812,2,0
9528,498.412,224.754,2,0
9529,577.194,108.49,2,0
9530,68.821,218.385,2,0
9531,373.85,113.24,2,0
9532,305.219,118.834,2,0
9533,350.155,119.246,2,0
9534,447.239,202.053,2,0
9535,62.2659,298,2,0
9536,230.753,37.2529,2,0
9537,270.895,86.7987,2,0
9538,543.596,191.352,2,0
9539,527.06,177.748,2,0
9540,378.051,222.947,2,0
9541,59.1473,108.102,2,0
9542,563.318,148.43,2,0
9543,547.118,38.9997,2,0
9544,284.434,23.2849,2,0
9545,316.11,230.363,2,0
9546,470.84,284.791,2,0
9547,257.785,238.766,2,0
9548,537.041,204.342,2,0
9549,131.187,46.1254,2,0
9550,579.95,154.527,2,0
9551,411.695,45.694,2,0
9552,247.371,174.418,2,0
9553,267.473,222.788,2,0
9554,41.9578,130.645,2,0
9555,351.517,205.718,2,0
9556,239.433,298,2,0
9557,557.575,204.692,2,0
9558,343.378,11.161,2,0
9559,267.735,291.113,2,0
9560,485.272,264.076,2,0
9561,181.889,184.91,2,0
9562,519.508,222.951,2,0
9563,585.179,269.217,2,0
9564,227.638,120.021,2,0
9565,37.6626,59.9913,2,0
9566,113.762,15.9936,2,0
9567,412.545,173.961,2,0
9568,543.125,198.499,2,0
9569,494.873,236.685,2,0
9570,207.915,42.6176,2,0
9571,288.071,70.1285,2,0
9572,473.13,281.472,2,0
9573,63.3679,9.57084,2,0
9574,220.696,218.257,2,0
9575,342.392,105.61,2,0
9576,191.176,138.557,2,0
9577,42.6113,23.646,2,0
9578,445.898,112.412,2,0
9579,24.2942,128.835,2,0
9580,310.363,172.965,2,0
9581,380.103,159.869,2,0
9582,114.883,278.662,2,0
9583,70.4924,265.346,2,0
9584,512.412,12.5418,2,0
9585,240.46,159.602,2,0
9586,214.422,55.5275,2,0
9587,224.108,216.1,2,0
9588,93.1587,210.99,2,0
9589,282.958,38.9901,2,0
9590,504.932,93.6369,2,0
9591,281.432,67.9339,2,0
9592,241.578,38.89,2,0
9593,87.0432,296.482,2,0
9594,427.063,89.2946,2,0
9595,312.232,283.832,2,0
9596,12.7916,163.202,2,0
9597,438.046,5.49046,2,0
9598,352.631,248.682,2,0
9599,148.049,135.012,2,0
9600,205.247,287.469,2,0
9601,147.59,282.042,2,0
9602,486.102,162.496,2,0
9603,371.538,291.332,2,0
9604,255.63,174.764,2,0
9605,124.745,285.67,2,0
9606,38.3388,124.703,2,0
9607,21.916,74.8894,2,0
9608,465.524,114.277,2,0
9609,259.15,245.71,2,0
9610,67.4164,251.115,2,0
9611,290.873,31.845,2,0
9612,398.775,172.32,2,0
9613,464.217,168.149,2,0
9614,533.237,270.671,2,0
9615,236.086,53.9902,2,0
9616,113.544,121.614,2,0
9617,157.676,18.6348,2,0
9618,45.5738,234.769,2,0
9619,375.937,105.447,2,0
9620,27.137,109.16,2,0
9621,48.9943,142.878,2,0
9622,215.223,12.5062,2,0
9623,277.145,210.713,2,0
9624,215.205,290.992,2,0
9625,135.323,34.4396,2,0
9626,381.948,194.935,2,0
9627,363.939,70.3632,2,0
9628,239.411,276.753,2,0
9629,178.415,47.1552,2,0
9630,160.242,47.7819,2,0
9631,20.0743,78.4472,2,0
9632,434.82,262.434,2,0
9633,352.071,65.8737,2,0
9634,218.696,135.759,2,0
9635,222.284,80.5127,2,0
9636,403.292,232.331,2,0
9637,548.861,5.46436,2,0
9638,524.808,162.933,2,0
9639,296.698,44.8431,2,0
9640,403.864,189.495,2,0
9641,573.56,281.941,2,0
9642,50.3583,41.4983,2,0
9643,213.686,59.6151,2,0
9644,211.169,183.455,2,0
9645,592.194,257.191,2,0
9646,449.766,272.928,2,0
9647,124.704,200.792,2,0
9648,243.724,185.754,2,0
9649,200.698,197.826,2,0
9650,114.6,111.299,2,0
9651,361.488,184.717,2,0
9652,449.99,258.812,2,0
9653,330.98,159.442,2,0
9654,97.1304,260.428,2,0
9655,60.3622,152.857,2,0
9656,85.2683,69.2308,2,0
9657,198.475,267.361,2,0
9658,103.009,196.938,2,0
9659,5.52019,5.49777,2,0
9660,462.689,210.691,2,0
9661,23.536,88.2049,2,0
9662,592.255,87.4599,2,0
9663,105.223,130.243,2,0
9664,243.165,2,2,0
9665,584.139,83.0542,2,0
9666,504.539,273.512,2,0
9667,512.644,227.403,2,0
9668,184.9,294.632,2,0
9669,228.543,116.038,2,0
9670,315.348,115.063,2,0
9671,9.37737,68.3838,2,0
9672,164.841,90.1054,2,0
9673,536.181,63.9235,2,0
9674,373.808,202.108,2,0
9675,64.8155,290.439,2,0
9676,12.0259,37.8327,2,0
9677,154.004,149.873,2,0
9678,13.1231,167.431,2,0
9679,136.86,218.526,2,0
9680,467.92,221.747,2,0
9681,48.2452,280.394,2,0
9682,317.564,30.4253,2,0
9683,349.84,21.5385,2,0
9684,195.585,188.424,2,0
9685,517.731,58.8975,2,0
9686,306.671,268.614,2,0
9687,31.9852,280.363,2,0
9688,91.9622,120.383,2,0
9689,359.334,89.1607,2,0
9690,76.2109,251.825,2,0
9691,52.2209,112.238,2,0
9692,213.448,24.7437,2,0
9693,173.226,191.61,2,0
9694,105.606,148.541,2,0
9695,456.311,213.77,2,0
9696,185.39,65.2344,2,0
9697,56.7873,209.282,2,0
9698,188.021,144.828,2,0
9699,126.145,16.1977,2,0
9700,389.99,102.219,2,0
9701,20.9649,240.25,2,0
9702,148.206,146.156,2,0
9703,84.8146,174.264,2,0
9704,138.125,83.7755,2,0
9705,265.023,27.289,2,0
9706,121.069,287.373,2,0
9707,259.694,141.486,2,0
9708,26.0164,219.159,2,0
9709,173.832,99.4967,2,0
9710,586.964,144.781,2,0
9711,536.925,119.37,2,0
9712,37.6392,166.4,2,0
9713,31.1108,112.657,2,0
9714,575.16,79.8418,2,0
9715,288.796,158.421,2,0
9716,72.3767,294.01,2,0
9717,86.925,241.953,2,0
9718,450.128,5.48314,2,0
9719,397.526,59.4629,2,0
9720,266.254,205.096,2,0
9721,405.034,290.908,2,0
9722,498.391,254.389,2,0
9723,29.7659,161.127,2,0
9724,360.957,294.63,2,0
9725,361.745,58.4347,2,0
9726,13.7439,283.92,2,0
9727,120.427,239.695,2,0
9728,578.122,98.1737,2,0
9729,279.661,197.475,2,0
9730,428.509,267.568,2,0
9731,481.236,101.039,2,0
9732,499.394,132.679,2,0
9733,146.059,47.5438,2,0
9734,174.478,47.8873,2,0
9735,478.627,89.0802,2,0
9736,530.13,192.176,2,0
9737,431.403,83.7279,2,0
9738,384.151,159.953,2,0
9739,262.444,163.294,2,0
9740,68.2463,187.455,2,0
9741,415.227,5.38903,2,0
9742,11.628,71.8471,2,0
9743,518.085,160.724,2,0
9744,511.65,286.979,2,0
9745,594.343,139.424,2,0
9746,291.006,219.908,2,0
9747,550.722,175.263,2,0
9748,405.334,91.2795,2,0
9749,90.9494,161.12,2,0
9750,226.167,83.7509,2,0
9751,491.424,149.415,2,0
9752,554.962,9.00928,2,0
9753,80.0499,143.957,2,0
9754,285.755,165.811,2,0
9755,16.3545,150.312,2,0
9756,56.582,239.924,2,0
9757,539.382,191.36,2,0
9758,113.212,89.3406,2,0
9759,400.115,217.76,2,0
9760,190.833,282.305,2,0
9761,330.824,166.279,2,0
9762,72.6805,166.472,2,0
9763,215.681,281.814,2,0
9764,242.465,263.193,2,0
9765,207.022,90.3244,2,0
9766,334.753,173.51,2,0
9767,194.675,192.373,2,0
9768,463.809,2,2,0
9769,203.485,92.2261,2,0
9770,367.982,279.691,2,0
9771,270.023,225.941,2,0
9772,536.961,208.475,2,0
9773,281.365,281.808,2,0
9774,363.735,123.205,2,0
9775,216.381,216.563,2,0
9776,336.123,200.468,2,0
9777,205.577,45.9683,2,0
9778,117.801,22.9765,2,0
9779,487.473,114.074,2,0
9780,25.9642,33.507,2,0
9781,246.256,231.304,2,0
9782,163.844,186.023,2,0
9783,402.287,164.054,2,0
9784,222.662,110.467,2,0
9785,207.587,125.619,2,0
9786,333.148,155.839,2,0
9787,376.156,170.731,2,0
9788,293.386,132.256,2,0
9789,535.793,11.1337,2,0
9790,341.697,21.8734,2,0
9791,369.286,241.368,2,0
9792,597.518,5.57308,2,0
9793,388.83,32.975,2,0
9794,570.182,108.249,2,0
9795,157.809,216.746,2,0
9796,259.581,291.175,2,0
9797,145.174,291.004,2,0
9798,297.999,179.783,2,0
9799,473.169,239.157,2,0
9800,174.206,113.632,2,0
9801,397.406,211.251,2,0
9802,526.809,283.746,2,0
9803,42.3036,207.052,2,0
9804,330.623,232.233,2,0
9805,398.633,86.6189,2,0
9806,541.37,194.898,2,0
9807,221.569,173.238,2,0
9808,316.353,75.0706,2,0
9809,255.033,31.3208,2,0
9810,199.645,162.523,2,0
9811,384.425,170.97,2,0
9812,272.811,252.279,2,0
9813,93.4732,291.556,2,0
9814,111.567,276.313,2,0
9815,35.2432,207.771,2,0
9816,523.8,265.408,2,0
9817,485.593,253.174,2,0
9818,29.2755,23.2228,2,0
9819,189.558,169.378,2,0
9820,383.608,2,2,0
9821,571.216,258.274,2,0
9822,11.6197,17.4575,2,0
9823,400.341,49.9251,2,0
9824,106.424,49.1664,2,0
9825,364.843,55.6679,2,0
9826,376.4,181.88,2,0
9827,324.569,101.62,2,0
9828,332.963,151.812,2,0
9829,538.386,264.314,2,0
9830,479.588,112.098,2,0
9831,278.558,64.8994,2,0
9832,78.2843,69.0499,2,0
9833,300.786,38.9757,2,0
9834,400.657,109.25,2,0
9835,267.603,106.082,2,0
9836,290.064,253.442,2,0
9837,516.517,171.672,2,0
9838,548.441,217.429,2,0
9839,364.105,227.861,2,0
9840,56.5821,178.669,2,0
9841,559.671,105.638,2,0
9842,193.051,213.819,2,0
9843,83.3068,162.176,2,0
9844,159.177,212.853,2,0
9845,439.163,126.725,2,0
9846,439.881,16.0713,2,0
9847,237.936,145.042,2,0
9848,500.576,272.962,2,0
9849,208.068,118.21,2,0
9850,443.965,254.87,2,0
9851,175.141,167.306,2,0
9852,435.429,271.797,2,0
9853,259.221,205.626,2,0
9854,511.38,282.924,2,0
9855,271.713,162.636,2,0
9856,355.13,71.2962,2,0
9857,232.757,8.77255,2,0
9858,296.095,266.549,2,0
9859,222.847,95.6532,2,0
9860,58.3999,50.7475,2,0
9861,218.257,81.5284,2,0
9862,27.8543,273.333,2,0
9863,312.874,30.1671,2,0
9864,134.162,99.0159,2,0
9865,263.614,281.323,2,0
9866,547.785,184.367,2,0
9867,431.432,273.188,2,0
9868,221.054,276.957,2,0
9869,243.472,149.285,2,0
9870,499.732,12.2509,2,0
9871,206.682,16.4437,2,0
9872,207.26,5.4118,2,0
9873,447.347,160.228,2,0
9874,577.39,26.6494,2,0
9875,404.008,42.7758,2,0
9876,228.255,263.436,2,0
9877,457.832,103.605,2,0
9878,373.931,163.091,2,0
9879,443.613,280.401,2,0
9880,419.399,287.344,2,0
9881,298.103,252.188,2,0
9882,350.352,105.138,2,0
9883,503.247,157.474,2,0
9884,127.203,89.6658,2,0
9885,305.81,150.955,2,0
9886,213.493,20.6676,2,0
9887,433.113,221.756,2,0
9888,25.476,262.614,2,0
9889,492.223,290.834,2,0
9890,297.826,142.789,2,0
9891,380.669,53.3416,2,0
9892,34.828,130.827,2,0
9893,385.668,220.028,2,0
9894,505.417,24.1948,2,0
9895,161.305,88.1595,2,0
9896,251.441,225.569,2,0
9897,364.331,181.842,2,0
9898,255.7,93.1742,2,0
9899,410.367,26.969,2,0
9900,434.026,65.07,2,0
9901,544.321,122.241,2,0
9902,343.16,199.058,2,0
9903,228.608,57.3452,2,0
9904,378.127,111.874,2,0
9905,595.871,208.589,2,0
9906,291.463,147.923,2,0
9907,353.154,108.032,2,0
9908,410.772,112.976,2,0
9909,416.789,116.446,2,0
9910,123.53,181.153,2,0
9911,174.222,258.668,2,0
9912,137.858,87.8043,2,0
9913,285.612,88.317,2,0
9914,383.283,97.6072,2,0
9915,70.8544,253.241,2,0
9916,228.786,234.14,2,0
9917,554.754,175.144,2,0
9918,560.783,261.404,2,0
9919,390.862,12.5024,2,0
9920,511.256,29.5037,2,0
9921,570.342,216.729,2,0
9922,522.456,111.748,2,0
9923,89.7737,188.796,2,0
9924,346.136,28.7586,2,0
9925,253.673,129.361,2,0
9926,568.887,268.786,2,0
9927,572.852,274.389,2,0
9928,530.229,220.898,2,0
9929,143.354,128.556,2,0
9930,447.853,262.277,2,0
9931,69.8854,230.689,2,0
9932,73.9104,275.497,2,0
9933,287.471,273.019,2,0
9934,196.426,253.435,2,0
9935,116.755,129.025,2,0
9936,262.01,11.0812,2,0
9937,595.321,280.695,2,0
9938,473.85,207.903,2,0
9939,509.253,204.477,2,0
9940,271.632,190.385,2,0
9941,570.82,248.657,2,0
9942,453.119,225.465,2,0
9943,311.142,2,2,0
9944,285.832,186.81,2,0
9945,168.244,20.1388,2,0
9946,478.211,41.9685,2,0
9947,489.668,160.553,2,0
9948,17.1778,60.9623,2,0
9949,484.727,174.519,2,0
9950,521.909,252.431,2,0
9951,279.465,162.231,2,0
9952,162.425,174.804,2,0
9953,102.723,71.4814,2,0
9954,381.758,35.2577,2,0
9955,53.9041,185.14,2,0
9956,162.591,189.875,2,0
9957,235.959,88.5637,2,0
9958,119.211,44.2421,2,0
9959,446.598,168.305,2,0
9960,121.434,283.323,2,0
9961,205.248,107.779,2,0
9962,417.794,230.086,2,0
9963,151.102,216.283,2,0
9964,274.834,76.4279,2,0
9965,510.316,8.95699,2,0
9966,467.851,9.12068,2,0
9967,544.28,147.521,2,0
9968,540.741,298,2,0
9969,564.608,263.112,2,0
9970,194.811,105.153,2,0
9971,321.154,155.536,2,0
9972,330.265,36.5595,2,0
9973,226.818,154.31,2,0
9974,95.971,19.0036,2,0
9975,268.06,74.2486,2,0
9976,550.048,23.1975,2,0
9977,514.453,248.874,2,0
9978,119.821,5.54349,2,0
9979,157.899,7.9543,2,0
9980,397.004,2,2,0
9981,432.264,61.2943,2,0
9982,206.531,203.484,2,0
9983,416.411,172.349,2,0
9984,502.002,125.414,2,0
9985,108.082,106.058,2,0
9986,526.746,185.93,2,0
9987,254.216,164.282,2,0
9988,539.498,49.7768,2,0
9989,182.708,106.336,2,0
9990,222.775,12.718,2,0
9991,215.028,182.262,2,0
9992,175.044,238.363,2,0
9993,306.193,16.8652,2,0
9994,411.266,69.3284,2,0
9995,506.508,255.234,2,0
9996,571.68,87.2635,2,0
9997,189.957,2,2,0
9998,221.344,74.6529,2,0
9999,5.90195,148.277,2,0
10000,82.3206,35.1898,2,0
10001,170.556,251.385,2,0
10002,167.62,115.768,2,0
10003,258.885,155.92,2,0
10004,297.815,200.829,2,0
10005,328.756,287.874,2,0
10006,66.6295,59.7626,2,0
10007,35.6758,41.3709,2,0
10008,197.649,31.9842,2,0
10009,422.659,251.206,2,0
10010,569.37,59.025,2,0
10011,265.024,71.5252,2,0
10012,244.452,205.21,2,0
10013,594.425,40.0717,2,0
10014,591.296,50.5321,2,0
10015,358.074,173.205,2,0
10016,290.639,129.129,2,0
10017,193.226,171.171,2,0
10018,136.368,95.5789,2,0
10019,527.823,231.062,2,0
10020,166.998,100.956,2,0
10021,569.69,128.689,2,0
10022,8.81838,54.2882,2,0
10023,257.419,133.564,2,0
10024,449.374,47.1932,2,0
10025,158.715,132.204,2,0
10026,277.776,294.565,2,0
10027,84.4539,12.6106,2,0
10028,433.419,137.558,2,0
10029,161.248,157.54,2,0
10030,568.871,51.983,2,0
10031,203.96,172.544,2,0
10032,540.25,146.449,2,0
10033,279.421,249.535,2,0
10034,391.565,202.35,2,0
10035,332.96,203.091,2,0
10036,551.59,259.225,2,0
10037,407.186,75.2208,2,0
10038,348.809,12.3771,2,0
10039,438.445,84.6583,2,0
10040,349.564,133.372,2,0
10041,335.079,215.134,2,0
10042,530.28,188.068,2,0
10043,402.373,58.3846,2,0
10044,455.359,97.1554,2,0
10045,215.077,263.38,2,0
10046,201.756,208.674,2,0
10047,374.467,78.4841,2,0
10048,567.889,155.224,2,0
10049,85.1466,209.94,2,0
10050,412.015,60.3548,2,0
10051,90.7642,298,2,0
10052,283.305,229.482,2,0
10053,3.06139,235.761,2,0
10054,397.821,94.741,2,0
10055,480.174,257.697,2,0
10056,322.288,105.018,2,0
10057,53.0614,55.2505,2,0
10058,311.388,211.808,2,0
10059,287.004,261.034,2,0
10060,509.048,124.735,2,0
10061,259.25,234.931,2,0
10062,373.199,153.432,2,0
10063,145.072,159.47,2,0
10064,103.021,180.164,2,0
10065,497.524,110.407,2,0
10066,288.479,154.359,2,0
10067,309.796,103.944,2,0
10068,443.014,51.3392,2,0
10069,381.051,83.1651,2,0
10070,594.193,31.9106,2,0
10071,316.023,197.82,2,0
10072,469.5,115.795,2,0
10073,161.749,17.8518,2,0
10074,81.2322,121.181,2,0
10075,15.976,78.6117,2,0
10076,373.672,86.612,2,0
10077,226.604,124.052,2,0
10078,8.24026,218.969,2,0
10079,425.685,210.888,2,0
10080,52.0235,12.432,2,0
10081,393.337,23.8755,2,0
10082,591.579,128.099,2,0
10083,407.212,19.5363,2,0
10084,558.946,121.784,2,0
10085,569.249,26.702,2,0
10086,442.038,5.55093,2,0
10087,301.674,262.177,2,0
10088,297.957,32.4733,2,0
10089,528.913,39.6734,2,0
10090,291.551,23.8224,2,0
10091,2.17305,227.571,2,0
10092,485.91,197.207,2,0
10093,15.6164,39.7562,2,0
10094,54.2513,290.97,2,0
10095,498.226,80.4967,2,0
10096,149.987,98.0201,2,0
10097,15.7414,222.312,2,0
10098,127.651,256.887,2,0
10099,112.602,222.331,2,0
10100,195.565,152.536,2,0
10101,388.839,2,2,0
10102,181.2,117.349,2,0
10103,459.382,226.928,2,0
10104,169.117,298,2,0
10105,120.955,291.032,2,0
10106,104.878,103.518,2,0
10107,289.433,133.06,2,0
10108,416.155,242.22,2,0
10109,224.57,77.2079,2,0
10110,52.2631,120.399,2,0
10111,222.563,48.3974,2,0
10112,36.7545,189.204,2,0
10113,447.614,190.975,2,0
10114,183.833,120.326,2,0
10115,251.633,84.6454,2,0
10116,356.452,164.724,2,0
10117,142.398,53.4551,2,0
10118,106.548,53.2594,2,0
10119,482.041,294.462,2,0
10120,85.9804,288.38,2,0
10121,425.298,283.764,2,0
10122,459.996,269.697,2,0
10123,163.011,100.051,2,0
10124,285.123,123.188,2,0
10125,254.921,151.414,2,0
10126,185.671,34.534,2,0
10127,466.025,41.2128,2,0
10128,331.76,25.9404,2,0
10129,389.271,277.196,2,0
10130,209.935,114.489,2,0
10131,553.212,35.0596,2,0
10132,196.487,184.528,2,0
10133,416.115,39.5752,2,0
10134,60.3992,19.9194,2,0
10135,454.578,209.949,2,0
10136,64.433,88.8923,2,0
10137,74.7177,116.4,2,0
10138,127.618,77.4772,2,0
10139,219.701,280.829,2,0
10140,394.794,48.8114,2,0
10141,365.127,212.917,2,0
10142,114.81,32.872,2,0
10143,113.133,93.3094,2,0
10144,327.969,238.79,2,0
10145,306.407,165.833,2,0
10146,4.80582,33.7642,2,0
10147,250.986,156.987,2,0
10148,308.048,35.6302,2,0
10149,138.269,71.4546,2,0
10150,388.554,123.373,2,0
10151,422.715,44.3834,2,0
10152,281.735,193.958,2,0
10153,170.804,133.987,2,0
10154,386.222,156.433,2,0
10155,107.07,251.211,2,0
10156,31.4224,145.172,2,0
10157,551.803,270.089,2,0
10158,147.859,28.102,2,0
10159,13.7544,6.04739,2,0
10160,578.384,191.378,2,0
10161,404.419,212.147,2,0
10162,191.615,64.2943,2,0
10163,53.1946,254.774,2,0
10164,545.926,61.337,2,0
10165,164.522,10.0651,2,0
10166,528.667,247.673,2,0
10167,383.396,257.87,2,0
10168,53.5156,246.564,2,0
10169,81.2338,91.3004,2,0
10170,491.061,156.298,2,0
10171,56.7602,43.7078,2,0
10172,355.213,176.141,2,0
10173,45.7666,266.613,2,0
10174,203.153,283.988,2,0
10175,317.26,215.874,2,0
10176,387.148,56.4216,2,0
10177,149.257,156.988,2,0
10178,511.995,136.113,2,0
10179,545.361,126.115,2,0
10180,372.858,252.738,2,0
10181,472.708,187.649,2,0
10182,508.844,216.859,2,0
10183,124.306,37.8223,2,0
10184,90.5007,248.006,2,0
10185,12.99,198.063,2,0
10186,470.351,177.11,2,0
10187,133.076,246,2,0
10188,12.8881,140.264,2,0
10189,471.717,248.442,2,0
10190,405.222,15.8948,2,0
10191,454.752,58.7368,2,0
10192,220.124,139.515,2,0
10193,213.96,165.642,2,0
10194,141.591,184.723,2,0
10195,45.5164,136.824,2,0
10196,336.749,249.638,2,0
10197,205.15,9.01794,2,0
10198,187.058,41.3991,2,0
10199,539.617,53.8528,2,0
10200,380.452,175.004,2,0
10201,236.645,50.0039,2,0
10202,110.169,199.206,2,0
10203,403.409,76.9082,2,0
10204,413.172,8.96591,2,0
10205,42.0358,298,2,0
10206,66.8198,155.699,2,0
10207,495.185,11.8428,2,0
10208,348.186,208.353,2,0
10209,351.012,42.5581,2,0
10210,393.541,186.135,2,0
10211,441.685,72.8035,2,0
10212,439.941,2,2,0
10213,558.409,22.814,2,0
10214,146.205,43.3342,2,0
10215,495.799,101.951,2,0
10216,14.0574,240.81,2,0
10217,202.616,204.669,2,0
10218,153.661,166.307,2,0
10219,67.0385,205.987,2,0
10220,158.516,179.738,2,0
10221,546.261,92.3343,2,0
10222,576.886,76.1825,2,0
10223,452.627,142.357,2,0
10224,471.509,277.771,2,0
10225,135.339,38.5273,2,0
10226,97.5128,240.14,2,0
10227,162.472,250.817,2,0
10228,92.8362,287.37,2,0
10229,289.441,216.212,2,0
10230,226.652,37.8708,2,0
10231,503.489,133.258,2,0
10232,550.222,156.404,2,0
10233,458.075,298,2,0
10234,268.583,229.811,2,0
10235,156.913,198.412,2,0
10236,97.4919,106.683,2,0
10237,287.31,108.628,2,0
10238,551.84,184.495,2,0
10239,525.223,66.579,2,0
10240,543.693,132.921,2,0
10241,10.9219,57.7698,2,0
10242,452.088,69.4819,2,0
10243,557.013,185.434,2,0
10244,381.339,198.986,2,0
10245,92.7104,32.3908,2,0
10246,84.9583,85.4018,2,0
10247,218.787,111.663,2,0
10248,441.996,182.8,2,0
10249,83.3422,298,2,0
10250,314.53,57.5616,2,0
10251,155.768,124.674,2,0
10252,68.5592,292.16,2,0
10253,338.733,102.507,2,0
10254,530.408,263.023,2,0
10255,194.689,18.2127,2,0
10256,346.112,170.365,2,0
10257,581.663,134.979,2,0
10258,109.283,28.5861,2,0
10259,39.9981,186.817,2,0
10260,541.737,165.071,2,0
10261,355.96,67.2104,2,0
10262,394.013,182.064,2,0
10263,579.023,241.426,2,0
10264,61.7695,32.3362,2,0
10265,584.212,78.9966,2,0
10266,482.531,210.94,2,0
10267,309.747,235.385,2,0
10268,424.492,265.587,2,0
10269,154.703,26.0583,2,0
10270,514.188,51.6087,2,0
10271,59.7777,57.4025,2,0
10272,1.48902,12.5234,2,0
10273,180.093,17.7495,2,0
10274,221.959,183.843,2,0
10275,402.931,273.496,2,0
10276,535.994,251.296,2,0
10277,108.781,247.639,2,0
10278,347.985,108.418,2,0
10279,125.37,170.469,2,0
10280,375.982,131.085,2,0
10281,425.007,269.58,2,0
10282,315.865,34.0966,2,0
10283,103.239,41.717,2,0
10284,448.042,194.978,2,0
10285,523.401,132.212,2,0
10286,152.696,231.131,2,0
10287,479.987,9.11914,2,0
10288,451.874,150.556,2,0
10289,82.6578,290.713,2,0
10290,487.16,95.4869,2,0
10291,373.153,28.7069,2,0
10292,261.451,134.798,2,0
10293,596.059,153.273,2,0
10294,307.948,197.605,2,0
10295,355.977,86.72,2,0
10296,477.399,229.167,2,0
10297,141.946,231.5,2,0
10298,254.282,189.226,2,0
10299,233.273,151.59,2,0
10300,528.103,276.959,2,0
10301,94.1063,104.197,2,0
10302,132.933,173.545,2,0
10303,229.278,250.357,2,0
10304,335.056,142.888,2,0
10305,357.8,242.179,2,0
10306,46.8823,74.6695,2,0
10307,362.523,206.509,2,0
10308,88.5582,22.4887,2,0
10309,347.629,71.0667,2,0
10310,237.779,127.186,2,0
10311,594.922,56.5492,2,0
10312,48.0104,5.41835,2,0
10313,440.278,211.905,2,0
10314,386.628,280.403,2,0
10315,34.3917,81.5119,2,0
10316,69.4383,141.358,2,0
10317,402.724,112.823,2,0
10318,563.682,87.8842,2,0
10319,39.1737,254.023,2,0
10320,45.4816,173.86,2,0
10321,77.4864,122.769,2,0
10322,367.007,11.0485,2,0
10323,43.2287,215.05,2,0
10324,305.417,224.478,2,0
10325,56.261,153.293,2,0
10326,109.509,120.734,2,0
10327,92.0115,217.665,2,0
10328,70.5336,9.25483,2,0
10329,319.311,227.772,2,0
10330,182.138,71.5626,2,0
10331,291.984,212.995,2,0
10332,458.617,210.379,2,0
10333,50.2437,284.062,2,0
10334,344.865,67.9229,2,0
10335,138.206,79.6108,2,0
10336,549.28,273.246,2,0
10337,516.072,136.653,2,0
10338,158.307,110.355,2,0
10339,130.391,100.393,2,0
10340,554.871,164.09,2,0
10341,568.011,199.707,2,0
10342,455.361,83.7863,2,0
10343,160.969,80.0258,2,0
10344,58.2677,15.3761,2,0
10345,288.362,54.9913,2,0
10346,516.12,225.084,2,0
10347,459.864,221.057,2,0
10348,430.35,91.6896,2,0
10349,103.696,134.038,2,0
10350,499.711,262.156,2,0
10351,288.325,80.7588,2,0
10352,151.783,291.688,2,0
10353,363.439,83.4524,2,0
10354,454.412,244.85,2,0
10355,543.113,31.4006,2,0
10356,543.803,268.829,2,0
10357,102.82,294.428,2,0
10358,293.903,186.842,2,0
10359,331.66,116.603,2,0
10360,157.344,194.326,2,0
10361,215.944,212.402,2,0
10362,280.434,273.733,2,0
10363,179.131,32.3029,2,0
10364,164.333,254.501,2,0
10365,471.971,109.286,2,0
10366,494.689,67.8311,2,0
10367,8.45298,39.8725,2,0
10368,273.201,270.373,2,0
10369,8.54141,101.755,2,0
10370,576.754,116.673,2,0
10371,472.586,215.14,2,0
10372,328.035,109.001,2,0
10373,344.311,137.615,2,0
10374,103.746,111.672,2,0
10375,485.845,106.205,2,0
10376,577.822,132.968,2,0
10377,346.407,262.047,2,0
10378,29.4991,31.5073,2,0
10379,178.968,228.499,2,0
10380,257.839,178.206,2,0
10381,536.021,98.9214,2,0
10382,273.806,224.559,2,0
10383,276.203,72.648,2,0
10384,27.931,13.9592,2,0
10385,250.219,164.034,2,0
10386,512.315,118.518,2,0
10387,404.211,152.639,2,0
10388,281.247,245.713,2,0
10389,267.369,176.613,2,0
10390,581.409,19.7055,2,0
10391,300.02,169.318,2,0
10392,587.675,48.4483,2,0
10393,50.7101,218.096,2,0
10394,27.786,9.67749,2,0
10395,505.16,203.929,2,0
10396,273.697,193.996,2,0
10397,109.987,55.2409,2,0
10398,198.055,246.444,2,0
10399,485.215,282.943,2,0
10400,106.494,57.2208,2,0
10401,104.195,256.514,2,0
10402,31.8324,51.2823,2,0
10403,8.54149,47.8741,2,0
10404,73.7071,83.3761,2,0
10405,101.113,137.162,2,0
10406,83.5834,235.54,2,0
10407,317.473,5.53428,2,0
10408,414.522,215.51,2,0
10409,313.679,111.463,2,0
10410,138.826,51.3496,2,0
10411,513.449,267.34,2,0
10412,428.201,166.343,2,0
10413,117.679,151.89,2,0
10414,277.434,154.237,2,0
10415,310.25,294.49,2,0
10416,188.254,62.0146,2,0
10417,418.775,226.089,2,0
10418,87.7597,125.998,2,0
10419,355.54,9.13052,2,0
10420,144.777,211.226,2,0
10421,540.466,116.977,2,0
10422,483.777,182.745,2,0
10423,53.3467,250.581,2,0
10424,436.34,256.496,2,0
10425,239.404,175.546,2,0
10426,583.935,250.827,2,0
10427,371.057,12.0609,2,0
10428,561.803,269.467,2,0
10429,251.579,298,2,0
10430,333.525,95.3901,2,0
10431,373.911,47.456,2,0
10432,191.204,40.5757,2,0
10433,32.1789,258.189,2,0
10434,184.97,268.789,2,0
10435,167.289,51.8454,2,0
10436,147.534,109.903,2,0
10437,312.341,169.435,2,0
10438,237.648,37.5007,2,0
10439,262.716,15.331,2,0
10440,39.0851,258.31,2,0
10441,598.138,83.932,2,0
10442,117.124,254.02,2,0
10443,55.3376,94.0104,2,0
10444,314.131,136.232,2,0
10445,498.818,269.139,2,0
10446,475.548,193.985,2,0
10447,106.121,199.775,2,0
10448,195.378,112.088,2,0
10449,77.5107,261.461,2,0
10450,95.5707,79.4873,2,0
10451,240.385,98.2832,2,0
10452,211.908,43.025,2,0
10453,589.916,150.477,2,0
10454,97.0672,276.692,2,0
10455,518.327,45.7992,2,0
10456,407.555,71.0588,2,0
10457,588.004,65.0093,2,0
10458,198.904,5.6603,2,0
10459,536.055,102.936,2,0
10460,388.958,17.3955,2,0
10461,290.953,83.7825,2,0
10462,211.592,271.804,2,0
10463,199.506,187.186,2,0
10464,303.866,197.392,2,0
10465,171.341,41.7687,2,0
10466,340.258,130.091,2,0
10467,243.658,118.584,2,0
10468,336.588,39.8054,2,0
10469,167.461,43.7668,2,0
10470,514.852,19.3708,2,0
10471,16.9052,139.527,2,0
10472,445.791,276.966,2,0
10473,321.878,128.692,2,0
10474,496.867,105.877,2,0
10475,358.082,253.134,2,0
10476,496.194,46.771,2,0
10477,529.73,115.646,2,0
10478,558.385,129.876,2,0
10479,202.973,27.5724,2,0
10480,66.8701,271.503,2,0
10481,598.784,230.1,2,0
10482,156.023,206.541,2,0
10483,73.1397,197.056,2,0
10484,382.89,186.76,2,0
10485,111.713,12.4842,2,0
10486,118.333,236.196,2,0
10487,19.8136,287.376,2,0
10488,37.2179,45.2727,2,0
10489,31.4567,136.962,2,0
10490,179.766,259.317,2,0
10491,61.5874,218.964,2,0
10492,164.678,85.958,2,0
10493,553.221,42.5622,2,0
10494,590.463,260.966,2,0
10495,35.5048,260.313,2,0
10496,548.764,137.788,2,0
10497,116.082,232.776,2,0
10498,407.435,187.9,2,0
10499,540.695,210.375,2,0
10500,238.202,280.496,2,0
10501,254.859,77.1966,2,0
10502,465.229,23.4131,2,0
10503,538.995,88.5771,2,0
10504,84.3268,230.533,2,0
10505,196.397,261.341,2,0
10506,392.179,249.072,2,0
10507,303.476,247.714,2,0
10508,189.376,12.0886,2,0
10509,514.032,161.047,2,0
10510,290.909,232.214,2,0
10511,457.571,18.6608,2,0
10512,437.88,215.232,2,0
10513,346.233,196.254,2,0
10514,21.4228,209.422,2,0
10515,573.997,102.389,2,0
10516,516.347,175.64,2,0
10517,273.355,69.5459,2,0
10518,86.139,217.917,2,0
10519,380.604,298,2,0
10520,384.988,150.704,2,0
10521,168.892,272.889,2,0
10522,148.466,20.761,2,0
10523,71.952,289.927,2,0
10524,268.764,2,2,0
10525,490.905,120.919,2,0
10526,313.259,5.53715,2,0
10527,422.256,48.4282,2,0
10528,161.584,139.745,2,0
10529,305.937,194.038,2,0
10530,257.999,6.02606,2,0
10531,206.737,31.8598,2,0
10532,392.926,52.4853,2,0
10533,120.64,206.634,2,0
10534,197.976,134.015,2,0
10535,85.0312,81.3373,2,0
10536,401.706,205.682,2,0
10537,21.9807,256.814,2,0
10538,460.965,207.06,2,0
10539,60.5055,246.756,2,0
10540,205.889,149.777,2,0
10541,24.3614,124.878,2,0
10542,492.782,135.397,2,0
10543,91.083,178.783,2,0
10544,131.562,59.247,2,0
10545,95.7143,22.2191,2,0
10546,107.013,280.539,2,0
10547,189.641,116.364,2,0
10548,395.722,42.7957,2,0
10549,381.08,42.4871,2,0
10550,325.362,87.6242,2,0
10551,409.692,198.447,2,0
10552,220.242,38.0064,2,0
10553,113.609,205.846,2,0
10554,409.106,283.926,2,0
10555,402.092,174.87,2,0
10556,152.283,104.664,2,0
10557,86.7642,254.135,2,0
10558,343.883,203.083,2,0
10559,169.241,192.312,2,0
10560,29.8921,269.699,2,0
10561,234.368,281.304,2,0
10562,524.163,232.868,2,0
10563,195.224,148.439,2,0
10564,521.357,87.3681,2,0
10565,365.432,272.166,2,0
10566,120.841,228.519,2,0
10567,56.6238,269.575,2,0
10568,196.384,35.9602,2,0
10569,391.344,70.151,2,0
10570,421.31,25.8627,2,0
10571,143.051,192.666,2,0
10572,590.939,199.142,2,0
10573,306.665,12.7794,2,0
10574,515.97,55.3133,2,0
10575,262.907,198.744,2,0
10576,8.82118,140.822,2,0
10577,462.878,180.286,2,0
10578,111.987,104.56,2,0
10579,154.965,214.558,2,0
10580,340.963,170.082,2,0
10581,58.3121,2,2,0
10582,579.188,2,2,0
10583,208.88,106.053,2,0
10584,229.441,2,2,0
10585,550.484,110.399,2,0
10586,29.6774,17.8957,2,0
10587,125.929,23.2503,2,0
10588,176.476,39.9697,2,0
10589,259.733,279.723,2,0
10590,24.2166,7.80233,2,0
10591,382.603,121.649,2,0
10592,181.523,24.5655,2,0
10593,131.273,71.3239,2,0
10594,465.156,207.481,2,0
10595,476.396,38.3082,2,0
10596,456.788,223.8,2,0
10597,18.7462,21.4881,2,0
10598,302.18,165.887,2,0
10599,489.334,128.11,2,0
10600,481.461,24.5601,2,0
10601,21.6088,252.675,2,0
10602,186.226,46.2914,2,0
10603,405.411,204.046,2,0
10604,291.441,108.245,2,0
10605,402.922,294.489,2,0
10606,182.727,291.243,2,0
10607,444.65,189.287,2,0
10608,584.245,124.758,2,0
10609,580.262,36.4699,2,0
10610,176.335,29.1859,2,0
10611,211.396,237.29,2,0
10612,421.399,110.956,2,0
10613,507.001,86.8727,2,0
10614,37.6003,197.304,2,0
10615,239.606,243.77,2,0
10616,302.942,81.4997,2,0
10617,506.237,2,2,0
10618,493.433,153.032,2,0
10619,335.037,282.872,2,0
10620,589.885,203.032,2,0
10621,156.534,247.144,2,0
10622,196.721,199.121,2,0
10623,288.101,136.913,2,0
10624,17.24,203.81,2,0
10625,391.77,171.445,2,0
10626,435.161,112.935,2,0
10627,8.43594,31.76,2,0
10628,77.0886,126.86,2,0
10629,419.947,180.61,2,0
10630,305.698,104,2,0
10631,411.264,186.27,2,0
10632,385.469,15.4159,2,0
10633,243.682,131.435,2,0
10634,146.933,244.87,2,0
10635,423.125,204.408,2,0
10636,560.222,248.054,2,0
10637,422.98,94.8958,2,0
10638,215.938,43.6384,2,0
10639,7.25401,245.483,2,0
10640,135.248,249.489,2,0
10641,415.155,280.286,2,0
10642,107.137,42.3311,2,0
10643,321.964,55.0038,2,0
10644,369.684,287.602,2,0
10645,56.7287,252.822,2,0
10646,417.288,265.192,2,0
10647,236.418,118.377,2,0
10648,19.9991,227.994,2,0
10649,461.932,241.653,2,0
10650,549.661,188.049,2,0
10651,73.4426,201.128,2,0
10652,313.169,118.548,2,0
10653,275.648,117.952,2,0
10654,379.721,210.918,2,0
10655,311.745,204.775,2,0
10656,332.191,32.9741,2,0
10657,486.268,193.011,2,0
10658,120.948,246.685,2,0
10659,277.419,245.84,2,0
10660,502.721,68.4495,2,0
10661,428.484,190.94,2,0
10662,247.611,197.661,2,0
10663,259.035,271.667,2,0
10664,477.82,220.901,2,0
10665,460.239,255.549,2,0
10666,217.197,130.917,2,0
10667,277.281,124.883,2,0
10668,27.5837,5.60496,2,0
10669,323.901,2,2,0
10670,257.613,263.737,2,0
10671,426.499,42.7252,2,0
10672,266.385,81.4786,2,0
10673,252.556,272.941,2,0
10674,145.628,274.124,2,0
10675,76.4399,167.899,2,0
10676,197.334,180.594,2,0
10677,501.03,136.432,2,0
10678,342.756,285.577,2,0
10679,88.0905,199.112,2,0
10680,544.749,202.174,2,0
10681,389.168,106.934,2,0
10682,516.03,220.934,2,0
10683,75.8149,190.616,2,0
10684,209.492,20.4122,2,0
10685,590.982,222.869,2,0
10686,532.607,160.954,2,0
10687,252.441,65.2895,2,0
10688,572.293,266.377,2,0
10689,267.648,287.082,2,0
10690,385.582,108.753,2,0
10691,87.538,136.276,2,0
10692,133.393,106.955,2,0
10693,497.862,245.066,2,0
10694,524.617,5.48392,2,0
10695,105.103,276.851,2,0
10696,389.032,75.5554,2,0
10697,573.989,65.9429,2,0
10698,189.578,227.089,2,0
10699,532.479,53.8209,2,0
10700,171.55,73.715,2,0
10701,583.17,179.078,2,0
10702,97.3788,211.775,2,0
10703,136.672,175.067,2,0
10704,326.818,98.2964,2,0
10705,319.85,231.789,2,0
10706,31.5367,206.169,2,0
10707,243.418,283.964,2,0
10708,52.0837,69.8727,2,0
10709,354.184,197.698,2,0
10710,382.205,111.093,2,0
10711,531.13,140.318,2,0
10712,441.884,215.61,2,0
10713,367.131,34.2937,2,0
10714,221.239,294.485,2,0
10715,154.411,218.758,2,0
10716,156.733,41.6236,2,0
10717,98.3379,236.761,2,0
10718,161.971,281.353,2,0
10719,593.388,5.55535,2,0
10720,249.489,287.554,2,0
10721,129.998,267.73,2,0
10722,348.116,276.253,2,0
10723,163.795,41.6083,2,0
10724,413.336,23.959,2,0
10725,580.461,114.727,2,0
10726,525.657,151.985,2,0
10727,565.104,5.43206,2,0
10728,34.8867,172.904,2,0
10729,313.903,263.615,2,0
10730,301.175,96.8765,2,0
10731,205.59,145.851,2,0
10732,445.717,19.8227,2,0
10733,319.04,250.508,2,0
10734,502.164,81.749,2,0
10735,166.552,189.132,2,0
10736,377.071,89.0401,2,0
10737,539.319,9.19913,2,0
10738,364.297,133.892,2,0
10739,1.26946,31.8569,2,0
10740,507.877,90.8718,2,0
10741,470.729,224.845,2,0
10742,336.321,138.959,2,0
10743,475.767,159.197,2,0
10744,72.6013,193.05,2,0
10745,17.7501,276.851,2,0
10746,345.071,279.1,2,0
10747,196.039,119.242,2,0
10748,532.432,37.5687,2,0
10749,247.642,149.645,2,0
10750,17.3685,238.481,2,0
10751,334.359,211.069,2,0
10752,110.623,142.281,2,0
10753,535.988,47.7724,2,0
10754,280.767,150.448,2,0
10755,497.738,184.529,2,0
10756,203.118,290.949,2,0
10757,433.011,258.861,2,0
10758,347.156,140.98,2,0
10759,168.746,247.71,2,0
10760,31.1418,171.327,2,0
10761,334.316,278.869,2,0
10762,535.361,86.8025,2,0
10763,400.674,101.026,2,0
10764,425.503,298,2,0
10765,367.053,223.931,2,0
10766,349.003,258.767,2,0
10767,443.308,166.011,2,0
10768,270.787,133.527,2,0
10769,172.614,295.336,2,0
10770,83.2654,294.846,2,0
10771,470.721,173.021,2,0
10772,78.5949,33.2653,2,0
10773,598.977,211.51,2,0
10774,270.805,5.48414,2,0
10775,419.977,37.9562,2,0
10776,427.448,287.364,2,0
10777,286.375,283.199,2,0
10778,503.834,280.463,2,0
10779,419.107,273.072,2,0
10780,544.207,43.5355,2,0
10781,112.694,157.038,2,0
10782,340.949,53.864,2,0
10783,532.281,62.5431,2,0
10784,146.179,142.548,2,0
10785,462.829,97.1135,2,0
10786,525.894,158.928,2,0
10787,528.872,99.3869,2,0
10788,37.2226,193.271,2,0
10789,323.601,278.562,2,0
10790,391.95,81.9807,2,0
10791,66.0036,245.5,2,0
10792,417.042,276.703,2,0
10793,9.65179,291.105,2,0
10794,287.761,176.274,2,0
10795,523.419,179.798,2,0
10796,474.184,222.873,2,0
10797,142.418,200.784,2,0
10798,297.576,262.754,2,0
10799,59.863,237.479,2,0
10800,438.46,58.1559,2,0
10801,358.036,211.818,2,0
10802,20.7443,142.99,2,0
10803,49.6778,240.587,2,0
10804,441.668,117.84,2,0
10805,141.452,2,2,0
10806,462.248,128.439,2,0
10807,32.17,78.0615,2,0
10808,178.817,81.784,2,0
10809,131.454,63.2473,2,0
10810,518.442,294.515,2,0
10811,219.791,107.655,2,0
10812,69.8068,110.221,2,0
10813,21.0141,134.921,2,0
10814,99.9285,19.8653,2,0
10815,567.589,62.6817,2,0
10816,436.955,123.311,2,0
10817,386.282,254.94,2,0
10818,534.016,129.665,2,0
10819,4.22685,123.597,2,0
10820,411.789,209.033,2,0
10821,128.016,288.001,2,0
10822,248.576,160.223,2,0
10823,331.255,64.1105,2,0
10824,29.6655,220.799,2,0
10825,274.858,88.4559,2,0
10826,118.476,192.249,2,0
10827,477.722,225.087,2,0
10828,62.5276,60.5673,2,0
10829,544.808,5.56376,2,0
10830,564.421,203.479,2,0
10831,8.38056,27.574,2,0
10832,290.798,73.1334,2,0
10833,580.843,126.804,2,0
10834,286.933,140.824,2,0
10835,382.765,12.3606,2,0
10836,37.5078,228.211,2,0
10837,273.397,204.866,2,0
10838,216.101,193.068,2,0
10839,532.5,41.7678,2,0
10840,395.215,169.249,2,0
10841,160.278,254.188,2,0
10842,597.482,277.185,2,0
10843,559.124,117.79,2,0
10844,457.634,199.641,2,0
10845,161.273,129.074,2,0
10846,453.936,14.2377,2,0
10847,67.0967,259.165,2,0
10848,323.41,255.913,2,0
10849,224.123,62.8562,2,0
10850,336.674,177.092,2,0
10851,591.42,9.01344,2,0
10852,526.277,117.754,2,0
10853,337.81,145.912,2,0
10854,192.096,154.869,2,0
10855,462.86,229.38,2,0
10856,259.533,82.5451,2,0
10857,529.284,269.986,2,0
10858,453.939,265.986,2,0
10859,383.995,60.5162,2,0
10860,147.661,263.577,2,0
10861,509.219,128.742,2,0
10862,384.058,19.2106,2,0
10863,209.255,191.477,2,0
10864,169.263,181.453,2,0
10865,325.386,83.6071,2,0
10866,471.623,164.89,2,0
10867,589.581,19.787,2,0
10868,19.031,189.3,2,0
10869,449.807,290.981,2,0
10870,449.369,174.797,2,0
10871,183.306,113.389,2,0
10872,458.462,155.227,2,0
10873,594.539,260.4,2,0
10874,237.509,69.9698,2,0
10875,415.334,12.4946,2,0
10876,14.7913,125.714,2,0
10877,232.465,55.7942,2,0
10878,365.312,104.376,2,0
10879,545.879,83.8529,2,0
10880,380.87,65.049,2,0
10881,165.413,275.182,2,0
10882,494.104,275.834,2,0
10883,195.343,249.56,2,0
10884,542.207,238.556,2,0
10885,226.682,14.1024,2,0
10886,358.632,128.084,2,0
10887,151.278,271.186,2,0
10888,14.3109,244.801,2,0
10889,244.172,256.401,2,0
10890,373.874,287.879,2,0
10891,400.65,31.637,2,0
10892,262.765,49.434,2,0
10893,33.9493,269.777,2,0
10894,124.112,5.47919,2,0
10895,293.516,111.777,2,0
10896,238.933,227.577,2,0
10897,120.193,93.5428,2,0
10898,418.102,108.604,2,0
10899,308.192,298,2,0
10900,405.612,55.872,2,0
10901,374.802,178.101,2,0
10902,296.874,206.851,2,0
10903,56.6166,90.515,2,0
10904,331.542,262.817,2,0
10905,240.87,182.769,2,0
10906,2.86002,170.643,2,0
10907,518.288,41.7822,2,0
10908,23.5911,84.1132,2,0
10909,433.881,5.55083,2,0
10910,45.3476,149.112,2,0
10911,152.331,84.8853,2,0
10912,303.237,10.4733,2,0
10913,181.926,252.625,2,0
10914,11.7391,21.6568,2,0
10915,106.457,27.5271,2,0
10916,458.402,251.898,2,0
10917,492.211,142.449,2,0
10918,115.813,5.47905,2,0
10919,4.80707,141.357,2,0
10920,203.579,88.1642,2,0
10921,57.2564,213.424,2,0
10922,556.756,259.898,2,0
10923,466.71,230.657,2,0
10924,73.4187,128.467,2,0
10925,25.8063,283.927,2,0
10926,261.002,71.9914,2,0
10927,287.488,250.371,2,0
10928,562.149,166.175,2,0
10929,137.92,210.457,2,0
10930,581.173,12.528,2,0
10931,260.453,249.535,2,0
10932,52.9031,238.113,2,0
10933,552.574,171.683,2,0
10934,224.876,186.779,2,0
10935,532.306,13.3523,2,0
10936,519.717,126.313,2,0
10937,106.187,73.4879,2,0
10938,267.103,97.4525,2,0
10939,559.9,287.606,2,0
10940,242.408,189.677,2,0
10941,273.253,125.699,2,0
10942,588.052,60.9419,2,0
10943,21.4289,248.476,2,0
10944,192.407,126.698,2,0
10945,73.4522,228.679,2,0
10946,142.675,45.2556,2,0
10947,118.445,171.552,2,0
10948,219.162,262.536,2,0
10949,320.004,63.5656,2,0
10950,271.611,183.407,2,0
10951,400.045,69.8373,2,0
10952,307.766,39.8204,2,0
10953,10.1866,119.546,2,0
10954,587.164,32.0854,2,0
10955,545.739,228.112,2,0
10956,192.973,167.041,2,0
10957,417.78,136.695,2,0
10958,557.377,84.9849,2,0
10959,313.973,82.7873,2,0
10960,586.501,273.33,2,0
10961,176.909,248.28,2,0
10962,331.593,60.0047,2,0
10963,303.826,276.837,2,0
10964,458.361,277.074,2,0
10965,468.126,298,2,0
10966,23.7246,92.2514,2,0
10967,241.811,178.815,2,0
10968,541.242,272.044,2,0
10969,446.552,76.8502,2,0
10970,239.396,235.682,2,0
10971,239.971,116.253,2,0
10972,145.603,76.1058,2,0
10973,64.0445,35.6095,2,0
10974,234.909,210.193,2,0
10975,509.369,132.887,2,0
10976,419.476,41.988,2,0
10977,404.811,95.2884,2,0
10978,174.015,67.7709,2,0
10979,329.798,205.786,2,0
10980,171.006,101.974,2,0
10981,436.295,104.821,2,0
10982,77.0595,158.338,2,0
10983,564.26,94.9632,2,0
10984,415.922,176.443,2,0
10985,371.149,195.51,2,0
10986,190.393,243.803,2,0
10987,190.65,18.9418,2,0
10988,21.7818,269.803,2,0
10989,190.057,50.5087,2,0
10990,290.476,35.9491,2,0
10991,486.85,110.12,2,0
10992,102.245,237.825,2,0
10993,67.3163,179.354,2,0
10994,316.133,190.685,2,0
10995,407.222,12.4964,2,0
10996,583.648,147.232,2,0
10997,377.091,152.398,2,0
10998,399.605,233.895,2,0
10999,187.956,205.371,2,0
11000,370.981,298,2,0
11001,479.75,20.7479,2,0
11002,242.07,79.7663,2,0
11003,403.126,19.5196,2,0
11004,196.697,168.901,2,0
11005,257.848,74.6545,2,0
11006,40.4319,190.793,2,0
11007,523.583,62.8301,2,0
11008,453.897,283.978,2,0
11009,363.165,149.415,2,0
11010,301.79,200.931,2,0
11011,168.213,8.47973,2,0
11012,132.065,120.22,2,0
11013,63.6474,257.026,2,0
11014,307.727,107.526,2,0
11015,369.541,207.594,2,0
11016,457.971,187.796,2,0
11017,447.639,100.188,2,0
11018,291.64,277.306,2,0
11019,133.697,238.511,2,0
11020,380.031,61.0709,2,0
11021,171.701,77.8766,2,0
11022,256.441,259.761,2,0
11023,277.418,68.6397,2,0
11024,149.809,149.831,2,0
11025,323.062,229.272,2,0
11026,184.355,27.5961,2,0
11027,277.006,206.726,2,0
11028,137.727,260.212,2,0
11029,276.34,268.06,2,0
11030,491.432,220.679,2,0
11031,349.456,155.004,2,0
11032,480.812,231.398,2,0
11033,414.572,188.827,2,0
11034,25.6202,67.6437,2,0
11035,46.2427,254.391,2,0
11036,589.413,182.246,2,0
11037,473.542,234.974,2,0
11038,77.0445,226.637,2,0
11039,594.693,48.3464,2,0
11040,101.543,158.836,2,0
11041,420.808,29.9111,2,0
11042,273.564,213.062,2,0
11043,479.605,157.503,2,0
11044,29.3259,60.4661,2,0
11045,431.539,15.6782,2,0
11046,34.8258,122.692,2,0
11047,295.251,149.628,2,0
11048,441.141,235.48,2,0
11049,417.474,298,2,0
11050,117.76,284.989,2,0
11051,59.6112,46.8508,2,0
11052,435.374,169.93,2,0
11053,496.14,87.2469,2,0
11054,370.539,79.9209,2,0
11055,157.335,128.42,2,0
11056,397.296,184.582,2,0
11057,128.053,12.6303,2,0
11058,505.503,193.627,2,0
11059,314.365,221.352,2,0
11060,244.22,50.3476,2,0
11061,250.117,241.28,2,0
11062,84.7195,205.85,2,0
11063,371.006,179.818,2,0
11064,217.901,250.809,2,0
11065,498.834,68.0204,2,0
11066,390.339,119.784,2,0
11067,390.712,49.0522,2,0
11068,281.492,52.3669,2,0
11069,97.3517,248.255,2,0
11070,437.693,188.498,2,0
11071,233.185,286.238,2,0
11072,332.898,169.901,2,0
11073,546.834,2,2,0
11074,523.2,224.847,2,0
11075,69.3179,2,2,0
11076,279.751,265.648,2,0
11077,153.161,80.927,2,0
11078,395.811,196.654,2,0
11079,118.593,147.884,2,0
11080,332.004,85.4881,2,0
11081,160.483,217.76,2,0
11082,56.3607,280.482,2,0
11083,519.658,138.468,2,0
11084,478.064,275.007,2,0
11085,4.86588,221.3,2,0
11086,552.902,5.54891,2,0
11087,445.372,47.8175,2,0
11088,538.157,228.558,2,0
11089,314.836,159.076,2,0
11090,332.507,39.9516,2,0
11091,193.508,22.126,2,0
11092,539.521,157.159,2,0
11093,6.91121,259.404,2,0
11094,492.917,64.0982,2,0
11095,211.074,68.0668,2,0
11096,552.96,222.915,2,0
11097,491.915,17.7446,2,0
11098,197.221,176.995,2,0
11099,382.308,190.876,2,0
11100,192.655,94.3152,2,0
11101,116.41,216.638,2,0
11102,145.108,156.411,2,0
11103,145.768,80.2006,2,0
11104,285.715,179.779,2,0
11105,37.9896,108.363,2,0
11106,444.015,157.884,2,0
11107,501.986,50.6624,2,0
11108,42.2294,73.5227,2,0
11109,19.8878,86.5556,2,0
11110,530.472,179.939,2,0
11111,325.883,29.6744,2,0
11112,143.725,111.185,2,0
11113,218.438,236.744,2,0
11114,523.262,187.938,2,0
11115,194.263,217.78,2,0
11116,431.084,197.445,2,0
11117,309.154,23.2025,2,0
11118,316.317,176.538,2,0
11119,177.521,65.8177,2,0
11120,0.491509,215.24,2,0
11121,546.749,276.403,2,0
11122,564.165,134.36,2,0
11123,471.599,76.6718,2,0
11124,589.752,253.847,2,0
11125,300.615,255.311,2,0
11126,350.407,169.227,2,0
11127,372.02,269.787,2,0
11128,369.886,114.247,2,0
11129,154.732,142.596,2,0
11130,444.876,55.0968,2,0
11131,518.416,17.3449,2,0
11132,15.6628,273.378,2,0
11133,584.099,108.62,2,0
11134,416.238,90.049,2,0
11135,63.5129,261.211,2,0
11136,21.4082,261.734,2,0
11137,456.665,29.8432,2,0
11138,214.104,186.235,2,0
11139,466.108,291.414,2,0
11140,457.989,290.937,2,0
11141,142.187,61.6428,2,0
11142,139.7,279.778,2,0
11143,271.517,145.032,2,0
11144,532.364,17.4687,2,0
11145,266.096,271.005,2,0
11146,572.845,76.4486,2,0
11147,314.102,194.136,2,0
11148,593.29,290.983,2,0
11149,340.983,124.955,2,0
11150,476.351,256.132,2,0
11151,48.8733,130.666,2,0
11152,559.183,181.966,2,0
11153,430.788,87.7109,2,0
11154,179.281,113.747,2,0
11155,166.645,178.342,2,0
11156,340.86,228.492,2,0
11157,80.6404,200.231,2,0
11158,427.769,115.946,2,0
11159,231.331,78.7735,2,0
11160,438.443,115.332,2,0
11161,482.287,42.1851,2,0
11162,303.567,107.559,2,0
11163,526.734,125.877,2,0
11164,255.535,196.312,2,0
11165,236.242,262.662,2,0
11166,11.09,251.213,2,0
11167,220.861,222.266,2,0
11168,1.80695,149,2,0
11169,151.503,279.403,2,0
11170,204.699,241.866,2,0
11171,105.695,94.619,2,0
11172,260.596,287.501,2,0
11173,20.4072,94.6923,2,0
11174,413.76,267.354,2,0
11175,48.6916,114.332,2,0
11176,402.866,80.8872,2,0
11177,4.51039,217.146,2,0
11178,271.165,232.933,2,0
11179,591.561,58.7954,2,0
11180,492.1,46.4886,2,0
11181,360.553,21.2928,2,0
11182,499.216,157.126,2,0
11183,594.751,164.189,2,0
11184,352.033,209.934,2,0
11185,210.939,172.044,2,0
11186,186.779,58.2278,2,0
11187,384.884,53.0433,2,0
11188,100.515,44.7643,2,0
11189,442.924,174.75,2,0
11190,122.123,220.46,2,0
11191,472.681,62.7106,2,0
11192,486.292,138.401,2,0
11193,471.391,204.591,2,0
11194,89.2646,34.5627,2,0
11195,532.342,97.0603,2,0
11196,570,112.247,2,0
11197,466.688,126.305,2,0
11198,161.849,221.615,2,0
11199,301.608,234.194,2,0
11200,97.5045,190.937,2,0
11201,105.628,9.02986,2,0
11202,468.689,93.096,2,0
11203,377.208,127.079,2,0
11204,183.204,279.614,2,0
11205,149.697,45.5353,2,0
11206,118.225,113.865,2,0
11207,209.211,8.9433,2,0
11208,570.832,233.94,2,0
11209,401.026,182.887,2,0
11210,151.431,89.9517,2,0
11211,148.509,290.029,2,0
11212,357.972,12.8455,2,0
11213,512.663,164.905,2,0
11214,381.792,75.101,2,0
11215,595.387,129.878,2,0
11216,294.717,61.4969,2,0
11217,375.385,145.713,2,0
11218,424.087,234.961,2,0
11219,380.04,271.664,2,0
11220,453.9,277.137,2,0
11221,34.0105,298,2,0
11222,90.2632,252.137,2,0
11223,221.761,234.558,2,0
11224,579.524,227.629,2,0
11225,408.741,245.328,2,0
11226,551.034,82.2572,2,0
11227,249.23,261.247,2,0
11228,536.217,145.396,2,0
11229,161.279,239.765,2,0
11230,81.755,140.337,2,0
11231,299.964,190.394,2,0
11232,415.474,223.495,2,0
11233,111.884,135.446,2,0
11234,51.8384,59.1514,2,0
11235,553.52,100.292,2,0
11236,236.869,183.785,2,0
11237,217.945,185.079,2,0
11238,414.471,258.397,2,0
11239,356.949,287.723,2,0
11240,29.3431,27.2274,2,0
11241,42.4282,39.1842,2,0
11242,37.9926,104.351,2,0
11243,284.456,257.926,2,0
11244,385.601,193.289,2,0
11245,59.4021,128.402,2,0
11246,366.823,201.113,2,0
11247,96.2873,34.2781,2,0
11248,27.9026,118.727,2,0
11249,109.584,83.8126,2,0
11250,386.708,49.4388,2,0
11251,153.863,96.6369,2,0
11252,452.691,177.202,2,0
11253,355.382,227.842,2,0
11254,441.606,87.1444,2,0
11255,48.9538,232.486,2,0
11256,545.372,220.134,2,0
11257,105.763,224.099,2,0
11258,78.0058,180.05,2,0
11259,156.821,169.082,2,0
11260,392.597,220.917,2,0
11261,8.36688,35.7858,2,0
11262,401.535,178.969,2,0
11263,46.1811,283.955,2,0
11264,269.011,219.001,2,0
11265,74.5261,298,2,0
11266,523.179,192.053,2,0
11267,178.418,298,2,0
11268,81.7499,212.87,2,0
11269,259.908,65.1408,2,0
11270,233.467,47.5337,2,0
11271,319.486,115.38,2,0
11272,273.94,217.095,2,0
11273,470.606,34.3587,2,0
11274,17.5797,67.9922,2,0
11275,575.27,203.247,2,0
11276,387.317,258.903,2,0
11277,55.4486,227.841,2,0
11278,145.235,84.3102,2,0
11279,153.184,199.978,2,0
11280,301.791,222.651,2,0
11281,25.9002,276.881,2,0
11282,382.814,268.568,2,0
11283,256.9,192.378,2,0
11284,314.608,97.5383,2,0
11285,426.911,38.7097,2,0
11286,133.904,23.5724,2,0
11287,3.88961,247.667,2,0
11288,498.995,250.328,2,0
11289,438.18,198.292,2,0
11290,501.979,129.47,2,0
11291,205.248,24.2814,2,0
11292,367.141,111.309,2,0
11293,229.438,214.573,2,0
11294,301.972,145.099,2,0
11295,508.321,5.4899,2,0
11296,428.067,235.809,2,0
11297,576.899,112.612,2,0
11298,483.295,94.256,2,0
11299,509.104,80.0751,2,0
11300,553.702,142.718,2,0
11301,295.183,22.1431,2,0
11302,391.627,141.399,2,0
11303,272.271,220.762,2,0
11304,577.627,235.682,2,0
11305,288.468,97.896,2,0
11306,184.732,187.772,2,0
11307,550.042,19.0997,2,0
11308,407.077,287.431,2,0
11309,136.38,194.933,2,0
11310,543.14,143.469,2,0
11311,340.513,273.56,2,0
11312,126.47,133.784,2,0
11313,485.232,170.564,2,0
11314,194.297,245.099,2,0
11315,515.679,167.58,2,0
11316,409.403,143.305,2,0
11317,580.496,257.726,2,0
11318,582.138,139.138,2,0
11319,421.587,76.2466,2,0
11320,102.935,51.2255,2,0
11321,24.077,203.079,2,0
11322,372.227,24.691,2,0
11323,126.305,106.136,2,0
11324,486.958,80.2899,2,0
11325,211.168,72.1265,2,0
11326,516.259,183.844,2,0
11327,336.577,298,2,0
11328,205.914,258.298,2,0
11329,409.268,23.0202,2,0
11330,462.08,298,2,0
11331,586.352,244.124,2,0
11332,269.788,272.764,2,0
11333,402.329,84.9012,2,0
11334,33.7513,67.0756,2,0
11335,154.698,162.344,2,0
11336,228.922,26.0197,2,0
11337,184.367,222.476,2,0
11338,166.473,251.164,2,0
11339,139.277,98.0945,2,0
11340,476.403,133.951,2,0
11341,315.899,108.077,2,0
11342,242.746,233.546,2,0
11343,233.953,144.619,2,0
11344,432.637,54.2255,2,0
11345,563.234,181.661,2,0
11346,315.158,249.045,2,0
11347,80.7395,173.445,2,0
11348,268.134,20.4199,2,0
11349,581.321,105.527,2,0
11350,391.112,90.0521,2,0
11351,347.824,127.006,2,0
11352,233.598,12.7191,2,0
11353,254.904,255.329,2,0
11354,579.56,292.539,2,0
11355,320.253,258.505,2,0
11356,262.237,216.557,2,0
11357,124.828,130.032,2,0
11358,532.525,5.55223,2,0
11359,371.687,191.495,2,0
11360,154.938,15.5483,2,0
11361,273.779,54.7723,2,0
11362,332.701,102.341,2,0
11363,445.213,145.772,2,0
11364,3.41353,2,2,0
11365,59.4114,120.284,2,0
11366,353.115,93.9966,2,0
11367,477.753,49.033,2,0
11368,157.851,190.337,2,0
11369,448.896,205.707,2,0
11370,375.931,212.465,2,0
11371,448.572,148.14,2,0
11372,177.227,190.749,2,0
11373,411.286,225.108,2,0
11374,565.533,271.176,2,0
11375,45.3781,270.706,2,0
11376,592.098,132.244,2,0
11377,506.796,68.6899,2,0
11378,346.576,75.0649,2,0
11379,442.076,228.318,2,0
11380,505.139,114.79,2,0
11381,221.734,114.449,2,0
11382,85.209,132.951,2,0
11383,42.6649,248.161,2,0
11384,229.221,53.3178,2,0
11385,406.037,238.832,2,0
11386,320.302,290.943,2,0
11387,437.891,119.481,2,0
11388,165.615,283.251,2,0
11389,171.833,94.2947,2,0
11390,464.632,93.5349,2,0
11391,209.434,129.294,2,0
11392,201.862,60.2403,2,0
11393,101.745,200.916,2,0
11394,108.034,232.082,2,0
11395,235.78,233.728,2,0
11396,123.673,27.0529,2,0
11397,148.085,213.716,2,0
11398,560.981,229.542,2,0
11399,25.3342,254.511,2,0
11400,230.391,282.46,2,0
11401,60.8591,43.027,2,0
11402,243.476,275.927,2,0
11403,318.65,97.708,2,0
11404,103,227.091,2,0
11405,546.597,29.3522,2,0
11406,22.3654,217.501,2,0
11407,3.39499,266.576,2,0
11408,375.49,232.574,2,0
11409,313.219,50.2798,2,0
11410,77.0251,81.0515,2,0
11411,217.395,21.9833,2,0
11412,256.414,20.6222,2,0
11413,278.935,142.544,2,0
11414,373.167,62.5903,2,0
11415,462.848,145.371,2,0
11416,223.511,35.3797,2,0
11417,50.5638,22.9259,2,0
11418,90.3963,224.544,2,0
11419,598.6,127.491,2,0
11420,99.051,85.7376,2,0
11421,141.899,77.7561,2,0
11422,597.796,149.51,2,0
11423,457.795,273.078,2,0
11424,393.059,228.869,2,0
11425,38.0451,283.919,2,0
11426,245.446,287.492,2,0
11427,581.285,72.6177,2,0
11428,146.971,95.3853,2,0
11429,521.902,23.5199,2,0
11430,433.422,19.4647,2,0
11431,163.6,170.935,2,0
11432,305.271,220.417,2,0
11433,539.748,104.857,2,0
11434,81.3653,2,2,0
11435,42.0445,290.904,2,0
11436,410.781,119.988,2,0
11437,46.3502,246.45,2,0
11438,339.893,25.4924,2,0
11439,281.89,233.547,2,0
11440,494.045,294.541,2,0
11441,338.581,114.029,2,0
11442,437.158,222.276,2,0
11443,41.8429,122.65,2,0
11444,62.8406,114.179,2,0
11445,384.648,139.86,2,0
11446,247.121,74.8611,2,0
11447,318.265,294.531,2,0
11448,466.216,182.742,2,0
11449,148.906,161.001,2,0
11450,213.263,8.98374,2,0
11451,524.596,242.204,2,0
11452,514.785,86.7916,2,0
11453,529.755,259.74,2,0
11454,505.242,224.15,2,0
11455,547.318,46.1069,2,0
11456,480.921,176.174,2,0
11457,482.84,268.393,2,0
11458,582.096,261.893,2,0
11459,59.0975,82.8588,2,0
11460,466.558,178.676,2,0
11461,149.821,116.715,2,0
11462,372.151,214.137,2,0
11463,565.93,122.367,2,0
11464,51.6919,226.175,2,0
11465,123.823,5.46775,2,0
11466,220.52,206.536,2,0
11467,467.935,166.507,2,0
11468,285.874,254.005,2,0
11469,141.239,298,2,0
11470,160.625,196.785,2,0
11471,77.2218,273.175,2,0
11472,190.166,278.333,2,0
11473,493.156,214.322,2,0
11474,379.607,2,2,0
11475,25.8846,298,2,0
11476,382.346,217.535,2,0
11477,61.4111,167.338,2,0
11478,164.919,118.969,2,0
11479,15.8402,90.7607,2,0
11480,251.897,15.2799,2,0
11481,360.028,222.426,2,0
11482,556.951,154.639,2,0
11483,352.887,221.189,2,0
11484,70.0713,148.356,2,0
11485,508.376,298,2,0
11486,116.35,220.83,2,0
11487,284.86,247.268,2,0
11488,488.163,256.26,2,0
11489,478.651,165.549,2,0
11490,479.304,192.356,2,0
11491,555.228,123.703,2,0
11492,528.953,51.8667,2,0
11493,598.762,259.935,2,0
11494,401.975,88.9329,2,0
11495,155.217,289.558,2,0
11496,567.055,9.14382,2,0
11497,274.951,255.875,2,0
11498,363.136,246.632,2,0
11499,6.88881,57.9655,2,0
11500,509.706,279.251,2,0
11501,44.5705,83.9658,2,0
11502,93.7336,131.492,2,0
11503,380.577,260.779,2,0
11504,557.081,26.7445,2,0
11505,345.016,53.7462,2,0
11506,482.769,35.244,2,0
11507,534.973,234.875,2,0
11508,584.15,46.5311,2,0
11509,358.48,27.9044,2,0
11510,437.923,145.556,2,0
11511,17.2697,173.003,2,0
11512,498.176,75.1958,2,0
11513,131.161,75.5213,2,0
11514,366.08,174.898,2,0
11515,526.479,202.314,2,0
11516,428.965,186.967,2,0
11517,200.476,24.3602,2,0
11518,449.661,110.831,2,0
11519,227.711,218.121,2,0
11520,212.053,118.945,2,0
11521,524.822,85.2322,2,0
11522,265.473,120.585,2,0
11523,497.87,8.61672,2,0
11524,351.143,244.952,2,0
11525,378.017,33.8854,2,0
11526,192.979,53.4467,2,0
11527,50.0522,244.535,2,0
11528,2.54392,231.744,2,0
11529,506.569,240.426,2,0
11530,286.493,41.5352,2,0
11531,145.625,67.9131,2,0
11532,242.631,109.169,2,0
11533,560.055,220.618,2,0
11534,255.58,83.7046,2,0
11535,49.3592,264.789,2,0
11536,182.928,256.567,2,0
11537,334.477,233.792,2,0
11538,569.626,120.558,2,0
11539,235.055,20.7278,2,0
11540,248.638,182.971,2,0
11541,148.844,255.442,2,0
11542,531.857,266.879,2,0
11543,483.444,52.9737,2,0
11544,415.217,287.322,2,0
11545,183.54,95.6876,2,0
11546,69.7056,84.1815,2,0
11547,283.627,240.341,2,0
11548,297.727,86.4003,2,0
11549,414.76,254.306,2,0
11550,73.3246,2,2,0
11551,129.7,42.2301,2,0
11552,89.6809,289.883,2,0
11553,102.511,87.9374,2,0
11554,206.086,153.935,2,0
11555,343.749,133.648,2,0
11556,294.482,209.991,2,0
11557,175.289,59.8609,2,0
11558,359.662,9.02532,2,0
11559,346.669,8.77588,2,0
11560,555.838,294.464,2,0
11561,217.193,204.101,2,0
11562,102.183,123.688,2,0
11563,258.338,137.574,2,0
11564,586.235,189.4,2,0
11565,488.152,298,2,0
11566,488.071,222.952,2,0
11567,382.331,254.042,2,0
11568,482.754,260.869,2,0
11569,468.316,37.6948,2,0
11570,363.107,290.779,2,0
11571,79.7571,249.832,2,0
11572,225.885,143.663,2,0
11573,567.591,132.122,2,0
11574,46.4648,212.555,2,0
11575,427.362,6.04657,2,0
11576,484.878,63.5938,2,0
11577,322.515,225.304,2,0
11578,75.3343,137.24,2,0
11579,167.38,39.6999,2,0
11580,551.356,46.1279,2,0
11581,374.951,36.6922,2,0
11582,366.616,126.054,2,0
11583,567.094,55.6891,2,0
11584,553.071,244.26,2,0
11585,98.2361,186.919,2,0
11586,193.683,115.862,2,0
11587,12.0724,220.645,2,0
11588,222.065,52.4172,2,0
11589,148.374,236.619,2,0
11590,133.674,216.092,2,0
11591,172.321,164.384,2,0
11592,20.6199,5.80809,2,0
11593,86.3309,223.532,2,0
11594,520.742,163.764,2,0
11595,188.828,270.267,2,0
11596,144.33,125.777,2,0
11597,156.223,66.0217,2,0
11598,81.5986,22.956,2,0
11599,366.669,265.184,2,0
11600,389.508,25.2811,2,0
11601,181.823,236.083,2,0
11602,309.914,154.854,2,0
11603,293.827,179.797,2,0
11604,557.962,134.026,2,0
11605,598.716,71.7505,2,0
11606,340.035,247.163,2,0
11607,75.3773,39.5249,2,0
11608,438.564,29.7141,2,0
11609,211.713,254.252,2,0
11610,377.042,63.8829,2,0
11611,353.395,89.8297,2,0
11612,201.193,294.494,2,0
11613,326.199,187.307,2,0
11614,55.9314,201.274,2,0
11615,301.609,30.7244,2,0
11616,22.2073,19.3774,2,0
11617,11.6234,185.982,2,0
11618,243.675,253.697,2,0
11619,112.872,180.613,2,0
11620,362.191,43.8354,2,0
11621,158.342,175.798,2,0
11622,17.7866,2,2,0
11623,34.939,138.998,2,0
11624,362.037,173.888,2,0
11625,509.87,234.224,2,0
11626,34.5598,11.2862,2,0
11627,235.348,225.684,2,0
11628,520.034,263.922,2,0
11629,357.403,106.638,2,0
11630,199.597,201.917,2,0
11631,139.551,281.31,2,0
11632,515.261,157.127,2,0
11633,343.349,289.677,2,0
11634,519.856,181.779,2,0
11635,22.6975,39.6259,2,0
11636,214.453,230.884,2,0
11637,396.803,276.678,2,0
11638,208.682,247.597,2,0
11639,149.99,37.4173,2,0
11640,250.328,265.137,2,0
11641,94.5051,204.121,2,0
11642,423.31,90.8542,2,0
11643,146.331,39.3319,2,0
11644,103.13,29.9473,2,0
11645,343.285,50.1253,2,0
11646,494.951,36.0738,2,0
11647,532.917,148.35,2,0
11648,570.26,165.721,2,0
11649,252.788,80.7434,2,0
11650,565.074,19.597,2,0
11651,542.639,275.763,2,0
11652,449.72,198.724,2,0
11653,284.098,275.445,2,0
11654,197.837,209.897,2,0
11655,34.5132,48.2806,2,0
11656,218.24,175.582,2,0
11657,578.321,137.461,2,0
11658,205.507,215.351,2,0
11659,288.357,223.075,2,0
11660,591.353,2,2,0
11661,467.508,277.354,2,0
11662,41.0621,58.0256,2,0
11663,141.362,258.405,2,0
11664,301.576,207.768,2,0
11665,182.443,298,2,0
11666,203.694,168.5,2,0
11667,254.951,12.6395,2,0
11668,508.961,120.7,2,0
11669,134.997,162.953,2,0
11670,8.0585,19.6885,2,0
11671,143.125,246.411,2,0
11672,411.224,154.104,2,0
11673,565.177,26.653,2,0
11674,325.583,22.6717,2,0
11675,218.055,72.3186,2,0
11676,306.037,155.064,2,0
11677,390.798,94.2083,2,0
11678,183.518,191.792,2,0
11679,221.448,2,2,0
11680,181.867,271.313,2,0
11681,175.174,216.989,2,0
11682,127.137,97.9095,2,0
11683,346.343,2,2,0
11684,60.7788,184.417,2,0
11685,302.006,186.883,2,0
11686,368.713,118.139,2,0
11687,570.863,220.759,2,0
11688,253.092,125.279,2,0
11689,28.166,244.094,2,0
11690,559.49,216.624,2,0
11691,97.6003,244.153,2,0
11692,255.282,235.549,2,0
11693,225.157,287.008,2,0
11694,583.18,9.09761,2,0
11695,457.219,22.691,2,0
11696,106.158,81.6996,2,0
11697,112.154,36.0672,2,0
11698,372.349,58.298,2,0
11699,85.7926,139.976,2,0
11700,186.241,123.687,2,0
11701,351.357,61.9018,2,0
11702,426.451,253.663,2,0
11703,315.767,204.966,2,0
11704,174.027,152.532,2,0
11705,337.995,65.6805,2,0
11706,259.83,98.6383,2,0
11707,24.3421,120.767,2,0
11708,468.443,288.107,2,0
11709,138.518,63.5024,2,0
11710,568.358,204.789,2,0
11711,303.202,258.419,2,0
11712,544.929,261.884,2,0
11713,49.0953,268.871,2,0
11714,507.528,16.5443,2,0
11715,178.231,170.069,2,0
11716,207.469,73.973,2,0
11717,584.072,197.314,2,0
11718,541.811,230.515,2,0
11719,101.636,16.1722,2,0
11720,418.503,104.573,2,0
11721,495.475,248.37,2,0
11722,384.453,283.774,2,0
11723,525.402,41.8003,2,0
11724,509.233,225.442,2,0
11725,355.069,150.493,2,0
11726,425.096,130.644,2,0
11727,113.497,139.233,2,0
11728,302.686,157.516,2,0
11729,449.19,83.8446,2,0
11730,380.337,282.943,2,0
11731,586.168,157.681,2,0
11732,440.121,103.376,2,0
11733,178.746,77.7368,2,0
11734,356.768,78.906,2,0
11735,399.475,195.002,2,0
11736,507.399,20.6467,2,0
11737,442.909,78.6193,2,0
11738,60.5865,210.888,2,0
11739,267.652,298,2,0
11740,231.704,166.462,2,0
11741,14.8636,154.088,2,0
11742,350.716,298,2,0
11743,376.54,291.066,2,0
11744,506.011,228.117,2,0
11745,292.917,245.88,2,0
11746,356.066,201.287,2,0
11747,413.274,83.9495,2,0
11748,533.785,218.744,2,0
11749,205.018,245.894,2,0
11750,233.511,259.718,2,0
11751,594.574,44.1714,2,0
11752,571.178,133.918,2,0
11753,82.2681,216.934,2,0
11754,348.832,230.423,2,0
11755,469.07,55.3872,2,0
11756,584.982,255.072,2,0
11757,464.628,106.035,2,0
11758,100.903,283.882,2,0
11759,288.81,246.523,2,0
11760,583.058,201.211,2,0
11761,473.951,73.3831,2,0
11762,493.87,244.613,2,0
11763,585.196,236.01,2,0
11764,55.5809,164.16,2,0
11765,371.282,146.827,2,0
11766,549.57,90.0679,2,0
11767,583.415,16.1374,2,0
11768,453.032,173.054,2,0
11769,263.879,64.3912,2,0
11770,30.6494,198.129,2,0
11771,49.2534,66.8391,2,0
11772,41.7566,235.956,2,0
11773,472.208,69.7702,2,0
11774,206.203,38.8906,2,0
11775,239.95,216.678,2,0
11776,363.954,268.247,2,0
11777,115.988,118.203,2,0
11778,309.164,231.124,2,0
11779,544.895,136.774,2,0
11780,358.354,46.5829,2,0
11781,568.822,227.3,2,0
11782,595.241,171.503,2,0
11783,384.728,81.5456,2,0
11784,277.347,214.87,2,0
11785,557.746,143.851,2,0
11786,388.322,199.763,2,0
11787,561.055,185.611,2,0
11788,214.375,78.3995,2,0
11789,121.746,23.0647,2,0
11790,137.903,142.143,2,0
11791,54.4476,219.763,2,0
11792,555.207,38.7169,2,0
11793,433.572,72.103,2,0
11794,131.731,165.458,2,0
11795,443.301,126.773,2,0
11796,14.9026,257.049,2,0
11797,525.414,17.4193,2,0
11798,314.511,166.044,2,0
11799,354.493,234.684,2,0
11800,237.41,14.0852,2,0
11801,496.356,290.381,2,0
11802,317.087,261.102,2,0
11803,383.934,89.521,2,0
11804,182.625,289.615,2,0
11805,519.056,69.5505,2,0
11806,200.699,174.934,2,0
11807,436.284,61.5771,2,0
11808,497.857,215.821,2,0
11809,210.675,168.009,2,0
11810,202.771,225.065,2,0
11811,177.792,208.007,2,0
11812,305.264,272.987,2,0
11813,452.085,138.341,2,0
11814,127.18,126.782,2,0
11815,434.946,195.861,2,0
11816,38.2045,120.611,2,0
11817,227.358,18.0589,2,0
11818,488.454,84.9124,2,0
11819,188.14,266.176,2,0
11820,558.854,212.603,2,0
11821,274.102,84.0998,2,0
11822,85.4315,28.8639,2,0
11823,13.2284,232.659,2,0
11824,411.946,247.827,2,0
11825,73.3282,237.223,2,0
11826,566.163,48.3454,2,0
11827,595.176,73.6164,2,0
11828,564.984,12.5697,2,0
11829,46.0988,291.066,2,0
11830,89.542,2,2,0
11831,61.3229,188.416,2,0
11832,395.522,27.461,2,0
11833,116.907,79.3377,2,0
11834,269.774,202.991,2,0
11835,145.863,203.102,2,0
11836,495.283,83.3233,2,0
11837,37.9359,16.8898,2,0
11838,377.615,249.015,2,0
11839,536.793,115.178,2,0
11840,136.162,13.0568,2,0
11841,200.178,127.869,2,0
11842,149.787,164.911,2,0
11843,556.047,281.35,2,0
11844,534.26,137.737,2,0
11845,474.914,259.962,2,0
11846,278.299,36.8827,2,0
11847,69.8842,130.464,2,0
11848,241.495,212.672,2,0
11849,213.984,102.039,2,0
11850,432.007,2,2,0
11851,98.8721,280.31,2,0
11852,498.891,233.235,2,0
11853,199.941,251.252,2,0
11854,130.908,96.4025,2,0
11855,538.754,84.5778,2,0
11856,188.423,37.5113,2,0
11857,15.6602,71.618,2,0
11858,191.022,298,2,0
11859,109.892,67.4155,2,0
11860,213.957,160.192,2,0
11861,398.665,112.806,2,0
11862,516.448,290.244,2,0
11863,395.53,62.9841,2,0
11864,198.691,17.2512,2,0
11865,283.226,27.1353,2,0
11866,15.9063,294.527,2,0
11867,50.1595,9.00224,2,0
11868,239.772,166.546,2,0
11869,59.5255,136.584,2,0
11870,268.967,264.58,2,0
11871,302.635,59.9933,2,0
11872,388.125,38.9407,2,0
11873,195.45,221.63,2,0
11874,79.5412,192.171,2,0
11875,55.0697,83.777,2,0
11876,370.387,160.974,2,0
11877,529.816,158.089,2,0
11878,381.49,250.048,2,0
11879,317.335,118.874,2,0
11880,18.1023,211.829,2,0
11881,567.088,23.1087,2,0
11882,361.849,141.805,2,0
11883,577.377,33.5947,2,0
11884,575.287,30.1707,2,0
11885,266.326,215.934,2,0
11886,569.799,47.852,2,0
11887,61.3049,25.5106,2,0
11888,50.1834,183.513,2,0
11889,489.797,107.379,2,0
11890,276.046,263.972,2,0
11891,560.804,224.622,2,0
11892,17.8758,246.65,2,0
11893,48.8371,122.534,2,0
11894,48.9369,126.564,2,0
11895,460.446,214.133,2,0
11896,524.511,298,2,0
11897,227.341,298,2,0
11898,39.4989,213.566,2,0
11899,456.042,195.85,2,0
11900,35.93,273.381,2,0
11901,16.1855,160.911,2,0
11902,591.057,42.2499,2,0
11903,350.381,234.148,2,0
11904,179.459,59.7035,2,0
11905,471.335,105.224,2,0
11906,318.926,158.966,2,0
11907,86.3327,107.432,2,0
11908,33.9817,164.685,2,0
11909,163.9,125.806,2,0
11910,253.706,247.463,2,0
11911,132.591,193.434,2,0
11912,31.2412,153.276,2,0
11913,593.75,216.309,2,0
11914,104.158,252.32,2,0
11915,454.701,156.906,2,0
11916,69.62,226.635,2,0
11917,421.23,259.206,2,0
11918,328.714,71.707,2,0
11919,166.463,158.836,2,0
11920,584.583,168.4,2,0
11921,386.718,294.539,2,0
11922,571.285,202.106,2,0
11923,265.606,150.634,2,0
11924,26.6671,163.716,2,0
11925,558.95,56.2649,2,0
11926,391.644,167.441,2,0
11927,519.552,122.169,2,0
11928,71.9829,144.633,2,0
11929,241.609,68.7713,2,0
11930,465.447,48.1172,2,0
11931,112.837,247.194,2,0
11932,461.223,23.1426,2,0
11933,90.1598,294.051,2,0
11934,581.417,130.927,2,0
11935,144.436,260.968,2,0
11936,416.847,85.9145,2,0
11937,452.457,117.392,2,0
11938,400.969,8.99243,2,0
11939,252.302,95.3185,2,0
11940,240.851,272.829,2,0
11941,215.046,239.005,2,0
11942,398.251,176.434,2,0
11943,525.42,49.9519,2,0
11944,352.164,84.9665,2,0
11945,473.557,179.513,2,0
11946,148.648,183.586,2,0
11947,20.7997,122.655,2,0
11948,102.395,169.463,2,0
11949,367.113,178.818,2,0
11950,422.066,65.424,2,0
11951,233.225,294.476,2,0
11952,323.929,9.02575,2,0
11953,158.992,236.36,2,0
11954,160.49,146.78,2,0
11955,301.272,130.41,2,0
11956,493.433,57.113,2,0
11957,87.1132,237.81,2,0
11958,127.498,144.744,2,0
11959,422.107,177.217,2,0
11960,503.987,37.597,2,0
11961,41.1191,35.3234,2,0
11962,247.512,277.082,2,0
11963,413.776,160.738,2,0
11964,456.221,36.8797,2,0
11965,319.452,26.6911,2,0
11966,530.066,200.344,2,0
11967,27.6865,169.184,2,0
11968,67.8168,37.2704,2,0
11969,516.431,132.544,2,0
11970,429.234,123.362,2,0
11971,192.77,163.001,2,0
11972,359.322,203.795,2,0
11973,503.592,287.004,2,0
11974,460.197,262.639,2,0
11975,299.889,8.13587,2,0
11976,383.575,143.799,2,0
11977,448.481,29.3964,2,0
11978,585.626,240.057,2,0
11979,78.2167,210.746,2,0
11980,329.181,269.463,2,0
11981,99.8597,36.1897,2,0
11982,180.13,103.058,2,0
11983,406.994,261.444,2,0
11984,317.579,12.3284,2,0
11985,382.092,70.9327,2,0
11986,592.689,238.968,2,0
11987,542.581,177.594,2,0
11988,399.035,12.495,2,0
11989,454.027,105.27,2,0
11990,75.0309,31.3965,2,0
11991,598.373,112.21,2,0
11992,55.8865,126.469,2,0
11993,296.14,239.337,2,0
11994,281.781,145.621,2,0
11995,174.636,251.614,2,0
11996,165.762,222.273,2,0
11997,377.293,16.7381,2,0
11998,229.212,286.308,2,0
11999,253.702,243.296,2,0
12000,549.119,80.7977,2,0
12001,99.9661,40.229,2,0
12002,301.26,34.7929,2,0
12003,35.8254,181.18,2,0
12004,444.858,93.6756,2,0
12005,390.578,130.871,2,0
12006,416.931,140.729,2,0
12007,105.394,126.089,2,0
12008,435.944,165.873,2,0
12009,389.523,240.65,2,0
12010,230.105,45.3523,2,0
12011,97.3349,252.281,2,0
12012,80.8818,267.74,2,0
12013,257.147,43.23,2,0
12014,172.18,19.2888,2,0
12015,88.5121,87.4647,2,0
12016,45.4953,140.862,2,0
12017,271.631,47.9533,2,0
12018,146.494,17.1338,2,0
12019,207.346,78.0758,2,0
12020,376.236,59.7907,2,0
12021,533.784,186.088,2,0
12022,587.376,9.04471,2,0
12023,161.159,182.959,2,0
12024,412.464,145.988,2,0
12025,281.59,78.5887,2,0
12026,423.035,134.257,2,0
12027,266.61,154.637,2,0
12028,341.821,145.382,2,0
12029,87.9253,171.618,2,0
12030,553.835,188.076,2,0
12031,462.041,40.8295,2,0
12032,364.949,239.85,2,0
12033,7.58772,287.501,2,0
12034,339.283,243.202,2,0
12035,519.343,118.108,2,0
12036,431.791,179.531,2,0
12037,191.466,248.107,2,0
12038,92.315,65.387,2,0
12039,367.427,19.5481,2,0
12040,456.802,171.361,2,0
12041,536.087,59.8778,2,0
12042,472.403,38.0409,2,0
12043,76.5962,97.0846,2,0
12044,262.874,7.16913,2,0
12045,175.062,71.8216,2,0
12046,136.025,5.49081,2,0
12047,22.7276,190.883,2,0
12048,374.035,246.832,2,0
12049,348.989,39.0433,2,0
12050,298.456,210.57,2,0
12051,143.28,223.452,2,0
12052,259.508,184.481,2,0
12053,561.044,26.6796,2,0
12054,297.583,75.3685,2,0
12055,595.964,236.589,2,0
12056,130.562,134.196,2,0
12057,248.58,64.1826,2,0
12058,501.544,57.697,2,0
12059,184.113,16.7385,2,0
12060,507.65,31.5244,2,0
12061,52.9966,262.872,2,0
12062,552.008,149.604,2,0
12063,572.952,51.7512,2,0
12064,233.472,213.987,2,0
12065,200.581,69.758,2,0
12066,214.673,234.916,2,0
12067,276.913,114.038,2,0
12068,81.2757,83.1637,2,0
12069,85.2921,178.297,2,0
12070,241.985,19.3439,2,0
12071,571.666,244.695,2,0
12072,227.673,165.293,2,0
12073,572.634,225.908,2,0
12074,484.298,70.6372,2,0
12075,65.754,85.0874,2,0
12076,563.995,70.1813,2,0
12077,526.985,227.12,2,0
12078,192.754,2,2,0
12079,262.105,122.968,2,0
12080,464.127,246.417,2,0
12081,70.8019,207.693,2,0
12082,375.399,216.553,2,0
12083,301.539,74.698,2,0
12084,81.3197,278.875,2,0
12085,156.463,202.392,2,0
12086,211.171,298,2,0
12087,329.323,119.953,2,0
12088,418.42,50.008,2,0
12089,186.333,276.883,2,0
12090,235.735,187.661,2,0
12091,566.016,298,2,0
12092,451.229,130.088,2,0
12093,289.857,186.794,2,0
12094,235.931,237.877,2,0
12095,300.084,265.948,2,0
12096,563.388,103.732,2,0
12097,82.0309,31.0283,2,0
12098,543.16,102.734,2,0
12099,70.5128,13.3706,2,0
12100,462.11,153.538,2,0
12101,109.366,216.209,2,0
12102,237.485,213.308,2,0
12103,69.9821,126.12,2,0
12104,423.804,86.791,2,0
12105,262.791,138.707,2,0
12106,434.695,225.633,2,0
12107,269.497,244.639,2,0
12108,9.57338,269.978,2,0
12109,367.384,197.041,2,0
12110,443.462,133.705,2,0
12111,456.17,140.49,2,0
12112,237.934,179.742,2,0
12113,575.51,147.837,2,0
12114,209.076,279.691,2,0
12115,363.851,279.406,2,0
12116,396.939,52.3543,2,0
12117,590.611,146.523,2,0
12118,339.706,254.06,2,0
12119,73.1773,132.983,2,0
12120,141.662,273.051,2,0
12121,568.745,176.4,2,0
12122,45.6351,145.069,2,0
12123,421.071,130.396,2,0
12124,557.055,230.588,2,0
12125,577.365,195.427,2,0
12126,518.282,33.6103,2,0
12127,42.4695,54.0811,2,0
12128,313.68,156.322,2,0
12129,5.41717,269.983,2,0
12130,321.795,19.2614,2,0
12131,320.446,235.886,2,0
12132,137.277,264.25,2,0
12133,218.216,85.5665,2,0
12134,456.446,175.5,2,0
12135,181.274,13.1406,2,0
12136,346.273,104.533,2,0
12137,239.628,25.9758,2,0
12138,168.506,219.111,2,0
12139,162.251,289.374,2,0
12140,47.4363,220.619,2,0
12141,431.576,141.245,2,0
12142,410.793,127.069,2,0
12143,141.601,149.241,2,0
12144,235.246,298,2,0
12145,327.341,234.804,2,0
12146,419.172,119.836,2,0
12147,240.002,255.529,2,0
12148,539.619,41.6114,2,0
12149,241.299,259.509,2,0
12150,200.299,35.0063,2,0
12151,87.5104,227.466,2,0
12152,510.907,68.9915,2,0
12153,394.446,112.723,2,0
12154,367.43,77.2477,2,0
12155,525.64,105.534,2,0
12156,382.798,178.628,2,0
12157,419.066,96.4128,2,0
12158,69.8062,94.9599,2,0
12159,150.577,112.641,2,0
12160,482.949,286.353,2,0
12161,50.2327,298,2,0
12162,72.4106,53.726,2,0
12163,292.081,291.108,2,0
12164,303.102,2,2,0
12165,429.802,99.7255,2,0
12166,140.12,94.0228,2,0
12167,322.823,123.912,2,0
12168,13.6516,298,2,0
12169,225.736,204.723,2,0
12170,377.741,80.8466,2,0
12171,511.6,105.364,2,0
12172,98.4583,226.312,2,0
12173,585.205,5.4945,2,0
12174,568.167,162.264,2,0
