id,x,y,radius,is_spanning
0,159.178,295.21,2,0
1,288.961,189.93,2,0
2,591.638,155.204,2,0
3,587.829,105.089,2,0
4,270.651,141.765,2,0
5,151.582,175.867,2,0
6,272.221,5.55616,2,0
7,138.933,33.2225,2,0
8,468.143,114.155,2,0
9,355.995,2,2,0
10,456.512,193.487,2,0
11,82.061,217.877,2,0
12,438.254,225.555,2,0
13,41.8956,65.7435,2,0
14,367.522,223.518,2,0
15,50.4025,235.003,2,0
16,340.649,47.9089,2,0
17,10.4999,248.502,2,0
18,556.297,86.0655,2,0
19,303.566,185.921,2,0
20,347.61,172.935,2,0
21,86.8909,196.13,2,0
22,164.907,23.7232,2,0
23,481.829,57.9243,2,0
24,33.7773,28.3466,2,0
25,494.245,124.695,2,0
26,396.696,206.493,2,0
27,355.054,8.23992,2,0
28,396.929,51.2358,2,0
29,205.221,282.492,2,0
30,491.363,286.828,2,0
31,313.966,151.201,2,0
32,503.554,114.289,2,0
33,44.6144,96.496,2,0
34,453.407,115.491,2,0
35,145.138,242.641,2,0
36,147.904,263.778,2,0
37,535.437,7.67142,2,0
38,51.5022,166.442,2,0
39,34.4757,185.184,2,0
40,589.045,5.83014,2,0
41,386.373,138.912,2,0
42,137.5,242.573,2,0
43,296.502,129.778,2,0
44,487.72,205.458,2,0
45,307.017,272.702,2,0
46,32.1595,264.431,2,0
47,251.227,181.958,2,0
48,515.022,232.492,2,0
49,120.259,232.015,2,0
50,97.0949,298,2,0
51,39.7909,24.4218,2,0
52,71.2697,78.507,2,0
53,36.4256,72.7443,2,0
54,132.388,57.5928,2,0
55,407.813,133.595,2,0
56,187.13,270.58,2,0
57,145.313,257.087,2,0
58,421.742,134.241,2,0
59,314.752,11.8672,2,0
60,542.184,219.082,2,0
61,188.944,177.683,2,0
62,570.946,65.744,2,0
63,469.751,67.7996,2,0
64,252.806,62.5752,2,0
65,582.877,108.164,2,0
66,25.8551,158.83,2,0
67,84.9376,199.672,2,0
68,439.473,53.7448,2,0
69,277.855,29.8385,2,0
70,258.779,169.357,2,0
71,18.6603,282.623,2,0
72,81.3789,277.117,2,0
73,572.157,94.6617,2,0
74,508.629,5.79403,2,0
75,541.73,230.58,2,0
76,522.443,122.645,2,0
77,219.979,124.284,2,0
78,78.065,84.593,2,0
79,217.898,92.0264,2,0
80,463.518,78.6633,2,0
81,109.048,39.723,2,0
82,252.71,148.346,2,0
83,570.277,153.464,2,0
84,515.746,7.4682,2,0
85,532.77,236.176,2,0
86,224.143,184.747,2,0
87,82.6099,89.5682,2,0
88,365.451,133.152,2,0
89,382.694,263.123,2,0
90,316.114,28.187,2,0
91,434.095,211.177,2,0
92,241.299,96.8862,2,0
93,537.73,102.34,2,0
94,106.354,133.698,2,0
95,259.125,248.136,2,0
96,392.63,286.113,2,0
97,42.0323,110.306,2,0
98,122.413,183.392,2,0
99,226.524,240.463,2,0
100,201.112,259.882,2,0
101,100.565,31.8086,2,0
102,3.58792,131.148,2,0
103,526.134,85.4702,2,0
104,507.426,202.888,2,0
105,463.363,109.577,2,0
106,586.71,109.554,2,0
107,215.495,113.11,2,0
108,443.063,208.275,2,0
109,488.573,177.109,2,0
110,444.873,174.625,2,0
111,68.2581,121.163,2,0
112,578.367,18.1116,2,0
113,249.472,11.7791,2,0
114,505.506,59.6406,2,0
115,370.379,9.49196,2,0
116,425.32,166.584,2,0
117,254.507,71.399,2,0
118,308.285,37.0222,2,0
119,275.309,75.239,2,0
120,59.2869,294.239,2,0
121,435.542,78.771,2,0
122,6.0973,102.89,2,0
123,570.639,39.4409,2,0
124,300.614,147.231,2,0
125,555.638,82.1199,2,0
126,204.387,89.5364,2,0
127,179.214,22.0772,2,0
128,503.114,88.4274,2,0
129,455.814,106.833,2,0
130,211.188,174.881,2,0
131,199.561,270.528,2,0
132,526.444,256.625,2,0
133,192.997,282.616,2,0
134,241.101,157.111,2,0
135,58.4436,284.204,2,0
136,28.4904,26.9863,2,0
137,521.049,2.06417,2,0
138,298.834,58.6116,2,0
139,253.831,107.656,2,0
140,556.182,51.2513,2,0
141,161.09,243.255,2,0
142,505.947,188.972,2,0
143,451.427,21.8329,2,0
144,437.826,252.907,2,0
145,430.206,231.927,2,0
146,33.159,251.894,2,0
147,572.366,235.508,2,0
148,416.858,286.137,2,0
149,68.3778,292.497,2,0
150,304.609,208.475,2,0
151,375.326,181.378,2,0
152,467.774,176.239,2,0
153,129.499,244.78,2,0
154,454.137,225.305,2,0
155,468.476,121.899,2,0
156,135.672,51.7631,2,0
157,371.604,96.7018,2,0
158,350.797,241.646,2,0
159,578.637,127.82,2,0
160,462.113,68.9921,2,0
161,109.162,228.996,2,0
162,405.121,96.2155,2,0
163,448.39,265.266,2,0
164,370.597,257.718,2,0
165,151.753,265.066,2,0
166,137.822,260.32,2,0
167,160.825,196.794,2,0
168,526.572,268.359,2,0
169,388.098,52.6986,2,0
170,307.595,281.09,2,0
171,123.436,280.944,2,0
172,533.039,133.5,2,0
173,364.479,230.835,2,0
174,150.886,282.141,2,0
175,449.774,68.9491,2,0
176,560.935,45.4825,2,0
177,118.377,161.156,2,0
178,539.085,110.358,2,0
179,446.655,13.1002,2,0
180,112.763,54.7775,2,0
181,82.649,19.5903,2,0
182,406.454,171.908,2,0
183,215.755,162.558,2,0
184,56.5827,178.158,2,0
185,302.734,129.961,2,0
186,128.867,10.0067,2,0
187,113.529,74.6178,2,0
188,349.718,51.2291,2,0
189,16.218,88.3458,2,0
190,255.031,196.195,2,0
191,509.343,70.1818,2,0
192,225.597,54.5133,2,0
193,538.908,298,2,0
194,390.416,98.6744,2,0
195,166.52,87.2253,2,0
196,35.8399,180.429,2,0
197,364.609,211.889,2,0
198,536.239,165.083,2,0
199,419.234,171.387,2,0
200,307.831,205.935,2,0
201,501.04,283.773,2,0
202,130.175,136.584,2,0
203,310.884,121.252,2,0
204,128.553,298.158,2,0
205,474.91,4.4593,2,0
206,495.416,174.408,2,0
207,556.876,298,2,0
208,425.798,86.7962,2,0
209,293.847,221.305,2,0
210,383.423,141.853,2,0
211,278.755,22.0327,2,0
212,428.63,264.39,2,0
213,303.594,270.393,2,0
214,224.729,11.315,2,0
215,388.849,114.257,2,0
216,24.2123,21.021,2,0
217,311.621,93.2858,2,0
218,417.063,243.418,2,0
219,46.8637,239.609,2,0
220,521.841,255.227,2,0
221,118.86,121.044,2,0
222,458.875,298,2,0
223,137.661,275.416,2,0
224,277.726,144.871,2,0
225,168.094,51.7368,2,0
226,337.416,127.339,2,0
227,233.058,78.7053,2,0
228,163.776,240.229,2,0
229,403.645,234.293,2,0
230,346.148,249.501,2,0
231,92.93,269.114,2,0
232,553.289,227.351,2,0
233,286.968,208.341,2,0
234,438.837,167.232,2,0
235,535.401,252.361,2,0
236,539.661,261.912,2,0
237,85.6751,184.509,2,0
238,114.633,108.761,2,0
239,119.423,199.081,2,0
240,507.088,255.672,2,0
241,61.3678,29.4519,2,0
242,263.105,57.1381,2,0
243,348.164,219.665,2,0
244,3.82839,249.671,2,0
245,366.797,95.0645,2,0
246,157.111,186.188,2,0
247,182.71,246.622,2,0
248,520.836,146.459,2,0
249,58.6977,256.855,2,0
250,5.48349,231.79,2,0
251,237.586,159.468,2,0
252,379.324,156.34,2,0
253,334.46,235.163,2,0
254,41.4164,291.206,2,0
255,428.372,293.893,2,0
256,282.593,158.689,2,0
257,234.156,243.605,2,0
258,10.3765,14.5153,2,0
259,582.306,174.384,2,0
260,562.153,9.86323,2,0
261,168.773,263.883,2,0
262,335.823,22.104,2,0
263,447.598,80.9024,2,0
264,66.3591,249.046,2,0
265,245.081,175.544,2,0
266,263.455,242.598,2,0
267,577.289,248.546,2,0
268,235.916,72.4273,2,0
269,541.778,240.81,2,0
270,128.788,238.852,2,0
271,135.45,31.2508,2,0
272,241.984,107.822,2,0
273,346.868,215.777,2,0
274,314.042,73.604,2,0
275,288.397,18.3792,2,0
276,557.444,184.109,2,0
277,165.232,57.4595,2,0
278,405.431,226.496,2,0
279,444.42,88.6173,2,0
280,487.434,23.4325,2,0
281,60.9255,264.684,2,0
282,453.471,174.82,2,0
283,549.292,244.537,2,0
284,89.9426,165.827,2,0
285,346.012,240.553,2,0
286,589.203,283.241,2,0
287,404.257,182.488,2,0
288,196.384,179.561,2,0
289,164.494,47.4675,2,0
290,455.742,112.24,2,0
291,597.128,27.0465,2,0
292,134.868,226.907,2,0
293,573.365,181.056,2,0
294,481.05,192.294,2,0
295,589.866,83.9927,2,0
296,161.848,142.336,2,0
297,161.089,109.482,2,0
298,339.009,43.3164,2,0
299,2.22864,181.107,2,0
300,44.5754,222.97,2,0
301,398.31,268.944,2,0
302,290.216,104.919,2,0
303,484.726,227.676,2,0
304,147.2,230.638,2,0
305,136.554,248.226,2,0
306,497.811,63.8439,2,0
307,471.289,200.4,2,0
308,574.369,176.951,2,0
309,207.955,158.653,2,0
310,43.2919,241.751,2,0
311,113.618,197.032,2,0
312,25.9477,218.844,2,0
313,510.081,121.971,2,0
314,289.701,68.9761,2,0
315,599.999,214.692,2,0
316,413.125,139.184,2,0
317,398.466,27.4143,2,0
318,338.429,209.593,2,0
319,404.417,221.26,2,0
320,75.7133,277.05,2,0
321,53.8889,81.0227,2,0
322,305.75,193.873,2,0
323,287.531,125.425,2,0
324,509.951,61.3338,2,0
325,462.217,23.3597,2,0
326,496.395,214.613,2,0
327,144.784,101.773,2,0
328,555.563,146.259,2,0
329,482.63,69.8354,2,0
330,7.29378,117.65,2,0
331,174.944,140.769,2,0
332,222.889,145.062,2,0
333,522.895,288.16,2,0
334,83.5734,8.69192,2,0
335,571.175,101.564,2,0
336,559.003,199.777,2,0
337,536.872,20.5213,2,0
338,316.386,189.443,2,0
339,582.728,11.0678,2,0
340,366.903,208.552,2,0
341,334.21,49.9994,2,0
342,192.96,256.997,2,0
343,463.56,2.30927,2,0
344,124.38,223.36,2,0
345,355.47,240.463,2,0
346,183.968,44.3873,2,0
347,320.181,174.96,2,0
348,123.45,198.928,2,0
349,259.471,281.671,2,0
350,328.136,166.874,2,0
351,54.836,64.3624,2,0
352,120.923,284.22,2,0
353,288.733,172.03,2,0
354,162.867,275.22,2,0
355,339.555,215.232,2,0
356,106.806,188.536,2,0
357,277.107,211.704,2,0
358,448.436,128.514,2,0
359,469.63,250.006,2,0
360,110.269,199.359,2,0
361,454.433,150.95,2,0
362,408.649,91.486,2,0
363,489.769,214.27,2,0
364,267.308,58.5421,2,0
365,238.152,122.411,2,0
366,296.432,100.039,2,0
367,513.522,192.134,2,0
368,72.2742,120.854,2,0
369,160.746,204.669,2,0
370,224.333,86.7313,2,0
371,468.599,280.299,2,0
372,377.202,19.0812,2,0
373,459.685,164.904,2,0
374,281.629,14.2328,2,0
375,391.229,227.1,2,0
376,437.193,40.4511,2,0
377,328.223,215.766,2,0
378,305.829,117.952,2,0
379,397.138,283.536,2,0
380,288.344,56.3734,2,0
381,582.772,201.735,2,0
382,592.164,128.299,2,0
383,68.927,94.1212,2,0
384,20.248,273.062,2,0
385,75.9396,221.438,2,0
386,508.838,183.972,2,0
387,275.472,215.434,2,0
388,490.812,78.3813,2,0
389,98.03,215.835,2,0
390,39.2406,104.395,2,0
391,19.4184,52.3522,2,0
392,541.51,175.515,2,0
393,549.311,207.329,2,0
394,340.295,85.8898,2,0
395,136.397,212.283,2,0
396,470.52,196.355,2,0
397,235.57,102.425,2,0
398,276.863,18.4811,2,0
399,160.811,264.818,2,0
400,38.3454,223.833,2,0
401,353.718,116.113,2,0
402,221.055,137.972,2,0
403,451.441,262.629,2,0
404,422.606,182.212,2,0
405,239.399,215.987,2,0
406,296.013,36.4559,2,0
407,267.899,267.804,2,0
408,89.7971,207.687,2,0
409,43.2406,274.349,2,0
410,394.278,199.338,2,0
411,182.832,220.6,2,0
412,160.588,115.318,2,0
413,320.322,224.775,2,0
414,387.106,226.9,2,0
415,402.77,22.3718,2,0
416,212.642,251.077,2,0
417,102.333,141.008,2,0
418,71.8992,127.53,2,0
419,186.003,15.6652,2,0
420,523.005,234.166,2,0
421,473.512,189.193,2,0
422,231.811,60.1161,2,0
423,284.467,63.5568,2,0
424,593.645,100.096,2,0
425,426.834,14.1629,2,0
426,286.131,193.111,2,0
427,112.381,269.037,2,0
428,283.615,85.6979,2,0
429,68.7484,264.858,2,0
430,292.508,89.5353,2,0
431,536.174,259.926,2,0
432,99.057,59.8037,2,0
433,314.667,185.681,2,0
434,238.798,37.9359,2,0
435,177.57,7.91173,2,0
436,142.942,171.003,2,0
437,182.23,171.827,2,0
438,178.002,275.523,2,0
439,339.601,72.1262,2,0
440,412.626,124.573,2,0
441,406.22,18.6063,2,0
442,581.462,211.158,2,0
443,343.077,27.7965,2,0
444,5.40422,44.3559,2,0
445,568.804,283.96,2,0
446,153.627,241.611,2,0
447,114.13,206.01,2,0
448,180.334,189.883,2,0
449,188.592,126.544,2,0
450,338.754,269.96,2,0
451,79.4314,270.33,2,0
452,336.024,62.3705,2,0
453,89.0915,39.4994,2,0
454,45.9191,80.747,2,0
455,430.848,14.491,2,0
456,488.849,283.46,2,0
457,287.53,284.897,2,0
458,551.927,86.8198,2,0
459,385.733,155.198,2,0
460,40.5324,203.742,2,0
461,52.4567,119.493,2,0
462,87.6467,204.216,2,0
463,110.461,66.5448,2,0
464,353.769,87.7535,2,0
465,241.517,87.4491,2,0
466,111.745,279.382,2,0
467,43.2477,266.253,2,0
468,25.2784,202.123,2,0
469,129.496,291.534,2,0
470,412.326,167.153,2,0
471,230.379,206.509,2,0
472,140.352,187.666,2,0
473,156.023,48.6587,2,0
474,92.9225,95.9117,2,0
475,341.273,183.75,2,0
476,167.74,210.648,2,0
477,435.045,65.1609,2,0
478,293.354,33.4175,2,0
479,540.488,165.96,2,0
480,180.437,87.1112,2,0
481,474.155,240.772,2,0
482,367.263,194.842,2,0
483,293.849,69.6068,2,0
484,465.608,96.7892,2,0
485,513.581,119.65,2,0
486,441.612,284.481,2,0
487,26.9651,101.163,2,0
488,310.272,195.267,2,0
489,61.1143,154.075,2,0
490,329.325,286.639,2,0
491,281.204,166.731,2,0
492,564.284,276.96,2,0
493,49.4396,116.676,2,0
494,370.194,54.3613,2,0
495,288.008,176.04,2,0
496,17.9904,216.896,2,0
497,358.786,292.868,2,0
498,345.162,12.9732,2,0
499,524.862,72.4042,2,0
500,45.1133,245.649,2,0
501,41.5467,237.754,2,0
502,448.07,98.6753,2,0
503,524.668,133.588,2,0
504,16.8245,290.209,2,0
505,300.532,82.3746,2,0
506,284.165,205.362,2,0
507,186.591,205.296,2,0
508,123.932,6.12033,2,0
509,313.284,81.1157,2,0
510,303.476,274.687,2,0
511,65.2351,204.144,2,0
512,572.606,277.532,2,0
513,244.925,146.272,2,0
514,575.989,75.3338,2,0
515,274.662,142.19,2,0
516,17.8343,247.998,2,0
517,13.9543,165.448,2,0
518,206.121,212.039,2,0
519,398.698,239.977,2,0
520,210.185,50.4206,2,0
521,380.566,67.736,2,0
522,80.8534,152.681,2,0
523,179.649,98.587,2,0
524,416.893,261.651,2,0
525,23.2544,119.316,2,0
526,522.312,75.6526,2,0
527,305.572,218.656,2,0
528,413.507,258.65,2,0
529,181.246,212.458,2,0
530,419.268,129.219,2,0
531,448.058,272.681,2,0
532,321.756,70.8615,2,0
533,108.114,178.48,2,0
534,467.124,298,2,0
535,399.249,259.43,2,0
536,565.159,157.482,2,0
537,64.4514,122.558,2,0
538,31.5837,84.6458,2,0
539,520.259,43.0986,2,0
540,210.292,94.6876,2,0
541,174.237,203.29,2,0
542,3.26853,91.5902,2,0
543,220.173,157.159,2,0
544,290.258,287.86,2,0
545,58.6205,246.245,2,0
546,490.506,55.2535,2,0
547,354.09,244.271,2,0
548,216.108,292.421,2,0
549,350.434,294.98,2,0
550,100.522,233.413,2,0
551,336.215,4.30696,2,0
552,272.261,33.8084,2,0
553,240.974,168.706,2,0
554,164.545,213.419,2,0
555,263.257,22.0821,2,0
556,592.755,288.39,2,0
557,271.688,77.115,2,0
558,170.603,9.7412,2,0
559,139.03,118.314,2,0
560,141.755,157.472,2,0
561,522.283,189.161,2,0
562,389.288,9.9534,2,0
563,526.838,180.526,2,0
564,400.646,281.446,2,0
565,131.297,61.9745,2,0
566,443.404,239.684,2,0
567,391.954,118.713,2,0
568,423.252,172.153,2,0
569,327.98,195.272,2,0
570,328.627,118.996,2,0
571,339.013,27.897,2,0
572,314.212,35.8196,2,0
573,89.7884,184.949,2,0
574,546.109,193.554,2,0
575,527.452,298,2,0
576,152.382,211.894,2,0
577,447.635,145.979,2,0
578,356.172,196.157,2,0
579,243.956,192.142,2,0
580,143.497,111.726,2,0
581,340.036,170.077,2,0
582,165.728,77.5516,2,0
583,542.782,244.696,2,0
584,22.1076,216.764,2,0
585,240.18,206.161,2,0
586,127.405,231.075,2,0
587,106.781,21.5924,2,0
588,3.13568,200.654,2,0
589,530.624,199.826,2,0
590,552.302,74.5896,2,0
591,316.831,172.665,2,0
592,101.169,218.354,2,0
593,466.497,252.611,2,0
594,203.855,68.0738,2,0
595,383.737,81.6293,2,0
596,524.578,264.756,2,0
597,486.188,201.659,2,0
598,420.363,146.388,2,0
599,551.349,6.05295,2,0
600,350.803,229.334,2,0
601,4.77549,187.982,2,0
602,470.694,26.5296,2,0
603,367.739,295.707,2,0
604,562.079,229.875,2,0
605,230.513,241.747,2,0
606,410.083,189.297,2,0
607,338.82,235.715,2,0
608,188.253,102.195,2,0
609,521.001,80.1624,2,0
610,266.885,200.473,2,0
611,159.992,22.2768,2,0
612,55.8314,191.534,2,0
613,535.248,158.355,2,0
614,110.986,242.6,2,0
615,507.359,192.762,2,0
616,483.618,143.276,2,0
617,249.674,233.084,2,0
618,92.1427,280.528,2,0
619,123.001,228.8,2,0
620,243.268,235.239,2,0
621,123.493,248.677,2,0
622,509.334,26.2002,2,0
623,585.969,181.427,2,0
624,87.5206,51.7118,2,0
625,548.218,101.593,2,0
626,234.356,205.907,2,0
627,343.913,171.249,2,0
628,447.542,119.043,2,0
629,112.03,220.394,2,0
630,345.418,193.759,2,0
631,476.55,222.091,2,0
632,532.209,243.743,2,0
633,385.322,258.898,2,0
634,203.109,112.056,2,0
635,142.028,207.074,2,0
636,595.669,291.409,2,0
637,156.641,62.1692,2,0
638,229.751,213.479,2,0
639,499.456,173.725,2,0
640,427.502,126.309,2,0
641,168.156,247.25,2,0
642,248.693,33.1613,2,0
643,425.67,26.4259,2,0
644,273.813,29.8108,2,0
645,544.191,206.691,2,0
646,314.562,106.057,2,0
647,139.965,123.064,2,0
648,493.486,107.601,2,0
649,108.894,195.456,2,0
650,29.8226,88.2599,2,0
651,80.969,169.555,2,0
652,265.611,285.492,2,0
653,13.5658,229.74,2,0
654,259.937,287.143,2,0
655,159.197,276.815,2,0
656,227.604,124.471,2,0
657,484.001,50.8053,2,0
658,66.2743,82.8559,2,0
659,477.512,181.386,2,0
660,545.271,216.262,2,0
661,169.527,129.054,2,0
662,98.895,143.212,2,0
663,363.432,193.217,2,0
664,320.37,31.5999,2,0
665,197.63,71.9882,2,0
666,262.591,53.0307,2,0
667,378.299,90.5185,2,0
668,443.947,251.645,2,0
669,176.376,63.6571,2,0
670,60.8637,73.9692,2,0
671,128.856,42.3768,2,0
672,285.678,106.818,2,0
673,152.771,2.12997,2,0
674,177.15,127.37,2,0
675,472.474,275.251,2,0
676,227.139,69.76,2,0
677,571.622,147.462,2,0
678,230.75,159.913,2,0
679,282.456,147.032,2,0
680,557.953,113.533,2,0
681,427.937,283.79,2,0
682,217.839,236.46,2,0
683,99.6141,73.9724,2,0
684,72.7474,87.4976,2,0
685,521.324,65.9142,2,0
686,10.9971,90.0371,2,0
687,357.988,168.109,2,0
688,233.762,89.5934,2,0
689,443.038,71.9633,2,0
690,374.395,197.353,2,0
691,42.6231,184.788,2,0
692,325.69,123.213,2,0
693,462.747,31.1491,2,0
694,369.468,74.2055,2,0
695,115.473,173.706,2,0
696,61.741,125.7,2,0
697,53.4225,281.409,2,0
698,342.394,225.355,2,0
699,524.846,195.449,2,0
700,7.09119,199.299,2,0
701,374.317,229.112,2,0
702,75.2213,129.943,2,0
703,397.339,161.296,2,0
704,155.672,258.488,2,0
705,156.762,205.031,2,0
706,31.5128,31.6739,2,0
707,255.627,90.7487,2,0
708,204.209,4.71987,2,0
709,428.542,61.6685,2,0
710,202.881,84.9583,2,0
711,310.583,155.278,2,0
712,91.4965,12.7273,2,0
713,322.847,165.322,2,0
714,15.8426,126.814,2,0
715,59.1877,260.983,2,0
716,253.448,152.473,2,0
717,233.599,172.045,2,0
718,196,162.658,2,0
719,113.932,297.336,2,0
720,375.929,80.8837,2,0
721,396.284,244.351,2,0
722,261.995,228.39,2,0
723,542.801,39.9964,2,0
724,312.65,44.1111,2,0
725,189.832,17.0921,2,0
726,345.06,146.735,2,0
727,259.431,31.6352,2,0
728,182.889,68.8445,2,0
729,529.696,265.761,2,0
730,454.987,79.7925,2,0
731,506.444,236.183,2,0
732,208.107,129.96,2,0
733,483.672,16.5948,2,0
734,136.414,279.316,2,0
735,252.638,95.1296,2,0
736,136.544,198.792,2,0
737,90.7018,58.739,2,0
738,362.012,160.861,2,0
739,552.423,204.586,2,0
740,10.0215,298,2,0
741,407.095,200.586,2,0
742,338.551,31.8832,2,0
743,197.158,21.0252,2,0
744,205.074,52.5221,2,0
745,259.222,9.89683,2,0
746,521.425,57.7944,2,0
747,538.423,106.408,2,0
748,434.536,287.114,2,0
749,556.344,63.5191,2,0
750,34.2407,76.1675,2,0
751,230.047,19.9279,2,0
752,437.136,86.815,2,0
753,167.83,16.9391,2,0
754,251.03,252.287,2,0
755,320.829,182.171,2,0
756,393.564,195.38,2,0
757,467.391,100.425,2,0
758,71.8006,58.2314,2,0
759,151.532,34.9868,2,0
760,3.27704,32.3568,2,0
761,121.613,202.509,2,0
762,454.927,19.8237,2,0
763,133.537,41.9719,2,0
764,330.774,268.877,2,0
765,6.31652,280.916,2,0
766,525.307,247.881,2,0
767,80.6283,38.2346,2,0
768,380.699,195.945,2,0
769,282.814,293.438,2,0
770,48.5376,221.654,2,0
771,276.826,110.252,2,0
772,419.831,251.092,2,0
773,146.795,109.369,2,0
774,276.691,247.166,2,0
775,475.46,81.035,2,0
776,148.593,240.533,2,0
777,324.623,201.746,2,0
778,506.807,232.114,2,0
779,458.47,66.8141,2,0
780,435.713,51.8745,2,0
781,91.1071,173.849,2,0
782,346.658,104.741,2,0
783,276.835,150.091,2,0
784,447.213,208.9,2,0
785,281.372,208.765,2,0
786,424.434,48.5826,2,0
787,21.8791,140.949,2,0
788,185.139,223.946,2,0
789,420.647,115.915,2,0
790,103.063,186.931,2,0
791,246.791,160.084,2,0
792,417.365,41.0117,2,0
793,397.715,69.6319,2,0
794,404.992,271.983,2,0
795,325.485,156.209,2,0
796,510.919,210.347,2,0
797,215.663,172.074,2,0
798,37.6884,90.601,2,0
799,91.3397,188.721,2,0
800,396.478,92.2771,2,0
801,165.396,175.375,2,0
802,360.54,100.986,2,0
803,334.417,41.6026,2,0
804,498.31,150.01,2,0
805,27.5312,65.111,2,0
806,412.402,177.489,2,0
807,448.093,193.945,2,0
808,125.228,265.497,2,0
809,310.908,260.722,2,0
810,281.654,66.4096,2,0
811,64.0956,148.58,2,0
812,409.43,39.3193,2,0
813,464.525,275.592,2,0
814,264.222,84.8129,2,0
815,242.827,133.739,2,0
816,152.577,219.008,2,0
817,199.385,197.12,2,0
818,368.875,122.33,2,0
819,73.2565,289.875,2,0
820,271.402,127.875,2,0
821,585.556,8.07795,2,0
822,145.866,208.493,2,0
823,189.752,267.429,2,0
824,188.133,292.73,2,0
825,245.39,99.5982,2,0
826,471.748,44.0444,2,0
827,201.944,222.873,2,0
828,441.293,104.1,2,0
829,11.2782,178.14,2,0
830,530.508,59.0737,2,0
831,90.5787,114.462,2,0
832,280.172,285.554,2,0
833,14.3079,250.675,2,0
834,163.308,157.796,2,0
835,170.263,298,2,0
836,60.6737,253.372,2,0
837,287.82,77.4295,2,0
838,110.276,33.1246,2,0
839,537.459,286.309,2,0
840,367.886,198.804,2,0
841,433.538,166.177,2,0
842,258.867,57.7876,2,0
843,469.466,117.995,2,0
844,114.84,259.353,2,0
845,504.849,246.989,2,0
846,139.762,272.009,2,0
847,163.354,72.5707,2,0
848,419.538,111.96,2,0
849,94.0576,199.195,2,0
850,270.49,293.372,2,0
851,29.2977,267.242,2,0
852,560.852,118.711,2,0
853,337.332,231.972,2,0
854,103.404,270.858,2,0
855,575.086,15.7651,2,0
856,564.707,43.9378,2,0
857,460.053,151.653,2,0
858,510.128,298,2,0
859,123.69,45.7508,2,0
860,428.445,55.685,2,0
861,164.982,97.4673,2,0
862,326.082,59.7235,2,0
863,270.123,236.937,2,0
864,155.621,57.7015,2,0
865,47.9128,191.503,2,0
866,243.977,6.03134,2,0
867,448.691,259.039,2,0
868,347.966,88.0188,2,0
869,259.564,179.086,2,0
870,156.972,12.869,2,0
871,579.006,39.2548,2,0
872,249.863,239.203,2,0
873,401.327,107.277,2,0
874,173.948,166.312,2,0
875,465.11,20.3995,2,0
876,507.043,12.3992,2,0
877,13.1124,61.327,2,0
878,303.88,108.52,2,0
879,342.309,133.953,2,0
880,122.035,159.505,2,0
881,463.556,197.296,2,0
882,586.231,27.1733,2,0
883,204.827,103.108,2,0
884,48.8744,278.498,2,0
885,273.761,281.955,2,0
886,426.984,2.19037,2,0
887,529.697,83.5085,2,0
888,598.781,168.113,2,0
889,316.731,49.5835,2,0
890,202.934,169.079,2,0
891,111.942,49.0415,2,0
892,588.591,151.667,2,0
893,36.7233,166.231,2,0
894,488.123,218.039,2,0
895,571.618,241.62,2,0
896,494.836,45.9515,2,0
897,143.072,30.0104,2,0
898,409.257,236.267,2,0
899,538.455,16.7498,2,0
900,35.2113,8.69522,2,0
901,173.399,261.116,2,0
902,188.534,165.044,2,0
903,263.865,89.3277,2,0
904,222.749,160.227,2,0
905,62.7433,269.635,2,0
906,73.0573,54.2836,2,0
907,335.696,242.986,2,0
908,274.451,131.567,2,0
909,165.214,10.1604,2,0
910,229.223,296.549,2,0
911,490.092,14.1088,2,0
912,441.567,254.889,2,0
913,410.248,28.734,2,0
914,32.4008,103.485,2,0
915,463.923,188.071,2,0
916,173.395,66.4698,2,0
917,517.932,257.37,2,0
918,6.70243,208.126,2,0
919,10.0019,51.1698,2,0
920,424.061,194.418,2,0
921,181.072,83.1397,2,0
922,289.38,117.023,2,0
923,537.263,185.529,2,0
924,562.586,40.536,2,0
925,146.918,289.156,2,0
926,76.0898,191.209,2,0
927,219.01,73.9742,2,0
928,502.219,61.9535,2,0
929,120.219,68.2293,2,0
930,323.219,109.811,2,0
931,54.4828,35.136,2,0
932,265.885,2,2,0
933,457.484,261.286,2,0
934,560.691,267.007,2,0
935,363.21,4.56796,2,0
936,0.989139,43.3738,2,0
937,36.4928,67.4028,2,0
938,75.1434,244.022,2,0
939,237.398,133.067,2,0
940,146.084,27.2853,2,0
941,523.567,5.57689,2,0
942,398.022,39.746,2,0
943,234.262,6.76886,2,0
944,75.848,134.141,2,0
945,581.262,298,2,0
946,190.671,204.899,2,0
947,329.398,296.537,2,0
948,594.28,36.1711,2,0
949,491.371,181.511,2,0
950,214.194,238.175,2,0
951,523.219,171.782,2,0
952,106.477,256.178,2,0
953,400.679,285.62,2,0
954,70.7606,82.5743,2,0
955,335.625,45.6921,2,0
956,340.826,17.0589,2,0
957,91.0388,241.755,2,0
958,314.19,162.608,2,0
959,473.982,98.784,2,0
960,565.672,128.522,2,0
961,196.953,240.271,2,0
962,105.422,10.3528,2,0
963,336.681,299.943,2,0
964,475.879,237.103,2,0
965,593.445,144.752,2,0
966,131.018,38.6246,2,0
967,364.553,65.6938,2,0
968,201.471,117.268,2,0
969,104.51,211.113,2,0
970,266.513,54.4892,2,0
971,154.804,283.323,2,0
972,334.371,209.707,2,0
973,352.442,179.051,2,0
974,226.095,281.86,2,0
975,354.186,130.966,2,0
976,394.003,153.364,2,0
977,397.604,202.393,2,0
978,306.917,77.2494,2,0
979,463.552,192.211,2,0
980,403.816,166.161,2,0
981,393.622,3.16377,2,0
982,146.616,20.6249,2,0
983,242.596,172.398,2,0
984,334.259,289.662,2,0
985,39.4427,212.645,2,0
986,131.838,53.5351,2,0
987,342.288,271.85,2,0
988,543.901,222.767,2,0
989,38.4729,252.809,2,0
990,383.601,224.876,2,0
991,152.416,52.2171,2,0
992,578.903,9.47238,2,0
993,423.892,283.805,2,0
994,63.8637,76.699,2,0
995,551.921,63.6708,2,0
996,212.455,160.228,2,0
997,51.0407,141.572,2,0
998,264.447,160.877,2,0
999,459.062,271.614,2,0
1000,337.064,13.5439,2,0
1001,358.556,214.474,2,0
1002,173.089,70.5427,2,0
1003,487.898,298,2,0
1004,205.289,275.675,2,0
1005,154.204,151.711,2,0
1006,205.287,141.737,2,0
1007,129.904,181.478,2,0
1008,79.4741,60.3516,2,0
1009,58.9406,165.584,2,0
1010,333.785,191.976,2,0
1011,590.263,177.879,2,0
1012,86.0437,161.684,2,0
1013,33.4462,89.9965,2,0
1014,183.529,79.9468,2,0
1015,355.932,227.625,2,0
1016,419.362,48.3028,2,0
1017,395.933,96.3432,2,0
1018,469.042,81.8141,2,0
1019,477.699,100.569,2,0
1020,560.888,298,2,0
1021,528.434,236.717,2,0
1022,444.633,212.09,2,0
1023,442.646,247.851,2,0
1024,589.928,101.588,2,0
1025,551.453,173.501,2,0
1026,312.103,166.441,2,0
1027,238.93,79.7715,2,0
1028,265.561,37.9782,2,0
1029,143.733,271.012,2,0
1030,393.384,128.917,2,0
1031,353.222,210.74,2,0
1032,369.762,237.253,2,0
1033,25.2133,274.627,2,0
1034,459.236,29.1131,2,0
1035,472.779,102.727,2,0
1036,412.961,23.2088,2,0
1037,465.045,139.508,2,0
1038,576.579,188.349,2,0
1039,528.12,43.4507,2,0
1040,154.243,27.2149,2,0
1041,242.392,255.216,2,0
1042,41.5409,220.326,2,0
1043,194.058,74.4423,2,0
1044,348.979,151.42,2,0
1045,413.078,234.795,2,0
1046,212.732,296.644,2,0
1047,578.918,91.8342,2,0
1048,80.3277,142.148,2,0
1049,536.621,72.8218,2,0
1050,81.1256,190.421,2,0
1051,548.817,130.094,2,0
1052,304.677,101.623,2,0
1053,203.591,59.7825,2,0
1054,318.477,107.465,2,0
1055,231.144,65.0964,2,0
1056,591.148,185.888,2,0
1057,37.9272,294.056,2,0
1058,472.27,78.5648,2,0
1059,405.449,27.9558,2,0
1060,282.361,191.534,2,0
1061,227.522,152.755,2,0
1062,23.8254,63.5383,2,0
1063,431.432,214.335,2,0
1064,83.9997,280.366,2,0
1065,56.0888,106.509,2,0
1066,483.316,165.242,2,0
1067,250.227,282.738,2,0
1068,154.784,19.753,2,0
1069,50.7716,248.198,2,0
1070,287.389,23.7251,2,0
1071,474.311,211.521,2,0
1072,148.51,63.0679,2,0
1073,81.4248,283.584,2,0
1074,243.608,297.252,2,0
1075,535.526,2,2,0
1076,207.263,2,2,0
1077,304.038,126.056,2,0
1078,23.1685,6.03791,2,0
1079,103.961,155.103,2,0
1080,487.706,80.9879,2,0
1081,293.387,205.253,2,0
1082,250.669,69.8021,2,0
1083,353.706,251.801,2,0
1084,198.837,230.816,2,0
1085,149.398,187.232,2,0
1086,348.656,223.842,2,0
1087,568.712,7.32959,2,0
1088,192.444,87.8688,2,0
1089,109.733,249.862,2,0
1090,198.302,202.058,2,0
1091,562.647,288.504,2,0
1092,21.5055,230.743,2,0
1093,336.234,139.048,2,0
1094,545.792,120.348,2,0
1095,546.751,77.8579,2,0
1096,181.316,250.516,2,0
1097,427.698,251.783,2,0
1098,348.213,253.145,2,0
1099,259.437,76.0694,2,0
1100,398.934,20.2838,2,0
1101,502.344,148.716,2,0
1102,333.863,177.088,2,0
1103,214.443,141.433,2,0
1104,242.468,63.0978,2,0
1105,454.361,24.851,2,0
1106,301.526,205.919,2,0
1107,598.88,245.349,2,0
1108,546.304,241.754,2,0
1109,83.77,35.6299,2,0
1110,468.545,276.151,2,0
1111,258.87,116.793,2,0
1112,89.0583,130.38,2,0
1113,57.027,135.99,2,0
1114,358.569,276.916,2,0
1115,552.81,298,2,0
1116,365.295,158.122,2,0
1117,160.07,216.431,2,0
1118,563.427,169.931,2,0
1119,559.618,168.609,2,0
1120,296.296,90.8464,2,0
1121,111.818,59.2366,2,0
1122,379.882,285.131,2,0
1123,281.274,32.2618,2,0
1124,488.93,61.8934,2,0
1125,213.757,284.151,2,0
1126,16.2473,279.201,2,0
1127,411.261,287.324,2,0
1128,483.117,123.887,2,0
1129,575.788,268.365,2,0
1130,128.087,5.98178,2,0
1131,569.398,97.6324,2,0
1132,307.52,263.602,2,0
1133,192.363,32.0183,2,0
1134,276.102,285.435,2,0
1135,66.344,271.428,2,0
1136,329.349,110.118,2,0
1137,389.707,294.285,2,0
1138,430.857,143.648,2,0
1139,155.31,171.401,2,0
1140,104.114,284.535,2,0
1141,294.666,165.983,2,0
1142,115.284,236.804,2,0
1143,529.662,30.1713,2,0
1144,555.566,14.5864,2,0
1145,230.773,99.1224,2,0
1146,100.409,195.827,2,0
1147,595.122,268.959,2,0
1148,498.206,188.146,2,0
1149,530.53,46.6893,2,0
1150,110.272,82.284,2,0
1151,369.308,111.505,2,0
1152,177.853,209.783,2,0
1153,416.688,15.0279,2,0
1154,187.383,169.05,2,0
1155,543.662,2,2,0
1156,570.936,287.378,2,0
1157,42.1592,89.8756,2,0
1158,16.0308,14.9826,2,0
1159,225.745,137.265,2,0
1160,534.767,154.099,2,0
1161,119.884,5.98596,2,0
1162,306.137,97.874,2,0
1163,436.278,293.026,2,0
1164,79.3225,129.063,2,0
1165,523.828,95.1846,2,0
1166,94.5321,136.885,2,0
1167,147.446,34.8852,2,0
1168,548.119,62.2509,2,0
1169,529.337,112.569,2,0
1170,102.591,108.936,2,0
1171,556.616,206.181,2,0
1172,343.739,73.9104,2,0
1173,588.022,21.1251,2,0
1174,443.248,34.3122,2,0
1175,171.496,82.0971,2,0
1176,141.283,90.3322,2,0
1177,579.3,72.9004,2,0
1178,397.442,5.69234,2,0
1179,541.879,14.5421,2,0
1180,406.687,196.563,2,0
1181,21.2876,265.042,2,0
1182,387.072,205.309,2,0
1183,512.5,205.117,2,0
1184,514.346,264.682,2,0
1185,402.692,88.5108,2,0
1186,27.5302,50.3977,2,0
1187,267.552,166.55,2,0
1188,121.242,272.56,2,0
1189,15.1,121.374,2,0
1190,237.388,203.276,2,0
1191,35.4351,111.129,2,0
1192,17.5008,212.702,2,0
1193,192.774,194.371,2,0
1194,10.4773,100.806,2,0
1195,317.669,103.433,2,0
1196,400.087,94.5768,2,0
1197,235.275,285.839,2,0
1198,218.382,142.163,2,0
1199,439.197,209.777,2,0
1200,597.584,22.9767,2,0
1201,192.879,264.898,2,0
1202,115.523,291.108,2,0
1203,496.895,261.319,2,0
1204,576.283,94.8831,2,0
1205,16.9659,169.114,2,0
1206,447.492,103.003,2,0
1207,490.83,189.338,2,0
1208,172.164,247.478,2,0
1209,480.037,120.847,2,0
1210,340.992,147.27,2,0
1211,412.583,143.211,2,0
1212,517.159,144.52,2,0
1213,300.061,36.2684,2,0
1214,438.2,9.7391,2,0
1215,229.724,181.249,2,0
1216,273.849,208.162,2,0
1217,315.331,229.381,2,0
1218,136.549,45.1516,2,0
1219,118.61,210.82,2,0
1220,307.103,122.577,2,0
1221,1.91916,87.7955,2,0
1222,267.489,77.1335,2,0
1223,9.69132,265.508,2,0
1224,218.109,197.943,2,0
1225,119.314,138.238,2,0
1226,592.914,104.3,2,0
1227,227.387,73.8885,2,0
1228,343.614,218.247,2,0
1229,7.57962,245.56,2,0
1230,85.7977,100.567,2,0
1231,57.3019,280.217,2,0
1232,215.601,100.97,2,0
1233,389.142,121.574,2,0
1234,14.0322,246.548,2,0
1235,443.702,232.605,2,0
1236,88.8146,147.877,2,0
1237,266.383,246.47,2,0
1238,32.0162,20.4676,2,0
1239,326.51,207.544,2,0
1240,443.528,167.427,2,0
1241,104.686,97.6319,2,0
1242,347.147,136.89,2,0
1243,502.824,71.9588,2,0
1244,526.947,123.586,2,0
1245,441.041,18.0527,2,0
1246,125.053,127.245,2,0
1247,158.01,124.426,2,0
1248,520.532,291.861,2,0
1249,23.9306,180.263,2,0
1250,543.973,11.0715,2,0
1251,138.335,174.13,2,0
1252,270.768,195.128,2,0
1253,388.43,6.03053,2,0
1254,285.993,222.818,2,0
1255,133.773,35.719,2,0
1256,461.285,258.605,2,0
1257,318.125,23.1,2,0
1258,393.617,235.145,2,0
1259,394.316,100.181,2,0
1260,69.948,20.9136,2,0
1261,580.222,95.6567,2,0
1262,64.9331,87.0865,2,0
1263,207.183,268.332,2,0
1264,466.631,30.1835,2,0
1265,355.945,122.616,2,0
1266,449.677,18.1926,2,0
1267,396.268,125.781,2,0
1268,574.387,156.965,2,0
1269,430.808,185.576,2,0
1270,279.123,10.4567,2,0
1271,485.137,174.602,2,0
1272,301.53,218.847,2,0
1273,524.158,118.852,2,0
1274,18.4765,159.459,2,0
1275,353.543,298,2,0
1276,59.6221,33.1039,2,0
1277,185.19,153.675,2,0
1278,520.901,14.0496,2,0
1279,416.891,44.995,2,0
1280,239.05,257.933,2,0
1281,389.89,201.173,2,0
1282,386.241,193.707,2,0
1283,426.723,144.374,2,0
1284,583.192,74.3498,2,0
1285,470.998,221.264,2,0
1286,596.891,158.714,2,0
1287,482.48,74.2449,2,0
1288,403.806,161.547,2,0
1289,589.817,190.259,2,0
1290,442.592,135.266,2,0
1291,522.73,218.399,2,0
1292,121.439,179.45,2,0
1293,439.161,173.691,2,0
1294,271.963,154.398,2,0
1295,478.096,291.649,2,0
1296,572.474,69.6417,2,0
1297,267.907,27.0177,2,0
1298,454.364,89.6994,2,0
1299,521.565,279.299,2,0
1300,111.238,236.709,2,0
1301,46.2085,119.218,2,0
1302,6.01435,263.724,2,0
1303,291.328,178.479,2,0
1304,236.032,272.46,2,0
1305,76.3268,12.5032,2,0
1306,281.428,106.876,2,0
1307,452.722,233.409,2,0
1308,110.643,112.537,2,0
1309,123.115,261.948,2,0
1310,344.521,180.973,2,0
1311,108.584,76.154,2,0
1312,533.243,169.394,2,0
1313,185.69,287.995,2,0
1314,44.0037,49.7234,2,0
1315,526.386,222.367,2,0
1316,534.524,69.4102,2,0
1317,200.953,130.983,2,0
1318,521.659,246.014,2,0
1319,123.433,18.3882,2,0
1320,468.822,141.596,2,0
1321,398.607,32.3786,2,0
1322,479.58,163.77,2,0
1323,597.34,83.7639,2,0
1324,300.136,272.405,2,0
1325,567.741,257.022,2,0
1326,64.4196,21.8822,2,0
1327,380.23,259.86,2,0
1328,249.4,65.9619,2,0
1329,424.385,220.829,2,0
1330,328.568,101.188,2,0
1331,286.444,146.065,2,0
1332,136.745,132.659,2,0
1333,590.785,275.564,2,0
1334,84.9803,106.143,2,0
1335,35.7018,16.6186,2,0
1336,61.3434,197.514,2,0
1337,510.177,276.198,2,0
1338,325.181,261.959,2,0
1339,488.729,18.5127,2,0
1340,546.602,70.4076,2,0
1341,515.079,84.6776,2,0
1342,24.6427,213.644,2,0
1343,266.179,136.605,2,0
1344,22.1103,103.781,2,0
1345,104.437,112.58,2,0
1346,538.729,245.296,2,0
1347,506.565,2.29386,2,0
1348,426.404,225.62,2,0
1349,319.841,5.70269,2,0
1350,299.551,184.51,2,0
1351,229.118,264.642,2,0
1352,511.099,219.124,2,0
1353,42.4262,171.299,2,0
1354,283.479,196.763,2,0
1355,122.242,206.576,2,0
1356,508.346,267.126,2,0
1357,400.033,167.975,2,0
1358,383.406,298,2,0
1359,439.493,240.777,2,0
1360,176.133,233.651,2,0
1361,561.787,195.779,2,0
1362,464.96,226.739,2,0
1363,383.569,119.065,2,0
1364,253.864,34.2047,2,0
1365,35.6549,266.605,2,0
1366,247.275,21.2552,2,0
1367,593.056,91.5945,2,0
1368,114.457,143.088,2,0
1369,396.209,23.8577,2,0
1370,38.4299,108.403,2,0
1371,485.121,10.359,2,0
1372,208.72,273.324,2,0
1373,47.1747,37.0963,2,0
1374,50.9401,255.607,2,0
1375,216.148,288.372,2,0
1376,475.193,282.52,2,0
1377,417.148,189.76,2,0
1378,352.5,149.191,2,0
1379,330.065,2.06675,2,0
1380,303.774,297.26,2,0
1381,556.208,25.9314,2,0
1382,395.436,252.192,2,0
1383,460.892,5.32313,2,0
1384,349.203,156.061,2,0
1385,247.145,38.4677,2,0
1386,122.431,85.1262,2,0
1387,360.772,229.279,2,0
1388,447.986,247.996,2,0
1389,459.821,185.088,2,0
1390,10.246,2.47134,2,0
1391,269.79,30.5471,2,0
1392,376.533,167.188,2,0
1393,463.242,271.789,2,0
1394,186.943,56.7774,2,0
1395,9.36995,233.008,2,0
1396,160.173,85.3001,2,0
1397,467.057,153.804,2,0
1398,39.0161,298,2,0
1399,309.336,101.611,2,0
1400,195.512,184.797,2,0
1401,565.021,51.5619,2,0
1402,284.33,173.762,2,0
1403,502.475,18.9531,2,0
1404,478.061,132.891,2,0
1405,493.76,240.498,2,0
1406,553.623,176.882,2,0
1407,220.041,163.269,2,0
1408,470.991,58.6452,2,0
1409,19.453,129.839,2,0
1410,119.411,46.3471,2,0
1411,559.401,163.655,2,0
1412,12.9216,267.913,2,0
1413,127.39,19.4589,2,0
1414,212.792,242.867,2,0
1415,72.1736,210.758,2,0
1416,213.166,185.699,2,0
1417,270.572,23.1045,2,0
1418,36.4868,34.1444,2,0
1419,152.11,256.453,2,0
1420,70.364,234.422,2,0
1421,227.653,31.8184,2,0
1422,423.111,52.4229,2,0
1423,170.028,176.344,2,0
1424,219.685,25.1296,2,0
1425,326.751,163.053,2,0
1426,248.222,141.278,2,0
1427,221.122,298,2,0
1428,0.00220613,210.633,2,0
1429,266.705,140.582,2,0
1430,104.274,91.0114,2,0
1431,20.96,173.54,2,0
1432,456.007,42.0755,2,0
1433,2.81961,13.9699,2,0
1434,592.338,109.322,2,0
1435,340.577,116.866,2,0
1436,292.781,98.1682,2,0
1437,343.401,277.696,2,0
1438,99.373,69.7965,2,0
1439,467.134,24.4358,2,0
1440,242.8,182.66,2,0
1441,166.476,91.2798,2,0
1442,598.196,186.889,2,0
1443,471.876,91.5474,2,0
1444,416.395,276.26,2,0
1445,597.987,280.583,2,0
1446,106.91,79.8408,2,0
1447,96.1932,67.181,2,0
1448,151.046,274.444,2,0
1449,205.007,188.518,2,0
1450,173.776,78.3817,2,0
1451,225.038,64.6972,2,0
1452,399.407,13.9235,2,0
1453,23.9314,224.515,2,0
1454,309.542,26.7794,2,0
1455,385.694,294.66,2,0
1456,499.757,26.6465,2,0
1457,390.448,90.1671,2,0
1458,572.269,46.2072,2,0
1459,126.986,200.88,2,0
1460,594.916,189.247,2,0
1461,373.711,150.026,2,0
1462,584.719,96.2688,2,0
1463,340.498,255.499,2,0
1464,181.861,141.988,2,0
1465,60.5409,84.0361,2,0
1466,519.537,201.433,2,0
1467,255.906,215.838,2,0
1468,180.372,63.0115,2,0
1469,568.731,48.1387,2,0
1470,214.527,20.6936,2,0
1471,128.981,162.555,2,0
1472,311.454,84.7535,2,0
1473,163.799,199.628,2,0
1474,283.658,216.07,2,0
1475,569.219,157.515,2,0
1476,333.498,280.136,2,0
1477,307.044,197.776,2,0
1478,197.15,146.926,2,0
1479,161.936,123.354,2,0
1480,519.222,196.806,2,0
1481,61.3464,18.6539,2,0
1482,534.3,256.228,2,0
1483,247.507,205.691,2,0
1484,448.02,234.632,2,0
1485,349.059,147.11,2,0
1486,340.692,106.839,2,0
1487,273.421,219.775,2,0
1488,417.565,141.661,2,0
1489,139.396,127.185,2,0
1490,589.948,291.318,2,0
1491,309.931,117.281,2,0
1492,299.435,123.188,2,0
1493,545.896,295.086,2,0
1494,230.29,13.3513,2,0
1495,395.659,279.69,2,0
1496,579.183,178.663,2,0
1497,544.293,22.23,2,0
1498,209.712,118.879,2,0
1499,597.868,240.232,2,0
1500,430.389,181.504,2,0
1501,559.593,20.8472,2,0
1502,346.598,29.8394,2,0
1503,41.8291,188.721,2,0
1504,346.733,34.0156,2,0
1505,131.053,203.447,2,0
1506,181.374,59.1225,2,0
1507,191.503,171.339,2,0
1508,60.3778,150.115,2,0
1509,417.378,265.67,2,0
1510,558.286,220.09,2,0
1511,436.241,13.5349,2,0
1512,26.2793,256.464,2,0
1513,31.2764,293.964,2,0
1514,60.4018,170.824,2,0
1515,15.6133,109.856,2,0
1516,386.151,2.53767,2,0
1517,503.688,55.9673,2,0
1518,36.6892,217.97,2,0
1519,241.867,243.727,2,0
1520,409.925,185.258,2,0
1521,143.482,53.2488,2,0
1522,418.279,91.0173,2,0
1523,97.2089,236.562,2,0
1524,590.901,202.228,2,0
1525,70.7389,195.878,2,0
1526,14.8139,293.971,2,0
1527,57.8603,174.188,2,0
1528,145.239,38.368,2,0
1529,50.0803,45.5216,2,0
1530,54.691,257.248,2,0
1531,75.945,167.352,2,0
1532,587.239,187.186,2,0
1533,576.462,281.574,2,0
1534,190.842,246.459,2,0
1535,234.033,129.366,2,0
1536,149.806,79.6499,2,0
1537,362.363,118.291,2,0
1538,26.6195,197.051,2,0
1539,287.076,140.699,2,0
1540,254.429,294.033,2,0
1541,411.398,254.157,2,0
1542,82.0863,82.7628,2,0
1543,464.42,82.6108,2,0
1544,78.282,2,2,0
1545,391.521,273.325,2,0
1546,329.626,85.5841,2,0
1547,123.172,289.308,2,0
1548,581.112,274.455,2,0
1549,542.32,162.359,2,0
1550,250.162,52.8319,2,0
1551,52.3501,52.596,2,0
1552,563.744,152.719,2,0
1553,426.481,233.501,2,0
1554,127.07,131.816,2,0
1555,331.659,53.1671,2,0
1556,129.07,211.507,2,0
1557,237.271,140.58,2,0
1558,502.68,78.8536,2,0
1559,371.549,47.5614,2,0
1560,430.08,49.1256,2,0
1561,550.018,291.355,2,0
1562,562.776,270.563,2,0
1563,106.637,201.109,2,0
1564,487.539,58.0975,2,0
1565,536.052,81.4471,2,0
1566,15.5553,3.84537,2,0
1567,88.5731,180.765,2,0
1568,295.773,112.557,2,0
1569,6.94878,93.6847,2,0
1570,221.989,19.0938,2,0
1571,323.656,47.5609,2,0
1572,505.949,63.7361,2,0
1573,296.29,273.795,2,0
1574,571.086,18.6127,2,0
1575,129.039,166.977,2,0
1576,427.28,245.762,2,0
1577,235.322,106.421,2,0
1578,401.977,38.7587,2,0
1579,154.925,73.0095,2,0
1580,267.802,233.506,2,0
1581,285.341,68.0572,2,0
1582,270.052,135.355,2,0
1583,407.521,103.941,2,0
1584,96.1497,191.358,2,0
1585,384.405,99.9599,2,0
1586,503.899,135.597,2,0
1587,95.0825,42.7182,2,0
1588,497.896,126.428,2,0
1589,481.678,181.465,2,0
1590,455.012,38.0799,2,0
1591,54.1389,28.5895,2,0
1592,218.688,285.186,2,0
1593,562.623,66.1367,2,0
1594,103.774,60.1766,2,0
1595,252.319,260.178,2,0
1596,20.2106,194.406,2,0
1597,103.985,44.5155,2,0
1598,95.0379,175.225,2,0
1599,287.944,237.625,2,0
1600,336.363,273.868,2,0
1601,598.113,34.9641,2,0
1602,487.037,95.5255,2,0
1603,202.036,136.545,2,0
1604,134.318,99.0123,2,0
1605,356.744,177.236,2,0
1606,38.8284,113.369,2,0
1607,357.897,160.993,2,0
1608,413.356,191.886,2,0
1609,449.828,94.9258,2,0
1610,451.033,51.4395,2,0
1611,590.98,237.123,2,0
1612,127.763,149.883,2,0
1613,547.095,114.317,2,0
1614,592.116,32.7321,2,0
1615,350.716,170.343,2,0
1616,141.792,282.961,2,0
1617,117.282,195.202,2,0
1618,51.2012,273.269,2,0
1619,14.0438,298,2,0
1620,499.755,184.25,2,0
1621,486.484,47.6336,2,0
1622,533.584,84.695,2,0
1623,369.578,21.8636,2,0
1624,458.6,236.725,2,0
1625,492.211,209.933,2,0
1626,573.586,111.953,2,0
1627,331.971,244.492,2,0
1628,487.114,260.078,2,0
1629,77.4575,171.502,2,0
1630,477.104,253.325,2,0
1631,143.424,2,2,0
1632,217.233,65.8692,2,0
1633,381.876,200.477,2,0
1634,79.2252,179.512,2,0
1635,467.403,271.51,2,0
1636,172.171,270.378,2,0
1637,467.739,182.839,2,0
1638,346.532,25.6179,2,0
1639,132.849,92.1699,2,0
1640,434.231,9.13413,2,0
1641,15.1408,194.278,2,0
1642,246.335,291.93,2,0
1643,391.343,156.627,2,0
1644,390.211,165.287,2,0
1645,163.232,258.106,2,0
1646,214.098,210.961,2,0
1647,479.031,128.77,2,0
1648,344.462,262.329,2,0
1649,585.92,92.3827,2,0
1650,81.7066,197.19,2,0
1651,424.513,264.09,2,0
1652,546.218,286.331,2,0
1653,392.109,222.252,2,0
1654,377.381,203.311,2,0
1655,452.072,188.353,2,0
1656,496.949,5.57553,2,0
1657,527.163,217.309,2,0
1658,240.924,115.689,2,0
1659,167.963,6.67618,2,0
1660,24.782,56.1633,2,0
1661,204.154,80.9973,2,0
1662,69.0413,55.1024,2,0
1663,153.986,188.743,2,0
1664,398.427,184.501,2,0
1665,215.381,179.922,2,0
1666,432.455,294.22,2,0
1667,79.5887,209.69,2,0
1668,212.823,165.28,2,0
1669,548.303,85.008,2,0
1670,364.538,84.845,2,0
1671,22.2174,220.771,2,0
1672,525.215,112.014,2,0
1673,295.431,122.405,2,0
1674,39.9527,244.037,2,0
1675,350.661,268.932,2,0
1676,149.929,66.8369,2,0
1677,476.207,154.874,2,0
1678,127.569,225.816,2,0
1679,477.302,8.06262,2,0
1680,417.902,294.038,2,0
1681,554.029,186.253,2,0
1682,30.7782,44.6773,2,0
1683,583.683,147.281,2,0
1684,124.789,147.123,2,0
1685,292.343,119.802,2,0
1686,464.89,125.476,2,0
1687,41.1453,31.3758,2,0
1688,504.215,15.2536,2,0
1689,247.506,295.868,2,0
1690,268.866,172.891,2,0
1691,206.402,115.349,2,0
1692,277.889,60.8616,2,0
1693,365.227,146.221,2,0
1694,25.8882,172.657,2,0
1695,402.993,115.324,2,0
1696,556.615,45.533,2,0
1697,173.232,157.898,2,0
1698,573.791,165.692,2,0
1699,58.8205,109.623,2,0
1700,140.324,94.897,2,0
1701,556.659,263.24,2,0
1702,179.277,34.0457,2,0
1703,153.586,125.627,2,0
1704,62.3467,130.669,2,0
1705,313.826,217.571,2,0
1706,556.729,174.208,2,0
1707,146.13,144.384,2,0
1708,222.207,219.305,2,0
1709,43.4847,144.31,2,0
1710,566.502,196.181,2,0
1711,420.886,262.243,2,0
1712,24.2872,97.5633,2,0
1713,494.957,170.402,2,0
1714,169.013,221.085,2,0
1715,380.27,252.74,2,0
1716,197.278,267.184,2,0
1717,152.58,62.5574,2,0
1718,572.961,173.139,2,0
1719,301.667,4.6043,2,0
1720,513.121,67.5423,2,0
1721,362.291,109.557,2,0
1722,459.892,267.348,2,0
1723,56.6113,12.5817,2,0
1724,452.177,272.527,2,0
1725,85.9749,115.421,2,0
1726,24.4942,67.8913,2,0
1727,460.754,63.4892,2,0
1728,450.671,64.0541,2,0
1729,241.025,210.494,2,0
1730,400.102,191.424,2,0
1731,172.503,14.3897,2,0
1732,91.3665,87.9352,2,0
1733,214.022,69.5917,2,0
1734,421.803,244.879,2,0
1735,80.0772,205.583,2,0
1736,33.7545,81.1428,2,0
1737,403.619,189.497,2,0
1738,166.1,131.292,2,0
1739,345.757,153.884,2,0
1740,419.245,119.8,2,0
1741,297.408,205.696,2,0
1742,572.62,296.122,2,0
1743,39.2333,162.338,2,0
1744,441.908,228.717,2,0
1745,263.548,165.298,2,0
1746,179.385,260.295,2,0
1747,344.69,255.25,2,0
1748,490.942,295.266,2,0
1749,138.639,255.271,2,0
1750,161.799,80.5067,2,0
1751,528.216,245.112,2,0
1752,515.229,128.083,2,0
1753,372.4,166.48,2,0
1754,4.7049,253.704,2,0
1755,352.291,35.724,2,0
1756,128.307,260.967,2,0
1757,298.169,6.67346,2,0
1758,95.6556,171.095,2,0
1759,122.692,134.929,2,0
1760,382.284,19.3784,2,0
1761,322.199,141.719,2,0
1762,415.011,52.6277,2,0
1763,126.154,83.4421,2,0
1764,148.028,236.47,2,0
1765,486.581,232.53,2,0
1766,533.547,283.847,2,0
1767,505.558,8.64657,2,0
1768,444.182,294.371,2,0
1769,235.44,239.129,2,0
1770,444.553,191.602,2,0
1771,274.19,146.914,2,0
1772,456.868,5.10841,2,0
1773,297.507,71.4425,2,0
1774,59.6293,182.239,2,0
1775,223.609,122.378,2,0
1776,253.277,114.826,2,0
1777,56.594,142.991,2,0
1778,140.995,9.21842,2,0
1779,107.574,174.034,2,0
1780,479.588,196.043,2,0
1781,491.768,134.454,2,0
1782,473.013,267.256,2,0
1783,194.789,205.454,2,0
1784,286.516,8.09036,2,0
1785,166.142,285.649,2,0
1786,362.086,238.495,2,0
1787,415.852,206.577,2,0
1788,193.219,209.209,2,0
1789,355.205,218.906,2,0
1790,466.669,257.413,2,0
1791,346.047,128.835,2,0
1792,395.187,259.975,2,0
1793,54.185,223.183,2,0
1794,264.678,42.2357,2,0
1795,575.294,293.125,2,0
1796,598.946,48.972,2,0
1797,371.522,264.929,2,0
1798,443.255,154.358,2,0
1799,291.235,123.796,2,0
1800,168.621,114.809,2,0
1801,404.423,213.872,2,0
1802,311.758,294.143,2,0
1803,74.8882,81.9802,2,0
1804,332.587,101.785,2,0
1805,347.638,16.1499,2,0
1806,400.47,163.904,2,0
1807,61.8676,174.612,2,0
1808,115.935,125.986,2,0
1809,502.363,154.635,2,0
1810,412.412,115.197,2,0
1811,513.354,26.3088,2,0
1812,452.491,12.0242,2,0
1813,381.951,270.03,2,0
1814,125.397,195.428,2,0
1815,418.35,282.28,2,0
1816,402.398,275.129,2,0
1817,286.805,294.474,2,0
1818,140.585,21.4599,2,0
1819,225.7,201.426,2,0
1820,391.442,145.478,2,0
1821,471.38,86.0792,2,0
1822,160.073,247.452,2,0
1823,530.626,8.31387,2,0
1824,520.425,241.897,2,0
1825,363.088,224.074,2,0
1826,540.375,289.499,2,0
1827,577.526,139.244,2,0
1828,532.584,4.77308,2,0
1829,328.377,90.9915,2,0
1830,442.142,298,2,0
1831,472.714,204.224,2,0
1832,113.441,11.1037,2,0
1833,253.34,48.9451,2,0
1834,477.848,51.6993,2,0
1835,331.376,35.7768,2,0
1836,543.225,6.05081,2,0
1837,40.3562,131.157,2,0
1838,59.1109,271.344,2,0
1839,421.656,154.788,2,0
1840,69.2779,101.335,2,0
1841,108.867,204.501,2,0
1842,305.474,87.0862,2,0
1843,229.102,284.906,2,0
1844,219.88,62.651,2,0
1845,550.696,28.2472,2,0
1846,252.035,273.48,2,0
1847,216.946,226.569,2,0
1848,260.004,216.011,2,0
1849,478.818,15.2127,2,0
1850,83.3929,166.145,2,0
1851,536.229,207.883,2,0
1852,336.212,77.5867,2,0
1853,81.6598,239.778,2,0
1854,21.6513,204.583,2,0
1855,367.605,129.62,2,0
1856,139.442,222.243,2,0
1857,169.175,188.294,2,0
1858,503.998,280.266,2,0
1859,574.011,0.511474,2,0
1860,394.941,225.389,2,0
1861,218.885,103.337,2,0
1862,179.596,110.241,2,0
1863,111.361,19.1345,2,0
1864,352.852,259.288,2,0
1865,480.605,41.5276,2,0
1866,591.764,279.976,2,0
1867,383.059,5.16981,2,0
1868,71.3332,48.3972,2,0
1869,222.663,204.089,2,0
1870,75.4361,116.924,2,0
1871,167.007,2.59583,2,0
1872,595.963,31.4846,2,0
1873,342.666,251.578,2,0
1874,128.534,59.0253,2,0
1875,45.7334,29.9608,2,0
1876,35.0556,162.392,2,0
1877,436.525,33.7712,2,0
1878,301.495,86.3454,2,0
1879,254.734,184.019,2,0
1880,480.805,251.348,2,0
1881,8.58881,113.827,2,0
1882,220.046,258.216,2,0
1883,83.4216,96.9831,2,0
1884,382.844,90.7463,2,0
1885,381.553,123.422,2,0
1886,67.4804,298,2,0
1887,100.513,97.3816,2,0
1888,574.109,216.104,2,0
1889,44.3578,161.164,2,0
1890,564.267,15.8303,2,0
1891,497.289,210.552,2,0
1892,74.1691,149.861,2,0
1893,417.942,270.124,2,0
1894,395.246,149.355,2,0
1895,220.107,83.7276,2,0
1896,68.6814,38.9955,2,0
1897,496.634,287.846,2,0
1898,300.604,43.21,2,0
1899,366.718,33.5665,2,0
1900,78.2126,259.445,2,0
1901,594.331,242.142,2,0
1902,470.396,96.6507,2,0
1903,560.842,110.383,2,0
1904,87.2519,138.582,2,0
1905,66.9103,253.618,2,0
1906,391.803,44.6125,2,0
1907,118.459,134.279,2,0
1908,117.966,58.585,2,0
1909,35.7685,24.8306,2,0
1910,321.876,66.6929,2,0
1911,542.198,125.009,2,0
1912,482.658,98.1731,2,0
1913,251.353,247.169,2,0
1914,463.857,239.271,2,0
1915,331.757,201.719,2,0
1916,521.893,27.1822,2,0
1917,504.176,267.575,2,0
1918,311.452,113.444,2,0
1919,184.614,243.06,2,0
1920,277.712,51.4671,2,0
1921,213.602,221.276,2,0
1922,263.133,97.6527,2,0
1923,34.4552,285.3,2,0
1924,184.464,280.621,2,0
1925,578.832,258.262,2,0
1926,416.042,149.667,2,0
1927,575.188,90.0501,2,0
1928,209.269,178.675,2,0
1929,316.991,99.1479,2,0
1930,433.955,161.219,2,0
1931,504.868,94.2508,2,0
1932,242.858,137.953,2,0
1933,540.035,86.207,2,0
1934,362.222,38.9597,2,0
1935,266.828,206.288,2,0
1936,112.405,192.174,2,0
1937,124.403,49.7585,2,0
1938,484.253,223.554,2,0
1939,525.077,143.936,2,0
1940,202.998,268.085,2,0
1941,273.921,289.036,2,0
1942,171.097,251.447,2,0
1943,275.627,230.956,2,0
1944,458.513,13.0994,2,0
1945,17.2025,141.126,2,0
1946,492.673,51.7453,2,0
1947,63.8977,274.793,2,0
1948,56.5146,84.0548,2,0
1949,330.979,79.8116,2,0
1950,189.908,119.013,2,0
1951,585.779,100.691,2,0
1952,64.7398,31.621,2,0
1953,111.781,45.0274,2,0
1954,50.5459,262.213,2,0
1955,24.0866,176.255,2,0
1956,230.394,233.734,2,0
1957,308.339,19.269,2,0
1958,574.925,38.823,2,0
1959,143.145,81.8534,2,0
1960,129.622,73.051,2,0
1961,99.5869,155.056,2,0
1962,391.364,180.726,2,0
1963,213.06,225.299,2,0
1964,509.093,92.4018,2,0
1965,38.4124,121.426,2,0
1966,396.363,143.763,2,0
1967,510.262,287.761,2,0
1968,430.123,77.7421,2,0
1969,234.298,151.269,2,0
1970,482.305,64.7698,2,0
1971,8.84701,169.827,2,0
1972,526.819,115.747,2,0
1973,200.302,7.91491,2,0
1974,242.826,279.38,2,0
1975,502.533,108.626,2,0
1976,149.723,268.534,2,0
1977,544.289,60.687,2,0
1978,256.055,158.854,2,0
1979,333.353,231.157,2,0
1980,138.297,98.4707,2,0
1981,291.952,169.176,2,0
1982,207.462,193.791,2,0
1983,496.803,281.431,2,0
1984,407.934,284.834,2,0
1985,368.859,79.88,2,0
1986,513.811,289.939,2,0
1987,170.925,169.019,2,0
1988,423.189,64.844,2,0
1989,468.169,157.67,2,0
1990,534.679,15.2898,2,0
1991,588.462,210.859,2,0
1992,204.861,108.325,2,0
1993,120.872,38.7857,2,0
1994,426.143,6.12822,2,0
1995,291.61,46.4113,2,0
1996,244.534,197.566,2,0
1997,358.385,245.397,2,0
1998,514.554,150.557,2,0
1999,434.256,217.204,2,0
2000,521.077,237.89,2,0
2001,262.781,204.464,2,0
2002,134.555,2.92361,2,0
2003,468.118,224.076,2,0
2004,48.4411,95.1834,2,0
2005,455.302,269.987,2,0
2006,39.9541,196.689,2,0
2007,251.646,56.6026,2,0
2008,164.08,247.086,2,0
2009,452.051,76.9662,2,0
2010,5.89253,121.741,2,0
2011,509.284,243.775,2,0
2012,404.772,126.211,2,0
2013,147.314,253.62,2,0
2014,564.752,204.719,2,0
2015,355.628,284.092,2,0
2016,391.648,278.717,2,0
2017,385.369,44.9243,2,0
2018,449.763,251.645,2,0
2019,577.393,35.472,2,0
2020,480.248,243.957,2,0
2021,199.542,38.5023,2,0
2022,112.177,150.372,2,0
2023,493.15,198.212,2,0
2024,269.437,116.559,2,0
2025,598.406,140.067,2,0
2026,442.875,63.2267,2,0
2027,598.097,288.12,2,0
2028,57.1192,290.572,2,0
2029,258.972,236.14,2,0
2030,108.184,294.339,2,0
2031,217.847,37.2383,2,0
2032,455.453,0.834037,2,0
2033,433.862,253.93,2,0
2034,167.69,60.758,2,0
2035,113.382,7.03219,2,0
2036,578.716,87.7261,2,0
2037,356.259,30.1258,2,0
2038,108.138,285.161,2,0
2039,488.57,228.847,2,0
2040,172.009,33.6191,2,0
2041,414.63,69.5395,2,0
2042,114.4,22.0067,2,0
2043,91.4616,44.4289,2,0
2044,241.098,67.7918,2,0
2045,66.3396,6.07189,2,0
2046,26.9885,135.73,2,0
2047,388.967,230.644,2,0
2048,195.348,169.563,2,0
2049,426.937,260.235,2,0
2050,73.5304,91.6078,2,0
2051,476.672,93.3619,2,0
2052,474.219,230.47,2,0
2053,211.321,156.346,2,0
2054,159.19,72.2399,2,0
2055,301.948,61.4739,2,0
2056,324.666,197.682,2,0
2057,351.734,15.7565,2,0
2058,146.94,199.43,2,0
2059,53.1218,155.471,2,0
2060,126.414,185.208,2,0
2061,100.614,181.336,2,0
2062,18.7331,78.2072,2,0
2063,246.861,268.727,2,0
2064,233.823,46.4135,2,0
2065,495.866,60.3033,2,0
2066,20.9091,209.655,2,0
2067,344.911,222.141,2,0
2068,329.199,170.897,2,0
2069,366.773,7.71892,2,0
2070,547.595,13.9318,2,0
2071,304.438,240.549,2,0
2072,139.584,168.628,2,0
2073,82.2693,267.363,2,0
2074,258.959,197.287,2,0
2075,40.5831,277.414,2,0
2076,395.235,12.0513,2,0
2077,236.558,76.4686,2,0
2078,553.669,127.866,2,0
2079,62.591,167.336,2,0
2080,303.746,190.161,2,0
2081,382.551,12.3431,2,0
2082,175.129,54.2372,2,0
2083,438.963,27.5391,2,0
2084,499.832,54.7642,2,0
2085,276.079,127.255,2,0
2086,139.851,230.144,2,0
2087,471.402,271.012,2,0
2088,463.515,201.34,2,0
2089,121.675,144.521,2,0
2090,437.933,48.3686,2,0
2091,555.994,166.898,2,0
2092,31.1509,210.516,2,0
2093,415.663,250.071,2,0
2094,249.623,243.44,2,0
2095,395.413,61.6113,2,0
2096,139.067,237.743,2,0
2097,31.9053,40.5849,2,0
2098,579.207,29.8694,2,0
2099,357.288,146.066,2,0
2100,107.739,52.6091,2,0
2101,535.8,172.575,2,0
2102,303.088,90.4236,2,0
2103,330.02,223.274,2,0
2104,296.698,159.022,2,0
2105,572.284,212.514,2,0
2106,25.9143,154.676,2,0
2107,128.968,234.847,2,0
2108,367.317,172.148,2,0
2109,412.667,4.27812,2,0
2110,68.2182,151.365,2,0
2111,327.699,113.861,2,0
2112,438.693,5.63887,2,0
2113,430.354,163.253,2,0
2114,557.181,289.766,2,0
2115,262.442,131.228,2,0
2116,513.953,186.659,2,0
2117,2.49445,234.518,2,0
2118,415.464,36.8822,2,0
2119,165.633,250.896,2,0
2120,317.205,274.408,2,0
2121,167.899,41.4346,2,0
2122,180.431,153.148,2,0
2123,486.985,69.0789,2,0
2124,589.071,257.582,2,0
2125,349.857,162.101,2,0
2126,340.081,76.1155,2,0
2127,500.142,279.172,2,0
2128,239.835,51.2559,2,0
2129,312.759,48.3604,2,0
2130,271.83,122.46,2,0
2131,387.182,183.83,2,0
2132,452.505,125.532,2,0
2133,421.377,266.611,2,0
2134,112.198,224.855,2,0
2135,37.8183,80.1887,2,0
2136,424.031,248.24,2,0
2137,162.397,1.24769,2,0
2138,538.744,78.0126,2,0
2139,436.407,68.9707,2,0
2140,286.263,160.304,2,0
2141,566.558,39.9133,2,0
2142,413.427,230.283,2,0
2143,134.99,154.265,2,0
2144,536.467,267.879,2,0
2145,269.8,209.166,2,0
2146,571.462,10.2665,2,0
2147,192.866,3.09221,2,0
2148,357.176,13.4995,2,0
2149,101.855,134.582,2,0
2150,532.229,80.1888,2,0
2151,416.544,116.598,2,0
2152,72.5904,266.287,2,0
2153,499.594,136.676,2,0
2154,20.6012,56.2081,2,0
2155,287.943,259.397,2,0
2156,112.001,273.116,2,0
2157,566.935,261.131,2,0
2158,337.958,259.18,2,0
2159,476.227,244.298,2,0
2160,445.758,161.287,2,0
2161,285.111,130.186,2,0
2162,262.564,251.498,2,0
2163,22.991,169.782,2,0
2164,417.774,133.458,2,0
2165,437.425,177.309,2,0
2166,485.879,185.981,2,0
2167,410.699,281.849,2,0
2168,240.924,289.096,2,0
2169,229.899,47.6915,2,0
2170,184.405,88.1205,2,0
2171,93.9803,99.8838,2,0
2172,197.748,76.3861,2,0
2173,479.099,270.904,2,0
2174,431.041,64.8229,2,0
2175,156.289,138.641,2,0
2176,331.669,161.458,2,0
2177,249.509,60.0686,2,0
2178,394.588,121.959,2,0
2179,394.769,239.137,2,0
2180,472.448,114.839,2,0
2181,213.191,65.673,2,0
2182,84.4704,232.931,2,0
2183,107.795,17.2031,2,0
2184,398.594,88.774,2,0
2185,529.475,192.628,2,0
2186,562.097,114.378,2,0
2187,97.3553,291.476,2,0
2188,348.487,288.826,2,0
2189,108.949,118.315,2,0
2190,415.513,56.7183,2,0
2191,323.614,286.512,2,0
2192,220.012,281.321,2,0
2193,158.472,255.487,2,0
2194,484.306,149.505,2,0
2195,359.371,241.501,2,0
2196,183.54,231.361,2,0
2197,516.845,236.179,2,0
2198,379.71,25.9748,2,0
2199,254.107,131.834,2,0
2200,597.064,92.5717,2,0
2201,209.387,98.6353,2,0
2202,525.755,21.408,2,0
2203,251.968,193.525,2,0
2204,526.491,59.7824,2,0
2205,31.3864,164.429,2,0
2206,345.465,235.322,2,0
2207,549.537,122.011,2,0
2208,86.7072,168.396,2,0
2209,81.5854,103.034,2,0
2210,197.45,247.718,2,0
2211,22.0561,290.443,2,0
2212,534.08,50.1085,2,0
2213,191.819,270.979,2,0
2214,356.095,80.0756,2,0
2215,521.535,259.238,2,0
2216,587.69,127.185,2,0
2217,0.521875,39.3965,2,0
2218,170.035,55.31,2,0
2219,561.428,182.936,2,0
2220,48.2181,201,2,0
2221,426.867,170.331,2,0
2222,94.5814,213.642,2,0
2223,561.284,294.006,2,0
2224,8.52118,189.646,2,0
2225,44.3008,18.4879,2,0
2226,343.131,64.913,2,0
2227,362.782,46.8829,2,0
2228,79.0163,183.68,2,0
2229,147.861,179.038,2,0
2230,188.401,42.0885,2,0
2231,11.9725,118.738,2,0
2232,583.417,125.512,2,0
2233,540.899,113.924,2,0
2234,4.64602,173.343,2,0
2235,155.614,297.182,2,0
2236,423.68,149.242,2,0
2237,379.285,206.887,2,0
2238,125.839,181.213,2,0
2239,137.605,151.018,2,0
2240,283.536,56.5194,2,0
2241,65.2865,72.8814,2,0
2242,264.841,179.777,2,0
2243,30.451,248.031,2,0
2244,22.8068,185.984,2,0
2245,258.526,42.0093,2,0
2246,405.919,230.806,2,0
2247,425.606,162.217,2,0
2248,247.873,72.7659,2,0
2249,463.079,279.43,2,0
2250,277.673,65.7738,2,0
2251,239.025,24.2524,2,0
2252,57.9088,267.341,2,0
2253,595.617,193.338,2,0
2254,173.775,98.3149,2,0
2255,70.8408,295.72,2,0
2256,26.1247,290.286,2,0
2257,34.3825,281.209,2,0
2258,180.199,200.973,2,0
2259,94.7766,239.848,2,0
2260,462.856,121.766,2,0
2261,326.429,40.9783,2,0
2262,100.53,268.044,2,0
2263,315.166,193.728,2,0
2264,176.665,26.7129,2,0
2265,26.6227,281.368,2,0
2266,318.175,295.844,2,0
2267,228.25,38.2172,2,0
2268,126.51,109.5,2,0
2269,281.496,143.082,2,0
2270,422.17,59.7407,2,0
2271,92.181,221.254,2,0
2272,390.82,77.4775,2,0
2273,154.102,208.098,2,0
2274,381.107,129.115,2,0
2275,527.987,108.602,2,0
2276,145.865,5.33329,2,0
2277,372.689,12.8678,2,0
2278,188.911,283.438,2,0
2279,479.343,116.813,2,0
2280,463.507,129.824,2,0
2281,568.014,88.0888,2,0
2282,2.23855,229.28,2,0
2283,304.554,17.803,2,0
2284,231.151,261.105,2,0
2285,148.862,259.099,2,0
2286,396.166,82.5232,2,0
2287,135.14,202.764,2,0
2288,373.186,159.694,2,0
2289,76.4617,267.589,2,0
2290,75.7551,177.49,2,0
2291,388.589,37.9026,2,0
2292,375.738,270.494,2,0
2293,1.51549,22.0127,2,0
2294,279.776,129.916,2,0
2295,586.006,214.358,2,0
2296,168.291,37.3026,2,0
2297,488.182,210.55,2,0
2298,388.619,170.892,2,0
2299,506.393,149.195,2,0
2300,326.269,141.529,2,0
2301,26.7772,111.103,2,0
2302,577.664,114.542,2,0
2303,497.352,199.333,2,0
2304,313.665,225.696,2,0
2305,446.873,62.0511,2,0
2306,61.496,137.85,2,0
2307,310.713,130.407,2,0
2308,165.937,126.728,2,0
2309,495.054,2,2,0
2310,322.376,84.8419,2,0
2311,295.307,43.1866,2,0
2312,574.575,24.1926,2,0
2313,584.204,158.075,2,0
2314,528.973,133.948,2,0
2315,547.812,91.9997,2,0
2316,165.138,219.85,2,0
2317,442.713,204.221,2,0
2318,428.406,135.433,2,0
2319,202.782,290.271,2,0
2320,396.709,287.545,2,0
2321,172.475,74.5383,2,0
2322,539.301,205.092,2,0
2323,416.82,137.503,2,0
2324,490.463,237.845,2,0
2325,245.689,179.746,2,0
2326,338.998,192.204,2,0
2327,367.5,48.4751,2,0
2328,437.69,116.252,2,0
2329,199.849,61.6603,2,0
2330,199.093,57.5454,2,0
2331,49.8185,296.747,2,0
2332,336.85,17.6188,2,0
2333,137.664,37.0335,2,0
2334,179.835,217.081,2,0
2335,532.332,109.83,2,0
2336,153.551,249.149,2,0
2337,273.074,17.1199,2,0
2338,433.073,39.7782,2,0
2339,71.6381,273.999,2,0
2340,119.433,175.973,2,0
2341,369.039,230.872,2,0
2342,254.742,250.65,2,0
2343,475.414,207.626,2,0
2344,464.222,143.694,2,0
2345,394.871,19.9022,2,0
2346,162.006,31.5117,2,0
2347,597.595,54.9002,2,0
2348,251.152,165.921,2,0
2349,181.929,74.5496,2,0
2350,181.451,227.272,2,0
2351,314.848,127.848,2,0
2352,289.12,152.968,2,0
2353,568.61,144.735,2,0
2354,332.159,195.792,2,0
2355,395.713,275.517,2,0
2356,583.928,135.932,2,0
2357,526.538,137.191,2,0
2358,166.378,153.675,2,0
2359,222.789,284.399,2,0
2360,285.002,110.85,2,0
2361,283.158,27.5453,2,0
2362,171.75,18.3816,2,0
2363,549.914,126.16,2,0
2364,412.242,110.366,2,0
2365,244.185,142.185,2,0
2366,85.6268,290.041,2,0
2367,435.665,92.3819,2,0
2368,164.75,139.367,2,0
2369,5.78518,85.6697,2,0
2370,177.264,298,2,0
2371,96.7518,94.4687,2,0
2372,216.01,270.59,2,0
2373,478.961,67.168,2,0
2374,514.174,298,2,0
2375,109.034,290.305,2,0
2376,30.7679,286.911,2,0
2377,384.435,266.743,2,0
2378,38.2556,50.2334,2,0
2379,324.45,243.05,2,0
2380,219.426,114.238,2,0
2381,266.781,12.0657,2,0
2382,232.686,202.142,2,0
2383,328.181,203.656,2,0
2384,582.559,103.979,2,0
2385,257.614,49.6726,2,0
2386,217.723,222.619,2,0
2387,593.736,24.298,2,0
2388,358.212,237.224,2,0
2389,262.891,198.281,2,0
2390,253.084,124.767,2,0
2391,402.479,171.256,2,0
2392,20.978,255.135,2,0
2393,76.1265,227.557,2,0
2394,6.90025,273.688,2,0
2395,518.452,123.331,2,0
2396,326.528,24.1981,2,0
2397,138.023,82.539,2,0
2398,49.7057,157.732,2,0
2399,112.817,97.3817,2,0
2400,100.667,276.643,2,0
2401,589.683,93.7517,2,0
2402,209.192,65.441,2,0
2403,471.81,71.5457,2,0
2404,359.131,224.897,2,0
2405,568.365,35.3364,2,0
2406,532.153,42.7572,2,0
2407,250.243,117.672,2,0
2408,283.788,119.988,2,0
2409,314.295,221.736,2,0
2410,179.852,290.2,2,0
2411,566.979,288.453,2,0
2412,541.415,120.039,2,0
2413,296.013,170.366,2,0
2414,536.694,131.873,2,0
2415,379.351,297.828,2,0
2416,447.863,76.5336,2,0
2417,0.315351,298,2,0
2418,501.96,189.686,2,0
2419,432.76,189.071,2,0
2420,569.141,268.937,2,0
2421,252.001,19.5262,2,0
2422,359.607,171.896,2,0
2423,160.47,53.7119,2,0
2424,210.048,238.203,2,0
2425,567.023,167.81,2,0
2426,372.213,253.47,2,0
2427,447.225,91.6443,2,0
2428,452.409,192.62,2,0
2429,361.938,77.0091,2,0
2430,221.578,200.188,2,0
2431,431.047,101.72,2,0
2432,416.919,290.156,2,0
2433,88.7769,122.858,2,0
2434,551.72,95.0357,2,0
2435,379.476,75.4612,2,0
2436,276.828,5.12008,2,0
2437,158.57,193.302,2,0
2438,513.128,169.906,2,0
2439,415.766,6.89294,2,0
2440,160.21,260.816,2,0
2441,277.877,234.959,2,0
2442,442.277,224.694,2,0
2443,255.986,18.7042,2,0
2444,256.091,23.9008,2,0
2445,81.5547,292.029,2,0
2446,183.105,27.0421,2,0
2447,595.868,154.759,2,0
2448,195.214,294.756,2,0
2449,148.291,118.269,2,0
2450,439.058,137.252,2,0
2451,450.788,255.582,2,0
2452,322.277,96.3414,2,0
2453,487.493,146.683,2,0
2454,404.243,139.068,2,0
2455,52.5683,67.671,2,0
2456,277.76,290.298,2,0
2457,271.105,168.48,2,0
2458,136.75,295.473,2,0
2459,223.999,2,2,0
2460,314.005,31.7457,2,0
2461,57.976,146.835,2,0
2462,304.843,51.915,2,0
2463,270.643,149.045,2,0
2464,156.457,33.2776,2,0
2465,429.764,25.6086,2,0
2466,466.157,230.586,2,0
2467,495.828,154.289,2,0
2468,209.981,90.5474,2,0
2469,311.773,5.29642,2,0
2470,150.091,27.1535,2,0
2471,268.26,84.5632,2,0
2472,172.649,190.328,2,0
2473,210.496,228.406,2,0
2474,309.006,234.79,2,0
2475,434.444,125.229,2,0
2476,453.847,15.9609,2,0
2477,452.553,279.355,2,0
2478,135.303,60.3327,2,0
2479,402.371,262.078,2,0
2480,35.1435,189.923,2,0
2481,184.298,215.187,2,0
2482,324.715,103.538,2,0
2483,95.6272,272.075,2,0
2484,169.777,193.334,2,0
2485,341.981,2,2,0
2486,468.056,202.904,2,0
2487,53.5342,89.6606,2,0
2488,20.2144,27.4403,2,0
2489,182.711,95.8253,2,0
2490,506.056,156.398,2,0
2491,480.428,255.61,2,0
2492,515.729,15.4982,2,0
2493,497.503,167.127,2,0
2494,497.911,298,2,0
2495,492.667,141.102,2,0
2496,481.064,48.0099,2,0
2497,246.024,152.415,2,0
2498,527.553,164.776,2,0
2499,596.529,147.41,2,0
2500,463.811,102.234,2,0
2501,399.273,54.6464,2,0
2502,318.431,73.8097,2,0
2503,516.77,19.4294,2,0
2504,396.341,166.087,2,0
2505,23.6877,270.797,2,0
2506,232.075,39.6845,2,0
2507,589.34,233.354,2,0
2508,281.161,187.62,2,0
2509,218.437,273.799,2,0
2510,6.25491,268.188,2,0
2511,255.153,9.99634,2,0
2512,385.874,201.385,2,0
2513,470.786,243.451,2,0
2514,427.494,9.94974,2,0
2515,482.06,23.7335,2,0
2516,446.808,204.862,2,0
2517,27.2505,5.56172,2,0
2518,352.346,225.636,2,0
2519,131.034,177.522,2,0
2520,519.296,298,2,0
2521,538.969,199.247,2,0
2522,336.354,195.242,2,0
2523,90.3571,62.7288,2,0
2524,173.446,29.8328,2,0
2525,108.297,109.215,2,0
2526,531.495,151.043,2,0
2527,61.1507,56.7452,2,0
2528,400.756,212.165,2,0
2529,277.233,78.9446,2,0
2530,484.808,283.499,2,0
2531,7.24785,31.3233,2,0
2532,42.5242,102.037,2,0
2533,157.288,43.6374,2,0
2534,275.094,25.9279,2,0
2535,78.2013,297.038,2,0
2536,150.182,131.401,2,0
2537,90.5983,136.004,2,0
2538,94.0903,254.739,2,0
2539,336.245,293.269,2,0
2540,370.394,106.209,2,0
2541,92.9178,228.766,2,0
2542,563.036,132.959,2,0
2543,123.927,244.631,2,0
2544,522.551,130.176,2,0
2545,411.053,242.024,2,0
2546,552.836,34.3944,2,0
2547,326.309,136.284,2,0
2548,45.7939,296.735,2,0
2549,480.269,173.078,2,0
2550,149.841,127.316,2,0
2551,79.9485,226.008,2,0
2552,144.286,238.031,2,0
2553,462.663,52.8934,2,0
2554,43.4623,167.374,2,0
2555,39.037,259.854,2,0
2556,405.379,175.839,2,0
2557,307.832,127.492,2,0
2558,50.5323,123.192,2,0
2559,479.933,282.492,2,0
2560,173.75,295.993,2,0
2561,274.371,172.551,2,0
2562,524.974,252.532,2,0
2563,260.176,274.898,2,0
2564,432.654,105.858,2,0
2565,312.169,159.098,2,0
2566,366.622,142.4,2,0
2567,433.818,5.07741,2,0
2568,234.981,268.45,2,0
2569,35.1135,93.7683,2,0
2570,56.0735,162.518,2,0
2571,152.04,30.9107,2,0
2572,292.744,185.901,2,0
2573,484.585,20.5555,2,0
2574,160.516,95.8631,2,0
2575,458.466,93.3109,2,0
2576,60.4169,141.794,2,0
2577,164.557,63.4062,2,0
2578,8.81394,46.4866,2,0
2579,344.915,124.169,2,0
2580,562.387,102.228,2,0
2581,50.3501,129.426,2,0
2582,271.419,271.534,2,0
2583,148.833,147.516,2,0
2584,124.805,177.227,2,0
2585,333.509,110.308,2,0
2586,199.181,121.548,2,0
2587,318.122,83.2315,2,0
2588,476.171,177.531,2,0
2589,397.98,249.023,2,0
2590,582.648,90.0793,2,0
2591,24.3807,81.9671,2,0
2592,416.393,145.647,2,0
2593,14.0867,152.191,2,0
2594,93.1226,155.483,2,0
2595,413.505,238.844,2,0
2596,574.743,258.565,2,0
2597,199.371,263.686,2,0
2598,571.222,90.598,2,0
2599,385.336,49.7806,2,0
2600,310.032,221.383,2,0
2601,378.273,173.697,2,0
2602,133.273,293.088,2,0
2603,24.8177,73.9558,2,0
2604,157.615,2.63837,2,0
2605,81.9537,174.122,2,0
2606,529.556,271.499,2,0
2607,64.6392,170.814,2,0
2608,436.724,112.293,2,0
2609,430.831,70.1005,2,0
2610,364.011,127.641,2,0
2611,89.1232,143.725,2,0
2612,84.0037,25.2892,2,0
2613,474.201,218.716,2,0
2614,170.651,22.3816,2,0
2615,12.9066,28.6647,2,0
2616,454.073,242.63,2,0
2617,222.061,92.9267,2,0
2618,34.6143,202.563,2,0
2619,361.555,189.371,2,0
2620,255.576,238.834,2,0
2621,392.116,49.4534,2,0
2622,270.167,2,2,0
2623,528.966,63.0339,2,0
2624,219.611,232.574,2,0
2625,416.194,126.413,2,0
2626,191.549,7.35388,2,0
2627,157.166,270.213,2,0
2628,6.72002,71.6471,2,0
2629,547.396,220.53,2,0
2630,483.473,258.421,2,0
2631,61.0402,12.6673,2,0
2632,355.808,157.462,2,0
2633,575.713,147.944,2,0
2634,345.76,93.0495,2,0
2635,566.437,101.993,2,0
2636,433.54,121.233,2,0
2637,470.295,231.337,2,0
2638,525.017,238.923,2,0
2639,410.409,70.8017,2,0
2640,327.21,266.867,2,0
2641,590.814,206.709,2,0
2642,315.519,259.548,2,0
2643,434.595,55.7992,2,0
2644,554.804,163.049,2,0
2645,216.361,158.601,2,0
2646,159.563,65.3161,2,0
2647,257.885,105.963,2,0
2648,348.453,122.129,2,0
2649,441.691,220.73,2,0
2650,216.186,214.626,2,0
2651,289.898,227.942,2,0
2652,437.566,282.308,2,0
2653,498.836,156.949,2,0
2654,471.579,2,2,0
2655,517.492,281.699,2,0
2656,425.25,99.6422,2,0
2657,125.585,292.57,2,0
2658,233.961,142.86,2,0
2659,349.81,212.873,2,0
2660,86.1517,241.036,2,0
2661,299.461,107.774,2,0
2662,529.868,143.534,2,0
2663,145.259,136.387,2,0
2664,233.323,216.011,2,0
2665,140.529,293.98,2,0
2666,40.9281,138.916,2,0
2667,309.257,239.622,2,0
2668,241.289,275.186,2,0
2669,505.951,271.954,2,0
2670,53.3787,2,2,0
2671,42.8376,14.6507,2,0
2672,485.455,292.889,2,0
2673,154.178,41.0839,2,0
2674,98.893,138.765,2,0
2675,526.275,189.951,2,0
2676,209.223,162.745,2,0
2677,207.8,87.1796,2,0
2678,425.284,272.893,2,0
2679,108.582,270.904,2,0
2680,559.846,16.8157,2,0
2681,462.058,10.9176,2,0
2682,381.863,190.087,2,0
2683,310.429,228.125,2,0
2684,185.914,52.82,2,0
2685,597.661,164.165,2,0
2686,82.6778,253.506,2,0
2687,594.036,283.715,2,0
2688,408.049,251.685,2,0
2689,422.925,2.52804,2,0
2690,75.7703,24.7849,2,0
2691,168.836,256.317,2,0
2692,437.004,17.4814,2,0
2693,583.268,294.396,2,0
2694,238.978,136.795,2,0
2695,143.589,147.518,2,0
2696,473.874,255.777,2,0
2697,456.455,275.294,2,0
2698,408.196,48.4921,2,0
2699,507.064,52.8355,2,0
2700,156.804,104.613,2,0
2701,469.9,254.851,2,0
2702,117.224,243.515,2,0
2703,554.221,123.826,2,0
2704,205.15,207.747,2,0
2705,232.772,293.515,2,0
2706,343.482,150.444,2,0
2707,588.332,120.499,2,0
2708,62.5436,298,2,0
2709,159.679,57.6336,2,0
2710,499.684,58.7855,2,0
2711,409.16,228.078,2,0
2712,328.443,242.535,2,0
2713,117.926,189.67,2,0
2714,225.104,77.2152,2,0
2715,389.103,210.223,2,0
2716,115.897,18.294,2,0
2717,55.1989,294.2,2,0
2718,39.0067,191.721,2,0
2719,195.159,253.593,2,0
2720,294.292,256.63,2,0
2721,221.415,288.348,2,0
2722,557.267,155.44,2,0
2723,433.426,221.248,2,0
2724,265.403,223.63,2,0
2725,192.297,40.1434,2,0
2726,367.541,57.4006,2,0
2727,352.967,58.8355,2,0
2728,95.4207,14.3228,2,0
2729,439.41,65.9824,2,0
2730,72.7882,74.679,2,0
2731,596.555,180.692,2,0
2732,135.383,147.453,2,0
2733,401.183,67.5098,2,0
2734,358.328,20.5383,2,0
2735,43.1605,85.4304,2,0
2736,70.2624,2,2,0
2737,47.6935,26.2627,2,0
2738,20.7203,39.0022,2,0
2739,212.275,189.687,2,0
2740,371.622,187.884,2,0
2741,474.404,225.666,2,0
2742,262.726,11.8697,2,0
2743,125.049,77.603,2,0
2744,281.431,154.86,2,0
2745,95.972,133.118,2,0
2746,129.157,128.344,2,0
2747,551.818,78.7353,2,0
2748,530.685,105.625,2,0
2749,305.233,28.3587,2,0
2750,450.118,168.067,2,0
2751,406.243,263.12,2,0
2752,76.7966,160.504,2,0
2753,291.156,265.403,2,0
2754,355.271,279.285,2,0
2755,211.954,54.0419,2,0
2756,561.507,70.0656,2,0
2757,26.6532,78.4022,2,0
2758,31.7712,24.6206,2,0
2759,455.649,185.397,2,0
2760,265.69,50.4264,2,0
2761,354.904,294.152,2,0
2762,45.5752,251.358,2,0
2763,216.479,150.526,2,0
2764,355.624,45.9151,2,0
2765,147.688,0.0726112,2,0
2766,40.7519,158.304,2,0
2767,441.619,12.1205,2,0
2768,574.764,191.986,2,0
2769,254.905,59.1078,2,0
2770,343.457,78.4824,2,0
2771,157.547,167.988,2,0
2772,416.078,175.772,2,0
2773,484.505,239.757,2,0
2774,591.783,87.7081,2,0
2775,203.407,196.45,2,0
2776,61.5029,162.082,2,0
2777,585.24,273.978,2,0
2778,6.98721,89.6081,2,0
2779,410.473,34.2371,2,0
2780,241.321,161.149,2,0
2781,219.454,132.278,2,0
2782,270.787,203.739,2,0
2783,12.0903,191.623,2,0
2784,107.88,69.6542,2,0
2785,295.183,133.828,2,0
2786,388.518,41.9253,2,0
2787,549.402,153.211,2,0
2788,280.644,6.73841,2,0
2789,244.148,31.3356,2,0
2790,440.074,294.481,2,0
2791,453.9,34.1837,2,0
2792,151.467,180.957,2,0
2793,308.354,184.243,2,0
2794,376.011,211.715,2,0
2795,1.06145,171.464,2,0
2796,265.474,110.857,2,0
2797,350.963,23.8582,2,0
2798,575.933,228.012,2,0
2799,118.041,98.4468,2,0
2800,223.18,189.172,2,0
2801,15.4965,285.182,2,0
2802,48.5681,243.267,2,0
2803,199.541,141.264,2,0
2804,53.9508,60.2821,2,0
2805,18.1295,297.679,2,0
2806,252.577,86.6628,2,0
2807,343.03,31.8218,2,0
2808,406.123,122.348,2,0
2809,91.9231,35.8428,2,0
2810,132.936,19.3405,2,0
2811,558.915,60.435,2,0
2812,327.389,236.761,2,0
2813,419.596,204.918,2,0
2814,380.687,247.873,2,0
2815,184.747,22.4197,2,0
2816,13.4305,263.205,2,0
2817,396.644,174.331,2,0
2818,111.951,176.859,2,0
2819,136.851,113.556,2,0
2820,317.627,152.979,2,0
2821,490.396,245.698,2,0
2822,360.669,150.896,2,0
2823,323.627,231.254,2,0
2824,314.608,20.3333,2,0
2825,307.775,91.9795,2,0
2826,81.7154,287.925,2,0
2827,63.0567,188.185,2,0
2828,307.825,190.316,2,0
2829,490.341,202.077,2,0
2830,270.799,253.305,2,0
2831,13.6358,57.2682,2,0
2832,482.549,0.86204,2,0
2833,176.952,117.63,2,0
2834,536.845,113.782,2,0
2835,346.541,210.528,2,0
2836,205.407,240.34,2,0
2837,380.219,266.363,2,0
2838,284.644,19.945,2,0
2839,481.798,286.17,2,0
2840,596.136,208.055,2,0
2841,366.329,115.087,2,0
2842,92.4829,298,2,0
2843,431.69,257.322,2,0
2844,180.992,241.179,2,0
2845,202.434,15.8275,2,0
2846,575.017,129.863,2,0
2847,129.612,189.347,2,0
2848,358.942,220.77,2,0
2849,590.499,123.969,2,0
2850,90.6456,245.838,2,0
2851,597.259,102.156,2,0
2852,108.359,29.3601,2,0
2853,469.789,187.441,2,0
2854,527.013,279.527,2,0
2855,183.259,157.186,2,0
2856,307.711,152.236,2,0
2857,561.767,98.1206,2,0
2858,431.185,261.308,2,0
2859,240.584,71.9812,2,0
2860,18.9311,293.733,2,0
2861,295.913,55.6401,2,0
2862,152.508,225.453,2,0
2863,328.17,159.249,2,0
2864,124.303,67.5286,2,0
2865,94.2148,233.667,2,0
2866,178.363,195.368,2,0
2867,362.142,56.5173,2,0
2868,172.163,51.4243,2,0
2869,188.135,64.345,2,0
2870,576.287,298,2,0
2871,350.165,131.63,2,0
2872,200.874,205.236,2,0
2873,50.292,41.466,2,0
2874,121.288,195.376,2,0
2875,249.425,202.07,2,0
2876,169.183,69.5092,2,0
2877,431.842,266.918,2,0
2878,141.416,142.71,2,0
2879,127.762,105.413,2,0
2880,462.94,214.267,2,0
2881,421.982,270.608,2,0
2882,333.273,157.141,2,0
2883,322.325,280.812,2,0
2884,164.056,14.0239,2,0
2885,332.8,19.4566,2,0
2886,167.189,179.244,2,0
2887,276.738,69.7979,2,0
2888,341.422,126.446,2,0
2889,517.433,46.1864,2,0
2890,310.669,12.163,2,0
2891,172.661,265.239,2,0
2892,571.178,190.018,2,0
2893,152.873,203.948,2,0
2894,424.151,118.019,2,0
2895,104.333,240.163,2,0
2896,225.88,105.819,2,0
2897,434.543,249.951,2,0
2898,340.41,53.9302,2,0
2899,96.2998,128.996,2,0
2900,30.5609,12.9874,2,0
2901,590.802,132.329,2,0
2902,353.049,4.74709,2,0
2903,217.759,52.5575,2,0
2904,195.004,120.064,2,0
2905,216.232,134.812,2,0
2906,400.601,255.616,2,0
2907,280.983,136.43,2,0
2908,190.802,253.588,2,0
2909,191.896,162.824,2,0
2910,372.504,87.7249,2,0
2911,455.111,28.9238,2,0
2912,1.85677,242.626,2,0
2913,52.9273,48.4899,2,0
2914,174.468,216.707,2,0
2915,246.619,87.5743,2,0
2916,493.246,177.948,2,0
2917,248.702,149.377,2,0
2918,132.504,199.551,2,0
2919,18.8186,149.061,2,0
2920,388.772,93.8922,2,0
2921,87.2782,188.358,2,0
2922,32.4717,175.642,2,0
2923,18.0109,153,2,0
2924,466.777,172.181,2,0
2925,568.88,111.668,2,0
2926,559.114,28.834,2,0
2927,4.48467,135.235,2,0
2928,458.031,17.1086,2,0
2929,30.7625,78.4598,2,0
2930,495.072,55.9391,2,0
2931,575.279,263.426,2,0
2932,91.5715,287.147,2,0
2933,33.1885,125.848,2,0
2934,256.39,284.549,2,0
2935,102.891,130.61,2,0
2936,551.997,103.264,2,0
2937,131.272,147.864,2,0
2938,124.8,35.2721,2,0
2939,71.7058,158.806,2,0
2940,365.752,99.1576,2,0
2941,83.754,120.298,2,0
2942,54.502,285.39,2,0
2943,288.346,113.046,2,0
2944,429.645,118.286,2,0
2945,140.249,86.2325,2,0
2946,138.542,264.301,2,0
2947,161.252,233.207,2,0
2948,580.761,188.274,2,0
2949,522.351,275.301,2,0
2950,440.242,276.727,2,0
2951,225.679,141.317,2,0
2952,345.622,140.65,2,0
2953,373.184,24.87,2,0
2954,350.12,2,2,0
2955,363.63,31.0082,2,0
2956,70.8047,252.062,2,0
2957,57.7751,298,2,0
2958,506.41,20.2686,2,0
2959,507.806,143.722,2,0
2960,480.745,228.884,2,0
2961,322.644,51.5395,2,0
2962,244.947,66.6086,2,0
2963,258.6,14.7442,2,0
2964,340.65,68.2595,2,0
2965,52.4964,9.45657,2,0
2966,459.331,108.991,2,0
2967,485.992,265.555,2,0
2968,310.922,16.1817,2,0
2969,529.221,261.706,2,0
2970,438.571,244.766,2,0
2971,343.35,246.101,2,0
2972,563.075,27.7789,2,0
2973,445.405,95.4372,2,0
2974,572.234,221.807,2,0
2975,240.277,143.416,2,0
2976,456.732,247.588,2,0
2977,297.552,280.657,2,0
2978,200.12,171.999,2,0
2979,336.043,238.844,2,0
2980,86.3492,61.9935,2,0
2981,322.327,40.7225,2,0
2982,587.511,47.3951,2,0
2983,137.464,143.916,2,0
2984,57.1133,38.182,2,0
2985,450.21,226.535,2,0
2986,0.0835397,95.261,2,0
2987,105.961,274.026,2,0
2988,273.262,159.131,2,0
2989,21.3644,90.0495,2,0
2990,176.546,191.495,2,0
2991,494.179,67.6518,2,0
2992,427.096,103.227,2,0
2993,149.582,278.244,2,0
2994,66.6814,18.5176,2,0
2995,451.04,143.828,2,0
2996,466.304,234.747,2,0
2997,494.923,244.369,2,0
2998,128.434,50.6429,2,0
2999,96.8238,119.461,2,0
3000,151.151,121.107,2,0
3001,190.162,197.44,2,0
3002,527.75,94.0152,2,0
3003,352.444,120.09,2,0
3004,305.236,33.4306,2,0
3005,172.051,276.252,2,0
3006,73.0009,38.7149,2,0
3007,340.06,62.1052,2,0
3008,14.0281,73.0719,2,0
3009,571.438,137.314,2,0
3010,424.405,56.2498,2,0
3011,169.782,77.5149,2,0
3012,563.899,32.1001,2,0
3013,115.194,250.054,2,0
3014,348.292,71.6806,2,0
3015,137.742,283.164,2,0
3016,128.848,35.2359,2,0
3017,86.6266,18.9653,2,0
3018,293.715,94.0102,2,0
3019,478.765,124.727,2,0
3020,97.952,6.53588,2,0
3021,446.119,107.277,2,0
3022,578.135,153.573,2,0
3023,408.688,12.3131,2,0
3024,492.892,282.526,2,0
3025,553.18,237.26,2,0
3026,492.439,10.7898,2,0
3027,110.378,87.7944,2,0
3028,345.905,280.945,2,0
3029,237.153,246.294,2,0
3030,247.726,76.8511,2,0
3031,274.293,2,2,0
3032,581.8,6.50123,2,0
3033,419.959,150.976,2,0
3034,119.12,2,2,0
3035,88.047,176.621,2,0
3036,117.561,9.27521,2,0
3037,492.519,273.205,2,0
3038,585.221,117.746,2,0
3039,480.634,109.707,2,0
3040,80.4328,48.7066,2,0
3041,175.146,36.1087,2,0
3042,133.819,138.269,2,0
3043,384.498,170.921,2,0
3044,531.393,129.763,2,0
3045,568.351,293.999,2,0
3046,326.501,107.266,2,0
3047,238.391,62.3843,2,0
3048,548.315,74.0657,2,0
3049,21.605,162.857,2,0
3050,253.579,136.623,2,0
3051,207.021,170.05,2,0
3052,206.361,153.927,2,0
3053,192.284,105.857,2,0
3054,300.787,65.5743,2,0
3055,531.007,67.4562,2,0
3056,10.782,293.93,2,0
3057,1.13746,26.1209,2,0
3058,398.655,198.49,2,0
3059,414.38,160.724,2,0
3060,315.156,270.813,2,0
3061,164.512,28.1986,2,0
3062,228.026,171.909,2,0
3063,524.145,282.409,2,0
3064,38.2463,117.359,2,0
3065,114.394,67.6469,2,0
3066,474.362,40.9188,2,0
3067,449.193,44.7251,2,0
3068,108.003,225.009,2,0
3069,69.2995,174.22,2,0
3070,524.559,243.003,2,0
3071,50.934,23.8303,2,0
3072,481.935,266.361,2,0
3073,66.7801,232.297,2,0
3074,126.013,208.794,2,0
3075,108.769,212.756,2,0
3076,151.531,44.1796,2,0
3077,112.415,170.881,2,0
3078,215.589,276.62,2,0
3079,531.676,117.42,2,0
3080,538.287,161.539,2,0
3081,277.631,251.186,2,0
3082,576.9,223.805,2,0
3083,460.48,177.234,2,0
3084,80.0504,221.354,2,0
3085,204.21,9.40332,2,0
3086,489.011,198.183,2,0
3087,400.949,74.4614,2,0
3088,342.265,237.824,2,0
3089,2.89946,65.6319,2,0
3090,548.065,203.388,2,0
3091,262.033,186.949,2,0
3092,282.936,79.5135,2,0
3093,545.207,237.819,2,0
3094,183.061,145.893,2,0
3095,574.035,105.166,2,0
3096,504.031,118.344,2,0
3097,79.267,125.051,2,0
3098,326.964,178.579,2,0
3099,401.809,29.8112,2,0
3100,458.391,70.8479,2,0
3101,95.6626,179.25,2,0
3102,325.642,2.35173,2,0
3103,204.004,182.154,2,0
3104,293.415,73.6196,2,0
3105,78.4665,280.773,2,0
3106,474.523,194.142,2,0
3107,565.606,106.983,2,0
3108,196.89,226.918,2,0
3109,170.232,239.351,2,0
3110,118.404,35.593,2,0
3111,268.477,40.8706,2,0
3112,339.356,245.054,2,0
3113,2.31382,148.704,2,0
3114,164.557,263.343,2,0
3115,365.715,61.374,2,0
3116,435.886,21.3937,2,0
3117,475.816,18.3101,2,0
3118,553.756,243.19,2,0
3119,91.999,251.138,2,0
3120,422.145,45.269,2,0
3121,521.803,136.409,2,0
3122,340.126,275.322,2,0
3123,525.477,98.9622,2,0
3124,556.254,278.646,2,0
3125,523.461,164.688,2,0
3126,365.686,287.272,2,0
3127,422.414,224.841,2,0
3128,327.606,53.4587,2,0
3129,179.448,79.2008,2,0
3130,127.512,101.407,2,0
3131,580.359,21.7361,2,0
3132,108.306,239.443,2,0
3133,27.5157,30.9244,2,0
3134,140.818,153.497,2,0
3135,186.716,246.547,2,0
3136,544.888,148.111,2,0
3137,190.88,48.3139,2,0
3138,588.677,161.314,2,0
3139,515.125,294.058,2,0
3140,555.445,107.362,2,0
3141,11.9381,107.397,2,0
3142,321.326,188.792,2,0
3143,588.032,294.933,2,0
3144,188.08,216.632,2,0
3145,508.94,75.5662,2,0
3146,285.079,152.033,2,0
3147,263.961,75.1442,2,0
3148,515.734,260.759,2,0
3149,206.562,149.456,2,0
3150,283.112,181.723,2,0
3151,290.186,255.949,2,0
3152,365.99,77.0612,2,0
3153,340.979,229.11,2,0
3154,563.577,165.22,2,0
3155,105.247,31.8845,2,0
3156,504.804,285.939,2,0
3157,421.938,163.995,2,0
3158,327.388,45.8076,2,0
3159,30.9009,93.2533,2,0
3160,317.277,15.1947,2,0
3161,412.675,91.4526,2,0
3162,37.7481,5.41661,2,0
3163,150.471,286.163,2,0
3164,488.9,279.303,2,0
3165,425.6,229.571,2,0
3166,189.673,11.0614,2,0
3167,4.85553,169.299,2,0
3168,484.716,250.244,2,0
3169,158.025,200.975,2,0
3170,89.4202,283.68,2,0
3171,365.016,215.932,2,0
3172,522.014,10.1068,2,0
3173,374.664,257.7,2,0
3174,212.521,145.298,2,0
3175,493.511,63.6251,2,0
3176,269.806,248.876,2,0
3177,599.216,10.4827,2,0
3178,168.638,199.058,2,0
3179,460.865,232.865,2,0
3180,115.211,51.3999,2,0
3181,373.569,20.8147,2,0
3182,195.817,48.5794,2,0
3183,346.824,108.758,2,0
3184,489.832,154.991,2,0
3185,341.088,13.0537,2,0
3186,415.462,216.359,2,0
3187,148.581,249.392,2,0
3188,286.257,164.389,2,0
3189,65.0957,164.104,2,0
3190,405.741,118.298,2,0
3191,4.38925,28.4761,2,0
3192,26.4906,187.758,2,0
3193,540.521,257.908,2,0
3194,425.309,20.3614,2,0
3195,522.565,115.175,2,0
3196,557.282,293.944,2,0
3197,348.468,75.7196,2,0
3198,243.242,20.6475,2,0
3199,569.047,237.886,2,0
3200,480.174,220.385,2,0
3201,376.464,61.4451,2,0
3202,450.111,276.166,2,0
3203,181.33,106.55,2,0
3204,348.245,200.483,2,0
3205,28.1791,21.9262,2,0
3206,143.578,165.457,2,0
3207,293.38,115.816,2,0
3208,475.422,111.27,2,0
3209,417.011,153.814,2,0
3210,123.259,138.99,2,0
3211,27.2965,295.19,2,0
3212,539.625,2,2,0
3213,466.604,135.822,2,0
3214,136.991,27.3388,2,0
3215,534.753,124.141,2,0
3216,27.0453,285.352,2,0
3217,168.501,150.178,2,0
3218,258.799,174.246,2,0
3219,131.507,106.961,2,0
3220,40.939,231.146,2,0
3221,349.908,142.997,2,0
3222,58.2261,26.9246,2,0
3223,597.926,273.212,2,0
3224,155.009,37.0131,2,0
3225,409.788,232.115,2,0
3226,313.193,286.981,2,0
3227,192.268,64.4315,2,0
3228,509.415,166.453,2,0
3229,162.937,289.908,2,0
3230,31.2987,66.7696,2,0
3231,91.5973,140.516,2,0
3232,69.1618,9.87008,2,0
3233,2.8617,140.477,2,0
3234,104.48,102.21,2,0
3235,559.705,76.4944,2,0
3236,178.853,94.1076,2,0
3237,12.1923,157.684,2,0
3238,6.79622,146.219,2,0
3239,188.112,143.739,2,0
3240,221.33,8.92125,2,0
3241,318.242,147.474,2,0
3242,1.54555,238.476,2,0
3243,572.16,266.014,2,0
3244,113.447,201.926,2,0
3245,237.517,91.0946,2,0
3246,593.127,96.0713,2,0
3247,516.913,189.6,2,0
3248,80.6712,249.838,2,0
3249,585.413,298,2,0
3250,527.385,128.807,2,0
3251,258.913,267.081,2,0
3252,559.767,130.61,2,0
3253,142.668,264.522,2,0
3254,259.587,126.826,2,0
3255,476.467,186.361,2,0
3256,38.9824,39.1881,2,0
3257,299.266,285.733,2,0
3258,423.486,79.3393,2,0
3259,472.739,234.51,2,0
3260,450.546,244.907,2,0
3261,350.911,216.726,2,0
3262,598.986,144.081,2,0
3263,594.747,167,2,0
3264,279.125,272.549,2,0
3265,344.638,37.5257,2,0
3266,285.448,116.227,2,0
3267,370.86,226.787,2,0
3268,133.992,183.159,2,0
3269,519.542,5.99225,2,0
3270,434.284,133.32,2,0
3271,496.159,79.5916,2,0
3272,78.5895,20.552,2,0
3273,42.5613,285.698,2,0
3274,543.057,35.3051,2,0
3275,400.223,133.66,2,0
3276,217.258,205.654,2,0
3277,402.173,17.8516,2,0
3278,264.591,219.691,2,0
3279,376.142,110.58,2,0
3280,33.0673,143.349,2,0
3281,574.16,7.09933,2,0
3282,260.206,240.082,2,0
3283,516.696,209.876,2,0
3284,177.208,59.6911,2,0
3285,350.517,110.927,2,0
3286,239.389,285.21,2,0
3287,185.741,239.182,2,0
3288,132.052,270.146,2,0
3289,275.908,45.3991,2,0
3290,12.3749,197.307,2,0
3291,269.984,186.069,2,0
3292,434.152,97.3795,2,0
3293,316.857,178.443,2,0
3294,581.808,197.032,2,0
3295,374.015,237.976,2,0
3296,109.329,233.179,2,0
3297,43.2581,5.95244,2,0
3298,253.275,4.5235,2,0
3299,423.788,141.604,2,0
3300,316.412,45.4846,2,0
3301,68.4022,90.1066,2,0
3302,579.141,294.556,2,0
3303,28.6215,227.713,2,0
3304,374.222,220.875,2,0
3305,356.145,67.457,2,0
3306,99.2641,89.6082,2,0
3307,581.601,121.813,2,0
3308,506.097,160.532,2,0
3309,430.919,298,2,0
3310,185.559,72.164,2,0
3311,178.675,67.1956,2,0
3312,50.6119,13.0049,2,0
3313,85.8157,111.357,2,0
3314,426.506,183.59,2,0
3315,531.747,34.7782,2,0
3316,21.9809,152.133,2,0
3317,487.106,166.906,2,0
3318,300.513,230.275,2,0
3319,292.656,232.168,2,0
3320,497.802,22.7643,2,0
3321,489.812,26.7853,2,0
3322,170.39,63.762,2,0
3323,207.928,105.682,2,0
3324,356.828,105.833,2,0
3325,75.1169,45.0516,2,0
3326,566.878,55.1167,2,0
3327,454.49,65.4947,2,0
3328,511.455,54.0242,2,0
3329,277.907,223.07,2,0
3330,55.7858,183.594,2,0
3331,320.419,45.0981,2,0
3332,574.241,285.026,2,0
3333,207.407,264.074,2,0
3334,392.134,134.17,2,0
3335,349.272,12.313,2,0
3336,99.8456,18.1816,2,0
3337,525.007,55.9257,2,0
3338,191.269,228.604,2,0
3339,112.036,14.9131,2,0
3340,301.087,117.681,2,0
3341,132.813,28.0343,2,0
3342,169.899,45.8969,2,0
3343,178.048,122.799,2,0
3344,373.308,249.035,2,0
3345,139.437,147.429,2,0
3346,472.65,123.775,2,0
3347,415.845,164.524,2,0
3348,389.64,130.969,2,0
3349,503.448,203.984,2,0
3350,411.589,55.3403,2,0
3351,536.86,42.6048,2,0
3352,465.052,118.376,2,0
3353,25.3382,260.363,2,0
3354,550.607,258.266,2,0
3355,469.182,206.792,2,0
3356,330.362,8.79523,2,0
3357,375.431,75.4679,2,0
3358,333.847,10.9712,2,0
3359,496.196,15.7499,2,0
3360,41.5707,216.109,2,0
3361,56.7955,97.2466,2,0
3362,89.2405,104.65,2,0
3363,380.95,102.995,2,0
3364,62.5159,284.18,2,0
3365,88.2381,192.344,2,0
3366,325.412,278.041,2,0
3367,477.336,279.028,2,0
3368,90.4111,215.209,2,0
3369,166.246,191.309,2,0
3370,105.061,206.018,2,0
3371,400.823,205.156,2,0
3372,349.499,207.779,2,0
3373,224.586,209.409,2,0
3374,456.646,121.931,2,0
3375,587.067,38.9852,2,0
3376,464.399,74.6987,2,0
3377,553.535,215.311,2,0
3378,214.258,50.4879,2,0
3379,557.863,256.569,2,0
3380,313.496,197.933,2,0
3381,435.781,268.002,2,0
3382,549.243,227.985,2,0
3383,149.569,38.6314,2,0
3384,566.251,59.9214,2,0
3385,350.95,19.7662,2,0
3386,20.6739,156.059,2,0
3387,49.3916,162.498,2,0
3388,410.357,170.707,2,0
3389,549.852,271.512,2,0
3390,549.382,248.794,2,0
3391,344.011,100.256,2,0
3392,400.581,82.8584,2,0
3393,347.427,21.6795,2,0
3394,288.207,65.1701,2,0
3395,233.2,264.775,2,0
3396,314.566,240.378,2,0
3397,278.35,198.575,2,0
3398,47.7692,183.917,2,0
3399,109.324,154.772,2,0
3400,534.31,176.293,2,0
3401,304.223,41.361,2,0
3402,55.1014,20.5735,2,0
3403,527.088,155.473,2,0
3404,53.7376,298,2,0
3405,22.9462,294.578,2,0
3406,9.15756,142.889,2,0
3407,164.009,51.5616,2,0
3408,172.134,229.268,2,0
3409,202.78,55.8091,2,0
3410,114.508,276.413,2,0
3411,362.86,34.9359,2,0
3412,572.441,35.6355,2,0
3413,303.375,292.056,2,0
3414,195.596,37.5707,2,0
3415,582.441,205.724,2,0
3416,183.526,125.54,2,0
3417,397.849,43.9163,2,0
3418,48.5565,66.6592,2,0
3419,274.476,63.0849,2,0
3420,222.991,134.185,2,0
3421,583.109,39.6368,2,0
3422,473.188,259.773,2,0
3423,373.767,201.349,2,0
3424,187.509,132.938,2,0
3425,385.47,188.11,2,0
3426,420.681,11.3796,2,0
3427,125.401,24.7146,2,0
3428,398.355,99.6207,2,0
3429,176.192,171.929,2,0
3430,543.07,298,2,0
3431,498.159,36.028,2,0
3432,252.884,144.337,2,0
3433,451.503,222.17,2,0
3434,281.96,221.991,2,0
3435,537.119,119.221,2,0
3436,460.033,80.9465,2,0
3437,165.681,67.2659,2,0
3438,228.298,0.29798,2,0
3439,417.056,298,2,0
3440,465.524,247.078,2,0
3441,143.668,228.659,2,0
3442,121.862,112.589,2,0
3443,106.412,151.838,2,0
3444,221.939,166.792,2,0
3445,218.541,21.1988,2,0
3446,504.502,49.7407,2,0
3447,241.575,119.979,2,0
3448,12.3449,288.072,2,0
3449,461.397,90.3618,2,0
3450,84.0415,155.152,2,0
3451,355.588,204.243,2,0
3452,80.5229,158.541,2,0
3453,468.089,289.243,2,0
3454,215.614,55.9988,2,0
3455,3.82284,257.652,2,0
3456,510.366,247.714,2,0
3457,589.422,62.8105,2,0
3458,328.802,126.172,2,0
3459,226.678,114.742,2,0
3460,320.481,170.008,2,0
3461,272.015,176.226,2,0
3462,449.699,230.788,2,0
3463,214.928,40.1964,2,0
3464,134.693,109.641,2,0
3465,58.4106,101.456,2,0
3466,61.7304,158.07,2,0
3467,168.853,183.061,2,0
3468,529.997,14.9239,2,0
3469,569.35,130.378,2,0
3470,68.8051,86.0648,2,0
3471,196.771,41.8223,2,0
3472,52.497,77.2187,2,0
3473,595.834,117.193,2,0
3474,147.534,195.273,2,0
3475,342.504,209.968,2,0
3476,508.208,47.7075,2,0
3477,566.317,71.0913,2,0
3478,404.733,72.8181,2,0
3479,308.51,30.8674,2,0
3480,93.632,91.9531,2,0
3481,141.976,290.239,2,0
3482,52.712,226.952,2,0
3483,387.891,25.068,2,0
3484,484.659,61.0263,2,0
3485,147.857,30.8902,2,0
3486,164.27,83.7179,2,0
3487,210.215,212.116,2,0
3488,403.699,258.195,2,0
3489,120.228,12.343,2,0
3490,184.255,273.871,2,0
3491,57.3916,88.0456,2,0
3492,42.8753,114.298,2,0
3493,161.435,18.1446,2,0
3494,311.77,204.992,2,0
3495,329.756,191.673,2,0
3496,171.969,5.26067,2,0
3497,384.514,197.39,2,0
3498,50.8891,63.1369,2,0
3499,233.521,165.974,2,0
3500,128.822,193.295,2,0
3501,430.571,243.301,2,0
3502,342.502,9.31041,2,0
3503,573.012,245.75,2,0
3504,357.885,153.868,2,0
3505,593.151,139.385,2,0
3506,148.897,203.007,2,0
3507,371.356,43.5186,2,0
3508,589.331,144.829,2,0
3509,388.52,13.9404,2,0
3510,571.318,160.986,2,0
3511,244.525,104.629,2,0
3512,415.517,94.2853,2,0
3513,104.877,83.6042,2,0
3514,194.205,23.8997,2,0
3515,289.47,148.799,2,0
3516,346.821,284.87,2,0
3517,493.088,166.719,2,0
3518,31.4003,110.264,2,0
3519,553.306,156.316,2,0
3520,415.228,130.366,2,0
3521,531.012,122.714,2,0
3522,217.238,296.862,2,0
3523,88.3577,219.716,2,0
3524,12.8896,139.183,2,0
3525,227.741,24.0784,2,0
3526,86.771,56.4831,2,0
3527,555.712,77.0795,2,0
3528,561.891,136.891,2,0
3529,415.117,63.3946,2,0
3530,360.484,297.871,2,0
3531,226.785,159.178,2,0
3532,282.097,113.723,2,0
3533,238.544,292.459,2,0
3534,551.894,2,2,0
3535,31.3405,188.677,2,0
3536,528.784,213.127,2,0
3537,421.407,168.011,2,0
3538,142.109,200.451,2,0
3539,267.759,68.8231,2,0
3540,42.0096,295.229,2,0
3541,557.094,247.651,2,0
3542,557.718,138.54,2,0
3543,505.563,259.396,2,0
3544,170.313,288.129,2,0
3545,84.7453,256.994,2,0
3546,404.56,253.93,2,0
3547,43.6911,211.222,2,0
3548,196.508,155.219,2,0
3549,520.074,206.136,2,0
3550,352.379,289.81,2,0
3551,302.701,154.455,2,0
3552,80.0964,232.24,2,0
3553,399.248,79.0807,2,0
3554,468.766,129.93,2,0
3555,422.764,298,2,0
3556,592.885,294.328,2,0
3557,274.115,236.482,2,0
3558,112.073,284.187,2,0
3559,407.299,87.5114,2,0
3560,344.241,5.66038,2,0
3561,104.342,176.613,2,0
3562,484.076,219.431,2,0
3563,210.807,266.466,2,0
3564,142.298,278.935,2,0
3565,517.832,159.651,2,0
3566,490.017,262.926,2,0
3567,127.261,204.985,2,0
3568,62.2209,2,2,0
3569,154.548,89.7149,2,0
3570,406.463,35.9133,2,0
3571,99.5585,172.475,2,0
3572,238.398,7.9974,2,0
3573,278.432,157.551,2,0
3574,310.522,138.62,2,0
3575,167.005,290.46,2,0
3576,396.645,295.159,2,0
3577,533.488,217.18,2,0
3578,52.6052,212.887,2,0
3579,532.456,227.942,2,0
3580,279.111,175.403,2,0
3581,45.7999,235.61,2,0
3582,232.424,74.7138,2,0
3583,469.187,215.265,2,0
3584,501.917,22.9226,2,0
3585,214.104,120.204,2,0
3586,130.911,228.036,2,0
3587,440.219,78.7331,2,0
3588,536.32,150.364,2,0
3589,141.417,138.57,2,0
3590,154.443,277.972,2,0
3591,104.131,71.1263,2,0
3592,280.798,70.4927,2,0
3593,153.548,166.774,2,0
3594,75.3788,156.673,2,0
3595,52.3901,84.7944,2,0
3596,395.22,266.266,2,0
3597,411.858,133.205,2,0
3598,166.341,101.328,2,0
3599,394.095,291.952,2,0
3600,15.7212,181.259,2,0
3601,354.094,26.6584,2,0
3602,502.331,6.16237,2,0
3603,414.149,246.194,2,0
3604,177.847,237.387,2,0
3605,116.342,265.528,2,0
3606,71.0288,154.268,2,0
3607,131.651,45.5086,2,0
3608,502.927,243.292,2,0
3609,223.318,68.3516,2,0
3610,351.902,202.6,2,0
3611,370.973,170.239,2,0
3612,335.032,186.675,2,0
3613,446.801,66.1938,2,0
3614,204.09,246.895,2,0
3615,257.643,243.18,2,0
3616,539.294,143.014,2,0
3617,378.01,125.282,2,0
3618,425.248,106.914,2,0
3619,242.146,266.941,2,0
3620,234.959,32.3241,2,0
3621,229.888,111.857,2,0
3622,45.5777,63.9825,2,0
3623,137.041,9.86505,2,0
3624,450.3,55.3852,2,0
3625,70.4723,6.03618,2,0
3626,578.595,239.765,2,0
3627,42.8409,126.444,2,0
3628,33.2421,49.7966,2,0
3629,465.471,282.796,2,0
3630,418.511,247.194,2,0
3631,253.365,212.748,2,0
3632,581.848,141.693,2,0
3633,287.439,87.3299,2,0
3634,108.414,13.1166,2,0
3635,340.444,289.862,2,0
3636,579.114,265.829,2,0
3637,12.3672,124.532,2,0
3638,403.467,111.313,2,0
3639,414.237,27.8575,2,0
3640,151.281,252.461,2,0
3641,228.349,131.86,2,0
3642,155.116,162.401,2,0
3643,530.086,50.8554,2,0
3644,281.272,268.377,2,0
3645,174.428,244.063,2,0
3646,166.973,259.955,2,0
3647,439.855,236.782,2,0
3648,575.052,206.936,2,0
3649,267.584,34.0383,2,0
3650,225.958,262.185,2,0
3651,55.1537,239.871,2,0
3652,238.926,100.151,2,0
3653,525.049,272.101,2,0
3654,474.569,139.71,2,0
3655,10.4602,38.0527,2,0
3656,315.485,94.5745,2,0
3657,414.034,268.044,2,0
3658,188.948,257.433,2,0
3659,360.544,66.3374,2,0
3660,315.978,244.422,2,0
3661,211.63,270.505,2,0
3662,598.824,124.812,2,0
3663,364.818,73.1065,2,0
3664,375.483,140.85,2,0
3665,69.0232,228.764,2,0
3666,498.7,72.0169,2,0
3667,399.447,290.596,2,0
3668,539.893,226.953,2,0
3669,176.922,247.377,2,0
3670,475.331,126.859,2,0
3671,18.1139,184.934,2,0
3672,472.508,153.23,2,0
3673,366.401,2,2,0
3674,421.293,107.79,2,0
3675,257.3,290.278,2,0
3676,356.204,261.499,2,0
3677,157.233,68.5947,2,0
3678,371.711,296.325,2,0
3679,144.883,261.122,2,0
3680,439.773,268.502,2,0
3681,396.615,256.135,2,0
3682,327.742,211.75,2,0
3683,35.4051,61.0627,2,0
3684,431.652,52.9594,2,0
3685,533.711,31.2437,2,0
3686,262.711,278.024,2,0
3687,542.432,79.6313,2,0
3688,328.39,275.37,2,0
3689,363.478,183.795,2,0
3690,538.024,32.4356,2,0
3691,61.8888,25.0149,2,0
3692,411.866,205.666,2,0
3693,113.203,216.471,2,0
3694,149.833,23.1084,2,0
3695,346.006,2,2,0
3696,242.956,16.6337,2,0
3697,567.079,24.3224,2,0
3698,200.035,95.3007,2,0
3699,34.3125,121.823,2,0
3700,514.106,107.043,2,0
3701,318.665,262.236,2,0
3702,366.986,271.304,2,0
3703,130.646,207.588,2,0
3704,319.146,269.514,2,0
3705,516.556,286.913,2,0
3706,565.997,273.241,2,0
3707,328.914,49.6477,2,0
3708,115.642,271.45,2,0
3709,530.333,172.273,2,0
3710,127.673,46.5237,2,0
3711,426.017,175.305,2,0
3712,287.652,180.326,2,0
3713,145.834,267.489,2,0
3714,350.553,246.526,2,0
3715,16.0098,275.179,2,0
3716,339.406,102.124,2,0
3717,204.901,127.113,2,0
3718,152.227,245.36,2,0
3719,390.401,160.6,2,0
3720,494.029,75.7792,2,0
3721,294.438,126.339,2,0
3722,254.496,53.7929,2,0
3723,313.976,297.898,2,0
3724,472.719,184.643,2,0
3725,495.803,206.807,2,0
3726,332.542,30.1624,2,0
3727,236.412,185.854,2,0
3728,366.947,18.7658,2,0
3729,9.5327,270.544,2,0
3730,582.38,86.0492,2,0
3731,361.923,131.231,2,0
3732,375.413,266.472,2,0
3733,525.757,29.1907,2,0
3734,319.235,111.462,2,0
3735,406.265,62.913,2,0
3736,276.376,85.2874,2,0
3737,86.6489,172.796,2,0
3738,344.313,288.531,2,0
3739,448.482,213.205,2,0
3740,302.999,166.947,2,0
3741,235.747,54.846,2,0
3742,564.539,144.989,2,0
3743,126.011,91.5338,2,0
3744,162.389,133.203,2,0
3745,372.877,102.887,2,0
3746,106.471,125.594,2,0
3747,116.758,43.1553,2,0
3748,523.875,184.954,2,0
3749,446.862,254.474,2,0
3750,144.429,86.3083,2,0
3751,386.993,71.7884,2,0
3752,136.693,194.646,2,0
3753,406.236,294.944,2,0
3754,407.091,179.59,2,0
3755,320.783,100.85,2,0
3756,236.794,168.385,2,0
3757,267.565,279.147,2,0
3758,431.084,2,2,0
3759,444.228,78.6703,2,0
3760,416.072,179.868,2,0
3761,116.298,169.646,2,0
3762,189.283,274.138,2,0
3763,285.281,188.133,2,0
3764,505.517,68.8032,2,0
3765,226.578,268.206,2,0
3766,517.115,78.7673,2,0
3767,482.064,132.601,2,0
3768,75.2761,182.241,2,0
3769,216.21,27.949,2,0
3770,161.834,76.3363,2,0
3771,560.513,172.733,2,0
3772,348.256,5.57123,2,0
3773,375.232,171.047,2,0
3774,522.434,31.4578,2,0
3775,478.154,167.595,2,0
3776,538.816,39.0178,2,0
3777,560.325,85.829,2,0
3778,496.544,139.737,2,0
3779,173.486,107.818,2,0
3780,480.758,236.859,2,0
3781,188.472,87.389,2,0
3782,533.446,97.4517,2,0
3783,54.1215,138.933,2,0
3784,281.955,51.9179,2,0
3785,590.138,36.3046,2,0
3786,380.01,34.7588,2,0
3787,557.843,243.234,2,0
3788,453.581,170.266,2,0
3789,528.543,293.334,2,0
3790,146.998,83.1269,2,0
3791,89.051,238.177,2,0
3792,571.251,14.315,2,0
3793,65.2783,35.6722,2,0
3794,348.151,257.516,2,0
3795,40.6072,208.465,2,0
3796,592.334,120.222,2,0
3797,160.515,91.6896,2,0
3798,338.303,82.2277,2,0
3799,19.9671,181.337,2,0
3800,11.6659,182.328,2,0
3801,468.22,77.8461,2,0
3802,584.054,218.697,2,0
3803,233.208,183.428,2,0
3804,280.885,18.234,2,0
3805,148.027,123.696,2,0
3806,317.351,279.141,2,0
3807,285.76,53.1597,2,0
3808,170.07,283.1,2,0
3809,124.94,162.347,2,0
3810,325.228,93.6298,2,0
3811,317.633,132.649,2,0
3812,271.885,101.063,2,0
3813,542.72,250.869,2,0
3814,477.731,286.666,2,0
3815,71.4768,184.066,2,0
3816,460.69,45.9623,2,0
3817,65.2449,160.056,2,0
3818,147.027,273.598,2,0
3819,209.527,76.1852,2,0
3820,422.266,159.791,2,0
3821,257.303,68.3014,2,0
3822,254.927,167.922,2,0
3823,247.062,251.689,2,0
3824,131.982,231.945,2,0
3825,480.327,148.893,2,0
3826,485.543,130.579,2,0
3827,51.215,37.4659,2,0
3828,153.39,237.432,2,0
3829,186.965,68.2656,2,0
3830,164.541,149.217,2,0
3831,377.745,263.075,2,0
3832,282.892,43.5958,2,0
3833,568.003,212.524,2,0
3834,192.624,58.2427,2,0
3835,152.954,270.922,2,0
3836,335.772,213.458,2,0
3837,18.5138,42.5198,2,0
3838,129.587,283.702,2,0
3839,557.785,100.164,2,0
3840,124.061,233.766,2,0
3841,591.112,148.531,2,0
3842,116.812,214.449,2,0
3843,121.884,165.125,2,0
3844,264.912,144.294,2,0
3845,517.848,248.879,2,0
3846,61.4497,92.7674,2,0
3847,82.1443,299.617,2,0
3848,315.304,86.1045,2,0
3849,544.534,17.9471,2,0
3850,121.728,191.357,2,0
3851,420.588,240.976,2,0
3852,138.435,205.044,2,0
3853,541.704,235.702,2,0
3854,240.274,4.41201,2,0
3855,7.82352,106.574,2,0
3856,88.5594,211.624,2,0
3857,38.3508,247.784,2,0
3858,12.3746,235.798,2,0
3859,98.6366,151.12,2,0
3860,260.473,86.4281,2,0
3861,436.049,143.385,2,0
3862,232.357,69.9774,2,0
3863,67.6875,24.229,2,0
3864,585.503,143.634,2,0
3865,244.153,78.7354,2,0
3866,107.788,145.788,2,0
3867,577.589,122.259,2,0
3868,136.944,23.3186,2,0
3869,467.274,190.576,2,0
3870,172.827,150.844,2,0
3871,482.187,201.615,2,0
3872,129.171,144.309,2,0
3873,344.202,268.214,2,0
3874,270.143,257.951,2,0
3875,589.642,24.8499,2,0
3876,374.072,117.799,2,0
3877,304.452,236.436,2,0
3878,438.474,120.278,2,0
3879,214.773,44.5325,2,0
3880,514.525,253.798,2,0
3881,142.72,119.924,2,0
3882,48.2279,9.12794,2,0
3883,113.373,154.33,2,0
3884,381.555,58.3435,2,0
3885,501.994,97.1601,2,0
3886,364.693,150.342,2,0
3887,247.316,222.369,2,0
3888,497.582,228.939,2,0
3889,34.548,198.424,2,0
3890,544.432,137.747,2,0
3891,15.1431,69.1627,2,0
3892,368.481,190.843,2,0
3893,17.6365,62.9268,2,0
3894,450.061,197.449,2,0
3895,162.082,298,2,0
3896,137.513,139.822,2,0
3897,585.195,250.955,2,0
3898,68.0666,59.7736,2,0
3899,439.536,272.783,2,0
3900,3.29622,97.9263,2,0
3901,444.233,143.685,2,0
3902,21.8278,44.8744,2,0
3903,478.92,96.7263,2,0
3904,51.3884,5.50256,2,0
3905,255.554,280.199,2,0
3906,103.783,259.191,2,0
3907,149.52,191.308,2,0
3908,579.754,110.692,2,0
3909,547.285,6.0519,2,0
3910,492.123,221.325,2,0
3911,356.264,34.4924,2,0
3912,354.787,41.9622,2,0
3913,309.885,57.032,2,0
3914,255.657,127.964,2,0
3915,551.931,10.0457,2,0
3916,71.9996,132.773,2,0
3917,52.6077,243.117,2,0
3918,584.326,269.735,2,0
3919,43.3069,22.3863,2,0
3920,499.12,76.8345,2,0
3921,537.602,168.849,2,0
3922,456.681,83.6276,2,0
3923,555.655,91.7469,2,0
3924,467.906,17.0449,2,0
3925,250.87,15.6598,2,0
3926,66.2243,2,2,0
3927,187.444,212.666,2,0
3928,59.0663,22.0602,2,0
3929,101.488,208.424,2,0
3930,460.512,275.752,2,0
3931,49.3549,187.677,2,0
3932,287.196,2,2,0
3933,401.161,251.646,2,0
3934,563.011,82.5672,2,0
3935,145.253,127.718,2,0
3936,90.9802,196.526,2,0
3937,559.232,12.7802,2,0
3938,255.87,222.852,2,0
3939,423.371,186.158,2,0
3940,284.932,92.8187,2,0
3941,52.314,269.098,2,0
3942,68.5363,30.3168,2,0
3943,256.588,64.064,2,0
3944,574.822,125.8,2,0
3945,143.537,175.397,2,0
3946,410.034,121.292,2,0
3947,480.1,19.1845,2,0
3948,207.703,37.1722,2,0
3949,319.221,87.3023,2,0
3950,61.3097,207.236,2,0
3951,592.457,265.867,2,0
3952,594.469,176.255,2,0
3953,216.695,59.9307,2,0
3954,46.7694,255.237,2,0
3955,166.816,232.975,2,0
3956,347.024,168.716,2,0
3957,199.117,83.3253,2,0
3958,339.842,160.597,2,0
3959,93.4072,9.10046,2,0
3960,378.519,43.658,2,0
3961,549.709,184.972,2,0
3962,361.371,201.887,2,0
3963,83.1401,135.32,2,0
3964,397.523,129.583,2,0
3965,95.7075,283.644,2,0
3966,57.0738,154.671,2,0
3967,598.754,14.8756,2,0
3968,553.184,67.4736,2,0
3969,161.933,127.404,2,0
3970,5.38801,20.7744,2,0
3971,572.195,281.543,2,0
3972,435.697,298,2,0
3973,101.137,289.936,2,0
3974,535.095,128.164,2,0
3975,139.315,191.613,2,0
3976,114.776,120.637,2,0
3977,531.405,247.744,2,0
3978,359.988,249.201,2,0
3979,187.664,5.88775,2,0
3980,47.0697,142.492,2,0
3981,346.748,164.711,2,0
3982,136.049,94.8547,2,0
3983,473.946,165.272,2,0
3984,588.566,97.7427,2,0
3985,57.721,158.736,2,0
3986,477.283,22.1159,2,0
3987,295.545,11.9669,2,0
3988,253.487,175.011,2,0
3989,412.99,297.957,2,0
3990,157.206,175.042,2,0
3991,196.527,127.645,2,0
3992,362.404,143.044,2,0
3993,76.8978,6.08386,2,0
3994,367.207,154.426,2,0
3995,338.557,251.662,2,0
3996,482.733,188.617,2,0
3997,300.052,47.2155,2,0
3998,151.28,171.804,2,0
3999,311.6,209.055,2,0
4000,227.345,16.8046,2,0
4001,579.712,14.2837,2,0
4002,363.666,265.808,2,0
4003,252.175,189.427,2,0
4004,287.537,168.197,2,0
4005,192.651,51.9847,2,0
4006,47.9919,20.8459,2,0
4007,68.0508,65.2634,2,0
4008,162.618,193.04,2,0
4009,135.04,176.583,2,0
4010,85.9404,93.7677,2,0
4011,357.947,76.1515,2,0
4012,20.3978,112.983,2,0
4013,410.021,156.636,2,0
4014,433.875,179.425,2,0
4015,440.215,143.907,2,0
4016,504.268,294.317,2,0
4017,227.276,231.159,2,0
4018,185.41,191.246,2,0
4019,144.833,61.323,2,0
4020,81.9976,186.466,2,0
4021,240.067,13.6259,2,0
4022,298.58,162.644,2,0
4023,419.139,53.368,2,0
4024,596.194,212.242,2,0
4025,295.326,298,2,0
4026,67.945,192.644,2,0
4027,150.006,222.323,2,0
4028,242.988,217.809,2,0
4029,458.882,214.398,2,0
4030,511.704,260.866,2,0
4031,471.288,298,2,0
4032,120.573,32.1283,2,0
4033,434.573,244.524,2,0
4034,62.4387,291.708,2,0
4035,109.111,62.6798,2,0
4036,272.908,138.366,2,0
4037,557.786,195.96,2,0
4038,524.826,291.706,2,0
4039,436.377,191.466,2,0
4040,347.041,292.847,2,0
4041,270.747,56.3856,2,0
4042,379.32,135.969,2,0
4043,97.932,261.268,2,0
4044,195.447,6.18325,2,0
4045,147.553,174.945,2,0
4046,100.121,147.034,2,0
4047,140.268,177.788,2,0
4048,88.4253,47.1038,2,0
4049,274.461,21.8699,2,0
4050,335.243,26.5585,2,0
4051,218.729,41.4567,2,0
4052,157.845,153.826,2,0
4053,500.336,275.064,2,0
4054,475.016,13.9183,2,0
4055,295.998,188.533,2,0
4056,363.061,175.384,2,0
4057,104.047,64.2504,2,0
4058,238.046,242.218,2,0
4059,520.667,263.296,2,0
4060,219.904,293.828,2,0
4061,390.136,110.357,2,0
4062,324.794,127.12,2,0
4063,93.9256,217.618,2,0
4064,211.248,262.395,2,0
4065,66.445,285.175,2,0
4066,135.932,230.954,2,0
4067,392.585,255.399,2,0
4068,148.485,53.5245,2,0
4069,4.84874,81.418,2,0
4070,106.386,184.42,2,0
4071,446.955,219.091,2,0
4072,559.933,32.8423,2,0
4073,42.8961,200.241,2,0
4074,333.611,182.858,2,0
4075,51.257,292.978,2,0
4076,95.9732,75.9148,2,0
4077,558.904,142.905,2,0
4078,396.593,170.177,2,0
4079,293.783,225.371,2,0
4080,359.977,197.684,2,0
4081,576.458,276.418,2,0
4082,563.249,73.8489,2,0
4083,17.9901,206.451,2,0
4084,502.032,271.064,2,0
4085,297.285,96.0126,2,0
4086,11.9608,212.147,2,0
4087,178.76,55.9524,2,0
4088,302.027,195.725,2,0
4089,570.435,73.0871,2,0
4090,357.597,268.824,2,0
4091,245.374,201.578,2,0
4092,587.524,33.1145,2,0
4093,43.9527,258.089,2,0
4094,531.138,156.009,2,0
4095,283.276,10.574,2,0
4096,410.324,106.799,2,0
4097,396.171,190.26,2,0
4098,223.169,99.6693,2,0
4099,483.83,82.2455,2,0
4100,203.899,215.498,2,0
4101,366.01,37.5563,2,0
4102,460.888,126.685,2,0
4103,321.391,265.561,2,0
4104,164.739,267.365,2,0
4105,409.669,43.9921,2,0
4106,305.212,59.1453,2,0
4107,419.758,94.8199,2,0
4108,117.076,150.815,2,0
4109,95.6178,124.454,2,0
4110,183.196,269.788,2,0
4111,104.346,292.605,2,0
4112,146.117,280.468,2,0
4113,554.059,194.333,2,0
4114,22.4933,49.7005,2,0
4115,188.941,37.6867,2,0
4116,538.684,123.003,2,0
4117,514.969,11.5228,2,0
4118,492.198,116.302,2,0
4119,0.392871,1.49361,2,0
4120,405.888,186.16,2,0
4121,455.201,255.365,2,0
4122,292.539,109.933,2,0
4123,306.499,156.08,2,0
4124,4.35272,298,2,0
4125,396.105,133.52,2,0
4126,159.033,179.598,2,0
4127,98.2779,199.348,2,0
4128,441.899,140.15,2,0
4129,367.364,44.4137,2,0
4130,160.866,61.4541,2,0
4131,542.216,285.791,2,0
4132,92.4255,181.939,2,0
4133,159.705,224.489,2,0
4134,506.227,132.232,2,0
4135,547.606,274.98,2,0
4136,478.414,275.064,2,0
4137,362.759,8.64994,2,0
4138,478.394,89.7183,2,0
4139,408.758,148.558,2,0
4140,143.961,123.831,2,0
4141,315.605,292.646,2,0
4142,358.673,141.303,2,0
4143,578.983,200.041,2,0
4144,582.561,222.538,2,0
4145,132.668,114.176,2,0
4146,468.026,64.1215,2,0
4147,358.807,9.69779,2,0
4148,184.339,235.327,2,0
4149,590.415,241.191,2,0
4150,196.331,89.438,2,0
4151,178.748,279.61,2,0
4152,520.803,210.601,2,0
4153,145.85,50.0007,2,0
4154,358.579,232.721,2,0
4155,14.8953,24.2237,2,0
4156,102.987,159.072,2,0
4157,190.84,148.065,2,0
4158,86.1515,127.231,2,0
4159,114.566,254.267,2,0
4160,237.14,68.5913,2,0
4161,134.524,263.735,2,0
4162,487.474,142.205,2,0
4163,331.67,212.9,2,0
4164,493.831,264.404,2,0
4165,412.197,277.998,2,0
4166,116.399,13.9112,2,0
4167,214.149,200.035,2,0
4168,370.88,17.7719,2,0
4169,241.551,44.3483,2,0
4170,475.328,28.3153,2,0
4171,536.458,290.592,2,0
4172,161.303,175.153,2,0
4173,140.605,250.02,2,0
4174,199.843,280.311,2,0
4175,584.53,23.3942,2,0
4176,298.085,62.5565,2,0
4177,252.17,198.996,2,0
4178,375.749,295.8,2,0
4179,71.3317,70.8768,2,0
4180,391.012,259.257,2,0
4181,444.703,257.926,2,0
4182,257.097,256.087,2,0
4183,251.487,45.2995,2,0
4184,215.995,280.716,2,0
4185,271.848,88.9107,2,0
4186,508.027,262.55,2,0
4187,295.442,107.049,2,0
4188,121.704,57.0384,2,0
4189,362.025,273.306,2,0
4190,313.13,267.318,2,0
4191,591.269,181.798,2,0
4192,363.772,179.331,2,0
4193,117.461,83.2213,2,0
4194,201.127,104.735,2,0
4195,168.479,25.9148,2,0
4196,472.004,16.6574,2,0
4197,96.1856,49.1746,2,0
4198,350.253,28.0687,2,0
4199,518.102,138.247,2,0
4200,175.718,183.647,2,0
4201,377.11,152.93,2,0
4202,46.5702,150.082,2,0
4203,360.085,2,2,0
4204,589.275,171.848,2,0
4205,290.812,36.6349,2,0
4206,19.6844,117.318,2,0
4207,112.22,101.464,2,0
4208,491.927,233.31,2,0
4209,144.48,70.0086,2,0
4210,488.019,43.8644,2,0
4211,344.711,69.7749,2,0
4212,345.373,206.582,2,0
4213,199.043,255.162,2,0
4214,186.183,83.8517,2,0
4215,177.894,75.4084,2,0
4216,433.561,174.456,2,0
4217,371.886,233.863,2,0
4218,496.985,112.878,2,0
4219,484.437,92.4301,2,0
4220,335.693,227.793,2,0
4221,554.21,54.8955,2,0
4222,226.356,109.969,2,0
4223,404.757,206.999,2,0
4224,256.076,274.041,2,0
4225,596.284,121.194,2,0
4226,79.8947,113.795,2,0
4227,16.0096,202.854,2,0
4228,297.911,40.0056,2,0
4229,368.592,203.096,2,0
4230,189.139,27.8416,2,0
4231,467.344,110.168,2,0
4232,13.4888,271.933,2,0
4233,142.89,34.0914,2,0
4234,303.993,37.3121,2,0
4235,452.808,4.80703,2,0
4236,475.616,298,2,0
4237,105.638,106.066,2,0
4238,495.793,88.1336,2,0
4239,458.456,25.1611,2,0
4240,83.0229,181.479,2,0
4241,315.414,213.825,2,0
4242,287.268,266.614,2,0
4243,333.911,121.851,2,0
4244,311.299,213.302,2,0
4245,0.634145,292.372,2,0
4246,330.476,208.314,2,0
4247,263.538,34.3722,2,0
4248,65.101,43.7285,2,0
4249,170.321,100.462,2,0
4250,134.892,286.146,2,0
4251,359.934,164.578,2,0
4252,462.45,94.2864,2,0
4253,543.517,274.215,2,0
4254,177.953,224.441,2,0
4255,575.023,32.2051,2,0
4256,533.198,54.0887,2,0
4257,186.15,265.608,2,0
4258,598.369,18.9654,2,0
4259,574.12,185.057,2,0
4260,123.699,106.645,2,0
4261,99.4774,204.947,2,0
4262,282.22,264.437,2,0
4263,100.278,285.913,2,0
4264,442.702,158.422,2,0
4265,167.443,216.273,2,0
4266,234.182,120.738,2,0
4267,288.655,91.1882,2,0
4268,129.139,122.224,2,0
4269,251.227,170.094,2,0
4270,230.366,127.387,2,0
4271,457.834,158.795,2,0
4272,563.349,259.066,2,0
4273,389.966,269.489,2,0
4274,533.406,287.851,2,0
4275,306.1,137.165,2,0
4276,192.477,128.07,2,0
4277,141.412,241.178,2,0
4278,428.194,188.605,2,0
4279,372.593,78.3535,2,0
4280,375.868,128.827,2,0
4281,522.255,50.8864,2,0
4282,235.214,198.376,2,0
4283,246.608,171.626,2,0
4284,447.186,124.187,2,0
4285,206.416,48.6999,2,0
4286,314.077,56.8597,2,0
4287,227.21,120.287,2,0
4288,63.5358,118.511,2,0
4289,317.84,69.829,2,0
4290,279.411,2,2,0
4291,55.8352,54.6075,2,0
4292,408.754,125.586,2,0
4293,545.422,247.713,2,0
4294,219.492,69.8935,2,0
4295,49.8401,216.181,2,0
4296,491.29,255.751,2,0
4297,8.4887,252.03,2,0
4298,580.408,261.998,2,0
4299,216.772,166.608,2,0
4300,363.81,165.658,2,0
4301,584.074,19.3171,2,0
4302,186.776,277.334,2,0
4303,387.679,178.93,2,0
4304,221.763,38.5333,2,0
4305,4.99809,204.306,2,0
4306,477.435,190.356,2,0
4307,186.852,174.228,2,0
4308,137.128,63.9741,2,0
4309,229.115,77.5177,2,0
4310,587.2,277.468,2,0
4311,191.493,212.977,2,0
4312,369.512,163.675,2,0
4313,244.896,287.574,2,0
4314,498.14,48.3127,2,0
4315,97.1949,10.5648,2,0
4316,187.792,79.8193,2,0
4317,458.972,59.515,2,0
4318,384.926,95.1165,2,0
4319,383.495,64.9477,2,0
4320,284.064,273.903,2,0
4321,430.348,218.32,2,0
4322,448.35,201.125,2,0
4323,273.599,192.268,2,0
4324,157.797,280.647,2,0
4325,370.379,92.7759,2,0
4326,83.9397,130.608,2,0
4327,463.651,174.758,2,0
4328,437.806,256.934,2,0
4329,581.747,114.682,2,0
4330,144.005,23.7443,2,0
4331,79.073,91.6784,2,0
4332,126.782,95.5579,2,0
4333,380.317,79.3769,2,0
4334,308.173,82.4299,2,0
4335,410.4,101.072,2,0
4336,379.032,71.4322,2,0
4337,336.172,162.882,2,0
4338,567.323,29.7834,2,0
4339,200.859,126.95,2,0
4340,98.3912,257.145,2,0
4341,413.142,98.0453,2,0
4342,579.268,82.7569,2,0
4343,189.107,208.68,2,0
4344,42.4867,122.395,2,0
4345,178.656,38.1853,2,0
4346,351.605,255.329,2,0
4347,46.0647,45.8229,2,0
4348,286.675,81.3191,2,0
4349,41.8525,46.2746,2,0
4350,14.2634,215.441,2,0
4351,96.7891,30.1931,2,0
4352,324.975,73.3674,2,0
4353,417.279,98.1276,2,0
4354,90.2488,5.81443,2,0
4355,446.754,135.557,2,0
4356,371.727,209.483,2,0
4357,566.78,249.44,2,0
4358,418.181,257.82,2,0
4359,196.389,173.465,2,0
4360,3.20729,118.153,2,0
4361,455.933,189.446,2,0
4362,268.198,162.424,2,0
4363,350.662,185.348,2,0
4364,484.338,207.754,2,0
4365,248.225,5.64416,2,0
4366,119.65,171.869,2,0
4367,598.045,174.274,2,0
4368,301.046,242.999,2,0
4369,264.361,61.4102,2,0
4370,128.074,54.9029,2,0
4371,119.089,116.027,2,0
4372,307.195,141.06,2,0
4373,509.952,177.68,2,0
4374,132.374,49.4856,2,0
4375,467.565,2,2,0
4376,444.049,3.74585,2,0
4377,317.172,266.012,2,0
4378,182.676,91.796,2,0
4379,532.878,213.067,2,0
4380,38.6689,96.1068,2,0
4381,75.2982,195.318,2,0
4382,89.4789,91.8988,2,0
4383,167.475,81.1716,2,0
4384,589.161,249.829,2,0
4385,310.173,97.0762,2,0
4386,250.874,269.586,2,0
4387,99.9846,65.8037,2,0
4388,502.439,65.9796,2,0
4389,297.863,103.805,2,0
4390,429.595,173.278,2,0
4391,201.487,234.388,2,0
4392,48.0072,16.6211,2,0
4393,107.905,48.4064,2,0
4394,276.042,154.103,2,0
4395,576.245,161.4,2,0
4396,337.091,172.872,2,0
4397,378.575,192.387,2,0
4398,568.552,253.035,2,0
4399,128.388,67.2722,2,0
4400,14.0828,240.622,2,0
4401,303.19,121.482,2,0
4402,259.7,90.4492,2,0
4403,436.915,214.093,2,0
4404,289.682,95.0868,2,0
4405,567.047,75.2885,2,0
4406,6.86078,54.5716,2,0
4407,169.066,243.299,2,0
4408,549.477,196.896,2,0
4409,72.6049,17.1951,2,0
4410,133.396,191.026,2,0
4411,557.921,151.463,2,0
4412,559.395,80.6293,2,0
4413,34.2615,116.826,2,0
4414,161.015,268.853,2,0
4415,168.102,73.4662,2,0
4416,199.387,176.435,2,0
4417,309.387,134.623,2,0
4418,36.3584,208.631,2,0
4419,145.331,132.182,2,0
4420,585.49,198.693,2,0
4421,338.434,9.33245,2,0
4422,325.993,184.333,2,0
4423,559.732,92.6756,2,0
4424,140.246,57.208,2,0
4425,97.513,242.807,2,0
4426,304.201,162.479,2,0
4427,131.623,151.919,2,0
4428,59.1781,239.221,2,0
4429,49.4036,288.168,2,0
4430,527.231,203.262,2,0
4431,374.258,275.161,2,0
4432,360.387,157.124,2,0
4433,255.334,246.582,2,0
4434,219.77,153.101,2,0
4435,236.394,58.819,2,0
4436,549.162,238.456,2,0
4437,182.036,277.297,2,0
4438,193.573,249.421,2,0
4439,502.733,84.3429,2,0
4440,556.118,18.8224,2,0
4441,301.091,211.055,2,0
4442,529.786,21.4464,2,0
4443,442.552,92.6151,2,0
4444,94.8023,294.615,2,0
4445,495.994,275.361,2,0
4446,513.864,249.818,2,0
4447,255.511,111.378,2,0
4448,386.885,84.2155,2,0
4449,383.079,204.293,2,0
4450,531.032,253.725,2,0
4451,427.428,110.428,2,0
4452,137.013,291.231,2,0
4453,257.705,145.091,2,0
4454,469.19,20.84,2,0
4455,141.36,215.461,2,0
4456,494.473,119.807,2,0
4457,189.182,74.5958,2,0
4458,596.625,77.2462,2,0
4459,536.582,24.5192,2,0
4460,468.21,45.9987,2,0
4461,463.886,184.035,2,0
4462,68.8587,180.653,2,0
4463,211.92,37.3602,2,0
4464,320.641,276.728,2,0
4465,275.255,37.5188,2,0
4466,322.954,177.919,2,0
4467,425.748,82.7441,2,0
4468,214.805,266.768,2,0
4469,352.558,82.2578,2,0
4470,353.326,12.0397,2,0
4471,443.458,185.807,2,0
4472,364.237,80.8117,2,0
4473,52.5223,194.851,2,0
4474,343.29,111.41,2,0
4475,506.533,82.7879,2,0
4476,364.91,204.927,2,0
4477,550.532,217.991,2,0
4478,591.083,40.214,2,0
4479,370.162,145.584,2,0
4480,272.616,40.5389,2,0
4481,193.042,81.8374,2,0
4482,178.909,158.917,2,0
4483,37.2441,100.75,2,0
4484,578.284,184.601,2,0
4485,384.444,15.9666,2,0
4486,200.726,189.448,2,0
4487,83.2898,139.367,2,0
4488,247.254,56.0833,2,0
4489,491.779,205.852,2,0
4490,348.458,180.078,2,0
4491,68.8578,14.208,2,0
4492,443.014,51.8335,2,0
4493,314.439,283.004,2,0
4494,181.003,128.721,2,0
4495,541.309,66.8026,2,0
4496,585.706,265.342,2,0
4497,117.17,94.456,2,0
4498,411.173,51.2382,2,0
4499,485.316,54.7058,2,0
4500,574.666,238.805,2,0
4501,73.9777,34.8264,2,0
4502,78.0377,35.1189,2,0
4503,88.0623,66.2302,2,0
4504,525.753,40.178,2,0
4505,599.621,177.978,2,0
4506,122.46,122.965,2,0
4507,291.966,260.247,2,0
4508,263.64,282.004,2,0
4509,171.045,132.863,2,0
4510,420.059,175.314,2,0
4511,298.714,180.513,2,0
4512,558.104,104.183,2,0
4513,325.876,223.55,2,0
4514,23.7849,278.508,2,0
4515,473.39,119.299,2,0
4516,100.529,101.391,2,0
4517,302.268,266.586,2,0
4518,359.873,16.6354,2,0
4519,83.5798,244.108,2,0
4520,258.097,211.659,2,0
4521,419.343,79.6625,2,0
4522,407.13,163.779,2,0
4523,229.346,145.744,2,0
4524,497.392,224.795,2,0
4525,265.752,170.154,2,0
4526,366.785,227.491,2,0
4527,23.2102,286.516,2,0
4528,67.9628,147.301,2,0
4529,95.0977,248.602,2,0
4530,83.546,41.0157,2,0
4531,75.5999,203.798,2,0
4532,270.854,44.2013,2,0
4533,161.925,68.7545,2,0
4534,292.846,144.277,2,0
4535,468.302,89.3837,2,0
4536,69.4877,139.681,2,0
4537,240.461,58.7567,2,0
4538,290.584,30.4154,2,0
4539,283.886,297.588,2,0
4540,136.092,267.597,2,0
4541,171.697,180.187,2,0
4542,446.395,57.6599,2,0
4543,12.6923,173.588,2,0
4544,362.531,19.705,2,0
4545,419.318,222.228,2,0
4546,442.713,98.4066,2,0
4547,461.021,263.434,2,0
4548,260.088,201.371,2,0
4549,394.669,87.8682,2,0
4550,265.478,148.664,2,0
4551,405.126,143.011,2,0
4552,65.483,213.867,2,0
4553,29.0451,180.622,2,0
4554,29.6303,2.21579,2,0
4555,191.431,92.264,2,0
4556,561.554,106.392,2,0
4557,74.2773,2,2,0
4558,35.3308,139.816,2,0
4559,523.706,140.072,2,0
4560,75.4062,77.955,2,0
4561,57.4462,2,2,0
4562,367.391,253.205,2,0
4563,37.8141,289.407,2,0
4564,464.532,62.0168,2,0
4565,254.572,14.0725,2,0
4566,224.889,163.763,2,0
4567,246.609,114.455,2,0
4568,329.102,21.0514,2,0
4569,568.876,172.273,2,0
4570,259.435,141.291,2,0
4571,154.28,232.175,2,0
4572,18.2115,252.137,2,0
4573,1.88985,185.163,2,0
4574,339.577,241.05,2,0
4575,96.1737,147.891,2,0
4576,46.5087,12.8278,2,0
4577,529.379,225.319,2,0
4578,502.571,262.181,2,0
4579,237.209,146.071,2,0
4580,38.9703,62.9775,2,0
4581,165.413,186.532,2,0
4582,129.117,197.382,2,0
4583,253.554,230.34,2,0
4584,526.064,77.3949,2,0
4585,439.062,155.157,2,0
4586,397.266,137.465,2,0
4587,329.921,139.601,2,0
4588,505.473,181.667,2,0
4589,582.007,99.3346,2,0
4590,367.762,263.302,2,0
4591,220.746,207.763,2,0
4592,243.379,247.535,2,0
4593,312.911,177.19,2,0
4594,329.541,279.231,2,0
4595,507.503,291.792,2,0
4596,461.446,228.709,2,0
4597,180.299,295.268,2,0
4598,392.571,263.013,2,0
4599,17.3029,270.286,2,0
4600,196.854,2,2,0
4601,446.508,242.498,2,0
4602,245.417,13.3425,2,0
4603,352.953,237.205,2,0
4604,562.67,61.9546,2,0
4605,379.161,30.4439,2,0
4606,548.788,298,2,0
4607,68.314,281.471,2,0
4608,583.513,51.9639,2,0
4609,112.927,41.0942,2,0
4610,207.617,217.45,2,0
4611,366.311,257.097,2,0
4612,26.7554,143.649,2,0
4613,363.851,89.7764,2,0
4614,540.998,19.8903,2,0
4615,502.463,158.811,2,0
4616,91.195,202.163,2,0
4617,104.552,75.2415,2,0
4618,357.505,24.542,2,0
4619,340.41,262.636,2,0
4620,532.6,11.8223,2,0
4621,494.723,41.8446,2,0
4622,523.312,297.847,2,0
4623,436.47,170.707,2,0
4624,0.338502,121.067,2,0
4625,54.9546,24.6207,2,0
4626,550.206,58.7537,2,0
4627,103.67,168.661,2,0
4628,44.6278,181.19,2,0
4629,250.124,112.281,2,0
4630,175.207,154.07,2,0
4631,299.321,132.894,2,0
4632,210.943,281.197,2,0
4633,565.54,139.975,2,0
4634,529.436,97.776,2,0
4635,281.708,289.587,2,0
4636,373.299,214.974,2,0
4637,334.701,198.994,2,0
4638,142.305,161.443,2,0
4639,108.477,103.009,2,0
4640,123.675,172.878,2,0
4641,137.798,181.597,2,0
4642,46.2442,41.2405,2,0
4643,307.793,298,2,0
4644,197.976,29.5453,2,0
4645,464.07,267.691,2,0
4646,523.914,44.7926,2,0
4647,361.503,23.6063,2,0
4648,267.507,97.9329,2,0
4649,315.368,203.225,2,0
4650,337.056,146.255,2,0
4651,74.0119,187.335,2,0
4652,92.0802,16.7746,2,0
4653,160.384,188.547,2,0
4654,7.90743,286.425,2,0
4655,88.1512,15.1864,2,0
4656,123.899,41.6665,2,0
4657,51.8432,207.054,2,0
4658,132.111,6.21338,2,0
4659,186.76,147.832,2,0
4660,407.539,239.919,2,0
4661,66.3626,208.168,2,0
4662,376.354,254.017,2,0
4663,459.166,37.8465,2,0
4664,51.1852,230.727,2,0
4665,496.811,52.1196,2,0
4666,526.417,228.12,2,0
4667,325.608,15.3152,2,0
4668,187.967,201.413,2,0
4669,130.291,98.4583,2,0
4670,598.073,6.20344,2,0
4671,322.249,220.931,2,0
4672,25.7567,88.2836,2,0
4673,375.42,46.2267,2,0
4674,30.8639,192.689,2,0
4675,130.364,110.829,2,0
4676,400.974,127.505,2,0
4677,227.873,84.8268,2,0
4678,17.5096,163.388,2,0
4679,461.182,140.798,2,0
4680,480.557,216.364,2,0
4681,443.325,271.242,2,0
4682,45.5017,218.929,2,0
4683,471.451,37.2816,2,0
4684,383.915,27.5607,2,0
4685,23.6444,2,2,0
4686,23.9101,29.0163,2,0
4687,45.2813,2.38401,2,0
4688,458.984,251.129,2,0
4689,257.463,38.0511,2,0
4690,219.654,263.633,2,0
4691,346.204,132.924,2,0
4692,415.542,112.699,2,0
4693,325.525,150.321,2,0
4694,300.017,188.678,2,0
4695,581.04,290.965,2,0
4696,569.017,245.519,2,0
4697,334.206,82.4879,2,0
4698,414.154,172.226,2,0
4699,447.5,185.403,2,0
4700,140.962,5.18625,2,0
4701,364.015,15.9668,2,0
4702,20.4093,241.67,2,0
4703,574.33,98.4799,2,0
4704,201.935,200.302,2,0
4705,353.198,175.112,2,0
4706,439.471,186.569,2,0
4707,297.33,144.921,2,0
4708,315.414,207.742,2,0
4709,182.472,36.7049,2,0
4710,173.454,254.758,2,0
4711,205.533,220.982,2,0
4712,446.628,268.943,2,0
4713,255.708,81.5389,2,0
4714,225.73,20.6094,2,0
4715,353.018,153.559,2,0
4716,565.073,173.659,2,0
4717,195.552,55.3906,2,0
4718,579.998,2,2,0
4719,236.786,126.201,2,0
4720,34.6152,273.837,2,0
4721,544.31,290.666,2,0
4722,230.654,168.885,2,0
4723,273.093,71.8428,2,0
4724,392.631,58.1664,2,0
4725,171.917,210.098,2,0
4726,14.9539,225.987,2,0
4727,301.247,96.7103,2,0
4728,6.26017,294.436,2,0
4729,367.427,136.635,2,0
4730,575.805,219.837,2,0
4731,369.975,126.289,2,0
4732,122.693,89.1185,2,0
4733,540.34,26.4887,2,0
4734,17.4459,58.7442,2,0
4735,122.796,216.359,2,0
4736,100.44,212.598,2,0
4737,537.939,280.599,2,0
4738,53.6882,187.12,2,0
4739,477.259,258.209,2,0
4740,305.173,178.504,2,0
4741,112.463,138.81,2,0
4742,316.035,168.725,2,0
4743,332.587,173.107,2,0
4744,135.183,207.715,2,0
4745,543.565,260.767,2,0
4746,33.0605,238.07,2,0
4747,491.932,59.0462,2,0
4748,23.206,128.42,2,0
4749,576.202,108.83,2,0
4750,4.39994,113.532,2,0
4751,553.63,220.54,2,0
4752,171.849,86.2214,2,0
4753,356.513,256.804,2,0
4754,276.72,120.49,2,0
4755,161.283,119.274,2,0
4756,389.225,126.969,2,0
4757,543.894,254.822,2,0
4758,537.768,234.08,2,0
4759,576.51,69.3876,2,0
4760,17.4076,262.248,2,0
4761,259.178,2.4652,2,0
4762,64.4296,39.7529,2,0
4763,259.521,109.769,2,0
4764,408.919,152.636,2,0
4765,526.454,104.594,2,0
4766,107,281.164,2,0
4767,203.037,230.582,2,0
4768,594.72,298,2,0
4769,128.535,267.915,2,0
4770,136.301,162.057,2,0
4771,122.922,268.797,2,0
4772,230.915,92.6687,2,0
4773,368.15,25.6455,2,0
4774,19.9224,277.077,2,0
4775,254.51,140.604,2,0
4776,413.399,119.076,2,0
4777,422.647,75.3032,2,0
4778,486.765,189.89,2,0
4779,495.367,182.451,2,0
4780,365.449,241.624,2,0
4781,383.918,180.532,2,0
4782,451.58,147.942,2,0
4783,440.961,213.755,2,0
4784,526.603,47.8467,2,0
4785,63.8039,256.247,2,0
4786,93.6996,71.8871,2,0
4787,550.226,192.82,2,0
4788,599.89,128.674,2,0
4789,485.711,40.5399,2,0
4790,373.773,2.49653,2,0
4791,518.709,102.847,2,0
4792,355.472,17.3874,2,0
4793,418.659,161.623,2,0
4794,96.0275,202.738,2,0
4795,207.53,279.002,2,0
4796,265.254,256.099,2,0
4797,176.179,113.522,2,0
4798,598.344,266.327,2,0
4799,489.59,131.055,2,0
4800,551.675,82.8234,2,0
4801,555.243,180.597,2,0
4802,478.026,76.7241,2,0
4803,253.459,66.755,2,0
4804,266.821,252.24,2,0
4805,448.236,294.512,2,0
4806,255.806,98.8995,2,0
4807,350.395,32.117,2,0
4808,233.859,224.444,2,0
4809,154.792,178.404,2,0
4810,62.1798,60.7028,2,0
4811,450.053,25.5955,2,0
4812,316.923,77.5497,2,0
4813,469.039,125.934,2,0
4814,342.17,232.965,2,0
4815,490.312,66.1181,2,0
4816,517.651,244.831,2,0
4817,451.077,268.523,2,0
4818,555.104,259.512,2,0
4819,380.147,227.044,2,0
4820,582.921,129.6,2,0
4821,541.827,46.0061,2,0
4822,534.588,180.534,2,0
4823,391.944,299.968,2,0
4824,128.15,174.726,2,0
4825,394.405,183.414,2,0
4826,249.108,24.8884,2,0
4827,223.945,294.213,2,0
4828,240.564,76.0698,2,0
4829,149.477,106.292,2,0
4830,365.488,219.964,2,0
4831,546.97,252.167,2,0
4832,564.84,284.941,2,0
4833,590.281,51.2648,2,0
4834,185.703,9.42182,2,0
4835,489.056,86.1788,2,0
4836,11.7011,223.381,2,0
4837,533.259,262.822,2,0
4838,487.73,121.316,2,0
4839,73.9868,21.0763,2,0
4840,207.086,145.348,2,0
4841,148.192,245.34,2,0
4842,418.412,232.714,2,0
4843,479.144,71.8435,2,0
4844,291.138,2.97571,2,0
4845,192.969,112.383,2,0
4846,30.8678,196.728,2,0
4847,568.58,164.118,2,0
4848,571.771,86.2625,2,0
4849,492.424,277.233,2,0
4850,129.183,77.0488,2,0
4851,178.447,175.24,2,0
4852,324.748,99.534,2,0
4853,141.329,258.232,2,0
4854,278.95,179.49,2,0
4855,533.015,38.8234,2,0
4856,333.485,15.3412,2,0
4857,190.254,70.5611,2,0
4858,78.2835,254.983,2,0
4859,11.6349,21.7522,2,0
4860,330.801,179.745,2,0
4861,34.7038,12.6746,2,0
4862,279.747,82.1549,2,0
4863,136.254,186.676,2,0
4864,322.422,55.5475,2,0
4865,165.053,229.275,2,0
4866,320.507,161.952,2,0
4867,404.231,278.897,2,0
4868,482.045,262.298,2,0
4869,33.0102,290.313,2,0
4870,178.144,51.3311,2,0
4871,480.255,103.869,2,0
4872,423.484,111.216,2,0
4873,445.134,275.653,2,0
4874,210.819,72.297,2,0
4875,14.3403,36.6037,2,0
4876,489.908,185.342,2,0
4877,479.819,144.788,2,0
4878,91.8498,177.862,2,0
4879,186.17,197.753,2,0
4880,79.399,117.931,2,0
4881,323.749,172.87,2,0
4882,438.357,218.276,2,0
4883,581.979,58.7335,2,0
4884,265.181,8.24639,2,0
4885,586.785,131.148,2,0
4886,140.903,234.174,2,0
4887,274.339,97.7563,2,0
4888,373.964,52.7432,2,0
4889,34.7151,212.437,2,0
4890,498.799,85.3731,2,0
4891,62.993,233.721,2,0
4892,383.026,220.806,2,0
4893,365.361,11.7397,2,0
4894,184.464,99.601,2,0
4895,209.76,142.19,2,0
4896,381.478,160.838,2,0
4897,286.325,155.84,2,0
4898,383.927,132.01,2,0
4899,530.975,221.565,2,0
4900,133.283,74.7278,2,0
4901,379.634,52.0429,2,0
4902,371.327,156.112,2,0
4903,489.525,125.057,2,0
4904,75.7478,237.344,2,0
4905,561.303,155.898,2,0
4906,559.302,275.859,2,0
4907,212.492,152.239,2,0
4908,297.171,118.52,2,0
4909,205.181,178.328,2,0
4910,132.524,164.911,2,0
4911,84.3166,47.7323,2,0
4912,22.6975,282.491,2,0
4913,315.824,6.15527,2,0
4914,493.311,225.179,2,0
4915,307.747,172.963,2,0
4916,566.954,150.064,2,0
4917,487.353,182.179,2,0
4918,340.937,174.089,2,0
4919,211.959,105.213,2,0
4920,288.939,199.975,2,0
4921,156.074,196.511,2,0
4922,156.183,245.964,2,0
4923,416.662,10.9499,2,0
4924,443.322,110.285,2,0
4925,357.703,95.0212,2,0
4926,416.12,168.682,2,0
4927,326.452,11.1846,2,0
4928,413.473,272.05,2,0
4929,386.546,243.058,2,0
4930,559.786,236.749,2,0
4931,221.912,14.2038,2,0
4932,416.905,236.627,2,0
4933,359.149,253.63,2,0
4934,112.759,29.934,2,0
4935,314.259,181.623,2,0
4936,20.264,166.694,2,0
4937,277.192,227.062,2,0
4938,288.236,120.891,2,0
4939,307.025,165.56,2,0
4940,588.854,267.984,2,0
4941,422.863,89.6158,2,0
4942,446.69,53.4828,2,0
4943,524.77,212.512,2,0
4944,13.2235,129.993,2,0
4945,180.17,164.985,2,0
4946,294.395,60.9175,2,0
4947,438.624,57.7788,2,0
4948,457.727,135.081,2,0
4949,67.2768,78.8779,2,0
4950,497.722,233.867,2,0
4951,59.8179,5.26474,2,0
4952,66.2101,114.45,2,0
4953,85.1359,285.748,2,0
4954,54.3975,41.2904,2,0
4955,476.572,150.298,2,0
4956,268.115,17.8085,2,0
4957,218.609,31.2915,2,0
4958,38.8586,14.0204,2,0
4959,206.812,56.2596,2,0
4960,447.909,48.5193,2,0
4961,406.912,192,2,0
4962,226.119,275.434,2,0
4963,255.739,233.742,2,0
4964,272.867,212.14,2,0
4965,0.553944,136.641,2,0
4966,52.5614,99.6843,2,0
4967,386.634,159.175,2,0
4968,432.415,196.004,2,0
4969,482.569,232.499,2,0
4970,503.62,39.2735,2,0
4971,431.999,290.217,2,0
4972,582.898,283.081,2,0
4973,69.156,188.023,2,0
4974,201.221,73.7937,2,0
4975,540.881,293.638,2,0
4976,352.914,198.594,2,0
4977,13.8271,115.107,2,0
4978,65.1962,244.209,2,0
4979,576.016,210.888,2,0
4980,430.094,114.157,2,0
4981,454.115,180.906,2,0
4982,368.619,64.6524,2,0
4983,483.955,119.859,2,0
4984,416.808,253.904,2,0
4985,363.849,26.8635,2,0
4986,27.7026,271.058,2,0
4987,151.565,195.443,2,0
4988,440.935,259.608,2,0
4989,492.837,17.9601,2,0
4990,105.196,233.446,2,0
4991,62.1375,178.931,2,0
4992,340.302,285.664,2,0
4993,389.222,153.205,2,0
4994,589.447,29.5536,2,0
4995,500.434,293.022,2,0
4996,318.849,256.81,2,0
4997,49.3143,2,2,0
4998,1.41382,56.3322,2,0
4999,3.80567,177.304,2,0
5000,10.0106,136.297,2,0
5001,237.865,118.356,2,0
5002,575.491,11.6141,2,0
5003,64.8137,266.033,2,0
5004,557.57,216.048,2,0
5005,269.665,80.7263,2,0
5006,140.677,61.2927,2,0
5007,149.301,101.381,2,0
5008,183.217,150.045,2,0
5009,72.3425,165.245,2,0
5010,451.052,216.992,2,0
5011,369.429,39.8918,2,0
5012,599.653,132.74,2,0
5013,544.904,64.9313,2,0
5014,368.092,14.8161,2,0
5015,371.993,183.728,2,0
5016,418.6,157.553,2,0
5017,320.99,91.7543,2,0
5018,8.7464,60.8636,2,0
5019,201.027,42.2526,2,0
5020,18.8947,223.037,2,0
5021,337.489,166.746,2,0
5022,271.355,297.412,2,0
5023,389.434,187.393,2,0
5024,270.226,14.2402,2,0
5025,199.164,275.196,2,0
5026,229.362,42.6916,2,0
5027,451.758,184.338,2,0
5028,170.356,121.021,2,0
5029,177.291,213.775,2,0
5030,496.748,130.422,2,0
5031,546.944,279.133,2,0
5032,24.8549,25.1121,2,0
5033,214.142,230.297,2,0
5034,500.824,104.798,2,0
5035,288.369,212.817,2,0
5036,438.571,62.0006,2,0
5037,30.8149,53.167,2,0
5038,354.416,214.58,2,0
5039,475.374,73.6511,2,0
5040,187.897,161.017,2,0
5041,81.6665,146.767,2,0
5042,261.262,17.8693,2,0
5043,261.27,224.326,2,0
5044,482.983,78.2302,2,0
5045,136.442,68.0994,2,0
5046,481.33,294.066,2,0
5047,479.469,80.5553,2,0
5048,592.09,163.756,2,0
5049,99.3033,177.199,2,0
5050,192.197,166.948,2,0
5051,410.049,267.098,2,0
5052,11.7929,201.273,2,0
5053,232.97,298,2,0
5054,248.303,130.001,2,0
5055,365.427,22.5361,2,0
5056,566.827,83.9197,2,0
5057,467.942,93.422,2,0
5058,330.198,12.8802,2,0
5059,464.125,243.302,2,0
5060,388.758,174.931,2,0
5061,430.437,202.536,2,0
5062,540.518,139.104,2,0
5063,38.2178,200.395,2,0
5064,486.142,288.055,2,0
5065,93.3358,205.762,2,0
5066,515.832,241.199,2,0
5067,316.24,236.678,2,0
5068,348.642,196.323,2,0
5069,420.213,200.867,2,0
5070,439.191,90.3943,2,0
5071,383.318,208.323,2,0
5072,38.9827,183.035,2,0
5073,6.18819,24.6993,2,0
5074,34.9654,298,2,0
5075,554.701,190.212,2,0
5076,53.2656,289.288,2,0
5077,105.201,288.582,2,0
5078,434.801,263.934,2,0
5079,123.754,10.2608,2,0
5080,136.273,56.0309,2,0
5081,120.075,298,2,0
5082,229.798,136.133,2,0
5083,44.489,229.141,2,0
5084,549.393,157.403,2,0
5085,204.094,157.298,2,0
5086,315.898,114.112,2,0
5087,261.482,38.7731,2,0
5088,330.479,234.209,2,0
5089,1.08028,277.818,2,0
5090,172.002,292.229,2,0
5091,571.198,31.0186,2,0
5092,290.34,160.014,2,0
5093,420.764,192.056,2,0
5094,411.624,249.639,2,0
5095,262.559,28.7965,2,0
5096,424.874,214.89,2,0
5097,396.553,35.9736,2,0
5098,554.493,198.354,2,0
5099,188.826,2,2,0
5100,554.576,282.827,2,0
5101,564.075,179.922,2,0
5102,467.302,198.903,2,0
5103,93.3314,110.394,2,0
5104,377.926,199.341,2,0
5105,71.4967,222.82,2,0
5106,55.0387,203.741,2,0
5107,119.495,62.3179,2,0
5108,496.413,11.7366,2,0
5109,299.835,92.8817,2,0
5110,20.0217,200.767,2,0
5111,413.037,152.557,2,0
5112,561.459,160.015,2,0
5113,293.008,192.029,2,0
5114,61.3314,104.35,2,0
5115,410.196,194.408,2,0
5116,71.2915,104.818,2,0
5117,388.289,256.056,2,0
5118,65.709,261.805,2,0
5119,65.061,294.76,2,0
5120,473.277,251.804,2,0
5121,533.438,88.8733,2,0
5122,273.056,227.788,2,0
5123,115.871,178.059,2,0
5124,296.793,232.064,2,0
5125,164.704,182.589,2,0
5126,207.077,62.0088,2,0
5127,79.1179,194.004,2,0
5128,456.82,197.648,2,0
5129,520.462,221.921,2,0
5130,384.927,112.966,2,0
5131,451.961,40.7066,2,0
5132,364.286,50.9312,2,0
5133,160.769,45.7069,2,0
5134,457.936,33.0414,2,0
5135,423.142,258.908,2,0
5136,434.852,185.135,2,0
5137,571.366,123.708,2,0
5138,334.04,223.01,2,0
5139,56.0977,150.711,2,0
5140,144.912,233.927,2,0
5141,397.782,263.156,2,0
5142,288.391,272.561,2,0
5143,246.783,280.699,2,0
5144,246.99,126.123,2,0
5145,184.495,209.86,2,0
5146,339.603,222.214,2,0
5147,114.312,181.8,2,0
5148,393.993,74.9263,2,0
5149,122.039,294.423,2,0
5150,427.644,199.599,2,0
5151,451.828,137.34,2,0
5152,137.333,102.614,2,0
5153,240.391,103.953,2,0
5154,107.105,35.801,2,0
5155,380.884,276.734,2,0
5156,149.417,141.943,2,0
5157,66.5528,277.848,2,0
5158,131.974,241.532,2,0
5159,287.23,28.0705,2,0
5160,510.843,294.01,2,0
5161,362.332,234.255,2,0
5162,457.426,228.758,2,0
5163,408.301,111.113,2,0
5164,390.457,282.664,2,0
5165,594.905,184.457,2,0
5166,125.998,71.3381,2,0
5167,75.6105,123.189,2,0
5168,447.26,171.234,2,0
5169,378.143,144.93,2,0
5170,306.9,230.446,2,0
5171,223.944,126.399,2,0
5172,344.646,84.2313,2,0
5173,139.468,164.527,2,0
5174,136.983,19.1514,2,0
5175,440.011,31.6579,2,0
5176,30.1387,257.98,2,0
5177,268.147,5.5349,2,0
5178,429.566,167.23,2,0
5179,142.591,253.996,2,0
5180,359.763,127.826,2,0
5181,359.879,27.8824,2,0
5182,57.989,48.9417,2,0
5183,18.2663,20.9304,2,0
5184,408.013,204.48,2,0
5185,460.124,41.8141,2,0
5186,408.323,115.2,2,0
5187,118.113,206.834,2,0
5188,306.792,243.821,2,0
5189,312.579,256.797,2,0
5190,385.245,128.172,2,0
5191,486.972,170.969,2,0
5192,593.997,253.714,2,0
5193,545.384,226.623,2,0
5194,584.397,14.7368,2,0
5195,118.422,275.414,2,0
5196,98.5017,22.0366,2,0
5197,424.151,137.466,2,0
5198,286.212,290.214,2,0
5199,154.222,112.327,2,0
5200,207.053,230.668,2,0
5201,483.602,115.694,2,0
5202,12.2226,254.155,2,0
5203,55.1802,272.366,2,0
5204,39.549,174.305,2,0
5205,538.062,177.825,2,0
5206,492.597,217.195,2,0
5207,95.3749,88.3272,2,0
5208,134.985,117.66,2,0
5209,92.2519,192.631,2,0
5210,446.18,298,2,0
5211,196.095,60.2737,2,0
5212,159.141,251.467,2,0
5213,405.839,107.749,2,0
5214,211.788,181.878,2,0
5215,454.315,93.8863,2,0
5216,124.292,30.5764,2,0
5217,289.977,60.9954,2,0
5218,314.061,61.0309,2,0
5219,566.216,64.2085,2,0
5220,536.388,58.3661,2,0
5221,420.854,286.526,2,0
5222,433.217,27.7733,2,0
5223,519.033,86.7305,2,0
5224,555.677,95.9206,2,0
5225,343.114,293.919,2,0
5226,461.468,224.681,2,0
5227,256.288,189.184,2,0
5228,99.0228,186.115,2,0
5229,292.236,64.4687,2,0
5230,596.225,136.67,2,0
5231,155.808,182.277,2,0
5232,341.62,195.394,2,0
5233,562.256,249.767,2,0
5234,390.62,66.1292,2,0
5235,98.0562,45.4476,2,0
5236,370.357,241.263,2,0
5237,309.809,217.381,2,0
5238,498.305,203.326,2,0
5239,278.079,139.362,2,0
5240,310.302,278.144,2,0
5241,573.743,59.9316,2,0
5242,573.135,143.615,2,0
5243,467.912,41.8552,2,0
5244,126.79,38.8348,2,0
5245,578.928,207.999,2,0
5246,35.4672,85.7491,2,0
5247,337.544,37.7042,2,0
5248,558.589,281.968,2,0
5249,256.829,94.8597,2,0
5250,389.059,287.933,2,0
5251,466.214,69.8649,2,0
5252,145.042,140.465,2,0
5253,147.285,226.57,2,0
5254,104.645,180.743,2,0
5255,538.208,47.9276,2,0
5256,583.978,232.742,2,0
5257,376.004,32.9962,2,0
5258,590.829,44.3002,2,0
5259,420.843,86.0145,2,0
5260,102.846,22.7549,2,0
5261,12.878,169.402,2,0
5262,321.473,272.772,2,0
5263,231.809,56.0432,2,0
5264,545.366,31.8568,2,0
5265,525.383,81.4496,2,0
5266,312.221,109.406,2,0
5267,520.674,267.383,2,0
5268,286.034,226.824,2,0
5269,313.122,89.5524,2,0
5270,503.159,144.553,2,0
5271,420.894,71.6793,2,0
5272,14.7339,188.562,2,0
5273,595.007,41.0571,2,0
5274,233.484,10.7101,2,0
5275,277.167,186.967,2,0
5276,34.5481,107.086,2,0
5277,468.941,267.81,2,0
5278,25.6145,209.645,2,0
5279,490.902,70.329,2,0
5280,344.631,56.9952,2,0
5281,207.117,174.137,2,0
5282,49.4522,282.499,2,0
5283,461.797,98.292,2,0
5284,547.058,181.853,2,0
5285,15.391,45.0474,2,0
5286,291.527,11.0998,2,0
5287,446.799,85.2318,2,0
5288,250.548,208.356,2,0
5289,58.0493,200.73,2,0
5290,298.854,239.506,2,0
5291,355.308,248.097,2,0
5292,525.68,168.404,2,0
5293,369.129,216.375,2,0
5294,268.803,92.5816,2,0
5295,28.4239,82.1857,2,0
5296,270.258,112.563,2,0
5297,84.0278,150.154,2,0
5298,197.733,222.965,2,0
5299,513.649,245.121,2,0
5300,455.089,162.14,2,0
5301,104.603,137.636,2,0
5302,76.8346,152.89,2,0
5303,272.292,84.7281,2,0
5304,79.8349,31.4238,2,0
5305,551.113,200.78,2,0
5306,204.587,98.9819,2,0
5307,164.258,39.1858,2,0
5308,188.601,297.705,2,0
5309,57.1697,125.932,2,0
5310,84.7312,225.62,2,0
5311,234.434,233.626,2,0
5312,401.838,247.602,2,0
5313,486.472,106.063,2,0
5314,420.961,236.899,2,0
5315,10.6485,68.6369,2,0
5316,404.029,134.978,2,0
5317,534.621,46.0442,2,0
5318,91.959,83.8477,2,0
5319,582.161,27.106,2,0
5320,493.289,248.506,2,0
5321,215.153,34.1879,2,0
5322,8.44775,18.1241,2,0
5323,272.363,198.877,2,0
5324,556.027,223.937,2,0
5325,347.066,113.024,2,0
5326,359.431,193.177,2,0
5327,65.2792,154.152,2,0
5328,79.2908,137.495,2,0
5329,73.7169,8.60197,2,0
5330,65.5333,11.6722,2,0
5331,61.0126,242.965,2,0
5332,488.236,90.4446,2,0
5333,7.71823,180.086,2,0
5334,26.2907,183.618,2,0
5335,77.2567,288.727,2,0
5336,318.712,185.702,2,0
5337,56.6948,276.208,2,0
5338,12.8771,258.225,2,0
5339,352.756,233.208,2,0
5340,206.192,95.2258,2,0
5341,100.957,82.4679,2,0
5342,567.303,79.3304,2,0
5343,570.47,82.1028,2,0
5344,358.874,48.4375,2,0
5345,30.095,159.474,2,0
5346,38.4829,285.317,2,0
5347,167.349,277.043,2,0
5348,339.683,20.9018,2,0
5349,525.284,260.702,2,0
5350,285.12,270.005,2,0
5351,353.289,145.246,2,0
5352,379.833,98.0975,2,0
5353,464.311,7.58405,2,0
5354,503.662,100.828,2,0
5355,100.809,48.6354,2,0
5356,156.525,52.8542,2,0
5357,53.9167,146.778,2,0
5358,63.209,184.186,2,0
5359,255.38,75.5904,2,0
5360,144.405,181.204,2,0
5361,323.701,268.889,2,0
5362,543.816,116.834,2,0
5363,568.103,178.958,2,0
5364,461.031,181.199,2,0
5365,43.8047,153.085,2,0
5366,375.617,177.261,2,0
5367,461.596,136.442,2,0
5368,224.085,155.992,2,0
5369,564.123,87.1412,2,0
5370,89.2124,234.156,2,0
5371,237.988,223.799,2,0
5372,274.187,257.641,2,0
5373,581.926,215.206,2,0
5374,594.045,52.7444,2,0
5375,326.334,68.7575,2,0
5376,560.15,253.204,2,0
5377,451.168,288.393,2,0
5378,443.395,216.98,2,0
5379,193.642,68.3724,2,0
5380,534.838,295.105,2,0
5381,184.727,109.05,2,0
5382,70.6755,277.899,2,0
5383,498.924,245.162,2,0
5384,30.6315,298,2,0
5385,528.513,250.597,2,0
5386,181.231,207.44,2,0
5387,402.209,63.5693,2,0
5388,21.1727,260.643,2,0
5389,565.786,185.01,2,0
5390,534.769,76.9842,2,0
5391,206.04,136.88,2,0
5392,550.348,286.357,2,0
5393,347.056,244.468,2,0
5394,150.405,233.177,2,0
5395,378.02,289.219,2,0
5396,5.75489,183.706,2,0
5397,237.998,250.35,2,0
5398,265.485,65.3379,2,0
5399,570.838,259.841,2,0
5400,408.846,298,2,0
5401,429.13,193.437,2,0
5402,583.205,178.467,2,0
5403,417.81,185.695,2,0
5404,155.662,266.458,2,0
5405,367.553,167.619,2,0
5406,76.4376,273.066,2,0
5407,356.827,200.376,2,0
5408,231.404,288.739,2,0
5409,561.22,149.085,2,0
5410,246.457,215.446,2,0
5411,435.007,227.997,2,0
5412,259.249,231.538,2,0
5413,557.652,9.00131,2,0
5414,293.366,197.153,2,0
5415,93.9454,52.6305,2,0
5416,245.597,264.806,2,0
5417,28.0744,123.022,2,0
5418,61.9506,249.524,2,0
5419,380.726,168.66,2,0
5420,234.139,50.4983,2,0
5421,71.1693,42.3585,2,0
5422,348.731,232.829,2,0
5423,285.41,246.406,2,0
5424,306.174,222.728,2,0
5425,304.149,67.9635,2,0
5426,580.981,133.191,2,0
5427,518.275,106.916,2,0
5428,99.5293,14.0299,2,0
5429,251.526,8.1212,2,0
5430,483.876,298,2,0
5431,84.8825,264.305,2,0
5432,203.026,28.0772,2,0
5433,586.301,236.182,2,0
5434,208.578,205.449,2,0
5435,379.338,83.4345,2,0
5436,230.238,186.294,2,0
5437,241.584,221.571,2,0
5438,594.334,215.808,2,0
5439,375.056,41.5595,2,0
5440,402.395,99.2599,2,0
5441,214.131,16.62,2,0
5442,335.435,86.5154,2,0
5443,197.979,25.4602,2,0
5444,325.263,28.0695,2,0
5445,196.019,219.217,2,0
5446,20.5617,226.688,2,0
5447,144.059,246.558,2,0
5448,293.861,103.136,2,0
5449,78.6357,80.4589,2,0
5450,71.4487,256.218,2,0
5451,271.728,232.373,2,0
5452,279.783,261.123,2,0
5453,252.261,30.5105,2,0
5454,587.829,88.7809,2,0
5455,46.5111,123.215,2,0
5456,127.561,170.743,2,0
5457,407.352,159.616,2,0
5458,51.468,18.7617,2,0
5459,144.395,57.2442,2,0
5460,46.8415,127.204,2,0
5461,27.6072,162.744,2,0
5462,149.192,216.773,2,0
5463,5.23752,213.466,2,0
5464,41.3845,74.6411,2,0
5465,384.398,22.9199,2,0
5466,69.5265,288.429,2,0
5467,124.124,168.523,2,0
5468,54.6663,73.7372,2,0
5469,258.614,53.722,2,0
5470,522.449,35.5433,2,0
5471,529.062,37.8843,2,0
5472,394.541,32.3981,2,0
5473,132.01,173.361,2,0
5474,546.82,105.5,2,0
5475,267.809,88.6383,2,0
5476,287.325,134.749,2,0
5477,48.8085,225.658,2,0
5478,386.793,67.7591,2,0
5479,7.30324,98.2973,2,0
5480,166.857,237.039,2,0
5481,92.6927,20.9463,2,0
5482,413.751,187.495,2,0
5483,393.587,163.048,2,0
5484,93.2925,103.858,2,0
5485,486.771,269.624,2,0
5486,16.6595,30.4431,2,0
5487,532.997,147.32,2,0
5488,556.57,239.39,2,0
5489,74.444,293.704,2,0
5490,387.259,134.373,2,0
5491,407.466,167.839,2,0
5492,131.682,69.5887,2,0
5493,461.02,282.976,2,0
5494,168.793,267.944,2,0
5495,425.072,210.84,2,0
5496,84.4138,211.005,2,0
5497,420.244,23.4945,2,0
5498,247.034,17.093,2,0
5499,527.616,5.50704,2,0
5500,2.65077,207.599,2,0
5501,327.298,6.08786,2,0
5502,206.257,17.2364,2,0
5503,236.681,163.502,2,0
5504,155.351,228.312,2,0
5505,231.824,24.9376,2,0
5506,3.87622,152.436,2,0
5507,144.77,152.317,2,0
5508,1.95799,165.472,2,0
5509,470.959,192.276,2,0
5510,101.159,298,2,0
5511,77.3248,213.161,2,0
5512,86.3616,216.071,2,0
5513,231.116,257.09,2,0
5514,241.343,202.286,2,0
5515,283.655,283.566,2,0
5516,451.786,83.1809,2,0
5517,41.6925,250.125,2,0
5518,370.06,220.416,2,0
5519,224.47,271.638,2,0
5520,407.903,256.259,2,0
5521,102.132,6.42842,2,0
5522,206.744,32.8319,2,0
5523,219.866,194.235,2,0
5524,299.975,276.68,2,0
5525,392.569,169.728,2,0
5526,75.868,58.4833,2,0
5527,578.704,158.025,2,0
5528,386.506,167.451,2,0
5529,428.647,287.827,2,0
5530,512.362,79.9998,2,0
5531,374.535,133.781,2,0
5532,104.359,2,2,0
5533,117.377,294.934,2,0
5534,467.232,85.4586,2,0
5535,333.394,205.513,2,0
5536,410.094,20.3349,2,0
5537,412.378,59.3701,2,0
5538,22.9909,145.368,2,0
5539,175.504,83.9308,2,0
5540,303.269,158.587,2,0
5541,452.522,237.479,2,0
5542,234.299,36.3579,2,0
5543,458.343,9.03513,2,0
5544,177.677,168.155,2,0
5545,73.4215,141.931,2,0
5546,47.0335,60.1164,2,0
5547,516.423,204.082,2,0
5548,60.5079,288.11,2,0
5549,141.613,130.556,2,0
5550,370.764,115.388,2,0
5551,220.1,215.888,2,0
5552,117.436,202.58,2,0
5553,171.303,214.244,2,0
5554,306.789,131.545,2,0
5555,583.547,185.305,2,0
5556,96.2717,183.209,2,0
5557,523.742,108.28,2,0
5558,188.436,107.463,2,0
5559,386.395,282.43,2,0
5560,27.6379,205.562,2,0
5561,559.59,285.87,2,0
5562,74.7978,96.0352,2,0
5563,165.22,120.4,2,0
5564,238.943,33.1317,2,0
5565,529.135,286.881,2,0
5566,408.402,138.57,2,0
5567,217.09,218.642,2,0
5568,84.704,237.037,2,0
5569,393.19,209.625,2,0
5570,40.1916,53.9195,2,0
5571,48.6581,33.368,2,0
5572,413.1,263.009,2,0
5573,230.373,34.7614,2,0
5574,541.877,92.219,2,0
5575,180.939,41.4923,2,0
5576,405.793,67.0267,2,0
5577,233.151,114.221,2,0
5578,406.432,100.058,2,0
5579,98.7769,52.2326,2,0
5580,365.838,291.89,2,0
5581,327.72,130.047,2,0
5582,571.25,198.333,2,0
5583,156.039,274.14,2,0
5584,273.662,80.9575,2,0
5585,8.93201,290.328,2,0
5586,45.3866,292.639,2,0
5587,511.966,2.35052,2,0
5588,411.215,163.254,2,0
5589,334.248,66.0339,2,0
5590,153.256,69.2382,2,0
5591,140.83,114.708,2,0
5592,501.805,46.6508,2,0
5593,471.24,293.946,2,0
5594,317.18,287.541,2,0
5595,529.253,55.1697,2,0
5596,438.488,44.3009,2,0
5597,356.55,150.062,2,0
5598,392.007,213.611,2,0
5599,132.592,103.104,2,0
5600,426.65,75.4104,2,0
5601,596.924,97.7517,2,0
5602,191.443,77.9408,2,0
5603,479.286,136.828,2,0
5604,433.163,87.9667,2,0
5605,371.456,29.9412,2,0
5606,242.513,293.252,2,0
5607,599.406,80.1404,2,0
5608,8.65016,256.075,2,0
5609,90.4564,126.572,2,0
5610,116.665,226.636,2,0
5611,574.939,20.1926,2,0
5612,107.967,221.005,2,0
5613,573.988,151.643,2,0
5614,235.975,15.1784,2,0
5615,207.485,111.494,2,0
5616,253.227,103.503,2,0
5617,233.667,134.799,2,0
5618,179.612,71.1382,2,0
5619,431.619,91.8055,2,0
5620,344.497,52.9237,2,0
5621,551.231,252.483,2,0
5622,274.608,202.269,2,0
5623,506.002,121.907,2,0
5624,125.664,190.35,2,0
5625,215.651,194.37,2,0
5626,72.09,190.981,2,0
5627,260.883,94.3409,2,0
5628,324.6,168.953,2,0
5629,433.753,117.139,2,0
5630,351.189,127.716,2,0
5631,273.372,188.257,2,0
5632,269.801,217.835,2,0
5633,181.159,102.456,2,0
5634,47.639,134.063,2,0
5635,398.124,119.863,2,0
5636,283.548,48.2216,2,0
5637,490.637,40.8235,2,0
5638,552.238,210.478,2,0
5639,522.142,84.0811,2,0
5640,456.832,232.924,2,0
5641,464.704,178.954,2,0
5642,116.557,146.628,2,0
5643,500.752,287.853,2,0
5644,223.262,242.815,2,0
5645,361.245,146.919,2,0
5646,462.955,298,2,0
5647,466.991,58.7286,2,0
5648,281.633,250.444,2,0
5649,178.019,44.3569,2,0
5650,375.933,282.149,2,0
5651,235.659,82.329,2,0
5652,27.0834,231.437,2,0
5653,36.4439,277.493,2,0
5654,149.528,71.0589,2,0
5655,160.903,286.331,2,0
5656,116.331,232.938,2,0
5657,563.732,255.036,2,0
5658,193.749,176.516,2,0
5659,573.315,133.591,2,0
5660,33.4039,269.962,2,0
5661,490.308,104.874,2,0
5662,578.553,25.3513,2,0
5663,4.90941,192.144,2,0
5664,527.321,275.428,2,0
5665,586.322,240.325,2,0
5666,57.4848,58.3782,2,0
5667,358.328,5.64288,2,0
5668,531.922,231.983,2,0
5669,81.7956,77.8014,2,0
5670,279.915,194.746,2,0
5671,92.1105,48.6881,2,0
5672,504.083,43.3411,2,0
5673,40.3889,35.3356,2,0
5674,106.232,142.025,2,0
5675,100.802,93.3327,2,0
5676,566.042,234.055,2,0
5677,334.602,169.569,2,0
5678,162.283,254.185,2,0
5679,287.185,280.739,2,0
5680,78.2561,148.959,2,0
5681,354.913,182.214,2,0
5682,573.279,116.044,2,0
5683,536.82,28.579,2,0
5684,307.383,160.017,2,0
5685,360.435,282.015,2,0
5686,431.294,58.5503,2,0
5687,260.556,270.795,2,0
5688,101.414,10.4081,2,0
5689,245.638,45.1227,2,0
5690,223.144,73.5199,2,0
5691,425.699,132.234,2,0
5692,146.012,12.7347,2,0
5693,265.261,119.159,2,0
5694,425.994,114.35,2,0
5695,400.447,143.414,2,0
5696,470.172,133.728,2,0
5697,400.845,151.852,2,0
5698,44.0772,106.805,2,0
5699,535.416,197.031,2,0
5700,146.689,220.059,2,0
5701,168.938,29.9397,2,0
5702,310.54,105.492,2,0
5703,548.483,146.073,2,0
5704,152.729,76.7565,2,0
5705,482.237,276.761,2,0
5706,132.639,130.744,2,0
5707,419.601,213.256,2,0
5708,173.753,194.659,2,0
5709,560.998,36.7379,2,0
5710,230.555,117.353,2,0
5711,66.9163,131.252,2,0
5712,118.389,142.209,2,0
5713,593.423,229.147,2,0
5714,353.984,74.9411,2,0
5715,54.5194,246.656,2,0
5716,246.208,9.41894,2,0
5717,517.175,215.408,2,0
5718,579.127,106.078,2,0
5719,35.1194,38.1095,2,0
5720,183.462,176.664,2,0
5721,228.076,57.8786,2,0
5722,184.8,261.797,2,0
5723,190.937,140.23,2,0
5724,102.781,202.635,2,0
5725,313.923,24.8364,2,0
5726,436.39,2,2,0
5727,541.594,30.4083,2,0
5728,527.739,33.8707,2,0
5729,466.559,13.2672,2,0
5730,277.363,168.28,2,0
5731,536.213,225.245,2,0
5732,203.399,264.102,2,0
5733,565.312,280.951,2,0
5734,563.2,57.01,2,0
5735,100.017,25.8499,2,0
5736,200.371,244.773,2,0
5737,553.954,115.909,2,0
5738,293.988,201.229,2,0
5739,30.3041,62.0545,2,0
5740,12.6055,93.8136,2,0
5741,142.643,219.614,2,0
5742,27.5247,70.7993,2,0
5743,48.3018,49.2374,2,0
5744,40.5905,2.21676,2,0
5745,113.799,166.452,2,0
5746,292.198,57.4677,2,0
5747,437.696,163.006,2,0
5748,192.539,201.286,2,0
5749,487.973,151.405,2,0
5750,200.5,79.3551,2,0
5751,553.934,255.619,2,0
5752,592.457,60.0244,2,0
5753,48.3019,153.817,2,0
5754,538.441,98.3736,2,0
5755,173.767,146.92,2,0
5756,564.954,298,2,0
5757,224.118,228.407,2,0
5758,72.406,285.612,2,0
5759,188.622,184.373,2,0
5760,124.172,53.7898,2,0
5761,506.112,104.033,2,0
5762,169.185,273.424,2,0
5763,587.848,2,2,0
5764,157.127,120.475,2,0
5765,231.378,30.2651,2,0
5766,137.561,41.1296,2,0
5767,46.9655,174.457,2,0
5768,397.818,105.204,2,0
5769,450.082,59.4974,2,0
5770,457.661,223.41,2,0
5771,14.305,65.2296,2,0
5772,438.947,264.403,2,0
5773,518.716,131.406,2,0
5774,110.501,23.2827,2,0
5775,176.428,87.906,2,0
5776,277.201,268.87,2,0
5777,56.8589,213.654,2,0
5778,353.776,161.143,2,0
5779,379.651,164.613,2,0
5780,201.42,34.8242,2,0
5781,578.981,62.7629,2,0
5782,111.149,158.402,2,0
5783,555.717,202.189,2,0
5784,508.365,56.6952,2,0
5785,24.0134,107.969,2,0
5786,104.053,54.3132,2,0
5787,301.007,137.29,2,0
5788,336.328,53.9033,2,0
5789,300.753,111.6,2,0
5790,380.41,62.1941,2,0
5791,108.184,7.36519,2,0
5792,223.6,151.84,2,0
5793,195.099,287.667,2,0
5794,434.021,44.6697,2,0
5795,414.95,225.032,2,0
5796,58.1465,70.9851,2,0
5797,250.025,89.8907,2,0
5798,360.752,73.1289,2,0
5799,396.624,57.681,2,0
5800,429.917,122.939,2,0
5801,304.453,94.2281,2,0
5802,11.2349,243.432,2,0
5803,118.388,252.711,2,0
5804,3.0739,144.62,2,0
5805,405.924,41.5688,2,0
5806,196.868,193.863,2,0
5807,535.884,137.853,2,0
5808,411.501,128.691,2,0
5809,45.9807,69.828,2,0
5810,578.192,204.005,2,0
5811,480.341,185.353,2,0
5812,359.197,285.932,2,0
5813,388.633,47.3621,2,0
5814,308.883,176.903,2,0
5815,149.298,135.507,2,0
5816,168.355,172.516,2,0
5817,364.946,247.291,2,0
5818,200.026,162.016,2,0
5819,173.203,103.5,2,0
5820,309.331,40.9494,2,0
5821,332.839,57.0631,2,0
5822,37.3478,125.356,2,0
5823,247.856,193.974,2,0
5824,289.927,291.92,2,0
5825,328.502,199.394,2,0
5826,539.187,6.26631,2,0
5827,371.682,136.8,2,0
5828,467.1,293.946,2,0
5829,404.857,152.207,2,0
5830,286.128,59.7735,2,0
5831,264.88,93.5816,2,0
5832,172.707,25.8741,2,0
5833,550.172,54.0294,2,0
5834,464.362,44.3729,2,0
5835,15.1584,177.071,2,0
5836,403.512,103.906,2,0
5837,577.812,214.471,2,0
5838,119.506,130.261,2,0
5839,573.069,78.9934,2,0
5840,184.858,40.15,2,0
5841,554.807,142.065,2,0
5842,274.851,8.62578,2,0
5843,2.22962,269.108,2,0
5844,107.574,169.864,2,0
5845,422.963,178.179,2,0
5846,577.859,194.596,2,0
5847,226.069,46.3427,2,0
5848,539.135,135.245,2,0
5849,195.844,16.8982,2,0
5850,310.831,200.991,2,0
5851,156.617,219.208,2,0
5852,138.5,2,2,0
5853,184.735,104.283,2,0
5854,25.8411,139.591,2,0
5855,416.908,193.812,2,0
5856,48.4999,212.29,2,0
5857,202.03,185.648,2,0
5858,177.23,144.199,2,0
5859,376.558,94.2085,2,0
5860,410.983,63.7668,2,0
5861,242.455,260.17,2,0
5862,118.309,239.65,2,0
5863,546.554,258.047,2,0
5864,230.37,149.802,2,0
5865,174.335,288.812,2,0
5866,98.3546,104.901,2,0
5867,261.844,104.709,2,0
5868,523.081,203.372,2,0
5869,344.502,61.119,2,0
5870,159.933,49.6236,2,0
5871,558.881,187.891,2,0
5872,112.531,246.958,2,0
5873,375.644,85.0323,2,0
5874,403.297,201.992,2,0
5875,128.339,29.8632,2,0
5876,126.708,113.579,2,0
5877,57.312,121.117,2,0
5878,237.746,177.948,2,0
5879,341.167,204.151,2,0
5880,52.0388,151.472,2,0
5881,281.229,225.938,2,0
5882,383.397,136.069,2,0
5883,460.713,145.971,2,0
5884,195.512,198.469,2,0
5885,320.622,115.267,2,0
5886,512.438,284.327,2,0
5887,288.852,298,2,0
5888,587.015,203.34,2,0
5889,367.807,179.93,2,0
5890,533.115,19.0979,2,0
5891,403.961,242.069,2,0
5892,230.938,82.1658,2,0
5893,235.287,289.966,2,0
5894,19.3933,71.4008,2,0
5895,69.3379,34.9359,2,0
5896,505.77,35.0265,2,0
5897,513.137,58.7396,2,0
5898,280.421,162.19,2,0
5899,516.238,37.853,2,0
5900,588.808,271.987,2,0
5901,57.4202,130.299,2,0
5902,466.739,194.718,2,0
5903,394.387,41.5428,2,0
5904,394.749,177.879,2,0
5905,150.006,208.285,2,0
5906,462.449,288.993,2,0
5907,221.53,57.9328,2,0
5908,414.231,183.459,2,0
5909,202.734,165.075,2,0
5910,493.875,298,2,0
5911,478.621,25.9177,2,0
5912,584.11,30.7202,2,0
5913,320.396,242.042,2,0
5914,310.996,187.479,2,0
5915,426.534,71.2766,2,0
5916,253.562,242.503,2,0
5917,203.725,192.349,2,0
5918,427.749,67.3525,2,0
5919,150.93,229.147,2,0
5920,404.933,156.327,2,0
5921,567.067,18.7342,2,0
5922,249.648,97.8152,2,0
5923,504.845,198.608,2,0
5924,79.5143,244.739,2,0
5925,142.541,274.896,2,0
5926,216.51,126.488,2,0
5927,437.403,158.85,2,0
5928,501.499,230.333,2,0
5929,501.176,248.61,2,0
5930,130.587,185.425,2,0
5931,419.25,4.66464,2,0
5932,52.0954,105.308,2,0
5933,278.041,294.292,2,0
5934,249.203,41.9343,2,0
5935,177.737,252.429,2,0
5936,498.051,271.692,2,0
5937,540.372,57.4479,2,0
5938,28.729,213.855,2,0
5939,39.7532,272.118,2,0
5940,265.103,292.782,2,0
5941,388.028,102.073,2,0
5942,570.215,202.84,2,0
5943,480.402,29.7071,2,0
5944,464.548,222.077,2,0
5945,140.773,43.7447,2,0
5946,139.723,110.24,2,0
5947,507.156,88.8251,2,0
5948,66.2556,218.329,2,0
5949,404.487,287.063,2,0
5950,318.344,41.6728,2,0
5951,592.03,225.04,2,0
5952,284.264,4.7457,2,0
5953,400.314,243.794,2,0
5954,64.9806,55.0734,2,0
5955,63.015,8.46655,2,0
5956,323.58,210.524,2,0
5957,495.905,144.725,2,0
5958,414.071,156.673,2,0
5959,179.664,184.521,2,0
5960,361.437,12.86,2,0
5961,150.145,114.589,2,0
5962,490.181,74.3926,2,0
5963,509.37,66.0332,2,0
5964,529.622,282.764,2,0
5965,182.044,197.139,2,0
5966,473.26,21.4719,2,0
5967,286.851,102.53,2,0
5968,283.472,229.955,2,0
5969,68.277,258.719,2,0
5970,263.583,194.201,2,0
5971,63.9839,15.5127,2,0
5972,42.6668,57.1549,2,0
5973,243.226,55.2135,2,0
5974,154.781,5.6741,2,0
5975,423.565,198.507,2,0
5976,578.814,166.012,2,0
5977,324.583,217.613,2,0
5978,51.2015,71.4816,2,0
5979,597.707,232.234,2,0
5980,318.765,11.1492,2,0
5981,468.275,73.4351,2,0
5982,225.643,194.685,2,0
5983,553.7,99.4517,2,0
5984,374.288,193.31,2,0
5985,31.6929,206.086,2,0
5986,199.256,113.678,2,0
5987,279.496,183.559,2,0
5988,16.6291,266.286,2,0
5989,322.179,17.4576,2,0
5990,110.321,142.4,2,0
5991,73.4751,170.927,2,0
5992,396.42,113.567,2,0
5993,236.295,227.774,2,0
5994,42.5877,61.2257,2,0
5995,557.884,56.5355,2,0
5996,494.057,32.0495,2,0
5997,419.753,196.766,2,0
5998,355.84,91.2373,2,0
5999,494.402,202.222,2,0
6000,224.538,130.426,2,0
6001,67.2429,240.713,2,0
6002,341.717,178.069,2,0
6003,44.6841,278.593,2,0
6004,265.975,123.615,2,0
6005,190.863,288.098,2,0
6006,375.716,189.509,2,0
6007,280.87,150.814,2,0
6008,492.941,192.758,2,0
6009,141.227,183.755,2,0
6010,39.5769,9.04687,2,0
6011,371.94,129.797,2,0
6012,542.397,105.808,2,0
6013,337.905,176.837,2,0
6014,387.851,250.079,2,0
6015,2.71162,47.449,2,0
6016,480.523,37.3952,2,0
6017,197.114,258.682,2,0
6018,329.749,72.7652,2,0
6019,460.394,194.692,2,0
6020,287.429,49.4835,2,0
6021,169.481,146.242,2,0
6022,311.79,191.401,2,0
6023,521.757,250.056,2,0
6024,514.406,112.603,2,0
6025,223.755,233.153,2,0
6026,555.958,2,2,0
6027,273.958,12.5251,2,0
6028,225.743,168.114,2,0
6029,282.042,60.3307,2,0
6030,384.847,55.9706,2,0
6031,202.978,250.787,2,0
6032,240.693,232.115,2,0
6033,296.034,66.0429,2,0
6034,100.198,2,2,0
6035,207.916,183.446,2,0
6036,553.898,42.4433,2,0
6037,262.516,176.348,2,0
6038,403.599,130.791,2,0
6039,534.956,271.82,2,0
6040,554.62,71.2288,2,0
6041,330.609,264.442,2,0
6042,318.455,56.8697,2,0
6043,100.332,229.061,2,0
6044,9.26922,185.651,2,0
6045,277.73,191.234,2,0
6046,543.253,130.573,2,0
6047,71.4791,204.325,2,0
6048,166.102,297.494,2,0
6049,248.483,47.9934,2,0
6050,332.507,275.069,2,0
6051,100.607,42.2503,2,0
6052,290.571,7.03746,2,0
6053,320.65,216.568,2,0
6054,42.2403,118.337,2,0
6055,419.171,217.866,2,0
6056,303.345,10.9642,2,0
6057,121.54,92.9753,2,0
6058,69.2547,215.671,2,0
6059,562.005,5.81727,2,0
6060,152.665,184.806,2,0
6061,379.487,141.069,2,0
6062,114.065,26.0985,2,0
6063,249.447,178.321,2,0
6064,403.371,193.999,2,0
6065,549.732,117.524,2,0
6066,435.037,259.888,2,0
6067,532.353,291.849,2,0
6068,545.932,270.71,2,0
6069,207.598,83.1038,2,0
6070,460.023,189.336,2,0
6071,266.948,196.441,2,0
6072,299.768,171.832,2,0
6073,259.894,25.5754,2,0
6074,115.613,222.688,2,0
6075,320.66,253.129,2,0
6076,246.539,62.8411,2,0
6077,133.305,143.921,2,0
6078,560.874,245.983,2,0
6079,433.71,278.58,2,0
6080,587.406,139.364,2,0
6081,21.1845,124.009,2,0
6082,253.182,287.113,2,0
6083,389.948,149.258,2,0
6084,256.541,85.5473,2,0
6085,176.996,284.413,2,0
6086,464.605,260.853,2,0
6087,62.4865,224.339,2,0
6088,87.0606,134.051,2,0
6089,89.1381,291.967,2,0
6090,135.262,239.039,2,0
6091,350.467,91.3809,2,0
6092,450.12,73.0405,2,0
6093,370.56,269.245,2,0
6094,9.01983,27.5832,2,0
6095,395.298,157.631,2,0
6096,490.952,170.157,2,0
6097,598.42,59.3075,2,0
6098,532.505,268.623,2,0
6099,560.199,24.9696,2,0
6100,195.783,271.851,2,0
6101,292.922,294.78,2,0
6102,277.499,14.4548,2,0
6103,388.102,222.98,2,0
6104,156.477,262.512,2,0
6105,375.129,163.229,2,0
6106,84.0617,177.529,2,0
6107,43.3069,262.219,2,0
6108,340.747,57.9634,2,0
6109,540.664,266.722,2,0
6110,386.058,270.454,2,0
6111,586.54,176.057,2,0
6112,185.477,76.4234,2,0
6113,172.834,39.6036,2,0
6114,218.607,79.2575,2,0
6115,192.133,291.956,2,0
6116,570.983,168.735,2,0
6117,297.652,15.4558,2,0
6118,426.895,297.8,2,0
6119,275.921,299.699,2,0
6120,83.2051,124.277,2,0
6121,496.175,195.387,2,0
6122,524.057,208.147,2,0
6123,307.896,210.824,2,0
6124,399.725,123.602,2,0
6125,313.382,40.1096,2,0
6126,173.562,129.483,2,0
6127,365.832,162.104,2,0
6128,428.029,279.688,2,0
6129,432.383,83.9738,2,0
6130,122.845,187.413,2,0
6131,390.297,137.945,2,0
6132,538.18,94.3293,2,0
6133,441.785,41.9399,2,0
6134,595.643,170.945,2,0
6135,528.219,119.618,2,0
6136,73.2141,262.307,2,0
6137,214.1,74.7381,2,0
6138,526.166,52.0467,2,0
6139,100.523,293.984,2,0
6140,275.739,261.826,2,0
6141,456.676,46.1137,2,0
6142,338.791,198.692,2,0
6143,350.492,103.58,2,0
6144,226.55,7.71232,2,0
6145,271.443,285.648,2,0
6146,546.233,124.492,2,0
6147,130.539,264.348,2,0
6148,68.0415,157.12,2,0
6149,92.4477,145.986,2,0
6150,312.569,246.851,2,0
6151,237.941,182.016,2,0
6152,235.708,212.713,2,0
6153,45.4176,288.616,2,0
6154,196.241,33.2007,2,0
6155,377.344,159.84,2,0
6156,386.711,219.049,2,0
6157,514.635,102.39,2,0
6158,296.943,137.455,2,0
6159,321.664,25.0132,2,0
6160,284.628,99.0766,2,0
6161,261.097,191.038,2,0
6162,575.496,28.2306,2,0
6163,43.9691,205.89,2,0
6164,571.607,108.415,2,0
6165,91.9198,169.522,2,0
6166,322.681,292.21,2,0
6167,481.227,53.8772,2,0
6168,145.217,115.417,2,0
6169,382.169,256.289,2,0
6170,521.065,61.8063,2,0
6171,132.674,195.055,2,0
6172,501.991,2.00565,2,0
6173,284.38,177.924,2,0
6174,509.979,134.625,2,0
6175,191.179,99.415,2,0
6176,543.221,144.169,2,0
6177,113.243,228.84,2,0
6178,562.116,176.401,2,0
6179,161.555,282.212,2,0
6180,197.691,298,2,0
6181,376.005,185.418,2,0
6182,237.592,44.9716,2,0
6183,481.563,85.7273,2,0
6184,408.727,3.22717,2,0
6185,404.314,283.047,2,0
6186,205.143,161.807,2,0
6187,104.779,265.444,2,0
6188,553.681,38.3758,2,0
6189,56.4973,196.072,2,0
6190,557.545,227.817,2,0
6191,50.025,148.007,2,0
6192,419.869,37.5112,2,0
6193,469.524,150.433,2,0
6194,507.96,116.75,2,0
6195,37.839,29.0715,2,0
6196,430.601,208.401,2,0
6197,402.454,293.476,2,0
6198,484.65,36.6265,2,0
6199,118.776,268.804,2,0
6200,444.987,181.898,2,0
6201,527.544,11.2269,2,0
6202,101.045,237.811,2,0
6203,515.48,54.4974,2,0
6204,68.3327,201.491,2,0
6205,512.127,156.435,2,0
6206,14.9586,147.811,2,0
6207,479.791,61.6193,2,0
6208,105.056,227.86,2,0
6209,249.361,156.867,2,0
6210,593.279,28.354,2,0
6211,42.9036,148.459,2,0
6212,551.716,90.9944,2,0
6213,29.7802,234.644,2,0
6214,251.595,74.2523,2,0
6215,471.565,177.946,2,0
6216,317.77,219.348,2,0
6217,373.964,261.719,2,0
6218,330.201,42.8551,2,0
6219,291.503,15.3552,2,0
6220,149.706,167.958,2,0
6221,532.563,24.5417,2,0
6222,245.35,211.58,2,0
6223,319.542,234.297,2,0
6224,421.32,19.6362,2,0
6225,450.323,88.8814,2,0
6226,258.515,252.286,2,0
6227,463.184,169.885,2,0
6228,310.909,148.344,2,0
6229,221.739,28.7632,2,0
6230,556.267,251.607,2,0
6231,565.269,161.594,2,0
6232,236.607,296.02,2,0
6233,124.615,60.0274,2,0
6234,513.761,280.11,2,0
6235,593.453,20.2881,2,0
6236,144.538,186.617,2,0
6237,47.6033,167.598,2,0
6238,187.832,233.134,2,0
6239,179.426,147.605,2,0
6240,571.421,291.406,2,0
6241,550.394,223.253,2,0
6242,55.3884,6.67816,2,0
6243,54.1989,199.517,2,0
6244,303.624,114.513,2,0
6245,18.7762,82.2555,2,0
6246,82.7196,229.141,2,0
6247,583.987,3.07319,2,0
6248,140.991,26.384,2,0
6249,205.379,293.479,2,0
6250,558.401,191.927,2,0
6251,553.806,152.121,2,0
6252,466.478,264.464,2,0
6253,183.964,64.8027,2,0
6254,386.352,163.359,2,0
6255,469.95,164.282,2,0
6256,453.565,158.293,2,0
6257,508.056,152.845,2,0
6258,570.097,119.791,2,0
6259,299.31,292.046,2,0
6260,90.446,54.709,2,0
6261,253.644,299.493,2,0
6262,360.099,80.5759,2,0
6263,507.4,137.768,2,0
6264,368.141,244.704,2,0
6265,393.956,15.8517,2,0
6266,402.162,228.952,2,0
6267,58.8905,63.3374,2,0
6268,43.2726,38.3361,2,0
6269,307.422,113.106,2,0
6270,78.445,41.7019,2,0
6271,416.028,2,2,0
6272,334.69,270.161,2,0
6273,503.425,31.6446,2,0
6274,172.023,136.804,2,0
6275,291.511,209.765,2,0
6276,448.161,189.545,2,0
6277,466.636,53.8806,2,0
6278,344.611,18.7861,2,0
6279,369.585,133.217,2,0
6280,353.241,94.3978,2,0
6281,501.975,298,2,0
6282,390.26,81.4973,2,0
6283,276.335,33.6121,2,0
6284,301.909,104.6,2,0
6285,36.1627,20.7464,2,0
6286,95.9782,195.659,2,0
6287,279.626,231.271,2,0
6288,424.746,241.281,2,0
6289,227.472,236.54,2,0
6290,95.8278,18.3117,2,0
6291,185.857,119.676,2,0
6292,96.4624,55.7749,2,0
6293,76.6809,88.4196,2,0
6294,50.1425,29.4564,2,0
6295,554.006,233.32,2,0
6296,219.183,169.8,2,0
6297,484.934,178.83,2,0
6298,578.091,100.327,2,0
6299,66.5189,236.577,2,0
6300,107.495,94.6271,2,0
6301,159.556,171.47,2,0
6302,453.253,258.978,2,0
6303,38.1438,187.016,2,0
6304,89.8735,100.525,2,0
6305,49.7347,87.8906,2,0
6306,51.8166,182.797,2,0
6307,369.181,159.582,2,0
6308,314.089,263.31,2,0
6309,572.335,225.922,2,0
6310,201.683,145.878,2,0
6311,329.332,16.9571,2,0
6312,39.3894,86.8051,2,0
6313,116.729,30.5588,2,0
6314,129.411,25.9207,2,0
6315,374.189,145.674,2,0
6316,172.443,116.329,2,0
6317,262.435,259.38,2,0
6318,38.4565,281.254,2,0
6319,581.139,33.5959,2,0
6320,422.255,103.397,2,0
6321,362.322,244.246,2,0
6322,392.799,53.6379,2,0
6323,568.236,93.3551,2,0
6324,245.161,95.5313,2,0
6325,352.324,265.25,2,0
6326,223.83,33.27,2,0
6327,160.653,212.236,2,0
6328,232.606,282.781,2,0
6329,440.421,2,2,0
6330,100.206,191.784,2,0
6331,554.547,170.78,2,0
6332,299.353,10.6832,2,0
6333,173.34,60.9341,2,0
6334,262.543,138.439,2,0
6335,60.5494,211.187,2,0
6336,351.948,135.414,2,0
6337,414.355,73.6889,2,0
6338,209.913,59.0987,2,0
6339,526.513,148.546,2,0
6340,35.0015,135.025,2,0
6341,334.581,131.269,2,0
6342,256.486,204.476,2,0
6343,553.671,110.969,2,0
6344,410.841,181.282,2,0
6345,336.572,248.086,2,0
6346,99.55,168.243,2,0
6347,327.786,231.203,2,0
6348,45.413,214.834,2,0
6349,556.281,210.213,2,0
6350,365.806,236.584,2,0
6351,307.383,292.621,2,0
6352,595.947,87.5716,2,0
6353,222.636,111.694,2,0
6354,565.857,135.911,2,0
6355,463.202,254.934,2,0
6356,319.187,283.866,2,0
6357,67.2334,184.425,2,0
6358,553.156,293.903,2,0
6359,298.829,166.8,2,0
6360,93.0181,78.872,2,0
6361,221.879,106.71,2,0
6362,267.769,263.717,2,0
6363,324.742,145.547,2,0
6364,515.61,134.021,2,0
6365,142.297,98.4052,2,0
6366,57.5689,17.2743,2,0
6367,149.849,48.9774,2,0
6368,98.3957,79.2934,2,0
6369,238.278,151.895,2,0
6370,57.8306,221.191,2,0
6371,363.087,69.4626,2,0
6372,588.145,218.376,2,0
6373,554.602,29.7622,2,0
6374,494.706,71.6609,2,0
6375,108.77,136.922,2,0
6376,478.583,247.998,2,0
6377,359.648,32.3161,2,0
6378,70.7266,26.8351,2,0
6379,467.993,50.0797,2,0
6380,250.4,133.535,2,0
6381,153.909,199.954,2,0
6382,111.83,70.9278,2,0
6383,238.724,173.898,2,0
6384,206.016,202.213,2,0
6385,131.348,88.249,2,0
6386,564.694,95.2205,2,0
6387,533.277,161.995,2,0
6388,590.009,214.834,2,0
6389,264.683,274.348,2,0
6390,215.785,154.604,2,0
6391,282.318,89.654,2,0
6392,162.886,6.69021,2,0
6393,457.045,50.1692,2,0
6394,92.273,66.362,2,0
6395,352.29,194.471,2,0
6396,587.377,80.2696,2,0
6397,356.633,208.508,2,0
6398,392.658,173.779,2,0
6399,331.735,46.727,2,0
6400,86.0336,269.114,2,0
6401,584.684,194.105,2,0
6402,132.718,23.5045,2,0
6403,238.191,266.005,2,0
6404,244.038,207.779,2,0
6405,236.406,3.18159,2,0
6406,253.466,226.275,2,0
6407,442.51,171.348,2,0
6408,348.89,237.735,2,0
6409,336.3,263.228,2,0
6410,415.918,122.208,2,0
6411,115.296,158.464,2,0
6412,393.093,140.961,2,0
6413,10.2434,64.5821,2,0
6414,68.8536,161.852,2,0
6415,425.003,237.244,2,0
6416,260.337,61.6436,2,0
6417,537.279,66.4674,2,0
6418,140.004,245.904,2,0
6419,503.639,185.366,2,0
6420,248.775,93.741,2,0
6421,52.7423,277.182,2,0
6422,104.584,277.904,2,0
6423,323.037,205.423,2,0
6424,116.447,39.125,2,0
6425,199.72,108.656,2,0
6426,133.082,65.7101,2,0
6427,187.748,97.0486,2,0
6428,11.8909,111.448,2,0
6429,16.9401,243.735,2,0
6430,270.426,9.35088,2,0
6431,297.028,76.7158,2,0
6432,525.458,2,2,0
6433,233.1,85.6432,2,0
6434,409.396,96.5635,2,0
6435,103.92,18.6536,2,0
6436,318.485,19.0287,2,0
6437,439.004,72.4824,2,0
6438,421.896,280.231,2,0
6439,27.9608,277.571,2,0
6440,374.93,99.0574,2,0
6441,117.435,219.123,2,0
6442,108.272,262.824,2,0
6443,159.365,228.582,2,0
6444,533.932,141.405,2,0
6445,499.738,142.203,2,0
6446,18.673,66.8803,2,0
6447,494.431,236.475,2,0
6448,380.723,94.1642,2,0
6449,442.588,243.696,2,0
6450,585.107,246.764,2,0
6451,337.018,203.697,2,0
6452,230.901,268.383,2,0
6453,550.165,231.973,2,0
6454,257.566,192.979,2,0
6455,256.093,200.478,2,0
6456,332.243,166.194,2,0
6457,168.819,139.26,2,0
6458,519.67,54.1893,2,0
6459,135.563,168.878,2,0
6460,413.298,40.4678,2,0
6461,578.642,287.558,2,0
6462,597.112,44.6337,2,0
6463,390.191,192.912,2,0
6464,32.0465,277.865,2,0
6465,570.845,22.7061,2,0
6466,544.608,95.3267,2,0
6467,318.656,195.875,2,0
6468,547.837,2,2,0
6469,95.6447,287.749,2,0
6470,264.457,71.136,2,0
6471,16.8174,173.296,2,0
6472,321.961,153.403,2,0
6473,309.351,88.2144,2,0
6474,9.33199,226.707,2,0
6475,203.433,63.9043,2,0
6476,237.198,113.255,2,0
6477,250.109,2,2,0
6478,21.3639,18.1092,2,0
6479,2.41512,18.0872,2,0
6480,562.878,201.135,2,0
6481,440.879,85.2664,2,0
6482,590.636,298,2,0
6483,476.585,171.351,2,0
6484,35.4088,258.054,2,0
6485,16.088,136.708,2,0
6486,174.955,48.4792,2,0
6487,239.469,270.232,2,0
6488,161.564,167.565,2,0
6489,43.547,10.0761,2,0
6490,222.608,80.3676,2,0
6491,218.183,210.836,2,0
6492,65.1776,27.449,2,0
6493,84.89,273.05,2,0
6494,102.976,78.9773,2,0
6495,115.511,114.094,2,0
6496,46.8911,113.546,2,0
6497,569.164,105.115,2,0
6498,8.64869,174.209,2,0
6499,207.855,69.299,2,0
6500,62.5617,64.9866,2,0
6501,489.931,100.747,2,0
6502,545.856,81.7706,2,0
6503,222.652,277.502,2,0
6504,520.22,71.8159,2,0
6505,218.225,253.625,2,0
6506,558.603,124.03,2,0
6507,348.423,79.8083,2,0
6508,553.062,119.891,2,0
6509,99.4997,38.3671,2,0
6510,88.9164,108.731,2,0
6511,19.5804,3.69736,2,0
6512,408.848,273.095,2,0
6513,51.8634,190.815,2,0
6514,42.4131,27.5314,2,0
6515,332.131,105.915,2,0
6516,224.556,60.5889,2,0
6517,304.353,71.9753,2,0
6518,401.379,158.264,2,0
6519,151.026,97.7231,2,0
6520,104.164,147.699,2,0
6521,424.649,288.386,2,0
6522,321.776,157.771,2,0
6523,249.998,256.339,2,0
6524,426.847,179.432,2,0
6525,563.388,78.4789,2,0
6526,554.056,60.0904,2,0
6527,157.695,75.9735,2,0
6528,237.528,95.2924,2,0
6529,123.834,14.2636,2,0
6530,459.202,255.127,2,0
6531,402.274,120.502,2,0
6532,531.312,276.241,2,0
6533,104.306,191.875,2,0
6534,499.368,41.252,2,0
6535,47.2049,109.512,2,0
6536,568.993,298,2,0
6537,359.44,205.568,2,0
6538,212.211,234.511,2,0
6539,447.552,279.289,2,0
6540,495.059,83.5651,2,0
6541,198.98,291.756,2,0
6542,343.81,88.171,2,0
6543,501.241,200.545,2,0
6544,342.691,23.6058,2,0
6545,79.6417,236.238,2,0
6546,14.7325,40.7697,2,0
6547,131.58,32.2996,2,0
6548,198.61,167.047,2,0
6549,332.719,75.4462,2,0
6550,235.004,253.254,2,0
6551,64.1553,110.921,2,0
6552,540.748,71.8721,2,0
6553,310.332,180.709,2,0
6554,498.246,31.857,2,0
6555,324.024,63.263,2,0
6556,244.231,271.933,2,0
6557,369.212,248.609,2,0
6558,95.2112,187.332,2,0
6559,15.2355,221.413,2,0
6560,529.647,2,2,0
6561,430.369,177.245,2,0
6562,154.039,292.581,2,0
6563,164.551,106.469,2,0
6564,450.146,240.774,2,0
6565,551.269,181.124,2,0
6566,391.152,62.0385,2,0
6567,564.833,292.066,2,0
6568,132.376,274.165,2,0
6569,211.649,193.66,2,0
6570,315.246,156.309,2,0
6571,139.47,53.2399,2,0
6572,148.346,212.749,2,0
6573,309.894,284.443,2,0
6574,458.512,202.678,2,0
6575,433.626,240.35,2,0
6576,426.112,121.622,2,0
6577,521.216,214.602,2,0
6578,321.784,129.993,2,0
6579,98.3659,85.581,2,0
6580,377.79,148.932,2,0
6581,531.636,165.649,2,0
6582,306.494,105.377,2,0
6583,196.337,106.392,2,0
6584,144.65,105.786,2,0
6585,44.5542,33.7841,2,0
6586,288.869,99.05,2,0
6587,306.501,267.49,2,0
6588,149.571,59.1752,2,0
6589,369.289,289.698,2,0
6590,418.356,102.023,2,0
6591,530.429,257.755,2,0
6592,277.05,205.61,2,0
6593,378.392,115.164,2,0
6594,520.191,39.0686,2,0
6595,480.019,224.896,2,0
6596,475.608,45.249,2,0
6597,64.8924,227.558,2,0
6598,341.012,92.1161,2,0
6599,388.982,142.227,2,0
6600,208.551,290.855,2,0
6601,135.495,235.03,2,0
6602,251.118,37.2302,2,0
6603,340.9,35.2828,2,0
6604,462.995,154.425,2,0
6605,373.926,125.177,2,0
6606,82.0375,162.344,2,0
6607,590.539,245.243,2,0
6608,380.725,87.2349,2,0
6609,369.003,176.038,2,0
6610,241.319,92.7218,2,0
6611,72.4678,281.548,2,0
6612,590.342,17.7351,2,0
6613,120.238,23.8353,2,0
6614,196.97,131.744,2,0
6615,397.527,194.636,2,0
6616,76.3367,72.6186,2,0
6617,486.381,73.1058,2,0
6618,449.092,181.338,2,0
6619,175.629,179.062,2,0
6620,76.7446,144.332,2,0
6621,399.14,277.64,2,0
6622,511.075,256.022,2,0
6623,129.051,277.601,2,0
6624,78.0003,187.647,2,0
6625,422.434,7.66532,2,0
6626,231.369,197.039,2,0
6627,445.924,229.228,2,0
6628,203.21,272.207,2,0
6629,372.275,34.5878,2,0
6630,125.524,142.493,2,0
6631,367.391,29.5829,2,0
6632,486.388,65.0374,2,0
6633,101.711,262.647,2,0
6634,277.926,133.612,2,0
6635,121.443,155.535,2,0
6636,61.0799,46.3864,2,0
6637,339.527,112.946,2,0
6638,434.354,206.876,2,0
6639,583.687,82.0789,2,0
6640,183.49,284.512,2,0
6641,200.395,89.8667,2,0
6642,52.6,251.808,2,0
6643,301.988,223.046,2,0
6644,351.393,166.295,2,0
6645,558.568,134.556,2,0
6646,165.903,196.113,2,0
6647,1.71476,106.982,2,0
6648,53.8458,110.012,2,0
6649,52.0137,219.593,2,0
6650,177.632,104.476,2,0
6651,134.418,80.4232,2,0
6652,363.17,254.45,2,0
6653,248.846,145.242,2,0
6654,273.774,48.9539,2,0
6655,325.501,272.526,2,0
6656,435.16,59.8175,2,0
6657,4.37154,36.311,2,0
6658,385.28,253.289,2,0
6659,224.523,174.13,2,0
6660,123.265,2,2,0
6661,32.0546,129.698,2,0
6662,317.628,199.899,2,0
6663,144.521,223.596,2,0
6664,377.077,278.11,2,0
6665,119.988,126.211,2,0
6666,14.7956,77.0523,2,0
6667,167.028,142.953,2,0
6668,571.031,249.7,2,0
6669,4.47129,40.3689,2,0
6670,599.352,151.568,2,0
6671,109.188,216.92,2,0
6672,334.78,33.5577,2,0
6673,87.8461,35.4804,2,0
6674,553.1,247.21,2,0
6675,55.6258,208.534,2,0
6676,238.162,109.31,2,0
6677,588.714,194.16,2,0
6678,589.558,198.16,2,0
6679,290.836,164.333,2,0
6680,277.469,219.036,2,0
6681,106.206,87.4369,2,0
6682,70.9244,97.5925,2,0
6683,383.667,273.698,2,0
6684,156.044,23.616,2,0
6685,20.2454,137.16,2,0
6686,488.131,222.093,2,0
6687,107.073,129.721,2,0
6688,112.811,117.046,2,0
6689,400.639,174.883,2,0
6690,298.512,268.702,2,0
6691,152.476,261.079,2,0
6692,299.717,127.224,2,0
6693,325.842,86.9428,2,0
6694,68.7539,170.168,2,0
6695,557.029,159.681,2,0
6696,117.9,54.5773,2,0
6697,181.242,47.3976,2,0
6698,208.865,197.652,2,0
6699,286.268,184.206,2,0
6700,421.283,98.9551,2,0
6701,163.995,293.852,2,0
6702,304.496,80.5138,2,0
6703,298.888,296.134,2,0
6704,35.6221,262.265,2,0
6705,361.27,217.445,2,0
6706,434.133,129.269,2,0
6707,339.423,131,2,0
6708,470.605,238.925,2,0
6709,582.576,238.775,2,0
6710,363.584,42.8188,2,0
6711,542.433,98.873,2,0
6712,574.39,83.1604,2,0
6713,105.254,217.915,2,0
6714,295.71,141.262,2,0
6715,594.565,124.894,2,0
6716,144.834,203.515,2,0
6717,138.819,287.502,2,0
6718,548.096,20.7493,2,0
6719,262.996,4.86686,2,0
6720,310.199,162.905,2,0
6721,264.604,15.5248,2,0
6722,210.343,13.4319,2,0
6723,300.565,100.818,2,0
6724,310.953,274.156,2,0
6725,126.893,287.605,2,0
6726,354.668,171.17,2,0
6727,95.8644,34.9089,2,0
6728,368.809,284.088,2,0
6729,322.294,296.363,2,0
6730,247.116,28.3682,2,0
6731,463.796,48.9812,2,0
6732,445.82,262.012,2,0
6733,168.543,225.085,2,0
6734,483.327,44.5614,2,0
6735,170.3,125.067,2,0
6736,135.681,271.832,2,0
6737,30.3099,274.172,2,0
6738,154.546,192.729,2,0
6739,473.083,130.311,2,0
6740,477.341,233.283,2,0
6741,16.4247,132.579,2,0
6742,572.634,270.889,2,0
6743,116.826,105.294,2,0
6744,368.876,274.889,2,0
6745,204.187,76.6938,2,0
6746,348.001,277.139,2,0
6747,299.254,32.2182,2,0
6748,587.981,135.344,2,0
6749,414.295,102.427,2,0
6750,456.499,177.627,2,0
6751,245.468,91.4661,2,0
6752,95.8071,82.4799,2,0
6753,143.218,190.596,2,0
6754,173.18,220.575,2,0
6755,307.666,5.78258,2,0
6756,122.655,211.186,2,0
6757,337.852,134.698,2,0
6758,98.0104,280.24,2,0
6759,119.588,291.178,2,0
6760,223.23,213.35,2,0
6761,172.264,185.692,2,0
6762,550.786,188.833,2,0
6763,90.1909,69.9262,2,0
6764,155.079,142.463,2,0
6765,519.74,163.187,2,0
6766,323.551,235.459,2,0
6767,270.214,37.2526,2,0
6768,412.701,147.254,2,0
6769,558.336,177.949,2,0
6770,25.2771,266.995,2,0
6771,449.01,9.68508,2,0
6772,191.406,181.074,2,0
6773,226.104,50.5447,2,0
6774,275.233,195.954,2,0
6775,69.5225,268.956,2,0
6776,210.891,33.4535,2,0
6777,221.107,4.8902,2,0
6778,376.885,102.612,2,0
6779,550.896,24.2365,2,0
6780,355.854,126.699,2,0
6781,201.174,218.745,2,0
6782,59.0034,9.20694,2,0
6783,324.216,81.2327,2,0
6784,308.089,109.088,2,0
6785,215.732,3.48502,2,0
6786,145.74,78.4705,2,0
6787,443.856,281.067,2,0
6788,36.2302,194.685,2,0
6789,414.294,220.962,2,0
6790,594.718,12.7796,2,0
6791,574.839,289.064,2,0
6792,405.871,248.275,2,0
6793,388.835,56.691,2,0
6794,19.2068,286.858,2,0
6795,530.849,178.505,2,0
6796,453.426,229.258,2,0
6797,441.684,162.39,2,0
6798,156.078,85.8469,2,0
6799,536.886,146.33,2,0
6800,261.302,149.304,2,0
6801,292.586,243.739,2,0
6802,55.9689,234.382,2,0
6803,499.238,8.88739,2,0
6804,104.97,296.764,2,0
6805,378.237,132.065,2,0
6806,438.574,248.864,2,0
6807,19.7994,86.3032,2,0
6808,330.305,219.269,2,0
6809,211.894,29.5245,2,0
6810,327.829,96.83,2,0
6811,356.818,71.8773,2,0
6812,291.873,139.628,2,0
6813,240.834,148.584,2,0
6814,73.3355,270.349,2,0
6815,292.854,284.779,2,0
6816,402.758,197.985,2,0
6817,19.36,177.208,2,0
6818,423.546,205.619,2,0
6819,281.731,170.713,2,0
6820,143.637,286.57,2,0
6821,442.91,196.627,2,0
6822,427.663,205.635,2,0
6823,409.962,245.931,2,0
6824,536.113,36.0511,2,0
6825,459.358,114.864,2,0
6826,42.5338,134.592,2,0
6827,30.4791,282.451,2,0
6828,107.904,43.6657,2,0
6829,592.972,159.85,2,0
6830,495.352,158.997,2,0
6831,197.644,98.8725,2,0
6832,103.141,36.6435,2,0
6833,299.02,259.337,2,0
6834,194.941,236.761,2,0
6835,444.532,26.3831,2,0
6836,44.0395,196.342,2,0
6837,506.028,298,2,0
6838,269.852,240.958,2,0
6839,84.6561,221.557,2,0
6840,364.27,260.727,2,0
6841,421.414,41.2376,2,0
6842,151.745,296.051,2,0
6843,482.45,290.221,2,0
6844,140.515,71.3137,2,0
6845,196.356,64.4501,2,0
6846,547.092,35.6938,2,0
6847,231.755,272.39,2,0
6848,548.652,66.7913,2,0
6849,354.424,21.7634,2,0
6850,263.639,288.996,2,0
6851,546.365,175.778,2,0
6852,394.18,28.4029,2,0
6853,319.008,205.615,2,0
6854,356.651,112.891,2,0
6855,304.336,285,2,0
6856,402.437,238.192,2,0
6857,220.306,128.323,2,0
6858,558.023,232.955,2,0
6859,383.464,32.5309,2,0
6860,597.492,295.067,2,0
6861,307.336,9.87851,2,0
6862,475.283,272.375,2,0
6863,228.255,62.2437,2,0
6864,209.162,244.758,2,0
6865,169.765,105.985,2,0
6866,491.613,112.257,2,0
6867,565.963,115.517,2,0
6868,244.372,123.094,2,0
6869,79.7592,133.177,2,0
6870,153.327,9.48801,2,0
6871,259.272,21.4216,2,0
6872,163.132,178.824,2,0
6873,75.0532,112.912,2,0
6874,226.383,205.832,2,0
6875,484.357,194.775,2,0
6876,564.962,245.801,2,0
6877,386.458,88.9942,2,0
6878,464.011,27.0213,2,0
6879,170.064,93.1222,2,0
6880,101.946,280.987,2,0
6881,379.064,272.893,2,0
6882,303.422,133.941,2,0
6883,188.564,242.094,2,0
6884,289.944,42.5563,2,0
6885,511.09,83.9499,2,0
6886,157.406,234.865,2,0
6887,367.551,184.093,2,0
6888,80.2518,200.989,2,0
6889,440.976,131.488,2,0
6890,268.776,145.441,2,0
6891,81.7409,44.6156,2,0
6892,377.205,249.939,2,0
6893,140.318,267.99,2,0
6894,501.309,12.3947,2,0
6895,192.726,298,2,0
6896,213.893,91.94,2,0
6897,189.036,60.3236,2,0
6898,407.474,129.48,2,0
6899,451.194,101.315,2,0
6900,225.056,40.9074,2,0
6901,270.736,60.6467,2,0
6902,447.925,5.17125,2,0
6903,250.203,185.931,2,0
6904,563.84,91.1863,2,0
6905,22.7364,77.469,2,0
6906,193.789,260.918,2,0
6907,294.349,5.38641,2,0
6908,477.018,267.364,2,0
6909,217.629,47.7151,2,0
6910,93.0979,290.908,2,0
6911,235.284,64.9449,2,0
6912,363.723,295.345,2,0
6913,43.9471,192.316,2,0
6914,279.328,26.1192,2,0
6915,579.767,219.205,2,0
6916,309.938,289.487,2,0
6917,119.088,50.3529,2,0
6918,599.855,30.1331,2,0
6919,132.871,10.2568,2,0
6920,527.915,232.573,2,0
6921,462.965,58.2135,2,0
6922,381.082,281.27,2,0
6923,146.99,170.898,2,0
6924,446.299,225.113,2,0
6925,77.6653,240.895,2,0
6926,524.016,126.404,2,0
6927,41.8034,42.2206,2,0
6928,363.105,154.084,2,0
6929,192.904,19.8851,2,0
6930,562.412,191.751,2,0
6931,536.693,11.5218,2,0
6932,2.13436,265.015,2,0
6933,404.566,92.1289,2,0
6934,60.8042,98.1379,2,0
6935,64.4597,200.182,2,0
6936,155.403,252.911,2,0
6937,96.5524,157.948,2,0
6938,474.164,247.822,2,0
6939,413.798,196.395,2,0
6940,488.165,116.16,2,0
6941,20.5325,190.249,2,0
6942,292.255,19.5094,2,0
6943,517.712,59.4517,2,0
6944,381.137,211.893,2,0
6945,229.586,52.6082,2,0
6946,492.702,229.323,2,0
6947,495.151,163.131,2,0
6948,5.03265,109.468,2,0
6949,75.2744,105.22,2,0
6950,160.901,26.3276,2,0
6951,196.434,135.884,2,0
6952,417.285,107.28,2,0
6953,236.533,27.5712,2,0
6954,139.524,13.0178,2,0
6955,316.968,90.8006,2,0
6956,263.344,211.102,2,0
6957,364.099,169.748,2,0
6958,144.722,250.547,2,0
6959,87.2866,157.733,2,0
6960,492.762,5.70359,2,0
6961,282.488,23.5257,2,0
6962,51.459,135.392,2,0
6963,62.8401,80.7261,2,0
6964,225.482,298,2,0
6965,243.726,2,2,0
6966,355.327,165.114,2,0
6967,528.541,241.059,2,0
6968,376.29,37.1201,2,0
6969,518.504,252.842,2,0
6970,298.757,255.271,2,0
6971,423.729,252.428,2,0
6972,96.6771,63.0587,2,0
6973,432.748,270.833,2,0
6974,2.20905,101.827,2,0
6975,280.93,94.147,2,0
6976,257.577,227.566,2,0
6977,571.575,27.0098,2,0
6978,47.0824,208.411,2,0
6979,133.516,282.165,2,0
6980,128.021,271.957,2,0
6981,218.18,120.53,2,0
6982,200.913,226.801,2,0
6983,382.324,42.2396,2,0
6984,248.707,277.043,2,0
6985,462.683,15.0597,2,0
6986,108.099,208.809,2,0
6987,261.503,48.5075,2,0
6988,407.362,31.6878,2,0
6989,141.282,39.1333,2,0
6990,320.407,79.8819,2,0
6991,340.177,5.69325,2,0
6992,134.753,257.646,2,0
6993,497.326,249.797,2,0
6994,349.647,62.2698,2,0
6995,336.567,69.4052,2,0
6996,474.414,56.3119,2,0
6997,150.671,110.453,2,0
6998,140.443,226.141,2,0
6999,478.53,240.277,2,0
7000,103.451,198.445,2,0
7001,41.9149,225.983,2,0
7002,567.351,241.674,2,0
7003,336.645,58.3511,2,0
7004,547.753,211.035,2,0
7005,531.81,93.376,2,0
7006,63.2622,239.467,2,0
7007,549.398,32.1533,2,0
7008,341.908,155.031,2,0
7009,39.6012,267.998,2,0
7010,244.464,70.6482,2,0
7011,360.929,86.9118,2,0
7012,143.119,297.785,2,0
7013,537.52,62.2836,2,0
7014,417.114,20.5922,2,0
7015,387.436,214.533,2,0
7016,509.706,281.061,2,0
7017,390.584,86.1373,2,0
7018,145.206,66.0116,2,0
7019,195.467,85.0393,2,0
7020,135.41,222.553,2,0
7021,551.441,276.212,2,0
7022,425.934,32.2692,2,0
7023,494.452,269.666,2,0
7024,297.877,2.62239,2,0
7025,325.092,20.2154,2,0
7026,222.607,177.678,2,0
7027,66.155,196.232,2,0
7028,577.863,5.51991,2,0
7029,428.979,159.412,2,0
7030,427.095,51.8757,2,0
7031,394.686,65.743,2,0
7032,68.6645,75.1244,2,0
7033,74.1843,298,2,0
7034,51.1139,238.985,2,0
7035,314.549,139.051,2,0
7036,417.636,75.9941,2,0
7037,579.512,118.349,2,0
7038,401.797,224.367,2,0
7039,279.955,46.3722,2,0
7040,442.527,147.53,2,0
7041,158.82,164.061,2,0
7042,298.014,264.608,2,0
7043,147.775,297.135,2,0
7044,567.673,265.146,2,0
7045,561.517,49.4514,2,0
7046,244.534,35.3924,2,0
7047,555.622,131.475,2,0
7048,61.5715,193.461,2,0
7049,498.778,67.8307,2,0
7050,174.225,240.059,2,0
7051,274.427,183.39,2,0
7052,405.088,267.865,2,0
7053,518.421,34.3531,2,0
7054,584.542,35.8083,2,0
7055,185.514,129.212,2,0
7056,18.037,7.45409,2,0
7057,245.457,188.336,2,0
7058,266.523,259.899,2,0
7059,401.299,147.748,2,0
7060,34.5106,97.8085,2,0
7061,61.3445,203.202,2,0
7062,540.818,147.518,2,0
7063,372.552,174.137,2,0
7064,261.314,255.34,2,0
7065,239.377,198.687,2,0
7066,0.668184,253.982,2,0
7067,367.634,70.1513,2,0
7068,72.0555,200.02,2,0
7069,479.79,298,2,0
7070,96.6755,227.378,2,0
7071,306.786,214.734,2,0
7072,26.6555,246.262,2,0
7073,522.82,198.917,2,0
7074,208.929,187.409,2,0
7075,507.37,207.059,2,0
7076,53.8375,15.4955,2,0
7077,502.92,238.349,2,0
7078,168.475,294.246,2,0
7079,7.5148,259.914,2,0
7080,566.616,12.5791,2,0
7081,569.987,58.4477,2,0
7082,499.796,207.211,2,0
7083,541.106,277.859,2,0
7084,343.335,213.897,2,0
7085,574.181,119.988,2,0
7086,526.622,173.944,2,0
7087,199.963,66.2032,2,0
7088,93.1063,25.0694,2,0
7089,233.214,146.938,2,0
7090,93.2011,117.589,2,0
7091,112.22,293.579,2,0
7092,358.284,38.0684,2,0
7093,584.086,70.1304,2,0
7094,559.504,260.232,2,0
7095,567.565,191.938,2,0
7096,304.7,146.3,2,0
7097,458.895,21.0445,2,0
7098,226.289,290.89,2,0
7099,237.221,208.954,2,0
7100,327.435,174.512,2,0
7101,93.3089,209.839,2,0
7102,409.398,174.799,2,0
7103,51.8673,113.495,2,0
7104,206.882,166.018,2,0
7105,39.5371,263.871,2,0
7106,350.904,8.64976,2,0
7107,118.405,182.113,2,0
7108,332.552,69.752,2,0
7109,415.659,86.4533,2,0
7110,241.796,178.315,2,0
7111,599.245,259.145,2,0
7112,110.564,91.9787,2,0
7113,290.808,26.185,2,0
7114,432.465,170.231,2,0
7115,496.291,294.304,2,0
7116,470.709,30.5589,2,0
7117,558.377,72.6748,2,0
7118,167.485,159.095,2,0
7119,35.832,42.6472,2,0
7120,594.529,150.885,2,0
7121,228.502,278.66,2,0
7122,120.487,265.074,2,0
7123,463.921,114.402,2,0
7124,387.296,63.4106,2,0
7125,155.864,223.256,2,0
7126,442.904,265.125,2,0
7127,464.657,217.93,2,0
7128,346.655,9.24978,2,0
7129,302.556,262.581,2,0
7130,511.93,229.801,2,0
7131,520.748,192.916,2,0
7132,203.108,174.743,2,0
7133,215.703,248.393,2,0
7134,488.428,273.323,2,0
7135,118.196,110.886,2,0
7136,126.406,252.768,2,0
7137,550.725,169.238,2,0
7138,249.359,212.246,2,0
7139,295.844,47.3018,2,0
7140,131.267,287.849,2,0
7141,441.687,116.002,2,0
7142,483.633,246.28,2,0
7143,499.65,240.836,2,0
7144,172.983,90.1052,2,0
7145,231.52,237.76,2,0
7146,309.999,269.85,2,0
7147,299.326,192.707,2,0
7148,481.31,177.082,2,0
7149,252.005,217.114,2,0
7150,204.287,122.254,2,0
7151,65.5388,289.174,2,0
7152,375.985,27.9083,2,0
7153,83.6534,203.538,2,0
7154,453.396,249.918,2,0
7155,310.258,22.802,2,0
7156,1.39317,83.786,2,0
7157,557.569,68.4222,2,0
7158,28.8895,238.662,2,0
7159,539.262,127.812,2,0
7160,134.151,244.925,2,0
