id,x,y,radius,is_spanning
0,169.439,298,2,1
1,549.024,254.873,2,1
2,267.579,255.521,2,1
3,557.19,5.73736,2,1
4,109.369,36.1961,2,1
5,383.772,254.561,2,1
6,136.218,290.718,2,1
7,83.1543,283.941,2,1
8,154.23,158.564,2,1
9,458.331,51.8787,2,0
10,383.642,282.794,2,1
11,201.183,238.025,2,1
12,183.147,209.02,2,1
13,417.719,258.97,2,1
14,469.22,269.693,2,1
15,83.9936,184.069,2,1
16,18.099,43.2974,2,1
17,549.094,246.825,2,1
18,400.956,213.426,2,1
19,135.887,257.113,2,1
20,431.466,58.4542,2,1
21,406.445,149.468,2,1
22,571.981,235.949,2,1
23,26.7222,173.77,2,1
24,7.14495,4.88613,2,0
25,193.516,16.7239,2,0
26,464.825,27.7212,2,1
27,428.778,288.306,2,1
28,87.6446,223.499,2,1
29,380.471,155.08,2,1
30,468.953,55.9575,2,0
31,16.4158,184.187,2,1
32,381.187,123.376,2,1
33,422.741,261.181,2,1
34,540.364,217.673,2,1
35,593.836,236.048,2,1
36,40.1384,188.779,2,1
37,506.313,191.024,2,1
38,217.138,20.5782,2,0
39,107.245,106.171,2,1
40,557.408,201.887,2,1
41,56.5431,287.269,2,1
42,415.521,255.551,2,1
43,447.692,241.787,2,1
44,278.323,200.967,2,1
45,141.446,128.763,2,1
46,406.462,269.448,2,1
47,555.433,216.67,2,1
48,179.157,230.388,2,1
49,433.391,134.521,2,1
50,543.436,75.0719,2,1
51,44.835,122.026,2,1
52,159.167,120.618,2,1
53,504.346,125.765,2,1
54,517.263,120.351,2,1
55,423.083,209.854,2,1
56,8.31074,80.0836,2,1
57,370.029,52.1547,2,1
58,526.683,108.23,2,1
59,176.936,84.3269,2,1
60,67.1302,107.649,2,1
61,462.923,159.119,2,1
62,459.357,251.129,2,1
63,237.449,191.91,2,1
64,76.1291,182.657,2,1
65,19.2633,111.554,2,1
66,466.231,106.102,2,1
67,167.52,165.752,2,1
68,55.2357,283.442,2,1
69,125.034,60.3377,2,0
70,264.585,213.141,2,1
71,364.255,69.7384,2,0
72,379.781,36.1509,2,1
73,314.76,194.275,2,1
74,377.92,137.908,2,1
75,292.945,15.7594,2,1
76,113.805,2,2,1
77,15.7688,231.637,2,1
78,82.8993,91.4792,2,1
79,444.336,221.88,2,1
80,549.249,204.385,2,1
81,10.9724,128.729,2,1
82,579.058,13.1385,2,1
83,135.258,171.115,2,1
84,189.725,18.0409,2,1
85,15.3809,152.81,2,1
86,310.941,251.136,2,1
87,481.361,159.137,2,1
88,426.875,92.9516,2,1
89,332.451,230.878,2,1
90,267.42,155.273,2,1
91,455.9,253.375,2,1
92,237.121,133.417,2,1
93,217.29,273.934,2,1
94,594.618,163.481,2,1
95,590.085,194.627,2,1
96,140.519,124.827,2,1
97,56.9496,154.704,2,1
98,183.486,177.781,2,1
99,333.405,298,2,1
100,81.3359,164.263,2,1
101,126.72,237.382,2,1
102,159.599,203.284,2,1
103,548.672,47.4736,2,0
104,588.391,287.866,2,1
105,296.286,152.35,2,1
106,550.532,154.525,2,1
107,211.6,141.456,2,1
108,198.111,41.482,2,1
109,428.295,17.1228,2,1
110,245.989,209.387,2,1
111,561.247,144.885,2,1
112,319.281,172.807,2,1
113,159.311,182.002,2,1
114,560.003,282.786,2,1
115,116.826,184.595,2,1
116,573.776,179.445,2,1
117,590.16,237.921,2,1
118,194.484,280.5,2,1
119,221.775,209.112,2,1
120,310.068,46.3854,2,1
121,1.85268,181.692,2,1
122,482.921,55.0835,2,1
123,453.615,298,2,1
124,535.386,217.999,2,1
125,246.801,139.002,2,1
126,537.262,135.979,2,1
127,466.414,161.241,2,1
128,313.049,53.978,2,0
129,27.2398,210.1,2,1
130,429.444,224.561,2,1
131,230.769,27.8299,2,1
132,114.517,287.361,2,1
133,574.394,246.855,2,1
134,547.701,43.5145,2,0
135,102.205,160.455,2,1
136,134.22,108.08,2,1
137,363.012,35.9977,2,1
138,471.004,264.065,2,1
139,389.75,239.72,2,1
140,76.3107,92.6629,2,1
141,85.4481,41.7826,2,1
142,334.271,140.356,2,1
143,585.959,255.777,2,1
144,500.761,171.149,2,1
145,4.21003,267.725,2,1
146,43.3992,47.1379,2,1
147,410.869,136.313,2,1
148,92.0782,261.917,2,1
149,231.802,235.478,2,1
150,218.714,151.473,2,1
151,32.185,94.7543,2,1
152,52.5027,226.125,2,1
153,333.442,87.5081,2,1
154,326.863,212.213,2,1
155,319.492,106.768,2,1
156,148.024,273.957,2,1
157,99.4045,282.889,2,1
158,115.806,228.028,2,1
159,285.091,280.816,2,1
160,330.415,159.64,2,1
161,196.708,109.571,2,1
162,67.6555,86.0033,2,1
163,146.701,287.035,2,1
164,343.748,283.436,2,1
165,443.345,83.7955,2,1
166,169.176,236.023,2,1
167,209.77,242.082,2,1
168,123.451,137.535,2,1
169,497.038,128.513,2,1
170,340.282,13.3485,2,1
171,512.929,75.9884,2,1
172,428.459,26.572,2,1
173,540.304,5.63429,2,0
174,389.496,173.323,2,1
175,219.573,108.203,2,1
176,534.833,232.758,2,1
177,386.019,122.042,2,1
178,457.623,31.7266,2,0
179,264.839,226.436,2,1
180,403.77,105.91,2,1
181,491.359,153.19,2,1
182,220.236,100.201,2,1
183,98.0594,49.572,2,1
184,283.137,212.732,2,1
185,508.286,127.086,2,1
186,318.296,278.459,2,1
187,485.724,214.614,2,1
188,141.93,195.198,2,1
189,552.196,12.9191,2,1
190,225.113,33.4756,2,0
191,429.376,96.281,2,1
192,560.917,227.655,2,1
193,112.49,197.973,2,1
194,42.3579,278.025,2,1
195,477.923,155.917,2,1
196,8.05128,110.474,2,1
197,235.075,197.077,2,1
198,42.4342,298,2,1
199,345.804,34.3173,2,0
200,323.493,19.176,2,1
201,145.794,95.3489,2,1
202,196.943,77.2008,2,1
203,555.427,291.138,2,1
204,516.455,20.0214,2,1
205,16.0145,16.9347,2,0
206,560.936,125.686,2,1
207,331.52,125.757,2,1
208,186.119,219.145,2,1
209,457.503,44.6327,2,0
210,265.398,84.35,2,1
211,580.906,224.349,2,1
212,414.817,168.885,2,1
213,214.036,129.717,2,1
214,436.357,114.816,2,1
215,12.4484,206.999,2,1
216,555.976,139.213,2,1
217,547.131,130.384,2,1
218,115.048,240.244,2,1
219,407.776,27.4051,2,1
220,142.828,269.322,2,1
221,13.091,166.624,2,1
222,137.483,164.256,2,1
223,598.255,287.147,2,1
224,505.747,63.7986,2,1
225,481.767,75.4519,2,1
226,586.155,40.8171,2,1
227,420.19,236.437,2,1
228,158.267,215.205,2,1
229,582.406,206.2,2,1
230,486.705,17.3325,2,1
231,118.037,242.936,2,1
232,197.572,17.5112,2,0
233,501.977,39.5975,2,1
234,314.29,157.302,2,1
235,297.538,186.106,2,1
236,4.67639,103.188,2,1
237,89.662,99.7092,2,1
238,180.531,82.4657,2,1
239,136.77,143.816,2,1
240,123.645,178.316,2,1
241,467.206,258.082,2,1
242,77.0985,2,2,1
243,348.21,187.069,2,1
244,69.5648,252.802,2,1
245,303.708,282.425,2,1
246,367.868,71.5716,2,0
247,384.842,68.9488,2,1
248,40.7643,164.476,2,1
249,439.142,84.7962,2,1
250,542.239,71.2037,2,1
251,150.178,147.283,2,1
252,11.0066,6.24621,2,0
253,240.092,281.89,2,1
254,299.9,208.853,2,1
255,199.165,174.571,2,1
256,89.1094,133.852,2,1
257,396.418,126.265,2,1
258,344.236,186.079,2,1
259,283.437,25.6921,2,1
260,499.775,210.613,2,1
261,200.794,108.166,2,1
262,203.089,98.1743,2,1
263,329.363,87.4737,2,0
264,416.428,183.362,2,1
265,532.334,189.259,2,1
266,311.766,283.938,2,1
267,349.413,195.833,2,1
268,147.891,37.7288,2,1
269,228.185,233.583,2,1
270,141.974,84.692,2,1
271,231.564,106.42,2,1
272,117.292,253.314,2,1
273,272.716,173.439,2,1
274,20.9118,72.218,2,1
275,160.713,226.765,2,1
276,77.1189,186.57,2,1
277,479.531,103.111,2,1
278,526.595,15.6385,2,0
279,205.788,9.65069,2,1
280,214.425,34.9383,2,1
281,264.393,68.9034,2,1
282,424.706,157.823,2,1
283,441.923,9.04636,2,0
284,503.504,174.163,2,1
285,326.566,223.805,2,1
286,270.286,190.338,2,1
287,37.8896,171.551,2,1
288,141.597,253.273,2,1
289,451.873,55.7652,2,1
290,197.229,236.708,2,1
291,13.0585,162.431,2,1
292,254.83,293.677,2,1
293,275.47,141.497,2,1
294,171.61,45.5014,2,1
295,359.138,45.634,2,1
296,205.128,146.483,2,1
297,179.683,160.995,2,1
298,296.587,39.3226,2,1
299,589.398,51.8715,2,1
300,472.12,209.701,2,1
301,485.328,242.991,2,1
302,570.985,99.5903,2,1
303,399.891,289.267,2,1
304,479.31,2,2,1
305,392.495,25.5791,2,1
306,286.103,298,2,1
307,447.025,85.5084,2,1
308,455.958,257.492,2,1
309,295.255,214.75,2,1
310,589.44,65.8598,2,1
311,161.242,237.88,2,1
312,84.363,114.439,2,1
313,143.857,30.3824,2,1
314,114.992,167.199,2,1
315,567.265,157.974,2,1
316,123.634,234.603,2,1
317,93.4988,249.176,2,1
318,583.715,102.781,2,1
319,192.746,195.901,2,1
320,90.1183,230.953,2,1
321,433.157,2,2,1
322,464.014,216.592,2,1
323,443.251,125.291,2,1
324,392.909,30.095,2,1
325,364.937,134.035,2,1
326,564.427,277.173,2,1
327,449.159,101.029,2,1
328,356.345,53.795,2,0
329,392.874,129.275,2,1
330,27.0325,77.5221,2,1
331,545.232,253.33,2,1
332,30.4553,227.59,2,1
333,574.056,239.494,2,1
334,564.677,250.664,2,1
335,507.834,114.996,2,1
336,537.597,151.816,2,1
337,498.576,164.811,2,1
338,398.37,244.839,2,1
339,128.296,78.294,2,1
340,526.092,146.279,2,1
341,469.475,77.85,2,1
342,100.306,108.024,2,1
343,594.398,207.457,2,1
344,394.578,246.233,2,1
345,457.657,27.6143,2,0
346,554.558,2,2,1
347,502.101,214.147,2,1
348,498.365,283.882,2,1
349,386.927,33.4525,2,1
350,499.015,34.9186,2,1
351,580.596,54.0112,2,0
352,106.116,16.1676,2,1
353,245.047,68.2621,2,0
354,266.217,185.018,2,1
355,532.979,171.517,2,1
356,176.03,238.238,2,1
357,530.609,48.5953,2,0
358,483.85,82.1333,2,1
359,200.003,21.351,2,0
360,130.828,279.663,2,1
361,267.48,119.801,2,1
362,533.131,10.5912,2,1
363,576.994,5.53661,2,1
364,110.858,108.021,2,1
365,249.726,46.2865,2,1
366,520,199.677,2,1
367,257.736,132.481,2,1
368,372.975,186.814,2,1
369,126.453,2,2,1
370,546.449,9.11824,2,0
371,581.462,111.647,2,1
372,467.423,153.307,2,1
373,578.47,221.028,2,1
374,302.83,212.136,2,1
375,369.879,146.517,2,1
376,149.15,11.3351,2,1
377,575.84,139.273,2,1
378,279.031,9.05349,2,1
379,11.2039,87.242,2,1
380,354.462,9.10118,2,1
381,414.249,282.944,2,1
382,587.168,13.0813,2,1
383,369.938,223.711,2,1
384,341.852,56.9128,2,1
385,220.521,200.584,2,1
386,160.282,298,2,1
387,30.1554,291.056,2,1
388,144.439,290.988,2,1
389,300.248,220.642,2,1
390,178.687,22.3489,2,1
391,320.834,66.5955,2,1
392,359.669,235.11,2,1
393,485.373,26.4326,2,1
394,248.526,121.344,2,1
395,435.957,65.5313,2,1
396,253.237,67.5655,2,1
397,153.482,229.459,2,1
398,479.63,196.476,2,1
399,217.15,286.55,2,1
400,595.233,290.711,2,1
401,347.166,151.263,2,1
402,560.455,117.034,2,1
403,137.479,78.1524,2,1
404,307.625,37.4373,2,1
405,374.233,79.3692,2,1
406,521.415,224.661,2,1
407,553.82,32.4624,2,1
408,336.737,274.953,2,1
409,398.53,17.3269,2,0
410,0.270032,2,2,1
411,432.278,35.9822,2,1
412,349.993,162.802,2,1
413,153.159,10.8704,2,1
414,182.107,298,2,1
415,512.071,208.316,2,1
416,284.961,175.297,2,1
417,542.106,250.78,2,1
418,129.533,255.445,2,1
419,302.42,110.281,2,1
420,311.01,232.306,2,1
421,26.6891,14.4977,2,1
422,561.332,274.454,2,1
423,253.471,78.3404,2,1
424,63.9768,238.924,2,1
425,431.761,291.003,2,1
426,289.927,66.3814,2,0
427,218.548,195.628,2,1
428,40.4074,58.2839,2,0
429,386.457,10.2562,2,0
430,9.91783,106.434,2,1
431,594.604,94.3505,2,1
432,400.735,268.147,2,1
433,57.7616,104.375,2,1
434,52.6166,160.209,2,1
435,186.847,135.919,2,1
436,78.6153,178.641,2,1
437,215.151,213.709,2,1
438,484.986,272.348,2,1
439,418.44,179.814,2,1
440,78.6254,100.471,2,1
441,205.948,284.729,2,1
442,46.1821,83.207,2,1
443,575.721,93.6581,2,1
444,187.071,150.711,2,1
445,177.138,97.969,2,1
446,83.0285,160.473,2,1
447,533.437,263.432,2,1
448,309.814,6.46526,2,1
449,268.46,178.416,2,1
450,516.444,298,2,1
451,238.098,32.5426,2,1
452,176.389,2.75923,2,1
453,62.6253,142.215,2,1
454,249.816,141.761,2,1
455,366.609,66.4304,2,0
456,207.775,13.496,2,0
457,479.017,177.219,2,1
458,204.576,224.822,2,1
459,530.495,54.7779,2,1
460,80.5919,115.953,2,1
461,506.691,267.437,2,1
462,121.363,85.9342,2,1
463,510.653,91.7355,2,0
464,17.6496,268.546,2,1
465,292.077,99.4346,2,1
466,274.868,226.831,2,1
467,235.082,114.915,2,1
468,28.9739,251.432,2,1
469,373.589,168.398,2,1
470,589.086,23.6803,2,1
471,336.352,46.6604,2,0
472,209.171,35.7541,2,1
473,425.333,290.431,2,1
474,213.384,184.397,2,1
475,5.51338,232.912,2,1
476,42.7659,185.627,2,1
477,306.1,214.534,2,1
478,230.495,176.083,2,1
479,119.018,265.4,2,1
480,19.3808,80.3945,2,0
481,445.436,172.441,2,1
482,412.717,273.282,2,1
483,492.899,74.0112,2,1
484,336.91,85.2736,2,1
485,368.196,227.451,2,1
486,493.71,107.096,2,1
487,552.299,98.458,2,1
488,332.899,41.3217,2,1
489,595.046,26.4172,2,1
490,286.754,196.871,2,1
491,323.76,179.246,2,1
492,444.083,196.291,2,1
493,89.0816,55.6815,2,1
494,407.646,189.412,2,1
495,401.891,242.938,2,1
496,537.503,114.957,2,1
497,410.979,107.651,2,1
498,236.91,225.554,2,1
499,497.042,272.213,2,1
500,282.444,78.238,2,1
501,233.533,227.844,2,1
502,89.7522,9.63943,2,1
503,586.072,217.557,2,1
504,364.261,106.145,2,1
505,270.705,2,2,1
506,530.212,211.309,2,1
507,204.245,24.8475,2,1
508,189.942,213.505,2,1
509,359.59,83.2407,2,1
510,197.987,37.4071,2,1
511,404.699,121.59,2,1
512,512.815,71.9501,2,1
513,249.317,161.609,2,1
514,424.85,19.8032,2,1
515,490.683,16.3625,2,1
516,148.269,114.807,2,1
517,109.193,187.409,2,1
518,236.475,108.117,2,1
519,522.237,53.0755,2,0
520,74.7815,103.076,2,1
521,289.133,84.1399,2,1
522,412.998,235.486,2,1
523,505.382,195.07,2,1
524,303.84,173.25,2,1
525,589.575,157.435,2,1
526,459.922,217.339,2,1
527,558.798,286.696,2,1
528,579.689,171.829,2,1
529,455.843,55.1246,2,0
530,305.734,71.0178,2,1
531,463.802,155.206,2,1
532,45.746,241.107,2,1
533,568.494,277.655,2,1
534,467.408,266.115,2,1
535,444.191,65.032,2,1
536,112.76,189.864,2,1
537,122.647,89.8761,2,1
538,373.189,122.21,2,1
539,58.701,298,2,1
540,253.906,222.31,2,1
541,362.137,18.033,2,1
542,147.44,71.4266,2,1
543,566.249,246.945,2,1
544,298.573,190.561,2,1
545,136.014,67.0858,2,0
546,556.648,54.746,2,0
547,503.304,200.281,2,1
548,387.509,243.58,2,1
549,340.75,83.6756,2,1
550,116.93,192.752,2,1
551,209.311,183.767,2,1
552,240.886,189.701,2,1
553,451.941,152.095,2,1
554,76.3953,193.697,2,1
555,167.755,79.5598,2,1
556,480.825,47.4683,2,1
557,233.38,5.99996,2,1
558,307.818,96.5336,2,1
559,515.042,110.553,2,1
560,367.001,117.065,2,1
561,47.4481,128.788,2,1
562,512.122,84.1778,2,1
563,164.369,278.096,2,1
564,77.1583,212.802,2,1
565,473.326,14.3226,2,1
566,389.215,235.748,2,1
567,192.92,53.7667,2,1
568,201.889,284.908,2,1
569,597.053,113.138,2,1
570,254.565,238.773,2,1
571,271.303,236.217,2,1
572,80.8083,214.466,2,1
573,219.202,220.77,2,1
574,356.449,227.291,2,1
575,370.375,68.2791,2,0
576,271.018,271.969,2,1
577,300.889,142.619,2,1
578,0.194164,266.506,2,1
579,547.552,107.265,2,1
580,215.965,16.114,2,0
581,537.837,121.668,2,1
582,68.276,182.63,2,1
583,455.638,249.348,2,1
584,573.909,196.646,2,1
585,11.6686,215.184,2,1
586,514.346,282.755,2,1
587,323.046,194.078,2,1
588,331.262,234.794,2,1
589,287.496,211.977,2,1
590,505.427,184.284,2,1
591,313.254,262.79,2,1
592,221.71,156.977,2,1
593,93.1431,212.5,2,1
594,578.044,186.429,2,1
595,402.741,170.011,2,1
596,29.4726,152.712,2,1
597,50.7719,131.269,2,1
598,104.196,225.897,2,1
599,50.4829,250.585,2,1
600,169.762,225.372,2,1
601,428.717,50.8918,2,1
602,141.378,205.73,2,1
603,274.924,165.924,2,1
604,23.5056,46.5789,2,0
605,331.554,283.041,2,1
606,175.611,44.4234,2,1
607,133.017,26.3126,2,1
608,331.636,164.857,2,1
609,109.773,83.9272,2,1
610,408.361,265.869,2,1
611,105.701,101.649,2,1
612,461.726,25.1565,2,1
613,436.674,26.629,2,1
614,99.0518,169.092,2,1
615,244.511,233.127,2,1
616,401.091,224.739,2,1
617,569.214,218.885,2,1
618,195.931,172.15,2,1
619,587.813,70.7623,2,1
620,131.244,228.002,2,1
621,160.112,260.937,2,1
622,193.607,138.463,2,1
623,163.704,149.103,2,1
624,223.478,79.767,2,0
625,456.862,220.046,2,1
626,598.473,156.549,2,1
627,574.072,86.9236,2,1
628,582.236,167.897,2,1
629,598.178,74.2582,2,1
630,182.054,50.8974,2,1
631,24.4034,250.405,2,1
632,522.887,236.625,2,1
633,12.6331,37.128,2,1
634,563.876,258.486,2,1
635,28.9904,128.906,2,1
636,118.019,164.488,2,1
637,46.6677,230.846,2,1
638,97.3586,268.321,2,1
639,276.737,12.7068,2,1
640,111.414,32.2334,2,1
641,511.6,222.207,2,1
642,1.75977,134.191,2,1
643,39.2043,281.062,2,1
644,87.9338,218.65,2,1
645,283.5,53.7151,2,1
646,500.059,12.6688,2,0
647,554.535,189.256,2,1
648,514.854,294.304,2,1
649,490.052,171.295,2,1
650,513.621,106.56,2,1
651,243.913,131.442,2,1
652,410.324,151.021,2,1
653,495.147,263.71,2,1
654,343.973,86.0551,2,1
655,158.474,198.647,2,1
656,23.694,294.327,2,1
657,70.3262,264.797,2,1
658,321.638,218.202,2,1
659,305.387,241.616,2,1
660,545.997,278.295,2,1
661,38.3764,290.992,2,1
662,242.833,127.488,2,1
663,467.352,85.6499,2,1
664,339.047,68.9882,2,1
665,381.959,92.7931,2,1
666,406.569,135.847,2,1
667,47.1357,27.5147,2,0
668,78.2948,112.613,2,1
669,459.705,294.524,2,1
670,342.296,172.863,2,1
671,355.723,298,2,1
672,509.363,2,2,1
673,233.974,67.4138,2,1
674,397.459,9.72755,2,0
675,526.51,247.99,2,1
676,272.492,91.2872,2,0
677,126.462,51.5473,2,1
678,309.214,73.3655,2,1
679,103.51,142.451,2,1
680,215.218,206.444,2,1
681,198.601,153.717,2,1
682,496.837,116.996,2,1
683,290.256,91.873,2,0
684,355.022,150.414,2,1
685,344.016,290.924,2,1
686,431.676,23.992,2,1
687,87.9863,197.257,2,1
688,221.272,184.074,2,1
689,328.344,231.749,2,1
690,97.0321,226.413,2,1
691,418.941,262.847,2,1
692,317.399,293.959,2,1
693,444.265,16.7166,2,1
694,352.18,242.769,2,1
695,412.528,279.263,2,1
696,442.408,165.48,2,1
697,61.2956,93.45,2,0
698,214.771,80.8107,2,1
699,276.004,294.44,2,1
700,66.7066,256.964,2,1
701,454.526,114.639,2,1
702,184.281,139.317,2,1
703,529.15,100.398,2,1
704,476.408,65.3752,2,1
705,253.378,32.513,2,1
706,546.911,286.182,2,1
707,0.564148,46.3923,2,1
708,487.855,137.629,2,1
709,480.928,207.282,2,1
710,381.852,47.6596,2,1
711,521.892,254.447,2,1
712,506.981,149.433,2,1
713,315.369,131.644,2,1
714,353.495,64.9498,2,1
715,5.22325,136.361,2,1
716,474.022,147.648,2,1
717,93.7477,24.4115,2,1
718,237.739,141.392,2,1
719,403.042,286.623,2,1
720,506.51,135.04,2,1
721,350.604,237.048,2,1
722,321.406,15.6441,2,1
723,128.967,244.075,2,1
724,328.683,184.76,2,1
725,357.125,266.703,2,1
726,361.912,87.9975,2,1
727,49.9403,153.658,2,1
728,489.331,243.779,2,1
729,396.301,199.914,2,1
730,528.131,298,2,1
731,42.1351,156.557,2,1
732,100.633,145.28,2,1
733,406.041,94.2695,2,1
734,164.181,176.466,2,1
735,265.834,209.172,2,1
736,434.114,239.938,2,1
737,378.576,144.627,2,1
738,366.041,273.348,2,1
739,275.298,71.5488,2,0
740,351.303,114.241,2,1
741,570.885,2,2,1
742,235.647,20.9683,2,1
743,189.945,123.075,2,1
744,27.5313,179.647,2,1
745,441.972,199.755,2,1
746,215.543,290.763,2,1
747,219.389,80.7158,2,0
748,153.626,250.79,2,1
749,399.481,298,2,1
750,444.755,156.253,2,1
751,506.122,274.41,2,1
752,374.204,45.8842,2,1
753,553.423,157.534,2,1
754,459.182,157.643,2,1
755,360.491,21.7079,2,1
756,69.5799,173.185,2,1
757,252.757,177.967,2,1
758,166.057,153.092,2,1
759,384.446,76.2392,2,1
760,73.5224,259.781,2,1
761,415.024,26.7677,2,1
762,26.3943,81.522,2,1
763,89.0221,177.771,2,1
764,408.619,251.198,2,1
765,132.034,247.353,2,1
766,66.946,200.183,2,1
767,473.332,76.249,2,1
768,95.3671,12.4051,2,1
769,526.63,51.6517,2,1
770,519.725,288.609,2,1
771,260.898,219.163,2,1
772,123.347,133.439,2,1
773,506.977,33.9879,2,1
774,6.96491,51.3294,2,1
775,213.883,190.15,2,1
776,567.052,254.323,2,1
777,44.6787,256.309,2,1
778,511.698,155.122,2,1
779,550.432,165.133,2,1
780,45.7679,173.293,2,1
781,402.05,128.292,2,1
782,373.878,58.0963,2,0
783,583.905,164.231,2,1
784,597.379,29.7145,2,1
785,30.5844,2,2,1
786,131.454,163.955,2,1
787,525.306,239.93,2,1
788,540.628,273.98,2,1
789,553.313,117.75,2,1
790,533.391,185.311,2,1
791,95.4367,33.4499,2,1
792,377.403,64.2655,2,0
793,468.305,231.147,2,1
794,458.069,191.534,2,1
795,334.309,286.873,2,1
796,310.924,90.7825,2,0
797,448.767,48.3747,2,1
798,441.429,290.933,2,1
799,41.6089,220.576,2,1
800,365.284,202.275,2,1
801,233.355,78.8347,2,1
802,202.113,280.858,2,1
803,469.697,113.147,2,1
804,329.868,209.473,2,1
805,302.864,149.618,2,1
806,445.134,272.768,2,1
807,455.914,153.867,2,1
808,534.077,89.8153,2,1
809,377.532,126.405,2,1
810,286.746,36.5525,2,1
811,468.293,227.142,2,1
812,476.176,82.2525,2,1
813,300.983,29.2669,2,1
814,348.194,46.5077,2,0
815,582.158,41.636,2,1
816,106.922,256.426,2,1
817,242.936,28.2234,2,1
818,585.442,229.429,2,1
819,411.782,29.2689,2,1
820,175.686,117.71,2,1
821,360.34,54.795,2,0
822,499.471,189.399,2,1
823,59.9401,145.427,2,1
824,49.8033,75.7628,2,0
825,190.596,269.76,2,1
826,170.924,70.8094,2,0
827,104.166,178.693,2,1
828,416.407,88.1765,2,0
829,324.335,116.885,2,1
830,425.488,264.204,2,1
831,59.2458,125.033,2,1
832,309.688,77.3996,2,1
833,25.2975,161.588,2,1
834,323.536,96.7914,2,1
835,52.6506,134.876,2,1
836,433.515,104.619,2,1
837,483.921,171.365,2,1
838,552.375,66.376,2,1
839,113.196,11.1778,2,1
840,224.404,263.365,2,1
841,537.248,43.4704,2,1
842,10.219,22.6857,2,1
843,230.086,83.1414,2,0
844,85.5229,175.618,2,1
845,413.919,144.991,2,1
846,36.3115,128.241,2,1
847,203.382,105.089,2,1
848,579.4,288.507,2,1
849,20.7072,5.6556,2,0
850,41.7281,259.077,2,1
851,422.028,63.844,2,0
852,85.5414,238.451,2,1
853,503.268,277.394,2,1
854,45.4203,216.01,2,1
855,568.809,124.212,2,1
856,97.4731,294.426,2,1
857,571.563,155.263,2,1
858,145.038,222.732,2,1
859,228.386,270.419,2,1
860,261.474,174.593,2,1
861,376.924,283.245,2,1
862,163.469,272.846,2,1
863,223.702,115.219,2,1
864,65.3877,29.437,2,1
865,24.0719,17.587,2,1
866,62.9568,152.94,2,1
867,331.239,294.44,2,1
868,199.872,112.099,2,1
869,311.121,138.032,2,1
870,318.507,168.76,2,1
871,34.1539,191.114,2,1
872,30.1589,190.77,2,1
873,425.044,286.432,2,1
874,528.276,26.4083,2,0
875,586.303,180.628,2,1
876,526.761,274.914,2,1
877,329.264,168.281,2,1
878,273.589,282.64,2,1
879,211.58,160.947,2,1
880,87.3884,290.982,2,1
881,464.767,143.012,2,1
882,35.674,149.284,2,1
883,564.367,106.29,2,1
884,362.474,125.287,2,1
885,102.175,125.186,2,1
886,482.911,62.5925,2,1
887,71.332,105.349,2,1
888,567.841,243.042,2,1
889,183.406,258.558,2,1
890,357.097,63.1361,2,1
891,461.779,5.8832,2,1
892,137.911,194.207,2,1
893,44.2695,195.261,2,1
894,582.515,95.8471,2,1
895,32.0793,223.794,2,1
896,84.5789,17.9403,2,1
897,203.759,244.91,2,1
898,245.994,245.002,2,1
899,70.9291,109.403,2,1
900,10.2144,276.651,2,1
901,64.8094,10.1123,2,0
902,159.181,61.6019,2,1
903,532.78,271.607,2,1
904,501.457,183.771,2,1
905,356.482,71.1775,2,1
906,190.493,273.812,2,1
907,329.43,279.44,2,1
908,565.573,188.912,2,1
909,586.704,59.8111,2,0
910,202.194,265.054,2,1
911,409.439,6.30614,2,0
912,48.5001,294.424,2,1
913,553.561,229.199,2,1
914,360.538,5.61441,2,0
915,359.36,117.643,2,1
916,432.154,15.961,2,1
917,411.072,226.194,2,1
918,415.586,92.1669,2,1
919,79.3592,209.443,2,1
920,198.526,45.4998,2,1
921,369.177,150.579,2,1
922,139.977,136.104,2,1
923,166.466,189.578,2,1
924,553.116,281.613,2,1
925,59.7181,186.261,2,1
926,203.414,87.2467,2,0
927,535.422,118.381,2,1
928,155.968,150.681,2,1
929,532.436,222.431,2,1
930,396.068,187.415,2,1
931,79.829,146.433,2,1
932,127.471,229.338,2,1
933,323.544,200.404,2,1
934,587.942,153.687,2,1
935,202.524,28.9839,2,1
936,499.66,30.6529,2,1
937,221.557,192.816,2,1
938,334.001,261.569,2,1
939,372.015,212.619,2,1
940,243.131,105.648,2,1
941,459.676,287.434,2,1
942,77.3687,23.9599,2,1
943,502.313,235.744,2,1
944,317.742,264.656,2,1
945,519.117,182.504,2,1
946,12.7951,234.385,2,1
947,462.604,220.475,2,1
948,190.929,135.089,2,1
949,159.632,164.497,2,1
950,78.8289,108.571,2,1
951,373.524,243.317,2,1
952,586.611,128.94,2,1
953,287.812,54.0153,2,1
954,104.687,121.732,2,1
955,118.302,294.585,2,1
956,545.848,197.879,2,1
957,6.54374,283.179,2,1
958,567.317,10.904,2,1
959,245.215,87.0409,2,1
960,355.395,104.005,2,1
961,510.529,36.1673,2,1
962,319.807,287.301,2,1
963,500.905,280.66,2,1
964,205.201,32.3434,2,1
965,531.955,207.636,2,1
966,84.2359,136.282,2,1
967,432.973,8.38924,2,1
968,280.536,48.5079,2,1
969,198.799,204.633,2,1
970,481.962,127.462,2,1
971,228.392,277.923,2,1
972,267.079,280.622,2,1
973,32.1635,294.518,2,1
974,56.8135,142.846,2,1
975,213.866,283.36,2,1
976,290.115,298,2,1
977,493.141,127.186,2,1
978,460.241,199.842,2,1
979,71.3173,160.942,2,1
980,109.069,191.465,2,1
981,14.9925,12.9629,2,1
982,238.947,28.5231,2,1
983,54.3517,244.774,2,1
984,290.761,159.771,2,1
985,337.736,248.35,2,1
986,285.631,188.998,2,1
987,227.833,18.9214,2,1
988,241.731,12.6696,2,0
989,571.678,94.5656,2,0
990,67.7623,169.501,2,1
991,508.978,75.3343,2,1
992,40.5389,9.69977,2,0
993,584.444,198.48,2,1
994,255.777,196.234,2,1
995,269.015,103.561,2,1
996,298.048,5.00261,2,1
997,476.702,294.939,2,1
998,100.552,270.838,2,1
999,548.487,258.888,2,1
1000,205.985,59.0869,2,0
1001,65.8249,123.146,2,1
1002,338.708,54.3504,2,1
1003,565.905,178.824,2,1
1004,203.917,209.801,2,1
1005,527.327,124.102,2,1
1006,84.3124,62.7714,2,1
1007,306.748,130.188,2,1
1008,595.944,262.511,2,1
1009,73.1282,236.388,2,1
1010,337.051,183.421,2,1
1011,243.022,16.5596,2,1
1012,493.599,114.548,2,1
1013,456.127,110.934,2,1
1014,566.203,59.6208,2,0
1015,582.857,202.219,2,1
1016,417.205,132.907,2,1
1017,297.779,26.8637,2,1
1018,560.586,53.7781,2,0
1019,48.8152,143.172,2,1
1020,106.855,275.875,2,1
1021,318.408,35.3762,2,1
1022,330.477,250.162,2,1
1023,165.022,261.993,2,1
1024,294.116,157.43,2,1
1025,69.7531,150.604,2,1
1026,492.767,260.468,2,1
1027,336.279,5.55408,2,0
1028,106.047,20.1892,2,1
1029,561.866,240.19,2,1
1030,304.061,222.158,2,1
1031,73.3824,148.883,2,1
1032,75.8672,145.613,2,1
1033,491.116,57.0941,2,0
1034,4.36231,169.743,2,1
1035,547.05,225.221,2,1
1036,238.882,195.763,2,1
1037,557.925,50.5299,2,1
1038,222.291,137.101,2,1
1039,76.3236,31.5899,2,1
1040,295.313,177.849,2,1
1041,122.328,2,2,1
1042,80.1374,5.92414,2,0
1043,471.548,184.128,2,1
1044,308.74,191.17,2,1
1045,168.44,29.9054,2,0
1046,225.522,22.2273,2,1
1047,265.288,28.0126,2,1
1048,499.415,76.7797,2,1
1049,576.885,250.127,2,1
1050,243.196,116.659,2,1
1051,164.593,76.5527,2,1
1052,481.329,280.198,2,1
1053,425.049,86.9056,2,1
1054,598.839,254.922,2,1
1055,172.514,15.1206,2,1
1056,486.966,174.019,2,1
1057,458.161,226.949,2,1
1058,528.684,129.047,2,1
1059,317.971,125.416,2,1
1060,51.851,219.919,2,1
1061,572.296,16.918,2,1
1062,31.097,211.199,2,1
1063,272.728,5.51707,2,1
1064,16.5816,227.653,2,1
1065,246.417,193.357,2,1
1066,22.1247,42.7222,2,1
1067,559.685,298,2,1
1068,114.766,117.267,2,1
1069,519.972,44.1211,2,1
1070,174.566,192.314,2,1
1071,479.812,218.75,2,1
1072,151.633,298,2,1
1073,393.614,34.1192,2,1
1074,553.274,200.978,2,1
1075,563.162,71.2787,2,0
1076,478.372,39.6386,2,1
1077,222.555,196.89,2,1
1078,585.946,187.585,2,1
1079,339.153,93.0788,2,1
1080,248.768,212.295,2,1
1081,586.887,74.7711,2,1
1082,436.26,141.371,2,1
1083,477.728,222.409,2,1
1084,12.8395,202.96,2,1
1085,44.5579,167.56,2,1
1086,549.695,250.842,2,1
1087,382.152,101.282,2,1
1088,224.124,145.352,2,1
1089,358.379,2,2,1
1090,25.7696,229.61,2,1
1091,265.299,175.846,2,1
1092,410.898,285.174,2,1
1093,299.039,216.815,2,1
1094,246.335,298,2,1
1095,57.0899,72.326,2,1
1096,269.035,57.5102,2,0
1097,591.313,57.9313,2,1
1098,558.65,71.9891,2,1
1099,544.634,240.19,2,1
1100,415.463,206.382,2,1
1101,177.215,245.233,2,1
1102,551.774,186.341,2,1
1103,392.583,117.395,2,1
1104,573.209,142.377,2,1
1105,481.865,148.201,2,1
1106,277.718,106.68,2,1
1107,29.059,266.062,2,1
1108,329.678,121.899,2,1
1109,323.351,269.188,2,1
1110,304.779,122.574,2,1
1111,179.144,224.577,2,1
1112,520.445,220.676,2,1
1113,209.19,31.7073,2,1
1114,289.541,187.678,2,1
1115,547.44,243.15,2,1
1116,105.768,202.74,2,1
1117,160.462,28.2491,2,1
1118,148.594,126.249,2,1
1119,242.846,90.4185,2,1
1120,276.131,213.455,2,1
1121,346.68,214.717,2,1
1122,315.234,206.767,2,1
1123,249.104,68.1009,2,1
1124,569.761,294.445,2,1
1125,414.993,121.858,2,1
1126,328.244,118.103,2,1
1127,411.961,81.4597,2,1
1128,64.9955,267.167,2,1
1129,81.1034,280.447,2,1
1130,511.893,180.182,2,1
1131,560.513,36.8351,2,1
1132,122.061,258.935,2,1
1133,376.767,5.53546,2,1
1134,215.685,298,2,1
1135,471.13,2,2,1
1136,220.166,144.717,2,1
1137,288.374,95.4208,2,1
1138,82.5994,266.682,2,1
1139,201.714,269.028,2,1
1140,277.167,241.993,2,1
1141,567.955,169.876,2,1
1142,393.238,211.526,2,1
1143,338.906,35.8504,2,1
1144,113.855,93.2774,2,1
1145,552.19,161.463,2,1
1146,424.305,153.721,2,1
1147,516.701,279.498,2,1
1148,509.967,265.108,2,1
1149,356.644,108.081,2,1
1150,362.321,218.199,2,1
1151,1.19074,77.022,2,1
1152,455.082,158.518,2,1
1153,451.193,157.151,2,1
1154,197.013,33.3979,2,1
1155,382.715,144.38,2,1
1156,187.25,266.128,2,1
1157,467.121,276.931,2,1
1158,6.98466,254.118,2,1
1159,533.719,81.7079,2,1
1160,403.089,217.023,2,1
1161,583.402,252.685,2,1
1162,96.9623,63.8199,2,1
1163,332.296,118.863,2,1
1164,80.0204,33.1932,2,0
1165,226.925,219.394,2,1
1166,264.137,80.5263,2,1
1167,591.703,166.28,2,1
1168,421.967,181.873,2,1
1169,549.024,168.941,2,1
1170,25.5584,94.1629,2,1
1171,366.859,153.864,2,1
1172,435.175,84.2318,2,1
1173,440.958,193.727,2,1
1174,391.997,277.787,2,1
1175,194.818,284.587,2,1
1176,34.4624,74.0801,2,1
1177,590.418,206.578,2,1
1178,406.783,112.442,2,1
1179,358.706,37.4294,2,1
1180,155.587,190.978,2,1
1181,559.603,216.779,2,1
1182,521.131,228.672,2,1
1183,580.286,139.401,2,1
1184,54.5539,298,2,1
1185,491.872,254.73,2,1
1186,96.6319,180.6,2,1
1187,524.007,82.9733,2,1
1188,184.252,32.8766,2,1
1189,56.0181,184.554,2,1
1190,239.313,167.263,2,1
1191,550.538,9.16554,2,1
1192,406.063,289.476,2,1
1193,571.108,159.331,2,1
1194,397.038,81.2471,2,1
1195,98.15,186.038,2,1
1196,595.077,217.821,2,1
1197,32.4093,53.1556,2,1
1198,64.4581,21.3503,2,1
1199,81.1753,294.624,2,1
1200,283.092,34.6245,2,1
1201,117.634,29.1617,2,1
1202,319.378,132.028,2,1
1203,311.291,208.276,2,1
1204,138.943,198.112,2,1
1205,541.876,121.354,2,1
1206,11.4531,170.5,2,1
1207,273.237,157.871,2,1
1208,377.083,295.583,2,1
1209,220.865,2,2,1
1210,171.348,285.35,2,1
1211,72.9552,245.512,2,1
1212,498.314,193.442,2,1
1213,592.539,132.278,2,1
1214,430.126,220.578,2,1
1215,399.516,99.4473,2,1
1216,395.408,242.024,2,1
1217,210.11,234.963,2,1
1218,214.76,114.439,2,1
1219,65.7353,34.2592,2,1
1220,303.48,94.0491,2,1
1221,478.521,235.32,2,1
1222,412.206,190.578,2,1
1223,52.0416,164.258,2,1
1224,94.0536,106.611,2,1
1225,409.147,125.456,2,1
1226,455.144,245.376,2,1
1227,393.189,71.4453,2,1
1228,18.217,275.741,2,1
1229,108.262,42.9254,2,1
1230,202.425,189.74,2,1
1231,446.027,128.22,2,1
1232,89.682,247.921,2,1
1233,247.232,22.5529,2,1
1234,132.954,243.326,2,1
1235,16.8063,160.858,2,1
1236,431.75,274.771,2,1
1237,546.014,201.996,2,1
1238,159.55,11.0708,2,1
1239,34.713,2,2,1
1240,593.374,64.5909,2,1
1241,87.0192,160.197,2,1
1242,209.197,179.702,2,1
1243,37.757,61.3144,2,1
1244,374.523,190.696,2,1
1245,484.06,298,2,1
1246,355.992,154.483,2,1
1247,569.055,228.527,2,1
1248,308.576,198.184,2,1
1249,198.659,84.1462,2,0
1250,8.56553,183.618,2,1
1251,367.81,288.914,2,1
1252,94.3954,78.5693,2,1
1253,350.392,39.6228,2,1
1254,586.605,225.56,2,1
1255,596.943,44.4816,2,1
1256,25.7272,85.4872,2,1
1257,184.619,54.08,2,1
1258,269.824,298,2,1
1259,83.562,224.945,2,1
1260,476.07,194.638,2,1
1261,319.425,200.715,2,1
1262,128.214,282.798,2,1
1263,59.5747,276.335,2,1
1264,388.392,50.5808,2,1
1265,575.181,74.3179,2,1
1266,337.535,81.1652,2,1
1267,511.19,245.598,2,1
1268,349.611,27.6207,2,1
1269,569.512,190.075,2,1
1270,152.779,108.008,2,1
1271,485.385,113.678,2,1
1272,247.923,132.235,2,1
1273,192.52,142.369,2,1
1274,100.576,129.551,2,1
1275,408.324,238.06,2,1
1276,547.012,161.657,2,1
1277,596.431,268.015,2,1
1278,1.96985,106.297,2,1
1279,476.855,46.7649,2,0
1280,191.318,265.733,2,1
1281,317.543,218.409,2,1
1282,199.277,245.936,2,1
1283,471.928,53.2156,2,1
1284,32.6064,238.314,2,1
1285,335.828,227.291,2,1
1286,495.772,196.685,2,1
1287,98.6471,243.472,2,1
1288,208.615,66.0617,2,1
1289,140.036,283.476,2,1
1290,557.895,39.8955,2,1
1291,447.94,89.4214,2,0
1292,60.0919,260.472,2,1
1293,563.322,203.743,2,1
1294,408.232,67.1975,2,1
1295,455.924,133.238,2,1
1296,449.2,120.758,2,1
1297,456.551,230.664,2,1
1298,140.508,80.7891,2,1
1299,479.689,211.145,2,1
1300,141.663,236.75,2,1
1301,470.914,155.359,2,1
1302,364.869,281.503,2,1
1303,595.488,150.542,2,1
1304,355.546,83.4091,2,1
1305,93.6156,56.3511,2,0
1306,12.4055,79.1771,2,1
1307,201.704,254.191,2,1
1308,159.985,131.359,2,1
1309,125.719,114.522,2,1
1310,454.411,181.118,2,1
1311,587.608,251.983,2,1
1312,585.548,194.573,2,1
1313,212.694,172.455,2,1
1314,304.389,294.43,2,1
1315,235.643,169.823,2,1
1316,75.428,76.8556,2,1
1317,598.648,120.916,2,1
1318,572.514,83.1579,2,0
1319,412.279,249.273,2,1
1320,540.284,99.8133,2,1
1321,101.272,47.1045,2,0
1322,172.23,260.766,2,1
1323,530.216,121.121,2,1
1324,427.987,276.22,2,1
1325,411.084,111.699,2,1
1326,576.422,69.813,2,0
1327,234.22,165.935,2,1
1328,579.413,152.976,2,1
1329,87.8674,255.883,2,1
1330,370.186,79.3744,2,1
1331,248.768,110.335,2,1
1332,270.835,161.502,2,1
1333,97.5091,45.5556,2,1
1334,109.531,147.32,2,1
1335,88.3151,241.394,2,1
1336,51.2889,63.7668,2,1
1337,541.503,294.376,2,1
1338,405.379,235.218,2,1
1339,294.402,137.635,2,1
1340,115.067,259.573,2,1
1341,427.301,125.418,2,1
1342,327.52,45.2592,2,1
1343,299.593,250.919,2,1
1344,537.697,87.7629,2,1
1345,549.955,33.5873,2,1
1346,216.387,133.046,2,1
1347,496.792,49.6068,2,1
1348,59.1184,45.6773,2,0
1349,370.125,60.2565,2,0
1350,107.794,111.026,2,1
1351,498.306,86.272,2,1
1352,61.4624,28.3276,2,1
1353,428.92,72.692,2,1
1354,124.659,79.989,2,1
1355,226.797,50.2802,2,1
1356,225.139,46.5991,2,0
1357,571.873,103.692,2,1
1358,124.914,84.0142,2,1
1359,258.137,172.279,2,1
1360,160.702,280.011,2,1
1361,119.601,234.918,2,1
1362,440.022,189.795,2,1
1363,170.082,182.197,2,1
1364,405.963,184.509,2,1
1365,549.331,118.503,2,1
1366,417.998,145.059,2,1
1367,552.871,146.701,2,1
1368,446.28,81.0408,2,1
1369,283.166,17.4683,2,1
1370,269.031,18,2,1
1371,367.123,91.9938,2,1
1372,509.873,18.3901,2,1
1373,264.786,171.776,2,1
1374,235.426,289.607,2,1
1375,502.564,179.81,2,1
1376,493.833,214.344,2,1
1377,224.605,161.635,2,1
1378,539.831,179.562,2,1
1379,402.737,113.179,2,1
1380,571.317,72.7307,2,1
1381,330.528,80.4184,2,1
1382,435.577,5.32884,2,1
1383,173.479,145.73,2,1
1384,70.4261,78.2082,2,1
1385,87.7235,70.1356,2,1
1386,157.329,263.979,2,1
1387,437.675,270.298,2,1
1388,147.815,2,2,1
1389,148.431,209.567,2,1
1390,446.685,145.501,2,1
1391,466.64,250.016,2,1
1392,439.814,207.984,2,1
1393,264.905,167.734,2,1
1394,596.222,67.3996,2,1
1395,569.769,266.029,2,1
1396,384.461,155.877,2,1
1397,394.223,55.8625,2,1
1398,93.2362,268.879,2,1
1399,161.483,14.6156,2,1
1400,238.89,15.8741,2,1
1401,248.214,228,2,1
1402,95.8817,260.392,2,1
1403,272.11,100.895,2,1
1404,431.044,92.5464,2,1
1405,88.0769,137.732,2,1
1406,222.697,71.7663,2,1
1407,90.8564,95.7745,2,1
1408,226.564,223.54,2,1
1409,392.891,133.342,2,1
1410,229.793,139.471,2,1
1411,524.721,206.245,2,1
1412,127.266,217.982,2,1
1413,159.661,173.335,2,1
1414,528.82,215.104,2,1
1415,94.5886,159.104,2,1
1416,559.133,133.726,2,1
1417,426.351,75.8813,2,1
1418,493.357,206.779,2,1
1419,91.8146,70.4954,2,1
1420,299.091,160.668,2,1
1421,47.8256,57.4945,2,1
1422,535.078,175.138,2,1
1423,477.1,121.417,2,1
1424,37.3361,100.975,2,1
1425,190.585,187.07,2,1
1426,573.37,175.44,2,1
1427,152.942,194.115,2,1
1428,300.68,39.7703,2,1
1429,331.534,258.242,2,1
1430,356.897,254.478,2,1
1431,192.897,76.3854,2,1
1432,229.232,125.543,2,1
1433,128.148,298,2,1
1434,381.065,128.318,2,1
1435,34.8015,41.6876,2,1
1436,370.948,90.4411,2,1
1437,151.361,212.643,2,1
1438,166.741,169.746,2,1
1439,453.48,72.2505,2,1
1440,595.208,71.5258,2,1
1441,194.145,147.336,2,1
1442,158.031,230.676,2,1
1443,459.18,184.798,2,1
1444,368.424,136.359,2,1
1445,400.954,173.613,2,1
1446,462.413,244.766,2,1
1447,363.631,114.843,2,1
1448,91.8297,272.693,2,1
1449,293.148,115.336,2,1
1450,529.509,178.593,2,1
1451,476.522,90.3197,2,0
1452,5.66306,120.069,2,1
1453,590.437,76.7128,2,1
1454,421.764,284.056,2,1
1455,585.296,52.7025,2,1
1456,445.405,283.702,2,1
1457,491.825,123.321,2,1
1458,269.764,208.408,2,1
1459,523.39,217.731,2,1
1460,51.3384,59.5299,2,1
1461,485.794,21.4354,2,1
1462,234.84,89.5682,2,1
1463,567.356,14.9396,2,1
1464,264.505,217.166,2,1
1465,34.3912,159.227,2,1
1466,497.666,144.155,2,1
1467,39.8667,21.1356,2,0
1468,442.475,20.533,2,0
1469,38.0476,95.7379,2,1
1470,459.469,213.265,2,1
1471,326.48,93.9977,2,1
1472,182.597,126.335,2,1
1473,351.2,103.41,2,1
1474,413.451,222.942,2,1
1475,93.876,129.67,2,1
1476,51.7791,43.6431,2,1
1477,285.128,170.657,2,1
1478,36.299,145.306,2,1
1479,44.339,59.5427,2,1
1480,315.011,91.105,2,1
1481,345.227,264.244,2,1
1482,32.5945,18.0504,2,1
1483,453.203,101.959,2,1
1484,118.579,136.721,2,1
1485,143.702,188.41,2,1
1486,92.0157,138.811,2,1
1487,303.134,160.374,2,1
1488,137.925,33.4334,2,1
1489,367.213,112.969,2,1
1490,322.627,250.85,2,1
1491,192.447,23.567,2,1
1492,112.403,61.2996,2,1
1493,453.797,129.713,2,1
1494,495.77,286.996,2,1
1495,62.493,263.794,2,1
1496,82.1448,12.3031,2,0
1497,536.479,161.079,2,1
1498,118.644,206.709,2,1
1499,366.292,164.864,2,1
1500,162.843,293.991,2,1
1501,116.307,280.485,2,1
1502,38.6519,65.4659,2,1
1503,516.532,73.4282,2,0
1504,68.9488,13.9017,2,1
1505,38.7616,2,2,1
1506,168.63,93.0031,2,1
1507,275.035,103.648,2,1
1508,582.368,179.471,2,1
1509,244.33,229.065,2,1
1510,258.887,180.905,2,1
1511,397.583,270.64,2,1
1512,578.75,295.196,2,1
1513,393.452,121.308,2,1
1514,357.71,176.678,2,1
1515,257.58,176.939,2,1
1516,210.567,275.892,2,1
1517,13.92,2.98263,2,1
1518,532.48,181.357,2,1
1519,590.674,128.583,2,1
1520,47.7314,53.3399,2,1
1521,473.898,216.816,2,1
1522,537.289,143.727,2,1
1523,13.3935,144.463,2,1
1524,527.265,92.9277,2,1
1525,174.929,121.726,2,1
1526,97.1728,127.359,2,1
1527,479.559,109.165,2,1
1528,354.277,111.325,2,1
1529,488.363,121.181,2,1
1530,147.728,174.553,2,1
1531,464.08,45.0159,2,1
1532,502.359,192.204,2,1
1533,61.3395,149.241,2,1
1534,289.217,142.855,2,1
1535,56.1364,146.907,2,1
1536,440.737,156.351,2,1
1537,416.243,84.0508,2,1
1538,203.96,257.552,2,1
1539,307.748,228.489,2,1
1540,22.1859,217.352,2,1
1541,314.017,34.89,2,0
1542,281.453,269.584,2,1
1543,543.254,28.8599,2,1
1544,252.777,9.51205,2,0
1545,303.895,208.158,2,1
1546,234.91,144.358,2,1
1547,576.536,83.6407,2,1
1548,255.723,280.622,2,1
1549,594.322,12.754,2,1
1550,285.347,264.394,2,1
1551,29.8837,176.401,2,1
1552,209.206,287.355,2,1
1553,103.467,152.801,2,1
1554,549.439,158.434,2,1
1555,66.5288,79.2729,2,1
1556,583.093,9.07655,2,1
1557,208.832,118.955,2,1
1558,122.757,267.144,2,1
1559,460.942,38.5168,2,1
1560,236.828,8.16513,2,0
1561,107.497,143.708,2,1
1562,123.757,48.4796,2,1
1563,237.645,270.725,2,1
1564,427.868,113.29,2,1
1565,81.2395,2,2,1
1566,175.908,130.772,2,1
1567,47.9337,234.658,2,1
1568,206.763,167.683,2,1
1569,257.971,19.6371,2,0
1570,471.014,64.9344,2,1
1571,490.307,104.947,2,1
1572,106.013,294.008,2,1
1573,469.981,290.931,2,1
1574,208.537,144.112,2,1
1575,532.126,132.945,2,1
1576,194.734,176.173,2,1
1577,356.943,204.905,2,1
1578,104.599,234.029,2,1
1579,387.864,255.647,2,1
1580,465.015,79.303,2,1
1581,283.568,8.63814,2,1
1582,53.1515,192.16,2,1
1583,63.3389,274.98,2,1
1584,104.315,72.103,2,1
1585,54.8951,167.062,2,1
1586,192.517,210.181,2,1
1587,292.713,22.9344,2,1
1588,499.583,251.475,2,1
1589,11.814,150.638,2,1
1590,152.56,179.955,2,1
1591,271.059,64.7778,2,1
1592,574.067,134.983,2,1
1593,239.825,185.088,2,1
1594,36.4425,53.3735,2,1
1595,590.308,180.654,2,1
1596,9.91581,91.2355,2,1
1597,104.334,23.844,2,1
1598,409.094,63.0777,2,1
1599,186.828,284.629,2,1
1600,459.572,255.159,2,1
1601,526.881,198.321,2,1
1602,137.35,275.627,2,1
1603,239.1,104.945,2,1
1604,55.9171,43.241,2,0
1605,431.079,83.9226,2,0
1606,214.984,71.6861,2,1
1607,474.236,257.734,2,1
1608,437.364,94.2154,2,1
1609,529.373,186.515,2,1
1610,366.731,186.068,2,1
1611,128.509,118.632,2,1
1612,256.123,262.313,2,1
1613,194.463,45.1893,2,1
1614,575.052,13.1443,2,0
1615,499.685,288.554,2,1
1616,323.294,63.378,2,1
1617,362.503,47.9672,2,1
1618,18.776,172.311,2,1
1619,467.633,130.262,2,1
1620,467.831,287.442,2,1
1621,132.428,97.9028,2,1
1622,340.267,87.6682,2,1
1623,441.357,232.445,2,1
1624,341.901,33.0106,2,1
1625,388.482,155.943,2,1
1626,143.743,2,2,1
1627,103.393,104.973,2,1
1628,537.16,79.4968,2,1
1629,359.493,104.317,2,1
1630,529.205,241.156,2,1
1631,142.713,247.638,2,1
1632,203.133,215.86,2,1
1633,18.2027,219.443,2,1
1634,108.817,128.743,2,1
1635,78.1916,19.3472,2,1
1636,398.218,95.0957,2,0
1637,73.3726,99.322,2,1
1638,154.873,111.562,2,1
1639,330.282,16.2815,2,1
1640,304.031,260.142,2,1
1641,278.103,290.852,2,1
1642,553.8,240.234,2,1
1643,200.318,126.803,2,1
1644,113.476,28.7693,2,1
1645,129.719,294.289,2,1
1646,559.394,141.326,2,1
1647,180.684,141.526,2,1
1648,193.493,294.634,2,1
1649,472.585,80.3842,2,1
1650,54.014,15.3922,2,0
1651,63.5996,118.294,2,1
1652,455.092,105.495,2,1
1653,474.465,163.137,2,1
1654,397.4,5.64106,2,0
1655,580.467,84.7337,2,1
1656,501.571,94.2754,2,1
1657,29.0826,92.1717,2,1
1658,388.015,66.28,2,1
1659,426.095,222.189,2,1
1660,19.7156,201.372,2,1
1661,145.482,181.46,2,1
1662,506.269,26.0168,2,1
1663,529.359,263.215,2,1
1664,6.24839,287.2,2,1
1665,529.482,96.4104,2,1
1666,73.1987,153.062,2,1
1667,45.6985,260.292,2,1
1668,315.287,19.1307,2,1
1669,367.075,103.185,2,1
1670,133.495,62.1113,2,1
1671,125.029,201.618,2,1
1672,79.4478,121.857,2,1
1673,86.0344,156.27,2,1
1674,91.3006,244.248,2,1
1675,255.114,169.6,2,1
1676,141.366,76.8386,2,1
1677,172.903,269.258,2,1
1678,150.978,73.3282,2,1
1679,95.6832,113.769,2,1
1680,480.645,123.628,2,1
1681,227.558,99.4722,2,1
1682,90.3926,276.431,2,1
1683,46.9348,220.039,2,1
1684,143.805,150.114,2,1
1685,351.038,149.851,2,1
1686,404.587,32.9974,2,1
1687,404.702,39.9703,2,1
1688,103.272,41.5428,2,1
1689,516.37,260.468,2,1
1690,268.446,132.316,2,1
1691,379.904,205.092,2,1
1692,402.597,50.8521,2,1
1693,207.884,272.802,2,1
1694,488.649,9.48878,2,1
1695,389.501,217.15,2,1
1696,443.389,294.497,2,1
1697,336.525,195.602,2,1
1698,484.793,78.1404,2,1
1699,17.5947,31.2208,2,1
1700,12.22,249.212,2,1
1701,471.43,32.3365,2,0
1702,312.43,81.7343,2,1
1703,173.616,40.8632,2,0
1704,520.332,129.899,2,1
1705,384.521,168.392,2,1
1706,461.07,77.4299,2,1
1707,212.853,99.5148,2,1
1708,11.3845,132.709,2,1
1709,264.34,237.604,2,1
1710,205.379,219.295,2,1
1711,170.641,242.983,2,1
1712,511.098,234.737,2,1
1713,372.847,276.9,2,1
1714,471.375,84.3061,2,1
1715,560.601,251.15,2,1
1716,358.124,238.856,2,1
1717,386.689,39.2164,2,1
1718,303.009,50.7718,2,1
1719,339.016,101.348,2,1
1720,464.129,200.964,2,1
1721,383.345,258.656,2,1
1722,2.09229,73.1224,2,1
1723,79.9132,247.33,2,1
1724,411.627,244.081,2,1
1725,72.901,287.443,2,1
1726,276.52,255.921,2,1
1727,378.07,264.829,2,1
1728,292.294,86.6275,2,1
1729,309.874,146.509,2,1
1730,313.937,142.252,2,1
1731,225.665,10.0079,2,0
1732,286.162,76.6704,2,1
1733,28.3098,194.379,2,1
1734,447.185,276.207,2,1
1735,529.822,84.312,2,1
1736,29.7831,216.934,2,1
1737,462.173,105.446,2,1
1738,82.3809,206.735,2,1
1739,420.581,232.407,2,1
1740,532.118,167.573,2,1
1741,488.748,24.1662,2,1
1742,227.283,56.4878,2,0
1743,281.088,142.822,2,1
1744,309.077,28.8466,2,1
1745,436.758,205.261,2,1
1746,367.02,241.93,2,1
1747,274.228,269.542,2,1
1748,388.851,133.716,2,1
1749,52.6583,127.703,2,1
1750,202.655,205.827,2,1
1751,598.592,247.306,2,1
1752,554.899,37.1825,2,1
1753,120.889,167.316,2,1
1754,397.373,265.93,2,1
1755,267.376,234.915,2,1
1756,85.3927,294.475,2,1
1757,531.034,234.173,2,1
1758,218.799,270.11,2,1
1759,99.942,216.552,2,1
1760,60.8435,267.599,2,1
1761,304.439,177.494,2,1
1762,466.427,59.1536,2,0
1763,522.299,64.271,2,1
1764,248.027,5.47282,2,0
1765,526.313,86.4584,2,1
1766,64.0887,260.08,2,1
1767,319.8,149.047,2,1
1768,563.72,281.124,2,1
1769,584.328,139.472,2,1
1770,551.529,298,2,1
1771,519.321,244.081,2,1
1772,317.122,139.743,2,1
1773,344.706,268.326,2,1
1774,285.84,153.651,2,1
1775,93.72,200.765,2,1
1776,186.969,120.273,2,1
1777,106.461,80.6279,2,1
1778,339.702,282.627,2,1
1779,116.815,25.2124,2,1
1780,183.375,130.333,2,1
1781,392.162,150.337,2,1
1782,425.608,68.1639,2,1
1783,88.831,153.223,2,1
1784,139.85,244.806,2,1
1785,343.76,234.946,2,1
1786,277.348,46.0234,2,0
1787,595.745,108.997,2,1
1788,44.429,294.291,2,1
1789,544.84,95.531,2,1
1790,222.003,83.7565,2,0
1791,415.395,9.34098,2,1
1792,14.6043,65.1237,2,1
1793,524.436,221.751,2,1
1794,552.64,125.636,2,1
1795,520.722,207.228,2,1
1796,234.69,46.5513,2,1
1797,144.835,192.261,2,1
1798,528.344,59.5163,2,0
1799,431.928,40.0934,2,1
1800,143.058,57.2531,2,1
1801,301.022,200.895,2,1
1802,292.521,206.278,2,1
1803,385.972,102.691,2,1
1804,410.31,142.982,2,1
1805,335.157,154.997,2,1
1806,281.972,187.13,2,1
1807,362.886,214.172,2,1
1808,370.138,266.43,2,1
1809,44.6389,9.77186,2,0
1810,557.19,248.726,2,1
1811,179.696,260.194,2,1
1812,516.169,271.617,2,1
1813,570.045,195.496,2,1
1814,253.64,276.817,2,1
1815,139.513,202.149,2,1
1816,586.377,34.9408,2,1
1817,428.443,34.7208,2,1
1818,498.929,148.15,2,1
1819,583.21,2,2,1
1820,174.877,294.133,2,1
1821,435.429,12.4434,2,0
1822,538.293,240.114,2,1
1823,417.461,292.576,2,1
1824,463.762,65.8642,2,0
1825,508.3,231.785,2,1
1826,433.481,228.936,2,1
1827,275.949,34.1886,2,1
1828,97.8324,26.1632,2,1
1829,95.2228,151.229,2,1
1830,7.63223,223.508,2,1
1831,322.346,170.136,2,1
1832,492.18,246.639,2,1
1833,389.178,13.5833,2,1
1834,168.331,74.8784,2,0
1835,559.425,290.748,2,1
1836,470.852,145.077,2,1
1837,300.314,175.342,2,1
1838,42.1617,102.615,2,1
1839,445.49,211.211,2,1
1840,22.899,151.985,2,1
1841,292.158,127.471,2,1
1842,18.9625,14.1009,2,1
1843,497.773,107.623,2,1
1844,237.65,150.888,2,1
1845,491.163,264.136,2,1
1846,192.956,242.726,2,1
1847,165.569,282.386,2,1
1848,472.648,287.776,2,1
1849,373.489,130.515,2,1
1850,97.405,37.5976,2,1
1851,136.192,298,2,1
1852,437.776,69.1845,2,1
1853,294.211,76.6692,2,1
1854,67.3424,270.459,2,1
1855,73.6937,80.5266,2,1
1856,353.808,138.677,2,1
1857,125.851,122.322,2,1
1858,292.686,167.21,2,1
1859,292.595,255.879,2,1
1860,50.35,35.8192,2,1
1861,86.7997,59.3679,2,1
1862,430.266,216.153,2,1
1863,161.695,58.4173,2,1
1864,530.455,139.823,2,1
1865,271.455,248.366,2,1
1866,291.788,242.161,2,1
1867,283.177,135.058,2,1
1868,589.769,86.5093,2,1
1869,477.394,251.274,2,1
1870,1.56284,233.57,2,1
1871,504.794,71.8973,2,1
1872,582.983,160.277,2,1
1873,69.3254,71.0169,2,1
1874,223.725,87.4728,2,1
1875,301.794,243.607,2,1
1876,274.936,79.6505,2,1
1877,344.112,133.022,2,1
1878,413.179,18.8637,2,0
1879,295.61,253.168,2,1
1880,401.549,5.68585,2,0
1881,290.101,274.626,2,1
1882,62.1447,61.1982,2,0
1883,102.93,132.907,2,1
1884,216.161,143.744,2,1
1885,468.267,73.9547,2,1
1886,350.245,2,2,1
1887,144.364,202.99,2,1
1888,237.417,24.753,2,1
1889,60.0576,252.626,2,1
1890,366.266,255.675,2,1
1891,217.323,147.67,2,1
1892,279.784,238.948,2,1
1893,410.895,164.995,2,1
1894,442.973,26.2144,2,1
1895,164.131,129.486,2,1
1896,80.4432,94.777,2,1
1897,402.532,16.9675,2,0
1898,68.8015,287.348,2,1
1899,566.863,231.922,2,1
1900,194.94,134.586,2,1
1901,529.684,245.456,2,1
1902,321.64,159.512,2,1
1903,419.896,8.92371,2,1
1904,482.206,203.339,2,1
1905,74.5919,84.4804,2,1
1906,474.692,265.824,2,1
1907,331.982,68.316,2,1
1908,490.317,195.998,2,1
1909,407.018,108.396,2,1
1910,175.51,12.1868,2,0
1911,388.676,140.986,2,1
1912,566.41,79.9511,2,1
1913,451.155,205.507,2,1
1914,118.269,46.7192,2,1
1915,303.008,139.186,2,1
1916,501.69,43.6452,2,1
1917,236.767,86.0276,2,1
1918,240.466,158.18,2,1
1919,348.392,5.60964,2,0
1920,294.575,35.8038,2,1
1921,578.893,274.517,2,1
1922,317.828,2,2,1
1923,399.073,216.965,2,1
1924,530.774,275.1,2,1
1925,103.02,255.225,2,1
1926,297.573,68.3274,2,1
1927,217.392,183.006,2,1
1928,368.956,75.5115,2,0
1929,375.13,114.605,2,1
1930,274.984,8.99921,2,1
1931,87.2845,126.701,2,1
1932,489.762,129.678,2,1
1933,346.938,24.3809,2,1
1934,139.695,213.756,2,1
1935,319.144,81.99,2,1
1936,414.438,287.054,2,1
1937,506.92,122.501,2,1
1938,242.304,193.583,2,1
1939,221.214,6.02899,2,0
1940,251.055,235.812,2,1
1941,296.171,46.4774,2,1
1942,91.2965,257.948,2,1
1943,363.032,102.331,2,1
1944,516.695,81.5228,2,1
1945,279.535,40.4338,2,1
1946,404.654,141.488,2,1
1947,407.25,298,2,1
1948,141.467,180.486,2,1
1949,506.995,278.874,2,1
1950,155.539,4.40555,2,1
1951,252.763,260.024,2,1
1952,381.636,219.334,2,1
1953,584.095,125.767,2,1
1954,262.283,187.409,2,1
1955,198.315,266.449,2,1
1956,52.0228,259.759,2,1
1957,528.926,283.189,2,1
1958,599.058,274.486,2,1
1959,425.879,272.778,2,1
1960,327.29,235.627,2,1
1961,567.04,144.409,2,1
1962,79.0175,298,2,1
1963,539.354,40.0018,2,1
1964,44.178,55.5188,2,1
1965,244.236,266.236,2,1
1966,516.66,41.495,2,0
1967,452.286,12.7312,2,0
1968,66.0595,68.2269,2,1
1969,232.671,263.463,2,1
1970,90.4075,26.8926,2,1
1971,234.933,218.009,2,1
1972,161.094,290.346,2,1
1973,188.478,5.72173,2,0
1974,451.941,257.302,2,1
1975,378.773,222.369,2,1
1976,153.95,165.931,2,1
1977,446.79,116.895,2,1
1978,405.208,274.925,2,1
1979,483.144,86.1594,2,1
1980,408.294,88.9679,2,1
1981,325.286,298,2,1
1982,97.3938,73.9371,2,1
1983,142.804,121.502,2,1
1984,583.399,281.377,2,1
1985,204.325,2,2,1
1986,470.549,41.2677,2,1
1987,460.026,133.226,2,1
1988,438.812,118.147,2,1
1989,216.467,187.009,2,1
1990,562.168,267.309,2,1
1991,502.371,163.44,2,1
1992,52.0718,170.011,2,1
1993,313.27,15.5774,2,1
1994,526.083,260.851,2,1
1995,210.117,191.528,2,1
1996,302.332,43.9129,2,1
1997,339.141,136.486,2,1
1998,548.813,139.914,2,1
1999,453.178,122.529,2,1
2000,437.897,2,2,1
2001,55.5471,276.36,2,1
2002,429.773,263.957,2,1
2003,504.666,119.114,2,1
2004,572.925,44.3957,2,1
2005,368.343,107.007,2,1
2006,169.399,267.181,2,1
2007,312.881,62.382,2,1
2008,305.709,13.8022,2,1
2009,578.136,42.2521,2,1
2010,488.375,289.695,2,1
2011,142.913,218.906,2,1
2012,471.297,22.8043,2,1
2013,342.769,37.0697,2,1
2014,50.7115,231.652,2,1
2015,103.711,12.914,2,1
2016,52.4424,25.7471,2,1
2017,283.841,179.2,2,1
2018,214.047,10.2031,2,1
2019,500.307,126.016,2,1
2020,559.831,113.034,2,1
2021,197.503,66.8518,2,1
2022,106.641,139.769,2,1
2023,328.738,194.276,2,1
2024,354.29,2,2,1
2025,336.262,28.1018,2,1
2026,500.839,72.4965,2,1
2027,487.893,13.4605,2,1
2028,47.5972,79.2362,2,1
2029,153.755,70.2211,2,1
2030,453.278,166.463,2,1
2031,588.729,43.9973,2,0
2032,93.8411,192.171,2,1
2033,392.239,67.1741,2,1
2034,438.005,148.785,2,1
2035,479.914,35.9183,2,0
2036,527.775,72.2432,2,1
2037,52.1527,39.5385,2,1
2038,489.817,239.713,2,1
2039,259.561,190.482,2,1
2040,490.642,268.234,2,1
2041,247.996,189.656,2,1
2042,572.476,68.8892,2,0
2043,301.574,69.5884,2,1
2044,202.394,155.686,2,1
2045,462.187,226.251,2,1
2046,345.468,136.874,2,1
2047,229.753,53.0415,2,1
2048,89.6686,201.01,2,1
2049,508.988,81.4744,2,1
2050,365.693,28.3205,2,1
2051,361.113,132.848,2,1
2052,12.7529,101.603,2,1
2053,463.198,256.972,2,1
2054,395.096,2.25816,2,0
2055,313.8,6.0138,2,1
2056,380.497,285.569,2,1
2057,288.693,266.619,2,1
2058,116.682,188.686,2,1
2059,193.949,49.268,2,1
2060,94.9795,264.986,2,1
2061,288.247,126.592,2,1
2062,475.134,21.4354,2,1
2063,332.118,5.55973,2,0
2064,19.3993,186.853,2,1
2065,331.461,95.9955,2,1
2066,50.2133,13.9261,2,0
2067,151.551,39.41,2,1
2068,177.742,234.617,2,1
2069,135.935,246.084,2,1
2070,279.621,52.5243,2,1
2071,592.078,273.609,2,1
2072,593.701,199.583,2,1
2073,142.134,153.798,2,1
2074,383.075,32.0998,2,1
2075,317.131,184.752,2,1
2076,206.555,28.5789,2,1
2077,527.49,104.276,2,1
2078,116.921,160.564,2,1
2079,535.591,75.7794,2,1
2080,33.8603,103.216,2,1
2081,337.987,211.374,2,1
2082,180.65,47.0338,2,1
2083,509.252,87.0793,2,1
2084,400.964,124.431,2,1
2085,262.235,274.305,2,1
2086,479.849,167.859,2,1
2087,193.068,27.8966,2,1
2088,457.427,40.5062,2,1
2089,172.709,19.181,2,1
2090,592.531,269.495,2,1
2091,394.086,51.6877,2,1
2092,423.027,83.366,2,0
2093,23.416,186.138,2,1
2094,544.866,16.7546,2,1
2095,396.181,67.9421,2,1
2096,314.591,249.269,2,1
2097,322.625,210.726,2,1
2098,549.888,143.774,2,1
2099,292.231,175.112,2,1
2100,454.023,136.87,2,1
2101,525.44,178.869,2,1
2102,433.759,208.81,2,1
2103,410.674,15.7114,2,1
2104,57.8381,13.8764,2,0
2105,394.367,146.902,2,1
2106,203.632,296.755,2,1
2107,415.454,70.2169,2,1
2108,239.005,199.883,2,1
2109,464.338,36.2305,2,1
2110,551.566,181.024,2,1
2111,58.5126,244.975,2,1
2112,394.689,196.09,2,1
2113,245.954,47.8945,2,1
2114,362.31,238.558,2,1
2115,432.617,19.936,2,1
2116,41.7688,240.039,2,1
2117,258.216,23.7084,2,0
2118,460.817,268.169,2,1
2119,285.355,85.6547,2,1
2120,306.934,232.487,2,1
2121,522.228,147.46,2,1
2122,71.5186,156.804,2,1
2123,150.635,34.7084,2,1
2124,278.552,192.878,2,1
2125,476.562,58.782,2,1
2126,49.5678,216.584,2,1
2127,196.18,113.664,2,1
2128,271.457,60.7192,2,1
2129,488.213,252.764,2,1
2130,462.92,2,2,1
2131,312.534,30.9561,2,1
2132,123.138,271.158,2,1
2133,459.819,56.2174,2,0
2134,9.65684,142.537,2,1
2135,169.916,271.956,2,1
2136,3.02046,177.679,2,1
2137,335.678,283.054,2,1
2138,160.694,109.292,2,1
2139,36.5789,18.6484,2,1
2140,308.367,178.896,2,1
2141,476.076,54.7382,2,1
2142,221.644,168.788,2,1
2143,321.969,26.8186,2,1
2144,109.557,65.8776,2,1
2145,162.44,223.058,2,1
2146,46.5439,264.288,2,1
2147,425.806,180.537,2,1
2148,586.874,142.674,2,1
2149,494.8,267.796,2,1
2150,72.4467,222.012,2,1
2151,223.741,97.9218,2,1
2152,376.687,194.787,2,1
2153,407.743,2,2,1
2154,116.219,98.0418,2,1
2155,87.6251,34.0822,2,1
2156,457.737,283.887,2,1
2157,106.338,286.13,2,1
2158,506.676,111.091,2,1
2159,410.94,262.774,2,1
2160,512.936,42.9938,2,1
2161,491.307,83.2154,2,1
2162,172.137,9.99384,2,1
2163,557.081,119.354,2,1
2164,101.624,220.313,2,1
2165,481.298,257.375,2,1
2166,125.046,206.102,2,1
2167,59.3741,234.529,2,1
2168,287.142,2,2,1
2169,453.892,81.1631,2,1
2170,544.262,216.635,2,1
2171,233.379,110.713,2,1
2172,427.052,83.4068,2,1
2173,471.228,213.677,2,1
2174,481.992,154.983,2,1
2175,485.078,206.431,2,1
2176,473.941,273.914,2,1
2177,536.543,12.8348,2,1
2178,48.4517,208.221,2,1
2179,505.296,263.334,2,1
2180,73.4544,251.413,2,1
2181,101.645,16.344,2,0
2182,294.692,119.712,2,1
2183,488.174,284.827,2,1
2184,578.64,231.291,2,1
2185,582.128,77.3254,2,1
2186,394.749,86.0141,2,1
2187,402.02,277.454,2,1
2188,489.329,199.893,2,1
2189,90.5434,235.024,2,1
2190,46.7082,17.7016,2,1
2191,34.0693,206.413,2,1
2192,245.736,124.371,2,1
2193,240.027,97.5123,2,1
2194,402.763,61.2604,2,0
2195,250.72,165.409,2,1
2196,326.074,89.8898,2,1
2197,542.706,204.302,2,1
2198,40.3153,36.8472,2,1
2199,60.7297,10.3276,2,0
2200,376.546,148.096,2,1
2201,112.506,274.186,2,1
2202,23.2062,110.545,2,1
2203,553.569,276.67,2,1
2204,439.79,32.9944,2,1
2205,230.059,33.16,2,1
2206,213.471,91.3826,2,1
2207,66.734,290.971,2,1
2208,450.162,217.861,2,1
2209,68.408,126.43,2,1
2210,300.143,258.958,2,1
2211,106.234,57.4258,2,1
2212,182.407,8.37133,2,1
2213,57.4817,108.484,2,1
2214,104.364,272.663,2,1
2215,223.693,244.164,2,1
2216,522.207,250.407,2,1
2217,1.14579,92.8363,2,1
2218,466.422,204.333,2,1
2219,55.6564,252.81,2,1
2220,503.62,242.94,2,1
2221,241.977,138.887,2,1
2222,395.529,218.95,2,1
2223,366.135,216.652,2,1
2224,93.954,93.24,2,1
2225,529.844,201.304,2,1
2226,339.861,190.043,2,1
2227,444.449,140.975,2,1
2228,589.762,139.88,2,1
2229,134.051,86.8253,2,1
2230,209.848,41.5893,2,1
2231,227.28,296.095,2,1
2232,487.265,34.3047,2,1
2233,187.049,79.5408,2,1
2234,595.857,272.048,2,1
2235,454.233,173.415,2,1
2236,92.0256,111.986,2,1
2237,497.364,132.518,2,1
2238,351.451,126.946,2,1
2239,421.973,118.496,2,1
2240,120.6,246.486,2,1
2241,94.531,184.134,2,1
2242,217.835,191.101,2,1
2243,501.99,159.317,2,1
2244,66.988,115.8,2,1
2245,587.675,103.656,2,1
2246,242.448,65.2058,2,1
2247,212.423,111.036,2,1
2248,197.743,159.151,2,1
2249,404.325,192.047,2,1
2250,479.029,20.0194,2,1
2251,26.2199,206.022,2,1
2252,189.491,193.514,2,1
2253,477.009,208.101,2,1
2254,471.54,197.829,2,1
2255,590.931,161.512,2,1
2256,283.443,117.881,2,1
2257,81.2011,139.044,2,1
2258,291.169,214.311,2,1
2259,499.573,175.002,2,1
2260,596.519,52.4804,2,1
2261,124.197,249.256,2,1
2262,414.591,156.64,2,1
2263,54.8774,2,2,1
2264,322.101,9.09302,2,0
2265,569.221,37.285,2,1
2266,110.223,253.992,2,1
2267,118.688,261.304,2,1
2268,278.546,262.611,2,1
2269,355.356,235.1,2,1
2270,390.012,102.408,2,1
2271,38.7685,246.904,2,1
2272,88.8426,186.026,2,1
2273,186.699,90.7858,2,1
2274,355.878,286.711,2,1
2275,15.6,216.244,2,1
2276,480.079,225.907,2,1
2277,519.293,48.093,2,1
2278,552.514,54.3928,2,1
2279,589.297,248.328,2,1
2280,136.682,82.1806,2,1
2281,431.594,285.405,2,1
2282,524.284,166.465,2,1
2283,35.5185,279.383,2,1
2284,302.527,102.225,2,1
2285,443.189,35.3681,2,1
2286,149.388,182.456,2,1
2287,384.593,185.868,2,1
2288,46.8512,2,2,1
2289,323.149,294.374,2,1
2290,145.5,266.179,2,1
2291,346.918,116.964,2,1
2292,400.551,77.399,2,0
2293,591.424,2,2,1
2294,309.77,13.5983,2,1
2295,148.285,76.6976,2,1
2296,179.902,198.577,2,1
2297,23.936,74.8485,2,1
2298,552.472,5.43309,2,1
2299,243.278,274.019,2,1
2300,237.655,122.7,2,1
2301,16.2662,61.3321,2,1
2302,18.5171,9.97496,2,1
2303,235.225,273.993,2,1
2304,522.342,262.474,2,1
2305,352.712,107.181,2,1
2306,154.043,75.9081,2,1
2307,288.639,282.726,2,1
2308,237.841,263.135,2,1
2309,521.97,266.619,2,1
2310,227.039,142.436,2,1
2311,194.754,290.709,2,1
2312,41.8891,106.611,2,1
2313,258.621,292.266,2,1
2314,17.091,176.114,2,1
2315,532.053,255.729,2,1
2316,189.131,207.877,2,1
2317,20.6178,231.078,2,1
2318,376.863,86.351,2,1
2319,495.388,249.036,2,1
2320,166.13,96.1542,2,1
2321,112.104,290.99,2,1
2322,178.264,173.685,2,1
2323,379.605,272.713,2,1
2324,402.698,195.831,2,1
2325,352.46,246.912,2,1
2326,150.159,216.51,2,1
2327,454.001,76.3768,2,1
2328,24.5132,70.2335,2,1
2329,393.082,222.193,2,1
2330,2.36342,188.943,2,1
2331,510.534,56.9316,2,1
2332,257.271,140.113,2,1
2333,436.245,90.3355,2,1
2334,331.198,155.708,2,1
2335,531.628,28.6071,2,1
2336,7.81478,63.6036,2,1
2337,398.745,84.9964,2,0
2338,509.166,211.104,2,1
2339,398.043,254.437,2,1
2340,225.227,292.504,2,1
2341,373.841,20.1564,2,1
2342,26.5594,9.28158,2,0
2343,315.031,281.451,2,1
2344,517.128,145.477,2,1
2345,459.799,113.094,2,1
2346,226.31,165.364,2,1
2347,168.124,206.544,2,1
2348,477.208,170.943,2,1
2349,374.262,174.435,2,1
2350,16.3339,208.107,2,1
2351,74.7193,115.158,2,1
2352,214.721,164.462,2,1
2353,228.28,94.4971,2,1
2354,376.172,134.303,2,1
2355,533.096,43.2618,2,1
2356,576.909,89.7633,2,1
2357,64.2975,181.816,2,1
2358,68.4707,130.475,2,1
2359,530.421,174.598,2,1
2360,516.846,197.175,2,1
2361,523.356,116.24,2,1
2362,515.7,114.626,2,1
2363,271.959,134.374,2,1
2364,262.12,183.408,2,1
2365,487.98,80.7116,2,0
2366,374.501,230.458,2,1
2367,422.423,249.257,2,1
2368,6.77538,243.263,2,1
2369,297.971,277.271,2,1
2370,521.032,175.202,2,1
2371,537.591,244.201,2,1
2372,192.665,183.62,2,1
2373,172.735,79.8379,2,1
2374,567.135,165.906,2,1
2375,269.064,251.597,2,1
2376,453.262,265.313,2,1
2377,411.373,51.9847,2,0
2378,91.2687,283.865,2,1
2379,60.8092,227.26,2,1
2380,539.235,164.037,2,1
2381,287.918,220.226,2,1
2382,77.311,261.15,2,1
2383,8.80598,208.657,2,1
2384,214.062,50.4206,2,1
2385,467.793,294.473,2,1
2386,73.2971,214.154,2,1
2387,210.303,265.79,2,1
2388,454.811,241.271,2,1
2389,520.602,40.1327,2,1
2390,219.009,28.2754,2,0
2391,82.7478,191.138,2,1
2392,510.76,123.71,2,1
2393,221.214,286.199,2,1
2394,40.5152,285.035,2,1
2395,204.063,198.697,2,1
2396,485.596,234.857,2,1
2397,576.189,108.609,2,1
2398,172.964,133.514,2,1
2399,173.714,198.737,2,1
2400,278.435,77.4942,2,1
2401,290.158,26.024,2,1
2402,37.7633,208.067,2,1
2403,506.588,180.439,2,1
2404,557.998,109.282,2,1
2405,394.144,226.172,2,1
2406,123.992,144.352,2,1
2407,496.256,111.355,2,1
2408,402.442,144.915,2,1
2409,308.204,116.197,2,1
2410,206.746,228.284,2,1
2411,86.4875,117.869,2,1
2412,58.504,51.1218,2,0
2413,546.836,103.257,2,1
2414,562.996,24.024,2,1
2415,451.096,224.606,2,1
2416,447.935,214.446,2,1
2417,170.089,125.083,2,1
2418,144.291,114.25,2,1
2419,383.313,243.227,2,1
2420,166.939,222.386,2,1
2421,120.269,281.636,2,1
2422,38.6277,40.4853,2,1
2423,240.208,4.59683,2,0
2424,519.509,292.688,2,1
2425,168.391,259.111,2,1
2426,337.858,260.402,2,1
2427,209.549,136.427,2,1
2428,4.17415,39.5926,2,1
2429,563.158,195.584,2,1
2430,371.996,298,2,1
2431,143.813,262.332,2,1
2432,79.6198,225.73,2,1
2433,115.574,221.519,2,1
2434,58.7492,165.905,2,1
2435,508.483,131.478,2,1
2436,86.1562,204.356,2,1
2437,484.688,124.357,2,1
2438,590.514,94.0446,2,1
2439,23.7184,122.556,2,1
2440,551.577,207.705,2,1
2441,231.854,19.5037,2,1
2442,580.129,182.902,2,1
2443,483.74,291.232,2,1
2444,450.811,235.247,2,1
2445,438.648,176.662,2,1
2446,82.1372,98.452,2,1
2447,137.404,90.0758,2,1
2448,270.776,165.699,2,1
2449,224.71,239.421,2,1
2450,232.317,117.959,2,1
2451,20.7488,247.666,2,1
2452,175.529,282.045,2,1
2453,6.21732,59.9153,2,0
2454,233.911,161.883,2,1
2455,249.579,247.635,2,1
2456,122.674,53.441,2,0
2457,112.931,185.84,2,1
2458,571.598,207.617,2,1
2459,571.258,254.483,2,1
2460,307.289,92.476,2,1
2461,418.805,28.342,2,0
2462,385.369,217.466,2,1
2463,80.7001,151.981,2,1
2464,258.19,93.7924,2,1
2465,176.518,262.848,2,1
2466,382.356,72.1976,2,1
2467,575.846,104.623,2,1
2468,426.97,208.882,2,1
2469,3.09785,69.1536,2,1
2470,277.355,235.569,2,1
2471,0.961989,212.434,2,1
2472,360.833,282.093,2,1
2473,518.639,149.393,2,1
2474,535.947,101.309,2,1
2475,550.917,73.5424,2,1
2476,199.404,57.9129,2,1
2477,110.53,171.735,2,1
2478,174.374,125.717,2,1
2479,147.809,91.7267,2,1
2480,563.212,289.213,2,1
2481,17.6661,282.926,2,1
2482,475.569,211.841,2,1
2483,568.347,44.7097,2,1
2484,369.596,188.997,2,1
2485,418.68,108.756,2,1
2486,543.655,282.695,2,1
2487,228.907,2,2,1
2488,230.24,76.0529,2,0
2489,222.798,153.055,2,1
2490,160.399,46.34,2,1
2491,599.221,298,2,1
2492,489.564,235.627,2,1
2493,488.426,256.845,2,1
2494,353.095,219.947,2,1
2495,555.927,258.225,2,1
2496,90.3437,108.297,2,1
2497,568.401,174.379,2,1
2498,46.2532,279.245,2,1
2499,291.215,2,2,1
2500,139.938,29.2118,2,1
2501,233.059,189.14,2,1
2502,146.976,50.2358,2,1
2503,574.509,97.6368,2,1
2504,287.191,103.58,2,1
2505,171.945,116.25,2,1
2506,233.127,132.44,2,1
2507,295.637,210.274,2,1
2508,395.944,156.126,2,1
2509,594.425,60.5406,2,1
2510,553.786,121.739,2,1
2511,597.44,221.117,2,1
2512,540.806,265.9,2,1
2513,286.171,130.108,2,1
2514,463.899,123.655,2,1
2515,345.652,28.7033,2,1
2516,439.215,152.606,2,1
2517,367.904,212.358,2,1
2518,482.389,131.507,2,1
2519,307.093,279.129,2,1
2520,303.602,145.583,2,1
2521,439.454,184.791,2,1
2522,560.222,68.3104,2,1
2523,237.089,2,2,1
2524,20.2078,168.03,2,1
2525,31.2777,71.4402,2,1
2526,229.867,102.793,2,1
2527,197.962,270.682,2,1
2528,514.111,251.285,2,1
2529,266.87,240.71,2,1
2530,494.831,158.317,2,1
2531,572.331,90.5324,2,1
2532,27.0533,109.104,2,1
2533,263.081,72.7833,2,1
2534,200.847,212.522,2,1
2535,544.64,190.957,2,1
2536,13.8939,105.478,2,1
2537,205.843,42.2123,2,1
2538,465.551,70.9199,2,1
2539,37.1013,181.114,2,1
2540,264.502,5.53297,2,1
2541,586.389,291.416,2,1
2542,154.918,233.267,2,1
2543,495.751,203.308,2,1
2544,93.4153,294.429,2,1
2545,353.808,60.6758,2,1
2546,309.121,56.329,2,1
2547,129.541,55.3611,2,1
2548,463.029,252.924,2,1
2549,268.926,9.52756,2,0
2550,559.646,17.9044,2,1
2551,322.601,223.13,2,1
2552,314.83,257.163,2,1
2553,577.027,35.2662,2,1
2554,534.087,252.222,2,1
2555,109.274,195.533,2,1
2556,219.567,244.27,2,1
2557,5.31363,28.8188,2,1
2558,431.939,247.87,2,1
2559,300.746,87.7199,2,1
2560,391.606,21.6024,2,1
2561,502.574,111.181,2,1
2562,39.6706,265.871,2,1
2563,598.197,205.873,2,1
2564,562.705,82.4123,2,1
2565,485.297,134.418,2,1
2566,551.056,232.441,2,1
2567,384.65,148.094,2,1
2568,442.232,174.865,2,1
2569,100.639,180.746,2,1
2570,15.0347,85.7657,2,1
2571,317.643,114.573,2,1
2572,406.829,100.268,2,1
2573,583.899,31.3581,2,1
2574,342.563,165.426,2,1
2575,154.179,154.367,2,1
2576,448.858,253.926,2,1
2577,268,269.181,2,1
2578,195.104,155.984,2,1
2579,311.692,38.2702,2,1
2580,464.567,185.403,2,1
2581,58.4072,230.628,2,1
2582,184.507,249.891,2,1
2583,239.453,171.365,2,1
2584,582.312,149.453,2,1
2585,419.008,175.116,2,1
2586,318.683,222.287,2,1
2587,296.356,233.303,2,1
2588,164.851,83.8554,2,1
2589,404.571,83.7982,2,1
2590,185.172,245.861,2,1
2591,488.013,110.045,2,1
2592,159.16,89.2465,2,1
2593,543.262,32.919,2,1
2594,79.2941,269.075,2,1
2595,155.559,283.003,2,1
2596,35.5262,27.984,2,1
2597,564.935,125.781,2,1
2598,33.6785,163.273,2,1
2599,373.152,37.5948,2,0
2600,571.548,171.779,2,1
2601,463.478,265.154,2,1
2602,237.578,163.591,2,1
2603,533.717,85.7156,2,1
2604,331.366,72.3514,2,1
2605,516.322,11.3465,2,1
2606,559.633,244.37,2,1
2607,148.975,136.418,2,1
2608,565.042,137.935,2,1
2609,597.277,294.44,2,1
2610,85.2947,2,2,1
2611,449.462,173.54,2,1
2612,111.668,262.074,2,1
2613,21.8254,50.3353,2,1
2614,71.4124,210.485,2,1
2615,253.246,216.751,2,1
2616,589.051,294.487,2,1
2617,325.294,166.885,2,1
2618,100.586,120.96,2,1
2619,311.168,255.149,2,1
2620,312.869,124.662,2,1
2621,540.962,228.736,2,1
2622,291.592,210.209,2,1
2623,28.5893,236.891,2,1
2624,544.256,53.9786,2,1
2625,536.795,183.156,2,1
2626,344.51,21.167,2,1
2627,531.314,23.3955,2,1
2628,193.476,106.973,2,1
2629,229.898,40.0538,2,1
2630,338.37,286.474,2,1
2631,249.831,243.638,2,1
2632,163.238,258.405,2,1
2633,546.825,22.8019,2,1
2634,338.305,120.577,2,1
2635,331.516,171.752,2,1
2636,25.2072,117.044,2,1
2637,370.521,10.7912,2,1
2638,449.477,290.914,2,1
2639,366.525,2,2,1
2640,5.3143,160.815,2,1
2641,225.15,132.792,2,1
2642,348.269,166.481,2,1
2643,205.015,120.16,2,1
2644,352.012,158.151,2,1
2645,66.0773,190.408,2,1
2646,347.87,270.786,2,1
2647,11.8548,45.0451,2,0
2648,568.577,152.421,2,1
2649,20.3504,162.903,2,1
2650,414.451,22.7201,2,1
2651,538.936,232.663,2,1
2652,336.067,117.249,2,1
2653,420.47,35.7537,2,1
2654,553.894,251.347,2,1
2655,558.312,30.1293,2,1
2656,167.621,136.42,2,1
2657,552.213,137.647,2,1
2658,454.857,203.722,2,1
2659,95.8726,5.21707,2,1
2660,73.7083,218.145,2,1
2661,82.3735,241.951,2,1
2662,508.801,22.6371,2,1
2663,321.54,240.329,2,1
2664,15.9429,27.452,2,1
2665,506.694,92.3726,2,1
2666,52.794,142.492,2,1
2667,242.468,242.948,2,1
2668,132.968,58.0281,2,1
2669,514.178,148.242,2,1
2670,458.416,243.026,2,1
2671,441.952,2,2,1
2672,408.186,210.304,2,1
2673,334.997,222.92,2,1
2674,268.565,216.86,2,1
2675,441.001,272.695,2,1
2676,176.834,188.785,2,1
2677,135.575,100.437,2,1
2678,563.9,263.089,2,1
2679,323.963,5.52936,2,0
2680,224.05,102.112,2,1
2681,467.663,166.818,2,1
2682,117.2,156.51,2,1
2683,259.603,194.87,2,1
2684,486.776,30.2232,2,1
2685,524.948,101.174,2,1
2686,369.056,36.081,2,1
2687,408.695,40.7793,2,1
2688,69.2238,213.929,2,1
2689,282.611,139.086,2,1
2690,268.346,38.3986,2,1
2691,272.653,138.543,2,1
2692,319.6,253.551,2,1
2693,250.108,42.2854,2,1
2694,220.188,53.0282,2,1
2695,123.159,67.9434,2,1
2696,555.378,81.5545,2,1
2697,371.611,220.077,2,1
2698,545.977,142.915,2,1
2699,593.276,16.6157,2,0
2700,553.01,107.962,2,1
2701,195.007,264.081,2,1
2702,229.657,194.042,2,1
2703,223.347,29.6183,2,0
2704,386,225.399,2,1
2705,89.8496,129.817,2,1
2706,575.638,208.629,2,1
2707,415.191,242.142,2,1
2708,443.115,276.234,2,1
2709,327.453,227.756,2,1
2710,129.034,63.3775,2,1
2711,93.7279,125.304,2,1
2712,425.634,294.488,2,1
2713,598.77,116.908,2,1
2714,290.675,183.768,2,1
2715,289.372,270.646,2,1
2716,64.5062,88.6506,2,0
2717,297.836,50.7564,2,1
2718,275.166,198.245,2,1
2719,565.375,67.8842,2,0
2720,6.71082,124.232,2,1
2721,290.83,12.1767,2,1
2722,127.712,178.72,2,1
2723,125.123,64.428,2,1
2724,407.644,23.2489,2,1
2725,443.996,5.49279,2,0
2726,429.754,153.772,2,1
2727,149.369,130.336,2,1
2728,474.369,39.0632,2,1
2729,189.859,217.589,2,1
2730,0.0870294,262.36,2,1
2731,157.657,25.2049,2,1
2732,455.606,294.456,2,1
2733,93.671,8.65941,2,1
2734,368.961,85.1965,2,1
2735,334.825,74.6949,2,1
2736,475.73,167.084,2,1
2737,266.76,201.239,2,1
2738,355.07,165.754,2,1
2739,93.6717,155.122,2,1
2740,597.367,210.326,2,1
2741,42.1125,138.35,2,1
2742,452.158,261.335,2,1
2743,41.8353,207.443,2,1
2744,497.791,236.284,2,1
2745,220.572,95.2728,2,1
2746,90.4474,169.21,2,1
2747,285.256,142.219,2,1
2748,451.699,200.849,2,1
2749,578.431,246.267,2,1
2750,32.935,286.745,2,1
2751,459.658,161.708,2,1
2752,5.49068,21.2462,2,1
2753,309.385,66.0159,2,1
2754,257.856,210.958,2,1
2755,342.648,215.459,2,1
2756,369.831,249.904,2,1
2757,158.709,42.6455,2,1
2758,373.307,294.169,2,1
2759,195.699,298,2,1
2760,487.081,264.652,2,1
2761,160.793,116.404,2,1
2762,169,263.133,2,1
2763,162.249,200.032,2,1
2764,274.429,114.054,2,1
2765,413.384,231.34,2,1
2766,178.433,177.724,2,1
2767,169.103,17.2198,2,1
2768,170.646,215.259,2,1
2769,57.41,92.0339,2,1
2770,147.748,98.8952,2,1
2771,32.2423,179.696,2,1
2772,55.8814,236.682,2,1
2773,464.78,91.2289,2,0
2774,138.787,279.425,2,1
2775,551.342,41.6757,2,1
2776,408.112,12.5623,2,0
2777,386.443,285.651,2,1
2778,552.288,236.304,2,1
2779,519.51,159.593,2,1
2780,544.626,257.448,2,1
2781,316.611,56.1572,2,1
2782,316.799,42.5582,2,0
2783,77.7013,67.1703,2,1
2784,579.308,253.375,2,1
2785,113.825,163.271,2,1
2786,330.873,213.351,2,1
2787,240.827,85.8629,2,1
2788,592.223,147.845,2,1
2789,2.23964,286.079,2,1
2790,78.5562,104.538,2,1
2791,78.2346,265.121,2,1
2792,274.638,186.041,2,1
2793,283.475,38.8746,2,1
2794,437.294,133.433,2,1
2795,494.615,28.101,2,0
2796,462.242,109.507,2,1
2797,584.591,87.1245,2,1
2798,165.163,236.88,2,1
2799,538.269,70.2591,2,1
2800,505.212,45.8811,2,1
2801,153.492,129.944,2,1
2802,110.632,207.168,2,1
2803,172.395,228.452,2,1
2804,171.229,106.502,2,1
2805,301.704,6.72652,2,1
2806,311.328,152.007,2,1
2807,376.846,185.628,2,1
2808,177.836,202.135,2,1
2809,249.91,13.5092,2,0
2810,580.708,194.593,2,1
2811,450.739,31.8232,2,1
2812,433.651,95.8715,2,1
2813,416.393,16.2891,2,0
2814,197.216,9.47988,2,0
2815,368.982,95.6861,2,1
2816,540.545,13.174,2,1
2817,108.393,231.499,2,1
2818,22.8704,197.527,2,1
2819,583.865,56.5868,2,0
2820,145.965,196.236,2,1
2821,582.56,232.263,2,1
2822,270.066,147.514,2,1
2823,150.201,118.336,2,1
2824,84.9419,276.259,2,1
2825,380.457,75.8185,2,1
2826,111.043,70.1107,2,1
2827,105.781,162.689,2,1
2828,268.599,5.50166,2,1
2829,32.1443,25.6013,2,1
2830,189.375,26.1842,2,1
2831,227.526,43.2821,2,1
2832,18.7466,135.647,2,1
2833,305.232,189.087,2,1
2834,477.39,160.275,2,1
2835,121.764,254.882,2,1
2836,298.785,100.46,2,1
2837,140.913,176.498,2,1
2838,232.625,257.016,2,1
2839,358.975,212.979,2,1
2840,336.709,219.169,2,1
2841,151.587,190.251,2,1
2842,336.184,127.854,2,1
2843,495.251,154.31,2,1
2844,245.897,146.434,2,1
2845,373.766,145.151,2,1
2846,586.183,213.466,2,1
2847,517.147,30.8125,2,1
2848,29.8329,183.002,2,1
2849,390.888,63.2194,2,1
2850,224.331,53.6644,2,0
2851,104.022,210.04,2,1
2852,318.898,282.495,2,1
2853,48.6446,161.704,2,1
2854,465.4,179.458,2,1
2855,246.125,31.4395,2,1
2856,242.053,285.498,2,1
2857,21.3491,118.514,2,1
2858,263.307,270.42,2,1
2859,211.294,87.9481,2,1
2860,566.008,26.7822,2,1
2861,313.558,217.962,2,1
2862,111.984,74.6863,2,1
2863,452.159,63.4542,2,1
2864,82.592,272.896,2,1
2865,352.783,205.176,2,1
2866,424.52,193.356,2,1
2867,80.2166,182.361,2,1
2868,473.011,87.9692,2,0
2869,496.951,73.5536,2,1
2870,177.205,275.496,2,1
2871,401.435,247.432,2,1
2872,51.6006,177.796,2,1
2873,35.6789,70.1459,2,1
2874,46.9213,49.3901,2,1
2875,158.819,112.836,2,1
2876,98.699,263.376,2,1
2877,334.932,24.2473,2,1
2878,508.032,53.3367,2,0
2879,38.9564,135.862,2,1
2880,482.393,106.166,2,1
2881,99.2188,41.2749,2,1
2882,140.508,72.8866,2,1
2883,14.2837,286.452,2,1
2884,346.428,89.3243,2,1
2885,497.582,90.2697,2,0
2886,585.322,266.456,2,1
2887,289.925,262.656,2,1
2888,315.678,84.1203,2,1
2889,533.734,199.98,2,1
2890,489.791,214.515,2,1
2891,128.609,47.9957,2,0
2892,129.287,133.388,2,1
2893,394.117,166.837,2,1
2894,106.894,166.752,2,1
2895,329.201,48.9158,2,0
2896,451.455,294.476,2,1
2897,544.306,5.60642,2,0
2898,548.565,84.8526,2,1
2899,73.7943,56.5663,2,1
2900,387.854,87.3694,2,1
2901,449.61,52.3708,2,1
2902,182.972,79.0505,2,1
2903,404.311,222.169,2,1
2904,148.793,164.252,2,1
2905,187.574,177.88,2,1
2906,302.008,25.3821,2,1
2907,210.072,49.6407,2,0
2908,528.984,267.306,2,1
2909,405.324,245.134,2,1
2910,124.765,174.455,2,1
2911,365.354,160.837,2,1
2912,141.382,265.51,2,1
2913,308.328,81.2715,2,1
2914,21.9183,289.909,2,1
2915,27.4408,186.309,2,1
2916,446.049,8.97974,2,0
2917,582.879,263.265,2,1
2918,54.2209,102.155,2,1
2919,469.226,170.808,2,1
2920,28.3309,68.7326,2,1
2921,505.221,156.933,2,1
2922,343.139,99.8936,2,1
2923,421.094,51.8203,2,1
2924,442.687,39.5903,2,1
2925,2.29345,14.5371,2,1
2926,335.297,256.583,2,1
2927,564.812,184.786,2,1
2928,138.543,63.7837,2,1
2929,477.54,140.797,2,1
2930,490.569,31.884,2,1
2931,512.653,197.335,2,1
2932,129.506,262.008,2,1
2933,320.732,73.995,2,1
2934,314.138,66.2322,2,1
2935,371.409,196.796,2,1
2936,424.005,269.236,2,1
2937,71.1963,225.863,2,1
2938,188.513,116.571,2,1
2939,514.724,211.523,2,1
2940,433.683,271.092,2,1
2941,354.805,25.0303,2,1
2942,61.0348,73.225,2,1
2943,182.785,226.498,2,1
2944,145.372,9.70355,2,0
2945,128.964,202.842,2,1
2946,360.028,94.8409,2,1
2947,196.519,191.219,2,1
2948,298.844,35.9523,2,1
2949,583.986,71.9976,2,1
2950,464.897,95.3145,2,0
2951,454.538,58.9381,2,1
2952,30.2222,198.185,2,1
2953,2.60392,157.392,2,1
2954,17.8145,96.4871,2,1
2955,509.951,276.059,2,1
2956,587.897,55.7962,2,1
2957,267.538,111.961,2,1
2958,182.287,201.86,2,1
2959,359.234,196.944,2,1
2960,342.609,90.9274,2,1
2961,297.209,273.313,2,1
2962,151.201,244.664,2,1
2963,345.228,260.119,2,1
2964,298.204,237.789,2,1
2965,195.994,60.0041,2,0
2966,198.199,292.769,2,1
2967,88.4939,45.848,2,1
2968,94.3962,28.3917,2,0
2969,539.632,63.5671,2,1
2970,112.918,129.344,2,1
2971,492.251,290.96,2,1
2972,381.99,277.102,2,1
2973,286.749,72.71,2,1
2974,419.559,59.0622,2,1
2975,282.086,155.242,2,1
2976,276.542,177.756,2,1
2977,162.039,123.464,2,1
2978,520.466,60.626,2,0
2979,205.894,38.0692,2,1
2980,44.684,237.136,2,1
2981,495.81,32.0599,2,1
2982,358.099,250.595,2,1
2983,198.698,70.6717,2,0
2984,73.2626,10.3217,2,1
2985,410.598,293.614,2,1
2986,410.746,155.49,2,1
2987,598.842,25.1405,2,1
2988,70.8004,256.763,2,1
2989,579.359,80.713,2,1
2990,335.451,178.394,2,1
2991,275.44,59.8933,2,1
2992,482.351,40.3993,2,1
2993,190.359,174.872,2,1
2994,255.216,74.6335,2,1
2995,70.4334,248.787,2,1
2996,299.14,84.0018,2,1
2997,283.169,62.2249,2,1
2998,51.146,283.268,2,1
2999,490.159,221.59,2,1
3000,9.77589,280.697,2,1
3001,106.224,97.5704,2,1
3002,552.102,91.9119,2,1
3003,34.892,153.224,2,1
3004,573.473,212.064,2,1
3005,298.397,290.818,2,1
3006,204.448,240.549,2,1
3007,279.731,219.921,2,1
3008,469.535,98.2112,2,1
3009,249.165,251.645,2,1
3010,588.164,275.062,2,1
3011,138.421,156.385,2,1
3012,15.6557,54.2291,2,1
3013,386.543,54.35,2,1
3014,188.748,75.9051,2,1
3015,384.434,64.249,2,0
3016,184.734,75.092,2,1
3017,200.978,120.226,2,1
3018,72.3994,195.586,2,1
3019,472.255,230.156,2,1
3020,26.5622,39.3657,2,1
3021,83.0694,211.034,2,1
3022,376.723,278.512,2,1
3023,9.21482,261.23,2,1
3024,3.44626,53.5007,2,1
3025,226.376,136.643,2,1
3026,473.049,151.811,2,1
3027,139.871,100.713,2,1
3028,162.354,184.795,2,1
3029,364.517,73.8529,2,1
3030,317.209,298,2,1
3031,22.4721,126.869,2,1
3032,79.2844,125.854,2,1
3033,41.1928,180.957,2,1
3034,489.364,133.704,2,1
3035,332.704,218.643,2,1
3036,110.658,258.142,2,1
3037,571.807,138.544,2,1
3038,279.358,64.647,2,1
3039,295.558,218.915,2,1
3040,93.1655,134.807,2,1
3041,511.303,6.21073,2,1
3042,301.852,33.1955,2,1
3043,86.5372,76.6439,2,1
3044,107.912,12.4787,2,1
3045,259.37,143.693,2,1
3046,148.985,205.379,2,1
3047,270.453,203.014,2,1
3048,72.4522,131.373,2,1
3049,115.163,213.654,2,1
3050,290.086,227.262,2,1
3051,190.998,149.9,2,1
3052,69.0734,94.1989,2,0
3053,520.605,122.801,2,1
3054,283.111,2,2,1
3055,474.217,157.644,2,1
3056,454.453,208.104,2,1
3057,6.6379,264.423,2,1
3058,539.34,258.244,2,1
3059,187.403,257.402,2,1
3060,56.7966,267.914,2,1
3061,34.0083,256.524,2,1
3062,248.583,199.944,2,1
3063,570.91,13.0413,2,1
3064,90.1963,215.279,2,1
3065,395.877,288.795,2,1
3066,371.044,114.552,2,1
3067,166.178,157.374,2,1
3068,259.557,203.053,2,1
3069,446.617,20.1561,2,1
3070,98.5755,99.9374,2,1
3071,192.268,200.006,2,1
3072,105.547,148.613,2,1
3073,403.556,97.8327,2,1
3074,233.312,214.248,2,1
3075,440.243,16.3877,2,1
3076,114.975,125.732,2,1
3077,170.649,232.156,2,1
3078,208.471,216.63,2,1
3079,315.024,111.484,2,1
3080,183.394,42.9677,2,1
3081,356.527,12.6946,2,0
3082,132.044,66.1151,2,1
3083,173.319,274.199,2,1
3084,191.562,178.715,2,1
3085,105.439,221.92,2,1
3086,208.443,2,2,1
3087,459.323,129.199,2,1
3088,253.846,242.74,2,1
3089,488.474,60.5384,2,1
3090,530.885,286.762,2,1
3091,81.9776,202.604,2,1
3092,447.893,149.346,2,1
3093,234.653,222.127,2,1
3094,474.468,261.76,2,1
3095,377.927,181.698,2,1
3096,219.955,205.434,2,1
3097,29.2446,220.932,2,1
3098,138.221,287.096,2,1
3099,118.703,170.819,2,1
3100,529.614,226.721,2,1
3101,184.089,62.2497,2,0
3102,220.527,46.3744,2,1
3103,362.716,185.262,2,1
3104,57.5624,150.65,2,1
3105,327.951,135.754,2,1
3106,221.977,111.568,2,1
3107,340.194,232.915,2,1
3108,497.837,185.641,2,1
3109,533.797,203.995,2,1
3110,112.375,270.092,2,1
3111,236.58,12.5883,2,0
3112,73.1619,229.448,2,1
3113,120.39,298,2,1
3114,325.429,219.966,2,1
3115,38.905,131.751,2,1
3116,489.436,114.007,2,1
3117,254.958,135.417,2,1
3118,522.709,274.836,2,1
3119,319.046,70.2525,2,1
3120,241.794,262.14,2,1
3121,277.827,116.173,2,1
3122,485.023,259.101,2,1
3123,402.355,148.924,2,1
3124,126.162,44.7966,2,1
3125,185.181,160.427,2,1
3126,292.482,234.537,2,1
3127,266.039,148.511,2,1
3128,447.55,159.205,2,1
3129,505.461,88.4805,2,1
3130,421.985,12.4853,2,1
3131,491.803,79.1622,2,1
3132,139.116,226.089,2,1
3133,119.081,110.887,2,1
3134,178.767,185.236,2,1
3135,250.058,2,2,1
3136,360.856,171.011,2,1
3137,385.532,172.27,2,1
3138,523.49,32.2475,2,1
3139,91.1878,52.231,2,1
3140,504.559,224.57,2,1
3141,156.24,132.932,2,1
3142,11.4546,41.0536,2,1
3143,344.862,147.977,2,1
3144,558.568,190.166,2,1
3145,309.736,2.40953,2,1
3146,440.324,141.068,2,1
3147,327.915,131.636,2,1
3148,411.234,25.2159,2,1
3149,596.548,9.28975,2,0
3150,425.528,23.765,2,1
3151,347.556,140.464,2,1
3152,128.872,5.98504,2,0
3153,569.949,178.227,2,1
3154,61.3094,15.9524,2,0
3155,431.154,12.0332,2,1
3156,250.566,17.705,2,1
3157,116.457,217.489,2,1
3158,119.715,5.12228,2,1
3159,467.056,2,2,1
3160,221.498,294.17,2,1
3161,226.958,26.0499,2,1
3162,176.345,227.452,2,1
3163,140.857,191.297,2,1
3164,523.015,112.186,2,1
3165,279.826,214.988,2,1
3166,378.85,19.8639,2,1
3167,48.7572,97.5737,2,1
3168,415.289,219.335,2,1
3169,313.232,73.8648,2,1
3170,575.751,234.355,2,1
3171,230.889,298,2,1
3172,385.009,80.2389,2,1
3173,393.473,15.6648,2,0
3174,226.89,72.5258,2,1
3175,16.8782,73.8351,2,1
3176,346.435,182.714,2,1
3177,424.033,2,2,1
3178,162.557,244.652,2,1
3179,158.612,234.821,2,1
3180,328.285,59.1414,2,0
3181,479.391,31.9191,2,0
3182,207.934,195.061,2,1
3183,288.527,256.988,2,1
3184,587.881,164.788,2,1
3185,179.969,54.6019,2,0
3186,421.336,291.554,2,1
3187,142.023,96.804,2,1
3188,318.615,52.6467,2,1
3189,595.202,298,2,1
3190,490.743,41.3676,2,1
3191,330.42,76.4132,2,1
3192,368.383,14.3951,2,1
3193,381.651,158.938,2,1
3194,248.776,255.674,2,1
3195,304.993,2,2,1
3196,445.47,53.0497,2,1
3197,543.333,194.766,2,1
3198,288.552,88.1637,2,1
3199,563.038,254.444,2,1
3200,283.026,241.405,2,1
3201,256.522,90.0725,2,1
3202,437.372,291.119,2,1
3203,159.659,149.119,2,1
3204,443.088,269.243,2,1
3205,222.328,129.845,2,1
3206,486.494,39.8859,2,0
3207,370.537,2,2,1
3208,31.819,156.008,2,1
3209,550.911,37.5163,2,1
3210,538.469,210.609,2,1
3211,358.318,100.426,2,1
3212,9.59393,164.466,2,1
3213,109.146,159.67,2,1
3214,541.473,254.84,2,1
3215,454.147,29.5723,2,1
3216,519.46,216.668,2,1
3217,82.678,75.396,2,1
3218,199.653,208.669,2,1
3219,42.6081,134.208,2,1
3220,563.814,95.4453,2,1
3221,380.482,177.576,2,1
3222,432.164,212.542,2,1
3223,19.2512,214.603,2,1
3224,236.388,59.6112,2,1
3225,80.3416,64.1117,2,1
3226,26.1068,43.4036,2,1
3227,399.101,293.349,2,1
3228,553.467,85.1381,2,1
3229,498.807,294.315,2,1
3230,278.898,73.503,2,0
3231,263.779,258.877,2,1
3232,116.416,198.797,2,1
3233,105.751,84.6227,2,1
3234,311.994,120.34,2,1
3235,217.024,224.338,2,1
3236,63.2102,114.148,2,1
3237,545.533,57.8595,2,1
3238,399.128,2,2,1
3239,548.438,275.056,2,1
3240,1.60845,220.821,2,1
3241,9.46765,246.295,2,1
3242,528.582,182.558,2,1
3243,290.57,34.1072,2,1
3244,267.334,247.923,2,1
3245,37.5305,219.562,2,1
3246,592.234,220.693,2,1
3247,473.345,241.266,2,1
3248,48.3535,41.4717,2,1
3249,72.2335,181.556,2,1
3250,477.273,112.64,2,1
3251,444.291,191.12,2,1
3252,16.8849,100.526,2,1
3253,400.496,132.175,2,1
3254,591.235,124.514,2,1
3255,105.08,191.046,2,1
3256,294.729,182.792,2,1
3257,460.954,42.5205,2,1
3258,501.477,273.71,2,1
3259,461.817,240.766,2,1
3260,590.221,61.8548,2,1
3261,180.53,220.738,2,1
3262,63.5402,43.0443,2,1
3263,109.79,183.347,2,1
3264,129.134,167.275,2,1
3265,522.094,151.532,2,1
3266,190.652,98.2555,2,1
3267,503.393,188.155,2,1
3268,425.813,53.7154,2,0
3269,432.819,50.2205,2,0
3270,307.218,210.609,2,1
3271,541.577,213.567,2,1
3272,270.75,50.7387,2,1
3273,351.754,272.042,2,1
3274,406.198,167.681,2,1
3275,404.874,258.533,2,1
3276,220.448,133.495,2,1
3277,244.456,120.472,2,1
3278,27.6803,224.671,2,1
3279,409.155,281.521,2,1
3280,67.9754,119.759,2,1
3281,503.432,103.414,2,1
3282,538.917,104.006,2,1
3283,206.479,82.2608,2,1
3284,181.388,12.2473,2,1
3285,159.949,2.15121,2,1
3286,441.803,263.216,2,1
3287,155.338,211.522,2,1
3288,139.453,114.136,2,1
3289,125.635,56.3756,2,1
3290,254.81,165.549,2,1
3291,459.654,171.108,2,1
3292,2.89947,24.3455,2,1
3293,177.811,32.68,2,1
3294,449.562,283.844,2,1
3295,525.52,252.717,2,1
3296,563.498,207.756,2,1
3297,17.4502,119.489,2,1
3298,225.17,185.722,2,1
3299,296.527,168.381,2,1
3300,372.886,86.8738,2,1
3301,258.843,99.6402,2,1
3302,441.09,211.916,2,1
3303,80.0038,70.518,2,1
3304,396.856,130.247,2,1
3305,42.4644,114.314,2,1
3306,173.972,255.247,2,1
3307,251.223,192.066,2,1
3308,28.7007,96.924,2,1
3309,215.293,139.693,2,1
3310,261.053,29.9636,2,1
3311,251.645,96.7235,2,1
3312,53.8343,174.47,2,1
3313,361.805,98.4557,2,1
3314,149.383,229.677,2,1
3315,582.958,274.112,2,1
3316,282.191,290.864,2,1
3317,535.476,196.16,2,1
3318,258.464,240.244,2,1
3319,572.224,150.04,2,1
3320,26.5341,2,2,1
3321,103.093,67.9721,2,1
3322,268.696,30.1869,2,1
3323,261.316,42.4376,2,1
3324,120.37,190.575,2,1
3325,163.478,133.468,2,1
3326,388.703,281.366,2,1
3327,336.018,62.5761,2,1
3328,143.64,91.8958,2,1
3329,78.5466,85.7342,2,1
3330,100.81,228.311,2,1
3331,475.694,174.662,2,1
3332,494.266,221.408,2,1
3333,373.908,264.758,2,1
3334,342.788,226.218,2,1
3335,112.405,150.973,2,1
3336,169.778,202.784,2,1
3337,77.6219,162.699,2,1
3338,430.929,110.42,2,1
3339,264.887,36.0491,2,1
3340,229.932,68.2814,2,1
3341,62.9766,47.0392,2,0
3342,434.183,202.184,2,1
3343,192.102,130.937,2,1
3344,191.299,298,2,1
3345,106.854,118.301,2,1
3346,19.6385,210.55,2,1
3347,473.766,249.493,2,1
3348,487.062,192.982,2,1
3349,201.969,138.698,2,1
3350,42.7667,24.7362,2,1
3351,8.86121,227.378,2,1
3352,109.579,100.04,2,1
3353,520.866,282.281,2,1
3354,380.024,268.571,2,1
3355,302.562,61.7798,2,1
3356,269.434,244.419,2,1
3357,352.054,153.754,2,1
3358,549.992,51.2746,2,1
3359,205.303,63.6581,2,1
3360,16.7702,164.937,2,1
3361,358.674,200.924,2,1
3362,273.45,243.795,2,1
3363,46.0318,188.31,2,1
3364,279.042,166.289,2,1
3365,458.225,19.5566,2,0
3366,526.647,194.275,2,1
3367,96.0657,139.336,2,1
3368,325.632,22.7092,2,1
3369,319.928,196.605,2,1
3370,169.842,139.828,2,1
3371,196.107,2.96089,2,0
3372,200.762,201.115,2,1
3373,58.9427,2,2,1
3374,221.506,90.9305,2,0
3375,504.312,270.837,2,1
3376,143.587,42.83,2,1
3377,139.129,249.583,2,1
3378,80.3966,46.5554,2,1
3379,389.683,263.46,2,1
3380,462.996,127.582,2,1
3381,465.797,5.81223,2,1
3382,239.952,52.6009,2,1
3383,54.6002,214.883,2,1
3384,189.591,138.91,2,1
3385,320.395,181.81,2,1
3386,349.789,58.4643,2,1
3387,512.445,10.066,2,1
3388,253.637,45.0741,2,1
3389,534.432,241.529,2,1
3390,541.521,149.235,2,1
3391,286.878,19.3504,2,1
3392,20.4953,107.541,2,1
3393,414.755,38.4402,2,1
3394,35.9015,49.4036,2,0
3395,164.879,196.901,2,1
3396,438.001,218.086,2,1
3397,206.565,154.533,2,1
3398,363.79,298,2,1
3399,137.456,264.676,2,1
3400,492.956,175.273,2,1
3401,241.306,215.354,2,1
3402,1.97628,245.137,2,1
3403,73.7396,68.3195,2,0
3404,166.439,269.973,2,1
3405,463.731,131.529,2,1
3406,358.208,231.379,2,1
3407,532.973,214.729,2,1
3408,427.169,12.6555,2,1
3409,452.513,46.5375,2,1
3410,190.846,283.372,2,1
3411,528.682,205.246,2,1
3412,146.292,67.0293,2,1
3413,47.8442,192.91,2,1
3414,314.233,116.845,2,1
3415,125.829,210.089,2,1
3416,372.63,106.932,2,1
3417,448.415,249.799,2,1
3418,579.67,92.7431,2,1
3419,293.448,171.175,2,1
3420,202.244,185.636,2,1
3421,366.88,99.1558,2,1
3422,284.143,126.44,2,1
3423,562.007,60.937,2,1
3424,217.542,89.0049,2,0
3425,296.715,87.2175,2,1
3426,89.7237,145.898,2,1
3427,5.14254,228.885,2,1
3428,457.83,74.8285,2,1
3429,163.566,203.941,2,1
3430,342.374,17.6108,2,1
3431,176.579,152.228,2,1
3432,508.799,71.3161,2,1
3433,404.715,175.341,2,1
3434,182.813,285.47,2,1
3435,1.92287,166.562,2,1
3436,255.151,289.566,2,1
3437,33.1025,7.14856,2,1
3438,346.199,2,2,1
3439,298.688,119.976,2,1
3440,549.791,58.7039,2,1
3441,547.605,194.149,2,1
3442,174.638,87.6274,2,1
3443,511.789,67.9867,2,1
3444,297.139,202.279,2,1
3445,460.774,68.6914,2,1
3446,390.811,96.4802,2,1
3447,223.79,176.627,2,1
3448,320.962,99.9819,2,1
3449,158.384,257.312,2,1
3450,551.693,16.9706,2,1
3451,23.6606,223.531,2,1
3452,221.623,21.1021,2,0
3453,43.3323,191.27,2,1
3454,514.012,165.315,2,1
3455,268.596,224.948,2,1
3456,331.738,45.323,2,1
3457,293.032,202.239,2,1
3458,522.847,36.5849,2,1
3459,203.773,79.2883,2,0
3460,533.054,291.835,2,1
3461,507.652,290.089,2,1
3462,580.463,69.716,2,0
3463,425.486,184.582,2,1
3464,498.803,59.6095,2,0
3465,24.0845,157.74,2,1
3466,505.238,2,2,1
3467,553.958,102.292,2,1
3468,370.623,48.1215,2,1
3469,529.687,12.9004,2,1
3470,341.469,262.627,2,1
3471,214.682,268.922,2,1
3472,83.5029,49.8935,2,1
3473,597.302,63.3673,2,1
3474,380.345,228.554,2,1
3475,218.076,136.8,2,1
3476,150.144,197.121,2,1
3477,245.829,2,2,1
3478,156.91,274.992,2,1
3479,353.404,264.013,2,1
3480,299.386,171.243,2,1
3481,464.186,9.60502,2,0
3482,63.7041,185.87,2,1
3483,247.402,167.647,2,1
3484,253.341,232.491,2,1
3485,86.1597,208.481,2,1
3486,224.962,259.274,2,1
3487,108.14,2,2,1
3488,5.9536,106.98,2,1
3489,596.942,258.583,2,1
3490,268.001,128.159,2,1
3491,563.864,141.829,2,1
3492,487.508,2,2,1
3493,518.47,126.334,2,1
3494,121.658,203.807,2,1
3495,533.256,144.732,2,1
3496,575.355,116.979,2,1
3497,173.697,224.422,2,1
3498,598.389,13.2393,2,1
3499,63.4466,234.957,2,1
3500,533.289,136.807,2,1
3501,119.478,269.521,2,1
3502,306.457,63.2048,2,1
3503,319.941,39.0964,2,1
3504,486.207,202.42,2,1
3505,560.507,260.676,2,1
3506,11.5674,224.277,2,1
3507,426.041,64.0497,2,0
3508,47.8633,124.805,2,1
3509,345.538,73.8687,2,1
3510,504.643,9.29134,2,1
3511,429.576,68.6885,2,1
3512,64.4562,220.214,2,1
3513,61.0611,106.665,2,1
3514,85.5642,248.979,2,1
3515,166.862,294.866,2,1
3516,381.047,28.4352,2,1
3517,31.6601,149.262,2,1
3518,436.996,46.2579,2,1
3519,461.22,236.221,2,1
3520,63.3239,283.602,2,1
3521,190.6,279.28,2,1
3522,466.175,241.849,2,1
3523,475.554,108.969,2,1
3524,442.925,248.73,2,1
3525,538.679,204.211,2,1
3526,70.9258,283.949,2,1
3527,86.9596,87.7524,2,1
3528,175.447,164.021,2,1
3529,534.554,71.8205,2,1
3530,28.0767,157.461,2,1
3531,358.475,216.968,2,1
3532,181.751,276.977,2,1
3533,168.197,250.782,2,1
3534,560.662,137.494,2,1
3535,306.384,48.5856,2,1
3536,327.894,37.4235,2,1
3537,4.4463,214.559,2,1
3538,40.7586,214.718,2,1
3539,116.298,290.96,2,1
3540,567.913,128.538,2,1
3541,216.31,160.68,2,1
3542,393.283,215.575,2,1
3543,79.1198,291.021,2,1
3544,422.553,56.1947,2,1
3545,279.166,95.8387,2,1
3546,62.962,2,2,1
3547,178.593,295.8,2,1
3548,71.8652,141.025,2,1
3549,41.8313,76.3734,2,1
3550,366.769,42.8018,2,1
3551,118.105,224.736,2,1
3552,67.5842,224.097,2,1
3553,524.959,214.04,2,1
3554,472.728,188.153,2,1
3555,269.944,141.709,2,1
3556,399.973,192.761,2,1
3557,461.178,29.6716,2,1
3558,385.04,221.492,2,1
3559,393.647,264.306,2,1
3560,201.629,17.4485,2,0
3561,500.801,117.782,2,1
3562,354.227,117.229,2,1
3563,245.412,202.412,2,1
3564,430.465,182.447,2,1
3565,421.066,202.45,2,1
3566,176.239,74.5908,2,1
3567,594.871,33.8563,2,1
3568,373.797,138.027,2,1
3569,452.481,5.35581,2,0
3570,216.724,241.387,2,1
3571,581.405,292.072,2,1
3572,247.492,171.806,2,1
3573,597.814,132.994,2,1
3574,524.136,74.1745,2,1
3575,374.418,215.841,2,1
3576,202.107,36.7102,2,0
3577,236.1,266.87,2,1
3578,78.7066,74.378,2,0
3579,436.705,107.074,2,1
3580,118.861,238.866,2,1
3581,115.732,113.291,2,1
3582,417.945,12.546,2,1
3583,397.618,53.6882,2,1
3584,325.421,187.203,2,1
3585,74.5488,111.161,2,1
3586,20.3636,265.36,2,1
3587,167.886,287.645,2,1
3588,427.134,204.87,2,1
3589,186.938,128.12,2,1
3590,522.677,7.68542,2,0
3591,224.476,235.352,2,1
3592,426.76,218.238,2,1
3593,480.004,83.5481,2,1
3594,495.305,150.011,2,1
3595,175.384,6.81999,2,1
3596,125.936,241.319,2,1
3597,181.748,194.961,2,1
3598,548.339,54.9245,2,1
3599,380.112,209.193,2,1
3600,442.968,118.132,2,1
3601,392.774,162.435,2,1
3602,470.124,70.3695,2,1
3603,330.989,271.921,2,1
3604,493.148,35.0673,2,1
3605,597.942,105.58,2,1
3606,463.399,196.999,2,1
3607,209.966,10.145,2,1
3608,591.064,101.448,2,1
3609,146.735,122.623,2,1
3610,69.2395,278.875,2,1
3611,144.949,135.898,2,1
3612,487.404,160.991,2,1
3613,90.1984,193.884,2,1
3614,236.974,43.088,2,1
3615,173.556,141.674,2,1
3616,454.946,98.3451,2,1
3617,5.3401,17.1668,2,0
3618,236.136,93.5625,2,1
3619,263.017,205.426,2,1
3620,53.6836,152.154,2,1
3621,296.835,261.328,2,1
3622,293.782,27.7298,2,0
3623,347.613,125.718,2,1
3624,390.136,225.111,2,1
3625,554.426,24.4192,2,1
3626,527.93,42.843,2,1
3627,346.799,102.718,2,1
3628,108.775,155.652,2,1
3629,211.775,253.926,2,1
3630,34.2131,290.849,2,1
3631,105.16,242.147,2,1
3632,417.469,222.827,2,1
3633,223.222,63.2451,2,0
3634,514.799,123.538,2,1
3635,58.5384,55.2983,2,0
3636,343.399,222.231,2,1
3637,583.887,171.753,2,1
3638,182.7,241.193,2,1
3639,312.672,98.8231,2,1
3640,6.40083,188.261,2,1
3641,427.99,283.653,2,1
3642,166.89,62.8272,2,0
3643,267.473,62.9341,2,1
3644,348.734,146.508,2,1
3645,437.322,280.566,2,1
3646,564.829,172.413,2,1
3647,206.274,265.322,2,1
3648,10.7811,272.555,2,1
3649,354.355,40.8532,2,1
3650,388.228,259.634,2,1
3651,33.8394,200.234,2,1
3652,215.127,125.861,2,1
3653,399.982,141.705,2,1
3654,19.6362,294.71,2,1
3655,584.473,132.414,2,1
3656,413.705,186.81,2,1
3657,93.9027,49.0956,2,0
3658,0.0403346,145.689,2,1
3659,446.907,187.913,2,1
3660,568.498,18.9077,2,1
3661,15.9892,279.17,2,1
3662,101.03,236.376,2,1
3663,201.062,52.6895,2,1
3664,42.2577,289.795,2,1
3665,560.036,167.635,2,1
3666,213.003,201.996,2,1
3667,22.0151,189.941,2,1
3668,20.4813,178.4,2,1
3669,55.9675,171.026,2,1
3670,282.713,277.463,2,1
3671,531.088,193.138,2,1
3672,560.264,210.135,2,1
3673,144.555,298,2,1
3674,151.59,7.0573,2,1
3675,469.869,273.648,2,1
3676,500.206,47.4547,2,0
3677,172.722,264.773,2,1
3678,17.6192,92.4823,2,1
3679,217.239,121.892,2,1
3680,315.467,225.853,2,1
3681,526.855,47.0353,2,1
3682,492.528,225.204,2,1
3683,394.034,292.419,2,1
3684,486.183,294.472,2,1
3685,47.5113,253.382,2,1
3686,197.712,149.663,2,1
3687,459.297,85.5155,2,1
3688,456.143,62.6146,2,1
3689,185.655,19.2028,2,1
3690,384.361,229.114,2,1
3691,227.405,242.471,2,1
3692,553.385,70.3423,2,1
3693,482.562,269.164,2,1
3694,130.12,122.388,2,1
3695,382.031,119.425,2,1
3696,302.265,156.435,2,1
3697,495.111,81.7596,2,1
3698,344.45,128.309,2,1
3699,58.1681,96.0933,2,1
3700,284.638,208.956,2,1
3701,289.129,116.06,2,1
3702,335.534,57.0287,2,1
3703,561.743,27.8857,2,1
3704,349.025,294.513,2,1
3705,542.982,232.279,2,1
3706,509.01,158.309,2,1
3707,356.902,67.1833,2,1
3708,547.129,92.0646,2,1
3709,98.9824,255.218,2,1
3710,295.22,2,2,1
3711,414.573,210.467,2,1
3712,544.742,133.979,2,1
3713,588.722,258.755,2,1
3714,286.793,239.794,2,1
3715,112.665,24.7136,2,1
3716,137.452,253.264,2,1
3717,85.2938,287.5,2,1
3718,438.641,294.979,2,1
3719,293.274,64.1425,2,1
3720,490.406,190.744,2,1
3721,5.50086,247.088,2,1
3722,7.14997,55.4413,2,1
3723,343.331,230.233,2,1
3724,552.195,288.704,2,1
3725,132.805,116.481,2,1
3726,277.509,283.581,2,1
3727,429.781,279.856,2,1
3728,275.278,127.784,2,1
3729,104.127,248.913,2,1
3730,543.269,298,2,1
3731,31.5919,136.222,2,1
3732,581.173,34.4086,2,1
3733,91.5852,34.9811,2,1
3734,524.4,67.8113,2,1
3735,477.655,215.297,2,1
3736,32.5353,126.799,2,1
3737,188.154,34.0903,2,1
3738,251.999,72.1273,2,1
3739,243.882,289.169,2,1
3740,204.407,142.446,2,1
3741,225.993,83.1055,2,1
3742,366.197,237.591,2,1
3743,595.174,125.501,2,1
3744,524.482,60.8822,2,1
3745,487.586,211.07,2,1
3746,81.1932,259.991,2,1
3747,178.787,106.92,2,1
3748,189.094,197.567,2,1
3749,417.408,49.1281,2,1
3750,59.0959,115.717,2,1
3751,56.2376,39.1884,2,1
3752,18.1643,88.3594,2,0
3753,454.015,144.422,2,1
3754,72.0549,35.0269,2,0
3755,40.685,168.675,2,1
3756,552.637,264.766,2,1
3757,47.0995,45.3847,2,1
3758,515.26,5.58766,2,1
3759,82.7478,67.4572,2,1
3760,203.275,175.179,2,1
3761,303.639,36.8696,2,1
3762,1.01977,228.298,2,1
3763,246.93,90.736,2,0
3764,296.337,287.346,2,1
3765,417.202,230.126,2,1
3766,104.666,129.028,2,1
3767,53.1794,279.74,2,1
3768,179.995,265.013,2,1
3769,6.41609,145.025,2,1
3770,337.686,144.523,2,1
3771,474.441,118.238,2,1
3772,179.369,77.1213,2,1
3773,279.129,279.32,2,1
3774,29.2746,115.934,2,1
3775,429.468,61.9248,2,0
3776,583.776,153.213,2,1
3777,478.008,147.018,2,1
3778,394.396,230.196,2,1
3779,93.3502,74.628,2,1
3780,399.043,137.763,2,1
3781,135.855,123.831,2,1
3782,113.611,201.828,2,1
3783,472.758,201.696,2,1
3784,125.982,278.415,2,1
3785,347.228,223.683,2,1
3786,231.513,56.6528,2,1
3787,136.934,175.595,2,1
3788,459.956,124.81,2,1
3789,211.047,107.26,2,1
3790,238.076,66.6543,2,1
3791,321.904,2,2,1
3792,395.662,192.099,2,1
3793,278.837,124.172,2,1
3794,213.344,272.899,2,1
3795,327.892,97.8193,2,1
3796,587.017,20.2215,2,1
3797,198.295,49.6931,2,1
3798,560.649,47.5446,2,1
3799,238.868,235.95,2,1
3800,536.091,255.812,2,1
3801,62.0759,69.3155,2,1
3802,386.887,182.483,2,1
3803,60.2923,219.917,2,1
3804,423.49,163.881,2,1
3805,288.206,294.458,2,1
3806,35.3233,283.393,2,1
3807,518.112,268.049,2,1
3808,308.769,294.237,2,1
3809,57.4199,136.064,2,1
3810,252.982,61.0158,2,1
3811,58.8371,223.646,2,1
3812,201.221,276.187,2,1
3813,395.015,19.4086,2,1
3814,61.9855,121.981,2,1
3815,416.584,118.188,2,1
3816,397.369,35.5389,2,1
3817,582.294,135.923,2,1
3818,365.462,195.939,2,1
3819,400.92,20.8569,2,0
3820,82.101,102.555,2,1
3821,84.5716,195.143,2,1
3822,121.039,61.3011,2,0
3823,54.8595,47.2097,2,1
3824,63.0936,163.443,2,1
3825,223.874,204.583,2,1
3826,130.934,94.1763,2,1
3827,496.11,217.813,2,1
3828,358.465,9.1037,2,1
3829,288.18,45.9917,2,1
3830,306.051,25.4431,2,1
3831,150.411,167.911,2,1
3832,83.9218,71.5784,2,1
3833,400.561,33.0077,2,1
3834,344.632,207.082,2,1
3835,260.513,90.5328,2,0
3836,428.479,194.509,2,1
3837,308.263,272.079,2,1
3838,98.2234,160.928,2,1
3839,575.288,253.962,2,1
3840,267.862,294.304,2,1
3841,245.998,79.6262,2,1
3842,120.522,250.914,2,1
3843,186.716,166.028,2,1
3844,569.791,111.629,2,1
3845,516.78,208.062,2,1
3846,128.957,174.707,2,1
3847,26.0792,233.7,2,1
3848,536.722,265.734,2,1
3849,178.501,9.45268,2,0
3850,73.489,174.168,2,1
3851,47.5889,268.286,2,1
3852,591.684,41.2792,2,1
3853,150.735,294.065,2,1
3854,74.5787,64.3944,2,1
3855,366.239,17.9044,2,1
3856,43.6538,130.329,2,1
3857,64.6845,287.38,2,1
3858,119.903,289.207,2,1
3859,296.545,206.369,2,1
3860,414.291,295.193,2,1
3861,468.776,201.008,2,1
3862,440.474,48.7456,2,1
3863,580.105,242.454,2,1
3864,363.49,51.9086,2,1
3865,545.266,68.5093,2,1
3866,498.843,16.4984,2,1
3867,168.608,38.4601,2,1
3868,3.61036,43.6822,2,1
3869,564.166,160.626,2,1
3870,271.261,121.618,2,1
3871,273.861,298,2,1
3872,15.1452,294.508,2,1
3873,3.22098,87.8671,2,0
3874,171.448,5.90271,2,0
3875,329.257,188.869,2,1
3876,211.682,279.74,2,1
3877,580.89,266.742,2,1
3878,392.425,298,2,1
3879,599.527,55.2212,2,1
3880,395.171,203.871,2,1
3881,522.211,86.673,2,1
3882,448.423,221.547,2,1
3883,329.385,298,2,1
3884,595.434,284.278,2,1
3885,95.8696,272.087,2,1
3886,527.569,37.2822,2,1
3887,486.172,65.0125,2,1
3888,125.066,75.8832,2,1
3889,1.12858,138.23,2,1
3890,199.075,5.85883,2,0
3891,356.452,34.0084,2,0
3892,512.026,186.348,2,1
3893,290.587,195.599,2,1
3894,112.062,298,2,1
3895,150.762,111.671,2,1
3896,90.1496,157.024,2,1
3897,408.901,214.24,2,1
3898,457.23,78.8368,2,1
3899,165.194,50.7145,2,1
3900,21.5233,239.458,2,1
3901,9.96992,48.6399,2,0
3902,446.553,24.2178,2,1
3903,571.082,79.3674,2,1
3904,109.822,18.6688,2,1
3905,60.5777,287.406,2,1
3906,182.633,280.957,2,1
3907,196.589,254.151,2,1
3908,280.896,207.181,2,1
3909,133.304,104.068,2,1
3910,243.637,206.043,2,1
3911,324.894,86.0556,2,1
3912,429.069,87.5573,2,1
3913,574.816,20.1856,2,1
3914,161.897,161.081,2,1
3915,328.47,242.261,2,1
3916,229.496,22.8692,2,1
3917,573.712,270.446,2,1
3918,454.281,25.457,2,1
3919,46.7471,37.7356,2,1
3920,202.589,44.8682,2,1
3921,290.96,19.2371,2,1
3922,503.649,289.295,2,1
3923,370.142,273.265,2,1
3924,286.473,68.5275,2,1
3925,360.498,73.5302,2,1
3926,359.898,155.972,2,1
3927,382.701,151.627,2,1
3928,283.06,66.2685,2,1
3929,555.413,135.229,2,1
3930,362.407,66.1115,2,1
3931,558.181,25.8628,2,1
3932,111.155,40.0763,2,1
3933,205.973,150.492,2,1
3934,66.6981,6.02132,2,1
3935,151.053,171.894,2,1
3936,227.128,251.205,2,1
3937,260.529,251.859,2,1
3938,516.065,45.4953,2,1
3939,163.449,229.774,2,1
3940,25.8546,49.8942,2,1
3941,472.217,91.9844,2,0
3942,335.747,66.6411,2,0
3943,541.025,290.301,2,1
3944,134.242,219.393,2,1
3945,132.952,5.88579,2,0
3946,380.455,169.443,2,1
3947,181.095,252.321,2,1
3948,166.474,214.608,2,1
3949,100.982,251.511,2,1
3950,107.261,214.43,2,1
3951,77.969,201.602,2,1
3952,22.4838,9.24419,2,1
3953,419.434,115.351,2,1
3954,441.435,73.7805,2,1
3955,217.476,294.309,2,1
3956,148.272,80.8742,2,1
3957,234.128,74.8302,2,1
3958,77.2744,229.051,2,1
3959,31.3886,282.474,2,1
3960,451.058,239.445,2,1
3961,595.463,90.3337,2,1
3962,93.7911,232.657,2,1
3963,102.074,57.4156,2,0
3964,259.458,278.911,2,1
3965,11.7283,124.71,2,1
3966,570.981,199.577,2,1
3967,532.2,58.4135,2,1
3968,119.598,57.5265,2,1
3969,3.44449,83.775,2,1
3970,28.1791,146.029,2,1
3971,506.512,145.342,2,1
3972,49.1025,5.59349,2,0
3973,286.613,28.2393,2,1
3974,10.3861,288.71,2,1
3975,589.121,112.585,2,1
3976,250.031,296.445,2,1
3977,29.4275,240.896,2,1
3978,25.7112,142.684,2,1
3979,525.485,97.0877,2,1
3980,427.279,58.143,2,0
3981,110.389,287.251,2,1
3982,501.749,19.3065,2,1
3983,496.271,172.651,2,1
3984,594.757,254.531,2,1
3985,250.009,30.2791,2,1
3986,338.337,16.9088,2,1
3987,179.425,101.367,2,1
3988,493.557,143.959,2,1
3989,399.768,104.658,2,1
3990,529.931,17.9722,2,1
3991,463.833,56.0609,2,0
3992,200.272,25.6693,2,1
3993,498.23,228.757,2,1
3994,522.724,94.0863,2,1
3995,416.973,45.0854,2,1
3996,357.68,294.466,2,1
3997,447.756,153.398,2,1
3998,313.755,2,2,1
3999,469.91,298,2,1
4000,4.12344,148.412,2,1
4001,364.582,5.59385,2,0
4002,390.265,92.4435,2,1
4003,388.035,43.347,2,0
4004,264.498,32.001,2,1
4005,87.5051,80.6017,2,0
4006,548.19,18.9993,2,1
4007,385.627,193.519,2,1
4008,418.678,167.826,2,1
4009,414.948,164.447,2,1
4010,402.012,93.7776,2,1
4011,158.782,21.3365,2,1
4012,382.364,265.322,2,1
4013,304.853,126.617,2,1
4014,549.399,199.833,2,1
4015,186.127,215.069,2,1
4016,66.8673,25.6966,2,1
4017,445.449,290.873,2,1
4018,260.526,124.138,2,1
4019,353.339,294.693,2,1
4020,424.124,114.89,2,1
4021,595.654,86.2195,2,1
4022,226.948,197.281,2,1
4023,590.107,116.563,2,1
4024,475.85,17.432,2,1
4025,447.745,245.852,2,1
4026,598.546,164.28,2,1
4027,546.815,31.0274,2,1
4028,39.5291,80.9928,2,1
4029,581.926,129.195,2,1
4030,434.808,76.626,2,1
4031,371.415,235.587,2,1
4032,144.832,177.453,2,1
4033,271.92,40.3717,2,1
4034,356.411,96.8046,2,1
4035,155.57,40.1313,2,1
4036,528.934,170.438,2,1
4037,28.082,138.33,2,1
4038,316.606,31.7016,2,1
4039,54.3439,290.65,2,1
4040,154.832,287.126,2,1
4041,260.816,129.311,2,1
4042,134.146,129.664,2,1
4043,287.718,58.1045,2,1
4044,494.239,294.491,2,1
4045,244.199,94.2911,2,1
4046,350.916,23.7738,2,1
4047,289.037,147.275,2,1
4048,460.021,149.591,2,1
4049,2.13688,294.1,2,1
4050,303.642,251.936,2,1
4051,417.689,73.6027,2,1
4052,425.055,246.16,2,1
4053,206.554,280.739,2,1
4054,166.189,145.841,2,1
4055,573.676,168.327,2,1
4056,95.4834,52.7764,2,0
4057,356.439,180.958,2,1
4058,557.379,156.7,2,1
4059,66.3953,196.194,2,1
4060,304.49,54.7657,2,0
4061,269.425,182.435,2,1
4062,490.902,203.599,2,1
4063,104.867,45.2164,2,1
4064,88.8605,62.8356,2,1
4065,133.869,294.298,2,1
4066,290.493,136.317,2,1
4067,513.912,25.162,2,1
4068,163.416,211.88,2,1
4069,354.07,100.134,2,1
4070,272.228,11.9134,2,1
4071,459.1,175.121,2,1
4072,154.494,267.234,2,1
4073,529.799,259.162,2,1
4074,233.603,121.764,2,1
4075,486.418,106.17,2,1
4076,370.506,230.819,2,1
4077,541.285,261.827,2,1
4078,460.327,81.4927,2,1
4079,188.67,294.843,2,1
4080,481.259,113.035,2,1
4081,25.4205,219.741,2,1
4082,155.614,260.222,2,1
4083,145.573,88.2959,2,1
4084,166.662,243.939,2,1
4085,424.306,197.395,2,1
4086,539.621,282.897,2,1
4087,277.294,205.222,2,1
4088,161.467,248.555,2,1
4089,464.458,32.1607,2,1
4090,235.186,237.66,2,1
4091,87.2276,283.917,2,1
4092,129.004,206.848,2,1
4093,101.643,202.297,2,1
4094,71.8945,74.4364,2,1
4095,49.405,223.208,2,1
4096,353.471,28.8148,2,1
4097,560.175,13.8512,2,1
4098,12.1955,109.828,2,1
4099,532.798,229.182,2,1
4100,364.042,286.742,2,1
4101,478.165,97.5399,2,1
4102,492.144,232.551,2,1
4103,415.449,52.6655,2,1
4104,356.337,242.663,2,1
4105,183.417,156.737,2,1
4106,232.435,60.5823,2,1
4107,63.9905,146.079,2,1
4108,579.792,103.742,2,1
4109,387.735,270.991,2,1
4110,331.987,225.709,2,1
4111,82.1574,110.928,2,1
4112,13.2885,259.996,2,1
4113,397.348,122.307,2,1
4114,574.392,288.362,2,1
4115,253.726,265.666,2,1
4116,433.771,61.7546,2,1
4117,118.558,118.776,2,1
4118,369.734,244.94,2,1
4119,191.93,287.498,2,1
4120,190.97,127.071,2,1
4121,359.378,220.992,2,1
4122,525.668,264.902,2,1
4123,334.05,210.64,2,1
4124,481.12,181.787,2,1
4125,16.8974,180.207,2,1
4126,498.307,120.928,2,1
4127,513.53,237.957,2,1
4128,50.8605,2,2,1
4129,156.371,8.42212,2,1
4130,417.727,41.1294,2,1
4131,409.541,229.951,2,1
4132,231.15,168.758,2,1
4133,388.899,29.8103,2,1
4134,192.352,115.373,2,1
4135,224.505,288.532,2,1
4136,351.571,227.654,2,1
4137,161.357,105.228,2,1
4138,278.998,196.976,2,1
4139,548.399,176.77,2,1
4140,16.2484,194.258,2,1
4141,69.7119,82.5425,2,1
4142,38.4265,14.9251,2,1
4143,555.914,225.876,2,1
4144,335.263,235.207,2,1
4145,537.184,291.585,2,1
4146,474.44,237.392,2,1
4147,372.138,5.76194,2,0
4148,412.216,67.6277,2,1
4149,220.328,160.777,2,1
4150,588.192,184.226,2,1
4151,152.328,162.121,2,1
4152,216.572,257.988,2,1
4153,113.04,78.7708,2,1
4154,362.43,2,2,1
4155,131.224,216.748,2,1
4156,418.199,24.233,2,0
4157,178.461,213.346,2,1
4158,375.087,198.589,2,1
4159,2.0786,36.1606,2,0
4160,313.667,77.8472,2,1
4161,485.433,279.499,2,1
4162,586.456,94.6851,2,1
4163,541.37,242.724,2,1
4164,413.334,125.531,2,1
4165,439.917,246.009,2,1
4166,114.949,245.606,2,1
4167,455.925,169.61,2,1
4168,0.491965,171.825,2,1
4169,518.657,88.7102,2,1
4170,22.9243,257.71,2,1
4171,506.112,286.095,2,1
4172,30.7574,107.579,2,1
4173,76.6038,7.94871,2,1
4174,216.496,110.783,2,1
4175,345.523,143.981,2,1
4176,392.043,271.923,2,1
4177,518.541,264.017,2,1
4178,443.841,244.69,2,1
4179,142.37,232.81,2,1
4180,4.25751,79.7992,2,0
4181,362.145,250.862,2,1
4182,151.725,259.098,2,1
4183,80.3888,37.3061,2,0
4184,344.266,294.921,2,1
4185,74.9148,298,2,1
4186,18.7762,130.846,2,1
4187,139.927,256.984,2,1
4188,54.7565,232.588,2,1
4189,262.626,98.3336,2,1
4190,263.734,160.764,2,1
4191,122.82,193.777,2,1
4192,483.693,68.3966,2,1
4193,23.4695,36.7685,2,1
4194,587.649,209.577,2,1
4195,510.143,64.1839,2,1
4196,420.466,86.7198,2,1
4197,54.3373,20.0675,2,1
4198,571.316,164.947,2,1
4199,181.201,30.2208,2,1
4200,336.774,89.7799,2,1
4201,398.721,61.7648,2,1
4202,583.509,37.7597,2,1
4203,479.319,298,2,1
4204,540.942,82.1663,2,1
4205,64.3097,126.995,2,1
4206,391.157,208.003,2,1
4207,369.335,281.262,2,1
4208,391.75,158.471,2,1
4209,574.363,204.655,2,1
4210,147.622,41.8089,2,0
4211,189.535,262.037,2,1
4212,348.464,283.097,2,1
4213,135.031,197.222,2,1
4214,131.097,9.55961,2,0
4215,148.776,107.124,2,1
4216,58.4065,119.74,2,1
4217,20.1202,158.467,2,1
4218,99.4843,290.317,2,1
4219,167.07,274.842,2,1
4220,173.285,94.8345,2,0
4221,510.59,228.398,2,1
4222,577.033,285.214,2,1
4223,359.59,269.924,2,1
4224,332.499,186.393,2,1
4225,556.273,12.477,2,0
4226,335.972,290.513,2,1
4227,86.9565,91.8461,2,1
4228,470.904,125.576,2,1
4229,130.263,101.309,2,1
4230,595.16,176.68,2,1
4231,276.859,169.653,2,1
4232,116.037,271.855,2,1
4233,412.128,253.313,2,1
4234,394.952,274.849,2,1
4235,585.062,98.9392,2,1
4236,513.597,225.721,2,1
4237,118.213,102.575,2,1
4238,38.2559,140.483,2,1
4239,225.938,68.5361,2,1
4240,32.2792,145.286,2,1
4241,215.264,46.5829,2,1
4242,368.638,21.7866,2,1
4243,325.126,151.763,2,1
4244,590.404,233.805,2,1
4245,126.782,163.623,2,1
4246,231.08,72.1219,2,1
4247,539.997,159.127,2,1
4248,352.409,80.8344,2,1
4249,241.494,255.071,2,1
4250,172.23,90.9268,2,1
4251,31.2734,166.528,2,1
4252,588.227,221.064,2,1
4253,124.038,289.69,2,1
4254,5.82165,99.293,2,1
4255,211.494,27.3547,2,1
4256,21.3492,90.9966,2,0
4257,405.543,5.35011,2,0
4258,300.31,204.841,2,1
4259,174.683,22.6659,2,1
4260,3.52622,6.64656,2,0
4261,415.35,102.25,2,1
4262,52.5056,287.075,2,1
4263,279.576,91.078,2,1
4264,286.528,260.514,2,1
4265,341.196,29.013,2,1
4266,251.936,286.214,2,1
4267,75.1132,134.395,2,1
4268,424.368,146.971,2,1
4269,183.927,191.599,2,1
4270,354.036,161.852,2,1
4271,247.175,106.6,2,1
4272,421.708,150.636,2,1
4273,386.012,113.961,2,1
4274,526.252,210.128,2,1
4275,580.931,88.7969,2,1
4276,133.973,140.908,2,1
4277,240.676,35.9778,2,1
4278,313.576,22.7804,2,1
4279,520.297,68.4828,2,1
4280,548.766,210.593,2,1
4281,67.194,282.37,2,1
4282,402.984,271.458,2,1
4283,88.8021,251.879,2,1
4284,458.813,15.5838,2,0
4285,496.529,225.057,2,1
4286,447.925,124.665,2,1
4287,507.731,67.4488,2,1
4288,316.139,285.526,2,1
4289,300.211,224.868,2,1
4290,272.422,177.533,2,1
4291,133.097,223.886,2,1
4292,15.2809,47.1606,2,1
4293,174.096,278.203,2,1
4294,370.381,110.456,2,1
4295,197.996,122.946,2,1
4296,56.9058,5.96002,2,1
4297,536.806,229.188,2,1
4298,81.5212,42.668,2,1
4299,315.711,270.478,2,1
4300,64.5293,104.536,2,1
4301,546.42,165.731,2,1
4302,215.791,106.781,2,1
4303,153.27,144.681,2,1
4304,477.07,50.857,2,1
4305,467.195,18.1239,2,1
4306,439.818,266.788,2,1
4307,217.567,209.871,2,1
4308,272.476,15.9369,2,1
4309,244.022,5.80341,2,0
4310,305.637,245.935,2,1
4311,414.858,106.443,2,1
4312,593.591,247.552,2,1
4313,10.7176,294.215,2,1
4314,356.301,79.2864,2,1
4315,33.9052,21.842,2,1
4316,338.632,215.403,2,1
4317,86.6562,266.092,2,1
4318,391.008,2,2,1
4319,366.632,247.483,2,1
4320,108.74,268.247,2,1
4321,479.403,163.798,2,1
4322,42.6737,263.115,2,1
4323,330.642,267.876,2,1
4324,489.862,97.6996,2,1
4325,405.273,226.451,2,1
4326,243.541,183.443,2,1
4327,274.937,264.574,2,1
4328,506.166,84.4666,2,1
4329,467.749,182.836,2,1
4330,465.878,273.043,2,1
4331,218.072,49.5553,2,1
4332,585.014,67.8563,2,1
4333,540.547,269.947,2,1
4334,512.266,272.762,2,1
4335,595.322,276.262,2,1
4336,502.633,27.7144,2,1
4337,562.321,151.596,2,1
4338,186.677,280.481,2,1
4339,165.085,16.7688,2,1
4340,168.484,3.05937,2,1
4341,281.876,151.198,2,1
4342,148.551,256.565,2,1
4343,558.135,59.5865,2,0
4344,463.43,212.575,2,1
4345,34.4846,227.086,2,1
4346,565.703,221.001,2,1
4347,473,281.078,2,1
4348,420.946,220.744,2,1
4349,376.374,207.386,2,1
4350,34.3315,298,2,1
4351,85.0092,140.387,2,1
4352,265.463,181.068,2,1
4353,449.66,70.6551,2,1
4354,293.684,123.67,2,1
4355,410.759,169.172,2,1
4356,48.8679,86.3215,2,1
4357,70.5969,233.12,2,1
4358,527.043,30.2451,2,1
4359,482.745,229.24,2,1
4360,574.499,40.5055,2,0
4361,386.847,197.406,2,1
4362,401.469,9.74853,2,0
4363,235.934,97.5605,2,1
4364,215.971,198.696,2,1
4365,449.16,265.615,2,1
4366,43.1564,211.248,2,1
4367,473.199,170.301,2,1
4368,144.375,17.8355,2,1
4369,255.922,111.821,2,1
4370,560.158,160.178,2,1
4371,297.984,108.704,2,1
4372,195.415,207.243,2,1
4373,506.767,293.996,2,1
4374,64.3386,244.989,2,1
4375,578.139,238.946,2,1
4376,303.774,10.1611,2,1
4377,404.346,78.952,2,0
4378,162.652,233.766,2,1
4379,390.828,84.6762,2,1
4380,340.227,186.002,2,1
4381,564.764,121.712,2,1
4382,151.262,200.984,2,1
4383,53.0953,90.6811,2,1
4384,66.7887,298,2,1
4385,373.92,70.2613,2,0
4386,41.8197,172.585,2,1
4387,580.634,270.793,2,1
4388,286.928,250.062,2,1
4389,332.342,20.8229,2,1
4390,440.077,65.7331,2,1
4391,172.183,25.7978,2,1
4392,164.288,298,2,1
4393,298.365,43.1255,2,1
4394,452.238,251.683,2,1
4395,361.798,294.398,2,1
4396,376.821,291.361,2,1
4397,278.566,184.71,2,1
4398,86.1273,11.3659,2,1
4399,180.229,205.34,2,1
4400,345.101,77.9395,2,1
4401,77.7957,197.534,2,1
4402,594.35,75.4622,2,1
4403,217.72,266.127,2,1
4404,518.76,235.949,2,1
4405,559.394,223.846,2,1
4406,474.622,291.41,2,1
4407,235.934,241.711,2,1
4408,423.898,276.563,2,1
4409,446.473,28.3128,2,0
4410,301.17,65.5934,2,1
4411,230.998,197.826,2,1
4412,243.723,72.1787,2,1
4413,338.761,151.96,2,1
4414,97.6981,8.86426,2,1
4415,222.15,267.794,2,1
4416,507.23,5.57169,2,1
4417,376.805,93.9491,2,1
4418,339.456,294.512,2,1
4419,221.637,122.159,2,1
4420,114.675,104.946,2,1
4421,250.691,64.3575,2,1
4422,312.73,42.4366,2,1
4423,279.532,210.952,2,1
4424,164.142,251.563,2,1
4425,475.881,35.2664,2,1
4426,138.281,131.884,2,1
4427,355.115,44.9722,2,1
4428,378.398,151.646,2,1
4429,360.373,242.209,2,1
4430,185.823,110.063,2,1
4431,58.2647,249.017,2,1
4432,544.585,269.483,2,1
4433,394.016,254.406,2,1
4434,188.691,21.9402,2,1
4435,83.1672,179.41,2,1
4436,368.814,277.234,2,1
4437,529.973,2.72264,2,1
4438,592.079,251.35,2,1
4439,95.1793,245.529,2,1
4440,136.848,71.0493,2,1
4441,545.065,138.168,2,1
4442,306.072,108.487,2,1
4443,518.302,52.1095,2,1
4444,79.2181,133.54,2,1
4445,599.308,283.217,2,1
4446,110.947,125.25,2,1
4447,436.814,50.4797,2,0
4448,311.101,171.988,2,1
4449,179.042,291.534,2,1
4450,451.812,247.606,2,1
4451,573.239,36.5944,2,0
4452,382.928,105.394,2,1
4453,43.5108,148.585,2,1
4454,110.977,246.412,2,1
4455,486.425,197.04,2,1
4456,367.574,284.862,2,1
4457,583.616,91.8379,2,1
4458,21.6372,95.0415,2,1
4459,340.001,132.493,2,1
4460,469.371,49.9571,2,1
4461,488.17,141.662,2,1
4462,231.139,64.3839,2,0
4463,40.3828,54.1796,2,1
4464,203.814,194.606,2,1
4465,395.104,114.078,2,1
4466,325.325,204.017,2,1
4467,103.254,168.437,2,1
4468,579.115,2,2,1
4469,210.657,269.89,2,1
4470,75.4248,157.739,2,1
4471,487.209,165.057,2,1
4472,67.5576,157.67,2,1
4473,244.116,160.137,2,1
4474,460.993,167.227,2,1
4475,568.358,91.903,2,1
4476,405.988,43.8232,2,1
4477,14.7109,172.865,2,1
4478,202.766,167.433,2,1
4479,144.562,34.4306,2,0
4480,484.774,255.034,2,1
4481,480.831,11.6408,2,0
4482,119.227,132.721,2,1
4483,406.986,163.724,2,1
4484,153.253,25.9566,2,1
4485,312.057,204.152,2,1
4486,583.075,13.1579,2,1
4487,155.78,242.75,2,1
4488,202.091,221.665,2,1
4489,132.677,82.9773,2,1
4490,195.894,21.1801,2,1
4491,162.796,35.7066,2,1
4492,583.007,117.74,2,1
4493,309.171,235.866,2,1
4494,514.229,286.819,2,1
4495,41.5791,160.521,2,1
4496,172.406,2,2,1
4497,429.465,233.26,2,1
4498,416.109,238.147,2,1
4499,144.698,239.501,2,1
4500,572.874,226.778,2,1
4501,573.427,113.321,2,1
4502,113.042,52.9681,2,0
4503,492.783,50.0058,2,0
4504,339.322,203.865,2,1
4505,114.008,18.1859,2,1
4506,333.971,265.583,2,1
4507,571.888,243.055,2,1
4508,319.499,143.007,2,1
4509,515.925,141.195,2,1
4510,139.648,59.906,2,1
4511,220.587,258.964,2,1
4512,302.02,266.942,2,1
4513,361.289,159.758,2,1
4514,590.219,187.817,2,1
4515,97.5296,286.615,2,1
4516,483.466,44.297,2,1
4517,48.4178,287.178,2,1
4518,510.023,40.2217,2,1
4519,460.613,47.6943,2,0
4520,43.1423,232.837,2,1
4521,45.4534,275.319,2,1
4522,390.87,144.829,2,1
4523,241.656,123.611,2,1
4524,62.0993,53.1826,2,0
4525,559.74,256.747,2,1
4526,201.815,159.697,2,1
4527,19.548,39.4517,2,1
4528,378.829,257.847,2,1
4529,245.479,35.4913,2,1
4530,100.699,196.764,2,1
4531,521.443,22.0006,2,1
4532,16.3391,169.101,2,1
4533,68.0481,146.395,2,1
4534,506.264,228.236,2,1
4535,37.6917,238.859,2,1
4536,450.618,23.6472,2,1
4537,566.078,109.988,2,1
4538,66.9812,153.686,2,1
4539,13.6127,69.4045,2,1
4540,112.154,210.965,2,1
4541,265.328,19.7503,2,1
4542,275.51,247.3,2,1
4543,348.74,31.5409,2,1
4544,54.9852,53.1972,2,0
4545,563.864,113.368,2,1
4546,97.5385,279.108,2,1
4547,217.131,178.949,2,1
4548,239.032,46.5898,2,1
4549,209.352,148.098,2,1
4550,253.74,298,2,1
4551,147.704,31.8381,2,1
4552,597.543,99.7428,2,1
4553,513.188,144.239,2,1
4554,298.174,298,2,1
4555,303.822,255.971,2,1
4556,380.802,5.53704,2,0
4557,299.445,76.2466,2,1
4558,293.812,5.89989,2,1
4559,470.247,60.5559,2,1
4560,559.53,148.534,2,1
4561,213.801,153.391,2,1
4562,253.721,247.415,2,1
4563,94.4935,204.721,2,1
4564,54.2728,69.4581,2,1
4565,250.074,146.24,2,1
4566,559.128,198.238,2,1
4567,224.688,181.657,2,1
4568,216.85,117.898,2,1
4569,317.411,87.8128,2,1
4570,153.617,87.5,2,0
4571,176.999,252.523,2,1
4572,544.545,126.549,2,1
4573,478.018,239.334,2,1
4574,211.193,132.714,2,1
4575,52.5455,294.441,2,1
4576,25.484,267.932,2,1
4577,104.854,88.5999,2,1
4578,363.567,222.051,2,1
4579,415.895,214.289,2,1
4580,18.4538,286.9,2,1
4581,254.692,129.763,2,1
4582,441.748,69.7334,2,1
4583,384.334,125.856,2,1
4584,599.745,109.69,2,1
4585,292.466,153.77,2,1
4586,203.88,112.591,2,1
4587,358.772,143.721,2,1
4588,186.39,38.968,2,1
4589,415.853,160.538,2,1
4590,20.2576,193.582,2,1
4591,548.754,266.966,2,1
4592,352.186,260.151,2,1
4593,131.471,232.035,2,1
4594,590.588,120.539,2,1
4595,471.934,294.473,2,1
4596,280.117,294.459,2,1
4597,230.534,266.909,2,1
4598,262.381,164.622,2,1
4599,320.793,234.842,2,1
4600,79.2722,89.7807,2,1
4601,379.111,89.8882,2,1
4602,593.297,30.1412,2,1
4603,340.265,65.1548,2,1
4604,100.314,71.1013,2,1
4605,45.7864,75.588,2,1
4606,508.527,217.35,2,1
4607,87.7068,273.344,2,1
4608,470.592,255.895,2,1
4609,365.943,294.517,2,1
4610,14.4355,89.8549,2,1
4611,44.7839,87.225,2,1
4612,320.66,165.323,2,1
4613,394.373,38.3145,2,1
4614,578.421,96.6125,2,1
4615,274.74,194.232,2,1
4616,144.166,53.2064,2,1
4617,179.955,58.6976,2,0
4618,259.978,78.2588,2,1
4619,346.374,286.717,2,1
4620,146.851,269.983,2,1
4621,248.279,94.5607,2,1
4622,0.469478,50.7516,2,1
4623,205.054,261.457,2,1
4624,430.163,240.775,2,1
4625,585.931,78.7657,2,1
4626,251.565,269.054,2,1
4627,217.005,280.77,2,1
4628,581.834,27.7581,2,1
4629,548.295,270.995,2,1
4630,520.361,11.4804,2,0
4631,182.263,173.863,2,1
4632,104.703,268.677,2,1
4633,390.435,9.72466,2,0
4634,438.421,98.1987,2,1
4635,493.067,271.507,2,1
4636,238.892,177.188,2,1
4637,52.7663,10.7914,2,0
4638,352.488,12.6268,2,1
4639,65.1956,278.603,2,1
4640,464.726,229.357,2,1
4641,593.244,50.0711,2,1
4642,428.006,38.8671,2,1
4643,222.053,67.5697,2,1
4644,7.17615,132.572,2,1
4645,225.745,169.38,2,1
4646,461.344,72.6824,2,1
4647,356.087,223.271,2,1
4648,341.744,248.64,2,1
4649,279.098,102.888,2,1
4650,546.246,2,2,1
4651,192.875,101.677,2,1
4652,3.57869,130.592,2,1
4653,549.628,88.728,2,0
4654,517.385,223.426,2,1
4655,421.221,47.7873,2,1
4656,95.5626,298,2,1
4657,309.712,216.312,2,1
4658,48.7275,120.864,2,1
4659,133.994,193.25,2,1
4660,441.435,52.6996,2,1
4661,329.388,220.92,2,1
4662,542.986,225.201,2,1
4663,231.96,185.261,2,1
4664,334.979,271.251,2,1
4665,59.8592,200.401,2,1
4666,16.3424,264.701,2,1
4667,422.796,217.105,2,1
4668,551.417,77.6723,2,1
4669,296.787,22.9059,2,1
4670,57.1167,190.867,2,1
4671,436.352,274.089,2,1
4672,4.04048,173.744,2,1
4673,1.4682,98.5083,2,1
4674,282.363,199.174,2,1
4675,166.539,87.5874,2,1
4676,481.716,241.155,2,1
4677,263.392,154.731,2,1
4678,377.777,47.9048,2,1
4679,47.8514,197.212,2,1
4680,283.595,110.741,2,1
4681,571.272,116.835,2,1
4682,269.889,290.722,2,1
4683,14.9401,256.291,2,1
4684,577.856,179.597,2,1
4685,215.871,62.3279,2,1
4686,475.127,284.569,2,1
4687,501.105,2,2,1
4688,74.8241,48.2338,2,0
4689,331.965,290.417,2,1
4690,410.54,220.081,2,1
4691,116.996,8.12439,2,1
4692,426.243,241.788,2,1
4693,304.823,185.008,2,1
4694,569.953,25.8747,2,0
4695,358.508,16.3169,2,1
4696,388.954,57.6266,2,1
4697,488.986,271.883,2,1
4698,272.709,169.349,2,1
4699,162.77,143.578,2,1
4700,342.239,9.12159,2,0
4701,342.735,252.677,2,1
4702,391.597,243.46,2,1
4703,598.798,196.573,2,1
4704,310.359,298,2,1
4705,99.0681,54.6555,2,1
4706,364.194,130.099,2,1
4707,347.91,159.293,2,1
4708,366.069,38.8584,2,1
4709,162.518,19.8976,2,1
4710,170.562,61.1917,2,0
4711,372.604,178.97,2,1
4712,104.529,229.938,2,1
4713,234.298,136.326,2,1
4714,533.25,129.09,2,1
4715,255.252,54.8521,2,0
4716,2.22039,61.5913,2,0
4717,22.9869,212.818,2,1
4718,143.704,26.2893,2,0
4719,517.419,186.145,2,1
4720,4.02495,65.2332,2,1
4721,284.679,97.1782,2,1
4722,206.641,54.4166,2,1
4723,533.875,259.353,2,1
4724,326.851,266.263,2,1
4725,449.112,167.1,2,1
4726,240.505,232.203,2,1
4727,290.689,278.89,2,1
4728,111.568,143.539,2,1
4729,425.096,201.344,2,1
4730,316.371,60.2189,2,0
4731,213.642,149.326,2,1
4732,94.5784,241.484,2,1
4733,286.085,200.905,2,1
4734,548.033,65.611,2,1
4735,114.694,171.33,2,1
4736,424.723,49.7977,2,1
4737,318.157,237.916,2,1
4738,496.198,232.541,2,1
4739,327.563,148.46,2,1
4740,330.186,286.803,2,1
4741,358.87,25.3675,2,1
4742,514.047,276.449,2,1
4743,123.781,126.063,2,1
4744,168.256,109.339,2,1
4745,111.284,214.975,2,1
4746,405.04,253.24,2,1
4747,583.436,288.564,2,1
4748,50.7865,29.5557,2,1
4749,261.656,25.991,2,1
4750,183.251,163.996,2,1
4751,411.423,160.854,2,1
4752,252.905,255.445,2,1
4753,290.553,38.229,2,1
4754,497.843,40.2848,2,1
4755,41.6643,17.4384,2,1
4756,101.948,287.061,2,1
4757,571.098,131.126,2,1
4758,449.248,105.081,2,1
4759,3.76282,224.947,2,1
4760,464.626,208.754,2,1
4761,169.127,12.8593,2,1
4762,18.8862,24.6111,2,0
4763,36.2936,294.474,2,1
4764,410.561,197.737,2,1
4765,310.61,163.91,2,1
4766,121.566,38.6398,2,1
4767,69.2479,32.0273,2,1
4768,225.283,275.399,2,1
4769,193.744,218.74,2,1
4770,543.439,107.637,2,1
4771,17.399,190.402,2,1
4772,566.851,2,2,1
4773,173.714,183.905,2,1
4774,396.712,31.5433,2,1
4775,461.765,283.749,2,1
4776,85.7222,53.3813,2,1
4777,245.878,163.739,2,1
4778,166.617,68.3559,2,0
4779,315.039,70.1606,2,1
4780,136.065,23.6529,2,1
4781,391.924,257.836,2,1
4782,267.144,193.003,2,1
4783,353.719,177.162,2,1
4784,220.299,40.073,2,1
4785,498.953,156.552,2,1
4786,67.6558,240.533,2,1
4787,199.908,90.6533,2,1
4788,517.917,100.664,2,1
4789,491.691,250.702,2,1
4790,393.598,238.297,2,1
4791,30.0593,298,2,1
4792,131.714,40.7258,2,1
4793,131.958,258.655,2,1
4794,104.294,27.854,2,1
4795,145.262,206.95,2,1
4796,185.303,199.182,2,1
4797,486.334,88.6314,2,1
4798,408.809,247.146,2,1
4799,239.233,274.622,2,1
4800,255.47,155.109,2,1
4801,189.088,112.428,2,1
4802,344.389,5.64297,2,0
4803,499.194,277.01,2,1
4804,106.56,125.418,2,1
4805,503.658,31.6662,2,1
4806,514.504,193.783,2,1
4807,309.788,275.963,2,1
4808,164.566,31.3157,2,1
4809,250.174,114.109,2,1
4810,174.932,108.252,2,1
4811,129.179,71.9491,2,1
4812,346.658,210.692,2,1
4813,173.28,149.769,2,1
4814,242.594,179.377,2,1
4815,512.766,262.21,2,1
4816,259.036,152.714,2,1
4817,592.952,258.127,2,1
4818,346.339,9.14832,2,0
4819,573.803,294.495,2,1
4820,459.385,60.2494,2,0
4821,493.311,131.753,2,1
4822,315.424,12.1044,2,1
4823,298.878,212.776,2,1
4824,239.717,239.934,2,1
4825,461.286,93.4763,2,0
4826,396.061,281.241,2,1
4827,490.795,163.134,2,1
4828,481.688,294.72,2,1
4829,150.555,60.5757,2,1
4830,399.944,28.941,2,1
4831,45.9091,136.715,2,1
4832,281.343,273.595,2,1
4833,193.654,238.754,2,1
4834,211.15,126.543,2,1
4835,184.524,273.741,2,1
4836,31.4393,186.951,2,1
4837,324.089,12.656,2,1
4838,50.8318,22.0684,2,0
4839,399.047,153.323,2,1
4840,136.907,222.582,2,1
4841,95.5675,102.879,2,1
4842,492.324,187.023,2,1
4843,412.005,239.659,2,1
4844,571.758,121.45,2,1
4845,248.14,38.6868,2,1
4846,392.468,189.496,2,1
4847,584.765,259.69,2,1
4848,146.19,146.827,2,1
4849,49.0281,238.68,2,1
4850,227.047,64.6276,2,0
4851,472.809,57.2372,2,1
4852,340.473,21.1549,2,1
4853,465.854,283.907,2,1
4854,405.092,20.1626,2,1
4855,54.8866,29.0013,2,1
4856,578.07,128.069,2,1
4857,101.327,192.76,2,1
4858,543.335,40.7343,2,1
4859,259.586,120.042,2,1
4860,56.0376,260.868,2,1
4861,28.799,34.69,2,1
4862,174.018,155.309,2,1
4863,225.711,157.697,2,1
4864,161.501,264.718,2,1
4865,299.473,230.365,2,1
4866,134.216,12.0774,2,1
4867,498.487,266.184,2,1
4868,397.765,170.908,2,1
4869,159.399,211.273,2,1
4870,186.206,298,2,1
4871,478.088,116.565,2,1
4872,469.202,178.026,2,1
4873,151.996,133.668,2,1
4874,156.084,219.175,2,1
4875,205.76,269.35,2,1
4876,518.664,193.606,2,1
4877,45.0658,144.858,2,1
4878,370.382,175.634,2,1
4879,384.027,269.339,2,1
4880,81.9193,143.016,2,1
4881,483.814,167.214,2,1
4882,308.911,41.2352,2,1
4883,317.386,15.6573,2,0
4884,307.317,253.836,2,1
4885,137.331,206.904,2,1
4886,517.324,15.2763,2,0
4887,332.378,196.19,2,1
4888,28.0636,169.064,2,1
4889,338.692,59.5679,2,1
4890,255.905,70.6653,2,1
4891,516.256,96.9941,2,1
4892,542.677,115.432,2,1
4893,43.3721,51.3098,2,1
4894,240.259,203.725,2,1
4895,199.031,250.872,2,1
4896,597.156,138.996,2,1
4897,514.003,204.785,2,1
4898,75.0244,284.006,2,1
4899,442.044,218.59,2,1
4900,228.233,79.5867,2,1
4901,130.368,220.814,2,1
4902,333.654,279.554,2,1
4903,229.517,150.396,2,1
4904,319.211,268.473,2,1
4905,491.544,2,2,1
4906,389.419,70.0777,2,1
4907,378.159,51.9655,2,1
4908,110.997,132.884,2,1
4909,33.1866,60.196,2,1
4910,456.745,66.6604,2,1
4911,16.2414,248.197,2,1
4912,493.793,65.9948,2,1
4913,568.668,5.58374,2,0
4914,370.093,64.2649,2,0
4915,594.959,203.481,2,1
4916,529.71,151.773,2,1
4917,456.187,88.866,2,1
4918,306.264,298,2,1
4919,90.9782,160.967,2,1
4920,508.73,282.759,2,1
4921,186.855,185.613,2,1
4922,168.257,113.415,2,1
4923,186.647,211.059,2,1
4924,412.392,182.685,2,1
4925,468.473,93.4563,2,0
4926,460.668,209.441,2,1
4927,306.124,166.788,2,1
4928,467.076,146.428,2,1
4929,574.026,50.3709,2,1
4930,444.625,49.0865,2,1
4931,338.323,140.558,2,1
4932,389.483,119.981,2,1
4933,223.098,278.8,2,1
4934,248.764,283.625,2,1
4935,480.981,71.4708,2,1
4936,411.972,33.3751,2,1
4937,31.6446,278.188,2,1
4938,534.211,277.214,2,1
4939,311.58,113.825,2,1
4940,326.256,16.1237,2,0
4941,250.811,182.112,2,1
4942,174.491,214.102,2,1
4943,261.665,133.408,2,1
4944,499.166,82.1593,2,1
4945,136.922,160.129,2,1
4946,462.285,182.116,2,1
4947,435.447,57.967,2,1
4948,467.184,63.266,2,1
4949,468.516,207.753,2,1
4950,421.97,25.7929,2,0
4951,502.334,154.079,2,1
4952,360.491,207.895,2,1
4953,513.404,29.161,2,1
4954,252.553,138.693,2,1
4955,487.074,84.6535,2,1
4956,201.995,134.599,2,1
4957,31.0553,259.329,2,1
4958,518.606,7.82767,2,1
4959,151.585,64.5632,2,1
4960,50.2568,290.733,2,1
4961,249.036,216.31,2,1
4962,54.7795,222.746,2,1
4963,316.304,145.534,2,1
4964,283.701,247.125,2,1
4965,81.4339,82.9198,2,1
4966,176.727,135.406,2,1
4967,385.173,262.22,2,1
4968,577.51,212.666,2,1
4969,594.896,102.766,2,1
4970,163.171,180.734,2,1
4971,185.285,114.137,2,1
4972,502.136,122.389,2,1
4973,23.2201,78.8456,2,0
4974,22.9829,25.7774,2,0
4975,424.511,172.376,2,1
4976,319.209,192.615,2,1
4977,154.632,246.734,2,1
4978,399.329,39.1368,2,1
4979,148.728,143.509,2,1
4980,123.768,72.0729,2,1
4981,56.5042,226.936,2,1
4982,544.145,245.606,2,1
4983,203.119,230.748,2,1
4984,286.801,192.864,2,1
4985,154.26,215.521,2,1
4986,538.997,129.114,2,1
4987,361.835,254.91,2,1
4988,205.141,202.57,2,1
4989,311.869,9.94209,2,1
4990,420.398,192.231,2,1
4991,397.919,249.438,2,1
4992,265.802,297.783,2,1
4993,221.05,179.753,2,1
4994,530.593,110.845,2,1
4995,237.329,229.721,2,1
4996,172.757,29.8452,2,0
4997,272.9,117.944,2,1
4998,244.009,56.8323,2,1
4999,506.869,207.743,2,1
5000,305.028,66.9686,2,1
5001,38.8139,184.937,2,1
5002,8.32651,117.057,2,1
5003,233.318,24.5344,2,1
5004,532.715,66.1696,2,1
5005,358.335,125.206,2,1
5006,334.123,2,2,1
5007,523.115,171.706,2,1
5008,225.687,284.524,2,1
5009,320.683,272.234,2,1
5010,540.054,155.119,2,1
5011,502.14,285.379,2,1
5012,542.986,20.703,2,1
5013,594.066,195.593,2,1
5014,25.8419,21.2932,2,1
5015,372.053,134.362,2,1
5016,132.959,174.505,2,1
5017,497.51,207.014,2,1
5018,35.6104,92.4925,2,1
5019,425.657,132.597,2,1
5020,247.901,58.1027,2,1
5021,508.773,250.055,2,1
5022,575.074,2,2,1
5023,489.187,280.901,2,1
5024,355.561,270.551,2,1
5025,494.354,120.202,2,1
5026,592.854,191.599,2,1
5027,41.4176,224.674,2,1
5028,376.483,226.95,2,1
5029,490.339,87.1965,2,1
5030,121.94,209.145,2,1
5031,152.862,290.642,2,1
5032,38.2819,158.101,2,1
5033,123.148,213.174,2,1
5034,212.896,224.745,2,1
5035,81.3834,53.3952,2,1
5036,286.002,273.237,2,1
5037,392.382,125.194,2,1
5038,493.986,39.0249,2,1
5039,27.4018,247.616,2,1
5040,562.937,199.696,2,1
5041,348.778,257.994,2,1
5042,557.254,253.537,2,1
5043,559.201,76.0386,2,1
5044,313.285,87.3837,2,0
5045,377.364,55.9615,2,1
5046,419.202,253.774,2,1
5047,404.966,213.288,2,1
5048,124.015,97.7774,2,1
5049,172.292,75.7173,2,1
5050,241.615,79.7952,2,1
5051,336.506,231.334,2,1
5052,581.437,213.584,2,1
5053,558.927,102.034,2,1
5054,75.3049,232.876,2,1
5055,265.309,45.2582,2,1
5056,159.684,100.368,2,1
5057,340.084,116.918,2,1
5058,357.998,147.732,2,1
5059,216.202,53.8681,2,1
5060,370.344,56.1956,2,1
5061,189.108,9.7447,2,0
5062,177.024,66.0787,2,0
5063,70.8562,298,2,1
5064,526.49,256.783,2,1
5065,320.085,78.0835,2,1
5066,446.405,97.8382,2,1
5067,496.872,24.5174,2,1
5068,68.5983,102.32,2,1
5069,565.766,53.9265,2,1
5070,489.736,20.2568,2,1
5071,590.718,244.53,2,1
5072,586.133,237.843,2,1
5073,473.693,222.092,2,1
5074,209.552,57.1805,2,1
5075,200.427,233.747,2,1
5076,502.17,85.2395,2,1
5077,119.148,212.215,2,1
5078,19.4895,47.0615,2,1
5079,231.925,128.521,2,1
5080,417.196,266.535,2,1
5081,54.0273,188.028,2,1
5082,316.286,180.77,2,1
5083,320.5,30.5849,2,0
5084,263.172,192.488,2,1
5085,346.7,237.937,2,1
5086,156.953,92.586,2,1
5087,33.005,195.019,2,1
5088,512.271,139.469,2,1
5089,380.971,84.7808,2,1
5090,123.459,275.216,2,1
5091,301.064,262.869,2,1
5092,153.122,115.178,2,1
5093,188.682,94.6461,2,1
5094,76.4477,276.518,2,1
5095,185.648,97.4402,2,1
5096,229.238,214.808,2,1
5097,448.784,179.816,2,1
5098,394.889,97.3656,2,1
5099,299.482,194.544,2,1
5100,435.513,22.7515,2,1
5101,66.3884,248.509,2,1
5102,14.8977,252.288,2,1
5103,118.367,257.303,2,1
5104,549.812,110.567,2,1
5105,421.483,111.883,2,1
5106,74.9654,208.454,2,1
5107,101.673,156.442,2,1
5108,477.91,74.3093,2,0
5109,508.035,187.383,2,1
5110,464.175,233.402,2,1
5111,330.771,238.841,2,1
5112,165.022,12.6167,2,1
5113,585.219,284.97,2,1
5114,25.2955,271.972,2,1
5115,89.4394,73.7643,2,1
5116,117.602,147.72,2,1
5117,139.862,93.3985,2,1
5118,401.305,66.0965,2,1
5119,566.587,197.649,2,1
5120,467.601,211.864,2,1
5121,553.943,142.764,2,1
5122,483.533,14.6261,2,1
5123,108.661,219.452,2,1
5124,87.8784,23.7715,2,1
5125,9.39674,195.488,2,1
5126,313.542,26.9948,2,1
5127,378.417,216.728,2,1
5128,260.915,34.0942,2,1
5129,30.1774,111.852,2,1
5130,1.02441,216.716,2,1
5131,50.819,17.9765,2,1
5132,254.231,24.2134,2,1
5133,516.84,175.538,2,1
5134,276.444,26.0452,2,1
5135,182.64,289.494,2,1
5136,2.79769,117.21,2,1
5137,347.56,227.824,2,1
5138,86.8382,191.617,2,1
5139,267.415,71.7711,2,1
5140,560.767,171.834,2,1
5141,180.327,150.023,2,1
5142,504.282,217.565,2,1
5143,268.626,212.763,2,1
5144,8.20831,94.9063,2,1
5145,28.317,53.0988,2,1
5146,558.99,175.493,2,1
5147,326.78,252.333,2,1
5148,586.972,298,2,1
5149,211.221,6.29165,2,0
5150,24.2727,193.771,2,1
5151,290.393,70.7249,2,1
5152,544.526,83.9758,2,1
5153,208.228,111.518,2,1
5154,533.618,113.698,2,1
5155,469.247,190.935,2,1
5156,203.678,13.2424,2,1
5157,42.7789,248.043,2,1
5158,277.757,267.5,2,1
5159,133.316,90.7954,2,1
5160,423.168,253.204,2,1
5161,556.281,236.935,2,1
5162,265.602,91.9497,2,0
5163,212.452,145.482,2,1
5164,495.578,253.065,2,1
5165,406.792,36.4226,2,1
5166,471.411,109.532,2,1
5167,405.174,64.56,2,1
5168,157.76,69.7234,2,1
5169,475.904,190.606,2,1
5170,293.574,68.2259,2,1
5171,459.658,259.239,2,1
5172,51.9115,235.644,2,1
5173,267.095,205.287,2,1
5174,165.976,161.452,2,1
5175,238.916,89.4564,2,1
5176,368.891,25.8093,2,0
5177,517.222,239.709,2,1
5178,494.757,97.534,2,1
5179,341.52,258.524,2,1
5180,588.487,132.568,2,1
5181,356.773,75.2195,2,1
5182,236.696,248.669,2,1
5183,388.479,76.2001,2,1
5184,319.425,12.1389,2,0
5185,98.3375,206.189,2,1
5186,468.355,186.895,2,1
5187,493.377,283.094,2,1
5188,597.014,192.817,2,1
5189,512.885,99.5718,2,1
5190,109.526,55.0732,2,1
5191,228.39,117.105,2,1
5192,44.4177,286.344,2,1
5193,93.7136,99.3041,2,1
5194,529.946,147.748,2,1
5195,148.496,290.613,2,1
5196,582.1,143.245,2,1
5197,386.505,251.537,2,1
5198,435.209,251.881,2,1
5199,262.777,262.797,2,1
5200,322.611,135.082,2,1
5201,345.296,218.66,2,1
5202,242.174,298,2,1
5203,10.6346,113.583,2,1
5204,192.486,190.68,2,1
5205,428.973,140.595,2,1
5206,295.011,19.2409,2,1
5207,372.75,94.0806,2,0
5208,256.194,257.877,2,1
5209,80.602,231.291,2,1
5210,240.728,292.373,2,1
5211,4.93052,210.491,2,1
5212,428.254,107.342,2,1
5213,146.12,5.6794,2,0
5214,519.158,135.668,2,1
5215,186.618,270.242,2,1
5216,479.076,291.68,2,1
5217,436.816,243.006,2,1
5218,59.2484,283.622,2,1
5219,250.616,224.795,2,1
5220,592.502,287.071,2,1
5221,247.482,184.46,2,1
5222,427.418,117.27,2,1
5223,181.777,26.2378,2,1
5224,462.998,146.849,2,1
5225,348.183,290.577,2,1
5226,89.8893,123.635,2,1
5227,320.358,117.716,2,1
5228,318.233,188.718,2,1
5229,53.1655,156.172,2,1
5230,575.276,125.169,2,1
5231,12.0721,211.062,2,1
5232,281.761,203.155,2,1
5233,146.154,234.184,2,1
5234,308.918,126.784,2,1
5235,319.981,121.791,2,1
5236,43.6493,68.5028,2,0
5237,274.722,2,2,1
5238,369.735,183.171,2,1
5239,282.479,261.512,2,1
5240,5.80576,180.699,2,1
5241,61.3725,280.059,2,1
5242,66.8955,178.77,2,1
5243,258.435,57.4005,2,0
5244,460.702,188.501,2,1
5245,554.845,88.9221,2,0
5246,300.795,123.605,2,1
5247,18.8215,84.4127,2,1
5248,337.891,50.4104,2,0
5249,245.248,225.048,2,1
5250,449.663,197.204,2,1
5251,592.433,173.536,2,1
5252,178.595,192.396,2,1
5253,369.697,124.337,2,1
5254,323.19,81.9111,2,1
5255,198.667,116.832,2,1
5256,190.223,37.6645,2,1
5257,156.784,48.4514,2,1
5258,358.905,167.034,2,1
5259,379.202,162.312,2,1
5260,508.95,97.7528,2,1
5261,375.982,261.122,2,1
5262,301.286,274.721,2,1
5263,356.809,282.679,2,1
5264,108.636,51.1558,2,0
5265,301.769,57.7504,2,0
5266,77.3801,149.669,2,1
5267,348.802,71.4181,2,1
5268,46.1615,155.163,2,1
5269,205.353,276.901,2,1
5270,38.0562,124.451,2,1
5271,278.178,68.6059,2,1
5272,253.208,251.45,2,1
5273,303.622,230.22,2,1
5274,554.459,165.722,2,1
5275,263.962,110.128,2,1
5276,425.05,41.7459,2,1
5277,270.635,186.323,2,1
5278,463.069,176.149,2,1
5279,19.7283,122.938,2,1
5280,436.136,34.6944,2,1
5281,419.047,77.5603,2,1
5282,353.579,279.992,2,1
5283,498.843,255.438,2,1
5284,51.0819,212.848,2,1
5285,97.6706,190.171,2,1
5286,190.147,50.8247,2,1
5287,373.468,281.041,2,1
5288,238.138,146.82,2,1
5289,497.753,20.436,2,1
5290,586.338,233.84,2,1
5291,307.8,21.5814,2,1
5292,176.993,181.499,2,1
5293,572.895,5.46339,2,0
5294,400.508,177.731,2,1
5295,485.279,6.64041,2,1
5296,481.983,222.307,2,1
5297,89.3889,210.865,2,1
5298,596.371,3.1143,2,0
5299,465.011,48.9804,2,0
5300,379.109,103.964,2,1
5301,500.837,262.88,2,1
5302,116.126,298,2,1
5303,233.362,155.063,2,1
5304,377.634,43.4736,2,1
5305,164.752,115.739,2,1
5306,226.488,229.791,2,1
5307,324.29,183.321,2,1
5308,223.188,216.986,2,1
5309,152.798,279.968,2,1
5310,99.0033,78.7298,2,1
5311,166.253,200.782,2,1
5312,344.828,256.136,2,1
5313,477.394,281.186,2,1
5314,175.12,231.428,2,1
5315,409.148,276.86,2,1
5316,428.232,79.5278,2,1
5317,162.51,188.815,2,1
5318,580.084,73.8813,2,1
5319,327.314,63.0687,2,1
5320,493.345,199.943,2,1
5321,288.98,41.9173,2,1
5322,147.717,15.3883,2,1
5323,225.529,193.525,2,1
5324,486.416,230.939,2,1
5325,380.868,246.472,2,1
5326,86.4462,164.192,2,1
5327,146.309,21.3498,2,1
5328,261.186,83.3569,2,1
5329,521.847,163.052,2,1
5330,551.226,192.2,2,1
5331,493.735,20.57,2,1
5332,29.3112,270.232,2,1
5333,132.915,189.357,2,1
5334,544.828,292.137,2,1
5335,199.693,80.2004,2,1
5336,250.964,90.7389,2,1
5337,4.15086,95.5112,2,1
5338,593.099,37.5013,2,1
5339,86.4999,168.284,2,1
5340,126.079,221.88,2,1
5341,480.587,245.01,2,1
5342,289.175,203.577,2,1
5343,467.984,216.056,2,1
5344,503.676,49.62,2,1
5345,146.091,103.998,2,1
5346,10.4886,72.1075,2,0
5347,533.993,52.7574,2,0
5348,257.74,39.3437,2,1
5349,589.162,283.932,2,1
5350,276.928,85.1881,2,1
5351,390.626,247.477,2,1
5352,412.35,89.6613,2,1
5353,48.6719,66.8252,2,1
5354,434.517,150.963,2,1
5355,324.276,121.011,2,1
5356,160.723,127.286,2,1
5357,105.185,186.987,2,1
5358,137.464,38.3402,2,1
5359,243.384,167.028,2,1
5360,520.322,271.388,2,1
5361,207.471,86.2966,2,1
5362,378.835,2,2,1
5363,146.058,159.203,2,1
5364,318.621,135.966,2,1
5365,37.5626,162.069,2,1
5366,45.1552,180.351,2,1
5367,475.38,42.9473,2,1
5368,298.825,17.9971,2,1
5369,277.593,144.965,2,1
5370,390.558,53.9479,2,1
5371,134.807,278.724,2,1
5372,315.859,214.643,2,1
5373,535.579,27.1994,2,1
5374,544.715,46.2179,2,1
5375,434.932,42.803,2,1
5376,350.401,287.107,2,1
5377,147.249,245.654,2,1
5378,249.492,34.2526,2,1
5379,100.45,224.177,2,1
5380,461.111,120.603,2,1
5381,246.664,221.265,2,1
5382,589.891,47.8731,2,0
5383,241.449,277.998,2,1
5384,163.956,2,2,1
5385,533.956,122.636,2,1
5386,417.858,187.38,2,1
5387,491.092,117.742,2,1
5388,375.634,219.762,2,1
5389,490.201,46.7355,2,1
5390,168.303,47.9358,2,1
5391,170.34,176.884,2,1
5392,11.1757,54.4238,2,0
5393,240.695,108.893,2,1
5394,459.025,247.136,2,1
5395,574.714,281.531,2,1
5396,526.064,233.697,2,1
5397,406.666,196.475,2,1
5398,355.99,48.8774,2,1
5399,360.326,179.868,2,1
5400,436.207,16.4505,2,1
5401,417.16,298,2,1
5402,126.354,252.716,2,1
5403,242.82,236.866,2,1
5404,438.78,249.916,2,1
5405,30.7315,38.2099,2,1
5406,260.265,5.4942,2,1
5407,251.106,118.121,2,1
5408,558.367,152.628,2,1
5409,157.172,145.789,2,1
5410,138.238,168.261,2,1
5411,29.6074,83.9905,2,0
5412,242.308,174.969,2,1
5413,588.041,107.645,2,1
5414,216.364,235.118,2,1
5415,398.576,147.168,2,1
5416,470.648,105.585,2,1
5417,593.631,158.452,2,1
5418,159.196,82.121,2,1
5419,193.612,276.452,2,1
5420,227.781,36.6088,2,1
5421,586.442,205.654,2,1
5422,376.532,23.1403,2,1
5423,215.534,252.547,2,1
5424,384.776,133.896,2,1
5425,334.36,78.7204,2,0
5426,517.89,275.238,2,1
5427,557.57,34.1019,2,0
5428,534.374,298,2,1
5429,512.459,60.6818,2,1
5430,404.512,69.0128,2,1
5431,33.9092,78.0613,2,1
5432,511.767,115.823,2,1
5433,167.939,239.847,2,1
5434,340.452,44.1385,2,1
5435,365.46,171.156,2,1
5436,206.764,206.417,2,1
5437,450.494,40.4222,2,1
5438,439.107,110.508,2,1
5439,29.8651,22.1731,2,1
5440,114.773,71.7756,2,1
5441,131.14,170.849,2,1
5442,550.692,104.692,2,1
5443,334.305,17.022,2,1
5444,31.6374,49.1652,2,0
5445,500.375,138.192,2,1
5446,26.3891,150.006,2,1
5447,64.1202,171.185,2,1
5448,388.886,129.612,2,1
5449,350.637,183.854,2,1
5450,579.701,209.217,2,1
5451,73.9511,120.634,2,1
5452,15.4566,40.2309,2,1
5453,431.742,65.2575,2,0
5454,245.819,270.169,2,1
5455,271.38,72.5269,2,1
5456,516.021,161.81,2,1
5457,388.689,148.2,2,1
5458,272.474,255.678,2,1
5459,571.705,127.15,2,1
5460,146.75,110.972,2,1
5461,300.448,53.9153,2,1
5462,519.557,27.5515,2,1
5463,36.6133,88.5119,2,1
5464,220.798,282.105,2,1
5465,324.486,247.26,2,1
5466,48.2813,165.711,2,1
5467,180.319,237.793,2,1
5468,26.7993,64.9606,2,0
5469,141.95,110.9,2,1
5470,321.822,265.413,2,1
5471,237.71,206.847,2,1
5472,78.1271,257.219,2,1
5473,597.792,235.178,2,1
5474,158.793,294.219,2,1
5475,65.2648,92.582,2,0
5476,274.426,202.278,2,1
5477,478.796,230.315,2,1
5478,328.052,260.296,2,1
5479,54.9004,256.88,2,1
5480,483.197,275.948,2,1
5481,309.908,142.314,2,1
5482,88.7308,37.9616,2,1
5483,348.97,262.637,2,1
5484,456.537,280,2,1
5485,508.612,224.898,2,1
5486,230.255,15.6055,2,1
5487,422.385,106.91,2,1
5488,407.191,153.597,2,1
5489,348.419,80.4789,2,1
5490,47.132,201.254,2,1
5491,68.8155,138.287,2,1
5492,227.042,255.742,2,1
5493,224.571,200.597,2,1
5494,548.418,135.873,2,1
5495,87.3137,149.198,2,1
5496,46.5286,184.267,2,1
5497,521.443,179.195,2,1
5498,325.248,49.7983,2,1
5499,202.305,60.9075,2,0
5500,365.486,266.46,2,1
5501,480.892,79.4017,2,1
5502,420.577,171.419,2,1
5503,76.9649,280.491,2,1
5504,536.541,248.511,2,1
5505,301.027,183.609,2,1
5506,254.124,93.2926,2,1
5507,43.5112,80.0521,2,1
5508,197.417,94.3737,2,0
5509,186.855,2,2,1
5510,6.97797,128.414,2,1
5511,275.48,110.176,2,1
5512,19.2139,154.568,2,1
5513,283.295,30.4905,2,1
5514,182.198,90.0262,2,1
5515,237.769,101.129,2,1
5516,127.965,125.872,2,1
5517,334.263,9.16727,2,1
5518,40.496,196.967,2,1
5519,228.384,183.308,2,1
5520,302.799,131.17,2,1
5521,384.277,202.433,2,1
5522,7.8826,8.85329,2,1
5523,107.611,260.846,2,1
5524,59.6949,132.742,2,1
5525,176.563,221.429,2,1
5526,290.029,231.332,2,1
5527,93.646,228.636,2,1
5528,77.2456,118.328,2,1
5529,556.306,98.967,2,1
5530,255.112,271.006,2,1
5531,129.326,275.882,2,1
5532,254.26,16.0231,2,0
5533,390.78,232.033,2,1
5534,444.206,239.807,2,1
5535,388.397,25.7907,2,1
5536,525.911,150.286,2,1
5537,208.764,210.028,2,1
5538,33.8106,271.385,2,1
5539,533.741,152.904,2,1
5540,430.882,260.019,2,1
5541,482.453,23.6746,2,1
5542,288.007,99.5098,2,1
5543,70.7854,201.563,2,1
5544,121.667,285.532,2,1
5545,373.81,41.5541,2,0
5546,519.845,33.916,2,1
5547,210.768,72.8258,2,0
5548,421.563,131.219,2,1
5549,169.435,57.1951,2,1
5550,521.57,185.94,2,1
5551,322.015,154.874,2,1
5552,561.412,156.287,2,1
5553,139.234,230.145,2,1
5554,279.588,32.2288,2,0
5555,526.427,173.979,2,1
5556,580.995,5.56838,2,0
5557,335.328,294.487,2,1
5558,213.262,180.232,2,1
5559,217.079,97.52,2,1
5560,4.42518,10.935,2,1
5561,120.233,182.366,2,1
5562,27.4296,164.979,2,1
5563,360.711,108.131,2,1
5564,226.229,14.1075,2,1
5565,565.903,239.515,2,1
5566,120.882,159.264,2,1
5567,126.174,87.8356,2,1
5568,591.096,298,2,1
5569,327.193,256.371,2,1
5570,174.165,247.919,2,1
5571,440.339,161.489,2,1
5572,297.793,198.247,2,1
5573,262.402,229.68,2,1
5574,173.44,298,2,1
5575,400.086,157.252,2,1
5576,482.16,237.159,2,1
5577,182.838,185.4,2,1
5578,283.102,146.488,2,1
5579,101.519,149.265,2,1
5580,170.036,156.204,2,1
5581,588.81,270.987,2,1
5582,558.697,84.2472,2,1
5583,421.071,213.392,2,1
5584,407.888,81.0007,2,1
5585,54.9159,198.753,2,1
5586,338.019,162.752,2,1
5587,514.858,92.2644,2,1
5588,155.943,140.554,2,1
5589,326.211,281.992,2,1
5590,571.19,21.9804,2,1
5591,269.061,22.0857,2,1
5592,189.647,238.078,2,1
5593,310.721,194.651,2,1
5594,245.332,253.544,2,1
5595,468.298,81.6936,2,1
5596,599.748,224.478,2,1
5597,461.703,193.314,2,1
5598,480.628,58.481,2,1
5599,527.339,293.941,2,1
5600,278.887,226.418,2,1
5601,109.069,114.896,2,1
5602,215.016,228.211,2,1
5603,103.934,259.135,2,1
5604,102.854,117.57,2,1
5605,413.357,140.092,2,1
5606,9.06558,298,2,1
5607,569.94,134.984,2,1
5608,336.083,244.6,2,1
5609,446.563,176.406,2,1
5610,563.541,44.6324,2,0
5611,6.95575,25.0756,2,1
5612,183.897,93.7785,2,1
5613,103.971,297.501,2,1
5614,289.07,156.09,2,1
5615,464.282,150.699,2,1
5616,179.343,119.684,2,1
5617,213.679,157.443,2,1
5618,571.973,262.597,2,1
5619,26.0604,190.119,2,1
5620,267.324,197.217,2,1
5621,78.132,11.7306,2,1
5622,417.993,62.7511,2,1
5623,533.373,163.748,2,1
5624,354.365,88.9389,2,0
5625,584.869,146.277,2,1
5626,259.648,161.508,2,1
5627,27.2123,201.921,2,1
5628,360.155,69.5229,2,1
5629,549.091,262.867,2,1
5630,130.018,86.1548,2,0
5631,451.261,276.103,2,1
5632,315.334,171.997,2,1
5633,263.924,126.643,2,1
5634,389.527,192.277,2,1
5635,443.109,280.359,2,1
5636,233.037,2,2,1
5637,433.605,218.396,2,1
5638,282.084,298,2,1
5639,499.665,68.472,2,1
5640,237.443,78.3279,2,1
5641,498.705,152.204,2,1
5642,206.116,191.283,2,1
5643,370.167,216.187,2,1
5644,520.753,168.455,2,1
5645,125.465,37.4675,2,1
5646,175.122,113.71,2,1
5647,594.753,117.449,2,1
5648,231.107,180.097,2,1
5649,128.936,59.365,2,0
5650,534.348,210.954,2,1
5651,542.038,279.003,2,1
5652,315.61,253.195,2,1
5653,254.82,181.405,2,1
5654,500.36,269.81,2,1
5655,267.81,287.298,2,1
5656,9.15074,191.366,2,1
5657,236.548,255.92,2,1
5658,217.191,31.9486,2,1
5659,262.335,9.00788,2,0
5660,171.36,164.12,2,1
5661,300.743,80.0536,2,1
5662,306.033,268.05,2,1
5663,55.6564,132.09,2,1
5664,354.234,230.783,2,1
5665,273.854,48.1519,2,0
5666,340.388,128.481,2,1
5667,555.696,20.596,2,1
5668,281.226,233.709,2,1
5669,95.3545,68.5784,2,1
5670,84.029,262.833,2,1
5671,130.2,251.45,2,1
5672,481.392,135.778,2,1
5673,452.415,140.558,2,1
5674,335.271,99.6898,2,1
5675,34.762,107.328,2,1
5676,170.127,247.075,2,1
5677,536.099,207.289,2,1
5678,65.6557,96.5795,2,0
5679,583.551,121.8,2,1
5680,185.001,181.937,2,1
5681,164.454,46.6432,2,1
5682,136.112,282.563,2,1
5683,581.641,298,2,1
5684,474.591,132.448,2,1
5685,305.006,200.095,2,1
5686,420.026,67.3144,2,1
5687,381.659,54.0651,2,0
5688,269.931,258.8,2,1
5689,10.44,257.127,2,1
5690,223.939,59.0285,2,1
5691,1.56085,18.4774,2,0
5692,539.457,108.034,2,1
5693,590.962,202.511,2,1
5694,73.15,185.86,2,1
5695,466.328,245.915,2,1
5696,524.373,270.628,2,1
5697,236.351,173.932,2,1
5698,470.111,118.643,2,1
5699,108.843,175.704,2,1
5700,578.824,281.53,2,1
5701,280.828,174.664,2,1
5702,27.8403,279.677,2,1
5703,120.739,174.309,2,1
5704,283.551,216.764,2,1
5705,26.9985,283.631,2,1
5706,266.989,229.872,2,1
5707,439.129,276.984,2,1
5708,223.243,141.17,2,1
5709,545.527,87.9847,2,1
5710,9.52246,121.272,2,1
5711,129.644,105.78,2,1
5712,197.461,287.744,2,1
5713,168.385,278.721,2,1
5714,552.34,268.875,2,1
5715,218.997,229.164,2,1
5716,156.576,179.06,2,1
5717,247.57,157.925,2,1
5718,211.687,176.515,2,1
5719,529.342,33.5742,2,0
5720,241.141,134.488,2,1
5721,263.534,233.619,2,1
5722,79.101,283.939,2,1
5723,481.102,288.11,2,1
5724,417.533,5.6868,2,0
5725,546.66,114.93,2,1
5726,216.822,2,2,1
5727,247.338,62.1136,2,0
5728,365.877,148.191,2,1
5729,26.3124,113.095,2,1
5730,459.953,64.2635,2,0
5731,283.147,103.274,2,1
5732,565.407,99.1189,2,1
5733,190.299,57.7241,2,1
5734,409.819,185.86,2,1
5735,295.366,194.528,2,1
5736,209.153,97.7749,2,1
5737,431.172,205.602,2,1
5738,150.34,18.4998,2,1
5739,318.773,249.562,2,1
5740,162.025,156.867,2,1
5741,84.7783,152.388,2,1
5742,128.419,97.6677,2,1
5743,218.984,24.1957,2,0
5744,15.4878,237.426,2,1
5745,89.3463,2,2,1
5746,72.4388,276.408,2,1
5747,190.599,167.214,2,1
5748,298.517,72.3541,2,1
5749,451.057,187.281,2,1
5750,456.198,261.652,2,1
5751,351.761,84.8192,2,1
5752,61.2468,81.3339,2,1
5753,241.555,151.961,2,1
5754,406.871,285.449,2,1
5755,196.767,241.288,2,1
5756,214.07,264.206,2,1
5757,16.7866,204.107,2,1
5758,49.1441,181.055,2,1
5759,509.764,107.947,2,1
5760,289.923,199.608,2,1
5761,69.3501,21.1245,2,1
5762,471.896,45.2536,2,1
5763,525.06,229.772,2,1
5764,349.092,50.4847,2,1
5765,230.033,292.967,2,1
5766,464.707,41.0429,2,1
5767,518.664,93.6285,2,0
5768,469.438,137.458,2,1
5769,245.83,262.563,2,1
5770,164.21,207.951,2,1
5771,403.893,188.017,2,1
5772,143.874,38.8012,2,1
5773,234.856,125.578,2,1
5774,264.337,49.2275,2,0
5775,265.817,290.824,2,1
5776,504.219,139.487,2,1
5777,213.215,194.181,2,1
5778,136.799,147.862,2,1
5779,408.464,255.334,2,1
5780,473.589,97.9087,2,1
5781,542.009,200.245,2,1
5782,514.097,172.452,2,1
5783,128.363,12.567,2,1
5784,18.0512,290.982,2,1
5785,119.85,114.904,2,1
5786,322.67,284.305,2,1
5787,58.5227,59.3906,2,0
5788,146.561,294.498,2,1
5789,100.864,232.333,2,1
5790,239.572,19.912,2,0
5791,185.326,11.1252,2,0
5792,495.43,189.723,2,1
5793,23.2935,208.77,2,1
5794,514.171,64.7174,2,1
5795,80.7654,219.373,2,1
5796,575.102,130.924,2,1
5797,68.4837,52.838,2,0
5798,522.73,258.369,2,1
5799,302.238,298,2,1
5800,76.7866,96.8031,2,1
5801,322.259,280.233,2,1
5802,191.028,79.9964,2,1
5803,223.006,43.1037,2,1
5804,121.726,122.589,2,1
5805,558.538,182.061,2,1
5806,467.486,67.3295,2,1
5807,326.606,79.6019,2,1
5808,28.441,46.7515,2,0
5809,402.712,164.587,2,1
5810,362.596,9.14965,2,0
5811,483.494,2,2,1
5812,508.334,298,2,1
5813,262.584,150.8,2,1
5814,390.698,40.1042,2,1
5815,22.9825,138.13,2,1
5816,450.936,19.5096,2,1
5817,38.6407,109.089,2,1
5818,218.807,65.0466,2,1
5819,175.309,286.069,2,1
5820,95.3737,283.205,2,1
5821,222.092,232.134,2,1
5822,71.8985,145.033,2,1
5823,300.379,234.292,2,1
5824,45.0729,204.725,2,1
5825,577.23,156.595,2,1
5826,271.534,126.122,2,1
5827,398.752,112.333,2,1
5828,353.421,56.602,2,1
5829,70.7336,189.5,2,1
5830,325.972,191.17,2,1
5831,481.028,51.5438,2,1
5832,86.8754,181.249,2,1
5833,556.264,105.583,2,1
5834,419.156,226.568,2,1
5835,378.553,190.722,2,1
5836,360.318,121.71,2,1
5837,298.407,104.707,2,1
5838,120.727,80.9366,2,1
5839,420.988,43.7656,2,1
5840,357.021,172.205,2,1
5841,517.688,37.305,2,1
5842,518.323,252.154,2,1
5843,195.685,119.611,2,1
5844,351.04,298,2,1
5845,101.566,37.6889,2,1
5846,564.708,30.6374,2,1
5847,259.288,74.2866,2,1
5848,336.837,158.701,2,1
5849,445.465,93.8835,2,1
5850,597.332,78.2777,2,1
5851,194.895,98.1922,2,1
5852,410.736,37.2522,2,1
5853,20.0477,146.58,2,1
5854,184.536,82.8687,2,1
5855,509.125,238.419,2,1
5856,437.173,211.106,2,1
5857,34.6889,13.274,2,0
5858,140.382,209.718,2,1
5859,303.011,196.593,2,1
5860,369.018,204.128,2,1
5861,144.324,107.638,2,1
5862,164.765,91.8306,2,1
5863,386.499,189.445,2,1
5864,404.976,179.404,2,1
5865,550.364,25.0717,2,1
5866,461.743,298,2,1
5867,226.937,90.7103,2,1
5868,463.382,261.146,2,1
5869,377.281,39.4754,2,1
5870,346.416,199.115,2,1
5871,55.4327,271.816,2,1
5872,52.2932,78.9076,2,1
5873,283.782,220.771,2,1
5874,99.4614,34.1374,2,1
5875,541.279,48.4137,2,1
5876,543.066,91.896,2,1
5877,389.487,186.64,2,1
5878,478.336,8.39471,2,1
5879,397.137,261.897,2,1
5880,90.7743,265.713,2,1
5881,550.797,114.635,2,1
5882,348.605,106.504,2,1
5883,246.142,176.112,2,1
5884,310.967,69.7619,2,1
5885,278.34,188.85,2,1
5886,506.347,78.4303,2,1
5887,597.29,214.392,2,1
5888,151.787,151.032,2,1
5889,539.011,91.587,2,1
5890,3.26131,298,2,1
5891,175.647,54.1595,2,1
5892,597.273,160.425,2,1
5893,536.919,170.765,2,1
5894,242.897,45.1805,2,1
5895,419.295,163.871,2,1
5896,43.9083,20.8396,2,0
5897,533.703,245.642,2,1
5898,245.894,13.7667,2,0
5899,481.725,214.762,2,1
5900,381.639,239.237,2,1
5901,270.877,240.477,2,1
5902,334.574,215.09,2,1
5903,342.595,238.898,2,1
5904,198.201,278.823,2,1
5905,338.589,174.775,2,1
5906,100.045,211.387,2,1
5907,40.6882,236.098,2,1
5908,296.407,269.082,2,1
5909,104.306,93.9907,2,1
5910,217.772,8.74181,2,1
5911,84.0833,216.924,2,1
5912,579.985,124.339,2,1
5913,291.854,81.0076,2,1
5914,385.969,117.973,2,1
5915,78.0603,205.656,2,1
5916,350.492,118.833,2,1
5917,590.092,27.7082,2,1
5918,274.577,238.676,2,1
5919,150.177,283.207,2,1
5920,509.559,142.537,2,1
5921,172.091,207.233,2,1
5922,524.706,40.186,2,1
5923,342.364,287.203,2,1
5924,97.6356,172.896,2,1
5925,547.08,172.907,2,1
5926,553.805,49.9978,2,1
5927,502.701,266.523,2,1
5928,302.856,169.249,2,1
5929,65.3057,227.816,2,1
5930,316.083,120.441,2,1
5931,410.556,203.151,2,1
5932,450.868,112.767,2,1
5933,585.843,27.701,2,0
5934,257.255,249.435,2,1
5935,562.216,164.171,2,1
5936,133.697,16.8597,2,1
5937,533.172,14.9996,2,1
5938,540.187,53.3829,2,1
5939,317.619,153.158,2,1
5940,387.281,61.403,2,0
5941,497.565,260.46,2,1
5942,292.903,259.948,2,1
5943,189.561,245.07,2,1
5944,471.93,18.7417,2,1
5945,227.153,113.182,2,1
5946,271.292,266.82,2,1
5947,109.005,279.312,2,1
5948,524.25,189.175,2,1
5949,132.105,290.667,2,1
5950,275.691,38.1945,2,1
5951,407.873,119.144,2,1
5952,159.651,77.5007,2,1
5953,294.705,11.0316,2,1
5954,262.803,102.349,2,1
5955,14.9709,129.115,2,1
5956,338.078,77.19,2,1
5957,229.376,109.829,2,1
5958,116.096,152.65,2,1
5959,18.4691,126.825,2,1
5960,297.356,64.2283,2,1
5961,217.097,93.2858,2,1
5962,487.455,43.8188,2,1
5963,221.059,33.0123,2,1
5964,574.831,274.397,2,1
5965,586.429,136.002,2,1
5966,394.899,63.307,2,1
5967,377.239,27.1351,2,0
5968,105.642,182.93,2,1
5969,437.529,225.47,2,1
5970,522.82,285.877,2,1
5971,401.255,251.715,2,1
5972,419.496,90.9061,2,0
5973,575.8,121.106,2,1
5974,541.233,136.884,2,1
5975,323.749,214.792,2,1
5976,210.74,168.964,2,1
5977,577.454,112.449,2,1
5978,315.774,38.4852,2,1
5979,567.604,115.006,2,1
5980,475.18,125.908,2,1
5981,546.955,61.7364,2,1
5982,301.795,288.663,2,1
5983,90.4598,77.8066,2,1
5984,317.509,23.6116,2,1
5985,128.85,159.883,2,1
5986,435.285,126.501,2,1
5987,233.833,140.442,2,1
5988,350.914,233.048,2,1
5989,371.255,171.65,2,1
5990,557.056,170.319,2,1
5991,243.45,20.9672,2,0
5992,24.4679,263.918,2,1
5993,59.9389,77.2066,2,1
5994,567.871,95.9061,2,1
5995,213.156,76.0397,2,0
5996,333.128,182.329,2,1
5997,134.004,53.9589,2,0
5998,317.202,274.582,2,1
5999,125.669,285.945,2,1
6000,61.6623,136.263,2,1
6001,559.18,80.1001,2,1
6002,273.698,251.697,2,1
6003,163.234,119.579,2,1
6004,584.085,183.972,2,1
6005,559.153,43.7439,2,1
6006,53.0606,119.829,2,1
6007,294.369,72.5448,2,1
6008,135.24,227.372,2,1
6009,586.942,201.668,2,1
6010,297.204,125.58,2,1
6011,57.7494,212.112,2,1
6012,387.375,209.317,2,1
6013,294.45,59.9399,2,1
6014,185.548,238.265,2,1
6015,9.15877,76.0514,2,1
6016,26.0358,254.235,2,1
6017,408.469,84.9678,2,1
6018,189.165,159.517,2,1
6019,380.598,148.184,2,1
6020,528.703,278.577,2,1
6021,409.105,132.583,2,1
6022,469.555,12.9576,2,1
6023,167.69,194.052,2,1
6024,349.799,278.611,2,1
6025,443.977,256.026,2,1
6026,555.038,285.276,2,1
6027,105.755,8.93846,2,1
6028,213.032,103.783,2,1
6029,462.379,116.753,2,1
6030,35.4128,81.8159,2,1
6031,157.559,103.881,2,1
6032,355.193,197.452,2,1
6033,86.2483,108.206,2,1
6034,547.477,180.739,2,1
6035,467.466,197.069,2,1
6036,485.745,238.935,2,1
6037,98.3767,22.1586,2,1
6038,385.075,28.5522,2,0
6039,455.639,287.388,2,1
6040,54.9417,65.4216,2,1
6041,51.2711,51.4427,2,1
6042,177.987,50.9107,2,1
6043,180.966,18.3998,2,1
6044,176.166,103.772,2,1
6045,271.939,294.413,2,1
6046,422.869,79.0887,2,0
6047,547.286,39.4841,2,1
6048,590.484,224.386,2,1
6049,233.656,193.244,2,1
6050,279.402,248.289,2,1
6051,256.754,219.056,2,1
6052,40.4118,127.818,2,1
6053,508.91,176.947,2,1
6054,527.644,76.2902,2,1
6055,237.379,278.877,2,1
6056,508.272,60.5456,2,1
6057,161.709,283.906,2,1
6058,547.216,80.9492,2,1
6059,117.637,284.784,2,1
6060,510.842,253.754,2,1
6061,94.2151,167.251,2,1
6062,428.898,165.288,2,1
6063,263.304,196.506,2,1
6064,46.1812,290.605,2,1
6065,41.8742,142.395,2,1
6066,234.07,293.439,2,1
6067,559.267,264.525,2,1
6068,386.473,266.06,2,1
6069,261.571,13.0561,2,0
6070,257.964,222.913,2,1
6071,45.836,32.2937,2,1
6072,573.371,27.9818,2,0
6073,104.871,217.818,2,1
6074,527.28,218.853,2,1
6075,250.342,25.1511,2,1
6076,483.638,210.24,2,1
6077,356.236,290.701,2,1
6078,268.283,67.7845,2,1
6079,122.863,238.651,2,1
6080,396.222,150.476,2,1
6081,53.0545,239.546,2,1
6082,467.982,30.2157,2,1
6083,221.573,10.0852,2,1
6084,33.9017,183.674,2,1
6085,333.996,161.576,2,1
6086,366.631,54.4015,2,1
6087,384.879,129.885,2,1
6088,545.046,99.557,2,1
6089,403.316,296.595,2,1
6090,143.166,226.542,2,1
6091,262.241,178.55,2,1
6092,70.4054,47.9059,2,1
6093,463.249,61.7166,2,0
6094,18.0305,115.512,2,1
6095,571.821,298,2,1
6096,296.81,14.4882,2,1
6097,451.628,126.306,2,1
6098,1.02913,258.39,2,1
6099,18.8416,197.365,2,1
6100,223.139,251.684,2,1
6101,62.5746,231.008,2,1
6102,168.845,83.5282,2,1
6103,351.318,223.637,2,1
6104,105.03,76.712,2,1
6105,178.691,87.9729,2,1
6106,536.446,269.753,2,1
6107,550.759,284.85,2,1
6108,515.559,215.457,2,1
6109,547.366,298,2,1
6110,155.911,175.071,2,1
6111,475.32,277.692,2,1
6112,581.044,16.6979,2,1
6113,465.12,119.699,2,1
6114,337.76,279.094,2,1
6115,341.444,107.997,2,1
6116,262.578,241.316,2,1
6117,46.1862,13.7074,2,0
6118,126.915,272.682,2,1
6119,71.564,87.227,2,0
6120,1.07999,192.778,2,1
6121,330.36,104.087,2,1
6122,168.162,128.633,2,1
6123,61.9195,174.722,2,1
6124,495.765,210.627,2,1
6125,156.702,33.0506,2,0
6126,349,75.8851,2,1
6127,188.589,83.4176,2,1
6128,487.226,188.179,2,1
6129,265.207,244.49,2,1
6130,571.595,215.668,2,1
6131,74.5681,255.328,2,1
6132,532.565,36.3417,2,1
6133,74.5729,178.179,2,1
6134,346.215,16.4091,2,1
6135,586.331,168.499,2,1
6136,24.2644,182.137,2,1
6137,179.412,123.769,2,1
6138,322.239,189.657,2,1
6139,20.0102,18.0063,2,0
6140,342.181,242.881,2,1
6141,238.603,39.4247,2,1
6142,459.488,223.148,2,1
6143,137.704,238.063,2,1
6144,480.469,173.388,2,1
6145,48.6847,9.7372,2,0
6146,182.549,65.9687,2,0
6147,347.105,112.856,2,1
6148,534.454,140.793,2,1
6149,296.629,79.9358,2,1
6150,213.242,19.0849,2,0
6151,101.717,9.40257,2,1
6152,74.9316,138.453,2,1
6153,399.928,188.684,2,1
6154,485.059,48.0498,2,1
6155,149.46,87.2982,2,0
6156,369.328,120.343,2,1
6157,179.377,165.112,2,1
6158,40.7194,98.8081,2,1
6159,543.789,178.886,2,1
6160,518.744,56.1073,2,1
6161,35.8891,249.686,2,1
6162,587.254,90.1622,2,1
6163,93.8486,121.252,2,1
6164,170.867,294.204,2,1
6165,30.8812,56.8774,2,1
6166,377.269,122.225,2,1
6167,568.093,161.989,2,1
6168,521.066,3.84725,2,1
6169,242.145,49.2222,2,1
6170,517.235,227.5,2,1
6171,35.0756,231.118,2,1
6172,596.207,250.623,2,1
6173,161.095,50.4341,2,1
6174,305.878,104.475,2,1
6175,65.7302,149.853,2,1
6176,464.813,238.053,2,1
6177,230.206,245.511,2,1
6178,186.096,105.901,2,1
6179,342.628,153.276,2,1
6180,182.314,293.952,2,1
6181,148.488,237.497,2,1
6182,113.119,159.032,2,1
6183,575.63,171.829,2,1
6184,488.111,298,2,1
6185,383.528,288.404,2,1
6186,257.737,266.223,2,1
6187,293.813,225.591,2,1
6188,112.612,218.796,2,1
6189,34.9168,245.764,2,1
6190,219.002,171.826,2,1
6191,247.147,117.47,2,1
6192,499.184,247.492,2,1
6193,191.546,12.9578,2,1
6194,307.423,257.958,2,1
6195,366.47,58.495,2,0
6196,540.278,112.037,2,1
6197,364.828,95.579,2,1
6198,255.75,284.754,2,1
6199,319.472,226.363,2,1
6200,118.069,36.5135,2,1
6201,461.911,272.128,2,1
6202,368.455,31.389,2,0
6203,295.153,102.188,2,1
6204,368.228,208.299,2,1
6205,327.237,108.42,2,1
6206,309.589,159.881,2,1
6207,187.991,288.523,2,1
6208,524.693,278.424,2,1
6209,388.303,178.654,2,1
6210,173.839,100.4,2,1
6211,594.564,223.975,2,1
6212,194.831,91.2617,2,1
6213,289.727,253.037,2,1
6214,466.93,116.036,2,1
6215,382.36,232.623,2,1
6216,315.409,176.159,2,1
6217,272.11,36.2949,2,0
6218,316.581,289.756,2,1
6219,57.845,175,2,1
6220,55.6846,178.484,2,1
6221,291.306,222.399,2,1
6222,532.284,6.35536,2,0
6223,156.788,116.933,2,1
6224,471.671,129.509,2,1
6225,90.8922,90.5214,2,0
6226,160.817,275.885,2,1
6227,480.823,249.068,2,1
6228,450.498,8.86408,2,0
6229,547.494,151.554,2,1
6230,268.049,79.2516,2,1
6231,106.054,252.495,2,1
6232,199.617,13.8099,2,1
6233,129.496,37.0194,2,1
6234,567.546,207.207,2,1
6235,490.234,294.425,2,1
6236,452.679,108.8,2,1
6237,24.0607,146.334,2,1
6238,240.42,119.761,2,1
6239,411.831,2,2,1
6240,276.881,173.723,2,1
6241,37.6925,272.674,2,1
6242,507.404,173.233,2,1
6243,429.686,54.8053,2,1
6244,88.5795,19.7615,2,1
6245,522.304,210.921,2,1
6246,551.524,243.577,2,1
6247,577.027,149.591,2,1
6248,470.5,284.343,2,1
6249,241.897,112.82,2,1
6250,293.246,271.776,2,1
6251,457.997,23.5623,2,0
6252,177.228,157.736,2,1
6253,93.9994,216.806,2,1
6254,69.3357,98.3396,2,1
6255,141.154,88.655,2,1
6256,590.694,11.0656,2,0
6257,546.384,35.4544,2,0
6258,307.07,138.19,2,1
6259,272.512,223.504,2,1
6260,171.769,195.227,2,1
6261,340.901,147.222,2,1
6262,115.691,232.132,2,1
6263,234.839,28.3142,2,1
6264,462.138,101.352,2,1
6265,67.0032,2,2,1
6266,504.784,129.79,2,1
6267,149.06,264.09,2,1
6268,295.763,97.8092,2,1
6269,470.59,133.533,2,1
6270,371.038,99.1308,2,1
6271,256.643,253.509,2,1
6272,440.194,228.548,2,1
6273,561.593,220.351,2,1
6274,397.754,236.204,2,1
6275,563.29,285.115,2,1
6276,112.187,179.685,2,1
6277,9.67251,267.169,2,1
6278,120.48,10.2653,2,0
6279,452.546,90.5598,2,1
6280,513.421,2,2,1
6281,186.424,174.011,2,1
6282,104.259,60.9256,2,1
6283,27.063,258.188,2,1
6284,328.718,275.283,2,1
6285,381.841,17.0431,2,1
6286,590.187,170.067,2,1
6287,49.7167,204.335,2,1
6288,415.961,2,2,1
6289,511.366,201.279,2,1
6290,195.9,215.253,2,1
6291,449.145,44.2692,2,1
6292,109.297,223.573,2,1
6293,55.9591,163.031,2,1
6294,552.304,260.299,2,1
6295,253.46,28.2076,2,1
6296,266.492,115.83,2,1
6297,306.416,44.5563,2,1
6298,113.058,87.5909,2,0
6299,393.867,101.248,2,1
6300,36.2601,57.4349,2,1
6301,216.414,101.538,2,1
6302,372.91,289.963,2,1
6303,63.5776,109.896,2,1
6304,400.822,263.76,2,1
6305,418.543,244.364,2,1
6306,219.207,125.437,2,1
6307,504.348,297.207,2,1
6308,475.089,6.05631,2,1
6309,596.551,82.2239,2,1
6310,454.73,2,2,1
6311,285.414,114.339,2,1
6312,562.76,78.2223,2,1
6313,180.412,273.056,2,1
6314,536.822,16.9075,2,1
6315,246.991,236.292,2,1
6316,453.473,94.491,2,1
6317,1.23764,161.227,2,1
6318,551.633,150.663,2,1
6319,397.879,277.654,2,1
6320,14.1501,23.7914,2,1
6321,317.516,27.7585,2,1
6322,14.0187,57.9386,2,1
6323,399.682,167.385,2,1
6324,508.799,44.0679,2,1
6325,53.1838,181.668,2,1
6326,127.611,41.0128,2,1
6327,483.101,199.345,2,1
6328,364.286,14.3503,2,1
6329,382.404,10.0429,2,1
6330,577.235,268.528,2,1
6331,498.015,214.251,2,1
6332,232.059,203.179,2,1
6333,471.226,277.469,2,1
6334,15.7988,200.135,2,1
6335,167.23,100.096,2,1
6336,526.51,55.8215,2,1
6337,3.97618,261.386,2,1
6338,438.077,239.067,2,1
6339,448.429,141.529,2,1
6340,184.053,169.164,2,1
6341,565.457,211.284,2,1
6342,506.598,37.9861,2,1
6343,433.151,87.6941,2,1
6344,323.839,38.0127,2,1
6345,293.682,198.227,2,1
6346,452.467,231.592,2,1
6347,444.42,161.951,2,1
6348,185.831,291.997,2,1
6349,271.442,110.86,2,1
6350,388.999,81.0188,2,1
6351,315.585,202.142,2,1
6352,542.286,141.068,2,1
6353,593.606,141.156,2,1
6354,558.657,2,2,1
6355,512.011,190.354,2,1
6356,420.364,295.506,2,1
6357,580.866,249.567,2,1
6358,458.225,116.886,2,1
6359,518.935,112.057,2,1
6360,481.263,5.49515,2,0
6361,444.896,234.494,2,1
6362,162.857,80.2261,2,1
6363,129.623,286.865,2,1
6364,1.27437,28.3888,2,1
6365,565.075,7.40585,2,0
6366,209.244,122.951,2,1
6367,15.6791,123.826,2,1
6368,255.737,204.511,2,1
6369,113.71,121.635,2,1
6370,435.331,191.463,2,1
6371,84.8186,122.945,2,1
6372,415.722,251.448,2,1
6373,279.889,56.6155,2,1
6374,235.914,129.516,2,1
6375,249.965,80.485,2,1
6376,496.666,280.131,2,1
6377,235.035,260.234,2,1
6378,282.62,93.7187,2,1
6379,263.368,142.935,2,1
6380,59.9493,111.758,2,1
6381,435.085,110.854,2,1
6382,396.796,108.83,2,1
6383,141.326,276.225,2,1
6384,243.935,83.0823,2,1
6385,356.415,21.0345,2,1
6386,422.251,177.773,2,1
6387,593.772,98.3341,2,1
6388,530.629,106.818,2,1
6389,407.263,129.002,2,1
6390,307.604,150.258,2,1
6391,191.865,230.994,2,1
6392,396.494,177.894,2,1
6393,227.856,205.115,2,1
6394,19.8312,53.9224,2,1
6395,422.62,228.858,2,1
6396,110.987,167.574,2,1
6397,230.377,164.751,2,1
6398,549.155,228.776,2,1
6399,387.681,106.308,2,1
6400,163.114,9.04102,2,0
6401,531.26,295.436,2,1
6402,67.4017,275.263,2,1
6403,258.733,166.46,2,1
6404,447.416,287.339,2,1
6405,253.892,142.531,2,1
6406,418.171,198.71,2,1
6407,229.392,11.5396,2,1
6408,152.785,49.7734,2,1
6409,310.326,102.089,2,1
6410,319.478,257.682,2,1
6411,368.698,168.551,2,1
6412,26.8356,214.108,2,1
6413,528.37,166.109,2,1
6414,345.596,162.696,2,1
6415,511.189,111.825,2,1
6416,589.156,16.5848,2,1
6417,124.351,5.47281,2,0
6418,599.612,270.479,2,1
6419,276.911,5.42069,2,1
6420,168.178,218.458,2,1
6421,293.107,41.4353,2,1
6422,575.381,145.921,2,1
6423,275.463,259.905,2,1
6424,567.96,102.301,2,1
6425,592.797,241.078,2,1
6426,213.315,294.35,2,1
6427,117.549,202.763,2,1
6428,36.854,5.51977,2,0
6429,562.392,191.463,2,1
6430,348.95,175.07,2,1
6431,562.039,179.989,2,1
6432,131.237,44.769,2,1
6433,59.4301,139.595,2,1
6434,304.336,81.8474,2,1
6435,360.58,12.7025,2,1
6436,523.989,44.2065,2,1
6437,171.253,211.151,2,1
6438,341.304,48.1063,2,1
6439,32.8677,118.701,2,1
6440,566.811,132.464,2,1
6441,21.5568,284.371,2,1
6442,506.433,235.385,2,1
6443,439.32,287.434,2,1
6444,143.949,100.511,2,1
6445,379.175,242.492,2,1
6446,60.7034,128.85,2,1
6447,238.451,210.806,2,1
6448,22.4505,2,2,1
6449,516.416,179.52,2,1
6450,134.197,287.25,2,1
6451,340.84,169.053,2,1
6452,539.536,196.538,2,1
6453,450.166,2,2,1
6454,258.189,275.036,2,1
6455,200.305,197.14,2,1
6456,270.282,232.15,2,1
6457,518.26,64.9661,2,0
6458,418.759,217.123,2,1
6459,485.593,52.0345,2,1
6460,449.443,93.2494,2,1
6461,418.539,104.74,2,1
6462,111.95,237.562,2,1
6463,542.789,102.964,2,1
6464,573.977,61.2145,2,0
6465,461.907,12.8954,2,0
6466,520.6,278.279,2,1
6467,366.317,10.7989,2,1
6468,345.896,279.871,2,1
6469,188.217,253.004,2,1
6470,97.4314,234.521,2,1
6471,110.671,139.552,2,1
6472,13.4637,178.066,2,1
6473,289.889,49.6978,2,1
6474,262.664,138.096,2,1
6475,54.3392,94.6326,2,1
6476,171.15,290.038,2,1
6477,43.6267,267.085,2,1
6478,2.31482,122.58,2,1
6479,178.459,15.0815,2,1
6480,301.427,187.68,2,1
6481,383.847,211.319,2,1
6482,501.455,196.139,2,1
6483,530.834,197.176,2,1
6484,4.0978,236.729,2,1
6485,193.109,8.8933,2,0
6486,6.14565,278.725,2,1
6487,539.176,24.8115,2,0
6488,446.829,33.1851,2,1
6489,203.824,272.946,2,1
6490,139.213,172.277,2,1
6491,305.341,237.603,2,1
6492,338.575,73.1898,2,1
6493,569.167,66.4965,2,0
6494,183.432,100.903,2,1
6495,584.963,277.623,2,1
6496,298.245,180.673,2,1
6497,276.003,30.0608,2,1
6498,54.2632,248.787,2,1
6499,285.777,107.35,2,1
6500,202.103,40.7275,2,1
6501,132.167,298,2,1
6502,156.655,253.584,2,1
6503,94.479,275.844,2,1
6504,435.94,246.99,2,1
6505,122.075,242.579,2,1
6506,454.548,21.3843,2,1
6507,354.87,142.654,2,1
6508,350.769,142.876,2,1
6509,392.088,180.736,2,1
6510,512.862,176.301,2,1
6511,203.569,163.335,2,1
6512,555.109,193.333,2,1
6513,367.996,298,2,1
6514,65.4852,252.44,2,1
6515,36.9138,253.679,2,1
6516,268.866,151.346,2,1
6517,436.177,173.445,2,1
6518,170.546,87.149,2,1
6519,429.641,271.338,2,1
6520,2.85766,57.5272,2,1
6521,352.067,47.6864,2,1
6522,148.179,241.669,2,1
6523,415.149,59.8508,2,1
6524,562.437,64.9195,2,1
6525,360.412,224.943,2,1
6526,232.034,92.5465,2,1
6527,257.136,245.215,2,1
6528,384.211,50.9401,2,1
6529,99.4614,115.386,2,1
6530,343.371,272.141,2,1
6531,160.586,54.4041,2,0
6532,578.195,168.015,2,1
6533,537.781,147.732,2,1
6534,484.417,102.556,2,1
6535,583.249,81.7814,2,1
6536,238.248,137.289,2,1
6537,304.377,204.123,2,1
6538,381.381,66.8375,2,0
6539,249.561,136.026,2,1
6540,541.179,145.008,2,1
6541,307.154,249.787,2,1
6542,193.233,159.647,2,1
6543,298.169,136.242,2,1
6544,457.252,121.861,2,1
6545,54.9048,61.4121,2,1
6546,171.495,281.327,2,1
6547,231.022,143.303,2,1
6548,473.475,205.828,2,1
6549,53.1285,32.8098,2,1
6550,247.773,205.718,2,1
6551,481.552,261.416,2,1
6552,373.724,53.9152,2,1
6553,394.154,268.428,2,1
6554,498.355,181.046,2,1
6555,300.817,127.67,2,1
6556,147.479,63.1624,2,1
6557,209.148,203.087,2,1
6558,310.066,167.939,2,1
6559,102.486,2,2,1
6560,60.2613,196.327,2,1
6561,43.3452,118.306,2,1
6562,550.015,278.813,2,1
6563,225.356,109.423,2,1
6564,419.542,276.415,2,1
6565,259.589,64.7009,2,0
6566,361.678,140.954,2,1
6567,139.882,261.13,2,1
6568,285.181,227.755,2,1
6569,177.144,143.625,2,1
6570,380.302,213.195,2,1
6571,285.74,253.945,2,1
6572,365.482,77.8276,2,1
6573,74.7112,190.026,2,1
6574,332.532,148.748,2,1
6575,496.253,124.479,2,1
6576,484.262,283.446,2,1
6577,341.466,143.207,2,1
6578,408.064,242.165,2,1
6579,384.743,6.3757,2,1
6580,44.7472,163.339,2,1
6581,481.931,233.161,2,1
6582,3.04436,142.775,2,1
6583,44.362,42.2716,2,1
6584,389.935,36.099,2,1
6585,273.613,275.15,2,1
6586,380.421,108.691,2,1
6587,56.7362,9.99411,2,0
6588,124.33,296.729,2,1
6589,78.8021,50.3037,2,1
6590,487.321,55.7539,2,1
6591,274.419,152.501,2,1
6592,522.102,232.621,2,1
6593,25.6595,135.083,2,1
6594,577.433,175.573,2,1
6595,373.679,62.1081,2,0
6596,356.49,208.982,2,1
6597,223.036,255.76,2,1
6598,127.953,198.814,2,1
6599,78.8162,56.4971,2,1
6600,386.749,232.542,2,1
6601,252.056,5.53536,2,0
6602,222.96,212.972,2,1
6603,269.223,47.038,2,1
6604,541.654,86.7961,2,1
6605,108.307,235.684,2,1
6606,567.035,283.48,2,1
6607,346.413,97.4732,2,1
6608,86.7736,5.73367,2,1
6609,124.967,167.352,2,1
6610,336.106,95.686,2,1
6611,407.11,206.285,2,1
6612,101.715,172.203,2,1
6613,129.801,240.135,2,1
6614,238.632,295.928,2,1
6615,132.995,149.203,2,1
6616,575.843,298,2,1
6617,437.575,8.90746,2,0
6618,439.507,37.0786,2,1
6619,134.32,133.767,2,1
6620,454.71,189.306,2,1
6621,97.508,194.169,2,1
6622,114.539,205.808,2,1
6623,285.49,269.23,2,1
6624,21.9254,243.788,2,1
6625,480.292,284.096,2,1
6626,136.925,56.9224,2,1
6627,526.323,6.01301,2,0
6628,208.922,61.9211,2,1
6629,300.273,12.4531,2,0
6630,281.002,44.1786,2,1
6631,523.574,105.266,2,1
6632,524.937,282.48,2,1
6633,128.135,144.076,2,1
6634,574.732,230.393,2,1
6635,361.921,148.901,2,1
6636,275.796,99.3128,2,1
6637,211.354,53.4688,2,0
6638,350.012,250.076,2,1
6639,342.173,2,2,1
6640,165.597,22.5749,2,1
6641,36.8863,120.246,2,1
6642,499.835,64.456,2,1
6643,14.0218,9.0057,2,1
6644,514.324,34.105,2,0
6645,258.106,2,2,1
6646,518.239,231.581,2,1
6647,505.075,96.2454,2,1
6648,89.2026,269.469,2,1
6649,353.011,76.7127,2,1
6650,564.967,228.335,2,1
6651,7.13706,176.532,2,1
6652,448.19,232.151,2,1
6653,85.1417,258.937,2,1
6654,333.734,168.404,2,1
6655,503.827,115.104,2,1
6656,504.622,204.319,2,1
6657,87.6105,111.976,2,1
6658,234.71,182.197,2,1
6659,93.3083,279.731,2,1
6660,370.089,253.96,2,1
6661,153.068,263.434,2,1
6662,553.791,211.128,2,1
6663,353.111,173.149,2,1
6664,2.93102,32.1036,2,1
6665,332.722,114.664,2,1
6666,439.155,125.41,2,1
6667,205.226,108.746,2,1
6668,72.2772,205.397,2,1
6669,64.9157,14.1327,2,0
6670,525.553,154.637,2,1
6671,342.223,201.086,2,1
6672,257.627,27.7379,2,0
6673,432.802,138.485,2,1
6674,111.561,242.384,2,1
6675,408.523,181.311,2,1
6676,282.657,224.63,2,1
6677,261.855,286.644,2,1
6678,336.563,148.407,2,1
6679,120.092,96.7979,2,0
6680,202.591,83.3192,2,1
6681,165.892,141.028,2,1
6682,288.531,207.63,2,1
6683,147.605,151.409,2,1
6684,578.122,135.963,2,1
6685,233.642,151.013,2,1
6686,126.353,264.708,2,1
6687,382.801,20.9782,2,0
6688,111.92,44.8527,2,1
6689,514.912,57.5027,2,1
6690,567.592,71.2707,2,0
6691,195.782,81.1297,2,1
6692,182.561,117.128,2,1
6693,439.673,23.841,2,1
6694,446.599,132.602,2,1
6695,288.629,177.129,2,1
6696,381.82,136.787,2,1
6697,451.836,170.206,2,1
6698,488.881,179.55,2,1
6699,436.451,284.507,2,1
6700,364.142,178.459,2,1
6701,597.754,200.459,2,1
6702,488.137,149.362,2,1
6703,69.6718,58.3139,2,0
6704,386.059,277.531,2,1
6705,106.627,39.1996,2,1
6706,432.22,160.275,2,1
6707,229.551,156.531,2,1
6708,575.348,183.222,2,1
6709,90.878,59.3616,2,1
6710,439.89,5.58041,2,0
6711,350.234,62.5028,2,1
6712,21.9707,253.816,2,1
6713,17.751,244.359,2,1
6714,14.4081,187.708,2,1
6715,173.228,137.58,2,1
6716,153.015,204.703,2,1
6717,495.385,77.3553,2,1
6718,389.06,221.253,2,1
6719,546.796,26.9761,2,1
6720,173.838,202.889,2,1
6721,136.233,215.784,2,1
6722,159.498,271.87,2,1
6723,118.979,67.5928,2,1
6724,430.617,5.12841,2,1
6725,474.34,72.3168,2,0
6726,378.113,99.921,2,1
6727,380.505,24.3837,2,1
6728,81.8297,130.386,2,1
6729,439.44,102.149,2,1
6730,290.535,163.799,2,1
6731,258.265,15.4927,2,0
6732,421.646,185.951,2,1
6733,359.54,50.7847,2,1
6734,132.135,145.032,2,1
6735,364.563,138.07,2,1
6736,484.436,225.561,2,1
6737,194.691,167.213,2,1
6738,96.6189,251.773,2,1
6739,376.869,118.228,2,1
6740,404.572,131.975,2,1
6741,489.829,183.866,2,1
6742,9.94099,2,2,1
6743,441.372,170.731,2,1
6744,39.6304,69.3764,2,1
6745,141.849,117.564,2,1
6746,91.4031,103.332,2,1
6747,169.647,21.812,2,1
6748,421.442,280.02,2,1
6749,176.967,147.806,2,1
6750,574.845,200.675,2,1
6751,340.595,157.309,2,1
6752,415.602,79.7662,2,1
6753,261.631,38.3776,2,1
6754,231.167,114.079,2,1
6755,540.408,247.152,2,1
6756,410.348,44.5325,2,0
6757,284.41,285.565,2,1
6758,598.41,21.0885,2,0
6759,411.467,103.588,2,1
6760,343.374,178.537,2,1
6761,461.937,21.0705,2,1
6762,581.854,256.855,2,1
6763,536.231,126.16,2,1
6764,78.7786,234.988,2,1
6765,135.426,231.394,2,1
6766,344.75,276.02,2,1
6767,425.85,143.125,2,1
6768,307.711,88.336,2,1
6769,294.995,83.5963,2,1
6770,50.3305,70.554,2,1
6771,511.67,279.759,2,1
6772,96.6899,109.747,2,1
6773,144.546,126.022,2,1
6774,404.15,160.789,2,1
6775,588.151,241.454,2,1
6776,279.087,2,2,1
6777,187.617,189.893,2,1
6778,85.3502,84.0517,2,1
6779,347.393,42.4224,2,0
6780,443.106,225.707,2,1
6781,32.8854,267.398,2,1
6782,155.617,100.306,2,1
6783,248.829,232.208,2,1
6784,587.38,123.25,2,1
6785,535.334,93.6925,2,1
6786,208.098,294.001,2,1
6787,306.339,156.986,2,1
6788,388.396,298,2,1
6789,174.802,48.3471,2,1
6790,468.305,122.243,2,1
6791,548.006,184.815,2,1
6792,419.992,2.14463,2,1
6793,41.2386,203.474,2,1
6794,450.658,78.7003,2,1
6795,434.772,118.62,2,1
6796,119.834,144.327,2,1
6797,343.962,190.236,2,1
6798,219.739,298,2,1
6799,129.697,113.82,2,1
6800,277.676,275.566,2,1
6801,325.769,197.057,2,1
6802,184.894,86.9448,2,1
6803,236.368,118.858,2,1
6804,261.743,266.668,2,1
6805,559.78,129.692,2,1
6806,69.6222,134.324,2,1
6807,293.932,133.147,2,1
6808,56.479,194.862,2,1
6809,196.977,260.46,2,1
6810,159.628,241.571,2,1
6811,155.06,61.8833,2,1
6812,63.3324,159.443,2,1
6813,458.52,180.505,2,1
6814,38.8186,154.111,2,1
6815,255.522,64.1243,2,1
6816,409.448,55.7239,2,1
6817,43.2402,199.896,2,1
6818,114.934,67.7675,2,1
6819,188.5,222.371,2,1
6820,141.232,146.159,2,1
6821,9.92516,58.4001,2,1
6822,15.2357,112.558,2,1
6823,76.0324,53.2445,2,1
6824,357.347,30.0077,2,1
6825,512.849,80.0572,2,1
6826,371.144,103.193,2,1
6827,238.454,252.401,2,1
6828,345.953,57.3179,2,1
6829,138.57,234.106,2,1
6830,295.557,229.254,2,1
6831,234.301,245.395,2,1
6832,591.129,290.873,2,1
6833,7.80114,172.318,2,1
6834,210.966,290.978,2,1
6835,477.027,288.13,2,1
6836,502.072,57.2944,2,0
6837,34.3483,173.479,2,1
6838,164.352,27.2828,2,1
6839,479.445,93.2055,2,1
6840,568.915,56.6427,2,1
6841,189.824,104.289,2,1
6842,232.101,147.299,2,1
6843,156.794,279.113,2,1
6844,458.101,136.837,2,1
6845,336.429,187.507,2,1
6846,131.867,200.025,2,1
6847,70.7541,290.919,2,1
6848,458.545,107.635,2,1
6849,93.0096,196.745,2,1
6850,157.532,57.224,2,0
6851,483.958,91.8613,2,1
6852,155.283,66.5086,2,1
6853,397.194,223.305,2,1
6854,475.535,94.3958,2,1
6855,149.584,252.618,2,1
6856,453.623,283.926,2,1
6857,35.6535,177.334,2,1
6858,348.431,66.2087,2,1
6859,165.086,226.121,2,1
6860,510.725,32.1383,2,1
6861,198.766,187.706,2,1
6862,8.30645,212.688,2,1
6863,237.877,111.941,2,1
6864,25.5187,28.9024,2,0
6865,163.63,164.791,2,1
6866,466.934,110.066,2,1
6867,408.381,31.524,2,1
6868,589.639,80.6926,2,1
6869,458.097,206.161,2,1
6870,242.397,40.7887,2,1
6871,438.254,201.532,2,1
6872,115.935,75.7167,2,0
6873,462.77,17.0326,2,0
6874,336.887,171.012,2,1
6875,431.843,298,2,1
6876,33.4316,219.981,2,1
6877,190.182,68.7596,2,1
6878,405.094,125.623,2,1
6879,154.39,18.0804,2,1
6880,64.7654,294.456,2,1
6881,168.142,25.8134,2,0
6882,518.867,257.29,2,1
6883,156.994,290.631,2,1
6884,592.224,184.228,2,1
6885,122.747,148.169,2,1
6886,593.238,265.491,2,1
6887,343.451,114.737,2,1
6888,21.6073,269.278,2,1
6889,187.725,14.351,2,1
6890,315.4,107.278,2,1
6891,109.829,203.243,2,1
6892,122.177,223.247,2,1
6893,162.436,268.811,2,1
6894,59.4765,272.285,2,1
6895,297.941,31.9308,2,1
6896,396.383,41.9104,2,1
6897,47.0152,132.819,2,1
6898,93.4536,287.4,2,1
6899,508.758,261.212,2,1
6900,121.811,129.655,2,1
6901,572.142,53.9716,2,1
6902,320.45,291.352,2,1
6903,187.773,202.359,2,1
6904,543.529,152.769,2,1
6905,566.98,290.679,2,1
6906,531.33,92.7692,2,1
6907,1.12328,113.557,2,1
6908,563.392,224.37,2,1
6909,263.554,254.717,2,1
6910,106.529,264.724,2,1
6911,245.063,135.372,2,1
6912,115.281,39.5303,2,1
6913,454.421,237.263,2,1
6914,440.269,222.431,2,1
6915,76.8341,15.5308,2,1
6916,167.082,179.315,2,1
6917,129.893,140.443,2,1
6918,142.933,199.166,2,1
6919,522.775,193.063,2,1
6920,147.425,213.516,2,1
6921,290.253,77.2551,2,1
6922,363.998,156.781,2,1
6923,527.581,158.283,2,1
6924,503.147,5.50638,2,1
6925,117.176,129.217,2,1
6926,24.6914,60.4244,2,1
6927,405.104,249.205,2,1
6928,307.638,224.114,2,1
6929,352.494,215.975,2,1
6930,46.7294,249.117,2,1
6931,237.266,55.6205,2,1
6932,119.729,126.126,2,1
6933,142.316,132.692,2,1
6934,35.2809,137.796,2,1
6935,357.096,131.789,2,1
6936,193.138,247.115,2,1
6937,520.097,18.1896,2,1
6938,276.052,287.324,2,1
6939,284.07,236.686,2,1
6940,360.249,290.186,2,1
6941,158.884,286.833,2,1
6942,47.0564,212.175,2,1
6943,36.7397,268.659,2,1
6944,298.284,245.835,2,1
6945,520.75,143.632,2,1
6946,232.173,36.6083,2,1
6947,204.023,75.2513,2,1
6948,566.923,201.802,2,1
6949,527.109,117.68,2,1
6950,54.1567,210.216,2,1
6951,70.6,272.806,2,1
6952,158.646,186.45,2,1
6953,46.291,94.3341,2,1
6954,119.004,21.7268,2,1
6955,284.131,294.468,2,1
6956,142.048,104.282,2,1
6957,74.9696,291.065,2,1
6958,251.623,158.054,2,1
6959,167.425,174.001,2,1
6960,249.45,239.538,2,1
6961,366.851,191.991,2,1
6962,435.791,38.6889,2,1
6963,207.426,105.293,2,1
6964,339.021,222.886,2,1
6965,179.826,93.6101,2,1
6966,68.4952,37.1601,2,1
6967,511.783,290.313,2,1
6968,231.689,43.6914,2,1
6969,151.274,226.017,2,1
6970,286.647,138.188,2,1
6971,5.69109,114.042,2,1
6972,349.979,54.4439,2,1
6973,96.1261,176.603,2,1
6974,56.2713,202.552,2,1
6975,70.593,42.4957,2,1
6976,38.8214,242.838,2,1
6977,146.667,280.914,2,1
6978,427.852,190.55,2,1
6979,59.0444,216.024,2,1
6980,282.209,131.088,2,1
6981,107.973,298,2,1
6982,300.125,47.2922,2,0
6983,557.766,91.7751,2,1
6984,275.858,42.2776,2,1
6985,407.285,52.048,2,1
6986,74.5275,271.987,2,1
6987,24.4312,177.105,2,1
6988,496.377,291.028,2,1
6989,447.453,294.492,2,1
6990,236.901,187.946,2,1
6991,119.541,178.33,2,1
6992,586.9,118.977,2,1
6993,54.2073,82.8371,2,1
6994,445.018,107.291,2,1
6995,205.737,17.0866,2,0
6996,465.453,223.686,2,1
6997,279.564,15.7219,2,1
6998,99.8152,259.181,2,1
6999,13.4956,245.271,2,1
7000,396.75,213.552,2,1
7001,386.837,144.586,2,1
7002,396.101,27.4616,2,1
7003,512.699,218.285,2,1
7004,269.736,283.736,2,1
7005,127.929,152.058,2,1
7006,416.854,234.185,2,1
7007,368.581,132.259,2,1
7008,331.938,37.3566,2,1
7009,21.5537,141.93,2,1
7010,568.111,119.474,2,1
7011,137.284,51.4994,2,0
7012,119.473,220.211,2,1
7013,372.237,227.154,2,1
7014,346.983,298,2,1
7015,402.184,87.0797,2,0
7016,362.031,40.0422,2,0
7017,241.697,163.365,2,1
7018,83.9443,228.997,2,1
7019,17.5464,50.6284,2,1
7020,559.527,21.9628,2,1
7021,177.05,139.546,2,1
7022,529.806,161.624,2,1
7023,77.9224,40.5748,2,1
7024,264.239,122.461,2,1
7025,399.215,285.071,2,1
7026,482.045,28.681,2,1
7027,377.603,130.431,2,1
7028,325.418,239.316,2,1
7029,434.598,288.101,2,1
7030,529.545,252.503,2,1
7031,323.479,254.782,2,1
7032,358.039,162.317,2,1
7033,307.76,283.269,2,1
7034,283.728,257.623,2,1
7035,506.204,57.1163,2,1
7036,469.134,141.457,2,1
7037,494.101,228.986,2,1
7038,257.416,43.4784,2,0
7039,580.59,58.9096,2,0
7040,551.899,272.94,2,1
7041,573.283,219.427,2,1
7042,330.789,254.246,2,1
7043,57.2499,80.2359,2,1
7044,271.043,279.522,2,1
7045,139.79,150.553,2,1
7046,411.632,71.811,2,0
7047,43.6951,91.1614,2,1
7048,135.627,41.9557,2,1
7049,46.1534,102.138,2,1
7050,9.43644,160.459,2,1
7051,7.26186,88.118,2,1
7052,290.341,7.89233,2,1
7053,570.763,33.3467,2,0
7054,145.284,166.844,2,1
7055,157.652,73.8676,2,1
7056,321.238,298,2,1
7057,594.803,135.72,2,1
7058,350.278,110.366,2,1
7059,453.97,193.431,2,1
7060,536.792,66.5104,2,0
7061,140.718,45.7347,2,1
7062,99.8323,298,2,1
7063,295.584,112.134,2,1
7064,362.437,58.3198,2,1
7065,478.445,24.0388,2,1
7066,516.03,168.788,2,1
7067,373.643,257.814,2,1
7068,382.308,164.871,2,1
7069,192.24,61.6173,2,1
7070,548.34,290.007,2,1
7071,439.962,88.7774,2,1
7072,10.0563,220.208,2,1
7073,522.64,246.325,2,1
7074,399.746,274.023,2,1
7075,255.72,119.006,2,1
7076,38.8251,261.922,2,1
7077,581.319,156.512,2,1
7078,219.767,61.1575,2,1
7079,507.293,201.339,2,1
7080,223.182,106.043,2,1
7081,213.227,287.44,2,1
7082,536.608,36.0643,2,1
7083,506.782,253.588,2,1
7084,577.793,257.135,2,1
7085,437.014,121.96,2,1
7086,404.468,156.784,2,1
7087,423.484,238.838,2,1
7088,344.039,123.824,2,1
7089,584.76,270.468,2,1
7090,440.46,80.9567,2,1
7091,413.381,47.5182,2,1
7092,437.728,255.237,2,1
7093,93.4283,38.5858,2,1
7094,156.011,79.4522,2,1
7095,537.163,60.2245,2,1
7096,442.331,137.537,2,1
7097,195.599,13.2647,2,1
7098,105.254,53.4168,2,0
7099,57.353,279.932,2,1
7100,525.882,243.925,2,1
7101,484.881,72.4924,2,1
7102,130.595,236.116,2,1
7103,91.3946,225.23,2,1
7104,190.797,291.375,2,1
7105,525.946,162.688,2,1
7106,126.875,194.746,2,1
7107,83.833,234.113,2,1
7108,562.264,213.706,2,1
7109,324.971,100.572,2,1
7110,58.8902,256.565,2,1
7111,573.852,266.279,2,1
7112,196.104,130.624,2,1
7113,305.924,33.5573,2,1
7114,235.263,63.5004,2,1
7115,158.38,17.2196,2,1
7116,321.659,276.211,2,1
7117,307.848,10.0439,2,1
7118,168.96,186.434,2,1
7119,506.685,220.994,2,1
7120,10.2656,284.683,2,1
7121,419.021,122.204,2,1
7122,210.884,213.422,2,1
7123,468.38,25.679,2,1
7124,227.452,30.084,2,0
7125,80.6034,194.618,2,1
7126,447.667,280.238,2,1
7127,13.2515,196.923,2,1
7128,328.03,5.48082,2,0
7129,492.809,279.026,2,1
7130,576.757,291.703,2,1
7131,19.9928,279.587,2,1
7132,285.914,50.4192,2,1
7133,29.2951,5.90193,2,1
7134,596.353,239.165,2,1
7135,566.263,63.7074,2,0
7136,119.564,230.826,2,1
7137,376.39,75.8511,2,1
7138,139.85,68.3728,2,1
7139,45.5505,140.712,2,1
7140,584.751,44.7141,2,1
7141,333.288,83.3607,2,1
7142,523.541,125.566,2,1
7143,485.166,157.569,2,1
7144,338.967,25.0282,2,0
7145,168.39,53.2401,2,1
7146,413.585,200.462,2,1
7147,128.002,290.626,2,1
7148,32.7628,45.2295,2,1
7149,84.4543,36.7107,2,1
7150,136.578,211.064,2,1
7151,148.734,193.238,2,1
7152,11.5425,238.241,2,1
7153,18.8207,251.33,2,1
7154,452.216,214.306,2,1
7155,569.658,270.246,2,1
7156,115.413,263.657,2,1
7157,34.8354,64.1548,2,1
7158,58.0749,68.2046,2,1
7159,273.122,206.061,2,1
7160,587.982,31.1364,2,1
7161,254.579,174.203,2,1
7162,398.232,57.6441,2,1
7163,438.013,129.433,2,1
7164,427.449,237.151,2,1
7165,413.864,75.18,2,0
7166,511.63,241.543,2,1
7167,568.854,29.802,2,0
7168,417.373,140.799,2,1
7169,403.854,282.685,2,1
7170,445.462,298,2,1
7171,69.167,9.83716,2,0
7172,570.459,41.2155,2,1
7173,570.658,274.203,2,1
7174,242.51,211.514,2,1
7175,288.41,244.587,2,1
7176,505.253,259.163,2,1
7177,382.875,88.438,2,1
7178,250.375,263.384,2,1
7179,436.94,231.108,2,1
7180,379.904,253.165,2,1
7181,525.357,10.6629,2,1
7182,407.889,73.2386,2,0
7183,69.9163,63.0214,2,1
7184,536.093,131.947,2,1
7185,212.291,38.4133,2,1
7186,206.309,213.219,2,1
7187,147.183,226.332,2,1
7188,277.891,298,2,1
7189,431.118,126.618,2,1
7190,279.633,258.616,2,1
7191,424.689,9.3123,2,0
7192,396.456,77.1879,2,1
7193,311.977,129.44,2,1
7194,154.833,22.1639,2,1
7195,117.592,122.669,2,1
7196,485.087,287.371,2,1
7197,361.906,193.942,2,1
7198,71.0799,2,2,1
7199,30.4373,244.907,2,1
7200,321.091,185.802,2,1
7201,279.334,180.641,2,1
7202,115.122,132.738,2,1
7203,234.92,297.562,2,1
7204,360.301,128.804,2,1
7205,314.599,221.85,2,1
7206,436.015,182.618,2,1
7207,579.743,120.279,2,1
7208,453.549,290.972,2,1
7209,152.902,125.983,2,1
7210,451.659,176.94,2,1
7211,256.467,235.195,2,1
7212,413.893,13.1502,2,1
7213,380.137,280.755,2,1
7214,181.008,181.095,2,1
7215,209.674,157.29,2,1
7216,551.923,218.778,2,1
7217,75.9373,242.805,2,1
7218,332.493,242.679,2,1
7219,54.9635,116.155,2,1
7220,150.829,287.185,2,1
7221,585.139,5.54337,2,1
7222,273.298,83.3148,2,1
7223,108.462,136.15,2,1
7224,38.5337,227.496,2,1
7225,364.396,226.024,2,1
7226,75.4518,88.4875,2,0
7227,498.314,221.335,2,1
7228,163.48,101.723,2,1
7229,556.245,178.615,2,1
7230,304.184,19.6665,2,1
7231,259.539,260.139,2,1
7232,434.398,178.936,2,1
7233,244.649,9.9128,2,0
7234,542.667,60.8125,2,0
7235,97.0583,219.444,2,1
7236,66.312,204.236,2,1
7237,326.78,53.6,2,1
7238,457.321,70.8221,2,1
7239,197.673,105.66,2,1
7240,217.084,202.635,2,1
7241,116.172,32.8954,2,1
7242,50.192,82.3584,2,1
7243,415,246.301,2,1
7244,239.956,130.494,2,1
7245,197.064,53.5923,2,1
7246,354.59,201.526,2,1
7247,316.151,198.119,2,1
7248,537.212,261.754,2,1
7249,7.31988,270.407,2,1
7250,188.111,132.058,2,1
7251,281.342,229.598,2,1
7252,554.738,183.585,2,1
7253,435.756,266.571,2,1
7254,64.9755,72.1789,2,1
7255,528.895,290.233,2,1
7256,519.665,139.754,2,1
7257,153.526,103.985,2,1
7258,515.825,68.5135,2,1
7259,570.361,246.871,2,1
7260,165.746,58.8444,2,0
7261,521.157,240.439,2,1
7262,362.895,25.3349,2,1
7263,576.936,16.6957,2,1
7264,510.775,294.276,2,1
7265,124.254,282.143,2,1
7266,581.556,175.435,2,1
7267,395.015,173.979,2,1
7268,46.3154,115.499,2,1
7269,120.063,50.3645,2,1
7270,238.403,82.2197,2,1
7271,72.9365,14.4243,2,1
7272,490.466,27.8243,2,1
7273,323.127,108.456,2,1
7274,191.112,163.044,2,1
7275,196.401,211.165,2,1
7276,75.0167,267.985,2,1
7277,366.105,251.479,2,1
7278,135.813,29.9979,2,1
7279,538.853,225.247,2,1
7280,150.477,267.934,2,1
7281,250.491,174.513,2,1
7282,147.376,260.4,2,1
7283,67.8665,74.9554,2,0
7284,83.2375,148.544,2,1
7285,343.408,41.3495,2,1
7286,424.44,15.7107,2,1
7287,61.5537,210.586,2,1
7288,207.514,162.139,2,1
7289,488.5,125.879,2,1
7290,119.878,151.098,2,1
7291,206.851,232.478,2,1
7292,383.899,97.6008,2,1
7293,395.23,207.912,2,1
7294,210.508,164.84,2,1
7295,132.875,70.1427,2,1
7296,277.33,158.563,2,1
7297,428.036,249.047,2,1
7298,355.04,92.9288,2,1
7299,184.031,143.953,2,1
7300,421.785,273.099,2,1
7301,433.442,224.811,2,1
7302,414.956,110.483,2,1
7303,436.284,30.613,2,1
7304,362.679,144.923,2,1
7305,183.423,267.554,2,1
7306,61.7847,97.9914,2,1
7307,515.495,201.006,2,1
7308,293.919,31.782,2,1
7309,492.283,94.2774,2,1
7310,572.872,250.655,2,1
7311,482.624,95.6518,2,1
7312,314.213,46.3769,2,1
7313,535.236,192.082,2,1
7314,197.76,145.543,2,1
7315,255.397,226.088,2,1
7316,363.968,84.5625,2,1
7317,15.9024,156.893,2,1
7318,205.357,183.007,2,1
7319,341.6,298,2,1
7320,449.764,129.9,2,1
7321,63.3357,270.929,2,1
7322,116.814,249.288,2,1
7323,389.956,17.7882,2,1
7324,300.388,294.433,2,1
7325,34.9694,260.557,2,1
7326,320.92,261.478,2,1
7327,453.598,51.6933,2,0
7328,424.497,36.7551,2,1
7329,538.255,252.29,2,1
7330,212.38,13.9444,2,1
7331,77.4807,141.701,2,1
7332,342.303,71.4785,2,1
7333,422.241,5.59794,2,0
7334,378.25,232.004,2,1
7335,483.893,190.419,2,1
7336,220.249,57.0858,2,1
7337,360.719,136.853,2,1
7338,145.348,277.004,2,1
7339,310.026,85.0151,2,1
7340,205.5,101.507,2,1
7341,290.207,290.873,2,1
7342,106.518,206.726,2,1
7343,305.697,58.732,2,1
7344,355.401,128.029,2,1
7345,91.7521,220.199,2,1
7346,390.506,252.404,2,1
7347,198.485,136.538,2,1
7348,365.266,230.265,2,1
7349,470.998,160.221,2,1
7350,305.734,142.154,2,1
7351,428.595,129.881,2,1
7352,238.179,74.393,2,1
7353,374.269,49.9485,2,1
7354,255.044,86.2247,2,1
7355,194.394,152.038,2,1
7356,100.853,88.8997,2,1
7357,420.499,17.0084,2,0
7358,269.386,275.79,2,1
7359,248.727,9.43677,2,0
7360,207.463,298,2,1
7361,419.438,81.5846,2,0
7362,370.991,192.808,2,1
7363,130.502,109.733,2,1
7364,300.644,21.605,2,1
7365,198.427,282.847,2,1
7366,403.168,2,2,1
7367,13.9531,290.646,2,1
7368,91.539,298,2,1
7369,83.2273,126.634,2,1
7370,225.738,208.532,2,1
7371,184.051,147.971,2,1
7372,291.524,218.385,2,1
7373,32.6221,130.852,2,1
7374,554.742,111.62,2,1
7375,348.376,12.7867,2,1
7376,193.715,65.4896,2,1
7377,507.435,102.635,2,1
7378,113.344,251.381,2,1
7379,486.013,221.78,2,1
7380,181.226,244.965,2,1
7381,266.53,2,2,1
7382,400.844,200.15,2,1
7383,319.58,96.1332,2,0
7384,493.551,193.329,2,1
7385,538.168,2,2,1
7386,249.583,150.317,2,1
7387,473.376,49.0146,2,0
7388,428.89,157.928,2,1
7389,497.401,168.755,2,1
7390,205.759,158.473,2,1
7391,32.5147,234.272,2,1
7392,400.137,161.389,2,1
7393,235.035,104.357,2,1
7394,125.324,190.568,2,1
7395,400.551,259.635,2,1
7396,375.196,102.761,2,1
7397,507.472,153.535,2,1
7398,517.858,284.952,2,1
7399,428.735,8.74498,2,1
7400,457.23,266.268,2,1
7401,45.4079,159.203,2,1
7402,248.656,259.725,2,1
7403,468.042,102.493,2,1
7404,97.6271,156.252,2,1
7405,560.282,236.306,2,1
7406,534.094,284.225,2,1
7407,421.762,143.693,2,1
7408,121.874,44.7379,2,1
7409,170.626,191.284,2,1
7410,579.527,38.4972,2,1
7411,446.091,2,2,1
7412,406.665,16.3002,2,0
7413,351.223,43.6822,2,1
7414,294.26,290.894,2,1
7415,150.666,22.5484,2,1
7416,313.797,295.834,2,1
7417,501.264,258.834,2,1
7418,456.121,48.4664,2,0
7419,175.882,258.805,2,1
7420,313.228,235.758,2,1
7421,592.638,83.4766,2,1
7422,1.88449,204.245,2,1
7423,267.987,124.129,2,1
7424,100.376,5.49815,2,1
7425,211.643,68.909,2,1
7426,43.7208,252.04,2,1
7427,257.562,81.4742,2,1
7428,358.953,151.619,2,1
7429,442.13,129.443,2,1
7430,141.087,49.8171,2,1
7431,558.689,95.7187,2,1
7432,361.494,203.868,2,1
7433,386.348,164.612,2,1
7434,428.514,30.6661,2,0
7435,213.336,210.061,2,1
7436,479.844,189.78,2,1
7437,541.937,36.8699,2,1
7438,61.8173,85.528,2,1
7439,453.377,272.549,2,1
7440,404.089,117.395,2,1
7441,0.228921,149.685,2,1
7442,568.841,250.659,2,1
7443,587.625,173.198,2,1
7444,80.6087,276.47,2,1
7445,145.371,130.026,2,1
7446,142.223,287.549,2,1
7447,287.099,161.461,2,1
7448,41.5723,273.863,2,1
7449,62.7044,298,2,1
7450,350.968,92.6057,2,1
7451,435.498,214.857,2,1
7452,464.743,269.101,2,1
7453,13.2672,191.582,2,1
7454,390.962,137.248,2,1
7455,454.676,8.7332,2,0
7456,505.865,106.695,2,1
7457,87.6346,172.172,2,1
7458,217.823,43.365,2,1
7459,163.871,111.78,2,1
7460,196.695,231.854,2,1
7461,219.571,104.188,2,1
7462,102.48,245.185,2,1
7463,38.1134,84.7763,2,1
7464,23.4268,165.518,2,1
7465,50.5001,263.486,2,1
7466,389.104,274.857,2,1
7467,38.1943,104.951,2,1
7468,558.476,63.9915,2,1
7469,6.13701,34.8604,2,1
7470,553.949,222.228,2,1
7471,420.954,71.2205,2,1
7472,51.5374,254.573,2,1
7473,242.742,220.096,2,1
7474,67.6683,186.678,2,1
7475,94.4288,163.133,2,1
7476,29.8314,142.019,2,1
7477,29.4487,231.465,2,1
7478,391.751,106.125,2,1
7479,92.6213,253.108,2,1
7480,319.773,213.78,2,1
7481,451.518,287.341,2,1
7482,483.647,162.53,2,1
7483,599.868,278.547,2,1
7484,56.666,88.0367,2,1
7485,109.261,250.046,2,1
7486,589.827,176.672,2,1
7487,309.603,106.054,2,1
7488,52.0152,113.373,2,1
7489,207.971,90.3113,2,1
7490,80.8727,16.1404,2,1
7491,432.734,46.2006,2,1
7492,251.777,57.1063,2,1
7493,443.881,207.51,2,1
7494,297.05,144.37,2,1
7495,230.915,281.051,2,1
7496,232.233,49.754,2,0
7497,331.537,56.6984,2,1
7498,158.282,158.317,2,1
7499,103.53,290.755,2,1
7500,510.267,162.224,2,1
7501,276.076,93.1886,2,1
7502,90.9089,86.37,2,1
7503,33.3882,31.4875,2,1
7504,557.53,220.296,2,1
7505,368.034,157.769,2,1
7506,417.617,272.903,2,1
7507,49.8567,277.467,2,1
7508,477.058,180.712,2,1
7509,224.465,271.236,2,1
7510,318.344,46.3623,2,1
7511,468.751,89.4586,2,0
7512,192.603,83.7099,2,1
7513,50.5372,185.337,2,1
7514,455.522,223.852,2,1
7515,86.635,66.1635,2,1
7516,316.402,229.91,2,1
7517,92.8219,179.039,2,1
7518,251.242,186.227,2,1
7519,158.444,267.922,2,1
7520,354.134,239.159,2,1
7521,44.557,271.15,2,1
7522,465.846,290.922,2,1
7523,572.621,277.873,2,1
7524,456.454,12.3353,2,0
7525,365.5,122.424,2,1
7526,78.4265,273.04,2,1
7527,528.067,190.471,2,1
7528,254.991,150.621,2,1
7529,384.731,14.0024,2,1
7530,115.944,209.672,2,1
7531,337.036,200.548,2,1
7532,376.461,211.655,2,1
7533,192.543,4.7794,2,0
7534,512.982,159.116,2,1
7535,415.693,152.684,2,1
7536,513.784,38.5942,2,1
7537,425.396,256.619,2,1
7538,128.669,82.3095,2,1
7539,489.098,207.188,2,1
7540,149.056,222.678,2,1
7541,262.166,94.3514,2,0
7542,98.3031,2,2,1
7543,119.745,273.524,2,1
7544,90.2308,204.999,2,1
7545,244.169,294.519,2,1
7546,514.645,183.206,2,1
7547,551.164,173.221,2,1
7548,457.503,95.0744,2,1
7549,147.247,170.396,2,1
7550,62.0828,32.4955,2,1
7551,297.704,265.288,2,1
7552,17.2749,260.676,2,1
7553,123.609,230.559,2,1
7554,348.729,274.694,2,1
7555,1.51566,208.333,2,1
7556,348.787,206.922,2,1
7557,496.501,8.70499,2,1
7558,92.8914,63.1408,2,1
7559,567.802,298,2,1
7560,161.023,195.499,2,1
7561,149.907,95.2231,2,1
7562,551.716,133.555,2,1
7563,77.1752,60.2059,2,1
7564,248.074,54.0481,2,1
7565,266.857,261.463,2,1
7566,521.943,203.292,2,1
7567,66.7302,18.0209,2,1
7568,524.048,298,2,1
7569,531.602,249.064,2,1
7570,340.79,219.138,2,1
7571,404.05,74.6396,2,1
7572,323.412,227.298,2,1
7573,268.669,107.945,2,1
7574,441.937,61.6655,2,1
7575,51.6689,196.005,2,1
7576,305.832,275.275,2,1
7577,540.595,125.331,2,1
7578,157.543,167.919,2,1
7579,9.2665,136.184,2,1
7580,179.224,287.399,2,1
7581,525.438,225.775,2,1
7582,201.057,32.7883,2,1
7583,274.302,232.981,2,1
7584,296.772,56.4633,2,1
7585,97.2432,118.762,2,1
7586,578.017,49.8269,2,1
7587,380.5,201.091,2,1
7588,271.142,199.019,2,1
7589,326.248,286.095,2,1
7590,175.166,290.118,2,1
7591,503.87,210.482,2,1
7592,304.089,226.186,2,1
7593,335.415,70.7167,2,1
7594,265.237,221.276,2,1
7595,7.45471,41.9684,2,1
7596,279.452,60.5919,2,1
7597,48.6075,227.191,2,1
7598,229.207,131.502,2,1
7599,596.365,184.346,2,1
7600,24.2748,106.148,2,1
7601,564.247,88.5366,2,1
7602,187.509,276.519,2,1
7603,328.116,83.6428,2,1
7604,212.8,118.113,2,1
7605,28.9199,88.1194,2,1
7606,535.246,39.8426,2,1
7607,405.74,279.01,2,1
7608,22.0772,114.519,2,1
7609,467.981,46.1747,2,1
7610,43.3675,29.0508,2,1
7611,294.556,190.551,2,1
7612,5.40834,202.233,2,1
7613,137.96,294.412,2,1
7614,126.981,171.005,2,1
7615,438.407,19.9833,2,0
7616,74.1222,199.338,2,1
7617,439.455,58.1106,2,0
7618,219.118,214.375,2,1
7619,259.721,156.714,2,1
7620,380.886,291.509,2,1
7621,575.594,260.627,2,1
7622,15.934,212.186,2,1
7623,108.008,210.456,2,1
7624,512.359,298,2,1
7625,358.02,273.713,2,1
7626,293.892,49.9546,2,0
7627,62.6048,290.905,2,1
7628,543.465,174.823,2,1
7629,14.0777,275.604,2,1
7630,40.7876,121.498,2,1
7631,306.603,100.495,2,1
7632,451.257,86.6713,2,1
7633,325.691,277.916,2,1
7634,348.428,266.785,2,1
7635,74.1265,164.842,2,1
7636,205.309,68.3443,2,1
7637,328.225,12.629,2,1
7638,457.164,140.937,2,1
7639,460.08,153.644,2,1
7640,515.119,49.46,2,0
7641,202.926,292.63,2,1
7642,105.171,195.106,2,1
7643,551.273,129.488,2,1
7644,66.0911,216.417,2,1
7645,246.172,113.49,2,1
7646,101.521,294.278,2,1
7647,501.588,206.997,2,1
7648,210.806,187.511,2,1
7649,376.635,202.406,2,1
7650,449.028,162.98,2,1
7651,165.43,266.003,2,1
7652,571.318,145.912,2,1
7653,409.828,92.7665,2,1
7654,579.771,235.187,2,1
7655,527.679,80.9048,2,1
7656,351.803,68.5896,2,1
7657,403.974,28.9249,2,1
7658,324.474,30.0586,2,1
7659,133.36,48.2982,2,0
7660,341.183,193.931,2,1
7661,175.857,70.1049,2,0
7662,492.735,135.928,2,1
7663,334.819,53.0723,2,0
7664,523.3,293.972,2,1
7665,559.737,88.1866,2,1
7666,147.289,200.05,2,1
7667,192.023,171.122,2,1
7668,437.42,137.532,2,1
7669,190.863,227.042,2,1
7670,279.444,36.293,2,0
7671,495.78,69.6621,2,1
7672,433.68,68.8856,2,1
7673,261.954,223.566,2,1
7674,495.568,103.43,2,1
7675,89.5326,41.9066,2,1
7676,113.464,35.8984,2,0
7677,218.307,12.8218,2,1
7678,94.1834,188.172,2,1
7679,132.982,264.325,2,1
7680,279.31,128.238,2,1
7681,387.343,205.279,2,1
7682,446.826,37.2211,2,1
7683,298.533,60.3417,2,0
7684,247.302,273.891,2,1
7685,396.192,160.134,2,1
7686,200.96,261.095,2,1
7687,172.123,251.584,2,1
7688,336.648,207.07,2,1
7689,592.366,68.6008,2,1
7690,220.518,188.063,2,1
7691,91.3972,290.918,2,1
7692,169.611,148.028,2,1
7693,15.2114,148.334,2,1
7694,500.804,130.231,2,1
7695,132.137,283.625,2,1
7696,26.7207,56.9124,2,0
7697,574.879,160.801,2,1
7698,536.383,273.78,2,1
7699,414.522,114.462,2,1
7700,89.3396,287.481,2,1
7701,324.856,262.783,2,1
7702,544.75,273.485,2,1
7703,570.459,203.702,2,1
7704,404.468,90.538,2,0
7705,287.096,134.047,2,1
7706,309.953,132.897,2,1
7707,596.07,146.581,2,1
7708,281.356,114.242,2,1
7709,429.321,229.01,2,1
7710,92.8974,142.794,2,1
7711,518.268,165.199,2,1
7712,253.652,212.45,2,1
7713,38.481,113.088,2,1
7714,415.145,226.67,2,1
7715,422.432,243.052,2,1
7716,381.729,173.761,2,1
7717,104.79,238.106,2,1
7718,340.723,275.318,2,1
7719,115.823,43.5083,2,0
7720,264.733,130.619,2,1
7721,22.737,173.407,2,1
7722,29.8359,123.733,2,1
7723,20.3095,206.071,2,1
7724,130.309,267.379,2,1
7725,127.547,137.085,2,1
7726,229.035,259.278,2,1
7727,25.3765,90.0067,2,1
7728,473.329,179.063,2,1
7729,447.884,207.905,2,1
7730,395.946,258.019,2,1
7731,134.644,2,2,1
7732,133.102,213.211,2,1
7733,104.281,108.994,2,1
7734,553.179,247.342,2,1
7735,290.106,131.212,2,1
7736,72.8359,294.502,2,1
7737,395.934,296.002,2,1
7738,476.954,78.239,2,1
7739,272.314,44.4449,2,1
7740,490.116,64.2602,2,0
7741,76.9724,294.56,2,1
7742,483.452,176.286,2,1
7743,587.919,191.128,2,1
7744,369.54,258.015,2,1
7745,555.277,173.911,2,1
7746,169.8,143.977,2,1
7747,93.8868,171.285,2,1
7748,82.6807,119.382,2,1
7749,136.836,190.249,2,1
7750,554.592,28.4792,2,1
7751,356.533,5.59891,2,1
7752,403.701,209.308,2,1
7753,3.5228,271.913,2,1
7754,224.273,189.693,2,1
7755,472.617,121.923,2,1
7756,487.251,275.68,2,1
7757,471.56,28.195,2,1
7758,428.774,199.261,2,1
7759,167.543,43.9918,2,1
7760,392.106,199.993,2,1
7761,203.041,56.2437,2,1
7762,421.489,39.6826,2,1
7763,46.7427,151.052,2,1
7764,210.465,83.5841,2,1
7765,165.65,291.037,2,1
7766,142.369,169.741,2,1
7767,174.004,160.127,2,1
7768,54.1215,106.203,2,1
7769,506.185,213.837,2,1
7770,515.461,255.181,2,1
7771,25.6584,102.283,2,1
7772,207.32,176.112,2,1
7773,241.85,101.828,2,1
7774,140.222,291.105,2,1
7775,559.553,205.31,2,1
7776,362.051,174.984,2,1
7777,94.8519,222.894,2,1
7778,370.374,164.872,2,1
7779,206.646,115.515,2,1
7780,416.464,34.8011,2,1
7781,455.296,276.126,2,1
7782,510.649,170.412,2,1
7783,533.578,62.1689,2,1
7784,568.485,83.5853,2,1
7785,570.858,8.99567,2,1
7786,568.925,75.9717,2,0
7787,441.437,133.579,2,1
7788,252.135,37.4135,2,1
7789,5.1445,75.8439,2,1
7790,540.036,133.037,2,1
7791,50.1274,189.485,2,1
7792,251.026,290.23,2,1
7793,482.132,116.939,2,1
7794,447.155,269.119,2,1
7795,226.413,247.153,2,1
7796,370.94,154.367,2,1
7797,10.1142,146.914,2,1
7798,143.404,61.313,2,0
7799,142.433,294.477,2,1
7800,9.14014,18.6604,2,1
7801,403.834,13.1183,2,1
7802,574.832,24.2345,2,1
7803,259.41,226.875,2,1
7804,15.5198,81.7824,2,1
7805,413.82,42.5096,2,1
7806,179.576,256.101,2,1
7807,500.111,217.677,2,1
7808,29.4199,103.695,2,1
7809,225.881,5.93713,2,0
7810,502.549,167.57,2,1
7811,368.426,179.35,2,1
7812,144.329,210.949,2,1
7813,563.839,243.684,2,1
7814,433.403,281.835,2,1
7815,133.529,112.503,2,1
7816,225.441,149.681,2,1
7817,293.499,245.804,2,1
7818,330.253,9.15569,2,0
7819,261.962,146.785,2,1
7820,64.6837,208.005,2,1
7821,557.657,230.004,2,1
7822,90.113,119.582,2,1
7823,302.404,73.5177,2,1
7824,431.822,189.479,2,1
7825,390.686,196.15,2,1
7826,179.317,283.336,2,1
7827,156.554,238.334,2,1
7828,408.106,158.591,2,1
7829,357.465,57.8757,2,0
7830,475.49,232.678,2,1
7831,464.148,164.695,2,1
7832,502.897,255.174,2,1
7833,482.835,18.6892,2,1
7834,328.453,246.669,2,1
7835,45.483,224.648,2,1
7836,536.118,156.123,2,1
7837,179.048,115.014,2,1
7838,308.888,184.586,2,1
7839,334.394,103.687,2,1
7840,272.577,20.0343,2,1
7841,74.9603,27.1878,2,1
7842,205.833,132.603,2,1
7843,549.805,239.899,2,1
7844,552.565,294.074,2,1
7845,34.6328,275.354,2,1
7846,96.5108,96.3731,2,1
7847,174.333,175.782,2,1
7848,361.77,163.923,2,1
7849,584.935,248.881,2,1
7850,36.4855,197.214,2,1
7851,336.272,13.3732,2,1
7852,97.7119,238.847,2,1
7853,460.598,279.312,2,1
7854,580.131,107.732,2,1
7855,191.887,251.38,2,1
7856,303.073,217.185,2,1
7857,210.865,79.5401,2,1
7858,226.268,128.572,2,1
7859,367.668,233.695,2,1
7860,502.985,15.4424,2,0
7861,287.207,10.4705,2,1
7862,37.9321,257.707,2,1
7863,459.384,9.59396,2,0
7864,561.371,231.68,2,1
7865,328.82,29.924,2,1
7866,108.263,73.1652,2,1
7867,58.0903,18.5046,2,0
7868,314.481,190.282,2,1
7869,259.505,283.198,2,1
7870,499.458,102.218,2,1
7871,95.0431,83.3064,2,1
7872,390.197,165.709,2,1
7873,274.903,161.812,2,1
7874,516.425,61.3908,2,0
7875,33.1915,214.701,2,1
7876,516.459,156.979,2,1
7877,515.08,234.25,2,1
7878,111.031,4.88894,2,1
7879,528.349,222.735,2,1
7880,151.876,140.738,2,1
7881,441.104,121.735,2,1
7882,231.564,231.35,2,1
7883,425.231,110.09,2,1
7884,9.71666,179.71,2,1
7885,587.252,2.12221,2,1
7886,77.0953,154.055,2,1
7887,299.938,254.929,2,1
7888,199.365,217.428,2,1
7889,318.005,161.209,2,1
7890,137.145,6.07945,2,0
7891,395.919,23.3733,2,1
7892,470.106,247.648,2,1
7893,278.007,149.933,2,1
7894,542.354,9.17468,2,0
7895,399.728,90.3458,2,1
7896,192.894,111.108,2,1
7897,377.534,68.2674,2,0
7898,106.428,170.924,2,1
7899,215.799,175.124,2,1
7900,201.324,181.722,2,1
7901,463.693,87.3449,2,0
7902,590.281,217.075,2,1
7903,126.115,9.19827,2,1
7904,7.48234,13.689,2,0
7905,307.848,112.105,2,1
7906,36.7782,234.792,2,1
7907,337.476,109.252,2,1
7908,218.777,114.304,2,1
7909,108.504,239.77,2,1
7910,96.3238,209.849,2,1
7911,90.7225,182.474,2,1
7912,94.33,16.3508,2,1
7913,356.388,158.494,2,1
7914,388.46,110.43,2,1
7915,516.1,290.49,2,1
7916,415.924,98.1748,2,1
7917,377.601,82.3847,2,1
7918,152.045,14.755,2,1
7919,440.963,44.7595,2,1
7920,359.104,257.903,2,1
7921,417.581,20.2081,2,0
7922,231.159,97.3199,2,1
7923,364.217,290.808,2,1
7924,561.705,187.43,2,1
7925,539.362,192.409,2,1
7926,305.136,286.376,2,1
7927,497.426,94.3885,2,1
7928,261.864,210.145,2,1
7929,525.95,2,2,1
7930,503.651,67.9275,2,1
7931,553.091,169.669,2,1
7932,205.94,95.2122,2,1
7933,323.522,46.177,2,1
7934,75.5436,170.646,2,1
7935,25.9541,243.881,2,1
7936,124.961,156.022,2,1
7937,556.11,160.507,2,1
7938,292.646,283.276,2,1
7939,137.568,127.555,2,1
7940,475.518,198.689,2,1
7941,137.176,110.815,2,1
7942,11.6109,83.2557,2,1
7943,383.324,180.45,2,1
7944,103.202,213.972,2,1
7945,254.991,101.063,2,1
7946,554.595,8.82409,2,1
7947,383.833,36.1737,2,1
7948,115.811,267.827,2,1
7949,179.852,154.677,2,1
7950,337.96,264.729,2,1
7951,421.518,126.08,2,1
7952,478.725,267.641,2,1
7953,595.602,243.989,2,1
7954,159.265,65.779,2,1
7955,245.978,75.5953,2,1
7956,56.4772,35.1279,2,1
7957,122.417,263.016,2,1
7958,484.311,142.843,2,1
7959,431.088,251.921,2,1
7960,575.128,31.6629,2,0
7961,593.101,294.455,2,1
7962,250.953,86.6903,2,1
7963,90.781,165.105,2,1
7964,246.939,128.233,2,1
7965,508.497,271.102,2,1
7966,488.941,72.6448,2,1
7967,431.745,99.5169,2,1
7968,129.704,20.4905,2,1
7969,445.23,168.321,2,1
7970,69.9434,67.0352,2,1
7971,276.33,222.105,2,1
7972,222.791,25.5634,2,0
7973,5.44467,206.356,2,1
7974,117.453,15.7753,2,0
7975,470.436,251.8,2,1
7976,61.4638,242.159,2,1
7977,576.642,193.673,2,1
7978,56.0679,206.56,2,1
7979,358.727,184.318,2,1
7980,67.1918,44.8536,2,1
7981,102.775,263.129,2,1
7982,276.282,21.8889,2,1
7983,563.981,147.829,2,1
7984,294.004,90.4082,2,1
7985,450.48,191.24,2,1
7986,457.452,36.2807,2,1
7987,287.519,181.071,2,1
7988,427.661,99.9439,2,1
7989,251.616,273.247,2,1
7990,200.267,2,2,1
7991,207.741,140.1,2,1
7992,428.739,21.2504,2,1
7993,556.341,46.7848,2,1
7994,366.293,126.564,2,1
7995,344.294,45.2754,2,1
7996,238.976,218.658,2,1
7997,446.146,72.9266,2,1
7998,313.019,273.594,2,1
7999,285.332,14.0526,2,1
8000,300.912,2,2,1
8001,348.291,155.296,2,1
8002,502.492,146.087,2,1
8003,180.454,137.346,2,1
8004,544.601,186.92,2,1
8005,304.125,271.607,2,1
8006,272.275,32.2061,2,0
8007,98.0541,30.3457,2,1
8008,380.866,58.1816,2,0
8009,586.718,245.196,2,1
8010,445.756,68.867,2,0
8011,598.279,168.456,2,1
8012,67.3029,236.456,2,1
8013,185.765,195.159,2,1
8014,201.568,66.91,2,1
8015,152.704,91.5139,2,1
8016,111.936,229.31,2,1
8017,317.619,64.0425,2,0
8018,591.402,277.602,2,1
8019,421.246,160.292,2,1
8020,215.934,246.131,2,1
8021,503.375,81.3249,2,1
8022,513.187,88.5307,2,0
8023,144.08,143.337,2,1
8024,557.857,240.758,2,1
8025,75.2084,72.102,2,0
8026,212.306,64.2109,2,1
8027,115.783,236.203,2,1
8028,565.147,154.522,2,1
8029,462.969,135.967,2,1
8030,501.822,107.247,2,1
8031,544.163,158.832,2,1
8032,102.033,20.3679,2,1
8033,162.33,168.588,2,1
8034,154.314,36.3281,2,1
8035,288.437,173.069,2,1
8036,582.962,20.3046,2,0
8037,369.977,40.0592,2,1
8038,380.521,140.976,2,1
8039,210.648,114.714,2,1
8040,550.589,29.0867,2,1
8041,516.935,132.14,2,1
8042,218.561,36.1453,2,1
8043,261.558,106.857,2,1
8044,97.6338,148.036,2,1
8045,399.268,203.865,2,1
8046,286.17,91.7111,2,1
8047,96.7751,144.091,2,1
8048,120.318,216.151,2,1
8049,85.402,200.409,2,1
8050,595.851,56.7994,2,1
8051,96.8866,198.222,2,1
8052,227.365,178.659,2,1
8053,14.776,241.451,2,1
8054,342.994,119.81,2,1
8055,546.6,155.555,2,1
8056,562.92,102.409,2,1
8057,508.743,257.206,2,1
8058,320.893,85.659,2,1
8059,38.0571,31.2156,2,1
8060,292.681,145.564,2,1
8061,183.904,15.6031,2,1
8062,84.8973,253.087,2,1
8063,143.754,243.525,2,1
8064,151.306,43.4335,2,1
8065,578.927,201.442,2,1
8066,38.3742,298,2,1
8067,179.877,68.9962,2,0
8068,412.474,85.6388,2,1
8069,30.7949,274.135,2,1
8070,265.891,95.9588,2,0
8071,112.957,193.937,2,1
8072,384.919,58.1402,2,0
8073,380.936,62.2668,2,0
8074,389.984,46.9004,2,0
8075,469.578,149.787,2,1
8076,333.207,49.2946,2,0
8077,551.715,225.583,2,1
8078,219.759,175.83,2,1
8079,352.599,32.8292,2,1
8080,83.37,298,2,1
8081,527.82,21.4156,2,1
8082,261.382,169.641,2,1
8083,220.904,118.157,2,1
8084,115.706,139.541,2,1
8085,349.307,218.453,2,1
8086,152.925,275.689,2,1
8087,248.207,266.799,2,1
8088,462.391,52.2148,2,0
8089,2.90032,254.744,2,1
8090,423.984,234.733,2,1
8091,274.888,75.6208,2,1
8092,533.005,98.5209,2,1
8093,86.7155,245.126,2,1
8094,183.275,262.709,2,1
8095,165.885,255.323,2,1
8096,202.11,151.632,2,1
8097,128.629,188.249,2,1
8098,193.606,234.643,2,1
8099,215.239,67.0601,2,1
8100,231.093,273.432,2,1
8101,30.8013,63.9779,2,0
8102,110.927,118.502,2,1
8103,554.756,94.9469,2,1
8104,275.804,55.8765,2,1
8105,479.195,276.588,2,1
8106,375.008,154.112,2,1
8107,34.6528,97.9071,2,1
8108,255.841,12.2643,2,0
8109,236.207,36.1119,2,1
8110,473.38,136.486,2,1
8111,466.898,254.094,2,1
8112,563.523,16.1434,2,1
8113,540.904,221.71,2,1
8114,251.152,105.572,2,1
8115,265.095,284.297,2,1
8116,150.525,186.304,2,1
8117,107.004,132.385,2,1
8118,286.986,277.201,2,1
8119,528.289,237.152,2,1
8120,209.707,283.287,2,1
8121,442.625,144.656,2,1
8122,30.4671,160.878,2,1
8123,39.2008,231.52,2,1
8124,456.244,126.539,2,1
8125,63.5016,224.189,2,1
8126,231.489,241.341,2,1
8127,128.073,247.976,2,1
8128,518.685,212.678,2,1
8129,589.695,198.71,2,1
8130,392.705,141.187,2,1
8131,272.448,215.494,2,1
8132,56.5669,294.457,2,1
8133,536.055,236.658,2,1
8134,510.743,135.621,2,1
8135,291.814,179.795,2,1
8136,70.9983,268.762,2,1
8137,326.705,124.836,2,1
8138,384.662,109.072,2,1
8139,99.418,104.072,2,1
8140,121.39,227.216,2,1
8141,200.697,242.165,2,1
8142,555.175,197.344,2,1
8143,151.793,98.7877,2,1
8144,244.931,282.446,2,1
8145,137.464,104.064,2,1
8146,247.859,71.9673,2,1
8147,143.77,173.496,2,1
8148,522.852,133.058,2,1
8149,40.8135,88.0377,2,1
8150,206.555,46.2696,2,1
8151,367.832,269.757,2,1
8152,589.044,37.9864,2,1
8153,5.09593,91.4828,2,0
8154,404.311,266.005,2,1
8155,448.044,62.7345,2,0
8156,345.678,203.181,2,1
8157,385.013,84.3224,2,1
8158,491.725,69.6505,2,1
8159,164.006,240.83,2,1
8160,577.933,197.485,2,1
8161,413.157,194.599,2,1
8162,172.908,187.855,2,1
8163,169.702,198.716,2,1
8164,392.171,154.363,2,1
8165,539.21,175.402,2,1
8166,30.5459,10.3234,2,1
8167,132.548,204.632,2,1
8168,283.051,167.17,2,1
8169,369.528,292.723,2,1
8170,232.537,172.576,2,1
8171,327.928,290.525,2,1
8172,314.403,135.579,2,1
8173,293.56,186.638,2,1
8174,221.913,164.654,2,1
8175,144.486,162.916,2,1
8176,24.6689,286.936,2,1
8177,590.659,34.2093,2,1
8178,92.598,208.357,2,1
8179,24.8969,98.1866,2,1
8180,320.929,43.0437,2,1
8181,51.8311,123.714,2,1
8182,338.368,105.295,2,1
8183,244.829,142.573,2,1
8184,286.8,32.4614,2,1
8185,48.603,257.508,2,1
8186,450.891,116.944,2,1
8187,99.5276,60.5775,2,0
8188,556.855,280.166,2,1
8189,433.359,156.352,2,1
8190,472.763,9.90927,2,1
8191,10.9407,253.156,2,1
8192,191.226,154.703,2,1
8193,398.004,227.414,2,1
8194,195.622,73.2614,2,1
8195,564.443,117.626,2,1
8196,288.248,286.758,2,1
8197,122.099,293.196,2,1
8198,64.8379,138.772,2,1
8199,414.957,136.357,2,1
8200,415.471,276.316,2,1
8201,331.993,191.799,2,1
8202,156.971,194.734,2,1
8203,62.1643,65.2111,2,0
8204,275.929,209.095,2,1
8205,450.561,59.5911,2,1
8206,400.955,108.884,2,1
8207,379.323,235.937,2,1
8208,579.655,260.774,2,1
8209,125.597,105.166,2,1
8210,409.055,96.9014,2,1
8211,501.232,142.161,2,1
8212,377.308,250.122,2,1
8213,562.042,109.586,2,1
8214,331.112,64.4047,2,1
8215,11.8258,62.0305,2,1
8216,105.444,158.051,2,1
8217,31.898,248.631,2,1
8218,202.687,116.418,2,1
8219,450.663,35.9689,2,1
8220,503.944,53.6658,2,0
8221,241.407,24.4375,2,1
8222,480.606,89.3007,2,1
8223,166.628,232.852,2,1
8224,314.079,168.13,2,1
8225,266.368,100.371,2,1
8226,484.198,151.548,2,1
8227,251.688,204.312,2,1
8228,135.829,271.78,2,1
8229,130.786,33.0543,2,0
8230,91.1472,30.8746,2,1
8231,435.879,169.444,2,1
8232,140.152,54.4187,2,1
8233,445.113,45.0986,2,1
8234,0.386171,41.2127,2,1
8235,577.966,62.0118,2,0
8236,489.762,37.4832,2,1
8237,203.973,20.763,2,1
8238,508.169,138.775,2,1
8239,423.848,189.331,2,1
8240,510.219,26.7195,2,1
8241,135.07,249.992,2,1
8242,523.308,49.1368,2,1
8243,258.226,8.98889,2,0
8244,481.562,139.837,2,1
8245,599.321,242.115,2,1
8246,85.3388,132.364,2,1
8247,360.063,77.6331,2,1
8248,145.965,155.123,2,1
8249,593.945,231.863,2,1
8250,234.084,40.2328,2,1
8251,502.968,150.106,2,1
8252,313.431,243.674,2,1
8253,119.798,76.8648,2,1
8254,120.108,277.541,2,1
8255,185.679,234.125,2,1
8256,6.87067,274.424,2,1
8257,419.925,269.476,2,1
8258,423.708,60.1054,2,1
8259,585.871,48.6463,2,1
8260,131.783,153.203,2,1
8261,311.336,50.256,2,0
8262,105.001,279.423,2,1
8263,598.784,59.5225,2,1
8264,186.711,242.112,2,1
8265,65.9366,174.86,2,1
8266,547.434,76.4588,2,1
8267,556.124,267.151,2,1
8268,40.9052,254.933,2,1
8269,252.712,109.302,2,1
8270,464.47,75.2954,2,1
8271,81.2017,187.052,2,1
8272,546.523,72.4295,2,1
8273,245.316,150.4,2,1
8274,296.859,148.371,2,1
8275,275.963,89.1034,2,0
8276,116.466,275.865,2,1
8277,284.932,42.6934,2,1
8278,399.53,13.3004,2,1
8279,169.921,255.026,2,1
8280,3.2514,126.516,2,1
8281,66.0048,60.0162,2,0
8282,108.696,121.856,2,1
8283,146.26,249.576,2,1
8284,200.362,225.368,2,1
8285,437.772,262.553,2,1
8286,197.256,220.939,2,1
8287,209.226,220.66,2,1
8288,313.601,148.591,2,1
8289,575.126,78.3487,2,1
8290,586.924,149.755,2,1
8291,259.06,207.135,2,1
8292,30.245,79.9564,2,1
8293,433.74,54.1883,2,1
8294,531.354,218.436,2,1
8295,60.9866,6.26044,2,1
8296,362.747,80.7462,2,1
8297,474.015,62.1045,2,1
8298,37.8853,77.3151,2,1
8299,203.902,129.014,2,1
8300,427.739,267.682,2,1
8301,476.719,86.2306,2,1
8302,327.174,294.473,2,1
8303,43.4486,110.323,2,1
8304,457.522,234.601,2,1
8305,258.736,199.064,2,1
8306,282.693,183.127,2,1
8307,414.971,262.177,2,1
8308,318.575,209.769,2,1
8309,34.3255,141.686,2,1
8310,509.509,193.565,2,1
8311,151.546,271.801,2,1
8312,297.105,116.29,2,1
8313,217.66,156.41,2,1
8314,34.1703,111.375,2,1
8315,296.277,294.417,2,1
8316,473.485,245.478,2,1
8317,274.214,148.393,2,1
8318,454.971,85.0441,2,1
8319,13.6898,267.909,2,1
8320,326.539,26.6273,2,0
8321,93.7447,146.804,2,1
8322,301.832,239.558,2,1
8323,50.1938,101.61,2,1
8324,11.8323,157.23,2,1
8325,372.125,33.2465,2,0
8326,250.937,101.546,2,1
8327,342.141,139.201,2,1
8328,256.99,215.025,2,1
8329,38.5502,276.742,2,1
8330,518.556,153.414,2,1
8331,195.207,163.177,2,1
8332,485.692,98.3714,2,1
8333,154.715,136.7,2,1
8334,172.584,167.975,2,1
8335,423.516,90.6464,2,0
8336,549.655,222.137,2,1
8337,26.3657,125.787,2,1
8338,528.947,230.755,2,1
8339,403.777,24.6734,2,1
8340,547.021,232.282,2,1
8341,520.64,80.7908,2,1
8342,152.115,220.093,2,1
8343,261.206,245.408,2,1
8344,578.979,132.041,2,1
8345,363.831,210.206,2,1
8346,170.628,171.524,2,1
8347,384.576,24.5667,2,0
8348,465.723,14.2537,2,0
8349,84.5073,221.011,2,1
8350,150.128,233.662,2,1
8351,313.142,291.872,2,1
8352,429.568,256.215,2,1
8353,104.959,49.228,2,1
8354,492.166,298,2,1
8355,398.654,196.652,2,1
8356,250.631,208.641,2,1
8357,466.185,173.456,2,1
8358,276.576,217.455,2,1
8359,285.444,157.797,2,1
8360,84.4832,45.7651,2,1
8361,344.798,245.921,2,1
8362,95.027,256.351,2,1
8363,361.184,262.075,2,1
8364,304.46,85.9239,2,1
8365,475.392,31.1874,2,1
8366,203.05,250.354,2,1
8367,185.935,46.2092,2,1
8368,531.04,69.8273,2,1
8369,455.669,177.263,2,1
8370,191.648,119.428,2,1
8371,316.642,165.004,2,1
8372,589.004,97.9323,2,1
8373,62.8287,255.593,2,1
8374,249.586,277.229,2,1
8375,247.994,292.859,2,1
8376,28.0484,262.087,2,1
8377,339.883,124.331,2,1
8378,471.594,174.808,2,1
8379,545.311,261.399,2,1
8380,542.821,286.699,2,1
8381,554.325,58.0894,2,1
8382,460.701,231.202,2,1
8383,438.942,76.9924,2,1
8384,208.269,24.9091,2,1
8385,37.7168,201.529,2,1
8386,304.26,113.944,2,1
8387,22.0209,298,2,1
8388,532.316,103.12,2,1
8389,236.062,70.9018,2,1
8390,328.234,69.8323,2,1
8391,478.578,132.774,2,1
8392,152.774,236.703,2,1
8393,255.155,105.093,2,1
8394,146.812,59.0535,2,1
8395,71.8495,169.044,2,1
8396,78.7424,190.349,2,1
8397,490.042,229.136,2,1
8398,13.0998,93.7232,2,1
8399,280.981,5.52409,2,0
8400,158.432,36.6823,2,1
8401,275.387,64.0046,2,1
8402,88.7935,141.936,2,1
8403,83.5009,56.8165,2,0
8404,341.777,161.322,2,1
8405,80.4879,28.8742,2,1
8406,285.391,204.931,2,1
8407,353.859,251.828,2,1
8408,520.274,296.617,2,1
8409,202.68,71.4263,2,1
8410,226.241,267.042,2,1
8411,95.4652,290.874,2,1
8412,322.035,89.5622,2,1
8413,160.64,32.2832,2,0
8414,574.958,9.11774,2,1
8415,281.003,85.562,2,1
8416,241.768,270.213,2,1
8417,448.35,16.4248,2,1
8418,268.825,89.4587,2,0
8419,295.888,249.119,2,1
8420,293.937,106.616,2,1
8421,46.4874,298,2,1
8422,599.506,85.0675,2,0
8423,599.367,291.013,2,1
8424,20.3223,60.883,2,1
8425,21.8313,21.7286,2,0
8426,267.062,163.726,2,1
8427,456.08,199.499,2,1
8428,335.216,131.737,2,1
8429,136.826,242.103,2,1
8430,464.597,189.481,2,1
8431,406.522,200.544,2,1
8432,382.287,112.438,2,1
8433,469.862,243.551,2,1
8434,113.225,224.849,2,1
8435,112.798,155.003,2,1
8436,326.285,104.515,2,1
8437,277.722,271.509,2,1
8438,208.138,258.244,2,1
8439,200.115,193.04,2,1
8440,260.012,111.56,2,1
8441,135.219,74.7335,2,1
8442,410.562,269.238,2,1
8443,304.002,90.0558,2,1
8444,204.272,171.198,2,1
8445,549.883,122.619,2,1
8446,346.978,93.403,2,1
8447,547.818,218.562,2,1
8448,158.64,245.611,2,1
8449,393.093,184.727,2,1
8450,234.263,82.8256,2,1
8451,400.915,120.235,2,1
8452,239.394,288.582,2,1
8453,263.912,88.1629,2,0
8454,262.669,114.573,2,1
8455,542.208,2,2,1
8456,360.521,112.156,2,1
8457,544.82,169.493,2,1
8458,0.574977,9.78941,2,0
8459,412.349,216.436,2,1
8460,598.113,231.125,2,1
8461,585.962,63.7977,2,0
8462,438.401,165.688,2,1
8463,88.0761,262.046,2,1
8464,122.599,163.568,2,1
8465,469.716,239.373,2,1
8466,129.822,210.823,2,1
8467,307.12,170.806,2,1
8468,311.066,279.95,2,1
8469,594.334,180.703,2,1
8470,425.661,104.119,2,1
8471,397.997,232.104,2,1
8472,417.865,149.145,2,1
8473,402.538,36.5312,2,0
8474,340.326,5.57187,2,0
8475,18.0321,57.5571,2,1
8476,240.144,266.524,2,1
8477,318.837,204.674,2,1
8478,425.949,176.248,2,1
8479,254.632,208.425,2,1
8480,584.172,241.929,2,1
8481,433.503,233.387,2,1
8482,414.879,269.882,2,1
8483,225.765,76.369,2,1
8484,380.784,194.187,2,1
8485,218.271,166.505,2,1
8486,294.008,275.831,2,1
8487,375.215,30.6842,2,0
8488,58.4722,264.145,2,1
8489,478.083,263.606,2,1
8490,275.989,17.8588,2,1
8491,20.188,182.76,2,1
8492,312.318,199.67,2,1
8493,27.5051,72.9878,2,1
8494,342.669,211.416,2,1
8495,510.679,151.037,2,1
8496,396.122,181.905,2,1
8497,447.019,183.876,2,1
8498,339.029,236.759,2,1
8499,33.5105,85.5559,2,1
8500,108.214,227.438,2,1
8501,443.076,182.852,2,1
8502,325.161,111.989,2,1
8503,512.823,132.178,2,1
8504,579.206,30.8646,2,1
8505,461.752,290.966,2,1
8506,23.3504,203.15,2,1
8507,418.455,248.472,2,1
8508,253.921,41.0197,2,1
8509,30.7794,14.3792,2,1
8510,33.8084,122.975,2,1
8511,524.264,78.6227,2,1
8512,331.897,26.9781,2,1
8513,358.343,41.6291,2,1
8514,165.183,40.5825,2,1
8515,386.992,95.0352,2,1
8516,30.6809,75.5452,2,0
8517,184.14,222.632,2,1
8518,582.066,50.1959,2,1
8519,405.557,9.44653,2,1
8520,570.411,281.279,2,1
8521,161,93.3198,2,1
8522,176.195,206.169,2,1
8523,363.417,118.929,2,1
8524,434.103,294.357,2,1
8525,443.094,111.021,2,1
8526,522.678,57.1629,2,1
8527,454.411,162.49,2,1
8528,327.098,155.375,2,1
8529,377.296,157.577,2,1
8530,400.475,220.77,2,1
8531,599.692,129.308,2,1
8532,541.247,167.5,2,1
8533,361.241,29.0204,2,1
8534,142.16,157.836,2,1
8535,36.1409,223.34,2,1
8536,192.684,94.7538,2,1
8537,445.124,265.634,2,1
8538,17.8899,104.501,2,1
8539,302.013,247.662,2,1
8540,545.111,118.676,2,1
8541,87.6227,15.0861,2,1
8542,77.5572,174.56,2,1
8543,496.361,298,2,1
8544,274.452,190.156,2,1
8545,491.813,139.992,2,1
8546,412.846,258.658,2,1
8547,302.348,16.0841,2,0
8548,118.26,106.915,2,1
8549,433.336,146.694,2,1
8550,47.8375,90.4256,2,0
8551,42.311,94.9541,2,1
8552,188.045,170.321,2,1
8553,55.8204,122.838,2,1
8554,280.366,120.466,2,1
8555,300.404,152.796,2,1
8556,108.906,88.1004,2,1
8557,62.27,248.553,2,1
8558,492.897,179.749,2,1
8559,127.533,233.357,2,1
8560,9.18442,30.0974,2,1
8561,139.686,41.747,2,1
8562,401.228,81.4948,2,1
8563,201.518,94.4811,2,1
8564,292.548,267.813,2,1
8565,532.984,267.455,2,1
8566,443.793,214.936,2,1
8567,346.562,38.4703,2,1
8568,99.0434,152.495,2,1
8569,419.333,156.585,2,1
8570,463.782,287.411,2,1
8571,491.958,147.698,2,1
8572,402.476,135.69,2,1
8573,432.598,130.59,2,1
8574,360.83,278.031,2,1
8575,387.675,99.026,2,1
8576,310.106,24.8776,2,1
8577,594.536,121.5,2,1
8578,566.752,34.1082,2,0
8579,430.788,119.544,2,1
8580,135.804,186.351,2,1
8581,229.621,120.943,2,1
8582,298.18,156.711,2,1
8583,461.208,139.647,2,1
8584,283.286,163.04,2,1
8585,447.396,193.851,2,1
8586,506.968,14.5216,2,1
8587,543.218,24.7982,2,0
8588,483.854,218.283,2,1
8589,60.7122,294.476,2,1
8590,406.382,59.531,2,0
8591,559.336,9.43643,2,1
8592,4.63605,184.597,2,1
8593,386.894,152.009,2,1
8594,584.341,294.962,2,1
8595,411.337,298,2,1
8596,514.504,53.5102,2,0
8597,503.114,35.6829,2,1
8598,7.12905,291.208,2,1
8599,273.952,290.887,2,1
8600,476.967,271.296,2,1
8601,498.919,199.441,2,1
8602,598.968,33.5049,2,1
8603,50.3517,93.6585,2,1
8604,587.163,9.03311,2,0
8605,167.974,229.059,2,1
8606,561.378,32.8624,2,0
8607,382.05,224.751,2,1
8608,185.573,24.8845,2,0
8609,222.1,14.1657,2,1
8610,477.623,255.487,2,1
8611,157.131,85.5835,2,1
8612,373.256,157.75,2,1
8613,523.934,289.832,2,1
8614,31.9997,263.257,2,1
8615,287.191,80.6233,2,0
8616,509.376,183.345,2,1
8617,85.6876,100.645,2,1
8618,408.813,259.385,2,1
8619,133.914,239.353,2,1
8620,195.19,180.404,2,1
8621,259.003,136.396,2,1
8622,393.026,81.193,2,1
8623,332.752,275.554,2,1
8624,91.2356,150.006,2,1
8625,144.794,74.6331,2,1
8626,516.15,190.031,2,1
8627,314.158,103.331,2,1
8628,170.453,102.539,2,1
8629,494.258,86.1485,2,1
8630,539.471,74.2684,2,1
8631,214.822,168.636,2,1
8632,486.547,268.643,2,1
8633,212.522,60.0801,2,1
8634,353.566,146.51,2,1
8635,136.64,45.9409,2,0
8636,544.943,265.425,2,1
8637,161.993,152.79,2,1
8638,20.1008,76.2632,2,1
8639,537.161,187.162,2,1
8640,280.013,28.0008,2,1
8641,565.74,294.482,2,1
8642,543.159,163.03,2,1
8643,209.963,152.098,2,1
8644,566.094,41.3726,2,1
8645,102.477,206.34,2,1
8646,204.49,235.72,2,1
8647,220.284,262.995,2,1
8648,17.1495,20.9216,2,0
8649,259.889,70.157,2,1
8650,584.283,222.184,2,1
8651,506.08,161.038,2,1
8652,249.694,125.251,2,1
8653,10.3831,187.234,2,1
8654,156.22,298,2,1
8655,308.366,202.489,2,1
8656,478.032,28.1368,2,1
8657,200.296,170.644,2,1
8658,483.891,36.6032,2,1
8659,561.244,5.72414,2,0
8660,491.233,275.225,2,1
8661,283.427,21.5857,2,1
8662,104.841,174.701,2,1
8663,435.546,101.158,2,1
8664,99.4103,12.9599,2,0
8665,382.628,190.62,2,1
8666,230.028,160.682,2,1
8667,585.401,176.629,2,1
8668,548.48,294.122,2,1
8669,379.021,32.0275,2,1
8670,66.0131,64.0968,2,1
8671,261.582,17.8862,2,0
8672,56.6519,128.128,2,1
8673,445.423,59.6903,2,1
8674,81.4724,175.65,2,1
8675,8.26282,250.142,2,1
8676,581.058,99.6736,2,1
8677,462.763,248.802,2,1
8678,367.325,220.64,2,1
8679,579.09,9.1167,2,0
8680,474.603,143.66,2,1
8681,525.959,202.312,2,1
8682,480.374,143.789,2,1
8683,493.571,236.937,2,1
8684,77.4849,252.487,2,1
8685,324.055,162.902,2,1
8686,62.0798,57.1949,2,0
8687,441.48,236.788,2,1
8688,149.999,154.724,2,1
8689,290.446,61.0512,2,1
8690,479.807,185.628,2,1
8691,320.397,60.6043,2,0
8692,448.639,109.131,2,1
8693,250.996,169.618,2,1
8694,458.582,103.198,2,1
8695,179.375,42.8969,2,1
8696,244.035,98.3992,2,1
8697,523.611,28.0974,2,1
8698,524.64,129.432,2,1
8699,134.966,94.4907,2,1
8700,417.381,280.193,2,1
8701,328.374,200.13,2,1
8702,141.32,165.701,2,1
8703,221.696,76.1775,2,1
8704,201.637,9.79799,2,0
8705,413.733,291.035,2,1
8706,279.262,133.822,2,1
8707,339.973,97.3116,2,1
8708,494.597,53.7071,2,1
8709,322.389,175.447,2,1
8710,548.834,147.719,2,1
8711,499.611,243.309,2,1
8712,363.716,270.057,2,1
8713,124.806,160.066,2,1
8714,123.76,152.075,2,1
8715,425.936,231.167,2,1
8716,579.368,65.8142,2,0
8717,105.545,34.8212,2,1
8718,156.847,107.889,2,1
8719,0.249574,185.461,2,1
8720,274.756,123.646,2,1
8721,46.3965,71.4848,2,1
8722,70.5542,122.923,2,1
8723,183.704,70.4819,2,1
8724,228.809,188,2,1
8725,541.75,208.263,2,1
8726,550.332,2,2,1
8727,240.239,93.4728,2,1
8728,342.197,61.5145,2,0
8729,172.91,83.8918,2,0
8730,201.249,147.634,2,1
8731,513.288,119.564,2,1
8732,305.037,29.5154,2,1
8733,458.129,238.941,2,1
8734,197.027,87.8685,2,0
8735,306.078,134.292,2,1
8736,396.504,118.385,2,1
8737,589.4,266.945,2,1
8738,266.49,272.917,2,1
8739,385.83,17.9893,2,1
8740,244.627,187.483,2,1
8741,107.111,69.0573,2,1
8742,568.052,258.251,2,1
8743,144.064,273.159,2,1
8744,566.655,273.738,2,1
8745,324.705,57.1076,2,1
8746,152.01,79.3915,2,1
8747,12.3891,264.001,2,1
8748,459.191,275.2,2,1
8749,190.617,41.7085,2,1
8750,561.419,98.697,2,1
8751,431.814,267.497,2,1
8752,150.197,248.604,2,1
8753,283.001,74.1483,2,1
8754,130.807,51.4191,2,1
8755,83.5025,79.4122,2,1
8756,516.756,77.5057,2,0
8757,153.992,95.3233,2,1
8758,131.473,271.211,2,1
8759,18.7453,150.555,2,1
8760,339.175,179.896,2,1
8761,447.134,225.438,2,1
8762,572.374,284.871,2,1
8763,153.323,83.2371,2,1
8764,531.211,125.607,2,1
8765,228.56,201.026,2,1
8766,575.391,223.624,2,1
8767,359.744,298,2,1
8768,582.463,245.72,2,1
8769,58.5172,63.4271,2,0
8770,202.254,48.8585,2,1
8771,382.657,250.079,2,1
8772,338.137,2,2,1
8773,537.682,214.664,2,1
8774,83.9651,32.114,2,1
8775,496.69,136.594,2,1
8776,190.325,145.797,2,1
8777,298.127,164.624,2,1
8778,450.975,183.231,2,1
8779,406.112,262.419,2,1
8780,262.696,200.486,2,1
8781,245.056,216.806,2,1
8782,527.012,132.699,2,1
8783,431.537,236.875,2,1
8784,375.986,34.647,2,1
8785,172.349,37.0027,2,0
8786,419.94,98.8475,2,1
8787,514.275,230.197,2,1
8788,575.954,216.437,2,1
8789,374.757,97.6013,2,1
8790,81.7069,198.498,2,1
8791,44.0398,126.096,2,1
8792,471.359,36.3642,2,0
8793,13.7327,116.295,2,1
8794,193.967,36.0979,2,1
8795,352.22,290.788,2,1
8796,103.648,136.941,2,1
8797,425.564,280.398,2,1
8798,179.371,62.7057,2,0
8799,147.656,25.2649,2,1
8800,139.79,187.39,2,1
8801,22.1841,57.2758,2,1
8802,372.438,14.6345,2,1
8803,296.365,173.987,2,1
8804,196.077,224.809,2,1
8805,206.638,126.066,2,1
8806,218.578,69.5899,2,1
8807,223.902,17.769,2,1
8808,219.629,290.169,2,1
8809,348.094,191.177,2,1
8810,473.563,68.3089,2,0
8811,534.858,288.177,2,1
8812,22.3931,235.394,2,1
8813,132.341,125.85,2,1
8814,294.161,298,2,1
8815,360.357,32.9412,2,0
8816,364.137,110.268,2,1
8817,493.565,44.2441,2,1
8818,101.471,240.414,2,1
8819,334.905,34.5537,2,1
8820,15.478,133.296,2,1
8821,491.83,12.4338,2,1
8822,180.55,145.951,2,1
8823,101.483,111.898,2,1
8824,445.186,121.605,2,1
8825,183.141,134.337,2,1
8826,507.305,29.9485,2,1
8827,39.6106,27.4086,2,1
8828,394.964,137.871,2,1
8829,138.236,12.9224,2,1
8830,139.933,24.9298,2,0
8831,221.574,148.554,2,1
8832,264.96,40.6367,2,1
8833,141.726,21.221,2,1
8834,138.769,268.595,2,1
8835,226.107,123.018,2,1
8836,48.4314,272.326,2,1
8837,315.424,50.2237,2,0
8838,255.289,187.993,2,1
8839,380.641,261.626,2,1
8840,326.042,2,2,1
8841,498.172,160.688,2,1
8842,255.475,50.7832,2,0
8843,417.357,126.05,2,1
8844,83.8236,26.6354,2,1
8845,563.841,129.676,2,1
8846,107.592,290.261,2,1
8847,591.64,210.448,2,1
8848,163.585,172.42,2,1
8849,51.5447,269.134,2,1
8850,277.331,230.149,2,1
8851,212.51,2,2,1
8852,330.411,33.6134,2,0
8853,187.439,71.9994,2,1
8854,568.96,287.088,2,1
8855,429.645,103.583,2,1
8856,2.94959,196.348,2,1
8857,123.932,197.665,2,1
8858,239.27,62.5581,2,1
8859,8.90267,204.194,2,1
8860,480.399,66.0651,2,1
8861,203.952,91.2638,2,0
8862,528.649,271.353,2,1
8863,593.214,214.227,2,1
8864,581.94,187.409,2,1
8865,484.291,246.971,2,1
8866,69.1119,229.349,2,1
8867,124.629,20.6708,2,1
8868,30.1375,207.237,2,1
8869,446.736,200.088,2,1
8870,261.037,215.043,2,1
8871,290.507,238.106,2,1
8872,483.289,194.462,2,1
8873,452.398,280.09,2,1
8874,165.471,247.77,2,1
8875,505.683,18.4213,2,1
8876,564.329,217.194,2,1
8877,240.955,143.885,2,1
8878,591.586,151.855,2,1
8879,280.835,254.685,2,1
8880,268.595,34.3249,2,1
8881,40.2426,146.147,2,1
8882,380.841,297.551,2,1
8883,477.171,247.231,2,1
8884,164.164,219.415,2,1
8885,39.6086,91.9144,2,1
8886,2.88344,281.255,2,1
8887,462.469,205.237,2,1
8888,321.937,128.917,2,1
8889,189.713,108.384,2,1
8890,432.324,31.9243,2,1
8891,413.185,266.16,2,1
8892,439.586,12.3934,2,0
8893,109.697,163.651,2,1
8894,74.0616,4.74819,2,1
8895,418.519,95.0102,2,1
8896,10.2796,199.873,2,1
8897,536.449,221.871,2,1
8898,455.655,212.027,2,1
8899,289.099,169.058,2,1
8900,223.197,172.571,2,1
8901,568.087,148.382,2,1
8902,309.354,60.4103,2,1
8903,403.061,152.992,2,1
8904,464.034,83.2581,2,1
8905,112.145,266.071,2,1
8906,594.23,187.8,2,1
8907,513.648,17.0661,2,1
8908,144.601,46.7403,2,1
8909,520.703,76.5976,2,1
8910,244.884,257.971,2,1
8911,393.884,250.24,2,1
8912,370.657,160.797,2,1
8913,592.861,45.1671,2,1
8914,82.4928,106.659,2,1
8915,281.684,159.34,2,1
8916,317.848,241.989,2,1
8917,366.621,144.168,2,1
8918,23.9314,32.5893,2,0
8919,502.342,221.075,2,1
8920,366.874,81.7384,2,1
8921,495.196,57.7935,2,1
8922,241.954,75.7964,2,1
8923,260.416,236.662,2,1
8924,370.585,44.0943,2,1
8925,516.576,219.501,2,1
8926,517.491,2,2,1
8927,133.248,208.656,2,1
8928,338.472,241.264,2,1
8929,588.198,280.028,2,1
8930,157.468,249.607,2,1
8931,465.813,298,2,1
8932,28.8853,287.196,2,1
8933,15.6069,223.75,2,1
8934,140.888,36.1339,2,1
8935,416.95,202.662,2,1
8936,406.937,145.448,2,1
8937,254.022,115.369,2,1
8938,14.1527,220.011,2,1
8939,54.9492,57.2242,2,0
8940,22.5209,82.8907,2,0
8941,509.115,118.87,2,1
8942,109.076,22.8397,2,1
8943,271.946,130.27,2,1
8944,209.531,101.771,2,1
8945,593.768,6.2342,2,0
8946,323.99,289.436,2,1
8947,307.627,17.3443,2,1
8948,447.896,56.4579,2,1
8949,322.397,139.902,2,1
8950,372.735,74.1475,2,1
8951,362.019,274.129,2,1
8952,563.608,271.094,2,1
8953,591.805,105.385,2,1
8954,433.097,185.488,2,1
8955,307.663,206.449,2,1
8956,432.805,27.885,2,1
8957,325.964,73.1766,2,1
8958,29.1241,132.982,2,1
8959,448.093,261.745,2,1
8960,417.826,284.77,2,1
8961,349.62,35.6196,2,1
8962,373.423,126.278,2,1
8963,39.7338,150.171,2,1
8964,334.903,239.287,2,1
8965,69.4122,260.545,2,1
8966,422.555,94.6243,2,1
8967,52.0381,274.061,2,1
8968,498.464,55.4667,2,1
8969,292.291,45.4486,2,1
8970,375.907,274.248,2,1
8971,258.007,147.48,2,1
8972,508.467,10.7029,2,1
8973,196.26,126.625,2,1
8974,198.817,178.566,2,1
8975,150.808,122.403,2,1
8976,64.2906,131.016,2,1
8977,535.836,179.142,2,1
8978,235.623,233.374,2,1
8979,451.423,243.519,2,1
8980,48.3541,147.201,2,1
8981,557.17,145.218,2,1
8982,577.138,100.729,2,1
8983,216.649,217.645,2,1
8984,182.036,111.698,2,1
8985,56.7003,241.35,2,1
8986,168.909,132.58,2,1
8987,16.475,108.553,2,1
8988,580.619,45.7099,2,1
8989,409.224,234.013,2,1
8990,113.483,100.998,2,1
8991,212.592,217.049,2,1
8992,238.582,181.188,2,1
8993,30.5156,172.254,2,1
8994,466.891,126.32,2,1
8995,376.252,16.8219,2,1
8996,451.777,133.549,2,1
8997,103.434,283.265,2,1
8998,338.977,271.567,2,1
8999,364.525,21.5878,2,1
9000,512.769,258.172,2,1
9001,298.687,132.191,2,1
9002,442.05,148.659,2,1
9003,208.809,224.739,2,1
9004,396.896,134.362,2,1
9005,344.329,12.712,2,1
9006,256.373,159.082,2,1
9007,3.7823,110.48,2,1
9008,592.844,227.661,2,1
9009,140.331,298,2,1
9010,283.657,58.0912,2,0
9011,555.015,74.0904,2,1
9012,176.31,266.872,2,1
9013,341.803,279.206,2,1
9014,11.7225,27.0011,2,1
9015,285.601,149.64,2,1
9016,42.9035,243.96,2,1
9017,395.62,104.965,2,1
9018,73.0049,95.3218,2,1
9019,457.234,165.794,2,1
9020,373.166,247.644,2,1
9021,467.721,235.261,2,1
9022,0.389153,81.0319,2,1
9023,448.16,5.56647,2,0
9024,595.698,129.535,2,1
9025,10.7096,242.262,2,1
9026,340.463,112.069,2,1
9027,511.689,46.8993,2,1
9028,415.467,30.848,2,1
9029,41.6812,33.0483,2,1
9030,181.245,97.4176,2,1
9031,310.043,34.1664,2,1
9032,500.841,23.9672,2,1
9033,16.2956,77.8125,2,1
9034,36.5763,166.078,2,1
9035,455.907,216.052,2,1
9036,3.28803,289.98,2,1
9037,130.77,181.407,2,1
9038,17.2409,298,2,1
9039,62.5168,167.454,2,1
9040,333.415,202.431,2,1
9041,4.33493,2,2,1
9042,540.84,17.2451,2,1
9043,183.988,58.0904,2,0
9044,440.599,258.427,2,1
9045,381.326,39.8705,2,1
9046,207.996,238.394,2,1
9047,125.033,245.328,2,1
9048,311.64,269.835,2,1
9049,373.516,251.692,2,1
9050,26.0271,298,2,1
9051,138.797,218.885,2,1
9052,524.885,24.194,2,1
9053,138,86.0518,2,1
9054,183.889,230.496,2,1
9055,384.972,176.329,2,1
9056,24.088,53.673,2,0
9057,311.627,224.621,2,1
9058,314.599,210.829,2,1
9059,435.921,258.957,2,1
9060,50.5881,47.4684,2,1
9061,35.5179,187.344,2,1
9062,376.772,287.308,2,1
9063,585.432,110.677,2,1
9064,382.807,43.7023,2,1
9065,250.511,220.116,2,1
9066,299.916,280.787,2,1
9067,465.761,139.104,2,1
9068,59.6835,161.265,2,1
9069,578.913,160.265,2,1
9070,350.364,88.6008,2,0
9071,313.038,184.196,2,1
9072,391.165,203.942,2,1
9073,29.9877,255.346,2,1
9074,109.144,94.4641,2,1
9075,133.592,37.1508,2,1
9076,365.566,62.5324,2,0
9077,298.19,9.02188,2,1
9078,144.015,283.95,2,1
9079,519.503,104.356,2,1
9080,324.828,41.9353,2,1
9081,30.0847,42.2215,2,1
9082,401.728,236.997,2,1
9083,171.406,50.5372,2,1
9084,149.814,102.331,2,1
9085,130.552,2,2,1
9086,152.944,31.4371,2,1
9087,350.252,16.4641,2,1
9088,280.373,244.405,2,1
9089,13.1503,298,2,1
9090,307.866,52.383,2,0
9091,178.539,279.363,2,1
9092,413.052,95.2937,2,1
9093,81.2149,60.0996,2,1
9094,492.033,110.733,2,1
9095,68.7752,294.472,2,1
9096,25.5378,239.794,2,1
9097,503.152,246.964,2,1
9098,476.773,12.1685,2,1
9099,278.079,154.511,2,1
9100,557.481,275.798,2,1
9101,83.2888,290.995,2,1
9102,346.11,53.2662,2,1
9103,296.476,257.157,2,1
9104,161.458,254.628,2,1
9105,276.362,119.971,2,1
9106,520.154,189.789,2,1
9107,139.619,107.551,2,1
9108,472.129,193.845,2,1
9109,155.684,201.722,2,1
9110,156.42,13.6041,2,0
9111,257.748,298,2,1
9112,356.548,246.783,2,1
9113,579.85,164.368,2,1
9114,409.207,193.365,2,1
9115,374.354,9.19872,2,1
9116,427.443,169.424,2,1
9117,3.92307,48.6233,2,1
9118,259.777,256.081,2,1
9119,130.916,196,2,1
9120,540.084,236.51,2,1
9121,332.525,60.5911,2,1
9122,160.089,219.1,2,1
9123,187.484,101.003,2,1
9124,256.14,5.54556,2,1
9125,66.5247,263.347,2,1
9126,599.455,175.766,2,1
9127,99.1622,67.1985,2,1
9128,366.378,175.099,2,1
9129,206.258,290.316,2,1
9130,333.706,92.4815,2,1
9131,423.306,168.116,2,1
9132,376.834,245.857,2,1
9133,37.1849,24.1377,2,1
9134,495.877,12.7072,2,1
9135,102.346,81.0076,2,1
9136,161.767,24.127,2,1
9137,300.09,91.9083,2,1
9138,77.0994,287.458,2,1
9139,292.263,294.424,2,1
9140,97.2904,230.41,2,1
9141,129.616,16.4652,2,1
9142,190.015,45.6688,2,0
9143,218.282,129.421,2,1
9144,168.292,117.969,2,1
9145,315.557,95.2214,2,1
9146,245.427,240.17,2,1
9147,410.581,77.5849,2,1
9148,469.42,223.127,2,1
9149,264.944,15.7167,2,0
9150,17.346,143.567,2,1
9151,507.668,49.0769,2,1
9152,216.186,57.8688,2,1
9153,339.389,254.986,2,1
9154,213.275,232.395,2,1
9155,209.761,17.0083,2,1
9156,470.736,219.32,2,1
9157,540.154,57.5462,2,1
9158,50.5022,298,2,1
9159,338.288,9.79274,2,0
9160,115.971,50.1891,2,0
9161,211.795,22.9178,2,1
9162,534.094,2,2,1
9163,450.241,74.6754,2,0
9164,489.527,5.48393,2,1
9165,194.755,187.127,2,1
9166,451.031,210.433,2,1
9167,145.344,230.049,2,1
9168,233.194,10.2565,2,1
9169,279.689,19.7411,2,1
9170,460.521,143.644,2,1
9171,65.1555,212.49,2,1
9172,375.893,141.526,2,1
9173,563.142,57.0305,2,1
9174,230.476,253.554,2,1
9175,415.977,66.2419,2,1
9176,320.674,56.5767,2,1
9177,388.426,169.365,2,1
9178,394.156,234.25,2,1
9179,567.923,235.899,2,1
9180,386.886,137.382,2,1
9181,557.883,186.084,2,1
9182,492.475,60.938,2,1
9183,5.55099,164.814,2,1
9184,372.827,24.8175,2,1
9185,171.749,66.7961,2,0
9186,561.907,40.7704,2,0
9187,87.7702,227.703,2,1
9188,78.2336,166.861,2,1
9189,533.65,19.5204,2,1
9190,226.79,153.495,2,1
9191,357.97,87.0088,2,1
9192,246.054,42.5753,2,1
9193,156.651,127.415,2,1
9194,485.771,129.154,2,1
9195,40.4048,294.548,2,1
9196,66.774,142.393,2,1
9197,330.162,263.769,2,1
9198,311.355,109.748,2,1
9199,170.942,121.117,2,1
9200,563.128,11.0467,2,0
9201,242.267,246.948,2,1
9202,231.84,86.8047,2,1
9203,247.587,287.632,2,1
9204,8.73124,102.558,2,1
9205,591.45,90.1399,2,1
9206,484.29,120.376,2,1
9207,521.741,155.852,2,1
9208,43.1202,281.978,2,1
9209,422.26,75.0999,2,1
9210,594.841,154.622,2,1
9211,561.651,294.138,2,1
9212,392.98,110.077,2,1
9213,133.593,178.499,2,1
9214,125.86,140.778,2,1
9215,378.286,112.146,2,1
9216,160.23,207.282,2,1
9217,437.464,73.2624,2,1
9218,352.9,276.012,2,1
9219,199.319,162.858,2,1
9220,200.4,142.452,2,1
9221,404.713,239.819,2,1
9222,263.048,280.842,2,1
9223,441.356,298,2,1
9224,575.998,243.075,2,1
9225,580.907,23.7597,2,1
9226,443.173,56.3285,2,1
9227,407.483,104.293,2,1
9228,365.602,182.23,2,1
9229,47.594,176.935,2,1
9230,450.434,97.1398,2,1
9231,196.922,199.302,2,1
9232,371.673,284.861,2,1
9233,401.533,54.736,2,1
9234,510.23,147.016,2,1
9235,269.23,220.929,2,1
9236,406.524,294.027,2,1
9237,251.993,197.537,2,1
9238,59.6254,238.575,2,1
9239,530.733,155.745,2,1
9240,113.548,147.102,2,1
9241,432.262,114.214,2,1
9242,28.7882,60.4077,2,0
9243,253.828,20.2277,2,1
9244,56.406,158.86,2,1
9245,361.363,266.127,2,1
9246,54.3798,264.62,2,1
9247,214.535,276.869,2,1
9248,153.119,53.8997,2,1
9249,488.463,225.241,2,1
9250,522.481,14.9472,2,1
9251,350.2,212.598,2,1
9252,413.464,56.2024,2,0
9253,112.793,175.05,2,1
9254,70.978,113.444,2,1
9255,100.23,176.612,2,1
9256,159.936,135.641,2,1
9257,502.773,293.208,2,1
9258,550.882,62.6229,2,1
9259,268.879,26.1308,2,1
9260,94.8021,87.339,2,1
9261,97.3073,123.341,2,1
9262,406.545,171.752,2,1
9263,596.863,227.255,2,1
9264,569.963,61.9953,2,0
9265,89.8108,115.475,2,1
9266,495.136,257.205,2,1
9267,271.042,228.182,2,1
9268,246.705,180.166,2,1
9269,599.203,125.242,2,1
9270,124.337,182.382,2,1
9271,126.449,268.709,2,1
9272,318.196,102.898,2,1
9273,483.107,265.144,2,1
9274,394.414,284.914,2,1
9275,580.84,278.06,2,1
9276,323.165,70.0467,2,1
9277,518.895,248.085,2,1
9278,289.674,122.803,2,1
9279,420.981,31.7705,2,1
9280,486.986,117.405,2,1
9281,487.074,94.4295,2,1
9282,222.711,49.8727,2,1
9283,537.23,83.6577,2,1
9284,363.417,258.657,2,1
9285,47.9574,169.817,2,1
9286,0.5744,102.52,2,1
9287,165.456,5.71085,2,0
9288,585.083,16.6612,2,1
9289,554.543,204.938,2,1
9290,311.189,187.933,2,1
9291,524.599,142.516,2,1
9292,185.594,205.854,2,1
9293,508.634,197.547,2,1
9294,87.5099,298,2,1
9295,418.646,55.1261,2,1
9296,55.8781,112.152,2,1
9297,169.932,160.31,2,1
9298,398.868,209.917,2,1
9299,36.4987,9.69178,2,0
9300,182.756,21.9846,2,0
9301,199.033,98.1688,2,1
9302,464.145,113.136,2,1
9303,540.843,171.57,2,1
9304,593.476,79.4787,2,1
9305,164.485,107.74,2,1
9306,388.446,228.771,2,1
9307,328.638,114.022,2,1
9308,453.974,38.3624,2,1
9309,447.64,257.749,2,1
9310,465.65,22.6739,2,1
9311,509.8,204.968,2,1
9312,538.195,9.15258,2,0
9313,73.2241,23.3074,2,1
9314,535.434,23.1336,2,1
9315,543.591,79.1021,2,1
9316,83.5744,8.1544,2,1
9317,504.239,231.933,2,1
9318,85.14,269.808,2,1
9319,585.544,156.967,2,1
9320,526.784,286.763,2,1
9321,312.745,58.0957,2,1
9322,7.44669,239.268,2,1
9323,319.864,5.53522,2,1
9324,90.8781,5.71322,2,1
9325,165.445,125.584,2,1
9326,547.675,282.132,2,1
9327,458.853,2,2,1
9328,291.722,111.047,2,1
9329,503.596,251.058,2,1
9330,435.973,195.5,2,1
9331,500.775,239.438,2,1
9332,346.88,232.28,2,1
9333,310.406,239.851,2,1
9334,72.3893,51.5516,2,1
9335,436.345,162.13,2,1
9336,539.24,28.9477,2,1
9337,287.088,63.3298,2,1
9338,149.374,277.734,2,1
9339,244.092,52.7702,2,1
9340,572.171,108.212,2,1
9341,442.468,203.74,2,1
9342,130.066,129.324,2,1
9343,158.169,154.092,2,1
9344,39.3608,175.782,2,1
9345,341.842,75.5331,2,1
9346,378.386,9.28903,2,0
9347,213.738,42.8339,2,1
9348,385.674,239.936,2,1
9349,571.249,222.995,2,1
9350,22.0188,133.196,2,1
9351,152.79,255.062,2,1
9352,299.519,113.077,2,1
9353,203.204,123.824,2,1
9354,371.853,141.613,2,1
9355,522.927,137.177,2,1
9356,151.816,2.9155,2,1
9357,0.203273,251.132,2,1
9358,24.8455,130.142,2,1
9359,424.678,128.622,2,1
9360,273.115,219.535,2,1
9361,218.592,73.629,2,1
9362,474.8,105.009,2,1
9363,476.883,243.238,2,1
9364,180.848,189.001,2,1
9365,523.081,197.059,2,1
9366,281.442,282.667,2,1
9367,40.5897,269.915,2,1
9368,49.7918,173.439,2,1
9369,25.906,290.825,2,1
9370,451.727,147.74,2,1
9371,135.518,201.897,2,1
9372,268.533,42.6191,2,1
9373,113.979,255.693,2,1
9374,192.542,222.663,2,1
9375,208.133,20.7131,2,1
9376,22.8909,13.2287,2,1
9377,529.352,135.973,2,1
9378,526.56,138.865,2,1
9379,592.403,281.5,2,1
9380,372.26,82.9078,2,0
9381,156.903,52.5178,2,0
9382,173.301,179.707,2,1
9383,515.27,243.231,2,1
9384,296.75,222.771,2,1
9385,430.575,149.773,2,1
9386,544.998,228.667,2,1
9387,426.615,150.356,2,1
9388,354.336,124.028,2,1
9389,386.479,247.501,2,1
9390,100.15,94.4846,2,1
9391,474.027,253.674,2,1
9392,581.073,284.872,2,1
9393,572.115,258.434,2,1
9394,468.308,9.15687,2,0
9395,495.827,140.586,2,1
9396,127.235,213.944,2,1
9397,427.188,252.957,2,1
9398,21.3011,67.772,2,1
9399,314.492,239.655,2,1
9400,180.129,170.115,2,1
9401,223.748,298,2,1
9402,485.67,184.377,2,1
9403,311.176,247.058,2,1
9404,353.534,36.7934,2,1
9405,373.193,204.579,2,1
9406,551.163,81.7581,2,1
9407,544.644,12.7573,2,1
9408,217.015,77.376,2,1
9409,133.242,274.882,2,1
9410,556.408,127.333,2,1
9411,323.92,258.829,2,1
9412,409.547,115.42,2,1
9413,35.3991,133.773,2,1
9414,396.264,143.251,2,1
9415,82.4154,168.134,2,1
9416,374.951,90.3766,2,1
9417,291.268,103.471,2,1
9418,411.256,9.93673,2,1
9419,411.32,207.099,2,1
9420,108.968,77.4341,2,1
9421,85.6421,145.046,2,1
9422,577.875,27.0448,2,0
9423,125.743,260.647,2,1
9424,75.8457,224.331,2,1
9425,35.8575,264.605,2,1
9426,364.358,32.1935,2,1
9427,72.9195,280.447,2,1
9428,500.217,51.7906,2,1
9429,233.881,53.4146,2,1
9430,219.179,140.754,2,1
9431,477.541,69.2418,2,1
9432,155.539,271.164,2,1
9433,125.387,256.606,2,1
9434,335.895,123.789,2,1
9435,380.938,132.738,2,1
9436,421.322,21.7294,2,0
9437,543.98,64.6335,2,1
9438,275.763,131.815,2,1
9439,568.549,106.437,2,1
9440,443.308,178.744,2,1
9441,352.408,5.5889,2,1
9442,179.777,38.7862,2,1
9443,182.204,104.711,2,1
9444,591.136,20.1641,2,1
9445,6.99419,157.157,2,1
9446,563.185,50.728,2,1
9447,557.64,294.471,2,1
9448,101.937,184.57,2,1
9449,531.104,78.6362,2,1
9450,582.114,238.475,2,1
9451,453.842,42.6354,2,1
9452,179.681,269.048,2,1
9453,196.495,141.29,2,1
9454,562.82,2,2,1
9455,32.5753,67.61,2,1
9456,262.398,2,2,1
9457,49.3607,157.655,2,1
9458,408.163,223.417,2,1
9459,391.721,88.6909,2,1
9460,460.229,89.4812,2,0
9461,283.315,82.1594,2,1
9462,281.708,107.054,2,1
9463,433.003,122.994,2,1
9464,556.256,67.4173,2,1
9465,81.2217,287.566,2,1
9466,454.176,33.9302,2,1
9467,39.4615,117.079,2,1
9468,167.288,210.586,2,1
9469,35.0236,115.321,2,1
9470,8.05766,168.19,2,1
9471,337.432,298,2,1
9472,155.027,171.117,2,1
9473,268.657,169.313,2,1
9474,377.401,166.684,2,1
9475,240.86,8.60105,2,0
9476,144.391,79.6492,2,1
9477,97.1358,90.7815,2,0
9478,378.302,72.2783,2,1
9479,442.95,77.655,2,1
9480,427.629,298,2,1
9481,566.57,193.234,2,1
9482,17.6781,69.6823,2,1
9483,254.095,146.53,2,1
9484,101.65,64.0484,2,1
9485,176.14,91.9939,2,1
9486,85.2438,280.339,2,1
9487,579.584,146.43,2,1
9488,297.425,140.26,2,1
9489,570.977,232.05,2,1
9490,376.484,177.888,2,1
9491,374.689,2,2,1
9492,20.1895,34.333,2,1
9493,113.258,136.355,2,1
9494,12.0578,15.7473,2,1
9495,380.054,115.794,2,1
9496,545.734,111.002,2,1
9497,455.147,185.147,2,1
9498,147.62,189.311,2,1
9499,590.349,255.009,2,1
9500,327.23,270.354,2,1
9501,14.0696,140.507,2,1
9502,161.311,39.557,2,0
9503,336.549,113.2,2,1
9504,328.063,162.881,2,1
9505,247.485,153.808,2,1
9506,304.96,264.135,2,1
9507,349.973,137.276,2,1
9508,18.4378,234.716,2,1
9509,377.342,60.228,2,0
9510,200.011,74.4619,2,1
9511,579.116,190.291,2,1
9512,525.513,185.227,2,1
9513,28.5126,18.1859,2,1
9514,384.614,236.026,2,1
9515,81.5547,238,2,1
9516,207.819,76.8116,2,1
9517,514.702,265.728,2,1
9518,464.571,280.016,2,1
9519,102.433,276.341,2,1
9520,159.656,191.729,2,1
9521,577.953,142.717,2,1
9522,300.216,270.521,2,1
9523,599.151,70.2285,2,0
9524,242.208,250.956,2,1
9525,322.689,124.8,2,1
9526,229.642,7.42517,2,1
9527,498.841,98.1804,2,1
9528,263.37,118.548,2,1
9529,545.887,207.133,2,1
9530,306.552,194.635,2,1
9531,386.958,2,2,1
9532,7.75369,150.216,2,1
9533,371.627,200.845,2,1
9534,497.629,44.3009,2,1
9535,140.908,222.438,2,1
9536,142.516,65.2141,2,1
9537,111.8,111.965,2,1
9538,568.891,51.3584,2,1
9539,401.836,228.787,2,1
9540,211.061,206.6,2,1
9541,403.096,101.934,2,1
9542,350.415,9.18584,2,1
9543,237.333,214.752,2,1
9544,51.3319,55.4595,2,1
9545,221.555,247.944,2,1
9546,476.039,101.134,2,1
9547,566.253,48.1188,2,1
9548,375.992,268.364,2,1
9549,122.627,118.624,2,1
9550,511.328,50.9133,2,0
9551,191.36,204.426,2,1
9552,137.495,179.599,2,1
9553,432.383,142.723,2,1
9554,321.028,49.3427,2,1
9555,569.942,239.448,2,1
9556,354.342,16.2827,2,1
9557,501.522,89.2321,2,1
9558,393.647,7.30246,2,0
9559,344.583,81.998,2,1
9560,191.473,257.093,2,1
9561,449.115,66.6233,2,1
9562,316.928,245.916,2,1
9563,187.872,229.995,2,1
9564,154.157,197.951,2,1
9565,586.896,83.6405,2,1
9566,346.892,121,2,1
9567,31.1076,203.202,2,1
9568,134.788,267.894,2,1
9569,416.361,191.23,2,1
9570,186.931,226.067,2,1
9571,54.1778,138.672,2,1
9572,196.152,25.2928,2,1
9573,592.748,54.0788,2,1
9574,213.238,122.139,2,1
9575,176.736,80.1965,2,1
9576,363.233,167.7,2,1
9577,294.384,239.108,2,1
9578,101.213,75.1598,2,1
9579,75.0436,107.113,2,1
9580,160.359,177.708,2,1
9581,176.423,36.455,2,1
9582,318.963,110.765,2,1
9583,134.608,235.399,2,1
9584,136.903,117.322,2,1
9585,65.5316,134.824,2,1
9586,120.367,186.515,2,1
9587,66.58,232.469,2,1
9588,385.892,47.0782,2,1
9589,457.358,195.679,2,1
9590,16.6408,5.9264,2,0
9591,575.381,65.1983,2,0
9592,409.15,19.5252,2,1
9593,227.787,60.5597,2,0
9594,594.323,169.45,2,1
9595,527.673,113.654,2,1
9596,178.986,128.08,2,1
9597,265.414,23.9886,2,1
9598,101.738,84.9975,2,1
9599,494.842,163.064,2,1
9600,551.616,21.1073,2,1
9601,555.573,149.697,2,1
9602,259.658,232.627,2,1
9603,326.045,208.268,2,1
9604,154.377,223.397,2,1
9605,466.63,134.333,2,1
9606,344.446,65.0333,2,1
9607,532.981,159.123,2,1
9608,253.662,125.781,2,1
9609,52.3186,148.281,2,1
9610,40.8824,5.67169,2,0
9611,596.559,172.815,2,1
9612,281.862,70.2487,2,1
9613,7.49199,84.0608,2,1
9614,153.557,57.9293,2,1
9615,560.622,278.462,2,1
9616,495.291,275.825,2,1
9617,129.897,192.083,2,1
9618,18.9353,256.97,2,1
9619,45.9093,106.136,2,1
9620,252.734,121.815,2,1
9621,6.98729,67.9819,2,1
9622,174.575,242.174,2,1
9623,131.665,136.8,2,1
9624,345.141,49.3694,2,1
9625,13.4443,120.378,2,1
9626,536.256,5.59901,2,0
9627,156.21,207.343,2,1
9628,322.318,206.665,2,1
9629,161.697,73.744,2,1
9630,318.307,157.185,2,1
9631,533.852,148.794,2,1
9632,575.053,189.12,2,1
9633,534.409,47.2232,2,0
9634,112.293,97.0379,2,1
9635,12.6982,228.804,2,1
9636,344.592,156.896,2,1
9637,376.198,254.726,2,1
9638,91.3943,13.5159,2,1
9639,236.829,49.9548,2,0
9640,256.563,230.032,2,1
9641,118.611,90.6986,2,0
9642,356.465,120.57,2,1
9643,150.101,158.781,2,1
9644,27.0239,275.698,2,1
9645,18.1963,139.656,2,1
9646,216.192,39.488,2,1
9647,189.562,30.3446,2,1
9648,559.556,270.442,2,1
9649,591.37,72.6771,2,1
9650,13.3967,50.8929,2,1
9651,555.022,233.08,2,1
9652,144.047,257.43,2,1
9653,234.044,32.4331,2,1
9654,448.27,12.3608,2,0
9655,352.543,19.9103,2,1
9656,265.919,189.081,2,1
9657,586.966,160.852,2,1
9658,564.02,234.823,2,1
9659,495.928,245.013,2,1
9660,408.309,139.486,2,1
9661,13.5913,282.419,2,1
9662,238.095,154.887,2,1
9663,473.239,269.697,2,1
9664,446.12,218.232,2,1
9665,599.308,5.92014,2,0
9666,125.264,225.979,2,1
9667,560.319,105.833,2,1
9668,327.565,180.887,2,1
9669,443.383,152.488,2,1
9670,208.264,248.925,2,1
9671,362.8,199.034,2,1
9672,589.466,229.885,2,1
9673,92.4495,45.2282,2,1
9674,566.248,268.08,2,1
9675,96.889,213.909,2,1
9676,278.503,138.825,2,1
9677,110.63,103.956,2,1
9678,558.176,163.991,2,1
9679,131.866,185.442,2,1
9680,555.079,131.168,2,1
9681,271.886,54.6408,2,1
9682,171.297,221.009,2,1
9683,281.247,99.4102,2,1
9684,27.2709,120.55,2,1
9685,257.447,31.8805,2,0
9686,514.882,247.271,2,1
9687,385.991,90.9809,2,1
9688,142.755,280.055,2,1
9689,174.014,63.3919,2,0
9690,443.418,31.0942,2,1
9691,428.524,146.239,2,1
9692,208.172,172.113,2,1
9693,374.454,110.661,2,1
9694,368.004,140.342,2,1
9695,411.166,59.4775,2,1
9696,116.187,180.524,2,1
9697,116.867,54.2881,2,1
9698,152,175.954,2,1
9699,296.368,93.6744,2,1
9700,259.139,270.11,2,1
9701,309.029,243.654,2,1
9702,491.749,286.938,2,1
9703,506.023,165.229,2,1
9704,50.2439,242.492,2,1
9705,291.897,249.67,2,1
9706,427.162,121.401,2,1
9707,284.038,122.311,2,1
9708,377.871,172.676,2,1
9709,412.532,118.102,2,1
9710,343.227,94.901,2,1
9711,373.79,66.1636,2,0
9712,484.725,58.8972,2,0
9713,438.54,144.76,2,1
9714,250.083,75.8031,2,0
9715,449.977,137.242,2,1
9716,302.104,135.117,2,1
9717,548.289,236.13,2,1
9718,108.163,26.8143,2,1
9719,5.31698,153.426,2,1
9720,43.1009,228.708,2,1
9721,115.83,63.5152,2,0
9722,174.717,171.701,2,1
9723,504.642,282.23,2,1
9724,6.44534,72.0408,2,0
9725,433.646,262.953,2,1
9726,561.847,91.8815,2,1
9727,166.715,104.253,2,1
9728,111.887,233.493,2,1
9729,551.895,214.698,2,1
9730,387.788,289.541,2,1
9731,347.739,84.5465,2,1
9732,280.632,287.119,2,1
9733,303.061,192.569,2,1
9734,231.046,288.995,2,1
9735,412.094,99.5717,2,1
9736,120.478,199.919,2,1
9737,530.012,88.4131,2,0
9738,380.054,96.4088,2,1
9739,336.783,42.5346,2,1
9740,21.6643,103.105,2,1
9741,584.041,106.817,2,1
9742,359.907,286.08,2,1
9743,142.512,12.7478,2,1
9744,440.452,114.365,2,1
9745,98.4803,275.153,2,1
9746,584.963,23.7946,2,0
9747,194.546,268.159,2,1
9748,206.031,50.2936,2,1
9749,38.4287,73.3415,2,1
9750,463.738,294.494,2,1
9751,348.432,129.661,2,1
9752,330.743,110.388,2,1
9753,246.601,18.3744,2,1
9754,82.0604,255.94,2,1
9755,116.713,80.4514,2,1
9756,201.311,288.87,2,1
9757,567.636,214.737,2,1
9758,405.449,55.611,2,1
9759,89.2691,280.287,2,1
9760,69.6808,218.642,2,1
9761,545.822,122.697,2,1
9762,394.354,92.6105,2,1
9763,332.677,246.72,2,1
9764,390.461,285.715,2,1
9765,490.833,158.7,2,1
9766,8.70063,38.0366,2,1
9767,105.295,4.94686,2,1
9768,52.8298,98.3384,2,1
9769,45.0646,5.69352,2,0
9770,176.654,168.072,2,1
9771,195.14,202.921,2,1
9772,206.469,187.037,2,1
9773,507.148,246.344,2,1
9774,261.801,298,2,1
9775,322.746,53.1361,2,0
9776,367.908,199.207,2,1
9777,411.306,129.119,2,1
9778,338.047,31.8443,2,1
9779,475.802,185.004,2,1
9780,480.693,272.811,2,1
9781,139.856,9.06286,2,0
9782,340.675,207.835,2,1
9783,21.2811,261.381,2,1
9784,500.408,298,2,1
9785,265.323,105.491,2,1
9786,292.568,95.3947,2,1
9787,283.114,89.0253,2,1
9788,429.393,134.12,2,1
9789,370.391,18.0913,2,1
9790,326.173,9.14597,2,1
9791,139.949,272.418,2,1
9792,384.675,140.724,2,1
9793,34.8212,241.66,2,1
9794,567.907,262.331,2,1
9795,220.291,235.933,2,1
9796,382.903,2,2,1
9797,388.204,201.173,2,1
9798,360.712,247.056,2,1
9799,275.673,135.869,2,1
9800,366.506,48.0204,2,1
9801,155.306,183.05,2,1
9802,157.873,96.7047,2,1
9803,590.758,135.96,2,1
9804,398.967,240.099,2,1
9805,286.76,6.03987,2,1
9806,264.43,250.763,2,1
9807,467.778,38.3576,2,1
9808,37.0577,287.048,2,1
9809,518.68,171.946,2,1
9810,352.941,51.6144,2,1
9811,413.856,149.129,2,1
9812,492.004,217.946,2,1
9813,555.153,42.9162,2,1
9814,261.85,21.9898,2,1
9815,307.541,174.821,2,1
9816,441.158,253.158,2,1
9817,536.154,110.451,2,1
9818,74.3061,263.892,2,1
9819,166.846,121.707,2,1
9820,397.534,45.7819,2,1
9821,538.341,277.362,2,1
9822,177.672,26.7932,2,0
9823,142.025,5.61253,2,0
9824,418.629,209.976,2,1
9825,222.908,228.001,2,1
9826,322.26,103.784,2,1
9827,459.895,263.28,2,1
9828,220.766,240.448,2,1
9829,21.3798,273.275,2,1
9830,138.937,140.26,2,1
9831,413.472,5.72829,2,0
9832,246.98,27.4898,2,0
9833,453.878,227.572,2,1
9834,126.888,93.8967,2,1
9835,433.573,255.685,2,1
9836,221.034,224.432,2,1
9837,449.559,298,2,1
9838,309.469,290.09,2,1
9839,304.755,153.175,2,1
9840,569.477,211.154,2,1
9841,579.997,217.322,2,1
9842,77.4893,238.888,2,1
9843,233.764,208.002,2,1
9844,58.1459,31.3559,2,0
9845,311.377,259.238,2,1
9846,108.423,151.554,2,1
9847,22.3671,227.352,2,1
9848,479.437,43.642,2,1
9849,68.7171,207.468,2,1
9850,428.963,244.914,2,1
9851,200.227,130.851,2,1
9852,312.31,180.094,2,1
9853,496.409,177.452,2,1
9854,91.1336,82.2891,2,1
9855,188.945,87.416,2,1
9856,289.952,107.412,2,1
9857,465.85,193.381,2,1
9858,366.771,261.093,2,1
9859,452.836,220.863,2,1
9860,537.688,295.755,2,1
9861,186.053,124.179,2,1
9862,375.362,234.833,2,1
9863,555.883,262.234,2,1
9864,187.908,60.9787,2,0
9865,442.958,186.973,2,1
9866,34.9202,37.6793,2,1
9867,426.87,260.429,2,1
9868,296.722,283.355,2,1
9869,500.627,8.64833,2,1
9870,10.8151,66.4463,2,1
9871,20.9919,99.1467,2,1
9872,94.1402,237.032,2,1
9873,591.247,261.954,2,1
9874,214.167,85.1185,2,1
9875,524.172,90.3135,2,1
9876,238.993,259.172,2,1
9877,422.585,224.463,2,1
9878,428.11,2,2,1
9879,305.837,75.7296,2,1
9880,60.0845,206.726,2,1
9881,129.074,224.608,2,1
9882,228.534,263.371,2,1
9883,77.5293,81.7466,2,1
9884,255.817,192.117,2,1
9885,342.284,182.479,2,1
9886,99.6558,141.227,2,1
9887,112.959,278.189,2,1
9888,257.591,126.875,2,1
9889,382.745,197.693,2,1
9890,245.939,102.335,2,1
9891,516.056,85.6494,2,1
9892,524.51,19.1003,2,1
9893,93.5004,117.128,2,1
9894,345.442,68.9487,2,1
9895,549.329,69.3983,2,1
9896,400.119,281.123,2,1
9897,477.82,259.527,2,1
9898,454.601,118.769,2,1
9899,240.301,58.4865,2,0
9900,310.902,212.392,2,1
9901,457.714,298,2,1
9902,548.439,5.57697,2,0
9903,234.22,16.2405,2,1
9904,65.9505,55.9606,2,0
9905,320.901,230.615,2,1
9906,278.901,162.264,2,1
9907,390.06,114.224,2,1
9908,401.555,42.5879,2,1
9909,544.871,146.856,2,1
9910,471.993,101.664,2,1
9911,313.829,161.444,2,1
9912,362.979,91.9229,2,1
9913,299.519,96.2368,2,1
9914,79.633,78.2828,2,1
9915,567.22,22.7838,2,1
9916,512.163,128.216,2,1
9917,12.6178,182.702,2,1
9918,351.655,255.185,2,1
9919,421.73,265.864,2,1
9920,472.316,226.005,2,1
9921,222.754,36.7374,2,1
9922,193.978,123.239,2,1
9923,413.113,132.776,2,1
9924,518.011,204.255,2,1
9925,424.981,28.6052,2,0
9926,230.243,135.449,2,1
9927,172.122,129.2,2,1
9928,102.02,164.525,2,1
9929,349.808,170.849,2,1
9930,224.879,2,2,1
9931,538.741,20.6813,2,1
9932,429.329,178.404,2,1
9933,387.546,21.8129,2,1
9934,140.642,161.629,2,1
9935,243.353,61.2339,2,1
9936,402.429,182.511,2,1
9937,511.694,214.402,2,1
9938,436.594,187.643,2,1
9939,8.72714,235.373,2,1
9940,457.553,290.907,2,1
9941,331.417,178.599,2,1
9942,111.23,14.8792,2,1
9943,564.598,37.6619,2,1
9944,317.052,8.40065,2,1
9945,69.0858,193.234,2,1
9946,287.06,23.4219,2,1
9947,213.651,136.015,2,1
9948,9.87458,98.6597,2,1
9949,543.908,182.918,2,1
9950,133.473,253.905,2,1
9951,303.124,278.353,2,1
9952,484.531,250.99,2,1
9953,536.162,166.714,2,1
9954,248.078,98.6555,2,1
9955,287.325,224.211,2,1
9956,562.236,247.468,2,1
9957,594.557,22.4246,2,1
9958,432.158,173.102,2,1
9959,574.584,57.2211,2,0
9960,328.43,19.8289,2,1
9961,598.26,179.685,2,1
9962,502.676,99.4524,2,1
9963,531.531,74.4453,2,1
9964,281.416,265.476,2,1
9965,176.661,196.016,2,1
9966,424.946,72.1174,2,1
9967,212.008,198.101,2,1
9968,277.695,252.016,2,1
9969,548.622,126.467,2,1
9970,348.058,133.736,2,1
9971,257.784,108.215,2,1
9972,585.73,114.786,2,1
9973,49.8995,137.78,2,1
9974,426.922,161.633,2,1
9975,228.43,172.583,2,1
9976,211.52,298,2,1
9977,505.363,41.8056,2,1
9978,376.661,107.228,2,1
9979,174.153,218.186,2,1
9980,13.0933,75.2182,2,0
9981,419.451,240.382,2,1
9982,11.082,11.822,2,1
9983,76.2808,130.054,2,1
9984,319.425,19.2282,2,1
9985,310.341,220.687,2,1
9986,474.65,25.5392,2,1
9987,9.52455,231.419,2,1
9988,156.4,161.952,2,1
9989,348.502,20.3505,2,1
9990,269.538,97.8114,2,1
9991,349.879,99.5632,2,1
9992,529.337,143.756,2,1
9993,64.0194,76.1199,2,1
9994,203.138,5.92722,2,0
9995,487.803,68.761,2,1
9996,146.889,139.948,2,1
9997,162.37,215.748,2,1
9998,541.027,67.3466,2,1
9999,393.99,47.6615,2,1
10000,376.078,12.8115,2,0
10001,245.791,249.006,2,1
10002,545.891,249.336,2,1
10003,47.1265,283.17,2,1
10004,32.948,252.541,2,1
10005,50.7046,246.565,2,1
10006,124.453,186.513,2,1
10007,541.005,188.724,2,1
10008,58.4405,290.8,2,1
10009,511.905,268.749,2,1
10010,21.2078,29.4261,2,0
10011,390.162,267.77,2,1
10012,110.09,294.454,2,1
10013,52.9632,6.68226,2,0
10014,539.251,32.9656,2,1
10015,341.358,79.5211,2,1
10016,104.037,199.042,2,1
10017,224.306,93.8111,2,1
10018,563.721,298,2,1
10019,457.529,146.352,2,1
10020,39.8388,250.924,2,1
10021,314.337,277.437,2,1
10022,87.3259,29.6202,2,1
10023,483.962,109.887,2,1
10024,560.745,121.086,2,1
10025,218.202,85.0208,2,1
10026,127.926,184.296,2,1
10027,150.133,68.4326,2,1
10028,98.7599,133.19,2,1
10029,113.446,283.478,2,1
10030,70.6578,177.052,2,1
10031,42.1879,84.1011,2,1
10032,238.722,244.692,2,1
10033,564.161,20.1433,2,1
10034,225.417,39.8782,2,1
10035,507.553,242.21,2,1
10036,34.1849,169.439,2,1
10037,471.766,234.354,2,1
10038,11.0801,174.738,2,1
10039,542.99,130.269,2,1
10040,240.588,227.277,2,1
10041,148.807,178.496,2,1
10042,488.568,76.6281,2,1
10043,194.246,69.4916,2,1
10044,231.596,249.325,2,1
10045,268.717,13.9563,2,1
10046,133.627,120.398,2,1
10047,209.979,93.7815,2,1
10048,204.443,179.092,2,1
10049,484.812,10.8038,2,1
10050,101.661,51.566,2,1
10051,334.488,174.449,2,1
10052,120.991,155.054,2,1
10053,336.441,20.456,2,1
10054,368.342,7.22841,2,0
10055,242.187,32.2504,2,1
10056,445.523,102.81,2,1
10057,245.475,277.529,2,1
10058,73.0784,60.5709,2,1
10059,82.3615,86.9395,2,1
10060,7.88973,216.754,2,1
10061,108.075,179.697,2,1
10062,255.771,97.0535,2,1
10063,156.684,226.834,2,1
10064,425.997,226.711,2,1
10065,352.382,96.3642,2,1
10066,297.374,241.898,2,1
10067,354.633,184.643,2,1
10068,185.696,28.9581,2,0
10069,371.41,261.553,2,1
10070,557.47,123.454,2,1
10071,85.284,187.908,2,1
10072,346.378,242.022,2,1
10073,169.996,152.141,2,1
10074,423.169,122.429,2,1
10075,474.053,298,2,1
10076,510.102,286.516,2,1
10077,244.63,109.782,2,1
10078,108.471,47.0076,2,1
10079,239.142,115.872,2,1
10080,108.779,272.327,2,1
10081,265.379,135.024,2,1
10082,536.214,280.792,2,1
10083,194.325,40.1327,2,1
10084,176.37,271.469,2,1
10085,0.374397,238.238,2,1
10086,198.848,62.993,2,1
10087,52.8793,86.6289,2,1
10088,265.498,276.882,2,1
10089,424.778,45.7801,2,0
10090,446.898,76.9531,2,1
10091,98.029,165.027,2,1
10092,163.886,192.646,2,1
10093,532.289,238.127,2,1
10094,434.207,165.656,2,1
10095,0.084597,66.3358,2,1
10096,179.578,132.504,2,1
10097,435.938,221.652,2,1
10098,287.536,216.073,2,1
10099,53.1474,73.5105,2,1
10100,306.656,219.034,2,1
10101,479.146,200.457,2,1
10102,81.8678,155.88,2,1
10103,397.088,164.122,2,1
10104,197.17,29.3236,2,1
10105,44.815,98.3128,2,1
10106,293.815,263.975,2,1
10107,444.036,88.2194,2,1
10108,178.604,241.437,2,1
10109,42.3518,72.3512,2,1
10110,286.227,290.286,2,1
10111,63.4033,38.9983,2,1
10112,425.275,138.693,2,1
10113,316.83,233.916,2,1
10114,477.076,203.948,2,1
10115,223.251,125.866,2,1
10116,227.19,105.806,2,1
10117,488.705,260.931,2,1
10118,284.227,46.7304,2,1
10119,365.947,88.0701,2,1
10120,421.391,257.153,2,1
10121,210.919,228.433,2,1
10122,356.684,135.804,2,1
10123,329.705,91.613,2,1
10124,363.586,234.096,2,1
10125,402.125,232.841,2,1
10126,192.986,87.6919,2,1
10127,156.1,28.8996,2,1
10128,160.055,6.18148,2,0
10129,45.1698,64.7214,2,1
10130,281.622,12.199,2,0
10131,373.216,150.374,2,1
10132,198.687,166.82,2,1
10133,181.687,233.838,2,1
10134,405.417,47.9351,2,1
10135,129.072,148.144,2,1
10136,180.322,72.9722,2,1
10137,60.3798,36.175,2,1
10138,456.941,270.366,2,1
10139,16.7132,36.3565,2,1
10140,255.857,35.7752,2,1
10141,91.1571,174.238,2,1
10142,272.018,287.043,2,1
10143,247.939,84.0179,2,1
10144,435.881,298,2,1
10145,330.782,52.692,2,1
10146,370.036,128.478,2,1
10147,84.5946,95.2525,2,1
10148,109.371,283.361,2,1
10149,205.532,136.663,2,1
10150,438.933,41.2321,2,1
10151,64.9797,83.0293,2,1
10152,537.089,97.3493,2,1
10153,335.865,38.5578,2,1
10154,437.828,61.901,2,1
10155,314.262,266.674,2,1
10156,557.429,213.174,2,1
10157,493.486,90.3101,2,1
10158,267.476,159.291,2,1
10159,61.5034,178.835,2,1
10160,454.411,16.3245,2,0
10161,356.797,277.546,2,1
10162,60.0659,171.037,2,1
10163,354.836,212.719,2,1
10164,22.8135,64.0286,2,0
10165,6.07968,295.117,2,1
10166,415.433,177.067,2,1
10167,95.479,59.9242,2,1
10168,304.859,40.7757,2,1
10169,50.1565,116.948,2,1
10170,388.341,125.554,2,1
10171,266.611,52.5658,2,0
10172,119.398,195.983,2,1
10173,520.446,72.4977,2,1
10174,413.146,63.3886,2,1
10175,500.206,232.29,2,1
10176,494.372,183.572,2,1
10177,491.679,210.529,2,1
10178,6.95159,45.9515,2,1
10179,162.176,97.2008,2,1
10180,273.423,181.727,2,1
10181,308.556,262.317,2,1
10182,512.305,95.428,2,1
10183,429.746,294.517,2,1
10184,175.13,210.044,2,1
10185,392.775,43.7254,2,1
10186,460.867,34.0673,2,1
10187,87.7855,49.8258,2,1
10188,210.682,45.6349,2,0
10189,392.557,59.5023,2,1
10190,243.623,155.434,2,1
10191,224.887,119.106,2,1
10192,531.582,117.253,2,1
10193,595.643,40.612,2,1
10194,51.5628,109.336,2,1
10195,234.825,282.103,2,1
10196,590.593,144.185,2,1
10197,14.0562,33.23,2,1
10198,494.843,16.5764,2,1
10199,191.397,72.6435,2,1
10200,589.684,5.72616,2,0
10201,380.121,13.3575,2,1
10202,386.357,72.681,2,1
10203,23.899,281.013,2,1
10204,434.382,277.785,2,1
10205,67.3049,111.798,2,1
10206,60.4848,89.4618,2,0
10207,272.227,87.2122,2,0
10208,396.887,73.174,2,1
10209,133.423,78.9876,2,0
10210,265.412,11.6322,2,0
10211,439.673,180.719,2,1
10212,273.943,67.7553,2,0
10213,302.125,106.214,2,1
10214,598.318,37.6149,2,1
10215,272.479,211.476,2,1
10216,597.055,48.5051,2,1
10217,473.564,114.187,2,1
10218,199.733,298,2,1
10219,269.291,83.1476,2,1
10220,361.117,62.2901,2,1
10221,336.062,191.595,2,1
10222,555.633,271.25,2,1
10223,127.135,68.4832,2,1
10224,450.082,82.7875,2,1
10225,333.323,30.859,2,1
10226,176.746,18.8349,2,1
10227,578.294,205.452,2,1
10228,443.365,287.287,2,1
10229,257.825,184.815,2,1
10230,445.045,229.656,2,1
10231,447.518,237.53,2,1
10232,597.412,17.1426,2,0
10233,325.844,159.176,2,1
10234,342.224,103.991,2,1
10235,329.34,204.13,2,1
10236,228.5,237.75,2,1
10237,399.089,184.745,2,1
10238,32.6916,89.6576,2,1
10239,536.048,56.2493,2,1
10240,83.5635,172.113,2,1
10241,238.815,126.569,2,1
10242,59.676,41.4977,2,1
10243,494.51,4.80597,2,1
10244,500.561,224.724,2,1
10245,93.4444,2,2,1
10246,64.9289,100.537,2,1
10247,391.898,176.628,2,1
10248,290.646,191.579,2,1
10249,18.6511,64.701,2,1
10250,57.9298,26.2984,2,0
10251,446.426,41.2411,2,1
10252,452.935,68.1509,2,1
10253,436.49,80.2792,2,1
10254,402.98,292.062,2,1
10255,187.926,142.555,2,1
10256,556.699,208.309,2,1
10257,229.27,210.719,2,1
10258,576.483,53.6417,2,1
10259,538.388,139.851,2,1
10260,570.885,47.8718,2,1
10261,9.54237,153.942,2,1
10262,476.238,227.237,2,1
10263,316.801,260.688,2,1
10264,567.482,224.75,2,1
10265,230.637,223.163,2,1
10266,380.804,79.9282,2,1
10267,267.184,144.673,2,1
10268,66.4791,165.639,2,1
10269,42.1887,13.3532,2,0
10270,168.276,8.6544,2,0
10271,19.6084,223.241,2,1
10272,187.357,155.846,2,1
10273,563.164,134.274,2,1
10274,433.05,72.8901,2,1
10275,140.765,240.83,2,1
10276,72.4942,126.581,2,1
10277,229.517,227.11,2,1
10278,148.845,46.6219,2,0
10279,1.17513,153.583,2,1
10280,2.97154,275.925,2,1
10281,268.902,137.021,2,1
10282,284.851,231.762,2,1
10283,142.852,139.338,2,1
10284,345.36,194.107,2,1
10285,208.559,129.663,2,1
10286,102.825,31.637,2,1
10287,156.175,123.427,2,1
10288,330.109,2,2,1
10289,201.021,101.804,2,1
10290,180.347,2,2,1
10291,371.56,28.8566,2,0
10292,492.492,100.836,2,1
10293,272.555,106.841,2,1
10294,325.566,66.7221,2,1
10295,489.544,91.2225,2,0
10296,154.527,187.017,2,1
10297,529.155,8.93362,2,0
10298,194.24,272.212,2,1
10299,1.75903,200.234,2,1
10300,190.798,91.213,2,1
10301,126.201,130.448,2,1
10302,23.0475,276.99,2,1
10303,466.692,219.857,2,1
10304,123.77,12.6196,2,1
10305,403.145,205.298,2,1
10306,98.0446,18.1476,2,1
10307,583.602,210.123,2,1
10308,578.874,20.2541,2,1
10309,324.918,273.634,2,1
10310,551.207,196.257,2,1
10311,575.016,153.204,2,1
10312,292.3,287.298,2,1
10313,517.892,23.853,2,1
10314,122.296,102.507,2,1
10315,410.06,289.233,2,1
10316,477.05,150.935,2,1
10317,138.64,183.511,2,1
10318,79.6749,171.09,2,1
10319,504.824,239.091,2,1
10320,138.703,120.941,2,1
10321,537.824,200.187,2,1
10322,120.523,140.335,2,1
10323,440.528,283.598,2,1
10324,60.7264,156.311,2,1
10325,56.3378,218.97,2,1
10326,450.52,27.6825,2,1
10327,4.28713,250.941,2,1
10328,428.701,46.891,2,0
10329,57.7211,100.164,2,1
10330,86.3516,213.612,2,1
10331,329.545,23.739,2,1
10332,90.4554,189.735,2,1
10333,164.561,54.9194,2,1
10334,337.431,166.725,2,1
10335,292.895,149.589,2,1
10336,478.092,128.667,2,1
10337,3.22015,241.209,2,1
10338,316.709,99.0527,2,1
10339,251.977,132.704,2,1
10340,342.17,52.21,2,1
10341,598.106,188.903,2,1
10342,287.801,234.689,2,1
10343,439.952,28.9613,2,1
10344,408.744,272.809,2,1
10345,392.468,170.639,2,1
10346,398.556,49.7437,2,1
10347,135.517,261.158,2,1
10348,582.026,62.7785,2,0
10349,498.522,5.12375,2,1
10350,286.319,184.971,2,1
10351,568.228,140.445,2,1
10352,319.137,177.815,2,1
10353,510.041,166.311,2,1
10354,197.621,183.769,2,1
10355,467.297,157.312,2,1
10356,163.874,287.336,2,1
10357,143.605,70.0573,2,1
10358,123.361,218.882,2,1
10359,152.401,208.701,2,1
10360,321.568,22.7601,2,1
10361,572.747,192.492,2,1
10362,272.368,28.1397,2,1
10363,101.464,188.672,2,1
10364,596.229,280.314,2,1
10365,488.298,101.42,2,1
10366,577.57,227.261,2,1
10367,108.332,61.5237,2,1
10368,264.727,76.4901,2,1
10369,352.256,267.983,2,1
10370,409.403,48.4199,2,0
10371,352.451,209.265,2,1
10372,291.768,53.3546,2,1
10373,554.443,153.639,2,1
10374,252.202,228.647,2,1
10375,306.573,162.746,2,1
10376,364.745,206.26,2,1
10377,321.595,113.837,2,1
10378,230.949,219.139,2,1
10379,13.8391,97.7096,2,1
10380,23.9136,169.566,2,1
10381,325.777,142.101,2,1
10382,445.066,252.111,2,1
10383,189.669,64.7589,2,1
10384,145.702,253.678,2,1
10385,339.727,39.7792,2,1
10386,504.596,22.3051,2,1
10387,311.29,19.3716,2,1
10388,154.054,119.916,2,1
10389,540.588,95.3966,2,1
10390,443.986,12.6388,2,0
10391,431.45,169.026,2,1
10392,123.098,111.457,2,1
10393,483.396,32.5539,2,1
10394,158.387,222.819,2,1
10395,282.172,191.162,2,1
10396,372.39,208.508,2,1
10397,446.72,112.732,2,1
10398,154.742,294.274,2,1
10399,538.824,286.954,2,1
10400,146.042,118.435,2,1
10401,75.9787,248.161,2,1
10402,41.604,62.688,2,1
10403,145.953,84.2525,2,1
10404,467.884,34.2662,2,1
10405,114.725,109.158,2,1
10406,332.694,206.39,2,1
10407,564.97,74.8498,2,1
10408,122.886,93.9155,2,0
10409,46.8462,245.061,2,1
10410,287.094,119.659,2,1
10411,361.437,228.97,2,1
10412,362.923,152.776,2,1
10413,105.643,64.7273,2,1
10414,405.485,230.584,2,1
10415,166.679,34.7204,2,1
10416,295.743,129.413,2,1
10417,559.123,194.149,2,1
10418,286.818,165.589,2,1
10419,293.241,141.598,2,1
10420,383.932,273.485,2,1
10421,579.294,116.011,2,1
10422,282.948,195.147,2,1
10423,27.112,25.1668,2,1
10424,272.7,24.063,2,1
10425,116.828,175.297,2,1
10426,189.015,181.901,2,1
10427,259.07,86.7682,2,1
10428,219.789,17.5071,2,0
10429,106.909,245.806,2,1
10430,279.848,23.8652,2,1
10431,374.291,163.896,2,1
10432,440.789,242.092,2,1
10433,318.934,92.1277,2,0
10434,352.848,283.937,2,1
10435,256.572,122.988,2,1
10436,47.8603,61.6021,2,0
10437,279.256,81.6983,2,1
10438,429.05,186.41,2,1
10439,27.9109,294.413,2,1
10440,576.731,278.007,2,1
10441,502.241,228.43,2,1
10442,581.437,228.365,2,1
10443,349.668,202.551,2,1
10444,437.156,158.144,2,1
10445,142.563,184.387,2,1
10446,243.49,171.035,2,1
10447,393.946,11.6874,2,1
10448,183.621,4.47206,2,1
10449,196.91,101.661,2,1
10450,251.618,154.032,2,1
10451,326.216,173.768,2,1
10452,523.646,159.411,2,1
10453,347.89,253.502,2,1
10454,73.7253,19.3077,2,1
10455,21.9517,86.9294,2,1
10456,426.256,5.59718,2,0
10457,50.9555,200.004,2,1
10458,328.777,216.953,2,1
10459,552.487,177.056,2,1
10460,310.509,155.923,2,1
10461,444.342,260.08,2,1
10462,197.367,274.835,2,1
10463,424.91,32.6584,2,0
10464,122.887,170.913,2,1
10465,562.976,176.018,2,1
10466,183.056,121.347,2,1
10467,352.667,72.6777,2,1
10468,477.503,136.782,2,1
10469,529.598,63.3689,2,1
10470,266.249,140.132,2,1
10471,324.514,243.231,2,1
10472,563.944,168.497,2,1
10473,57.9961,84.2599,2,1
10474,234.404,252.197,2,1
10475,300.479,284.823,2,1
10476,173.277,235.176,2,1
10477,346.371,61.336,2,1
10478,305.461,290.48,2,1
10479,512.614,21.3332,2,1
10480,308.776,122.752,2,1
10481,467.352,262.098,2,1
10482,186.09,50.3033,2,1
10483,81.2777,251.176,2,1
10484,437.805,235.014,2,1
10485,311.452,94.8123,2,1
10486,358.715,90.9499,2,1
10487,541.188,44.1888,2,1
10488,340.034,290.54,2,1
10489,519.249,116.673,2,1
10490,46.9914,23.5047,2,1
10491,490.773,167.28,2,1
10492,363.825,244.407,2,1
10493,411.592,178.595,2,1
10494,556.513,115.35,2,1
10495,98.62,248.181,2,1
10496,577.412,264.375,2,1
10497,6.56863,198.357,2,1
10498,332.52,134.898,2,1
10499,251.639,280.766,2,1
10500,287.6,110.914,2,1
10501,575.746,164.813,2,1
10502,279.499,110.663,2,1
10503,333.786,107.69,2,1
10504,547.838,214.505,2,1
10505,115.872,143.642,2,1
10506,304.921,118.521,2,1
10507,182.427,217.176,2,1
10508,114.116,294.503,2,1
10509,301.301,116.785,2,1
10510,31.2047,100.085,2,1
10511,470.935,6.06445,2,1
10512,147.1,219.131,2,1
10513,481.027,253.25,2,1
10514,171.801,111.465,2,1
10515,593.019,113.786,2,1
10516,282.82,251.074,2,1
10517,537.664,50.2257,2,0
10518,294.77,279.859,2,1
10519,227.686,86.7459,2,1
10520,320.874,245.147,2,1
10521,213.663,95.437,2,1
10522,555.592,298,2,1
10523,68.4886,90.0414,2,0
10524,131.235,75.466,2,1
10525,552.378,45.9023,2,1
10526,13.0186,19.7692,2,0
10527,421.904,102.456,2,1
10528,499.405,113.889,2,1
10529,146.592,185.344,2,1
10530,61.0626,190.207,2,1
10531,273.284,96.0906,2,1
10532,269.239,93.6917,2,0
10533,323.611,147.766,2,1
10534,487.902,218.145,2,1
10535,400.016,116.256,2,1
10536,437.753,54.4892,2,1
10537,302.297,164.942,2,1
10538,339.926,197.732,2,1
10539,258.479,115.711,2,1
10540,184.366,254.639,2,1
10541,56.0335,76.3263,2,1
10542,470.877,259.991,2,1
10543,432.316,80.0725,2,1
10544,544.135,236.207,2,1
10545,493.117,242.059,2,1
10546,489.576,52.4473,2,1
10547,506.795,169.19,2,1
10548,545.703,50.2012,2,1
10549,172.026,239.02,2,1
10550,380.712,186.995,2,1
10551,329.413,152.026,2,1
10552,449.229,272.565,2,1
10553,492.519,8.30703,2,1
10554,63.2218,193.594,2,1
10555,234.539,177.934,2,1
10556,77.5439,216.868,2,1
10557,5.54475,220.075,2,1
10558,178.039,110.859,2,1
10559,137.986,97.167,2,1
10560,61.2044,102.226,2,1
10561,553.037,255.358,2,1
10562,5.48506,193.158,2,1
10563,229.22,46.9154,2,0
10564,15.1292,271.687,2,1
10565,68.4057,244.632,2,1
10566,503.277,75.7364,2,1
10567,466.375,52.8494,2,0
10568,326.307,33.6249,2,1
10569,432.844,243.89,2,1
10570,235.844,158.263,2,1
10571,268.682,173.358,2,1
10572,471.616,165.971,2,1
10573,49.8893,105.628,2,1
10574,208.153,199.18,2,1
10575,383.605,207.072,2,1
10576,270.732,194.883,2,1
10577,42.8416,2,2,1
10578,430.785,76.343,2,0
10579,451.363,269.073,2,1
10580,213.183,31.0436,2,1
10581,502.484,61.3899,2,1
10582,186.413,67.3704,2,1
10583,478.852,62.1253,2,1
10584,174.991,59.3453,2,0
10585,129.225,90.4913,2,1
10586,406.665,218.815,2,1
10587,136.034,137.442,2,1
10588,275.118,278.857,2,1
10589,328.823,41.3859,2,1
10590,587.322,262.977,2,1
10591,549.79,95.2409,2,1
10592,428.937,42.866,2,1
10593,362.937,43.9681,2,0
10594,534.83,106.466,2,1
10595,345.508,109.042,2,1
10596,280.863,170.65,2,1
10597,423.578,298,2,1
10598,47.4479,109.988,2,1
10599,219.29,277.401,2,1
10600,324.324,232.857,2,1
10601,70.9039,26.5955,2,1
10602,374.257,223.575,2,1
10603,323.833,76.6312,2,1
10604,109.892,8.80124,2,1
10605,95.2982,42.1781,2,1
10606,17.952,2,2,1
10607,410.948,121.805,2,1
10608,242.096,147.877,2,1
10609,249.769,50.373,2,1
10610,548.285,189.246,2,1
10611,372.837,118.135,2,1
10612,178.253,217.358,2,1
10613,340.624,267.835,2,1
10614,10.0661,34.0314,2,1
10615,233.413,100.696,2,1
10616,569.896,87.3472,2,1
10617,345.754,249.888,2,1
10618,126.472,109.158,2,1
10619,101.087,266.833,2,1
10620,122.281,107.443,2,1
10621,42.9593,152.64,2,1
10622,479.53,15.5819,2,1
10623,463.125,276.128,2,1
10624,79.2442,158.945,2,1
10625,449.789,228.44,2,1
10626,530.713,39.9292,2,1
10627,132.916,160.212,2,1
10628,455.313,149.828,2,1
10629,598.37,95.7624,2,0
10630,545.051,221.595,2,1
10631,510.989,13.968,2,1
10632,372.26,269.866,2,1
10633,554.914,62.0803,2,1
10634,254.801,200.586,2,1
10635,343.004,25.3506,2,0
10636,108.278,199.453,2,1
10637,43.3709,176.522,2,1
10638,591.744,109.42,2,1
10639,215.127,25.4313,2,1
10640,571.738,186.652,2,1
10641,162.996,64.2738,2,1
10642,193.229,32.0657,2,1
10643,392.406,77.1223,2,1
10644,150.068,28.5695,2,1
10645,468.573,280.729,2,1
10646,254.059,2,2,1
10647,275.516,51.8572,2,1
10648,207.227,5.82512,2,0
10649,311.373,176.097,2,1
10650,97.6292,202.166,2,1
10651,134.644,182.423,2,1
10652,488.381,248.207,2,1
10653,127.058,31.0686,2,1
10654,339.564,228.753,2,1
10655,105.012,114.089,2,1
10656,312.532,228.597,2,1
10657,112.098,48.9915,2,0
10658,534.774,225.686,2,1
10659,215.194,5.669,2,0
10660,457.675,5.91698,2,1
10661,442.681,99.7711,2,1
10662,183.47,152.634,2,1
10663,143.584,214.906,2,1
10664,555.595,244.126,2,1
10665,388.763,5.64959,2,0
10666,253.585,82.4222,2,1
10667,133.47,167.492,2,1
10668,166.174,183.502,2,1
10669,240.202,223.249,2,1
10670,289.238,151.347,2,1
10671,309.667,266.203,2,1
10672,232.491,277.336,2,1
10673,182.471,213.144,2,1
10674,65.1177,50.524,2,0
10675,364.783,277.351,2,1
10676,240.075,70.1521,2,1
10677,179.112,209.219,2,1
10678,496.205,62.7646,2,1
10679,196.74,195.214,2,1
10680,233.423,269.918,2,1
10681,271.241,262.647,2,1
10682,423.959,98.4005,2,1
10683,499.871,203.342,2,1
10684,178.926,248.902,2,1
10685,71.4388,117.507,2,1
10686,401.876,255.79,2,1
10687,221.408,273.844,2,1
10688,312.835,287.831,2,1
10689,544.767,210.978,2,1
10690,272.853,144.621,2,1
10691,357.032,114.296,2,1
10692,155.122,44.6605,2,1
10693,36.7882,45.4768,2,1
10694,576.615,46.0783,2,1
10695,332.291,12.7188,2,1
10696,514.625,152.339,2,1
10697,39.9196,49.1469,2,1
10698,253.314,161.795,2,1
10699,533.271,32.2544,2,1
10700,290.231,30.0272,2,1
10701,331.267,100.007,2,1
10702,532.137,280.714,2,1
10703,399.683,24.9012,2,1
10704,350.485,122.903,2,1
10705,170.57,33.3857,2,0
10706,99.5036,137.173,2,1
10707,152.288,240.739,2,1
10708,40.5573,44.09,2,1
10709,270.445,114.734,2,1
10710,66.7078,161.604,2,1
10711,352.513,131.134,2,1
10712,373.86,182.843,2,1
10713,555.674,16.5133,2,1
10714,258.925,103.646,2,1
10715,583.151,191.32,2,1
10716,496.701,240.241,2,1
10717,219.049,254.604,2,1
10718,303.245,98.155,2,1
10719,475.132,2,2,1
10720,357.196,262.671,2,1
10721,357.868,139.684,2,1
10722,401.566,46.6929,2,1
10723,6.39417,258.179,2,1
10724,465.618,99.3104,2,1
10725,126.202,101.164,2,1
10726,322.271,34.2757,2,1
10727,206.736,72.2275,2,0
10728,72.4496,91.1877,2,0
10729,213.932,220.868,2,1
10730,288.942,15.7792,2,1
10731,170.682,97.9041,2,1
10732,548.329,14.5203,2,1
10733,163.662,137.564,2,1
10734,188.428,248.963,2,1
10735,305.739,6.48008,2,1
10736,571.021,290.551,2,1
10737,599.3,89.0795,2,1
10738,481.648,99.5771,2,1
10739,492.81,24.4823,2,1
10740,228.059,146.59,2,1
10741,87.5204,104.31,2,1
