id,x,y,radius,is_spanning
0,162.777,292.624,2,0
1,537.722,146.799,2,0
2,119.169,118.314,2,0
3,41.8513,154.965,2,0
4,463.165,43.1923,2,0
5,247.01,67.3497,2,0
6,388.041,254.078,2,0
7,307.97,81.4508,2,0
8,188.088,5.82305,2,0
9,435.761,261.21,2,0
10,327.201,153.025,2,0
11,338.788,280.527,2,0
12,73.7424,286.258,2,0
13,312.235,254.368,2,0
14,531.016,167.701,2,0
15,249.594,140.801,2,0
16,194.864,116.786,2,0
17,451.722,27.8124,2,0
18,174.851,293.517,2,0
19,261.491,169.884,2,0
20,38.5075,181.304,2,0
21,176.883,90.4061,2,0
22,59.9104,281.837,2,0
23,495.898,232.049,2,0
24,193.686,103.64,2,0
25,579.8,240.994,2,0
26,590.225,208.954,2,0
27,272.993,294.389,2,0
28,30.8323,49.3618,2,0
29,174.879,196.136,2,0
30,125.365,146.839,2,0
31,56.8046,181.076,2,0
32,162.979,97.3719,2,0
33,59.9778,105.857,2,0
34,536.232,181.502,2,0
35,288.535,54.9504,2,0
36,5.44013,119.82,2,0
37,39.9429,260.497,2,0
38,538.83,203.664,2,0
39,300.269,9.50588,2,0
40,53.8039,268.875,2,0
41,41.967,271.908,2,0
42,105.245,32.5168,2,0
43,171.322,154.303,2,0
44,378.737,171.125,2,0
45,160.057,203.051,2,0
46,59.2401,130.785,2,0
47,346.151,276.337,2,0
48,474.033,171.205,2,0
49,184.088,254.388,2,0
50,553.174,9.57727,2,0
51,178.834,22.6533,2,0
52,413.588,236.188,2,0
53,290.719,165.9,2,0
54,2.52277,200.085,2,0
55,246.688,106.397,2,0
56,589.675,158.333,2,0
57,564.5,251.881,2,0
58,206.924,64.5153,2,0
59,572.655,194.707,2,0
60,13.4073,192.207,2,0
61,204.182,85.4285,2,0
62,87.3016,294.422,2,0
63,324.661,82.6604,2,0
64,170.335,245.213,2,0
65,193.064,107.672,2,0
66,274.615,163.902,2,0
67,53.5255,78.7404,2,0
68,383.45,190.986,2,0
69,168.832,86.3535,2,0
70,149.232,92.5375,2,0
71,140.402,180.206,2,0
72,256.537,218.881,2,0
73,276.109,151.414,2,0
74,43.3846,27.5348,2,0
75,362.468,139.969,2,0
76,585.889,218.565,2,0
77,329.76,186.416,2,0
78,277.436,5.25139,2,0
79,577.013,287.725,2,0
80,320.943,61.5662,2,0
81,198.122,193.8,2,0
82,73.2679,260.816,2,0
83,488.389,21.8335,2,0
84,543.683,104.937,2,0
85,452.095,202.533,2,0
86,536.225,27.3567,2,0
87,264.905,73.4651,2,0
88,94.8342,196.18,2,0
89,285.674,181.526,2,0
90,38.1642,234.418,2,0
91,229.071,99.8852,2,0
92,158.971,280.597,2,0
93,189.527,56.8342,2,0
94,434.147,256.822,2,0
95,356.834,261.536,2,0
96,593.082,166.847,2,0
97,336.859,137.891,2,0
98,347.533,2,2,0
99,376.06,253.159,2,0
100,575.784,5.81686,2,0
101,461.248,154.456,2,0
102,84.6935,112.938,2,0
103,406.721,66.2247,2,0
104,129.836,84.9576,2,0
105,7.5518,43.5938,2,0
106,282.891,281.319,2,0
107,389.493,36.4542,2,0
108,352.504,97.4229,2,0
109,287.854,37.2111,2,0
110,458.333,39.5465,2,0
111,342.339,208.02,2,0
112,572.497,84.4575,2,0
113,457.82,88.0463,2,0
114,56.7872,205.214,2,0
115,447.742,124.992,2,0
116,440.229,51.9137,2,0
117,263.896,181.505,2,0
118,135.61,199.603,2,0
119,263.709,80.0122,2,0
120,346.934,111.138,2,0
121,372.675,41.0945,2,0
122,533.645,208.787,2,0
123,387.526,200.318,2,0
124,76.2691,83.8759,2,0
125,78.5225,173.834,2,0
126,495.533,12.4078,2,0
127,274.633,282.04,2,0
128,153.324,13.5299,2,0
129,576.305,123.072,2,0
130,477.687,298,2,0
131,402.219,255.216,2,0
132,98.8279,50.5093,2,0
133,276.169,291.745,2,0
134,75.1763,150.536,2,0
135,440.287,2,2,0
136,225.25,46.4549,2,0
137,353.891,45.4635,2,0
138,112.492,82.9116,2,0
139,544.145,256.511,2,0
140,159.227,11.9752,2,0
141,526.175,27.9642,2,0
142,184.431,290.29,2,0
143,255.066,68.6879,2,0
144,163.064,101.439,2,0
145,5.34632,215.422,2,0
146,556.519,236.577,2,0
147,506.764,162.747,2,0
148,439.927,9.37562,2,0
149,89.8364,241.402,2,0
150,372.34,59.4582,2,0
151,359.269,71.981,2,0
152,48.4665,52.4024,2,0
153,512.899,252.129,2,0
154,61.8285,275.396,2,0
155,349.181,104.922,2,0
156,394.349,81.0644,2,0
157,219.895,222.406,2,0
158,305.147,33.0812,2,0
159,566.495,188.079,2,0
160,545.769,199.905,2,0
161,551.857,253.583,2,0
162,574.854,23.2822,2,0
163,11.8993,6.18692,2,0
164,483.809,63.0763,2,0
165,466.792,149.35,2,0
166,388.868,207.848,2,0
167,17.8257,85.2661,2,0
168,239.067,197.955,2,0
169,60.0406,7.09782,2,0
170,160.244,60.4627,2,0
171,585.829,35.3059,2,0
172,236.012,165.205,2,0
173,101.097,92.0961,2,0
174,137.165,120.786,2,0
175,368.349,125.743,2,0
176,215.598,83.9997,2,0
177,352.557,294.784,2,0
178,42.9804,286.185,2,0
179,4.65674,252.496,2,0
180,473.111,86.1487,2,0
181,549.66,290.233,2,0
182,274.565,141.949,2,0
183,324.791,88.9875,2,0
184,283.252,71.0836,2,0
185,513.835,88.0075,2,0
186,401.798,174.76,2,0
187,99.5522,6.4873,2,0
188,394.525,149.64,2,0
189,130.206,114.793,2,0
190,316.355,173.211,2,0
191,262.588,17.6533,2,0
192,550.983,191.523,2,0
193,257.194,100.887,2,0
194,255.341,79.3249,2,0
195,36.1171,197.332,2,0
196,189.762,230.9,2,0
197,363.439,7.92005,2,0
198,449.751,182.313,2,0
199,593.968,112.898,2,0
200,269.997,23.0302,2,0
201,137.349,161.608,2,0
202,266.241,95.2525,2,0
203,339.119,176.661,2,0
204,516.787,20.5387,2,0
205,593.591,153.868,2,0
206,596.562,280.427,2,0
207,240.982,271.867,2,0
208,518.962,34.2771,2,0
209,8.09814,96.8527,2,0
210,568.738,260.027,2,0
211,487.356,273.532,2,0
212,249.265,87.786,2,0
213,179.033,6.21673,2,0
214,170,189.389,2,0
215,363.901,190.551,2,0
216,417.471,178.165,2,0
217,10.7748,261.948,2,0
218,308.215,255.212,2,0
219,124.465,79.2311,2,0
220,552.229,171.216,2,0
221,314.48,241.142,2,0
222,560.417,268.5,2,0
223,70.0199,90.1107,2,0
224,368.497,154.237,2,0
225,50.1509,71.3168,2,0
226,383.342,213.853,2,0
227,270.69,271.292,2,0
228,280.437,113.103,2,0
229,417.878,271.121,2,0
230,386.266,277.182,2,0
231,481.775,4.80942,2,0
232,333.048,89.2467,2,0
233,381.637,88.7773,2,0
234,359.764,67.9486,2,0
235,459.891,271.494,2,0
236,586.177,16.6731,2,0
237,73.8785,97.1526,2,0
238,245.634,138.601,2,0
239,336.175,194.579,2,0
240,77.0685,222.015,2,0
241,142.318,171.978,2,0
242,281.4,100.301,2,0
243,8.43653,85.9725,2,0
244,6.38192,262.174,2,0
245,357.007,169.71,2,0
246,32.025,224.037,2,0
247,74.3038,80.2183,2,0
248,433.211,90.7907,2,0
249,305.751,16.2783,2,0
250,534.004,244.426,2,0
251,163.514,137.341,2,0
252,575.766,82.103,2,0
253,23.8469,126.79,2,0
254,216.18,111.632,2,0
255,271.432,176.373,2,0
256,37.3499,278.132,2,0
257,594.134,284.03,2,0
258,5.99815,279.206,2,0
259,482.185,285.588,2,0
260,583.529,176.782,2,0
261,171.606,71.6915,2,0
262,598.895,77.204,2,0
263,425.469,241.769,2,0
264,372.634,8.6605,2,0
265,381.17,58.7604,2,0
266,502.661,57.8394,2,0
267,564.6,7.47039,2,0
268,270,180.221,2,0
269,547.115,167.161,2,0
270,161.933,229.074,2,0
271,26.6336,48.4516,2,0
272,227.045,79.4521,2,0
273,368.878,290.472,2,0
274,426.771,171.54,2,0
275,357.799,118.503,2,0
276,591.864,137.659,2,0
277,234.501,9.83888,2,0
278,111.761,113.334,2,0
279,70.9776,157.17,2,0
280,136.792,75.1595,2,0
281,394.417,290.03,2,0
282,391.775,176.743,2,0
283,121.555,57.2516,2,0
284,532.113,278.041,2,0
285,563.547,42.6836,2,0
286,92.3717,258.991,2,0
287,231.582,255.431,2,0
288,580.702,179.789,2,0
289,186.825,80.4981,2,0
290,465.03,211.081,2,0
291,247.545,296.549,2,0
292,439.804,180.619,2,0
293,83.5904,46.6322,2,0
294,198.303,267.052,2,0
295,481.934,37.8735,2,0
296,176.202,231.033,2,0
297,422.47,211.338,2,0
298,3.31609,243.011,2,0
299,191.206,201.704,2,0
300,350.016,270.912,2,0
301,57.1163,69.9814,2,0
302,360.564,281.349,2,0
303,344.384,52.1047,2,0
304,125.267,58.757,2,0
305,314.783,128.602,2,0
306,597.717,222.224,2,0
307,84.3973,20.6953,2,0
308,346.482,42.3817,2,0
309,292.424,28.2993,2,0
310,359.528,6.05103,2,0
311,128.941,110.758,2,0
312,103.942,167.218,2,0
313,261.364,218.728,2,0
314,549.913,282.917,2,0
315,223.894,61.3946,2,0
316,575.99,148.908,2,0
317,197.523,234.826,2,0
318,261.888,114.858,2,0
319,142.878,147.939,2,0
320,181.125,190.648,2,0
321,103.439,297.612,2,0
322,451.71,153.002,2,0
323,410.654,96.5307,2,0
324,180.343,143.189,2,0
325,399.357,68.8152,2,0
326,524.639,68.8475,2,0
327,523.072,107.784,2,0
328,206.802,46.1473,2,0
329,499.007,84.3389,2,0
330,474.227,20.4059,2,0
331,243.687,103.024,2,0
332,101.255,42.6951,2,0
333,210.64,78.5137,2,0
334,486.339,45.5877,2,0
335,583.961,48.0677,2,0
336,556.864,24.809,2,0
337,70.0947,20.2422,2,0
338,533.545,103.572,2,0
339,31.5382,145.889,2,0
340,194.531,64.2045,2,0
341,306.29,113.173,2,0
342,220.689,44.8381,2,0
343,89.3139,233.897,2,0
344,456.278,107.048,2,0
345,270.843,2.64054,2,0
346,82.5382,172.714,2,0
347,591.049,97.9577,2,0
348,67.5791,236.601,2,0
349,453.622,181.288,2,0
350,251.788,0.471654,2,0
351,254.825,210.923,2,0
352,360.543,264.156,2,0
353,117.504,107.561,2,0
354,238.534,223.25,2,0
355,135.213,78.9348,2,0
356,501.53,185.373,2,0
357,178.937,107.678,2,0
358,433.575,46.2131,2,0
359,8.82703,252.447,2,0
360,22.5478,208.636,2,0
361,153.15,282.851,2,0
362,13.1615,202.848,2,0
363,113.793,65.8355,2,0
364,318.687,49.9912,2,0
365,55.5551,7.09829,2,0
366,352.142,38.6174,2,0
367,244.946,18.5542,2,0
368,3.82536,274.047,2,0
369,407.652,5.57198,2,0
370,94.4313,5.35687,2,0
371,509.274,230.389,2,0
372,0.45694,245.833,2,0
373,542.711,56.9976,2,0
374,271.179,259.814,2,0
375,177.509,255.518,2,0
376,536.626,251.824,2,0
377,563.405,133.696,2,0
378,503.46,130.137,2,0
379,59.629,57.0087,2,0
380,455.051,12.0693,2,0
381,3.29647,248.677,2,0
382,539.842,79.8219,2,0
383,428.551,122.046,2,0
384,482.56,8.92166,2,0
385,86.3834,227.477,2,0
386,485.201,258.138,2,0
387,367.49,282.454,2,0
388,307.516,137.265,2,0
389,489.96,298,2,0
390,321.353,277.772,2,0
391,465.492,65.0085,2,0
392,595.843,226.813,2,0
393,86.5482,219.419,2,0
394,332.565,7.40221,2,0
395,405.55,82.1892,2,0
396,187.241,195.202,2,0
397,515.648,168.702,2,0
398,491.115,143.252,2,0
399,30.4854,186.763,2,0
400,470.873,104.606,2,0
401,159.564,56.3796,2,0
402,443.743,49.7658,2,0
403,506.489,166.754,2,0
404,289.635,15.1177,2,0
405,31.5978,10.6472,2,0
406,424.055,107.202,2,0
407,43.5838,214.834,2,0
408,178.451,166.753,2,0
409,446.374,247.622,2,0
410,311.738,91.1801,2,0
411,127.419,139.581,2,0
412,205.875,277.522,2,0
413,308.664,147.403,2,0
414,36.8506,244.595,2,0
415,9.55049,56.8779,2,0
416,361.485,131.081,2,0
417,352.639,255.435,2,0
418,474.462,160.086,2,0
419,99.7565,61.1944,2,0
420,304.417,20.2473,2,0
421,483.547,294.06,2,0
422,434.009,178.978,2,0
423,108.36,289.407,2,0
424,17.772,91.4514,2,0
425,290.788,296.82,2,0
426,197.059,87.0321,2,0
427,516.671,12.8386,2,0
428,4.53804,231.934,2,0
429,157.88,228.654,2,0
430,495.803,100.929,2,0
431,319.477,263.923,2,0
432,473.789,201.692,2,0
433,66.4145,64.1982,2,0
434,560.213,158.104,2,0
435,207.373,230.143,2,0
436,316.15,213.071,2,0
437,167.763,136.463,2,0
438,520.602,69.277,2,0
439,362.984,47.9296,2,0
440,264.498,197.723,2,0
441,332.049,281.873,2,0
442,105.706,37.3722,2,0
443,186.387,251.048,2,0
444,277.343,126.345,2,0
445,171.77,283.308,2,0
446,324.351,269.305,2,0
447,449.358,235.754,2,0
448,510.051,272.327,2,0
449,225.823,224.126,2,0
450,461.79,69.1741,2,0
451,203.47,135.619,2,0
452,158.154,80.4426,2,0
453,204.271,225.296,2,0
454,224.776,69.8196,2,0
455,375.233,291.271,2,0
456,267.528,183.372,2,0
457,170.059,82.4733,2,0
458,264.91,122.467,2,0
459,113.294,167.318,2,0
460,436.401,99.6208,2,0
461,571.751,210.835,2,0
462,391.208,133.886,2,0
463,79.3638,20.6451,2,0
464,253.387,5.19523,2,0
465,314.869,281.594,2,0
466,105.054,262.656,2,0
467,29.49,59.182,2,0
468,43.577,107.933,2,0
469,195.645,68.1186,2,0
470,554.67,55.2669,2,0
471,463.055,60.6076,2,0
472,216.225,251.384,2,0
473,139.842,131.428,2,0
474,374.287,268.121,2,0
475,469.278,291.724,2,0
476,1.939,211.676,2,0
477,304.665,145.884,2,0
478,376.702,277.72,2,0
479,489.785,32.9775,2,0
480,67.7994,15.7894,2,0
481,196.649,244.916,2,0
482,247.047,265.774,2,0
483,204.387,208.781,2,0
484,553.477,271.169,2,0
485,488.382,87.8049,2,0
486,50.5091,35.2693,2,0
487,589.404,185.626,2,0
488,587.522,99.9567,2,0
489,551.029,130.384,2,0
490,53.7369,264.75,2,0
491,361.982,51.892,2,0
492,121.746,62.4936,2,0
493,14.5441,3.1453,2,0
494,72.1473,83.7074,2,0
495,453.141,187.967,2,0
496,130.206,174.837,2,0
497,328.974,82.9012,2,0
498,224.724,20.6431,2,0
499,350.518,125.103,2,0
500,28.4431,268.812,2,0
501,103.741,76.897,2,0
502,2.54283,128.148,2,0
503,362.69,106.619,2,0
504,31.981,36.9753,2,0
505,197.079,294.257,2,0
506,232.048,201.293,2,0
507,331.196,64.2332,2,0
508,133.987,72.2471,2,0
509,332.601,217.458,2,0
510,560.264,283.758,2,0
511,171.418,33.1504,2,0
512,469.028,41.6737,2,0
513,330.648,297.011,2,0
514,341.802,249.901,2,0
515,497.453,241.863,2,0
516,254.871,206.822,2,0
517,260.497,225.62,2,0
518,377.249,2,2,0
519,175.101,152.818,2,0
520,412.213,231.969,2,0
521,80.9808,211.828,2,0
522,530.046,206.861,2,0
523,129.024,264.502,2,0
524,427.643,298,2,0
525,300.002,61.3694,2,0
526,11.1628,181.22,2,0
527,544.619,101.042,2,0
528,557.018,62.9631,2,0
529,391.395,243.475,2,0
530,348.13,168.574,2,0
531,462.523,163.667,2,0
532,514.002,288.808,2,0
533,138.648,24.3159,2,0
534,375.017,227.115,2,0
535,358.584,36.0989,2,0
536,495.7,227.323,2,0
537,128.551,189.857,2,0
538,81.3466,277.725,2,0
539,411.759,118.594,2,0
540,38.7584,124.512,2,0
541,348.095,38.6926,2,0
542,390.257,82.0237,2,0
543,157.503,65.9121,2,0
544,353.001,213.714,2,0
545,593.868,196.004,2,0
546,194.056,237.205,2,0
547,15.4334,298,2,0
548,303.776,267.238,2,0
549,72.5436,76.533,2,0
550,295.334,190.717,2,0
551,568.318,161.379,2,0
552,577.304,70.6868,2,0
553,518.326,176.171,2,0
554,504.014,80.7206,2,0
555,142.312,108.795,2,0
556,224.61,120.906,2,0
557,297.54,198.993,2,0
558,356.458,256.901,2,0
559,299.214,136.612,2,0
560,60.8673,198.222,2,0
561,568.716,241.128,2,0
562,152.466,60.1302,2,0
563,34.502,47.7694,2,0
564,585.148,239.204,2,0
565,97.6474,21.816,2,0
566,133.364,145.354,2,0
567,405.434,289.482,2,0
568,288.299,240.949,2,0
569,213.18,245.737,2,0
570,377.067,83.0054,2,0
571,516.947,265.685,2,0
572,42.7481,125.151,2,0
573,138.847,97.7547,2,0
574,327.585,61.6624,2,0
575,320.083,117.721,2,0
576,274.46,9.88711,2,0
577,118.794,203.228,2,0
578,276.494,17.9031,2,0
579,594.15,68.1744,2,0
580,462.978,24.8287,2,0
581,162.231,26.9783,2,0
582,52.7504,49.8832,2,0
583,235.89,69.5445,2,0
584,196.105,19.5456,2,0
585,326.797,100.419,2,0
586,53.6239,94.3096,2,0
587,208.32,118.373,2,0
588,167.845,79.1052,2,0
589,581.773,219.48,2,0
590,428.705,252.836,2,0
591,52.4992,202.933,2,0
592,319.921,121.936,2,0
593,26.2354,239.61,2,0
594,459.815,144.82,2,0
595,114.352,53.747,2,0
596,412.846,9.27727,2,0
597,594.066,231.216,2,0
598,249.062,124.78,2,0
599,292.49,185.746,2,0
600,209.856,17.5048,2,0
601,5.70095,130.744,2,0
602,190.281,2.43765,2,0
603,416.032,108.489,2,0
604,163.523,172.2,2,0
605,498.554,207.922,2,0
606,384.649,266.923,2,0
607,73.3227,87.534,2,0
608,399.139,242.862,2,0
609,39.062,284.758,2,0
610,331.898,167.06,2,0
611,484.536,68.535,2,0
612,136.961,217.94,2,0
613,342.857,44.3031,2,0
614,567.852,225.785,2,0
615,208.768,22.7382,2,0
616,169.732,265.667,2,0
617,22.8304,47.0048,2,0
618,462.802,250.004,2,0
619,461.934,245.976,2,0
620,46.7683,124.397,2,0
621,69.2959,28.2537,2,0
622,266.012,53.4994,2,0
623,190.488,48.726,2,0
624,323.949,116.336,2,0
625,492.819,103.833,2,0
626,520.821,5.97262,2,0
627,253.459,245.467,2,0
628,538.177,71.7081,2,0
629,197.11,181.967,2,0
630,469.191,34.9975,2,0
631,234.259,22.4491,2,0
632,524.404,283.605,2,0
633,519.979,57.443,2,0
634,374.933,50.4281,2,0
635,400.507,212.337,2,0
636,534.212,156.219,2,0
637,254.843,19.7413,2,0
638,111.85,118.012,2,0
639,151.437,162.964,2,0
640,463.592,31.6389,2,0
641,129.724,212.554,2,0
642,312.08,37.0477,2,0
643,111.669,251.526,2,0
644,570.352,36.1818,2,0
645,155.622,46.1962,2,0
646,387.241,132.833,2,0
647,564.372,267.092,2,0
648,115.67,205.791,2,0
649,189.337,181.241,2,0
650,276.938,145.719,2,0
651,387.784,264.31,2,0
652,555.685,44.4203,2,0
653,166.847,174.577,2,0
654,278.647,281.711,2,0
655,157.4,183.375,2,0
656,6.21637,11.9298,2,0
657,141.037,68.1559,2,0
658,338.548,272.285,2,0
659,527.826,165.286,2,0
660,464.024,129.164,2,0
661,597.248,110.278,2,0
662,374.311,161.052,2,0
663,202.843,240.732,2,0
664,77.8099,73.06,2,0
665,339.567,219.698,2,0
666,474.854,89.8465,2,0
667,215.919,51.7511,2,0
668,253.337,124.959,2,0
669,12.5194,206.851,2,0
670,279.787,2,2,0
671,177.526,32.6469,2,0
672,279.221,155.39,2,0
673,328.409,292.725,2,0
674,586.466,298,2,0
675,40.0416,114.658,2,0
676,384.036,253.302,2,0
677,493.951,133.699,2,0
678,471.314,94.6132,2,0
679,221.966,162.868,2,0
680,374.488,297.993,2,0
681,79.6552,287.12,2,0
682,156.587,6.02074,2,0
683,291.966,37.1322,2,0
684,180.982,57.054,2,0
685,96.7988,246.664,2,0
686,348.745,293.032,2,0
687,554.492,144.739,2,0
688,209.068,246.241,2,0
689,110.621,160.408,2,0
690,511.158,182.184,2,0
691,228.698,68.5,2,0
692,345.946,83.9732,2,0
693,166.596,164.519,2,0
694,406.29,136.065,2,0
695,385.042,121.978,2,0
696,364.009,271.692,2,0
697,413.198,251.571,2,0
698,195.128,74.2257,2,0
699,196.63,49.2908,2,0
700,345.237,105.92,2,0
701,133.074,87.4022,2,0
702,318.007,231.227,2,0
703,528.397,143.316,2,0
704,507.775,152.134,2,0
705,436.837,228.475,2,0
706,501.476,242.607,2,0
707,488.849,277.594,2,0
708,390.677,288.559,2,0
709,239.289,152.206,2,0
710,380.311,62.8532,2,0
711,149.777,20.825,2,0
712,486.577,6.05626,2,0
713,85.9504,77.269,2,0
714,446.782,133.431,2,0
715,475.38,33.511,2,0
716,576.856,154.387,2,0
717,330.363,97.558,2,0
718,219.021,86.1485,2,0
719,271.028,146.523,2,0
720,120.325,169.172,2,0
721,112.557,219.125,2,0
722,39.8033,216.661,2,0
723,37.0771,120.319,2,0
724,357.727,87.2886,2,0
725,384.1,82.6341,2,0
726,358.025,19.473,2,0
727,578.043,128.552,2,0
728,430.995,289.98,2,0
729,132.78,155.442,2,0
730,240.891,75.7496,2,0
731,165.926,267.298,2,0
732,348.681,48.372,2,0
733,261.885,41.4344,2,0
734,413.442,140.112,2,0
735,548.571,279.033,2,0
736,132.437,236.005,2,0
737,483.756,150.567,2,0
738,248.057,157.279,2,0
739,400.569,296.845,2,0
740,48.2936,147.062,2,0
741,141.832,286.038,2,0
742,494.697,264.419,2,0
743,357.665,233.129,2,0
744,172.218,276.576,2,0
745,289.001,212.324,2,0
746,129.623,220.861,2,0
747,310.497,77.8845,2,0
748,234.087,48.6944,2,0
749,109.045,68.967,2,0
750,14.9319,103.274,2,0
751,59.9779,73.9314,2,0
752,257.425,141.786,2,0
753,58.371,122.718,2,0
754,245.239,220.397,2,0
755,85.9515,108.958,2,0
756,430.734,182.774,2,0
757,137.588,230.923,2,0
758,220.798,131.31,2,0
759,360.459,207.005,2,0
760,401.726,181.758,2,0
761,52.7846,138.237,2,0
762,124.053,190.483,2,0
763,154.685,288.572,2,0
764,527.787,161.136,2,0
765,347.501,92.9635,2,0
766,346.899,264.223,2,0
767,457.682,69.6836,2,0
768,166.328,148.015,2,0
769,130.9,75.0427,2,0
770,227.474,131.331,2,0
771,383.457,257.453,2,0
772,332.128,194.658,2,0
773,154.181,235.967,2,0
774,490.224,25.5095,2,0
775,132.232,68.6299,2,0
776,271.594,263.809,2,0
777,75.7025,37.4752,2,0
778,277.168,245.055,2,0
779,579.728,147.096,2,0
780,526.94,170.385,2,0
781,168.39,48.1095,2,0
782,447.227,280.987,2,0
783,316.939,177.32,2,0
784,292.023,161.963,2,0
785,11.3711,120.912,2,0
786,120.596,67.5572,2,0
787,205.214,262.924,2,0
788,560.563,241.813,2,0
789,522.438,159.475,2,0
790,465.845,161.263,2,0
791,240.261,79.788,2,0
792,246.736,121.497,2,0
793,257.187,123.809,2,0
794,107.521,25.5406,2,0
795,511.301,132.166,2,0
796,549.615,198.58,2,0
797,259.466,134.039,2,0
798,532.058,256.02,2,0
799,598.824,106.552,2,0
800,280.731,243.18,2,0
801,459.103,43.6076,2,0
802,123.731,298,2,0
803,240.726,205.031,2,0
804,192.597,150.317,2,0
805,562.825,262.103,2,0
806,19.8544,113.262,2,0
807,190.088,159.749,2,0
808,454.231,8.09237,2,0
809,579.694,11.082,2,0
810,311.445,152.825,2,0
811,446.526,217.783,2,0
812,592.271,182.735,2,0
813,464.916,7.26202,2,0
814,577.747,139.559,2,0
815,319.526,170.582,2,0
816,277.676,77.6968,2,0
817,414.091,228.323,2,0
818,29.417,235.152,2,0
819,158.725,166.439,2,0
820,516.106,185.228,2,0
821,213.785,67.2798,2,0
822,106.534,280.844,2,0
823,164.503,234.117,2,0
824,275.688,172.065,2,0
825,480.926,90.7656,2,0
826,67.3841,77.072,2,0
827,591.789,129.647,2,0
828,299.593,169.552,2,0
829,522.497,200.095,2,0
830,324.473,2,2,0
831,514.386,259.957,2,0
832,318.642,126.918,2,0
833,356.381,206.261,2,0
834,205.66,237.076,2,0
835,274.085,131.987,2,0
836,585.55,121.502,2,0
837,131.752,280.4,2,0
838,196.29,8.06506,2,0
839,367.405,169.16,2,0
840,253.086,104.566,2,0
841,83.7191,152.615,2,0
842,196.322,290.232,2,0
843,398.36,148.432,2,0
844,521.922,14.6718,2,0
845,596.696,216.825,2,0
846,149.309,36.251,2,0
847,13.0991,68.6038,2,0
848,563.884,95.3833,2,0
849,415.01,275.47,2,0
850,411.516,34.5102,2,0
851,476.832,5.87673,2,0
852,208.409,213.515,2,0
853,293.103,212.47,2,0
854,421.701,143.645,2,0
855,429.655,240.287,2,0
856,56.1502,54.4753,2,0
857,380.915,221.949,2,0
858,133.706,101.472,2,0
859,486.464,37.0279,2,0
860,413.578,105.185,2,0
861,259.948,241.238,2,0
862,489.785,55.4068,2,0
863,257.276,168.713,2,0
864,523.315,10.8943,2,0
865,370.446,36.9537,2,0
866,571.294,148.954,2,0
867,459.749,217.701,2,0
868,254.555,115.791,2,0
869,356.595,77.7303,2,0
870,438.611,267.564,2,0
871,357.613,288.984,2,0
872,476.824,291.107,2,0
873,551.049,142.514,2,0
874,421.349,114.638,2,0
875,188.657,40.8153,2,0
876,521.192,170.954,2,0
877,147.402,108.336,2,0
878,251.467,121.4,2,0
879,174.344,280.148,2,0
880,368.33,110.124,2,0
881,458.737,150.692,2,0
882,457.285,52.61,2,0
883,102.007,245.105,2,0
884,282.451,96.3784,2,0
885,124.907,209.991,2,0
886,399.246,234.215,2,0
887,407.329,279.142,2,0
888,93.3974,65.0385,2,0
889,405.601,164.06,2,0
890,350.136,241.952,2,0
891,362.675,295.868,2,0
892,438.84,216.104,2,0
893,237.836,108.044,2,0
894,424.104,128.308,2,0
895,578.002,258.389,2,0
896,142.877,139.532,2,0
897,281.58,128.596,2,0
898,335.004,279.105,2,0
899,439.862,212.081,2,0
900,459.267,241.5,2,0
901,589.616,36.8853,2,0
902,162.931,288.489,2,0
903,399.072,14.6719,2,0
904,230.118,296.542,2,0
905,170.768,219.681,2,0
906,200.452,261.152,2,0
907,330.108,160.164,2,0
908,467.002,100.947,2,0
909,220.391,35.0324,2,0
910,461.66,52.5464,2,0
911,514.584,192.519,2,0
912,367.115,193.962,2,0
913,473.868,282.381,2,0
914,579.72,283.878,2,0
915,368.043,56.8568,2,0
916,351.689,194.345,2,0
917,33.9323,149.16,2,0
918,190.307,137.066,2,0
919,421.578,72.228,2,0
920,321.531,105.244,2,0
921,204.724,200.464,2,0
922,415.317,243.932,2,0
923,133.391,82.6171,2,0
924,364.64,76.5675,2,0
925,253.829,143.634,2,0
926,140.301,188.185,2,0
927,462.025,198.391,2,0
928,36.3826,116.353,2,0
929,209.093,252.047,2,0
930,248.877,257.53,2,0
931,586.503,95.8544,2,0
932,326.011,161.529,2,0
933,108.447,193.575,2,0
934,182.646,286.579,2,0
935,507.489,253.587,2,0
936,78.5815,267.051,2,0
937,269.634,267.404,2,0
938,393.761,37.4833,2,0
939,498.083,2,2,0
940,486.755,10.1316,2,0
941,415.545,296.233,2,0
942,221.586,145.45,2,0
943,407.224,216.936,2,0
944,541.805,262.409,2,0
945,524.275,155.037,2,0
946,471.56,152.218,2,0
947,504.693,292.585,2,0
948,231.475,277.392,2,0
949,201.174,160.454,2,0
950,46.1112,172.82,2,0
951,112.89,233.301,2,0
952,9.06044,78.9934,2,0
953,475.408,148.476,2,0
954,479.508,294.146,2,0
955,147.871,117.764,2,0
956,204.506,221.229,2,0
957,85.1817,240.69,2,0
958,437.48,91.676,2,0
959,299.24,273.812,2,0
960,257.057,87.2121,2,0
961,358.287,240.537,2,0
962,541.026,176.616,2,0
963,11.6147,11.3459,2,0
964,472.878,289.91,2,0
965,23.9634,136.552,2,0
966,134.026,48.1034,2,0
967,66.4254,43.5232,2,0
968,98.0001,143.638,2,0
969,411.913,289.804,2,0
970,234.228,53.3825,2,0
971,62.7166,132.878,2,0
972,409.335,162.298,2,0
973,208.8,104.645,2,0
974,210.128,281.625,2,0
975,386.211,210.955,2,0
976,292.667,17.932,2,0
977,444.577,100.685,2,0
978,415.701,149.059,2,0
979,235.037,65.483,2,0
980,423.821,182.766,2,0
981,45.1479,149.569,2,0
982,247.639,111.062,2,0
983,324.82,243.401,2,0
984,423.018,235.598,2,0
985,48.2516,279.039,2,0
986,283.415,295.44,2,0
987,151.532,119.71,2,0
988,318.323,54.0034,2,0
989,382.678,291.87,2,0
990,222.617,49.5968,2,0
991,417.885,79.4576,2,0
992,323.776,120.643,2,0
993,455.15,172.893,2,0
994,241.662,161.718,2,0
995,184.603,87.6562,2,0
996,478.365,169.261,2,0
997,259.256,189.863,2,0
998,514.876,180.387,2,0
999,360.43,259.769,2,0
1000,264.386,105.982,2,0
1001,458.482,78.3026,2,0
1002,159.497,244.26,2,0
1003,18.2946,240.779,2,0
1004,100.39,170.183,2,0
1005,474.998,96.464,2,0
1006,489.397,258.243,2,0
1007,235.326,74.0155,2,0
1008,212.254,35.3649,2,0
1009,512.851,266.084,2,0
1010,406.848,272.278,2,0
1011,408.689,21.7634,2,0
1012,155.409,77.5301,2,0
1013,593.369,52.1132,2,0
1014,76.8274,116.093,2,0
1015,369.673,138.747,2,0
1016,428.379,159.637,2,0
1017,27.6227,134.64,2,0
1018,337.538,126.465,2,0
1019,302.345,114.304,2,0
1020,573.368,77.7,2,0
1021,442.736,266.794,2,0
1022,273.55,187.465,2,0
1023,91.7918,120.028,2,0
1024,49.2356,56.7778,2,0
1025,508.074,92.352,2,0
1026,159.712,129.671,2,0
1027,389.441,223.448,2,0
1028,109.825,266.76,2,0
1029,260.134,146.925,2,0
1030,464.868,115.971,2,0
1031,78.7466,271.12,2,0
1032,388.938,44.0944,2,0
1033,120.174,103.513,2,0
1034,62.2673,203.704,2,0
1035,206.849,259.199,2,0
1036,281.591,117.026,2,0
1037,545.027,176.844,2,0
1038,555.259,152.408,2,0
1039,321.722,236.19,2,0
1040,246.283,25.3789,2,0
1041,54.593,173.353,2,0
1042,124.007,88.8273,2,0
1043,599.099,139.833,2,0
1044,165.122,62.9467,2,0
1045,122.015,250.565,2,0
1046,303.488,2,2,0
1047,519.442,235.422,2,0
1048,385.987,39.9688,2,0
1049,401.706,162.53,2,0
1050,583.442,198.871,2,0
1051,567.715,271.121,2,0
1052,394.758,75.4519,2,0
1053,129.027,277.439,2,0
1054,420.427,135.531,2,0
1055,318.175,292.343,2,0
1056,411.129,109.644,2,0
1057,34.785,125.732,2,0
1058,479.032,10.9268,2,0
1059,97.1793,213.17,2,0
1060,530.822,265.566,2,0
1061,44.1595,129.664,2,0
1062,345.377,215.012,2,0
1063,567.168,127.268,2,0
1064,100.254,248.754,2,0
1065,138.127,221.847,2,0
1066,446.841,75.5538,2,0
1067,457.09,179.154,2,0
1068,67.1686,167.998,2,0
1069,402.184,269.557,2,0
1070,174.043,134.305,2,0
1071,443.047,249.952,2,0
1072,210.771,242.537,2,0
1073,522.382,61.4651,2,0
1074,505.746,210.585,2,0
1075,185.588,104.967,2,0
1076,401.788,277.983,2,0
1077,327.942,94.2789,2,0
1078,202.754,175.899,2,0
1079,16.6741,26.5216,2,0
1080,176.446,208.804,2,0
1081,211.074,292.694,2,0
1082,493.765,291.301,2,0
1083,157.711,50.9472,2,0
1084,77.2257,65.7556,2,0
1085,508.374,71.4663,2,0
1086,488.32,93.7011,2,0
1087,43.3554,112.307,2,0
1088,471.722,64.2179,2,0
1089,581.417,183.792,2,0
1090,506.354,25.8607,2,0
1091,430.061,50.5102,2,0
1092,75.5816,69.7296,2,0
1093,129.545,45.4197,2,0
1094,15.2222,88.3347,2,0
1095,342.287,296.411,2,0
1096,503.902,234.954,2,0
1097,13.2431,238.256,2,0
1098,28.5979,44.9063,2,0
1099,560.959,206.509,2,0
1100,224.352,2,2,0
1101,366.667,100.49,2,0
1102,467.38,262.492,2,0
1103,359.632,24.5371,2,0
1104,61.8677,124.754,2,0
1105,123.073,246.417,2,0
1106,532.414,192.62,2,0
1107,375.751,126.798,2,0
1108,232.804,126.927,2,0
1109,244.897,208.972,2,0
1110,203.367,66.5309,2,0
1111,168.448,144.538,2,0
1112,185.482,56.9033,2,0
1113,235.813,273.159,2,0
1114,64.2519,28.7479,2,0
1115,182.327,20.6976,2,0
1116,7.17848,138.747,2,0
1117,286.591,122.737,2,0
1118,268.756,36.9709,2,0
1119,255.406,290.432,2,0
1120,593.294,61.9591,2,0
1121,537.037,111.546,2,0
1122,184.871,111.791,2,0
1123,430.065,103.974,2,0
1124,541.449,270.188,2,0
1125,340.029,112.871,2,0
1126,257.777,214.994,2,0
1127,105.723,112.61,2,0
1128,109.615,3.35896,2,0
1129,119.696,262.115,2,0
1130,464.854,137.002,2,0
1131,290.889,9.35455,2,0
1132,126.007,160.15,2,0
1133,370.596,3.3922,2,0
1134,501.924,285.359,2,0
1135,420.038,288.588,2,0
1136,403.299,78.7044,2,0
1137,529.115,71.9707,2,0
1138,598.669,87.1007,2,0
1139,494.158,269.528,2,0
1140,521.748,131.222,2,0
1141,94.7691,51.405,2,0
1142,295.322,34.8744,2,0
1143,103.127,68.8429,2,0
1144,520.802,211.243,2,0
1145,137.632,244.382,2,0
1146,334.518,179.803,2,0
1147,554.606,140.545,2,0
1148,70.0056,6.71714,2,0
1149,558.99,55.8448,2,0
1150,72.9553,129.94,2,0
1151,558.558,201.762,2,0
1152,219.083,4.11016,2,0
1153,142.297,27,2,0
1154,428.04,79.7108,2,0
1155,322.498,188.58,2,0
1156,448.309,289.439,2,0
1157,79.2306,35.5385,2,0
1158,154.111,53.0639,2,0
1159,417.207,252.153,2,0
1160,365.829,137.483,2,0
1161,342.717,71.9751,2,0
1162,562.04,90.3774,2,0
1163,228.173,117.206,2,0
1164,162.382,159.491,2,0
1165,47.2248,260.01,2,0
1166,577.317,2,2,0
1167,248.131,79.3062,2,0
1168,509.829,23.7354,2,0
1169,93.5072,248.985,2,0
1170,72.0668,178.98,2,0
1171,591.852,227.851,2,0
1172,46.3876,292.39,2,0
1173,300.259,229.21,2,0
1174,59.1539,134.863,2,0
1175,259.182,33.676,2,0
1176,382.206,116.103,2,0
1177,156.771,133.537,2,0
1178,185.582,262.202,2,0
1179,14.665,72.3409,2,0
1180,31.4528,250.559,2,0
1181,563.501,235.121,2,0
1182,334.912,198.422,2,0
1183,314.872,147.055,2,0
1184,339.26,84.2548,2,0
1185,442.156,159.053,2,0
1186,391.324,169.488,2,0
1187,541.812,52.7605,2,0
1188,297.857,124.709,2,0
1189,580.848,106.342,2,0
1190,370.101,90.07,2,0
1191,361.31,13.3357,2,0
1192,453.636,110.295,2,0
1193,21.4097,80.0201,2,0
1194,345.287,200.152,2,0
1195,53.6077,149.426,2,0
1196,475.097,244.979,2,0
1197,56.5756,103.496,2,0
1198,54.3571,141.934,2,0
1199,312.655,295.187,2,0
1200,225.387,75.7656,2,0
1201,242.583,113.344,2,0
1202,202.646,38.2607,2,0
1203,115.145,124.24,2,0
1204,101.522,34.1419,2,0
1205,568.754,267.235,2,0
1206,131.059,37.8768,2,0
1207,365.421,288.363,2,0
1208,357.539,162.582,2,0
1209,275.119,168.026,2,0
1210,471.951,223.388,2,0
1211,418.555,190.137,2,0
1212,224.072,245.533,2,0
1213,416.799,266.783,2,0
1214,411.189,24.9406,2,0
1215,152.36,231.39,2,0
1216,166.838,53.7777,2,0
1217,34.7705,248.122,2,0
1218,581.154,141.793,2,0
1219,388.559,232.312,2,0
1220,129.743,55.5029,2,0
1221,308.84,44.862,2,0
1222,201.522,128.158,2,0
1223,532.872,112.421,2,0
1224,182.443,69.2047,2,0
1225,354.469,141.124,2,0
1226,333.122,52.1728,2,0
1227,175.05,246.552,2,0
1228,344.682,48.0599,2,0
1229,118.478,199.079,2,0
1230,95.7059,131.343,2,0
1231,485.945,298,2,0
1232,298.913,294.787,2,0
1233,519.848,162.724,2,0
1234,44.8214,21.0026,2,0
1235,402.282,207.458,2,0
1236,595.281,144.041,2,0
1237,511.425,80.3237,2,0
1238,508.924,14.8372,2,0
1239,474.55,77.9145,2,0
1240,278.746,252.231,2,0
1241,115.191,115.709,2,0
1242,323.524,265.309,2,0
1243,170.522,123.499,2,0
1244,461.083,64.3154,2,0
1245,91.0035,45.4688,2,0
1246,116.998,241.217,2,0
1247,218.341,72.6377,2,0
1248,27.9059,73.6127,2,0
1249,8.20613,242.6,2,0
1250,510.099,32.0425,2,0
1251,435.839,59.7883,2,0
1252,108.938,57.3162,2,0
1253,599.165,135.74,2,0
1254,280.361,258.226,2,0
1255,294.622,117.392,2,0
1256,542.171,281.049,2,0
1257,366.001,129.713,2,0
1258,256.713,131.019,2,0
1259,123.564,96.876,2,0
1260,207.285,161.397,2,0
1261,521.57,244.909,2,0
1262,33.4977,280.184,2,0
1263,162.953,242.189,2,0
1264,133.044,210.223,2,0
1265,416.024,239.581,2,0
1266,576.006,190.325,2,0
1267,590.159,59.2739,2,0
1268,460.583,126.455,2,0
1269,111.974,15.396,2,0
1270,578.617,162.223,2,0
1271,590.665,84.2534,2,0
1272,586.713,85.4122,2,0
1273,385.677,180.376,2,0
1274,327.064,183.446,2,0
1275,455.001,199.006,2,0
1276,538.86,116.123,2,0
1277,159.669,162.44,2,0
1278,250.95,54.2144,2,0
1279,393.986,216.273,2,0
1280,128.596,249.959,2,0
1281,516.63,112.094,2,0
1282,206.74,298,2,0
1283,51.6541,286.017,2,0
1284,162.309,238.109,2,0
1285,358.404,105.761,2,0
1286,215.502,99.2516,2,0
1287,223.437,128.211,2,0
1288,527.046,209.616,2,0
1289,301.475,241.553,2,0
1290,378.499,238.859,2,0
1291,493.623,56.7198,2,0
1292,284.669,19.5616,2,0
1293,543.873,219.993,2,0
1294,69.4294,124.121,2,0
1295,548.495,122.761,2,0
1296,3.2377,186.347,2,0
1297,461.579,73.4439,2,0
1298,99.7603,86.549,2,0
1299,504.743,154.789,2,0
1300,225.98,209.502,2,0
1301,84.1091,148.595,2,0
1302,49.6129,2,2,0
1303,513.46,29.8045,2,0
1304,326.026,250.98,2,0
1305,385.661,137.192,2,0
1306,393.781,172.81,2,0
1307,85.5829,286.157,2,0
1308,122.818,20.1287,2,0
1309,17.7645,5.94921,2,0
1310,154.083,180.817,2,0
1311,117.048,253.116,2,0
1312,188.998,132.864,2,0
1313,335.841,185.539,2,0
1314,81.4068,2,2,0
1315,198.368,174.322,2,0
1316,24.0272,132.418,2,0
1317,579.538,188.125,2,0
1318,447.285,206.21,2,0
1319,274.698,223.553,2,0
1320,122.774,73.9334,2,0
1321,47.7514,48.3095,2,0
1322,21.5609,192.549,2,0
1323,243.771,64.956,2,0
1324,309.586,172.604,2,0
1325,13.2396,92.4032,2,0
1326,524.539,262.938,2,0
1327,425.241,86.664,2,0
1328,548.134,110.029,2,0
1329,14.8563,146.777,2,0
1330,15.229,109.484,2,0
1331,340.981,223.469,2,0
1332,421.221,252.182,2,0
1333,113.114,255.36,2,0
1334,478.947,30.4111,2,0
1335,141.037,118.141,2,0
1336,168.955,94.8046,2,0
1337,230.108,2,2,0
1338,438.439,5.6558,2,0
1339,277.613,59.3749,2,0
1340,572.146,111.471,2,0
1341,580.024,125.026,2,0
1342,526.45,296.753,2,0
1343,50.9774,134.355,2,0
1344,172.107,231.067,2,0
1345,454.296,21.01,2,0
1346,549.362,163.021,2,0
1347,592.889,4.83946,2,0
1348,473.428,45.4522,2,0
1349,65.5505,32.584,2,0
1350,346.313,296.606,2,0
1351,517.575,97.3042,2,0
1352,149.906,293.597,2,0
1353,416.481,48.6535,2,0
1354,209.448,256.071,2,0
1355,233.455,111.196,2,0
1356,292.832,74.4462,2,0
1357,594.913,149.651,2,0
1358,582.304,158.99,2,0
1359,397.44,112.13,2,0
1360,273.008,256.19,2,0
1361,22.0359,278.195,2,0
1362,192.944,85.3224,2,0
1363,353.271,118.073,2,0
1364,37.2812,270.935,2,0
1365,348.325,141.863,2,0
1366,463.175,277.13,2,0
1367,143.976,130.923,2,0
1368,384.47,108.426,2,0
1369,78.3174,99.3713,2,0
1370,19.2339,109.117,2,0
1371,582.121,154.127,2,0
1372,219.816,186.125,2,0
1373,284.397,247.481,2,0
1374,263.526,257.933,2,0
1375,392.509,200.052,2,0
1376,147.277,213.793,2,0
1377,249.712,58.5969,2,0
1378,201.899,265.291,2,0
1379,476.542,241.118,2,0
1380,99.4127,177.339,2,0
1381,255.292,195.783,2,0
1382,297.678,66.5897,2,0
1383,376.255,215.829,2,0
1384,218.285,38.6057,2,0
1385,19.8581,188.451,2,0
1386,254.572,299.006,2,0
1387,195.395,241.02,2,0
1388,256.036,83.2727,2,0
1389,24.6379,26.0366,2,0
1390,578.136,117.04,2,0
1391,198.406,119.147,2,0
1392,445.212,253.337,2,0
1393,597.73,20.1259,2,0
1394,560.108,49.0709,2,0
1395,415.834,202.247,2,0
1396,353.6,172.654,2,0
1397,238.088,139.035,2,0
1398,107.215,204.552,2,0
1399,211.751,52.1089,2,0
1400,370.763,266.08,2,0
1401,167.639,253.334,2,0
1402,378.614,142.595,2,0
1403,422.036,239.653,2,0
1404,152.032,100.841,2,0
1405,482.235,134.926,2,0
1406,325.348,69.5166,2,0
1407,317.779,72.5027,2,0
1408,263.487,118.676,2,0
1409,225.001,165.935,2,0
1410,146.517,283.997,2,0
1411,14.3551,245.926,2,0
1412,134.36,140.987,2,0
1413,218.813,101.666,2,0
1414,490.527,136.043,2,0
1415,55.3665,272.612,2,0
1416,388.47,297.643,2,0
1417,142.969,263.495,2,0
1418,34.3951,235.911,2,0
1419,458.673,60.4988,2,0
1420,42.7179,31.5723,2,0
1421,31.0926,284.699,2,0
1422,413.599,72.809,2,0
1423,333.001,163.011,2,0
1424,224.178,116.858,2,0
1425,548.724,222.182,2,0
1426,534.51,217.521,2,0
1427,222.185,208.028,2,0
1428,171.087,128.835,2,0
1429,171.123,261.835,2,0
1430,344.735,124.174,2,0
1431,408.597,153.079,2,0
1432,345.742,101.909,2,0
1433,520.853,41.1056,2,0
1434,522.653,240.752,2,0
1435,193.346,55.3677,2,0
1436,507.281,131.591,2,0
1437,255.717,191.748,2,0
1438,62.5739,217.841,2,0
1439,281.826,200.226,2,0
1440,433.228,221.575,2,0
1441,539.961,156.638,2,0
1442,33.7886,52.4757,2,0
1443,265.94,201.985,2,0
1444,86.4652,12.9806,2,0
1445,537.948,243.56,2,0
1446,159.556,47.3318,2,0
1447,389.657,164.162,2,0
1448,405.408,155.617,2,0
1449,337.251,201.869,2,0
1450,53.4927,32.5062,2,0
1451,223.7,286.065,2,0
1452,453.024,293.992,2,0
1453,581.824,265.91,2,0
1454,355.925,69.5953,2,0
1455,186.363,284.918,2,0
1456,289.989,120.275,2,0
1457,182.019,31.0327,2,0
1458,136.376,148.219,2,0
1459,284.185,256.514,2,0
1460,123.1,46.4945,2,0
1461,377.983,39.2706,2,0
1462,499.25,103.013,2,0
1463,471.673,31.732,2,0
1464,565.545,294.934,2,0
1465,363.327,126.735,2,0
1466,437.386,220.398,2,0
1467,511.062,140.588,2,0
1468,115.73,221.864,2,0
1469,220.76,69.0114,2,0
1470,311.155,126.579,2,0
1471,591.247,25.2252,2,0
1472,264.08,266.37,2,0
1473,379.744,125.788,2,0
1474,490.4,206.5,2,0
1475,447.252,115.964,2,0
1476,300.678,145.348,2,0
1477,398.354,82.4713,2,0
1478,545.221,40.6741,2,0
1479,281.079,284.902,2,0
1480,505.643,242.507,2,0
1481,309.546,276.589,2,0
1482,241.556,172.704,2,0
1483,194.693,251.073,2,0
1484,470.254,98.5395,2,0
1485,410.35,136.888,2,0
1486,297.408,180.824,2,0
1487,120.914,173.175,2,0
1488,379.48,280.674,2,0
1489,544.026,97.0295,2,0
1490,108.859,293.416,2,0
1491,144.147,53.1625,2,0
1492,316.582,115.401,2,0
1493,198.915,39.7414,2,0
1494,52.8162,105.547,2,0
1495,450.74,18.8909,2,0
1496,339.998,170.302,2,0
1497,8.65819,60.8719,2,0
1498,74.2817,41.3156,2,0
1499,397.44,294.019,2,0
1500,443.689,110.56,2,0
1501,214.748,40.6004,2,0
1502,121.134,81.7694,2,0
1503,169.597,296.524,2,0
1504,68.7661,231.817,2,0
1505,243.878,109.361,2,0
1506,560.385,237.693,2,0
1507,200.16,216.676,2,0
1508,437.502,95.7729,2,0
1509,66.3235,87.6029,2,0
1510,101.924,38.7057,2,0
1511,83,297.541,2,0
1512,499.097,224.055,2,0
1513,269.508,44.9347,2,0
1514,456.946,28.3504,2,0
1515,486.599,282.202,2,0
1516,294.593,42.0843,2,0
1517,46.2576,66.711,2,0
1518,312.375,18.4248,2,0
1519,410.539,208.71,2,0
1520,381.118,31.849,2,0
1521,568.396,213.407,2,0
1522,479.079,110.16,2,0
1523,454.525,76.7012,2,0
1524,71.534,253.49,2,0
1525,24.6315,16.172,2,0
1526,116.709,68.5757,2,0
1527,321.668,218.629,2,0
1528,285.265,142.885,2,0
1529,251.133,200.221,2,0
1530,558.454,144.143,2,0
1531,261.833,45.9903,2,0
1532,92.083,166.361,2,0
1533,512.794,232.592,2,0
1534,156.192,2,2,0
1535,228.993,177.085,2,0
1536,34.5516,13.8144,2,0
1537,385.88,221.574,2,0
1538,394.382,50.7838,2,0
1539,579.53,102.466,2,0
1540,214.816,91.6074,2,0
1541,361.752,21.0565,2,0
1542,109.351,165.797,2,0
1543,399.774,283.08,2,0
1544,513.528,284.285,2,0
1545,5.16155,175.097,2,0
1546,313.147,68.9235,2,0
1547,104.946,19.2013,2,0
1548,443.108,30.1685,2,0
1549,23.9373,6.79043,2,0
1550,185.066,189.338,2,0
1551,207.646,203.323,2,0
1552,76.8255,161.985,2,0
1553,452.147,196.162,2,0
1554,366.118,298,2,0
1555,366.209,44.4636,2,0
1556,390.789,203.813,2,0
1557,555.024,203.703,2,0
1558,520.182,89.6575,2,0
1559,221.601,151.459,2,0
1560,202.752,275.003,2,0
1561,307.391,153.299,2,0
1562,150.835,289.678,2,0
1563,124.572,70.1332,2,0
1564,449.939,135.957,2,0
1565,270.871,190.522,2,0
1566,313.165,194.28,2,0
1567,240.527,244.584,2,0
1568,363.377,63.3858,2,0
1569,383.772,280.96,2,0
1570,542.269,21.6536,2,0
1571,354.18,291.06,2,0
1572,465.839,183.769,2,0
1573,221.889,96.9873,2,0
1574,146.706,138.115,2,0
1575,35.2505,184.518,2,0
1576,335.803,92.5043,2,0
1577,286.581,165.745,2,0
1578,486.716,60.1276,2,0
1579,309.229,105.424,2,0
1580,555.141,241.924,2,0
1581,142.826,238.597,2,0
1582,4.34581,220.003,2,0
1583,177.75,259.571,2,0
1584,63.3155,141.875,2,0
1585,10.9546,288.361,2,0
1586,549.775,155.536,2,0
1587,390.091,31.8921,2,0
1588,421.76,267.352,2,0
1589,252.6,270.075,2,0
1590,529.604,198.626,2,0
1591,331.677,239.845,2,0
1592,124.907,92.7537,2,0
1593,534.997,265.194,2,0
1594,298.971,175.87,2,0
1595,343.223,109.58,2,0
1596,172.328,23.5252,2,0
1597,184.589,101.087,2,0
1598,400.63,239.131,2,0
1599,89.7959,100.116,2,0
1600,512.144,186.11,2,0
1601,351.247,59.9063,2,0
1602,508.079,245.835,2,0
1603,421.435,45.1286,2,0
1604,458.636,14.1999,2,0
1605,455.32,142.379,2,0
1606,166.908,109.227,2,0
1607,175.283,69.6689,2,0
1608,414.906,52.3447,2,0
1609,57.4953,32.2351,2,0
1610,269.866,131.852,2,0
1611,470.973,198.281,2,0
1612,596.441,265.816,2,0
1613,455.209,257.036,2,0
1614,432.24,2,2,0
1615,193.738,157.834,2,0
1616,350.025,245.985,2,0
1617,552.789,249.648,2,0
1618,556.183,294.661,2,0
1619,309.646,15.3283,2,0
1620,477.485,45.5148,2,0
1621,30.587,6.67999,2,0
1622,557.769,116.002,2,0
1623,12.4761,81.1614,2,0
1624,188.502,86.4594,2,0
1625,515.302,248.628,2,0
1626,122.059,215.228,2,0
1627,478.541,181.201,2,0
1628,523.428,204.019,2,0
1629,30.6154,118.812,2,0
1630,546.141,113.582,2,0
1631,42.8831,159.001,2,0
1632,464.922,14.4512,2,0
1633,40.0077,137.582,2,0
1634,349.238,216.358,2,0
1635,420.932,87.0274,2,0
1636,313.415,33.2498,2,0
1637,529.851,261.624,2,0
1638,425.914,179.299,2,0
1639,552.965,62.3219,2,0
1640,511.326,236.449,2,0
1641,186.818,26.6013,2,0
1642,532.641,269.169,2,0
1643,43.2195,165.203,2,0
1644,37.2945,204.2,2,0
1645,571.843,226.91,2,0
1646,499.185,26.2967,2,0
1647,552.824,280.014,2,0
1648,45.9042,255.603,2,0
1649,452.402,85.7154,2,0
1650,457.1,137.915,2,0
1651,573.618,140.64,2,0
1652,257.069,238.347,2,0
1653,310.366,258.615,2,0
1654,106.165,66.0823,2,0
1655,232.42,265.888,2,0
1656,77.2759,124.967,2,0
1657,523.607,52.7914,2,0
1658,539.055,89.2927,2,0
1659,250.899,249.787,2,0
1660,549.936,72.81,2,0
1661,460.035,47.5603,2,0
1662,97.0582,272.864,2,0
1663,453.232,261.206,2,0
1664,319.452,243.397,2,0
1665,317.644,155.173,2,0
1666,210.559,296.686,2,0
1667,353.306,259.454,2,0
1668,361.42,44.1659,2,0
1669,383.119,243.941,2,0
1670,249.423,228.736,2,0
1671,340.704,26.418,2,0
1672,358.626,202.891,2,0
1673,101.317,115.607,2,0
1674,119.606,273.816,2,0
1675,154.1,293.253,2,0
1676,467.774,82.7089,2,0
1677,244.385,129.092,2,0
1678,421.852,91.754,2,0
1679,470.882,11.5971,2,0
1680,168.144,276.372,2,0
1681,53.8429,249.409,2,0
1682,271.77,243.6,2,0
1683,166.925,248.528,2,0
1684,462.774,149.822,2,0
1685,599.323,7.30014,2,0
1686,586.477,207.552,2,0
1687,362.634,203.592,2,0
1688,430.285,152.92,2,0
1689,302.939,249.39,2,0
1690,216.719,44.1346,2,0
1691,561.819,64.4511,2,0
1692,70.6068,279.008,2,0
1693,584.605,285.689,2,0
1694,75.9309,209.156,2,0
1695,349.955,130.415,2,0
1696,558.177,127.66,2,0
1697,212.495,249.836,2,0
1698,299.913,202.218,2,0
1699,305.37,258.219,2,0
1700,365.19,123.019,2,0
1701,71.0254,135.866,2,0
1702,262.32,253.748,2,0
1703,318.745,164.889,2,0
1704,306.117,174.612,2,0
1705,479.851,63.7091,2,0
1706,145.118,98.2029,2,0
1707,452.306,131.134,2,0
1708,113.517,137.741,2,0
1709,543.056,180.6,2,0
1710,117.755,96.5052,2,0
1711,381.494,187.402,2,0
1712,58.8367,286.99,2,0
1713,482.574,58.3748,2,0
1714,375.517,93.799,2,0
1715,529.867,90.2058,2,0
1716,225.771,95.7418,2,0
1717,476.262,83.5877,2,0
1718,307.582,23.9128,2,0
1719,448.188,241.227,2,0
1720,233.996,26.4787,2,0
1721,147.7,219.953,2,0
1722,353.915,160.613,2,0
1723,284.492,264.65,2,0
1724,194.128,297.577,2,0
1725,413.912,269.68,2,0
1726,296.285,139.622,2,0
1727,213.535,150.948,2,0
1728,595.037,9.77983,2,0
1729,511.756,125.201,2,0
1730,416.849,38.8054,2,0
1731,545.062,29.6722,2,0
1732,202.908,71.6524,2,0
1733,112.485,237.346,2,0
1734,175.696,137.988,2,0
1735,61.4308,294.444,2,0
1736,262.499,102.089,2,0
1737,20.1071,137.9,2,0
1738,365.614,96.2227,2,0
1739,296.459,19.6209,2,0
1740,343.803,136.784,2,0
1741,514.13,161.153,2,0
1742,495.016,83.1952,2,0
1743,449.843,210.304,2,0
1744,433.135,238.121,2,0
1745,323.264,169.151,2,0
1746,476.547,67.954,2,0
1747,257.844,76.0793,2,0
1748,541.016,6.939,2,0
1749,492.624,64.9492,2,0
1750,402.872,89.4531,2,0
1751,539.173,141.243,2,0
1752,548.547,298,2,0
1753,309.241,116.028,2,0
1754,172.387,142.167,2,0
1755,192.673,262.889,2,0
1756,546.758,190.992,2,0
1757,323.544,44.0652,2,0
1758,25.4125,144.642,2,0
1759,233.414,32.7512,2,0
1760,541.06,119.596,2,0
1761,590.954,33.0232,2,0
1762,293.888,91.9253,2,0
1763,575.238,29.9929,2,0
1764,328.223,288.246,2,0
1765,284.553,174.314,2,0
1766,302.508,76.9018,2,0
1767,59.0083,21.9592,2,0
1768,337.302,145.922,2,0
1769,303.177,167.75,2,0
1770,486.552,234.142,2,0
1771,470.04,170.586,2,0
1772,282.786,188.744,2,0
1773,559.491,275.638,2,0
1774,237.29,210.962,2,0
1775,365.473,118.913,2,0
1776,362.59,99.0123,2,0
1777,568.249,106.506,2,0
1778,514.651,76.1913,2,0
1779,161.958,70.1896,2,0
1780,358.599,92.8117,2,0
1781,599.833,225.647,2,0
1782,575.196,41.8099,2,0
1783,362.966,167.979,2,0
1784,461.668,16.816,2,0
1785,232.197,290.779,2,0
1786,60.6181,232.412,2,0
1787,457.191,220.836,2,0
1788,259.287,229.542,2,0
1789,288.866,19.447,2,0
1790,243.993,237.485,2,0
1791,246.455,189.462,2,0
1792,382.979,198.55,2,0
1793,116.583,210.242,2,0
1794,307.409,219.838,2,0
1795,553.049,233.944,2,0
1796,305.074,149.875,2,0
1797,105.283,238.466,2,0
1798,424.431,9.19349,2,0
1799,398.179,108.044,2,0
1800,525.112,100.58,2,0
1801,374.551,79.7746,2,0
1802,270.877,48.6936,2,0
1803,289.08,75.9346,2,0
1804,44.5398,58.1714,2,0
1805,275.485,259.883,2,0
1806,452.923,97.79,2,0
1807,562.443,211.392,2,0
1808,93.3529,222.15,2,0
1809,299.422,34.6824,2,0
1810,367.801,79.2083,2,0
1811,475.911,118.072,2,0
1812,241.812,25.954,2,0
1813,8.36731,134.657,2,0
1814,206.572,283.734,2,0
1815,148.366,165.628,2,0
1816,266.399,229.484,2,0
1817,328.674,106.983,2,0
1818,52.6684,21.8178,2,0
1819,295.21,159.053,2,0
1820,336.292,230.054,2,0
1821,144.091,120.75,2,0
1822,31.6313,75.217,2,0
1823,26.9902,264.975,2,0
1824,192.672,288.586,2,0
1825,119.246,44.8552,2,0
1826,536.037,170.135,2,0
1827,101.227,212.746,2,0
1828,412.892,285.856,2,0
1829,222.938,92.4865,2,0
1830,133.594,266.206,2,0
1831,588.433,215.467,2,0
1832,458.068,248.411,2,0
1833,563.495,36.0862,2,0
1834,93.0695,274.064,2,0
1835,128.122,272.256,2,0
1836,588.711,290.484,2,0
1837,530.813,14.206,2,0
1838,188.788,118.593,2,0
1839,126.142,214.503,2,0
1840,382.416,154.54,2,0
1841,300.162,23.5712,2,0
1842,150.243,40.2577,2,0
1843,137.923,53.1864,2,0
1844,31.0582,240.44,2,0
1845,72.8939,121.87,2,0
1846,325.886,257.602,2,0
1847,368.052,25.6483,2,0
1848,547.852,135.807,2,0
1849,332.505,113.402,2,0
1850,377.552,230.418,2,0
1851,243.735,295.291,2,0
1852,196.196,15.3594,2,0
1853,477.127,114.136,2,0
1854,307.584,166.569,2,0
1855,516.475,272.974,2,0
1856,484.093,189.27,2,0
1857,2.26652,11.1568,2,0
1858,153.933,297.33,2,0
1859,215.013,155.97,2,0
1860,32.0714,85.4971,2,0
1861,13.622,170.847,2,0
1862,286.993,110.979,2,0
1863,499.945,46.9126,2,0
1864,288.437,247.847,2,0
1865,208.797,176.899,2,0
1866,79.6488,87.3128,2,0
1867,365.4,172.714,2,0
1868,515.171,123.09,2,0
1869,168.405,151.523,2,0
1870,212.4,118.535,2,0
1871,201.494,190.833,2,0
1872,167.812,73.3962,2,0
1873,346.821,239.554,2,0
1874,429.112,248.822,2,0
1875,596.08,254.62,2,0
1876,327.351,42.7841,2,0
1877,425.933,246.105,2,0
1878,11.9232,249.742,2,0
1879,24.2986,231.764,2,0
1880,67.0883,134.863,2,0
1881,554.958,178.767,2,0
1882,34.8142,18.4513,2,0
1883,40.0868,96.8844,2,0
1884,519.916,188.571,2,0
1885,385.545,228.67,2,0
1886,499.859,246.267,2,0
1887,347.118,22.6845,2,0
1888,483.1,110.994,2,0
1889,505.576,5.1185,2,0
1890,170.355,51.7883,2,0
1891,46.6018,33.1684,2,0
1892,177.908,296.179,2,0
1893,57.7711,10.5161,2,0
1894,541.798,63.9237,2,0
1895,501.324,273.31,2,0
1896,436.204,289.269,2,0
1897,476.734,257.211,2,0
1898,309.675,156.586,2,0
1899,79.5024,234.511,2,0
1900,174.44,172.801,2,0
1901,296.502,162.902,2,0
1902,155.104,261.367,2,0
1903,275.15,191.965,2,0
1904,155.695,139.001,2,0
1905,473.465,293.956,2,0
1906,426.833,16.8999,2,0
1907,470.458,217.456,2,0
1908,69.2851,120.067,2,0
1909,48.2605,75.0451,2,0
1910,559.484,233.73,2,0
1911,408.783,287.267,2,0
1912,382.167,144.521,2,0
1913,412.668,88.7501,2,0
1914,64.4845,288.543,2,0
1915,180.356,72.7706,2,0
1916,119.926,269.75,2,0
1917,457.104,96.7899,2,0
1918,56.3357,107.526,2,0
1919,581.024,18.5018,2,0
1920,129.046,41.3939,2,0
1921,122.039,24.1324,2,0
1922,92.7425,244.944,2,0
1923,227.562,62.9899,2,0
1924,536.177,107.59,2,0
1925,281.408,51.4238,2,0
1926,172.698,250.208,2,0
1927,267.056,259.913,2,0
1928,449.181,139.925,2,0
1929,168.699,140.52,2,0
1930,403.383,242.105,2,0
1931,461.151,181.872,2,0
1932,61.7885,120.57,2,0
1933,457.231,236.716,2,0
1934,381.175,228.717,2,0
1935,175.621,20.2655,2,0
1936,125.561,84.9953,2,0
1937,18.469,148.561,2,0
1938,149.531,9.04108,2,0
1939,313.146,104.185,2,0
1940,63.5805,279.162,2,0
1941,368.523,75.0289,2,0
1942,328.83,115.107,2,0
1943,35.3102,144.297,2,0
1944,447.882,213.976,2,0
1945,359.049,297.649,2,0
1946,292.398,263.376,2,0
1947,261.14,289.173,2,0
1948,261.429,54.5388,2,0
1949,495.803,275.113,2,0
1950,55.6592,111.581,2,0
1951,548.416,194.699,2,0
1952,384.219,298,2,0
1953,563.959,176.729,2,0
1954,370.955,81.6925,2,0
1955,243.896,275.918,2,0
1956,503.844,214.162,2,0
1957,144.222,62.6376,2,0
1958,169.915,181.571,2,0
1959,125.828,17.2973,2,0
1960,433.742,234.144,2,0
1961,474.77,286.326,2,0
1962,589.025,168,2,0
1963,550.421,65.5101,2,0
1964,75.4519,234.462,2,0
1965,353.93,287.063,2,0
1966,249.267,166.124,2,0
1967,444.251,242.009,2,0
1968,149.839,246.088,2,0
1969,117.056,266.15,2,0
1970,114.228,182.738,2,0
1971,217.225,264.943,2,0
1972,151.997,167.343,2,0
1973,553.601,40.9094,2,0
1974,102.936,266.285,2,0
1975,335.81,166.159,2,0
1976,53.3942,222.04,2,0
1977,164.557,123.222,2,0
1978,147.825,145.558,2,0
1979,181.669,81.1992,2,0
1980,460.4,280.054,2,0
1981,180.209,194.592,2,0
1982,204.323,142.332,2,0
1983,497.347,249.49,2,0
1984,531.494,153.193,2,0
1985,461.997,228.103,2,0
1986,474.939,29.2768,2,0
1987,442.133,81.9159,2,0
1988,171.239,19.6719,2,0
1989,136.316,188.894,2,0
1990,46.8496,156.224,2,0
1991,248.582,83.7832,2,0
1992,466.771,245,2,0
1993,303.788,25.405,2,0
1994,1.65047,101.999,2,0
1995,523.427,92.1047,2,0
1996,315.085,56.4013,2,0
1997,502.494,296.119,2,0
1998,110.325,53.4545,2,0
1999,293.67,14.0083,2,0
2000,199.475,257.195,2,0
2001,452.905,237.715,2,0
2002,579.913,59.6899,2,0
2003,135.907,213.972,2,0
2004,293.783,293.94,2,0
2005,260.569,121.537,2,0
2006,576.553,275.458,2,0
2007,159.766,251.152,2,0
2008,144.373,115.77,2,0
2009,111.771,191.134,2,0
2010,89.1032,278.446,2,0
2011,277.127,269.849,2,0
2012,321.915,294.016,2,0
2013,81.2321,53.5946,2,0
2014,101.39,72.6446,2,0
2015,266.046,130.477,2,0
2016,90.3539,225.638,2,0
2017,208.933,195.452,2,0
2018,497.313,285.439,2,0
2019,572.35,256.294,2,0
2020,20.4872,8.91534,2,0
2021,575.781,113.577,2,0
2022,155.077,164.789,2,0
2023,177.385,277.414,2,0
2024,296.569,263.315,2,0
2025,557.945,148.801,2,0
2026,536.301,135.424,2,0
2027,479.386,208.537,2,0
2028,329.11,164.088,2,0
2029,483.687,263.609,2,0
2030,157.078,124.058,2,0
2031,329.425,219.97,2,0
2032,584.597,164.208,2,0
2033,287.624,46.7753,2,0
2034,579.365,272.343,2,0
2035,258.002,17.148,2,0
2036,413.453,152.698,2,0
2037,402.769,74.6846,2,0
2038,217.196,118.134,2,0
2039,141.629,56.372,2,0
2040,80.7953,31.6221,2,0
2041,507.942,234.315,2,0
2042,229.253,166.566,2,0
2043,88.764,245.58,2,0
2044,515.429,173.311,2,0
2045,562.183,292.591,2,0
2046,10.4651,274.927,2,0
2047,75.5838,187.494,2,0
2048,212.429,218.496,2,0
2049,551.543,181.865,2,0
2050,166.6,33.1157,2,0
2051,15.2426,195.798,2,0
2052,491.913,233.532,2,0
2053,35.4696,34.6998,2,0
2054,24.4676,222.813,2,0
2055,290.134,124.657,2,0
2056,363.062,178.207,2,0
2057,28.6853,138.584,2,0
2058,204.765,41.7976,2,0
2059,110.765,215.503,2,0
2060,140.007,49.7537,2,0
2061,301.757,65.1587,2,0
2062,270.534,28.5959,2,0
2063,23.7527,290.826,2,0
2064,220.219,179.395,2,0
2065,144.27,211.021,2,0
2066,316.718,43.1738,2,0
2067,449.056,220.903,2,0
2068,233.994,252.124,2,0
2069,108.362,21.6258,2,0
2070,350.253,89.9009,2,0
2071,352.451,205.474,2,0
2072,38.8796,30.3737,2,0
2073,402.932,70.6699,2,0
2074,163.474,145.074,2,0
2075,453.828,211.232,2,0
2076,509.98,27.778,2,0
2077,550.018,54.8593,2,0
2078,207.892,144.424,2,0
2079,540.092,137.039,2,0
2080,292.983,5.81086,2,0
2081,432.399,86.0508,2,0
2082,83.5481,86.0037,2,0
2083,50.9354,298,2,0
2084,406.122,54.7171,2,0
2085,0.504142,33.2073,2,0
2086,169.028,63.8363,2,0
2087,362.358,59.5125,2,0
2088,367.103,71.2893,2,0
2089,528.632,269.595,2,0
2090,273.535,203.433,2,0
2091,230.301,47.0496,2,0
2092,386.579,79.3269,2,0
2093,55.9543,235.265,2,0
2094,337.944,276.311,2,0
2095,51.422,25.6533,2,0
2096,72.1123,147.709,2,0
2097,531.277,239.557,2,0
2098,278.058,49.2331,2,0
2099,332.443,183.328,2,0
2100,49.9694,263.019,2,0
2101,73.1072,45.2106,2,0
2102,4.70988,193.767,2,0
2103,228.43,59.0271,2,0
2104,97.92,238.893,2,0
2105,414.085,171.081,2,0
2106,255.05,165.208,2,0
2107,145.152,19.7832,2,0
2108,505.119,230.928,2,0
2109,558.493,93.2338,2,0
2110,159.428,32.8245,2,0
2111,298.951,85.1265,2,0
2112,519.634,284.669,2,0
2113,440.172,242.116,2,0
2114,75.5552,297.879,2,0
2115,197.497,99.118,2,0
2116,275.184,156.044,2,0
2117,505.857,95.7224,2,0
2118,429.201,174.747,2,0
2119,426.506,220.323,2,0
2120,46.76,210.099,2,0
2121,91.0544,153.72,2,0
2122,428.498,40.4959,2,0
2123,93.3027,110.408,2,0
2124,308.581,2,2,0
2125,477.648,212.729,2,0
2126,467.668,145.161,2,0
2127,506.571,267.685,2,0
2128,354.57,107.27,2,0
2129,313.148,29.1759,2,0
2130,576.68,194.328,2,0
2131,13.1249,266.874,2,0
2132,541.29,93.8852,2,0
2133,5.01825,239.321,2,0
2134,289.156,85.9288,2,0
2135,488.331,172.437,2,0
2136,118.515,21.5391,2,0
2137,230.552,40.2884,2,0
2138,483.086,164.36,2,0
2139,40.26,280.898,2,0
2140,334.745,293.069,2,0
2141,127.35,98.546,2,0
2142,365.672,197.715,2,0
2143,24.3203,122.703,2,0
2144,327.772,195.291,2,0
2145,481.604,25.9973,2,0
2146,422.098,218.973,2,0
2147,314.702,223.546,2,0
2148,21.5067,32.2691,2,0
2149,128.859,166.5,2,0
2150,522.3,174.972,2,0
2151,516.768,41.4604,2,0
2152,529.464,103.834,2,0
2153,575.717,225.784,2,0
2154,56.0124,158.121,2,0
2155,538.831,47.5751,2,0
2156,207.715,269.549,2,0
2157,171.648,137.693,2,0
2158,257.647,44.7457,2,0
2159,17.3965,79.9009,2,0
2160,196.708,150.191,2,0
2161,382.001,149.054,2,0
2162,286.728,68.9207,2,0
2163,111.352,259.085,2,0
2164,151.559,56.172,2,0
2165,65.1323,292.614,2,0
2166,524.629,182.335,2,0
2167,562.823,57.4488,2,0
2168,334.142,253.724,2,0
2169,350.79,109.357,2,0
2170,193.25,247.241,2,0
2171,274.13,55.03,2,0
2172,187.719,114.691,2,0
2173,147.04,263.61,2,0
2174,77.16,45.3865,2,0
2175,428.231,147.045,2,0
2176,209.164,32.5505,2,0
2177,292.288,102.176,2,0
2178,194.256,266.667,2,0
2179,49.4469,30.343,2,0
2180,250.487,108.093,2,0
2181,555.117,263.811,2,0
2182,199.541,252.517,2,0
2183,271.368,154.515,2,0
2184,80.9131,43.6244,2,0
2185,477.992,59.6724,2,0
2186,230.414,85.4045,2,0
2187,178.734,28.7326,2,0
2188,390.548,2,2,0
2189,261.012,282.651,2,0
2190,475.105,220.887,2,0
2191,299.079,79.2166,2,0
2192,466.909,10.7638,2,0
2193,265.728,141.499,2,0
2194,18.4434,2,2,0
2195,336.222,224.239,2,0
2196,167.798,68.8301,2,0
2197,195.243,27.1162,2,0
2198,348.52,191.145,2,0
2199,354.495,57.5569,2,0
2200,22.9905,0.630019,2,0
2201,176.575,104.253,2,0
2202,262.172,177.846,2,0
2203,596.555,54.8028,2,0
2204,239.932,131.065,2,0
2205,177.622,127.317,2,0
2206,457.936,156.77,2,0
2207,133.011,60.9599,2,0
2208,133.721,20.1782,2,0
2209,242.933,212.522,2,0
2210,591.325,238.967,2,0
2211,125.963,105.224,2,0
2212,152.042,203.95,2,0
2213,588.882,115.574,2,0
2214,193.444,210.515,2,0
2215,467.365,274.844,2,0
2216,569.608,191.952,2,0
2217,566.108,23.1463,2,0
2218,340.556,230.907,2,0
2219,125.79,179.242,2,0
2220,547.171,131.745,2,0
2221,334.403,97.3291,2,0
2222,372.43,175.809,2,0
2223,182.118,236.171,2,0
2224,595.358,260.237,2,0
2225,245.144,47.6197,2,0
2226,182.212,297.623,2,0
2227,130.745,298,2,0
2228,579.52,98.3922,2,0
2229,510.852,207.699,2,0
2230,421.337,101.939,2,0
2231,163.078,30.9732,2,0
2232,536.256,92.1982,2,0
2233,516.481,68.219,2,0
2234,80.6986,61.6398,2,0
2235,205.45,191.95,2,0
2236,236.118,115.705,2,0
2237,446.724,46.9626,2,0
2238,559.314,97.7655,2,0
2239,88.1022,150.782,2,0
2240,541.218,246.025,2,0
2241,594.413,199.99,2,0
2242,17.627,176.685,2,0
2243,402.73,158.621,2,0
2244,484.736,278.656,2,0
2245,68.0616,251.473,2,0
2246,54.3362,12.5773,2,0
2247,523.862,292.677,2,0
2248,327.863,51.0562,2,0
2249,313.651,289.715,2,0
2250,507.144,145.925,2,0
2251,11.0091,145.177,2,0
2252,86.6759,27.6203,2,0
2253,485.183,91.1876,2,0
2254,287.101,191.697,2,0
2255,173.849,16.5881,2,0
2256,298.284,106.982,2,0
2257,446.271,264.52,2,0
2258,420.416,166.056,2,0
2259,216.692,143.659,2,0
2260,192.85,11.7313,2,0
2261,133.757,220.34,2,0
2262,458.492,164.842,2,0
2263,104.506,130.99,2,0
2264,494.74,282.323,2,0
2265,190.493,78.6279,2,0
2266,161.571,36.2995,2,0
2267,191.957,188.758,2,0
2268,223.154,16.8622,2,0
2269,357.193,137.352,2,0
2270,316.115,184.416,2,0
2271,161.751,82.5961,2,0
2272,266.446,19.0419,2,0
2273,244.043,157.4,2,0
2274,359.93,40.1297,2,0
2275,321.969,232.156,2,0
2276,241.303,219.065,2,0
2277,398.576,2,2,0
2278,440.739,194.961,2,0
2279,276.838,285.508,2,0
2280,191.938,227.441,2,0
2281,235.892,104.122,2,0
2282,271.34,161.328,2,0
2283,572.762,221.453,2,0
2284,295.231,77.8341,2,0
2285,595.826,91.6042,2,0
2286,154.117,221.94,2,0
2287,423.536,285.227,2,0
2288,225.858,13.3507,2,0
2289,10.8796,198.796,2,0
2290,140.179,249.667,2,0
2291,126.193,53.519,2,0
2292,473.657,133.758,2,0
2293,133.637,2,2,0
2294,24.7887,270.555,2,0
2295,96.8004,9.58003,2,0
2296,459.055,189.189,2,0
2297,423.33,222.84,2,0
2298,439.25,248.213,2,0
2299,150.014,235.991,2,0
2300,23.8771,189.084,2,0
2301,10.9151,49.9095,2,0
2302,41.0439,246.021,2,0
2303,462.41,39.2352,2,0
2304,102.514,224.757,2,0
2305,12.159,128.943,2,0
2306,253.243,89.2678,2,0
2307,327.608,66.1225,2,0
2308,249.079,48.7621,2,0
2309,342.318,161.909,2,0
2310,90.9585,292.605,2,0
2311,520.387,22.6992,2,0
2312,209.898,275.744,2,0
2313,131.815,225.403,2,0
2314,462.941,190.497,2,0
2315,581.126,287.786,2,0
2316,170.496,56.9785,2,0
2317,594.385,76.1699,2,0
2318,384.164,125.915,2,0
2319,592.815,294.603,2,0
2320,239.954,157.989,2,0
2321,453.933,158.728,2,0
2322,325.386,47.7836,2,0
2323,544.658,248.309,2,0
2324,140.057,279.188,2,0
2325,404.063,232.104,2,0
2326,332.997,48.0139,2,0
2327,273.941,102.528,2,0
2328,385.238,113.47,2,0
2329,15.5601,259.647,2,0
2330,190.248,111.399,2,0
2331,98.4542,209.205,2,0
2332,236.564,230.137,2,0
2333,64.4884,207.132,2,0
2334,186.148,30.5775,2,0
2335,265.54,126.431,2,0
2336,23.5086,250.089,2,0
2337,85.8355,135.973,2,0
2338,435.576,249.985,2,0
2339,126.349,120.859,2,0
2340,310.726,40.9172,2,0
2341,107.067,162.381,2,0
2342,414.55,263.261,2,0
2343,157.476,247.842,2,0
2344,590.329,93.8666,2,0
2345,263.197,245.081,2,0
2346,399.059,225.747,2,0
2347,373.708,104.471,2,0
2348,294.223,251.7,2,0
2349,116.78,186.05,2,0
2350,14.4911,184.266,2,0
2351,73.8562,26.2798,2,0
2352,8.56217,8.5604,2,0
2353,121.147,85.8931,2,0
2354,544.937,5.61989,2,0
2355,510.784,163.457,2,0
2356,229.413,206.821,2,0
2357,511.568,220.02,2,0
2358,366.6,92.2882,2,0
2359,228.496,36.8459,2,0
2360,100.199,46.6635,2,0
2361,266.498,191.372,2,0
2362,332.336,80.4449,2,0
2363,403.152,14.6013,2,0
2364,136.844,289.095,2,0
2365,512.792,20.8142,2,0
2366,181.531,244.075,2,0
2367,243.038,181.734,2,0
2368,578.279,168.272,2,0
2369,90.0136,215.144,2,0
2370,505.099,201.168,2,0
2371,70.1395,139.887,2,0
2372,308.428,19.8373,2,0
2373,214.441,71.4048,2,0
2374,115.996,103.703,2,0
2375,227.856,108.079,2,0
2376,238.944,118.779,2,0
2377,81.742,73.951,2,0
2378,2.1967,190.544,2,0
2379,375.288,100.197,2,0
2380,188.901,294.111,2,0
2381,196.185,270.59,2,0
2382,81.8807,163.206,2,0
2383,528.03,37.7089,2,0
2384,251.616,72.1919,2,0
2385,424.799,161.764,2,0
2386,62.3789,186.03,2,0
2387,316.057,85.7014,2,0
2388,168.097,232.004,2,0
2389,587.904,27.5437,2,0
2390,473.017,156.211,2,0
2391,124.347,29.6944,2,0
2392,258.45,203.314,2,0
2393,89.1026,174.19,2,0
2394,524.233,167.425,2,0
2395,549.862,106.281,2,0
2396,250.683,204.623,2,0
2397,309.646,31.6291,2,0
2398,287.906,151.065,2,0
2399,451.76,165.22,2,0
2400,90.8772,143.709,2,0
2401,125.003,264.671,2,0
2402,572.673,198.777,2,0
2403,184.775,119.18,2,0
2404,453.856,227.109,2,0
2405,532.344,282.13,2,0
2406,580.464,211.064,2,0
2407,223.809,233.572,2,0
2408,11.7953,100.365,2,0
2409,13.6661,39.4998,2,0
2410,285.701,196.073,2,0
2411,216.721,56.0001,2,0
2412,517.176,203.348,2,0
2413,150.14,67.0267,2,0
2414,420.742,162.053,2,0
2415,486.16,286.368,2,0
2416,583.692,6.69717,2,0
2417,85.1313,52.2601,2,0
2418,276.206,211.893,2,0
2419,337.12,289.784,2,0
2420,351.06,51.8569,2,0
2421,306.603,212.29,2,0
2422,428.313,111.642,2,0
2423,225.017,99.6753,2,0
2424,486.969,163.377,2,0
2425,354.64,12.6493,2,0
2426,369.423,224.953,2,0
2427,59.8091,52.8416,2,0
2428,537.734,261.785,2,0
2429,461.808,134.204,2,0
2430,595.878,79.8821,2,0
2431,379.955,5.13324,2,0
2432,233.578,209.15,2,0
2433,419.827,157.971,2,0
2434,55.5743,24.6339,2,0
2435,307.708,185.196,2,0
2436,469.501,60.7549,2,0
2437,47.9247,116.432,2,0
2438,346.14,219.089,2,0
2439,318.751,200.392,2,0
2440,575.354,98.5594,2,0
2441,377.949,71.4658,2,0
2442,521.561,226.165,2,0
2443,359.254,2,2,0
2444,599.854,2.38245,2,0
2445,392.154,262.606,2,0
2446,29.9168,41.0145,2,0
2447,143.688,247.511,2,0
2448,463.609,206.33,2,0
2449,461.159,138.742,2,0
2450,395.209,69.1163,2,0
2451,375.119,195.338,2,0
2452,477.114,231.593,2,0
2453,374.453,37.0368,2,0
2454,105.361,15.0899,2,0
2455,113.038,225.048,2,0
2456,265.072,32.4273,2,0
2457,408.148,231.894,2,0
2458,93.5125,55.3685,2,0
2459,511.536,121.084,2,0
2460,491.649,274.658,2,0
2461,3.25852,105.879,2,0
2462,115.334,87.4033,2,0
2463,127.663,13.2769,2,0
2464,429.346,92.3107,2,0
2465,25.5137,227.928,2,0
2466,316.74,286.968,2,0
2467,81.0401,91.0907,2,0
2468,140.68,76.7363,2,0
2469,355.337,3.45808,2,0
2470,203.78,256.383,2,0
2471,283.103,109.742,2,0
2472,558.23,245.162,2,0
2473,348.956,249.883,2,0
2474,272.074,150.552,2,0
2475,271.508,139.344,2,0
2476,556.114,120.33,2,0
2477,128.16,6.08171,2,0
2478,416.392,194.32,2,0
2479,515.34,152.519,2,0
2480,287.2,204.049,2,0
2481,311.64,176.126,2,0
2482,38.7721,220.913,2,0
2483,371.116,48.9438,2,0
2484,490.507,248.652,2,0
2485,483.207,176.082,2,0
2486,351.696,144.082,2,0
2487,344.287,141.27,2,0
2488,86.5755,129.137,2,0
2489,190.483,284.75,2,0
2490,42.0902,100.497,2,0
2491,489.631,75.0874,2,0
2492,127.055,152.118,2,0
2493,92.0764,28.6031,2,0
2494,371.197,255.684,2,0
2495,170.367,292.413,2,0
2496,52.0595,9.08347,2,0
2497,158.965,211.762,2,0
2498,566.193,138.939,2,0
2499,69.1808,260.6,2,0
2500,82.3442,227.142,2,0
2501,37.511,50.8227,2,0
2502,552.738,298,2,0
2503,342.697,61.2476,2,0
2504,492.666,22.2566,2,0
2505,65.1678,3.43637,2,0
2506,545.229,272.235,2,0
2507,422.048,49.1207,2,0
2508,156.771,206.353,2,0
2509,442.542,177.44,2,0
2510,485.085,40.8353,2,0
2511,280.398,40.3269,2,0
2512,89.3225,126.191,2,0
2513,359.891,109.613,2,0
2514,299.26,2,2,0
2515,140.899,275.258,2,0
2516,331.803,209.561,2,0
2517,347.879,54.2833,2,0
2518,249.908,99.3444,2,0
2519,360.864,113.575,2,0
2520,128.234,67.4279,2,0
2521,596.668,103.121,2,0
2522,84.4942,82.056,2,0
2523,209.76,85.5114,2,0
2524,440.365,107.252,2,0
2525,355.078,200.899,2,0
2526,521.543,18.6563,2,0
2527,148.328,153.139,2,0
2528,402.459,185.772,2,0
2529,144.5,143.268,2,0
2530,97.2854,13.8519,2,0
2531,362.377,221.335,2,0
2532,530.57,247.238,2,0
2533,391.414,270.913,2,0
2534,91.1993,115.18,2,0
2535,327.58,264.97,2,0
2536,191.71,146.328,2,0
2537,428.242,66.1764,2,0
2538,298.31,51.3019,2,0
2539,59.5525,117.187,2,0
2540,257.665,137.633,2,0
2541,348.186,161.781,2,0
2542,85.9861,16.9876,2,0
2543,350.189,276.415,2,0
2544,392.382,159.077,2,0
2545,278.015,273.787,2,0
2546,315.802,47.0962,2,0
2547,408.001,178.369,2,0
2548,534.792,14.9753,2,0
2549,13.8835,175.076,2,0
2550,382.955,24.403,2,0
2551,193.523,81.3373,2,0
2552,291.727,204.735,2,0
2553,406.995,183.767,2,0
2554,148.346,59.3552,2,0
2555,457.767,133.738,2,0
2556,527.872,157.115,2,0
2557,154.091,86.8094,2,0
2558,224.085,177.886,2,0
2559,281.306,210.083,2,0
2560,230.263,10.1494,2,0
2561,403.61,203.483,2,0
2562,173.857,125.899,2,0
2563,515.708,229.271,2,0
2564,77.1265,213.034,2,0
2565,65.1204,229.857,2,0
2566,259.561,211.41,2,0
2567,217.093,60.0427,2,0
2568,161.56,15.3883,2,0
2569,366.442,37.7145,2,0
2570,2.39781,48.7797,2,0
2571,0.26099,218.904,2,0
2572,68.6531,207.12,2,0
2573,89.7614,53.5505,2,0
2574,411.731,241.984,2,0
2575,175.329,26.2459,2,0
2576,417.177,114.493,2,0
2577,206.793,241.815,2,0
2578,236.002,131.888,2,0
2579,299.774,165.534,2,0
2580,466.447,18.1889,2,0
2581,33.2907,121.833,2,0
2582,153.012,123.821,2,0
2583,100.81,2,2,0
2584,218.384,147.92,2,0
2585,110.875,60.8187,2,0
2586,503.467,253.303,2,0
2587,406.222,97.8124,2,0
2588,466.579,179.745,2,0
2589,281.486,132.654,2,0
2590,250.327,25.1901,2,0
2591,422.726,229.666,2,0
2592,19.4387,36.399,2,0
2593,323.811,74.5717,2,0
2594,511.356,215.955,2,0
2595,288.761,59.054,2,0
2596,166.419,237.698,2,0
2597,120.93,135.504,2,0
2598,222.856,80.6491,2,0
2599,517.623,86.4976,2,0
2600,44.1184,145.144,2,0
2601,230.418,104.121,2,0
2602,165.335,154.122,2,0
2603,111.612,122.091,2,0
2604,466.337,132.552,2,0
2605,360.062,32.213,2,0
2606,478.54,247.245,2,0
2607,318.207,150.33,2,0
2608,584.165,194.801,2,0
2609,340.686,139.311,2,0
2610,223.619,254.04,2,0
2611,187.501,176.926,2,0
2612,34.3382,132.935,2,0
2613,49.8199,44.8047,2,0
2614,477.139,269.125,2,0
2615,425.396,103.427,2,0
2616,371.861,149.407,2,0
2617,47.0074,37.3205,2,0
2618,24.0015,96.888,2,0
2619,593.757,158.172,2,0
2620,543.845,187.352,2,0
2621,465.453,298,2,0
2622,296.646,194.609,2,0
2623,3.6325,205.268,2,0
2624,443.271,281.92,2,0
2625,270.751,281.039,2,0
2626,425.352,30.7927,2,0
2627,249.563,64.1138,2,0
2628,232.172,226.442,2,0
2629,320.759,97.5245,2,0
2630,334.54,33.2534,2,0
2631,418.039,229.262,2,0
2632,338.485,34.1465,2,0
2633,192.083,222.942,2,0
2634,503.282,36.8116,2,0
2635,131.391,252.901,2,0
2636,20.5842,237.384,2,0
2637,594.208,22.4707,2,0
2638,137.037,209.954,2,0
2639,129.445,146.577,2,0
2640,421.378,199.112,2,0
2641,469.082,71.7465,2,0
2642,543.243,209.098,2,0
2643,476.02,126.002,2,0
2644,266.94,147.506,2,0
2645,455.583,230.732,2,0
2646,346.174,154.548,2,0
2647,108.356,284.433,2,0
2648,340.269,188.621,2,0
2649,16.0272,284.563,2,0
2650,102.779,252.044,2,0
2651,371.955,293.614,2,0
2652,217.526,151.861,2,0
2653,82.6291,106.692,2,0
2654,504.204,102.137,2,0
2655,342.256,133.039,2,0
2656,575.314,202.709,2,0
2657,212.299,14.1529,2,0
2658,302.865,177.18,2,0
2659,543.288,77.554,2,0
2660,33.4426,175.674,2,0
2661,262.141,129.523,2,0
2662,18.7118,56.1933,2,0
2663,240.026,166.226,2,0
2664,214.289,289.499,2,0
2665,420.186,232.773,2,0
2666,201.924,181.278,2,0
2667,378.428,248.836,2,0
2668,544.218,109.011,2,0
2669,200.708,115.716,2,0
2670,587.637,81.508,2,0
2671,122.204,177.064,2,0
2672,188.811,128.776,2,0
2673,226.793,135.524,2,0
2674,424.781,291.637,2,0
2675,218.84,81.1793,2,0
2676,587.457,198.489,2,0
2677,467.157,254.633,2,0
2678,244.832,258.392,2,0
2679,316.928,67.3162,2,0
2680,254.178,98.103,2,0
2681,3.81259,224.459,2,0
2682,62.8959,59.6923,2,0
2683,296.93,143.811,2,0
2684,497.431,146.844,2,0
2685,44.0823,137.454,2,0
2686,67.1356,281.079,2,0
2687,180.836,293.404,2,0
2688,303.758,233.092,2,0
2689,357.265,83.2222,2,0
2690,303.079,36.6086,2,0
2691,220.742,21.1004,2,0
2692,573.485,103.374,2,0
2693,445.175,298,2,0
2694,291.669,179.602,2,0
2695,148.828,169.975,2,0
2696,29.5814,28.8271,2,0
2697,125.963,127.129,2,0
2698,121.684,107.32,2,0
2699,258.261,154.793,2,0
2700,281.059,83.4412,2,0
2701,93.7453,269.106,2,0
2702,198.796,154.189,2,0
2703,370.378,44.8575,2,0
2704,114.962,141.681,2,0
2705,506.645,249.634,2,0
2706,594.13,18.1717,2,0
2707,594.184,220.064,2,0
2708,73.0492,294.331,2,0
2709,244.95,82.0986,2,0
2710,380.078,252.716,2,0
2711,552.06,58.391,2,0
2712,350.647,266.873,2,0
2713,97.754,173.674,2,0
2714,584.141,10.7796,2,0
2715,175.627,273.791,2,0
2716,407.148,255.229,2,0
2717,372.306,209.844,2,0
2718,566.13,199.303,2,0
2719,177.751,82.2918,2,0
2720,444.005,121.606,2,0
2721,414.415,190.68,2,0
2722,66.9285,156.645,2,0
2723,317.741,235.265,2,0
2724,272.901,123.829,2,0
2725,42.332,291.881,2,0
2726,410.132,170.469,2,0
2727,200.713,244.256,2,0
2728,480.676,277.581,2,0
2729,263.487,9.50097,2,0
2730,537.683,223.537,2,0
2731,257.388,280.741,2,0
2732,54.2635,184.561,2,0
2733,331.523,245.776,2,0
2734,489.352,167.657,2,0
2735,253.49,64.8997,2,0
2736,173.574,108.495,2,0
2737,525.541,244.338,2,0
2738,471.354,263.533,2,0
2739,542.904,162.364,2,0
2740,23.2498,274.348,2,0
2741,77.5878,93.614,2,0
2742,284.996,235.04,2,0
2743,278.509,9.2138,2,0
2744,205.917,101.847,2,0
2745,186.845,13.6749,2,0
2746,534.107,123.716,2,0
2747,555.923,282.637,2,0
2748,459.616,32.1893,2,0
2749,525.527,104.568,2,0
2750,520.535,263.106,2,0
2751,428.564,6.07792,2,0
2752,353.252,128.04,2,0
2753,58.9791,60.9736,2,0
2754,112.527,282.963,2,0
2755,595.765,287.818,2,0
2756,589.441,68.9158,2,0
2757,536.024,280.358,2,0
2758,474.021,226.937,2,0
2759,358.563,28.442,2,0
2760,588.353,241.817,2,0
2761,490.74,282.442,2,0
2762,34.331,40.3289,2,0
2763,525.998,89.0191,2,0
2764,579.666,7.07898,2,0
2765,567.861,43.2092,2,0
2766,107.317,87.5301,2,0
2767,553.604,199.847,2,0
2768,374.463,263.442,2,0
2769,563.758,83.7014,2,0
2770,367.577,242.924,2,0
2771,267.442,264.042,2,0
2772,125.927,33.5053,2,0
2773,326.995,12.8045,2,0
2774,165.909,228.624,2,0
2775,348.602,207.112,2,0
2776,261.445,141.497,2,0
2777,578.204,37.7233,2,0
2778,263.552,262.333,2,0
2779,9.69449,227.411,2,0
2780,146.872,196.305,2,0
2781,448.328,2,2,0
2782,81.8344,17.4594,2,0
2783,296.015,111.921,2,0
2784,80.2465,122.182,2,0
2785,37.5702,173.284,2,0
2786,512.895,70.9107,2,0
2787,598.881,46.7313,2,0
2788,413.207,211.783,2,0
2789,88.962,80.0656,2,0
2790,155.034,198.338,2,0
2791,231.112,247.023,2,0
2792,425.848,143.747,2,0
2793,395.141,57.8658,2,0
2794,492.994,127.463,2,0
2795,498.007,57.2281,2,0
2796,148.688,157.377,2,0
2797,395.747,202.518,2,0
2798,210.878,92.9009,2,0
2799,88.7075,257.246,2,0
2800,64.6456,171.192,2,0
2801,512.004,105.05,2,0
2802,408.997,45.6683,2,0
2803,479.714,150.441,2,0
2804,477.526,26.1274,2,0
2805,375.259,206.228,2,0
2806,536.955,176.864,2,0
2807,576.344,281.705,2,0
2808,306.016,170.574,2,0
2809,470.215,47.8933,2,0
2810,505.506,186.299,2,0
2811,351.438,32.7502,2,0
2812,476.324,49.7783,2,0
2813,77.1556,77.1274,2,0
2814,559.55,214.324,2,0
2815,512.883,292.744,2,0
2816,208.855,42.5943,2,0
2817,220.286,170.806,2,0
2818,390.857,147.615,2,0
2819,357.534,173.769,2,0
2820,226.784,50.1517,2,0
2821,419.051,20.2694,2,0
2822,153.645,209.019,2,0
2823,283.282,92.3026,2,0
2824,356.972,229.102,2,0
2825,371.799,63.4311,2,0
2826,235.643,277.329,2,0
2827,363.957,257.55,2,0
2828,209.396,157.894,2,0
2829,25.3963,76.9105,2,0
2830,71.8934,116.974,2,0
2831,285.176,148.089,2,0
2832,131.709,11.5309,2,0
2833,359.019,10.0369,2,0
2834,539.433,207.691,2,0
2835,192.944,293.632,2,0
2836,35.0556,210.912,2,0
2837,393.488,65.3297,2,0
2838,452.03,49.0758,2,0
2839,330.166,135.709,2,0
2840,187.626,199.247,2,0
2841,272.408,247.723,2,0
2842,162.1,214.366,2,0
2843,268.991,256.385,2,0
2844,538.781,36.0954,2,0
2845,296.951,97.2083,2,0
2846,22.9556,59.0661,2,0
2847,262.761,234.72,2,0
2848,186.793,60.7474,2,0
2849,239.804,287.764,2,0
2850,69.6012,32.3812,2,0
2851,208.271,265.542,2,0
2852,304,130.349,2,0
2853,188.26,186.847,2,0
2854,56.5139,86.6288,2,0
2855,375.801,168.348,2,0
2856,455.285,205.316,2,0
2857,132.755,275.884,2,0
2858,290.266,66.9073,2,0
2859,585.235,263.582,2,0
2860,135.27,26.5016,2,0
2861,56.3553,191.505,2,0
2862,223.384,109.493,2,0
2863,95.7966,70.3668,2,0
2864,249.203,288.697,2,0
2865,231.881,61.158,2,0
2866,183.891,215.91,2,0
2867,189.436,32.9881,2,0
2868,216.495,29.1061,2,0
2869,397.591,181.862,2,0
2870,361.287,172.214,2,0
2871,379.211,274.352,2,0
2872,440.046,88.5413,2,0
2873,218.273,48.2278,2,0
2874,94.5011,241.328,2,0
2875,596.437,189.969,2,0
2876,12.3492,242.436,2,0
2877,456.625,263.706,2,0
2878,489.784,290.654,2,0
2879,30.6771,290.796,2,0
2880,232.546,230.878,2,0
2881,271.912,135.354,2,0
2882,159.91,192.551,2,0
2883,214.839,79.8746,2,0
2884,407.893,37.5681,2,0
2885,420.26,127.186,2,0
2886,57.3641,144.853,2,0
2887,276.15,99.0702,2,0
2888,380.218,298,2,0
2889,104.179,45.9084,2,0
2890,503.844,115.488,2,0
2891,162.774,53.9416,2,0
2892,68.5528,264.662,2,0
2893,279.181,262.066,2,0
2894,119.684,189.33,2,0
2895,296.127,82.1034,2,0
2896,96.4153,25.6272,2,0
2897,448.623,87.1738,2,0
2898,267.457,137.883,2,0
2899,249.027,118.111,2,0
2900,192.381,271.957,2,0
2901,292.956,222.281,2,0
2902,105.018,273.448,2,0
2903,120.968,211.22,2,0
2904,252.531,85.2049,2,0
2905,44.2458,230.575,2,0
2906,513.19,176.688,2,0
2907,519.521,192.644,2,0
2908,528.31,108.844,2,0
2909,238.979,96.2013,2,0
2910,493.842,167.323,2,0
2911,214.938,293.991,2,0
2912,20.7432,14.7508,2,0
2913,272.082,211.203,2,0
2914,253.924,56.9378,2,0
2915,584.366,214.213,2,0
2916,278.945,277.693,2,0
2917,109.935,64.7097,2,0
2918,469.592,227.265,2,0
2919,578.126,85.4418,2,0
2920,403.154,3.28573,2,0
2921,47.4649,112.439,2,0
2922,285.606,260.57,2,0
2923,30.989,2,2,0
2924,104.14,27.7107,2,0
2925,297.491,209.422,2,0
2926,347.74,61.8625,2,0
2927,200.709,150.201,2,0
2928,389.682,180.359,2,0
2929,12.0126,233.701,2,0
2930,483.421,274.528,2,0
2931,112.591,186.618,2,0
2932,466.74,105.083,2,0
2933,298.26,115.533,2,0
2934,260.177,83.7577,2,0
2935,399.221,272.744,2,0
2936,99.4094,127.579,2,0
2937,296.827,71.4207,2,0
2938,343.961,113.969,2,0
2939,254.227,23.7847,2,0
2940,379.272,256.827,2,0
2941,469.562,140.835,2,0
2942,455.515,32.0881,2,0
2943,428.16,167.745,2,0
2944,412.101,30.0749,2,0
2945,248.655,261.592,2,0
2946,307.635,133.148,2,0
2947,87.0528,88.2612,2,0
2948,298.595,148.774,2,0
2949,495.725,215.224,2,0
2950,344.194,95.4128,2,0
2951,540.2,249.917,2,0
2952,318.842,131.032,2,0
2953,585.351,2,2,0
2954,347.343,196.389,2,0
2955,234.06,13.9746,2,0
2956,301.023,46.8154,2,0
2957,453.405,36.4191,2,0
2958,458.349,196.777,2,0
2959,286.039,200.142,2,0
2960,509.36,290.725,2,0
2961,422.174,23.0645,2,0
2962,181.681,127.2,2,0
2963,541.785,274.344,2,0
2964,152.258,257.528,2,0
2965,125.841,186.839,2,0
2966,86.836,223.465,2,0
2967,159.385,137.376,2,0
2968,599.496,147.666,2,0
2969,470.538,180.969,2,0
2970,365.016,11.6588,2,0
2971,589.41,2.39486,2,0
2972,411.136,282.116,2,0
2973,362.685,17.1398,2,0
2974,449.7,145.185,2,0
2975,120.785,185.128,2,0
2976,436.421,23.5126,2,0
2977,490.764,38.8799,2,0
2978,107.424,43.2976,2,0
2979,4.21829,124.508,2,0
2980,55.012,177.362,2,0
2981,441.343,173.572,2,0
2982,104.287,9.59118,2,0
2983,232.652,168.837,2,0
2984,521.131,297.532,2,0
2985,361.275,84.4073,2,0
2986,144.598,70.3,2,0
2987,428.096,107.499,2,0
2988,587.084,131.467,2,0
2989,321.338,250.703,2,0
2990,108.358,188.933,2,0
2991,515.689,80.1343,2,0
2992,108.277,133.888,2,0
2993,458.791,20.5981,2,0
2994,326.32,179.367,2,0
2995,137.728,165.803,2,0
2996,484.282,131.463,2,0
2997,75.5644,205.076,2,0
2998,18.6011,70.4825,2,0
2999,403.262,236.1,2,0
3000,320.582,11.3257,2,0
3001,301.9,30.6589,2,0
3002,44.0131,263.936,2,0
3003,342.198,91.8857,2,0
3004,544.673,70.6848,2,0
3005,149.263,97.826,2,0
3006,477.422,93.0692,2,0
3007,6.69719,82.3,2,0
3008,204.454,81.3708,2,0
3009,309.402,181.318,2,0
3010,584.144,137.697,2,0
3011,145.208,168.271,2,0
3012,573.624,33.8035,2,0
3013,43.1902,74.6574,2,0
3014,341.814,212.022,2,0
3015,447.72,98.0898,2,0
3016,56.0608,239.521,2,0
3017,599.832,287.343,2,0
3018,131.458,106.033,2,0
3019,204.125,163.903,2,0
3020,176.391,226.89,2,0
3021,550.948,206.591,2,0
3022,448.944,293.964,2,0
3023,473.658,60.5544,2,0
3024,560.929,164.116,2,0
3025,197.826,103.191,2,0
3026,132.33,188.173,2,0
3027,331.731,271.393,2,0
3028,397.92,164.153,2,0
3029,495.169,143.504,2,0
3030,368.536,272.938,2,0
3031,335.857,283.411,2,0
3032,210.181,26.8931,2,0
3033,234.09,161.642,2,0
3034,282.622,251.08,2,0
3035,580.801,192.299,2,0
3036,177.995,235.264,2,0
3037,537.641,121.789,2,0
3038,550.796,2,2,0
3039,312.694,121.452,2,0
3040,233.288,205.16,2,0
3041,429.098,138.571,2,0
3042,556.509,267.63,2,0
3043,517.638,130.852,2,0
3044,322.686,26.0127,2,0
3045,4.06463,257.098,2,0
3046,305.506,71.578,2,0
3047,21.3222,294.232,2,0
3048,334.271,274.537,2,0
3049,581.817,35.9139,2,0
3050,487.582,294.006,2,0
3051,202.665,298,2,0
3052,321.773,258.15,2,0
3053,16.1703,95.2036,2,0
3054,125.999,198.418,2,0
3055,69.7284,80.4176,2,0
3056,273.353,13.8745,2,0
3057,142.444,22.9819,2,0
3058,497.012,53.1763,2,0
3059,238.892,42.547,2,0
3060,547.253,57.8662,2,0
3061,141.132,232.916,2,0
3062,317.731,248.522,2,0
3063,314.668,2.44264,2,0
3064,397.987,18.6363,2,0
3065,72.7882,105.371,2,0
3066,511.058,255.759,2,0
3067,598.945,262.579,2,0
3068,422.333,41.113,2,0
3069,244.733,262.466,2,0
3070,574.855,186.128,2,0
3071,80.8734,96.0001,2,0
3072,418.261,256.038,2,0
3073,563.435,46.8086,2,0
3074,38.2388,107.532,2,0
3075,541.816,200.86,2,0
3076,589.199,253.708,2,0
3077,261.278,59.7912,2,0
3078,62.7852,128.759,2,0
3079,161.971,44.0788,2,0
3080,531.643,65.2713,2,0
3081,389.253,218.428,2,0
3082,262.279,204.849,2,0
3083,11.3917,29.9738,2,0
3084,141.875,220.302,2,0
3085,510.128,193.906,2,0
3086,36.7907,71.7595,2,0
3087,319.236,158.882,2,0
3088,104.972,234.446,2,0
3089,436.083,87.83,2,0
3090,96.8126,162.038,2,0
3091,522.179,254.521,2,0
3092,350.459,289.256,2,0
3093,548.901,21.213,2,0
3094,327.429,118.868,2,0
3095,271.538,252.441,2,0
3096,346.192,284.234,2,0
3097,47.5165,26.786,2,0
3098,180.591,119.245,2,0
3099,413.338,84.6824,2,0
3100,284.483,54.1428,2,0
3101,274.232,50.9478,2,0
3102,115.717,189.959,2,0
3103,583.699,295.029,2,0
3104,97.7337,294.613,2,0
3105,431.952,149.19,2,0
3106,241.448,240.65,2,0
3107,74.6213,226.977,2,0
3108,270.088,16.1901,2,0
3109,576.05,295.169,2,0
3110,350.316,285.059,2,0
3111,208.406,225.651,2,0
3112,276.96,230.32,2,0
3113,248.068,21.2564,2,0
3114,484.604,23.1462,2,0
3115,555.828,225.501,2,0
3116,266.896,49.4299,2,0
3117,311.031,221.937,2,0
3118,186.307,137.485,2,0
3119,2.09704,280.215,2,0
3120,402.114,103.525,2,0
3121,122.086,197.091,2,0
3122,339.583,129.999,2,0
3123,153.26,267.521,2,0
3124,70.7843,112.29,2,0
3125,445.012,129.741,2,0
3126,275.827,159.993,2,0
3127,145.542,126.69,2,0
3128,566.604,147.763,2,0
3129,220.786,166.793,2,0
3130,170.358,172.407,2,0
3131,291.186,267.27,2,0
3132,174.907,130.341,2,0
3133,198.274,112.537,2,0
3134,233.251,213.177,2,0
3135,436.331,142.091,2,0
3136,367.728,263.408,2,0
3137,74.4403,133.694,2,0
3138,177.298,221.494,2,0
3139,311.615,112.76,2,0
3140,71.1335,187.512,2,0
3141,476.443,136.654,2,0
3142,214.407,207.987,2,0
3143,243.633,11.3823,2,0
3144,429.093,286.376,2,0
3145,328.882,18.9256,2,0
3146,201.461,123.29,2,0
3147,585.75,183.946,2,0
3148,136.626,85.3909,2,0
3149,80.1355,69.4207,2,0
3150,82.0145,38.525,2,0
3151,148.286,231.483,2,0
3152,392.586,298,2,0
3153,562.033,126.038,2,0
3154,312.454,214.664,2,0
3155,473.128,187.333,2,0
3156,0.667068,131.876,2,0
3157,554.463,136.395,2,0
3158,21.5951,171.814,2,0
3159,145.419,94.0451,2,0
3160,501.687,193.199,2,0
3161,93.1722,212.577,2,0
3162,365.269,151.834,2,0
3163,23.5143,11.6794,2,0
3164,229.468,233.499,2,0
3165,222.744,134.842,2,0
3166,528.739,32.3152,2,0
3167,195.326,186.417,2,0
3168,49.4604,60.8602,2,0
3169,507.291,226.782,2,0
3170,227.018,180.74,2,0
3171,345.369,247.928,2,0
3172,90.5913,219.173,2,0
3173,535.015,204.902,2,0
3174,352.751,279.551,2,0
3175,504.375,51.8503,2,0
3176,436.169,182.363,2,0
3177,22.2594,156.981,2,0
3178,358.626,141.095,2,0
3179,518.458,259.513,2,0
3180,320.67,37.1829,2,0
3181,256.231,268.008,2,0
3182,479.837,190.674,2,0
3183,305.507,62.496,2,0
3184,171.21,27.4321,2,0
3185,515.496,116.281,2,0
3186,590.245,16.8742,2,0
3187,350.707,64.6662,2,0
3188,496.626,170.335,2,0
3189,152.497,95.1882,2,0
3190,259.362,275.961,2,0
3191,324.009,18.0514,2,0
3192,550.848,138.48,2,0
3193,155.565,98.3859,2,0
3194,96.2327,29.6896,2,0
3195,72.5848,66.1241,2,0
3196,295.187,177.323,2,0
3197,180.803,111.6,2,0
3198,157.476,178.513,2,0
3199,503.216,227.264,2,0
3200,89.7756,287.016,2,0
3201,306.387,208.232,2,0
3202,410.076,128.922,2,0
3203,524.594,212.976,2,0
3204,365.667,22.297,2,0
3205,436.13,15.362,2,0
3206,11.9788,257.573,2,0
3207,214.769,103.205,2,0
3208,577.314,95.0391,2,0
3209,567.408,47.3007,2,0
3210,144.294,159.209,2,0
3211,216.522,183.841,2,0
3212,115.556,275.863,2,0
3213,457.791,202.065,2,0
3214,543.091,86.1672,2,0
3215,49.9334,250.403,2,0
3216,86.7993,5.89899,2,0
3217,16.8137,249.103,2,0
3218,184.283,157.8,2,0
3219,545.426,19.0567,2,0
3220,19.8813,98.0346,2,0
3221,76.84,143.147,2,0
3222,45.3571,190.113,2,0
3223,359.408,225.8,2,0
3224,484.871,170.427,2,0
3225,77.3255,24.247,2,0
3226,550.085,81.5759,2,0
3227,362.133,217.282,2,0
3228,227.925,201.454,2,0
3229,514.697,142.459,2,0
3230,63.0748,110.819,2,0
3231,324.264,39.5469,2,0
3232,467.67,30.9725,2,0
3233,163.899,93.4156,2,0
3234,579.486,30.1914,2,0
3235,576.853,198.79,2,0
3236,102.406,64.232,2,0
3237,286.669,187.441,2,0
3238,309.527,251.272,2,0
3239,219.357,248.773,2,0
3240,172.62,48.417,2,0
3241,249.196,170.403,2,0
3242,47.8353,176.497,2,0
3243,103.373,192.976,2,0
3244,95.0947,153.857,2,0
3245,484.728,51.6706,2,0
3246,59.4237,153.746,2,0
3247,123.537,260.823,2,0
3248,320.286,77.9986,2,0
3249,240.839,209.085,2,0
3250,51.0397,156.408,2,0
3251,176.691,250.627,2,0
3252,229.319,186.058,2,0
3253,363.244,252.717,2,0
3254,590.418,282.381,2,0
3255,447.364,274.517,2,0
3256,371.115,113.008,2,0
3257,227.685,259.543,2,0
3258,300.089,110.93,2,0
3259,290.007,229.985,2,0
3260,302.159,126.419,2,0
3261,521.298,215.249,2,0
3262,263.749,145.035,2,0
3263,525.123,20.4503,2,0
3264,405.228,247.863,2,0
3265,499.463,228.795,2,0
3266,459.63,252.52,2,0
3267,420.522,68.3561,2,0
3268,141.164,112.828,2,0
3269,378.391,17.6282,2,0
3270,368.722,9.7159,2,0
3271,78.351,6.8307,2,0
3272,341.837,245.802,2,0
3273,511.296,109.487,2,0
3274,321.689,162.058,2,0
3275,429.783,282.302,2,0
3276,417.135,91.0169,2,0
3277,449.127,51.8608,2,0
3278,299.142,247.964,2,0
3279,51.648,90.5622,2,0
3280,584.158,222.772,2,0
3281,162.975,264.477,2,0
3282,276.193,215.917,2,0
3283,69.5728,98.9173,2,0
3284,557.279,183.593,2,0
3285,286.807,96.0802,2,0
3286,33.2035,105.414,2,0
3287,62.9853,23.1491,2,0
3288,119.442,286.757,2,0
3289,76.5967,289.904,2,0
3290,326.53,199.708,2,0
3291,211.751,211.031,2,0
3292,282.978,120.814,2,0
3293,212.569,170.506,2,0
3294,57.9538,269.084,2,0
3295,120.101,219.96,2,0
3296,9.48823,103.778,2,0
3297,182.85,53.4176,2,0
3298,38.6305,249.268,2,0
3299,42.7819,45.9336,2,0
3300,528.677,67.9656,2,0
3301,506.955,284.638,2,0
3302,346.291,229.548,2,0
3303,315.723,141.644,2,0
3304,596.094,270.517,2,0
3305,579.869,81.6645,2,0
3306,550.397,119.036,2,0
3307,252.031,241.572,2,0
3308,383.276,16.6497,2,0
3309,48.2098,86.9365,2,0
3310,66.2148,138.876,2,0
3311,86.0393,231.564,2,0
3312,37.7394,177.341,2,0
3313,596.678,119.315,2,0
3314,443.423,286.039,2,0
3315,523.942,229.395,2,0
3316,145.822,10.7236,2,0
3317,441.652,34.2707,2,0
3318,378.602,197.467,2,0
3319,394.511,166.957,2,0
3320,49.0959,206.466,2,0
3321,171.738,67.6224,2,0
3322,183.345,176.846,2,0
3323,97.1645,99.9516,2,0
3324,327.72,56.5506,2,0
3325,332.299,21.0453,2,0
3326,588.918,175.437,2,0
3327,337.806,102.248,2,0
3328,216.298,76.0899,2,0
3329,490.038,253.877,2,0
3330,379.879,201.383,2,0
3331,217.15,218.571,2,0
3332,47.1432,202.776,2,0
3333,322.546,101.283,2,0
3334,361.002,249.255,2,0
3335,528.685,194.119,2,0
3336,30.0533,126.932,2,0
3337,542.477,147.708,2,0
3338,525.972,256.55,2,0
3339,317.267,275.273,2,0
3340,291.324,226.003,2,0
3341,160.705,40.2799,2,0
3342,82.0372,138.156,2,0
3343,342.344,81.6216,2,0
3344,523.778,38.3277,2,0
3345,209.333,238.703,2,0
3346,70.3269,42.1678,2,0
3347,226.432,8.90168,2,0
3348,95.323,127.288,2,0
3349,52.2641,167.515,2,0
3350,366.774,254.675,2,0
3351,40.3195,224.602,2,0
3352,359.874,191.992,2,0
3353,507.345,99.6107,2,0
3354,20.1364,288.699,2,0
3355,351.539,2,2,0
3356,78.3583,40.5021,2,0
3357,74.5998,199.024,2,0
3358,0.906516,113.486,2,0
3359,388.566,280.465,2,0
3360,140.313,212.264,2,0
3361,583.212,57.3422,2,0
3362,465.934,294.005,2,0
3363,573.14,152.629,2,0
3364,194.289,136.065,2,0
3365,134.775,184.946,2,0
3366,101.491,236.948,2,0
3367,196.455,169.217,2,0
3368,499.819,30.6477,2,0
3369,147.568,55.2912,2,0
3370,85.5352,2,2,0
3371,456.211,100.808,2,0
3372,232.101,70.8964,2,0
3373,98.4563,187.355,2,0
3374,338.449,180.674,2,0
3375,305.185,121.384,2,0
3376,266.021,242.114,2,0
3377,246.761,245.711,2,0
3378,321.483,85.4417,2,0
3379,436.341,83.6861,2,0
3380,421.13,174.123,2,0
3381,81.027,102.92,2,0
3382,529.102,236.199,2,0
3383,193.537,41.522,2,0
3384,595.418,26.7256,2,0
3385,27.0827,284.781,2,0
3386,43.9004,117.149,2,0
3387,37.6566,187.762,2,0
3388,51.3459,239.673,2,0
3389,354.69,283.112,2,0
3390,194.79,153.812,2,0
3391,306.144,125.329,2,0
3392,80.2596,110.009,2,0
3393,408.201,194.863,2,0
3394,421.791,257.926,2,0
3395,352.226,168.863,2,0
3396,416.959,174.08,2,0
3397,540.195,26.4396,2,0
3398,511.048,154.59,2,0
3399,571.994,294,2,0
3400,195.082,45.417,2,0
3401,532.847,33.0995,2,0
3402,72.5806,162.009,2,0
3403,81.3425,238.146,2,0
3404,124.379,66.0663,2,0
3405,258.977,109.34,2,0
3406,349.496,6.08641,2,0
3407,391.064,73.8073,2,0
3408,501.157,211.148,2,0
3409,570.743,40.3517,2,0
3410,263.441,275.313,2,0
3411,483.761,12.8382,2,0
3412,212.468,222.664,2,0
3413,486.789,194.744,2,0
3414,548.536,256.089,2,0
3415,560.121,119.513,2,0
3416,507.259,141.831,2,0
3417,145.592,66.398,2,0
3418,93.054,60.9901,2,0
3419,227.232,4.87162,2,0
3420,75.688,254.268,2,0
3421,273.072,42.8398,2,0
3422,120.851,77.4748,2,0
3423,333.726,84.4187,2,0
3424,528.068,277.613,2,0
3425,371.479,275.713,2,0
3426,53.5022,188.566,2,0
3427,467.055,191.168,2,0
3428,381.297,217.827,2,0
3429,63.5125,71.8836,2,0
3430,97.8263,156.977,2,0
3431,592.721,223.844,2,0
3432,107.297,79.1188,2,0
3433,83.4359,215.107,2,0
3434,429.859,256.727,2,0
3435,428.192,271.398,2,0
3436,26.7332,177.982,2,0
3437,397.949,53.0303,2,0
3438,416.978,163.465,2,0
3439,21.9215,50.9069,2,0
3440,304.991,284.802,2,0
3441,425.334,46.1653,2,0
3442,578.532,135.488,2,0
3443,386.242,290.008,2,0
3444,213.116,31.4201,2,0
3445,13.3755,294.449,2,0
3446,189.082,220.12,2,0
3447,323.538,254.221,2,0
3448,59.3689,188.737,2,0
3449,388.613,273.874,2,0
3450,136.726,251.851,2,0
3451,473.593,298,2,0
3452,274.678,277.753,2,0
3453,20.6993,270.014,2,0
3454,566.973,38.5499,2,0
3455,232.093,130.956,2,0
3456,571.298,202.568,2,0
3457,64.9145,259.897,2,0
3458,510.371,286.783,2,0
3459,56.7533,226.707,2,0
3460,528.852,22.0361,2,0
3461,571.818,119.396,2,0
3462,187.148,162.611,2,0
3463,18.0249,60.2313,2,0
3464,359.621,236.718,2,0
3465,114.819,61.9557,2,0
3466,531.497,159.296,2,0
3467,297.2,290.787,2,0
3468,66.4566,25.3001,2,0
3469,105.124,286.953,2,0
3470,183.002,108.126,2,0
3471,487.272,111.143,2,0
3472,12.9764,163.402,2,0
3473,451.513,32.834,2,0
3474,366.54,217.389,2,0
3475,233.592,217.174,2,0
3476,319.465,254.556,2,0
3477,556.251,59.0098,2,0
3478,283.842,287.843,2,0
3479,47.1816,267.612,2,0
3480,246.535,14.7037,2,0
3481,574.54,162.284,2,0
3482,538.219,22.3245,2,0
3483,330.776,121.087,2,0
3484,148.307,224.275,2,0
3485,146.595,49.9277,2,0
3486,117.471,164.055,2,0
3487,551.858,100.226,2,0
3488,413.105,58.5952,2,0
3489,68.9682,213.856,2,0
3490,68.9493,294.281,2,0
3491,116.092,91.3859,2,0
3492,198.356,277.723,2,0
3493,323.982,58.8394,2,0
3494,89.7506,250.388,2,0
3495,65.4652,221.108,2,0
3496,504.062,65.6463,2,0
3497,116.67,257.221,2,0
3498,331.714,290.261,2,0
3499,82.8426,167.936,2,0
3500,187.331,108.621,2,0
3501,247.815,93.6098,2,0
3502,117.938,290.983,2,0
3503,552.232,293.483,2,0
3504,13.1012,216.876,2,0
3505,165.383,37.6086,2,0
3506,123.941,272.126,2,0
3507,330.593,11.0495,2,0
3508,501.266,220.087,2,0
3509,91.3117,148.386,2,0
3510,188.645,191.376,2,0
3511,360.579,75.9589,2,0
3512,96.146,121.785,2,0
3513,30.7502,159.443,2,0
3514,261.356,0.961846,2,0
3515,533.279,178.77,2,0
3516,469.977,23.2282,2,0
3517,84.5597,244.843,2,0
3518,396.751,153.086,2,0
3519,456.932,64.1754,2,0
3520,467.005,93.6366,2,0
3521,319.355,143.547,2,0
3522,513.87,16.2694,2,0
3523,136.504,69.053,2,0
3524,431.908,130.116,2,0
3525,188.12,93.8566,2,0
3526,498.37,61.2664,2,0
3527,350.101,121.103,2,0
3528,537.163,8.04226,2,0
3529,430.206,218.78,2,0
3530,395.36,207.817,2,0
3531,353.965,217.714,2,0
3532,487.116,251.09,2,0
3533,78.1472,139.345,2,0
3534,585.726,250.805,2,0
3535,3.95167,283.92,2,0
3536,456.507,214.533,2,0
3537,588.58,257.722,2,0
3538,277.522,73.5966,2,0
3539,290.012,275.383,2,0
3540,252.757,46.4451,2,0
3541,470.315,90.7387,2,0
3542,304.552,163.823,2,0
3543,324.319,78.5438,2,0
3544,207.391,7.1325,2,0
3545,226.335,103.636,2,0
3546,157.22,156.889,2,0
3547,490.426,4.64872,2,0
3548,149.441,125.733,2,0
3549,330.973,31.1739,2,0
3550,576.436,229.78,2,0
3551,151.219,115.458,2,0
3552,20.9552,105.419,2,0
3553,358.32,59.1814,2,0
3554,465.892,229.476,2,0
3555,441.121,163.229,2,0
3556,387.739,63.9297,2,0
3557,332.797,157.148,2,0
3558,504.036,281.867,2,0
3559,246.637,292.014,2,0
3560,489.6,153.682,2,0
3561,477.002,14.483,2,0
3562,1.23474,165.203,2,0
3563,377.449,164.04,2,0
3564,144.024,293.298,2,0
3565,184.034,144.802,2,0
3566,505.501,178.372,2,0
3567,292.153,83.2395,2,0
3568,7.18294,107.216,2,0
3569,79.6575,263.093,2,0
3570,439.281,263.496,2,0
3571,585.175,53.7679,2,0
3572,434.282,185.932,2,0
3573,477.853,2,2,0
3574,460.154,130.47,2,0
3575,561.448,16.1095,2,0
3576,435.588,298,2,0
3577,321.737,228.143,2,0
3578,17.7577,11.9561,2,0
3579,54.691,58.2541,2,0
3580,442.396,218.095,2,0
3581,472.83,4.79611,2,0
3582,347.808,178.419,2,0
3583,280.926,56.9158,2,0
3584,157.243,257.137,2,0
3585,366.303,201.85,2,0
3586,353.753,17.425,2,0
3587,563.764,203.411,2,0
3588,406.995,70.3526,2,0
3589,239.889,104.307,2,0
3590,581.785,256.87,2,0
3591,82.6926,24.3814,2,0
3592,458.628,56.4723,2,0
3593,216.066,167.317,2,0
3594,64.3354,80.1091,2,0
3595,549.054,214.546,2,0
3596,574.181,259.968,2,0
3597,377.798,122.072,2,0
3598,301.355,118.22,2,0
3599,77.3394,147.133,2,0
3600,537.385,255.884,2,0
3601,58.4132,245.393,2,0
3602,566.989,90.6976,2,0
3603,111.469,144.663,2,0
3604,51.8849,15.9845,2,0
3605,185.141,173.176,2,0
3606,62.9488,115.066,2,0
3607,420.008,107.436,2,0
3608,302.42,209.603,2,0
3609,290.27,252.753,2,0
3610,38.6809,194.183,2,0
3611,213.255,237.736,2,0
3612,537.964,53.9375,2,0
3613,96.105,166.009,2,0
3614,66.0884,189.74,2,0
3615,82.3867,130.125,2,0
3616,433.296,107.116,2,0
3617,9.74981,18.0397,2,0
3618,405.922,142.939,2,0
3619,23.0699,282.129,2,0
3620,458.886,103.934,2,0
3621,80.7652,243.564,2,0
3622,29.0968,78.6578,2,0
3623,458.917,24.6561,2,0
3624,533.201,70.709,2,0
3625,70.716,227.902,2,0
3626,416.433,56.149,2,0
3627,66.4507,117.033,2,0
3628,314.641,190.443,2,0
3629,97.2826,37.621,2,0
3630,511.338,37.4912,2,0
3631,345.799,210.666,2,0
3632,422.688,33.8943,2,0
3633,579.974,63.7512,2,0
3634,516.453,59.7044,2,0
3635,12.0314,124.9,2,0
3636,392.631,280.22,2,0
3637,183.476,196.925,2,0
3638,13.081,77.2009,2,0
3639,591.685,79.937,2,0
3640,574.447,14.6223,2,0
3641,357.598,15.4456,2,0
3642,264.951,61.4235,2,0
3643,183.463,140.565,2,0
3644,409.126,258.761,2,0
3645,74.2537,4.61763,2,0
3646,326.36,133.389,2,0
3647,535.666,57.2673,2,0
3648,148.517,200.001,2,0
3649,285.102,243.382,2,0
3650,425.383,124.506,2,0
3651,554.53,91.167,2,0
3652,286.046,118.245,2,0
3653,424.63,165.763,2,0
3654,9.51097,40.0468,2,0
3655,533.952,5.53487,2,0
3656,370.931,240.69,2,0
3657,176.614,149.032,2,0
3658,565.439,184.213,2,0
3659,92.8025,137.8,2,0
3660,560.844,77.8734,2,0
3661,198.774,25.039,2,0
3662,352.88,152.394,2,0
3663,108.647,147.52,2,0
3664,573.264,158.358,2,0
3665,278.874,140.112,2,0
3666,41.5997,188.721,2,0
3667,560.603,198.244,2,0
3668,155.28,116.159,2,0
3669,236.037,289.447,2,0
3670,402.701,124.356,2,0
3671,411.781,49.7394,2,0
3672,300.643,263.163,2,0
3673,215.988,176.089,2,0
3674,0.460853,207.917,2,0
3675,445.355,269.927,2,0
3676,93.7653,229.961,2,0
3677,494.725,260.221,2,0
3678,301.345,197.7,2,0
3679,520.148,166.779,2,0
3680,325.781,230.9,2,0
3681,414.901,19.8162,2,0
3682,100.288,181.403,2,0
3683,27.8562,189.816,2,0
3684,306.702,85.2796,2,0
3685,419.499,215.089,2,0
3686,383.351,129.848,2,0
3687,26.5933,119.278,2,0
3688,254.824,172.011,2,0
3689,210.385,147.717,2,0
3690,443.214,225.566,2,0
3691,268.409,198.67,2,0
3692,448.79,251.51,2,0
3693,22.955,167.501,2,0
3694,387.41,71.3042,2,0
3695,208.646,12.4622,2,0
3696,367.637,259.211,2,0
3697,199.721,144.671,2,0
3698,63.3278,298,2,0
3699,562.895,180.694,2,0
3700,173.05,63.8158,2,0
3701,354.885,236.14,2,0
3702,488.006,245.454,2,0
3703,378.191,47.3464,2,0
3704,597.58,153.563,2,0
3705,349.558,172.588,2,0
3706,474.842,261.08,2,0
3707,85.5478,281.733,2,0
3708,525.96,138.449,2,0
3709,598.667,82.8515,2,0
3710,281.119,196.242,2,0
3711,103.044,163.126,2,0
3712,512.677,113.435,2,0
3713,163.184,260.412,2,0
3714,437.525,175.293,2,0
3715,530.064,61.4137,2,0
3716,580.075,277.462,2,0
3717,375.093,241.077,2,0
3718,414.688,97.1761,2,0
3719,504.468,138.93,2,0
3720,105.571,243.002,2,0
3721,543.954,129.273,2,0
3722,198.855,78.937,2,0
3723,192.779,125.533,2,0
3724,219.62,137.486,2,0
3725,546.905,207.234,2,0
3726,205.558,121.347,2,0
3727,436.576,240.316,2,0
3728,473.369,16.3547,2,0
3729,60.7147,179.654,2,0
3730,390.306,67.8063,2,0
3731,230.227,89.4248,2,0
3732,42.0944,172.436,2,0
3733,191.068,44.6747,2,0
3734,337.709,250.066,2,0
3735,269.655,99.8086,2,0
3736,122.539,289.403,2,0
3737,590.935,133.646,2,0
3738,217.333,238.515,2,0
3739,243.024,254.618,2,0
3740,336.397,141.961,2,0
3741,452.82,265.197,2,0
3742,135.239,13.4583,2,0
3743,144.416,267.858,2,0
3744,302.159,290.251,2,0
3745,495.908,87.1373,2,0
3746,10.5709,2,2,0
3747,560.394,168.578,2,0
3748,192.982,30.7525,2,0
3749,112.96,241.385,2,0
3750,34.9089,215.91,2,0
3751,257.708,222.708,2,0
3752,86.1417,61.0776,2,0
3753,388.635,19.2124,2,0
3754,269.36,32.904,2,0
3755,586.928,108.893,2,0
3756,419.295,222.267,2,0
3757,502.936,207.346,2,0
3758,187.922,243.003,2,0
3759,200.337,170.665,2,0
3760,568.139,151.684,2,0
3761,145.264,84.9345,2,0
3762,598.16,251.138,2,0
3763,53.4316,217.971,2,0
3764,333.212,205.697,2,0
3765,504.757,218.064,2,0
3766,587.06,40.0513,2,0
3767,409.486,140.799,2,0
3768,555.394,48.5205,2,0
3769,212.123,174.512,2,0
3770,353.852,264.377,2,0
3771,287.79,289.053,2,0
3772,216.405,260.909,2,0
3773,136.642,298,2,0
3774,19.8959,125.702,2,0
3775,418.754,146.435,2,0
3776,134.993,90.9243,2,0
3777,522.375,31.8998,2,0
3778,383.769,176.831,2,0
3779,25.086,105.876,2,0
3780,337.085,296.345,2,0
3781,495.244,245.429,2,0
3782,160.518,233.314,2,0
3783,57.6471,149.987,2,0
3784,432.032,8.08062,2,0
3785,299.642,100.321,2,0
3786,520.551,280.645,2,0
3787,195.607,225.675,2,0
3788,249.389,149.821,2,0
3789,330.742,202.47,2,0
3790,61.2431,2,2,0
3791,315.52,39.3199,2,0
3792,514.469,100.072,2,0
3793,281.228,232.028,2,0
3794,309.83,272.426,2,0
3795,204.65,11.787,2,0
3796,22.5613,55.0829,2,0
3797,143.511,14.0505,2,0
3798,552.972,5.56337,2,0
3799,277.673,201.531,2,0
3800,409.447,105.895,2,0
3801,107.566,276.699,2,0
3802,528.129,231.086,2,0
3803,114.234,57.7992,2,0
3804,159.035,199.055,2,0
3805,428.934,88.2892,2,0
3806,199.935,20.8794,2,0
3807,328.805,242.783,2,0
3808,448.548,94.1628,2,0
3809,594.775,83.836,2,0
3810,53.7861,115.473,2,0
3811,403.694,281.598,2,0
3812,435.746,278.143,2,0
3813,209.808,136.206,2,0
3814,192.06,178.066,2,0
3815,23.0701,92.0062,2,0
3816,547.884,180.231,2,0
3817,217.785,66.2933,2,0
3818,22.3916,152.154,2,0
3819,134.369,192.457,2,0
3820,427.572,59.2813,2,0
3821,295.96,219.615,2,0
3822,208.645,124.14,2,0
3823,292.473,113.92,2,0
3824,567.449,233.463,2,0
3825,255.587,72.7158,2,0
3826,235.606,57.7249,2,0
3827,426.557,34.9284,2,0
3828,105.45,247.533,2,0
3829,356.798,275.49,2,0
3830,346.272,133.116,2,0
3831,124.285,285.607,2,0
3832,493.311,209.452,2,0
3833,179.029,115.25,2,0
3834,159.902,170.329,2,0
3835,551.029,177.612,2,0
3836,546.128,14.606,2,0
3837,188.037,71.1976,2,0
3838,90.0376,297.535,2,0
3839,160.958,125.154,2,0
3840,49.9464,80.726,2,0
3841,180.993,219.585,2,0
3842,155.775,107.986,2,0
3843,281.119,75.4126,2,0
3844,412.245,92.8173,2,0
3845,297.016,6.78856,2,0
3846,217.563,133.933,2,0
3847,303.961,204.937,2,0
3848,466.681,270.426,2,0
3849,63.7432,16.9966,2,0
3850,224.755,289.964,2,0
3851,260.063,260.338,2,0
3852,164.906,280.85,2,0
3853,324.284,261.33,2,0
3854,472.459,68.313,2,0
3855,33.7933,189.051,2,0
3856,587.317,50.3746,2,0
3857,134.297,175.257,2,0
3858,548.337,246.113,2,0
3859,59.5308,92.0153,2,0
3860,73.5111,101.189,2,0
3861,534.758,259.03,2,0
3862,207.821,128.324,2,0
3863,16.1147,130.201,2,0
3864,326.449,171.821,2,0
3865,567.885,75.5301,2,0
3866,414.324,41.966,2,0
3867,478.616,198.999,2,0
3868,201.628,110.176,2,0
3869,97.0622,111.842,2,0
3870,158.785,288.465,2,0
3871,111.333,86.8209,2,0
3872,561.775,272.335,2,0
3873,69.5468,102.967,2,0
3874,76.5306,120.168,2,0
3875,186.212,97.4263,2,0
3876,567.025,33.9294,2,0
3877,532.04,163.302,2,0
3878,96.1497,94.0188,2,0
3879,146.405,192.262,2,0
3880,368.563,104.116,2,0
3881,368.539,213.825,2,0
3882,334.249,17.4807,2,0
3883,87.5091,43.2602,2,0
3884,298.519,251.997,2,0
3885,345.212,256.23,2,0
3886,411.568,148.668,2,0
3887,212.988,253.825,2,0
3888,136.648,274.789,2,0
3889,150.074,52.0716,2,0
3890,140.846,228.268,2,0
3891,328.717,284.264,2,0
3892,321.448,138.999,2,0
3893,576.226,174.976,2,0
3894,312.858,44.3851,2,0
3895,223.226,250.015,2,0
3896,194.276,174.653,2,0
3897,125.162,275.951,2,0
3898,53.4887,3.06131,2,0
3899,230.105,251.008,2,0
3900,261.371,157.664,2,0
3901,327.93,167.942,2,0
3902,431.544,296.619,2,0
3903,523.918,218.365,2,0
3904,494.142,194.981,2,0
3905,48.6341,93.1928,2,0
3906,324.27,165.154,2,0
3907,432.688,200.256,2,0
3908,35.2236,239.905,2,0
3909,410.067,262.684,2,0
3910,480.63,129.615,2,0
3911,543.163,142.048,2,0
3912,167.363,257.983,2,0
3913,173.922,83.7429,2,0
3914,396.65,298,2,0
3915,387.434,270.029,2,0
3916,558.594,123.597,2,0
3917,559.659,297.525,2,0
3918,189.61,234.992,2,0
3919,147.072,183.833,2,0
3920,542.997,166.465,2,0
3921,453.158,138.876,2,0
3922,548.495,51.1112,2,0
3923,460.541,213.684,2,0
3924,590.664,298,2,0
3925,573.512,10.3782,2,0
3926,252.623,262.721,2,0
3927,148.284,63.3945,2,0
3928,550.403,151.388,2,0
3929,163.875,224.198,2,0
3930,50.1711,183.871,2,0
3931,549.791,29.1521,2,0
3932,503.982,40.8159,2,0
3933,13.7564,17.0516,2,0
3934,463.736,49.1262,2,0
3935,144.642,6.83629,2,0
3936,261.913,214.758,2,0
3937,505.887,288.609,2,0
3938,181.247,162.339,2,0
3939,239.029,72.1842,2,0
3940,31.5824,182.733,2,0
3941,414.952,215.385,2,0
3942,506.921,182.493,2,0
3943,423.961,120.156,2,0
3944,426.014,50.2248,2,0
3945,593.845,175.357,2,0
3946,565.617,54.4672,2,0
3947,370.462,298,2,0
3948,323.65,196.606,2,0
3949,200.421,34.9362,2,0
3950,144.456,253.949,2,0
3951,10.192,279.054,2,0
3952,192.033,243.29,2,0
3953,451.447,206.616,2,0
3954,481.337,281.573,2,0
3955,385.315,217.476,2,0
3956,169.745,15.8552,2,0
3957,375.129,140.017,2,0
3958,281.576,47.2809,2,0
3959,467.241,288.053,2,0
3960,259.736,181.5,2,0
3961,506.034,298,2,0
3962,241.068,83.7221,2,0
3963,357.061,129.461,2,0
3964,313.545,8.44119,2,0
3965,380.799,44.1674,2,0
3966,192.588,6.19085,2,0
3967,304.692,263.283,2,0
3968,451.212,257.702,2,0
3969,432.768,252.928,2,0
3970,372.914,222.944,2,0
3971,258.252,94.0138,2,0
3972,64.3147,253.319,2,0
3973,538.524,12.0305,2,0
3974,479.167,195.024,2,0
3975,412.557,179.058,2,0
3976,545.027,215.129,2,0
3977,213.504,107.052,2,0
3978,29.2991,122.991,2,0
3979,577.504,262.58,2,0
3980,112.433,291.278,2,0
3981,16.4142,42.4412,2,0
3982,97.6562,89.9851,2,0
3983,251.796,81.2033,2,0
3984,289.643,71.9158,2,0
3985,568.499,135.543,2,0
3986,247.896,5.04723,2,0
3987,291.751,216.566,2,0
3988,466.565,46.0347,2,0
3989,571.836,44.251,2,0
3990,157.612,264.83,2,0
3991,411.551,182.974,2,0
3992,152.625,23.8352,2,0
3993,477.287,140.755,2,0
3994,424.817,132.356,2,0
3995,363.945,157.214,2,0
3996,65.534,272.444,2,0
3997,180.774,123.247,2,0
3998,220.191,231.834,2,0
3999,171.996,288.095,2,0
4000,474.939,10.8858,2,0
4001,548.426,102.391,2,0
4002,58.5506,194.895,2,0
4003,378.273,260.727,2,0
4004,30.1572,295.224,2,0
4005,81.9067,186.433,2,0
4006,397.64,78.3515,2,0
4007,263.568,296.911,2,0
4008,552.538,51.7369,2,0
4009,363.067,3.79564,2,0
4010,58.3692,28.1102,2,0
4011,276.581,114.321,2,0
4012,431.35,171.365,2,0
4013,26.3875,56.4456,2,0
4014,565.273,274.319,2,0
4015,92.2648,238.002,2,0
4016,288.549,27.1669,2,0
4017,205.342,131.972,2,0
4018,63.8368,182.215,2,0
4019,116.22,155.894,2,0
4020,407.963,224.722,2,0
4021,31.805,213.362,2,0
4022,108.916,235.494,2,0
4023,574.696,234.771,2,0
4024,334.778,170.046,2,0
4025,84.3787,235.409,2,0
4026,467.819,200.825,2,0
4027,199.183,281.656,2,0
4028,354.15,240.095,2,0
4029,560.049,86.886,2,0
4030,305.655,29.0677,2,0
4031,358.09,217.732,2,0
4032,536.276,86.185,2,0
4033,478.93,253.059,2,0
4034,578.985,223.244,2,0
4035,399.579,263.439,2,0
4036,438.632,79.8031,2,0
4037,361.561,119.973,2,0
4038,96.7682,191.732,2,0
4039,279.389,70.0397,2,0
4040,236.168,202.021,2,0
4041,551.491,76.5432,2,0
4042,477.78,283.628,2,0
4043,495.12,25.4364,2,0
4044,125.756,156.069,2,0
4045,582.925,39.8398,2,0
4046,190.593,251.628,2,0
4047,179.589,139.216,2,0
4048,578.716,25.9121,2,0
4049,537.028,210.928,2,0
4050,152.456,6.27416,2,0
4051,557.102,70.6172,2,0
4052,497.626,184.19,2,0
4053,211.187,101.38,2,0
4054,488.952,105.088,2,0
4055,275.488,62.9498,2,0
4056,270.081,52.8352,2,0
4057,146.939,249.977,2,0
4058,354.54,21.4766,2,0
4059,533.611,75.4062,2,0
4060,122.804,279.361,2,0
4061,431.857,260.244,2,0
4062,513.031,202.947,2,0
4063,251.638,292.016,2,0
4064,464.437,125.182,2,0
4065,76.7302,32.3454,2,0
4066,412.039,224.739,2,0
4067,120.247,28.8045,2,0
4068,2.64225,157.055,2,0
4069,473.956,266.695,2,0
4070,288.227,81.9351,2,0
4071,135.996,240.731,2,0
4072,133.951,118.308,2,0
4073,67.8267,36.0467,2,0
4074,338.035,262.055,2,0
4075,34.6381,6.74405,2,0
4076,590.912,41.6666,2,0
4077,541.085,170.032,2,0
4078,62.515,137.058,2,0
4079,136.268,270.637,2,0
4080,243.978,58.0074,2,0
4081,251.478,174.206,2,0
4082,421.055,12.0779,2,0
4083,167.145,130.148,2,0
4084,185.567,258.139,2,0
4085,154.265,68.2656,2,0
4086,246.499,61.2761,2,0
4087,409.498,85.971,2,0
4088,190.842,27.3085,2,0
4089,297.628,89.1634,2,0
4090,0.0270497,271.284,2,0
4091,23.5846,180.636,2,0
4092,568.246,102.371,2,0
4093,522.432,136.517,2,0
4094,510.864,74.7561,2,0
4095,82.6936,5.80697,2,0
4096,534.452,248.442,2,0
4097,509.432,6.39636,2,0
4098,51.22,118.754,2,0
4099,561.803,190.554,2,0
4100,193.737,89.3431,2,0
4101,373.766,54.464,2,0
4102,14.7595,279.284,2,0
4103,208.57,221.603,2,0
4104,480.917,15.8284,2,0
4105,400.766,37.5589,2,0
4106,104.906,117.672,2,0
4107,254.825,250.554,2,0
4108,572.411,19.9529,2,0
4109,78.5138,225.753,2,0
4110,234.947,97.3671,2,0
4111,469.951,2,2,0
4112,593.081,125.764,2,0
4113,126.16,113.976,2,0
4114,447.077,9.49657,2,0
4115,202.222,60.2217,2,0
4116,479.412,146.371,2,0
4117,453.158,192.082,2,0
4118,86.3416,171.255,2,0
4119,553.483,148.759,2,0
4120,59.3452,141.294,2,0
4121,278.129,102.675,2,0
4122,14.8516,166.943,2,0
4123,353.356,147.805,2,0
4124,204.817,125.549,2,0
4125,273.646,267.777,2,0
4126,370.178,161.46,2,0
4127,217.309,244.977,2,0
4128,156.324,232.465,2,0
4129,119.127,247.503,2,0
4130,47.6785,108.423,2,0
4131,546.551,117.628,2,0
4132,558.628,37.1198,2,0
4133,494.28,60.7303,2,0
4134,109.606,270.842,2,0
4135,249.908,161.263,2,0
4136,489.542,262.336,2,0
4137,367.098,205.96,2,0
4138,577.601,143.69,2,0
4139,395.592,25.0785,2,0
4140,405.607,168.713,2,0
4141,570.619,88.0229,2,0
4142,340.637,88.105,2,0
4143,319.245,19.7769,2,0
4144,289.978,201.043,2,0
4145,540.696,184.667,2,0
4146,300.926,132.947,2,0
4147,98.5469,134.168,2,0
4148,478.15,87.3261,2,0
4149,360.661,277.187,2,0
4150,553.867,116.989,2,0
4151,592.096,146.477,2,0
4152,595.267,180.012,2,0
4153,98.4205,224.932,2,0
4154,207.027,293.995,2,0
4155,39.4582,34.3357,2,0
4156,136.963,61.646,2,0
4157,342.527,152.282,2,0
4158,238.924,64.2991,2,0
4159,352.013,176.408,2,0
4160,553.184,214.679,2,0
4161,198.137,248.765,2,0
4162,420.481,297.879,2,0
4163,18.9544,45.7474,2,0
4164,567.905,155.79,2,0
4165,585.609,156.447,2,0
4166,76.6346,112.05,2,0
4167,10.2248,220.349,2,0
4168,378.84,293.072,2,0
4169,569.626,141.054,2,0
4170,376.41,75.2806,2,0
4171,23.329,297.712,2,0
4172,177.635,242.833,2,0
4173,457.447,35.6147,2,0
4174,146.181,173.058,2,0
4175,151.453,143.798,2,0
4176,100.958,104.129,2,0
4177,333.349,151.557,2,0
4178,479.707,71.7294,2,0
4179,371.138,194.199,2,0
4180,447.059,158.069,2,0
4181,428.224,100.276,2,0
4182,90.0561,157.72,2,0
4183,491.193,44.1368,2,0
4184,416.093,289.397,2,0
4185,48.84,169.674,2,0
4186,389.104,121.027,2,0
4187,29.5348,227.215,2,0
4188,4.17333,294.109,2,0
4189,34.2542,292.972,2,0
4190,560.263,73.1943,2,0
4191,152.554,172.286,2,0
4192,562.229,145.653,2,0
4193,63.3565,50.7855,2,0
4194,89.6786,24.9683,2,0
4195,356.187,144.952,2,0
4196,165.682,83.8795,2,0
4197,325.505,104.297,2,0
4198,155.545,169.32,2,0
4199,481.71,33.8119,2,0
4200,67.5993,256.278,2,0
4201,276.303,249.013,2,0
4202,578.711,55.4859,2,0
4203,518.259,26.3823,2,0
4204,419.281,170.525,2,0
4205,218.329,189.886,2,0
4206,566.604,263.699,2,0
4207,203.634,268.93,2,0
4208,125.307,194.439,2,0
4209,493.988,298,2,0
4210,22.126,216.034,2,0
4211,530.174,10.0827,2,0
4212,168.747,241.121,2,0
4213,340.547,143.419,2,0
4214,494.785,108.724,2,0
4215,12.4131,106.527,2,0
4216,342.952,265.262,2,0
4217,88.3089,203.61,2,0
4218,552.139,109.667,2,0
4219,527.01,16.8745,2,0
4220,471.41,250.975,2,0
4221,124.173,11.1268,2,0
4222,543.187,266.252,2,0
4223,106.023,150.686,2,0
4224,532.262,144.426,2,0
4225,97.7029,230.796,2,0
4226,548.963,5.7753,2,0
4227,220.913,77.0104,2,0
4228,293.512,208.4,2,0
4229,100.432,25.9153,2,0
4230,258.389,150.62,2,0
4231,238.296,112.263,2,0
4232,64.4892,264.121,2,0
4233,29.7821,88.886,2,0
4234,445.081,5.99573,2,0
4235,25.6808,31.8012,2,0
4236,177.018,161.936,2,0
4237,101.181,228.608,2,0
4238,28.3701,231.289,2,0
4239,286.845,138.904,2,0
4240,9.00029,162.675,2,0
4241,66.8356,112.972,2,0
4242,514.701,24.4749,2,0
4243,105.92,184.517,2,0
4244,414.321,279.429,2,0
4245,523.582,121.082,2,0
4246,263.437,279.355,2,0
4247,502.413,61.8806,2,0
4248,170.175,40.6934,2,0
4249,37.5847,140.816,2,0
4250,140.546,37.0392,2,0
4251,510.07,211.794,2,0
4252,567.019,86.0959,2,0
4253,500.29,232.869,2,0
4254,32.9302,229.536,2,0
4255,127.19,245.933,2,0
4256,7.46849,196.693,2,0
4257,519.516,115.338,2,0
4258,558.356,188.426,2,0
4259,568.799,229.691,2,0
4260,470.597,285.569,2,0
4261,364.304,279.765,2,0
4262,386.122,196.001,2,0
4263,287.239,91.7172,2,0
4264,576.787,212.876,2,0
4265,443.863,214.198,2,0
4266,539.46,67.2415,2,0
4267,566.036,247.95,2,0
4268,101.247,15.1434,2,0
4269,391.688,55.6603,2,0
4270,176.709,111.132,2,0
4271,251.029,68.1339,2,0
4272,348.867,253.89,2,0
4273,44.4764,42.191,2,0
4274,180.76,89.3231,2,0
4275,176.444,142.121,2,0
4276,308.782,74.1515,2,0
4277,85.4391,124.942,2,0
4278,370.049,52.8303,2,0
4279,469.79,281.469,2,0
4280,371.838,283.422,2,0
4281,556.279,170.403,2,0
4282,4.58131,7.77323,2,0
4283,174.211,30.1489,2,0
4284,207.797,36.4706,2,0
4285,346.163,58.0204,2,0
4286,499.991,175.334,2,0
4287,492.028,86.0959,2,0
4288,126.012,268.645,2,0
4289,349.024,281.241,2,0
4290,120.611,294.078,2,0
4291,492.125,95.2312,2,0
4292,173.564,183.976,2,0
4293,145.133,111.824,2,0
4294,155.651,217.027,2,0
4295,15.4401,121.314,2,0
4296,416.393,29.3753,2,0
4297,534.853,166.273,2,0
4298,304.126,155.677,2,0
4299,433.845,281.797,2,0
4300,499.11,161.843,2,0
4301,232.912,261.773,2,0
4302,82.1764,134.137,2,0
4303,251.299,196.124,2,0
4304,228.673,121.354,2,0
4305,211.045,205.505,2,0
4306,253.887,235.773,2,0
4307,449.038,188.325,2,0
4308,393.991,99.9172,2,0
4309,417.441,44.6968,2,0
4310,246.351,179.274,2,0
4311,350.13,298,2,0
4312,538.044,272.906,2,0
4313,41.1526,121.19,2,0
4314,357.204,101.85,2,0
4315,269.48,127.78,2,0
4316,502.898,181.55,2,0
4317,50.1146,294.074,2,0
4318,91.0869,36.3993,2,0
4319,578.019,267.158,2,0
4320,371.407,94.0441,2,0
4321,332.492,128.262,2,0
4322,475.135,122.031,2,0
4323,406.298,27.4273,2,0
4324,339.805,64.0618,2,0
4325,171.787,112.286,2,0
4326,11.6044,64.8214,2,0
4327,367.03,268.946,2,0
4328,228.26,54.3518,2,0
4329,96.8149,284.077,2,0
4330,575.372,271.012,2,0
4331,397.032,63.0958,2,0
4332,525.705,178.439,2,0
4333,483.257,29.764,2,0
4334,450.394,247.474,2,0
4335,455.177,44.7742,2,0
4336,63.8314,234.911,2,0
4337,204.138,171.986,2,0
4338,417.394,218.708,2,0
4339,341.263,200.684,2,0
4340,214.55,17.7091,2,0
4341,549.592,270.161,2,0
4342,502.539,277.989,2,0
4343,184.051,229.871,2,0
4344,63.9318,177.245,2,0
4345,94.171,87.9914,2,0
4346,583.65,129.319,2,0
4347,419.799,185.641,2,0
4348,278.654,44.0201,2,0
4349,89.0986,74.6374,2,0
4350,582.1,207.352,2,0
4351,587.441,89.4558,2,0
4352,497.673,165.788,2,0
4353,573.334,181.46,2,0
4354,307.067,96.0933,2,0
4355,396.816,142.726,2,0
4356,94.1403,217.178,2,0
4357,425.122,226.426,2,0
4358,92.7759,124.117,2,0
4359,326.773,203.735,2,0
4360,350.706,101.154,2,0
4361,97.3899,33.5686,2,0
4362,423.678,187.043,2,0
4363,34.636,180.093,2,0
4364,529.409,83.9327,2,0
4365,152.5,105.482,2,0
4366,368.111,278.267,2,0
4367,444.807,195.123,2,0
4368,81.8277,194.966,2,0
4369,215.913,6.79558,2,0
4370,164.722,141.171,2,0
4371,21.9286,225.978,2,0
4372,387.611,190.472,2,0
4373,572.53,135.215,2,0
4374,148.808,70.812,2,0
4375,548.791,274.195,2,0
4376,208.772,199.482,2,0
4377,186.658,166.63,2,0
4378,285.018,84.3606,2,0
4379,252.528,219.085,2,0
4380,214.359,189.134,2,0
4381,165.272,41.6698,2,0
4382,509.722,242,2,0
4383,216.303,14.0047,2,0
4384,534.94,19.0645,2,0
4385,328.509,127.36,2,0
4386,561.834,248.897,2,0
4387,47.5852,180.799,2,0
4388,286.225,273.919,2,0
4389,2.18648,74.0712,2,0
4390,428.248,263.599,2,0
4391,228.743,127.459,2,0
4392,188.199,170.382,2,0
4393,48.8679,104.565,2,0
4394,289.83,129.486,2,0
4395,247.687,194.322,2,0
4396,206.83,93.0855,2,0
4397,379.627,35.5905,2,0
4398,466.076,22.2864,2,0
4399,21.631,175.897,2,0
4400,453.291,298,2,0
4401,66.4215,162.596,2,0
4402,201.508,198.078,2,0
4403,490.479,223.933,2,0
4404,569.089,219.417,2,0
4405,349.62,85.9443,2,0
4406,339.156,30.1306,2,0
4407,116.661,179.495,2,0
4408,517.363,52.7008,2,0
4409,512.91,277.205,2,0
4410,347.783,137.894,2,0
4411,27.4414,23.0715,2,0
4412,428.953,227.699,2,0
4413,183.17,115.42,2,0
4414,323.026,182.655,2,0
4415,436.253,2,2,0
4416,290.573,271.332,2,0
4417,136.125,129.786,2,0
4418,404.691,251.881,2,0
4419,556.692,197.265,2,0
4420,218.989,210.659,2,0
4421,355.196,8.40675,2,0
4422,461.42,298,2,0
4423,248.115,34.8953,2,0
4424,569.921,6.0741,2,0
4425,260.002,27.7243,2,0
4426,125.517,2,2,0
4427,480.701,51.2119,2,0
4428,471.09,162.947,2,0
4429,116.516,283.823,2,0
4430,120.955,13.66,2,0
4431,134.993,39.7194,2,0
4432,510.156,84.2176,2,0
4433,392.503,153.561,2,0
4434,208.442,217.527,2,0
4435,72.9125,266.99,2,0
4436,392.576,22.4505,2,0
4437,120.26,6.06394,2,0
4438,40.2889,41.6009,2,0
4439,129.415,193.792,2,0
4440,57.5137,3.51867,2,0
4441,43.0542,36.1003,2,0
4442,205.274,97.076,2,0
4443,77.2864,2,2,0
4444,210.619,62.4171,2,0
4445,18.2439,276.908,2,0
4446,60.8582,290.469,2,0
4447,394.852,137.601,2,0
4448,521.816,195.991,2,0
4449,34.8168,22.4978,2,0
4450,294.713,2,2,0
4451,206.196,26.3366,2,0
4452,597.492,63.4095,2,0
4453,374.907,29.5186,2,0
4454,385.534,173.128,2,0
4455,497.272,218.957,2,0
4456,336.158,111.504,2,0
4457,260.289,267.789,2,0
4458,387.548,244.992,2,0
4459,442.675,133.212,2,0
4460,217.867,287.582,2,0
4461,185.921,154.015,2,0
4462,5.02785,163.604,2,0
4463,491.88,120.221,2,0
4464,408.112,244.1,2,0
4465,487.021,199.291,2,0
4466,66.6056,203.474,2,0
4467,335.48,220.3,2,0
4468,338.967,70.2374,2,0
4469,104.914,291.48,2,0
4470,359.803,55.2706,2,0
4471,228.229,292.145,2,0
4472,131.889,149.99,2,0
4473,331.368,213.597,2,0
4474,141.48,162.248,2,0
4475,118.237,54.78,2,0
4476,595.521,276.225,2,0
4477,392.778,237.799,2,0
4478,520.909,111.528,2,0
4479,132.994,284.279,2,0
4480,245.149,165.42,2,0
4481,361.876,213.215,2,0
4482,391.079,140.379,2,0
4483,595.718,184.963,2,0
4484,169.916,235.601,2,0
4485,275.681,264.174,2,0
4486,534.29,10.8636,2,0
4487,371.063,217.669,2,0
4488,122.865,37.6396,2,0
4489,247.25,153.305,2,0
4490,176.583,118.522,2,0
4491,122.762,123.009,2,0
4492,596.539,161.197,2,0
4493,14.9338,8.88568,2,0
4494,154.15,225.995,2,0
4495,593.085,108.761,2,0
4496,269.44,239.57,2,0
4497,54.2531,260.682,2,0
4498,261.956,76.3569,2,0
4499,378.853,138.442,2,0
4500,429.564,244.408,2,0
4501,245.129,271.56,2,0
4502,517.659,119.776,2,0
4503,180.837,232.289,2,0
4504,577.293,158.364,2,0
4505,584.473,74.7663,2,0
4506,500.68,265.907,2,0
4507,595.778,2,2,0
4508,261.985,185.17,2,0
4509,106.971,143.743,2,0
4510,104.399,180.748,2,0
4511,78.3056,135.273,2,0
4512,137.645,57.4579,2,0
4513,158.219,296.709,2,0
4514,502.746,189.229,2,0
4515,481.288,114.595,2,0
4516,260.395,165.882,2,0
4517,49.4382,187.869,2,0
4518,241.027,45.979,2,0
4519,153.451,248.045,2,0
4520,561.334,184.428,2,0
4521,545.711,54.119,2,0
4522,146.817,101.856,2,0
4523,324.329,112.346,2,0
4524,174.974,114.762,2,0
4525,487.85,148.184,2,0
4526,460.866,118.379,2,0
4527,65.6113,121.857,2,0
4528,322.36,132.979,2,0
4529,250.911,113.95,2,0
4530,313.214,274.638,2,0
4531,121.448,2,2,0
4532,305.136,274.305,2,0
4533,276.597,122.282,2,0
4534,386.287,186.666,2,0
4535,375.39,135.685,2,0
4536,347.813,233.31,2,0
4537,446.408,90.6331,2,0
4538,148.626,4.91722,2,0
4539,519.475,9.74991,2,0
4540,44.5657,15.8921,2,0
4541,233.395,93.6065,2,0
4542,307.044,247.336,2,0
4543,338.62,22.9506,2,0
4544,309.429,27.5212,2,0
4545,430.119,32.72,2,0
4546,182.364,264.732,2,0
4547,584.827,259.509,2,0
4548,168.866,168.596,2,0
4549,413.762,131.075,2,0
4550,547.129,266.963,2,0
4551,60.7991,242.071,2,0
4552,597.281,166.763,2,0
4553,167.408,126.048,2,0
4554,181.539,186.606,2,0
4555,501.027,54.092,2,0
4556,433.451,94.8874,2,0
4557,20.6943,204.152,2,0
4558,149.188,31.1763,2,0
4559,233.103,187.59,2,0
4560,427.237,155.641,2,0
4561,293.718,197.467,2,0
4562,335.175,68.7268,2,0
4563,521.119,99.4329,2,0
4564,463.691,242.373,2,0
4565,592.69,56.0963,2,0
4566,176.378,238.976,2,0
4567,69.2493,128.25,2,0
4568,511.777,67.065,2,0
4569,45.6527,141.275,2,0
4570,499.091,38.9261,2,0
4571,564.339,61.2087,2,0
4572,594.199,242.638,2,0
4573,574.752,87.7828,2,0
4574,197.602,189.824,2,0
4575,174.583,264.179,2,0
4576,389.461,156.284,2,0
4577,5.90195,22.1033,2,0
4578,190.04,101.86,2,0
4579,567.735,289.588,2,0
4580,597.691,36.1216,2,0
4581,592.579,247.58,2,0
4582,587.235,31.49,2,0
4583,266.132,65.2704,2,0
4584,3.38266,52.988,2,0
4585,130.442,64.0265,2,0
4586,143.558,185.758,2,0
4587,175.196,285.557,2,0
4588,313.071,117.394,2,0
4589,35.1067,28.8628,2,0
4590,552.463,267.225,2,0
4591,74.448,173.916,2,0
4592,65.6628,97.4188,2,0
4593,434.569,32.2168,2,0
4594,283.854,2,2,0
4595,327.617,280.228,2,0
4596,133.67,56.6127,2,0
4597,502.544,23.9079,2,0
4598,224.876,237.596,2,0
4599,116.589,83.5758,2,0
4600,299.567,267.152,2,0
4601,370.694,117.191,2,0
4602,371.67,142.414,2,0
4603,271.163,75.1005,2,0
4604,580.252,75.358,2,0
4605,294.55,259.775,2,0
4606,36.6272,10.3379,2,0
4607,274.91,2,2,0
4608,302.916,108.078,2,0
4609,430.174,23.3621,2,0
4610,263.39,137.579,2,0
4611,450.872,23.3529,2,0
4612,324.896,285.606,2,0
4613,584.756,289.734,2,0
4614,503.725,223.276,2,0
4615,501.721,106.273,2,0
4616,174.585,218.384,2,0
4617,134.304,65.072,2,0
4618,128.453,88.773,2,0
4619,553.738,229.264,2,0
4620,194.257,23.0997,2,0
4621,74.8044,158.485,2,0
4622,81.9861,259.793,2,0
4623,425.535,93.5618,2,0
4624,26.9319,280.738,2,0
4625,0.509221,117.536,2,0
4626,414.228,221.269,2,0
4627,241.559,99.4773,2,0
4628,74.0886,21.2355,2,0
4629,519.097,107.29,2,0
4630,53.2816,68.6863,2,0
4631,598.803,182.349,2,0
4632,338.396,162.931,2,0
4633,518.248,64.4169,2,0
4634,203.149,280.563,2,0
4635,367.102,115.197,2,0
4636,237.016,206.873,2,0
4637,287.86,280.153,2,0
4638,214.191,10.4596,2,0
4639,321.042,4.14785,2,0
4640,342.806,55.8,2,0
4641,78.6967,14.5246,2,0
4642,565.509,192.137,2,0
4643,345.03,280.272,2,0
4644,540.954,235.895,2,0
4645,317.088,111.385,2,0
4646,404.045,116.888,2,0
4647,375.388,235.781,2,0
4648,480.545,67.7759,2,0
4649,472.593,37.3175,2,0
4650,268.355,249.776,2,0
4651,156.419,61.7249,2,0
4652,537.702,215.011,2,0
4653,582.798,78.5353,2,0
4654,97.3291,220.98,2,0
4655,100.544,11.1441,2,0
4656,254.872,11.6823,2,0
4657,325.938,5.80649,2,0
4658,424.748,250.078,2,0
4659,338.439,17.2601,2,0
4660,86.4801,271.63,2,0
4661,477.538,106.288,2,0
4662,174.59,12.5923,2,0
4663,117.44,2,2,0
4664,140.397,260.428,2,0
4665,557.715,271.497,2,0
4666,294.688,166.467,2,0
4667,489.76,202.321,2,0
4668,13.4711,271.113,2,0
4669,409.438,235.703,2,0
4670,407.258,283.419,2,0
4671,363.862,55.6339,2,0
4672,285.204,50.1603,2,0
4673,543.074,232.398,2,0
4674,355.636,156.88,2,0
4675,432.328,264.261,2,0
4676,271.108,235.881,2,0
4677,337.591,208.336,2,0
4678,407.125,296.034,2,0
4679,304.136,187.066,2,0
4680,419.952,203.014,2,0
4681,273.562,127.894,2,0
4682,350.916,113.72,2,0
4683,258.494,117.195,2,0
4684,9.39256,215.086,2,0
4685,222.76,10.6361,2,0
4686,599.78,275.44,2,0
4687,384.199,261.436,2,0
4688,320.533,109.224,2,0
4689,480.134,102.91,2,0
4690,229.838,223.045,2,0
4691,81.4456,281.949,2,0
4692,531.647,220.556,2,0
4693,500.627,88.1476,2,0
4694,518.672,141.074,2,0
4695,458.415,175.345,2,0
4696,22.2983,39.3059,2,0
4697,298.677,28.1385,2,0
4698,558.144,41.1704,2,0
4699,316.947,297.483,2,0
4700,422.032,245.161,2,0
4701,359.898,80.1833,2,0
4702,24.9902,82.0135,2,0
4703,174.222,121.811,2,0
4704,599.075,28.6918,2,0
4705,106.679,61.9424,2,0
4706,570.155,23.486,2,0
4707,300.26,161.441,2,0
4708,376.865,43.2644,2,0
4709,271.851,80.3146,2,0
4710,304.057,159.773,2,0
4711,188.326,265.239,2,0
4712,423.079,191.69,2,0
4713,180.659,93.4435,2,0
4714,272.886,38.3681,2,0
4715,63.4648,75.896,2,0
4716,588.542,73.3631,2,0
4717,379.375,213.214,2,0
4718,212.112,96.7993,2,0
4719,514.796,134.356,2,0
4720,371.148,205.86,2,0
4721,425.192,197.812,2,0
4722,237.121,215.133,2,0
4723,157.055,173.257,2,0
4724,353.667,81.3733,2,0
4725,234.875,293.791,2,0
4726,109.208,201.049,2,0
4727,470.717,270.65,2,0
4728,561.6,106.237,2,0
4729,457.504,121.565,2,0
4730,223.116,24.4168,2,0
4731,11.8541,284.418,2,0
4732,34.7125,88.5787,2,0
4733,185.153,277.862,2,0
4734,247.617,10.8118,2,0
4735,414.71,101.192,2,0
4736,345.761,69.0439,2,0
4737,260.071,90.1277,2,0
4738,583.586,274.783,2,0
4739,348.175,145.996,2,0
4740,290.59,244.294,2,0
4741,177.532,187.38,2,0
4742,413.086,205.578,2,0
4743,522.369,258.546,2,0
4744,3.06725,138.917,2,0
4745,477.109,279.488,2,0
4746,344.037,14.1505,2,0
4747,454.437,275.113,2,0
4748,367.068,48.3772,2,0
4749,401.191,292.521,2,0
4750,579.089,236.217,2,0
4751,27.7532,248.777,2,0
4752,174.901,180.095,2,0
4753,357.014,294.155,2,0
4754,522.338,65.5179,2,0
4755,117.41,227.695,2,0
4756,495.955,36.4097,2,0
4757,51.4144,254.551,2,0
4758,389.475,95.7555,2,0
4759,186.558,298,2,0
4760,31.277,155.37,2,0
4761,284.909,211.894,2,0
4762,308.18,191.64,2,0
4763,179.076,247.304,2,0
4764,282.794,167.317,2,0
4765,110.946,126.236,2,0
4766,575.705,109.547,2,0
4767,173.981,145.971,2,0
4768,134.205,94.8713,2,0
4769,5.4919,15.9195,2,0
4770,473.204,167.26,2,0
4771,231.242,29.3886,2,0
4772,18.5932,118.572,2,0
4773,56.9649,76.564,2,0
4774,160.71,284.346,2,0
4775,515.171,91.8845,2,0
4776,231.238,6.16732,2,0
4777,495.039,18.9123,2,0
4778,314.607,228.79,2,0
4779,354.971,61.8257,2,0
4780,242.542,284.711,2,0
4781,143.969,134.969,2,0
4782,336.216,73.1482,2,0
4783,262.295,94.5034,2,0
4784,188.055,254.924,2,0
4785,333.058,286.477,2,0
4786,277.371,81.7614,2,0
4787,124.141,7.05807,2,0
4788,17.9035,17.6309,2,0
4789,526.63,240.112,2,0
4790,558.649,3.83483,2,0
4791,418.033,94.936,2,0
4792,118.054,214.064,2,0
4793,368.884,134.31,2,0
4794,365.558,164.768,2,0
4795,237.289,187.527,2,0
4796,413.137,45.9033,2,0
4797,283.142,124.837,2,0
4798,499.025,120.787,2,0
4799,72.998,213.461,2,0
4800,334.242,134.799,2,0
4801,230.625,159.626,2,0
4802,517.115,296.717,2,0
4803,124.104,220.199,2,0
4804,344.298,36.9687,2,0
4805,479.218,177.158,2,0
4806,310.032,268.209,2,0
4807,69.9883,239.907,2,0
4808,534.683,116.105,2,0
4809,554.443,189.45,2,0
4810,530.372,139.7,2,0
4811,423.732,204.443,2,0
4812,317.364,216.984,2,0
4813,112.303,41.9276,2,0
4814,97.4326,234.902,2,0
4815,472.694,81.5227,2,0
4816,235.412,143.516,2,0
4817,296.11,205.146,2,0
4818,580.135,67.7865,2,0
4819,520.872,45.1901,2,0
4820,218.626,17.6586,2,0
4821,468.99,210.49,2,0
4822,27.3373,4.26466,2,0
4823,459.549,205.728,2,0
4824,221.083,273.499,2,0
4825,198.775,43.7491,2,0
4826,169.657,158.056,2,0
4827,15.9312,235.068,2,0
4828,59.4182,112.993,2,0
4829,423.158,169.533,2,0
4830,416.14,224.873,2,0
4831,213.941,132.131,2,0
4832,306.45,77.6444,2,0
4833,579.246,41.5955,2,0
4834,539.774,188.58,2,0
4835,369.611,165.636,2,0
4836,438.737,185.479,2,0
4837,378.828,181.089,2,0
4838,110.68,8.82595,2,0
4839,560.721,20.184,2,0
4840,17.1303,162.707,2,0
4841,363.912,80.7567,2,0
4842,558.359,173.943,2,0
4843,311.005,60.2099,2,0
4844,430.544,187.398,2,0
4845,481.086,271.064,2,0
4846,13.3313,133.401,2,0
4847,56.013,99.4349,2,0
4848,279.791,217.824,2,0
4849,133.982,52.1549,2,0
4850,328.362,143.045,2,0
4851,169.804,269.742,2,0
4852,466.002,54.1175,2,0
4853,59.0327,43.5517,2,0
4854,247.139,55.5207,2,0
4855,361.395,287.595,2,0
4856,20.5149,74.0439,2,0
4857,555.709,217.868,2,0
4858,68.5955,176.967,2,0
4859,189.994,23.3806,2,0
4860,397.911,268.843,2,0
4861,358.993,177.494,2,0
4862,192.949,255.05,2,0
4863,390.712,40.4233,2,0
4864,343.44,2,2,0
4865,409.939,228.216,2,0
4866,528.898,112.9,2,0
4867,415.609,136.572,2,0
4868,589.178,53.9913,2,0
4869,419.974,181.52,2,0
4870,511.927,296.763,2,0
4871,60.2562,47.3803,2,0
4872,539.643,277.838,2,0
4873,160.85,133.574,2,0
4874,332.375,222.918,2,0
4875,533.975,236.532,2,0
4876,444.001,24.4695,2,0
4877,394.815,115.173,2,0
4878,265.382,170.942,2,0
4879,9.03889,117.662,2,0
4880,299.062,213.146,2,0
4881,568.519,278.802,2,0
4882,164.005,275.492,2,0
4883,242.567,15.2638,2,0
4884,168.892,207.341,2,0
4885,433.228,26.0794,2,0
4886,461.69,293.937,2,0
4887,227.317,157.204,2,0
4888,104.425,94.6716,2,0
4889,576.24,18.3669,2,0
4890,563.848,195.834,2,0
4891,409.104,249.126,2,0
4892,7.02484,187.704,2,0
4893,182.617,166.213,2,0
4894,365.97,160.748,2,0
4895,496.195,75.0127,2,0
4896,278.862,163.527,2,0
4897,480.757,237.282,2,0
4898,185.35,180.364,2,0
4899,490.812,109.246,2,0
4900,483.099,231.86,2,0
4901,107.659,11.8081,2,0
4902,542.919,10.5245,2,0
4903,71.2566,38.2758,2,0
4904,121.382,32.6628,2,0
4905,202.262,27.2339,2,0
4906,42.5485,5.66249,2,0
4907,525.012,111.411,2,0
4908,560.745,8.84145,2,0
4909,317.941,220.999,2,0
4910,212.416,122.698,2,0
4911,133.728,165.907,2,0
4912,43.9704,205.605,2,0
4913,401.8,27.4725,2,0
4914,61.9769,268.725,2,0
4915,211.194,154.215,2,0
4916,296.67,38.6485,2,0
4917,591.901,102.184,2,0
4918,345.164,252.095,2,0
4919,132.532,136.117,2,0
4920,435.248,197.014,2,0
4921,220.779,242.957,2,0
4922,417.329,198.254,2,0
4923,529.175,120.602,2,0
4924,81.9133,78.1049,2,0
4925,273.946,273.724,2,0
4926,569.401,67.1408,2,0
4927,235.855,157.877,2,0
4928,503.589,169.69,2,0
4929,267.494,278.673,2,0
4930,102.949,107.614,2,0
4931,489.87,160.283,2,0
4932,515.562,196.501,2,0
4933,545.92,282.631,2,0
4934,16.448,221.019,2,0
4935,137.016,45.3702,2,0
4936,518.78,134.713,2,0
4937,451.842,232.429,2,0
4938,405.168,34.5733,2,0
4939,219.214,159.699,2,0
4940,471.127,27.4654,2,0
4941,571.491,99.8144,2,0
4942,121.022,193.113,2,0
4943,372.617,182.846,2,0
4944,369.354,145.682,2,0
4945,438.361,138.201,2,0
4946,547.856,251.73,2,0
4947,321.061,298,2,0
4948,177.625,183.271,2,0
4949,267.582,283.608,2,0
4950,38.8922,47.0664,2,0
4951,30.3329,131.579,2,0
4952,372.44,271.752,2,0
4953,585.267,226.73,2,0
4954,334.744,242.525,2,0
4955,584.413,144.23,2,0
4956,184.826,294.341,2,0
4957,486.654,142.984,2,0
4958,382.019,8.67596,2,0
4959,405.354,42.6374,2,0
4960,379.176,134.366,2,0
4961,305.391,181.859,2,0
4962,153.46,42.8156,2,0
4963,526.646,248.326,2,0
4964,219.633,113.661,2,0
4965,521.791,151.839,2,0
4966,532.912,273.248,2,0
4967,419.029,236.731,2,0
4968,390.646,78.0368,2,0
4969,431.272,156.834,2,0
4970,211.64,285.351,2,0
4971,443.018,262.067,2,0
4972,65.6563,47.4779,2,0
4973,421.265,64.2813,2,0
4974,278.381,86.5614,2,0
4975,349.652,81.8031,2,0
4976,229.868,14.1302,2,0
4977,40.5701,9.17064,2,0
4978,281.126,136.689,2,0
4979,236.772,297.485,2,0
4980,291.411,193.366,2,0
4981,50.9639,197.511,2,0
4982,285.121,74.7191,2,0
4983,186.356,237.697,2,0
4984,370.026,85.9763,2,0
4985,91.9531,170.542,2,0
4986,501.804,19.9069,2,0
4987,485.775,76.1611,2,0
4988,385.921,294.267,2,0
4989,554.434,66.1904,2,0
4990,429.923,235.586,2,0
4991,153.135,243.546,2,0
4992,503.892,246.663,2,0
4993,255.543,41.1793,2,0
4994,466.443,58.1676,2,0
4995,86.7668,266.235,2,0
4996,142.807,195.701,2,0
4997,473.192,278.323,2,0
4998,107.309,158.063,2,0
4999,279.336,235.718,2,0
5000,128.828,206.18,2,0
5001,532.138,107.457,2,0
5002,571.431,188.284,2,0
5003,132.977,111.473,2,0
5004,115.215,38.9734,2,0
5005,532.251,149.055,2,0
5006,388.34,160.313,2,0
5007,136.808,134.102,2,0
5008,499.665,34.7897,2,0
5009,546.619,211.373,2,0
5010,18.8085,102.034,2,0
5011,463.727,267.451,2,0
5012,209.39,132.156,2,0
5013,180.452,239.824,2,0
5014,137.189,225.765,2,0
5015,89.5045,58.8156,2,0
5016,556.869,7.58328,2,0
5017,198.65,298,2,0
5018,372.487,198.457,2,0
5019,33.475,167.042,2,0
5020,236.823,127.866,2,0
5021,11.1219,88.9485,2,0
5022,380.01,107.638,2,0
5023,244.673,43.4633,2,0
5024,66.5335,210.596,2,0
5025,530.773,171.858,2,0
5026,98.3467,217.088,2,0
5027,359.235,96.8083,2,0
5028,197.512,209.782,2,0
5029,285.656,78.734,2,0
5030,79.6771,150.524,2,0
5031,268.977,157.842,2,0
5032,471.423,274.67,2,0
5033,395.761,176.392,2,0
5034,375.54,14.6195,2,0
5035,212.312,74.8101,2,0
5036,482.73,94.4293,2,0
5037,415.889,182.45,2,0
5038,475.391,249.782,2,0
5039,410.931,188.495,2,0
5040,332.378,105.242,2,0
5041,92.4492,133.805,2,0
5042,237.084,31.1029,2,0
5043,244.532,185.577,2,0
5044,504.545,173.681,2,0
5045,218.487,298,2,0
5046,443.409,187.441,2,0
5047,53.0896,206.924,2,0
5048,486.439,135.283,2,0
5049,462.79,186.4,2,0
5050,327.249,207.803,2,0
5051,382.67,272.15,2,0
5052,338.914,286.071,2,0
5053,211.979,139.921,2,0
5054,133.105,34.418,2,0
5055,248.255,216.86,2,0
5056,505.063,13.2802,2,0
5057,15.8137,180.489,2,0
5058,457.82,92.1985,2,0
5059,494.256,8.48849,2,0
5060,324.904,96.883,2,0
5061,345.325,65.0642,2,0
5062,162.415,149.171,2,0
5063,257.931,57.539,2,0
5064,211.214,271.912,2,0
5065,457.192,115.215,2,0
5066,46.0811,242.775,2,0
5067,29.6102,63.2423,2,0
5068,405.376,86.2419,2,0
5069,85.925,187.328,2,0
5070,419.559,150.608,2,0
5071,519.153,251.48,2,0
5072,330.627,101.589,2,0
5073,257.866,177.957,2,0
5074,173.957,234.721,2,0
5075,552.544,122.471,2,0
5076,541.776,223.83,2,0
5077,375.709,245.767,2,0
5078,155.602,10.1354,2,0
5079,306.237,270.426,2,0
5080,444.386,221.691,2,0
5081,166.833,272.589,2,0
5082,178.612,17.0489,2,0
5083,387.259,75.3147,2,0
5084,339.245,157.092,2,0
5085,299.026,280.373,2,0
5086,509.047,18.9251,2,0
5087,572.235,107.351,2,0
5088,306.204,279.65,2,0
5089,570.788,236.307,2,0
5090,517.2,215.386,2,0
5091,17.6327,214.979,2,0
5092,271.844,215.338,2,0
5093,477.639,41.0475,2,0
5094,462.776,106.872,2,0
5095,413.309,198.854,2,0
5096,162.289,115.974,2,0
5097,355.216,121.58,2,0
5098,234.158,2,2,0
5099,546.739,88.7493,2,0
5100,508.536,174.517,2,0
5101,55.3142,211.101,2,0
5102,105.852,196.632,2,0
5103,473.872,24.414,2,0
5104,535.146,82.2882,2,0
5105,540.712,99.8257,2,0
5106,490.52,192.992,2,0
5107,110.591,140.751,2,0
5108,199.301,185.703,2,0
5109,594.224,87.8273,2,0
5110,316.3,168.114,2,0
5111,235.746,18.7129,2,0
5112,587.934,136.364,2,0
5113,101.601,288.967,2,0
5114,206.298,60.4687,2,0
5115,524.309,279.165,2,0
5116,167.175,27.3532,2,0
5117,183.243,225.876,2,0
5118,437.717,283.216,2,0
5119,251.188,253.907,2,0
5120,453.803,134.851,2,0
5121,497.518,289.511,2,0
5122,343.066,31.6627,2,0
5123,420.08,2,2,0
5124,493.354,116.398,2,0
5125,595.125,48.128,2,0
5126,45.4112,276.131,2,0
5127,351.332,164.385,2,0
5128,227.996,244.467,2,0
5129,473.672,195.162,2,0
5130,47.4942,237.492,2,0
5131,592.449,256.474,2,0
5132,541.042,253.84,2,0
5133,561.195,31.7472,2,0
5134,226.805,83.4655,2,0
5135,294.097,136.083,2,0
5136,497.738,15.8903,2,0
5137,364.24,265.915,2,0
5138,535.441,152.126,2,0
5139,533.385,196.953,2,0
5140,327.569,271.867,2,0
5141,345.107,223.022,2,0
5142,544.276,44.5823,2,0
5143,181.138,85.2419,2,0
5144,499.89,65.0102,2,0
5145,468.533,221.159,2,0
5146,17.8706,152.542,2,0
5147,426.473,237.807,2,0
5148,516.058,7.56144,2,0
5149,421.449,123.308,2,0
5150,443.515,78.0767,2,0
5151,166.882,262.111,2,0
5152,443.743,125.784,2,0
5153,599.313,238.211,2,0
5154,541.539,112.084,2,0
5155,348.534,76.7327,2,0
5156,90.8769,183.697,2,0
5157,197.025,57.0006,2,0
5158,1.57676,109.525,2,0
5159,368.148,209.834,2,0
5160,460.566,99.5968,2,0
5161,55.0787,62.3876,2,0
5162,108.53,115.706,2,0
5163,371.857,108.093,2,0
5164,413.993,80.7286,2,0
5165,229.96,287.27,2,0
5166,524.955,274.963,2,0
5167,550.186,43.8739,2,0
5168,588.902,63.1304,2,0
5169,215.682,2,2,0
5170,518.849,76.8727,2,0
5171,591.372,260.697,2,0
5172,455.57,251.949,2,0
5173,577.489,78.4004,2,0
5174,119.787,147.414,2,0
5175,312.284,143.773,2,0
5176,125.135,109.354,2,0
5177,277.039,196.158,2,0
5178,500.988,156.463,2,0
5179,336.332,105.974,2,0
5180,462.078,202.586,2,0
5181,421.286,276.459,2,0
5182,97.7597,268.529,2,0
5183,516.228,164.734,2,0
5184,412.332,194.814,2,0
5185,138.775,184.444,2,0
5186,538.009,284.016,2,0
5187,332.213,36.6321,2,0
5188,288.838,184.048,2,0
5189,190.2,16.0221,2,0
5190,511.987,48.9265,2,0
5191,292.563,248.024,2,0
5192,91.7419,129.51,2,0
5193,27.2935,37.8323,2,0
5194,384.525,161.656,2,0
5195,164.335,193.003,2,0
5196,530.441,297.339,2,0
5197,324.742,192.556,2,0
5198,219.023,155.668,2,0
5199,36.7172,43.6632,2,0
5200,560.308,60.6725,2,0
5201,13.3526,117.373,2,0
5202,423.143,27.366,2,0
5203,324.102,54.7048,2,0
5204,276.376,40.3765,2,0
5205,326.618,188.938,2,0
5206,319.87,45.8505,2,0
5207,122.963,201.225,2,0
5208,554.112,73.4616,2,0
5209,332.952,138.878,2,0
5210,390.075,196.722,2,0
5211,343.234,76.0788,2,0
5212,449.219,298,2,0
5213,37.3889,295.578,2,0
5214,497.651,193.044,2,0
5215,279.726,64.4546,2,0
5216,296.378,184.803,2,0
5217,375.349,21.2978,2,0
5218,383.6,286.981,2,0
5219,141.697,124.299,2,0
5220,596.53,209.107,2,0
5221,161.556,22.9698,2,0
5222,366.25,222.448,2,0
5223,487.717,64.603,2,0
5224,392.972,144.018,2,0
5225,154.617,191.735,2,0
5226,498.502,261.862,2,0
5227,238.028,11.8501,2,0
5228,175.825,289.531,2,0
5229,194.744,2.79992,2,0
5230,139.017,80.4738,2,0
5231,519.83,292.142,2,0
5232,245.044,29.242,2,0
5233,18.0953,52.1403,2,0
5234,310.398,163.633,2,0
5235,370.394,201.879,2,0
5236,583.119,149.469,2,0
5237,181.547,257.546,2,0
5238,335.968,159.712,2,0
5239,344.627,9.58653,2,0
5240,150.979,16.9141,2,0
5241,583.325,230.36,2,0
5242,130.463,216.492,2,0
5243,360.103,273.057,2,0
5244,411.019,69.6367,2,0
5245,537.743,4.04713,2,0
5246,84.2694,121.062,2,0
5247,55.71,90.7354,2,0
5248,198.866,273.614,2,0
5249,336.198,37.8054,2,0
5250,363.374,29.8044,2,0
5251,378.878,28.3159,2,0
5252,80.1017,159.623,2,0
5253,43.2136,176.658,2,0
5254,295.544,170.409,2,0
5255,328.849,224.952,2,0
5256,592.811,116.957,2,0
5257,465.929,2.64091,2,0
5258,486.658,178.309,2,0
5259,566.763,237.514,2,0
5260,457.779,2,2,0
5261,3.03031,265.177,2,0
5262,71.9048,209.457,2,0
5263,576.082,239.076,2,0
5264,488.188,189.682,2,0
5265,410.482,219.69,2,0
5266,279.518,176.52,2,0
5267,479.462,22.2984,2,0
5268,142.387,271.362,2,0
5269,582.715,14.609,2,0
5270,400.445,60.9005,2,0
5271,253.642,35.3366,2,0
5272,552.114,210.623,2,0
5273,4.78423,93.9146,2,0
5274,302.179,271.093,2,0
5275,496.175,129.902,2,0
5276,392.575,231.13,2,0
5277,343.8,233.375,2,0
5278,479.381,204.153,2,0
5279,391.21,15.468,2,0
5280,246.37,146.776,2,0
5281,182.736,25.6202,2,0
5282,215.633,232.393,2,0
5283,6.59561,146.648,2,0
5284,568.987,122.223,2,0
5285,256.09,226.651,2,0
5286,136.71,154.306,2,0
5287,131.898,261.505,2,0
5288,480.219,218.363,2,0
5289,267.266,13.3206,2,0
5290,327.531,72.892,2,0
5291,548.903,35.9207,2,0
5292,484.996,242.531,2,0
5293,329.051,253.643,2,0
5294,480.856,154.701,2,0
5295,490.221,270.604,2,0
5296,126.067,22.5254,2,0
5297,428.012,54.2896,2,0
5298,377.321,270.754,2,0
5299,239.749,57.15,2,0
5300,164.871,119.132,2,0
5301,151.231,214.649,2,0
5302,493.563,91.4606,2,0
5303,54.6029,45.9406,2,0
5304,241.29,188.006,2,0
5305,176.663,65.8018,2,0
5306,423.849,157.778,2,0
5307,163.006,19.2097,2,0
5308,51.9085,214.153,2,0
5309,149.199,267.056,2,0
5310,87.2658,290.32,2,0
5311,286,223.673,2,0
5312,224.252,65.5524,2,0
5313,179.965,199.018,2,0
5314,32.2079,196.044,2,0
5315,190.109,37.0467,2,0
5316,326.459,239.382,2,0
5317,173.461,92.5078,2,0
5318,574.71,131.081,2,0
5319,197.482,197.837,2,0
5320,60.5031,78.7464,2,0
5321,287.175,4.30359,2,0
5322,178.215,100.52,2,0
5323,199.157,73.7208,2,0
5324,482.579,19.6173,2,0
5325,431.186,231.067,2,0
5326,149.788,111.654,2,0
5327,285.362,62.9641,2,0
5328,434.214,19.5737,2,0
5329,346.003,79.9347,2,0
5330,258.119,105.008,2,0
5331,539.123,265.667,2,0
5332,71.8979,219.372,2,0
5333,150.177,285.62,2,0
5334,466.268,109.087,2,0
5335,492.07,229.397,2,0
5336,53.5072,42.0188,2,0
5337,152.162,2,2,0
5338,129.234,59.5957,2,0
5339,477.724,265.069,2,0
5340,84.5926,9.39182,2,0
5341,460.261,284.137,2,0
5342,586.796,267.277,2,0
5343,218.806,9.63892,2,0
5344,469.342,51.8857,2,0
5345,123.334,150.451,2,0
5346,137.104,34.9262,2,0
5347,24.6127,260.6,2,0
5348,197.292,140.463,2,0
5349,111.822,247.442,2,0
5350,47.2439,165.966,2,0
5351,485.225,217.734,2,0
5352,585.182,117.478,2,0
5353,119.197,39.9294,2,0
5354,516.912,210.071,2,0
5355,581.366,52.4008,2,0
5356,219.983,126.001,2,0
5357,453.221,71.5603,2,0
5358,163.183,87.0055,2,0
5359,166.332,244.483,2,0
5360,42.8264,133.628,2,0
5361,295.432,245.001,2,0
5362,398.497,160.069,2,0
5363,84.8267,144.632,2,0
5364,80.3473,118.172,2,0
5365,462.39,238.533,2,0
5366,334.364,25.0184,2,0
5367,367.029,6.03508,2,0
5368,368.538,41.1405,2,0
5369,367.955,294.437,2,0
5370,373.56,164.992,2,0
5371,42.3722,79.5226,2,0
5372,360.287,144.821,2,0
5373,266.371,176.53,2,0
5374,446.782,107.874,2,0
5375,217.262,129.3,2,0
5376,338.283,133.995,2,0
5377,550.277,126.401,2,0
5378,221.933,257.777,2,0
5379,518.309,222.18,2,0
5380,80.6892,114.028,2,0
5381,499.669,281.892,2,0
5382,120.411,99.5138,2,0
5383,394.387,127.054,2,0
5384,554.504,97.1811,2,0
5385,591.093,48.6052,2,0
5386,19.7017,229.369,2,0
5387,317.498,104.83,2,0
5388,504.188,111.401,2,0
5389,382.513,2,2,0
5390,31.6408,109.099,2,0
5391,200.392,165.604,2,0
5392,377.621,219.595,2,0
5393,578.558,21.7372,2,0
5394,373.141,230.686,2,0
5395,402.493,99.3882,2,0
5396,173.757,36.8329,2,0
5397,369.499,97.5669,2,0
5398,565.702,70.5692,2,0
5399,122.992,205.276,2,0
5400,115.662,261.195,2,0
5401,80.7917,144.766,2,0
5402,315.832,256.392,2,0
5403,203.231,7.84734,2,0
5404,242.644,291.235,2,0
5405,527.202,93.9374,2,0
5406,400.825,145.042,2,0
5407,423.129,19.0059,2,0
5408,266.235,206.217,2,0
5409,374.125,85.7989,2,0
5410,154.817,82.8455,2,0
5411,226.426,169.838,2,0
5412,233.961,269.59,2,0
5413,493.793,32.9366,2,0
5414,381.927,98.634,2,0
5415,111.575,286.988,2,0
5416,505.973,193.778,2,0
5417,81.4976,126.13,2,0
5418,538.133,219.436,2,0
5419,256.034,260.273,2,0
5420,470.689,148.195,2,0
5421,329.893,249.61,2,0
5422,318.818,135.979,2,0
5423,119.725,17.5892,2,0
5424,189.808,280.731,2,0
5425,78.5025,169.744,2,0
5426,538.91,166.643,2,0
5427,433.483,274.841,2,0
5428,576.98,45.4579,2,0
5429,577.638,33.7467,2,0
5430,596.303,123.393,2,0
5431,375.872,200.974,2,0
5432,547.907,98.3911,2,0
5433,424.955,13.2656,2,0
5434,185.08,219.794,2,0
5435,541.38,216.821,2,0
5436,281.678,60.9199,2,0
5437,386.702,204.36,2,0
5438,238.105,147.506,2,0
5439,167.807,59.9612,2,0
5440,442.376,245.552,2,0
5441,540.275,43.7694,2,0
5442,116.106,15.8456,2,0
5443,589.634,123.696,2,0
5444,335.791,64.7439,2,0
5445,250.472,17.8295,2,0
5446,194.576,284.832,2,0
5447,469.39,159.173,2,0
5448,203.129,204.917,2,0
5449,593.173,235.301,2,0
5450,431.856,58.6505,2,0
5451,283.313,66.4525,2,0
5452,100.763,19.3031,2,0
5453,550.106,146.473,2,0
5454,346.845,268.318,2,0
5455,345.95,260.254,2,0
5456,280.302,185.585,2,0
5457,242.88,2,2,0
5458,156.987,144.063,2,0
5459,544.315,25.1621,2,0
5460,247.708,71.32,2,0
5461,272.326,19.5142,2,0
5462,129.75,180.226,2,0
5463,366.699,2,2,0
5464,160.438,267.685,2,0
5465,483.438,145.68,2,0
5466,340.178,52.1529,2,0
5467,435.289,169.12,2,0
5468,88.2897,117.965,2,0
5469,341.886,269.271,2,0
5470,588.361,105.143,2,0
5471,322.66,22.0028,2,0
5472,66.9524,217.348,2,0
5473,528.175,282.14,2,0
5474,32.4607,25.773,2,0
5475,36.1394,97.5797,2,0
5476,444.904,151.356,2,0
5477,282.888,105.59,2,0
5478,220.78,105.17,2,0
5479,92.0931,77.4347,2,0
5480,148.1,121.938,2,0
5481,316.18,123.656,2,0
5482,358.366,284.745,2,0
5483,189.648,67.4579,2,0
5484,28.0005,84.648,2,0
5485,123.961,224.357,2,0
5486,364.578,275.765,2,0
5487,138.974,264.366,2,0
5488,128.889,102.266,2,0
5489,308.559,215.965,2,0
5490,551.432,47.7941,2,0
5491,224.901,198.747,2,0
5492,150.57,227.799,2,0
5493,587.455,271.677,2,0
5494,499.379,203.951,2,0
5495,564.049,150.917,2,0
5496,182.098,170.269,2,0
5497,489.884,50.1037,2,0
5498,56.0232,280.752,2,0
5499,514.772,206.62,2,0
5500,331.224,267.225,2,0
5501,408.263,32.0086,2,0
5502,540.234,18.1711,2,0
5503,314.114,260.213,2,0
5504,380.847,268.525,2,0
5505,37.949,156.06,2,0
5506,552.746,158.333,2,0
5507,64.701,243.676,2,0
5508,425.047,175.192,2,0
5509,74.2239,250.428,2,0
5510,539.359,239.619,2,0
5511,150.475,191.682,2,0
5512,529.67,176.657,2,0
5513,490.57,197.168,2,0
5514,285.205,34.0985,2,0
5515,62.3801,285.054,2,0
5516,287.565,161.703,2,0
5517,70.3992,24.2326,2,0
5518,254.305,187.89,2,0
5519,151.6,218.701,2,0
5520,547.006,231.185,2,0
5521,211.193,228.621,2,0
5522,258.282,244.9,2,0
5523,454.821,118.49,2,0
5524,50.6795,125.391,2,0
5525,385.944,117.942,2,0
5526,35.1392,252.462,2,0
5527,58.5089,201.49,2,0
5528,283.342,178.163,2,0
5529,151.629,239.824,2,0
5530,556.375,80.3533,2,0
5531,28.2438,148.184,2,0
5532,585.965,152.406,2,0
5533,415.951,186.841,2,0
5534,260.037,271.978,2,0
5535,229.512,211.458,2,0
5536,395.477,123.014,2,0
5537,552.619,195.428,2,0
5538,400.064,133.934,2,0
5539,273.798,83.8117,2,0
5540,117.632,112.392,2,0
5541,285.434,100.039,2,0
5542,496.125,294.596,2,0
5543,374.648,172.278,2,0
5544,567.064,131.791,2,0
5545,191.743,184.478,2,0
5546,343.973,190.249,2,0
5547,176.427,176.328,2,0
5548,87.8748,237.726,2,0
5549,300.566,57.3172,2,0
5550,206.252,19.4734,2,0
5551,597.888,175.679,2,0
5552,371.589,13.8381,2,0
5553,153.012,64.1991,2,0
5554,311.525,99.3603,2,0
5555,294.686,147.337,2,0
5556,120.884,283.004,2,0
5557,429.413,46.4946,2,0
5558,35.4676,110.633,2,0
5559,274.222,199.337,2,0
5560,237.999,27.1912,2,0
5561,424.351,99.2521,2,0
5562,265.257,156.233,2,0
5563,154.64,187.727,2,0
5564,311.779,167.411,2,0
5565,465.163,153.091,2,0
5566,274.961,32.1626,2,0
5567,514.259,148.634,2,0
5568,299.707,94.2118,2,0
5569,223.26,29.4983,2,0
5570,50.5795,290.026,2,0
5571,49.5851,142.537,2,0
5572,250.39,145.89,2,0
5573,492.722,189.517,2,0
5574,473.831,111.845,2,0
5575,220.871,291.566,2,0
5576,311.472,4.93739,2,0
5577,307.499,9.14214,2,0
5578,162.746,165.949,2,0
5579,478.594,133.252,2,0
5580,83.0794,289.339,2,0
5581,451.654,176.927,2,0
5582,38.4588,15.3047,2,0
5583,434.404,137.051,2,0
5584,281.599,36.3922,2,0
5585,228.202,43.5259,2,0
5586,352.508,77.498,2,0
5587,316.756,96.8655,2,0
5588,118.765,122.491,2,0
5589,182.777,249.269,2,0
5590,323.354,158.327,2,0
5591,240.804,127.02,2,0
5592,417.79,103.885,2,0
5593,318.471,100.814,2,0
5594,191.994,97.1968,2,0
5595,77.7187,280.393,2,0
5596,93.6186,39.5047,2,0
5597,83.1716,99.4632,2,0
5598,346.414,289.061,2,0
5599,179.823,40.2762,2,0
5600,243.462,169.094,2,0
5601,534.444,298,2,0
5602,229.758,271.139,2,0
5603,82.5468,219.073,2,0
5604,146.02,33.7753,2,0
5605,283.027,43.4265,2,0
5606,583.78,82.604,2,0
5607,541.491,39.2199,2,0
5608,168.456,285.811,2,0
5609,558.848,179.778,2,0
5610,536.511,131.36,2,0
5611,171.083,100.261,2,0
5612,201.118,293.132,2,0
5613,566.06,222.156,2,0
5614,425.45,136.621,2,0
5615,270.516,10.8916,2,0
5616,229.365,20.8799,2,0
5617,516.006,127.1,2,0
5618,295.035,86.0759,2,0
5619,536.795,185.8,2,0
5620,94.4596,226.022,2,0
5621,440.798,21.7699,2,0
5622,59.7753,16.2735,2,0
5623,161.58,208.719,2,0
5624,491.601,215.442,2,0
5625,181.628,35.2108,2,0
5626,483.001,206.783,2,0
5627,598.1,67.3701,2,0
5628,401.306,110.614,2,0
5629,295.869,23.6851,2,0
5630,315.517,21.3618,2,0
5631,165.828,189.219,2,0
5632,44.6586,94.2935,2,0
5633,218.959,92.0166,2,0
5634,548.784,61.6411,2,0
5635,177.836,36.6638,2,0
5636,412.928,165.477,2,0
5637,232.105,115.031,2,0
5638,35.008,2,2,0
5639,185.037,133.425,2,0
5640,141.677,243.942,2,0
5641,549.54,228.023,2,0
5642,38.6812,21.3661,2,0
5643,116.783,50.4776,2,0
5644,9.14928,238.607,2,0
5645,23.9427,43.0695,2,0
5646,17.4858,143.674,2,0
5647,433.935,11.9586,2,0
5648,462.103,159.668,2,0
5649,507.118,238.235,2,0
5650,379.328,55.1408,2,0
5651,250.915,132.969,2,0
5652,391.549,124.208,2,0
5653,509.534,178.429,2,0
5654,598.101,212.993,2,0
5655,461.008,28.4206,2,0
5656,164.982,133.534,2,0
5657,266.369,253.256,2,0
5658,106.767,215.355,2,0
5659,553.655,185.433,2,0
5660,547.135,294.179,2,0
5661,502.145,238.584,2,0
5662,362.225,88.3965,2,0
5663,128.553,94.6683,2,0
5664,134.834,206.533,2,0
5665,222.901,192.11,2,0
5666,511.168,262.436,2,0
5667,479.881,78.6193,2,0
5668,310.506,236.379,2,0
5669,455.695,153.389,2,0
5670,486.619,221.556,2,0
5671,329.881,131.397,2,0
5672,591.975,270.161,2,0
5673,386.505,11.0126,2,0
5674,386.002,86.3389,2,0
5675,1.17151,96.1603,2,0
5676,560.615,228.52,2,0
5677,290.576,62.8338,2,0
5678,359.036,148.696,2,0
5679,444.304,2,2,0
5680,6.37284,89.4408,2,0
5681,525.849,197.052,2,0
5682,117.667,11.3421,2,0
5683,241.891,229.691,2,0
5684,32.3901,31.8891,2,0
5685,577.006,219.676,2,0
5686,115.159,44.9093,2,0
5687,220.441,261.702,2,0
5688,168.072,225.144,2,0
5689,355.545,73.8476,2,0
5690,343.094,23.0572,2,0
5691,269.161,232.379,2,0
5692,447.277,256.877,2,0
5693,284.674,277.717,2,0
5694,489.547,114.908,2,0
5695,546.268,64.902,2,0
5696,393.058,6.0755,2,0
5697,479.285,96.762,2,0
5698,293.895,121.362,2,0
5699,58.3443,96.157,2,0
5700,22.9082,101.586,2,0
5701,568.921,82.5498,2,0
5702,313.602,157.519,2,0
5703,428.222,2,2,0
5704,324.203,143.471,2,0
5705,426.537,231.095,2,0
5706,31.0538,71.0607,2,0
5707,23.5289,22.0105,2,0
5708,25.0225,194.697,2,0
5709,345.972,120.284,2,0
5710,367.036,83.2755,2,0
5711,599.935,125.094,2,0
5712,354.631,35.3146,2,0
5713,341.096,148.064,2,0
5714,52.3494,145.559,2,0
5715,508.946,278.124,2,0
5716,294.159,288.063,2,0
5717,584.181,125.334,2,0
5718,300.591,39.8336,2,0
5719,529.607,76.0162,2,0
5720,254.292,202.758,2,0
5721,131.322,28.5046,2,0
5722,73.127,53.141,2,0
5723,16.0348,231.067,2,0
5724,426.446,193.896,2,0
5725,408.493,292.255,2,0
5726,586.129,179.885,2,0
5727,333.325,227.078,2,0
5728,84.8984,262.541,2,0
5729,542.988,90.1942,2,0
5730,202.916,154.591,2,0
5731,227.177,283.909,2,0
5732,259.985,97.8886,2,0
5733,528.863,273.616,2,0
5734,238.155,48.7926,2,0
5735,291.652,44.9997,2,0
5736,586.226,160.41,2,0
5737,579.45,151.117,2,0
5738,163.855,255.147,2,0
5739,100.133,165.939,2,0
5740,346.345,18.6179,2,0
5741,420.835,131.392,2,0
5742,16.7789,66.7184,2,0
5743,400.696,10.9131,2,0
5744,20.4794,198.31,2,0
5745,592.399,192.272,2,0
5746,115.515,287.699,2,0
5747,176.309,73.5577,2,0
5748,181.656,135.769,2,0
5749,8.29062,127.604,2,0
5750,429.381,134.554,2,0
5751,257.473,4.36936,2,0
5752,157.575,22.5606,2,0
5753,245.748,142.822,2,0
5754,566.788,206.689,2,0
5755,246.44,114.934,2,0
5756,145.784,202.957,2,0
5757,407.98,132.389,2,0
5758,127.3,259.424,2,0
5759,224.722,142.847,2,0
5760,518.602,181.918,2,0
5761,52.1854,53.8881,2,0
5762,289.305,143.055,2,0
5763,555.264,274.879,2,0
5764,102.1,241,2,0
5765,219.329,215.123,2,0
5766,378.9,129.771,2,0
5767,190.396,239.001,2,0
5768,507.675,67.4368,2,0
5769,108.388,83.0601,2,0
5770,29.0115,142.691,2,0
5771,441.268,232.009,2,0
5772,18.8938,166.933,2,0
5773,328.759,38.9937,2,0
5774,382.497,249.369,2,0
5775,207.947,89.19,2,0
5776,129.536,2.12305,2,0
5777,68.4267,289.995,2,0
5778,3.30588,149.044,2,0
5779,421.423,293.891,2,0
5780,374.653,5.13733,2,0
5781,485.573,290.326,2,0
5782,438.119,257.734,2,0
5783,168.92,3.26063,2,0
5784,436.899,133.519,2,0
5785,285.319,154.229,2,0
5786,380.025,288.779,2,0
5787,397.45,218.436,2,0
5788,398.078,103.986,2,0
5789,439.756,298,2,0
5790,35.0686,284.065,2,0
5791,180.352,252.479,2,0
5792,137.73,124.925,2,0
5793,304.815,253.056,2,0
5794,145.805,2,2,0
5795,371.667,169.431,2,0
5796,40.2919,268.121,2,0
5797,173.916,164.753,2,0
5798,131.159,79.0896,2,0
5799,13.8592,59.9023,2,0
5800,536.99,162.877,2,0
5801,353.777,85.5307,2,0
5802,259.075,250.06,2,0
5803,214.37,298,2,0
5804,54.3665,28.5055,2,0
5805,33.5262,64.4976,2,0
5806,475.729,144.466,2,0
5807,547.422,286.359,2,0
5808,148.078,179.912,2,0
5809,544.739,121.377,2,0
5810,461.221,167.988,2,0
5811,163.496,128.322,2,0
5812,582.459,22.6243,2,0
5813,45.5348,196.421,2,0
5814,195.645,259.454,2,0
5815,240.549,19.4635,2,0
5816,297.674,257.244,2,0
5817,353.638,244.082,2,0
5818,101.242,111.531,2,0
5819,495.451,41.6898,2,0
5820,385.507,157.185,2,0
5821,408.143,116.803,2,0
5822,429.214,197.7,2,0
5823,335.438,55.9473,2,0
5824,212.566,44.1168,2,0
5825,481.866,298,2,0
5826,130.018,268.454,2,0
5827,87.1354,154.868,2,0
5828,550.228,114.475,2,0
5829,67.3463,298,2,0
5830,302.952,214.229,2,0
5831,371.164,261.124,2,0
5832,251.335,38.7099,2,0
5833,247.743,40.7192,2,0
5834,302.488,97.3144,2,0
5835,317.33,29.677,2,0
5836,511.718,167.362,2,0
5837,59.1549,298,2,0
5838,540.526,258.558,2,0
5839,210.885,39.1472,2,0
5840,385.392,67.6717,2,0
5841,326.784,22.4326,2,0
5842,42.7567,193.398,2,0
5843,3.93509,68.5342,2,0
5844,308.273,57.1589,2,0
5845,369.499,172.962,2,0
5846,177.947,170.841,2,0
5847,144.661,77.6833,2,0
5848,121.808,159.986,2,0
5849,483.181,211.32,2,0
5850,499.406,116.711,2,0
5851,354.839,196.827,2,0
5852,53.7844,82.7519,2,0
5853,588.468,247.748,2,0
5854,199.674,64.331,2,0
5855,20.9527,262.353,2,0
5856,188.734,124.661,2,0
5857,179.178,284.538,2,0
5858,129.244,71.3346,2,0
5859,356.628,125.431,2,0
5860,303.678,136.036,2,0
5861,575.3,49.1514,2,0
5862,184.888,123.278,2,0
5863,472.662,138.186,2,0
5864,48.4494,22.8703,2,0
5865,526.583,201.356,2,0
5866,165.507,209.675,2,0
5867,454.673,25.0535,2,0
5868,60.4847,263.524,2,0
5869,528.146,214.845,2,0
5870,220.164,141.539,2,0
5871,22.6147,184.602,2,0
5872,469.032,86.8802,2,0
5873,241.549,136.762,2,0
5874,313.839,269.923,2,0
5875,523.845,96.4063,2,0
5876,117.476,175.271,2,0
5877,410.796,78.0854,2,0
5878,316.574,266.897,2,0
5879,261.886,5.78486,2,0
5880,205.232,111.941,2,0
5881,320.071,185.376,2,0
5882,447.423,33.162,2,0
5883,88.9652,262.032,2,0
5884,471.667,144.268,2,0
5885,187.938,75.2942,2,0
5886,197.681,82.9313,2,0
5887,142.421,191.662,2,0
5888,322.666,50.8739,2,0
5889,344.658,88.4805,2,0
5890,585.502,113.268,2,0
5891,381.675,194.719,2,0
5892,74.4402,169.879,2,0
5893,379.289,22.3243,2,0
5894,348.812,117.205,2,0
5895,494.499,222.772,2,0
5896,243.77,69.9763,2,0
5897,564.833,229.045,2,0
5898,380.168,95.0344,2,0
5899,474.885,272.473,2,0
5900,409.369,41.5543,2,0
5901,184.283,241.163,2,0
5902,582.059,86.2735,2,0
5903,359.253,166.259,2,0
5904,491.807,29.1991,2,0
5905,553.272,22.6908,2,0
5906,51.0917,235.466,2,0
5907,524.829,7.10338,2,0
5908,243.642,176.311,2,0
5909,432.92,227.142,2,0
5910,141.259,32.8695,2,0
5911,556.681,192.802,2,0
5912,559.651,45.0205,2,0
5913,503.414,32.636,2,0
5914,180.39,174.065,2,0
5915,516.208,3.37386,2,0
5916,239.642,122.73,2,0
5917,278.772,94.6473,2,0
5918,107.529,123.871,2,0
5919,423.224,261.721,2,0
5920,562.884,116.496,2,0
5921,338.425,60.2965,2,0
5922,416.406,167.54,2,0
5923,120.914,93.7493,2,0
5924,540.251,127.594,2,0
5925,52.8933,243.366,2,0
5926,92.9876,18.8327,2,0
5927,8.72733,92.856,2,0
5928,267.993,151.465,2,0
5929,266.673,102.485,2,0
5930,7.09853,51.5029,2,0
5931,500.286,42.7817,2,0
5932,300.107,186.262,2,0
5933,92.012,71.8321,2,0
5934,138.871,29.2318,2,0
5935,595.495,39.8969,2,0
5936,283.233,192.795,2,0
5937,94.9182,117.359,2,0
5938,488.254,238.703,2,0
5939,577.182,91.0187,2,0
5940,304.453,58.529,2,0
5941,181.628,182.264,2,0
5942,263.977,238.641,2,0
5943,164.306,47.6318,2,0
5944,340.016,47.6592,2,0
5945,383.299,183.691,2,0
5946,156.88,15.702,2,0
5947,165.694,16.1308,2,0
5948,417.35,124.224,2,0
5949,126.648,62.7143,2,0
5950,5.37299,110.862,2,0
5951,580.282,196.414,2,0
5952,465.792,69.2545,2,0
5953,574.157,37.863,2,0
5954,339.207,197.222,2,0
5955,13.6994,227.754,2,0
5956,497.333,256.977,2,0
5957,78.5314,165.623,2,0
5958,568.016,176.535,2,0
5959,545.417,125.538,2,0
5960,300.044,141.258,2,0
5961,547.631,218.32,2,0
5962,55.1936,130.777,2,0
5963,173.509,242.656,2,0
5964,288.366,263.598,2,0
5965,250.572,8.06932,2,0
5966,200.5,223.802,2,0
5967,30.0366,255.398,2,0
5968,144.71,217.026,2,0
5969,25.6272,256.574,2,0
5970,63.5302,36.1733,2,0
5971,140.799,60.4643,2,0
5972,573.003,52.5033,2,0
5973,393.9,184.606,2,0
5974,18.2393,254.734,2,0
5975,569.053,56.816,2,0
5976,344.663,292.874,2,0
5977,569.783,169.251,2,0
5978,13.5782,113.295,2,0
5979,99.0419,205.195,2,0
5980,299.834,192.127,2,0
5981,37.8482,38.0458,2,0
5982,40.6348,184.737,2,0
5983,387.186,15.2907,2,0
5984,258.418,173.836,2,0
5985,592.185,29.178,2,0
5986,237.674,247.621,2,0
5987,297.675,120.043,2,0
5988,127.37,295.816,2,0
5989,286.221,253.059,2,0
5990,336.631,190.577,2,0
5991,12.191,224.028,2,0
5992,287.319,157.697,2,0
5993,118.944,140.721,2,0
5994,586.039,20.7798,2,0
5995,337.021,216.509,2,0
5996,288.898,234.149,2,0
5997,321.917,246.579,2,0
5998,447.678,162.193,2,0
5999,268.388,68.8026,2,0
6000,479.393,261.377,2,0
6001,112.491,148.911,2,0
6002,104.561,84.4074,2,0
6003,259.223,256.293,2,0
6004,415.574,35.0067,2,0
6005,336.326,41.827,2,0
6006,357.343,43.4137,2,0
6007,413.448,161.393,2,0
6008,507.896,0.606576,2,0
6009,591.352,141.798,2,0
6010,174.941,202.455,2,0
6011,112.987,229.109,2,0
6012,390.94,129.757,2,0
6013,507.177,262.975,2,0
6014,446.428,55.0771,2,0
6015,360.164,155.834,2,0
6016,368.971,286.228,2,0
6017,83.3018,251.798,2,0
6018,285.322,219.61,2,0
6019,127.819,81.4807,2,0
6020,437.802,120.436,2,0
6021,198.807,107.259,2,0
6022,195.15,280.8,2,0
6023,159.98,92.3163,2,0
6024,221.943,40.88,2,0
6025,395.438,259.369,2,0
6026,432.515,140.717,2,0
6027,361.199,102.858,2,0
6028,573.926,145.3,2,0
6029,583.484,187.431,2,0
6030,53.5464,276.927,2,0
6031,219.986,27.0677,2,0
6032,507.297,189.945,2,0
6033,514.18,63.8589,2,0
6034,451.055,272.777,2,0
6035,204.581,233.073,2,0
6036,158.369,28.6216,2,0
6037,255.267,119.905,2,0
6038,513.323,240.028,2,0
6039,487.813,28.8312,2,0
6040,525.423,34.5868,2,0
6041,302.1,5.82355,2,0
6042,217.176,283.6,2,0
6043,139.895,151.852,2,0
6044,441.947,290.127,2,0
6045,322.209,240.253,2,0
6046,543.28,242.523,2,0
6047,322.634,214.572,2,0
6048,86.7125,212.707,2,0
6049,393.8,180.277,2,0
6050,125.265,43.0469,2,0
6051,386.503,100.952,2,0
6052,17.4753,191.833,2,0
6053,54.1841,293.794,2,0
6054,433.533,286.048,2,0
6055,361.265,136.115,2,0
6056,248.452,184.423,2,0
6057,358.608,210.685,2,0
6058,383.32,133.923,2,0
6059,533.114,119.816,2,0
6060,534.192,61.114,2,0
6061,267.137,187.403,2,0
6062,339.116,227.067,2,0
6063,73.1937,34.3559,2,0
6064,354.322,111.377,2,0
6065,483.451,197.347,2,0
6066,144.848,155.171,2,0
6067,78.0117,240.409,2,0
6068,589.516,154.298,2,0
6069,457.371,298,2,0
6070,233.04,101.083,2,0
6071,572.58,231.13,2,0
6072,314.72,164.029,2,0
6073,272.014,207.159,2,0
6074,491.296,164.045,2,0
6075,596.073,58.9825,2,0
6076,156.41,94.3291,2,0
6077,29.1876,105.456,2,0
6078,238.296,53.2702,2,0
6079,465.753,89.2591,2,0
6080,200.352,47.6098,2,0
6081,28.4481,222.165,2,0
6082,157.908,70.0962,2,0
6083,118.44,59.8829,2,0
6084,348.799,151.432,2,0
6085,556.64,286.684,2,0
6086,102.772,144.139,2,0
6087,234.678,135.758,2,0
6088,257.963,264.02,2,0
6089,47.9488,128.354,2,0
6090,52.3848,86.5199,2,0
6091,119.937,89.7954,2,0
6092,150.782,45.8336,2,0
6093,268.057,7.64588,2,0
6094,589.763,162.818,2,0
6095,405.932,228.429,2,0
6096,547.418,10.7826,2,0
6097,268.771,123.58,2,0
6098,101.488,270.179,2,0
6099,99.9163,263.519,2,0
6100,335.568,130.943,2,0
6101,532.457,93.4741,2,0
6102,553.933,27.5791,2,0
6103,349.886,211.077,2,0
6104,210.184,48.3391,2,0
6105,137.42,144.263,2,0
6106,362.806,194.783,2,0
6107,284.505,114.175,2,0
6108,159.131,260.761,2,0
6109,227.217,17.3214,2,0
6110,138.448,192.417,2,0
6111,481.39,244.42,2,0
6112,360.481,123.852,2,0
6113,214.115,194.261,2,0
6114,177.122,86.2979,2,0
6115,539.63,104.585,2,0
6116,473.735,107.588,2,0
6117,294.653,298,2,0
6118,502.953,2,2,0
6119,263.242,249.701,2,0
6120,187.205,142.203,2,0
6121,581.63,71.585,2,0
6122,525.061,72.958,2,0
6123,537.006,288.009,2,0
6124,30.6891,178.784,2,0
6125,510.959,117.089,2,0
6126,20.6424,160.682,2,0
6127,424.15,2,2,0
6128,48.6038,138.502,2,0
6129,15.8778,126.126,2,0
6130,96.8063,2.08124,2,0
6131,162.345,296.613,2,0
6132,286.385,284.056,2,0
6133,551.195,167.239,2,0
6134,420.48,194.918,2,0
6135,96.7937,104.243,2,0
6136,101.985,150.589,2,0
6137,563.795,11.655,2,0
6138,301.204,122.432,2,0
6139,215.342,271.283,2,0
6140,469.239,15.3021,2,0
6141,237.158,219.227,2,0
6142,552.512,287.309,2,0
6143,181.415,131.342,2,0
6144,190.176,153.505,2,0
6145,152.343,134.237,2,0
6146,52.8657,231.863,2,0
6147,148.902,253.484,2,0
6148,508.494,127.706,2,0
6149,435.001,155.364,2,0
6150,581.129,45.1856,2,0
6151,328.989,90.2211,2,0
6152,561.823,69.2345,2,0
6153,315.747,244.968,2,0
6154,85.5829,72.5651,2,0
6155,577.697,254.171,2,0
6156,165.251,198.435,2,0
6157,11.6658,43.8316,2,0
6158,152.433,33.59,2,0
6159,503.795,44.9056,2,0
6160,48.834,192.093,2,0
6161,403.022,48.0746,2,0
6162,498.79,188.354,2,0
6163,499.905,292.985,2,0
6164,203.666,252.383,2,0
6165,463.49,286.507,2,0
6166,585.29,254.903,2,0
6167,231.04,197.372,2,0
6168,487.763,71.3459,2,0
6169,41.4398,239.375,2,0
6170,342.376,241.722,2,0
6171,16.8771,75.9045,2,0
6172,536.938,101.316,2,0
6173,106.889,230.717,2,0
6174,518.486,199.426,2,0
6175,331.238,74.8091,2,0
6176,549.211,17.2064,2,0
6177,517.942,16.6418,2,0
6178,573.049,286.909,2,0
6179,198.166,131.727,2,0
6180,480.179,118.539,2,0
6181,255.41,147.557,2,0
6182,437.103,244.823,2,0
6183,55.793,17.2772,2,0
6184,103.123,204.842,2,0
6185,570.929,128.685,2,0
6186,26.8435,129.484,2,0
6187,439.613,279.57,2,0
6188,458.101,160.79,2,0
6189,279.062,294.804,2,0
6190,543.528,204.891,2,0
6191,307.868,128.968,2,0
6192,583.113,31.9202,2,0
6193,258.687,198.04,2,0
6194,126.975,37.5241,2,0
6195,290.458,98.5263,2,0
6196,217.32,201.813,2,0
6197,489.658,12.9112,2,0
6198,220.344,13.835,2,0
6199,47.5163,120.431,2,0
6200,268.891,287.551,2,0
6201,556.227,212.045,2,0
6202,581.774,115.296,2,0
6203,379.108,234.171,2,0
6204,242.21,140.724,2,0
6205,109.147,262.689,2,0
6206,1.51281,169.206,2,0
6207,255.464,277.19,2,0
6208,460.856,262.912,2,0
6209,416.119,232.981,2,0
6210,349.401,257.96,2,0
6211,240.78,298,2,0
6212,551.518,32.8225,2,0
6213,259.707,72.424,2,0
6214,191.986,19.7433,2,0
6215,586.161,60.0571,2,0
6216,579.631,232.196,2,0
6217,302.491,278.085,2,0
6218,477.582,53.7213,2,0
6219,323.687,281.084,2,0
6220,418.502,99.0093,2,0
6221,26.9279,252.768,2,0
6222,335.4,3.0614,2,0
6223,66.0348,20.5119,2,0
6224,22.5244,68.4786,2,0
6225,589.145,119.636,2,0
6226,173.918,168.807,2,0
6227,275.99,207.843,2,0
6228,200.511,232.073,2,0
6229,371.881,26.8299,2,0
6230,156.649,90.0949,2,0
6231,156.697,284.9,2,0
6232,64.9856,67.9984,2,0
6233,231.69,56.5713,2,0
6234,544.336,138.085,2,0
6235,55.2558,253.299,2,0
6236,531.152,202.969,2,0
6237,351.552,73.5544,2,0
6238,81.9892,231.243,2,0
6239,476.012,130.056,2,0
6240,239.493,143.715,2,0
6241,36.9456,169.264,2,0
6242,554.422,86.3972,2,0
6243,155.575,36.2412,2,0
6244,252.728,50.5131,2,0
6245,525.128,133.376,2,0
6246,417.166,141.818,2,0
6247,468.605,266.78,2,0
6248,406.952,49.512,2,0
6249,328.143,34.9319,2,0
6250,391.722,112.398,2,0
6251,259.138,193.974,2,0
6252,364.791,133.534,2,0
6253,20.4307,233.374,2,0
6254,329.917,69.6116,2,0
6255,255.364,230.72,2,0
6256,81.8592,207.798,2,0
6257,346.043,174.745,2,0
6258,97.1893,41.6571,2,0
6259,454.845,149.308,2,0
6260,2.98531,19.2001,2,0
6261,80.5261,49.3489,2,0
6262,39.3742,144.809,2,0
6263,455.325,290.557,2,0
6264,563.886,75.0629,2,0
6265,252.923,184.067,2,0
6266,578.574,250.102,2,0
6267,347.608,72.6947,2,0
6268,244.562,73.9806,2,0
6269,524.035,163.242,2,0
6270,92.601,178.481,2,0
6271,477.159,156.392,2,0
6272,100.513,30.0564,2,0
6273,457.644,293.93,2,0
6274,229.117,32.8795,2,0
6275,60.7583,68.3135,2,0
6276,411.831,246.085,2,0
6277,213.833,136.15,2,0
6278,289.664,196.976,2,0
6279,574.442,265.171,2,0
6280,410.842,276.906,2,0
6281,496.721,139.549,2,0
6282,211.881,128.659,2,0
6283,43.0632,62.0743,2,0
6284,55.6732,198.434,2,0
6285,272.579,113.709,2,0
6286,66.6775,285.139,2,0
6287,251.697,296.137,2,0
6288,541.435,123.717,2,0
6289,343.285,237.378,2,0
6290,58.2563,259.981,2,0
6291,193.922,161.961,2,0
6292,516.022,48.9202,2,0
6293,231.421,74.975,2,0
6294,520.07,2,2,0
6295,143.212,199.699,2,0
6296,172.262,238.848,2,0
6297,588.369,194.55,2,0
6298,491.956,149.604,2,0
6299,177.003,47.5907,2,0
6300,112.279,207.957,2,0
6301,277.609,134.537,2,0
6302,537.593,97.2069,2,0
6303,21.574,145.942,2,0
6304,568.359,19.8148,2,0
6305,26.6241,276.705,2,0
6306,7.02829,235.119,2,0
6307,474.731,56.6819,2,0
6308,92.7372,9.10815,2,0
6309,151.404,73.9564,2,0
6310,297.774,225.605,2,0
6311,108.629,255.819,2,0
6312,289.171,147.147,2,0
6313,350.634,237.979,2,0
6314,579.129,245.13,2,0
6315,426.833,20.9301,2,0
6316,381.152,159.373,2,0
6317,464.798,233.334,2,0
6318,451.83,214.721,2,0
6319,95.301,261.812,2,0
6320,363.585,284.078,2,0
6321,222.548,279.355,2,0
6322,240.046,68.3022,2,0
6323,360.436,291.96,2,0
6324,358.261,221.804,2,0
6325,469.005,187.499,2,0
6326,305.218,104.605,2,0
6327,398.483,100.005,2,0
6328,300.614,72.8594,2,0
6329,590.045,111.701,2,0
6330,390.543,284.026,2,0
6331,18.6115,184.242,2,0
6332,381.475,120.069,2,0
6333,540.544,131.71,2,0
6334,347.179,127.453,2,0
6335,194.261,111.599,2,0
6336,524.454,43.1094,2,0
6337,493.53,178.86,2,0
6338,199.366,69.7227,2,0
6339,113.595,11.6761,2,0
6340,372.936,120.591,2,0
6341,341.681,100.966,2,0
6342,281.638,79.4377,2,0
6343,62.4242,210.726,2,0
6344,543.764,134.12,2,0
6345,96.0569,170.038,2,0
6346,40.8449,2,2,0
6347,243.489,124.053,2,0
6348,217.58,107.864,2,0
6349,190.237,52.8221,2,0
6350,506.635,57.2207,2,0
6351,477.644,164.122,2,0
6352,581.297,91.7673,2,0
6353,342.824,287.035,2,0
6354,337.658,212.467,2,0
6355,491.03,266.595,2,0
6356,320.084,32.8167,2,0
6357,111.487,109.269,2,0
6358,55.0129,134.907,2,0
6359,594.237,95.3523,2,0
6360,316.96,35.4839,2,0
6361,12.233,23.0224,2,0
6362,563.122,141.731,2,0
6363,405.154,9.92222,2,0
6364,526.182,289.195,2,0
6365,596.303,246.096,2,0
6366,35.2512,60.8692,2,0
6367,595.966,298.253,2,0
6368,88.0359,39.2654,2,0
6369,224.747,57.4041,2,0
6370,468.823,155.153,2,0
6371,193.659,34.8915,2,0
6372,355.115,166.056,2,0
6373,497.605,90.7822,2,0
6374,253.775,139.075,2,0
6375,350.406,262.293,2,0
6376,13.8718,141.906,2,0
6377,267.595,76.9586,2,0
6378,532.264,86.9756,2,0
6379,146.619,149.477,2,0
6380,218.2,194.03,2,0
6381,519.391,206.685,2,0
6382,285.483,170.279,2,0
6383,81.5146,247.975,2,0
6384,341.971,67.495,2,0
6385,146.914,257.113,2,0
6386,164.138,57.9206,2,0
6387,8.01184,258.377,2,0
6388,223.831,159.294,2,0
6389,432.229,100.031,2,0
6390,237.021,169.165,2,0
6391,409.594,73.8501,2,0
6392,501.743,15.6736,2,0
6393,319.7,93.6275,2,0
6394,204.318,217.078,2,0
6395,529.847,6.0789,2,0
6396,204.748,116.508,2,0
6397,534.602,200.875,2,0
6398,251.248,154.149,2,0
6399,378.63,12.0668,2,0
6400,191.221,194.774,2,0
6401,341.24,254.388,2,0
6402,508.199,53.506,2,0
6403,301.16,255.111,2,0
6404,366.436,15.5078,2,0
6405,430.937,17.1216,2,0
6406,449.277,82.9263,2,0
6407,173.194,87.7841,2,0
6408,180.28,147.32,2,0
6409,480.034,125.553,2,0
6410,47.3654,233.115,2,0
6411,545.715,224.95,2,0
6412,172.008,9.49614,2,0
6413,465.282,157.176,2,0
6414,314.067,233.4,2,0
6415,301.472,180.954,2,0
6416,377.093,223.634,2,0
6417,372.626,213.906,2,0
6418,427.434,118,2,0
6419,186.493,9.56956,2,0
6420,96.6738,251.569,2,0
6421,82.6228,265.957,2,0
6422,438.62,293.855,2,0
6423,363.973,209.731,2,0
6424,447.01,29.1163,2,0
6425,436.878,253.84,2,0
6426,29.5761,218.156,2,0
6427,93.4758,101.716,2,0
6428,588.345,127.547,2,0
6429,99.1249,67.9299,2,0
6430,238.889,254.918,2,0
6431,10.6713,211.124,2,0
6432,41.239,148.381,2,0
6433,363.736,68.6448,2,0
6434,424.623,82.6586,2,0
6435,259.476,79.788,2,0
6436,262.542,173.857,2,0
6437,208.404,208.78,2,0
6438,570.091,184.41,2,0
6439,1.23007,173.404,2,0
6440,558.243,132.766,2,0
6441,409.06,174.406,2,0
6442,424.612,68.0894,2,0
6443,371.448,22.6756,2,0
6444,257.167,61.6544,2,0
6445,102.754,283.538,2,0
6446,170.304,203.515,2,0
6447,39.5294,26.355,2,0
6448,502.93,28.0458,2,0
6449,389.65,173.265,2,0
6450,214.05,25.8361,2,0
6451,244.303,78.048,2,0
6452,73.0842,30.3237,2,0
6453,585.442,190.963,2,0
6454,565.28,66.5722,2,0
6455,507.844,114.478,2,0
6456,419.022,206.98,2,0
6457,75.7739,218.218,2,0
6458,119.458,152.472,2,0
6459,592.899,187.947,2,0
6460,284.865,207.724,2,0
6461,59.763,159.912,2,0
6462,249.27,136.71,2,0
6463,271.953,170.546,2,0
6464,108.69,175.409,2,0
6465,582.382,248.421,2,0
6466,25.7756,88.606,2,0
6467,40.1635,128.377,2,0
6468,330.643,171.437,2,0
6469,195.059,275.172,2,0
6470,564.285,158.81,2,0
6471,144.571,276.993,2,0
6472,216.296,256.292,2,0
6473,243.169,153.316,2,0
6474,308.056,160.253,2,0
6475,105.104,154.583,2,0
6476,93.2767,22.9651,2,0
6477,387.064,140.992,2,0
6478,32.6621,44.187,2,0
6479,220.166,62.8631,2,0
6480,575.896,58.9925,2,0
6481,221.887,196.027,2,0
6482,311.412,48.8297,2,0
6483,364.208,143.654,2,0
6484,492.872,278.717,2,0
6485,33.6796,171.619,2,0
6486,473.2,101.278,2,0
6487,269.511,90.4669,2,0
6488,208.397,73.7789,2,0
6489,301.386,259.161,2,0
6490,49.5939,219.501,2,0
6491,430.05,76.2167,2,0
6492,23.9119,35.4782,2,0
6493,13.2779,188.128,2,0
6494,369.039,18.6179,2,0
6495,288.158,102.989,2,0
6496,177.134,215.235,2,0
6497,406.158,268.297,2,0
6498,40.7855,71.2534,2,0
6499,301.235,104.024,2,0
6500,445.596,137.481,2,0
6501,505.217,17.741,2,0
6502,432.238,270.864,2,0
6503,436.275,124.727,2,0
6504,112.831,175.503,2,0
6505,172.597,118.014,2,0
6506,328.335,111.102,2,0
6507,341.789,277.699,2,0
6508,440.102,38.1287,2,0
6509,115.376,120.077,2,0
6510,76.9818,258.862,2,0
6511,395.754,223.397,2,0
6512,327.81,138.994,2,0
6513,498.844,298,2,0
6514,584.052,26.3521,2,0
6515,308.332,35.5531,2,0
6516,481.375,172.404,2,0
6517,393.853,18.5022,2,0
6518,32.3494,140.366,2,0
6519,380.277,284.75,2,0
6520,590.019,21.3709,2,0
6521,290.731,41.0368,2,0
6522,564.842,280.496,2,0
6523,49.6854,12.4408,2,0
6524,134.887,30.6281,2,0
6525,89.3872,139.99,2,0
6526,36.3016,129.447,2,0
6527,503.07,84.8739,2,0
6528,462.74,56.5132,2,0
6529,393.297,294.039,2,0
6530,215.809,213.135,2,0
6531,76.4198,17.8749,2,0
6532,285.327,130.884,2,0
6533,201.757,236.064,2,0
6534,362.498,36.9539,2,0
6535,356.938,114.511,2,0
6536,461.283,222.086,2,0
6537,443.469,117.64,2,0
6538,214.221,47.8311,2,0
6539,140.675,216.355,2,0
6540,103.29,159.027,2,0
6541,246.971,253.843,2,0
6542,242.885,250.338,2,0
6543,548.014,203.298,2,0
6544,290.807,133.396,2,0
6545,473.255,41.29,2,0
6546,454.554,59.7579,2,0
6547,524.787,128.326,2,0
6548,35.5379,288.184,2,0
6549,510.889,136.519,2,0
6550,592.915,121.067,2,0
6551,517.822,145.219,2,0
6552,74.0111,165.788,2,0
6553,382.901,104.739,2,0
6554,587.464,140.464,2,0
6555,285.974,230.226,2,0
6556,314.246,79.7101,2,0
6557,463.726,145.861,2,0
6558,483.044,193.183,2,0
6559,222.943,84.7173,2,0
6560,73.4446,8.83234,2,0
6561,89.3906,111.524,2,0
6562,26.4343,209.62,2,0
6563,101.17,232.924,2,0
6564,376.29,33.3235,2,0
6565,590.093,220.195,2,0
6566,71.211,151.741,2,0
6567,466.675,284.081,2,0
6568,275.2,46.396,2,0
6569,172.95,96.6258,2,0
6570,506.114,21.7518,2,0
6571,227.438,195.444,2,0
6572,572.789,26.7501,2,0
6573,230.966,65.1912,2,0
6574,20.7938,129.77,2,0
6575,210.133,56.7251,2,0
6576,555.082,130.233,2,0
6577,290.905,138.878,2,0
6578,568.875,52.1048,2,0
6579,2.98059,298,2,0
6580,560.333,258.737,2,0
6581,169.875,199.45,2,0
6582,410.879,297.612,2,0
6583,436.407,36.5565,2,0
6584,593.69,171.311,2,0
6585,229.153,263.375,2,0
6586,565.073,123.33,2,0
6587,131.84,24.3388,2,0
6588,103.354,88.6662,2,0
6589,36.5012,57.0111,2,0
6590,149.326,260.322,2,0
6591,407.942,93.2944,2,0
6592,501.866,289.466,2,0
6593,567.545,180.588,2,0
6594,420.404,82.6118,2,0
6595,337.338,120.487,2,0
6596,41.9056,253.373,2,0
6597,466.849,214.671,2,0
6598,456.065,48.6922,2,0
6599,422.041,95.8399,2,0
6600,287.573,216.258,2,0
6601,43.7516,182.036,2,0
6602,236.269,83.5558,2,0
6603,43.5638,88.0165,2,0
6604,584.405,243.239,2,0
6605,557.749,249.14,2,0
6606,124.487,293.035,2,0
6607,506.963,34.6808,2,0
6608,94.1633,208.661,2,0
6609,511.339,144.897,2,0
6610,305.25,117.284,2,0
6611,5.62273,102.516,2,0
6612,596.504,292.921,2,0
6613,2.4567,153.058,2,0
6614,268.975,194.629,2,0
6615,527.584,220.085,2,0
6616,468.782,5.83761,2,0
6617,1.88178,290.83,2,0
6618,290.996,106.064,2,0
6619,168.896,119.706,2,0
6620,430.846,214.262,2,0
6621,419.608,263.854,2,0
6622,327.143,123.462,2,0
6623,384.237,20.5848,2,0
6624,292.52,256.245,2,0
6625,40.0821,230.723,2,0
6626,364.006,261.897,2,0
6627,405.41,109.896,2,0
6628,592.692,279.074,2,0
6629,319.516,224.721,2,0
6630,326.974,29.9887,2,0
6631,40.9948,211.728,2,0
6632,79.2599,252.283,2,0
6633,332.678,109.326,2,0
6634,392.763,220.603,2,0
6635,250.655,13.6006,2,0
6636,412.323,293.813,2,0
6637,175.392,156.95,2,0
6638,204.103,75.6645,2,0
6639,586.414,282.119,2,0
6640,395.865,157.057,2,0
6641,452.453,287.62,2,0
6642,271.044,57.6407,2,0
6643,535.233,240.423,2,0
6644,456.559,278.561,2,0
6645,581.207,172.031,2,0
6646,457.227,192.826,2,0
6647,20.1093,24.2296,2,0
6648,390.516,11.4116,2,0
6649,338.994,236.368,2,0
6650,89.6645,269.101,2,0
6651,526.881,12.7672,2,0
6652,336.005,265.56,2,0
6653,151.576,138.328,2,0
6654,262.883,69.959,2,0
6655,526.279,174.365,2,0
6656,336.702,49.9672,2,0
6657,164.06,202.325,2,0
6658,311.422,22.5867,2,0
6659,356.349,65.6072,2,0
6660,494.52,4.42383,2,0
6661,261.563,125.443,2,0
6662,237.511,100.454,2,0
6663,529.562,243.315,2,0
6664,460.436,10.5225,2,0
6665,345.379,149.297,2,0
6666,249.082,44.5961,2,0
6667,200.194,95.0751,2,0
6668,386.499,283.982,2,0
6669,189.767,207.194,2,0
6670,420.708,37.4171,2,0
6671,314.501,25.2998,2,0
6672,580.38,131.934,2,0
6673,326.601,246.996,2,0
6674,388.285,214.431,2,0
6675,76.4097,49.525,2,0
6676,402.132,166.631,2,0
6677,396.068,46.3425,2,0
6678,230.753,134.796,2,0
6679,32.5413,56.3166,2,0
6680,564.998,164.623,2,0
6681,425.276,63.2795,2,0
6682,465.46,121.128,2,0
6683,138.228,173.266,2,0
6684,291.918,150.347,2,0
6685,138.326,196.446,2,0
6686,553.001,238.497,2,0
6687,161.344,64.3224,2,0
6688,281.589,181.775,2,0
6689,549.523,236.412,2,0
6690,219.935,175.28,2,0
6691,283.079,204.082,2,0
6692,267.003,235.886,2,0
6693,352.777,251.278,2,0
6694,584.853,43.4883,2,0
6695,27.5492,182.056,2,0
6696,83.701,204.205,2,0
6697,459.839,290.367,2,0
6698,507.49,38.8464,2,0
6699,24.4774,235.936,2,0
6700,24.9426,205.276,2,0
6701,146.426,74.0802,2,0
6702,332.673,117.458,2,0
6703,333.271,232.716,2,0
6704,263.147,193.818,2,0
6705,181.244,208.276,2,0
6706,146.884,81.1126,2,0
6707,308.845,283.392,2,0
6708,515.499,225.114,2,0
6709,570.295,31.48,2,0
6710,492.18,171.013,2,0
6711,429.604,96.4884,2,0
6712,100.82,82.5752,2,0
6713,588.538,294.486,2,0
6714,342.475,181.325,2,0
6715,456.145,129.921,2,0
6716,347.306,183.34,2,0
6717,195.219,128.759,2,0
6718,130.797,230.902,2,0
6719,427.256,185.058,2,0
6720,30.618,114.748,2,0
6721,564.387,284.518,2,0
6722,327.339,157.092,2,0
6723,101.739,293.955,2,0
6724,506.839,121.994,2,0
6725,295.779,215.586,2,0
6726,65.5526,9.44219,2,0
6727,71.6041,236.035,2,0
6728,71.5143,143.653,2,0
6729,199.213,206.078,2,0
6730,196.711,263.358,2,0
6731,203.669,184.905,2,0
6732,587.727,275.736,2,0
6733,293.245,142.24,2,0
6734,532.682,183.735,2,0
6735,382.717,12.6853,2,0
6736,467.449,165.023,2,0
6737,474.555,176.39,2,0
6738,20.0735,133.759,2,0
6739,320.379,193.677,2,0
6740,178.069,133.94,2,0
6741,502.68,269.524,2,0
6742,381.525,264.425,2,0
6743,77.3655,129.029,2,0
6744,357.889,51.6325,2,0
6745,583.835,278.889,2,0
6746,461.278,209.626,2,0
6747,37.5957,165.104,2,0
6748,155.799,73.5094,2,0
6749,183.154,15.2388,2,0
6750,282.747,23.6354,2,0
6751,298.627,14.6568,2,0
6752,73.6519,12.8429,2,0
6753,400.608,151.805,2,0
6754,91.2419,194.023,2,0
6755,6.71733,183.356,2,0
6756,241.026,267.805,2,0
6757,82.7894,270.066,2,0
6758,224.242,53.3042,2,0
6759,284.38,39.5101,2,0
6760,74.2017,154.448,2,0
6761,269.54,203.835,2,0
6762,202.183,248.518,2,0
6763,124.353,101.427,2,0
6764,303.578,221.57,2,0
6765,72.6065,290.272,2,0
6766,559.81,289.267,2,0
6767,212.504,4.42957,2,0
6768,110.483,197.238,2,0
6769,423.832,215.246,2,0
6770,147.686,161.337,2,0
6771,396.071,119.057,2,0
6772,222.322,73.0521,2,0
6773,193.651,233.218,2,0
6774,587.873,46.1314,2,0
6775,420.094,76.0702,2,0
6776,342.041,261.262,2,0
6777,380.34,112.515,2,0
6778,576.851,105.689,2,0
6779,25.8298,52.4413,2,0
6780,402.741,95.3657,2,0
6781,284.767,58.2813,2,0
6782,395.028,131.178,2,0
6783,206.986,188.204,2,0
6784,566.418,3.90037,2,0
6785,38.3645,5.21328,2,0
6786,292.871,232.822,2,0
6787,432.84,246.973,2,0
6788,10.1682,172.933,2,0
6789,168.879,280.37,2,0
6790,96.5766,81.8354,2,0
6791,415.676,247.994,2,0
6792,506.579,30.0342,2,0
6793,444.646,19.8796,2,0
6794,156.043,128.044,2,0
6795,46.9616,134.649,2,0
6796,567.009,255.247,2,0
6797,508.316,294.652,2,0
6798,435.407,146.026,2,0
6799,524.308,24.391,2,0
6800,66.8715,193.691,2,0
6801,46.0055,271.478,2,0
6802,2.75179,24.6437,2,0
6803,374.056,146.043,2,0
6804,543.817,151.657,2,0
6805,357.19,251.253,2,0
6806,578.561,205.257,2,0
6807,223.45,139.009,2,0
6808,257.909,186.013,2,0
6809,450.829,75.1431,2,0
6810,58.1997,126.872,2,0
6811,398.627,74.3442,2,0
6812,121.132,265.893,2,0
6813,26.4775,185.972,2,0
6814,568.682,27.7507,2,0
6815,203.401,289.842,2,0
6816,286.974,42.7108,2,0
6817,120.941,50.7143,2,0
6818,216.561,122.245,2,0
6819,252.735,168.473,2,0
6820,444.109,70.2844,2,0
6821,341.951,282.98,2,0
6822,316.482,119.577,2,0
6823,146.691,290.164,2,0
6824,133.71,295.204,2,0
6825,265.043,86.2864,2,0
6826,28.9218,193.743,2,0
6827,15.7267,21.0067,2,0
6828,291.364,157.953,2,0
6829,432.123,166.562,2,0
6830,245.631,90.2446,2,0
6831,417.553,260.368,2,0
6832,529.092,134.11,2,0
6833,77.1378,10.7898,2,0
6834,5.69924,228.007,2,0
6835,113.375,71.0163,2,0
6836,1.68537,161.079,2,0
6837,512.444,59.3358,2,0
6838,324.363,289.722,2,0
6839,238.719,292.575,2,0
6840,518.094,239.573,2,0
6841,395.379,244.344,2,0
6842,413.078,126.174,2,0
6843,207.178,139.423,2,0
6844,550.77,13.3169,2,0
6845,4.46001,98.6405,2,0
6846,318.698,189.974,2,0
6847,233.171,107.086,2,0
6848,541.121,212.586,2,0
6849,54.9105,120.479,2,0
6850,458.386,259.689,2,0
6851,320.489,268.034,2,0
6852,17.6968,292.314,2,0
6853,117.378,79.5939,2,0
6854,542.694,196.912,2,0
6855,227.796,24.6079,2,0
6856,252.413,158.044,2,0
6857,388.006,236.291,2,0
6858,457.456,287.077,2,0
6859,104.434,126.471,2,0
6860,242.903,36.7892,2,0
6861,30.9423,273.996,2,0
6862,6.7621,167.312,2,0
6863,542.789,48.7466,2,0
6864,468.431,118.291,2,0
6865,279.141,192.468,2,0
6866,429.501,70.4665,2,0
6867,251.623,192.01,2,0
6868,336.719,153.83,2,0
6869,179.695,178.672,2,0
6870,286.667,127.001,2,0
6871,585.533,202.409,2,0
6872,22.5884,119.019,2,0
6873,113.439,2,2,0
6874,108.273,119.858,2,0
6875,256.824,53.5541,2,0
6876,32.0717,163.288,2,0
6877,274.034,180.041,2,0
6878,524.538,56.8986,2,0
6879,389.784,184.548,2,0
6880,480.865,256.716,2,0
6881,383.765,50.7087,2,0
6882,17.7988,272.857,2,0
6883,73.7558,281.498,2,0
6884,388.917,5.85571,2,0
6885,204.717,245.296,2,0
6886,244.283,216.315,2,0
6887,237.929,234.623,2,0
6888,227.702,254.272,2,0
6889,242.537,54.1449,2,0
6890,30.0576,169.558,2,0
6891,132.392,16.33,2,0
6892,59.8777,236.5,2,0
6893,560.284,152.384,2,0
6894,69.821,164.991,2,0
6895,475.401,183.883,2,0
6896,546.952,143.533,2,0
6897,214.777,241.823,2,0
6898,356.866,279.574,2,0
6899,343.562,185.998,2,0
6900,398.407,168.306,2,0
6901,263.681,149.896,2,0
6902,182.542,204.407,2,0
6903,209.908,191.532,2,0
6904,7.04117,151.112,2,0
6905,576.077,74.5134,2,0
6906,277.038,255.979,2,0
6907,569.737,145.062,2,0
6908,39.5809,288.745,2,0
6909,475.756,190.849,2,0
6910,494.598,156.597,2,0
6911,50.4955,39.3583,2,0
6912,395.103,13.9225,2,0
6913,423.306,152.676,2,0
6914,246.873,249.745,2,0
6915,507.393,43.0825,2,0
6916,145.067,207.008,2,0
6917,441.249,114.13,2,0
6918,405.622,58.6977,2,0
6919,432.454,123.201,2,0
6920,563.866,288.539,2,0
6921,68.968,2,2,0
6922,262.168,153.609,2,0
6923,152.348,158.993,2,0
6924,140.653,208.04,2,0
6925,335.41,269.554,2,0
6926,75.7805,264.115,2,0
6927,145.239,176.994,2,0
6928,179.396,62.7934,2,0
6929,82.3284,190.959,2,0
6930,246.107,51.5568,2,0
6931,235.761,123.861,2,0
6932,294.435,108.111,2,0
6933,290.533,2,2,0
6934,102.388,216.708,2,0
6935,539.8,152.553,2,0
6936,501.483,68.8571,2,0
6937,441.108,42.0382,2,0
6938,444.256,199.183,2,0
6939,41.7677,13.0169,2,0
6940,363.431,235.205,2,0
6941,536.071,127.359,2,0
6942,468.877,136.817,2,0
6943,515.57,219.168,2,0
6944,521.448,178.881,2,0
6945,532.466,232.667,2,0
6946,93.258,174.521,2,0
6947,35.8294,137.196,2,0
6948,72.3697,49.1896,2,0
6949,483.925,138.72,2,0
6950,351.341,9.83374,2,0
6951,62.5247,247.335,2,0
6952,437.73,103.434,2,0
6953,429.501,267.454,2,0
6954,93.3686,234.13,2,0
6955,360.323,255.637,2,0
6956,542.879,115.931,2,0
6957,535.791,276.293,2,0
6958,558.214,138.097,2,0
6959,265.527,44.0625,2,0
6960,485.516,16.6913,2,0
6961,58.2162,65.1318,2,0
6962,409.197,121.846,2,0
6963,195.923,229.855,2,0
6964,452.418,15.2478,2,0
6965,449.132,121.149,2,0
6966,524.94,236.304,2,0
6967,498.372,22.1934,2,0
6968,419.175,51.9302,2,0
6969,44.3985,54.1434,2,0
6970,184.985,184.518,2,0
6971,412.098,38.5049,2,0
6972,100.104,78.5634,2,0
6973,436.083,224.403,2,0
6974,377.718,265.963,2,0
6975,536.681,268.968,2,0
6976,463.918,290.497,2,0
6977,588.735,224.597,2,0
6978,76.8799,103.559,2,0
6979,368.936,121.148,2,0
6980,557.063,76.4089,2,0
6981,268.322,209.692,2,0
6982,513.552,270.036,2,0
6983,360.993,268.326,2,0
6984,203.39,229.201,2,0
6985,429.94,178.764,2,0
6986,451.065,45.1761,2,0
6987,436.436,271.384,2,0
6988,94.0812,158.887,2,0
6989,14.2687,254.067,2,0
6990,160.616,141.371,2,0
6991,112.79,19.4412,2,0
6992,154.112,176.165,2,0
6993,503.017,160.967,2,0
6994,483.316,121.247,2,0
6995,12.5656,85.1878,2,0
6996,475.799,63.9755,2,0
6997,273.62,232.533,2,0
6998,192.71,170.688,2,0
6999,300.068,206.276,2,0
7000,324.559,108.249,2,0
7001,10.8076,110.227,2,0
7002,410.937,215.22,2,0
7003,265.688,4.35488,2,0
7004,268.993,61.086,2,0
7005,8.40119,113.553,2,0
7006,398.008,172.91,2,0
7007,107.221,6.74126,2,0
7008,341.225,105.245,2,0
7009,379.394,191.071,2,0
7010,279.176,288.786,2,0
7011,383.123,208.244,2,0
7012,402.409,140.907,2,0
7013,34.252,68.5919,2,0
7014,119.45,71.5555,2,0
7015,481.428,42.5561,2,0
7016,212.621,185.398,2,0
7017,69.5452,73.608,2,0
7018,42.6017,201.271,2,0
7019,99.0218,118.976,2,0
7020,564.562,241.089,2,0
7021,2.70589,78.783,2,0
7022,185.792,233.603,2,0
7023,404.645,62.7023,2,0
7024,296.306,102.885,2,0
7025,40.7701,275.915,2,0
7026,581.781,252.813,2,0
7027,401.719,170.707,2,0
7028,57.9333,249.466,2,0
7029,162.991,246.761,2,0
7030,115.372,145.754,2,0
7031,329.99,257.67,2,0
7032,457.404,73.8056,2,0
7033,160.066,8.04221,2,0
7034,326.255,217.498,2,0
7035,192.025,217.31,2,0
7036,299.699,217.581,2,0
7037,263.886,23.7105,2,0
7038,346.191,272.331,2,0
7039,451.54,243.466,2,0
7040,378.028,116.641,2,0
7041,553.368,16.731,2,0
7042,293.438,59.8585,2,0
7043,570.66,263.542,2,0
7044,547.287,47.298,2,0
7045,496.003,45.7243,2,0
7046,465.136,223.43,2,0
7047,254.244,15.7101,2,0
7048,382.784,140.134,2,0
7049,432.605,53.6876,2,0
7050,461.44,122.344,2,0
7051,38.2994,133.823,2,0
7052,521.533,184.89,2,0
7053,168.131,216.659,2,0
7054,346.539,243.924,2,0
7055,171.511,257.822,2,0
7056,222.396,6.53932,2,0
7057,571.924,59.6277,2,0
7058,132.243,271.836,2,0
7059,67.1924,152.462,2,0
7060,71.3905,298,2,0
7061,238.905,7.82084,2,0
7062,401.267,229.128,2,0
7063,485.693,33.0567,2,0
7064,503.988,91.2236,2,0
7065,105.302,209.331,2,0
7066,263.271,188.96,2,0
7067,281.441,214.105,2,0
7068,138.431,107.533,2,0
7069,411.568,272.944,2,0
7070,511.567,171.818,2,0
7071,173.627,54.236,2,0
7072,520.337,271.414,2,0
7073,376.518,210.097,2,0
7074,345.343,5.5274,2,0
7075,15.7304,99.2781,2,0
7076,451.265,279.849,2,0
7077,181.073,48.6326,2,0
7078,337.521,255.968,2,0
7079,354.67,209.919,2,0
7080,299.444,221.91,2,0
7081,384.132,93.1752,2,0
7082,279.162,205.296,2,0
7083,465.408,79.3178,2,0
7084,363.226,72.8091,2,0
7085,406.363,220.874,2,0
7086,265.303,212.333,2,0
7087,230.839,51.2327,2,0
7088,351.665,24.5225,2,0
7089,282.521,238.427,2,0
7090,185.562,268.27,2,0
7091,439.1,235.535,2,0
7092,216.355,171.901,2,0
7093,146.514,271.525,2,0
7094,308.596,262.284,2,0
7095,316.483,76.3219,2,0
7096,235.291,5.88517,2,0
7097,572.777,241.349,2,0
7098,517.555,30.3326,2,0
7099,104.219,188.44,2,0
7100,294.93,10.2095,2,0
7101,113.222,264.395,2,0
7102,260.08,22.4081,2,0
7103,85.3345,36.1338,2,0
7104,214.783,63.3442,2,0
7105,571.327,48.2883,2,0
7106,60.1892,100.006,2,0
7107,245.836,161.446,2,0
7108,168.51,212.525,2,0
7109,293.111,241.035,2,0
7110,7.01537,297.391,2,0
7111,198.553,285.826,2,0
7112,450.587,268.669,2,0
7113,341.125,290.958,2,0
7114,190.226,173.975,2,0
7115,243.517,22.328,2,0
7116,562.199,137.652,2,0
7117,110.315,33.4685,2,0
7118,10.2761,185.312,2,0
7119,139.645,295.147,2,0
7120,106.09,71.7564,2,0
7121,386.537,250.095,2,0
7122,353.183,137.33,2,0
7123,90.5491,4.11889,2,0
7124,46.0694,71.6696,2,0
7125,428.168,294.032,2,0
7126,374.408,89.7923,2,0
7127,177.547,59.2088,2,0
7128,577.421,183.018,2,0
7129,273.048,195.4,2,0
7130,214.751,160.092,2,0
7131,538.383,299.796,2,0
7132,354.019,132.554,2,0
7133,193.418,198.273,2,0
7134,456.502,125.613,2,0
7135,464.791,170.306,2,0
7136,70.478,283.819,2,0
7137,471.475,238.117,2,0
7138,72.0697,16.6957,2,0
7139,33.9345,256.338,2,0
7140,220.625,57.9558,2,0
7141,482.277,201.281,2,0
7142,316.173,252.211,2,0
7143,160.361,74.0904,2,0
7144,357.312,266.585,2,0
7145,42.1857,66.4602,2,0
7146,107.443,297.268,2,0
7147,54.6854,124.702,2,0
7148,399.792,155.77,2,0
7149,389.222,115.611,2,0
7150,226.944,91.8579,2,0
7151,284.982,8.41452,2,0
7152,78.3103,180.65,2,0
7153,385.666,97.0271,2,0
7154,149.842,297.686,2,0
7155,60.2278,207.278,2,0
7156,521.589,49.1483,2,0
7157,179.44,158.648,2,0
7158,433.484,174.934,2,0
7159,86.5237,56.1179,2,0
7160,84.364,116.986,2,0
7161,345.335,164.823,2,0
7162,169.41,36.7337,2,0
7163,313.547,264.181,2,0
7164,161.853,196.151,2,0
7165,16.3658,136.241,2,0
7166,281.703,221.557,2,0
7167,587.055,148.496,2,0
7168,152.443,195.285,2,0
7169,16.8791,268.711,2,0
7170,429.82,12.6858,2,0
7171,263.106,13.6737,2,0
7172,187.899,147.759,2,0
7173,88.5664,132.832,2,0
7174,104.346,135.049,2,0
7175,404.686,151.592,2,0
7176,282.223,291.551,2,0
7177,129.759,20.7998,2,0
7178,94.4183,145.66,2,0
7179,227.009,248.455,2,0
7180,545.1,276.854,2,0
7181,478.684,287.528,2,0
7182,416.013,2,2,0
7183,461.882,177.59,2,0
7184,220.59,121.248,2,0
7185,111.534,297.112,2,0
7186,204.153,49.1593,2,0
7187,554.963,2,2,0
7188,447.02,231.314,2,0
7189,599.274,186.976,2,0
7190,226.616,266.608,2,0
7191,149.945,210.681,2,0
7192,46.597,83.187,2,0
7193,153.03,253.463,2,0
7194,248.075,284.309,2,0
7195,343.071,195.752,2,0
7196,520.163,127.306,2,0
7197,27.6167,213.474,2,0
7198,565.66,80.1028,2,0
7199,433.509,243,2,0
7200,359.069,196.272,2,0
7201,187.469,203.377,2,0
7202,441.024,253.587,2,0
7203,452.558,218.69,2,0
7204,2.5666,59.2458,2,0
7205,103.835,175.408,2,0
7206,578.538,15.0363,2,0
7207,266.445,167.011,2,0
7208,133.114,7.74773,2,0
7209,516.181,103.87,2,0
7210,440.257,123.658,2,0
7211,126.795,74.6993,2,0
7212,271.992,6.63723,2,0
7213,69.7389,196.49,2,0
7214,517.936,255.372,2,0
7215,513.968,212.898,2,0
7216,31.8768,136.124,2,0
7217,414.924,76.6674,2,0
7218,426.716,201.564,2,0
7219,301.832,152.295,2,0
7220,316.461,203.859,2,0
7221,319.76,271.994,2,0
7222,209.543,180.955,2,0
7223,483.677,72.5564,2,0
7224,220.246,53.8476,2,0
7225,342.347,273.693,2,0
7226,221.264,200.557,2,0
7227,410.841,202.182,2,0
7228,531.627,127.742,2,0
7229,592.752,290.547,2,0
7230,364.53,111.876,2,0
7231,37.8293,150.722,2,0
7232,25.0329,140.524,2,0
7233,165.534,23.5107,2,0
7234,110.446,45.9231,2,0
7235,91.3787,200.683,2,0
7236,573.116,278.521,2,0
7237,420.699,226.164,2,0
7238,136.219,181.208,2,0
7239,512.129,227.463,2,0
7240,408.912,166.419,2,0
7241,379.629,51.0952,2,0
7242,101.905,185.097,2,0
7243,292.89,48.8726,2,0
7244,467.081,26.8512,2,0
7245,286.811,106.904,2,0
7246,136.928,285.065,2,0
7247,493.212,256.459,2,0
7248,320.528,113.697,2,0
7249,540.725,193.317,2,0
7250,395.074,234.335,2,0
7251,248.627,269.601,2,0
7252,17.3844,225.875,2,0
7253,141.704,204.113,2,0
7254,227.26,28.6462,2,0
7255,8.52288,231.339,2,0
7256,449.554,110.801,2,0
7257,217.927,95.882,2,0
7258,413.054,175.081,2,0
7259,581.412,261.601,2,0
7260,199.569,227.78,2,0
7261,360.834,243.78,2,0
7262,461.704,194.324,2,0
7263,268.914,173.183,2,0
7264,529.547,2,2,0
7265,2.69463,83.1002,2,0
7266,264.005,285.562,2,0
7267,279.56,20.919,2,0
7268,354.4,89.6148,2,0
7269,294.326,201.542,2,0
7270,107.279,91.6123,2,0
7271,71.0057,203.766,2,0
7272,50.8169,210.275,2,0
7273,446.637,15.2448,2,0
7274,39.6552,54.3211,2,0
7275,417.238,210.816,2,0
7276,93.3294,289.226,2,0
7277,422.003,178.036,2,0
7278,109.539,244.024,2,0
7279,409.032,157.545,2,0
7280,87.5443,47.6015,2,0
7281,470.632,56.6095,2,0
7282,238.59,15.8958,2,0
7283,153.438,155.12,2,0
7284,181.355,103.539,2,0
7285,461.05,234.738,2,0
7286,242.97,7.3938,2,0
7287,4.26739,115.713,2,0
7288,195.879,145.9,2,0
7289,85.4523,32.0994,2,0
7290,166.353,160.475,2,0
7291,304.593,92.8243,2,0
7292,77.1803,53.5257,2,0
7293,393.67,162.959,2,0
7294,445.533,145.547,2,0
7295,333.091,188.673,2,0
7296,84.3886,157.885,2,0
7297,470.222,109.912,2,0
7298,62.6554,89.2807,2,0
7299,574.48,126.706,2,0
7300,8.70454,191.429,2,0
7301,288.508,114.957,2,0
7302,485.613,55.593,2,0
7303,141.12,256.357,2,0
7304,140.132,136.533,2,0
7305,363.444,225.632,2,0
7306,12.1059,96.2771,2,0
7307,143.667,280.996,2,0
7308,251.25,208.648,2,0
7309,354.45,49.5522,2,0
7310,493,52.7265,2,0
7311,592.855,251.654,2,0
7312,449.024,128.816,2,0
7313,28.5977,17.1421,2,0
7314,456.207,17.437,2,0
7315,270.283,275.695,2,0
7316,560.863,24.187,2,0
7317,88.6642,9.5713,2,0
7318,226.834,162.133,2,0
7319,241.74,61.3911,2,0
7320,236.744,35.1088,2,0
7321,567.228,298.889,2,0
7322,461.801,81.4458,2,0
7323,79.0537,57.3623,2,0
7324,176.808,94.844,2,0
7325,530.708,116.587,2,0
7326,527.421,152.379,2,0
7327,313.847,200.726,2,0
7328,216.319,35.0483,2,0
7329,561.408,130.109,2,0
7330,412.241,13.3333,2,0
7331,438.663,31.4097,2,0
7332,437.055,49.382,2,0
7333,449.091,192.37,2,0
7334,353.243,273.537,2,0
7335,89.764,229.775,2,0
7336,207.924,170.66,2,0
7337,172.186,44.2738,2,0
7338,549.211,39.9444,2,0
7339,470.233,131.558,2,0
7340,355.006,298,2,0
7341,522.03,27.8061,2,0
7342,510.085,223.844,2,0
7343,399.475,178.247,2,0
7344,52.307,74.8443,2,0
7345,325.633,222.529,2,0
7346,89.7756,15.4962,2,0
7347,170.571,148.097,2,0
7348,439.888,13.4498,2,0
7349,74.0886,91.5842,2,0
7350,588.516,144.634,2,0
7351,589.35,286.434,2,0
7352,266.37,269.812,2,0
7353,556.995,18.4872,2,0
7354,130.157,142.536,2,0
7355,241.97,50.1175,2,0
7356,375.163,131.422,2,0
7357,385.95,29.8836,2,0
7358,109.435,153.054,2,0
7359,72.8292,183.888,2,0
7360,554.236,245.914,2,0
7361,58.3135,184.809,2,0
7362,338.405,80.1287,2,0
7363,230.016,95.8768,2,0
7364,544.407,60.8087,2,0
7365,403.858,224.854,2,0
7366,355.612,31.4148,2,0
7367,223.106,155.284,2,0
7368,366.06,52.2745,2,0
7369,118.092,64.3931,2,0
7370,231.789,17.6672,2,0
7371,388.2,258.2,2,0
7372,67.3935,51.114,2,0
7373,291.006,110.19,2,0
7374,580.066,201.289,2,0
7375,495.959,29.3786,2,0
7376,197.006,30.7107,2,0
7377,79.5161,216.322,2,0
7378,497.183,94.8457,2,0
7379,500.838,5.40227,2,0
7380,497.967,200.114,2,0
7381,198.291,135.9,2,0
7382,103.175,22.9745,2,0
7383,79.6516,27.7301,2,0
7384,155.561,120.302,2,0
7385,109.037,210.772,2,0
7386,405.691,191.713,2,0
7387,344.193,145.361,2,0
7388,374.16,46.2176,2,0
7389,14.5183,275.218,2,0
7390,82.6535,223.095,2,0
7391,493.672,203.168,2,0
7392,50.878,282.057,2,0
7393,308.555,109.807,2,0
7394,589.427,231.094,2,0
7395,386.537,2,2,0
7396,120.489,243.311,2,0
7397,470.337,19.2007,2,0
7398,119.456,298,2,0
7399,447.504,285.336,2,0
7400,318.183,259.947,2,0
7401,320.545,41.2982,2,0
7402,556.8,278.627,2,0
7403,334.029,258.015,2,0
7404,37.7129,66.5147,2,0
7405,388.031,105.864,2,0
7406,531.645,79.6156,2,0
7407,199.125,178.372,2,0
7408,236.35,259.526,2,0
7409,518.169,72.8654,2,0
7410,502.943,119.529,2,0
7411,371.375,101.165,2,0
7412,533.472,286.037,2,0
7413,45.8209,185.945,2,0
7414,264.544,57.3249,2,0
7415,352.01,233.223,2,0
7416,212.924,258.74,2,0
7417,134.222,228.638,2,0
7418,269.54,40.9153,2,0
7419,26.9325,93.0904,2,0
7420,195.604,122.055,2,0
7421,439.765,25.797,2,0
7422,597.877,171.07,2,0
7423,364.559,292.271,2,0
7424,376.178,57.8574,2,0
7425,542.523,285.2,2,0
7426,504.816,134.754,2,0
7427,181.314,276.6,2,0
7428,293.064,69.806,2,0
7429,309.833,225.931,2,0
7430,17.6961,170.778,2,0
7431,467.811,195.468,2,0
7432,148.334,133.039,2,0
7433,419.655,248.416,2,0
7434,515.493,236.365,2,0
7435,240.963,29.9886,2,0
7436,455.842,271.201,2,0
7437,343.124,226.881,2,0
7438,430.682,36.9478,2,0
7439,487.961,139.176,2,0
7440,121.57,155.884,2,0
7441,428.396,163.731,2,0
7442,591.171,8.46747,2,0
7443,63.5328,239.004,2,0
7444,113.051,49.023,2,0
7445,477.062,100.155,2,0
7446,216.29,224.273,2,0
7447,366.089,229.672,2,0
7448,597.173,115.311,2,0
7449,556.253,108.937,2,0
7450,511.286,248.429,2,0
7451,215.977,139.558,2,0
7452,310.859,205.05,2,0
7453,336.512,246.157,2,0
7454,321.604,71.0347,2,0
7455,549.932,25.1032,2,0
7456,233.652,37.7363,2,0
7457,74.1981,139.994,2,0
7458,283.483,270.436,2,0
7459,342.147,173.803,2,0
7460,302.157,297.302,2,0
7461,583.014,109.888,2,0
7462,73.2328,223.204,2,0
7463,546.749,2,2,0
7464,451.653,169.56,2,0
7465,179.887,289.49,2,0
7466,290.46,189.293,2,0
7467,225.888,149.957,2,0
7468,62.9138,156.765,2,0
7469,313.225,249.506,2,0
7470,361.536,229.267,2,0
7471,427.393,189.945,2,0
7472,65.8445,225.786,2,0
7473,228.498,113.045,2,0
7474,390.269,102.482,2,0
7475,363.96,41.0432,2,0
7476,492.81,15.5746,2,0
7477,490.361,219.652,2,0
7478,78.1011,155.924,2,0
7479,494.359,161.294,2,0
7480,215.243,228.307,2,0
7481,381.884,40.1916,2,0
7482,180.593,272.548,2,0
7483,474.793,205.737,2,0
7484,275.135,236.532,2,0
7485,83.1233,58.2776,2,0
7486,62.1634,83.5837,2,0
7487,93.1983,13.2419,2,0
7488,158.712,114.056,2,0
7489,306.158,5.3185,2,0
7490,469.523,298,2,0
7491,377.439,175.254,2,0
7492,255.97,272.47,2,0
7493,31.6233,101.263,2,0
7494,140.181,157.796,2,0
7495,83.9847,256.312,2,0
7496,494.067,199.123,2,0
7497,366.221,88.0661,2,0
7498,439.436,286.912,2,0
7499,574.1,252.331,2,0
7500,253.771,282.647,2,0
7501,560.836,279.567,2,0
7502,280.258,247.735,2,0
7503,593.662,36.2413,2,0
7504,499.448,112.555,2,0
7505,423.015,78.9233,2,0
7506,537.532,40.7015,2,0
7507,193.101,132.238,2,0
7508,575.155,244.616,2,0
7509,282.057,274.553,2,0
7510,453.482,222.605,2,0
7511,11.4589,137.277,2,0
7512,481.523,290.498,2,0
7513,518.125,288.459,2,0
7514,460.977,172.098,2,0
7515,451.062,11.4222,2,0
7516,466.003,280.082,2,0
7517,38.3619,78.9362,2,0
7518,341.192,6.45728,2,0
7519,277.543,188.7,2,0
7520,146.322,27.503,2,0
7521,552.522,69.7459,2,0
7522,595.697,31.2996,2,0
7523,373.116,17.8795,2,0
7524,381.193,69.08,2,0
7525,243.458,197.331,2,0
7526,85.9416,248.658,2,0
7527,361.582,199.495,2,0
7528,116.454,149.69,2,0
7529,354.335,27.5364,2,0
7530,336.566,87.2965,2,0
7531,424.794,254.16,2,0
7532,96.2962,180.061,2,0
7533,403.921,178.267,2,0
7534,597.564,205.07,2,0
7535,350.19,68.6845,2,0
7536,572.167,298,2,0
7537,173.232,206.279,2,0
7538,70.4255,274.877,2,0
7539,192.219,93.053,2,0
7540,314.867,107.843,2,0
7541,206.468,273.431,2,0
7542,165.013,2,2,0
7543,166.024,89.901,2,0
7544,477.816,18.4525,2,0
7545,339.761,184.506,2,0
7546,245.199,86.115,2,0
7547,463.248,102.731,2,0
7548,427.944,129.471,2,0
7549,173.408,59.8294,2,0
7550,377.286,8.22918,2,0
7551,325.558,235.027,2,0
7552,198.075,125.903,2,0
7553,506.557,61.3099,2,0
7554,477.693,187.231,2,0
7555,402.312,129.822,2,0
7556,29.7255,53.351,2,0
7557,116.541,217.873,2,0
7558,487.445,128.984,2,0
7559,331.054,277.975,2,0
7560,473.444,52.7446,2,0
7561,54.0237,194.774,2,0
7562,129.424,184.309,2,0
7563,288.937,207.715,2,0
7564,589.232,189.631,2,0
7565,400.662,114.616,2,0
7566,269.505,142.82,2,0
7567,104.81,200.608,2,0
7568,399.055,49.1578,2,0
7569,579.966,120.93,2,0
7570,422.32,5.71591,2,0
7571,198.731,2,2,0
7572,544.019,172.782,2,0
7573,278.95,169.207,2,0
7574,322.372,125.329,2,0
7575,202.38,284.594,2,0
7576,535.713,65.4403,2,0
7577,309.222,64.3254,2,0
7578,384.884,5.69503,2,0
7579,151.846,263.706,2,0
7580,554.42,126.219,2,0
7581,417.676,62.3824,2,0
7582,287.309,294.518,2,0
7583,246.287,173.176,2,0
7584,565.105,30.256,2,0
7585,399.372,122.02,2,0
7586,265.642,39.835,2,0
7587,476.588,74.2651,2,0
7588,416.868,86.8462,2,0
7589,566.114,109.899,2,0
7590,170.008,90.3844,2,0
7591,400.627,21.794,2,0
7592,457.251,224.86,2,0
7593,6.34849,47.5066,2,0
7594,185.128,245.995,2,0
7595,65.8279,125.918,2,0
7596,45.6813,11.8123,2,0
7597,293.979,126.02,2,0
7598,443.478,167.847,2,0
7599,217.606,23.8507,2,0
7600,348.963,13.8282,2,0
7601,420.321,30.44,2,0
7602,350.149,134.505,2,0
7603,394.553,2,2,0
7604,489.336,125.332,2,0
7605,370.309,68.8751,2,0
7606,382.128,277.198,2,0
7607,245.044,134.495,2,0
7608,185.176,2,2,0
7609,558.502,66.7809,2,0
7610,356.826,181.006,2,0
7611,87.0741,253.474,2,0
7612,583.084,235.588,2,0
7613,358.083,133.43,2,0
7614,234.284,41.8684,2,0
7615,423.365,111.181,2,0
7616,109,240.057,2,0
7617,115.132,244.861,2,0
7618,96.8767,17.8401,2,0
7619,275.531,176.199,2,0
7620,594.924,99.4187,2,0
7621,98.5951,108.001,2,0
7622,112.057,203.881,2,0
7623,118.958,35.8472,2,0
7624,191.501,121.67,2,0
7625,406.967,76.8938,2,0
7626,23.2487,109.772,2,0
7627,270.547,166.724,2,0
7628,280.608,267.576,2,0
7629,112.966,212.058,2,0
7630,312.698,284.986,2,0
7631,21.2969,28.255,2,0
7632,3.85526,2,2,0
7633,75.0473,60.0039,2,0
7634,372.72,287.817,2,0
7635,139.99,102.797,2,0
7636,20.6578,212.181,2,0
7637,183.982,6.02077,2,0
7638,110.287,99.9477,2,0
7639,240.681,260.38,2,0
7640,206.434,148.637,2,0
7641,432.172,67.0251,2,0
7642,262.946,208.844,2,0
7643,579.606,216.044,2,0
7644,310.81,11.4651,2,0
7645,339.31,2,2,0
7646,156.522,40.2286,2,0
7647,579.332,48.9502,2,0
7648,138.408,140.374,2,0
7649,141.124,176.153,2,0
7650,103.106,220.721,2,0
7651,329.51,236.403,2,0
7652,464.258,35.6801,2,0
7653,523.187,250.457,2,0
7654,521.236,103.435,2,0
7655,595.197,134.582,2,0
7656,555.687,290.648,2,0
7657,171.468,105.002,2,0
7658,340.853,166.374,2,0
7659,389.568,292.568,2,0
7660,21.1219,141.802,2,0
7661,66.2211,130.924,2,0
7662,430.922,62.6928,2,0
7663,287.537,11.6018,2,0
7664,325.047,129.412,2,0
7665,383.727,225.057,2,0
7666,258.98,207.394,2,0
7667,108.602,17.57,2,0
7668,256.411,158.407,2,0
7669,194.291,192.133,2,0
7670,568.288,285.558,2,0
7671,570.003,251.88,2,0
7672,165.466,104.692,2,0
7673,72.8113,231.414,2,0
7674,147.617,14.4778,2,0
7675,529.202,252.355,2,0
7676,470.259,231.223,2,0
7677,341.48,216.174,2,0
7678,315.949,197.246,2,0
7679,1.65064,121.384,2,0
7680,40.0289,59.234,2,0
7681,228.023,72.6744,2,0
7682,492.62,139.533,2,0
7683,466.383,237.252,2,0
7684,35.8353,75.6938,2,0
7685,348.459,27.0791,2,0
7686,331.949,93.8172,2,0
7687,396.497,213.006,2,0
7688,145.166,234.07,2,0
7689,396.595,239.367,2,0
7690,439.089,18.0808,2,0
7691,302.121,172.729,2,0
7692,568.307,61.7456,2,0
7693,587.957,77.3802,2,0
7694,426.363,24.9274,2,0
7695,190.715,167.047,2,0
7696,155.696,57.5651,2,0
7697,250.288,188.04,2,0
7698,32.1135,81.4852,2,0
7699,535.304,44.3674,2,0
7700,108.303,221.514,2,0
7701,576.653,178.995,2,0
7702,302.226,69.1425,2,0
7703,318.126,239.357,2,0
7704,398.349,126.297,2,0
7705,212.555,198.021,2,0
7706,248.645,75.3344,2,0
7707,514.328,45.2556,2,0
7708,486.494,117.658,2,0
7709,443.366,11.4188,2,0
7710,598.506,24.0987,2,0
7711,511.334,190.055,2,0
7712,595.092,140.024,2,0
7713,547.074,78.9075,2,0
7714,417.029,285.231,2,0
7715,457.205,208.976,2,0
7716,54.9568,298,2,0
7717,492.039,99.3,2,0
7718,124.222,183.056,2,0
7719,307.884,143.264,2,0
7720,391.07,192.682,2,0
7721,34.8549,192.947,2,0
7722,25.4922,174.157,2,0
7723,245.265,287.863,2,0
7724,29.7481,67.2403,2,0
7725,539.639,83.8676,2,0
7726,551.831,224.738,2,0
7727,73.2163,125.943,2,0
7728,24.1457,72.1757,2,0
7729,538.157,62.0537,2,0
7730,270.853,86.6313,2,0
7731,206.168,249.154,2,0
7732,442.615,294.859,2,0
7733,119.189,224.012,2,0
7734,150.689,27.4022,2,0
7735,8.18164,123.497,2,0
7736,261.709,200.736,2,0
7737,295.503,30.8756,2,0
7738,68.439,269.656,2,0
7739,563.674,50.9292,2,0
7740,212.783,21.7116,2,0
7741,255.567,254.574,2,0
7742,227.477,139.545,2,0
7743,294.268,281.98,2,0
7744,277.895,130.32,2,0
7745,238.693,23.1635,2,0
7746,300.506,19.2779,2,0
7747,35.6139,101.958,2,0
7748,463.678,273.147,2,0
7749,98.4444,242.987,2,0
7750,523.23,208.031,2,0
7751,486.114,204.212,2,0
7752,83.3448,293.366,2,0
7753,329.92,191.313,2,0
7754,545.785,159.38,2,0
7755,593.076,13.622,2,0
7756,88.5451,21.065,2,0
7757,547.039,149.181,2,0
7758,109.99,73.1511,2,0
7759,339.172,108.85,2,0
7760,154.239,149.924,2,0
7761,132.031,124.899,2,0
7762,170.035,133.083,2,0
7763,343.176,128.186,2,0
7764,39.3586,103.628,2,0
7765,461.795,2,2,0
7766,56.848,49.7889,2,0
7767,128.346,241.913,2,0
7768,201.636,98.8856,2,0
7769,41.3535,197.317,2,0
7770,214.399,146.978,2,0
7771,46.2994,78.7589,2,0
7772,155.951,202.37,2,0
7773,35.0377,274.266,2,0
7774,208.25,69.5859,2,0
7775,330.474,198.398,2,0
7776,104.687,140.41,2,0
7777,180.381,280.698,2,0
7778,254.377,151.625,2,0
7779,115.325,294.067,2,0
7780,191.248,142.298,2,0
7781,116.78,26.6614,2,0
7782,375.949,283.407,2,0
7783,253.835,94.0293,2,0
7784,394.057,103.954,2,0
7785,85.3669,140.541,2,0
7786,149.803,273.854,2,0
7787,47.2574,227.413,2,0
7788,275.367,137.918,2,0
7789,532.371,131.731,2,0
7790,109.094,39.5236,2,0
7791,88.9754,104.542,2,0
7792,471.595,255.163,2,0
7793,557.424,52.1161,2,0
7794,29.5752,173.878,2,0
7795,163.299,270.57,2,0
7796,40.8664,168.463,2,0
7797,512.198,2.70053,2,0
7798,309.549,298.516,2,0
7799,510.017,282.006,2,0
7800,544.095,155.689,2,0
7801,155.033,112.11,2,0
7802,29.0151,34.0632,2,0
7803,419.002,242.347,2,0
7804,554.496,113.001,2,0
7805,278.073,53.9709,2,0
7806,280.837,172.742,2,0
7807,252.905,257.725,2,0
7808,88.2852,122.072,2,0
7809,287.182,267.779,2,0
7810,291.416,79.2231,2,0
7811,62.1467,11.8872,2,0
7812,494.566,79.2181,2,0
7813,484.672,126.03,2,0
7814,537.004,191.822,2,0
7815,252.339,274.4,2,0
7816,315.687,92.85,2,0
7817,234.31,172.496,2,0
7818,513.588,34.0841,2,0
7819,79.9194,202.414,2,0
7820,548.34,69.0323,2,0
7821,478.685,160.24,2,0
7822,381.562,164.503,2,0
7823,519.928,83.2051,2,0
7824,383.067,233.24,2,0
7825,485.908,159.27,2,0
7826,41.2293,18.2052,2,0
7827,236.724,91.3642,2,0
7828,542.102,14.4487,2,0
7829,522.344,222.123,2,0
7830,92.7379,265.001,2,0
7831,438.147,72.1937,2,0
7832,320.343,288.962,2,0
7833,189.001,247.827,2,0
7834,51.14,178.962,2,0
7835,14.5448,212.407,2,0
7836,61.5394,32.0256,2,0
7837,586.863,234.223,2,0
7838,198.816,238.801,2,0
7839,222.146,225.822,2,0
7840,97.6694,148.261,2,0
7841,84.5314,94.0089,2,0
7842,105.843,2,2,0
7843,405.301,172.763,2,0
7844,336.566,7.06711,2,0
7845,5.51706,56.3812,2,0
7846,545.138,34.3788,2,0
7847,119.426,207.425,2,0
7848,1.55437,234.816,2,0
7849,252.682,76.1693,2,0
7850,239.202,3.81275,2,0
7851,510.148,148.797,2,0
7852,325.475,211.484,2,0
7853,425.739,71.9633,2,0
7854,253.05,60.8555,2,0
7855,114.758,7.6617,2,0
7856,183.345,211.84,2,0
7857,406.526,238.523,2,0
7858,10.7475,167.738,2,0
7859,491.003,130.978,2,0
7860,135.554,278.947,2,0
7861,103.405,5.18355,2,0
7862,87.9333,84.2629,2,0
7863,323.65,92.8886,2,0
7864,310.458,140.097,2,0
7865,219.557,253.892,2,0
7866,477.481,173.533,2,0
7867,515.077,107.787,2,0
7868,155.955,160.827,2,0
7869,48.1137,223.262,2,0
7870,534.346,173.761,2,0
7871,185.835,22.7002,2,0
7872,403.026,274.098,2,0
7873,354.975,247.905,2,0
7874,214.859,125.878,2,0
7875,595.32,238.731,2,0
7876,143.408,47.4368,2,0
7877,41.5978,141.306,2,0
