id,x,y,radius,is_spanning
0,108.284,5.47752,2,1
1,468.116,243.063,2,1
2,174.502,62.3177,2,1
3,66.371,122.78,2,1
4,453.48,111.223,2,1
5,398.079,257.443,2,1
6,110.269,136.495,2,1
7,433.281,55.6894,2,1
8,460.974,192.746,2,1
9,576.529,64.8717,2,1
10,47.4175,193.948,2,1
11,410.881,145.45,2,1
12,74.8935,96.5243,2,1
13,430.276,258.438,2,1
14,170.665,13.4293,2,1
15,166.322,158.936,2,1
16,289.917,203.664,2,1
17,134.788,187.884,2,1
18,507.068,215.002,2,1
19,100.999,294.227,2,1
20,105.604,196.916,2,1
21,59.3553,214.8,2,1
22,216.319,289.086,2,1
23,462.213,104.293,2,1
24,40.9147,26.0355,2,1
25,152.886,166.86,2,1
26,145.593,154.311,2,1
27,482.31,35.6859,2,1
28,47.0231,235.26,2,1
29,468.034,73.4564,2,1
30,241.717,47.9578,2,1
31,107.143,176.418,2,1
32,528.838,207.514,2,1
33,214.294,160.448,2,1
34,462.596,163.261,2,1
35,271.444,51.953,2,1
36,77.9821,173.587,2,1
37,262.556,123.393,2,1
38,464.677,71.2263,2,1
39,185.646,64.9569,2,1
40,219.313,298,2,1
41,582.082,282.972,2,1
42,342.537,239.378,2,1
43,82.8062,26.8368,2,1
44,470.683,82.7159,2,1
45,300.604,277.361,2,1
46,46.6429,231.088,2,1
47,262.94,10.7539,2,1
48,402.852,127.411,2,1
49,331.711,32.6679,2,1
50,317.546,50.708,2,1
51,258.719,9.69466,2,1
52,582.421,146.675,2,1
53,101.859,114.822,2,1
54,599.74,274.5,2,1
55,39.2679,71.8585,2,1
56,271.986,200.043,2,1
57,537.738,205.512,2,1
58,589.213,144.599,2,1
59,595.606,88.4416,2,1
60,172.355,21.096,2,1
61,177.633,16.2478,2,1
62,56.8047,154.947,2,1
63,247.384,87.4428,2,1
64,70.2045,220.022,2,1
65,590.429,148.548,2,1
66,94.456,81.9689,2,1
67,54.5222,175.025,2,1
68,348.402,39.8714,2,1
69,425.812,2,2,1
70,307.794,123.522,2,1
71,583.367,24.8431,2,1
72,542.957,65.5181,2,1
73,479.816,271.825,2,1
74,261.422,132.407,2,1
75,511.846,11.8924,2,1
76,312.415,148.232,2,1
77,39.6054,124.391,2,1
78,166.352,83.6495,2,1
79,248.009,17.4866,2,1
80,317.644,212.578,2,1
81,368.095,231.503,2,1
82,41.3009,261.208,2,1
83,39.0616,40.5029,2,1
84,556.679,87.4218,2,1
85,458.025,169.747,2,1
86,438.578,41.6503,2,1
87,518.141,191.378,2,1
88,575.764,48.1162,2,1
89,412.256,256.134,2,1
90,580.901,54.1881,2,1
91,513.453,248.216,2,1
92,50.4752,260.519,2,1
93,566.217,279.252,2,1
94,479.946,32.2909,2,1
95,467.995,79.6851,2,1
96,312.139,69.4672,2,1
97,446.286,294.352,2,1
98,331.407,123.465,2,1
99,141.922,161.496,2,1
100,15.3717,290.921,2,1
101,399.087,271.378,2,1
102,141.038,193.702,2,1
103,538.544,113.806,2,1
104,143.942,16.5834,2,1
105,168.254,39.9772,2,1
106,18.171,86.1958,2,1
107,304.217,174.603,2,1
108,252.406,45.842,2,1
109,3.06061,127.287,2,1
110,185.217,156.615,2,1
111,517.158,226.424,2,1
112,370.33,234.83,2,1
113,364.641,13.8031,2,1
114,90.5548,267.58,2,1
115,581.02,208.653,2,1
116,548.905,89.8637,2,1
117,598.81,105.133,2,1
118,560.101,89.5559,2,1
119,526.254,265.578,2,1
120,303.24,143.258,2,1
121,81.3721,198.323,2,1
122,208.668,286.65,2,1
123,405.443,77.8426,2,0
124,52.9559,209.825,2,1
125,226.717,178.792,2,1
126,168.164,238.529,2,1
127,475.171,230.502,2,1
128,564.358,202.536,2,1
129,139.874,16.5494,2,1
130,330.082,50.6319,2,1
131,324.175,39.8463,2,1
132,426.637,158.331,2,1
133,140.813,65.6263,2,1
134,51.1856,106.21,2,1
135,435.613,111.208,2,1
136,322.73,171.007,2,1
137,282.195,108.255,2,1
138,456.801,123.777,2,1
139,591.121,116.696,2,1
140,437.041,179.324,2,1
141,402.491,112.445,2,1
142,172.192,26.5554,2,1
143,396.843,90.0114,2,1
144,478.448,228.172,2,1
145,107.753,139.692,2,1
146,508.361,277.952,2,1
147,299.442,288.724,2,1
148,257.007,298,2,1
149,281.519,48.1099,2,1
150,159.634,98.1975,2,1
151,322.516,242.899,2,1
152,290.523,124.515,2,1
153,186.903,212.042,2,1
154,586.201,2,2,1
155,240.876,254.382,2,1
156,455.141,176.789,2,1
157,389.15,243.675,2,1
158,566.769,283.223,2,1
159,299.357,15.0031,2,1
160,204.098,176.774,2,1
161,186.095,42.391,2,1
162,563.918,18.2349,2,1
163,76.6786,259.242,2,1
164,332.86,25.2966,2,1
165,547.765,128.592,2,1
166,536.561,228.112,2,1
167,364.173,121.804,2,1
168,254.957,110.76,2,1
169,315.405,2,2,1
170,309.036,274.437,2,1
171,475.63,122.699,2,1
172,407.54,181.832,2,1
173,151.682,132.379,2,1
174,311.178,144.184,2,1
175,3.42498,5.92492,2,1
176,337.983,81.0322,2,1
177,464.444,298,2,1
178,271.835,188.49,2,1
179,362.968,294.177,2,1
180,557.867,179.499,2,1
181,380.496,46.4673,2,1
182,490.99,270.939,2,1
183,292.74,247.43,2,1
184,39.8017,29.9758,2,1
185,414.238,154.253,2,1
186,340.859,278.517,2,1
187,398.772,44.6011,2,1
188,499.931,193.641,2,1
189,439.72,142.31,2,1
190,377.107,184.574,2,1
191,587.39,214.153,2,1
192,25.1813,107.067,2,1
193,201.386,79.0268,2,0
194,271.134,237.17,2,1
195,58.6014,252.85,2,1
196,528.825,236.213,2,1
197,162.457,90.8208,2,1
198,6.93091,283.268,2,1
199,321.317,228.564,2,1
200,583.192,61.8209,2,1
201,584.911,228.409,2,1
202,383.183,9.75734,2,1
203,441.771,126.144,2,1
204,364.145,199.385,2,1
205,535.542,126.628,2,1
206,59.4074,208.699,2,1
207,380.062,141.452,2,1
208,94.757,298,2,1
209,178.575,39.2102,2,1
210,366.172,236.251,2,1
211,14.6487,9.01444,2,1
212,455.037,72.0865,2,1
213,513.68,219.681,2,1
214,478.461,259.277,2,1
215,233.956,239.508,2,1
216,211.879,141.722,2,1
217,511.521,17.3179,2,1
218,438.142,201.294,2,1
219,6.48204,214.186,2,1
220,210.181,115.07,2,1
221,64.1628,56.1033,2,1
222,7.71896,128.467,2,1
223,316.121,109.867,2,1
224,90.1066,51.9446,2,1
225,419.697,273.492,2,1
226,390.741,145.383,2,1
227,210.512,133.931,2,1
228,424.844,169.878,2,1
229,519.857,210.398,2,1
230,326.272,178.576,2,1
231,449.421,9.36623,2,1
232,562.286,228.89,2,1
233,329.877,250.4,2,1
234,306.048,207.286,2,1
235,324.5,224.448,2,1
236,581.166,223.23,2,1
237,239.165,51.1087,2,1
238,580.67,89.6044,2,1
239,474.299,209.078,2,1
240,506.852,73.101,2,1
241,524.463,171.347,2,1
242,475.892,66.5938,2,1
243,466.377,9.40601,2,1
244,534.26,130.522,2,1
245,64.1048,167.655,2,1
246,568.1,252.853,2,1
247,469.157,149.138,2,1
248,441.657,108.922,2,1
249,586.046,240.799,2,1
250,215.439,204.235,2,1
251,471.547,17.9465,2,1
252,167.715,294.011,2,1
253,275.298,53.1846,2,1
254,398.995,225.205,2,1
255,190.427,197.763,2,1
256,371.651,19.8426,2,1
257,483.37,82.7905,2,0
258,160.999,206.3,2,1
259,358.472,157.905,2,1
260,264.829,283.85,2,1
261,430.138,129.463,2,1
262,194.918,82.277,2,1
263,508.206,6.29825,2,1
264,190.535,259.124,2,1
265,2.23264,9.8949,2,1
266,443.489,90.7911,2,1
267,529.26,76.7284,2,1
268,82.4439,276.188,2,1
269,583.977,183.801,2,1
270,181.184,274.834,2,1
271,96.8729,294.431,2,1
272,129.518,70.9049,2,1
273,514.345,169.266,2,1
274,496.596,142.694,2,1
275,128.959,226.323,2,1
276,91.0488,143.158,2,1
277,483.117,117.271,2,1
278,482.602,95.0059,2,1
279,549.55,155.859,2,1
280,122.076,100.808,2,1
281,88.3898,37.6809,2,1
282,152.589,180.468,2,1
283,175.73,227.654,2,1
284,468.773,168.372,2,1
285,224.01,268.458,2,1
286,349.452,254.522,2,1
287,584.337,162.761,2,1
288,556.36,109.989,2,1
289,342.442,188.118,2,1
290,191.966,145.217,2,1
291,293.97,154.179,2,1
292,172.154,79.7208,2,1
293,106.878,165.491,2,1
294,431.821,230.956,2,1
295,378.456,28.3407,2,1
296,470.114,49.3072,2,1
297,276.15,293.536,2,1
298,528.529,219.027,2,1
299,396.033,47.6824,2,1
300,579.98,234.823,2,1
301,581.408,12.7348,2,1
302,569.236,256.795,2,1
303,437.773,99.8363,2,1
304,253.771,41.83,2,1
305,17.8442,25.9186,2,1
306,561.24,167.744,2,1
307,482.906,181.924,2,1
308,158.387,10.8406,2,1
309,477.887,88.46,2,1
310,74.8577,113.555,2,1
311,554.036,213.432,2,1
312,215.091,134.751,2,1
313,544.274,60.4832,2,1
314,61.5685,66.517,2,1
315,170.58,181.98,2,1
316,264.812,256.297,2,1
317,115.823,101.676,2,1
318,550.728,27.4302,2,1
319,314.479,80.0891,2,1
320,332.674,13.0021,2,1
321,313.445,227.996,2,1
322,289.342,193.956,2,1
323,159.591,289.12,2,1
324,114.444,266.265,2,1
325,318.298,85.1056,2,1
326,406.416,68.3571,2,1
327,88.8146,189.961,2,1
328,163.999,254.027,2,1
329,594.397,221.327,2,1
330,531.503,64.4713,2,1
331,281.318,244.232,2,1
332,239.529,36.27,2,1
333,360.758,178.437,2,1
334,249.619,28.5034,2,1
335,172.424,105.698,2,1
336,375.645,239.415,2,1
337,69.5364,34.8647,2,1
338,362.65,227.89,2,1
339,369.349,256.312,2,1
340,595.853,225.221,2,1
341,265.86,245.952,2,1
342,369.274,115.554,2,1
343,491.32,55.1804,2,1
344,128.811,264.631,2,1
345,405.845,270.678,2,1
346,137.327,175.017,2,1
347,346.473,188.608,2,1
348,286.751,230.182,2,1
349,538.104,136.58,2,1
350,329.174,181.349,2,1
351,451.109,72.9016,2,1
352,431.731,289.097,2,1
353,532.968,160.121,2,1
354,253.323,131.301,2,1
355,224.192,253.278,2,1
356,326.706,204.525,2,1
357,559.934,261.158,2,1
358,16.1275,267.231,2,1
359,90.3624,220.725,2,1
360,559.055,47.9515,2,1
361,9.17925,38.0079,2,1
362,42.9134,235.309,2,1
363,387.767,142.39,2,1
364,598.437,167.294,2,1
365,561.804,21.7103,2,1
366,435.441,282.15,2,1
367,102.245,2,2,1
368,490.658,28.0237,2,1
369,312.123,199.883,2,1
370,51.0827,46.1173,2,1
371,555.861,123.272,2,1
372,517.885,79.29,2,1
373,53.8063,185.442,2,1
374,489.058,51.6755,2,1
375,383.864,293.888,2,1
376,384.067,251.837,2,1
377,58.6981,103.341,2,1
378,258.556,286.283,2,1
379,62.0644,40.7633,2,1
380,349.13,63.5671,2,1
381,552.481,108.668,2,1
382,324.282,95.9609,2,1
383,18.1989,122.749,2,1
384,429.52,276.536,2,1
385,9.15849,42.1426,2,1
386,489.819,204.873,2,1
387,193.808,29.4567,2,1
388,117.595,21.1561,2,1
389,524.309,70.8334,2,1
390,314.593,203.152,2,1
391,372.193,65.3177,2,1
392,20.2805,254.784,2,1
393,56.0214,249.707,2,1
394,326.394,248.364,2,1
395,95.6431,197.791,2,1
396,412.061,74.0818,2,1
397,379.359,221.406,2,1
398,475.112,280.022,2,1
399,499.092,57.124,2,1
400,420.94,66.5603,2,1
401,512.4,298,2,1
402,586.588,83.8026,2,1
403,446.851,161.913,2,1
404,77.9437,151.492,2,1
405,372.306,174.586,2,1
406,544.948,136.307,2,1
407,484.829,98.4383,2,1
408,492.264,244.766,2,1
409,152.118,231.769,2,1
410,435.799,290.054,2,1
411,150.429,189.378,2,1
412,395.714,83.6316,2,1
413,27.9531,220.81,2,1
414,255.143,219.765,2,1
415,321.101,284.518,2,1
416,5.0539,266.678,2,1
417,359.63,122.516,2,1
418,263.964,24.5016,2,1
419,263.34,59.5455,2,1
420,455.067,45.3223,2,1
421,195.042,228.652,2,1
422,148.47,23.2451,2,1
423,428.243,215.384,2,1
424,313.191,211.969,2,1
425,507.574,224.55,2,1
426,150.732,73.4898,2,1
427,90.3696,211.013,2,1
428,331.346,246.675,2,1
429,254.967,197.23,2,1
430,124.75,172.154,2,1
431,88.8506,167.024,2,1
432,47.8794,5.9348,2,1
433,301.277,118.823,2,1
434,583.558,200.234,2,1
435,247.656,168.183,2,1
436,544.188,184.362,2,1
437,167.778,155.122,2,1
438,497.695,245.844,2,1
439,270.652,18.9861,2,1
440,87.8333,46.3532,2,1
441,23.0019,66.0331,2,1
442,266.047,98.0966,2,1
443,152.927,221.714,2,1
444,91.2794,238.723,2,1
445,238.948,67.2418,2,1
446,294.249,121.254,2,1
447,267.442,21.8769,2,1
448,154.405,255.124,2,1
449,173.938,51.3399,2,1
450,563.684,259.678,2,1
451,65.8824,258.412,2,1
452,270.901,135.187,2,1
453,182.444,278.713,2,1
454,211.18,211.299,2,1
455,117.641,170.622,2,1
456,151.385,290.627,2,1
457,429.271,108.477,2,1
458,353.785,148.202,2,1
459,212.282,187.556,2,1
460,6.1671,152.827,2,1
461,47.4511,163.626,2,1
462,415.604,195.857,2,1
463,151.553,54.1927,2,1
464,24.3148,237.914,2,1
465,545.664,2,2,1
466,347.475,138.218,2,1
467,511.476,54.3222,2,1
468,148.439,221.295,2,1
469,204.063,5.52958,2,1
470,75.7414,5.51529,2,1
471,585.804,69.6549,2,1
472,292.432,238.669,2,1
473,398.845,157.86,2,1
474,283.698,298,2,1
475,104.803,81.5174,2,1
476,73.6222,49.543,2,1
477,498.267,156.458,2,1
478,346.639,43.4829,2,1
479,294.009,228.033,2,1
480,598.925,22.0535,2,1
481,48.1436,293.431,2,1
482,496.546,255.568,2,1
483,162.683,298,2,1
484,125.275,89.1297,2,1
485,92.1762,121.954,2,1
486,452.832,131.098,2,1
487,166.562,219.994,2,1
488,139.875,181.961,2,1
489,197.316,23.6688,2,1
490,559.542,9.62815,2,1
491,323.332,77.8973,2,1
492,550.892,96.5406,2,1
493,54.3614,253.533,2,1
494,431.969,184.415,2,1
495,42.5154,231.313,2,1
496,262.304,253.073,2,1
497,235.168,51.9067,2,1
498,506.505,242.436,2,1
499,449.11,235.017,2,1
500,501.106,23.6619,2,1
501,412.261,32.1456,2,1
502,402.738,239.938,2,1
503,17.7849,236.815,2,1
504,453.629,96.8757,2,1
505,201.436,233.546,2,1
506,140.743,177.366,2,1
507,90.5339,26.9103,2,1
508,461.353,266.559,2,1
509,123.333,187.46,2,1
510,64.289,205.526,2,1
511,588.068,277.023,2,1
512,464.569,290.923,2,1
513,42.5069,132.737,2,1
514,510.942,179.743,2,1
515,32.0156,131.916,2,1
516,291.55,287.018,2,1
517,281.146,13.4383,2,1
518,20.8623,277.132,2,1
519,260.987,152.956,2,1
520,131.246,48.5223,2,1
521,353.382,255.727,2,1
522,215.917,142.21,2,1
523,243.92,17.1953,2,1
524,111.906,174.651,2,1
525,33.4286,274.406,2,1
526,179.47,2,2,1
527,214.977,75.2673,2,1
528,578.739,177.27,2,1
529,30.9417,216.402,2,1
530,341.918,274.619,2,1
531,155.647,155.692,2,1
532,313.828,164.296,2,1
533,582.713,82.1724,2,1
534,561.069,208.63,2,1
535,596.565,294.268,2,1
536,224.133,246.051,2,1
537,92.1314,161.437,2,1
538,513.927,80.1225,2,1
539,528.048,211.466,2,1
540,30.4507,84.3341,2,1
541,13.1308,44.068,2,1
542,316.035,89.1012,2,1
543,19.3875,67.9037,2,1
544,474.37,2,2,1
545,453.761,80.1015,2,1
546,219.464,286.613,2,1
547,563.793,29.5915,2,1
548,448.185,274.072,2,1
549,267.645,108.981,2,1
550,227.933,188.168,2,1
551,18.2714,104.361,2,1
552,36.6229,55.4988,2,1
553,167.774,290.007,2,1
554,116.237,246.02,2,1
555,16.9189,45.5034,2,1
556,245.601,164.681,2,1
557,303.704,170.592,2,1
558,102.425,18.6828,2,1
559,546.699,28.2053,2,1
560,507.057,180.73,2,1
561,22.6616,251.391,2,1
562,168.188,25.8838,2,1
563,515.664,111.618,2,1
564,510.536,242.211,2,1
565,141.136,206.323,2,1
566,90.3351,94.8657,2,1
567,337.463,157.634,2,1
568,201.7,198.877,2,1
569,541.076,275.35,2,1
570,472.1,72.7899,2,1
571,2.45135,148.013,2,1
572,155.139,80.6658,2,1
573,222.33,74.5834,2,1
574,277.308,161.691,2,1
575,131.249,85.1626,2,1
576,278.123,288.37,2,1
577,195.451,58.6585,2,1
578,355.539,50.1322,2,1
579,331.25,76.2239,2,1
580,421.94,122.651,2,1
581,222.132,162.286,2,1
582,35.4377,195.923,2,1
583,376.974,89.8694,2,1
584,481.281,22.5316,2,1
585,429.064,104.392,2,1
586,6.86376,290.831,2,1
587,391.226,160.884,2,1
588,320.722,139.067,2,1
589,77.579,155.493,2,1
590,392.247,286.392,2,1
591,569.342,70.5597,2,1
592,331.033,287.6,2,1
593,454.834,41.2743,2,1
594,571.259,273.526,2,1
595,215.6,119.638,2,1
596,377.231,133.85,2,1
597,239.563,227.241,2,1
598,516.229,245.265,2,1
599,497.211,186.02,2,1
600,4.58819,199.952,2,1
601,454.612,127.136,2,1
602,135.062,46.8108,2,1
603,61.124,170.34,2,1
604,29.2699,274.549,2,1
605,419.381,96.9612,2,1
606,171.954,204.829,2,1
607,190.926,167.145,2,1
608,343.478,11.3479,2,1
609,481.961,230.371,2,1
610,436.655,139.738,2,1
611,569.631,166.917,2,1
612,235.078,31.3306,2,1
613,377.385,281.52,2,1
614,393.398,97.2374,2,1
615,541.452,181.362,2,1
616,187.756,125.345,2,1
617,349.15,103.095,2,1
618,456.958,219.134,2,1
619,507.964,257.936,2,1
620,413.549,221.018,2,1
621,555.656,75.5051,2,1
622,50.3641,34.016,2,1
623,291.578,199.987,2,1
624,395.69,141.553,2,1
625,427.647,272.263,2,1
626,410.962,290.811,2,1
627,294.885,74.5071,2,1
628,551.797,104.665,2,1
629,358.494,227.516,2,1
630,58.0141,40.9081,2,1
631,369.666,2,2,1
632,4.17579,229.11,2,1
633,74.8633,162.617,2,1
634,432.841,102.885,2,1
635,191.021,298,2,1
636,507.366,249.592,2,1
637,36.6202,51.4391,2,1
638,255.369,215.755,2,1
639,257.528,73.3949,2,1
640,327.562,105.895,2,1
641,351.486,51.0702,2,1
642,495.187,108.199,2,1
643,359.431,279.028,2,1
644,222.671,33.4915,2,1
645,382.531,92.89,2,1
646,345.583,94.473,2,1
647,281.594,269.271,2,1
648,383.249,39.6862,2,1
649,76.2046,19.7964,2,1
650,9.45313,46.1763,2,1
651,226.448,128.485,2,1
652,520.094,7.00484,2,1
653,418.656,238.082,2,1
654,387.65,45.1152,2,1
655,162.441,274.761,2,1
656,399.881,4.80723,2,1
657,1.22267,174.993,2,1
658,135.4,255.871,2,1
659,102.832,59.7619,2,1
660,263.87,79.0707,2,1
661,355.415,101.06,2,1
662,158.61,38.7284,2,1
663,370.303,27.8935,2,1
664,335.979,84.5885,2,1
665,30.1338,231.366,2,1
666,448.885,281.811,2,1
667,31.2701,148.866,2,1
668,511.714,113.308,2,1
669,437.922,131.69,2,1
670,6.69835,120.721,2,1
671,139.54,215.851,2,1
672,142.685,279.43,2,1
673,436.383,270.774,2,1
674,13.293,245.21,2,1
675,576.049,233.589,2,1
676,210.946,158.157,2,1
677,71.6074,238.309,2,1
678,10.4894,177.717,2,1
679,462.599,143.754,2,1
680,523.966,5.78635,2,1
681,468.97,234.999,2,1
682,362.911,86.2376,2,1
683,523.163,276.553,2,1
684,342.508,173.895,2,1
685,90.5933,22.7064,2,1
686,254.572,286.984,2,1
687,415.95,149.619,2,1
688,28.0712,205.021,2,1
689,66.6005,284.78,2,1
690,531.353,167.349,2,1
691,563.019,36.3972,2,1
692,377.94,210.494,2,1
693,391.454,224.735,2,1
694,150.353,38.0638,2,1
695,567.436,199.95,2,1
696,396.921,102.662,2,1
697,562.959,5.993,2,1
698,117.898,131.533,2,1
699,459.864,121.055,2,1
700,449.461,219.082,2,1
701,327.522,289.652,2,1
702,408.681,277.933,2,1
703,121.566,4.60267,2,1
704,451.537,188.565,2,1
705,165.859,50.0872,2,1
706,507.959,184.648,2,1
707,43.3985,194.36,2,1
708,226.135,106.09,2,1
709,588.87,53.4528,2,1
710,332.169,54.1823,2,1
711,211.752,51.9643,2,1
712,478.315,174.772,2,1
713,296.954,52.4598,2,1
714,234.56,180.669,2,1
715,196.372,293.969,2,1
716,428.758,233.93,2,1
717,31.6683,194.284,2,1
718,503.647,259.548,2,1
719,10.4925,9.40355,2,1
720,449.991,145.729,2,1
721,396.931,261.33,2,1
722,295.465,107.757,2,1
723,143.517,131.628,2,1
724,326.331,57.8036,2,1
725,332.134,83.2595,2,1
726,511.647,21.3428,2,1
727,185.068,273.479,2,1
728,567.265,266.139,2,1
729,495.782,42.0379,2,1
730,399.215,248.871,2,1
731,83.677,17.9916,2,1
732,538.943,84.8727,2,1
733,127.342,107.081,2,1
734,218.194,249.884,2,1
735,490.27,120.123,2,1
736,200.061,247.457,2,1
737,113.276,79.4131,2,1
738,445.204,9.56549,2,1
739,329.298,23.2493,2,1
740,133.446,91.8728,2,1
741,529.69,226.166,2,1
742,263.966,47.926,2,1
743,575.7,29.8542,2,1
744,168.616,116.215,2,1
745,30.3749,60.7431,2,1
746,370.215,57.2299,2,1
747,18.9865,133.581,2,1
748,247.979,145.026,2,1
749,435.519,175.558,2,1
750,50.1628,95.9452,2,1
751,363.178,191.868,2,1
752,525.123,20.6981,2,1
753,503.898,238.723,2,1
754,110.018,10.6586,2,1
755,430.04,190.89,2,1
756,593.477,113.285,2,1
757,530.886,123.366,2,1
758,47.536,52.0762,2,1
759,171.292,242.928,2,1
760,338.978,217.316,2,1
761,304.462,110.455,2,1
762,1.82879,83.2216,2,1
763,575.724,105.031,2,1
764,289.894,211.738,2,1
765,382.225,263.108,2,1
766,598.483,177.972,2,1
767,13.8789,20.9693,2,1
768,507.437,228.685,2,1
769,53.8457,9.45031,2,1
770,341.57,169.175,2,1
771,137.335,58.1303,2,1
772,414.457,28.7708,2,1
773,550.553,53.6875,2,1
774,162.273,113.379,2,1
775,518.137,167.633,2,1
776,76.0287,67.8767,2,1
777,245.704,67.4298,2,1
778,192.867,243.907,2,1
779,373.509,104.317,2,1
780,464.291,5.91018,2,1
781,342.113,125.292,2,1
782,594.141,46.1739,2,1
783,346.128,150.165,2,1
784,236.752,104.087,2,1
785,262.543,82.9148,2,1
786,57.6637,53.16,2,1
787,50.1985,197.223,2,1
788,126.646,175.819,2,1
789,352.185,60.9377,2,1
790,270.348,288.778,2,1
791,137.5,147.013,2,1
792,323.16,24.4048,2,1
793,575.044,284.689,2,1
794,60.2664,204.723,2,1
795,173.103,5.66487,2,1
796,515.521,278.622,2,1
797,408.601,81.2294,2,1
798,160.203,123.284,2,1
799,587.418,75.9519,2,1
800,95.9854,193.775,2,1
801,381.313,4.25406,2,1
802,274.523,207.478,2,1
803,105.466,220.285,2,1
804,181.514,214.593,2,1
805,523.544,45.6444,2,1
806,227.034,71.9881,2,1
807,78.4338,94.6151,2,1
808,470.444,118.976,2,1
809,557.778,20.7105,2,1
810,589.901,35.3989,2,1
811,389.893,120.882,2,1
812,115.396,109.73,2,1
813,382.55,123.93,2,1
814,2.34516,179.154,2,1
815,407.814,64.5542,2,1
816,273.36,56.6995,2,1
817,572.165,46.3509,2,1
818,417.348,169.898,2,1
819,537.144,119.027,2,1
820,42.1787,298,2,1
821,166.515,61.0097,2,1
822,526.033,273.694,2,1
823,514.745,2,2,1
824,479.312,267.519,2,1
825,527.141,97.4017,2,1
826,385.128,266.006,2,1
827,453.247,103.913,2,1
828,40.3321,202.363,2,1
829,383.58,205.696,2,1
830,100.433,162.767,2,1
831,298.356,21.6758,2,1
832,459.723,246.918,2,1
833,115.287,71.5925,2,1
834,323.498,123.333,2,1
835,54.343,34.6214,2,1
836,541.009,283.509,2,1
837,133.097,112.879,2,1
838,382.206,35.3626,2,1
839,438.01,127.612,2,1
840,237.826,270.015,2,1
841,418.796,37.1484,2,1
842,431.151,293.09,2,1
843,579.804,184.529,2,1
844,30.7333,208.283,2,1
845,303.965,35.4311,2,1
846,254.158,84.8164,2,1
847,429.462,121.432,2,1
848,390.08,58.7331,2,1
849,157.816,131.036,2,1
850,13.3139,119.925,2,1
851,332.707,17.1046,2,1
852,491.51,162.222,2,1
853,107.29,32.2782,2,1
854,5.69461,257.928,2,1
855,49.4991,253.067,2,1
856,468.305,238.98,2,1
857,88.5106,57.9593,2,1
858,369.415,186.942,2,1
859,63.6972,159.129,2,1
860,67.6681,89.1396,2,1
861,561.64,249.05,2,1
862,513.752,75.9828,2,1
863,292.388,128.875,2,1
864,308.229,112.045,2,1
865,555.699,149.921,2,1
866,66.8774,254.497,2,1
867,365.975,270.709,2,1
868,350.303,36.3328,2,1
869,298.522,137.825,2,1
870,366.308,4.3351,2,1
871,321.784,267.443,2,1
872,563.663,239.24,2,1
873,43.1531,205.394,2,1
874,77.3193,75.8398,2,1
875,447.458,139.375,2,1
876,555.593,105.948,2,1
877,43.0249,41.5542,2,1
878,593.617,130.994,2,1
879,120.881,53.9129,2,1
880,169.452,189.46,2,1
881,551.542,238.528,2,1
882,411.175,173.246,2,1
883,473.046,129.062,2,1
884,336.133,164.436,2,1
885,488.771,217.066,2,1
886,327.771,2,2,1
887,244.75,266.389,2,1
888,288.983,189.891,2,1
889,302.834,298,2,1
890,191.684,60.1328,2,1
891,403.233,20.7784,2,1
892,265.796,55.5565,2,1
893,504.428,138.557,2,1
894,372.434,199.316,2,1
895,314.448,247.491,2,1
896,510.123,88.3301,2,0
897,200.984,268.948,2,1
898,490.453,135.638,2,1
899,98.1614,61.988,2,1
900,211.21,298,2,1
901,388.705,69.3384,2,1
902,262.938,174.121,2,1
903,162.987,2,2,1
904,341.353,254.381,2,1
905,182.159,5.15507,2,1
906,78.5132,33.9734,2,1
907,467.962,180.284,2,1
908,586.8,288.308,2,1
909,206.542,29.194,2,1
910,258.343,194.83,2,1
911,92.3263,192.136,2,1
912,180.376,285.98,2,1
913,325.709,50.483,2,1
914,96.639,240.145,2,1
915,387.447,204.393,2,1
916,125.071,93.2271,2,1
917,68.9641,74.4958,2,1
918,466.709,217.367,2,1
919,583.613,150.691,2,1
920,14.6386,214.058,2,1
921,226.031,59.9028,2,1
922,90.7428,291.038,2,1
923,143.18,184.396,2,1
924,545.662,199.219,2,1
925,552.953,242.551,2,1
926,350.758,195.491,2,1
927,408.277,257.142,2,1
928,518.552,230.323,2,1
929,265.832,184.781,2,1
930,475.883,166.858,2,1
931,567.366,5.74384,2,1
932,380.799,258.687,2,1
933,289.491,148.55,2,1
934,368.557,263.173,2,1
935,466.091,146.537,2,1
936,350.605,95.2423,2,1
937,583.193,76.8754,2,1
938,398.189,265.205,2,1
939,83.373,263.181,2,1
940,515.449,211.721,2,1
941,263.049,179.009,2,1
942,96.0058,104.955,2,1
943,204.441,115.451,2,1
944,91.8072,55.6696,2,1
945,532.863,298,2,1
946,59.8916,28.3454,2,1
947,178.418,278.159,2,1
948,196.022,145.525,2,1
949,372.584,153.374,2,1
950,233.146,125.576,2,1
951,430.876,45.4625,2,1
952,24.4952,187.957,2,1
953,483.414,148.423,2,1
954,590.273,73.0633,2,1
955,462.523,294.408,2,1
956,294.557,125.452,2,1
957,570.043,102.31,2,1
958,204.388,279.164,2,1
959,147.642,131.53,2,1
960,95.121,136.136,2,1
961,308.39,257.988,2,1
962,298.761,96.8968,2,1
963,572.479,183.364,2,1
964,579.157,85.8833,2,1
965,456.253,249.087,2,1
966,119.741,45.9845,2,1
967,347.445,4.31954,2,1
968,478.715,19.3835,2,1
969,427.509,89.7842,2,1
970,561.616,57.0828,2,1
971,133.404,196.183,2,1
972,326.545,87.4593,2,1
973,358.034,271.724,2,1
974,347.685,98.1148,2,1
975,272.701,6.90902,2,1
976,515.281,71.8733,2,1
977,402.556,167.457,2,1
978,144.996,2,2,1
979,275.102,44.0059,2,1
980,121.626,169.582,2,1
981,595.054,159.913,2,1
982,473.696,283.858,2,1
983,500.556,207.93,2,1
984,108.327,79.4761,2,1
985,104.845,41.1758,2,1
986,441.103,134.194,2,1
987,76.1556,85.8923,2,1
988,206.221,282.855,2,1
989,221.65,224.966,2,1
990,481.594,137.447,2,1
991,355.166,43.8635,2,1
992,555.623,127.304,2,1
993,352.791,201.293,2,1
994,217.97,242.63,2,1
995,302.598,81.5328,2,1
996,67.7509,193.911,2,1
997,382.208,66.2237,2,1
998,289.936,269.865,2,1
999,429.681,282.462,2,1
1000,30.045,5.99444,2,1
1001,338.077,5.56635,2,1
1002,8.55488,73.7103,2,1
1003,125.896,138.824,2,1
1004,157.14,77.1811,2,1
1005,590.981,160.537,2,1
1006,67.8047,265.32,2,1
1007,30.112,73.4475,2,1
1008,199.344,83.7839,2,1
1009,458.775,142.461,2,1
1010,411.981,138.137,2,1
1011,260.852,213.816,2,1
1012,362.211,195.779,2,1
1013,516.628,153.177,2,1
1014,454.153,134.902,2,1
1015,473.456,173.867,2,1
1016,481.372,251.468,2,1
1017,270.019,192.27,2,1
1018,98.5122,187.044,2,1
1019,342.116,144.386,2,1
1020,307.126,61.1057,2,1
1021,78.1096,133.941,2,1
1022,16.3019,255.543,2,1
1023,436.872,197.36,2,1
1024,182.443,205.382,2,1
1025,33.0333,57.5895,2,1
1026,318.042,189.363,2,1
1027,436.198,206.246,2,1
1028,202.709,135.244,2,1
1029,565.203,255.919,2,1
1030,491.53,180.95,2,1
1031,234.037,221.371,2,1
1032,521.224,147.969,2,1
1033,464.938,150.897,2,1
1034,446.81,74.0853,2,1
1035,97.9318,54.0731,2,1
1036,234.168,39.1741,2,1
1037,579.285,113.795,2,1
1038,199.297,60.2595,2,1
1039,319.426,158.934,2,1
1040,515.524,55.1707,2,1
1041,432.596,60.1518,2,1
1042,582.969,158.851,2,1
1043,236.076,100.029,2,1
1044,482.649,75.1092,2,1
1045,497.856,111.19,2,1
1046,164.701,5.65217,2,1
1047,146.253,37.7838,2,1
1048,318.769,202.743,2,1
1049,524.335,56.045,2,1
1050,264.284,190.668,2,1
1051,310.114,188.766,2,1
1052,440.878,104.908,2,1
1053,457.349,29.154,2,1
1054,18.894,143.083,2,1
1055,445.308,110.663,2,1
1056,293.622,177.897,2,1
1057,95.6767,91.1046,2,1
1058,162.588,220.998,2,1
1059,373.412,50.8209,2,1
1060,406.91,2,2,1
1061,30.6133,235.43,2,1
1062,540.53,10.4837,2,1
1063,372.664,42.6649,2,1
1064,306.519,87.2864,2,1
1065,372.926,83.1613,2,1
1066,589.199,58.0451,2,1
1067,212.527,168.304,2,1
1068,121.657,115.719,2,1
1069,163.669,98.4144,2,1
1070,452.239,225.667,2,1
1071,144.632,67.0408,2,1
1072,488.086,90.2039,2,0
1073,119.021,284.317,2,1
1074,588.607,199.504,2,1
1075,221.074,198.436,2,1
1076,121.822,124.365,2,1
1077,238.259,71.3328,2,1
1078,355.841,70.1824,2,1
1079,423.218,79.7213,2,1
1080,401.386,212.768,2,1
1081,227.127,278.858,2,1
1082,76.9312,169.718,2,1
1083,474.14,49.0305,2,1
1084,62.7308,192.921,2,1
1085,415.993,73.0315,2,1
1086,313.413,184.327,2,1
1087,145.066,205.206,2,1
1088,469.744,131.546,2,1
1089,239.312,215.807,2,1
1090,331.834,2,2,1
1091,453.399,168.442,2,1
1092,301.795,153.992,2,1
1093,267.285,31.5119,2,1
1094,118.462,155.13,2,1
1095,129.89,124.312,2,1
1096,292.734,191.767,2,1
1097,321.403,220.679,2,1
1098,296.466,128.984,2,1
1099,163.07,126.262,2,1
1100,523.017,294.081,2,1
1101,218.739,21.7985,2,1
1102,176.456,165.925,2,1
1103,113.174,197.639,2,1
1104,170.372,277.063,2,1
1105,517.471,39.5514,2,1
1106,92.0071,147.21,2,1
1107,368.976,217.388,2,1
1108,262.073,164.488,2,1
1109,574.5,198.327,2,1
1110,535.243,191.61,2,1
1111,268.353,101.863,2,1
1112,388.175,103.477,2,1
1113,302.603,77.4261,2,1
1114,155.388,271.124,2,1
1115,143.868,41.0005,2,1
1116,116.406,43.4943,2,1
1117,440.418,288.924,2,1
1118,457.838,96.3697,2,1
1119,258.473,268.765,2,1
1120,271.422,233.136,2,1
1121,458.599,287.339,2,1
1122,54.3145,116.579,2,1
1123,72.7187,184.189,2,1
1124,472.039,180.017,2,1
1125,542.648,51.9192,2,1
1126,292.888,33.4299,2,1
1127,464.537,13.0372,2,1
1128,108.919,109.258,2,1
1129,305.494,92.4765,2,1
1130,83.403,36.0938,2,1
1131,354.566,136.273,2,1
1132,476.229,236.209,2,1
1133,442.151,202.088,2,1
1134,346.746,90.6163,2,1
1135,567.708,275.409,2,1
1136,519.237,275.671,2,1
1137,86.5314,63.9379,2,1
1138,169.985,50.6535,2,1
1139,389.506,25.9944,2,1
1140,40.0923,220.485,2,1
1141,215.938,185.586,2,1
1142,162.508,258.1,2,1
1143,84.0636,13.7925,2,1
1144,504.939,246.277,2,1
1145,102.483,228.939,2,1
1146,329.89,274.739,2,1
1147,230.786,109.453,2,1
1148,524.881,237.261,2,1
1149,266.763,163.576,2,1
1150,262.234,229.614,2,1
1151,522.681,241.265,2,1
1152,471.149,255.659,2,1
1153,206.806,57.8782,2,1
1154,13.7814,68.9445,2,1
1155,116.434,5.58659,2,1
1156,268.76,248.737,2,1
1157,406.979,290.25,2,1
1158,94.379,221.248,2,1
1159,249.279,136.911,2,1
1160,500.676,215.862,2,1
1161,366.91,20.1888,2,1
1162,137.63,151.08,2,1
1163,12.6219,108.441,2,1
1164,471.023,287.59,2,1
1165,531.199,222.046,2,1
1166,495.076,146.446,2,1
1167,584.636,172.952,2,1
1168,305.024,266.165,2,1
1169,139.995,250.177,2,1
1170,537.697,285.954,2,1
1171,375.678,235.216,2,1
1172,302.354,139.002,2,1
1173,271.485,76.1761,2,1
1174,375.855,162.971,2,1
1175,207.845,128.974,2,1
1176,17.8083,163.569,2,1
1177,298.746,104.936,2,1
1178,347.81,280.295,2,1
1179,392.793,55.7129,2,1
1180,391.116,113.107,2,1
1181,455.972,37.1218,2,1
1182,202.992,93.448,2,1
1183,340.215,86.0141,2,1
1184,444.955,103.381,2,1
1185,259.08,217.593,2,1
1186,348.683,47.0789,2,1
1187,323.816,291.405,2,1
1188,99.7652,66.3348,2,1
1189,494.33,120.322,2,1
1190,153.67,277.956,2,1
1191,351.894,111.428,2,1
1192,438.223,274.547,2,1
1193,475.751,200.74,2,1
1194,292.082,161.503,2,1
1195,221.973,79.0903,2,1
1196,183.116,243.225,2,1
1197,492.83,184.842,2,1
1198,269.512,126.644,2,1
1199,427.867,230.014,2,1
1200,421.806,277.474,2,1
1201,597.814,152.646,2,1
1202,437.2,246.093,2,1
1203,425.853,236.77,2,1
1204,45.6415,254.15,2,1
1205,467.416,213.189,2,1
1206,191.009,228.84,2,1
1207,551.276,183.53,2,1
1208,102.714,251.006,2,1
1209,79.5339,279.103,2,1
1210,474.561,186.357,2,1
1211,300.912,149.903,2,1
1212,429.528,57.5321,2,1
1213,422.742,118.72,2,1
1214,203.772,128.173,2,1
1215,263.849,33.7965,2,1
1216,444.597,272.205,2,1
1217,345.226,170.882,2,1
1218,161.6,190.128,2,1
1219,83.2457,267.192,2,1
1220,108.72,255.739,2,1
1221,27.6697,169.053,2,1
1222,100.192,87.2973,2,1
1223,272.517,63.8327,2,1
1224,503.659,53.9099,2,1
1225,570.338,193.132,2,1
1226,483.407,198.17,2,1
1227,140.859,165.482,2,1
1228,49.5959,9.55982,2,1
1229,184.5,118.423,2,1
1230,405.036,185.071,2,1
1231,515.609,47.2746,2,1
1232,59.0937,56.9658,2,1
1233,344.073,249.999,2,1
1234,551.747,210.093,2,1
1235,419.668,77.4832,2,1
1236,350.768,91.1869,2,1
1237,57.8786,73.6764,2,1
1238,563.615,78.783,2,1
1239,531.27,242.334,2,1
1240,3.93719,51.8173,2,1
1241,202.264,207.279,2,1
1242,33.094,53.5064,2,1
1243,308.978,266.905,2,1
1244,11.1349,51.6388,2,1
1245,154.741,73.8575,2,1
1246,155.053,64.4678,2,1
1247,457.082,153.858,2,1
1248,25.3339,54.2852,2,1
1249,506.096,87.3824,2,1
1250,65.694,66.9611,2,1
1251,58.3377,194.846,2,1
1252,564.535,44.9833,2,1
1253,347.901,265.616,2,1
1254,291.915,280.196,2,1
1255,559.232,192.579,2,1
1256,374.972,141.608,2,1
1257,580.706,102.181,2,1
1258,223.686,52.0716,2,1
1259,547.252,170.895,2,1
1260,228.985,120.107,2,1
1261,188.656,219.099,2,1
1262,200.62,293.902,2,1
1263,381.601,273.619,2,1
1264,15.6311,83.0911,2,1
1265,159.953,242.998,2,1
1266,510.523,139.567,2,1
1267,526.029,233.212,2,1
1268,437.516,145.689,2,1
1269,523.576,249.215,2,1
1270,337.82,188.044,2,1
1271,482.056,284.783,2,1
1272,60.3475,162.157,2,1
1273,139.46,209.957,2,1
1274,323.479,163.882,2,1
1275,284.497,20.6535,2,1
1276,227.436,298,2,1
1277,407.991,161.035,2,1
1278,450.079,184.363,2,1
1279,145.643,44.6899,2,1
1280,249.537,132.794,2,1
1281,497.165,205.645,2,1
1282,433.788,2,2,1
1283,470.083,219.901,2,1
1284,471.406,96.8282,2,1
1285,162.147,167.294,2,1
1286,306.221,254.566,2,1
1287,273.086,79.9666,2,1
1288,140.933,246.274,2,1
1289,290.585,43.3853,2,1
1290,446.708,265.456,2,1
1291,42.82,19.7229,2,1
1292,496.898,221.728,2,1
1293,136.99,219.006,2,1
1294,151.496,270.066,2,1
1295,409.917,124.311,2,1
1296,256.963,25.0614,2,1
1297,253.128,135.335,2,1
1298,157.133,112.492,2,1
1299,269.732,196.581,2,1
1300,140.676,229.782,2,1
1301,34.7992,235.1,2,1
1302,361.664,173.756,2,1
1303,229.169,113.294,2,1
1304,475.593,45.1674,2,1
1305,379.914,277.426,2,1
1306,35.0287,152.892,2,1
1307,459.729,25.7776,2,1
1308,136.983,287.618,2,1
1309,95.9168,245.232,2,1
1310,575.422,160.25,2,1
1311,541.267,70.1348,2,1
1312,69.7498,257.363,2,1
1313,342.464,148.475,2,1
1314,539.004,243.74,2,1
1315,104.434,71.855,2,1
1316,93.2795,111.133,2,1
1317,541.121,92.2873,2,1
1318,271.34,251.958,2,1
1319,50.8254,191.838,2,1
1320,535.153,122.564,2,1
1321,82.5777,180.382,2,1
1322,525.855,215.802,2,1
1323,214.876,151.963,2,1
1324,236.299,211.724,2,1
1325,385.796,20.51,2,1
1326,507.496,286.895,2,1
1327,469.534,283.849,2,1
1328,264.66,75.1448,2,1
1329,101.153,51.3425,2,1
1330,416.77,200.187,2,1
1331,320.431,224.639,2,1
1332,243.688,276.292,2,1
1333,570.252,227.648,2,1
1334,291.863,16.5608,2,1
1335,558.811,185.139,2,1
1336,259.432,260.697,2,1
1337,201.776,264.252,2,1
1338,123.444,278.604,2,1
1339,137.71,74.9013,2,1
1340,63.2339,31.4203,2,1
1341,387.18,185.766,2,1
1342,575.068,190.586,2,1
1343,326.16,256.078,2,1
1344,436.653,286.061,2,1
1345,16.4101,96.351,2,1
1346,264.957,149.836,2,1
1347,475.869,269.908,2,1
1348,141.306,261.786,2,1
1349,46.9625,189.959,2,1
1350,588.789,133.151,2,1
1351,594.738,36.5981,2,1
1352,33.4096,13.7803,2,1
1353,331.777,283.359,2,1
1354,400.244,48.4084,2,1
1355,86.6312,269.462,2,1
1356,457.181,240.22,2,1
1357,376.492,107.111,2,1
1358,249.281,48.3913,2,1
1359,438.889,20.2085,2,1
1360,273.102,285.782,2,1
1361,592.27,17.287,2,1
1362,332.064,211.597,2,1
1363,516.032,125.568,2,1
1364,574.905,127.705,2,1
1365,548.235,61.3853,2,1
1366,296.894,253.407,2,1
1367,158.334,45.6088,2,1
1368,423.816,91.4408,2,1
1369,229.364,175.764,2,1
1370,229.756,160.679,2,1
1371,127.386,268.548,2,1
1372,302.027,123.292,2,1
1373,503.035,180.456,2,1
1374,394.136,76.6122,2,1
1375,265.349,126.293,2,1
1376,101.696,203.203,2,1
1377,146.821,268.382,2,1
1378,132.199,40.4254,2,1
1379,459.755,107.54,2,1
1380,494.733,192.736,2,1
1381,534.904,115.579,2,1
1382,478.322,2,2,1
1383,411.016,57.4318,2,1
1384,406.915,56.6407,2,1
1385,191.488,289.977,2,1
1386,309.634,290.077,2,1
1387,511.337,198.417,2,1
1388,257.145,239.121,2,1
1389,330.628,197.41,2,1
1390,231.276,71.3046,2,1
1391,51.2014,124.134,2,1
1392,351.241,161.295,2,1
1393,236.014,279.278,2,1
1394,377.334,247.653,2,1
1395,430.869,39.2337,2,1
1396,244.398,211.715,2,1
1397,274.35,87.0008,2,1
1398,332.869,87.2734,2,1
1399,402.523,246.447,2,1
1400,16.7501,217.724,2,1
1401,339.859,32.7899,2,1
1402,128.978,201.568,2,1
1403,568.34,48.0501,2,1
1404,94.7946,17.1429,2,1
1405,219.289,147.359,2,1
1406,395.768,192.879,2,1
1407,360.485,68.262,2,1
1408,289.791,176.26,2,1
1409,414.319,288.29,2,1
1410,264.728,212.817,2,1
1411,407.37,21.0062,2,1
1412,293.134,243.418,2,1
1413,302.992,189.528,2,1
1414,10.2585,122.62,2,1
1415,224.945,120.469,2,1
1416,479.167,183.718,2,1
1417,580.883,164.894,2,1
1418,79.9363,247.319,2,1
1419,238.217,291.296,2,1
1420,345.044,83.6806,2,1
1421,29.9889,137.994,2,1
1422,64.0029,270.775,2,1
1423,347.169,50.952,2,1
1424,318.925,106.9,2,1
1425,259.94,13.5795,2,1
1426,441.62,260.753,2,1
1427,495.819,291.465,2,1
1428,518.745,15.7064,2,1
1429,592.102,124.532,2,1
1430,249.134,287.246,2,1
1431,134.483,32.3812,2,1
1432,445.101,224.446,2,1
1433,11.9923,139.264,2,1
1434,243.685,151.933,2,1
1435,15.5979,233.453,2,1
1436,377.551,196.024,2,1
1437,453.59,264.06,2,1
1438,269.754,169.722,2,1
1439,214.072,103.688,2,1
1440,552.959,221.08,2,1
1441,145.305,99.5353,2,1
1442,204.101,210.95,2,1
1443,483.046,70.3075,2,1
1444,19.7164,281.016,2,1
1445,578.205,157.262,2,1
1446,375.496,17.9048,2,1
1447,518.675,163.577,2,1
1448,0.877767,30.1363,2,1
1449,493.797,85.1601,2,1
1450,575.624,59.5577,2,1
1451,422.613,126.611,2,1
1452,51.9939,249.803,2,1
1453,414.839,120.14,2,1
1454,181.842,52.7091,2,1
1455,3.3671,160.252,2,1
1456,176.459,105.58,2,1
1457,76.0337,248.442,2,1
1458,183.691,288.39,2,1
1459,2.98691,17.7855,2,1
1460,596.147,191.73,2,1
1461,252.533,245.417,2,1
1462,47.0556,243.22,2,1
1463,437.258,114.951,2,1
1464,268.695,284.944,2,1
1465,493.685,9.55836,2,1
1466,411.556,189.01,2,1
1467,131.393,267.724,2,1
1468,136.961,2,2,1
1469,108.723,260.172,2,1
1470,529.382,281.105,2,1
1471,21.3274,32.4644,2,1
1472,563.07,171.467,2,1
1473,485.274,22.0177,2,1
1474,48.5519,272.521,2,1
1475,32.4445,245.777,2,1
1476,29.1131,116.491,2,1
1477,193.486,25.4318,2,1
1478,362.788,169.853,2,1
1479,57.0815,148.419,2,1
1480,527.013,8.87444,2,1
1481,526.67,108.529,2,1
1482,351.639,18.5151,2,1
1483,321.837,20.4361,2,1
1484,235.279,215.745,2,1
1485,591.593,39.0935,2,1
1486,334.91,171.076,2,1
1487,378.926,127.228,2,1
1488,172.328,285.888,2,1
1489,380.471,110.938,2,1
1490,370.288,77.2235,2,1
1491,91.0626,178.766,2,1
1492,338.074,72.7972,2,1
1493,188.132,164.195,2,1
1494,400.193,294.728,2,1
1495,44.4028,144.583,2,1
1496,474.791,112.104,2,1
1497,510.998,251.388,2,1
1498,129.011,210.51,2,1
1499,100.792,239.362,2,1
1500,137.299,115.512,2,1
1501,16.5694,57.3911,2,1
1502,335.977,2,2,1
1503,420.064,291.89,2,1
1504,60.4197,180.942,2,1
1505,205.297,37.0978,2,1
1506,424.761,16.4615,2,1
1507,41.56,87.2761,2,1
1508,393.621,39.438,2,1
1509,260.6,26.8405,2,1
1510,347,75.6961,2,1
1511,10.2454,22.7437,2,1
1512,334.355,175.099,2,1
1513,507.569,55.255,2,1
1514,113.813,19.7424,2,1
1515,21.3451,217.137,2,1
1516,376.337,173.611,2,1
1517,573.172,144.944,2,1
1518,546.222,177.99,2,1
1519,399.274,59.067,2,1
1520,362.365,45.7003,2,1
1521,213.27,197.081,2,1
1522,548.99,241.684,2,1
1523,179.809,35.3955,2,1
1524,390.826,187.503,2,1
1525,478.48,119.792,2,1
1526,288.016,139.807,2,1
1527,154.444,38.3424,2,1
1528,203.178,180.691,2,1
1529,542.621,114.811,2,1
1530,507.253,103.434,2,1
1531,138.024,35.8224,2,1
1532,285.694,147.204,2,1
1533,425.278,298,2,1
1534,489.643,283.39,2,1
1535,274.251,30.9049,2,1
1536,75.2148,285.811,2,1
1537,135.317,98.3476,2,1
1538,161.849,130.332,2,1
1539,223.19,135.655,2,1
1540,41.6793,65.3298,2,1
1541,211.72,130.079,2,1
1542,493.4,294.734,2,1
1543,1.65096,225.946,2,1
1544,208.537,139.396,2,1
1545,81.6325,202.378,2,1
1546,428.677,34.8007,2,1
1547,433.944,261.529,2,1
1548,383.767,143.183,2,1
1549,145.153,239.926,2,1
1550,571.616,57.6565,2,1
1551,124.69,239.531,2,1
1552,218.204,273.184,2,1
1553,376.841,81.8667,2,1
1554,149.122,294.244,2,1
1555,27.5724,99.2888,2,1
1556,432.648,35.5631,2,1
1557,548.934,110.722,2,1
1558,297.794,263.195,2,1
1559,553.272,142.126,2,1
1560,591.521,181.418,2,1
1561,542.422,148.152,2,1
1562,475.019,204.996,2,1
1563,56.6126,202.757,2,1
1564,54.635,27.0414,2,1
1565,174.841,123.183,2,1
1566,406.465,234.504,2,1
1567,382.912,73.3398,2,1
1568,94.9249,188.999,2,1
1569,547.834,71.9823,2,1
1570,493.409,288.137,2,1
1571,101.269,91.1628,2,1
1572,31.8501,126.898,2,1
1573,360.61,264.121,2,1
1574,135.491,191.937,2,1
1575,340.792,21.611,2,1
1576,569.277,60.953,2,1
1577,324.27,152.409,2,1
1578,449.443,111.109,2,1
1579,358.25,29.0069,2,1
1580,269.139,240.761,2,1
1581,597.714,77.8378,2,1
1582,493.198,223.599,2,1
1583,24.7321,275.983,2,1
1584,570.129,40.2719,2,1
1585,558.646,95.5955,2,1
1586,486.585,150.944,2,1
1587,590.44,91.9724,2,1
1588,391.507,251.101,2,1
1589,141.433,237.979,2,1
1590,559.956,196.914,2,1
1591,106.191,135.975,2,1
1592,238.994,44.8652,2,1
1593,329.786,102.473,2,1
1594,41.0933,239.241,2,1
1595,85.7277,214.982,2,1
1596,596.721,286.904,2,1
1597,309.986,165.608,2,1
1598,76.7118,289.523,2,1
1599,436.872,156.663,2,1
1600,242.944,34.1482,2,1
1601,302.945,184.938,2,1
1602,553.177,202.389,2,1
1603,582.21,242.024,2,1
1604,522.651,259.387,2,1
1605,63.6518,221.738,2,1
1606,406.499,249.982,2,1
1607,403.143,171.529,2,1
1608,95.4787,225.11,2,1
1609,293.349,223.91,2,1
1610,2.41053,123.268,2,1
1611,401.675,89.2779,2,1
1612,439.007,6.01063,2,1
1613,428.782,187.074,2,1
1614,357.16,275.681,2,1
1615,402.681,195.824,2,1
1616,233.054,261.981,2,1
1617,445.594,128.747,2,1
1618,295.718,236.276,2,1
1619,216.944,89.4666,2,1
1620,568.757,290.223,2,1
1621,99.0911,173.783,2,1
1622,568.027,140.408,2,1
1623,434.764,242.794,2,1
1624,35.4137,111.531,2,1
1625,133.694,21.4904,2,1
1626,15.0315,271.237,2,1
1627,52.0781,294.355,2,1
1628,310.532,254.576,2,1
1629,233.088,194.947,2,1
1630,387.742,55.3201,2,1
1631,396.462,24.741,2,1
1632,267.785,188.593,2,1
1633,224.509,219.039,2,1
1634,446.758,285.366,2,1
1635,578.053,72.7641,2,1
1636,83.1322,32.09,2,1
1637,243.665,234.246,2,1
1638,268.31,225.735,2,1
1639,291.041,75.9155,2,1
1640,528.976,180.83,2,1
1641,477.625,191.889,2,1
1642,446.163,185.348,2,1
1643,360.269,64.156,2,1
1644,461.369,17.8117,2,1
1645,237.621,162.781,2,1
1646,291.062,93.3107,2,1
1647,103.21,128.823,2,1
1648,185.972,85.3041,2,1
1649,55.1608,258.315,2,1
1650,33.3376,187.039,2,1
1651,176.817,129.916,2,1
1652,270.513,222.186,2,1
1653,31.9364,220.402,2,1
1654,406.843,144.889,2,1
1655,92.2186,232.601,2,1
1656,240.767,103.605,2,1
1657,599.486,171.305,2,1
1658,584.064,211.424,2,1
1659,481.554,190.558,2,1
1660,277.964,271.232,2,1
1661,103.167,235.992,2,1
1662,359.602,60.1156,2,1
1663,172.994,58.49,2,1
1664,142.145,156.864,2,1
1665,539.058,28.8699,2,1
1666,108.87,53.965,2,1
1667,371.8,163.841,2,1
1668,485.924,63.0971,2,1
1669,255.919,178.122,2,1
1670,457.683,57.6752,2,1
1671,268.429,73.538,2,1
1672,294.407,206.367,2,1
1673,224.145,170.921,2,1
1674,509.932,235.117,2,1
1675,482.82,279.168,2,1
1676,9.22707,173.915,2,1
1677,200.406,116.1,2,1
1678,74.8591,293.219,2,1
1679,493.677,174.322,2,1
1680,203.571,51.7937,2,1
1681,358.983,90.048,2,1
1682,571.124,36.2799,2,1
1683,359.247,43.0408,2,1
1684,385.388,32.677,2,1
1685,225.789,160.039,2,1
1686,146.916,182.608,2,1
1687,203.263,82.5905,2,1
1688,548.694,191.676,2,1
1689,59.4778,77.3735,2,1
1690,99.5095,31.0715,2,1
1691,143.111,252.896,2,1
1692,40.3844,33.9974,2,1
1693,167.292,243.222,2,1
1694,277.174,130.385,2,1
1695,369.725,245.037,2,1
1696,405.791,153.06,2,1
1697,392.654,131.833,2,1
1698,503.923,298,2,1
1699,53.606,16.8731,2,1
1700,426.069,224.818,2,1
1701,353.673,164.532,2,1
1702,373.418,256.226,2,1
1703,548.958,151.827,2,1
1704,529.78,191.82,2,1
1705,176.357,238.167,2,1
1706,106.833,60.8299,2,1
1707,182.551,11.2825,2,1
1708,179.849,202.096,2,1
1709,478.845,9.64712,2,1
1710,8.42179,225.946,2,1
1711,118.195,264.741,2,1
1712,184.652,146.234,2,1
1713,11.431,101.194,2,1
1714,456.154,33.0494,2,1
1715,437.482,278.56,2,1
1716,556.644,32.9347,2,1
1717,114.387,214.45,2,1
1718,537.307,54.0877,2,1
1719,215.965,230.825,2,1
1720,286.448,234.253,2,1
1721,343.596,98.0554,2,1
1722,344.382,40.0873,2,1
1723,52.8337,201.325,2,1
1724,409.948,225.044,2,1
1725,330.41,262.434,2,1
1726,568.297,163.134,2,1
1727,168.944,247.267,2,1
1728,582.939,105.53,2,1
1729,262.481,287.267,2,1
1730,44.5414,9.83974,2,1
1731,137.042,262.676,2,1
1732,588.31,163.628,2,1
1733,140.984,2,2,1
1734,357.112,82.209,2,1
1735,123.23,107.758,2,1
1736,4.76263,294.29,2,1
1737,289.565,216.629,2,1
1738,553.557,156.822,2,1
1739,345.28,15.0022,2,1
1740,570.381,242.783,2,1
1741,282.742,176.86,2,1
1742,597.726,113.17,2,1
1743,511.444,119.202,2,1
1744,223.625,228.564,2,1
1745,50.0535,55.2299,2,1
1746,573.62,53.9934,2,1
1747,570.305,278.76,2,1
1748,64.1233,70.6689,2,1
1749,391.517,199.254,2,1
1750,333.847,65.6187,2,1
1751,2.05474,59.2451,2,1
1752,577.533,225.001,2,1
1753,156.8,251.833,2,1
1754,384.855,182.391,2,1
1755,125.486,294.125,2,1
1756,534.618,2,2,1
1757,20.7418,129.86,2,1
1758,279.894,152.735,2,1
1759,244.101,174.987,2,1
1760,115.389,47.469,2,1
1761,503.797,226.035,2,1
1762,367.843,164.854,2,1
1763,150.1,224.974,2,1
1764,495.96,22.51,2,1
1765,282.43,94.8084,2,1
1766,444.746,114.799,2,1
1767,22.5091,15.0948,2,1
1768,422.308,265.724,2,1
1769,214.869,79.2672,2,1
1770,229.876,38.5097,2,1
1771,291.099,105.924,2,1
1772,430.713,70.0586,2,1
1773,417.887,226.117,2,1
1774,482.42,260.384,2,1
1775,174.789,101.869,2,1
1776,434.666,265.589,2,1
1777,468.968,157.288,2,1
1778,230.604,20.5241,2,1
1779,439.903,154.005,2,1
1780,572.361,235.3,2,1
1781,563.058,97.1003,2,1
1782,61.3048,283.69,2,1
1783,275.065,135.088,2,1
1784,50.7748,2,2,1
1785,55.3233,13.1859,2,1
1786,594.087,184.506,2,1
1787,25.7248,21.6319,2,1
1788,25.895,200.816,2,1
1789,213.536,46.7455,2,1
1790,55.5342,88.1659,2,1
1791,521.969,23.308,2,1
1792,357.915,200.759,2,1
1793,162.867,136.89,2,1
1794,389.496,272.672,2,1
1795,348.543,290.806,2,1
1796,581.922,169.678,2,1
1797,234.461,258.183,2,1
1798,168.088,263.68,2,1
1799,542.673,222.679,2,1
1800,53.1648,219.005,2,1
1801,320.615,9.51094,2,1
1802,466.042,117.948,2,1
1803,484.816,214.604,2,1
1804,43.9208,128.946,2,1
1805,589.065,228.882,2,1
1806,569.931,221.198,2,1
1807,160.798,35.1762,2,1
1808,109.479,14.7628,2,1
1809,420.455,248.671,2,1
1810,123.492,119.337,2,1
1811,163.503,244.984,2,1
1812,520.581,251.874,2,1
1813,385.312,286.113,2,1
1814,553.362,6.03691,2,1
1815,184.19,239.318,2,1
1816,152.486,23.6937,2,1
1817,59.4454,145.139,2,1
1818,383.994,149.389,2,1
1819,39.839,210.321,2,1
1820,150.61,286.594,2,1
1821,265.763,204.709,2,1
1822,314.878,36.0746,2,1
1823,406.663,73.7935,2,0
1824,48.3164,156.121,2,1
1825,212.798,223.325,2,1
1826,416.359,115.648,2,1
1827,8.17191,230.009,2,1
1828,313.949,223.894,2,1
1829,584.431,256.1,2,1
1830,77.0303,244.389,2,1
1831,254.997,174.056,2,1
1832,252.183,5.9019,2,1
1833,542.06,36.0196,2,1
1834,525.469,33.9299,2,1
1835,258.78,172.538,2,1
1836,430.785,20.123,2,1
1837,81.0368,104.473,2,1
1838,131.061,158.354,2,1
1839,289.639,48.0984,2,1
1840,222.953,166.998,2,1
1841,173.539,69.3601,2,1
1842,289.955,261.371,2,1
1843,184.245,247.208,2,1
1844,201.076,131.435,2,1
1845,413.351,133.986,2,1
1846,599.268,47.2743,2,1
1847,217.411,293.205,2,1
1848,98.3582,19.1323,2,1
1849,432.852,156.317,2,1
1850,514.399,287.179,2,1
1851,208.528,161.402,2,1
1852,429.282,49.2853,2,1
1853,323.077,275.372,2,1
1854,416.797,90.2248,2,1
1855,294.334,70.4745,2,1
1856,543.275,232.671,2,1
1857,581.423,128.465,2,1
1858,164.392,208.597,2,1
1859,273.719,196.024,2,1
1860,282.166,181.265,2,1
1861,47.8927,126.476,2,1
1862,579.637,9.06003,2,1
1863,550.033,145.029,2,1
1864,508.921,206.992,2,1
1865,27.8144,192.94,2,1
1866,377.231,296.456,2,1
1867,183.885,171.449,2,1
1868,149.881,45.0625,2,1
1869,362.419,156.881,2,1
1870,86.4143,277.329,2,1
1871,516.821,159.854,2,1
1872,441.614,256.719,2,1
1873,227.337,226.468,2,1
1874,477.61,219.815,2,1
1875,320.578,293.965,2,1
1876,230.048,60.4209,2,1
1877,252.704,161.756,2,1
1878,186.687,93.3466,2,1
1879,125.425,251.274,2,1
1880,557.982,40.5585,2,1
1881,232.597,157.857,2,1
1882,496.197,114.939,2,1
1883,321.965,53.8134,2,1
1884,33.3385,164.584,2,1
1885,141.237,173.323,2,1
1886,65.5032,43.0027,2,1
1887,358.922,213.126,2,1
1888,562.278,235.419,2,1
1889,28.3771,133.635,2,1
1890,585.303,143.697,2,1
1891,145.707,135.09,2,1
1892,274.063,266.453,2,1
1893,317.961,92.6938,2,1
1894,213.341,87.6688,2,1
1895,434.23,202.564,2,1
1896,541.872,76.979,2,1
1897,533.754,225.135,2,1
1898,137.599,126.066,2,1
1899,87.9158,245.952,2,1
1900,87.0853,265.464,2,1
1901,98.7692,264.927,2,1
1902,375.152,177.596,2,1
1903,83.544,139.064,2,1
1904,218.377,11.9083,2,1
1905,395.148,112.216,2,1
1906,275.961,188.152,2,1
1907,321.61,115.556,2,1
1908,250.782,272.137,2,1
1909,502.19,129.613,2,1
1910,315.793,160.706,2,1
1911,215.402,164.299,2,1
1912,111.146,263.55,2,1
1913,434.143,47.8145,2,1
1914,426.615,260.311,2,1
1915,130.22,131.547,2,1
1916,102.99,180.792,2,1
1917,318.978,240.226,2,1
1918,567.293,15.056,2,1
1919,28.3711,32.0369,2,1
1920,130.232,99.4996,2,1
1921,309.061,220.35,2,1
1922,151.771,49.152,2,1
1923,569.201,90.138,2,1
1924,569.987,94.5717,2,1
1925,528.34,57.6694,2,1
1926,390.968,128.114,2,1
1927,223.311,41.252,2,1
1928,311.404,263.54,2,1
1929,420.265,15.4596,2,1
1930,553.215,226.964,2,1
1931,574.278,101.232,2,1
1932,0.161284,55.3658,2,1
1933,441.253,232.825,2,1
1934,587.467,39.5295,2,1
1935,402.556,283.905,2,1
1936,256.218,137.971,2,1
1937,412.606,79.8583,2,1
1938,425.168,201.741,2,1
1939,414.536,203.551,2,1
1940,511.318,222.945,2,1
1941,440.146,24.0552,2,1
1942,470.734,76.5546,2,1
1943,289.694,257.354,2,1
1944,63.949,266.656,2,1
1945,108.724,105.231,2,1
1946,72.7048,260.405,2,1
1947,442.671,285.398,2,1
1948,63.0029,120.189,2,1
1949,242.498,13.2281,2,1
1950,531.344,175.078,2,1
1951,350.083,177.311,2,1
1952,133.805,64.7419,2,1
1953,152.128,244.965,2,1
1954,472.194,159.85,2,1
1955,577.943,229.998,2,1
1956,418.699,118.912,2,1
1957,291.381,97.3043,2,1
1958,474.475,118.845,2,1
1959,11.3457,284.012,2,1
1960,590.109,79.8105,2,1
1961,186.955,298,2,1
1962,18.6685,214.12,2,1
1963,519.143,179.883,2,1
1964,57.2985,168.931,2,1
1965,150.928,252.824,2,1
1966,402.583,251.032,2,1
1967,173.713,148.398,2,1
1968,282.652,42.8366,2,1
1969,398.482,153.87,2,1
1970,411.404,21.2941,2,1
1971,456.947,192.988,2,1
1972,502.722,2,2,1
1973,278.506,206.211,2,1
1974,267.681,43.7567,2,1
1975,49.2057,183.849,2,1
1976,247.368,256.614,2,1
1977,64.0492,215.31,2,1
1978,525.745,191.789,2,1
1979,82.5983,51.9023,2,1
1980,305.044,120.549,2,1
1981,245.382,5.63387,2,1
1982,122.459,71.8959,2,1
1983,400.326,185.041,2,1
1984,315.016,215.626,2,1
1985,61.8867,245.412,2,1
1986,484.81,51.834,2,1
1987,499.061,179.433,2,1
1988,8.93313,287.363,2,1
1989,44.7752,227.473,2,1
1990,150.72,98.0307,2,1
1991,184.142,193.615,2,1
1992,546.226,124.755,2,1
1993,316.647,243.84,2,1
1994,113.14,41.0659,2,1
1995,575.694,213.527,2,1
1996,40.583,56.476,2,1
1997,119.284,298,2,1
1998,479.982,58.1167,2,1
1999,56.5092,30.6383,2,1
2000,198.647,290.404,2,1
2001,35.6725,6.01622,2,1
2002,492.024,48.8237,2,1
2003,492.144,167.129,2,1
2004,203.306,60.1086,2,1
2005,79.7062,30.0158,2,1
2006,575.65,9.89554,2,1
2007,211.149,227.469,2,1
2008,105.31,85.6562,2,1
2009,81.1073,243.387,2,1
2010,294.126,58.9559,2,1
2011,243.1,24.3504,2,1
2012,258.952,101.109,2,1
2013,168.982,33.7218,2,1
2014,329.83,65.0338,2,1
2015,110.356,215.67,2,1
2016,366.071,202.923,2,1
2017,284.068,78.6836,2,1
2018,35.2744,249.95,2,1
2019,233.573,139.384,2,1
2020,312.018,132.27,2,1
2021,92.7081,5.50632,2,1
2022,131.06,153.939,2,1
2023,133.979,244.392,2,1
2024,424.958,285.074,2,1
2025,325.712,65.4204,2,1
2026,440.841,170.969,2,1
2027,524.55,288.236,2,1
2028,184.427,208.899,2,1
2029,255.469,61.6665,2,1
2030,350.721,2,2,1
2031,381.399,281.354,2,1
2032,441.309,222.72,2,1
2033,480.69,98.642,2,1
2034,395.136,156.266,2,1
2035,397.834,8.2764,2,1
2036,229.282,83.2044,2,1
2037,234.552,56.7081,2,1
2038,573.566,266.115,2,1
2039,207.798,225.249,2,1
2040,68.0622,250.582,2,1
2041,468.662,14.5212,2,1
2042,531.361,84.5739,2,1
2043,518.091,89.9342,2,1
2044,157.11,27.7951,2,1
2045,396.316,185.303,2,1
2046,130.834,295.751,2,1
2047,68.2255,277.249,2,1
2048,15.7633,159.934,2,1
2049,440.983,16.6074,2,1
2050,10.5713,2,2,1
2051,577.028,209.371,2,1
2052,464.122,178.977,2,1
2053,165.247,68.367,2,1
2054,61.7593,36.76,2,1
2055,595.859,260.827,2,1
2056,75.2706,180.312,2,1
2057,352.768,143.252,2,1
2058,152.632,236.766,2,1
2059,523.306,175.913,2,1
2060,408.913,97.9767,2,1
2061,308.261,250.966,2,1
2062,494.779,170.314,2,1
2063,587.49,225.193,2,1
2064,457.988,184.417,2,1
2065,186.011,269.394,2,1
2066,462.611,287.335,2,1
2067,122.289,244.163,2,1
2068,228.869,275.16,2,1
2069,345.443,7.79995,2,1
2070,98.417,221.305,2,1
2071,398.409,51.9674,2,1
2072,482.685,202.108,2,1
2073,36.0304,127.183,2,1
2074,503.856,101.132,2,1
2075,106.274,36.9117,2,1
2076,68.7098,281.32,2,1
2077,19.4009,298,2,1
2078,23.0844,162.169,2,1
2079,340.241,69.3421,2,1
2080,344.503,140.992,2,1
2081,333.58,251.935,2,1
2082,227.525,287.055,2,1
2083,29.479,15.8071,2,1
2084,443.572,174.124,2,1
2085,507.794,266.282,2,1
2086,369.796,274.759,2,1
2087,185.803,234.728,2,1
2088,128.353,234.495,2,1
2089,245.662,27.509,2,1
2090,585.287,28.6504,2,1
2091,482.005,206.15,2,1
2092,410.647,120.173,2,1
2093,383.165,186.752,2,1
2094,326.675,26.3847,2,1
2095,339.009,132.732,2,1
2096,196.495,217.698,2,1
2097,538.167,37.1082,2,1
2098,94.7397,2,2,1
2099,168.258,21.8211,2,1
2100,157.485,285.228,2,1
2101,282.427,288.549,2,1
2102,245.047,287.355,2,1
2103,401.526,78.7685,2,0
2104,544.133,107.402,2,1
2105,119.358,276.222,2,1
2106,269.596,145.403,2,1
2107,282.626,126.314,2,1
2108,73.1709,245.517,2,1
2109,292.935,132.862,2,1
2110,249.84,211.223,2,1
2111,102.718,95.7034,2,1
2112,245.796,71.6197,2,1
2113,550.189,23.4498,2,1
2114,591.321,43.2133,2,1
2115,183.513,283.349,2,1
2116,12.0964,231.351,2,1
2117,334.2,145.904,2,1
2118,125.853,261.88,2,1
2119,267.522,35.5873,2,1
2120,274.199,214.903,2,1
2121,188.765,2,2,1
2122,48.4044,225.498,2,1
2123,409.546,70.9022,2,1
2124,99.1764,206.603,2,1
2125,411.01,46.5808,2,1
2126,33.3094,37.1035,2,1
2127,61.871,188.992,2,1
2128,11.0531,298,2,1
2129,420.791,185.869,2,1
2130,274.357,17.1557,2,1
2131,379.228,155.695,2,1
2132,358.885,246.902,2,1
2133,277.485,101.275,2,1
2134,309.169,157.406,2,1
2135,368.184,11.9269,2,1
2136,238.261,130.265,2,1
2137,3.51259,143.025,2,1
2138,97.4337,27.5983,2,1
2139,392.925,228.498,2,1
2140,309.394,184.722,2,1
2141,239.441,151.871,2,1
2142,536.75,50.0441,2,1
2143,3.27572,65.8968,2,1
2144,105.023,293.894,2,1
2145,205.415,96.6784,2,1
2146,37.9437,287.351,2,1
2147,547.757,209.642,2,1
2148,126.347,190.098,2,1
2149,48.8037,201.021,2,1
2150,337.813,29.2558,2,1
2151,599.775,116.761,2,1
2152,555.65,17.2031,2,1
2153,435.05,294.329,2,1
2154,334.416,240.707,2,1
2155,305.864,12.0133,2,1
2156,565.826,207.13,2,1
2157,361.657,202.606,2,1
2158,582.773,50.5301,2,1
2159,580.619,173.555,2,1
2160,286.002,226.115,2,1
2161,231.356,116.725,2,1
2162,404.859,141.361,2,1
2163,198.49,123.306,2,1
2164,96.7105,69.6293,2,1
2165,340.526,294.082,2,1
2166,203.031,33.6258,2,1
2167,417.396,183.519,2,1
2168,15.7885,203.783,2,1
2169,566.323,242.276,2,1
2170,539.415,73.7252,2,1
2171,379.566,7.85704,2,1
2172,591.649,87.7758,2,1
2173,314.178,58.7323,2,1
2174,1.47822,96.6662,2,1
2175,391.567,46.5054,2,1
2176,526.669,284.056,2,1
2177,280.763,22.2103,2,1
2178,6.89057,16.4175,2,1
2179,115.162,290.935,2,1
2180,430.634,227.106,2,1
2181,328.197,200.637,2,1
2182,196.139,41.8445,2,1
2183,478.538,110.64,2,1
2184,56.5953,298,2,1
2185,63.0975,95.8088,2,1
2186,198.53,202.922,2,1
2187,84.1288,120.569,2,1
2188,169.241,197.304,2,1
2189,153.262,137.7,2,1
2190,301.896,284.297,2,1
2191,101.866,261.948,2,1
2192,88.7945,139.661,2,1
2193,74.2968,117.539,2,1
2194,331.71,293.871,2,1
2195,382.21,22.3955,2,1
2196,522.405,13.9268,2,1
2197,298.185,44.428,2,1
2198,441.643,94.4155,2,1
2199,450.352,244.358,2,1
2200,131.692,44.4473,2,1
2201,489.702,9.05604,2,0
2202,149.164,112.813,2,1
2203,199.47,237.198,2,1
2204,306.992,216.643,2,1
2205,599.299,194.287,2,1
2206,549.279,201.009,2,1
2207,379.981,266.437,2,1
2208,11.3628,241.578,2,1
2209,32.7805,76.5169,2,1
2210,280.399,122.955,2,1
2211,34.7529,134.976,2,1
2212,235.106,293.987,2,1
2213,5.06901,77.0987,2,0
2214,474.778,83.5625,2,1
2215,20.9789,247.718,2,1
2216,234.314,208.149,2,1
2217,175.196,152.268,2,1
2218,108.956,194.608,2,1
2219,199.998,153.114,2,1
2220,210.259,55.7329,2,1
2221,218.489,81.0919,2,1
2222,208.037,93.5432,2,1
2223,524.964,146.285,2,1
2224,366.89,248.567,2,1
2225,439.368,283.111,2,1
2226,38.4805,224.204,2,1
2227,42.9257,242.827,2,1
2228,8.70822,109.517,2,1
2229,159.573,293.988,2,1
2230,284.716,15.4952,2,1
2231,501.252,42.5972,2,1
2232,49.3955,100.461,2,1
2233,16.8468,194.579,2,1
2234,461.851,96.8282,2,1
2235,78.9008,182.038,2,1
2236,98.5246,3.56378,2,1
2237,48.2977,23.5417,2,1
2238,594.224,72.2591,2,1
2239,355.351,279.367,2,1
2240,205.524,241.23,2,1
2241,41.2554,179.238,2,1
2242,17.8772,147.002,2,1
2243,175.906,206.83,2,1
2244,17.8736,259.323,2,1
2245,530.84,108.479,2,1
2246,296.881,48.2846,2,1
2247,549.836,223.608,2,1
2248,196.921,18.834,2,1
2249,225.152,195.805,2,1
2250,335.407,122.707,2,1
2251,396.287,123.747,2,1
2252,511.784,259.555,2,1
2253,195.18,192.403,2,1
2254,419.371,111.373,2,1
2255,70.9653,253.427,2,1
2256,12.6711,189.926,2,1
2257,540.699,97.4298,2,1
2258,137.026,167.077,2,1
2259,550.964,100.594,2,1
2260,288.041,22.6466,2,1
2261,545.507,239.652,2,1
2262,464.26,114.284,2,1
2263,540.639,173.578,2,1
2264,572.653,164.284,2,1
2265,507.004,65.9537,2,1
2266,488.022,167.329,2,1
2267,129.372,146.076,2,1
2268,552.81,92.9755,2,1
2269,281.104,188.831,2,1
2270,217.64,68.036,2,1
2271,173.494,190.533,2,1
2272,113.189,53.9523,2,1
2273,132.118,95.911,2,1
2274,347.838,120.951,2,1
2275,142.965,290.709,2,1
2276,456.371,253.096,2,1
2277,252.903,298,2,1
2278,282.5,9.54287,2,1
2279,553.863,84.3889,2,1
2280,146.993,81.6734,2,1
2281,260.108,191.224,2,1
2282,388.86,81.7468,2,1
2283,532.665,171.145,2,1
2284,79.9143,221.771,2,1
2285,302.443,180.678,2,1
2286,208.34,65.8169,2,1
2287,453.37,241.684,2,1
2288,112.741,145.559,2,1
2289,568.029,78.7381,2,1
2290,528.604,293.966,2,1
2291,156.69,34.9349,2,1
2292,193.322,170.367,2,1
2293,449.538,80.9248,2,1
2294,230.113,105.401,2,1
2295,519.263,287.827,2,1
2296,562.981,194.157,2,1
2297,364.52,145.609,2,1
2298,549.458,140.787,2,1
2299,71.8586,269.728,2,1
2300,270.621,29.0941,2,1
2301,395.421,202.423,2,1
2302,167.769,255.842,2,1
2303,118.404,66.5178,2,1
2304,421.815,19.195,2,1
2305,251.134,218.99,2,1
2306,507.898,12.7747,2,1
2307,391.688,84.5925,2,1
2308,140.755,55.8502,2,1
2309,280.996,252.355,2,1
2310,147.108,263.66,2,1
2311,101.083,144.429,2,1
2312,177.943,51.6019,2,1
2313,431.575,176.631,2,1
2314,455.973,227.162,2,1
2315,315.082,192.209,2,1
2316,267.406,253.127,2,1
2317,538.97,247.855,2,1
2318,306.925,227.129,2,1
2319,422.095,103.792,2,1
2320,192.385,51.7791,2,1
2321,197.107,173,2,1
2322,437.926,46.2875,2,1
2323,382.525,190.805,2,1
2324,335.917,248.664,2,1
2325,599.533,212.298,2,1
2326,129.04,113.413,2,1
2327,232.792,121.56,2,1
2328,1.76267,70.0143,2,1
2329,142.293,96.8149,2,1
2330,81.3076,41.6047,2,1
2331,513.513,50.7615,2,1
2332,563.66,198.565,2,1
2333,369.062,160.908,2,1
2334,156.024,204.092,2,1
2335,191.445,235.938,2,1
2336,400.289,104.877,2,1
2337,262.342,187.072,2,1
2338,525.673,201.221,2,1
2339,384.048,104.805,2,1
2340,143.384,265.211,2,1
2341,219.327,165.186,2,1
2342,273.876,26.7504,2,1
2343,493.051,227.696,2,1
2344,180.459,294.026,2,1
2345,213.98,280.515,2,1
2346,503.867,255.481,2,1
2347,571.557,152.707,2,1
2348,83.0959,56.0387,2,1
2349,466.91,196.552,2,1
2350,567.913,234.791,2,1
2351,23.2063,203.882,2,1
2352,260.522,91.2749,2,1
2353,431.391,205.425,2,1
2354,230.605,191.685,2,1
2355,437.758,239.548,2,1
2356,437.11,118.957,2,1
2357,16.7259,155.863,2,1
2358,8.99357,204.836,2,1
2359,156.796,56.855,2,1
2360,261.479,147.629,2,1
2361,60.6114,249.311,2,1
2362,159.301,272.195,2,1
2363,543.002,47.8312,2,1
2364,406.923,45.9152,2,1
2365,566.601,67.571,2,1
2366,500.419,35.5674,2,1
2367,353.662,211.631,2,1
2368,182.742,254.771,2,1
2369,499.29,132.489,2,1
2370,583.975,295.245,2,1
2371,420.263,40.9579,2,1
2372,332.682,228.593,2,1
2373,349.807,22.0917,2,1
2374,327.298,244.459,2,1
2375,83.446,89.7342,2,1
2376,296.519,87.5724,2,1
2377,447.416,209.35,2,1
2378,543.2,294.136,2,1
2379,244.495,80.5599,2,1
2380,41.3578,289.671,2,1
2381,490.266,147.913,2,1
2382,73.5014,196.773,2,1
2383,409.255,93.6272,2,1
2384,354.095,29.0973,2,1
2385,90.7202,298,2,1
2386,349.729,131.449,2,1
2387,242.263,69.6075,2,1
2388,36.5968,227.791,2,1
2389,219.828,276.846,2,1
2390,445.781,27.74,2,1
2391,72.6706,227.561,2,1
2392,54.5121,42.9976,2,1
2393,194.657,258.098,2,1
2394,314.293,280.512,2,1
2395,233.763,203.144,2,1
2396,472.422,115.372,2,1
2397,297.718,25.7143,2,1
2398,544.077,95.1821,2,1
2399,158.243,227.158,2,1
2400,546.984,83.2229,2,1
2401,369.363,120.812,2,1
2402,316.851,155.772,2,1
2403,493.164,97.1535,2,1
2404,195.832,138.165,2,1
2405,118.431,2,2,1
2406,209.255,26.009,2,1
2407,481.797,176.797,2,1
2408,219.065,178.777,2,1
2409,403.723,159.545,2,1
2410,337.699,168.167,2,1
2411,387.063,41.0685,2,1
2412,551.081,74.3974,2,1
2413,558.621,227.111,2,1
2414,513.387,205.604,2,1
2415,153.629,191.939,2,1
2416,515.234,87.1124,2,1
2417,137.033,247.386,2,1
2418,590.42,13.6797,2,1
2419,569.471,32.4991,2,1
2420,283.051,51.8238,2,1
2421,367.888,64.7951,2,1
2422,298.567,2,2,1
2423,599.262,125.819,2,1
2424,247.595,291.04,2,1
2425,473.013,54.0793,2,1
2426,2.85827,283.621,2,1
2427,323.55,135.352,2,1
2428,38.0687,144.804,2,1
2429,585.263,264.712,2,1
2430,3.66725,138.9,2,1
2431,331.402,298,2,1
2432,332.934,72.581,2,1
2433,269.679,90.8346,2,1
2434,84.4085,5.43979,2,0
2435,355.818,120.885,2,1
2436,343.829,25.6097,2,1
2437,342.177,54.7272,2,1
2438,185.571,14.3538,2,1
2439,504.555,284.07,2,1
2440,560.385,279.196,2,1
2441,556.481,278.001,2,1
2442,175.943,293.964,2,1
2443,164.921,42.3259,2,1
2444,356.757,216.493,2,1
2445,144.803,175.256,2,1
2446,465.017,32.0451,2,1
2447,294.591,136.594,2,1
2448,251.305,199.163,2,1
2449,275.069,221.357,2,1
2450,482.111,298,2,1
2451,427.08,60.7539,2,1
2452,366.72,220.78,2,1
2453,169.813,76.4082,2,1
2454,288.287,159.913,2,1
2455,399.707,72.0519,2,1
2456,204.69,16.6007,2,1
2457,522.046,190.227,2,1
2458,417.494,26.1385,2,1
2459,4.35561,240.784,2,1
2460,518.613,25.5182,2,1
2461,307.361,142.843,2,1
2462,440.459,32.8231,2,1
2463,260.992,249.171,2,1
2464,567.838,28.8227,2,1
2465,224.768,45.102,2,1
2466,88.5902,154.632,2,1
2467,77.7872,201.171,2,1
2468,164.937,57.2579,2,1
2469,133.178,281.362,2,1
2470,154.535,176.767,2,1
2471,422.414,146.928,2,1
2472,359.699,153.916,2,1
2473,347.591,18.4793,2,1
2474,182.648,94.0137,2,1
2475,453.242,220.647,2,1
2476,497.047,99.1516,2,1
2477,560.255,111.629,2,1
2478,225.82,164.056,2,1
2479,466.097,62.2505,2,1
2480,87.6703,106.435,2,1
2481,185.072,55.4186,2,1
2482,204.518,286.629,2,1
2483,288.4,222.621,2,1
2484,175.46,55.2778,2,1
2485,476.829,60.6505,2,1
2486,89.1343,254.802,2,1
2487,325.659,268.782,2,1
2488,39.3616,48.4919,2,1
2489,456.069,119.75,2,1
2490,331.689,136.583,2,1
2491,280.906,173.162,2,1
2492,102.495,188.75,2,1
2493,5.71048,44.2168,2,1
2494,421.204,176.399,2,1
2495,464.238,210.613,2,1
2496,176.927,47.6112,2,1
2497,360.442,145.684,2,1
2498,19.8522,159.807,2,1
2499,541.666,104.218,2,1
2500,418.306,191.295,2,1
2501,593.009,164.064,2,1
2502,344.115,2,2,1
2503,338.036,125.984,2,1
2504,520.566,36.9739,2,1
2505,57.6689,109.118,2,1
2506,517.368,149.198,2,1
2507,375.909,5.59745,2,1
2508,6.36497,106.185,2,1
2509,3.40174,88.735,2,1
2510,262.695,294.242,2,1
2511,521.459,61.8429,2,1
2512,145.066,194.54,2,1
2513,22.5007,103.477,2,1
2514,125.485,203.89,2,1
2515,426.823,111.858,2,1
2516,160.547,234.725,2,1
2517,178.09,270.246,2,1
2518,362.116,239.878,2,1
2519,132.182,184.839,2,1
2520,487.089,6.00186,2,0
2521,413.157,266.766,2,1
2522,358.81,286.845,2,1
2523,494.17,71.4007,2,1
2524,271.21,281.804,2,1
2525,42.0103,37.6617,2,1
2526,163.461,53.433,2,1
2527,47.1924,204.805,2,1
2528,354.041,176.185,2,1
2529,61.8155,201.034,2,1
2530,460.27,43.8429,2,1
2531,97.8677,23.2187,2,1
2532,527.086,155.607,2,1
2533,344.785,57.8666,2,1
2534,419.675,208.315,2,1
2535,275.807,73.9656,2,1
2536,583.541,124.981,2,1
2537,310.584,270.599,2,1
2538,492.879,231.885,2,1
2539,186.078,60.8843,2,1
2540,61.322,218.427,2,1
2541,385.349,282.022,2,1
2542,284.436,158.416,2,1
2543,342.149,73.1747,2,1
2544,176.51,72.1028,2,1
2545,310.859,37.2356,2,1
2546,194.625,70.3099,2,1
2547,67.9087,166.375,2,1
2548,119.275,150.656,2,1
2549,456.428,223.153,2,1
2550,511.907,109.302,2,1
2551,102.997,290.312,2,1
2552,248.421,222.002,2,1
2553,542.006,143.036,2,1
2554,29.7421,248.916,2,1
2555,317.664,177.409,2,1
2556,51.768,242.734,2,1
2557,159.615,177.064,2,1
2558,443.261,240.714,2,1
2559,149.117,2,2,1
2560,130.206,260.781,2,1
2561,423.251,109.949,2,1
2562,563.473,272.276,2,1
2563,398.643,195.722,2,1
2564,490.68,69.4431,2,1
2565,313.956,141.201,2,1
2566,143.574,180.255,2,1
2567,164.071,232.739,2,1
2568,71.4582,159.678,2,1
2569,276.093,199.46,2,1
2570,462.325,28.9227,2,1
2571,497.907,190.037,2,1
2572,268.941,69.4905,2,1
2573,244.899,253.352,2,1
2574,454.83,92.9637,2,1
2575,164.202,21.3502,2,1
2576,2.32265,107.185,2,1
2577,280.448,98.4565,2,1
2578,148.345,102.266,2,1
2579,346.647,134.281,2,1
2580,105.834,262.978,2,1
2581,188.16,246.114,2,1
2582,520.021,144.102,2,1
2583,535.108,57.5172,2,1
2584,233.455,250.876,2,1
2585,57.186,99.5812,2,1
2586,251.753,276.05,2,1
2587,186.462,196.957,2,1
2588,416.231,61.9355,2,1
2589,552.309,193.953,2,1
2590,498.809,294.132,2,1
2591,401.116,290.799,2,1
2592,547.379,148.129,2,1
2593,598.286,72.0321,2,1
2594,174.411,137.65,2,1
2595,211.094,43.4687,2,1
2596,393.773,19.3844,2,1
2597,461.252,77.2701,2,1
2598,323.359,159.789,2,1
2599,413.895,112.422,2,1
2600,453.625,59.6175,2,1
2601,288.336,109.085,2,1
2602,226.764,34.2035,2,1
2603,116.801,237.861,2,1
2604,217.509,58.4987,2,1
2605,428.062,23.8277,2,1
2606,33.6548,266.245,2,1
2607,538.106,3.97027,2,1
2608,80.9037,162.006,2,1
2609,365.81,38.508,2,1
2610,137.676,239.395,2,1
2611,31.4582,49.4443,2,1
2612,67.6207,239.373,2,1
2613,598.626,278.379,2,1
2614,417.876,85.8436,2,1
2615,102.593,10.5675,2,1
2616,93.4335,87.3303,2,1
2617,88.4239,149.96,2,1
2618,408.499,148.814,2,1
2619,327.03,195.589,2,1
2620,548.4,260.236,2,1
2621,352.828,5.47595,2,1
2622,245.711,148.361,2,1
2623,176.382,110.32,2,1
2624,548.752,256.236,2,1
2625,126.212,152.341,2,1
2626,583.175,110.851,2,1
2627,568.435,238.781,2,1
2628,154.345,225.988,2,1
2629,394.818,5.57021,2,1
2630,474.719,226.378,2,1
2631,476.842,115.578,2,1
2632,78.6065,228.633,2,1
2633,392.739,280.928,2,1
2634,548.485,298,2,1
2635,47.4652,212.086,2,1
2636,204.668,168.766,2,1
2637,206.083,261.987,2,1
2638,300.506,255.441,2,1
2639,120.986,204.337,2,1
2640,522.636,284.612,2,1
2641,366.383,195.955,2,1
2642,139.295,99.4819,2,1
2643,536.99,103.487,2,1
2644,528.418,172.202,2,1
2645,345.593,288.057,2,1
2646,142.128,111.142,2,1
2647,242.533,250.046,2,1
2648,96.9887,256.968,2,1
2649,185.662,257.565,2,1
2650,123.509,298,2,1
2651,235.509,298,2,1
2652,118.405,214.833,2,1
2653,38.0735,298,2,1
2654,305.135,134.943,2,1
2655,347.537,11.3327,2,1
2656,432.721,51.6889,2,1
2657,583.318,72.8421,2,1
2658,90.8982,216.671,2,1
2659,93.7356,29.3448,2,1
2660,179.913,90.9512,2,1
2661,98.8512,137.708,2,1
2662,599.558,258.778,2,1
2663,351.753,55.3766,2,1
2664,157.19,207.945,2,1
2665,259.348,60.2586,2,1
2666,373.867,269.237,2,1
2667,557.057,208.145,2,1
2668,121.635,22.5814,2,1
2669,13.9766,275.223,2,1
2670,392.189,171.591,2,1
2671,565.706,55.4924,2,1
2672,182.558,40.185,2,1
2673,340.039,250.529,2,1
2674,552.218,217.145,2,1
2675,209.46,198.899,2,1
2676,65.8665,190.367,2,1
2677,347.229,174.423,2,1
2678,153.937,45.3565,2,1
2679,13.0481,48.1192,2,1
2680,301.208,226.923,2,1
2681,387.416,224.604,2,1
2682,179.707,132.911,2,1
2683,492.367,105.111,2,1
2684,488.111,255.982,2,1
2685,480.277,236.673,2,1
2686,309.091,53.2434,2,1
2687,558.989,36.3521,2,1
2688,271.36,94.8191,2,1
2689,486.721,202.257,2,1
2690,250.888,173.225,2,1
2691,200.093,145.919,2,1
2692,599.264,6.02948,2,1
2693,383.57,164.616,2,1
2694,552.492,298,2,1
2695,331.653,220.652,2,1
2696,69.5512,224.376,2,1
2697,89.2693,280.238,2,1
2698,477.043,130.689,2,1
2699,417.703,165.88,2,1
2700,395.496,283.939,2,1
2701,226.623,138.048,2,1
2702,14.8287,111.79,2,1
2703,316.538,293.965,2,1
2704,377.81,2,2,1
2705,356.404,264.25,2,1
2706,447.087,20.2501,2,1
2707,123.681,41.983,2,1
2708,373.82,79.1061,2,1
2709,24.7636,117.486,2,1
2710,146.496,190.682,2,1
2711,279.949,198.091,2,1
2712,456.143,231.261,2,1
2713,316.808,43.365,2,1
2714,375.027,221.103,2,1
2715,176.062,257.934,2,1
2716,491.797,237.932,2,1
2717,198.98,191.041,2,1
2718,360.743,216.841,2,1
2719,306.443,203.255,2,1
2720,583.89,291.062,2,1
2721,212.963,122.699,2,1
2722,562.39,82.722,2,1
2723,406.632,298,2,1
2724,544.413,298,2,1
2725,63.5691,88.8364,2,1
2726,116.293,56.601,2,1
2727,369.479,107.429,2,1
2728,541.526,287.53,2,1
2729,513.264,161.887,2,1
2730,523.762,111.364,2,1
2731,71.094,274.215,2,1
2732,188.434,35.5459,2,1
2733,48.322,89.1125,2,1
2734,227.707,52.714,2,1
2735,494.417,199.518,2,1
2736,463.976,228.923,2,1
2737,434.404,80.8517,2,1
2738,536.59,217.471,2,1
2739,362.644,49.785,2,1
2740,168.507,132.206,2,1
2741,46.179,169.029,2,1
2742,261.292,63.7818,2,1
2743,199.085,298,2,1
2744,337.429,104.181,2,1
2745,296.589,5.49853,2,1
2746,413.7,17.8832,2,1
2747,484.209,45.0632,2,1
2748,338.933,161.484,2,1
2749,452.51,251.868,2,1
2750,207.618,229.49,2,1
2751,445.425,82.7294,2,1
2752,241.746,204.044,2,1
2753,269.222,173.793,2,1
2754,438.556,91.8692,2,1
2755,306.291,187.257,2,1
2756,153.704,283.849,2,1
2757,240.071,174.607,2,1
2758,236.947,118.3,2,1
2759,441.077,48.8629,2,1
2760,242.439,95.395,2,1
2761,192.227,56.1142,2,1
2762,510.086,93.0357,2,1
2763,125.903,223.585,2,1
2764,65.6207,186.287,2,1
2765,564.296,162.146,2,1
2766,34.5374,294.03,2,1
2767,180.489,164.893,2,1
2768,354.431,227.631,2,1
2769,238.245,75.4095,2,1
2770,313.632,177.052,2,1
2771,494.312,52.2596,2,1
2772,396.82,245.488,2,1
2773,121.624,91.1793,2,1
2774,142.849,81.3024,2,1
2775,5.38709,81.1353,2,1
2776,329.701,29.0887,2,1
2777,347.795,212.967,2,1
2778,226.617,192.051,2,1
2779,486.811,34.9807,2,1
2780,120.691,29.4316,2,1
2781,339.771,210.429,2,1
2782,497.557,64.3724,2,1
2783,579.109,285.835,2,1
2784,117.37,181.288,2,1
2785,102.907,33.2945,2,1
2786,167.46,53.9217,2,1
2787,113.506,168.513,2,1
2788,116.92,17.088,2,1
2789,110.97,164.936,2,1
2790,445.06,16.6669,2,1
2791,336.368,226.51,2,1
2792,414.917,158.252,2,1
2793,356.488,40.0679,2,1
2794,248.302,79.285,2,1
2795,377.845,59.2808,2,1
2796,571.601,286.882,2,1
2797,377.414,286.088,2,1
2798,216.153,5.47949,2,1
2799,57.5268,285.1,2,1
2800,509.007,123.613,2,1
2801,380.924,89.1241,2,1
2802,300.022,196.133,2,1
2803,506.073,165.376,2,1
2804,417.738,54.945,2,1
2805,71.7422,38.2369,2,1
2806,229.291,79.1626,2,1
2807,546.559,166.133,2,1
2808,205.634,86.0117,2,1
2809,483.523,132.605,2,1
2810,575.936,142.023,2,1
2811,378.193,137.784,2,1
2812,512.261,165.83,2,1
2813,43.3939,257.714,2,1
2814,498.241,241.87,2,1
2815,305.234,2,2,1
2816,425.487,83.0702,2,1
2817,503.824,39.4079,2,1
2818,544.911,257.561,2,1
2819,581.311,263.855,2,1
2820,134.24,60.7509,2,1
2821,129.156,81.5747,2,1
2822,373.648,210.686,2,1
2823,144.114,53.4929,2,1
2824,578.005,253.551,2,1
2825,29.9394,286.217,2,1
2826,242.69,53.0343,2,1
2827,367.635,24.1684,2,1
2828,306.109,116.602,2,1
2829,91.7903,152.197,2,1
2830,136.266,24.6426,2,1
2831,109.736,185.744,2,1
2832,487.179,55.3213,2,1
2833,562.425,53.0064,2,1
2834,378.246,230.221,2,1
2835,130.701,188.666,2,1
2836,233.766,165.787,2,1
2837,439.906,243.014,2,1
2838,347.842,71.7112,2,1
2839,380.25,172.655,2,1
2840,499.074,274.031,2,1
2841,380.189,131.107,2,1
2842,449.519,96.5076,2,1
2843,223.115,14.6379,2,1
2844,162.909,72.9864,2,1
2845,22.7794,140.402,2,1
2846,385.172,51.7919,2,1
2847,428.215,246.464,2,1
2848,333.842,91.2187,2,1
2849,231.544,93.115,2,1
2850,489.68,78.1277,2,1
2851,177.825,125.97,2,1
2852,248.711,265.4,2,1
2853,418.962,10.5228,2,1
2854,519.831,267.849,2,1
2855,465.273,159.139,2,1
2856,457.868,53.654,2,1
2857,81.3225,123.62,2,1
2858,240.18,185.187,2,1
2859,385.548,135.653,2,1
2860,470.925,90.2524,2,1
2861,25.7545,17.6083,2,1
2862,493.185,80.1963,2,1
2863,245.022,92.249,2,1
2864,589.974,137.053,2,1
2865,447.329,100.019,2,1
2866,580.49,257.145,2,1
2867,474.383,253.197,2,1
2868,365.782,133.566,2,1
2869,45.6918,62.1644,2,1
2870,86.2962,95.1085,2,1
2871,305.738,291.096,2,1
2872,262.195,182.961,2,1
2873,256.636,15.9466,2,1
2874,457.227,157.925,2,1
2875,125.71,179.739,2,1
2876,459.659,213.428,2,1
2877,410.504,249.289,2,1
2878,296.373,198.074,2,1
2879,459.092,273.198,2,1
2880,300.978,32.5458,2,1
2881,296.247,167.264,2,1
2882,105.681,21.1823,2,1
2883,295.44,140.555,2,1
2884,205.649,90.198,2,1
2885,507.114,191.806,2,1
2886,98.8549,298,2,1
2887,486.4,173.834,2,1
2888,257.506,113.848,2,1
2889,78.8222,251.407,2,1
2890,194.815,160.16,2,1
2891,569.682,64.9882,2,1
2892,365.791,188.75,2,1
2893,593.525,135.02,2,1
2894,455.223,271.948,2,1
2895,468.54,161.562,2,1
2896,456.525,283.637,2,1
2897,225.643,142.728,2,1
2898,192.439,66.624,2,1
2899,305.012,27.3051,2,1
2900,38.8193,3.30335,2,1
2901,397.21,275.036,2,1
2902,255.63,235.397,2,1
2903,43.75,5.87208,2,1
2904,125.872,124.56,2,1
2905,347.446,154.089,2,1
2906,397.702,138.064,2,1
2907,551.756,148.807,2,1
2908,257.93,246.454,2,1
2909,325.227,167.81,2,1
2910,599.764,144.744,2,1
2911,503.467,195.667,2,1
2912,308.509,8.84119,2,1
2913,539.007,46.7186,2,1
2914,72.1404,12.7458,2,1
2915,482.221,61.456,2,1
2916,158.474,198.316,2,1
2917,408.893,10.0372,2,1
2918,256.629,223.565,2,1
2919,277.115,24.2103,2,1
2920,514.01,64.8897,2,1
2921,479.7,168.549,2,1
2922,585.883,244.992,2,1
2923,349.11,199.548,2,1
2924,429.172,115.097,2,1
2925,575.415,84.2489,2,1
2926,479.181,64.1432,2,1
2927,224.87,242.079,2,1
2928,263.531,137.94,2,1
2929,304.262,58.2928,2,1
2930,214.97,234.833,2,1
2931,262.976,238.108,2,1
2932,104.5,162.129,2,1
2933,388.73,164.194,2,1
2934,224.122,88.6509,2,1
2935,178.386,63.7136,2,1
2936,342.078,177.983,2,1
2937,495.887,182.023,2,1
2938,400.223,11.5959,2,1
2939,56.5072,23.3612,2,1
2940,581.55,180.439,2,1
2941,63.9656,20.5895,2,1
2942,450.463,57.0313,2,1
2943,462.669,280.321,2,1
2944,282.973,133.93,2,1
2945,445.657,277.802,2,1
2946,207.607,237.565,2,1
2947,180.862,48.7138,2,1
2948,47.2668,75.2385,2,1
2949,145.361,128.018,2,1
2950,47.889,30.7626,2,1
2951,377.569,274.039,2,1
2952,354.279,197.554,2,1
2953,391.816,105.208,2,1
2954,354.573,260.604,2,1
2955,502.722,120.177,2,1
2956,212.818,201.155,2,1
2957,67.0174,96.7419,2,1
2958,215.246,180.166,2,1
2959,382.386,18.3346,2,1
2960,214.669,111.807,2,1
2961,451.255,271.369,2,1
2962,237.746,261.67,2,1
2963,554.421,246.343,2,1
2964,118.532,242.73,2,1
2965,355.169,160.329,2,1
2966,388.105,171.273,2,1
2967,384.31,47.8193,2,1
2968,18.6969,8.96337,2,1
2969,321.614,5.51856,2,1
2970,50.5821,42.0688,2,1
2971,182.854,32.7733,2,1
2972,84.9663,169.445,2,1
2973,452.872,192.366,2,1
2974,447.558,107.355,2,1
2975,414.773,263.085,2,1
2976,48.3047,58.8454,2,1
2977,110.532,62.4517,2,1
2978,225.063,124.484,2,1
2979,558.67,129.955,2,1
2980,162.798,65.1138,2,1
2981,401.465,31.5827,2,1
2982,133.603,226.902,2,1
2983,8.58769,87.9653,2,1
2984,533.532,52.4903,2,1
2985,154.76,183.884,2,1
2986,165.312,271.856,2,1
2987,378.542,24.3173,2,1
2988,504.514,290.758,2,1
2989,48.9269,288.724,2,1
2990,486.672,75.4153,2,1
2991,151.466,66.379,2,1
2992,55.5458,222.389,2,1
2993,241.352,189.064,2,1
2994,317.04,268.178,2,1
2995,469.829,250.971,2,1
2996,224.534,185.384,2,1
2997,380.752,116.161,2,1
2998,62.9945,125.309,2,1
2999,22.4279,51.5192,2,1
3000,115.195,298,2,1
3001,226.202,271.898,2,1
3002,4.74784,218.439,2,1
3003,454.788,172.242,2,1
3004,420.132,161.522,2,1
3005,129.809,178.343,2,1
3006,437.231,135.666,2,1
3007,139.362,254.714,2,1
3008,197.798,112.928,2,1
3009,553.856,71.4261,2,1
3010,451.667,107.615,2,1
3011,150.686,184.072,2,1
3012,466.839,137.273,2,1
3013,587.985,183.315,2,1
3014,202.658,290.383,2,1
3015,388.259,124.965,2,1
3016,70.3135,85.967,2,1
3017,346.168,178.383,2,1
3018,158.829,2,2,1
3019,39.1534,75.9569,2,1
3020,278.815,228.464,2,1
3021,40.5943,52.4128,2,1
3022,575.991,5.84526,2,1
3023,210.479,59.8207,2,1
3024,30.4182,69.4089,2,1
3025,250.59,52.1822,2,1
3026,579.899,47.5882,2,1
3027,94.0577,259.95,2,1
3028,581.049,298,2,1
3029,402.648,181.735,2,1
3030,597.013,163.537,2,1
3031,499.272,107.274,2,1
3032,150.562,176.294,2,1
3033,441.226,68.5583,2,1
3034,138.523,31.84,2,1
3035,437.906,259.08,2,1
3036,505.623,9.3885,2,1
3037,33.9672,255.861,2,1
3038,453.408,156.731,2,1
3039,347.768,55.0062,2,1
3040,306.924,298,2,1
3041,447.595,174.113,2,1
3042,408.463,24.9329,2,1
3043,380.557,70.0673,2,1
3044,206.37,125.08,2,1
3045,14.2357,104.198,2,1
3046,502.858,73.6739,2,1
3047,171.5,213.269,2,1
3048,595.575,275.789,2,1
3049,375.627,207.132,2,1
3050,391.142,260.901,2,1
3051,565.7,249.605,2,1
3052,342.472,43.6023,2,1
3053,298.074,72.0573,2,1
3054,461.762,89.2542,2,1
3055,527.443,168.283,2,1
3056,250.339,20.789,2,1
3057,274.919,178.79,2,1
3058,266.056,270.952,2,1
3059,67.6817,5.6008,2,1
3060,298.812,40.47,2,1
3061,480.59,5.92024,2,1
3062,23.8845,192.129,2,1
3063,592.695,174.953,2,1
3064,249.308,65.4009,2,1
3065,220.277,87.0931,2,1
3066,583.174,86.2228,2,1
3067,187.601,191.442,2,1
3068,529.131,20.8138,2,1
3069,284.974,246.19,2,1
3070,538.971,41.0392,2,1
3071,199.997,210.64,2,1
3072,575.633,22.7833,2,1
3073,499.494,6.8293,2,1
3074,355.697,18.3484,2,1
3075,158.786,73.378,2,1
3076,345.349,165.385,2,1
3077,122.291,153.623,2,1
3078,473.698,63.1785,2,1
3079,12.8134,206.556,2,1
3080,105.907,184.494,2,1
3081,70.9606,97.7311,2,1
3082,60.9231,273.553,2,1
3083,399.949,148.13,2,1
3084,371.179,195.43,2,1
3085,510.218,294.595,2,1
3086,288.606,37.6329,2,1
3087,144.401,123.784,2,1
3088,449.016,15.8475,2,1
3089,396.678,209.573,2,1
3090,255.292,266.216,2,1
3091,563.921,263.779,2,1
3092,489.499,229.654,2,1
3093,247.401,214.509,2,1
3094,428.264,42.327,2,1
3095,302.895,85.5695,2,1
3096,133.453,102.006,2,1
3097,248.763,226.032,2,1
3098,70.1909,242.525,2,1
3099,221.377,66.4976,2,1
3100,252.971,17.6331,2,1
3101,103.874,48.4008,2,1
3102,64.877,280.145,2,1
3103,338.5,50.8071,2,1
3104,114.315,2,2,1
3105,525.406,205.448,2,1
3106,108.27,73.1371,2,1
3107,577.025,171.796,2,1
3108,566.755,169.814,2,1
3109,450.701,92.5444,2,1
3110,577.714,26.2283,2,1
3111,518.089,33.8082,2,1
3112,465.787,88.6875,2,1
3113,431.613,273.02,2,1
3114,476.682,149.539,2,1
3115,286.522,205.786,2,1
3116,12.2375,268.304,2,1
3117,61.9136,44.8839,2,1
3118,36.6182,107.598,2,1
3119,199.978,183.109,2,1
3120,2.54969,279.562,2,1
3121,277.471,242.853,2,1
3122,161.736,94.7694,2,1
3123,455.456,138.809,2,1
3124,583.245,176.738,2,1
3125,126.165,64.2875,2,1
3126,7.13919,261.884,2,1
3127,310.417,180.652,2,1
3128,316.009,231.078,2,1
3129,141.755,152.789,2,1
3130,152.607,109.382,2,1
3131,227.631,250.913,2,1
3132,582.69,94.0636,2,1
3133,72.1117,20.0345,2,1
3134,16.7356,263.271,2,1
3135,537.268,99.4926,2,1
3136,558.247,99.6722,2,1
3137,575.511,269.71,2,1
3138,546.66,132.481,2,1
3139,286.018,290.615,2,1
3140,123.22,149.596,2,1
3141,236.489,123.281,2,1
3142,155.342,211.601,2,1
3143,363.049,2,2,1
3144,413.975,87.3399,2,1
3145,596.216,230.847,2,1
3146,179.738,218.215,2,1
3147,86.1315,29.1357,2,1
3148,157.28,15.3943,2,1
3149,441.063,178.689,2,1
3150,472.812,244.852,2,1
3151,434.699,43.7208,2,1
3152,558.437,13.4887,2,1
3153,278.956,119.125,2,1
3154,373.594,273.289,2,1
3155,128.054,135.234,2,1
3156,92.4296,169.484,2,1
3157,46.7542,43.2876,2,1
3158,565.953,2,2,1
3159,188.393,183.037,2,1
3160,205.603,164.779,2,1
3161,300.433,246.937,2,1
3162,346.841,257.681,2,1
3163,581.966,278.891,2,1
3164,573.467,225.163,2,1
3165,36.987,239.013,2,1
3166,178.155,43.3547,2,1
3167,254.021,34.0656,2,1
3168,14.5055,53.9401,2,1
3169,236.216,184.314,2,1
3170,61.0252,155.907,2,1
3171,231.925,217.952,2,1
3172,340.108,9.06585,2,1
3173,49.2987,217.686,2,1
3174,307.174,168.471,2,1
3175,462.048,68.1649,2,1
3176,460.494,13.1844,2,1
3177,566.884,147.533,2,1
3178,597.092,133.053,2,1
3179,546.108,253.124,2,1
3180,421.761,55.6302,2,1
3181,383.98,171.198,2,1
3182,467.058,280.574,2,1
3183,313.241,157.605,2,1
3184,418.884,214.981,2,1
3185,447.646,54.1442,2,1
3186,448.247,24.1376,2,1
3187,180.43,118.151,2,1
3188,114.543,67.644,2,1
3189,387.019,73.0365,2,1
3190,393.442,27.4043,2,1
3191,221.396,101.628,2,1
3192,490.222,172.18,2,1
3193,198.388,142.294,2,1
3194,73.1784,88.798,2,1
3195,573.254,71.8205,2,1
3196,419.094,280.991,2,1
3197,359.691,113.381,2,1
3198,470.622,103.746,2,1
3199,590.709,259.148,2,1
3200,402.528,235.879,2,1
3201,302.867,236.029,2,1
3202,85.141,152.435,2,1
3203,539.26,192.731,2,1
3204,461.884,185.608,2,1
3205,320.797,72.4996,2,1
3206,390.241,265.804,2,1
3207,490.886,108.938,2,1
3208,399.853,82.4225,2,1
3209,73.2532,60.782,2,1
3210,4.73914,110.455,2,1
3211,465.365,17.1277,2,1
3212,322.444,271.408,2,1
3213,581.765,98.1869,2,1
3214,376.596,152.631,2,1
3215,168.03,79.9942,2,1
3216,198.235,280.704,2,1
3217,182.633,266.671,2,1
3218,525.121,179.584,2,1
3219,35.9907,91.9963,2,1
3220,7.56767,140.73,2,1
3221,82.3116,73.9868,2,1
3222,264.17,111.585,2,1
3223,531.548,127.432,2,1
3224,2.21022,42.2241,2,1
3225,162.75,12.2984,2,1
3226,465.556,248.711,2,1
3227,425.477,106.407,2,1
3228,345.76,22.0917,2,1
3229,555.593,238.889,2,1
3230,587.048,159.594,2,1
3231,539.939,271.396,2,1
3232,435.66,88.9055,2,1
3233,597.46,97.7991,2,1
3234,402.248,131.413,2,1
3235,164.122,32.8722,2,1
3236,424.963,76.0338,2,1
3237,289.837,56.1799,2,1
3238,127.827,77.2275,2,1
3239,39.4102,111.924,2,1
3240,189.42,24.9898,2,1
3241,108.287,271.139,2,1
3242,79.1065,55.5801,2,1
3243,105.87,90.2292,2,1
3244,427.513,198.398,2,1
3245,396.343,63.104,2,1
3246,578.802,95.3851,2,1
3247,105.78,56.8511,2,1
3248,323.677,13.7111,2,1
3249,41.2803,216.45,2,1
3250,222.259,2.73259,2,1
3251,34.6533,100.784,2,1
3252,165.169,17.4456,2,1
3253,565.502,126.062,2,1
3254,153.346,120.574,2,1
3255,257.5,129.566,2,1
3256,271.006,2,2,1
3257,128.181,28.9229,2,1
3258,517.555,63.014,2,1
3259,490.096,86.683,2,1
3260,328.122,83.731,2,1
3261,294.83,202.321,2,1
3262,470.601,294.484,2,1
3263,297.799,11.2231,2,1
3264,419.059,58.75,2,1
3265,227.828,182.732,2,1
3266,404.035,38.1608,2,1
3267,219.214,209.03,2,1
3268,539.249,14.2753,2,1
3269,459.063,86.227,2,1
3270,366.123,100.3,2,1
3271,20.5186,89.4802,2,1
3272,414.42,69.2747,2,1
3273,458.758,204.259,2,1
3274,57.7914,238.537,2,1
3275,395.315,223.435,2,1
3276,57.479,225.987,2,1
3277,105.127,52.4021,2,1
3278,234.563,111.521,2,1
3279,121.326,294.513,2,1
3280,311.247,127.028,2,1
3281,356.194,32.7098,2,1
3282,155.027,151.714,2,1
3283,501.794,10.8492,2,1
3284,314.341,84.0944,2,1
3285,223.058,279.302,2,1
3286,127.672,156.133,2,1
3287,86.6202,283.355,2,1
3288,156.474,23.0079,2,1
3289,105.734,13.0608,2,1
3290,467.713,24.2359,2,1
3291,390.837,178.544,2,1
3292,278.972,92.6949,2,1
3293,47.2888,113.844,2,1
3294,436.79,167.693,2,1
3295,278.969,134.096,2,1
3296,324.215,119.228,2,1
3297,194.549,5.96623,2,1
3298,92.847,294.445,2,1
3299,190.585,9.67069,2,1
3300,101.963,276.723,2,1
3301,159.144,127.211,2,1
3302,304.931,31.4136,2,1
3303,332.308,152.739,2,1
3304,434.236,253.46,2,1
3305,176.723,177.674,2,1
3306,78.1444,164.939,2,1
3307,399.436,68.0412,2,1
3308,172.561,131.26,2,1
3309,296.325,144.538,2,1
3310,259.718,176.553,2,1
3311,106.066,158.394,2,1
3312,501.187,98.124,2,1
3313,70.0092,129.645,2,1
3314,231.107,24.4941,2,1
3315,29.2213,164.394,2,1
3316,295.28,66.4978,2,1
3317,445.214,253.569,2,1
3318,292.223,295.405,2,1
3319,534.35,134.635,2,1
3320,374.249,203.266,2,1
3321,156.053,4.97146,2,1
3322,116.261,105.724,2,1
3323,587.636,151.554,2,1
3324,457.551,265.249,2,1
3325,183.655,219.253,2,1
3326,543.05,130.501,2,1
3327,407.032,282.163,2,1
3328,555.281,292.054,2,1
3329,546.445,244.969,2,1
3330,379.278,187.972,2,1
3331,216.254,54.689,2,1
3332,393.137,88.3555,2,1
3333,54.0105,72.5309,2,1
3334,216.149,238.932,2,1
3335,599.564,189.594,2,1
3336,140.54,51.4575,2,1
3337,595.411,24.0362,2,1
3338,282.957,185.242,2,1
3339,506.679,2.59913,2,1
3340,223.792,131.608,2,1
3341,317.573,195.531,2,1
3342,578.617,260.706,2,1
3343,479.128,156.3,2,1
3344,42.8291,190.324,2,1
3345,397.861,165.847,2,1
3346,46.4703,70.1564,2,1
3347,370.483,61.6688,2,1
3348,108.232,203.609,2,1
3349,298.896,216.685,2,1
3350,587.568,6.25433,2,1
3351,215.978,246.322,2,1
3352,195.863,246.703,2,1
3353,465.838,171.18,2,1
3354,144.092,58.3654,2,1
3355,366.223,283.191,2,1
3356,427.29,79.3465,2,1
3357,473.747,218.238,2,1
3358,571.368,21.4807,2,1
3359,181.915,235.972,2,1
3360,520.755,298,2,1
3361,1.34743,207.255,2,1
3362,238.515,257.703,2,1
3363,438.945,13.0988,2,1
3364,375.527,63.0578,2,1
3365,208.092,217.07,2,1
3366,26.8108,2,2,1
3367,215.282,83.5661,2,1
3368,301.119,18.7392,2,1
3369,546.633,52.6145,2,1
3370,95.9653,267.816,2,1
3371,91.2169,128.961,2,1
3372,223.22,96.0561,2,1
3373,486.258,277.071,2,1
3374,210.661,111.099,2,1
3375,62.2024,211.677,2,1
3376,567.443,213.701,2,1
3377,495.576,5.93297,2,1
3378,467.522,226.962,2,1
3379,409.648,17.6088,2,1
3380,252.358,93.6743,2,1
3381,286.466,58.5891,2,1
3382,246.894,208.474,2,1
3383,322.709,45.6292,2,1
3384,463.121,85.4224,2,1
3385,484.714,253.727,2,1
3386,86.3858,99.3564,2,1
3387,311.971,110.478,2,1
3388,84.4829,44.06,2,1
3389,395.483,198.313,2,1
3390,291.401,118.427,2,1
3391,79.8902,87.6993,2,1
3392,193.049,130.414,2,1
3393,580.483,65.5322,2,1
3394,422.783,261.671,2,1
3395,458.145,161.898,2,1
3396,570.234,156.523,2,1
3397,199.419,214.673,2,1
3398,142.294,298,2,1
3399,283.027,38.7942,2,1
3400,89.0842,158.727,2,1
3401,295.405,288.467,2,1
3402,171.56,280.944,2,1
3403,530.521,49.7935,2,1
3404,346.712,184.58,2,1
3405,373.353,217.466,2,1
3406,482.174,226.259,2,1
3407,580.463,245.673,2,1
3408,390.025,220.903,2,1
3409,511.129,135.517,2,1
3410,475.197,287.727,2,1
3411,592.074,277.78,2,1
3412,426.638,182.941,2,1
3413,491.606,196.292,2,1
3414,219.7,190.63,2,1
3415,530.684,146.048,2,1
3416,218.697,156.092,2,1
3417,381.351,146.373,2,1
3418,383.424,201.652,2,1
3419,23.469,86.6138,2,1
3420,362.416,94.3542,2,1
3421,426.124,264.358,2,1
3422,458.205,69.6327,2,1
3423,149.29,84.9606,2,1
3424,477.487,137.295,2,1
3425,128.003,128.095,2,1
3426,77.1094,63.2153,2,1
3427,585.615,196.797,2,1
3428,25.323,165.556,2,1
3429,190.353,263.912,2,1
3430,314.375,40.0811,2,1
3431,418.804,222.078,2,1
3432,549.398,31.3501,2,1
3433,257.902,94.4036,2,1
3434,544.679,228.888,2,1
3435,24.9706,153.653,2,1
3436,47.3188,93.0498,2,1
3437,151.75,197.048,2,1
3438,96.6757,108.931,2,1
3439,40.0918,79.9084,2,1
3440,293.318,150.048,2,1
3441,110.064,157.873,2,1
3442,137.073,280.246,2,1
3443,294.276,232.334,2,1
3444,538.032,89.0437,2,1
3445,19.6697,206.276,2,1
3446,239.146,32.2283,2,1
3447,63.6889,240.2,2,1
3448,496.413,209.67,2,1
3449,575.024,175.537,2,1
3450,479.567,133.85,2,1
3451,396.83,55.6651,2,1
3452,254.313,252.986,2,1
3453,154.7,141.602,2,1
3454,518.459,259.494,2,1
3455,467.66,186.003,2,1
3456,366.067,240.58,2,1
3457,220.787,216.93,2,1
3458,122.519,248.365,2,1
3459,55.2687,105.773,2,1
3460,490.442,248.446,2,1
3461,541.441,134.266,2,1
3462,468.328,114.582,2,1
3463,526.364,89.8009,2,1
3464,586.116,179.697,2,1
3465,376.521,199.938,2,1
3466,222.292,10.6371,2,1
3467,226.933,167.975,2,1
3468,221.373,194.267,2,1
3469,235.608,25.8981,2,1
3470,428.13,219.448,2,1
3471,561.083,243.378,2,1
3472,266.21,84.5523,2,1
3473,577.603,181.14,2,1
3474,328.149,222.679,2,1
3475,535.169,289.417,2,1
3476,54.5572,83.9246,2,1
3477,271.839,46.3843,2,1
3478,583.225,260.163,2,1
3479,2.74805,192.065,2,1
3480,260.667,224.091,2,1
3481,432.783,140.962,2,1
3482,212.393,23.5088,2,1
3483,514.297,94.6768,2,1
3484,233.421,77.1773,2,1
3485,181.185,156.457,2,1
3486,73.7192,2,2,1
3487,148.348,77.893,2,1
3488,465.743,66.3205,2,1
3489,246.666,35.9032,2,1
3490,223.026,203.235,2,1
3491,165.022,182.89,2,1
3492,369.122,31.802,2,1
3493,81.3338,153.737,2,1
3494,366.143,83.8261,2,1
3495,129.282,66.7947,2,1
3496,447.172,6.01501,2,1
3497,354.506,219.809,2,1
3498,247.805,121.006,2,1
3499,594.391,178.629,2,1
3500,262.456,194.709,2,1
3501,126.715,9.88221,2,1
3502,468.133,35.1762,2,1
3503,182.03,87.4101,2,1
3504,501.233,277.546,2,1
3505,112.035,282.934,2,1
3506,524.72,83.0608,2,1
3507,393.657,31.457,2,1
3508,313.444,196.035,2,1
3509,161.225,250.912,2,1
3510,401.018,96.8661,2,1
3511,238.594,240.296,2,1
3512,549.037,136.629,2,1
3513,281.755,257.474,2,1
3514,164.614,116.916,2,1
3515,426.851,256.18,2,1
3516,169.76,108.697,2,1
3517,136.15,71.1486,2,1
3518,550.979,64.4079,2,1
3519,417.664,18.7366,2,1
3520,238.521,208.299,2,1
3521,21.3031,165.836,2,1
3522,248.252,83.5259,2,1
3523,259.159,49.5519,2,1
3524,275.52,123.418,2,1
3525,387.346,236.818,2,1
3526,293.313,46.3472,2,1
3527,475.489,16.9605,2,1
3528,593.216,32.8793,2,1
3529,357.627,243.075,2,1
3530,35.6069,73.6308,2,1
3531,463.737,24.9951,2,1
3532,246.992,229.674,2,1
3533,144.431,23.6726,2,1
3534,408.018,39.0317,2,1
3535,147.277,95.8595,2,1
3536,227.718,255.316,2,1
3537,39.3378,250.249,2,1
3538,330.913,242.683,2,1
3539,138.421,12.6341,2,1
3540,81.2607,157.841,2,1
3541,9.04072,83.1703,2,1
3542,6.99289,179.66,2,1
3543,70.7201,292.577,2,1
3544,30.5291,65.3453,2,1
3545,513.935,201.622,2,1
3546,518.059,98.0975,2,1
3547,174.858,298,2,1
3548,302.645,209.393,2,1
3549,215.796,268.512,2,1
3550,397.729,20.1908,2,1
3551,109.439,124.594,2,1
3552,123.017,259.014,2,1
3553,423.542,272.252,2,1
3554,473.6,249.131,2,1
3555,388.222,49.0865,2,1
3556,78.2762,145.025,2,1
3557,27.6153,120.297,2,1
3558,307.52,15.776,2,1
3559,29.274,35.9963,2,1
3560,255.835,243.008,2,1
3561,306.372,79.1476,2,1
3562,360.199,297.191,2,1
3563,74.6104,23.6876,2,1
3564,326.678,277.126,2,1
3565,486.4,11.4306,2,1
3566,293.417,62.9233,2,1
3567,552.572,34.4096,2,1
3568,401.856,151.69,2,1
3569,450.2,170.87,2,1
3570,392.848,2,2,1
3571,157.034,159.607,2,1
3572,405.627,266.675,2,1
3573,585.59,35.9599,2,1
3574,481.771,222.273,2,1
3575,225.452,282.645,2,1
3576,321.134,214.615,2,1
3577,300.942,213.092,2,1
3578,510.852,58.2936,2,1
3579,402.828,45.2244,2,1
3580,479.589,72.3489,2,1
3581,242.64,112.86,2,1
3582,323.828,107.574,2,1
3583,82.4396,93.7163,2,1
3584,208.987,121.931,2,1
3585,300.888,265.835,2,1
3586,542.924,29.9459,2,1
3587,468.634,153.269,2,1
3588,443.492,39.9668,2,1
3589,185.605,103.999,2,1
3590,236.792,156.895,2,1
3591,352.956,81.1387,2,1
3592,258.897,231.886,2,1
3593,463.023,128.576,2,1
3594,288.556,64.0047,2,1
3595,553.703,67.4018,2,1
3596,310.016,100.177,2,1
3597,448.482,50.1599,2,1
3598,16.3822,33.8377,2,1
3599,97.4377,279.737,2,1
3600,265.117,298,2,1
3601,202.618,28.0711,2,1
3602,359.379,205.924,2,1
3603,498.793,39.2558,2,1
3604,116.174,257.132,2,1
3605,171.336,253.772,2,1
3606,307.895,195.39,2,1
3607,294.626,42.53,2,1
3608,421.562,83.8647,2,1
3609,201.863,112.363,2,1
3610,346.132,124.637,2,1
3611,239.129,23.684,2,1
3612,345.724,65.8581,2,1
3613,432.816,180.5,2,1
3614,113.885,9.39045,2,1
3615,70.115,215.979,2,1
3616,91.1288,34.697,2,1
3617,137.597,163.074,2,1
3618,99.594,225.165,2,1
3619,173.163,246.592,2,1
3620,195.727,97.7839,2,1
3621,157.455,120.355,2,1
3622,251.45,87.8686,2,1
3623,405.397,42.1173,2,1
3624,544.953,284.425,2,1
3625,56.6535,211.706,2,1
3626,216.824,172.222,2,1
3627,484.306,239.551,2,1
3628,318.887,46.84,2,1
3629,74.1704,56.1125,2,1
3630,115.014,262.226,2,1
3631,403.656,279.883,2,1
3632,206.651,112.052,2,1
3633,436.832,171.712,2,1
3634,540.156,239.836,2,1
3635,568.371,203.899,2,1
3636,567.548,224.53,2,1
3637,206.726,275.236,2,1
3638,178.805,211.637,2,1
3639,388.786,279.923,2,1
3640,333.178,265.402,2,1
3641,292.479,145.817,2,1
3642,369.751,85.7777,2,1
3643,174.038,160.088,2,1
3644,358.034,109.402,2,1
3645,19.4253,138.123,2,1
3646,125.718,22.9072,2,1
3647,152.734,162.811,2,1
3648,54.4908,151.645,2,1
3649,257.181,163.694,2,1
3650,317.08,148.657,2,1
3651,383.932,234.678,2,1
3652,379.215,11.8998,2,1
3653,231.432,42.2518,2,1
3654,336.347,47.2457,2,1
3655,554.57,233.882,2,1
3656,190.402,5.65976,2,1
3657,53.3014,98.4558,2,1
3658,53.8543,246.152,2,1
3659,320.211,96.0217,2,1
3660,135.347,199.828,2,1
3661,24.3003,122.763,2,1
3662,213.021,27.5393,2,1
3663,553.664,56.6035,2,1
3664,32.82,25.233,2,1
3665,312.567,9.39218,2,1
3666,377.956,148.774,2,1
3667,346.436,231.879,2,1
3668,80.9708,59.5623,2,1
3669,334.926,286.042,2,1
3670,388.548,228.523,2,1
3671,83.6098,22.7635,2,1
3672,307.987,199.432,2,1
3673,32.2123,94.2078,2,1
3674,81.4065,167.26,2,1
3675,223.117,70.6023,2,1
3676,458.036,209.749,2,1
3677,585.741,280.286,2,1
3678,78.4958,115.374,2,1
3679,530.828,136.784,2,1
3680,9.41987,187.458,2,1
3681,420.434,115.244,2,1
3682,574.925,262.3,2,1
3683,142.623,137.684,2,1
3684,277.167,210.944,2,1
3685,438.585,160.313,2,1
3686,70.989,163.814,2,1
3687,599.477,248.528,2,1
3688,180.722,97.607,2,1
3689,163.461,278.66,2,1
3690,373.953,283.631,2,1
3691,359.934,183.237,2,1
3692,541.663,2,2,1
3693,118.748,83.8055,2,1
3694,218.85,108.084,2,1
3695,510.736,231.101,2,1
3696,489.439,59.8821,2,1
3697,479.025,276.818,2,1
3698,108.217,98.2895,2,1
3699,306.116,73.4263,2,1
3700,581.19,142.549,2,1
3701,450.499,206.798,2,1
3702,382.917,127.951,2,1
3703,498.224,270.042,2,1
3704,65.3336,247.618,2,1
3705,386.991,128.877,2,1
3706,476.153,273.929,2,1
3707,285.225,271.441,2,1
3708,387.873,85.9854,2,1
3709,563.493,224.887,2,1
3710,341.565,157.941,2,1
3711,339.476,122.099,2,1
3712,412.669,25.1405,2,1
3713,433.445,144.975,2,1
3714,594.298,257.043,2,1
3715,227.421,230.49,2,1
3716,331.485,178.048,2,1
3717,91.5675,65.4722,2,1
3718,446.731,151.458,2,1
3719,45.5137,86.0178,2,1
3720,359.982,291.005,2,1
3721,31.7399,45.2498,2,1
3722,358.27,196.764,2,1
3723,320.197,198.929,2,1
3724,408.425,102.062,2,1
3725,507.841,112.034,2,1
3726,595.284,234.933,2,1
3727,437.934,225.461,2,1
3728,531.922,271.172,2,1
3729,396.248,278.961,2,1
3730,211.874,182.393,2,1
3731,33.0119,156.455,2,1
3732,534.345,67.3768,2,1
3733,95.7468,32.8878,2,1
3734,304.155,131.012,2,1
3735,133.868,164.58,2,1
3736,195.456,236.744,2,1
3737,371.635,206.8,2,1
3738,7.44373,102.089,2,1
3739,152.171,41.7503,2,1
3740,107.811,49.3829,2,1
3741,516.799,133.102,2,1
3742,314.666,129.105,2,1
3743,227.945,91.1128,2,1
3744,297.31,56.48,2,1
3745,524.12,65.0724,2,1
3746,554.658,26.6101,2,1
3747,289.639,84.8418,2,1
3748,170.948,152.269,2,1
3749,415.033,280.748,2,1
3750,21.7777,228.618,2,1
3751,172.811,116.312,2,1
3752,232.762,143.454,2,1
3753,395.461,67.0585,2,1
3754,185.565,46.5261,2,1
3755,559.645,239.545,2,1
3756,337.861,66.0219,2,1
3757,559.425,290.536,2,1
3758,525.839,252.637,2,1
3759,63.4065,134.133,2,1
3760,566.308,228.347,2,1
3761,334.348,261.483,2,1
3762,342.583,50.5892,2,1
3763,228.914,45.6946,2,1
3764,67.2325,179.518,2,1
3765,492.31,211.528,2,1
3766,414.875,180.334,2,1
3767,380.03,42.3917,2,1
3768,319.069,276.12,2,1
3769,271.569,37.3719,2,1
3770,171.444,54.547,2,1
3771,39.3803,95.1085,2,1
3772,106.951,298,2,1
3773,542.719,236.67,2,1
3774,0.42976,100.672,2,1
3775,172.754,234.92,2,1
3776,165.664,147.263,2,1
3777,92.4971,200.457,2,1
3778,329.726,5.60161,2,1
3779,234.374,9.98136,2,1
3780,370.708,167.768,2,1
3781,500.257,223.933,2,1
3782,38.6726,279.218,2,1
3783,501.573,176.282,2,1
3784,521.6,227.558,2,1
3785,130.309,32.4265,2,1
3786,265.272,134.337,2,1
3787,172.923,164.042,2,1
3788,201.071,174.049,2,1
3789,352.234,288.975,2,1
3790,34.2197,288.943,2,1
3791,112.342,5.58003,2,1
3792,447.013,197.411,2,1
3793,285.28,130.627,2,1
3794,589.29,264.994,2,1
3795,123.297,84.0169,2,1
3796,392.806,70.1135,2,1
3797,588.168,140.662,2,1
3798,117.666,124.471,2,1
3799,146.724,279.676,2,1
3800,345.554,109.757,2,1
3801,553.362,30.4767,2,1
3802,76.1489,220.177,2,1
3803,409.489,221.027,2,1
3804,487.652,273.274,2,1
3805,587.514,123.874,2,1
3806,332.377,94.9645,2,1
3807,41.1268,265.209,2,1
3808,280.097,296.002,2,1
3809,457.065,61.7691,2,1
3810,133.689,150.319,2,1
3811,78.8104,274.32,2,1
3812,590.859,297.609,2,1
3813,362.141,282.061,2,1
3814,580.879,132.545,2,1
3815,179.325,152.824,2,1
3816,304.722,7.31731,2,1
3817,589.824,281.441,2,1
3818,526.755,115.902,2,1
3819,340.977,60.8004,2,1
3820,38.3399,84.1262,2,1
3821,530.89,115.74,2,1
3822,2.67545,36.0702,2,1
3823,15.8845,75.1882,2,1
3824,188.509,67.8803,2,1
3825,73.8012,105.173,2,1
3826,531.751,9.56305,2,1
3827,22.4875,39.6771,2,1
3828,344.792,235.71,2,1
3829,388.609,138.35,2,1
3830,585.768,97.7668,2,1
3831,562.021,40.2857,2,1
3832,283.793,154.321,2,1
3833,112.294,275.056,2,1
3834,443.676,268.302,2,1
3835,17.5223,198.609,2,1
3836,180.768,176.747,2,1
3837,97.9565,260.904,2,1
3838,582.529,267.723,2,1
3839,251.208,2,2,1
3840,22.6435,70.3153,2,1
3841,162.961,151.756,2,1
3842,453.9,146.685,2,1
3843,434.451,275.884,2,1
3844,82.2163,259.225,2,1
3845,476.043,107.434,2,1
3846,444.737,281.842,2,1
3847,24.1549,243.889,2,1
3848,150.564,12.7764,2,1
3849,220.948,220.965,2,1
3850,455.686,107.242,2,1
3851,380.818,81.2201,2,1
3852,349.855,272.422,2,1
3853,128.186,40.0712,2,1
3854,49.4473,284.595,2,1
3855,23.5169,289.999,2,1
3856,534.724,142.768,2,1
3857,189.469,63.6884,2,1
3858,460.236,151.334,2,1
3859,362.503,186.395,2,1
3860,426.758,12.948,2,1
3861,207.945,221.14,2,1
3862,463.552,214.703,2,1
3863,451.967,229.695,2,1
3864,219.074,228.065,2,1
3865,112.604,161.187,2,1
3866,593.2,57.2497,2,1
3867,446.131,147.481,2,1
3868,276.855,173.818,2,1
3869,434.906,228.194,2,1
3870,96.0339,163.071,2,1
3871,190.569,204.268,2,1
3872,509.722,175.811,2,1
3873,546.672,16.1229,2,1
3874,338.004,290.654,2,1
3875,286.4,10.7386,2,1
3876,418.193,153.047,2,1
3877,215.992,176.17,2,1
3878,206.868,290.28,2,1
3879,149.322,165.014,2,1
3880,453.236,152.708,2,1
3881,320.104,174.087,2,1
3882,444.005,154.448,2,1
3883,131.163,52.977,2,1
3884,529.03,119.309,2,1
3885,216.075,284.48,2,1
3886,98.4468,10.5759,2,1
3887,419.533,22.5432,2,1
3888,580.661,122.188,2,1
3889,30.3629,142.417,2,1
3890,429.114,208.722,2,1
3891,336.242,15.1453,2,1
3892,326.881,171.52,2,1
3893,258.705,121.748,2,1
3894,153.739,259.243,2,1
3895,162.756,38.8208,2,1
3896,211.557,219.335,2,1
3897,263.302,279.791,2,1
3898,563.864,109.159,2,1
3899,586.479,10.1596,2,1
3900,392.32,124.294,2,1
3901,457.703,79.3423,2,1
3902,570.952,128.766,2,1
3903,52.5839,290.379,2,1
3904,476.294,126.702,2,1
3905,94.1405,52.3819,2,1
3906,234.742,73.3818,2,1
3907,21.676,184.883,2,1
3908,470.843,38.5253,2,1
3909,498.644,2,2,1
3910,439.168,61.3995,2,1
3911,245.845,58.8925,2,1
3912,429.602,100.39,2,1
3913,15.6307,221.992,2,1
3914,406.088,108.757,2,1
3915,345.951,29.3197,2,1
3916,169.721,93.3181,2,1
3917,44.1937,23.5467,2,1
3918,562.314,253.034,2,1
3919,157.649,258.108,2,1
3920,150.044,260.885,2,1
3921,124.653,2,2,1
3922,398.995,252.902,2,1
3923,327.354,160.407,2,1
3924,87.0753,20.7351,2,1
3925,280.643,156.819,2,1
3926,350.506,204.742,2,1
3927,138.245,298,2,1
3928,423.515,164.848,2,1
3929,485.746,223.354,2,1
3930,473.233,142.572,2,1
3931,194.496,123.048,2,1
3932,321.076,236.734,2,1
3933,44.8022,274.149,2,1
3934,2.16373,255.68,2,1
3935,586.806,93.8297,2,1
3936,243.773,245.178,2,1
3937,130.755,58.7681,2,1
3938,391.341,203.375,2,1
3939,53.6834,170.926,2,1
3940,238.994,236.196,2,1
3941,506.515,159.132,2,1
3942,356.775,129.527,2,1
3943,578.623,81.8192,2,1
3944,454.956,86.9675,2,1
3945,59.2264,176.91,2,1
3946,98.143,80.1323,2,1
3947,227.646,17.6907,2,1
3948,154.601,12.3849,2,1
3949,26.2122,113.7,2,1
3950,148.323,69.0702,2,1
3951,99.4494,155.719,2,1
3952,79.193,266.264,2,1
3953,532.271,238.39,2,1
3954,363.912,164.032,2,1
3955,360.081,231.328,2,1
3956,227.243,95.0767,2,1
3957,584.482,65.7706,2,1
3958,48.9805,79.0133,2,1
3959,449.192,254.388,2,1
3960,191.976,247.863,2,1
3961,297.564,30.2326,2,1
3962,587.194,62.6692,2,1
3963,487.476,194.171,2,1
3964,234.772,229.756,2,1
3965,179.913,289.956,2,1
3966,165.747,94.8045,2,1
3967,253.787,115.673,2,1
3968,297.457,274.203,2,1
3969,214.215,272.479,2,1
3970,286.119,218.785,2,1
3971,9.71618,69.8494,2,1
3972,85.081,109.664,2,1
3973,182.866,24.7346,2,1
3974,148.746,151.708,2,1
3975,537.929,164.648,2,1
3976,160.788,163.527,2,1
3977,218.814,76.5283,2,1
3978,118.537,162.656,2,1
3979,98.9347,290.728,2,1
3980,132.777,231.841,2,1
3981,120.633,173.489,2,1
3982,459.788,138.515,2,1
3983,263.776,37.9123,2,1
3984,351.772,70.9438,2,1
3985,181.629,15.2366,2,1
3986,206.619,107.923,2,1
3987,160.434,281.745,2,1
3988,554.953,63.4435,2,1
3989,357.234,209.404,2,1
3990,314.939,152.111,2,1
3991,383.72,113.43,2,1
3992,184.642,251.234,2,1
3993,416.257,108.774,2,1
3994,16.7168,251.48,2,1
3995,545.82,203.278,2,1
3996,553.711,2,2,1
3997,271.906,13.8924,2,1
3998,356.273,74.2608,2,1
3999,96.9147,287.179,2,1
4000,480.056,106.844,2,1
4001,118.954,289.348,2,1
4002,350.742,43.5535,2,1
4003,182.495,77.3237,2,1
4004,371.02,220.846,2,1
4005,489.395,287.71,2,1
4006,4.3652,28.0608,2,1
4007,595.967,201.293,2,1
4008,529.631,100.549,2,1
4009,380.677,151.798,2,1
4010,173.598,155.994,2,1
4011,469.77,172.307,2,1
4012,286.518,213.979,2,1
4013,231.331,236.402,2,1
4014,24.7653,30.2082,2,1
4015,409.701,231.252,2,1
4016,183,73.2681,2,1
4017,357.789,163.429,2,1
4018,525.623,227.131,2,1
4019,281.241,194.224,2,1
4020,560.685,32.3755,2,1
4021,385.464,272.483,2,1
4022,461.089,262.417,2,1
4023,409.575,77.2286,2,0
4024,37.428,253.817,2,1
4025,12.5174,72.8519,2,1
4026,568.456,179.988,2,1
4027,545.899,144.399,2,1
4028,228.958,100.712,2,1
4029,397.543,32.7349,2,1
4030,50.1883,229.101,2,1
4031,78.6074,98.7058,2,1
4032,373.549,170.712,2,1
4033,482.682,275.087,2,1
4034,537.328,201.474,2,1
4035,418.433,69.8159,2,1
4036,173.348,17.1193,2,1
4037,362.51,36.1514,2,1
4038,285.256,74.8341,2,1
4039,459.421,165.856,2,1
4040,460.366,82.3507,2,1
4041,219.22,40.7147,2,1
4042,137.492,63.1326,2,1
4043,590.087,240.135,2,1
4044,133.724,56.0804,2,1
4045,301.915,4.28265,2,1
4046,61.1176,92.2192,2,1
4047,156.419,280.883,2,1
4048,125.728,115.82,2,1
4049,414.276,191.945,2,1
4050,244.713,139.41,2,1
4051,41.3861,101.968,2,1
4052,423.947,130.476,2,1
4053,289.421,52.1743,2,1
4054,0.391665,62.9777,2,1
4055,222.829,22.7053,2,1
4056,464.995,50.4188,2,1
4057,23.0597,9.41162,2,1
4058,521.922,78.2393,2,1
4059,388.853,182.025,2,1
4060,181.872,66.695,2,1
4061,11.409,32.0513,2,1
4062,329.447,238.857,2,1
4063,291.58,20.5513,2,1
4064,573.997,2,2,1
4065,498.523,136.424,2,1
4066,109.043,229.759,2,1
4067,95.5631,119.825,2,1
4068,486.358,136.349,2,1
4069,282.719,144.478,2,1
4070,111.306,70.5239,2,1
4071,372.081,15.6573,2,1
4072,250.23,236.958,2,1
4073,527.726,248.989,2,1
4074,474.043,25.5603,2,1
4075,379.512,164.594,2,1
4076,463.911,189.066,2,1
4077,78.6429,297.168,2,1
4078,450.594,266.726,2,1
4079,336.316,40.1144,2,1
4080,290.679,234.875,2,1
4081,187.002,72.967,2,1
4082,437.817,95.8334,2,1
4083,309.111,76.1398,2,1
4084,565.955,94.1511,2,1
4085,556.982,220.024,2,1
4086,58.0435,158.762,2,1
4087,382.012,77.3072,2,1
4088,154.804,31.2784,2,1
4089,376.711,115.523,2,1
4090,559.604,275.05,2,1
4091,235.563,35.3407,2,1
4092,151.19,116.977,2,1
4093,127.352,120.799,2,1
4094,159.006,152.56,2,1
4095,432.842,73.448,2,1
4096,383.747,55.5374,2,1
4097,396.494,150.245,2,1
4098,12.1919,134.461,2,1
4099,381.816,30.5426,2,1
4100,348.958,246.663,2,1
4101,409.793,167.477,2,1
4102,245.8,75.95,2,1
4103,486.485,109.247,2,1
4104,68.7914,261.391,2,1
4105,276.668,5.74145,2,1
4106,150.384,140.733,2,1
4107,417.844,122.93,2,1
4108,306.933,38.4029,2,1
4109,324.755,139.172,2,1
4110,98.4753,229.041,2,1
4111,208.713,169.692,2,1
4112,416.336,32.6236,2,1
4113,29.0873,52.7778,2,1
4114,21.2822,119.525,2,1
4115,218.648,32.9322,2,1
4116,458.52,294.429,2,1
4117,117.658,222.824,2,1
4118,300.857,220.281,2,1
4119,112.931,271.046,2,1
4120,72.2873,205.703,2,1
4121,94.9109,180.91,2,1
4122,483.305,267.184,2,1
4123,452.522,283.665,2,1
4124,323.252,28.4547,2,1
4125,149.927,256.786,2,1
4126,66.1996,291.483,2,1
4127,113.483,59.5225,2,1
4128,37.9421,138.311,2,1
4129,23.2295,82.5045,2,1
4130,343.113,161.725,2,1
4131,53.6808,68.4282,2,1
4132,19.6161,100.534,2,1
4133,241.61,136.782,2,1
4134,394.384,51.3463,2,1
4135,513.85,175.838,2,1
4136,22.972,269.262,2,1
4137,549.917,42.4467,2,1
4138,363.11,17.6638,2,1
4139,41.3223,186.527,2,1
4140,535.176,221.283,2,1
4141,503.367,250.443,2,1
4142,108.933,26.8428,2,1
4143,94.6401,283.194,2,1
4144,537.898,224.286,2,1
4145,322.495,247.067,2,1
4146,219.774,131.244,2,1
4147,65.8687,201.629,2,1
4148,159.457,53.5238,2,1
4149,383.977,109.002,2,1
4150,527.163,222.928,2,1
4151,478.174,254.62,2,1
4152,106.283,215.349,2,1
4153,163.508,176.079,2,1
4154,335.912,191.797,2,1
4155,598.637,244.547,2,1
4156,339.346,246.524,2,1
4157,97.9044,146.99,2,1
4158,177.225,67.6073,2,1
4159,25.8854,137.83,2,1
4160,288.091,78.6607,2,1
4161,139.615,283.344,2,1
4162,101.325,286.65,2,1
4163,126.069,131.702,2,1
4164,509.292,62.5349,2,1
4165,299.231,234.199,2,1
4166,400.515,100.883,2,1
4167,151.183,62.3465,2,1
4168,193.553,112.267,2,1
4169,505.478,187.786,2,1
4170,270.878,118.561,2,1
4171,192.097,42.2139,2,1
4172,36.1681,78.7308,2,1
4173,361.766,149.666,2,1
4174,499.841,258.086,2,1
4175,227.447,63.6507,2,1
4176,53.6048,53.2117,2,1
4177,345.325,253.879,2,1
4178,175.612,9.13442,2,1
4179,139.192,107.709,2,1
4180,563.697,151.28,2,1
4181,237.666,204.265,2,1
4182,202.002,2,2,1
4183,514.139,34.8536,2,1
4184,429.834,237.842,2,1
4185,554.673,250.529,2,1
4186,174.359,277.955,2,1
4187,81.7246,255.087,2,1
4188,105.387,169.258,2,1
4189,253.958,226.69,2,1
4190,418.946,144.864,2,1
4191,83.9179,246.24,2,1
4192,343.576,136.87,2,1
4193,395.688,134.483,2,1
4194,541.044,55.6845,2,1
4195,494.533,178.233,2,1
4196,511.247,255.533,2,1
4197,165.611,76.1693,2,1
4198,436.744,103.884,2,1
4199,113.791,138.526,2,1
4200,535.546,16.0524,2,1
4201,349.086,276.375,2,1
4202,484.077,271.249,2,1
4203,163.636,294.086,2,1
4204,249.941,40.583,2,1
4205,369.541,171.68,2,1
4206,300.145,36.6828,2,1
4207,490.712,191.737,2,1
4208,323.722,2.04485,2,1
4209,539.285,18.4517,2,1
4210,102.715,265.903,2,1
4211,306.088,182.443,2,1
4212,237.013,195.811,2,1
4213,526.236,138.539,2,1
4214,317.418,5.51782,2,1
4215,161.563,101.885,2,1
4216,259.706,79.8453,2,1
4217,391.393,66.2696,2,1
4218,113.735,131.614,2,1
4219,432.73,269.101,2,1
4220,303.505,193.581,2,1
4221,351.42,99.785,2,1
4222,482.207,186.443,2,1
4223,591.261,156.477,2,1
4224,293.349,255.557,2,1
4225,198.341,94.6626,2,1
4226,537.191,160.707,2,1
4227,514.487,294.58,2,1
4228,558.464,83.8033,2,1
4229,345.8,146.109,2,1
4230,145.079,287.228,2,1
4231,328.562,96.5089,2,1
4232,314.545,13.0516,2,1
4233,124.286,211.861,2,1
4234,8.35378,210.509,2,1
4235,441.593,44.411,2,1
4236,458.185,134.835,2,1
4237,404.474,210.058,2,1
4238,576.089,288.569,2,1
4239,64.9672,154.795,2,1
4240,1.95222,152.354,2,1
4241,123.223,274.557,2,1
4242,242.377,61.0752,2,1
4243,280.686,5.73251,2,1
4244,215.148,208.316,2,1
4245,202.583,108.342,2,1
4246,273.221,131.371,2,1
4247,582.121,2,2,1
4248,384.667,2,2,1
4249,63.731,229.023,2,1
4250,259.123,264.714,2,1
4251,472.467,272.233,2,1
4252,232.751,102.321,2,1
4253,563.488,290.512,2,1
4254,123.507,96.9497,2,1
4255,413.987,124.166,2,1
4256,272.008,98.8971,2,1
4257,489.26,38.6692,2,1
4258,61.6752,141.802,2,1
4259,592.411,293.882,2,1
4260,405.299,29.1023,2,1
4261,427.253,30.9571,2,1
4262,546.625,249.074,2,1
4263,542.08,195.669,2,1
4264,515.055,252.488,2,1
4265,266.92,262.978,2,1
4266,156.126,231.576,2,1
4267,355.947,184.358,2,1
4268,362.799,129.77,2,1
4269,355.994,231.487,2,1
4270,171.849,178.122,2,1
4271,367.431,278.886,2,1
4272,67.416,213.025,2,1
4273,223.714,18.6139,2,1
4274,525.039,41.8415,2,1
4275,73.6857,201.139,2,1
4276,466.733,46.8153,2,1
4277,448.503,85.3011,2,1
4278,13.8106,200.298,2,1
4279,345,117.66,2,1
4280,227.456,5.84074,2,1
4281,322.892,195.867,2,1
4282,396.922,2,2,1
4283,298.384,116.007,2,1
4284,473.662,213.394,2,1
4285,286.102,54.5896,2,1
4286,53.1052,286.407,2,1
4287,336.862,142.789,2,1
4288,251.807,81.5577,2,1
4289,15.7908,136.236,2,1
4290,515.038,115.659,2,1
4291,110.989,290.979,2,1
4292,368.514,152.608,2,1
4293,206.391,142.919,2,1
4294,573.036,91.9408,2,1
4295,469.806,193.621,2,1
4296,473.28,100.577,2,1
4297,449.174,103.648,2,1
4298,352.985,104.269,2,1
4299,550.081,282.145,2,1
4300,207.315,82.2806,2,1
4301,225.402,174.92,2,1
4302,339.696,25.5261,2,1
4303,203.692,215.018,2,1
4304,527.737,63.0754,2,1
4305,321.144,210.465,2,1
4306,116.244,273.676,2,1
4307,109.022,87.4692,2,1
4308,566.4,112.271,2,1
4309,50.9727,236.215,2,1
4310,583.029,286.972,2,1
4311,104.851,111.942,2,1
4312,158.55,61.9677,2,1
4313,146.826,5.66056,2,1
4314,95.4703,154.009,2,1
4315,155.17,215.646,2,1
4316,328.091,141.533,2,1
4317,571.037,148.652,2,1
4318,417.273,132.93,2,1
4319,229.291,87.284,2,1
4320,464.041,20.9303,2,1
4321,220.241,36.7455,2,1
4322,318.246,99.5592,2,1
4323,517.399,218.155,2,1
4324,51.4757,177.684,2,1
4325,524.802,298,2,1
4326,404.271,116.068,2,1
4327,530.002,80.7,2,1
4328,7.70877,65.6108,2,1
4329,334.372,43.6836,2,1
4330,45.4631,186.211,2,1
4331,378.281,75.7936,2,1
4332,288.778,164.015,2,1
4333,347.117,161.475,2,1
4334,6.23335,124.733,2,1
4335,586.058,284.291,2,1
4336,407.191,172.474,2,1
4337,443.14,13.1407,2,1
4338,69.7769,66.6384,2,1
4339,52.46,266.097,2,1
4340,256.561,57.3328,2,1
4341,110.71,117.218,2,1
4342,75.5222,263.365,2,1
4343,411.962,13.9281,2,1
4344,157.168,264.28,2,1
4345,541.976,88.141,2,1
4346,428.466,174.015,2,1
4347,571.623,213.574,2,1
4348,374.728,228.14,2,1
4349,172.113,269.815,2,1
4350,123.924,128.151,2,1
4351,412.241,39.5821,2,1
4352,29.5845,111.503,2,1
4353,455.799,19.7003,2,1
4354,599.291,39.2993,2,1
4355,542.528,126.409,2,1
4356,182.335,83.4163,2,1
4357,196.419,74.9102,2,1
4358,467.983,107.079,2,1
4359,517.981,234.38,2,1
4360,370.678,69.194,2,1
4361,401.382,41.31,2,1
4362,384.945,6.01814,2,1
4363,263.703,20.4449,2,1
4364,97.9759,14.6825,2,1
4365,20.0353,36.3103,2,1
4366,140.653,60.5524,2,1
4367,255.319,119.549,2,1
4368,16.5083,50.3148,2,1
4369,440.252,121.439,2,1
4370,238.757,192.143,2,1
4371,434.04,126.272,2,1
4372,299.178,183.216,2,1
4373,328.77,280.635,2,1
4374,555.143,37.6009,2,1
4375,509.336,168.718,2,1
4376,116.924,39.4531,2,1
4377,84.9369,103.404,2,1
4378,338.382,146.8,2,1
4379,492.66,13.5412,2,1
4380,338.392,43.6288,2,1
4381,52.13,270.527,2,1
4382,350.046,78.3141,2,1
4383,139.681,118.856,2,1
4384,505.503,50.1688,2,1
4385,506.38,91.4143,2,1
4386,186.05,22.2861,2,1
4387,595.398,7.30403,2,1
4388,323.042,32.5346,2,1
4389,367.261,179.69,2,1
4390,229.06,145.079,2,1
4391,436.047,217.662,2,1
4392,444.042,97.6279,2,1
4393,88.1095,12.5806,2,1
4394,88.2245,86.9825,2,1
4395,455.158,115.777,2,1
4396,504.43,35.4337,2,1
4397,46.2279,298,2,1
4398,481.722,79.1037,2,1
4399,127.519,186.226,2,1
4400,504.182,217.927,2,1
4401,468.469,57.5083,2,1
4402,267.517,292.733,2,1
4403,292.466,88.9702,2,1
4404,256.192,283.048,2,1
4405,406.903,156.977,2,1
4406,28.1988,95.2652,2,1
4407,592.101,141.678,2,1
4408,83.4425,280.128,2,1
4409,480.395,294.37,2,1
4410,492.17,143.683,2,1
4411,398.505,119.032,2,1
4412,302.609,62.0539,2,1
4413,308.639,49.2676,2,1
4414,520.971,160.21,2,1
4415,325.69,115.434,2,1
4416,142.865,106.005,2,1
4417,413.011,277.182,2,1
4418,411.947,162.013,2,1
4419,298.643,64.1444,2,1
4420,411.916,245.129,2,1
4421,449.788,27.8843,2,1
4422,412.134,100.535,2,1
4423,295.348,18.9197,2,1
4424,39.1229,206.231,2,1
4425,141.58,44.6169,2,1
4426,207.905,208.94,2,1
4427,98.4068,236.104,2,1
4428,238.209,55.0518,2,1
4429,199.873,5.46764,2,1
4430,335.791,130.181,2,1
4431,345.66,157.748,2,1
4432,31.5992,98.1952,2,1
4433,36.2626,203.267,2,1
4434,160.291,87.0862,2,1
4435,234.399,2,2,1
4436,208.981,265.691,2,1
4437,370.7,228.408,2,1
4438,402.261,155.671,2,1
4439,552.534,112.753,2,1
4440,392.302,109.269,2,1
4441,106.291,2,2,1
4442,514.793,14.7605,2,1
4443,8.08758,269.535,2,1
4444,85.0649,234.722,2,1
4445,45.5813,286.248,2,1
4446,2.49994,215.08,2,1
4447,572.957,298,2,1
4448,63.0398,146.943,2,1
4449,494.178,252.247,2,1
4450,429.922,262.607,2,1
4451,186.29,229.664,2,1
4452,144.025,62.8803,2,1
4453,415.767,98.7184,2,1
4454,557.585,5.99961,2,1
4455,241.67,178.309,2,1
4456,169.018,5.75034,2,1
4457,311.801,122.487,2,1
4458,82.7637,127.522,2,1
4459,329.182,226.618,2,1
4460,303.521,244.163,2,1
4461,156.694,163.653,2,1
4462,5.25669,174.637,2,1
4463,432.767,172.445,2,1
4464,578.203,281.847,2,1
4465,511.869,105.21,2,1
4466,462.569,47.1833,2,1
4467,525.962,52.1902,2,1
4468,549.778,68.4229,2,1
4469,349.81,107.813,2,1
4470,583.415,271.629,2,1
4471,348.372,142.208,2,1
4472,399.792,286.874,2,1
4473,298.74,201.326,2,1
4474,505.926,204.142,2,1
4475,439.51,194.284,2,1
4476,439.556,174.918,2,1
4477,13.9347,167.407,2,1
4478,403.227,58.3718,2,1
4479,357.323,256.765,2,1
4480,478.465,187.904,2,1
4481,40.1532,294.516,2,1
4482,425.702,27.1422,2,1
4483,558.561,51.9611,2,1
4484,124.992,231.479,2,1
4485,476.25,159.195,2,1
4486,252.337,222.915,2,1
4487,247.774,161.144,2,1
4488,488.644,294.726,2,1
4489,42.2465,98.0194,2,1
4490,466.017,133.165,2,1
4491,262.1,170.122,2,1
4492,74.2204,216.651,2,1
4493,259.699,235.812,2,1
4494,56.9351,120.042,2,1
4495,23.5321,99.6109,2,1
4496,313.462,257.387,2,1
4497,139.586,103.662,2,1
4498,133.624,176.777,2,1
4499,92.8835,132.694,2,1
4500,559.882,256.271,2,1
4501,153.938,8.42367,2,1
4502,319.733,131.121,2,1
4503,594.307,11.2107,2,1
4504,593.827,28.7648,2,1
4505,552.109,253.876,2,1
4506,424.689,34.2019,2,1
4507,475.262,261.736,2,1
4508,167.354,174.339,2,1
4509,381.366,285.357,2,1
4510,67.3815,31.3797,2,1
4511,496.796,196.171,2,1
4512,528.872,159.981,2,1
4513,189.225,187.043,2,1
4514,529.779,203.506,2,1
4515,544.883,151.474,2,1
4516,87.2675,238.924,2,1
4517,394.571,188.99,2,1
4518,260.022,36.1424,2,1
4519,210.422,125.839,2,1
4520,500.459,15.8174,2,1
4521,318.149,113.345,2,1
4522,296.48,266.983,2,1
4523,557.93,71.9278,2,1
4524,441.293,252.665,2,1
4525,535.644,236.125,2,1
4526,71.6826,5.52627,2,1
4527,592.186,68.8037,2,1
4528,411.585,285.357,2,1
4529,133.695,81.7779,2,1
4530,163.503,212.91,2,1
4531,567.011,86.5191,2,1
4532,519.451,279.882,2,1
4533,373.357,246.787,2,1
4534,103.332,172.752,2,1
4535,332.907,21.1531,2,1
4536,89.41,272.362,2,1
4537,466.405,28.073,2,1
4538,170.352,158.332,2,1
4539,503.856,112.691,2,1
4540,239.67,265.875,2,1
4541,392.356,136.83,2,1
4542,442.603,187.192,2,1
4543,576.484,257.322,2,1
4544,15.4922,100.399,2,1
4545,543.021,242.856,2,1
4546,421.146,168.264,2,1
4547,452.06,215.934,2,1
4548,10.9067,55.7925,2,1
4549,485.343,219.182,2,1
4550,369.761,238.874,2,1
4551,92.6767,69.4218,2,1
4552,84.4697,205.39,2,1
4553,58.1455,190.823,2,1
4554,534.889,34.771,2,1
4555,97.3707,49.8364,2,1
4556,501.165,281.74,2,1
4557,408.8,198.954,2,1
4558,188.079,144.012,2,1
4559,361.681,243.855,2,1
4560,513.002,122.956,2,1
4561,32.2012,204.492,2,1
4562,39.8646,128.578,2,1
4563,329.788,89.8955,2,1
4564,180.178,247.526,2,1
4565,480.468,240.702,2,1
4566,484.156,243.694,2,1
4567,560.594,298,2,1
4568,418.39,288.19,2,1
4569,459.59,100.149,2,1
4570,192.337,36.7168,2,1
4571,89.2034,71.5861,2,1
4572,369.999,182.703,2,1
4573,320.285,103.098,2,1
4574,23.4309,208.04,2,1
4575,369.801,290.18,2,1
4576,258.711,180.995,2,1
4577,61.0818,81.0747,2,1
4578,564.291,245.839,2,1
4579,361.732,133.812,2,1
4580,598.151,240.569,2,1
4581,344.112,113.683,2,1
4582,260.539,45.7488,2,1
4583,569.458,25.0393,2,1
4584,575.327,148.392,2,1
4585,266.963,237.397,2,1
4586,152.426,77.1992,2,1
4587,211.913,176.597,2,1
4588,88.6893,294.503,2,1
4589,565.198,71.3274,2,1
4590,327.513,164.494,2,1
4591,105.191,247.791,2,1
4592,297.788,284.918,2,1
4593,166.518,90.7386,2,1
4594,155.094,170.218,2,1
4595,262.47,156.83,2,1
4596,247.936,233.638,2,1
4597,360.848,12.4804,2,1
4598,319.911,145.637,2,1
4599,370.168,53.1892,2,1
4600,416.299,14.7951,2,1
4601,222.895,180.269,2,1
4602,225.326,67.1777,2,1
4603,50.3112,138.476,2,1
4604,417.399,251.285,2,1
4605,497.03,264.316,2,1
4606,586.039,79.7344,2,1
4607,71.1777,111.94,2,1
4608,444.506,35.8203,2,1
4609,132.652,212.394,2,1
4610,51.438,222.779,2,1
4611,159.598,80.4614,2,1
4612,59.5432,87.9984,2,1
4613,142.743,35.771,2,1
4614,246.281,31.8098,2,1
4615,424.734,178.663,2,1
4616,555.076,48.6688,2,1
4617,583.448,20.7862,2,1
4618,522.065,233.855,2,1
4619,201.269,101.366,2,1
4620,73.5692,127.758,2,1
4621,325.44,156.336,2,1
4622,38.7845,242.619,2,1
4623,196.977,284.595,2,1
4624,249.474,128.789,2,1
4625,302.762,269.586,2,1
4626,301.88,11.3716,2,1
4627,159.234,214.602,2,1
4628,208.455,103.534,2,1
4629,412.904,211.149,2,1
4630,379.893,85.25,2,1
4631,496.51,234.042,2,1
4632,510.484,32.8404,2,1
4633,77.5808,159.669,2,1
4634,460.344,298,2,1
4635,365.418,107.819,2,1
4636,138.544,159.182,2,1
4637,420.159,107.328,2,1
4638,175.887,289.958,2,1
4639,272.69,211.052,2,1
4640,315.025,298,2,1
4641,25.557,183.033,2,1
4642,220.248,174.639,2,1
4643,518.647,3.11752,2,1
4644,167.72,251.733,2,1
4645,261.559,206.813,2,1
4646,156.291,291.577,2,1
4647,251.645,77.0081,2,1
4648,231.871,183.648,2,1
4649,237.551,219.403,2,1
4650,371.925,265.665,2,1
4651,18.5744,53.8303,2,1
4652,470.476,135.527,2,1
4653,565.998,101.848,2,1
4654,436.559,123.068,2,1
4655,262.68,51.7294,2,1
4656,309.266,19.4332,2,1
4657,241.891,163.131,2,1
4658,299.033,60.0938,2,1
4659,120.027,94.8553,2,1
4660,118.599,249.392,2,1
4661,386.34,12.3074,2,1
4662,487.679,237.359,2,1
4663,301.877,73.4397,2,1
4664,303.98,69.972,2,1
4665,70.0723,154.1,2,1
4666,164.044,171.956,2,1
4667,418.87,101.275,2,1
4668,214.778,107.707,2,1
4669,206.262,192.835,2,1
4670,210.992,235.408,2,1
4671,466.673,142.569,2,1
4672,195.955,188.301,2,1
4673,341.474,110.601,2,1
4674,282.885,211.984,2,1
4675,32.8213,8.88695,2,1
4676,207.843,270.098,2,1
4677,31.2415,212.323,2,1
4678,241.904,269.269,2,1
4679,550.77,132.687,2,1
4680,400.512,62.9143,2,1
4681,548.074,106.436,2,1
4682,595.717,116.709,2,1
4683,96.388,7.08329,2,1
4684,85.8246,177.81,2,1
4685,99.4451,98.0184,2,1
4686,158.201,268.255,2,1
4687,366.597,69.1303,2,1
4688,225.817,38.125,2,1
4689,409.294,192.314,2,1
4690,218.808,112.148,2,1
4691,485.323,210.448,2,1
4692,585.965,128.309,2,1
4693,268.81,131.748,2,1
4694,85.5285,201.155,2,1
4695,507.649,220.499,2,1
4696,169.716,226.935,2,1
4697,226.91,206.775,2,1
4698,330.953,171.953,2,1
4699,578.299,40.3961,2,1
4700,318.29,281.106,2,1
4701,567.27,98.0546,2,1
4702,26.3039,142.438,2,1
4703,398.136,131.066,2,1
4704,590.014,129.215,2,1
4705,410.556,35.8555,2,1
4706,470.358,27.3704,2,1
4707,270.047,141.405,2,1
4708,379.131,176.597,2,1
4709,55.3325,144.51,2,1
4710,247.901,187.884,2,1
4711,446.617,205.353,2,1
4712,277.897,259.463,2,1
4713,185.575,89.3983,2,1
4714,328.131,120.376,2,1
4715,318.404,127.225,2,1
4716,486.021,206.311,2,1
4717,128.793,215.182,2,1
4718,133.545,116.999,2,1
4719,178.901,298,2,1
4720,385.118,212.704,2,1
4721,227.945,244.766,2,1
4722,588.662,188.252,2,1
4723,422.629,158.254,2,1
4724,237.559,138.28,2,1
4725,193.538,156.286,2,1
4726,481.678,165.003,2,1
4727,402.696,163.447,2,1
4728,514.287,215.554,2,1
4729,586.987,109.361,2,1
4730,163.54,228.684,2,1
4731,102.887,63.7877,2,1
4732,175.493,281.973,2,1
4733,515.163,261.853,2,1
4734,382.957,223.513,2,1
4735,362.326,29.3725,2,1
4736,178.623,113.741,2,1
4737,410.536,203.345,2,1
4738,430.204,148.683,2,1
4739,280.59,240.203,2,1
4740,479.812,288.175,2,1
4741,232.981,89.2544,2,1
4742,298.332,295.127,2,1
4743,337,61.9903,2,1
4744,556.972,113.971,2,1
4745,356.79,66.2059,2,1
4746,515.331,274.592,2,1
4747,510.822,213.372,2,1
4748,231.929,244.219,2,1
4749,94.9233,144.248,2,1
4750,406.262,274.687,2,1
4751,169.712,29.76,2,1
4752,579.153,31.972,2,1
4753,363.885,25.6459,2,1
4754,50.0358,72.0805,2,1
4755,503.855,212.378,2,1
4756,194.558,93.3417,2,1
4757,101.531,148.768,2,1
4758,299.709,242.652,2,1
4759,559.919,126.151,2,1
4760,257.664,207.924,2,1
4761,0.203939,229.753,2,1
4762,368.055,16.2054,2,1
4763,309.974,41.1405,2,1
4764,275.456,203.493,2,1
4765,420.653,172.408,2,1
4766,470.537,210.58,2,1
4767,570.491,231.676,2,1
4768,257.251,29.158,2,1
4769,487.145,18.4004,2,1
4770,18.0686,30.1322,2,1
4771,343.847,281.346,2,1
4772,170.354,83.4584,2,1
4773,120.429,146.628,2,1
4774,548.511,121.388,2,1
4775,131.283,256.906,2,1
4776,365.585,172.754,2,1
4777,308.942,26.4629,2,1
4778,238.39,134.276,2,1
4779,104.37,142.071,2,1
4780,57.8669,45.1835,2,1
4781,24.4157,255.154,2,1
4782,137.37,195.554,2,1
4783,348.926,127.527,2,1
4784,407.534,217.534,2,1
4785,228.955,262.126,2,1
4786,28.4917,91.2281,2,1
4787,537.333,7.9938,2,1
4788,266.466,194.129,2,1
4789,476.226,145.279,2,1
4790,174.631,181.135,2,1
4791,190.03,148.896,2,1
4792,548.874,277.186,2,1
4793,439.72,184.141,2,1
4794,547.345,102.345,2,1
4795,159.254,134.892,2,1
4796,462.383,64.025,2,1
4797,407.235,138.103,2,1
4798,477.344,211.753,2,1
4799,392.969,80.6673,2,1
4800,82.087,175.947,2,1
4801,370.691,286.059,2,1
4802,427.201,166.422,2,1
4803,285.54,48.1029,2,1
4804,137.955,243.414,2,1
4805,453.806,76.075,2,1
4806,381.176,168.237,2,1
4807,324.618,9.76629,2,1
4808,239.333,276.946,2,1
4809,396.732,106.741,2,1
4810,77.3489,42.2887,2,1
4811,543.321,13.8871,2,1
4812,352.153,263.971,2,1
4813,363.141,58.0459,2,1
4814,503.28,274.014,2,1
4815,123.733,142.409,2,1
4816,541.928,43.8864,2,1
4817,408.644,294.244,2,1
4818,179.253,260.488,2,1
4819,568.513,44.0228,2,1
4820,137.867,20.8189,2,1
4821,227.767,234.54,2,1
4822,380.53,198.748,2,1
4823,86.3425,210.995,2,1
4824,594.099,240.37,2,1
4825,200.17,42.269,2,1
4826,413.15,228.947,2,1
4827,140.633,223.868,2,1
4828,584.642,90.3623,2,1
4829,555.319,182.655,2,1
4830,28.2621,145.991,2,1
4831,514.95,179.734,2,1
4832,112.792,88.9199,2,1
4833,151.989,204.366,2,1
4834,369.288,45.0613,2,1
4835,79.7854,37.8116,2,1
4836,428.397,85.8275,2,1
4837,226.917,211.856,2,1
4838,413.537,165.797,2,1
4839,112.69,233.795,2,1
4840,151.111,144.689,2,1
4841,141.44,89.2826,2,1
4842,85.6596,124.572,2,1
4843,81.9542,135.31,2,1
4844,248.813,298,2,1
4845,69.5936,49.3806,2,1
4846,369.42,210.421,2,1
4847,20.6695,262.302,2,1
4848,449.701,166.838,2,1
4849,250.142,252.977,2,1
4850,262.436,143.225,2,1
4851,361.276,209.641,2,1
4852,77.1469,224.735,2,1
4853,23.4796,298,2,1
4854,244.655,45.1258,2,1
4855,524.92,159.298,2,1
4856,249.657,124.637,2,1
4857,258.166,227.757,2,1
4858,27.5483,87.1363,2,1
4859,385.663,96.9428,2,1
4860,160.853,57.31,2,1
4861,181.977,184.539,2,1
4862,244.271,84.5633,2,1
4863,591.674,171.023,2,1
4864,291.616,220.117,2,1
4865,14.1769,148.656,2,1
4866,274.303,289.605,2,1
4867,454.052,185.371,2,1
4868,358.061,47.0193,2,1
4869,45.6734,66.1699,2,1
4870,379.662,206.753,2,1
4871,538.288,178.368,2,1
4872,343.501,298,2,1
4873,574.978,117.577,2,1
4874,338.556,195.236,2,1
4875,119.71,142.692,2,1
4876,117.204,294.384,2,1
4877,154.581,298,2,1
4878,257.172,211.963,2,1
4879,328.194,132.266,2,1
4880,524.623,209.371,2,1
4881,476.179,153.548,2,1
4882,324.815,73.3742,2,1
4883,240.307,211.894,2,1
4884,484.659,15.1138,2,1
4885,340.021,267.724,2,1
4886,299.485,164.912,2,1
4887,594.336,2,2,1
4888,514.018,30.8446,2,1
4889,462.395,175.311,2,1
4890,142.03,269.16,2,1
4891,191.126,193.708,2,1
4892,462.049,2,2,1
4893,278.776,177.395,2,1
4894,53.0256,147.823,2,1
4895,102.114,55.2506,2,1
4896,88.9411,102.552,2,1
4897,302.885,201.244,2,1
4898,443.934,191.108,2,1
4899,1.55232,79.171,2,0
4900,441.843,226.787,2,1
4901,73.4816,234.453,2,1
4902,460.009,5.52489,2,1
4903,299.446,68.2133,2,1
4904,316.511,16.616,2,1
4905,488.284,105.63,2,1
4906,472.036,107.531,2,1
4907,398.972,161.956,2,1
4908,426.578,127.443,2,1
4909,93.9316,204.209,2,1
4910,490.604,200.903,2,1
4911,491.461,131.2,2,1
4912,17.26,118.79,2,1
4913,133.44,249.152,2,1
4914,332.36,207.601,2,1
4915,403.099,66.0154,2,1
4916,257.515,65.2655,2,1
4917,412.507,96.1241,2,1
4918,272.858,296.461,2,1
4919,186.828,285.858,2,1
4920,488.924,112.618,2,1
4921,207.523,118.062,2,1
4922,307.943,34.485,2,1
4923,599.394,262.803,2,1
4924,219.581,51.4231,2,1
4925,436.311,250.005,2,1
4926,222.151,272.233,2,1
4927,12.5994,5.46122,2,1
4928,585.234,14.0714,2,1
4929,539.146,157.097,2,1
4930,358.844,170.753,2,1
4931,59.3826,13.4579,2,1
4932,295.561,111.789,2,1
4933,597.233,58.2045,2,1
4934,201.043,120.181,2,1
4935,137.293,90.48,2,1
4936,565.454,59.533,2,1
4937,33.8434,118.414,2,1
4938,277.019,96.3438,2,1
4939,142.54,12.7936,2,1
4940,258.681,144.634,2,1
4941,564.018,115.577,2,1
4942,94.814,263.926,2,1
4943,507.625,210.843,2,1
4944,37.4635,36.8204,2,1
4945,489.494,31.8835,2,1
4946,218.043,280.472,2,1
4947,281.586,273.354,2,1
4948,168.969,57.7071,2,1
4949,157.546,83.9082,2,1
4950,26.4984,103.218,2,1
4951,409.459,253.242,2,1
4952,405.05,243.253,2,1
4953,270.33,10.182,2,1
4954,138.346,258.848,2,1
4955,165.989,225.314,2,1
4956,65.7418,142.091,2,1
4957,393.184,164.777,2,1
4958,249.271,241.04,2,1
4959,202.617,162.115,2,1
4960,178.911,31.2085,2,1
4961,413.978,185.604,2,1
4962,403.665,13.754,2,1
4963,387.907,107.564,2,1
4964,68.774,288.197,2,1
4965,578.301,17.386,2,1
4966,201.551,240.701,2,1
4967,177.155,5.32117,2,1
4968,319.51,135.175,2,1
4969,383.908,278.21,2,1
4970,109.839,18.8262,2,1
4971,172.276,90.0608,2,1
4972,443.028,60.1331,2,1
4973,237.658,166.802,2,1
4974,0.587793,199.478,2,1
4975,468.458,42.828,2,1
4976,537.39,277.303,2,1
4977,559.691,150.672,2,1
4978,595.128,267.608,2,1
4979,557.923,212.156,2,1
4980,135.972,120.588,2,1
4981,556.306,161.03,2,1
4982,34.8553,280.654,2,1
4983,526.369,257.173,2,1
4984,98.296,112.775,2,1
4985,37.3991,187.57,2,1
4986,163.992,79.8298,2,1
4987,68.4714,27.3697,2,1
4988,551.282,9.6829,2,1
4989,417.615,44.051,2,1
4990,452.181,23.2419,2,1
4991,288.812,132.731,2,1
4992,360.054,101.904,2,1
4993,144.82,9.45916,2,1
4994,397.764,298,2,1
4995,308.103,4.84587,2,1
4996,262.188,220.315,2,1
4997,278.131,279.425,2,1
4998,160.08,230.733,2,1
4999,594.863,298,2,1
5000,195.516,33.233,2,1
5001,402.735,144.843,2,1
5002,247.993,176.181,2,1
5003,384.442,117.934,2,1
5004,422.797,37.7574,2,1
5005,156.297,124.237,2,1
5006,143.508,141.668,2,1
5007,222.863,207.31,2,1
5008,29.2092,106.203,2,1
5009,561.13,181.878,2,1
5010,522.085,90.8006,2,1
5011,591.53,213.834,2,1
5012,373.082,46.8209,2,1
5013,263.1,264.266,2,1
5014,112.349,245.051,2,1
5015,329.671,80.0339,2,1
5016,387.56,200.38,2,1
5017,103.836,269.893,2,1
5018,388.698,2,2,1
5019,334.318,115.873,2,1
5020,101.912,78.7451,2,1
5021,552.807,88.9537,2,1
5022,378.162,66.4176,2,1
5023,363.272,141.808,2,1
5024,421.997,189.749,2,1
5025,453.532,8.96301,2,1
5026,53.7228,166.835,2,1
5027,579.279,77.7317,2,1
5028,322.636,142.583,2,1
5029,191.923,136.941,2,1
5030,14.9872,13.0176,2,1
5031,120.285,104.445,2,1
5032,388.372,175.288,2,1
5033,459.01,114.661,2,1
5034,509.346,76.3062,2,1
5035,85.229,156.928,2,1
5036,286.775,186.531,2,1
5037,441.754,264.782,2,1
5038,358.779,86.0316,2,1
5039,429.991,201.617,2,1
5040,379.794,293.246,2,1
5041,442.786,292.395,2,1
5042,207.987,147.431,2,1
5043,244.235,186.104,2,1
5044,225.662,155.985,2,1
5045,517.466,249.232,2,1
5046,434.542,160.006,2,1
5047,31.1719,80.2816,2,1
5048,586.815,49.8352,2,1
5049,389.748,293.891,2,1
5050,586.876,298,2,1
5051,468.504,122.547,2,1
5052,182.582,114.757,2,1
5053,126.597,34.3055,2,1
5054,28.4364,129.042,2,1
5055,422.49,204.751,2,1
5056,392.293,62.3609,2,1
5057,388.574,196.376,2,1
5058,510.963,42.6071,2,1
5059,556.88,153.758,2,1
5060,197.38,250.447,2,1
5061,247.539,183.804,2,1
5062,91.8269,39.8348,2,1
5063,38.3733,99.3033,2,1
5064,239.996,121.228,2,1
5065,456.705,257.159,2,1
5066,464.38,43.5381,2,1
5067,152.393,101.722,2,1
5068,504.65,116.635,2,1
5069,363.777,62.029,2,1
5070,166.909,136.675,2,1
5071,265.445,63.001,2,1
5072,293.652,259.788,2,1
5073,204.207,104.624,2,1
5074,306.349,163.921,2,1
5075,258.975,167.357,2,1
5076,52.8991,102.502,2,1
5077,381.551,96.8678,2,1
5078,499.834,211.913,2,1
5079,532.929,102.853,2,1
5080,109.454,199.442,2,1
5081,296.884,175.532,2,1
5082,182.285,223.014,2,1
5083,127.132,85.4105,2,1
5084,501.982,31.8301,2,1
5085,159.984,261.396,2,1
5086,17.914,274.13,2,1
5087,8.43101,5.56836,2,1
5088,552.589,278.951,2,1
5089,421.227,133.533,2,1
5090,22.9587,157.224,2,1
5091,594.754,109.469,2,1
5092,182.174,180.531,2,1
5093,366.551,138.437,2,1
5094,196.334,86.4937,2,1
5095,14.1495,29.0329,2,1
5096,355.217,58.25,2,1
5097,318.499,34.1842,2,1
5098,486.52,2,2,1
5099,576.881,110.389,2,1
5100,116,174.333,2,1
5101,69.4343,234.925,2,1
5102,70.5481,115.945,2,1
5103,192.83,270.537,2,1
5104,69.721,143.203,2,1
5105,84.7993,160.912,2,1
5106,234.408,134.851,2,1
5107,12.9623,294.368,2,1
5108,107.256,128.129,2,1
5109,337.047,213.783,2,1
5110,447.206,181.439,2,1
5111,563.11,48.7857,2,1
5112,523.032,155.533,2,1
5113,172.513,47.4824,2,1
5114,550.569,124.927,2,1
5115,530.835,132.629,2,1
5116,528.152,244.849,2,1
5117,24.8888,196.016,2,1
5118,221.293,282.953,2,1
5119,516.513,187.69,2,1
5120,155.27,134.17,2,1
5121,540.958,279.38,2,1
5122,88.1125,67.6324,2,1
5123,56.0823,61.1217,2,1
5124,123.4,50.7385,2,1
5125,586.298,116.182,2,1
5126,278.335,255.376,2,1
5127,567.75,151.472,2,1
5128,343.077,132.451,2,1
5129,52.4481,30.5662,2,1
5130,300.074,250.955,2,1
5131,527.194,240.745,2,1
5132,585.054,221.945,2,1
5133,75.6876,280.659,2,1
5134,508.293,238.801,2,1
5135,127.198,258.107,2,1
5136,222.629,109.632,2,1
5137,37.9575,63.4835,2,1
5138,201.503,38.3789,2,1
5139,128.939,230.449,2,1
5140,186.614,10.4328,2,1
5141,374.644,68.6005,2,1
5142,16.677,108.226,2,1
5143,229.87,164.741,2,1
5144,424.85,232.699,2,1
5145,53.6375,109.447,2,1
5146,148.468,147.698,2,1
5147,575.603,152.483,2,1
5148,562.44,267.524,2,1
5149,343.317,227.47,2,1
5150,405.08,96.6118,2,1
5151,121.772,111.657,2,1
5152,472.386,237.946,2,1
5153,387.315,111.522,2,1
5154,297.301,179.549,2,1
5155,175.22,29.3163,2,1
5156,214.138,249.915,2,1
5157,41.5823,254.049,2,1
5158,38.0736,214.001,2,1
5159,373.098,160.017,2,1
5160,17.3788,225.705,2,1
5161,229.591,155.191,2,1
5162,21.1824,23.6273,2,1
5163,137.65,43.6505,2,1
5164,302.613,95.5182,2,1
5165,219.415,204.962,2,1
5166,251.539,195.139,2,1
5167,138.087,270.129,2,1
5168,501.584,158.976,2,1
5169,433.266,208.973,2,1
5170,245.54,97.9591,2,1
5171,63.8741,6.92574,2,1
5172,232.856,81.156,2,1
5173,465.039,155.137,2,1
5174,6.02349,163.401,2,1
5175,493.618,76.1476,2,1
5176,229.363,67.7038,2,1
5177,186.076,215.985,2,1
5178,422.971,239.683,2,1
5179,290.188,184.307,2,1
5180,333.339,271.412,2,1
5181,325.079,215.813,2,1
5182,156.778,108.467,2,1
5183,189.873,110.604,2,1
5184,204.135,146.248,2,1
5185,168.188,268.999,2,1
5186,478.755,179.661,2,1
5187,27.4992,298,2,1
5188,254.649,248.932,2,1
5189,229.369,269.284,2,1
5190,224.339,214.993,2,1
5191,406.621,120.162,2,1
5192,17.0987,246.645,2,1
5193,420.49,253.905,2,1
5194,18.2931,182.639,2,1
5195,434.789,20.1254,2,1
5196,315.889,96.1546,2,1
5197,415.985,162.117,2,1
5198,38.8897,235.466,2,1
5199,343.577,18.6662,2,1
5200,531.071,36.2929,2,1
5201,364.963,255.659,2,1
5202,539.27,32.9779,2,1
5203,319.358,77.0235,2,1
5204,351.556,11.2917,2,1
5205,71.5747,148.833,2,1
5206,423.697,208.578,2,1
5207,500.47,262.037,2,1
5208,210.293,273.309,2,1
5209,481.177,141.486,2,1
5210,27.0601,282.866,2,1
5211,558.874,103.652,2,1
5212,363.984,290.22,2,1
5213,458.277,269.187,2,1
5214,8.74811,218.472,2,1
5215,123.027,161.549,2,1
5216,129.507,117.428,2,1
5217,32.9339,41.1672,2,1
5218,249.038,191.82,2,1
5219,137.216,53.9829,2,1
5220,255.25,2,2,1
5221,599.136,120.769,2,1
5222,599.278,160.061,2,1
5223,305.956,159.835,2,1
5224,36.7635,115.488,2,1
5225,324.467,174.828,2,1
5226,160.242,238.934,2,1
5227,460.571,283.803,2,1
5228,491.286,124.066,2,1
5229,488.315,116.583,2,1
5230,254.881,146.034,2,1
5231,68.1632,138.845,2,1
5232,597.097,181.794,2,1
5233,91.9316,246.315,2,1
5234,300.596,177.029,2,1
5235,557.361,59.9817,2,1
5236,529.666,53.8004,2,1
5237,295.805,185.542,2,1
5238,306.722,22.9396,2,1
5239,110.652,267.658,2,1
5240,278.12,88.7632,2,1
5241,453.674,16.1806,2,1
5242,437.44,85.2125,2,1
5243,372.374,241.904,2,1
5244,321.842,36.5805,2,1
5245,211.818,269.257,2,1
5246,9.81052,162.065,2,1
5247,167.397,9.58179,2,1
5248,353.872,22.0217,2,1
5249,431.427,133.376,2,1
5250,107.711,120.012,2,1
5251,239.518,298,2,1
5252,17.1517,294.523,2,1
5253,319.543,30.2943,2,1
5254,375.665,96.5218,2,1
5255,62.0145,259.61,2,1
5256,394.067,206.491,2,1
5257,448.314,227.1,2,1
5258,101.786,124.897,2,1
5259,529.997,274.763,2,1
5260,94.3881,21.1816,2,1
5261,111.354,141.736,2,1
5262,465.166,54.4824,2,1
5263,183.043,262.299,2,1
5264,400.328,123.29,2,1
5265,565.903,63.5841,2,1
5266,132.083,17.2988,2,1
5267,464.963,264.451,2,1
5268,291.302,291.206,2,1
5269,365.279,42.8577,2,1
5270,277.345,232.261,2,1
5271,123.519,12.3875,2,1
5272,37.121,171.409,2,1
5273,532.443,182.998,2,1
5274,465.126,233.89,2,1
5275,248.49,245.047,2,1
5276,172.278,238.925,2,1
5277,46.5626,136.762,2,1
5278,193.511,2,2,1
5279,560.579,44.119,2,1
5280,390.378,12.3069,2,1
5281,438.496,81.2532,2,1
5282,336.012,268.378,2,1
5283,457.531,110.922,2,1
5284,157.195,69.7014,2,1
5285,202.084,226.416,2,1
5286,204.943,172.776,2,1
5287,257.528,19.9029,2,1
5288,25.0161,42.8949,2,1
5289,319.001,152.189,2,1
5290,522.785,107.453,2,1
5291,549.357,6.00465,2,1
5292,270.314,165.583,2,1
5293,549.234,227.591,2,1
5294,523.477,86.9055,2,1
5295,64.0304,276.101,2,1
5296,466.759,39.0536,2,1
5297,302.586,162.31,2,1
5298,161.635,8.44466,2,1
5299,384.085,62.6659,2,1
5300,450.407,287.263,2,1
5301,182.851,231.828,2,1
5302,444.892,132.748,2,1
5303,45.0684,270.129,2,1
5304,62.0201,74.2135,2,1
5305,225.187,223.032,2,1
5306,101.27,246.854,2,1
5307,526.146,79.2808,2,1
5308,89.6434,125.129,2,1
5309,328.807,112.776,2,1
5310,143.982,248.877,2,1
5311,3.19519,261.136,2,1
5312,382.273,230.956,2,1
5313,340.769,184.437,2,1
5314,552.927,262.153,2,1
5315,0.741035,287.095,2,1
5316,6.10514,116.648,2,1
5317,330.191,189.331,2,1
5318,161.192,16.3467,2,1
5319,411.464,195.715,2,1
5320,372.562,33.8543,2,1
5321,241.88,57.039,2,1
5322,102.557,153.189,2,1
5323,575.22,250.498,2,1
5324,260.719,75.9043,2,1
5325,210.354,30.6914,2,1
5326,311.431,277.701,2,1
5327,46.8517,19.737,2,1
5328,389.279,89.7625,2,1
5329,426.671,5.97985,2,1
5330,112.561,259.007,2,1
5331,101.6,74.6991,2,1
5332,342.811,91.4772,2,1
5333,304.451,197.502,2,1
5334,176.248,20.0035,2,1
5335,278.786,70.7935,2,1
5336,268.271,201.541,2,1
5337,547.463,181.92,2,1
5338,392.436,92.5276,2,1
5339,486.723,67.2638,2,1
5340,562.616,65.9611,2,1
5341,286.257,201.466,2,1
5342,10.2282,105.02,2,1
5343,235.698,150.281,2,1
5344,36.0898,220.739,2,1
5345,54.4413,278.339,2,1
5346,374.02,288.367,2,1
5347,17.9454,186.625,2,1
5348,207.207,298,2,1
5349,345.939,273.526,2,1
5350,584.681,166.758,2,1
5351,375.853,40.1875,2,1
5352,540.374,22.3387,2,1
5353,254.411,201.813,2,1
5354,58.4966,133.575,2,1
5355,90.6967,98.9439,2,1
5356,424.406,173.931,2,1
5357,416.928,126.991,2,1
5358,116.19,202.552,2,1
5359,373.773,59.2672,2,1
5360,147.238,178.578,2,1
5361,154.22,187.921,2,1
5362,468.464,5.9228,2,1
5363,154.342,91.4221,2,1
5364,358.12,239.043,2,1
5365,250.289,32.625,2,1
5366,91.1187,75.1928,2,1
5367,570.488,263.479,2,1
5368,352.422,39.8859,2,1
5369,31.0225,282.113,2,1
5370,339.491,136.779,2,1
5371,454.29,55.5447,2,1
5372,173.034,32.684,2,1
5373,479.563,68.2781,2,1
5374,441.419,279.543,2,1
5375,158.279,90.6707,2,1
5376,482.764,18.8113,2,1
5377,426.349,211.806,2,1
5378,35.1072,147.558,2,1
5379,135.471,267.025,2,1
5380,44.1709,219.49,2,1
5381,546.396,280.558,2,1
5382,28.1995,124.351,2,1
5383,588.441,293.219,2,1
5384,140.664,9.18419,2,1
5385,358.071,234.984,2,1
5386,7.00683,222.129,2,1
5387,572.387,187.47,2,1
5388,565.465,218.271,2,1
5389,435.808,183.292,2,1
5390,572.97,171.989,2,1
5391,150.94,105.657,2,1
5392,109.93,190.627,2,1
5393,133.308,168.598,2,1
5394,83.2051,238.401,2,1
5395,378.112,270.073,2,1
5396,43.7643,46.1328,2,1
5397,288.993,273.789,2,1
5398,27.7841,278.789,2,1
5399,89.1733,235.237,2,1
5400,424.29,41.6339,2,1
5401,295.004,95.5108,2,1
5402,443.513,140.863,2,1
5403,567.065,136.378,2,1
5404,416.814,65.9023,2,1
5405,561.948,2,2,1
5406,566.209,51.4674,2,1
5407,100.981,272.84,2,1
5408,178.827,75.5569,2,1
5409,438.775,229.436,2,1
5410,295.177,82.5681,2,1
5411,60.0061,5.8761,2,1
5412,350.547,135.462,2,1
5413,38.1662,150.389,2,1
5414,319.252,260.203,2,1
5415,310.275,84.0836,2,1
5416,594.466,149.487,2,1
5417,0.0159679,156.071,2,1
5418,594.667,290.428,2,1
5419,38.363,160.29,2,1
5420,452.092,180.783,2,1
5421,276.558,298,2,1
5422,399.934,173.979,2,1
5423,282.897,203.898,2,1
5424,288.545,277.827,2,1
5425,278.206,126.403,2,1
5426,442.533,215.892,2,1
5427,216.091,18.6855,2,1
5428,22.9091,293.978,2,1
5429,261.699,55.881,2,1
5430,206.031,2,2,1
5431,367.714,252.615,2,1
5432,444.194,230.038,2,1
5433,387.772,269.025,2,1
5434,7.25497,49.5323,2,1
5435,531.057,140.842,2,1
5436,46.0727,197.719,2,1
5437,92.8649,139.549,2,1
5438,339.132,77.1646,2,1
5439,514.294,270.652,2,1
5440,424.79,143.696,2,1
5441,333.996,126.54,2,1
5442,78.8897,293.047,2,1
5443,367.524,206.714,2,1
5444,194.04,149.185,2,1
5445,471.121,164.938,2,1
5446,587.697,209.542,2,1
5447,313.777,19.7716,2,1
5448,11.7686,223.262,2,1
5449,452.128,118.613,2,1
5450,109.417,219.62,2,1
5451,280.494,215.216,2,1
5452,377.455,169.724,2,1
5453,62.9471,103.137,2,1
5454,117.398,35.3295,2,1
5455,59.7121,62.9523,2,1
5456,36.1288,43.5828,2,1
5457,2.89981,119.291,2,1
5458,149.166,228.907,2,1
5459,181.844,149.268,2,1
5460,84.7665,148.306,2,1
5461,310.613,234.27,2,1
5462,342.947,258.611,2,1
5463,152.611,34.7278,2,1
5464,83.908,85.693,2,1
5465,65.3486,34.9384,2,1
5466,502.264,88.7821,2,1
5467,224.947,261.396,2,1
5468,67.9911,54.8728,2,1
5469,246.716,112.257,2,1
5470,256.952,125.467,2,1
5471,286.45,267.624,2,1
5472,29.9719,11.7319,2,1
5473,281.981,87.3128,2,1
5474,304.686,287.165,2,1
5475,321.911,279.338,2,1
5476,246.968,172.172,2,1
5477,348.038,192.311,2,1
5478,231.83,272.445,2,1
5479,509.922,127.603,2,1
5480,373.074,109.348,2,1
5481,275.045,184.218,2,1
5482,272.474,225.749,2,1
5483,399.891,134.671,2,1
5484,35.1142,47.6409,2,1
5485,198.663,258.381,2,1
5486,215.761,189.734,2,1
5487,286.495,94.1376,2,1
5488,35.1982,207.168,2,1
5489,299.409,141.901,2,1
5490,250.546,181.114,2,1
5491,337.851,221.551,2,1
5492,147.817,64.5328,2,1
5493,557.774,2,2,1
5494,4.08806,156.258,2,1
5495,413.297,141.958,2,1
5496,547.17,273.518,2,1
5497,336.881,111.905,2,1
5498,412.97,91.703,2,1
5499,532.561,218.188,2,1
5500,120.729,38.2038,2,1
5501,261.727,106.979,2,1
5502,556.251,168.162,2,1
5503,223.379,62.9939,2,1
5504,375.947,36.1373,2,1
5505,226.549,238.421,2,1
5506,142.535,31.7593,2,1
5507,589.717,28.9873,2,1
5508,293.287,50.3983,2,1
5509,363.022,90.323,2,1
5510,188.145,293.991,2,1
5511,70.4159,135.372,2,1
5512,189.272,82.8029,2,1
5513,410.829,128.211,2,1
5514,12.832,264.266,2,1
5515,342.145,5.53528,2,1
5516,178.202,234.442,2,1
5517,321.756,49.7466,2,1
5518,240.833,140.752,2,1
5519,363.029,21.7141,2,1
5520,121.428,252.265,2,1
5521,161.692,147.821,2,1
5522,103.036,120.067,2,1
5523,472.727,169.403,2,1
5524,179.614,172.814,2,1
5525,216.457,216.419,2,1
5526,401.875,228.94,2,1
5527,198.529,135.137,2,1
5528,350.694,238.909,2,1
5529,170.774,298,2,1
5530,410.689,298,2,1
5531,96.4427,232.546,2,1
5532,336.299,153.748,2,1
5533,505.568,175.989,2,1
5534,405.682,88.9209,2,1
5535,88.7725,198.699,2,1
5536,533.048,19.1816,2,1
5537,598.464,148.689,2,1
5538,202.366,124.336,2,1
5539,560.177,107.477,2,1
5540,241.915,42.0843,2,1
5541,169.118,103.193,2,1
5542,326.555,100.005,2,1
5543,549.205,213.474,2,1
5544,187.136,173.852,2,1
5545,53.2986,274.393,2,1
5546,439.889,218.951,2,1
5547,288.948,245.515,2,1
5548,328.608,175.219,2,1
5549,338.039,36.5046,2,1
5550,205.505,196.965,2,1
5551,166.822,72.157,2,1
5552,273.873,258.74,2,1
5553,433.721,224.343,2,1
5554,355.051,172.281,2,1
5555,183.354,226.934,2,1
5556,487.016,158.955,2,1
5557,195.148,288.271,2,1
5558,23.6916,46.7268,2,1
5559,490.614,94.0711,2,1
5560,530.57,285.133,2,1
5561,269.15,298,2,1
5562,448.74,131.334,2,1
5563,210.082,261.788,2,1
5564,197.322,199.105,2,1
5565,387.539,262.736,2,1
5566,440.226,205.642,2,1
5567,464.025,256.375,2,1
5568,110.296,2,2,1
5569,516.69,83.1704,2,1
5570,72.8918,212.749,2,1
5571,205.022,121.286,2,1
5572,543.67,100.172,2,1
5573,80.2161,206.175,2,1
5574,557.267,142.786,2,1
5575,379.539,234.031,2,1
5576,200.499,218.538,2,1
5577,335.758,209.984,2,1
5578,343.322,246.068,2,1
5579,375.807,277.698,2,1
5580,234.248,130.035,2,1
5581,149.016,9.04069,2,1
5582,14.1263,287.051,2,1
5583,559.941,17.3046,2,1
5584,356.883,5.47482,2,1
5585,484.807,113.573,2,1
5586,499.178,122.229,2,1
5587,239.908,16.2993,2,1
5588,478.661,232.862,2,1
5589,235.151,5.99388,2,1
5590,290.421,2,2,1
5591,448.272,117.439,2,1
5592,209.783,194.9,2,1
5593,44.877,16.1636,2,1
5594,47.4678,257.783,2,1
5595,127.557,56.285,2,1
5596,317.169,255.785,2,1
5597,129.375,88.7505,2,1
5598,253.776,49.6983,2,1
5599,452.281,83.8505,2,1
5600,256.724,133.539,2,1
5601,348.217,250.666,2,1
5602,282.98,261.394,2,1
5603,474.139,9.79984,2,1
5604,446.086,201.359,2,1
5605,284.03,284.769,2,1
5606,503.931,264.683,2,1
5607,23.5865,221.118,2,1
5608,57.1139,91.8912,2,1
5609,460.085,32.2635,2,1
5610,517.656,183.793,2,1
5611,500.936,77.2741,2,1
5612,33.4653,270.315,2,1
5613,326.296,188.392,2,1
5614,173.123,274.029,2,1
5615,41.115,11.9043,2,1
5616,543.917,73.3877,2,1
5617,562.837,146.624,2,1
5618,66.5997,101.476,2,1
5619,76.8559,120.854,2,1
5620,552.106,19.1256,2,1
5621,175.393,82.6267,2,1
5622,483.077,247.805,2,1
5623,208.084,177.769,2,1
5624,344.958,277.421,2,1
5625,312.808,54.9509,2,1
5626,395.771,11.7712,2,1
5627,483.523,153.693,2,1
5628,269.821,244.871,2,1
5629,392.66,23.452,2,1
5630,360.229,32.7932,2,1
5631,68.2145,70.477,2,1
5632,328.278,61.3379,2,1
5633,466.568,294.454,2,1
5634,515.522,119.742,2,1
5635,113.174,294.419,2,1
5636,421.186,141.499,2,1
5637,446.107,157.929,2,1
5638,576.544,273.699,2,1
5639,46.1878,81.9318,2,1
5640,178.455,182.436,2,1
5641,509.94,246.275,2,1
5642,131.771,78.2348,2,1
5643,276.503,149.648,2,1
5644,503.035,57.931,2,1
5645,363.962,66.057,2,1
5646,529.742,16.8209,2,1
5647,187.937,276.527,2,1
5648,182.195,189.991,2,1
5649,493.803,17.3854,2,1
5650,6.56028,2,2,1
5651,566.447,82.5564,2,1
5652,544.824,174.104,2,1
5653,270.976,261.623,2,1
5654,448.681,250.388,2,1
5655,122.954,8.42474,2,1
5656,79.5758,16.3802,2,1
5657,520.053,126.541,2,1
5658,44.9654,172.853,2,1
5659,187.19,136.151,2,1
5660,281.714,164.896,2,1
5661,278.424,62.5704,2,1
5662,498.958,163.384,2,1
5663,100.85,258.049,2,1
5664,249.411,60.895,2,1
5665,512.719,290.845,2,1
5666,308.977,45.1134,2,1
5667,472.967,291.179,2,1
5668,486.064,285.42,2,1
5669,581.926,252.573,2,1
5670,476.938,215.785,2,1
5671,10.0642,117.553,2,1
5672,507.442,99.3402,2,1
5673,515.586,107.566,2,1
5674,499.85,298,2,1
5675,181.975,138.665,2,1
5676,490.971,139.812,2,1
5677,26.6021,71.4177,2,1
5678,58.6494,233.289,2,1
5679,94.4116,95.1059,2,1
5680,231.845,254.611,2,1
5681,379.233,241.327,2,1
5682,544.987,56.4485,2,1
5683,393.818,263.978,2,1
5684,508.514,84.1749,2,1
5685,444.587,70.7563,2,1
5686,72.5928,139.426,2,1
5687,558.758,146.567,2,1
5688,218.098,104.053,2,1
5689,45.0972,238.855,2,1
5690,249.298,56.6742,2,1
5691,354.902,285.658,2,1
5692,27.9682,245.255,2,1
5693,424.564,248.245,2,1
5694,420.797,218.498,2,1
5695,280.118,147.644,2,1
5696,375.19,156.512,2,1
5697,295.16,292.6,2,1
5698,105.043,200.886,2,1
5699,526.588,2.47557,2,1
5700,367.24,142.42,2,1
5701,213.215,35.2466,2,1
5702,449.694,277.889,2,1
5703,564.952,190.66,2,1
5704,561.041,154.519,2,1
5705,334.837,257.454,2,1
5706,119.994,158.883,2,1
5707,511.546,172.183,2,1
5708,103.464,243.458,2,1
5709,78.512,283.507,2,1
5710,423.197,48.4814,2,1
5711,305.174,54.3862,2,1
5712,3.50076,171.005,2,1
5713,282.01,219.079,2,1
5714,444.71,86.8267,2,1
5715,236.064,173.636,2,1
5716,255.108,261.197,2,1
5717,318.52,62.7381,2,1
5718,590.795,48.705,2,1
5719,310.195,115.611,2,1
5720,536.564,209.469,2,1
5721,186.012,27.3488,2,1
5722,491.014,298,2,1
5723,371.339,143.466,2,1
5724,43.1244,77.2574,2,1
5725,277.42,169.821,2,1
5726,432.794,16.6576,2,1
5727,174.276,141.656,2,1
5728,432.046,152.243,2,1
5729,337.581,92.6825,2,1
5730,316.591,9.44909,2,1
5731,587.346,272.609,2,1
5732,514.885,193.745,2,1
5733,246.226,248.44,2,1
5734,599.349,233.914,2,1
5735,386.661,189.897,2,1
5736,228.388,220.185,2,1
5737,224.642,290.256,2,1
5738,402.981,224.213,2,1
5739,385.63,290.193,2,1
5740,307.903,172.732,2,1
5741,109.92,43.5995,2,1
5742,442.306,64.0702,2,1
5743,472.871,233.835,2,1
5744,344.844,128.758,2,1
5745,334.195,50.6738,2,1
5746,51.6532,113.489,2,1
5747,454.434,268.023,2,1
5748,0.71056,294.284,2,1
5749,456.179,23.6834,2,1
5750,402.867,137.433,2,1
5751,419.059,47.8353,2,1
5752,526.518,122.516,2,1
5753,116.726,233.607,2,1
5754,176.63,196.107,2,1
5755,242.342,238.538,2,1
5756,546.127,195.093,2,1
5757,354.603,237.022,2,1
5758,255.757,77.0473,2,1
5759,532.862,256.733,2,1
5760,384.471,227.447,2,1
5761,466.978,287.192,2,1
5762,52.4385,232.441,2,1
5763,527.891,149.08,2,1
5764,413.715,176.475,2,1
5765,433.681,98.8429,2,1
5766,189.152,39.5055,2,1
5767,397.616,28.6895,2,1
5768,327.666,293.888,2,1
5769,454.675,196.355,2,1
5770,591.147,273.866,2,1
5771,64.1453,163.555,2,1
5772,373.925,54.8964,2,1
5773,464.679,283.893,2,1
5774,238.919,181.319,2,1
5775,495.538,130.976,2,1
5776,316.043,173.647,2,1
5777,64.2673,27.4573,2,1
5778,518.582,241.975,2,1
5779,570.854,176.76,2,1
5780,90.3538,228.508,2,1
5781,490.074,187.766,2,1
5782,369.435,135.501,2,1
5783,190.991,175.143,2,1
5784,412.769,294.464,2,1
5785,436.475,31.7847,2,1
5786,449.123,213.132,2,1
5787,304.184,279.543,2,1
5788,316.75,138.119,2,1
5789,446.072,170.276,2,1
5790,414.759,298,2,1
5791,102.054,14.6305,2,1
5792,518.891,116.812,2,1
5793,416.499,269.885,2,1
5794,483.922,161.638,2,1
5795,475.418,21.7367,2,1
5796,42.3852,160.122,2,1
5797,458.617,280.146,2,1
5798,180.841,19.1889,2,1
5799,270.44,122.564,2,1
5800,1.02999,182.97,2,1
5801,176.234,145.177,2,1
5802,472.087,124.661,2,1
5803,528.919,24.837,2,1
5804,561.349,286.85,2,1
5805,309.647,209.188,2,1
5806,47.0782,180.372,2,1
5807,550.81,81.7806,2,1
5808,22.7447,144.472,2,1
5809,342.092,80.9686,2,1
5810,483.957,25.8721,2,1
5811,450.644,195.725,2,1
5812,136.929,179.203,2,1
5813,552.137,167.929,2,1
5814,464.593,260.407,2,1
5815,440.262,248.755,2,1
5816,233.409,187.433,2,1
5817,239.877,144.669,2,1
5818,88.8584,132.394,2,1
5819,478.835,203.6,2,1
5820,458.684,40.1312,2,1
5821,284.133,90.7999,2,1
5822,340.042,114.413,2,1
5823,111.345,128.212,2,1
5824,109.369,22.8377,2,1
5825,188.026,201.032,2,1
5826,528.819,298,2,1
5827,218.332,127.436,2,1
5828,529.776,5.9602,2,1
5829,379.426,38.2709,2,1
5830,221.954,83.3396,2,1
5831,187.398,98.8454,2,1
5832,392.66,183.657,2,1
5833,198.669,276.166,2,1
5834,297.002,257.468,2,1
5835,74.0152,16.4128,2,1
5836,43.7897,30.3551,2,1
5837,174.408,220.784,2,1
5838,399.041,281.974,2,1
5839,298.282,121.534,2,1
5840,69.7868,198.371,2,1
5841,574.266,33.6012,2,1
5842,143.794,283.34,2,1
5843,545.139,68.9787,2,1
5844,556.718,272.161,2,1
5845,152.46,240.946,2,1
5846,16.8562,283.866,2,1
5847,542.193,154.464,2,1
5848,574.285,280.722,2,1
5849,297.095,133.391,2,1
5850,496.584,60.3071,2,1
5851,18.3163,178.584,2,1
5852,331.336,255.426,2,1
5853,451.193,5.52792,2,1
5854,26.709,251.671,2,1
5855,80.0053,5.45995,2,1
5856,512.016,7.75355,2,1
5857,197.195,101.529,2,1
5858,392.76,210.612,2,1
5859,545.382,140.36,2,1
5860,120.133,184.694,2,1
5861,266.803,2,2,1
5862,374.265,75.0325,2,1
5863,474.828,37.6282,2,1
5864,178.655,85.1056,2,1
5865,219.836,268.785,2,1
5866,29.4499,19.9383,2,1
5867,255.521,103.318,2,1
5868,193.631,266.501,2,1
5869,373.815,92.4013,2,1
5870,571.106,85.8852,2,1
5871,26.2299,159.539,2,1
5872,442.02,158.016,2,1
5873,29.0275,23.9399,2,1
5874,434.937,13.1623,2,1
5875,579.585,212.576,2,1
5876,224.471,56.137,2,1
5877,21.9193,114.455,2,1
5878,311.297,154.008,2,1
5879,472.723,13.9537,2,1
5880,242.402,65.1557,2,1
5881,392.481,195.345,2,1
5882,196.226,37.8056,2,1
5883,572.99,62.6716,2,1
5884,477.535,41.6635,2,1
5885,344.903,216.382,2,1
5886,105.126,107.838,2,1
5887,244.165,200.734,2,1
5888,139.475,276.99,2,1
5889,24.9851,248.041,2,1
5890,347.769,261.59,2,1
5891,373.192,185.465,2,1
5892,57.2205,218.676,2,1
5893,502.382,242.799,2,1
5894,433.807,194.776,2,1
5895,331.19,68.9692,2,1
5896,163.674,203.262,2,1
5897,168.327,185.294,2,1
5898,188.136,225.971,2,1
5899,253.398,123.169,2,1
5900,446.566,216.264,2,1
5901,418.657,262.091,2,1
5902,417.208,140.94,2,1
5903,400.476,277.425,2,1
5904,536.421,21.3605,2,1
5905,474.742,75.825,2,1
5906,456.262,200.163,2,1
5907,74.3549,166.589,2,1
5908,188.04,153.653,2,1
5909,77.6608,255.252,2,1
5910,101.586,280.748,2,1
5911,19.936,48.2454,2,1
5912,215.038,212.451,2,1
5913,78.1666,270.232,2,1
5914,495.59,124.265,2,1
5915,199.977,105.16,2,1
5916,417.541,2,2,1
5917,359.316,56.0251,2,1
5918,199.699,127.486,2,1
5919,129.983,291.812,2,1
5920,158.304,187.77,2,1
5921,522.659,115.29,2,1
5922,231.032,293.983,2,1
5923,140.411,23.9326,2,1
5924,244.034,159.619,2,1
5925,343.484,121.476,2,1
5926,265.317,153.938,2,1
5927,120.421,235.19,2,1
5928,139.342,186.056,2,1
5929,493.652,284.14,2,1
5930,228.146,171.831,2,1
5931,249.055,91.1077,2,1
5932,292.636,37.5307,2,1
5933,428.776,16.5515,2,1
5934,221.213,240.269,2,1
5935,148.594,90.8217,2,1
5936,355.868,78.3444,2,1
5937,410.19,4.32023,2,1
5938,334.513,195.614,2,1
5939,195.598,240.773,2,1
5940,190.668,215.593,2,1
5941,114.444,115.302,2,1
5942,35.4593,96.5449,2,1
5943,87.6126,231.532,2,1
5944,332.235,40.1193,2,1
5945,489.725,241.518,2,1
5946,486.855,140.499,2,1
5947,24.0664,179.304,2,1
5948,353.066,180.25,2,1
5949,572.715,67.6623,2,1
5950,530.805,267.241,2,1
5951,99.9433,106.042,2,1
5952,434.92,5.93022,2,1
5953,43.5387,112.366,2,1
5954,220.718,44.4608,2,1
5955,193.86,21.4254,2,1
5956,20.9604,284.872,2,1
5957,532.696,178.99,2,1
5958,329.377,270.314,2,1
5959,559.993,75.581,2,1
5960,534.814,266.83,2,1
5961,301.046,134.7,2,1
5962,320.105,206.549,2,1
5963,298.991,84.3284,2,1
5964,359.763,250.842,2,1
5965,435.04,212.669,2,1
5966,144.116,27.8107,2,1
5967,145.98,201.23,2,1
5968,476.636,28.802,2,1
5969,180.794,128.937,2,1
5970,251.704,143.45,2,1
5971,204.037,271.607,2,1
5972,489.657,101.784,2,1
5973,171.597,99.2581,2,1
5974,230.591,136.665,2,1
5975,376.444,44.3654,2,1
5976,101.688,195.584,2,1
5977,540.535,80.7731,2,1
5978,107.995,143.91,2,1
5979,594.149,206.341,2,1
5980,288.322,293.933,2,1
5981,180.16,70.3691,2,1
5982,275.305,262.547,2,1
5983,542.244,187.915,2,1
5984,226.759,293.65,2,1
5985,296.607,171.451,2,1
5986,467.841,190.064,2,1
5987,349.861,146.019,2,1
5988,340.846,95.0394,2,1
5989,46.2697,38.1136,2,1
5990,565.911,287.219,2,1
5991,389.1,133.772,2,1
5992,486.305,298,2,1
5993,515.491,59.348,2,1
5994,57.0032,272.703,2,1
5995,346.254,36.3986,2,1
5996,450.825,141.779,2,1
5997,260.608,241.386,2,1
5998,16.2845,208.723,2,1
5999,414.758,83.2677,2,1
6000,14.3454,123.863,2,1
6001,410.237,274.191,2,1
6002,592.957,253.193,2,1
6003,64.348,182.326,2,1
6004,136.001,183.643,2,1
6005,468.327,262.178,2,1
6006,317.587,264.086,2,1
6007,211.563,118.85,2,1
6008,535.902,259.513,2,1
6009,79.5848,24.3645,2,1
6010,188.011,254.138,2,1
6011,284.026,140.639,2,1
6012,155.668,87.585,2,1
6013,239.939,159.451,2,1
6014,408.646,209.912,2,1
6015,331.419,148.823,2,1
6016,128.355,254.177,2,1
6017,219.826,17.2441,2,1
6018,504.21,63.0869,2,1
6019,354.837,2,2,1
6020,303.004,240.135,2,1
6021,598.32,93.8918,2,1
6022,256.685,257.365,2,1
6023,88.0089,193.939,2,1
6024,148.672,206.971,2,1
6025,344.849,61.9291,2,1
6026,37.6236,103.627,2,1
6027,333.509,156.702,2,1
6028,245.078,190.901,2,1
6029,375.955,214.006,2,1
6030,137.925,86.4275,2,1
6031,342.563,203.171,2,1
6032,352.233,74.9435,2,1
6033,94.2772,236.036,2,1
6034,556.326,287.852,2,1
6035,304.047,147.258,2,1
6036,98.518,35.818,2,1
6037,591.605,21.3779,2,1
6038,112.381,99.341,2,1
6039,510.879,25.2704,2,1
6040,65.8662,38.935,2,1
6041,537.664,94.5272,2,1
6042,541.565,204.179,2,1
6043,446.628,143.43,2,1
6044,46.3076,27.0806,2,1
6045,347.575,298,2,1
6046,172.28,186.568,2,1
6047,364.523,262.899,2,1
6048,511.25,227.073,2,1
6049,522.809,263.445,2,1
6050,59.3543,151.745,2,1
6051,261.055,67.7803,2,1
6052,570.78,81.7786,2,1
6053,541.691,200.059,2,1
6054,356.17,298,2,1
6055,191.103,13.8505,2,1
6056,452.737,298,2,1
6057,162.506,61.0285,2,1
6058,235.655,233.748,2,1
6059,26.6164,234.624,2,1
6060,404.99,53.0527,2,1
6061,1.17116,133.7,2,1
6062,493.675,280.08,2,1
6063,322.145,189.018,2,1
6064,119.142,62.5857,2,1
6065,253.329,69.1462,2,1
6066,202.914,150.101,2,1
6067,37.681,59.363,2,1
6068,454.044,237.637,2,1
6069,358.929,2,2,1
6070,375.959,265.817,2,1
6071,122.757,176.883,2,1
6072,33.8688,199.821,2,1
6073,92.8279,287.413,2,1
6074,420.634,88.8737,2,1
6075,73.4232,144.781,2,1
6076,573.833,179.524,2,1
6077,316.229,103.611,2,1
6078,66.3136,46.9783,2,1
6079,175.262,242.055,2,1
6080,288.295,121.117,2,1
6081,359.053,20.5434,2,1
6082,295.319,14.485,2,1
6083,460.117,221.599,2,1
6084,393.73,241.583,2,1
6085,369.409,131.442,2,1
6086,446.11,237.898,2,1
6087,34.3391,160.348,2,1
6088,519.712,46.9076,2,1
6089,297.058,148.547,2,1
6090,390.745,5.43989,2,1
6091,567.558,19.9847,2,1
6092,216.612,253.634,2,1
6093,60.0734,70.2709,2,1
6094,318.683,13.0363,2,1
6095,517.522,51.586,2,1
6096,299.594,187.226,2,1
6097,202.864,255.098,2,1
6098,452.158,199.515,2,1
6099,245.223,155.739,2,1
6100,115.697,142.687,2,1
6101,456.868,131.019,2,1
6102,508.667,116.065,2,1
6103,383.348,139.162,2,1
6104,444.802,212.523,2,1
6105,494.832,267.829,2,1
6106,336.265,96.5233,2,1
6107,578.94,189.126,2,1
6108,4.86821,287.148,2,1
6109,160.753,109.502,2,1
6110,127.832,142.372,2,1
6111,415.353,22.1701,2,1
6112,5.48087,95.3352,2,1
6113,150.505,298,2,1
6114,288.54,14.3041,2,1
6115,493.327,127.567,2,1
6116,147.876,283.623,2,1
6117,249.729,148.843,2,1
6118,3.53613,103.277,2,1
6119,273.177,240.71,2,1
6120,94.8518,290.97,2,1
6121,27.609,289.534,2,1
6122,133.053,263.793,2,1
6123,125.565,68.3574,2,1
6124,122.23,65.1649,2,1
6125,527.548,126.471,2,1
6126,59.8138,269.344,2,1
6127,438.21,235.549,2,1
6128,34.4827,183.183,2,1
6129,128.026,17.7193,2,1
6130,234.305,225.634,2,1
6131,57.0697,80.7617,2,1
6132,74.1257,241.535,2,1
6133,245.807,262.438,2,1
6134,479.59,199.526,2,1
6135,424.139,228.469,2,1
6136,106.666,252.009,2,1
6137,251.938,97.7815,2,1
6138,387.394,276.169,2,1
6139,252.49,139.484,2,1
6140,157.289,173.735,2,1
6141,149.389,169.07,2,1
6142,109.751,208.152,2,1
6143,111.166,278.965,2,1
6144,577.928,277.67,2,1
6145,74.6964,298,2,1
6146,53.416,226.286,2,1
6147,58.877,95.8019,2,1
6148,415.318,273.885,2,1
6149,366.19,118.135,2,1
6150,209.977,89.953,2,1
6151,385.023,243.816,2,1
6152,404.34,148.523,2,1
6153,135.674,129.606,2,1
6154,458.135,2,2,1
6155,316.532,27.4862,2,1
6156,230.93,132.639,2,1
6157,229.489,31.193,2,1
6158,296.863,34.2255,2,1
6159,262.583,268.855,2,1
6160,32.3978,90.1963,2,1
6161,54.1954,262.232,2,1
6162,370.2,203.064,2,1
6163,558.473,294.504,2,1
6164,375.15,259.895,2,1
6165,66.3141,23.9241,2,1
6166,290.03,265.681,2,1
6167,524.092,245.15,2,1
6168,405.525,253.993,2,1
6169,199.945,48.0819,2,1
6170,347.89,25.7038,2,1
6171,82.3653,144.781,2,1
6172,149.653,276.945,2,1
6173,136.514,94.5256,2,1
6174,554.216,164.482,2,1
6175,366.486,156.258,2,1
6176,281.257,137.698,2,1
6177,99.2833,129.698,2,1
6178,264.061,101.654,2,1
6179,331.172,193.272,2,1
6180,437.455,298,2,1
6181,376.964,71.9481,2,1
6182,254.958,270.676,2,1
6183,285.21,275.54,2,1
6184,529.078,44.8339,2,1
6185,512.05,209.564,2,1
6186,27.8077,46.0785,2,1
6187,42.0496,136.718,2,1
6188,142.29,257.578,2,1
6189,113.626,37.0217,2,1
6190,161.669,285.64,2,1
6191,145.289,211.378,2,1
6192,267.474,39.605,2,1
6193,243.329,88.4858,2,1
6194,82.6445,298,2,1
6195,325.502,228.421,2,1
6196,258.912,117.62,2,1
6197,8.84651,294.326,2,1
6198,406.833,85.0263,2,1
6199,587.478,21.156,2,1
6200,292.929,169.669,2,1
6201,379.98,62.8456,2,1
6202,520.646,82.2393,2,1
6203,479.466,124.17,2,1
6204,445.949,2,2,1
6205,49.0168,148.989,2,1
6206,297.283,225.663,2,1
6207,160.849,42.3378,2,1
6208,211.569,95.7166,2,1
6209,507.608,142.338,2,1
6210,36.9582,9.90015,2,1
6211,149.308,121.145,2,1
6212,264.913,130.304,2,1
6213,598.757,290.646,2,1
6214,100.04,46.7312,2,1
6215,176.62,88.6339,2,1
6216,185.286,50.5241,2,1
6217,270.966,33.2202,2,1
6218,58.1723,261.025,2,1
6219,536.983,25.4008,2,1
6220,593.248,145.573,2,1
6221,279.328,235.765,2,1
6222,534.47,38.8388,2,1
6223,355.679,204.08,2,1
6224,541.615,138.687,2,1
6225,577.169,55.8447,2,1
6226,186.499,76.9378,2,1
6227,374.71,26.9187,2,1
6228,360.6,166.399,2,1
6229,527.523,85.9446,2,1
6230,503.029,162.71,2,1
6231,325.11,211.521,2,1
6232,552.937,270.301,2,1
6233,177.14,274.243,2,1
6234,547.297,294.148,2,1
6235,481.573,40.9036,2,1
6236,502.994,84.7454,2,1
6237,465.016,192.964,2,1
6238,298.661,80.1755,2,1
6239,273.926,270.513,2,1
6240,18.0966,287.718,2,1
6241,56.8052,182.78,2,1
6242,42.5568,120.932,2,1
6243,241.724,262.442,2,1
6244,466.085,2,2,1
6245,249.834,164.791,2,1
6246,222.7,149.925,2,1
6247,586.484,203.008,2,1
6248,533.829,203.565,2,1
6249,416.932,211.362,2,1
6250,455.545,50.3076,2,1
6251,269.855,184.991,2,1
6252,54.3755,160.552,2,1
6253,298.339,205.364,2,1
6254,316.319,251.827,2,1
6255,65.5797,225.333,2,1
6256,456.186,180.733,2,1
6257,556.748,91.8837,2,1
6258,103.914,254.965,2,1
6259,377.563,144.733,2,1
6260,560.133,138.09,2,1
6261,434.998,164.079,2,1
6262,338.886,271.753,2,1
6263,407.548,286.285,2,1
6264,445.736,261.564,2,1
6265,422.282,182.05,2,1
6266,308.365,57.1876,2,1
6267,188.932,106.533,2,1
6268,468.847,93.7008,2,1
6269,108.985,294.474,2,1
6270,199.197,56.1805,2,1
6271,134.677,160.301,2,1
6272,381.001,245.004,2,1
6273,353.745,132.206,2,1
6274,471.684,197.233,2,1
6275,114.468,63.4538,2,1
6276,53.624,140.88,2,1
6277,545.194,33.2801,2,1
6278,410.803,260.321,2,1
6279,337.048,88.6391,2,1
6280,348.156,112.975,2,1
6281,182.926,298,2,1
6282,231.077,232.277,2,1
6283,370.104,282.037,2,1
6284,231.599,53.7889,2,1
6285,555.827,230.052,2,1
6286,275.345,282.326,2,1
6287,20.203,266.335,2,1
6288,211.785,63.6438,2,1
6289,137.868,203.104,2,1
6290,365.648,274.781,2,1
6291,385.93,121.693,2,1
6292,520.927,186.263,2,1
6293,75.2154,267.376,2,1
6294,378.387,123.186,2,1
6295,281.424,169.01,2,1
6296,461.323,55.8727,2,1
6297,541.661,254.996,2,1
6298,183.074,142.525,2,1
6299,219.234,71.8626,2,1
6300,451.007,19.3736,2,1
6301,79.8654,66.214,2,1
6302,102.018,158.905,2,1
6303,571.018,137.145,2,1
6304,346.848,269.506,2,1
6305,59.9967,241.882,2,1
6306,110.662,251.493,2,1
6307,434.715,93.1868,2,1
6308,556.013,138.933,2,1
6309,254.12,293.837,2,1
6310,73.0311,73.7293,2,1
6311,53.6928,239.153,2,1
6312,347.327,227.866,2,1
6313,80.4299,118.905,2,1
6314,230.398,258.381,2,1
6315,254.564,181.92,2,1
6316,523.082,9.72645,2,1
6317,406.735,195.457,2,1
6318,273.992,21.3385,2,1
6319,569.225,144.289,2,1
6320,507.486,195.883,2,1
6321,410.663,235.18,2,1
6322,462.771,203.765,2,1
6323,105.757,210.551,2,1
6324,286.25,209.787,2,1
6325,332.842,112.092,2,1
6326,105.195,206.461,2,1
6327,127.232,48.0829,2,1
6328,414.372,130.097,2,1
6329,534.59,138.766,2,1
6330,267.363,280.659,2,1
6331,454.515,287.232,2,1
6332,47.3524,249.596,2,1
6333,59.6668,33.2843,2,1
6334,523.826,142.401,2,1
6335,16.1031,61.3653,2,1
6336,197.339,233.014,2,1
6337,149.052,161.012,2,1
6338,312.114,283.973,2,1
6339,335.464,298,2,1
6340,521.792,202.682,2,1
6341,532.235,150.039,2,1
6342,115.628,120.961,2,1
6343,86.1519,227.793,2,1
6344,277.896,32.7365,2,1
6345,8.71368,136.77,2,1
6346,73.4039,64.8055,2,1
6347,312.256,73.4961,2,1
6348,144.316,222.118,2,1
6349,500.494,290.428,2,1
6350,117.249,253.192,2,1
6351,466.402,165.036,2,1
6352,386.143,76.9557,2,1
6353,109.278,247.714,2,1
6354,79.4107,262.191,2,1
6355,577.202,91.6788,2,1
6356,43.139,223.727,2,1
6357,210.008,250.549,2,1
6358,391.329,255.204,2,1
6359,184.44,36.4685,2,1
6360,88.5457,287.511,2,1
6361,323.423,181.549,2,1
6362,500.716,81.3823,2,1
6363,52.1531,59.9746,2,1
6364,401.272,203.223,2,1
6365,237.307,177.524,2,1
6366,118.789,73.538,2,1
6367,574.34,113.538,2,1
6368,230.266,290.04,2,1
6369,311.105,61.5642,2,1
6370,522.51,123.284,2,1
6371,428.694,179.494,2,1
6372,122.031,131.723,2,1
6373,489.813,64.6375,2,1
6374,461.06,233.668,2,1
6375,59.5454,222.016,2,1
6376,7.88309,12.5351,2,1
6377,285.5,166.484,2,1
6378,281.49,59.9372,2,1
6379,272.528,151.46,2,1
6380,242.08,73.63,2,1
6381,283.835,100.676,2,1
6382,558.381,157.529,2,1
6383,570.285,113.779,2,1
6384,373.254,129.669,2,1
6385,114.49,249.864,2,1
6386,195.859,210.332,2,1
6387,468.908,270.371,2,1
6388,429.879,223.076,2,1
6389,112.709,254.952,2,1
6390,320.912,110.41,2,1
6391,266.731,17.7573,2,1
6392,243.592,298,2,1
6393,329.879,116.75,2,1
6394,363.162,76.2098,2,1
6395,595.281,155.858,2,1
6396,137.821,226.928,2,1
6397,170.974,124.335,2,1
6398,349.357,67.6979,2,1
6399,163.153,144.032,2,1
6400,40.8282,16.1456,2,1
6401,147.443,48.3951,2,1
6402,26.0472,224.38,2,1
6403,374.104,137.653,2,1
6404,270.662,159.921,2,1
6405,15.823,65.4662,2,1
6406,597.62,27.4717,2,1
6407,71.2856,120.751,2,1
6408,120.466,268.158,2,1
6409,407.339,188.483,2,1
6410,405.653,230.582,2,1
6411,154.79,60.3458,2,1
6412,133.557,146.195,2,1
6413,468.562,200.308,2,1
6414,246.03,126.719,2,1
6415,395.869,288.1,2,1
6416,52.4515,23.5852,2,1
6417,243.072,170.955,2,1
6418,355.722,112.8,2,1
6419,587.42,25.2478,2,1
6420,137.8,291.536,2,1
6421,508.09,298,2,1
6422,174.753,13.3029,2,1
6423,404.261,49.0183,2,1
6424,344.526,293.628,2,1
6425,40.6259,246.364,2,1
6426,472.031,202.315,2,1
6427,19.9897,210.333,2,1
6428,571.385,160.423,2,1
6429,251.421,214.936,2,1
6430,63.3387,110.06,2,1
6431,130.716,9.85791,2,1
6432,424.449,115.089,2,1
6433,54.2814,38.9628,2,1
6434,523.737,132.452,2,1
6435,437.939,255.056,2,1
6436,158.767,65.9755,2,1
6437,156.508,235.604,2,1
6438,498.273,95.2054,2,1
6439,539.387,234.413,2,1
6440,231.034,265.576,2,1
6441,399.318,217.018,2,1
6442,127.645,44.0419,2,1
6443,80.968,77.8621,2,1
6444,24.3967,148.139,2,1
6445,274.075,192.032,2,1
6446,30.2145,160.447,2,1
6447,453.716,64.2411,2,1
6448,156.811,101.245,2,1
6449,363.886,72.08,2,1
6450,126.301,73.4581,2,1
6451,205.326,100.773,2,1
6452,406.853,112.788,2,1
6453,337.288,253.664,2,1
6454,279.35,263.265,2,1
6455,17.1262,71.2839,2,1
6456,375.067,126.087,2,1
6457,330.785,57.9693,2,1
6458,122.716,290.759,2,1
6459,282.246,2,2,1
6460,74.6137,176.234,2,1
6461,166.639,200.458,2,1
6462,370.478,139.466,2,1
6463,31.0069,258.656,2,1
6464,472.537,298,2,1
6465,512.722,68.6923,2,1
6466,308.771,150.83,2,1
6467,95.2271,129.403,2,1
6468,82.8198,250.165,2,1
6469,504.45,108.612,2,1
6470,594.666,84.449,2,1
6471,47.9933,141.793,2,1
6472,355.441,140.247,2,1
6473,394.885,145.582,2,1
6474,542.638,251.07,2,1
6475,176.839,215.331,2,1
6476,595.427,19.9018,2,1
6477,535.627,72.2317,2,1
6478,120.09,256.097,2,1
6479,411.613,217.403,2,1
6480,169.307,222.912,2,1
6481,546.898,269.449,2,1
6482,232.899,46.3181,2,1
6483,413.468,2,2,1
6484,163.829,216.94,2,1
6485,302.457,114.904,2,1
6486,592.189,232.246,2,1
6487,465.761,276.75,2,1
6488,261.927,198.726,2,1
6489,355.947,25.4477,2,1
6490,435.118,63.3396,2,1
6491,336.719,184.093,2,1
6492,368.385,7.83052,2,1
6493,241.613,77.673,2,1
6494,488.191,144.349,2,1
6495,439.875,190.248,2,1
6496,311.136,23.0703,2,1
6497,312.713,292.636,2,1
6498,388.341,257.999,2,1
6499,74.0048,34.8634,2,1
6500,168.678,234.432,2,1
6501,148.023,234.793,2,1
6502,12.829,218.953,2,1
6503,220.202,25.8346,2,1
6504,257.539,107.392,2,1
6505,2.01919,203.217,2,1
6506,102.791,100.245,2,1
6507,341.742,64.791,2,1
6508,249.766,9.57321,2,1
6509,84.0261,67.0596,2,1
6510,36.2724,131.249,2,1
6511,314.77,261.228,2,1
6512,265.953,171.381,2,1
6513,281.655,281.472,2,1
6514,180.338,106.669,2,1
6515,584.871,132.239,2,1
6516,535.475,63.452,2,1
6517,545.421,288.638,2,1
6518,102.399,166.464,2,1
6519,115.234,96.3205,2,1
6520,533.375,282.129,2,1
6521,253.729,209.864,2,1
6522,207.069,44.4042,2,1
6523,487.892,182.754,2,1
6524,251.001,229.45,2,1
6525,443.897,55.5826,2,1
6526,450.049,158.988,2,1
6527,304.736,151.21,2,1
6528,169.871,139.879,2,1
6529,241.748,167.135,2,1
6530,331.992,9.03606,2,1
6531,249.913,13.9643,2,1
6532,425.956,123.374,2,1
6533,233.878,153.984,2,1
6534,580.497,274.465,2,1
6535,319.81,68.6061,2,1
6536,544.546,10.0265,2,1
6537,510.355,217.414,2,1
6538,5.81195,189.339,2,1
6539,7.02102,298,2,1
6540,132.934,2,2,1
6541,433.796,238.884,2,1
6542,591.807,209.732,2,1
6543,496.108,260.268,2,1
6544,290.162,180.302,2,1
6545,299.877,168.988,2,1
6546,272.013,181.589,2,1
6547,193.492,200.441,2,1
6548,260.319,22.832,2,1
6549,221.815,59.134,2,1
6550,64.183,288.005,2,1
6551,519.017,156.439,2,1
6552,338.437,176.231,2,1
6553,352.906,128.287,2,1
6554,72.3599,69.7353,2,1
6555,63.8898,84.1755,2,1
6556,491.066,291.405,2,1
6557,128.966,182.353,2,1
6558,92.635,165.464,2,1
6559,268.625,211.285,2,1
6560,167.484,279.926,2,1
6561,41.9118,198.538,2,1
6562,37.1214,179.481,2,1
6563,178.886,121.921,2,1
6564,592.127,202.846,2,1
6565,189.751,267.882,2,1
6566,220.904,260.944,2,1
6567,445.643,43.4157,2,1
6568,88.5773,5.6072,2,0
6569,328.279,153.08,2,1
6570,198.585,243.523,2,1
6571,78.5225,209.879,2,1
6572,574.571,88.1602,2,1
6573,363.267,115.339,2,1
6574,55.3896,76.9104,2,1
6575,136.402,223.039,2,1
6576,341.206,102.587,2,1
6577,204.63,184.848,2,1
6578,346.617,239.283,2,1
6579,477.475,291.507,2,1
6580,258.268,252.26,2,1
6581,258.576,84.1382,2,1
6582,320.037,119.366,2,1
6583,178.956,243.595,2,1
6584,99.0657,177.819,2,1
6585,419.422,197.177,2,1
6586,235.865,243.24,2,1
6587,578.951,139.221,2,1
6588,452.111,48.103,2,1
6589,550.797,179.362,2,1
6590,255.633,274.621,2,1
6591,134.099,172.528,2,1
6592,251.467,103.414,2,1
6593,333.148,200.528,2,1
6594,124.597,103.951,2,1
6595,533.638,199.561,2,1
6596,556.157,195.178,2,1
6597,244.902,194.96,2,1
6598,422.589,99.4351,2,1
6599,114.72,178.197,2,1
6600,94.101,62.0497,2,1
6601,98.4486,94.0915,2,1
6602,343.911,223.419,2,1
6603,323.72,90.451,2,1
6604,87.9654,145.894,2,1
6605,519.745,135.903,2,1
6606,539.676,63.1696,2,1
6607,444.175,23.9805,2,1
6608,310.452,139.17,2,1
6609,42.2365,277.237,2,1
6610,403.325,217.231,2,1
6611,339.946,242.467,2,1
6612,219.818,143.36,2,1
6613,303.519,262.394,2,1
6614,82.2045,271.143,2,1
6615,268.721,65.3481,2,1
6616,40.3875,91.2082,2,1
6617,6.83711,20.5096,2,1
6618,536.145,43.882,2,1
6619,433.201,115.58,2,1
6620,336.382,23.2708,2,1
6621,427.844,290.405,2,1
6622,469.796,65.429,2,1
6623,230.717,49.7064,2,1
6624,240.037,200.31,2,1
6625,275.986,153.693,2,1
6626,489.05,127.604,2,1
6627,486.095,85.8181,2,1
6628,359.142,191.605,2,1
6629,114.978,164.709,2,1
6630,393.879,15.3254,2,1
6631,198.046,262.413,2,1
6632,184.626,2,2,1
6633,281.416,248.372,2,1
6634,581.027,227.258,2,1
6635,548.349,159.781,2,1
6636,574.943,138.142,2,1
6637,113.502,155.696,2,1
6638,284.493,254.511,2,1
6639,597.998,204.869,2,1
6640,274.358,229.31,2,1
6641,6.31518,274.332,2,1
6642,319.395,181.339,2,1
6643,129.55,21.592,2,1
6644,230.27,11.2868,2,1
6645,287.071,151.741,2,1
6646,500.504,61.3062,2,1
6647,215.912,43.2229,2,1
6648,111.543,121.163,2,1
6649,265.949,141.286,2,1
6650,122.534,165.529,2,1
6651,562.737,14.3852,2,1
6652,185.673,80.9271,2,1
6653,521.489,206.673,2,1
6654,397.981,205.568,2,1
6655,528.531,112.265,2,1
6656,527.272,130.58,2,1
6657,379.574,55.6315,2,1
6658,226.798,152.108,2,1
6659,26.0035,12.7785,2,1
6660,46.9418,122.343,2,1
6661,222.761,293.966,2,1
6662,461.728,276.278,2,1
6663,265.552,105.568,2,1
6664,85.1479,196.882,2,1
6665,556.673,263.595,2,1
6666,534.941,244.078,2,1
6667,101.753,218.769,2,1
6668,470.046,61.3194,2,1
6669,451.457,38.8539,2,1
6670,381.511,217.962,2,1
6671,134.552,50.8182,2,1
6672,478.047,223.838,2,1
6673,164.49,236.864,2,1
6674,429.758,194.979,2,1
6675,370.258,99.6968,2,1
6676,482.234,121.222,2,1
6677,348.91,216.888,2,1
6678,102.202,37.4671,2,1
6679,382.639,14.0351,2,1
6680,137.87,111.511,2,1
6681,169.034,216.665,2,1
6682,123.188,282.766,2,1
6683,529.668,263.373,2,1
6684,29.9445,201.066,2,1
6685,595.999,49.7416,2,1
6686,592.789,100.231,2,1
6687,557.375,188.951,2,1
6688,593.17,263.956,2,1
6689,141.213,148.825,2,1
6690,563.272,104.942,2,1
6691,576.637,68.9457,2,1
6692,143.555,215.083,2,1
6693,587.239,261.149,2,1
6694,217.282,194.263,2,1
6695,503.507,5.93421,2,1
6696,232.827,85.1957,2,1
6697,515.289,197.743,2,1
6698,350.439,187.885,2,1
6699,357.805,148.814,2,1
6700,538.401,144.796,2,1
6701,487.339,268.846,2,1
6702,428.836,136.56,2,1
6703,243.155,38.2397,2,1
6704,65.8387,197.577,2,1
6705,534.735,253.07,2,1
6706,64.1592,130.151,2,1
6707,65.203,2,2,1
6708,314.829,47.5254,2,1
6709,494.396,134.868,2,1
6710,269.418,57.49,2,1
6711,389.654,289.64,2,1
6712,578.459,205.514,2,1
6713,38.787,134.378,2,1
6714,99.8569,268.783,2,1
6715,574.463,38.6593,2,1
6716,97.8073,76.0187,2,1
6717,216.026,38.1564,2,1
6718,270.046,265.602,2,1
6719,167.324,230.256,2,1
6720,127.901,219.824,2,1
6721,184.692,69.6268,2,1
6722,384.208,131.846,2,1
6723,503.862,221.982,2,1
6724,146.098,171.445,2,1
6725,153.219,2,2,1
6726,486.212,186.443,2,1
6727,32.2363,33.2226,2,1
6728,507.118,135.379,2,1
6729,292.778,251.555,2,1
6730,433.422,107.388,2,1
6731,366.808,287.253,2,1
6732,108.509,237.869,2,1
6733,85.8335,142.458,2,1
6734,395.16,249.217,2,1
6735,55.6389,124.441,2,1
6736,256.256,159.771,2,1
6737,121.13,80.5034,2,1
6738,248.116,24.2373,2,1
6739,464.554,58.4521,2,1
6740,27.6228,177.465,2,1
6741,207.136,33.1946,2,1
6742,278.866,51.1952,2,1
6743,522.237,182.44,2,1
6744,495.172,26.5747,2,1
6745,401.809,255.946,2,1
6746,363.858,153.107,2,1
6747,311.801,33.2444,2,1
6748,599.946,140.668,2,1
6749,6.46622,183.636,2,1
6750,118.693,177.367,2,1
6751,426.894,38.4103,2,1
6752,429.133,169.993,2,1
6753,133.618,285.44,2,1
6754,568.745,298,2,1
6755,578.226,241.334,2,1
6756,394.989,128.462,2,1
6757,86.9194,25.0192,2,1
6758,171.42,144.481,2,1
6759,376.894,224.73,2,1
6760,86.931,82.975,2,1
6761,50.432,159.591,2,1
6762,164.405,282.581,2,1
6763,139.353,265.989,2,1
6764,336.899,118.951,2,1
6765,195.726,273.431,2,1
6766,247.781,275.361,2,1
6767,76.2888,13.0359,2,1
6768,467.375,208.082,2,1
6769,366.541,55.6034,2,1
6770,70.415,102.825,2,1
6771,288.808,33.5097,2,1
6772,7.99871,234.09,2,1
6773,394.823,168.516,2,1
6774,208.477,279.016,2,1
6775,166.975,125.389,2,1
6776,398.679,188.772,2,1
6777,197.623,156.76,2,1
6778,222.588,211.395,2,1
6779,536.042,240.148,2,1
6780,472.235,268.132,2,1
6781,225.402,199.911,2,1
6782,150.456,266.146,2,1
6783,57.932,246.155,2,1
6784,189.169,129.215,2,1
6785,146.668,74.1178,2,1
6786,429.745,2,2,1
6787,440.995,112.987,2,1
6788,378.053,180.562,2,1
6789,462.167,270.5,2,1
6790,447.345,193.338,2,1
6791,99.1863,117.837,2,1
6792,511.811,147.292,2,1
6793,72.7195,289.068,2,1
6794,528.174,72.1739,2,1
6795,305.076,46.2273,2,1
6796,442.216,275.486,2,1
6797,374.451,299.904,2,1
6798,371.522,190.367,2,1
6799,352.856,168.9,2,1
6800,590.856,104.042,2,1
6801,469.329,246.879,2,1
6802,26.9999,209.873,2,1
6803,563.175,214.921,2,1
6804,296.088,193.97,2,1
6805,41.1479,175.236,2,1
6806,75.7403,148.124,2,1
6807,213.226,265.356,2,1
6808,579.766,22.4146,2,1
6809,580.005,293.966,2,1
6810,250.457,279.88,2,1
6811,33.0222,17.8688,2,1
6812,15.8582,229.435,2,1
6813,308.909,30.4699,2,1
6814,182.279,28.8048,2,1
6815,582.401,191.382,2,1
6816,215.105,9.60419,2,1
6817,483.943,90.0833,2,1
6818,309.127,213.196,2,1
6819,148.587,34.4282,2,1
6820,196.253,116.724,2,1
6821,301.788,291.969,2,1
6822,377.455,217.871,2,1
6823,46.0972,282.241,2,1
6824,505.395,81.3951,2,1
6825,582.272,39.7531,2,1
6826,487.2,123.83,2,1
6827,313.067,287.976,2,1
6828,58.9169,2,2,1
6829,454.172,160.691,2,1
6830,334.672,160.58,2,1
6831,234.807,14.0073,2,1
6832,77.0286,129.879,2,1
6833,222.499,264.635,2,1
6834,589.71,177.766,2,1
6835,82.2035,8.82099,2,1
6836,205.48,68.7106,2,1
6837,112.125,182.357,2,1
6838,469.027,53.2308,2,1
6839,563.004,86.6899,2,1
6840,138.386,82.3961,2,1
6841,545.491,156.752,2,1
6842,422.519,213.256,2,1
6843,173.773,127.239,2,1
6844,400.196,243.043,2,1
6845,494.484,248.236,2,1
6846,34.1798,176.686,2,1
6847,65.4293,235.95,2,1
6848,584.743,101.768,2,1
6849,123.801,157.354,2,1
6850,217.817,223.61,2,1
6851,152.699,158.543,2,1
6852,119.783,127.986,2,1
6853,310.019,12.631,2,1
6854,31.9092,29.1669,2,1
6855,292.315,276.161,2,1
6856,404.711,34.1767,2,1
6857,109.529,39.3339,2,1
6858,32.65,114.439,2,1
6859,460.513,290.941,2,1
6860,313.594,92.7781,2,1
6861,400.394,23.6994,2,1
6862,533.263,75.605,2,1
6863,18.786,2,2,1
6864,299.456,238.261,2,1
6865,599.935,129.829,2,1
6866,326.262,272.897,2,1
6867,363.798,266.921,2,1
6868,442.922,144.988,2,1
6869,581.835,195.416,2,1
6870,458.388,146.534,2,1
6871,459.181,177.826,2,1
6872,506.673,232.629,2,1
6873,328.227,40.103,2,1
6874,416.749,218.432,2,1
6875,318.547,247.709,2,1
6876,155.24,116.943,2,1
6877,591.627,152.403,2,1
6878,324.304,199.703,2,1
6879,70.0412,58.3798,2,1
6880,23.597,169.193,2,1
6881,361.116,118.714,2,1
6882,532.638,112.127,2,1
6883,452.891,255.915,2,1
6884,322.493,99.6492,2,1
6885,436.897,16.6768,2,1
6886,486.914,48.1935,2,1
6887,246.192,237.391,2,1
6888,480.705,52.3323,2,1
6889,473.052,276.481,2,1
6890,410.857,158.103,2,1
6891,343.956,87.6384,2,1
6892,238.677,2,2,1
6893,407.903,246.191,2,1
6894,423.368,197.999,2,1
6895,491.517,35.3616,2,1
6896,552.819,152.882,2,1
6897,578.593,216.529,2,1
6898,561.351,69.8314,2,1
6899,289.547,241.534,2,1
6900,148.53,243.086,2,1
6901,161.847,194.191,2,1
6902,42.7063,2,2,1
6903,440.172,57.1507,2,1
6904,589.041,221.406,2,1
6905,188.612,53.4514,2,1
6906,587.984,45.729,2,1
6907,346.745,284.17,2,1
6908,433.247,188.33,2,1
6909,95.1032,42.3402,2,1
6910,264.121,28.9401,2,1
6911,587.418,169.853,2,1
6912,542.952,84.1632,2,1
6913,478.839,84.0069,2,1
6914,594.543,92.3525,2,1
6915,410.861,84.6935,2,1
6916,327.65,136.24,2,1
6917,389.245,34.0458,2,1
6918,20.2476,73.8452,2,1
6919,260.032,110.655,2,1
6920,283.189,150.335,2,1
6921,179.01,230.195,2,1
6922,412.047,150.718,2,1
6923,549.105,205.768,2,1
6924,428.698,140.741,2,1
6925,52.8536,156.245,2,1
6926,320.772,288.578,2,1
6927,152.352,148.659,2,1
6928,222.906,139.675,2,1
6929,362.414,98.3689,2,1
6930,539.276,220.457,2,1
6931,245.314,108.465,2,1
6932,374.554,193.138,2,1
6933,164.937,248.767,2,1
6934,166.397,178.981,2,1
6935,81.2807,186.589,2,1
6936,586.507,268.597,2,1
6937,273.364,162.945,2,1
6938,101.397,26.6975,2,1
6939,552.541,120.717,2,1
6940,277.22,144.77,2,1
6941,55.8341,242.614,2,1
6942,569.067,173.139,2,1
6943,181.074,197.716,2,1
6944,193.455,89.3655,2,1
6945,194.874,62.7236,2,1
6946,577.497,35.9763,2,1
6947,171.872,289.997,2,1
6948,218.969,213.227,2,1
6949,533.767,91.7107,2,1
6950,594.996,138.909,2,1
6951,577.761,266.225,2,1
6952,70.6101,298,2,1
6953,521.679,216.993,2,1
6954,238.378,8.43173,2,1
6955,13.8741,25.0101,2,1
6956,145.76,167.386,2,1
6957,271.622,292.614,2,1
6958,4.83168,252.623,2,1
6959,54.451,193.567,2,1
6960,576.807,164.09,2,1
6961,428.935,155.002,2,1
6962,10.5148,214.607,2,1
6963,208.703,17.2554,2,1
6964,599.153,66.9705,2,1
6965,522.809,198.375,2,1
6966,452.398,290.776,2,1
6967,596.313,54.1685,2,1
6968,434.117,130.393,2,1
6969,134.762,7.34569,2,1
6970,241.553,148.415,2,1
6971,71.9486,278.78,2,1
6972,68.1841,13.8146,2,1
6973,49.7879,130.151,2,1
6974,285.366,31.2356,2,1
6975,253.889,13.0237,2,1
6976,404.421,24.6812,2,1
6977,428.998,53.3692,2,1
6978,334.631,139.309,2,1
6979,324.95,111.444,2,1
6980,321.108,232.663,2,1
6981,46.7012,132.7,2,1
6982,429.806,27.7889,2,1
6983,20.723,96.6713,2,1
6984,11.2653,126.509,2,1
6985,579.048,61.7571,2,1
6986,426.001,190.505,2,1
6987,539.784,168.289,2,1
6988,29.5462,266.058,2,1
6989,242.977,182.189,2,1
6990,190.353,122.265,2,1
6991,532.632,23.193,2,1
6992,365.098,160.111,2,1
6993,126.059,100.2,2,1
6994,544.043,20.6638,2,1
6995,129.425,170.43,2,1
6996,430.098,253.842,2,1
6997,158.748,143.972,2,1
6998,76.47,52.4254,2,1
6999,106.654,266.945,2,1
7000,499.128,27.2289,2,1
7001,493.283,219.555,2,1
7002,264.199,160.489,2,1
7003,343.141,77.0733,2,1
7004,257.903,149.816,2,1
7005,445.095,233.959,2,1
7006,272.906,156.423,2,1
7007,421.73,2,2,1
7008,401.38,17.1454,2,1
7009,440.664,117.059,2,1
7010,579.66,201.649,2,1
7011,192.53,207.836,2,1
7012,355.452,125.061,2,1
7013,449.832,262.527,2,1
7014,420.521,284.741,2,1
7015,97.9876,159.496,2,1
7016,426.639,20.0553,2,1
7017,428.753,286.411,2,1
7018,306.007,42.3347,2,1
7019,260.845,17.5595,2,1
7020,248.921,115.733,2,1
7021,12.4453,59.6028,2,1
7022,7.84892,30.0578,2,1
7023,303.353,15.3561,2,1
7024,433.35,136.964,2,1
7025,433.447,84.8576,2,1
7026,324.421,146.203,2,1
7027,316.2,199.347,2,1
7028,405.596,17.367,2,1
7029,434.212,257.489,2,1
7030,310.14,247.315,2,1
7031,492.556,215.602,2,1
7032,174.761,210.733,2,1
7033,517.799,75.1396,2,1
7034,253.042,157.315,2,1
7035,528.951,186.485,2,1
7036,404.614,258.839,2,1
7037,577.144,44.3528,2,1
7038,106.494,154.386,2,1
7039,425.776,56.0951,2,1
7040,197.471,8.73711,2,1
7041,69.5512,2,2,1
7042,531.339,95.9112,2,1
7043,124.435,227.486,2,1
7044,410.358,28.6803,2,1
7045,445.731,66.7423,2,1
7046,356.466,144.914,2,1
7047,317.498,234.854,2,1
7048,426.814,279.631,2,1
7049,572.667,258.904,2,1
7050,526.369,196.161,2,1
7051,359.592,126.642,2,1
7052,245.279,241.469,2,1
7053,148.627,156.925,2,1
7054,268.959,149.527,2,1
7055,542.915,39.9379,2,1
7056,461.269,159.377,2,1
7057,226.194,9.64107,2,1
7058,82.589,229.647,2,1
7059,371.064,149.517,2,1
7060,119.574,188.917,2,1
7061,207.064,181.649,2,1
7062,461.692,124.666,2,1
7063,387.164,157.477,2,1
7064,175.119,252.469,2,1
7065,480.264,145.919,2,1
7066,288.386,253.451,2,1
7067,123.64,200.269,2,1
7068,465.869,96.6372,2,1
7069,381.222,50.561,2,1
7070,524.525,219.831,2,1
7071,24.7727,5.55701,2,1
7072,431.195,78.305,2,1
7073,90.4032,276.298,2,1
7074,424.729,139.587,2,1
7075,383.824,43.7966,2,1
7076,597.994,81.8766,2,1
7077,134.333,277.313,2,1
7078,294.589,78.5337,2,1
7079,190.061,78.8668,2,1
7080,366.601,88.3659,2,1
7081,224.202,26.5293,2,1
7082,204.338,223.072,2,1
7083,246.291,218.447,2,1
7084,285.067,250.244,2,1
7085,378.576,191.991,2,1
7086,430.275,82.2001,2,1
7087,82.5707,63.2559,2,1
7088,489.281,233.663,2,1
7089,412.863,241.165,2,1
7090,342.658,285.26,2,1
7091,266.392,122.038,2,1
7092,365.9,149.547,2,1
7093,567.025,36.9319,2,1
7094,573.659,134.065,2,1
7095,340.412,140.75,2,1
7096,382.032,179.505,2,1
7097,121.349,34.2179,2,1
7098,131.817,120.709,2,1
7099,422.779,12.2948,2,1
7100,370.47,156.929,2,1
7101,354.228,108.083,2,1
7102,473.61,138.307,2,1
7103,444.789,47.3637,2,1
7104,449.201,2,2,1
7105,22.0761,258.536,2,1
7106,412.192,7.74059,2,1
7107,238.675,96.875,2,1
7108,466.877,204.098,2,1
7109,363.798,251.783,2,1
7110,248.545,95.2765,2,1
7111,168.877,162.131,2,1
7112,356.132,62.2378,2,1
7113,50.1054,83.0847,2,1
7114,246.358,179.958,2,1
7115,149.789,193.384,2,1
7116,221.454,29.6785,2,1
7117,74.5209,135.84,2,1
7118,581.276,28.3962,2,1
7119,93.5453,208.304,2,1
7120,80.295,12.3378,2,1
7121,232.257,286.528,2,1
7122,456.281,149.937,2,1
7123,156.288,239.61,2,1
7124,33.9274,139.008,2,1
7125,320.787,251.09,2,1
7126,513.047,151.242,2,1
7127,229.971,240.667,2,1
7128,96.1903,170.94,2,1
7129,312.374,243.85,2,1
7130,171.872,293.999,2,1
7131,7.53591,248.694,2,1
7132,219.598,120.035,2,1
7133,487.051,291,2,1
7134,500.694,170.719,2,1
7135,165.799,129.231,2,1
7136,520.185,246.203,2,1
7137,451.236,137.736,2,1
7138,295.005,217.857,2,1
7139,510.983,284.921,2,1
7140,230.83,205.947,2,1
7141,145.364,159.269,2,1
7142,427.003,162.326,2,1
7143,495.785,298,2,1
7144,346.398,220.145,2,1
7145,352.788,65.4051,2,1
7146,335.674,282.065,2,1
7147,20.6329,77.9334,2,1
7148,148.545,27.2925,2,1
7149,500.225,114.522,2,1
7150,529.941,215.091,2,1
7151,142.93,188.425,2,1
7152,385.894,28.5999,2,1
7153,274.332,254.707,2,1
7154,60.2967,166.193,2,1
7155,240.29,85.6646,2,1
7156,460.76,217.569,2,1
7157,32.8882,262.258,2,1
7158,394.368,120.233,2,1
7159,538.534,67.1558,2,1
7160,313.964,219.702,2,1
7161,236.632,142.25,2,1
7162,486.62,259.798,2,1
7163,537.397,281.493,2,1
7164,542.888,122.253,2,1
7165,479.072,263.484,2,1
7166,251.289,119.008,2,1
7167,186.184,150.104,2,1
7168,66.4559,175.529,2,1
7169,106.113,226.925,2,1
7170,18.7255,93.0823,2,0
7171,4.4955,99.3828,2,1
7172,25.0517,34.3978,2,1
7173,158.851,31.5415,2,1
7174,303.241,166.493,2,1
7175,203.654,230.173,2,1
7176,465.55,272.658,2,1
7177,437.018,69.2114,2,1
7178,516.555,140.505,2,1
7179,33.9928,86.4624,2,1
7180,430.4,96.4261,2,1
7181,51.3023,213.627,2,1
7182,190.554,92.3019,2,1
7183,413.656,54.3156,2,1
7184,215.75,130.793,2,1
7185,366.638,259.363,2,1
7186,64.7062,298,2,1
7187,411.034,281.389,2,1
7188,424.656,217.371,2,1
7189,258.459,156.411,2,1
7190,483.295,125.329,2,1
7191,100.612,232.73,2,1
7192,72.7702,93.0954,2,1
7193,323.135,298,2,1
7194,518.845,294.462,2,1
7195,215.18,226.775,2,1
7196,171.811,120.328,2,1
7197,362.459,259.003,2,1
7198,342.968,270.554,2,1
7199,102.905,297.875,2,1
7200,572.503,239.351,2,1
7201,565.524,33.2035,2,1
7202,105.576,123.493,2,1
7203,244.046,283.454,2,1
7204,17.9612,21.0693,2,1
7205,257.706,42.6877,2,1
7206,71.5974,45.7987,2,1
7207,218.902,139.335,2,1
7208,119.868,135.28,2,1
7209,175.311,267.25,2,1
7210,178.623,26.9616,2,1
7211,158.616,298,2,1
7212,578.305,145.325,2,1
7213,162.452,46.1401,2,1
7214,406.121,262.569,2,1
7215,130.411,278.391,2,1
7216,510.67,2,2,1
7217,388.64,149.646,2,1
7218,558.127,284.209,2,1
7219,414.975,145.712,2,1
7220,34.3821,143.042,2,1
7221,37.6294,291.353,2,1
7222,174.558,39.6757,2,1
7223,193.811,164.312,2,1
7224,91.5435,44.5909,2,1
7225,106.152,45.0282,2,1
7226,593.688,284.294,2,1
7227,226.885,22.8964,2,1
7228,355.694,54.2783,2,1
7229,598.793,109.192,2,1
7230,115.973,158.883,2,1
7231,364.396,176.746,2,1
7232,376.321,119.628,2,1
7233,460.254,255.007,2,1
7234,186.304,132.06,2,1
7235,140.911,294.245,2,1
7236,148.064,41.3837,2,1
7237,269.525,86.8318,2,1
7238,446.763,58.6459,2,1
7239,27.6281,150.582,2,1
7240,70.5349,23.8424,2,1
7241,371.818,278.399,2,1
7242,211.301,72.7828,2,1
7243,577.541,51.8099,2,1
7244,342.419,219.656,2,1
7245,25.8592,272.106,2,1
7246,28.2315,238.81,2,1
7247,499.029,91.2755,2,1
7248,25.1185,230.853,2,1
7249,51.4311,256.582,2,1
7250,13.384,180.547,2,1
7251,69.2766,62.4035,2,1
7252,554.101,283.235,2,1
7253,66.6245,231.973,2,1
7254,366.377,28.8903,2,1
7255,287.796,298,2,1
7256,212.157,19.4139,2,1
7257,159.711,156.593,2,1
7258,268.867,5.46076,2,1
7259,144.105,71.0244,2,1
7260,290.767,230.398,2,1
7261,418.496,204.465,2,1
7262,467.983,231.043,2,1
7263,560.019,116.709,2,1
7264,397.883,15.1717,2,1
7265,582.698,215.246,2,1
7266,114.899,27.5925,2,1
7267,204.245,248.381,2,1
7268,518.77,263.829,2,1
7269,284.262,222.472,2,1
7270,303.734,99.3754,2,1
7271,432.883,220.316,2,1
7272,198.211,206.983,2,1
7273,184.047,200.615,2,1
7274,8.83598,78.8124,2,0
7275,306.042,247.455,2,1
7276,59.2632,137.934,2,1
7277,235.469,65.2545,2,1
7278,309.498,176.618,2,1
7279,4.29508,270.843,2,1
7280,548.156,77.7166,2,1
7281,433.479,67.049,2,1
7282,284.59,24.7455,2,1
7283,215.563,50.5905,2,1
7284,395.566,116.265,2,1
7285,90.4371,113.989,2,1
7286,455.498,189.203,2,1
7287,73.9578,152.183,2,1
7288,252.783,25.9653,2,1
7289,46.1949,96.9414,2,1
7290,240.116,287.651,2,1
7291,328.969,230.703,2,1
7292,402.152,264.403,2,1
7293,294.451,8.99371,2,1
7294,556.86,134.955,2,1
7295,332.028,142.49,2,1
7296,237.418,188.206,2,1
7297,226.3,48.8448,2,1
7298,384.591,69.6216,2,1
7299,457.91,103.869,2,1
7300,183.274,134.775,2,1
7301,109.698,57.9315,2,1
7302,515.443,22.7805,2,1
7303,366.962,59.6037,2,1
7304,169.663,148.206,2,1
7305,402.091,108.465,2,1
7306,206.869,135.7,2,1
7307,338.259,108.14,2,1
7308,350.95,229.721,2,1
7309,147.338,290.599,2,1
7310,17.6781,114.803,2,1
7311,451.573,174.671,2,1
7312,166.075,36.4754,2,1
7313,461.914,9.23545,2,1
7314,485.636,102.38,2,1
7315,370.937,295.182,2,1
7316,8.8949,252.637,2,1
7317,225.959,76.2816,2,1
7318,484.995,263.543,2,1
7319,469.911,140.216,2,1
7320,505.021,77.262,2,1
7321,66.6692,114.802,2,1
7322,192.345,75.0864,2,1
7323,88.1097,207.243,2,1
7324,321.486,155.424,2,1
7325,16.8825,278.054,2,1
7326,333.392,104.229,2,1
7327,426.964,240.695,2,1
7328,85.3142,253.307,2,1
7329,166.574,13.683,2,1
7330,316.06,133.06,2,1
7331,61.5228,225.663,2,1
7332,493.603,150.188,2,1
7333,236.947,79.2333,2,1
7334,500.392,46.5584,2,1
7335,202.698,275.438,2,1
7336,315.318,180.715,2,1
7337,199.124,35.0429,2,1
7338,269.785,215.249,2,1
7339,201.56,157.479,2,1
7340,30.5288,102.165,2,1
7341,16.687,5.43097,2,1
7342,306.242,83.1945,2,1
7343,194.266,11.3417,2,1
7344,155.984,48.9384,2,1
7345,366.945,74.9004,2,1
7346,511.267,72.7114,2,1
7347,469.259,127.568,2,1
7348,418.31,81.3526,2,1
7349,28.3891,227.732,2,1
7350,471.075,206.404,2,1
7351,109.958,35.305,2,1
7352,143.602,227.054,2,1
7353,57.5919,186.861,2,1
7354,311.015,161.233,2,1
7355,555.924,255.244,2,1
7356,216.562,168.179,2,1
7357,160.161,170.929,2,1
7358,14.243,238.701,2,1
7359,400.636,208.762,2,1
7360,227.36,41.8595,2,1
7361,9.57635,93.9142,2,1
7362,315.389,76.145,2,1
7363,417.754,277.088,2,1
7364,436.258,58.4992,2,1
7365,318.202,38.3603,2,1
7366,322.518,83.904,2,1
7367,351.765,281.165,2,1
7368,339.859,17.0993,2,1
7369,540.671,208.6,2,1
7370,292.956,214.389,2,1
7371,427.342,294.503,2,1
7372,371.688,24.0815,2,1
7373,394.901,253.225,2,1
7374,520.566,139.952,2,1
7375,24.6179,78.7529,2,1
7376,598.979,18.043,2,1
7377,282.1,55.9128,2,1
7378,449.896,202.816,2,1
7379,511.338,275.112,2,1
7380,320.719,16.5235,2,1
7381,272.651,67.8766,2,1
7382,507.453,16.8709,2,1
7383,332.549,132.671,2,1
7384,14.8889,17.0598,2,1
7385,302.352,205.373,2,1
7386,299.918,7.75304,2,1
7387,498.467,118.24,2,1
7388,99.5882,199,2,1
7389,88.6778,171.179,2,1
7390,539.078,128.556,2,1
7391,425.751,102.04,2,1
7392,50.3523,27.1551,2,1
7393,134.036,124.229,2,1
7394,574.067,168.115,2,1
7395,24.5474,127.913,2,1
7396,333.837,187.644,2,1
7397,432.769,168.288,2,1
7398,91.0512,18.6756,2,1
7399,195.673,127.248,2,1
7400,351.444,139.452,2,1
7401,573.943,229.309,2,1
7402,40.6471,108.007,2,1
7403,378.801,20.2034,2,1
7404,248.197,283.192,2,1
7405,440.612,36.9397,2,1
7406,327.457,124.501,2,1
7407,532.851,46.4198,2,1
7408,366.34,51.557,2,1
7409,80.993,131.169,2,1
7410,381.118,249.045,2,1
7411,342.175,290.26,2,1
7412,535.356,185.937,2,1
7413,55.9713,5.83934,2,1
7414,394.136,258.232,2,1
7415,372.961,113.905,2,1
7416,539.896,230.381,2,1
7417,552.333,45.7411,2,1
7418,453.462,68.3314,2,1
7419,522.57,2,2,1
7420,381.114,120.159,2,1
7421,500.436,219.862,2,1
7422,384.619,239.756,2,1
7423,324.952,282.064,2,1
7424,375.817,9.69429,2,1
7425,270.962,23.9759,2,1
7426,187.822,169.788,2,1
7427,86.7017,298,2,1
7428,310.296,104.215,2,1
7429,547.027,39.1631,2,1
7430,354.563,188.334,2,1
7431,389.184,212.792,2,1
7432,513.007,142.807,2,1
7433,595.551,172.083,2,1
7434,211.921,246.003,2,1
7435,561.375,142.208,2,1
7436,535.141,156.67,2,1
7437,442.049,236.784,2,1
7438,150.719,31.0295,2,1
7439,85.11,60.1135,2,1
7440,269.482,154.185,2,1
7441,370.034,270.753,2,1
7442,306.54,271.142,2,1
7443,161.631,28.6641,2,1
7444,338.165,206.75,2,1
7445,287.385,27.6462,2,1
7446,108.324,276.038,2,1
7447,550.644,15.2989,2,1
7448,10.4686,151.453,2,1
7449,108.033,281.976,2,1
7450,87.279,90.9092,2,1
7451,136.247,39.8766,2,1
7452,278.079,181.43,2,1
7453,20.3689,43.4003,2,1
7454,517.944,29.5966,2,1
7455,134.528,293.918,2,1
7456,305.838,178.306,2,1
7457,550.977,49.6214,2,1
7458,526.81,48.1921,2,1
7459,555.93,223.888,2,1
7460,497.6,175.586,2,1
7461,516.738,68.1479,2,1
7462,147.256,186.646,2,1
7463,116.693,269.668,2,1
7464,285.132,170.538,2,1
7465,231.146,199.925,2,1
7466,81.1056,213.152,2,1
7467,58.76,289.437,2,1
7468,147.9,247.592,2,1
7469,51.9013,205.373,2,1
7470,282.161,207.863,2,1
7471,362.822,53.8923,2,1
7472,598.547,136.863,2,1
7473,222.876,236.566,2,1
7474,180.115,239.671,2,1
7475,136.678,273.873,2,1
7476,354.936,9.04038,2,1
7477,80.6002,148.432,2,1
7478,135.795,133.699,2,1
7479,406.589,202.407,2,1
7480,239.572,232.16,2,1
7481,325.336,219.823,2,1
7482,588.722,173.833,2,1
7483,87.5597,16.6934,2,1
7484,231.472,298,2,1
7485,45.1088,265.872,2,1
7486,554.869,97.1085,2,1
7487,537.804,263.119,2,1
7488,182.193,270.676,2,1
7489,522.909,213.014,2,1
7490,597.023,31.5139,2,1
7491,248.406,140.964,2,1
7492,304.052,224.075,2,1
7493,569.509,217.197,2,1
7494,151.11,5.53781,2,1
7495,76.0916,141.576,2,1
7496,366.695,128.385,2,1
7497,11.8486,235.485,2,1
7498,71.2557,180.385,2,1
7499,340.155,224.947,2,1
7500,175.275,231.654,2,1
7501,328.841,72.9527,2,1
7502,65.6912,209.39,2,1
7503,466.636,110.88,2,1
7504,252.215,283.557,2,1
7505,46.7658,2,2,1
7506,284.564,241.75,2,1
7507,446.909,246.602,2,1
7508,191.784,126.121,2,1
7509,427.028,68.1369,2,1
7510,277.276,138.519,2,1
7511,462.894,135.817,2,1
7512,592.414,248.981,2,1
7513,162.255,269.231,2,1
7514,384.553,153.388,2,1
7515,480.237,91.7388,2,1
7516,523.791,128.013,2,1
7517,305.055,213.023,2,1
7518,525.114,60.0421,2,1
7519,507.363,131.326,2,1
7520,352.899,115.698,2,1
7521,369.939,91.2923,2,1
7522,76.508,91.0327,2,1
7523,558.043,29.0657,2,1
7524,442.911,20.13,2,1
7525,158.119,167.407,2,1
7526,137.046,67.2252,2,1
7527,189.455,45.2395,2,1
7528,586.371,147.613,2,1
7529,576.728,121.229,2,1
7530,492.861,158.42,2,1
7531,135.853,105.33,2,1
7532,262.227,202.812,2,1
7533,353.515,292.917,2,1
7534,332.764,61.5917,2,1
7535,457.823,2,2,1
7536,83.1952,47.9048,2,1
7537,475.387,182.343,2,1
7538,107.026,180.492,2,1
7539,202.549,203.184,2,1
7540,200.57,169.947,2,1
7541,558.218,24.7718,2,1
7542,479.895,15.4808,2,1
7543,433.87,28.0496,2,1
7544,578.548,197.749,2,1
7545,300.256,145.95,2,1
7546,365.948,47.4908,2,1
7547,471.511,45.4806,2,1
7548,461.584,111.243,2,1
7549,440.364,88.1378,2,1
7550,59.928,112.432,2,1
7551,430.404,159.771,2,1
7552,432.902,9.50475,2,1
7553,158.686,222.304,2,1
7554,414.752,36.4226,2,1
7555,120.617,239.223,2,1
7556,458.585,65.6015,2,1
7557,179.462,225.999,2,1
7558,333.856,275.436,2,1
7559,462.796,39.7946,2,1
7560,93.2666,279.314,2,1
7561,130.292,287.727,2,1
7562,13.9779,260.356,2,1
7563,251.299,112.452,2,1
7564,287.121,238.203,2,1
7565,558.44,246.571,2,1
7566,402.206,268.783,2,1
7567,249.277,69.5968,2,1
7568,300.96,89.1576,2,1
7569,565.413,174.789,2,1
7570,189.57,88.2672,2,1
7571,69.2509,172.609,2,1
7572,11.9018,158.572,2,1
7573,268.119,218.898,2,1
7574,381.148,237.741,2,1
7575,279.244,202.125,2,1
7576,230.86,15.2461,2,1
7577,39.4958,195.335,2,1
7578,94.0269,212.931,2,1
7579,215.295,298,2,1
7580,498.159,201.765,2,1
7581,485.46,58.9785,2,1
7582,91.4272,224.629,2,1
7583,266.295,288.822,2,1
7584,178.663,12.2566,2,1
7585,510.163,203.096,2,1
7586,580.04,289.79,2,1
7587,22.7908,2,2,1
7588,195.022,298,2,1
7589,353.599,207.562,2,1
7590,545.228,118.98,2,1
7591,87.8889,117.319,2,1
7592,500.147,140.147,2,1
7593,362.575,137.792,2,1
7594,236.515,87.25,2,1
7595,554.686,145.996,2,1
7596,29.0002,42.1324,2,1
7597,311.86,239.873,2,1
7598,550.551,234.623,2,1
7599,524.217,119.169,2,1
7600,81.4242,225.543,2,1
7601,404.377,123.606,2,1
7602,261.899,86.9232,2,1
7603,455.716,5.51755,2,1
7604,167.013,259.782,2,1
7605,316.672,117.133,2,1
7606,88.4057,42.0206,2,1
7607,558.223,235.753,2,1
7608,126.917,160.242,2,1
7609,205.329,24.7997,2,1
7610,27.4855,213.88,2,1
7611,89.7304,30.9211,2,1
7612,328.524,11.1093,2,1
7613,6.37085,278.369,2,1
7614,146.219,87.5531,2,1
7615,523.815,268.931,2,1
7616,408.538,176.357,2,1
7617,119.3,50.0552,2,1
7618,246.11,279.622,2,1
7619,265.535,145.76,2,1
7620,451.691,12.6795,2,1
7621,402.831,2,2,1
7622,564.693,298,2,1
7623,241.261,5.62142,2,1
7624,544.951,91.1307,2,1
7625,310.443,80.0048,2,1
7626,138.978,47.7374,2,1
7627,534.713,146.776,2,1
7628,423.636,22.8089,2,1
7629,346.428,243.419,2,1
7630,381.384,135.157,2,1
7631,71.5755,53.0507,2,1
7632,114.676,241.516,2,1
7633,478.007,24.9814,2,1
7634,364.176,298,2,1
7635,443.112,76.0026,2,1
7636,34.5349,82.4552,2,1
7637,483.053,290.572,2,1
7638,338.937,257.761,2,1
7639,468.503,298,2,1
7640,389.763,95.5258,2,1
7641,357.965,175.396,2,1
7642,2.65954,186.806,2,1
7643,67.319,110.79,2,1
7644,53.5686,282.263,2,1
7645,286.265,124.613,2,1
7646,535.158,249.075,2,1
7647,495.473,34.34,2,1
7648,98.1038,141.676,2,1
7649,358.348,94.1168,2,1
7650,317.782,20.4823,2,1
7651,208.986,185.26,2,1
7652,265.251,71.0591,2,1
7653,563.504,10.2846,2,1
7654,7.20276,158.991,2,1
7655,24.4184,90.595,2,1
7656,85.9045,257.43,2,1
7657,391.56,276.804,2,1
7658,489.699,279.142,2,1
7659,285.669,280.774,2,1
7660,130.001,36.453,2,1
7661,581.106,43.6947,2,1
7662,398.69,144.333,2,1
7663,435.789,232.247,2,1
7664,436.922,73.3053,2,1
7665,63.4593,151.054,2,1
7666,137.761,137.224,2,1
7667,571.359,98.4464,2,1
7668,420.508,51.6484,2,1
7669,67.6302,161.563,2,1
7670,504.718,169.247,2,1
7671,76.99,213.586,2,1
7672,555.191,172.77,2,1
7673,67.3768,146.508,2,1
7674,139.366,199.094,2,1
7675,23.5034,110.704,2,1
7676,571.953,110.047,2,1
7677,390.548,167.849,2,1
7678,263.325,4.08365,2,1
7679,477.524,298,2,1
7680,112.082,111.977,2,1
7681,579.221,249.623,2,1
7682,521.872,32.174,2,1
7683,143.288,48.5167,2,1
7684,351.558,153.791,2,1
7685,242.559,30.1162,2,1
7686,594.725,105.464,2,1
7687,449.016,121.382,2,1
7688,126.291,243.313,2,1
7689,400.741,140.831,2,1
7690,306.453,127.303,2,1
7691,385.984,36.7152,2,1
7692,126.206,285.557,2,1
7693,49.8119,276.434,2,1
7694,367.012,294.112,2,1
7695,349.244,87.4048,2,1
7696,142.047,169.325,2,1
7697,579.37,149.261,2,1
7698,155.564,195.535,2,1
7699,153.29,263.271,2,1
7700,35.3133,123.171,2,1
7701,497.641,167.415,2,1
7702,161.791,180.45,2,1
7703,497.274,49.1971,2,1
7704,221.04,123.926,2,1
7705,55.7862,206.843,2,1
7706,166.92,151.123,2,1
7707,591.556,25.4044,2,1
7708,191.683,97.3048,2,1
7709,375.313,30.9104,2,1
7710,363.379,206.219,2,1
7711,325.78,21.2635,2,1
7712,408.372,60.4801,2,1
7713,556.845,119.281,2,1
7714,390.171,191.99,2,1
7715,556.801,204.1,2,1
7716,520.867,237.677,2,1
7717,251.98,188.952,2,1
7718,19.5365,63.8816,2,1
7719,10.3053,193.286,2,1
7720,548.591,35.4208,2,1
7721,274.753,11.0631,2,1
7722,36.4994,246.045,2,1
7723,455.058,164.716,2,1
7724,34.7087,21.5664,2,1
7725,258.739,185.26,2,1
7726,363.012,213.429,2,1
7727,461.172,132.128,2,1
7728,498.775,85.9013,2,1
7729,359.932,78.701,2,1
7730,141.139,219.667,2,1
7731,113.612,124.686,2,1
7732,30.6604,242.036,2,1
7733,525.488,75.291,2,1
7734,169.643,170.337,2,1
7735,95.4324,98.9972,2,1
7736,327.011,92.789,2,1
7737,466.41,175.279,2,1
7738,448.679,298,2,1
7739,120.745,18.5756,2,1
7740,176.78,169.954,2,1
7741,120.42,227.143,2,1
7742,20.7662,5.48163,2,1
7743,389.573,216.834,2,1
7744,251.884,177.269,2,1
7745,12.8912,35.8994,2,1
7746,63.4381,13.5454,2,1
7747,310.533,203.601,2,1
7748,451.414,100.223,2,1
7749,507.459,253.694,2,1
7750,476.562,6.0882,2,1
7751,426.533,205.631,2,1
7752,426.815,118.417,2,1
7753,214.236,115.82,2,1
7754,481.754,256.424,2,1
7755,23.4923,213.019,2,1
7756,423.955,154.344,2,1
7757,199.985,177.918,2,1
7758,130.39,174.331,2,1
7759,325.863,240.639,2,1
7760,161.032,140.512,2,1
7761,579.554,153.408,2,1
7762,516.84,207.738,2,1
7763,212.127,276.962,2,1
7764,444.573,298,2,1
7765,91.6962,14.4623,2,1
7766,188.493,208.197,2,1
7767,383.991,84.9156,2,1
7768,98.0647,275.651,2,1
7769,417.927,295.54,2,1
7770,289.424,172.194,2,1
7771,572.295,205.077,2,1
7772,118.696,260.336,2,1
7773,181.106,110.599,2,1
7774,133.313,203.308,2,1
7775,223.023,145.799,2,1
7776,161.069,265.388,2,1
7777,345.072,199.78,2,1
7778,538.172,140.731,2,1
7779,553.042,136.199,2,1
7780,381.887,59.1454,2,1
7781,335.1,218.517,2,1
7782,255.026,230.583,2,1
7783,463.938,107.912,2,1
7784,387.793,115.628,2,1
7785,297.66,152.592,2,1
7786,496.921,217.705,2,1
7787,105.485,116.594,2,1
7788,290.529,207.645,2,1
7789,212.257,39.5542,2,1
7790,540.736,216.623,2,1
7791,77.9385,8.9936,2,1
7792,210.918,283.205,2,1
7793,191.112,279.021,2,1
7794,175.723,35.6545,2,1
7795,394.929,59.2784,2,1
7796,437.819,2,2,1
7797,407.748,130.907,2,1
7798,510.297,46.6918,2,1
7799,66.0439,243.584,2,1
7800,44.6238,246.565,2,1
7801,284.957,162.386,2,1
7802,198.873,160.619,2,1
7803,211.978,231.497,2,1
7804,125.157,80.4332,2,1
7805,162.202,186.116,2,1
7806,88.4046,162.942,2,1
7807,522.523,49.9195,2,1
7808,265.17,208.734,2,1
7809,497.039,78.2923,2,1
7810,473.764,133.06,2,1
7811,450.475,149.809,2,1
7812,459.874,229.804,2,1
7813,223.495,286.319,2,1
7814,292.709,196.127,2,1
7815,214.169,2,2,1
7816,457.747,90.0095,2,1
7817,134.534,109.12,2,1
7818,530.588,2,2,1
7819,322.811,203.477,2,1
7820,518.234,271.619,2,1
7821,590.969,108.14,2,1
7822,78.4871,177.745,2,1
7823,401.576,27.5219,2,1
7824,493.284,154.226,2,1
7825,273.888,248.844,2,1
7826,152.962,208.25,2,1
7827,280.126,291.902,2,1
7828,519.142,105.672,2,1
7829,497.748,279.61,2,1
7830,156.907,180.05,2,1
7831,598.232,10.1849,2,1
7832,571.983,141.042,2,1
7833,44.9906,148.624,2,1
7834,338.92,57.2186,2,1
7835,470.272,176.347,2,1
7836,20.1866,171.424,2,1
7837,503.392,133.464,2,1
7838,514.967,257.066,2,1
7839,69.9125,9.20384,2,1
7840,370.873,126.352,2,1
7841,276.773,238.853,2,1
7842,261.889,98.228,2,1
7843,529.206,104.715,2,1
7844,404.458,62.2023,2,1
7845,372.879,224.546,2,1
7846,66.3358,218.727,2,1
7847,156.037,247.882,2,1
7848,498.256,53.1364,2,1
7849,359.119,51.9721,2,1
7850,467.367,222.956,2,1
7851,520.181,70.2487,2,1
7852,77.6118,234.03,2,1
7853,479.628,195.474,2,1
7854,546.299,188.253,2,1
7855,302.721,22.8488,2,1
7856,228.15,27.363,2,1
7857,494.684,93.4263,2,1
7858,542.961,268.563,2,1
7859,91.5052,90.8663,2,1
7860,483.788,8.37796,2,1
7861,550.633,249.945,2,1
7862,218.377,264.902,2,1
7863,80.3427,287.546,2,1
7864,170.039,44.1253,2,1
7865,22.524,234.243,2,1
7866,51.9882,90.8499,2,1
7867,296.693,245.318,2,1
7868,343.875,262.622,2,1
7869,144.447,92.9703,2,1
7870,500.084,228.019,2,1
7871,496.563,14.463,2,1
7872,385.008,89.026,2,1
7873,95.7103,65.7365,2,1
7874,108.529,161.657,2,1
7875,360.907,254.83,2,1
7876,353.935,245.055,2,1
7877,460.231,242.918,2,1
7878,299.515,92.9683,2,1
7879,295.393,298,2,1
7880,386.383,66.0059,2,1
7881,141.712,74.3169,2,1
7882,422.095,295.522,2,1
7883,59.6845,229.331,2,1
7884,341.858,29.1854,2,1
7885,457.794,75.2535,2,1
7886,470.275,2,2,1
7887,14.6215,2,2,1
7888,384.897,255.838,2,1
7889,515.543,43.2231,2,1
7890,598.321,43.3563,2,1
7891,453.396,211.977,2,1
7892,415.067,47.1917,2,1
7893,504.781,27.5154,2,1
7894,339.745,282.432,2,1
7895,86.3493,8.98862,2,1
7896,111.792,287.059,2,1
7897,418.981,258.086,2,1
7898,596.688,197.354,2,1
7899,473.08,58.6432,2,1
7900,367.395,124.318,2,1
7901,317.933,142.016,2,1
7902,312.476,50.8682,2,1
7903,265.049,66.9974,2,1
7904,175.731,133.769,2,1
7905,506.305,270.054,2,1
7906,482.073,12.0301,2,1
7907,298.898,160.692,2,1
7908,89.1904,110.188,2,1
7909,24.7572,25.629,2,1
7910,503.602,200.553,2,1
7911,467.322,254.098,2,1
7912,212.962,99.7426,2,1
7913,518.286,93.9432,2,1
7914,416.241,40.289,2,1
7915,582.359,16.8568,2,1
7916,453.893,27.0184,2,1
7917,430.858,13.0756,2,1
7918,548.19,217.37,2,1
7919,359.052,8.87883,2,1
7920,278.459,9.40826,2,1
7921,238.987,170.674,2,1
7922,508.947,150.725,2,1
7923,98.7124,283.595,2,1
7924,428.727,64.4394,2,1
7925,224.698,275.62,2,1
7926,480.675,214.156,2,1
7927,288.421,128.09,2,1
7928,98.705,215.549,2,1
7929,165.727,29.1978,2,1
7930,248.631,44.4231,2,1
7931,177.808,148.984,2,1
7932,396.181,219.511,2,1
7933,192.381,85.4209,2,1
7934,69.1961,246.42,2,1
7935,40.765,227.675,2,1
7936,81.7313,171.905,2,1
7937,261.056,298,2,1
7938,154.323,267.19,2,1
7939,101.784,184.673,2,1
7940,154.538,287.967,2,1
7941,493.483,66.3795,2,1
7942,320.105,88.7291,2,1
7943,527.135,277.559,2,1
7944,179.193,22.8833,2,1
7945,423.3,59.3383,2,1
7946,197.788,266.466,2,1
7947,207.999,246.924,2,1
7948,351.042,124.128,2,1
7949,484.523,294.404,2,1
7950,420.649,62.5444,2,1
7951,487.612,132.467,2,1
7952,153.164,113.359,2,1
7953,135.803,206.627,2,1
7954,405.329,134.201,2,1
7955,20.5481,239.753,2,1
7956,593.588,188.547,2,1
7957,385.956,16.3742,2,1
7958,43.662,182.471,2,1
7959,51.2607,13.4985,2,1
7960,355.342,248.807,2,1
7961,211.053,290.636,2,1
7962,339.503,98.9256,2,1
7963,489.746,177.322,2,1
7964,260.575,290.811,2,1
7965,30.6173,174.762,2,1
7966,61.0493,263.835,2,1
7967,316.824,289.668,2,1
7968,40.859,273.447,2,1
7969,328.131,47.1052,2,1
7970,267.694,137.582,2,1
7971,561.673,61.131,2,1
7972,211.7,145.787,2,1
7973,113.167,229.763,2,1
7974,518.587,122.347,2,1
7975,484.018,235.137,2,1
7976,333.219,167.284,2,1
7977,206.022,9.15022,2,1
7978,460.878,155.365,2,1
7979,271.756,274.059,2,1
7980,79.9727,45.4218,2,1
7981,73.7405,256.352,2,1
7982,198.339,195.046,2,1
7983,85.5991,242.582,2,1
7984,73.2273,83.1367,2,1
7985,212.247,137.648,2,1
7986,50.2873,38.0392,2,1
7987,409.939,185.259,2,1
7988,497.752,10.5665,2,1
7989,37.6644,88.2091,2,1
7990,517.481,203.704,2,1
7991,24.2379,94.6238,2,1
7992,412.823,104.503,2,1
7993,424.737,64.7951,2,1
7994,40.1305,44.363,2,1
7995,421.607,26.3687,2,1
7996,542.328,25.8353,2,1
7997,460.053,36.2718,2,1
7998,339.04,180.735,2,1
7999,485.103,38.6474,2,1
8000,301.217,55.4649,2,1
8001,490.823,20.2114,2,1
8002,421.933,225.036,2,1
8003,30.9179,190.339,2,1
8004,245.952,41.2631,2,1
8005,60.7384,279.64,2,1
8006,448.359,290.808,2,1
8007,566.262,122.025,2,1
8008,505.409,44.2938,2,1
8009,263.532,260.145,2,1
8010,21.2673,125.46,2,1
8011,551.878,128.801,2,1
8012,294.387,23.485,2,1
8013,146.11,19.9801,2,1
8014,151.013,19.949,2,1
8015,17.5296,174.599,2,1
8016,294.249,115.583,2,1
8017,51.9234,5.84264,2,1
8018,566.907,195.483,2,1
8019,482.359,2,2,1
8020,448.108,231.135,2,1
8021,355.539,193.731,2,1
8022,334.147,108.186,2,1
8023,476.453,171.047,2,1
8024,41.392,61.3283,2,1
8025,578.075,220.546,2,1
8026,532.116,211.643,2,1
8027,538.298,188.828,2,1
8028,164.244,122.37,2,1
8029,226.699,265.487,2,1
8030,196.879,168.397,2,1
8031,242.701,258.551,2,1
8032,545.901,87.0877,2,1
8033,153.282,84.2763,2,1
8034,185.124,187.119,2,1
8035,107.003,290.154,2,1
8036,4.17879,55.8456,2,1
8037,313.138,267.251,2,1
8038,130.164,62.7818,2,1
8039,238.523,12.4328,2,1
8040,49.5725,67.3148,2,1
8041,335.06,244.718,2,1
8042,318.515,217.705,2,1
8043,286.692,42.1179,2,1
8044,381.397,289.413,2,1
8045,551.728,294.059,2,1
8046,527.759,143.232,2,1
8047,43.6672,124.87,2,1
8048,398.718,86.3684,2,1
8049,77.2963,187.386,2,1
8050,346.457,207.609,2,1
8051,344.263,69.7012,2,1
8052,422.403,288.271,2,1
8053,202.384,142.579,2,1
8054,447.464,90.1268,2,1
8055,145.686,259.866,2,1
8056,496.759,82.3183,2,1
8057,419.223,29.7952,2,1
8058,194.468,214.243,2,1
8059,219.237,62.3374,2,1
8060,281.238,160.826,2,1
8061,431.881,31.5566,2,1
8062,303.031,39.5102,2,1
8063,170.853,72.4536,2,1
8064,409.755,89.1711,2,1
8065,492.11,90.3598,2,1
8066,135.716,234.676,2,1
8067,98.8032,181.93,2,1
8068,207.044,61.9225,2,1
8069,323.135,258.912,2,1
8070,513.997,233.665,2,1
8071,72.0288,249.456,2,1
8072,562.293,25.7688,2,1
8073,7.20132,144.777,2,1
8074,240.818,91.6757,2,1
8075,452.672,30.8545,2,1
8076,424.866,135.534,2,1
8077,340.016,191.423,2,1
8078,591.647,5.83095,2,1
8079,21.619,176.12,2,1
8080,184.205,163.376,2,1
8081,73.9212,9.07921,2,1
8082,150.117,200.824,2,1
8083,427.858,250.518,2,1
8084,23.2876,62.0203,2,1
8085,3.04527,196.239,2,1
8086,387.96,252.998,2,1
8087,450.559,127.629,2,1
8088,404.531,293.504,2,1
8089,34.5669,69.7498,2,1
8090,51.6436,86.8033,2,1
8091,554.264,13.3881,2,1
8092,501.452,125.611,2,1
8093,440.998,296.126,2,1
8094,192.407,285.353,2,1
8095,90.6216,284.023,2,1
8096,256.779,188.963,2,1
8097,206.611,188.557,2,1
8098,557.711,67.933,2,1
8099,370.748,249.916,2,1
8100,77.9617,137.944,2,1
8101,54.3805,197.627,2,1
8102,311.059,216.742,2,1
8103,514.56,241.598,2,1
8104,164.879,162.956,2,1
8105,577.039,298,2,1
8106,281.294,30.4768,2,1
8107,377.421,256.533,2,1
8108,411.608,207.218,2,1
8109,93.1309,270.753,2,1
8110,570.752,294.443,2,1
8111,468.668,290.912,2,1
8112,219.075,135.217,2,1
8113,595.437,127.33,2,1
8114,444.62,220.414,2,1
8115,386.544,92.8317,2,1
8116,494.268,241.227,2,1
8117,551.823,230.812,2,1
8118,372.754,88.44,2,1
8119,356.34,223.672,2,1
8120,397.293,98.3884,2,1
8121,531.718,60.0999,2,1
8122,77.0548,191.592,2,1
8123,48.4505,175.037,2,1
8124,520.525,220.864,2,1
8125,30.8375,2,2,1
8126,587.009,105.327,2,1
8127,411.992,62.7022,2,1
8128,16.3797,38.1005,2,1
8129,94.3806,11.3701,2,1
8130,184.895,122.443,2,1
8131,71.0925,231.237,2,1
8132,337.963,275.67,2,1
8133,528.352,289.885,2,1
8134,549.404,175.499,2,1
8135,324.179,61.6561,2,1
8136,97.8135,125.894,2,1
8137,107.448,69.0545,2,1
8138,233.807,268.933,2,1
8139,474.926,257.206,2,1
8140,67.6374,118.953,2,1
8141,279.54,84.134,2,1
8142,265.124,167.359,2,1
8143,304.198,251.05,2,1
8144,344.03,191.84,2,1
8145,67.8154,269.338,2,1
8146,390.124,239.716,2,1
8147,186.241,222.409,2,1
8148,350.016,29.1317,2,1
8149,140.154,122.873,2,1
8150,3.51882,248.595,2,1
8151,595.087,280.417,2,1
8152,286.596,70.9832,2,1
8153,445.616,257.549,2,1
8154,443.658,195.152,2,1
8155,107.736,286.129,2,1
8156,1.03969,266.477,2,1
8157,407.768,13.9848,2,1
8158,317.43,227.299,2,1
8159,35.1152,211.228,2,1
8160,342.142,106.512,2,1
8161,336.026,231.058,2,1
8162,190.344,140.648,2,1
8163,7.55354,53.5554,2,1
8164,167.7,120.145,2,1
8165,235.448,42.9996,2,1
8166,487.111,42.1204,2,1
8167,31.5173,121.732,2,1
8168,362.021,109.964,2,1
8169,146.566,30.976,2,1
8170,117.814,139.107,2,1
8171,57.5744,18.8621,2,1
8172,12.3054,227.293,2,1
8173,223.525,189.368,2,1
8174,86.6304,2,2,1
8175,598.786,85.8465,2,1
8176,246.433,11.8724,2,1
8177,569.599,54.0847,2,1
8178,508.747,69.5615,2,1
8179,46.3739,159.679,2,1
8180,146.315,298,2,1
8181,314.442,271.749,2,1
8182,20.6895,189.648,2,1
8183,350.41,220.618,2,1
8184,235.098,95.0383,2,1
8185,242.903,229.763,2,1
8186,583.622,119.238,2,1
8187,281.28,225.195,2,1
8188,516.79,291.012,2,1
8189,589.858,285.65,2,1
8190,234.872,247.117,2,1
8191,127.524,298,2,1
8192,588.457,255.737,2,1
8193,584.341,275.572,2,1
8194,74.5269,109.512,2,1
8195,31.9824,252.279,2,1
8196,486.092,119.973,2,1
8197,332.79,224.574,2,1
8198,436.946,9.57442,2,1
8199,44.4263,34.3059,2,1
8200,72.5892,27.3346,2,1
8201,327.106,260.053,2,1
8202,562.647,294.521,2,1
8203,245.341,49.687,2,1
8204,187.99,242.116,2,1
8205,33.7312,104.747,2,1
8206,225.05,99.7962,2,1
8207,506.534,146.292,2,1
8208,10.4782,18.6768,2,1
8209,533.886,164.064,2,1
8210,267.287,157.649,2,1
8211,165.65,286.587,2,1
8212,173.843,75.13,2,1
8213,567.553,9.93186,2,1
8214,348.782,235.177,2,1
8215,118.649,166.673,2,1
8216,105.715,131.97,2,1
8217,391.656,141.182,2,1
8218,587.624,87.6667,2,1
8219,2.4254,92.7043,2,1
8220,211.374,82.0922,2,1
8221,518.623,214.288,2,1
8222,226.251,2,2,1
8223,423.124,281.429,2,1
8224,193.301,232.324,2,1
8225,592.675,198.789,2,1
8226,346.641,203.559,2,1
8227,145.015,294.16,2,1
8228,32.4881,108.602,2,1
8229,582.598,238.029,2,1
8230,121.849,262.902,2,1
8231,525.709,27.2661,2,1
8232,207.652,155.676,2,1
8233,197.65,2,2,1
8234,593.893,217.307,2,1
8235,368.994,41.0647,2,1
8236,207.552,213.027,2,1
8237,302.072,43.4366,2,1
8238,368.411,199.432,2,1
8239,11.7149,64.9641,2,1
8240,73.6012,172.326,2,1
8241,205.614,48.2717,2,1
8242,358.522,137.42,2,1
8243,457.826,9.01716,2,1
8244,196.529,45.9454,2,1
8245,527.894,30.6396,2,1
8246,419.868,92.8488,2,0
8247,5.00966,62.1183,2,1
8248,568.583,184.91,2,1
8249,371.252,178.551,2,1
8250,414.403,237.387,2,1
8251,474.983,294.761,2,1
8252,16.716,190.514,2,1
8253,199.549,52.0715,2,1
8254,168.687,87.3321,2,1
8255,4.33417,32.2546,2,1
8256,537.897,77.626,2,1
8257,541.543,160.46,2,1
8258,541.695,264.471,2,1
8259,12.7944,39.985,2,1
8260,534.435,106.645,2,1
8261,385.906,58.9254,2,1
8262,204.533,219.018,2,1
8263,282.542,233.096,2,1
8264,230.515,248.092,2,1
8265,325.207,232.504,2,1
8266,92.0409,117.76,2,1
8267,198.201,108.826,2,1
8268,194.186,281.722,2,1
8269,100.572,70.7065,2,1
8270,165.605,188.236,2,1
8271,49.6433,109.985,2,1
8272,175.59,173.786,2,1
8273,441.605,84.2981,2,1
8274,507.583,200.02,2,1
8275,253.727,165.845,2,1
8276,104.424,283.834,2,1
8277,463.652,252.358,2,1
8278,85.2031,188.027,2,1
8279,289.186,168.044,2,1
8280,486.036,227.374,2,1
8281,228.531,56.6282,2,1
8282,104.879,239.637,2,1
8283,390.882,42.4835,2,1
8284,447.636,269.479,2,1
8285,494.89,45.9787,2,1
8286,529.758,259.363,2,1
8287,560.676,133.622,2,1
8288,475.745,196.679,2,1
8289,120.018,272.134,2,1
8290,152.605,274.08,2,1
8291,144.858,276.025,2,1
8292,318.547,170.336,2,1
8293,311.38,169.36,2,1
8294,380.465,226.667,2,1
8295,315.189,145.031,2,1
8296,464.459,200.083,2,1
8297,175.305,24.0039,2,1
8298,240.992,196.41,2,1
8299,126.387,164.242,2,1
8300,250.076,294.2,2,1
8301,369,35.8814,2,1
8302,299.116,100.907,2,1
8303,231.553,34.7631,2,1
8304,403.437,199.755,2,1
8305,564.816,186.52,2,1
8306,291.378,81.0367,2,1
8307,86.6058,291.072,2,1
8308,566.996,159.053,2,1
8309,531.725,246.686,2,1
8310,328.857,234.868,2,1
8311,388.869,284.095,2,1
8312,302.323,127.366,2,1
8313,127.563,96.4023,2,1
8314,560.786,204.573,2,1
8315,171.423,174.038,2,1
8316,192.206,189.723,2,1
8317,332.397,232.922,2,1
8318,121.722,223.269,2,1
8319,103.441,223.895,2,1
8320,123.245,26.3338,2,1
8321,131.518,192.594,2,1
8322,73.2388,42.1043,2,1
8323,178.375,186.471,2,1
8324,58.4302,116.192,2,1
8325,468.61,266.343,2,1
8326,580.733,69.631,2,1
8327,195.93,177.031,2,1
8328,511.398,131.513,2,1
8329,24.8036,286.202,2,1
8330,579.227,107.096,2,1
8331,165.218,196.442,2,1
8332,599.404,89.9351,2,1
8333,356.609,167.366,2,1
8334,561.393,188.641,2,1
8335,420.665,33.5417,2,1
8336,429.328,298,2,1
8337,267.902,13.7343,2,1
8338,234.805,69.2412,2,1
8339,309.179,135.249,2,1
8340,514.983,136.673,2,1
8341,259.84,136.155,2,1
8342,34.3367,61.5617,2,1
8343,106.339,9.05876,2,1
8344,111.812,50.142,2,1
8345,513.48,155.878,2,1
8346,242.765,124.259,2,1
8347,39.9617,7.20137,2,1
8348,165.987,168.446,2,1
8349,418.118,266.158,2,1
8350,415.759,207.493,2,1
8351,485.108,128.905,2,1
8352,244.831,272.428,2,1
8353,145.946,255.753,2,1
8354,352.119,32.7392,2,1
8355,516.562,172.75,2,1
8356,568.596,188.985,2,1
8357,253.181,239.941,2,1
8358,556.231,259.404,2,1
8359,99.4588,243.255,2,1
8360,124.334,255.131,2,1
8361,2.94951,21.8258,2,1
8362,222.151,158.284,2,1
8363,318.46,271.947,2,1
8364,109.928,83.1731,2,1
8365,274.837,49.1277,2,1
8366,444.629,31.7595,2,1
8367,238.797,63.0243,2,1
8368,460.313,200.446,2,1
8369,59.0773,126.957,2,1
8370,49.6498,171.058,2,1
8371,477.469,250.557,2,1
8372,288.081,197.827,2,1
8373,208.093,5.52469,2,1
8374,559.545,231.946,2,1
8375,42.4795,69.2569,2,1
8376,548.651,285.985,2,1
8377,598.689,282.902,2,1
8378,180.074,102.562,2,1
8379,282.055,65.3768,2,1
8380,520.311,171.058,2,1
8381,44.1361,58.3439,2,1
8382,599.78,51.3206,2,1
8383,311.059,2,2,1
8384,71.457,31.2766,2,1
8385,181.418,160.471,2,1
8386,464.255,92.4446,2,0
8387,110.804,76.2562,2,1
8388,294.196,27.9174,2,1
8389,534.479,274.505,2,1
8390,285.335,194.351,2,1
8391,471.457,22.4492,2,1
8392,118.099,25.1482,2,1
8393,200.364,138.78,2,1
8394,535.95,232.113,2,1
8395,234.326,289.994,2,1
8396,0.990485,237.72,2,1
8397,415.052,259.075,2,1
8398,359.864,72.2551,2,1
8399,160.199,210.607,2,1
8400,393.482,175.399,2,1
8401,337.515,264.491,2,1
8402,298.635,280.936,2,1
8403,185.159,111.296,2,1
8404,82.5901,97.8872,2,1
8405,200.242,187.122,2,1
8406,178.352,136.883,2,1
8407,507.405,172.325,2,1
8408,123.602,56.9919,2,1
8409,318.244,58.684,2,1
8410,114.754,75.5901,2,1
8411,124.011,266.272,2,1
8412,491.963,24.156,2,1
8413,332.61,279.315,2,1
8414,406.251,226.585,2,1
8415,11.129,272.267,2,1
8416,58.0413,276.595,2,1
8417,334.786,204.353,2,1
8418,365.33,33.1466,2,1
8419,365.298,210.038,2,1
8420,326.41,184.34,2,1
8421,511.097,101.126,2,1
8422,186.514,265.345,2,1
8423,547.896,93.8759,2,1
8424,140.163,69.9504,2,1
8425,231.283,7.29924,2,1
8426,214.332,126.905,2,1
8427,458.428,47.5297,2,1
8428,132.958,180.81,2,1
8429,343.877,266.659,2,1
8430,119.75,280.298,2,1
8431,4.9979,135.07,2,1
8432,480.324,244.888,2,1
8433,423.769,221.458,2,1
8434,348.954,117.032,2,1
8435,210.165,2,2,1
8436,371.807,5.58715,2,1
8437,427.476,132.453,2,1
8438,127.138,52.2617,2,1
8439,558.9,171.255,2,1
8440,533.046,119.132,2,1
8441,230.981,228.146,2,1
8442,589.258,112.861,2,1
8443,443.092,6.0126,2,1
8444,205.925,201.021,2,1
8445,77.5023,197.115,2,1
8446,144.314,77.5027,2,1
8447,544.427,207.158,2,1
8448,342.331,153.923,2,1
8449,57.1806,264.984,2,1
8450,371.244,214.063,2,1
8451,95.0824,149.827,2,1
8452,437.127,54.5362,2,1
8453,145.628,163.332,2,1
8454,180.662,168.895,2,1
8455,550.099,85.8158,2,1
8456,403.82,287.763,2,1
8457,132.428,253.028,2,1
8458,188.647,17.0154,2,1
8459,364.42,9.06418,2,1
8460,589.736,217.459,2,1
8461,97.0499,271.764,2,1
8462,213.476,293.983,2,1
8463,230.804,151.272,2,1
8464,37.0626,24.9393,2,1
8465,180.227,145.509,2,1
8466,240.995,117.263,2,1
8467,426.795,151.408,2,1
8468,515.431,10.0486,2,1
8469,201.628,87.2129,2,1
8470,440.938,211.206,2,1
8471,510.695,263.486,2,1
8472,45.775,108.887,2,1
8473,56.1821,294.012,2,1
8474,404.982,191.733,2,1
8475,525.772,16.1586,2,1
8476,338.841,172.15,2,1
8477,47.4771,47.9209,2,1
8478,223.313,6.59226,2,1
8479,251.512,169.263,2,1
8480,509.49,50.622,2,1
8481,498.393,148.761,2,1
8482,175.325,263.183,2,1
8483,443.602,208.054,2,1
8484,500.374,266.529,2,1
8485,154.939,104.82,2,1
8486,278.09,267.063,2,1
8487,125.843,110.954,2,1
8488,218.177,2,2,1
8489,54.2576,189.43,2,1
8490,272.204,72.0304,2,1
8491,557.717,55.9185,2,1
8492,130.352,5.81086,2,1
8493,191.055,211.602,2,1
8494,554.245,22.6035,2,1
8495,431.581,88.4484,2,1
8496,12.4812,210.621,2,1
8497,295.761,91.5493,2,1
8498,295.799,163.236,2,1
8499,110.336,153.111,2,1
8500,50.3462,134.395,2,1
8501,292.408,187.734,2,1
8502,87.4325,223.981,2,1
8503,553.422,206.429,2,1
8504,134.476,11.4597,2,1
8505,82.8802,217.903,2,1
8506,596.505,101.82,2,1
8507,92.7512,173.518,2,1
8508,238.257,40.1277,2,1
8509,164.485,108.059,2,1
8510,196.988,131.308,2,1
8511,233.682,161.724,2,1
8512,510.576,158.817,2,1
8513,590.5,9.6635,2,1
8514,228.181,202.802,2,1
8515,108.515,113.826,2,1
8516,243.359,215.619,2,1
8517,482.24,48.546,2,1
8518,565.021,90.2187,2,1
8519,374.666,166.814,2,1
8520,94.1587,77.9277,2,1
8521,494.819,272.223,2,1
8522,140.306,39.1716,2,1
8523,509.878,80.337,2,1
8524,431.98,250.073,2,1
8525,91.6796,251.687,2,1
8526,352.784,215.632,2,1
8527,165.194,103.988,2,1
8528,302.854,66.0738,2,1
8529,24.3956,173.241,2,1
8530,361.878,270.524,2,1
8531,374.219,100.325,2,1
8532,253.344,30.0161,2,1
8533,222.052,105.631,2,1
8534,8.42964,98.1249,2,1
8535,20.1507,243.76,2,1
8536,584.518,206.585,2,1
8537,505.992,31.7097,2,1
8538,369.555,111.537,2,1
8539,94.0946,274.648,2,1
8540,285.784,258.435,2,1
8541,271.453,204.022,2,1
8542,382.156,26.4841,2,1
8543,399.241,169.714,2,1
8544,281.304,73.9665,2,1
8545,342.385,231.987,2,1
8546,168.67,283.854,2,1
8547,562.046,101.113,2,1
8548,169.303,17.8266,2,1
8549,448.602,46.128,2,1
8550,390.016,207.595,2,1
8551,192.207,293.981,2,1
8552,480.389,151.046,2,1
8553,409.781,264.363,2,1
8554,312.017,173.369,2,1
8555,49.5602,63.2498,2,1
8556,199.647,64.2911,2,1
8557,81.1758,108.53,2,1
8558,432.185,216.33,2,1
8559,505.543,153.992,2,1
8560,255.863,153.319,2,1
8561,520.646,57.7885,2,1
8562,372.228,11.5911,2,1
8563,416.043,137.03,2,1
8564,570.821,282.944,2,1
8565,208.707,294.019,2,1
8566,328.814,217.774,2,1
8567,151.671,88.2575,2,1
8568,574.562,18.8741,2,1
8569,442.812,150.32,2,1
8570,45.7583,215.797,2,1
8571,14.8685,144.311,2,1
8572,358.529,220.214,2,1
8573,167.556,99.3986,2,1
8574,252.771,58.6983,2,1
8575,393.13,291.65,2,1
8576,61.2966,17.3753,2,1
8577,533.987,81.4373,2,1
8578,5.48834,85.2591,2,1
8579,335.572,135.371,2,1
8580,65.9453,51.2368,2,1
8581,462.279,147.776,2,1
8582,511.824,280.231,2,1
8583,247.167,2,2,1
8584,350.94,172.457,2,1
8585,230.621,223.665,2,1
8586,440.362,138.162,2,1
8587,478.114,207.593,2,1
8588,130.42,162.318,2,1
8589,251.723,268.075,2,1
8590,496.702,225.834,2,1
8591,202.922,45.2378,2,1
8592,90.1113,258.757,2,1
8593,117.163,229.571,2,1
8594,542.893,247.053,2,1
8595,573.553,217.114,2,1
8596,22.1946,199.1,2,1
8597,41.0753,269.394,2,1
8598,435.949,191.351,2,1
8599,37.3093,275.407,2,1
8600,155.647,19.0504,2,1
8601,283.981,198.14,2,1
8602,224.01,232.705,2,1
8603,308.566,293.937,2,1
8604,471.925,189.514,2,1
8605,146.79,217.486,2,1
8606,302.47,103.212,2,1
8607,349.525,7.73873,2,1
8608,143.646,119.757,2,1
8609,149.618,135.932,2,1
8610,130.478,246.329,2,1
8611,429.487,266.658,2,1
8612,472.956,30.505,2,1
8613,493.73,203.486,2,1
8614,35.9445,28.8144,2,1
8615,90.8558,83.7723,2,1
8616,171.84,36.7152,2,1
8617,576.13,13.9414,2,1
8618,227.035,13.6513,2,1
8619,571.195,250.259,2,1
8620,220.528,290.548,2,1
8621,490.069,252.487,2,1
8622,456.495,290.854,2,1
8623,292.516,165.573,2,1
8624,370.699,73.2105,2,1
8625,532.373,13.5809,2,1
8626,120.062,14.5705,2,1
8627,22.5114,135.51,2,1
8628,298.654,125.635,2,1
8629,279.955,141.546,2,1
8630,290.54,71.7637,2,1
8631,314.182,188.272,2,1
8632,62.7017,48.8941,2,1
8633,60.9522,106.752,2,1
8634,380.995,254.521,2,1
8635,471.985,264.042,2,1
8636,539.054,123.961,2,1
8637,430.808,241.85,2,1
8638,129.938,166.354,2,1
8639,437.915,263.087,2,1
8640,583.385,154.871,2,1
8641,402.688,74.8097,2,0
8642,519.505,86.1445,2,1
8643,453.77,279.822,2,1
8644,201.876,9.03097,2,1
8645,236.663,91.3102,2,1
8646,158.855,183.739,2,1
8647,432.034,24.425,2,1
8648,449.874,76.9184,2,1
8649,488.494,212.98,2,1
8650,302.337,158.033,2,1
8651,480.014,160.631,2,1
8652,100.566,7.08853,2,1
8653,590.615,83.8755,2,1
8654,348.598,59.0946,2,1
8655,487.007,71.2835,2,1
8656,329.075,266.285,2,1
8657,277.765,165.797,2,1
8658,17.9589,168.055,2,1
8659,67.2372,81.8976,2,1
8660,314.959,125.041,2,1
8661,425.641,194.562,2,1
8662,349.46,14.8838,2,1
8663,49.6393,117.095,2,1
8664,43.3058,94.0894,2,1
8665,258.253,294.19,2,1
8666,554.572,52.6906,2,1
8667,464.432,237.939,2,1
8668,134.501,156.155,2,1
8669,54.6987,47.9379,2,1
8670,27.2675,81.8193,2,1
8671,533.319,27.1963,2,1
8672,362.142,40.239,2,1
8673,286.444,136.065,2,1
8674,447.118,241.78,2,1
8675,584.331,187.797,2,1
8676,287.619,155.751,2,1
8677,8.85213,113.675,2,1
8678,14.0469,280.923,2,1
8679,123.779,219.774,2,1
8680,91.8704,107.137,2,1
8681,242.517,128.755,2,1
8682,395.203,160.348,2,1
8683,335.379,179.025,2,1
8684,448.987,223.082,2,1
8685,389.222,247.754,2,1
8686,422.528,70.3034,2,1
8687,34.7426,242.417,2,1
8688,516.732,222.379,2,1
8689,73.3834,223.176,2,1
8690,144.98,150.306,2,1
8691,433.13,119.581,2,1
8692,305.852,230.991,2,1
8693,501.595,166.576,2,1
8694,161.331,76.7845,2,1
8695,431.031,212.425,2,1
8696,489.534,155.823,2,1
8697,20.644,149.982,2,1
8698,446.174,62.708,2,1
8699,16.7387,79.2337,2,1
8700,113.542,14.7624,2,1
8701,282.812,228.904,2,1
8702,165.63,192.343,2,1
8703,203.655,236.917,2,1
8704,375.915,291.924,2,1
8705,140.047,28.1086,2,1
8706,76.2758,204.939,2,1
8707,63.6921,138.225,2,1
8708,469.404,274.806,2,1
8709,496.175,213.753,2,1
8710,553.9,41.4938,2,1
8711,166.402,275.773,2,1
8712,86.4805,136.255,2,1
8713,118.918,193.713,2,1
8714,492.913,61.9547,2,1
8715,29.4732,270.062,2,1
8716,335.811,32.8344,2,1
8717,339.763,13.0754,2,1
8718,209.37,203.218,2,1
8719,47.3079,12.8759,2,1
8720,453.144,2,2,1
8721,38.9102,191.287,2,1
8722,190.695,71.2496,2,1
8723,469.265,86.5868,2,1
8724,102.832,138.345,2,1
8725,186.407,204.782,2,1
8726,465.341,76.5011,2,1
8727,451.104,42.9163,2,1
8728,595.08,65.984,2,1
8729,492.497,116.656,2,1
8730,496.54,160.118,2,1
8731,447.41,125.098,2,1
8732,266.331,229.4,2,1
8733,421.056,231.169,2,1
8734,358.734,260.571,2,1
8735,19.2589,231.776,2,1
8736,336.02,9.65988,2,1
8737,278.115,191.608,2,1
8738,209.614,47.5899,2,1
8739,163.801,155.715,2,1
8740,588.659,100.638,2,1
8741,199.592,229.648,2,1
8742,247.356,198.148,2,1
8743,545.982,225.013,2,1
8744,340.938,118.371,2,1
8745,65.6627,16.9302,2,1
8746,552.399,258.111,2,1
8747,87.0132,261.322,2,1
8748,298.323,209.396,2,1
8749,537.693,255.932,2,1
8750,357.099,180.331,2,1
8751,289.195,249.508,2,1
8752,186.764,31.7353,2,1
8753,508.209,282.025,2,1
8754,19.523,202.199,2,1
8755,239.245,126.334,2,1
8756,389.765,38.1182,2,1
8757,390.501,52.3859,2,1
8758,217.595,200.673,2,1
8759,68.5252,183.412,2,1
8760,350.801,268.508,2,1
8761,97.7172,202.658,2,1
8762,501.079,187.551,2,1
8763,150.937,280.901,2,1
8764,424.303,87.0062,2,1
8765,508.594,290.844,2,1
8766,196.258,14.8338,2,1
8767,101.226,109.871,2,1
8768,49.0363,239.716,2,1
8769,503.559,142.507,2,1
8770,9.14265,61.8753,2,1
8771,155.032,145.688,2,1
8772,583.6,248.344,2,1
8773,139.63,130.238,2,1
8774,448.018,135.307,2,1
8775,132.69,73.3806,2,1
8776,565.827,155.057,2,1
8777,110.47,241.41,2,1
8778,472.393,68.6393,2,1
8779,368.017,267.157,2,1
8780,591.744,224.365,2,1
8781,45.2924,290.582,2,1
8782,169.303,68.6277,2,1
8783,207.607,13.3124,2,1
8784,44.2272,294.504,2,1
8785,464.414,121.641,2,1
8786,424.133,292.014,2,1
8787,260.302,31.7517,2,1
8788,82.1572,2,2,1
8789,292.412,5.48488,2,1
8790,217.891,258.28,2,1
8791,10.369,147.288,2,1
8792,286.113,174.488,2,1
8793,37.372,271.406,2,1
8794,104.766,258.89,2,1
8795,571.657,106.003,2,1
8796,231.088,279.743,2,1
8797,193.996,262.244,2,1
8798,466.624,103.309,2,1
8799,160.165,49.4453,2,1
8800,222.197,249.778,2,1
8801,51.5678,163.436,2,1
8802,539.952,212.621,2,1
8803,543.831,211.291,2,1
8804,16.9437,151.664,2,1
8805,104.747,146.344,2,1
8806,565.184,182.326,2,1
8807,366.703,168.748,2,1
8808,526.194,261.285,2,1
8809,37.9283,283.351,2,1
8810,34.5604,65.7388,2,1
8811,43.0952,212.671,2,1
8812,209.419,36.6356,2,1
8813,547.056,97.9252,2,1
8814,351.936,25.6084,2,1
8815,50.8796,19.821,2,1
8816,107.451,244.055,2,1
8817,117.905,117.335,2,1
8818,132.055,135.292,2,1
8819,504.648,69.5912,2,1
8820,115.251,226.038,2,1
8821,240.355,81.578,2,1
8822,493.671,101.318,2,1
8823,204.462,138.942,2,1
8824,520.915,152.028,2,1
8825,502.665,93.3717,2,1
8826,385.387,216.715,2,1
8827,348.971,181.261,2,1
8828,169.277,272.854,2,1
8829,28.9105,156.426,2,1
8830,440.923,72.5686,2,1
8831,222.547,117.252,2,1
8832,244.156,221.994,2,1
8833,103.038,176.743,2,1
8834,569.686,133.183,2,1
8835,68.7167,93.0098,2,1
8836,13.1564,174.733,2,1
8837,246.703,53.5634,2,1
8838,353.091,275.934,2,1
8839,208.999,254.471,2,1
8840,443.013,245.624,2,1
8841,335.309,75.8786,2,1
8842,471.438,228.999,2,1
8843,269.074,81.7562,2,1
8844,233.351,176.619,2,1
8845,590.907,191.585,2,1
8846,480.691,114.076,2,1
8847,335.671,100.575,2,1
8848,402.51,119.755,2,1
8849,581.846,219.212,2,1
8850,366.695,227.659,2,1
8851,338.165,238.883,2,1
8852,318.382,80.997,2,1
8853,550.174,164.225,2,1
8854,118.222,77.6736,2,1
8855,333.082,182.31,2,1
8856,470.942,224.846,2,1
8857,122.331,286.719,2,1
8858,44.4001,90.219,2,1
8859,88.7165,185.934,2,1
8860,520.064,130.607,2,1
8861,444.401,118.807,2,1
8862,311.941,16.1582,2,1
8863,301.081,28.1404,2,1
8864,459.847,21.7107,2,1
8865,547.778,231.468,2,1
8866,325.867,36.1096,2,1
8867,398.498,75.8912,2,1
8868,436.741,221.636,2,1
8869,578.235,193.308,2,1
8870,421.532,193.743,2,1
8871,480.887,129.264,2,1
8872,343.821,181.755,2,1
8873,12.3722,85.4691,2,1
8874,162.213,159.751,2,1
8875,140.441,134.227,2,1
8876,70.8503,107.877,2,1
8877,86.9343,33.8254,2,1
8878,289.032,283.117,2,1
8879,267.741,77.9212,2,1
8880,273.131,138.734,2,1
8881,293.907,210.4,2,1
8882,397.175,177.036,2,1
8883,126.884,276.464,2,1
8884,488.867,97.7673,2,1
8885,122.803,208.074,2,1
8886,115.746,128.099,2,1
8887,522.792,255.24,2,1
8888,354.017,272.002,2,1
8889,468.432,69.4278,2,1
8890,121.427,180.698,2,1
8891,82.6477,209.44,2,1
8892,189.422,102.526,2,1
8893,483.117,55.5967,2,1
8894,461.874,117.517,2,1
8895,568.328,246.492,2,1
8896,585.723,217.894,2,1
8897,49.722,246.266,2,1
8898,484.089,144.467,2,1
8899,599.644,13.9546,2,1
8900,188.524,118.661,2,1
8901,70.4333,176.435,2,1
8902,126.995,60.2943,2,1
8903,271.129,41.4161,2,1
8904,112.87,93.0015,2,1
8905,474.162,222.323,2,1
8906,299.614,112.014,2,1
8907,152.659,16.2906,2,1
8908,513.372,38.8556,2,1
8909,308.063,69.6581,2,1
8910,24.6401,131.995,2,1
8911,134.077,138.901,2,1
8912,480.107,44.9031,2,1
8913,212.7,172.347,2,1
8914,66.1949,59.6189,2,1
8915,87.6087,181.431,2,1
8916,19.7506,291.426,2,1
8917,487.647,163.303,2,1
8918,204.622,293.907,2,1
8919,593.516,120.168,2,1
8920,165.104,266.356,2,1
8921,504.806,279.833,2,1
8922,95.6063,115.758,2,1
8923,448.515,35.9021,2,1
8924,146.956,106.202,2,1
8925,248.944,157.269,2,1
8926,122.713,196.135,2,1
8927,559.864,122.146,2,1
8928,260.768,256.874,2,1
8929,204.253,41.3532,2,1
8930,594.123,80.3537,2,1
8931,44.1756,54.2509,2,1
8932,291.561,111.613,2,1
8933,472.81,155.815,2,1
8934,222.241,48.2497,2,1
8935,356.148,289.854,2,1
8936,364.455,224.275,2,1
8937,310.962,298,2,1
8938,261.898,245.178,2,1
8939,120.876,87.2267,2,1
8940,279.185,44.8412,2,1
8941,229.294,196.271,2,1
8942,3.65859,166.879,2,1
8943,278.437,115.089,2,1
8944,274.135,106.955,2,1
8945,592.73,52.2631,2,1
8946,195.947,152.936,2,1
8947,514.746,283.069,2,1
8948,397.43,40.6741,2,1
8949,330.197,43.5968,2,1
8950,533.657,262.886,2,1
8951,494.34,38.2368,2,1
8952,420.033,73.4835,2,1
8953,294.519,2,2,1
8954,531.689,32.2826,2,1
8955,523.595,163.244,2,1
8956,521.659,74.045,2,1
8957,406.612,6.29866,2,1
8958,272.942,175.307,2,1
8959,573.521,42.5855,2,1
8960,160.002,254.751,2,1
8961,576.796,131.34,2,1
8962,450.088,239.014,2,1
8963,463.603,139.815,2,1
8964,327.822,54.0167,2,1
8965,317.068,285.035,2,1
8966,307.587,262.063,2,1
8967,562.957,158.077,2,1
8968,378.688,33.1083,2,1
8969,503.109,234.654,2,1
8970,544.707,215.358,2,1
8971,357.409,294.106,2,1
8972,115.578,184.869,2,1
8973,421.896,235.653,2,1
8974,104.288,192.379,2,1
8975,384.832,80.9294,2,1
8976,284.832,105.169,2,1
8977,438.788,149.515,2,1
8978,420.15,137.53,2,1
8979,134.09,270.784,2,1
8980,579.517,161.044,2,1
8981,331.927,98.9764,2,1
8982,59.0553,256.835,2,1
8983,411.036,67.1213,2,1
8984,489.103,263.264,2,1
8985,331.053,162.435,2,1
8986,183.402,152.981,2,1
8987,473.841,87.4828,2,1
8988,450.063,65.8772,2,1
8989,491.701,41.95,2,1
8990,285.989,86.7223,2,1
8991,42.0861,281.449,2,1
8992,127.117,197.979,2,1
8993,558.433,252.033,2,1
8994,489.253,221.137,2,1
8995,30.2883,224.119,2,1
8996,324.914,252.272,2,1
8997,382.101,210.012,2,1
8998,65.3268,171.622,2,1
8999,122.663,191.826,2,1
9000,97.9655,166.649,2,1
9001,163.491,290.059,2,1
9002,471.313,184.008,2,1
9003,188.553,178.541,2,1
9004,591.661,269.882,2,1
9005,398.763,127.104,2,1
9006,577.85,135.256,2,1
9007,64.893,262.423,2,1
9008,267.368,233.292,2,1
9009,18.9553,17.1464,2,1
9010,236.135,146.236,2,1
9011,543.252,170.39,2,1
9012,296.211,240.647,2,1
9013,164.596,133.246,2,1
9014,454.766,142.762,2,1
9015,482.568,110.168,2,1
9016,451.287,114.701,2,1
9017,37.1002,17.949,2,1
9018,75.3551,276.58,2,1
9019,476.022,33.2817,2,1
9020,245.908,63.0716,2,1
9021,179.62,282.002,2,1
9022,171.551,9.40004,2,1
9023,550.439,245.825,2,1
9024,324.762,192.269,2,1
9025,171.26,231.138,2,1
9026,102.439,213.009,2,1
9027,188.955,272.155,2,1
9028,18.9939,13.0816,2,1
9029,75.1642,230.785,2,1
9030,426.623,46.157,2,1
9031,460.875,72.6749,2,1
9032,475.306,177.53,2,1
9033,55.0323,57.1524,2,1
9034,179.736,8.38966,2,1
9035,593.491,194.797,2,1
9036,368.803,224.211,2,1
9037,187.44,290.02,2,1
9038,308.105,146.856,2,1
9039,193.338,251.668,2,1
9040,47.6263,104.331,2,1
9041,151.345,58.2566,2,1
9042,405.31,220.876,2,1
9043,340.628,235.674,2,1
9044,84.8493,132.481,2,1
9045,486.536,94.0807,2,1
9046,186.303,140.055,2,1
9047,418.817,157.029,2,1
9048,562.114,282.915,2,1
9049,37.5554,263.173,2,1
9050,193.205,101.066,2,1
9051,300.445,173.028,2,1
9052,176.33,285.892,2,1
9053,354.531,97.1222,2,1
9054,527.263,134.653,2,1
9055,115.877,135.007,2,1
9056,420.861,243.203,2,1
9057,191.912,152.583,2,1
9058,439.005,164.322,2,1
9059,75.8974,46.1773,2,1
9060,191.203,115.6,2,1
9061,298.522,156.548,2,1
9062,210.732,106.99,2,1
9063,184.763,177.122,2,1
9064,396.083,94.2153,2,1
9065,4.94239,236.79,2,1
9066,240.953,294.218,2,1
9067,104.702,232.278,2,1
9068,90.88,9.29455,2,1
9069,187.2,261.378,2,1
9070,306.616,102.467,2,1
9071,579.518,270.49,2,1
9072,391.14,156.848,2,1
9073,515.892,266.869,2,1
9074,363.543,181.368,2,1
9075,506.965,261.889,2,1
9076,354.814,156.24,2,1
9077,265.75,222.193,2,1
9078,159.162,115.95,2,1
9079,10.5247,183.526,2,1
9080,376.494,111.512,2,1
9081,522.633,194.378,2,1
9082,276.619,77.9608,2,1
9083,565.595,23.4713,2,1
9084,44.7766,201.578,2,1
9085,286.426,263.624,2,1
9086,274.815,39.8196,2,1
9087,151.105,93.9462,2,1
9088,575.56,75.9049,2,1
9089,192.829,219.309,2,1
9090,486.525,249.979,2,1
9091,479.066,280.83,2,1
9092,368.471,146.34,2,1
9093,159.56,20.1003,2,1
9094,322.254,57.9752,2,1
9095,109.75,132.374,2,1
9096,218.941,151.418,2,1
9097,245.661,20.9934,2,1
9098,340.335,40.1214,2,1
9099,219.357,7.91755,2,1
9100,245.389,135.372,2,1
9101,324.005,207.64,2,1
9102,82.5104,291.314,2,1
9103,277.587,19.5202,2,1
9104,12.2898,89.5399,2,1
9105,213.163,67.638,2,1
9106,236.413,286.102,2,1
9107,34.2197,231.025,2,1
9108,245.045,102.028,2,1
9109,94.3309,228.994,2,1
9110,223.96,113.438,2,1
9111,19.5735,220.725,2,1
9112,349.821,294.63,2,1
9113,392.618,153.036,2,1
9114,587.522,237.005,2,1
9115,581.028,58.1955,2,1
9116,541.197,226.574,2,1
9117,460.296,93.1171,2,1
9118,595.344,212.542,2,1
9119,222.09,153.919,2,1
9120,242.8,207.996,2,1
9121,335.448,69.309,2,1
9122,384.429,197.618,2,1
9123,209.641,85.8296,2,1
9124,539.511,184.889,2,1
9125,243.278,9.20291,2,1
9126,305.797,155.155,2,1
9127,201.516,67.8873,2,1
9128,357.035,104.858,2,1
9129,22.1552,19.6272,2,1
9130,203.339,55.8439,2,1
9131,531.863,70.5574,2,1
9132,444.785,288.909,2,1
9133,490.563,2,2,1
9134,393.009,35.4446,2,1
9135,336.946,198.938,2,1
9136,361.865,5.91416,2,1
9137,236.589,273.894,2,1
9138,496.553,229.991,2,1
9139,523.428,167.43,2,1
9140,338.883,286.647,2,1
9141,257.349,69.2896,2,1
9142,507.048,119.976,2,1
9143,535.415,167.89,2,1
9144,485.666,190.518,2,1
9145,58.6541,49.2118,2,1
9146,488.043,245.191,2,1
9147,119.228,108.422,2,1
9148,563.437,276.311,2,1
9149,283.677,293.985,2,1
9150,396.919,213.665,2,1
9151,578.24,167.979,2,1
9152,11.3032,14.6137,2,1
9153,7.10676,169.098,2,1
9154,516.87,238.266,2,1
9155,358.643,187.525,2,1
9156,3.69601,13.6645,2,1
9157,174.82,2,2,1
9158,466.635,83.493,2,1
9159,349.437,164.961,2,1
9160,549.683,2,2,1
9161,52.3073,120.244,2,1
9162,133.641,239.988,2,1
9163,66.99,106.694,2,1
9164,510.917,96.969,2,1
9165,464.144,36.002,2,1
9166,69.8553,202.397,2,1
9167,514.483,229.578,2,1
9168,127.712,193.909,2,1
9169,438.471,267.327,2,1
9170,477.835,284.694,2,1
9171,432.709,285.081,2,1
9172,358.409,98.1437,2,1
9173,212.785,286.945,2,1
9174,274.31,277.306,2,1
9175,73.3241,188.246,2,1
9176,391.118,73.8014,2,1
9177,446.04,94.0587,2,1
9178,576.375,237.741,2,1
9179,166.257,112.877,2,1
9180,229.474,140.942,2,1
9181,69.9654,209.94,2,1
9182,278.937,40.6848,2,1
9183,437.19,187.246,2,1
9184,392.011,269.466,2,1
9185,440.565,270.966,2,1
9186,572.301,120.612,2,1
9187,6.57628,148.798,2,1
9188,368.344,175.708,2,1
9189,131.689,274.196,2,1
9190,409.733,213.849,2,1
9191,73.5432,156.234,2,1
9192,265.562,88.611,2,1
9193,78.9146,217.206,2,1
9194,333.954,5.45285,2,1
9195,127.02,280.64,2,1
9196,544.707,79.8402,2,1
9197,6.33934,193.853,2,1
9198,518.692,283.847,2,1
9199,449.369,154.808,2,1
9200,275.563,83.1344,2,1
9201,149.404,211.08,2,1
9202,156.506,275.063,2,1
9203,450.35,294.328,2,1
9204,518.919,199.783,2,1
9205,161.439,119.375,2,1
9206,407.956,238.262,2,1
9207,389.363,99.5665,2,1
9208,298.762,270.341,2,1
9209,25.3027,58.5165,2,1
9210,99.204,191.132,2,1
9211,42.4893,152.02,2,1
9212,190.951,161.275,2,1
9213,218.329,116.226,2,1
9214,108.58,233.827,2,1
9215,101.193,83.2796,2,1
9216,270.353,229.236,2,1
9217,564.374,211.051,2,1
9218,141.381,115.107,2,1
9219,108.738,147.88,2,1
9220,72.3646,282.946,2,1
9221,19.5057,111.133,2,1
9222,464.169,220.494,2,1
9223,315.093,23.7163,2,1
9224,240.763,273.202,2,1
9225,552.329,274.828,2,1
9226,367.63,96.5666,2,1
9227,315.984,121.165,2,1
9228,352.081,191.605,2,1
9229,147.984,52.3616,2,1
9230,293.94,283.75,2,1
9231,581.825,231.25,2,1
9232,104.966,273.803,2,1
9233,273.859,244.732,2,1
9234,258.282,53.5007,2,1
9235,463.716,100.462,2,1
9236,522.017,18.0336,2,1
9237,213.445,193.039,2,1
9238,461.741,171.351,2,1
9239,44.8086,209.04,2,1
9240,297.656,230.059,2,1
9241,95.126,176.817,2,1
9242,409.673,53.6207,2,1
9243,304.772,50.3976,2,1
9244,590.251,2,2,1
9245,139.837,234.272,2,1
9246,93.0678,255.909,2,1
9247,404.626,9.86823,2,1
9248,535.811,295.08,2,1
9249,204.819,20.6499,2,1
9250,305.126,19.1331,2,1
9251,286.719,117.338,2,1
9252,77.3826,102.619,2,1
9253,3.27976,233.079,2,1
9254,545.87,43.0649,2,1
9255,595.762,15.0906,2,1
9256,55.5651,178.904,2,1
9257,83.7505,116.516,2,1
9258,520.225,66.1762,2,1
9259,263.934,14.8146,2,1
9260,458.714,196.651,2,1
9261,268.088,47.8304,2,1
9262,142.691,5.72011,2,1
9263,237.908,59.0831,2,1
9264,75.7902,237.798,2,1
9265,359.843,24.5183,2,1
9266,128.698,103.244,2,1
9267,255.571,142.09,2,1
9268,95.0342,184.957,2,1
9269,264.528,216.944,2,1
9270,66.6373,126.969,2,1
9271,495.023,164.332,2,1
9272,19.0223,270.235,2,1
9273,587.257,32.2078,2,1
9274,476.627,246.458,2,1
9275,404.617,100.638,2,1
9276,243.871,120.058,2,1
9277,235.597,265.251,2,1
9278,20.92,195.161,2,1
9279,536.278,110.396,2,1
9280,259.352,2,2,1
9281,254.244,205.822,2,1
9282,325.668,5.71468,2,1
9283,136.013,28.647,2,1
9284,326.679,128.432,2,1
9285,199.816,90.8882,2,1
9286,134.139,259.814,2,1
9287,492.998,207.503,2,1
9288,237.644,19.7442,2,1
9289,458.551,173.847,2,1
9290,296.854,221.515,2,1
9291,342.222,36.5702,2,1
9292,242.22,132.818,2,1
9293,339.488,298,2,1
9294,320.63,41.8504,2,1
9295,415.639,77.0747,2,1
9296,290.494,136.542,2,1
9297,226.352,148.129,2,1
9298,445.819,165.844,2,1
9299,501.394,50.4698,2,1
9300,152.975,27.6993,2,1
9301,293.089,173.865,2,1
9302,268.956,207.284,2,1
9303,389.799,20.5992,2,1
9304,539.217,151.625,2,1
9305,281.219,130.165,2,1
9306,522.365,97.4101,2,1
9307,143.878,234.767,2,1
9308,276.715,157.681,2,1
9309,584.166,139.79,2,1
9310,542.26,177.279,2,1
9311,317.015,54.783,2,1
9312,473.361,41.7525,2,1
9313,109.462,168.645,2,1
9314,124.209,16.4306,2,1
9315,181.921,44.7998,2,1
9316,229.079,124.31,2,1
9317,308.171,131.005,2,1
9318,61.8592,196.989,2,1
9319,40.4665,141.44,2,1
9320,503.151,191.119,2,1
9321,298.618,76.0867,2,1
9322,198.048,149.518,2,1
9323,352.457,233.468,2,1
9324,123.865,270.553,2,1
9325,500.461,70.3348,2,1
9326,598.398,2,2,1
9327,245.876,131.104,2,1
9328,538.854,267.53,2,1
9329,564.738,232.19,2,1
9330,280.876,26.2749,2,1
9331,335.351,149.775,2,1
9332,330.204,108.9,2,1
9333,290.227,60.2647,2,1
9334,67.2899,132.813,2,1
9335,417.557,245.708,2,1
9336,476.606,52.2853,2,1
9337,90.6654,2,2,1
9338,405.201,178.569,2,1
9339,214.673,156.383,2,1
9340,117.547,218.814,2,1
9341,516.627,298,2,1
9342,527.749,270.012,2,1
9343,453.307,259.924,2,1
9344,196.468,66.7245,2,1
9345,90.393,79.5865,2,1
9346,2.97431,114.083,2,1
9347,360.39,223.965,2,1
9348,423.375,8.30057,2,1
9349,140.974,287.146,2,1
9350,205.294,158.996,2,1
9351,7.62924,58.1594,2,1
9352,135.823,15.8515,2,1
9353,409.092,106.022,2,1
9354,310.916,65.6508,2,1
9355,340.941,199.423,2,1
9356,104.598,29.2159,2,1
9357,207.754,51.7432,2,1
9358,48.7593,268.337,2,1
9359,572.011,28.2308,2,1
9360,269.968,178.109,2,1
9361,574.73,95.9222,2,1
9362,191.943,180.775,2,1
9363,340.707,129.081,2,1
9364,237.755,223.593,2,1
9365,339.569,229.01,2,1
9366,480.642,28.2844,2,1
9367,17.3788,126.703,2,1
9368,354.432,93.1059,2,1
9369,306.429,138.797,2,1
9370,169.716,128.321,2,1
9371,468.071,20.142,2,1
9372,483.034,157.708,2,1
9373,229.468,283.462,2,1
9374,292.016,12.193,2,1
9375,186.904,160.257,2,1
9376,99.161,57.9985,2,1
9377,184.41,167.466,2,1
9378,219.874,232.07,2,1
9379,437.787,107.843,2,1
9380,57.3521,66.7958,2,1
9381,312.947,206.873,2,1
9382,420.752,201.109,2,1
9383,19.7956,59.7833,2,1
9384,564.094,139.111,2,1
9385,487.42,198.183,2,1
9386,194.296,196.375,2,1
9387,404.532,81.7535,2,1
9388,267.723,259.045,2,1
9389,210.015,190.865,2,1
9390,23.725,280.37,2,1
9391,112.403,149.646,2,1
9392,581.532,35.8033,2,1
9393,218.38,160.224,2,1
9394,296.859,213.239,2,1
9395,340.399,47.1514,2,1
9396,230.557,209.948,2,1
9397,489.472,225.158,2,1
9398,169.514,166.16,2,1
9399,354.307,36.2834,2,1
9400,225.666,84.9494,2,1
9401,67.958,150.613,2,1
9402,497.804,127.668,2,1
9403,385.866,161.303,2,1
9404,382.492,269.628,2,1
9405,414.437,248.253,2,1
9406,359.246,141.835,2,1
9407,245.897,204.466,2,1
9408,46.4873,152.409,2,1
9409,402.682,188.368,2,1
9410,162.418,199.299,2,1
9411,457.715,16.0917,2,1
9412,301.059,47.4476,2,1
9413,251.849,184.938,2,1
9414,266.45,8.70071,2,1
9415,384.686,259.915,2,1
9416,166.48,46.1277,2,1
9417,448.74,31.8497,2,1
9418,275.131,2,2,1
9419,438.627,214.487,2,1
9420,194.25,141.848,2,1
9421,264.95,249.969,2,1
9422,314.988,275.836,2,1
9423,105.443,76.1489,2,1
9424,401.164,177.997,2,1
9425,509.282,162.739,2,1
9426,327.269,76.6393,2,1
9427,484.942,170.068,2,1
9428,324.299,103.351,2,1
9429,200.791,20.2353,2,1
9430,375.985,243.707,2,1
9431,441.75,130.217,2,1
9432,328.041,284.799,2,1
9433,589.708,96.6764,2,1
9434,200.629,16.139,2,1
9435,336.391,19.1768,2,1
9436,162.197,83.5395,2,1
9437,182.323,62.6714,2,1
9438,309.857,224.314,2,1
9439,457.23,235.121,2,1
9440,388.074,8.6435,2,1
9441,69.2778,41.4633,2,1
9442,287.872,113.418,2,1
9443,153.197,294.195,2,1
9444,432.358,246.017,2,1
9445,461.524,207.617,2,1
9446,254.668,90.3382,2,1
9447,540.012,259.445,2,1
9448,372.201,38.3871,2,1
9449,459.497,188.876,2,1
9450,39.3207,257.484,2,1
9451,84.3984,287.724,2,1
9452,278.159,57.4714,2,1
9453,498.365,74.0103,2,1
9454,198.623,70.6647,2,1
9455,535.396,30.6475,2,1
9456,352.225,251.562,2,1
9457,120.112,211.198,2,1
9458,266.236,176.525,2,1
9459,124.024,135.228,2,1
9460,116.386,147.388,2,1
9461,544.83,276.84,2,1
9462,418.929,179.737,2,1
9463,26.9244,67.3217,2,1
9464,485.873,231.484,2,1
9465,502.656,104.978,2,1
9466,373.102,133.718,2,1
9467,323.863,131.359,2,1
9468,193.047,17.3494,2,1
9469,86.4689,50.236,2,1
9470,355.007,89.0911,2,1
9471,529.754,92.0732,2,1
9472,515.698,5.92968,2,1
9473,37.1684,156.41,2,1
9474,408.108,32.0537,2,1
9475,343.936,32.8453,2,1
9476,94.8704,73.2253,2,1
9477,432.679,234.96,2,1
9478,500.259,198.264,2,1
9479,196.061,50.0126,2,1
9480,504.118,14.1436,2,1
9481,367.965,192.222,2,1
9482,37.5491,267.301,2,1
9483,253.486,106.927,2,1
9484,463.699,224.802,2,1
9485,50.6081,152.739,2,1
9486,129.864,283.733,2,1
9487,540.938,110.535,2,1
9488,499.807,102.09,2,1
9489,125.311,146.116,2,1
9490,528.78,164.097,2,1
9491,106.77,65.0042,2,1
9492,84.4842,184.077,2,1
9493,146.562,13.2723,2,1
9494,596.234,271.505,2,1
9495,589.446,205.872,2,1
9496,147.552,60.5238,2,1
9497,138.477,155.132,2,1
9498,524.996,187.516,2,1
9499,546.555,235.285,2,1
9500,314.067,114.046,2,1
9501,315.51,31.4131,2,1
9502,475.785,70.865,2,1
9503,167.503,143.596,2,1
9504,145.345,114.192,2,1
9505,102.348,134.251,2,1
9506,142.017,20.2629,2,1
9507,456.805,276.528,2,1
9508,358.947,267.776,2,1
9509,113.335,32.9583,2,1
9510,405.729,213.909,2,1
9511,98.2803,133.629,2,1
9512,334.998,58.1172,2,1
9513,578.462,125.725,2,1
9514,190.488,222.682,2,1
9515,421.649,151.016,2,1
9516,399.884,92.9012,2,1
9517,468.491,99.6973,2,1
9518,105.28,25.1739,2,1
9519,371.104,259.963,2,1
9520,155.957,243.754,2,1
9521,538.618,251.903,2,1
9522,9.98633,276.121,2,1
9523,197.554,27.6694,2,1
9524,491.214,275.378,2,1
9525,37.9139,199.165,2,1
9526,74.0964,123.787,2,1
9527,241.92,280.02,2,1
9528,380.424,213.702,2,1
9529,139.069,190.057,2,1
9530,415.093,58.0834,2,1
9531,519.31,11.3375,2,1
9532,177.609,190.489,2,1
9533,94.2281,25.1932,2,1
9534,551.281,171.86,2,1
9535,366.141,92.8307,2,1
9536,477.3,96.4345,2,1
9537,104.254,5.53526,2,1
9538,321.115,255.115,2,1
9539,255.822,81.1535,2,1
9540,565.232,143.336,2,1
9541,351.942,184.099,2,1
9542,471.67,259.812,2,1
9543,369.293,81.2381,2,1
9544,317.341,185.309,2,1
9545,159.456,277.852,2,1
9546,420.227,5.74319,2,1
9547,230.562,3.16151,2,1
9548,347.954,223.872,2,1
9549,99.9787,253.971,2,1
9550,478.781,76.3334,2,1
9551,67.1662,273.341,2,1
9552,267.57,26.4178,2,1
9553,584.92,54.2392,2,1
9554,573.958,221.131,2,1
9555,442.374,79.9999,2,1
9556,406.899,126.96,2,1
9557,90.0256,61.6744,2,1
9558,503.525,230.106,2,1
9559,326.19,43.5535,2,1
9560,301.118,108.212,2,1
9561,16.2437,130.568,2,1
9562,2.46725,2,2,1
9563,222.49,127.752,2,1
9564,130.523,109.629,2,1
9565,459.78,225.633,2,1
9566,434.538,148.879,2,1
9567,230.513,128.59,2,1
9568,375.647,13.7385,2,1
9569,154.682,199.952,2,1
9570,95.9289,253.1,2,1
9571,220.164,169.954,2,1
9572,49.7109,167.014,2,1
9573,74.8783,252.343,2,1
9574,44.2723,140.121,2,1
9575,270.259,277.884,2,1
9576,286.035,182.573,2,1
9577,437.926,27.6479,2,1
9578,91.8851,196.123,2,1
9579,329.078,145.479,2,1
9580,451.15,88.4854,2,1
9581,191.414,32.8219,2,1
9582,319.522,2,2,1
9583,161.724,224.959,2,1
9584,274.831,119.253,2,1
9585,428.809,9.46779,2,1
9586,10.1225,166.162,2,1
9587,201.39,97.3675,2,1
9588,425.568,275.76,2,1
9589,105.532,150.29,2,1
9590,277.472,36.8114,2,1
9591,252.704,256.781,2,1
9592,189.839,20.8813,2,1
9593,21.8621,273.174,2,1
9594,148.179,125.118,2,1
9595,57.9564,9.4289,2,1
9596,192.788,47.5499,2,1
9597,282.69,117.418,2,1
9598,408.388,49.7174,2,1
9599,138.582,5.72548,2,1
9600,452.321,247.857,2,1
9601,121.855,138.811,2,1
9602,56.3268,130.019,2,1
9603,6.53684,24.5968,2,1
9604,133.706,289.975,2,1
9605,441.041,9.62845,2,1
9606,400.87,260.549,2,1
9607,236.508,48.0459,2,1
9608,44.8887,176.892,2,1
9609,563.241,178.257,2,1
9610,283.266,237.102,2,1
9611,554.899,131.429,2,1
9612,191.594,240.113,2,1
9613,278.875,284.397,2,1
9614,522.173,272.608,2,1
9615,426.128,72.1127,2,1
9616,409.331,134.625,2,1
9617,285.754,67.0687,2,1
9618,546.344,220.935,2,1
9619,144.815,244.947,2,1
9620,286.487,178.52,2,1
9621,220.293,186.601,2,1
9622,531.74,233.441,2,1
9623,111.083,298,2,1
9624,291.556,141.811,2,1
9625,509.529,154.866,2,1
9626,141.788,242.22,2,1
9627,136.379,78.805,2,1
9628,356.256,252.866,2,1
9629,54.8477,2,2,1
9630,321.777,177.793,2,1
9631,241.759,99.6999,2,1
9632,243.92,144.018,2,1
9633,129.67,150.084,2,1
9634,355.397,152.174,2,1
9635,301.661,231.006,2,1
9636,385.938,220.755,2,1
9637,236.409,83.2261,2,1
9638,175.813,119.17,2,1
9639,5.73761,69.1589,2,1
9640,255.572,169.772,2,1
9641,290.103,226.308,2,1
9642,448.643,69.6695,2,1
9643,249.329,73.695,2,1
9644,420.64,269.436,2,1
9645,399.278,199.68,2,1
9646,312.82,43.9575,2,1
9647,319.549,163.037,2,1
9648,80.361,20.4196,2,1
9649,256.414,46.6062,2,1
9650,98.8961,102.085,2,1
9651,37.478,13.9096,2,1
9652,161.232,69.2907,2,1
9653,558.289,267.378,2,1
9654,391.595,117.231,2,1
9655,28.8405,197.153,2,1
9656,440.852,52.9694,2,1
9657,334.097,79.7135,2,1
9658,412.726,199.809,2,1
9659,207.342,151.538,2,1
9660,113.098,188.102,2,1
9661,106.514,188.451,2,1
9662,76.9672,59.0132,2,1
9663,329.093,15.1022,2,1
9664,494.123,188.636,2,1
9665,278.951,185.347,2,1
9666,588.188,232.887,2,1
9667,306.866,191.406,2,1
9668,390.086,77.7394,2,1
9669,76.6442,71.8739,2,1
9670,494.585,2,2,1
9671,0.259009,270.489,2,1
9672,307.265,242.573,2,1
9673,164.201,25.4002,2,1
9674,55.1656,235.398,2,1
9675,179.18,264.531,2,1
9676,157.532,138.536,2,1
9677,1.04025,75.1711,2,0
9678,171.813,265.279,2,1
9679,311.718,96.5104,2,1
9680,94.8517,249.194,2,1
9681,585.123,42.8122,2,1
9682,444.304,136.89,2,1
9683,330.694,203.877,2,1
9684,597.665,215.894,2,1
9685,198.643,254.315,2,1
9686,412.38,50.4013,2,1
9687,26.2018,49.8934,2,1
9688,354.008,85.1762,2,1
9689,352.22,224.268,2,1
9690,61.2805,99.4422,2,1
9691,506.244,95.4228,2,1
9692,299.639,192.014,2,1
9693,87.8739,250.117,2,1
9694,441.969,167.124,2,1
9695,452.949,275.271,2,1
9696,200.504,286.488,2,1
9697,535.861,213.436,2,1
9698,421.714,44.7093,2,1
9699,598.947,298,2,1
9700,128.006,272.526,2,1
9701,546.987,65.2078,2,1
9702,351.979,119.685,2,1
9703,409.303,141.616,2,1
9704,112.44,222.448,2,1
9705,518.64,255.442,2,1
9706,521.761,28.1391,2,1
9707,519.684,112.358,2,1
9708,163.904,262.404,2,1
9709,378.094,251.688,2,1
9710,538.714,107.103,2,1
9711,147.712,197.56,2,1
9712,215.294,147.811,2,1
9713,62.883,255.482,2,1
9714,170.452,193.396,2,1
9715,529.461,254.427,2,1
9716,215.457,220.309,2,1
9717,277.588,28.6243,2,1
9718,541.939,164.894,2,1
9719,85.0763,70.9497,2,1
9720,170.671,2.10436,2,1
9721,233.224,276.204,2,1
9722,155.439,53.0026,2,1
9723,116.69,12.2555,2,1
9724,464.218,242.102,2,1
9725,535.395,175.122,2,1
9726,213.945,242.468,2,1
9727,78.2552,111.29,2,1
9728,80.1271,141.344,2,1
9729,460.832,181.517,2,1
9730,333.77,29.2344,2,1
9731,566.757,293.762,2,1
9732,177.294,157.675,2,1
9733,332.192,47.1233,2,1
9734,2.79468,244.518,2,1
9735,139.598,140.799,2,1
9736,497.56,18.7854,2,1
9737,510.786,193.551,2,1
9738,410.906,179.641,2,1
9739,485.951,179.066,2,1
9740,513.017,189.992,2,1
9741,496.428,104.298,2,1
9742,71.858,265.168,2,1
9743,217.443,28.8302,2,1
9744,122.923,76.76,2,1
9745,82.6247,284.091,2,1
9746,416.851,241.659,2,1
9747,230.668,179.65,2,1
9748,91.4742,182.962,2,1
9749,584.41,234.353,2,1
9750,192.908,184.702,2,1
9751,476.378,56.3355,2,1
9752,473.776,193.096,2,1
9753,189.744,29.001,2,1
9754,306.767,65.1524,2,1
9755,499.993,232.055,2,1
9756,313.174,136.121,2,1
9757,444.106,122.826,2,1
9758,218.819,235.953,2,1
9759,435.046,76.8589,2,1
9760,88.0764,121.326,2,1
9761,2.91936,222.06,2,1
9762,61.7703,52.7935,2,1
9763,537.846,132.432,2,1
9764,293.885,181.957,2,1
9765,308.169,280.156,2,1
9766,232.246,147.498,2,1
9767,470.767,111.326,2,1
9768,131.829,105.758,2,1
9769,550.237,187.404,2,1
9770,313.534,106.594,2,1
9771,108.107,172.477,2,1
9772,577.85,99.3448,2,1
9773,432.354,279.415,2,1
9774,110.668,178.543,2,1
9775,509.165,28.9925,2,1
9776,269.941,269.773,2,1
9777,184.933,128.227,2,1
9778,474.704,163.032,2,1
9779,459.86,250.997,2,1
9780,460.8,60.3261,2,1
9781,115.794,286.774,2,1
9782,436.059,23.9504,2,1
9783,402.624,298,2,1
9784,321.157,167.24,2,1
9785,60.6376,298,2,1
9786,468.943,31.2562,2,1
9787,578.089,2,2,1
9788,203.912,154.006,2,1
9789,531.311,250.833,2,1
9790,260.206,160.864,2,1
9791,332.729,119.656,2,1
9792,596.462,62.1322,2,1
9793,215.112,71.2687,2,1
9794,118.574,98.6796,2,1
9795,456.365,83.1456,2,1
9796,350.181,150.017,2,1
9797,438.536,65.4666,2,1
9798,253.423,73.2042,2,1
9799,553.677,176.548,2,1
9800,383.568,175.182,2,1
9801,386.19,208.81,2,1
9802,24.2373,74.6681,2,1
9803,373.989,252.261,2,1
9804,413.39,252.124,2,1
9805,267.673,274.672,2,1
9806,544.503,261.603,2,1
9807,106.155,17.063,2,1
9808,574.512,242.869,2,1
9809,115.544,152.228,2,1
9810,117.006,31.082,2,1
9811,598.9,222.579,2,1
9812,126.508,247.337,2,1
9813,68.0933,20.1262,2,1
9814,424.766,244.129,2,1
9815,361.283,82.4963,2,1
9816,373.719,2,2,1
9817,16.4785,242.156,2,1
9818,416.095,94.3277,2,1
9819,481.453,172.174,2,1
9820,77.5303,106.705,2,1
9821,86.7665,54.2554,2,1
9822,178.349,222.079,2,1
9823,548.052,12.056,2,1
9824,290.844,25.5081,2,1
9825,416.27,284.615,2,1
9826,357.449,116.775,2,1
9827,593.741,96.2968,2,1
9828,501.788,66.4967,2,1
9829,128.574,238.557,2,1
9830,358.134,282.885,2,1
9831,389.818,30.0428,2,1
9832,424.793,186.63,2,1
9833,110.521,66.4828,2,1
9834,132.904,68.7707,2,1
9835,216.181,25.0045,2,1
9836,147.002,251.591,2,1
9837,416.237,7.01345,2,1
9838,558.945,64.1034,2,1
9839,481.294,210.129,2,1
9840,20.3946,154.119,2,1
9841,484.051,31.9807,2,1
9842,49.8977,280.535,2,1
9843,496.963,152.584,2,1
9844,174.018,43.6781,2,1
9845,454.401,294.318,2,1
9846,15.0838,298,2,1
9847,316.624,208.674,2,1
9848,264.195,226,2,1
9849,287.438,98.1459,2,1
9850,329.231,168.201,2,1
9851,12.3523,254.766,2,1
9852,171.019,260.826,2,1
9853,201.44,251.305,2,1
9854,341.535,214.184,2,1
9855,288.337,5.68599,2,0
9856,544.98,111.409,2,1
9857,35.8477,259.475,2,1
9858,571.816,77.443,2,1
9859,4.54149,131.082,2,1
9860,85.0238,39.8491,2,1
9861,552.219,287.908,2,1
9862,549.931,117.559,2,1
9863,187.999,238.091,2,1
9864,478.136,48.471,2,1
9865,12.5811,80.3862,2,1
9866,358.43,36.4648,2,1
9867,6.16552,8.86769,2,1
9868,402.348,273.824,2,1
9869,288.025,143.864,2,1
9870,7.90101,34.0904,2,1
9871,34.3136,224.461,2,1
9872,15.904,140.315,2,1
9873,256.581,290.449,2,1
9874,472.515,6.0818,2,1
9875,400.791,35.6456,2,1
9876,346.334,79.8231,2,1
9877,287.984,18.426,2,1
9878,515.368,18.7264,2,1
9879,477.548,80.2169,2,1
9880,380.565,106.872,2,1
9881,238.917,28.1614,2,1
9882,11.2667,290.678,2,1
9883,134.188,298,2,1
9884,339.999,2,2,1
9885,441.681,100.914,2,1
9886,115.421,277.639,2,1
9887,562.69,129.036,2,1
9888,277.579,246.971,2,1
9889,26.7927,258.51,2,1
9890,585.994,136.117,2,1
9891,167.521,64.9467,2,1
9892,100.381,169.954,2,1
9893,392.723,245.796,2,1
9894,34.1301,284.808,2,1
9895,234.246,107.32,2,1
9896,576.025,293.359,2,1
9897,14.3987,184.529,2,1
9898,50.3849,298,2,1
9899,204.93,267.166,2,1
9900,425.102,52.1425,2,1
9901,249.753,108.553,2,1
9902,258.009,199.87,2,1
9903,131.999,127.797,2,1
9904,529.316,199.458,2,1
9905,395.786,72.9478,2,1
9906,78.017,125.926,2,1
9907,567.574,105.641,2,1
9908,595.997,123.338,2,1
9909,392.995,214.733,2,1
9910,513.476,90.7292,2,1
9911,77.8937,2,2,1
9912,55.7927,268.784,2,1
9913,504.64,208.049,2,1
9914,203.788,64.2946,2,1
9915,274.026,167.25,2,1
9916,433.445,298,2,1
9917,333.954,36.4461,2,1
9918,66.0576,10.359,2,1
9919,124.481,30.876,2,1
9920,594.434,168.006,2,1
9921,417.069,230.109,2,1
9922,367.106,213.732,2,1
9923,116.02,190.899,2,1
9924,62.6858,232.927,2,1
9925,387.832,232.806,2,1
9926,242.996,2,2,1
9927,536.436,182.032,2,1
9928,360.841,106.09,2,1
9929,228.268,216.088,2,1
9930,86.779,218.933,2,1
9931,364.295,103.952,2,1
9932,567.624,260.57,2,1
9933,525.182,93.739,2,1
9934,535,195.67,2,1
9935,131.968,142.433,2,1
9936,397.154,292.097,2,1
9937,313.321,5.44708,2,1
9938,435.028,39.6534,2,1
9939,557.058,242.706,2,1
9940,41.1107,147.403,2,1
9941,281.164,35.0838,2,1
9942,350.731,285.168,2,1
9943,381.491,194.772,2,1
9944,452.695,123.25,2,1
9945,518.904,20.6154,2,1
9946,412.572,270.88,2,1
9947,385.526,193.734,2,1
9948,205.644,252.132,2,1
9949,165.112,140.268,2,1
9950,73.2247,192.778,2,1
9951,202.338,194.397,2,1
9952,570.696,17.4248,2,1
9953,27.0706,293.885,2,1
9954,593.1,228.208,2,1
9955,307.231,97.2085,2,1
9956,213.544,92.1588,2,1
9957,489.073,208.905,2,1
9958,320.38,192.679,2,1
9959,480.875,102.738,2,1
9960,140.354,93.2724,2,1
9961,286.357,2,2,1
9962,201.281,24.2577,2,1
9963,560.375,161.151,2,1
9964,291.576,101.347,2,1
9965,239.416,107.371,2,1
9966,393.585,273.279,2,1
9967,140.91,273.162,2,1
9968,284.893,190.176,2,1
9969,450.132,61.8558,2,1
9970,468.013,258.159,2,1
9971,478.877,37.8496,2,1
9972,555.444,9.49978,2,1
9973,61.4555,236.82,2,1
9974,319.05,298,2,1
9975,491.228,259.866,2,1
9976,128.851,2,2,1
9977,237.821,114.033,2,1
9978,159.683,202.417,2,1
9979,98.7398,250.146,2,1
9980,429.047,74.8826,2,1
9981,82.2104,112.709,2,1
9982,598.02,185.706,2,1
9983,565.994,40.8824,2,1
9984,303.828,257.833,2,1
9985,101.867,22.7053,2,1
9986,493.101,263.406,2,1
9987,234.756,191.255,2,1
9988,148.738,272.987,2,1
9989,0.570851,218.752,2,1
9990,184.79,18.4489,2,1
9991,16.285,89.8786,2,1
9992,572.731,290.933,2,1
9993,260.224,282.354,2,1
9994,152.174,249.02,2,1
9995,209.115,243.028,2,1
9996,244.892,116.179,2,1
9997,205.936,205.437,2,1
9998,295.219,99.5398,2,1
9999,52.9527,80.2035,2,1
10000,375.928,85.9247,2,1
10001,178.417,141.361,2,1
10002,488.025,24.9666,2,1
10003,553.879,116.574,2,1
10004,87.0655,128.405,2,1
10005,279.055,221.788,2,1
10006,392.604,148.929,2,1
10007,429.41,144.731,2,1
10008,206.12,257.495,2,1
10009,203.027,244.564,2,1
10010,147.645,56.4224,2,1
10011,569.978,2,2,1
10012,150.987,80.9993,2,1
10013,585.076,58.2841,2,1
10014,85.0588,165.185,2,1
10015,549.45,264.14,2,1
10016,76.6629,27.2423,2,1
10017,156.302,42.0561,2,1
10018,170.438,61.7945,2,1
10019,388.179,62.3213,2,1
10020,545.136,162.312,2,1
10021,67.6932,295.232,2,1
10022,123.064,61.204,2,1
10023,272.876,103.143,2,1
10024,208.24,40.4785,2,1
10025,325.602,17.2409,2,1
10026,132.022,236.313,2,1
10027,190.137,133.317,2,1
10028,364.679,79.962,2,1
10029,199.822,31.0164,2,1
10030,260.864,127.305,2,1
10031,31.7794,278.069,2,1
10032,125.94,168.235,2,1
10033,152.166,124.519,2,1
10034,424.396,252.887,2,1
10035,246.113,294.842,2,1
10036,143.26,198.176,2,1
10037,300.127,130.77,2,1
10038,200.333,222.56,2,1
10039,571.141,269.433,2,1
10040,409.765,154.124,2,1
10041,396.917,36.7035,2,1
10042,164.341,87.2482,2,1
10043,394.768,237.655,2,1
10044,470.509,215.874,2,1
10045,187.226,114.781,2,1
10046,234.228,60.7816,2,1
10047,545.232,6.01253,2,1
10048,81.5075,82.3509,2,1
10049,88.9639,175.295,2,1
10050,250.778,36.6287,2,1
10051,401.144,220.625,2,1
10052,276.222,66.0208,2,1
10053,398.44,181.351,2,1
10054,157.739,148.699,2,1
10055,254.282,54.0366,2,1
10056,352.701,47.1619,2,1
10057,308.942,119.517,2,1
10058,472.954,147.742,2,1
10059,423.131,95.3922,2,1
10060,74.5335,209.077,2,1
10061,171.175,208.828,2,1
10062,507.33,274.003,2,1
10063,564.981,166.194,2,1
10064,296.36,189.675,2,1
10065,74.7514,272.561,2,1
10066,419.952,129.643,2,1
10067,186.176,6.26118,2,1
10068,80.481,194.345,2,1
10069,82.0936,190.661,2,1
10070,31.1578,291.563,2,1
10071,375.32,188.934,2,1
10072,257.994,88.1022,2,1
10073,354.124,241.057,2,1
10074,208.742,21.7605,2,1
10075,247.789,269.483,2,1
10076,486.222,281.275,2,1
10077,583.423,7.52127,2,1
10078,182.636,58.6222,2,1
10079,69.8979,190.406,2,1
10080,423.06,257.607,2,1
10081,535.958,270.782,2,1
10082,277.856,275.34,2,1
10083,442.601,162.209,2,1
10084,326.959,69.2501,2,1
10085,574.959,80.1554,2,1
10086,562.968,119.497,2,1
10087,141.998,202.291,2,1
10088,324.464,286.846,2,1
10089,481.913,86.6139,2,1
10090,38.5012,231.311,2,1
10091,129.463,250.321,2,1
10092,456.001,215.059,2,1
10093,377.192,52.3973,2,1
10094,25.4293,217.479,2,1
10095,197.228,78.8495,2,1
10096,62.6676,115.512,2,1
10097,128.123,13.6823,2,1
10098,373.255,231.983,2,1
10099,30.905,152.905,2,1
10100,79.297,239.773,2,1
10101,532.453,188.733,2,1
10102,567.499,271.301,2,1
10103,62.2511,174.224,2,1
10104,203.127,298,2,1
10105,191.934,274.943,2,1
10106,451.954,52.1848,2,1
10107,352.133,298,2,1
10108,365.528,111.925,2,1
10109,431.649,111.805,2,1
10110,52.5591,181.583,2,1
10111,304.968,275.43,2,1
10112,572.703,254.188,2,1
10113,551.121,38.6116,2,1
10114,369.686,49.1377,2,1
10115,193.086,119.191,2,1
10116,13.7606,115.73,2,1
10117,282.84,265.453,2,1
10118,513.553,184.487,2,1
10119,495.258,276.226,2,1
10120,362.621,220.54,2,1
10121,105.424,278.881,2,1
10122,559.673,79.6693,2,1
10123,198.023,225.928,2,1
10124,28.8061,262.003,2,1
10125,496.952,68.3805,2,1
10126,432.879,198.702,2,1
10127,68.2836,206.191,2,1
10128,225.431,30.3865,2,1
10129,265.925,198.174,2,1
10130,332.279,215.629,2,1
10131,223.391,298,2,1
10132,368.71,103.425,2,1
10133,362.085,235.688,2,1
10134,53.5748,64.3579,2,1
10135,501.689,204.089,2,1
10136,372.566,118.142,2,1
10137,328.523,213.697,2,1
10138,473.401,79.682,2,1
10139,28.3832,77.2458,2,1
10140,414.851,10.9817,2,1
10141,396.234,172.454,2,1
10142,346.699,196.124,2,1
10143,512.876,237.961,2,1
10144,553.422,189.958,2,1
10145,589.52,195.499,2,1
10146,392.667,9.00925,2,1
10147,63.9736,251.617,2,1
10148,595.412,40.5561,2,1
10149,552.551,78.1779,2,1
10150,401.236,54.8447,2,1
10151,189.671,157.325,2,1
10152,124.414,183.593,2,1
10153,7.91206,197.627,2,1
10154,134.198,87.917,2,1
10155,312.288,250.929,2,1
10156,232.383,98.0565,2,1
10157,500.364,183.508,2,1
10158,453.725,2,2,1
10159,43.9855,50.1647,2,1
10160,290.78,30.0137,2,1
10161,315.78,67.7119,2,1
10162,149.096,238.722,2,1
10163,530.916,195.708,2,1
10164,325.11,236.612,2,1
10165,36.3474,167.36,2,1
10166,147.262,143.298,2,1
10167,426.931,94.019,2,1
10168,61.2085,185.04,2,1
10169,371.694,95.9133,2,1
10170,21.3961,27.8173,2,1
10171,211.485,206.704,2,1
10172,3.3351,47.5776,2,1
10173,172.115,65.5279,2,1
10174,570.582,197.215,2,1
10175,151.779,154.348,2,1
10176,151.081,214.772,2,1
10177,336.644,235.041,2,1
10178,310.993,192.732,2,1
10179,430.653,92.4258,2,1
10180,215.79,261.817,2,1
10181,488.812,14.7014,2,1
10182,391.196,235.698,2,1
10183,124.74,37.8841,2,1
10184,137.944,171.021,2,1
10185,141.831,85.1817,2,1
10186,333.94,290.419,2,1
10187,564.678,133.067,2,1
10188,329.506,156.936,2,1
10189,349.688,157.43,2,1
10190,373.927,146.593,2,1
10191,173.037,168.069,2,1
10192,258.189,203.944,2,1
10193,412.434,116.528,2,1
10194,57.7384,36.8755,2,1
10195,452.906,233.669,2,1
10196,159.528,105.387,2,1
10197,36.3271,32.926,2,1
10198,327.266,149.179,2,1
10199,293.845,263.936,2,1
10200,55.5591,229.77,2,1
10201,505.002,123.642,2,1
10202,477.091,141.297,2,1
10203,591.532,236.368,2,1
10204,184.289,292.734,2,1
10205,64.1742,63.1223,2,1
10206,300.874,51.4686,2,1
10207,308.807,107.942,2,1
10208,208.972,173.86,2,1
10209,118.83,8.8568,2,1
10210,154.795,97.7349,2,1
10211,253.325,65.0877,2,1
10212,287.531,286.88,2,1
10213,104.758,103.755,2,1
10214,586.894,192.264,2,1
10215,363.512,125.779,2,1
10216,239.774,244.793,2,1
10217,277.228,14.3072,2,1
10218,506.956,59.286,2,1
10219,377.862,159.495,2,1
10220,439.264,77.1909,2,1
10221,553.654,266.288,2,1
10222,270.387,256.044,2,1
10223,12.1668,130.429,2,1
10224,319.153,24.3679,2,1
10225,571.616,50.5269,2,1
10226,10.9888,143.234,2,1
10227,588.143,17.0971,2,1
10228,62.1412,59.5869,2,1
10229,54.9267,215.333,2,1
10230,527.45,176.126,2,1
10231,179.744,80.3331,2,1
10232,291.366,157.292,2,1
10233,6.36012,91.431,2,1
10234,380.98,183.395,2,1
10235,385.126,247.934,2,1
10236,177.741,59.7001,2,1
10237,163.731,240.892,2,1
10238,366.177,184.444,2,1
10239,231.736,213.854,2,1
10240,158.127,192.231,2,1
10241,436.734,35.8732,2,1
10242,180.03,193.819,2,1
10243,108.267,93.5938,2,1
10244,220.322,55.4199,2,1
10245,256.969,278.99,2,1
10246,519.302,175.698,2,1
10247,215.746,64.4382,2,1
10248,450.732,162.942,2,1
10249,501.973,19.5795,2,1
10250,571.848,5.53863,2,1
10251,97.1319,210.084,2,1
10252,446.221,78.6483,2,1
10253,177.594,161.963,2,1
10254,444.594,51.4154,2,1
10255,502.124,147.198,2,1
10256,515.019,129.471,2,1
10257,225.613,80.8768,2,1
10258,408.351,116.531,2,1
10259,483.439,194.127,2,1
10260,266.149,266.912,2,1
10261,197.823,164.504,2,1
10262,379.532,202.681,2,1
10263,30.75,295.65,2,1
10264,447.544,39.8072,2,1
10265,576.396,246.671,2,1
10266,538.522,197.597,2,1
10267,129.449,92.8509,2,1
10268,548.978,57.4175,2,1
10269,251.976,233.347,2,1
10270,528.502,230.054,2,1
10271,24.6928,262.051,2,1
10272,571.991,124.785,2,1
10273,129.993,138.895,2,1
10274,342.706,195.71,2,1
10275,58.21,198.995,2,1
10276,154.692,128.372,2,1
10277,497.886,31.0575,2,1
10278,194.262,224.327,2,1
10279,140.771,144.676,2,1
10280,330.782,129.076,2,1
10281,381.355,297.176,2,1
10282,56.6129,164.025,2,1
10283,378.209,262.496,2,1
10284,475.694,265.752,2,1
10285,63.4232,178.139,2,1
10286,531.044,156.575,2,1
10287,523.392,280.643,2,1
10288,346.074,105.763,2,1
10289,42.336,83.2289,2,1
10290,359.166,16.2828,2,1
10291,296.307,249.371,2,1
10292,497.656,283.704,2,1
10293,75.5459,31.1249,2,1
10294,549.053,290.489,2,1
10295,552.26,160.625,2,1
10296,4.46335,73.0718,2,0
10297,215.321,14.5834,2,1
10298,94.2478,157.898,2,1
10299,573.773,276.685,2,1
10300,21.069,107.412,2,1
10301,353.543,14.9239,2,1
10302,511.811,267.432,2,1
10303,73.4782,131.837,2,1
10304,327.124,32.2015,2,1
10305,51.0614,50.1222,2,1
10306,234.009,282.756,2,1
10307,189.193,49.3325,2,1
10308,281.484,17.9832,2,1
10309,322.683,127.355,2,1
10310,497.423,287.75,2,1
10311,532.572,229.326,2,1
10312,253.279,127.21,2,1
10313,254.72,9.04892,2,1
10314,559.892,222.989,2,1
10315,113.373,218.423,2,1
10316,50.4622,187.746,2,1
10317,572.363,246.428,2,1
10318,28.8323,255.064,2,1
10319,166.688,298,2,1
10320,569.542,209.045,2,1
10321,277.054,251.316,2,1
10322,414.026,225.033,2,1
10323,417.422,174.931,2,1
10324,247.669,105.052,2,1
10325,29.0307,56.9571,2,1
10326,15.3274,171.175,2,1
10327,194.888,277.659,2,1
10328,124.427,235.455,2,1
10329,38.248,67.89,2,1
10330,512.68,83.98,2,1
10331,117.199,197.377,2,1
10332,266.712,180.676,2,1
10333,146.672,139.035,2,1
10334,226.623,116.666,2,1
10335,199.431,12.2252,2,1
10336,474.139,93.8359,2,1
10337,571.616,9.57139,2,1
10338,126.662,289.566,2,1
10339,202.95,190.264,2,1
10340,59.7598,122.922,2,1
10341,416.167,255.154,2,1
10342,93.7736,125.651,2,1
10343,495.132,56.4911,2,1
10344,540.225,291.407,2,1
10345,229.904,75.1253,2,1
10346,123.213,215.741,2,1
10347,12.4308,97.1258,2,1
10348,261.29,71.8296,2,1
10349,472.182,34.5105,2,1
10350,131.881,207.693,2,1
10351,412.118,108.771,2,1
10352,94.5953,36.8649,2,1
10353,119.79,120.913,2,1
10354,195.721,54.1351,2,1
10355,112.668,237.88,2,1
10356,48.8416,264.296,2,1
10357,348.82,168.916,2,1
10358,508.307,107.36,2,1
10359,533.002,207.599,2,1
10360,212.144,5.56567,2,1
10361,598.544,35.3257,2,1
10362,394.797,43.7049,2,1
10363,344.23,210.985,2,1
10364,340.854,165.21,2,1
10365,186.195,280.155,2,1
10366,354.944,267.978,2,1
10367,79.27,49.5481,2,1
10368,581.844,136.428,2,1
10369,284.064,121.208,2,1
10370,251.83,290.234,2,1
10371,28.0865,27.8924,2,1
10372,211.296,153.898,2,1
10373,329.953,36.3916,2,1
10374,273.115,147.421,2,1
10375,321.746,149.247,2,1
10376,188.632,250.174,2,1
10377,70.2174,124.988,2,1
10378,243.592,291.144,2,1
10379,136.364,251.954,2,1
10380,88.9545,203.324,2,1
10381,365.671,244.707,2,1
10382,470.247,10.7242,2,1
10383,1.13743,163.709,2,1
10384,381.708,161.058,2,1
10385,1.19469,25.5227,2,1
10386,43.6416,105.28,2,1
10387,597.26,208.893,2,1
10388,123.8,45.987,2,1
10389,52.9967,127.724,2,1
10390,295.189,158.978,2,1
10391,120.873,231.173,2,1
10392,339.272,151.014,2,1
10393,113.556,23.8149,2,1
10394,404.385,205.979,2,1
10395,293.615,54.8045,2,1
10396,400.842,192.252,2,1
10397,8.47257,132.597,2,1
10398,34.8682,191.754,2,1
10399,205.199,131.999,2,1
10400,170.859,135.597,2,1
10401,300.276,259.808,2,1
10402,256.229,37.4703,2,1
10403,188.521,57.6498,2,1
10404,108.164,223.45,2,1
10405,438.772,292.768,2,1
10406,402.79,85.3679,2,1
10407,26.5043,38.9111,2,1
10408,543.901,191.757,2,1
10409,8.96692,265.524,2,1
10410,34.958,2,2,1
10411,361.072,161.121,2,1
10412,460.411,237.761,2,1
10413,273.663,171.252,2,1
10414,492.501,256.074,2,1
10415,3.40716,210.792,2,1
10416,416.947,104.808,2,1
10417,247.664,152.465,2,1
10418,426.335,97.9867,2,1
10419,202.408,260.027,2,1
10420,153.06,70.1524,2,1
10421,103.611,67.9104,2,1
10422,350.551,242.916,2,1
10423,94.9207,217,2,1
10424,234.379,22.0799,2,1
10425,349.576,83.3695,2,1
10426,463.126,167.408,2,1
10427,98.7252,151.66,2,1
10428,356.824,12.6275,2,1
10429,295.946,277.926,2,1
10430,302.949,216.62,2,1
10431,457.119,261.139,2,1
10432,253.604,149.872,2,1
10433,364.79,217.111,2,1
10434,394.724,295.394,2,1
10435,385.932,178.505,2,1
10436,13.648,163.395,2,1
10437,60.9164,293.986,2,1
10438,41.6285,285.508,2,1
10439,405.215,104.633,2,1
10440,385.718,24.5225,2,1
10441,265.107,241.786,2,1
10442,251.606,153.484,2,1
10443,409.501,42.7994,2,1
10444,413.513,43.4299,2,1
10445,557.263,199.957,2,1
10446,482.849,65.9244,2,1
10447,274.736,235.38,2,1
10448,505.829,127.614,2,1
10449,232.084,172.731,2,1
10450,455.758,245.048,2,1
10451,277.24,217.832,2,1
10452,134.012,36.3654,2,1
10453,284.714,62.3657,2,1
10454,90.7177,263.417,2,1
10455,535.983,11.8314,2,1
10456,211.377,149.849,2,1
10457,548.138,19.9056,2,1
10458,444.207,249.679,2,1
10459,312.915,118.545,2,1
10460,436.156,152.601,2,1
10461,43.7029,73.2431,2,1
10462,181.746,124.994,2,1
10463,485.874,79.3968,2,1
10464,328.36,208.541,2,1
10465,394.562,180.085,2,1
10466,227.07,133.973,2,1
10467,449.521,258.457,2,1
10468,44.8879,117.469,2,1
10469,173.018,224.648,2,1
10470,393.154,101.286,2,1
10471,583.198,32.1645,2,1
10472,493.002,112.416,2,1
10473,537.195,171.523,2,1
10474,553.509,198.39,2,1
10475,44.2666,156.183,2,1
10476,317.438,221.774,2,1
10477,294.914,103.599,2,1
10478,309.889,229.912,2,1
10479,329.191,19.1671,2,1
10480,559.437,175.743,2,1
10481,11.1358,170.27,2,1
10482,281.663,277.43,2,1
10483,130.256,242.282,2,1
10484,10.2478,26.779,2,1
10485,68.009,157.536,2,1
10486,342.321,207.23,2,1
10487,241.2,155.491,2,1
10488,112.337,107.002,2,1
10489,455.775,12.5346,2,1
10490,212.251,215.355,2,1
10491,116.918,92.1852,2,1
10492,440.894,198.121,2,1
10493,447.539,189.156,2,1
10494,179.47,56.0626,2,1
10495,403.982,92.6059,2,1
10496,232.308,28.3512,2,1
10497,39.1275,183.036,2,1
10498,533.815,5.95843,2,1
10499,287.674,102.271,2,1
10500,146.033,110.17,2,1
10501,515.201,100.923,2,1
10502,41.1344,171.173,2,1
10503,136.647,213.04,2,1
10504,210.062,9.06306,2,1
10505,546.65,115.061,2,1
10506,443.231,182.084,2,1
10507,386.401,167.462,2,1
10508,254.159,22.0898,2,1
10509,319.423,123.354,2,1
10510,21.8031,56.2913,2,1
10511,335.808,294.013,2,1
10512,556.569,44.7219,2,1
10513,378.469,93.5843,2,1
10514,93.1269,242.314,2,1
10515,395.991,268.559,2,1
10516,414.187,232.936,2,1
10517,426.387,147.409,2,1
10518,263.09,233.686,2,1
10519,206.01,233.648,2,1
10520,117.959,113.154,2,1
10521,113,193.586,2,1
10522,593.743,76.2855,2,1
10523,325.734,263.941,2,1
10524,290.883,67.3692,2,1
10525,32.9534,238.692,2,1
10526,362.806,247.796,2,1
10527,238.661,248.707,2,1
10528,350,209.572,2,1
10529,556.496,298,2,1
10530,43.3548,250.422,2,1
10531,115.873,281.791,2,1
10532,141.558,126.659,2,1
10533,389.987,16.4449,2,1
10534,317.213,166.56,2,1
10535,555.662,80.7647,2,1
10536,178.71,254.506,2,1
10537,5.4605,39.8224,2,1
10538,114.629,83.371,2,1
10539,60.4254,22.4616,2,1
10540,441.942,2,2,1
10541,144.845,272.006,2,1
10542,216.978,123.568,2,1
10543,414.728,214.848,2,1
10544,494.941,138.908,2,1
10545,386.424,146.211,2,1
10546,416.493,51.1381,2,1
10547,409.338,268.397,2,1
10548,375.151,22.0768,2,1
10549,396.938,79.6332,2,1
10550,220.054,246.261,2,1
10551,348.091,32.8334,2,1
10552,528.253,12.8852,2,1
10553,34.0303,298,2,1
10554,376.909,48.3794,2,1
10555,502.27,270.137,2,1
10556,383.007,157.156,2,1
10557,280.134,79.9936,2,1
10558,159.991,247.07,2,1
10559,524.992,151.947,2,1
10560,590.444,167.145,2,1
10561,312.601,28.4288,2,1
10562,305.046,220.14,2,1
10563,596.26,142.763,2,1
10564,527.227,67.8904,2,1
10565,90.5538,136.061,2,1
10566,250.146,205.922,2,1
10567,516.171,145.331,2,1
10568,92.9603,102.283,2,1
10569,345.293,101.718,2,1
10570,476.416,240.337,2,1
10571,510.213,271.163,2,1
10572,357.663,133.505,2,1
10573,425.829,268.48,2,1
10574,47.6307,221.504,2,1
10575,464.939,182.981,2,1
10576,54.0098,94.4391,2,1
10577,211.154,257.864,2,1
10578,363.397,278.157,2,1
10579,562.048,93.1169,2,1
10580,583.936,46.6472,2,1
10581,430.872,5.9836,2,1
10582,267.331,51.8538,2,1
10583,189.369,282.692,2,1
10584,51.4962,75.8196,2,1
10585,558.511,164.732,2,1
10586,176.12,78.5473,2,1
10587,476.661,13.1257,2,1
10588,95.2427,46.3925,2,1
10589,208.872,98.9034,2,1
10590,338.579,202.766,2,1
10591,145.497,230.798,2,1
10592,209.697,165.309,2,1
10593,469.917,145.091,2,1
10594,532.375,278.128,2,1
10595,10.0743,280.212,2,1
10596,590.603,289.812,2,1
10597,9.72748,257.995,2,1
10598,46.1593,278.123,2,1
10599,430.938,164.655,2,1
10600,126.344,5.77383,2,1
10601,538.89,59.166,2,1
10602,374.109,181.561,2,1
10603,193.268,107.759,2,1
10604,330.407,185.316,2,1
10605,545.645,265.539,2,1
10606,484.035,106.081,2,1
10607,364.057,232.188,2,1
10608,86.4368,113.434,2,1
10609,454.429,207.95,2,1
10610,150.598,128.461,2,1
10611,203.55,12.671,2,1
10612,445.059,177.936,2,1
10613,507.825,40.0301,2,1
10614,2.85549,290.647,2,1
10615,238.717,282.574,2,1
10616,385.055,100.908,2,1
10617,547.085,48.55,2,1
10618,559.808,217.148,2,1
10619,490.903,266.922,2,1
10620,526.119,183.651,2,1
10621,148.595,16.7269,2,1
10622,132.303,26.7913,2,1
10623,523.241,223.826,2,1
10624,211.67,12.7851,2,1
10625,458.721,127.405,2,1
10626,45.3711,101.026,2,1
10627,34.9887,216.701,2,1
10628,71.104,169.049,2,1
10629,13.6482,93.3077,2,1
10630,173.08,216.993,2,1
10631,493.92,30.4838,2,1
10632,541.221,6.49265,2,1
10633,462.747,196.352,2,1
10634,452.525,34.9415,2,1
10635,535.339,152.626,2,1
10636,521.024,53.6989,2,1
10637,98.9908,121.96,2,1
10638,2.99012,298,2,1
10639,257.114,5.59942,2,1
10640,9.32787,155.43,2,1
10641,234.841,169.826,2,1
10642,144.55,146.275,2,1
10643,465.694,125.566,2,1
10644,111.097,226.28,2,1
10645,568.027,117.835,2,1
10646,304.974,106.352,2,1
10647,274.797,60.4768,2,1
10648,136.025,142.945,2,1
10649,406.568,164.925,2,1
10650,301.48,273.396,2,1
10651,464.023,80.3586,2,1
10652,194.663,204.296,2,1
10653,51.2501,144.177,2,1
10654,214.33,31.3447,2,1
10655,95.1008,58.1354,2,1
10656,362.83,286.106,2,1
10657,572.131,13.6073,2,1
10658,514.799,26.795,2,1
10659,254.731,192.513,2,1
10660,262.073,115.015,2,1
10661,327.224,298,2,1
10662,413.342,169.845,2,1
10663,490.467,73.5536,2,1
10664,471.098,279.99,2,1
10665,350.871,258.948,2,1
10666,314.167,100.012,2,1
10667,276.556,225.072,2,1
10668,55.9507,112.903,2,1
10669,236.03,199.735,2,1
10670,344.595,47.0901,2,1
10671,567.043,129.757,2,1
10672,236.039,254.465,2,1
10673,472.476,151.721,2,1
10674,27.0519,8.8642,2,1
10675,58.0653,172.998,2,1
10676,285.241,35.3514,2,1
10677,552.27,60.4723,2,1
10678,282.645,69.6259,2,1
10679,5.73254,207.402,2,1
10680,85.5286,273.418,2,1
10681,418.101,234.079,2,1
10682,83.984,221.798,2,1
10683,481.436,218.201,2,1
10684,455.529,100.522,2,1
10685,201.618,166.038,2,1
10686,541.247,118.581,2,1
10687,160.025,24.8795,2,1
10688,250.249,248.784,2,1
10689,262.615,119.256,2,1
10690,25.4848,266.036,2,1
10691,218.492,97.7372,2,1
10692,336.21,54.1652,2,1
10693,147.184,117.75,2,1
10694,81.0936,70.0965,2,1
10695,574.243,156.292,2,1
10696,119.945,58.6242,2,1
10697,314.662,63.837,2,1
10698,233.93,17.969,2,1
10699,460.866,50.8623,2,1
10700,554.855,101.938,2,1
10701,454.572,203.904,2,1
10702,333.054,236.938,2,1
10703,201.964,282.504,2,1
10704,272.223,218.499,2,1
10705,68.3167,228.302,2,1
10706,501.209,286.409,2,1
10707,437.265,50.4231,2,1
10708,416.057,291.996,2,1
10709,441.79,28.727,2,1
10710,27.1358,63.1989,2,1
10711,211.181,239.506,2,1
10712,388.616,153.727,2,1
10713,596.205,250.846,2,1
10714,546.087,24.198,2,1
10715,189.181,232.582,2,1
10716,518.755,195.468,2,1
10717,241.624,20.5445,2,1
10718,217.624,47.1073,2,1
10719,151.743,172.441,2,1
10720,379.02,15.981,2,1
10721,549.65,196.999,2,1
10722,231.452,64.2184,2,1
10723,248.781,100.379,2,1
10724,495.846,88.6893,2,1
10725,259.619,140.227,2,1
10726,321.353,185.092,2,1
10727,565.766,75.3717,2,1
10728,39.1187,21.4504,2,1
10729,585.975,252.389,2,1
10730,230.879,168.671,2,1
10731,423.276,30.3886,2,1
10732,73.8968,100.496,2,1
10733,361.221,274.592,2,1
10734,157.493,94.5984,2,1
10735,486.648,28.833,2,1
10736,430.097,125.421,2,1
10737,449.208,177.91,2,1
10738,173.457,86.1362,2,1
10739,49.1313,208.337,2,1
10740,75.841,38.4899,2,1
10741,587.327,155.586,2,1
