id,x,y,radius,is_spanning
0,127.653,213.798,2,0
1,309.452,244.868,2,0
2,316.453,106.235,2,0
3,106.145,61.2441,2,0
4,90.7738,221.821,2,0
5,371.633,207.257,2,0
6,454.705,112.408,2,0
7,320.607,18.7875,2,0
8,12.3828,38.7557,2,0
9,355.406,156.806,2,0
10,466.482,210.835,2,0
11,536.817,29.3646,2,0
12,564.949,285.682,2,0
13,596.452,110.806,2,0
14,291.057,135.368,2,0
15,277.579,193.146,2,0
16,339.114,85.7174,2,0
17,436.338,29.7262,2,0
18,364.523,131.268,2,0
19,2.49969,218.121,2,0
20,129.47,28.1633,2,0
21,564.803,39.3608,2,0
22,589.833,271.546,2,0
23,492.543,229.584,2,0
24,53.8088,239.68,2,0
25,168.292,45.7668,2,0
26,5.0647,196.587,2,0
27,48.9898,59.8414,2,0
28,115.166,33.2473,2,0
29,510.16,102.062,2,0
30,369.231,268.293,2,0
31,276.887,3.0916,2,0
32,275.064,120.364,2,0
33,53.4574,74.42,2,0
34,297.151,127.917,2,0
35,40.833,150.261,2,0
36,198.39,209.71,2,0
37,298.905,255.643,2,0
38,242.281,160.841,2,0
39,546.823,288.878,2,0
40,173.009,254.334,2,0
41,409.102,68.3376,2,0
42,51.1083,28.6065,2,0
43,96.9963,33.0866,2,0
44,464.23,298,2,0
45,194.475,93.3131,2,0
46,499.415,263.845,2,0
47,337.083,53.7033,2,0
48,222.322,5.96927,2,0
49,19.0083,21.5385,2,0
50,329.451,137.82,2,0
51,71.6367,257.455,2,0
52,439.553,181.789,2,0
53,47.5047,206.101,2,0
54,277.785,87.0102,2,0
55,543.199,275.708,2,0
56,248.23,118.279,2,0
57,504.467,70.9738,2,0
58,73.314,195.814,2,0
59,251.887,264.953,2,0
60,568.602,12.5978,2,0
61,235.392,280.402,2,0
62,326.476,257.645,2,0
63,375.992,287.106,2,0
64,261.658,189.628,2,0
65,506.071,33.0534,2,0
66,237.103,75.0758,2,0
67,363.526,50.1057,2,0
68,372.059,2,2,0
69,182.932,189.83,2,0
70,549.625,130.677,2,0
71,427.145,72.288,2,0
72,86.5432,199.026,2,0
73,320.664,9.16064,2,0
74,183.385,285.974,2,0
75,460.694,25.7988,2,0
76,502.324,175.496,2,0
77,175.578,215.679,2,0
78,70.1496,279.736,2,0
79,276.44,135.935,2,0
80,327.744,151.118,2,0
81,47.3492,233.522,2,0
82,34.727,19.3178,2,0
83,64.5464,185.979,2,0
84,378.61,137.229,2,0
85,96.8444,140.799,2,0
86,461.21,80.6415,2,0
87,480.491,121.414,2,0
88,159.731,21.8532,2,0
89,212.101,148.945,2,0
90,122.65,204.644,2,0
91,572.863,5.72436,2,0
92,104.229,84.7625,2,0
93,260.163,280.871,2,0
94,157.665,86.1182,2,0
95,264.071,95.1295,2,0
96,587.165,65.4118,2,0
97,216.599,84.0597,2,0
98,366.333,166.565,2,0
99,452.898,272.081,2,0
100,153.674,40.9472,2,0
101,64.3447,73.037,2,0
102,556.606,32.3331,2,0
103,223.672,238.722,2,0
104,570.233,285.115,2,0
105,76.0087,127.09,2,0
106,105.711,112.122,2,0
107,470.92,139.745,2,0
108,45.8391,97.7538,2,0
109,211.559,21.0421,2,0
110,375.059,291.483,2,0
111,90.6328,290.252,2,0
112,163.12,260.393,2,0
113,11.6067,187.144,2,0
114,300.433,130.77,2,0
115,447.09,231.858,2,0
116,317.528,96.9934,2,0
117,172.217,290.037,2,0
118,241.749,172.96,2,0
119,52.718,37.7085,2,0
120,41.428,139.87,2,0
121,2.76455,78.1486,2,0
122,260.291,173.511,2,0
123,244.078,176.276,2,0
124,534.597,59.018,2,0
125,346.176,254.109,2,0
126,411.496,278.836,2,0
127,449.922,104.559,2,0
128,103.795,224.511,2,0
129,423.583,242.044,2,0
130,332.237,113.914,2,0
131,223.284,167.333,2,0
132,316.276,282.507,2,0
133,293.746,102.601,2,0
134,8.41199,2,2,0
135,427.124,85.5624,2,0
136,597.994,200.353,2,0
137,298.67,86.218,2,0
138,96.8502,214.949,2,0
139,54.0814,106.137,2,0
140,247.381,141.586,2,0
141,252.41,101.911,2,0
142,177.462,22.3785,2,0
143,328.583,130.502,2,0
144,328.777,60.3528,2,0
145,59.0762,22.0795,2,0
146,125.981,136.574,2,0
147,487.196,8.12776,2,0
148,145.836,134.253,2,0
149,416.827,242.235,2,0
150,217.752,63.6694,2,0
151,462.008,150.671,2,0
152,185.835,244.648,2,0
153,146.473,57.014,2,0
154,222.236,157.28,2,0
155,549.384,151.246,2,0
156,141.068,42.7275,2,0
157,249.69,261.587,2,0
158,127.311,57.8367,2,0
159,123.917,269.106,2,0
160,254.787,262.12,2,0
161,357.65,114.821,2,0
162,399.827,205.29,2,0
163,518.784,273.281,2,0
164,281.185,66.7284,2,0
165,376.79,78.9617,2,0
166,35.8995,51.7653,2,0
167,253.884,114.387,2,0
168,484.306,283.667,2,0
169,343.682,153.84,2,0
170,69.5065,298.043,2,0
171,216.35,80.0105,2,0
172,310.718,56.1381,2,0
173,499.764,16.3922,2,0
174,175.889,26.1245,2,0
175,269.224,12.5429,2,0
176,202.881,42.6337,2,0
177,502.307,136.726,2,0
178,491.788,224.705,2,0
179,557.262,109.243,2,0
180,65.4602,276.353,2,0
181,128.349,52.8938,2,0
182,307.229,280.865,2,0
183,570.589,42.5889,2,0
184,582.144,244.609,2,0
185,345.894,237.788,2,0
186,505.225,192.016,2,0
187,260.972,256.996,2,0
188,472.976,64.7933,2,0
189,414.578,238.722,2,0
190,179.154,188.486,2,0
191,103.517,2,2,0
192,240.846,27.6892,2,0
193,233.46,290.491,2,0
194,511.919,2.15432,2,0
195,102.189,165.921,2,0
196,398.397,78.8741,2,0
197,590.885,201.855,2,0
198,212.131,248.873,2,0
199,325.35,95.1271,2,0
200,189.235,177.353,2,0
201,284.666,68.7513,2,0
202,406.221,30.377,2,0
203,410.385,145.804,2,0
204,109.726,83.1961,2,0
205,287.897,139.293,2,0
206,389.14,134.429,2,0
207,97.3341,5.80248,2,0
208,305.604,3.0663,2,0
209,134.417,34.2069,2,0
210,501.486,199.831,2,0
211,318.831,298,2,0
212,462.377,121.3,2,0
213,504.665,107.253,2,0
214,392.133,191.842,2,0
215,415.189,46.3013,2,0
216,7.33889,277.169,2,0
217,425.611,58.5724,2,0
218,386.246,86.3736,2,0
219,564.138,127.749,2,0
220,118.198,161.853,2,0
221,383.594,107.448,2,0
222,415.087,212.63,2,0
223,569.974,298,2,0
224,15.2638,135.93,2,0
225,514.282,258.206,2,0
226,147.534,114.548,2,0
227,587.421,126.762,2,0
228,261.748,276.48,2,0
229,305.705,220.379,2,0
230,495.354,263.492,2,0
231,432.672,91.7874,2,0
232,545.888,189.086,2,0
233,564.7,58.3477,2,0
234,495.516,23.4615,2,0
235,91.0949,166.861,2,0
236,280.353,255.049,2,0
237,14.6448,67.7438,2,0
238,144.138,222.592,2,0
239,260.005,200.275,2,0
240,182.732,193.967,2,0
241,314.718,261.021,2,0
242,299.164,39.9843,2,0
243,410.354,179.043,2,0
244,377.9,45.2259,2,0
245,562.936,235.705,2,0
246,592.053,2,2,0
247,496.257,14.2415,2,0
248,509.108,164.807,2,0
249,362.054,149.613,2,0
250,492.027,30.9743,2,0
251,329.072,216.069,2,0
252,252.842,277.184,2,0
253,387.531,81.8508,2,0
254,555.356,39.206,2,0
255,371.504,160.34,2,0
256,49.6615,278.473,2,0
257,416.912,201.692,2,0
258,230.854,183.994,2,0
259,570.107,57.0878,2,0
260,288.316,269.538,2,0
261,547.628,78.4685,2,0
262,389.651,252.369,2,0
263,294.508,157.57,2,0
264,153.723,293.997,2,0
265,464.347,43.0189,2,0
266,38.9219,87.991,2,0
267,499.011,179.54,2,0
268,227.942,44.1917,2,0
269,256.732,276.104,2,0
270,486.908,30.3622,2,0
271,593.822,197.094,2,0
272,366.501,292.378,2,0
273,586.305,189.788,2,0
274,478.074,298,2,0
275,375.034,298,2,0
276,405.123,260.168,2,0
277,319.454,27.625,2,0
278,583.728,24.0409,2,0
279,106.537,46.8179,2,0
280,371.892,50.5525,2,0
281,571.093,79.854,2,0
282,384.871,71.0269,2,0
283,457.891,87.2032,2,0
284,247.328,17.1045,2,0
285,150.201,202.813,2,0
286,80.5453,85.3729,2,0
287,413.465,199.58,2,0
288,320.801,46.7108,2,0
289,321.869,170.673,2,0
290,577.428,248.96,2,0
291,416.821,231.759,2,0
292,86.6035,59.3527,2,0
293,503.575,275.327,2,0
294,597.617,293.578,2,0
295,425.633,246.945,2,0
296,548.875,267.086,2,0
297,31.978,6.49935,2,0
298,426.689,191.906,2,0
299,222.071,205.519,2,0
300,433.693,9.48056,2,0
301,142.941,54.8542,2,0
302,210.335,82.6836,2,0
303,344.978,68.1327,2,0
304,181.27,125.514,2,0
305,533.803,298,2,0
306,39.4468,40.4706,2,0
307,374.258,169.283,2,0
308,388.394,206.464,2,0
309,212.988,131.036,2,0
310,308.638,45.2468,2,0
311,383.91,123.501,2,0
312,190.624,153.843,2,0
313,393.229,22.5236,2,0
314,476.49,195.375,2,0
315,584.737,231.609,2,0
316,439.749,27.5885,2,0
317,180.212,278.839,2,0
318,528.154,269.324,2,0
319,277.161,90.9761,2,0
320,404.707,82.2869,2,0
321,241.946,252.379,2,0
322,208.081,197.38,2,0
323,566.976,103.645,2,0
324,180.226,92.2659,2,0
325,279.079,94.6071,2,0
326,391.228,176.532,2,0
327,129.548,250.344,2,0
328,438.674,225.556,2,0
329,288.104,54.366,2,0
330,268.497,287.633,2,0
331,8.45652,37.2115,2,0
332,452.33,141.335,2,0
333,163.313,99.8121,2,0
334,414.029,216.656,2,0
335,253.142,143.174,2,0
336,30.8917,18.0023,2,0
337,103.787,172.682,2,0
338,462.848,125.457,2,0
339,170.968,285.641,2,0
340,168.645,37.1481,2,0
341,193.771,139.737,2,0
342,420.733,9.69603,2,0
343,595.508,72.5712,2,0
344,245.693,130.235,2,0
345,423.357,45.4614,2,0
346,510.956,215.742,2,0
347,367.242,271.912,2,0
348,84.1101,259.48,2,0
349,236.854,231.856,2,0
350,167.567,22.3282,2,0
351,428.86,26.3927,2,0
352,365.644,250.455,2,0
353,231.177,287.131,2,0
354,277.581,174.484,2,0
355,214.28,143.161,2,0
356,553.246,124.207,2,0
357,576.339,127.966,2,0
358,9.2055,196.968,2,0
359,403.842,252.047,2,0
360,217.551,201.439,2,0
361,398.932,249.84,2,0
362,328.44,196.025,2,0
363,317.927,245.498,2,0
364,116.375,63.8778,2,0
365,283.687,202.097,2,0
366,131.655,98.268,2,0
367,379.129,246.785,2,0
368,217.752,24.4471,2,0
369,267.63,98.1238,2,0
370,115.789,25.117,2,0
371,264.673,229.307,2,0
372,176.651,76.7434,2,0
373,433.484,255.826,2,0
374,43.5395,232.194,2,0
375,276.18,279.357,2,0
376,267.203,81.4108,2,0
377,79.7032,105.157,2,0
378,402.158,263.026,2,0
379,36.4081,84.177,2,0
380,361.145,253.501,2,0
381,461,258.752,2,0
382,132.065,77.9621,2,0
383,100.311,182.103,2,0
384,124.565,218.806,2,0
385,455.324,275.369,2,0
386,224.561,260.476,2,0
387,528.054,57.9745,2,0
388,152.162,263.793,2,0
389,140.614,123.943,2,0
390,406.014,42.3608,2,0
391,116.972,132.966,2,0
392,9.77867,29.9927,2,0
393,482.944,35.1252,2,0
394,515.833,186.195,2,0
395,581.271,56.4234,2,0
396,15.1786,172.142,2,0
397,448.407,73.1619,2,0
398,581.012,265.181,2,0
399,521.237,115.725,2,0
400,472.276,121.278,2,0
401,512.778,188.879,2,0
402,65.2645,203.034,2,0
403,406.068,164.966,2,0
404,65.4299,9.45332,2,0
405,456.647,25.8961,2,0
406,445.768,104.036,2,0
407,432.872,200.758,2,0
408,230.759,247.899,2,0
409,93.008,119.651,2,0
410,91.9259,149.54,2,0
411,576.468,25.5025,2,0
412,280.385,132.671,2,0
413,502.867,27.4992,2,0
414,47.3696,2,2,0
415,506.052,177.214,2,0
416,166.923,11.5728,2,0
417,436.267,103.063,2,0
418,478.028,230.539,2,0
419,77.7312,69.1199,2,0
420,116.92,115.002,2,0
421,323.655,11.9038,2,0
422,14.1045,225.452,2,0
423,174.995,141.314,2,0
424,575.296,39.7307,2,0
425,0.13231,187.428,2,0
426,209.128,16.3938,2,0
427,587.512,208.309,2,0
428,291.027,43.5061,2,0
429,86.1105,116.261,2,0
430,12.0448,26.5306,2,0
431,360.284,141.936,2,0
432,87.894,66.0232,2,0
433,401.305,197.279,2,0
434,57.0603,103.386,2,0
435,160.449,138.548,2,0
436,596.195,286.952,2,0
437,13.7249,154.215,2,0
438,491.146,243.989,2,0
439,60.4338,126.193,2,0
440,430.526,193.405,2,0
441,51.8563,218.553,2,0
442,103.064,93.9829,2,0
443,58.374,264.882,2,0
444,289.678,14.4766,2,0
445,545.439,279.781,2,0
446,24.7059,178.376,2,0
447,575.632,29.4655,2,0
448,230.969,86.4282,2,0
449,324.581,167.526,2,0
450,53.2231,235.716,2,0
451,230.775,296.034,2,0
452,57.9164,247.362,2,0
453,270.468,94.2876,2,0
454,409.535,10.8805,2,0
455,526.308,189.288,2,0
456,291.688,38.5741,2,0
457,120.509,197.632,2,0
458,175.177,298.779,2,0
459,359.648,215.75,2,0
460,113.794,82.7671,2,0
461,183.593,82.16,2,0
462,216.392,223.63,2,0
463,552.024,71.5973,2,0
464,255.9,242.84,2,0
465,293.601,79.2058,2,0
466,337.596,102.296,2,0
467,246.52,58.6765,2,0
468,462.743,49.9674,2,0
469,301.16,82.1346,2,0
470,112.139,265.915,2,0
471,367.271,200.152,2,0
472,486.71,16.8829,2,0
473,48.7375,108.367,2,0
474,406.826,249.311,2,0
475,375.467,173.767,2,0
476,59.8721,193.808,2,0
477,142.133,90.8477,2,0
478,316.157,25.3278,2,0
479,142.132,58.8169,2,0
480,471.246,6.11506,2,0
481,431.15,143.755,2,0
482,349.108,192.745,2,0
483,479.284,292.751,2,0
484,394.048,180.907,2,0
485,439.845,236.228,2,0
486,178.68,204.384,2,0
487,584.613,281.871,2,0
488,356.045,55.9157,2,0
489,593.736,81.9449,2,0
490,112.417,22.6965,2,0
491,528.099,282.649,2,0
492,550.422,21.329,2,0
493,345.558,150.269,2,0
494,125.155,123.43,2,0
495,177.957,108.967,2,0
496,495.094,203.159,2,0
497,157.683,63.6878,2,0
498,509.851,119.338,2,0
499,271.672,218.567,2,0
500,67.6334,287.334,2,0
501,9.93758,272.736,2,0
502,335.074,198.297,2,0
503,582.889,293.665,2,0
504,392.304,95.4917,2,0
505,263.907,261.525,2,0
506,593.569,103.519,2,0
507,202.767,249.127,2,0
508,548.114,102.005,2,0
509,356.052,135.001,2,0
510,108.749,24.4435,2,0
511,79.1956,220.796,2,0
512,527.445,69.7866,2,0
513,516.756,91.6439,2,0
514,230.78,214.276,2,0
515,455.763,60.1139,2,0
516,87.4668,229.741,2,0
517,254.8,131.194,2,0
518,91.2669,115.977,2,0
519,71.2226,18.9814,2,0
520,239.709,247.701,2,0
521,234.457,162.352,2,0
522,433.732,149.534,2,0
523,449.782,294.108,2,0
524,153.807,92.6863,2,0
525,168.279,67.6872,2,0
526,466.822,126.291,2,0
527,177.264,119.992,2,0
528,252.065,236.581,2,0
529,84.9883,90.2762,2,0
530,490.131,115.853,2,0
531,223.506,107.424,2,0
532,186.24,77.6536,2,0
533,511.276,105.929,2,0
534,146.89,192.796,2,0
535,41.0205,240.956,2,0
536,541.287,261.267,2,0
537,149.937,84.5634,2,0
538,352.84,46.9467,2,0
539,226.782,263.889,2,0
540,305.799,259.963,2,0
541,325.401,218.165,2,0
542,155.961,105.507,2,0
543,348.766,240.932,2,0
544,70.5404,143.18,2,0
545,296.882,288.369,2,0
546,26.6029,284.428,2,0
547,343.889,56.8189,2,0
548,230.181,225.071,2,0
549,138.638,9.4419,2,0
550,134.599,290.692,2,0
551,345.781,168.189,2,0
552,182.164,10.2182,2,0
553,208.2,220.873,2,0
554,307.542,138.166,2,0
555,147.556,53.1598,2,0
556,185.192,122.29,2,0
557,420.343,36.8526,2,0
558,332.226,164.121,2,0
559,161.999,109.003,2,0
560,255.004,268.165,2,0
561,530.945,100.12,2,0
562,239.953,121.578,2,0
563,547.476,275.666,2,0
564,531.64,27.2785,2,0
565,531.51,35.3277,2,0
566,112.295,165.569,2,0
567,455.455,223.812,2,0
568,321.516,58.3933,2,0
569,233.179,201.726,2,0
570,88.0525,109.036,2,0
571,477.114,128.84,2,0
572,565.795,9.69556,2,0
573,105.029,123.329,2,0
574,419.119,91.8634,2,0
575,93.5436,7.36866,2,0
576,186.961,155.861,2,0
577,598.875,252.741,2,0
578,417.754,236.018,2,0
579,587.112,77.085,2,0
580,216.158,283.624,2,0
581,337.364,182.409,2,0
582,105.157,163.207,2,0
583,115.409,52.8452,2,0
584,306.289,242.314,2,0
585,286.936,89.1273,2,0
586,545.834,213.141,2,0
587,532.282,46.4106,2,0
588,341.456,157.343,2,0
589,222.963,129.873,2,0
590,120.532,41.4254,2,0
591,503.059,160.675,2,0
592,587.292,265.431,2,0
593,162.391,32.0019,2,0
594,574.466,64.2341,2,0
595,104.421,298,2,0
596,323.556,36.756,2,0
597,531.377,128.207,2,0
598,373.37,103.075,2,0
599,152.09,183.932,2,0
600,585.294,9.96606,2,0
601,45.2361,41.6313,2,0
602,195.011,52.8567,2,0
603,219.385,105.074,2,0
604,354.619,131.099,2,0
605,568.771,38.8066,2,0
606,41.6524,64.7181,2,0
607,395.878,160.166,2,0
608,445.912,134.282,2,0
609,289.52,205.654,2,0
610,73.9756,53.6342,2,0
611,459.236,136.126,2,0
612,313.269,71.1262,2,0
613,445.919,266.194,2,0
614,427.539,145.754,2,0
615,137.366,194.034,2,0
616,590.513,74.7173,2,0
617,546.983,173.504,2,0
618,302.657,278.757,2,0
619,541.427,163.163,2,0
620,176.427,280.164,2,0
621,344.468,246.569,2,0
622,466.008,198.459,2,0
623,567.953,82.5808,2,0
624,593.974,270.847,2,0
625,372.434,152.841,2,0
626,406.075,15.306,2,0
627,396.851,105.788,2,0
628,152.77,135.946,2,0
629,441.827,265.287,2,0
630,205.928,119.6,2,0
631,218.833,159.717,2,0
632,191.039,42.2302,2,0
633,339.93,89.7142,2,0
634,81.721,2.44928,2,0
635,338.329,30.3439,2,0
636,330.342,37.4987,2,0
637,414.006,16.8667,2,0
638,481.835,155.66,2,0
639,473.443,172.896,2,0
640,177.141,0.645009,2,0
641,80.5601,288.236,2,0
642,373.418,112.969,2,0
643,190.902,254.156,2,0
644,87.3916,174.461,2,0
645,454.907,51.9751,2,0
646,230.16,102.724,2,0
647,185.6,205.913,2,0
648,296.905,94.1542,2,0
649,433.085,208.949,2,0
650,204.178,232.63,2,0
651,119.147,2,2,0
652,409.874,217.061,2,0
653,89.7815,77.4068,2,0
654,525.063,73.2625,2,0
655,157.302,166.588,2,0
656,386.092,60.2237,2,0
657,218.882,262.727,2,0
658,566.604,94.6748,2,0
659,257.399,56.4095,2,0
660,149.521,49.5479,2,0
661,51.0031,7.42337,2,0
662,547.735,119.754,2,0
663,174.628,231.576,2,0
664,302.164,89.846,2,0
665,219.49,238.786,2,0
666,535.893,50.7645,2,0
667,422.878,200.629,2,0
668,11.7886,17.5954,2,0
669,425.607,153.484,2,0
670,3.84801,211.91,2,0
671,501.99,267.217,2,0
672,282.995,175.987,2,0
673,361.005,128.987,2,0
674,385.986,170.993,2,0
675,361.338,207.035,2,0
676,460.059,207.888,2,0
677,473.18,9.65507,2,0
678,142.454,292.743,2,0
679,286.377,109.942,2,0
680,59.2062,139.037,2,0
681,182.103,298.404,2,0
682,351.515,232.175,2,0
683,590.51,194.668,2,0
684,293.457,138.618,2,0
685,564.942,293.868,2,0
686,118.953,137.003,2,0
687,453.345,211.791,2,0
688,156.742,136.781,2,0
689,332.7,159.405,2,0
690,469.117,23.7961,2,0
691,75.2406,184.141,2,0
692,103.772,34.1888,2,0
693,299.032,46.1995,2,0
694,123.092,62.1303,2,0
695,92.1854,141.584,2,0
696,506.274,272.362,2,0
697,553.624,102.933,2,0
698,94.1104,263.353,2,0
699,561.275,24.867,2,0
700,335.102,146.187,2,0
701,129.914,65.1662,2,0
702,369.188,289.387,2,0
703,552.393,285.596,2,0
704,236.155,194.273,2,0
705,543.735,93.7364,2,0
706,423.922,19.8245,2,0
707,492.582,10.0696,2,0
708,78.4351,245.009,2,0
709,184.249,89.6774,2,0
710,535.032,104.172,2,0
711,90.3628,232.672,2,0
712,154.067,84.2096,2,0
713,57.3674,287.103,2,0
714,264.821,22.0077,2,0
715,565.19,278.782,2,0
716,290.892,105.587,2,0
717,231.922,106.404,2,0
718,163.787,103.806,2,0
719,178.4,154.444,2,0
720,471.711,26.9541,2,0
721,41.9511,15.8446,2,0
722,418.193,207.186,2,0
723,316.107,180.686,2,0
724,228.389,208.007,2,0
725,288.718,195.073,2,0
726,236.097,40.7568,2,0
727,396.098,109.758,2,0
728,167.677,248.016,2,0
729,187.525,146.908,2,0
730,131.157,281.253,2,0
731,61.8626,189.197,2,0
732,69.3982,94.3912,2,0
733,531.045,151.999,2,0
734,155.577,148.373,2,0
735,532.67,213.781,2,0
736,481.663,54.2658,2,0
737,90.0566,190.804,2,0
738,285.887,98.3954,2,0
739,75.7811,226.207,2,0
740,520.955,56.3463,2,0
741,361.712,249.369,2,0
742,488.97,201.423,2,0
743,270.535,266.32,2,0
744,202.519,11.8677,2,0
745,101.457,132.144,2,0
746,235.066,52.7371,2,0
747,226.235,288.402,2,0
748,484.76,131.352,2,0
749,276.985,204.244,2,0
750,25.4493,158.648,2,0
751,207.025,193.297,2,0
752,295.324,6.59977,2,0
753,178.142,265.531,2,0
754,438.386,138.03,2,0
755,358.738,5.75154,2,0
756,538.334,155.721,2,0
757,8.10674,140.501,2,0
758,339.511,12.4893,2,0
759,555.719,287.92,2,0
760,324.917,283.407,2,0
761,301.604,228.759,2,0
762,179.721,84.1236,2,0
763,159.835,53.0534,2,0
764,274.163,70.7068,2,0
765,103.605,97.9888,2,0
766,241.447,143.53,2,0
767,484.77,61.1788,2,0
768,263.013,269.109,2,0
769,365.149,37.3413,2,0
770,179.262,218.116,2,0
771,129.966,173.36,2,0
772,117.767,290.654,2,0
773,322.703,259.202,2,0
774,3.57466,9.49195,2,0
775,13.7265,297.405,2,0
776,552.402,174.975,2,0
777,157.883,115.167,2,0
778,231.174,281.461,2,0
779,349.251,235.498,2,0
780,114.414,184.968,2,0
781,184.257,220.506,2,0
782,488.901,39.1437,2,0
783,332.208,291.974,2,0
784,113.053,280.381,2,0
785,13.3066,163.938,2,0
786,381.713,250.072,2,0
787,178.846,232.135,2,0
788,590.63,67.7733,2,0
789,181.076,268.288,2,0
790,310.584,8.57709,2,0
791,535.003,100.076,2,0
792,340.951,47.3241,2,0
793,72.1601,40.2213,2,0
794,93.1555,277.006,2,0
795,592.069,55.2464,2,0
796,560.15,41.6423,2,0
797,524.93,55.3413,2,0
798,494.426,291.358,2,0
799,422.154,218.592,2,0
800,64.7781,235.838,2,0
801,246.905,134.191,2,0
802,403.898,274.232,2,0
803,246.532,206.293,2,0
804,345.302,113.812,2,0
805,402.109,223.574,2,0
806,215.674,297.608,2,0
807,9.06695,294.095,2,0
808,119.088,206.496,2,0
809,271.97,39.2585,2,0
810,31.3214,231.991,2,0
811,323.267,195.253,2,0
812,208.529,169.58,2,0
813,348.411,116.381,2,0
814,383.164,10.1084,2,0
815,487.267,168.412,2,0
816,322.055,255.205,2,0
817,359.899,169.681,2,0
818,468.31,134.224,2,0
819,102.098,278.727,2,0
820,113.208,204.705,2,0
821,93.1649,15.4157,2,0
822,9.68344,74.8027,2,0
823,418.877,129.45,2,0
824,138.341,188.426,2,0
825,261.363,169.209,2,0
826,454.811,120.37,2,0
827,29.1546,240.692,2,0
828,98.568,113.794,2,0
829,372.292,27.1865,2,0
830,495.654,226.976,2,0
831,435.852,115.719,2,0
832,119.449,267.588,2,0
833,79.286,5.65558,2,0
834,26.2771,121.169,2,0
835,13.1683,259.876,2,0
836,69.85,34.4005,2,0
837,409.601,162.885,2,0
838,236.07,204.59,2,0
839,319.436,166.913,2,0
840,99.9989,284.645,2,0
841,67.0924,69.9834,2,0
842,241.28,166.494,2,0
843,28.8023,166.823,2,0
844,497.59,166.748,2,0
845,320.387,39.8278,2,0
846,557.119,251.874,2,0
847,494.809,123.482,2,0
848,523.357,172.273,2,0
849,560.183,17.836,2,0
850,94.0017,69.0389,2,0
851,521.028,46.4526,2,0
852,578.438,260.303,2,0
853,145.712,61.0012,2,0
854,276.33,42.3008,2,0
855,367.293,182.667,2,0
856,525.071,32.2912,2,0
857,38.9852,229.219,2,0
858,368.345,162.987,2,0
859,279.231,213.797,2,0
860,362.375,103.077,2,0
861,83.3687,229.985,2,0
862,12.4657,55.5988,2,0
863,497.137,283.675,2,0
864,572.11,291.441,2,0
865,23.4928,260.539,2,0
866,300.884,287.862,2,0
867,329.92,171.348,2,0
868,526.4,197.851,2,0
869,75.2842,270.664,2,0
870,90.1148,70.1086,2,0
871,148.956,154.967,2,0
872,457.106,198.53,2,0
873,427.554,243.302,2,0
874,452.169,183.54,2,0
875,142.337,6.04486,2,0
876,506.466,288.279,2,0
877,224.799,271.519,2,0
878,19.8128,56.0262,2,0
879,139.045,53.8392,2,0
880,361.128,235.912,2,0
881,330.969,110.119,2,0
882,388.928,117.157,2,0
883,340.389,99.2834,2,0
884,399.978,273.285,2,0
885,516.331,151.909,2,0
886,455.375,177.074,2,0
887,276.05,154.666,2,0
888,561.628,247.434,2,0
889,262.081,207.195,2,0
890,104.353,182.521,2,0
891,43.0023,244.47,2,0
892,173.32,50.1143,2,0
893,485.205,196.653,2,0
894,193.819,172.397,2,0
895,401.09,201.421,2,0
896,393.923,246.941,2,0
897,476.042,32.3551,2,0
898,175.486,172.724,2,0
899,312.175,18.5468,2,0
900,348.535,49.7572,2,0
901,518.743,78.6291,2,0
902,290.15,247.554,2,0
903,171.786,164.225,2,0
904,577.02,13.3264,2,0
905,586.062,246.615,2,0
906,21.3925,134.985,2,0
907,232.608,6.06045,2,0
908,527.304,127.439,2,0
909,210.052,181.511,2,0
910,487.505,87.8083,2,0
911,547.65,115.564,2,0
912,305.683,126.908,2,0
913,454.22,108.433,2,0
914,514.562,243.834,2,0
915,8.55757,288.701,2,0
916,217.363,266.49,2,0
917,124.185,189.761,2,0
918,19.4883,41.1776,2,0
919,52.7688,123.388,2,0
920,506.979,67.7174,2,0
921,219.612,212.876,2,0
922,10.1755,242.548,2,0
923,292.158,221.623,2,0
924,6.81017,136.534,2,0
925,134.771,258.942,2,0
926,153.625,64.341,2,0
927,487.326,20.9709,2,0
928,477.251,177.216,2,0
929,147.665,270.169,2,0
930,425.009,231.517,2,0
931,361.935,111.914,2,0
932,563.506,72.1593,2,0
933,112.108,26.8193,2,0
934,326.806,178.557,2,0
935,432.39,30.6092,2,0
936,15.3968,255.339,2,0
937,122.989,151.769,2,0
938,435.558,143.052,2,0
939,169.702,54.8904,2,0
940,231.328,19.8392,2,0
941,587.214,139.915,2,0
942,101.254,232.532,2,0
943,101.281,264.748,2,0
944,487.13,219.835,2,0
945,56.5319,196.125,2,0
946,390.425,25.4025,2,0
947,69.6158,63.8678,2,0
948,434.398,69.8847,2,0
949,175.026,202.372,2,0
950,374.571,272.096,2,0
951,174.054,265.045,2,0
952,436.334,179.359,2,0
953,443.627,33.781,2,0
954,473.005,193.365,2,0
955,586.409,221.71,2,0
956,501.552,171.35,2,0
957,384.25,65.7924,2,0
958,238.051,251.379,2,0
959,592.734,11.9741,2,0
960,309.217,21.8001,2,0
961,198.064,82.9226,2,0
962,96.1788,279.712,2,0
963,106.185,291.125,2,0
964,466.418,234.241,2,0
965,3.40635,55.7165,2,0
966,308.083,151.728,2,0
967,266.289,56.609,2,0
968,257.732,265.031,2,0
969,34.1391,141.087,2,0
970,408.522,83.7331,2,0
971,174.869,64.9508,2,0
972,324.662,155.391,2,0
973,584.422,53.8457,2,0
974,287.22,116.218,2,0
975,172.997,210.479,2,0
976,275.254,169.803,2,0
977,521.476,286.979,2,0
978,395.196,102.046,2,0
979,538.616,179.568,2,0
980,476.782,38.2963,2,0
981,212.89,71.9977,2,0
982,555.502,188.309,2,0
983,361.351,62.133,2,0
984,561.494,130.984,2,0
985,567.503,54.0481,2,0
986,432.659,293.04,2,0
987,570.63,218.133,2,0
988,549.21,181.378,2,0
989,130.421,290.482,2,0
990,515.787,250.214,2,0
991,383.767,288.129,2,0
992,571.183,234.127,2,0
993,359.014,58.884,2,0
994,220.285,230.814,2,0
995,544.909,31.253,2,0
996,121.901,107.037,2,0
997,129.774,22.0434,2,0
998,245.854,223.851,2,0
999,506.325,103.6,2,0
1000,462.126,107.097,2,0
1001,210.555,65.9266,2,0
1002,347.138,258.588,2,0
1003,368.821,93.1698,2,0
1004,422.953,61.7709,2,0
1005,221.083,277.433,2,0
1006,209.86,25.4216,2,0
1007,477.224,147.823,2,0
1008,421.324,297.937,2,0
1009,268.097,40.4383,2,0
1010,419.391,170.455,2,0
1011,478.938,13.3991,2,0
1012,41.2209,165.527,2,0
1013,589.522,132.009,2,0
1014,339.845,218.174,2,0
1015,76.3431,192.324,2,0
1016,239.643,150.282,2,0
1017,540.829,243.894,2,0
1018,355.65,126.877,2,0
1019,454.973,208.042,2,0
1020,207.149,43.448,2,0
1021,153.66,139.966,2,0
1022,306.712,206.52,2,0
1023,360.333,9.52633,2,0
1024,274.121,289.541,2,0
1025,151.276,174.561,2,0
1026,130.101,194.953,2,0
1027,247.347,9.55172,2,0
1028,335.082,61.5721,2,0
1029,285.097,142.659,2,0
1030,466.881,226.591,2,0
1031,412.928,60.1899,2,0
1032,320.091,104.313,2,0
1033,253.059,110.185,2,0
1034,428.543,293.989,2,0
1035,267.93,48.2815,2,0
1036,534.885,271.186,2,0
1037,388.062,103.611,2,0
1038,61.1598,75.8477,2,0
1039,321.511,62.6986,2,0
1040,223.175,2,2,0
1041,365.994,123.227,2,0
1042,424.961,11.599,2,0
1043,173.433,277.466,2,0
1044,451.501,115.243,2,0
1045,264.336,151.162,2,0
1046,372.55,99.0919,2,0
1047,327.486,298,2,0
1048,268.554,193.272,2,0
1049,458.57,110.968,2,0
1050,479.746,143.179,2,0
1051,221.047,21.457,2,0
1052,234.824,125.429,2,0
1053,17.9596,44.9391,2,0
1054,174.086,124.862,2,0
1055,145.101,250.125,2,0
1056,578.169,156.865,2,0
1057,424.464,137.87,2,0
1058,69.2809,52.29,2,0
1059,73.9135,145.642,2,0
1060,504.666,202.522,2,0
1061,36.3525,221.944,2,0
1062,222.64,25.295,2,0
1063,218.961,134.86,2,0
1064,169.596,8.35029,2,0
1065,136.032,158.465,2,0
1066,289.237,163.509,2,0
1067,241.008,256.317,2,0
1068,122.513,75.9759,2,0
1069,59.8123,130.322,2,0
1070,29.4962,254.248,2,0
1071,534.092,21.06,2,0
1072,434.211,139.249,2,0
1073,581.376,19.9702,2,0
1074,368.803,97.439,2,0
1075,561.797,9.93848,2,0
1076,179.065,52.038,2,0
1077,581.799,83.3913,2,0
1078,418.039,107.767,2,0
1079,396.571,184.925,2,0
1080,78.5837,210.911,2,0
1081,143.941,201.164,2,0
1082,25.104,42.6074,2,0
1083,532.512,274.694,2,0
1084,529.774,82.5465,2,0
1085,459.151,170.803,2,0
1086,62.1735,103.335,2,0
1087,47.957,226.515,2,0
1088,337.436,189.68,2,0
1089,382.126,294.649,2,0
1090,121.599,285.538,2,0
1091,509.893,26.2531,2,0
1092,208.344,173.588,2,0
1093,558.314,12.2707,2,0
1094,396.694,177.041,2,0
1095,378.495,2,2,0
1096,332.298,275.499,2,0
1097,585.642,96.523,2,0
1098,329.746,94.1942,2,0
1099,187.884,61.7226,2,0
1100,482.097,105.983,2,0
1101,317.114,110.286,2,0
1102,191.626,263.819,2,0
1103,266.288,144.523,2,0
1104,331.089,85.3348,2,0
1105,80.3869,157.271,2,0
1106,420.181,70.1319,2,0
1107,375.233,11.409,2,0
1108,417.216,11.7524,2,0
1109,116.974,216.03,2,0
1110,271.306,54.223,2,0
1111,245.413,83.8037,2,0
1112,202.326,7.7772,2,0
1113,251.593,39.2724,2,0
1114,282.983,124.686,2,0
1115,348.049,55.5881,2,0
1116,546.611,142.228,2,0
1117,54.9885,215.862,2,0
1118,38.4677,116.159,2,0
1119,365.183,127.171,2,0
1120,575.058,102.179,2,0
1121,231.32,240.351,2,0
1122,399.953,42.4704,2,0
1123,383.61,177.619,2,0
1124,577.168,35.9983,2,0
1125,208.565,279.226,2,0
1126,541.854,12.2014,2,0
1127,150.93,238.721,2,0
1128,563.815,43.3304,2,0
1129,293.009,69.2764,2,0
1130,240.826,286.821,2,0
1131,472.754,203.911,2,0
1132,580.444,91.0393,2,0
1133,12.483,2,2,0
1134,377.644,60.8876,2,0
1135,312.344,247.887,2,0
1136,239.422,202.215,2,0
1137,224.49,191.267,2,0
1138,553.813,257.26,2,0
1139,535.918,279.588,2,0
1140,542.317,288.463,2,0
1141,396.792,150.005,2,0
1142,215.986,14.2786,2,0
1143,364.95,138.604,2,0
1144,60.2512,134.349,2,0
1145,64.0803,271.776,2,0
1146,415.442,270.404,2,0
1147,427.557,265.351,2,0
1148,322.403,66.6644,2,0
1149,433.311,13.5244,2,0
1150,575.384,117.76,2,0
1151,312.391,183.675,2,0
1152,570.536,201.503,2,0
1153,531.479,160.669,2,0
1154,113.692,161.769,2,0
1155,308.052,210.382,2,0
1156,524.142,59.3668,2,0
1157,346.047,109.857,2,0
1158,346.33,45.59,2,0
1159,287.061,50.4803,2,0
1160,64.831,259.823,2,0
1161,116.312,145.57,2,0
1162,125.03,240.832,2,0
1163,402.291,26.8635,2,0
1164,346.652,30.838,2,0
1165,142.868,141.758,2,0
1166,481.357,235.417,2,0
1167,351.325,68.475,2,0
1168,439.699,33.0007,2,0
1169,293.293,12.1957,2,0
1170,244.363,258.74,2,0
1171,85.2048,255.382,2,0
1172,38.672,6.07796,2,0
1173,201.241,37.9735,2,0
1174,476.158,69.1325,2,0
1175,394.662,195.022,2,0
1176,256.675,272.024,2,0
1177,571.29,2,2,0
1178,61.1919,25.5691,2,0
1179,8.28635,19.7152,2,0
1180,590.287,115.1,2,0
1181,220.76,253.395,2,0
1182,24.2852,152.019,2,0
1183,281.96,145.45,2,0
1184,126.505,181.783,2,0
1185,42.4879,68.9333,2,0
1186,213.602,107.061,2,0
1187,548.611,284.283,2,0
1188,507.907,3.25204,2,0
1189,427.045,180.31,2,0
1190,272.355,15.2642,2,0
1191,458.116,106.94,2,0
1192,4.322,224.48,2,0
1193,305.019,149.129,2,0
1194,346.728,104.214,2,0
1195,198.253,11.6336,2,0
1196,542.843,79.2053,2,0
1197,357.65,70.4611,2,0
1198,583.399,285.804,2,0
1199,409.756,152.716,2,0
1200,52.7738,171.968,2,0
1201,116.274,264.968,2,0
1202,397.219,198.108,2,0
1203,282.431,149.518,2,0
1204,583.019,77.4354,2,0
1205,405.65,152.628,2,0
1206,268.367,262.562,2,0
1207,159.069,240.042,2,0
1208,558.997,264.119,2,0
1209,412.237,174.145,2,0
1210,264.666,140.864,2,0
1211,216.752,173.021,2,0
1212,136.899,264.849,2,0
1213,405.729,190.286,2,0
1214,335.972,219.523,2,0
1215,90.7518,240.239,2,0
1216,279.003,119.591,2,0
1217,551.603,243.75,2,0
1218,540.388,32.4378,2,0
1219,45.6886,241.351,2,0
1220,181.896,261.825,2,0
1221,259.648,85.3342,2,0
1222,156.325,208.242,2,0
1223,574.623,253.544,2,0
1224,252.299,271.184,2,0
1225,567.37,70.8458,2,0
1226,79.127,133.625,2,0
1227,346.219,133.533,2,0
1228,440.738,199.12,2,0
1229,296.871,209.489,2,0
1230,314.145,218.183,2,0
1231,100.844,240.878,2,0
1232,472.154,68.9128,2,0
1233,208.294,77.362,2,0
1234,332.733,149.482,2,0
1235,584.404,62.3966,2,0
1236,199.234,267.081,2,0
1237,446.287,204.703,2,0
1238,520.287,269.452,2,0
1239,422.48,267.771,2,0
1240,182.837,160.925,2,0
1241,336.127,141.648,2,0
1242,350.118,296.344,2,0
1243,196.355,68.4978,2,0
1244,283.27,244.72,2,0
1245,283.843,181.873,2,0
1246,444.163,224.608,2,0
1247,156.74,98.1282,2,0
1248,472.388,116.595,2,0
1249,39.5379,44.4746,2,0
1250,132.43,156.545,2,0
1251,272.086,98.0132,2,0
1252,384.229,78.9262,2,0
1253,459.287,283.337,2,0
1254,2.1154,182.032,2,0
1255,194.067,260.309,2,0
1256,270.42,76.6415,2,0
1257,540.189,130.616,2,0
1258,162.708,175.7,2,0
1259,222.235,101.439,2,0
1260,589.049,17.117,2,0
1261,162.548,68.0982,2,0
1262,51.3555,134.51,2,0
1263,171.037,233.401,2,0
1264,116.073,46.4565,2,0
1265,351.515,209.801,2,0
1266,155.627,22.3106,2,0
1267,73.0819,96.0932,2,0
1268,476.727,276.137,2,0
1269,81.8096,124.548,2,0
1270,377.15,209.635,2,0
1271,29.9761,250.242,2,0
1272,66.1176,65.9632,2,0
1273,83.3739,147.502,2,0
1274,128.228,93.6507,2,0
1275,288.419,25.3827,2,0
1276,13.8538,44.9543,2,0
1277,131.564,272.733,2,0
1278,132.713,62.1127,2,0
1279,109.716,147.232,2,0
1280,487.63,298,2,0
1281,539.233,120.89,2,0
1282,184.111,36.6241,2,0
1283,143.005,131.377,2,0
1284,299.501,156.283,2,0
1285,285.166,57.2641,2,0
1286,451.921,179.349,2,0
1287,225.726,99.444,2,0
1288,482.474,73.2793,2,0
1289,110.524,100.695,2,0
1290,436.8,146.919,2,0
1291,48.3355,23.7745,2,0
1292,176.535,10.3064,2,0
1293,237.205,212.257,2,0
1294,501.574,167.3,2,0
1295,271.032,225.143,2,0
1296,450.762,83.0463,2,0
1297,271.404,162.646,2,0
1298,376.679,110.485,2,0
1299,581.823,94.9241,2,0
1300,68.2286,294.075,2,0
1301,498.023,133.791,2,0
1302,257.1,21.5912,2,0
1303,24.9481,167.961,2,0
1304,230.881,110.395,2,0
1305,168.796,211.919,2,0
1306,361.144,173.592,2,0
1307,430.932,179.261,2,0
1308,113.317,150.624,2,0
1309,553.448,0.671587,2,0
1310,376.907,166.266,2,0
1311,335.844,120.127,2,0
1312,247.694,212.767,2,0
1313,342.541,95.6623,2,0
1314,369.636,70.5098,2,0
1315,112.913,115.488,2,0
1316,474.486,51.5455,2,0
1317,471.05,266.292,2,0
1318,343.547,91.6419,2,0
1319,420.791,231.03,2,0
1320,346.628,78.3965,2,0
1321,509.07,294.097,2,0
1322,471.418,169.298,2,0
1323,340.207,284.223,2,0
1324,482.971,260.029,2,0
1325,492.154,128.819,2,0
1326,57.8755,56.3956,2,0
1327,281.068,56.4309,2,0
1328,267.002,92.2107,2,0
1329,43.809,94.1635,2,0
1330,133.147,41.8663,2,0
1331,568.237,107.456,2,0
1332,184.492,164.594,2,0
1333,321.493,108.259,2,0
1334,318.391,241.506,2,0
1335,356.478,166.042,2,0
1336,143.461,236.479,2,0
1337,370.913,212.024,2,0
1338,351.999,64.522,2,0
1339,289.855,93.4915,2,0
1340,421.96,118.16,2,0
1341,50.6339,262.531,2,0
1342,125.472,142.038,2,0
1343,421.357,256.455,2,0
1344,325.461,223.285,2,0
1345,174.924,80.5558,2,0
1346,426.44,134.273,2,0
1347,478.921,192.049,2,0
1348,403.135,12.571,2,0
1349,138.977,287.651,2,0
1350,510.441,77.4051,2,0
1351,288.228,40.5985,2,0
1352,281.536,241.034,2,0
1353,89.7488,298,2,0
1354,480.095,117.324,2,0
1355,275.19,124.826,2,0
1356,484.501,23.8073,2,0
1357,589.997,247.783,2,0
1358,343.056,87.0273,2,0
1359,286.242,168.691,2,0
1360,213.698,230.139,2,0
1361,287.729,201.777,2,0
1362,204.297,228.527,2,0
1363,65.3533,244.171,2,0
1364,223.52,96.1007,2,0
1365,28.8225,175.082,2,0
1366,433.704,213.554,2,0
1367,139.58,85.6503,2,0
1368,206.29,271.475,2,0
1369,593.093,240.569,2,0
1370,294.79,214.268,2,0
1371,181.593,275.008,2,0
1372,146.02,290.899,2,0
1373,63.8093,192.846,2,0
1374,46.4618,141.963,2,0
1375,140.571,251.85,2,0
1376,399.005,265.574,2,0
1377,552.635,33.0683,2,0
1378,22.4788,11.9303,2,0
1379,296.68,150.307,2,0
1380,403.713,37.392,2,0
1381,171.695,214.71,2,0
1382,494.132,136.661,2,0
1383,132.499,92.2778,2,0
1384,0.209814,232.982,2,0
1385,89.2688,163.182,2,0
1386,152.885,287.238,2,0
1387,478.503,95.5862,2,0
1388,474.848,42.5179,2,0
1389,86.1569,282.465,2,0
1390,574.241,33.225,2,0
1391,164.964,264.146,2,0
1392,9.95555,177.747,2,0
1393,132.994,228.429,2,0
1394,377.908,103.828,2,0
1395,318.887,87.9977,2,0
1396,34.8856,88.2474,2,0
1397,244.115,12.3744,2,0
1398,294.598,176.378,2,0
1399,150.029,290.235,2,0
1400,281.172,163.957,2,0
1401,36.7365,31.0591,2,0
1402,91.8784,110.756,2,0
1403,255.398,157.269,2,0
1404,168.285,222.436,2,0
1405,207.428,92.4498,2,0
1406,276.241,293.516,2,0
1407,439.147,86.2755,2,0
1408,353.413,246.207,2,0
1409,131.28,50.1522,2,0
1410,584.712,136.451,2,0
1411,118.057,278.924,2,0
1412,545.931,135.495,2,0
1413,441.245,89.7776,2,0
1414,531.244,2.46204,2,0
1415,20.6993,88.9784,2,0
1416,294.976,113.647,2,0
1417,423.815,76.4634,2,0
1418,423.704,263.898,2,0
1419,273.333,282.381,2,0
1420,185.578,179.502,2,0
1421,295.11,124.256,2,0
1422,446.595,83.3672,2,0
1423,207.197,8.19377,2,0
1424,412.363,86.9407,2,0
1425,323.428,42.5054,2,0
1426,211.731,263.406,2,0
1427,578.967,64.3989,2,0
1428,445.271,208.64,2,0
1429,536.311,290.72,2,0
1430,113.999,92.4988,2,0
1431,52.6471,194.976,2,0
1432,32.002,152.003,2,0
1433,237.223,29.9179,2,0
1434,54.9733,132.414,2,0
1435,367.256,213.694,2,0
1436,73.7541,178.56,2,0
1437,151.393,149.3,2,0
1438,521.277,229.198,2,0
1439,117.581,286.555,2,0
1440,120.337,173.395,2,0
1441,291.034,263.506,2,0
1442,309.722,126.998,2,0
1443,145.402,49.7234,2,0
1444,99.0375,49.0242,2,0
1445,61.9398,246.311,2,0
1446,282.241,167.85,2,0
1447,181.05,223.08,2,0
1448,249.637,83.2034,2,0
1449,516.824,267.406,2,0
1450,235.517,208.567,2,0
1451,41.1816,204.83,2,0
1452,509.077,42.8289,2,0
1453,173.95,109.618,2,0
1454,360.027,224.064,2,0
1455,263.124,245.462,2,0
1456,157.562,42.2381,2,0
1457,96.8644,41.2129,2,0
1458,31.9305,128.227,2,0
1459,417.381,50.2719,2,0
1460,522.796,79.0998,2,0
1461,330.779,220.04,2,0
1462,107.75,74.296,2,0
1463,169.053,207.86,2,0
1464,173.538,7.51814,2,0
1465,37.1813,58.6377,2,0
1466,435.665,128.772,2,0
1467,105.442,154.786,2,0
1468,385.403,138.65,2,0
1469,97.3738,52.8953,2,0
1470,280.967,205.335,2,0
1471,439.948,172.204,2,0
1472,543.559,36.0513,2,0
1473,533.006,118.757,2,0
1474,85.9034,78.5816,2,0
1475,133.625,7.85242,2,0
1476,111.775,4.00478,2,0
1477,216.879,38.9624,2,0
1478,45.95,5.76507,2,0
1479,567.758,151.386,2,0
1480,96.2229,128.316,2,0
1481,478.55,65.535,2,0
1482,327.674,116.388,2,0
1483,88.112,248.119,2,0
1484,543.604,2,2,0
1485,302.279,114.387,2,0
1486,552.837,281.595,2,0
1487,516.043,145.978,2,0
1488,41.4567,180.435,2,0
1489,429.569,281.439,2,0
1490,81.3182,137.101,2,0
1491,307.889,167.013,2,0
1492,221.253,188.779,2,0
1493,288.053,150.149,2,0
1494,242.512,75.2532,2,0
1495,321.296,289.083,2,0
1496,506.045,94.1495,2,0
1497,166.809,130.869,2,0
1498,243.003,91.6665,2,0
1499,462.865,183.403,2,0
1500,508.197,38.9022,2,0
1501,258.441,89.2927,2,0
1502,365.405,100.377,2,0
1503,152.354,273.115,2,0
1504,507.356,157.237,2,0
1505,287.205,243.869,2,0
1506,248.075,22.1995,2,0
1507,295.583,83.5853,2,0
1508,578.3,17.1258,2,0
1509,73.5137,204.982,2,0
1510,171.851,34.5685,2,0
1511,560.213,145.895,2,0
1512,306.577,196.125,2,0
1513,113.517,257.563,2,0
1514,68.8529,3.79561,2,0
1515,199.316,205.76,2,0
1516,337.51,224.389,2,0
1517,64.1508,176.081,2,0
1518,302.259,241.918,2,0
1519,61.8181,262.807,2,0
1520,129.265,102.834,2,0
1521,503.744,230.584,2,0
1522,400.461,171.721,2,0
1523,84.0052,151.479,2,0
1524,244.31,237.622,2,0
1525,84.6032,139.504,2,0
1526,576.773,60.3497,2,0
1527,46.6167,262.157,2,0
1528,320.874,212.884,2,0
1529,49.2653,159.665,2,0
1530,211.632,185.589,2,0
1531,412.285,24.3797,2,0
1532,320.641,112.241,2,0
1533,452.835,57.0962,2,0
1534,501.618,214.858,2,0
1535,8.46726,54.5983,2,0
1536,468.386,93.1324,2,0
1537,168.165,254.267,2,0
1538,316.128,114.216,2,0
1539,170.646,250.926,2,0
1540,532.251,87.0421,2,0
1541,161.654,43.1522,2,0
1542,553.953,93.8144,2,0
1543,335.862,89.5541,2,0
1544,204.856,27.8141,2,0
1545,56.2058,31.2952,2,0
1546,599.851,211.484,2,0
1547,322.006,140.56,2,0
1548,260.046,158.885,2,0
1549,503.723,130.315,2,0
1550,30.4949,113.129,2,0
1551,528.489,265.301,2,0
1552,349.968,261.593,2,0
1553,419.288,286.777,2,0
1554,119.702,157.961,2,0
1555,153.809,211.605,2,0
1556,470.498,49.1348,2,0
1557,295.623,271.51,2,0
1558,398.062,235.839,2,0
1559,277.62,162.005,2,0
1560,404.824,199.528,2,0
1561,371.539,274.963,2,0
1562,524,10.0218,2,0
1563,77.7932,35.4871,2,0
1564,62.222,172.512,2,0
1565,556.844,228.911,2,0
1566,38.4312,156.813,2,0
1567,122.569,176.896,2,0
1568,575.311,9.64963,2,0
1569,175.736,221.309,2,0
1570,137.602,108.29,2,0
1571,566.823,33.764,2,0
1572,550.042,297.261,2,0
1573,374.402,85.8532,2,0
1574,550.794,199.525,2,0
1575,22.9514,16.0679,2,0
1576,458.043,162.48,2,0
1577,413.54,31.923,2,0
1578,540.03,101.116,2,0
1579,415.104,226.348,2,0
1580,466.813,66.7172,2,0
1581,431.679,252.077,2,0
1582,371.747,215.974,2,0
1583,564.19,219.688,2,0
1584,286.263,76.8047,2,0
1585,266.216,284.139,2,0
1586,282.73,26.2204,2,0
1587,203.915,299.054,2,0
1588,8.33434,223.947,2,0
1589,234.333,298,2,0
1590,453.011,220.623,2,0
1591,114.482,11.425,2,0
1592,172.006,23.8154,2,0
1593,160.107,256.75,2,0
1594,581.392,105.839,2,0
1595,438.775,59.2136,2,0
1596,443.615,117.53,2,0
1597,252.522,89.0976,2,0
1598,76.8836,275.73,2,0
1599,419.246,19.5932,2,0
1600,503.632,23.4679,2,0
1601,149.68,118.035,2,0
1602,164.237,171.879,2,0
1603,158.112,110.117,2,0
1604,416.909,80.2085,2,0
1605,551.453,158.493,2,0
1606,245.653,5.92433,2,0
1607,255.707,212.343,2,0
1608,594.195,114.179,2,0
1609,87.0352,167.283,2,0
1610,138.735,259.76,2,0
1611,589.458,287.93,2,0
1612,487.892,119.383,2,0
1613,165.119,206.781,2,0
1614,5.28034,258.536,2,0
1615,396.769,50.1153,2,0
1616,377.803,186.916,2,0
1617,0.893898,274.826,2,0
1618,430.038,64.7197,2,0
1619,406.545,263.955,2,0
1620,388.576,113.054,2,0
1621,170.422,143.211,2,0
1622,244.095,155.259,2,0
1623,66.1455,198.012,2,0
1624,170.219,132.976,2,0
1625,373.352,65.9818,2,0
1626,312.309,42.2186,2,0
1627,526.861,79.5649,2,0
1628,496.106,31.8396,2,0
1629,389.953,281.178,2,0
1630,272.102,43.3021,2,0
1631,146.885,130.318,2,0
1632,259.798,115.379,2,0
1633,545.957,153.742,2,0
1634,304.427,250.897,2,0
1635,319.754,183.261,2,0
1636,51.39,2.2658,2,0
1637,37.2297,204.056,2,0
1638,446.936,36.3036,2,0
1639,120.301,117.234,2,0
1640,75.8728,72.7391,2,0
1641,7.9228,117.463,2,0
1642,408.173,257.348,2,0
1643,121.003,258.457,2,0
1644,169.907,127.989,2,0
1645,448.302,177.604,2,0
1646,113.998,241.174,2,0
1647,354.548,170.309,2,0
1648,283.325,171.959,2,0
1649,110.475,118.717,2,0
1650,563.333,269.811,2,0
1651,385.986,209.721,2,0
1652,206.594,293.425,2,0
1653,172.054,121.272,2,0
1654,434.884,18.0712,2,0
1655,371.875,199.392,2,0
1656,505.247,17.7337,2,0
1657,19.5414,231.539,2,0
1658,423.217,227.623,2,0
1659,471.972,32.017,2,0
1660,554.2,17.0916,2,0
1661,317.75,197.634,2,0
1662,542.456,240.181,2,0
1663,591.356,163.097,2,0
1664,477.232,264.02,2,0
1665,290.622,9.19935,2,0
1666,417.074,87.6843,2,0
1667,429.328,80.0143,2,0
1668,81.9797,28.2785,2,0
1669,279.429,178.103,2,0
1670,415.895,22.0037,2,0
1671,79.7326,270.4,2,0
1672,9.55033,162.098,2,0
1673,234.411,83.4931,2,0
1674,584.164,268.023,2,0
1675,466.54,83.3819,2,0
1676,514.233,103.025,2,0
1677,333.103,226.906,2,0
1678,18.1229,132.601,2,0
1679,376.669,243.588,2,0
1680,75.2391,221.637,2,0
1681,286.41,249.368,2,0
1682,251.529,54.0632,2,0
1683,28.96,65.2441,2,0
1684,115.128,268.86,2,0
1685,351.784,16.8844,2,0
1686,552.18,140.457,2,0
1687,520.413,65.9865,2,0
1688,167.274,113.24,2,0
1689,275.829,38.1846,2,0
1690,273.047,61.4995,2,0
1691,197.327,157.984,2,0
1692,44.0773,25.1447,2,0
1693,64.3749,125.184,2,0
1694,33.7768,206.247,2,0
1695,308.009,294.967,2,0
1696,14.4847,11.1624,2,0
1697,485.237,236.676,2,0
1698,535.018,43.2714,2,0
1699,67.5869,168.95,2,0
1700,365.198,268.107,2,0
1701,330.45,7.60996,2,0
1702,352.282,189.279,2,0
1703,36.3084,23.0705,2,0
1704,159.25,171.766,2,0
1705,254.584,74.6875,2,0
1706,382.58,49.0327,2,0
1707,73.4163,171.571,2,0
1708,572.958,263.981,2,0
1709,441.755,210.793,2,0
1710,316.578,254.918,2,0
1711,420.887,32.7551,2,0
1712,10.0233,231.529,2,0
1713,158.143,220.244,2,0
1714,182.487,242.126,2,0
1715,326.475,147.154,2,0
1716,232.049,205.659,2,0
1717,249.622,4.96255,2,0
1718,275.66,200.304,2,0
1719,513.216,33.0757,2,0
1720,191.398,221.942,2,0
1721,457.571,97.9202,2,0
1722,280.361,98.5677,2,0
1723,123.183,126.941,2,0
1724,208.927,73.2693,2,0
1725,277.926,107.862,2,0
1726,41.8478,216.991,2,0
1727,413.285,49.98,2,0
1728,155.28,127.262,2,0
1729,450.38,33.9184,2,0
1730,298.946,116.606,2,0
1731,94.6587,45.7364,2,0
1732,36.7585,173.107,2,0
1733,148.241,78.5542,2,0
1734,359.519,98.7781,2,0
1735,297.207,188.123,2,0
1736,75.63,121.017,2,0
1737,38.7959,2,2,0
1738,336.83,49.5335,2,0
1739,87.5499,194.539,2,0
1740,126.921,81.6818,2,0
1741,49.6773,230.175,2,0
1742,253.953,192.815,2,0
1743,69.1074,217.283,2,0
1744,279.144,35.7097,2,0
1745,44.2188,202.054,2,0
1746,210.35,165.896,2,0
1747,283.416,186.941,2,0
1748,254.633,163.909,2,0
1749,458.429,220.669,2,0
1750,333.585,93.0032,2,0
1751,572.887,163.061,2,0
1752,289.644,259.657,2,0
1753,489.14,43.3812,2,0
1754,209.9,269.488,2,0
1755,140.778,239.627,2,0
1756,11.662,167.814,2,0
1757,531.939,279.175,2,0
1758,27.1688,163.136,2,0
1759,132.233,127.32,2,0
1760,524.131,84.6765,2,0
1761,221.029,268.341,2,0
1762,480.765,38.9736,2,0
1763,24.3391,90.9073,2,0
1764,183.801,106.86,2,0
1765,438.572,123.525,2,0
1766,257.123,150.37,2,0
1767,357.137,226.843,2,0
1768,110.98,30.6606,2,0
1769,380.557,71.084,2,0
1770,249.358,128.156,2,0
1771,107.698,97.5469,2,0
1772,4.13229,164.02,2,0
1773,179.647,158.254,2,0
1774,208.492,59.2555,2,0
1775,413.699,246.939,2,0
1776,294.842,57.8812,2,0
1777,549.951,17.0401,2,0
1778,387.69,245.11,2,0
1779,208.996,151.527,2,0
1780,125.77,236.897,2,0
1781,55.4774,98.1855,2,0
1782,537.692,246.7,2,0
1783,417.483,30.5481,2,0
1784,465.861,166.437,2,0
1785,202.281,74.4518,2,0
1786,193.687,151.179,2,0
1787,319.303,216.622,2,0
1788,75.6518,286.842,2,0
1789,79.9569,128.215,2,0
1790,29.3253,131.579,2,0
1791,115.47,180.92,2,0
1792,271,197.014,2,0
1793,335.575,289.649,2,0
1794,148.92,106.738,2,0
1795,62.6064,199.98,2,0
1796,151.244,188.028,2,0
1797,25.4294,95.7616,2,0
1798,530.831,144.217,2,0
1799,59.7393,106.511,2,0
1800,54.4991,5.22713,2,0
1801,385.964,281.739,2,0
1802,305.003,216.417,2,0
1803,348.398,94.7123,2,0
1804,234.007,237.144,2,0
1805,283.113,136.775,2,0
1806,352.757,174.04,2,0
1807,56.8955,209.231,2,0
1808,51.6434,70.7004,2,0
1809,570.447,47.6103,2,0
1810,171.338,139.264,2,0
1811,453.976,231.646,2,0
1812,410.76,28.4634,2,0
1813,312.511,67.1629,2,0
1814,60.0312,90.0918,2,0
1815,391.928,197.942,2,0
1816,410.722,36.6216,2,0
1817,85.6549,251.346,2,0
1818,226.967,51.708,2,0
1819,459.746,242.882,2,0
1820,77.4979,297.996,2,0
1821,476.82,158.776,2,0
1822,90.2906,105.693,2,0
1823,187.262,40.7459,2,0
1824,357.855,121.199,2,0
1825,480.507,243.828,2,0
1826,35.0547,230.522,2,0
1827,210.662,95.01,2,0
1828,321.5,199.678,2,0
1829,64.2967,17.5157,2,0
1830,171.304,113.604,2,0
1831,7.65145,144.521,2,0
1832,525.695,131.187,2,0
1833,558.077,57.7802,2,0
1834,106.765,127.96,2,0
1835,441.188,255.525,2,0
1836,540.422,96.2842,2,0
1837,14.2013,7.0341,2,0
1838,7.9362,91.8257,2,0
1839,226.32,160.41,2,0
1840,427.038,234.979,2,0
1841,362.155,211.137,2,0
1842,361.979,186.737,2,0
1843,504.032,235.826,2,0
1844,449.599,120.19,2,0
1845,156.133,161.525,2,0
1846,95.2948,144.699,2,0
1847,46.8552,256.538,2,0
1848,149.444,296.017,2,0
1849,153.921,18.3775,2,0
1850,489.657,156.839,2,0
1851,463.59,2.46862,2,0
1852,362.838,294.008,2,0
1853,385.01,100.88,2,0
1854,32.402,137.288,2,0
1855,472.908,36.1251,2,0
1856,71.7417,78.2186,2,0
1857,9.83664,45.0038,2,0
1858,420.716,158.786,2,0
1859,112.792,56.1573,2,0
1860,250.646,58.0207,2,0
1861,329.646,46.165,2,0
1862,278.284,76.9486,2,0
1863,110.233,252.929,2,0
1864,470.659,18.9338,2,0
1865,539.915,298,2,0
1866,541.835,28.6254,2,0
1867,56.1687,165.067,2,0
1868,459.354,191.635,2,0
1869,124.056,212.044,2,0
1870,534.983,145.544,2,0
1871,434.818,296.992,2,0
1872,279.859,127.594,2,0
1873,160.11,105.398,2,0
1874,498.977,29.0282,2,0
1875,435.957,261.087,2,0
1876,564.335,50.5791,2,0
1877,112.478,157.872,2,0
1878,544.489,283.693,2,0
1879,316.41,40.7611,2,0
1880,468.97,97.1851,2,0
1881,173.995,145.331,2,0
1882,383.454,55.999,2,0
1883,150.968,277.16,2,0
1884,570.848,126.137,2,0
1885,438.521,92.7549,2,0
1886,154.202,152.206,2,0
1887,516.192,178.434,2,0
1888,273.196,214.807,2,0
1889,165.028,139.74,2,0
1890,228.792,292.54,2,0
1891,421.283,144.901,2,0
1892,439.188,217.832,2,0
1893,394.93,124.111,2,0
1894,553.275,67.4176,2,0
1895,85.9727,233.715,2,0
1896,126.031,6.08692,2,0
1897,137.313,31.1756,2,0
1898,94.2346,11.4155,2,0
1899,308.079,276.93,2,0
1900,490.397,122.552,2,0
1901,125.952,38.5402,2,0
1902,91.0552,182.622,2,0
1903,59.6267,202.883,2,0
1904,549.246,68.4754,2,0
1905,546.268,107.946,2,0
1906,259.699,177.525,2,0
1907,310.769,298,2,0
1908,451.01,93.8371,2,0
1909,437.054,209.936,2,0
1910,315.582,122.056,2,0
1911,580.243,173.526,2,0
1912,298.12,90.2044,2,0
1913,66.8615,163.808,2,0
1914,50.0766,274.454,2,0
1915,544.807,39.9797,2,0
1916,575.388,172.244,2,0
1917,401.486,286.839,2,0
1918,53.7966,277.932,2,0
1919,414.743,250.803,2,0
1920,333.428,4.6744,2,0
1921,15.0058,202.134,2,0
1922,203.013,287.05,2,0
1923,257.044,248.069,2,0
1924,136.699,58.147,2,0
1925,482.973,3.44499,2,0
1926,523.819,271.432,2,0
1927,140.961,95.0093,2,0
1928,565.633,298,2,0
1929,352.064,55.0536,2,0
1930,130.193,72.3944,2,0
1931,110.268,104.766,2,0
1932,388.466,216.291,2,0
1933,3.00457,13.7708,2,0
1934,396.632,253.228,2,0
1935,590.98,251.78,2,0
1936,276.452,131.846,2,0
1937,292.185,73.2839,2,0
1938,344.01,197.776,2,0
1939,247.423,29.9077,2,0
1940,341.612,201.032,2,0
1941,173.597,130.667,2,0
1942,375.116,53.1769,2,0
1943,479.647,211.657,2,0
1944,442.742,129.962,2,0
1945,367.731,230.291,2,0
1946,454.158,32.5351,2,0
1947,379.063,259.293,2,0
1948,10.621,9.54228,2,0
1949,348.547,247.528,2,0
1950,514.78,239.758,2,0
1951,403.294,279.237,2,0
1952,467.043,89.2369,2,0
1953,236.987,100.691,2,0
1954,455.928,91.1507,2,0
1955,338.151,207.297,2,0
1956,257.38,216.016,2,0
1957,161.736,56.5806,2,0
1958,465.195,230.359,2,0
1959,596.74,230.732,2,0
1960,392.716,151.783,2,0
1961,442.293,231.571,2,0
1962,179.495,171.525,2,0
1963,538.473,9.77469,2,0
1964,467.701,2,2,0
1965,444.095,166.886,2,0
1966,584.641,28.0694,2,0
1967,31.3709,2,2,0
1968,54.8289,255.049,2,0
1969,411.195,121.924,2,0
1970,367.21,45.8649,2,0
1971,305.972,83.0665,2,0
1972,58.3807,277.744,2,0
1973,22.5122,59.1629,2,0
1974,260.054,242.831,2,0
1975,150.814,267.627,2,0
1976,39.5843,233.203,2,0
1977,279.117,231.767,2,0
1978,139.416,46.4161,2,0
1979,376.298,216.57,2,0
1980,586.991,179.75,2,0
1981,129.531,243.273,2,0
1982,116.456,198.605,2,0
1983,107.16,41.7738,2,0
1984,120.395,145.327,2,0
1985,88.5601,113.015,2,0
1986,367.654,57.6306,2,0
1987,57.925,172.718,2,0
1988,132.929,30.2512,2,0
1989,273.274,138.975,2,0
1990,24.3142,24.2541,2,0
1991,478.7,78.8795,2,0
1992,572.257,122.27,2,0
1993,85.7074,2,2,0
1994,433.229,289.028,2,0
1995,511.297,98.1533,2,0
1996,363.43,84.901,2,0
1997,260.871,222.702,2,0
1998,243.988,209.504,2,0
1999,518.08,43.736,2,0
2000,232.029,45.4523,2,0
2001,598.98,220.136,2,0
2002,238.429,96.9468,2,0
2003,69.7643,178.259,2,0
2004,550.904,289.489,2,0
2005,433.453,204.914,2,0
2006,585.059,14.0847,2,0
2007,64.503,121.134,2,0
2008,410.417,269.315,2,0
2009,430.059,211.711,2,0
2010,361.208,268.992,2,0
2011,350.756,30.6731,2,0
2012,125.481,281.19,2,0
2013,575.629,2.7084,2,0
2014,316.385,129.222,2,0
2015,117.881,210.981,2,0
2016,167.914,165.749,2,0
2017,499.842,163.353,2,0
2018,578.407,195.56,2,0
2019,128.497,217.823,2,0
2020,266.32,73.6665,2,0
2021,451.09,159.953,2,0
2022,220.976,15.6702,2,0
2023,533.319,239.77,2,0
2024,336.693,151.787,2,0
2025,29.3491,34.9987,2,0
2026,443.715,73.6292,2,0
2027,185.183,289.586,2,0
2028,310.818,264.015,2,0
2029,291.436,5.25202,2,0
2030,64.6226,56.1845,2,0
2031,386.688,174.948,2,0
2032,220.332,28.6554,2,0
2033,2.09161,176.815,2,0
2034,447.017,160.779,2,0
2035,87.2667,294.28,2,0
2036,318.831,31.6032,2,0
2037,467.254,141.37,2,0
2038,93.1635,137.665,2,0
2039,235.928,15.2035,2,0
2040,22.0304,264.28,2,0
2041,379.809,190.419,2,0
2042,472.086,135.879,2,0
2043,49.9451,13.552,2,0
2044,136.862,23.3188,2,0
2045,57.4409,35.1392,2,0
2046,239.271,18.2151,2,0
2047,56.8799,2,2,0
2048,402.415,56.8215,2,0
2049,369.992,223.683,2,0
2050,309.293,39.4059,2,0
2051,587.386,254.057,2,0
2052,69.5871,155.234,2,0
2053,271.35,118.458,2,0
2054,484.802,265.937,2,0
2055,320.451,130.024,2,0
2056,296.426,263.746,2,0
2057,93.6611,297.003,2,0
2058,408.425,193.282,2,0
2059,77.7183,93.5482,2,0
2060,69.3687,265.641,2,0
2061,28.6806,179.264,2,0
2062,306.08,42.0899,2,0
2063,421.615,194.735,2,0
2064,343.794,181.87,2,0
2065,462.125,250.72,2,0
2066,32.9256,291.366,2,0
2067,90.5949,85.7438,2,0
2068,427.371,275.813,2,0
2069,75.3328,58.8926,2,0
2070,212.637,293.928,2,0
2071,346.275,7.38573,2,0
2072,157.275,227.579,2,0
2073,322.124,92.6934,2,0
2074,76.958,2,2,0
2075,205.129,39.3166,2,0
2076,52.2029,266.472,2,0
2077,455.754,181.273,2,0
2078,458.949,21.4562,2,0
2079,289.752,47.4108,2,0
2080,264.779,161.734,2,0
2081,421.465,260.561,2,0
2082,428.495,229.23,2,0
2083,489.187,209.958,2,0
2084,45.7785,54.4116,2,0
2085,71.6607,288.046,2,0
2086,138.938,131.795,2,0
2087,236.955,61.5633,2,0
2088,265.04,272.65,2,0
2089,467.649,130.258,2,0
2090,172.112,44.1724,2,0
2091,410.806,237.259,2,0
2092,577.864,221.873,2,0
2093,106.305,119.445,2,0
2094,203.28,139.501,2,0
2095,556.511,291.882,2,0
2096,392.738,241.899,2,0
2097,306.661,26.6125,2,0
2098,551.414,9.72423,2,0
2099,470.398,288.408,2,0
2100,382.857,40.3104,2,0
2101,252.649,249.882,2,0
2102,205.245,218.069,2,0
2103,42.5844,47.3396,2,0
2104,444.29,291.078,2,0
2105,580.003,130.865,2,0
2106,114.207,67.372,2,0
2107,495.62,106.604,2,0
2108,408.586,182.768,2,0
2109,210.996,193.807,2,0
2110,334.767,79.9228,2,0
2111,553.941,106.932,2,0
2112,508.872,56.0198,2,0
2113,427.949,250.359,2,0
2114,251.383,198.269,2,0
2115,418.188,267.332,2,0
2116,579.761,10.1282,2,0
2117,534.914,32.8981,2,0
2118,205.176,47.0504,2,0
2119,265.37,214.561,2,0
2120,512.776,175.005,2,0
2121,82.169,190.379,2,0
2122,81.829,262.873,2,0
2123,47.4548,156.046,2,0
2124,218.599,98.7668,2,0
2125,146.479,230.934,2,0
2126,546.018,22.3854,2,0
2127,288.395,288.512,2,0
2128,432.872,285.035,2,0
2129,49.5403,55.7851,2,0
2130,431.599,243.248,2,0
2131,427.858,115.761,2,0
2132,269.482,34.2774,2,0
2133,102.741,45.2941,2,0
2134,4.13018,82.0466,2,0
2135,46.5991,84.5552,2,0
2136,470.061,75.1126,2,0
2137,354.245,1.1378,2,0
2138,445.987,255.007,2,0
2139,200.066,254.949,2,0
2140,196.116,179.87,2,0
2141,348.008,82.952,2,0
2142,149.562,62.3026,2,0
2143,371.747,220.075,2,0
2144,593.611,283.893,2,0
2145,106.214,65.7462,2,0
2146,192.278,89.763,2,0
2147,419.681,290.785,2,0
2148,455.612,124.502,2,0
2149,137.142,50.217,2,0
2150,469.17,273.316,2,0
2151,41.6746,288.687,2,0
2152,434.675,153.696,2,0
2153,247.704,282.113,2,0
2154,576.046,153.257,2,0
2155,47.8737,112.383,2,0
2156,515.081,41.0057,2,0
2157,198.283,118.252,2,0
2158,543.769,176.164,2,0
2159,195.716,290.283,2,0
2160,339.307,185.996,2,0
2161,487.481,262.72,2,0
2162,463.47,129.55,2,0
2163,313.708,222.409,2,0
2164,519.867,185.947,2,0
2165,52.7886,209.285,2,0
2166,496.829,206.91,2,0
2167,352.585,110.09,2,0
2168,283.124,16.1433,2,0
2169,247.929,242.155,2,0
2170,126.858,150.537,2,0
2171,105.486,254.381,2,0
2172,161.127,293.41,2,0
2173,337.624,237.465,2,0
2174,590.23,62.6892,2,0
2175,391.924,284.747,2,0
2176,188.261,81.1413,2,0
2177,473.104,125.665,2,0
2178,87.854,149.885,2,0
2179,257.373,170.602,2,0
2180,234.109,250.17,2,0
2181,455.076,66.7071,2,0
2182,356.587,234.733,2,0
2183,497.072,246.873,2,0
2184,373.706,186.718,2,0
2185,557.75,96.567,2,0
2186,40.2372,23.8675,2,0
2187,206.918,88.4821,2,0
2188,378.183,170.467,2,0
2189,178.403,294.32,2,0
2190,474.898,107.602,2,0
2191,532.286,124.173,2,0
2192,361.167,165.679,2,0
2193,271.117,277.899,2,0
2194,449.423,59.3988,2,0
2195,388.291,121.525,2,0
2196,86.645,21.5009,2,0
2197,331.591,287.857,2,0
2198,378.911,290.22,2,0
2199,484.835,38.8289,2,0
2200,554.218,297.51,2,0
2201,39.5169,279.905,2,0
2202,117.373,150.009,2,0
2203,323.137,180.361,2,0
2204,422.782,87.1862,2,0
2205,136.62,221.502,2,0
2206,175.182,250.953,2,0
2207,46.1555,118.255,2,0
2208,446.954,280.723,2,0
2209,68.3843,241.54,2,0
2210,163.438,286.052,2,0
2211,220.34,243.602,2,0
2212,96.155,37.2708,2,0
2213,291.97,52.9077,2,0
2214,129.21,139.07,2,0
2215,19.1497,17.4419,2,0
2216,372.815,177.041,2,0
2217,196.168,175.774,2,0
2218,30.72,287.839,2,0
2219,167.007,283.986,2,0
2220,548.741,186.214,2,0
2221,48.6808,171.735,2,0
2222,219.983,127.105,2,0
2223,158.648,1.09207,2,0
2224,111.382,34.6613,2,0
2225,213.347,91.9058,2,0
2226,308.134,74.4912,2,0
2227,518.976,123.691,2,0
2228,35.1426,121.197,2,0
2229,504.411,154.288,2,0
2230,509.349,86.5876,2,0
2231,456.78,132.732,2,0
2232,104.743,57.4271,2,0
2233,131.955,68.6288,2,0
2234,526.108,223.55,2,0
2235,284.416,223.541,2,0
2236,120.224,121.816,2,0
2237,43.0691,130.883,2,0
2238,305.028,287.392,2,0
2239,86.6574,222.577,2,0
2240,177.538,101.052,2,0
2241,225.21,92.2635,2,0
2242,455.505,172.899,2,0
2243,219.489,197.726,2,0
2244,157.92,296.085,2,0
2245,194.867,115.949,2,0
2246,502.827,261.592,2,0
2247,207.627,184.764,2,0
2248,210.687,12.5995,2,0
2249,433.485,168.221,2,0
2250,42.5347,3.4473,2,0
2251,400.29,69.9475,2,0
2252,333.64,101.59,2,0
2253,353.088,236.893,2,0
2254,369.511,126.322,2,0
2255,4.89133,273.997,2,0
2256,61.0831,94.0047,2,0
2257,27.4759,50.4282,2,0
2258,225.217,59.529,2,0
2259,50.9983,143.989,2,0
2260,225.987,82.7686,2,0
2261,256.747,30.7823,2,0
2262,212.472,173.372,2,0
2263,260.148,53.2915,2,0
2264,339.917,116.114,2,0
2265,549.138,25.1817,2,0
2266,322.317,294.751,2,0
2267,214.288,134.885,2,0
2268,38.4123,67.859,2,0
2269,132.346,25.1462,2,0
2270,522.747,90.4533,2,0
2271,374.114,125.043,2,0
2272,396.03,239.363,2,0
2273,341.102,16.2233,2,0
2274,391.545,81.2077,2,0
2275,183.613,271.492,2,0
2276,242.056,48.0807,2,0
2277,82.9461,241.515,2,0
2278,580.048,31.1946,2,0
2279,437.329,257.067,2,0
2280,578.015,244.955,2,0
2281,291.691,283.857,2,0
2282,5.86293,266.258,2,0
2283,142.7,232.476,2,0
2284,401.98,208.718,2,0
2285,507.674,129.49,2,0
2286,356.117,184.569,2,0
2287,152.869,232.086,2,0
2288,232.099,146.202,2,0
2289,439.194,18.8415,2,0
2290,251,19.4601,2,0
2291,230.806,126.205,2,0
2292,40.6918,253.489,2,0
2293,190.754,108.082,2,0
2294,258.303,146.468,2,0
2295,533.039,95.3993,2,0
2296,350.906,137.455,2,0
2297,408.531,97.1138,2,0
2298,35.0101,13.8345,2,0
2299,359.508,66.8813,2,0
2300,159.86,46.8891,2,0
2301,107.222,294.99,2,0
2302,371.817,165.329,2,0
2303,434.798,119.76,2,0
2304,349.558,101.352,2,0
2305,502.221,31.5456,2,0
2306,542.12,54.7326,2,0
2307,114.086,298,2,0
2308,182.861,211.978,2,0
2309,517.166,182.322,2,0
2310,512.845,44.5451,2,0
2311,420.074,138.589,2,0
2312,386.257,90.4854,2,0
2313,429.646,58.5072,2,0
2314,261.877,183.415,2,0
2315,304.733,255.301,2,0
2316,234.687,215.38,2,0
2317,411.905,42.3049,2,0
2318,34.7955,200.784,2,0
2319,539.15,146.22,2,0
2320,347.485,164.075,2,0
2321,311.125,115.593,2,0
2322,448.335,156.848,2,0
2323,82.5829,60.5134,2,0
2324,576.395,234.478,2,0
2325,147.319,198.475,2,0
2326,154.362,190.552,2,0
2327,319.555,275.019,2,0
2328,129.475,167.94,2,0
2329,59.332,182.142,2,0
2330,272.402,260.245,2,0
2331,404.295,256.066,2,0
2332,495.502,181.705,2,0
2333,159.093,133.444,2,0
2334,395.886,19.4631,2,0
2335,324.467,129.922,2,0
2336,173.45,188.2,2,0
2337,347.481,271.048,2,0
2338,307.281,120.843,2,0
2339,464.199,214.922,2,0
2340,314.405,293.955,2,0
2341,282.383,75.1929,2,0
2342,414.216,90.6501,2,0
2343,371.805,57.0099,2,0
2344,394.813,263.239,2,0
2345,7.24396,102.902,2,0
2346,463.277,177.525,2,0
2347,360.654,157.17,2,0
2348,112.587,197.424,2,0
2349,383.976,127.567,2,0
2350,572.345,26.9968,2,0
2351,396.839,113.894,2,0
2352,296.429,145.941,2,0
2353,3.77313,207.467,2,0
2354,587.693,22.6724,2,0
2355,209.225,39.0646,2,0
2356,111.095,40.6709,2,0
2357,72.2387,262.846,2,0
2358,166.561,18.142,2,0
2359,460.999,273.006,2,0
2360,373.418,16.8697,2,0
2361,58.2388,18.0647,2,0
2362,301.065,272.784,2,0
2363,2.68206,38.6803,2,0
2364,599.578,173.096,2,0
2365,308.869,254.787,2,0
2366,232.996,2,2,0
2367,34.3368,9.886,2,0
2368,563.096,185.544,2,0
2369,436.372,77.8094,2,0
2370,398.152,280.098,2,0
2371,526.388,2.63187,2,0
2372,267.453,291.575,2,0
2373,311.224,226.139,2,0
2374,333.736,271.219,2,0
2375,465.163,272.774,2,0
2376,464.538,144.426,2,0
2377,137.133,5.7251,2,0
2378,279.568,62.9007,2,0
2379,70.6747,161.836,2,0
2380,477.493,23.4965,2,0
2381,590.847,267.539,2,0
2382,431.664,219.514,2,0
2383,412.203,117.975,2,0
2384,81.5099,16.9785,2,0
2385,428.688,239.31,2,0
2386,221.332,142.673,2,0
2387,278.111,288.682,2,0
2388,423.691,148.166,2,0
2389,554.911,192.469,2,0
2390,461.592,154.66,2,0
2391,326.415,39.6075,2,0
2392,246.437,186.961,2,0
2393,577.35,295.003,2,0
2394,213.958,26.0302,2,0
2395,357.306,138.871,2,0
2396,249.114,26.1368,2,0
2397,585.683,271.912,2,0
2398,267.472,218.076,2,0
2399,570.43,63.6766,2,0
2400,485.203,292.52,2,0
2401,28.2072,92.832,2,0
2402,181.948,64.5369,2,0
2403,167.633,215.927,2,0
2404,96.6606,121.547,2,0
2405,301.851,105.195,2,0
2406,71.7373,73.5049,2,0
2407,549.421,279.356,2,0
2408,119.368,111.771,2,0
2409,466.432,160.476,2,0
2410,240.163,111.95,2,0
2411,506.61,208.768,2,0
2412,244.354,276.763,2,0
2413,494.665,27.4854,2,0
2414,599.762,72.6547,2,0
2415,11.529,22.3237,2,0
2416,378.49,85.2257,2,0
2417,155.02,282.182,2,0
2418,576.799,92.8773,2,0
2419,520.145,174.77,2,0
2420,364.152,8.30435,2,0
2421,157.511,80.164,2,0
2422,49.4739,51.7237,2,0
2423,327.46,83.5603,2,0
2424,295.599,166.424,2,0
2425,264.184,279.976,2,0
2426,123.792,147.745,2,0
2427,392.399,120.942,2,0
2428,428.483,47.9948,2,0
2429,346.63,207.487,2,0
2430,53.6148,176.075,2,0
2431,384.084,15.2593,2,0
2432,272.534,202.817,2,0
2433,246.839,54.6847,2,0
2434,435.127,217.452,2,0
2435,173.319,273.31,2,0
2436,204.989,152.158,2,0
2437,251.497,257.604,2,0
2438,511.976,128.194,2,0
2439,169.065,280.24,2,0
2440,387.694,32.7953,2,0
2441,214.402,165.734,2,0
2442,325.592,62.8676,2,0
2443,421.524,162.786,2,0
2444,592.726,172.982,2,0
2445,518.423,142.53,2,0
2446,292.801,210.625,2,0
2447,300.244,101.478,2,0
2448,234.279,96.4385,2,0
2449,534.614,77.1235,2,0
2450,500.543,298,2,0
2451,73.9988,164.127,2,0
2452,149.529,25.8134,2,0
2453,583.399,224.442,2,0
2454,172.597,247.237,2,0
2455,0.261916,162.719,2,0
2456,409.576,32.7728,2,0
2457,58.1978,41.3653,2,0
2458,169.798,244.292,2,0
2459,119.659,262.257,2,0
2460,231.873,79.1792,2,0
2461,68.3318,206.142,2,0
2462,63.928,214.346,2,0
2463,135.861,27.3701,2,0
2464,24.1755,214.36,2,0
2465,353.487,250.262,2,0
2466,540.185,291.904,2,0
2467,15.4167,19.2914,2,0
2468,416.327,140.399,2,0
2469,188.045,116.716,2,0
2470,76.2207,64.8973,2,0
2471,238.939,106.733,2,0
2472,264.146,172.335,2,0
2473,483.249,11.7036,2,0
2474,389.23,294.236,2,0
2475,63.4899,137.109,2,0
2476,165.733,244.409,2,0
2477,365.008,64.0165,2,0
2478,149.192,233.944,2,0
2479,296.559,30.7747,2,0
2480,61.683,29.8882,2,0
2481,431.894,21.6327,2,0
2482,559.637,91.1933,2,0
2483,545.416,86.7337,2,0
2484,497.563,170.79,2,0
2485,136.031,277.058,2,0
2486,115.021,105.028,2,0
2487,217.718,55.5764,2,0
2488,548.393,29.2049,2,0
2489,555.039,87.5633,2,0
2490,358.827,37.2626,2,0
2491,562.551,134.927,2,0
2492,541.716,184.891,2,0
2493,510.946,139.424,2,0
2494,297.178,192.354,2,0
2495,47.8157,167.596,2,0
2496,550.254,255.344,2,0
2497,232.765,11.8486,2,0
2498,534.636,166.289,2,0
2499,485.207,202.924,2,0
2500,409.667,245.925,2,0
2501,328.032,280.369,2,0
2502,133.272,286.821,2,0
2503,419.755,114.616,2,0
2504,414.477,188.423,2,0
2505,407.477,140.981,2,0
2506,293.283,298,2,0
2507,138.129,206.671,2,0
2508,227.053,188.172,2,0
2509,279.161,209.075,2,0
2510,443.96,173.078,2,0
2511,87.2716,46.1288,2,0
2512,565.85,201.209,2,0
2513,370.325,122.309,2,0
2514,529.321,287.312,2,0
2515,189.814,298,2,0
2516,522.312,298,2,0
2517,88.611,34.5486,2,0
2518,237.817,198.486,2,0
2519,241.02,274.445,2,0
2520,138.538,291.646,2,0
2521,86.2255,160.546,2,0
2522,11.5487,173.973,2,0
2523,525.95,93.0524,2,0
2524,560.435,260.051,2,0
2525,260.661,139.755,2,0
2526,7.05358,281.204,2,0
2527,98.1932,211.097,2,0
2528,5.06064,65.1393,2,0
2529,37.1287,164.831,2,0
2530,380.548,215.019,2,0
2531,27.1732,2,2,0
2532,415.83,104.365,2,0
2533,177.585,129.861,2,0
2534,378.228,203.806,2,0
2535,180.277,88.1217,2,0
2536,493.823,177.969,2,0
2537,88.1797,259.961,2,0
2538,207.523,248.025,2,0
2539,575.333,212.183,2,0
2540,194.635,271.43,2,0
2541,256.003,37.2403,2,0
2542,354.952,52.0032,2,0
2543,465.947,137.551,2,0
2544,249.3,273.887,2,0
2545,230.208,161.742,2,0
2546,179.308,133.521,2,0
2547,101.14,136.19,2,0
2548,288.852,240.133,2,0
2549,84.8841,55.6821,2,0
2550,385.694,19.1139,2,0
2551,116.695,202.652,2,0
2552,123.413,110.813,2,0
2553,283.72,197.92,2,0
2554,351.567,106.199,2,0
2555,472.465,187.55,2,0
2556,225.424,195.189,2,0
2557,58.2992,116.97,2,0
2558,229.848,9.00056,2,0
2559,60.8552,208.325,2,0
2560,488.767,152.24,2,0
2561,549.728,237.479,2,0
2562,215.4,260.544,2,0
2563,268.914,2.84724,2,0
2564,543.149,119.757,2,0
2565,550.39,171.384,2,0
2566,518.645,246.431,2,0
2567,543.804,170.932,2,0
2568,562.834,54.3078,2,0
2569,51.6563,113.882,2,0
2570,440.017,206.989,2,0
2571,390.869,229.531,2,0
2572,240.347,129.728,2,0
2573,274.623,207.509,2,0
2574,232.769,74.9637,2,0
2575,429.914,215.845,2,0
2576,512.567,21.4693,2,0
2577,582.656,235.072,2,0
2578,430.855,122.957,2,0
2579,241.799,205.465,2,0
2580,449.636,127.339,2,0
2581,182.399,154.612,2,0
2582,488.514,229.739,2,0
2583,549.919,134.737,2,0
2584,134.186,188.637,2,0
2585,283.02,237.311,2,0
2586,159.561,148.919,2,0
2587,213.423,280.309,2,0
2588,354.023,59.897,2,0
2589,177.106,37.7738,2,0
2590,173.96,227.537,2,0
2591,503.232,82.7829,2,0
2592,537.048,185.05,2,0
2593,62.9617,141.996,2,0
2594,362.023,39.8891,2,0
2595,483.636,240.394,2,0
2596,427.352,167.71,2,0
2597,76.9596,97.6095,2,0
2598,235.943,79.5876,2,0
2599,95.9762,204.576,2,0
2600,123.398,273.269,2,0
2601,88.9651,119.328,2,0
2602,156.322,203.057,2,0
2603,51.4547,82.8773,2,0
2604,533.43,258.981,2,0
2605,212.159,154.195,2,0
2606,527.77,8.15756,2,0
2607,17.618,194.833,2,0
2608,97.922,62.4519,2,0
2609,247.463,256.175,2,0
2610,453.045,167.53,2,0
2611,345.75,13.8333,2,0
2612,593.39,295.305,2,0
2613,193.478,112.067,2,0
2614,189.348,159.383,2,0
2615,394.479,6.15958,2,0
2616,46.5787,76.9671,2,0
2617,574.027,286.644,2,0
2618,335.478,283.626,2,0
2619,581.65,289.479,2,0
2620,597.308,37.0144,2,0
2621,440.229,295.157,2,0
2622,200.807,15.5468,2,0
2623,160.419,121.235,2,0
2624,228.284,168.243,2,0
2625,4.35388,2,2,0
2626,159.342,126.529,2,0
2627,337.325,243.731,2,0
2628,47.1316,27.7865,2,0
2629,260.417,104.794,2,0
2630,178.733,271.8,2,0
2631,374.462,47.4463,2,0
2632,357.331,29.1345,2,0
2633,140.556,224.614,2,0
2634,513.189,73.265,2,0
2635,155.622,156.067,2,0
2636,297.909,282.167,2,0
2637,572.138,158.941,2,0
2638,253.398,34.1839,2,0
2639,55.3332,259.26,2,0
2640,130.141,201.924,2,0
2641,7.44178,187.522,2,0
2642,78.8076,240.854,2,0
2643,128.669,42.432,2,0
2644,143.015,102.202,2,0
2645,100.463,90.7287,2,0
2646,374.868,162.642,2,0
2647,315.059,165.495,2,0
2648,473.62,269.368,2,0
2649,521.508,75.2266,2,0
2650,286.969,120.345,2,0
2651,140.536,220.518,2,0
2652,102.778,81.0079,2,0
2653,333.71,222.919,2,0
2654,107.849,243.44,2,0
2655,19.0302,61.3186,2,0
2656,388.608,46.4133,2,0
2657,562.206,47.0354,2,0
2658,254.428,135.189,2,0
2659,38.7139,132.62,2,0
2660,474.6,78.4168,2,0
2661,186.604,23.3641,2,0
2662,558.894,86.086,2,0
2663,322.962,145.048,2,0
2664,557.633,174.027,2,0
2665,286.643,11.7554,2,0
2666,292.56,29.5677,2,0
2667,287.852,292.673,2,0
2668,411.836,20.296,2,0
2669,92.1283,200.076,2,0
2670,568.316,115.454,2,0
2671,548.772,161.505,2,0
2672,547.846,83.3994,2,0
2673,571.115,20.557,2,0
2674,96.4392,58.5671,2,0
2675,198.963,275.144,2,0
2676,228.985,2,2,0
2677,270.664,58.2025,2,0
2678,504.52,253.876,2,0
2679,437.254,14.6496,2,0
2680,183.624,96.4275,2,0
2681,280.949,3.00097,2,0
2682,511.057,48.1914,2,0
2683,53.6057,229.026,2,0
2684,359.427,162.063,2,0
2685,590.344,151.888,2,0
2686,166.025,77.3081,2,0
2687,265.768,14.8768,2,0
2688,45.0927,182.259,2,0
2689,378.829,199.691,2,0
2690,330.249,98.325,2,0
2691,296.236,98.1973,2,0
2692,189.979,189.113,2,0
2693,437.811,213.865,2,0
2694,320.61,116.281,2,0
2695,246.27,114.614,2,0
2696,462.939,205.029,2,0
2697,360.222,2,2,0
2698,571.119,103.257,2,0
2699,455.939,186.124,2,0
2700,161.545,278.97,2,0
2701,497.084,45.1092,2,0
2702,98.5825,44.8751,2,0
2703,512.024,90.5065,2,0
2704,192.854,128.181,2,0
2705,27.5338,21.0479,2,0
2706,109.749,90.4543,2,0
2707,406.605,169.038,2,0
2708,172.474,61.6495,2,0
2709,326.878,91.3146,2,0
2710,419.468,198.354,2,0
2711,78.2809,162.825,2,0
2712,193.426,296.043,2,0
2713,69.2575,7.79381,2,0
2714,509.553,265.283,2,0
2715,312.799,111.843,2,0
2716,266.739,237.565,2,0
2717,103.279,49.3119,2,0
2718,502.718,195.936,2,0
2719,233.778,158.318,2,0
2720,246.134,151.765,2,0
2721,186.539,213.803,2,0
2722,365.543,119.215,2,0
2723,383.704,83.254,2,0
2724,283.416,129.818,2,0
2725,136.408,172.187,2,0
2726,119.522,23.6272,2,0
2727,244.965,87.9709,2,0
2728,226.106,181.443,2,0
2729,15.2846,209.64,2,0
2730,63.8133,113.927,2,0
2731,297.189,259.447,2,0
2732,273.547,34.7801,2,0
2733,219.148,51.8165,2,0
2734,361.165,20.2595,2,0
2735,353.558,13.1113,2,0
2736,427.84,163.557,2,0
2737,471.952,14.9973,2,0
2738,21.5715,75.9058,2,0
2739,297.606,51.4284,2,0
2740,527.184,51.9439,2,0
2741,374.651,263.546,2,0
2742,279.957,6.93668,2,0
2743,192.772,230.665,2,0
2744,365.644,263.742,2,0
2745,61.1038,217.799,2,0
2746,551.629,84.8335,2,0
2747,207.576,297.421,2,0
2748,133.89,142.829,2,0
2749,378.214,270.258,2,0
2750,585.711,130.438,2,0
2751,197.435,7.5155,2,0
2752,324.801,214.09,2,0
2753,425.863,119.41,2,0
2754,142.263,16.8164,2,0
2755,22.8093,243.342,2,0
2756,551.943,75.7033,2,0
2757,424.855,160.174,2,0
2758,453.985,10.6197,2,0
2759,185.973,296.031,2,0
2760,171.249,12.1522,2,0
2761,267.185,209.173,2,0
2762,21.9925,148.537,2,0
2763,213.793,268.318,2,0
2764,412.386,149.345,2,0
2765,130.039,88.9525,2,0
2766,122.158,222.204,2,0
2767,516.344,173.039,2,0
2768,358.459,151.389,2,0
2769,56.1042,121.078,2,0
2770,201.509,69.9896,2,0
2771,282.466,282.244,2,0
2772,554.438,171.382,2,0
2773,402.628,118.941,2,0
2774,540.22,15.8939,2,0
2775,243.017,37.5481,2,0
2776,493.808,69.8122,2,0
2777,184.034,183.235,2,0
2778,128.422,205.676,2,0
2779,27.2684,221.206,2,0
2780,484.706,223.19,2,0
2781,4.34125,262.439,2,0
2782,283.581,86.6856,2,0
2783,547.131,90.3822,2,0
2784,333.437,190.467,2,0
2785,310.891,89.2303,2,0
2786,337.605,44.9207,2,0
2787,448.871,188.301,2,0
2788,154.389,177.321,2,0
2789,244.232,100.666,2,0
2790,382.3,276.135,2,0
2791,374.187,43.3955,2,0
2792,534.794,153.645,2,0
2793,336.031,232.732,2,0
2794,239.36,89.9741,2,0
2795,259.555,18.3603,2,0
2796,205.927,214.098,2,0
2797,554.401,98.903,2,0
2798,442.367,94.5305,2,0
2799,490.468,47.2202,2,0
2800,477.818,139.613,2,0
2801,346.882,220.39,2,0
2802,597.491,258.165,2,0
2803,338.567,165.857,2,0
2804,349.579,150.768,2,0
2805,121.166,133.669,2,0
2806,203.021,92.4032,2,0
2807,143.807,82.9665,2,0
2808,37.9384,16.8235,2,0
2809,515.815,167.402,2,0
2810,306.984,70.5736,2,0
2811,83.8012,270.681,2,0
2812,542.837,271.652,2,0
2813,359.751,272.82,2,0
2814,580.877,44.8327,2,0
2815,367.236,205.942,2,0
2816,7.75366,172.412,2,0
2817,587.486,6.45364,2,0
2818,109.211,205.537,2,0
2819,64.848,253.428,2,0
2820,146.51,239.147,2,0
2821,44.1776,158.532,2,0
2822,417.578,259.055,2,0
2823,39.5684,95.3561,2,0
2824,512.457,65.207,2,0
2825,596.117,187.816,2,0
2826,239.892,183.29,2,0
2827,382.516,197.942,2,0
2828,329.063,161.301,2,0
2829,155.885,6.09568,2,0
2830,214.344,138.97,2,0
2831,312.403,130.091,2,0
2832,345.92,159.88,2,0
2833,246.795,246.033,2,0
2834,406.454,87.342,2,0
2835,290.135,218.098,2,0
2836,255.026,10.6511,2,0
2837,109.595,288.888,2,0
2838,314.064,270.423,2,0
2839,325.559,134.991,2,0
2840,401.122,74.0335,2,0
2841,325.786,239.997,2,0
2842,258.089,206.769,2,0
2843,497.041,267.343,2,0
2844,356.434,270.527,2,0
2845,518.537,53.0685,2,0
2846,536.532,274.883,2,0
2847,341.677,266.502,2,0
2848,233.794,197.583,2,0
2849,110.006,298,2,0
2850,244.693,164.304,2,0
2851,258.484,73.7658,2,0
2852,412.877,242.936,2,0
2853,147.987,274.214,2,0
2854,402.613,187.551,2,0
2855,145.387,295.549,2,0
2856,44.601,109.084,2,0
2857,462.598,111.264,2,0
2858,586.696,70.0005,2,0
2859,328.702,77.0626,2,0
2860,423.147,91.8471,2,0
2861,277.448,68.2711,2,0
2862,401.422,148.023,2,0
2863,455.295,190.555,2,0
2864,138.819,270.979,2,0
2865,301.788,43.0725,2,0
2866,517.986,191.258,2,0
2867,543.085,83.3921,2,0
2868,497.259,175.826,2,0
2869,314.83,298,2,0
2870,15.0386,149.056,2,0
2871,67.2512,42.1535,2,0
2872,438.518,51.108,2,0
2873,191.795,17.4088,2,0
2874,385.164,213.73,2,0
2875,325.139,287.474,2,0
2876,504.058,125.591,2,0
2877,530.222,179.466,2,0
2878,352.905,98.8458,2,0
2879,346.425,293.889,2,0
2880,496.602,19.0684,2,0
2881,166.377,143.543,2,0
2882,317.002,153.211,2,0
2883,449.777,63.4121,2,0
2884,80.9032,32.3347,2,0
2885,286.494,105.875,2,0
2886,519.085,169.973,2,0
2887,223.765,234.645,2,0
2888,384.891,201.793,2,0
2889,397.898,137.97,2,0
2890,238.978,140.304,2,0
2891,41.7393,146.242,2,0
2892,461.79,201.085,2,0
2893,236.701,11.0405,2,0
2894,456.613,55.7696,2,0
2895,570.888,99.2072,2,0
2896,350.921,181.355,2,0
2897,107.088,175.059,2,0
2898,79.2019,172.93,2,0
2899,71.1921,269.291,2,0
2900,376.045,25.5355,2,0
2901,503.863,295.716,2,0
2902,7.9579,253.657,2,0
2903,393.259,116.98,2,0
2904,397.229,23.4747,2,0
2905,97.0688,136.583,2,0
2906,106.634,179.124,2,0
2907,482.471,181.62,2,0
2908,359.948,296.934,2,0
2909,243.39,148.717,2,0
2910,163.489,268.402,2,0
2911,217.916,59.6104,2,0
2912,413.318,221.888,2,0
2913,548.309,177.315,2,0
2914,270.064,273.931,2,0
2915,144.105,112.418,2,0
2916,356.378,196.362,2,0
2917,188.032,292.52,2,0
2918,595.698,211.409,2,0
2919,235.941,121.502,2,0
2920,318.04,278.818,2,0
2921,183.63,238.029,2,0
2922,115.679,194.671,2,0
2923,544.068,101.217,2,0
2924,484.368,135.411,2,0
2925,224.139,30.2132,2,0
2926,125.699,251.524,2,0
2927,483.79,86.0454,2,0
2928,570.694,35.1575,2,0
2929,7.20714,122.913,2,0
2930,335.923,251.563,2,0
2931,22.846,6.34006,2,0
2932,437.675,221.546,2,0
2933,148.634,261.845,2,0
2934,53.519,46.8363,2,0
2935,555.235,82.504,2,0
2936,28.6686,149.088,2,0
2937,179.101,283.266,2,0
2938,220.509,66.5953,2,0
2939,185.441,100.476,2,0
2940,303.72,46.7737,2,0
2941,254.728,79.0093,2,0
2942,177.525,147.359,2,0
2943,248.654,36.371,2,0
2944,283.11,95.3794,2,0
2945,91.3813,145.574,2,0
2946,267.46,85.4746,2,0
2947,158.978,38.318,2,0
2948,590.544,256.815,2,0
2949,155.811,53.8149,2,0
2950,13.112,284.418,2,0
2951,67.5531,48.5883,2,0
2952,511.447,123.121,2,0
2953,566.249,274.861,2,0
2954,449.995,248.03,2,0
2955,408.104,18.856,2,0
2956,396.127,34.8709,2,0
2957,10.7436,13.6761,2,0
2958,115.368,275.309,2,0
2959,94.2319,152.956,2,0
2960,393.926,59.3734,2,0
2961,167.603,136.058,2,0
2962,158.92,216.192,2,0
2963,222.475,247.095,2,0
2964,425.859,2.44913,2,0
2965,125.021,13.9937,2,0
2966,585.57,242.497,2,0
2967,237.406,145.261,2,0
2968,568.811,111.472,2,0
2969,326.987,110.646,2,0
2970,48.7628,18.3287,2,0
2971,511.1,185.003,2,0
2972,130.673,110.622,2,0
2973,384.268,35.0278,2,0
2974,532.078,268.254,2,0
2975,240.804,232.688,2,0
2976,170.365,19.4176,2,0
2977,274.215,46.8535,2,0
2978,537.979,202.696,2,0
2979,415.546,169.083,2,0
2980,202.17,156.557,2,0
2981,156.88,119.216,2,0
2982,535.003,25.0731,2,0
2983,250.669,222.886,2,0
2984,296.625,132.065,2,0
2985,47.5767,151.214,2,0
2986,303.371,294.366,2,0
2987,101.546,14.709,2,0
2988,227.316,147.169,2,0
2989,523.443,151.776,2,0
2990,592.588,109.097,2,0
2991,539.374,140.231,2,0
2992,139.462,295.723,2,0
2993,510.585,81.4526,2,0
2994,286.993,125.31,2,0
2995,67.432,103.673,2,0
2996,205.355,96.0994,2,0
2997,328.218,290.237,2,0
2998,123.506,33.9602,2,0
2999,266.259,136.224,2,0
3000,279.435,152.192,2,0
3001,530.963,104.182,2,0
3002,514.952,81.1939,2,0
3003,136.542,230.691,2,0
3004,502.989,291.726,2,0
3005,443.193,29.7952,2,0
3006,219.503,47.7616,2,0
3007,160.434,195.454,2,0
3008,249.311,79.0432,2,0
3009,468.351,122.532,2,0
3010,126.713,265.428,2,0
3011,402.28,163.64,2,0
3012,85.6338,99.0338,2,0
3013,485.268,50.4198,2,0
3014,412.238,191.758,2,0
3015,266.128,242.123,2,0
3016,287.175,209.511,2,0
3017,93.6038,224.708,2,0
3018,311.278,143.669,2,0
3019,26.5484,38.7667,2,0
3020,13.8325,158.228,2,0
3021,212.642,272.914,2,0
3022,206.374,265.407,2,0
3023,594.266,118.363,2,0
3024,64.6402,239.99,2,0
3025,273.736,87.1238,2,0
3026,389.791,71.1253,2,0
3027,590.701,79.26,2,0
3028,313.571,236.866,2,0
3029,185.976,187.229,2,0
3030,222.087,44.1574,2,0
3031,186.488,254.672,2,0
3032,599.9,108.417,2,0
3033,539.54,277.683,2,0
3034,281.719,79.1575,2,0
3035,253.455,208.855,2,0
3036,434.211,65.8331,2,0
3037,305.105,273.044,2,0
3038,79.3244,101.065,2,0
3039,118.008,82.6339,2,0
3040,291.266,179.011,2,0
3041,74.8236,279.26,2,0
3042,591.051,124.702,2,0
3043,175.702,69.7562,2,0
3044,458.008,232.404,2,0
3045,409.217,6.27904,2,0
3046,31.8585,298,2,0
3047,512.297,69.3389,2,0
3048,522.191,164.24,2,0
3049,579.067,202.506,2,0
3050,22.1929,279.142,2,0
3051,249.455,209.136,2,0
3052,183.051,216.169,2,0
3053,189.558,112.907,2,0
3054,221.64,151.871,2,0
3055,192.146,38.1947,2,0
3056,514.69,141.035,2,0
3057,59.7342,112.976,2,0
3058,127.991,198.436,2,0
3059,515.997,160.113,2,0
3060,80.5521,214.762,2,0
3061,384.975,115.39,2,0
3062,97.4387,13.8582,2,0
3063,74.3369,266.551,2,0
3064,359.515,246.011,2,0
3065,569.37,170.462,2,0
3066,427.831,201.912,2,0
3067,31.1303,270.423,2,0
3068,108.421,12.7246,2,0
3069,524.232,67.3184,2,0
3070,272.207,293.161,2,0
3071,526.081,146.542,2,0
3072,567.223,282.258,2,0
3073,505.289,172.792,2,0
3074,517.94,118.119,2,0
3075,37.14,270.146,2,0
3076,450.962,153.626,2,0
3077,394.379,139.972,2,0
3078,349.679,265.611,2,0
3079,377.386,40.7868,2,0
3080,344.898,61.7811,2,0
3081,510.865,241.622,2,0
3082,419.26,45.584,2,0
3083,175.921,33.9342,2,0
3084,568.98,294.062,2,0
3085,463.82,242.576,2,0
3086,519.774,222.153,2,0
3087,36.5923,225.988,2,0
3088,347.454,90.7237,2,0
3089,218.288,6.23495,2,0
3090,9.76711,68.7551,2,0
3091,594.941,86.9853,2,0
3092,127.342,113.159,2,0
3093,236.373,25.9087,2,0
3094,304.23,79.4054,2,0
3095,431.236,72.5535,2,0
3096,530.38,247.928,2,0
3097,456.989,259.6,2,0
3098,428.573,289.905,2,0
3099,158.475,76.1683,2,0
3100,557.044,219.906,2,0
3101,509.733,52.0535,2,0
3102,410.394,265.283,2,0
3103,265.547,127.386,2,0
3104,342.49,135.298,2,0
3105,36.9743,291.583,2,0
3106,487.543,175.593,2,0
3107,445.324,108.061,2,0
3108,178.458,66.7453,2,0
3109,331.32,201.148,2,0
3110,288.451,223.319,2,0
3111,567.929,190.34,2,0
3112,279.406,170.849,2,0
3113,154.343,75.7254,2,0
3114,283.057,37.2301,2,0
3115,165.081,294.086,2,0
3116,161.741,243.497,2,0
3117,110.686,201.59,2,0
3118,461.002,212.295,2,0
3119,48.0711,80.6957,2,0
3120,129.872,143.062,2,0
3121,209.059,256.105,2,0
3122,68.3837,184.824,2,0
3123,505.817,249.225,2,0
3124,366.192,22.9701,2,0
3125,528.55,75.3132,2,0
3126,313.615,244.033,2,0
3127,140.328,99.1466,2,0
3128,203.603,185.955,2,0
3129,164.854,224.498,2,0
3130,136.227,217.245,2,0
3131,590.833,216.249,2,0
3132,293.167,188.134,2,0
3133,289.758,58.0806,2,0
3134,452.257,198.508,2,0
3135,59.8057,14.2906,2,0
3136,107.264,150.475,2,0
3137,381.629,139.977,2,0
3138,300.337,262.044,2,0
3139,94.6079,241.461,2,0
3140,576.711,190.597,2,0
3141,520.068,160.581,2,0
3142,558.257,207.067,2,0
3143,162.898,10.2842,2,0
3144,495.966,156.156,2,0
3145,118.345,183.821,2,0
3146,55.4127,60.7431,2,0
3147,17.6834,102.729,2,0
3148,140.163,26.1955,2,0
3149,590.857,206.038,2,0
3150,126.682,2,2,0
3151,130.225,135.185,2,0
3152,153.085,298,2,0
3153,462.174,280.403,2,0
3154,460.213,174.784,2,0
3155,572.273,138.151,2,0
3156,323.534,275.49,2,0
3157,362.69,259.101,2,0
3158,536.495,209.801,2,0
3159,213.12,17.3464,2,0
3160,584.573,91.7849,2,0
3161,416.34,192.159,2,0
3162,523.6,107.045,2,0
3163,533.023,91.1029,2,0
3164,561.841,296.56,2,0
3165,199.531,61.6724,2,0
3166,53.9125,282.003,2,0
3167,149.652,214.47,2,0
3168,558.007,155.724,2,0
3169,441.554,189.548,2,0
3170,313.253,22.4153,2,0
3171,272.161,67.1907,2,0
3172,156.848,231.624,2,0
3173,377.787,274.74,2,0
3174,351.695,114.005,2,0
3175,488.657,97.9327,2,0
3176,435.752,33.8689,2,0
3177,265.103,257.65,2,0
3178,400.066,108.762,2,0
3179,275.659,180.447,2,0
3180,316.352,189.39,2,0
3181,285.992,146.688,2,0
3182,317.457,21.3522,2,0
3183,0.335806,2,2,0
3184,25.3942,100.528,2,0
3185,555.59,120.87,2,0
3186,32.1265,181.658,2,0
3187,302.952,144.92,2,0
3188,94.2338,50.3635,2,0
3189,251.359,8.66993,2,0
3190,363.785,69.9385,2,0
3191,112.967,108.625,2,0
3192,229.377,36.4489,2,0
3193,356.438,222.029,2,0
3194,91.2152,228.005,2,0
3195,135.232,165.278,2,0
3196,45.705,177.843,2,0
3197,407.648,156.167,2,0
3198,14.9709,231.571,2,0
3199,529.86,187.337,2,0
3200,271.678,180.924,2,0
3201,461.651,46.0893,2,0
3202,298.383,236.463,2,0
3203,216.982,30.9047,2,0
3204,216.776,129.623,2,0
3205,335.173,203.133,2,0
3206,328.129,274.668,2,0
3207,235.461,104.429,2,0
3208,38.1904,48.4203,2,0
3209,285.059,2,2,0
3210,532.159,198.917,2,0
3211,589.306,104.94,2,0
3212,412.054,195.809,2,0
3213,37.9158,63.0021,2,0
3214,485.953,155.126,2,0
3215,190.941,169.464,2,0
3216,568.763,214.521,2,0
3217,105.734,169,2,0
3218,592.673,227.859,2,0
3219,266.341,6.25387,2,0
3220,446.767,27.9143,2,0
3221,18.852,120.074,2,0
3222,553.174,63.4146,2,0
3223,114.426,71.5414,2,0
3224,114.535,237.159,2,0
3225,116.362,14.9722,2,0
3226,568.539,162.612,2,0
3227,19.7606,212.51,2,0
3228,75.0242,259.604,2,0
3229,518.219,298,2,0
3230,7.7151,23.7622,2,0
3231,107.269,3.56308,2,0
3232,599.342,80.5255,2,0
3233,49.7742,215.021,2,0
3234,67.8373,192.657,2,0
3235,547.809,12.0629,2,0
3236,481.465,256.23,2,0
3237,133.871,184.582,2,0
3238,298.614,204.08,2,0
3239,132.304,15.4414,2,0
3240,46.9913,91.1951,2,0
3241,29.9876,10.0438,2,0
3242,122.254,139.577,2,0
3243,62.9638,146.06,2,0
3244,421.542,223.979,2,0
3245,101.033,101.081,2,0
3246,427.054,205.927,2,0
3247,340.996,51.8491,2,0
3248,268.65,228.42,2,0
3249,55.7123,113.381,2,0
3250,221.078,77.7975,2,0
3251,161.185,164.535,2,0
3252,89.8576,18.629,2,0
3253,396.744,145.579,2,0
3254,527.507,157.469,2,0
3255,474.255,47.459,2,0
3256,112.366,291.846,2,0
3257,203.02,193.577,2,0
3258,400.807,258.145,2,0
3259,109.764,248.878,2,0
3260,167.964,259.472,2,0
3261,457.462,204.66,2,0
3262,320.536,208.863,2,0
3263,206.616,12.2816,2,0
3264,224.992,47.1298,2,0
3265,567.418,123.297,2,0
3266,131.056,45.7116,2,0
3267,390.668,76.8811,2,0
3268,83.7103,196.017,2,0
3269,385.748,43.4209,2,0
3270,99.4502,220.498,2,0
3271,370.062,203.063,2,0
3272,547.417,34.4894,2,0
3273,118.675,141.689,2,0
3274,95.4176,116.382,2,0
3275,523.383,179.475,2,0
3276,443.59,162.886,2,0
3277,241.968,298,2,0
3278,83.0688,279.796,2,0
3279,378.299,236.888,2,0
3280,148.72,32.0835,2,0
3281,172.776,57.5701,2,0
3282,45.5181,295.127,2,0
3283,447.951,90.7494,2,0
3284,183.514,172.134,2,0
3285,351.285,119.197,2,0
3286,310.998,215.69,2,0
3287,196.41,263.648,2,0
3288,391.303,10.7272,2,0
3289,581.145,159.588,2,0
3290,61.075,267.917,2,0
3291,152.326,124.488,2,0
3292,537.183,116.015,2,0
3293,325.615,2.88776,2,0
3294,470.016,236.017,2,0
3295,153.598,215.643,2,0
3296,34.4431,250.478,2,0
3297,208.816,131.432,2,0
3298,37.533,287.611,2,0
3299,122.088,185.639,2,0
3300,293.821,257.209,2,0
3301,171.072,262.314,2,0
3302,300.18,148.018,2,0
3303,381.991,131.191,2,0
3304,507.156,298,2,0
3305,407.996,23.8829,2,0
3306,63.9979,227.937,2,0
3307,315.233,29.3261,2,0
3308,201.238,54.8115,2,0
3309,355.48,39.6696,2,0
3310,540.361,68.4756,2,0
3311,566.01,254.104,2,0
3312,584.248,42.6008,2,0
3313,580.955,198.745,2,0
3314,173.279,154.211,2,0
3315,433.178,42.8884,2,0
3316,392.772,276.82,2,0
3317,581.536,248.626,2,0
3318,101.263,152.977,2,0
3319,507.848,90.4655,2,0
3320,508.955,204.34,2,0
3321,475.723,132.696,2,0
3322,340.281,120.208,2,0
3323,542.021,22.7806,2,0
3324,213.943,57.3876,2,0
3325,382.066,45.0436,2,0
3326,236.638,294.728,2,0
3327,451.496,123.759,2,0
3328,303.753,187.371,2,0
3329,95.923,110.614,2,0
3330,124.908,164.29,2,0
3331,345.93,289.76,2,0
3332,254.873,123.206,2,0
3333,288.132,18.9902,2,0
3334,534.937,63.1095,2,0
3335,18.0583,151.685,2,0
3336,120.979,241.023,2,0
3337,183.09,51.8891,2,0
3338,352.483,195.145,2,0
3339,541.832,109.934,2,0
3340,43.6819,259.265,2,0
3341,162.571,18.8083,2,0
3342,340.956,226.555,2,0
3343,200.024,143.129,2,0
3344,544.16,217.429,2,0
3345,341.228,33.361,2,0
3346,171.61,204.707,2,0
3347,245.193,79.6064,2,0
3348,525.831,117.526,2,0
3349,127.421,273.269,2,0
3350,321.839,246.78,2,0
3351,306.102,112.783,2,0
3352,407.24,122.551,2,0
3353,552.773,185.248,2,0
3354,59.2208,253.997,2,0
3355,19.1979,284.415,2,0
3356,170.205,269.506,2,0
3357,334.151,207.215,2,0
3358,342.844,105.259,2,0
3359,435.304,157.939,2,0
3360,126.256,154.513,2,0
3361,289.076,2,2,0
3362,161.672,213.232,2,0
3363,249.048,156.474,2,0
3364,32.7573,242.885,2,0
3365,183.824,60.986,2,0
3366,318.795,260.26,2,0
3367,33.4972,254.453,2,0
3368,365.028,254.478,2,0
3369,119.475,12.4094,2,0
3370,364.974,108.974,2,0
3371,196.797,126.996,2,0
3372,83.8565,51.8121,2,0
3373,232.496,244.193,2,0
3374,488.524,72.0789,2,0
3375,262.195,135.934,2,0
3376,294.142,275.327,2,0
3377,83.677,119.807,2,0
3378,484.896,288.372,2,0
3379,91.4665,195.58,2,0
3380,278.447,157.9,2,0
3381,181.765,19.9329,2,0
3382,490.597,133.204,2,0
3383,335.094,85.5565,2,0
3384,505.287,279.223,2,0
3385,585.393,106.029,2,0
3386,514.556,77.1701,2,0
3387,10.6256,120.48,2,0
3388,575.086,75.8544,2,0
3389,493.51,280.265,2,0
3390,201.1,151.179,2,0
3391,240.422,102.939,2,0
3392,481.447,252.191,2,0
3393,390.077,248.353,2,0
3394,388.678,143.317,2,0
3395,83.1223,294.131,2,0
3396,485.808,232.703,2,0
3397,586.425,193.919,2,0
3398,533.175,170.185,2,0
3399,551.103,80.6888,2,0
3400,13.2271,270.409,2,0
3401,538.919,83.2747,2,0
3402,470.606,143.825,2,0
3403,20.2498,69.5881,2,0
3404,335.706,247.448,2,0
3405,44.4316,114.499,2,0
3406,253.121,245.847,2,0
3407,33.6299,177.833,2,0
3408,229.779,197.368,2,0
3409,230.875,52.6253,2,0
3410,432.09,76.4952,2,0
3411,92.4942,206.821,2,0
3412,381.098,211.018,2,0
3413,311.356,121.496,2,0
3414,27.3288,262.248,2,0
3415,54.6017,263.199,2,0
3416,112.326,208.759,2,0
3417,587.569,235.292,2,0
3418,145.996,176.826,2,0
3419,225.328,55.4386,2,0
3420,448.941,46.3422,2,0
3421,126.063,89.9382,2,0
3422,420.9,110.683,2,0
3423,582.77,146.495,2,0
3424,394.106,280.723,2,0
3425,412.679,8.29176,2,0
3426,333.259,76.13,2,0
3427,404.073,23.0628,2,0
3428,214.372,52.9402,2,0
3429,45.1841,173.731,2,0
3430,562.742,265.681,2,0
3431,316.174,159.189,2,0
3432,73.9029,92.0434,2,0
3433,167.912,235.906,2,0
3434,271.018,167.042,2,0
3435,273.948,6.0127,2,0
3436,328.264,30.6974,2,0
3437,171.674,70.046,2,0
3438,342.033,188.966,2,0
3439,39.1711,169.056,2,0
3440,353.542,27.7944,2,0
3441,397.986,190.077,2,0
3442,83.8731,65.5587,2,0
3443,113.156,49.3682,2,0
3444,276.564,234.955,2,0
3445,45.4702,20.8084,2,0
3446,20.3607,159.157,2,0
3447,326.881,206.88,2,0
3448,327.127,9.84665,2,0
3449,6.41025,270.221,2,0
3450,569.271,269.783,2,0
3451,410.385,91.9735,2,0
3452,392.341,202.862,2,0
3453,561.829,200.877,2,0
3454,488.871,67.9323,2,0
3455,272.87,187.326,2,0
3456,11.2626,280.589,2,0
3457,469.465,149.367,2,0
3458,30.4628,203.797,2,0
3459,100.696,128.034,2,0
3460,422.452,213.382,2,0
3461,28.3456,217.338,2,0
3462,516.348,59.1772,2,0
3463,551.767,271.334,2,0
3464,30.5571,46.0369,2,0
3465,120.972,180.575,2,0
3466,226.364,5.17658,2,0
3467,236.45,92.7974,2,0
3468,557.783,117.464,2,0
3469,413.774,260.398,2,0
3470,341.142,276.607,2,0
3471,573.04,91.3794,2,0
3472,100.908,169.892,2,0
3473,127.653,146.577,2,0
3474,238.901,177.402,2,0
3475,285.01,29.5503,2,0
3476,523.857,36.16,2,0
3477,478.537,259.775,2,0
3478,123.179,66.9243,2,0
3479,327.634,263.91,2,0
3480,319.512,178.563,2,0
3481,229.487,91.3674,2,0
3482,423.972,251.405,2,0
3483,361.35,93.3151,2,0
3484,420.256,244.369,2,0
3485,353.272,219.136,2,0
3486,436.699,199.571,2,0
3487,536.665,13.4562,2,0
3488,80.2377,141.122,2,0
3489,83.4962,143.461,2,0
3490,304.678,236.467,2,0
3491,555.922,260.717,2,0
3492,37.5833,237.577,2,0
3493,249.001,50.8348,2,0
3494,403.797,18.7596,2,0
3495,482.821,127.077,2,0
3496,313.412,4.42789,2,0
3497,121.278,281.464,2,0
3498,509.966,168.937,2,0
3499,366.948,297.171,2,0
3500,22.8231,171.875,2,0
3501,553.608,144.942,2,0
3502,345.811,187.526,2,0
3503,75.7404,255.551,2,0
3504,501.847,19.8795,2,0
3505,457.989,10.7399,2,0
3506,414.215,266.587,2,0
3507,99.0792,118.168,2,0
3508,435.259,96.9869,2,0
3509,315.549,274.274,2,0
3510,522.317,198.528,2,0
3511,234.38,48.7044,2,0
3512,140.686,196.655,2,0
3513,376.597,129.936,2,0
3514,184.082,118.017,2,0
3515,574.881,110.786,2,0
3516,351.541,89.8416,2,0
3517,62.2951,117.706,2,0
3518,457.91,255.601,2,0
3519,55.7997,12.5737,2,0
3520,250.951,122.135,2,0
3521,373.661,256.84,2,0
3522,27.3725,290.148,2,0
3523,224.523,17.6387,2,0
3524,360.223,183.1,2,0
3525,126.605,258.485,2,0
3526,457.02,213.395,2,0
3527,424.319,26.547,2,0
3528,514.755,272.642,2,0
3529,181.082,121.432,2,0
3530,154.299,9.99113,2,0
3531,122.457,161.04,2,0
3532,549.281,125.22,2,0
3533,324.85,252.206,2,0
3534,573.205,295.596,2,0
3535,465.444,258.958,2,0
3536,429.517,183.502,2,0
3537,441.259,134.975,2,0
3538,321.199,23.8204,2,0
3539,79.3982,22.9831,2,0
3540,351.738,125.743,2,0
3541,286.838,174.134,2,0
3542,530.556,230.425,2,0
3543,102.529,114.632,2,0
3544,272.206,19.3776,2,0
3545,303.322,224.306,2,0
3546,347.133,285.808,2,0
3547,137.19,180.366,2,0
3548,536.245,162.529,2,0
3549,392.475,206.894,2,0
3550,60.0226,166.41,2,0
3551,468.359,250.035,2,0
3552,443.063,247.755,2,0
3553,352.67,205.908,2,0
3554,81.1001,91.384,2,0
3555,107.127,93.5071,2,0
3556,65.5821,95.9313,2,0
3557,241.97,67.1532,2,0
3558,415.201,84.0426,2,0
3559,526.69,137.267,2,0
3560,101.972,20.8675,2,0
3561,107.878,269.102,2,0
3562,79.4504,266.363,2,0
3563,145.708,118.594,2,0
3564,557.281,211.211,2,0
3565,447.66,113.453,2,0
3566,16.5576,166.398,2,0
3567,185.093,27.4006,2,0
3568,122.245,4.5671,2,0
3569,29.2093,208.17,2,0
3570,51.3895,149.836,2,0
3571,559.974,74.3253,2,0
3572,301.688,220.599,2,0
3573,323.608,227.02,2,0
3574,150.805,89.9373,2,0
3575,352.423,94.7677,2,0
3576,585.881,149.437,2,0
3577,578.415,206.477,2,0
3578,41.4589,36.94,2,0
3579,520.258,156.422,2,0
3580,574.324,227.685,2,0
3581,405.936,160.475,2,0
3582,480.347,134.939,2,0
3583,427.557,149.918,2,0
3584,448.781,196.526,2,0
3585,476.018,18.3866,2,0
3586,44.4672,101.562,2,0
3587,83.8466,105.149,2,0
3588,539.863,175.132,2,0
3589,561.454,196.447,2,0
3590,534.187,254.888,2,0
3591,163.087,151.755,2,0
3592,493.182,252.898,2,0
3593,123.74,119.498,2,0
3594,187.22,173.847,2,0
3595,70.1437,147.212,2,0
3596,431.553,156.457,2,0
3597,30.9062,222.908,2,0
3598,277.921,102.508,2,0
3599,126.09,194.547,2,0
3600,504.773,164.604,2,0
3601,361.184,55.3357,2,0
3602,446.652,66.0245,2,0
3603,349.576,251.428,2,0
3604,132.442,205.299,2,0
3605,150.164,219.105,2,0
3606,176.19,290.821,2,0
3607,389.807,92.3559,2,0
3608,542.801,167.019,2,0
3609,228.196,284.222,2,0
3610,586.946,293.495,2,0
3611,175.942,89.1523,2,0
3612,518.891,1.51528,2,0
3613,534.721,149.568,2,0
3614,273.53,50.8281,2,0
3615,313.506,59.1983,2,0
3616,460.741,139.904,2,0
3617,549.71,60.4685,2,0
3618,183.256,2.44231,2,0
3619,313.658,200.693,2,0
3620,32.3541,246.924,2,0
3621,353.755,265.93,2,0
3622,509.624,34.9564,2,0
3623,431.657,34.5738,2,0
3624,99.0899,229.098,2,0
3625,17.348,228.096,2,0
3626,101.975,61.0673,2,0
3627,384.762,111.375,2,0
3628,389.949,154.798,2,0
3629,573.589,96.0213,2,0
3630,74.7548,160.194,2,0
3631,279.374,276.794,2,0
3632,48.4157,298,2,0
3633,483.643,297.01,2,0
3634,375.143,197.029,2,0
3635,369.196,38.0908,2,0
3636,527.954,86.174,2,0
3637,333.818,175.172,2,0
3638,291.319,98.9036,2,0
3639,545.917,198.875,2,0
3640,429.863,189.447,2,0
3641,238.257,163.711,2,0
3642,45.8469,216.416,2,0
3643,410.075,15.3502,2,0
3644,57.8277,239.18,2,0
3645,187.551,44.7373,2,0
3646,97.639,275.894,2,0
3647,543.464,115.726,2,0
3648,441.842,8.97155,2,0
3649,45.592,237.249,2,0
3650,482.394,15.6757,2,0
3651,497.271,77.0809,2,0
3652,419.038,211.155,2,0
3653,128.94,124.786,2,0
3654,117.499,256.493,2,0
3655,338.921,272.912,2,0
3656,120.523,218.25,2,0
3657,422.695,55.6225,2,0
3658,162.449,180.818,2,0
3659,191.962,162.665,2,0
3660,104.464,236.142,2,0
3661,249.986,145.674,2,0
3662,353.742,35.431,2,0
3663,440.35,82.0224,2,0
3664,371.611,172.518,2,0
3665,506.477,79.5615,2,0
3666,179.451,96.3563,2,0
3667,258.802,34.287,2,0
3668,558.699,53.761,2,0
3669,301.983,140.95,2,0
3670,324.156,48.9467,2,0
3671,309.948,198.745,2,0
3672,396.693,244.013,2,0
3673,211.555,259.306,2,0
3674,89.0273,279.662,2,0
3675,269.742,184.527,2,0
3676,487.851,225.752,2,0
3677,268.249,30.2977,2,0
3678,226.899,33.1837,2,0
3679,140.503,247.614,2,0
3680,575.182,79.9551,2,0
3681,14.6659,244.847,2,0
3682,78.4986,14.2786,2,0
3683,248.674,91.3016,2,0
3684,238.121,65.5662,2,0
3685,176.511,60.5,2,0
3686,231.79,210.204,2,0
3687,157.613,94.0738,2,0
3688,242.282,228.764,2,0
3689,133.594,175.052,2,0
3690,397.979,14.0966,2,0
3691,442.581,4.22972,2,0
3692,68.6518,15.4833,2,0
3693,258.42,260.15,2,0
3694,35.1824,3.95347,2,0
3695,393.18,165.976,2,0
3696,137.117,126.04,2,0
3697,144.641,32.1396,2,0
3698,105.298,232.065,2,0
3699,195.948,143.204,2,0
3700,76.7235,263.277,2,0
3701,115.218,245.128,2,0
3702,91.0911,266.048,2,0
3703,347.979,70.9274,2,0
3704,106.327,28.9805,2,0
3705,224.433,230.513,2,0
3706,97.2287,161.108,2,0
3707,477.395,255.239,2,0
3708,287.771,102.04,2,0
3709,247.769,44.1792,2,0
3710,164.915,256.602,2,0
3711,116.539,175.064,2,0
3712,326.132,17.2838,2,0
3713,49.4161,99.7287,2,0
3714,283.83,113.908,2,0
3715,583.073,154.151,2,0
3716,302.558,93.9169,2,0
3717,491.935,274.797,2,0
3718,25.9639,250.9,2,0
3719,462.74,33.8165,2,0
3720,306.96,265.104,2,0
3721,36.978,105.519,2,0
3722,172.537,294.725,2,0
3723,215.508,10.2048,2,0
3724,49.5901,176.396,2,0
3725,466.509,112.226,2,0
3726,386.505,38.369,2,0
3727,370.379,110.126,2,0
3728,387.068,225.852,2,0
3729,382.149,280.283,2,0
3730,168.745,265.763,2,0
3731,544.268,149.918,2,0
3732,323.409,176.299,2,0
3733,477.774,202.999,2,0
3734,528.78,90.1972,2,0
3735,565.103,98.4623,2,0
3736,300.056,18.8414,2,0
3737,333.069,51.2619,2,0
3738,194.754,107.689,2,0
3739,453.023,24.0308,2,0
3740,455.625,137.95,2,0
3741,110.221,125.862,2,0
3742,538.998,270.215,2,0
3743,309.296,288.667,2,0
3744,250.3,188.161,2,0
3745,424.514,49.3584,2,0
3746,216.615,292.665,2,0
3747,218.833,2,2,0
3748,148.566,122.726,2,0
3749,3.96842,139.754,2,0
3750,289.123,187.367,2,0
3751,235.719,137.776,2,0
3752,80.9387,237.175,2,0
3753,258.867,42.9333,2,0
3754,472.364,183.533,2,0
3755,569.007,91.4295,2,0
3756,581.877,100.906,2,0
3757,37.5664,177.103,2,0
3758,290.435,198.778,2,0
3759,446.448,199.922,2,0
3760,481.136,286.16,2,0
3761,54.7535,187.89,2,0
3762,79.2709,259.702,2,0
3763,380.749,194.314,2,0
3764,545.221,296.066,2,0
3765,27.5572,230.243,2,0
3766,154.169,59.7438,2,0
3767,241.185,0.784197,2,0
3768,559.178,190.635,2,0
3769,592.779,129.617,2,0
3770,569.85,247.699,2,0
3771,27.5756,135.397,2,0
3772,438.953,131.609,2,0
3773,408.517,253.281,2,0
3774,379.884,183.368,2,0
3775,597.147,28.4062,2,0
3776,246.318,234.096,2,0
3777,314.009,10.9652,2,0
3778,211.649,298,2,0
3779,337.578,37.2083,2,0
3780,319.564,224.369,2,0
3781,60.0072,122.059,2,0
3782,133.096,241.239,2,0
3783,482.592,65.9719,2,0
3784,243.842,43.1471,2,0
3785,77.7877,144.298,2,0
3786,520.116,233.572,2,0
3787,208.407,107.076,2,0
3788,170.035,298,2,0
3789,363.343,145.638,2,0
3790,493.033,103.472,2,0
3791,451.746,69.0765,2,0
3792,566.513,88.2727,2,0
3793,582.523,66.4608,2,0
3794,155.869,28.9864,2,0
3795,407.841,149.097,2,0
3796,181.821,110.41,2,0
3797,298.969,291.978,2,0
3798,564.503,84.6462,2,0
3799,580.99,14.1003,2,0
3800,280.783,31.9406,2,0
3801,435.019,87.0565,2,0
3802,308.006,174.936,2,0
3803,163.701,216.755,2,0
3804,145,13.6191,2,0
3805,31.3395,170.013,2,0
3806,512.711,163.013,2,0
3807,499.642,231.148,2,0
3808,41.5957,236.885,2,0
3809,223.624,63.2304,2,0
3810,6.10003,70.772,2,0
3811,470.59,211.382,2,0
3812,480.921,271.567,2,0
3813,549.087,64.4759,2,0
3814,477.023,286.297,2,0
3815,167.789,51.3163,2,0
3816,136.913,198.209,2,0
3817,28.1258,153.237,2,0
3818,565.185,26.1509,2,0
3819,131.924,276.884,2,0
3820,238.897,125.839,2,0
3821,93.5234,94.1226,2,0
3822,150.815,43.9123,2,0
3823,322.998,88.6118,2,0
3824,324.926,191.18,2,0
3825,448.749,14.9393,2,0
3826,184.954,16.6799,2,0
3827,500.739,207.9,2,0
3828,262.838,34.8332,2,0
3829,157.94,18.207,2,0
3830,66.3806,209.817,2,0
3831,219.354,234.74,2,0
3832,328.544,247.739,2,0
3833,513.562,221.339,2,0
3834,97.0319,99.3203,2,0
3835,365.668,287.144,2,0
3836,173.247,242.165,2,0
3837,169.785,196.176,2,0
3838,517.583,107.428,2,0
3839,276.816,27.1339,2,0
3840,77.2802,196.74,2,0
3841,342.389,262.16,2,0
3842,49.1635,121.53,2,0
3843,181.533,146.689,2,0
3844,109.077,131.44,2,0
3845,409.779,201.185,2,0
3846,573.729,53.9248,2,0
3847,508.276,261.284,2,0
3848,123.821,261.411,2,0
3849,523.447,49.765,2,0
3850,81.5863,298,2,0
3851,46.2186,105.163,2,0
3852,562.061,14.1235,2,0
3853,51.1137,270.376,2,0
3854,512.964,268.953,2,0
3855,278.397,112.026,2,0
3856,9.95745,213.26,2,0
3857,527.653,106.698,2,0
3858,291.561,272.149,2,0
3859,33.9951,34.104,2,0
3860,261.501,70.6686,2,0
3861,68.9429,246.245,2,0
3862,313.6,125.619,2,0
3863,14.2911,95.1291,2,0
3864,270.251,7.55052,2,0
3865,108.188,37.2271,2,0
3866,51.2985,287.32,2,0
3867,379.831,127.534,2,0
3868,439.572,127.412,2,0
3869,142.971,288.109,2,0
3870,591.542,25.4443,2,0
3871,283.027,9.76112,2,0
3872,334.889,215.638,2,0
3873,6.71756,126.9,2,0
3874,535.861,17.3796,2,0
3875,438.83,203.146,2,0
3876,93.0443,88.9959,2,0
3877,405.524,72.7634,2,0
3878,268.894,253.814,2,0
3879,58.0845,281.798,2,0
3880,374.371,120.961,2,0
3881,460.771,29.9551,2,0
3882,580.839,60.4629,2,0
3883,56.2679,191.75,2,0
3884,545.402,123.135,2,0
3885,139.385,112.862,2,0
3886,127.625,118.095,2,0
3887,317.705,268.347,2,0
3888,81.1235,97.4231,2,0
3889,353.286,277.618,2,0
3890,300.985,27.084,2,0
3891,199.063,19.1703,2,0
3892,98.6752,2,2,0
3893,162.362,79.0712,2,0
3894,52.9842,127.49,2,0
3895,19.0638,276.634,2,0
3896,443.007,17.4408,2,0
3897,584.836,199.892,2,0
3898,161.111,223.006,2,0
3899,537.278,71.104,2,0
3900,462.152,227.631,2,0
3901,374.31,116.959,2,0
3902,568.458,6.47452,2,0
3903,123.193,29.7998,2,0
3904,529.899,148.129,2,0
3905,570.831,73.0926,2,0
3906,505.327,264.855,2,0
3907,18.9074,188.257,2,0
3908,478.501,198.872,2,0
3909,297.059,35.2889,2,0
3910,0.610129,20.1165,2,0
3911,39.3499,122.13,2,0
3912,263.256,90.7854,2,0
3913,516.065,87.586,2,0
3914,196.686,229.368,2,0
3915,322.031,188.364,2,0
3916,58.4412,186.144,2,0
3917,239.362,279.665,2,0
3918,251.138,153.013,2,0
3919,277.064,15.2491,2,0
3920,463.164,85.6576,2,0
3921,179.72,80.0098,2,0
3922,18.4303,140.893,2,0
3923,163.613,23.2123,2,0
3924,269.39,281.543,2,0
3925,557.238,141.426,2,0
3926,513.046,84.8043,2,0
3927,507.739,199.758,2,0
3928,422.385,234.74,2,0
3929,565.576,246.081,2,0
3930,397.897,227.713,2,0
3931,147.912,257.822,2,0
3932,151.061,282.869,2,0
3933,202.882,281.674,2,0
3934,62.2846,256.617,2,0
3935,242.412,96.5164,2,0
3936,51.2171,202.907,2,0
3937,299.775,70.3199,2,0
3938,406.266,91.4116,2,0
3939,512.346,151.435,2,0
3940,358.692,258.381,2,0
3941,258.038,166.505,2,0
3942,126.547,46.0938,2,0
3943,165.303,121.018,2,0
3944,491.224,204.842,2,0
3945,430.663,118.783,2,0
3946,430.249,170.642,2,0
3947,70.1322,44.943,2,0
3948,84.5379,14.3491,2,0
3949,530.851,78.6191,2,0
3950,539.532,2,2,0
3951,245.988,145.491,2,0
3952,2.55109,126.38,2,0
3953,140.655,151.045,2,0
3954,573.282,270.65,2,0
3955,199.543,289.042,2,0
3956,212.436,241.605,2,0
3957,62.5585,33.8242,2,0
3958,396.989,93.7418,2,0
3959,437.694,10.24,2,0
3960,156.594,123.465,2,0
3961,510.096,178.141,2,0
3962,499.006,0.146423,2,0
3963,122.704,265.263,2,0
3964,244.692,26.548,2,0
3965,72.8366,199.858,2,0
3966,178.828,175.653,2,0
3967,31.0246,26.1028,2,0
3968,291.533,166.799,2,0
3969,110.709,112.035,2,0
3970,135.44,129.774,2,0
3971,507.609,229.234,2,0
3972,536.393,283.61,2,0
3973,199.203,78.9556,2,0
3974,233.027,233.231,2,0
3975,308.426,181.399,2,0
3976,594.698,290.742,2,0
3977,93.582,62.4187,2,0
3978,458.721,145.585,2,0
3979,132.833,123.164,2,0
3980,77.9576,28.0367,2,0
3981,93.0259,98.1837,2,0
3982,561.231,212.536,2,0
3983,55.0428,80.3496,2,0
3984,329.44,190.038,2,0
3985,17.4505,270.467,2,0
3986,588.654,12.2879,2,0
3987,569.594,243.66,2,0
3988,42.9904,88.4035,2,0
3989,394.236,173.729,2,0
3990,381.722,206.964,2,0
3991,505.901,168.624,2,0
3992,282.269,250.113,2,0
3993,114.005,37.8881,2,0
3994,445.973,260.252,2,0
3995,46.9903,70.0169,2,0
3996,262.808,203.233,2,0
3997,402.072,85.3582,2,0
3998,380.583,111.783,2,0
3999,144.077,209.658,2,0
4000,542.354,235.885,2,0
4001,472.724,291.805,2,0
4002,479.07,125.197,2,0
4003,358.188,102.707,2,0
4004,333.927,255.281,2,0
4005,410.693,2.34568,2,0
4006,376.231,181.409,2,0
4007,469.91,56.0607,2,0
4008,388.012,257.317,2,0
4009,464.688,55.2303,2,0
4010,119.892,79.0683,2,0
4011,558.108,36.0943,2,0
4012,562.457,88.182,2,0
4013,149.763,133.098,2,0
4014,292.471,65.2057,2,0
4015,542.608,209.899,2,0
4016,441.187,278.772,2,0
4017,432.245,135.696,2,0
4018,522.95,213.25,2,0
4019,574.607,208.137,2,0
4020,545.989,164.434,2,0
4021,344.467,49.415,2,0
4022,233.786,270.299,2,0
4023,311.159,164.439,2,0
4024,598.928,278.518,2,0
4025,52.8862,180.096,2,0
4026,442.031,261.127,2,0
4027,32.658,173.791,2,0
4028,303.224,39.2457,2,0
4029,23.1792,162.2,2,0
4030,261.86,13.9713,2,0
4031,39.0433,27.7174,2,0
4032,119.809,248.183,2,0
4033,507.62,74.4913,2,0
4034,273.951,128.704,2,0
4035,252.692,94.0471,2,0
4036,499.634,100.925,2,0
4037,312.766,46.1962,2,0
4038,294.686,87.8326,2,0
4039,481.976,93.2427,2,0
4040,19.2943,163.404,2,0
4041,572.461,133.993,2,0
4042,519.752,38.0487,2,0
4043,366.907,226.322,2,0
4044,218.254,180.114,2,0
4045,79.9292,49.4098,2,0
4046,344.339,233.018,2,0
4047,506.819,29.0991,2,0
4048,489.71,179.421,2,0
4049,465.793,188.43,2,0
4050,296.451,25.2982,2,0
4051,174.106,117.409,2,0
4052,228.153,95.2523,2,0
4053,532.508,134.129,2,0
4054,222.058,81.8025,2,0
4055,387.899,67.4401,2,0
4056,158.737,142.769,2,0
4057,233.712,229.223,2,0
4058,256.974,26.0568,2,0
4059,55.0021,21.2821,2,0
4060,50.4105,294.473,2,0
4061,196.673,32.2589,2,0
4062,144.02,147.26,2,0
4063,458.927,51.4322,2,0
4064,417.202,144.498,2,0
4065,563.358,178.745,2,0
4066,527.47,12.3142,2,0
4067,79.6474,120.199,2,0
4068,120.616,214.13,2,0
4069,406.613,2,2,0
4070,133.546,192.622,2,0
4071,123.615,114.985,2,0
4072,215.949,147.786,2,0
4073,461.972,233.294,2,0
4074,376.61,72.3386,2,0
4075,455.531,116.337,2,0
4076,280.553,84.0171,2,0
4077,67.9606,221.128,2,0
4078,236.91,86.6517,2,0
4079,259.468,210.787,2,0
4080,426.944,126.313,2,0
4081,285.299,164.671,2,0
4082,272.676,192.977,2,0
4083,508.793,153.486,2,0
4084,178.327,72.8841,2,0
4085,241.696,81.7612,2,0
4086,78.7796,252.937,2,0
4087,205.072,256.805,2,0
4088,413.286,94.8008,2,0
4089,246.11,47.9469,2,0
4090,286.828,155.379,2,0
4091,493.279,167.144,2,0
4092,589.087,88.9333,2,0
4093,204.783,35.1641,2,0
4094,175.516,113.494,2,0
4095,170.458,239.149,2,0
4096,483.416,217.941,2,0
4097,589.043,239.752,2,0
4098,408.015,281.011,2,0
4099,448.091,141.496,2,0
4100,180.368,58.9513,2,0
4101,218.361,207.239,2,0
4102,365.065,174.686,2,0
4103,523.689,293.439,2,0
4104,25.7319,234.932,2,0
4105,464.517,266.402,2,0
4106,445.047,277.132,2,0
4107,80.1654,63.7225,2,0
4108,530.866,61.0548,2,0
4109,180.465,150.865,2,0
4110,253.06,29.1979,2,0
4111,512.975,28.9407,2,0
4112,240.194,71.0283,2,0
4113,145.823,65.1716,2,0
4114,418.295,177.117,2,0
4115,394.887,55.4236,2,0
4116,387.925,158.995,2,0
4117,462.209,69.5623,2,0
4118,68.0453,99.1017,2,0
4119,52.3211,32.5928,2,0
4120,118.407,187.859,2,0
4121,189.571,58.0873,2,0
4122,146.335,28.4065,2,0
4123,306.138,90.7893,2,0
4124,98.0424,185.559,2,0
4125,585.092,18.211,2,0
4126,316.767,174.024,2,0
4127,366.976,112.497,2,0
4128,113.295,177.511,2,0
4129,46.1415,187.94,2,0
4130,236.641,6.92476,2,0
4131,561.203,216.711,2,0
4132,11.9549,253.268,2,0
4133,100.643,86.6758,2,0
4134,452.963,250.848,2,0
4135,517.998,83.8801,2,0
4136,508.565,189.637,2,0
4137,401.828,2.60017,2,0
4138,105.582,146.576,2,0
4139,443.729,178.067,2,0
4140,553.363,210.066,2,0
4141,159.393,178.07,2,0
4142,333.711,46.2888,2,0
4143,257.917,81.6434,2,0
4144,548.091,74.3533,2,0
4145,42.1489,297.711,2,0
4146,492.709,199.833,2,0
4147,379.094,149.466,2,0
4148,163.453,6.18104,2,0
4149,463.621,237.146,2,0
4150,122.255,244.926,2,0
4151,210.69,236.353,2,0
4152,172.164,199.554,2,0
4153,265.121,132.293,2,0
4154,95.9343,283.778,2,0
4155,187.024,209.686,2,0
4156,89.7173,2,2,0
4157,368.274,61.5882,2,0
4158,274.389,159.64,2,0
4159,462.199,290.068,2,0
4160,163.458,135.773,2,0
4161,508.094,125.481,2,0
4162,413.469,161.588,2,0
4163,594,254.736,2,0
4164,298.44,240.541,2,0
4165,543.051,225.501,2,0
4166,193.28,13.6236,2,0
4167,528.551,48.13,2,0
4168,299.685,296,2,0
4169,339.481,129.566,2,0
4170,425.8,256.617,2,0
4171,97.4609,103.435,2,0
4172,596.545,137.364,2,0
4173,329.713,102.406,2,0
4174,127.118,62.274,2,0
4175,80.5849,112.007,2,0
4176,219.835,226.791,2,0
4177,411.788,166.326,2,0
4178,25.6091,115.782,2,0
4179,44.9678,163.779,2,0
4180,249.109,61.8738,2,0
4181,524.168,185.699,2,0
4182,181.609,14.2516,2,0
4183,210.292,138.756,2,0
4184,344.576,35.57,2,0
4185,517.413,74.2272,2,0
4186,5.6642,61.0571,2,0
4187,527.395,273.329,2,0
4188,164.619,28.6708,2,0
4189,225.338,141.609,2,0
4190,593.688,6.04218,2,0
4191,521.681,262.995,2,0
4192,529.836,291.415,2,0
4193,196.937,278.788,2,0
4194,214.952,195.134,2,0
4195,66.2888,268.236,2,0
4196,399.653,37.8934,2,0
4197,395.304,128.132,2,0
4198,541.178,196.217,2,0
4199,12.2906,145.122,2,0
4200,519.554,277.236,2,0
4201,192.812,279.296,2,0
4202,68.3759,213.291,2,0
4203,92.6789,34.8208,2,0
4204,542.666,60.4583,2,0
4205,41.4597,98.8931,2,0
4206,458.06,149.658,2,0
4207,237.146,132.17,2,0
4208,410.833,249.926,2,0
4209,139.891,146.747,2,0
4210,201.346,96.3341,2,0
4211,228.966,48.0683,2,0
4212,87.2303,145.877,2,0
4213,263.34,219.48,2,0
4214,541.031,50.6039,2,0
4215,551.91,37.0033,2,0
4216,396.672,82.5848,2,0
4217,527.373,64.5943,2,0
4218,382.049,186.838,2,0
4219,256.831,48.3547,2,0
4220,140.499,105.425,2,0
4221,210.463,245.183,2,0
4222,577.245,55.8386,2,0
4223,210.274,127.589,2,0
4224,463.124,134.564,2,0
4225,493.012,208.42,2,0
4226,577.069,160.769,2,0
4227,291.14,126.871,2,0
4228,141.487,109.337,2,0
4229,297.036,252.073,2,0
4230,133.342,262.752,2,0
4231,45.2456,220.482,2,0
4232,131.463,119.366,2,0
4233,75.4529,102.177,2,0
4234,403.559,105.923,2,0
4235,84.4399,289.48,2,0
4236,577.769,83.1111,2,0
4237,517.624,288.165,2,0
4238,488.912,103.751,2,0
4239,119.333,59.8801,2,0
4240,391.657,290.948,2,0
4241,535.26,37.4434,2,0
4242,140.062,13.387,2,0
4243,225.836,9.15232,2,0
4244,507.122,161.251,2,0
4245,151.356,228.314,2,0
4246,14.4438,141.56,2,0
4247,416.084,196.184,2,0
4248,126.968,132.597,2,0
4249,240.096,44.5525,2,0
4250,26.4887,87.1222,2,0
4251,580.381,27.0754,2,0
4252,508.615,64.0645,2,0
4253,520.746,86.8746,2,0
4254,223.376,88.6757,2,0
4255,195.507,196.492,2,0
4256,213.32,62.7708,2,0
4257,286.162,178.584,2,0
4258,41.2963,172.453,2,0
4259,68.8293,201.064,2,0
4260,279.623,201.051,2,0
4261,217.466,279.38,2,0
4262,536.588,217.773,2,0
4263,222.795,113.301,2,0
4264,328.069,227.781,2,0
4265,40.3675,284.541,2,0
4266,79.0261,279.151,2,0
4267,226.105,204.559,2,0
4268,249.119,183.528,2,0
4269,572.047,83.8505,2,0
4270,359.641,108.414,2,0
4271,213.264,32.4842,2,0
4272,285.345,205.855,2,0
4273,83.0361,181.28,2,0
4274,547.388,157.593,2,0
4275,354.066,254.412,2,0
4276,482.516,199.731,2,0
4277,110.185,140.354,2,0
4278,60.9105,61.0272,2,0
4279,568.314,23.4546,2,0
4280,341.039,214.332,2,0
4281,163.306,147.466,2,0
4282,329.926,232.367,2,0
4283,593.906,93.1108,2,0
4284,223.07,50.7086,2,0
4285,434.147,190.447,2,0
4286,352.764,258.584,2,0
4287,374.218,203.173,2,0
4288,525.594,102.93,2,0
4289,41.9065,176.456,2,0
4290,392.495,157.913,2,0
4291,300.543,178.254,2,0
4292,590.105,84.0532,2,0
4293,326.699,202.758,2,0
4294,455.068,153.98,2,0
4295,56.5742,200.268,2,0
4296,506.777,195.863,2,0
4297,254.364,45.1353,2,0
4298,97.7148,234.731,2,0
4299,559.553,299.93,2,0
4300,46.6468,196.09,2,0
4301,355.717,107.39,2,0
4302,542.426,191.144,2,0
4303,100.31,251.208,2,0
4304,296.13,72.0072,2,0
4305,291.261,243.526,2,0
4306,140.758,263.288,2,0
4307,131.314,294.55,2,0
4308,267.495,295.609,2,0
4309,476.437,121.978,2,0
4310,88.1325,202.724,2,0
4311,34.6834,112.932,2,0
4312,508.882,269.322,2,0
4313,580.388,188.032,2,0
4314,107.047,7.56078,2,0
4315,313.007,175.706,2,0
4316,192.53,217.994,2,0
4317,564.68,138.508,2,0
4318,292.774,23.1813,2,0
4319,416.273,71.3425,2,0
4320,143.081,23.281,2,0
4321,142.546,284.038,2,0
4322,362.221,242.925,2,0
4323,345.787,18.0451,2,0
4324,567.269,147.318,2,0
4325,148.952,126.865,2,0
4326,121.695,289.608,2,0
4327,72.561,124.936,2,0
4328,261.254,143.755,2,0
4329,106.193,192.651,2,0
4330,576.567,241.205,2,0
4331,381.506,231.167,2,0
4332,255.183,41.1869,2,0
4333,170.069,117.635,2,0
4334,249.85,296.142,2,0
4335,82.6082,210.571,2,0
4336,575.649,50.2331,2,0
4337,195.554,238.444,2,0
4338,256.685,288.194,2,0
4339,164.368,14.6886,2,0
4340,546.834,4.47238,2,0
4341,455.312,128.878,2,0
4342,80.2067,193.886,2,0
4343,274.171,75.0573,2,0
4344,413.215,12.5206,2,0
4345,172.984,15.8461,2,0
4346,330.46,80.7677,2,0
4347,65.1054,218.229,2,0
4348,7.1978,110.247,2,0
4349,134.96,75.103,2,0
4350,165.92,298,2,0
4351,560.616,139.001,2,0
4352,510.282,13.8053,2,0
4353,89.322,244.031,2,0
4354,390.119,61.0125,2,0
4355,214.139,121.009,2,0
4356,187.918,268.373,2,0
4357,92.5042,81.5243,2,0
4358,42.9542,198.226,2,0
4359,398.084,61.5867,2,0
4360,225.701,200.543,2,0
4361,433.791,60.7373,2,0
4362,421.768,154.84,2,0
4363,196.466,161.901,2,0
4364,232.621,62.5245,2,0
4365,388.05,276.3,2,0
4366,140.956,64.7961,2,0
4367,292.844,287.711,2,0
4368,169.785,152.091,2,0
4369,84.8158,42.9482,2,0
4370,455.463,80.3836,2,0
4371,216.183,153.239,2,0
4372,480.08,267.619,2,0
4373,448.403,284.52,2,0
4374,349.918,160.859,2,0
4375,553.855,155.232,2,0
4376,317.895,264.219,2,0
4377,91.6082,29.6495,2,0
4378,36.4259,97.9376,2,0
4379,309.741,221.431,2,0
4380,523.45,275.948,2,0
4381,420.942,79.28,2,0
4382,313.69,63.2042,2,0
4383,590.842,263.348,2,0
4384,283.119,278.252,2,0
4385,411.757,104.363,2,0
4386,213.463,220.663,2,0
4387,512.376,17.2667,2,0
4388,14.8411,217.226,2,0
4389,444.177,196.404,2,0
4390,496.539,211.168,2,0
4391,85.7301,298,2,0
4392,428.765,100.609,2,0
4393,102.312,186.386,2,0
4394,186.937,104.203,2,0
4395,386.529,197.355,2,0
4396,164.946,210.784,2,0
4397,126.76,230.523,2,0
4398,382.838,92.5987,2,0
4399,392.789,143.8,2,0
4400,8.33927,246.242,2,0
4401,84.6669,111.752,2,0
4402,326.774,173.933,2,0
4403,153.233,130.862,2,0
4404,95.421,269.99,2,0
4405,159.894,60.1909,2,0
4406,400.656,115.383,2,0
4407,396.243,119.729,2,0
4408,476.981,114.705,2,0
4409,242.733,199.944,2,0
4410,320.51,251.421,2,0
4411,384.597,150.02,2,0
4412,590.19,220.348,2,0
4413,377.288,283.022,2,0
4414,206.772,203.039,2,0
4415,64.4057,37.6725,2,0
4416,244.088,51.5908,2,0
4417,196.388,24.1781,2,0
4418,124.709,103.914,2,0
4419,515.463,233.721,2,0
4420,166.791,175.079,2,0
4421,144.245,40.2772,2,0
4422,450.78,110.744,2,0
4423,418.066,219.786,2,0
4424,77.0693,138.411,2,0
4425,474.729,144.574,2,0
4426,403.671,157.124,2,0
4427,166.175,2,2,0
4428,521.902,70.653,2,0
4429,96.84,194.831,2,0
4430,33.7659,161.459,2,0
4431,11.0894,137.532,2,0
4432,56.4772,125.191,2,0
4433,32.591,30.2086,2,0
4434,390.664,221.502,2,0
4435,367.678,79.3128,2,0
4436,220.571,183.385,2,0
4437,171.903,85.4769,2,0
4438,419.947,271.02,2,0
4439,275.912,11.1281,2,0
4440,273.164,231.328,2,0
4441,455.147,159.58,2,0
4442,10.4698,267.375,2,0
4443,227.383,211.926,2,0
4444,224.828,242.857,2,0
4445,347.216,179.642,2,0
4446,288.363,183.382,2,0
4447,396.064,154.106,2,0
4448,228.602,192.492,2,0
4449,405.491,286.491,2,0
4450,389.272,41.3987,2,0
4451,424.375,271.353,2,0
4452,152.139,104.253,2,0
4453,21.0395,180.385,2,0
4454,403.361,126.883,2,0
4455,491.524,174.617,2,0
4456,207.501,20.1756,2,0
4457,434.339,161.835,2,0
4458,348.275,224.833,2,0
4459,552.204,45.1878,2,0
4460,341.96,221.583,2,0
4461,122.21,20.4885,2,0
4462,25.1886,83.2958,2,0
4463,251.951,241.966,2,0
4464,448.412,225.025,2,0
4465,373.498,231.151,2,0
4466,416.795,34.495,2,0
4467,194.835,267.392,2,0
4468,466.644,206.832,2,0
4469,278.245,166.883,2,0
4470,195.803,234.227,2,0
4471,98.3265,107.382,2,0
4472,432.724,186.62,2,0
4473,229.197,236.756,2,0
4474,160.419,83.1507,2,0
4475,581.736,220.685,2,0
4476,493.802,65.7642,2,0
4477,184.971,225.053,2,0
4478,94.4732,220.064,2,0
4479,45.6058,66.2068,2,0
4480,335.7,115.969,2,0
4481,194.717,103.345,2,0
4482,435.789,107.066,2,0
4483,200.636,100.316,2,0
4484,278.847,45.5317,2,0
4485,475.652,294.801,2,0
4486,188.191,166.471,2,0
4487,139.841,201.027,2,0
4488,286.34,213.675,2,0
4489,249.315,216.451,2,0
4490,177.045,41.9179,2,0
4491,103.991,270.142,2,0
4492,85.0738,32.4613,2,0
4493,573.58,280.195,2,0
4494,276.759,144.645,2,0
4495,303.151,8.4715,2,0
4496,206.693,241.464,2,0
4497,378.657,263.458,2,0
4498,380.348,35.9365,2,0
4499,356.211,274.715,2,0
4500,108.545,235.47,2,0
4501,294.904,292.002,2,0
4502,26.472,203.427,2,0
4503,151.764,34.7152,2,0
4504,596.538,13.4176,2,0
4505,243.222,17.0139,2,0
4506,102.371,177.181,2,0
4507,392.256,161.926,2,0
4508,419.764,84.2511,2,0
4509,177.205,210.462,2,0
4510,31.5772,22.0513,2,0
4511,123.075,25.754,2,0
4512,438.433,6.10844,2,0
4513,239.917,209.043,2,0
4514,33.6966,108.01,2,0
4515,180.567,208.011,2,0
4516,450.567,214.765,2,0
4517,474.21,111.64,2,0
4518,217.811,71.1171,2,0
4519,129.627,190.957,2,0
4520,439.044,55.2183,2,0
4521,333.259,23.6118,2,0
4522,539.793,170.47,2,0
4523,35.8825,266.227,2,0
4524,270.229,143.066,2,0
4525,27.093,190.772,2,0
4526,97.9631,9.79796,2,0
4527,501.035,246.159,2,0
4528,402.833,212.671,2,0
4529,408.648,77.3186,2,0
4530,405.129,59.7778,2,0
4531,248.388,238.176,2,0
4532,269.877,205.839,2,0
4533,206.123,284.436,2,0
4534,222.254,289.45,2,0
4535,248.777,191.955,2,0
4536,161.118,274.778,2,0
4537,411.972,81.5948,2,0
4538,63.6736,13.1248,2,0
4539,590.869,167.226,2,0
4540,10.3453,237.062,2,0
4541,3.92608,99.9513,2,0
4542,512.332,158.301,2,0
4543,131.756,131.478,2,0
4544,145.567,170.498,2,0
4545,530.91,243.416,2,0
4546,316.13,17.1987,2,0
4547,488.657,12.0062,2,0
4548,496.179,128.609,2,0
4549,552.115,195.35,2,0
4550,79.6782,178.913,2,0
4551,514.978,121.076,2,0
4552,215.782,275.594,2,0
4553,281.561,297.474,2,0
4554,289.274,298,2,0
4555,439.974,106.483,2,0
4556,361.934,116.647,2,0
4557,90.9171,286.101,2,0
4558,150.992,159.87,2,0
4559,273.555,173.889,2,0
4560,508.643,254.019,2,0
4561,144.643,36.1782,2,0
4562,381.922,103.682,2,0
4563,124.326,171.683,2,0
4564,141.169,169.39,2,0
4565,212.972,210.829,2,0
4566,218.009,43.8566,2,0
4567,67.6446,229.648,2,0
4568,525.955,21.7553,2,0
4569,32.2075,264.554,2,0
4570,221.583,201.385,2,0
4571,355.193,230.492,2,0
4572,283.809,289.464,2,0
4573,437.438,175.446,2,0
4574,221.169,92.6436,2,0
4575,280.188,115.674,2,0
4576,579.125,76.1807,2,0
4577,496.851,160.338,2,0
4578,226.918,113.81,2,0
4579,210.499,29.4206,2,0
4580,508.92,19.6362,2,0
4581,324.02,279.48,2,0
4582,461.562,40.075,2,0
4583,81.7721,45.8374,2,0
4584,396.44,202.128,2,0
4585,200.309,23.0386,2,0
4586,571.496,166.896,2,0
4587,213.096,226.174,2,0
4588,370.569,264.514,2,0
4589,594.192,260.439,2,0
4590,594.326,62.8908,2,0
4591,392.131,29.9602,2,0
4592,326.345,24.3301,2,0
4593,464.565,74.2015,2,0
4594,8.74621,298.755,2,0
4595,143.411,127.252,2,0
4596,16.0153,57.6411,2,0
4597,359.165,231.486,2,0
4598,297.342,12.5146,2,0
4599,122.645,44.9939,2,0
4600,55.6774,232.506,2,0
4601,451.124,137.328,2,0
4602,458.12,156.771,2,0
4603,132.718,198.103,2,0
4604,270.84,157.666,2,0
4605,339.891,173.659,2,0
4606,159.217,101.484,2,0
4607,392.785,112.873,2,0
4608,111.463,181.387,2,0
4609,266.803,181.285,2,0
4610,101.085,65.068,2,0
4611,120.477,228.763,2,0
4612,46.4453,280.946,2,0
4613,111.815,74.7255,2,0
4614,451.816,174.885,2,0
4615,582.525,7.06047,2,0
4616,425.224,209.671,2,0
4617,192.909,157.16,2,0
4618,565.901,132.532,2,0
4619,153.429,243.354,2,0
4620,294.998,44.8388,2,0
4621,84.1639,164.418,2,0
4622,51.845,167.482,2,0
4623,21.7577,256.861,2,0
4624,246.516,95.5714,2,0
4625,135.317,281.023,2,0
4626,4.39384,18.6357,2,0
4627,464.781,293.226,2,0
4628,62.4168,153.508,2,0
4629,227.024,246.309,2,0
4630,510.253,257.73,2,0
4631,99.3913,95.9812,2,0
4632,480.314,185.182,2,0
4633,490.401,79.983,2,0
4634,18.8414,203.452,2,0
4635,409.801,261.084,2,0
4636,89.2648,275.638,2,0
4637,409.925,188.442,2,0
4638,454.032,150.086,2,0
4639,97.1535,66.4468,2,0
4640,446.481,245.464,2,0
4641,357.26,33.3081,2,0
4642,466.515,174.876,2,0
4643,323.314,263.188,2,0
4644,507.605,233.281,2,0
4645,382.51,62.0567,2,0
4646,538.134,54.1718,2,0
4647,446.801,130.303,2,0
4648,174.164,73.5763,2,0
4649,481.344,263.779,2,0
4650,192.496,32.6715,2,0
4651,288.055,66.5968,2,0
4652,274.156,274.259,2,0
4653,175.938,151.178,2,0
4654,264.784,10.6888,2,0
4655,491.415,58.0157,2,0
4656,138.101,184.388,2,0
4657,427.523,157.079,2,0
4658,528.761,215.119,2,0
4659,376.287,133.934,2,0
4660,174.516,19.6174,2,0
4661,9.96977,107.316,2,0
4662,377.925,92.3685,2,0
4663,472.214,296.892,2,0
4664,302.174,167.358,2,0
4665,324.18,267.104,2,0
4666,59.2275,148.781,2,0
4667,39.4913,112.142,2,0
4668,329.371,242.618,2,0
4669,387.895,125.542,2,0
4670,198.455,73.1227,2,0
4671,356.678,175.695,2,0
4672,137.765,72.0563,2,0
4673,237.531,268.432,2,0
4674,326.505,187.288,2,0
4675,368.606,83.9889,2,0
4676,201.252,217.641,2,0
4677,263.551,198.227,2,0
4678,369.869,188.062,2,0
4679,355.203,43.6855,2,0
4680,300.907,216.571,2,0
4681,361.448,136.327,2,0
4682,579.306,116.966,2,0
4683,368.119,105.699,2,0
4684,522.514,142.676,2,0
4685,275.624,64.6504,2,0
4686,321.963,100.677,2,0
4687,18.9134,239.118,2,0
4688,99.6444,174.128,2,0
4689,464.523,276.957,2,0
4690,57.3991,45.4114,2,0
4691,381.462,96.4383,2,0
4692,454.998,216.956,2,0
4693,274.964,196.304,2,0
4694,139.787,255.873,2,0
4695,543.244,18.9066,2,0
4696,514.361,50.5989,2,0
4697,198.046,154.023,2,0
4698,169.666,275.892,2,0
4699,345.928,214.315,2,0
4700,63.7571,129.193,2,0
4701,294.05,194.915,2,0
4702,133.4,251.621,2,0
4703,3.92507,95.8103,2,0
4704,373.21,283.765,2,0
4705,84.7703,206.373,2,0
4706,130.651,38.6533,2,0
4707,486.95,4.04617,2,0
4708,426.07,15.4889,2,0
4709,82.8735,7.7158,2,0
4710,110.569,69.0937,2,0
4711,463.405,92.2552,2,0
4712,477.614,225.852,2,0
4713,577.638,182.855,2,0
4714,81.9394,78.044,2,0
4715,169.737,78.9922,2,0
4716,69.4224,283.683,2,0
4717,266.276,248.997,2,0
4718,393.045,68.5571,2,0
4719,446.054,43.3943,2,0
4720,73.6509,25.2374,2,0
4721,531.772,8.87755,2,0
4722,456.828,141.879,2,0
4723,336.113,162.657,2,0
4724,557.885,22.6188,2,0
4725,324.842,271.627,2,0
4726,377.629,141.399,2,0
4727,170.46,97.8364,2,0
4728,482.081,231.145,2,0
4729,121.886,70.8019,2,0
4730,42.7197,29.5484,2,0
4731,172.236,223.262,2,0
4732,155.144,266.567,2,0
4733,468.218,59.8179,2,0
4734,296.804,179.761,2,0
4735,592.617,138.791,2,0
4736,94.9571,229.675,2,0
4737,229.461,56.4026,2,0
4738,414.076,274.315,2,0
4739,396.625,275.591,2,0
4740,266.325,36.8312,2,0
4741,514.923,254.186,2,0
4742,544.626,8.04368,2,0
4743,430.859,83.8744,2,0
4744,336.176,171.821,2,0
4745,226.594,164.518,2,0
4746,551.635,189.87,2,0
4747,221.604,33.9355,2,0
4748,367.257,158.966,2,0
4749,365.603,170.659,2,0
4750,201.42,48.6749,2,0
4751,475.569,100.983,2,0
4752,262.182,284.536,2,0
4753,134.816,246.331,2,0
4754,426.5,89.6468,2,0
4755,254.822,297.677,2,0
4756,508.521,181.874,2,0
4757,5.89544,42.3543,2,0
4758,498.568,218.632,2,0
4759,285.796,231.9,2,0
4760,500.747,58.2282,2,0
4761,595.374,267.06,2,0
4762,81.8974,161.077,2,0
4763,200.072,106.129,2,0
4764,414.157,65.388,2,0
4765,153.534,224.236,2,0
4766,264.971,265.55,2,0
4767,71.4641,167.878,2,0
4768,323.721,184.392,2,0
4769,277.568,72.9124,2,0
4770,412.962,142.732,2,0
4771,181.535,6.22149,2,0
4772,401.882,191.644,2,0
4773,60.6988,236.318,2,0
4774,170.375,74.9896,2,0
4775,30.5833,283.783,2,0
4776,106.262,104.66,2,0
4777,322.398,203.617,2,0
4778,215.936,217.359,2,0
4779,103.159,197,2,0
4780,367.451,33.1487,2,0
4781,512.396,58.0832,2,0
4782,445.811,272.397,2,0
4783,368.909,19.8733,2,0
4784,343.659,281.998,2,0
4785,500.158,157.874,2,0
4786,5.73262,113.973,2,0
4787,226.862,267.979,2,0
4788,506.261,121.279,2,0
4789,184.053,114.013,2,0
4790,220.533,293.517,2,0
4791,366.105,209.793,2,0
4792,373.443,38.9801,2,0
4793,250.153,168.092,2,0
4794,168.882,63.6649,2,0
4795,87.7311,271.805,2,0
4796,424.544,293.648,2,0
4797,181.02,197.867,2,0
4798,89.5418,62.2195,2,0
4799,114.193,253.577,2,0
4800,236.964,244.774,2,0
4801,73.1559,274.168,2,0
4802,309.957,193.929,2,0
4803,64.1509,166.759,2,0
4804,144.934,106.104,2,0
4805,394.554,135.681,2,0
4806,297.59,80.113,2,0
4807,363.71,215.752,2,0
4808,504.462,243.75,2,0
4809,414.223,177.731,2,0
4810,216.797,271.609,2,0
4811,268.602,221.945,2,0
4812,349.976,214.935,2,0
4813,533.949,181.161,2,0
4814,592.878,134.696,2,0
4815,89.9789,153.279,2,0
4816,100.666,216.302,2,0
4817,29.4815,236.7,2,0
4818,579.559,124.777,2,0
4819,242.208,56.7697,2,0
4820,491.438,3.06669,2,0
4821,484.34,113.847,2,0
4822,333.374,242.648,2,0
4823,200.326,227.561,2,0
4824,57.0498,109.529,2,0
4825,539.435,188.319,2,0
4826,396.17,30.8136,2,0
4827,544.576,245.57,2,0
4828,568.951,265.613,2,0
4829,379.571,100.096,2,0
4830,241.05,291.085,2,0
4831,527.133,142.377,2,0
4832,577.135,43.3577,2,0
4833,395.975,42.9563,2,0
4834,96.0291,149.176,2,0
4835,188.222,29.9811,2,0
4836,307.12,116.747,2,0
4837,414.002,234.615,2,0
4838,372.64,73.2002,2,0
4839,271.29,209.736,2,0
4840,391.548,129.538,2,0
4841,417.247,277.022,2,0
4842,96.3694,91.2616,2,0
4843,388.624,0.655313,2,0
4844,426.468,213.497,2,0
4845,57.7709,69.9735,2,0
4846,214.072,45.0084,2,0
4847,204.803,109.22,2,0
4848,227.646,257.814,2,0
4849,18.9275,170.439,2,0
4850,383.197,259.792,2,0
4851,23.5299,33.6357,2,0
4852,231.3,165.591,2,0
4853,364.971,95.779,2,0
4854,382.416,31.4326,2,0
4855,576.113,131.969,2,0
4856,483.214,190.092,2,0
4857,348.439,276.042,2,0
4858,24.0112,53.6844,2,0
4859,328.825,294.217,2,0
4860,568.046,16.5831,2,0
4861,174.685,53.8885,2,0
4862,227.73,14.9216,2,0
4863,75.2155,5.82806,2,0
4864,396.797,257.25,2,0
4865,141.995,279.921,2,0
4866,545.318,111.974,2,0
4867,243.687,248.654,2,0
4868,327.38,73.2246,2,0
4869,368.995,175.558,2,0
4870,536.432,267.092,2,0
4871,503.811,86.7638,2,0
4872,105.575,70.8846,2,0
4873,498.118,50.9482,2,0
4874,399.765,155.859,2,0
4875,140.254,216.52,2,0
4876,163.246,39.3384,2,0
4877,316.941,118.158,2,0
4878,290.431,213.998,2,0
4879,556.332,164.388,2,0
4880,269.148,257.819,2,0
4881,313.748,103.23,2,0
4882,552.539,227.643,2,0
4883,261.704,249.371,2,0
4884,250.457,136.088,2,0
4885,29.588,294.606,2,0
4886,217.369,88.0675,2,0
4887,209.248,224.812,2,0
4888,573.533,184.255,2,0
4889,350.101,292.05,2,0
4890,28.1071,244.722,2,0
4891,97.1899,132.373,2,0
4892,170.426,218.972,2,0
4893,420.346,74.2615,2,0
4894,491.35,21.5365,2,0
4895,65.3042,83.8847,2,0
4896,301.152,209.834,2,0
4897,517.105,114.084,2,0
4898,186.793,109.932,2,0
4899,45.678,289.695,2,0
4900,148.054,210.764,2,0
4901,323.558,27.5713,2,0
4902,16.4657,145.213,2,0
4903,254.045,98.1359,2,0
4904,15.634,280.738,2,0
4905,524.396,267.417,2,0
4906,253.102,24.9881,2,0
4907,268.586,130.247,2,0
4908,307.532,87.018,2,0
4909,415.32,157.985,2,0
4910,81.2231,256.177,2,0
4911,219.898,297.65,2,0
4912,123.011,277.677,2,0
4913,75.9916,116.739,2,0
4914,553.588,167.378,2,0
4915,492.079,160.157,2,0
4916,367.772,66.9483,2,0
4917,380.823,76.5466,2,0
4918,476.648,214.7,2,0
4919,140.256,173.457,2,0
4920,555.709,73.3036,2,0
4921,241.914,224.767,2,0
4922,56.7449,178.567,2,0
4923,599.304,289.749,2,0
4924,522.695,168.221,2,0
4925,41.581,75.1348,2,0
4926,355.322,192.051,2,0
4927,322.221,220.624,2,0
4928,537.271,294.85,2,0
4929,230.997,32.5713,2,0
4930,453.308,235.644,2,0
4931,128.697,209.905,2,0
4932,503.327,211.062,2,0
4933,438.259,67.2346,2,0
4934,242.392,31.5407,2,0
4935,64.6246,106.707,2,0
4936,545.278,26.5525,2,0
4937,425.997,64.5379,2,0
4938,90.8908,52.6359,2,0
4939,598.305,153.018,2,0
4940,356.265,74.2697,2,0
4941,309.106,110.113,2,0
4942,476.625,27.5024,2,0
4943,378.173,49.4773,2,0
4944,353.853,122.328,2,0
4945,370.298,42.0373,2,0
4946,301.699,2,2,0
4947,4.23018,243.093,2,0
4948,520.777,250.848,2,0
4949,188.194,48.7289,2,0
4950,232.854,23.6161,2,0
4951,104.669,23.9881,2,0
4952,476,168.233,2,0
4953,583.62,258.718,2,0
4954,325.587,244.853,2,0
4955,16.4385,294.26,2,0
4956,107.777,86.8363,2,0
4957,246.453,39.8679,2,0
4958,333.249,183.156,2,0
4959,519.769,259.264,2,0
4960,490.634,15.4942,2,0
4961,598.266,114.956,2,0
4962,253.914,127.208,2,0
4963,135.54,85.2628,2,0
4964,466.158,202.476,2,0
4965,188.314,0.870842,2,0
4966,471.376,197.414,2,0
4967,179.241,213.931,2,0
4968,308.479,238.087,2,0
4969,176.227,93.1635,2,0
4970,207.936,103.043,2,0
4971,152.636,258.501,2,0
4972,68.475,29.6526,2,0
4973,141.586,118.777,2,0
4974,21.7676,117.292,2,0
4975,296.743,76.0341,2,0
4976,353.568,178.346,2,0
4977,361.338,29.3306,2,0
4978,236.034,44.8084,2,0
4979,13.5697,87.2327,2,0
4980,254.745,221.982,2,0
4981,323.383,149.945,2,0
4982,189.037,247.093,2,0
4983,311.95,168.649,2,0
4984,73.5097,140.346,2,0
4985,304.868,160.258,2,0
4986,582.622,73.3805,2,0
4987,390.705,183.132,2,0
4988,558.572,285.061,2,0
4989,240.001,215.166,2,0
4990,289.873,170.475,2,0
4991,113.837,122.018,2,0
4992,545.2,57.3541,2,0
4993,480.755,130.758,2,0
4994,329.394,69.7298,2,0
4995,55.0736,144.161,2,0
4996,246.033,297.34,2,0
4997,93.876,77.316,2,0
4998,341.895,239.93,2,0
4999,119.486,28.0092,2,0
5000,356.987,180.53,2,0
5001,201.913,84.1144,2,0
5002,179.799,138.346,2,0
5003,379.344,145.195,2,0
5004,86.7521,263.78,2,0
5005,10.2041,263.189,2,0
5006,33.3611,157.423,2,0
5007,551.746,119.382,2,0
5008,352.796,240.931,2,0
5009,379.545,107.687,2,0
5010,340.231,179.603,2,0
5011,125.361,201.673,2,0
5012,137.448,40.8169,2,0
5013,419.927,26.9941,2,0
5014,15.413,177.768,2,0
5015,211.16,189.649,2,0
5016,180.683,39.609,2,0
5017,308.361,66.7465,2,0
5018,221.851,9.9489,2,0
5019,147.069,22.6394,2,0
5020,244.229,293.685,2,0
5021,98.3628,29.2807,2,0
5022,185.503,85.8383,2,0
5023,539.205,19.7819,2,0
5024,67.823,256.174,2,0
5025,493.132,284.275,2,0
5026,550.039,165.457,2,0
5027,414.686,27.6757,2,0
5028,274.625,165.032,2,0
5029,429.778,138.964,2,0
5030,430.502,232.738,2,0
5031,385.35,251.932,2,0
5032,431.03,87.9942,2,0
5033,320.724,271.104,2,0
5034,100.81,140.248,2,0
5035,65.4548,248.475,2,0
5036,584.895,238.526,2,0
5037,116.817,119.256,2,0
5038,318.962,292.446,2,0
5039,443.035,47.43,2,0
5040,114.527,101.001,2,0
5041,381.246,218.959,2,0
5042,382.806,255.194,2,0
5043,188.29,36.8573,2,0
5044,599.582,10.0986,2,0
5045,486.755,245.217,2,0
5046,517.846,236.962,2,0
5047,151.725,29.3239,2,0
5048,82.8642,131.05,2,0
5049,263.889,102.463,2,0
5050,553.92,134.988,2,0
5051,294.338,49.0319,2,0
5052,148.107,146.971,2,0
5053,517.304,230.105,2,0
5054,311.602,275.003,2,0
5055,32.3254,93.1154,2,0
5056,59.7447,232.293,2,0
5057,428.513,259.629,2,0
5058,363.74,198.089,2,0
5059,174.467,269.214,2,0
5060,402.062,62.4024,2,0
5061,419.955,239.418,2,0
5062,395.052,26.9487,2,0
5063,142.67,2,2,0
5064,578.025,96.7501,2,0
5065,170.039,108.627,2,0
5066,552.756,162.479,2,0
5067,331.396,283.715,2,0
5068,429.306,68.7201,2,0
5069,212.44,79.1582,2,0
5070,523.987,159.468,2,0
5071,54.2424,117.38,2,0
5072,525.36,246.326,2,0
5073,501.159,282.96,2,0
5074,554.89,78.4998,2,0
5075,248.751,250.842,2,0
5076,59.017,49.1302,2,0
5077,262.863,239.805,2,0
5078,590.187,51.5657,2,0
5079,10.3816,5.5024,2,0
5080,488.857,139.06,2,0
5081,104.295,142.492,2,0
5082,147.391,186.602,2,0
5083,584.283,217.591,2,0
5084,319.593,83.9107,2,0
5085,398.767,165.63,2,0
5086,18.1123,32.6629,2,0
5087,293.163,109.945,2,0
5088,396.334,132.079,2,0
5089,276.143,116.322,2,0
5090,450.059,274.975,2,0
5091,199.094,134.645,2,0
5092,208.278,229.492,2,0
5093,569.356,182.026,2,0
5094,434.106,182.76,2,0
5095,315.442,55.5201,2,0
5096,332.213,41.1313,2,0
5097,256.804,283.247,2,0
5098,409.828,286.257,2,0
5099,56.1969,136.242,2,0
5100,528.378,277.312,2,0
5101,257.387,69.8939,2,0
5102,492.861,61.8389,2,0
5103,273.897,264.046,2,0
5104,268.204,202.065,2,0
5105,103.19,228.646,2,0
5106,164.453,82.6476,2,0
5107,259.882,162.901,2,0
5108,330.6,205.087,2,0
5109,499.534,23.3809,2,0
5110,561.042,278.816,2,0
5111,99.9766,35.907,2,0
5112,332.868,58.0936,2,0
5113,358.089,200.078,2,0
5114,39.2523,71.863,2,0
5115,317.568,12.7958,2,0
5116,370.538,293.352,2,0
5117,539.268,36.3177,2,0
5118,409.097,58.8172,2,0
5119,97.5401,84.0288,2,0
5120,507.353,238.217,2,0
5121,418.317,263.204,2,0
5122,67.3669,109.644,2,0
5123,159.047,25.8503,2,0
5124,59.9564,10.2328,2,0
5125,392.182,44.281,2,0
5126,259.545,77.8005,2,0
5127,66.5406,144.034,2,0
5128,52.4403,184.143,2,0
5129,154.733,14.2097,2,0
5130,385.841,155.074,2,0
5131,53.3149,158.94,2,0
5132,269.492,89.016,2,0
5133,82.3699,284.069,2,0
5134,369.756,142.418,2,0
5135,442.826,53.5126,2,0
5136,3.2287,106.084,2,0
5137,23.6452,188.444,2,0
5138,492.909,54.3005,2,0
5139,262.889,66.7055,2,0
5140,489.337,280.741,2,0
5141,437.23,185.729,2,0
5142,380.53,173.788,2,0
5143,203.231,134.692,2,0
5144,294.313,239.877,2,0
5145,182.577,168.155,2,0
5146,432.463,228.592,2,0
5147,369.032,252.635,2,0
5148,284.803,33.625,2,0
5149,393.349,147.813,2,0
5150,42.8048,11.9216,2,0
5151,38.5713,11.6676,2,0
5152,380.266,227.325,2,0
5153,496.354,298,2,0
5154,553.765,267.607,2,0
5155,146.007,150.934,2,0
5156,143.666,274.193,2,0
5157,538.803,166.364,2,0
5158,424.524,238.125,2,0
5159,506.402,12.2746,2,0
5160,468.671,292.094,2,0
5161,252.742,289.502,2,0
5162,312.648,107.7,2,0
5163,455.302,282.287,2,0
5164,115.286,19.79,2,0
5165,132.747,209.305,2,0
5166,199.084,194.428,2,0
5167,323.562,84.514,2,0
5168,254.325,188.823,2,0
5169,223.066,136.359,2,0
5170,171.392,148.407,2,0
5171,540.281,281.977,2,0
5172,507.278,46.5167,2,0
5173,580.307,269.262,2,0
5174,301.975,258.277,2,0
5175,307.349,224.826,2,0
5176,454.581,201.79,2,0
5177,273.217,80.0582,2,0
5178,76.7917,19.3093,2,0
5179,464.959,247.78,2,0
5180,383.747,246.411,2,0
5181,192.442,78.4531,2,0
5182,89.938,39.4814,2,0
5183,491.381,264.131,2,0
5184,27.108,12.9884,2,0
5185,90.1432,12.2685,2,0
5186,564.794,289.751,2,0
5187,281.95,191.616,2,0
5188,9.71424,158.049,2,0
5189,207.711,275.306,2,0
5190,81.9539,249.825,2,0
5191,7.03693,240.036,2,0
5192,398.446,57.5171,2,0
5193,522.037,243.969,2,0
5194,57.4411,227.861,2,0
5195,226.513,299.97,2,0
5196,201.661,65.8146,2,0
5197,439.241,168.209,2,0
5198,135.433,65.1299,2,0
5199,392.786,257.045,2,0
5200,45.567,62.1332,2,0
5201,53.3672,243.799,2,0
5202,79.3283,147.991,2,0
5203,187.919,97.1491,2,0
5204,145.141,75.8838,2,0
5205,279.012,123.617,2,0
5206,381.568,152.764,2,0
5207,190.897,52.1614,2,0
5208,44.2878,169.581,2,0
5209,586.726,203.451,2,0
5210,429.434,17.8722,2,0
5211,27.8962,5.96568,2,0
5212,492.725,112.721,2,0
5213,409.179,241.027,2,0
5214,109.491,162.164,2,0
5215,345.528,265.203,2,0
5216,45.937,15.3215,2,0
5217,170.22,2,2,0
5218,16.0059,289.552,2,0
5219,369.99,260.55,2,0
5220,24.6864,246.978,2,0
5221,287.288,159.837,2,0
5222,495.77,287.589,2,0
5223,141.803,71.3342,2,0
5224,355.877,211.887,2,0
5225,379.138,53.5998,2,0
5226,52.4974,109.964,2,0
5227,60.4185,38.0116,2,0
5228,44.6312,192.142,2,0
5229,571.045,274.886,2,0
5230,31.0515,274.437,2,0
5231,397.049,0.402156,2,0
5232,316.225,185.315,2,0
5233,171.529,93.5849,2,0
5234,292.526,131.625,2,0
5235,243.631,218.985,2,0
5236,270.689,171.039,2,0
5237,182.737,229.378,2,0
5238,302.319,75.8711,2,0
5239,216.677,75.909,2,0
5240,157.742,32.5352,2,0
5241,302.705,206.075,2,0
5242,146.979,246.453,2,0
5243,585.899,143.694,2,0
5244,516.429,17.0305,2,0
5245,226.93,86.8038,2,0
5246,391.361,64.8235,2,0
5247,379.052,10.1931,2,0
5248,587.98,55.8813,2,0
5249,186.131,93.2705,2,0
5250,286.457,44.6078,2,0
5251,556.399,151.8,2,0
5252,425.759,224.516,2,0
5253,175.113,177.189,2,0
5254,112.274,15.1625,2,0
5255,391.237,101.074,2,0
5256,108.663,214.161,2,0
5257,148.833,137.111,2,0
5258,434.514,124.937,2,0
5259,542.417,180.94,2,0
5260,598.068,194.981,2,0
5261,221.536,57.5232,2,0
5262,396.141,75.3577,2,0
5263,238.294,49.7475,2,0
5264,36.0713,125.41,2,0
5265,542.374,231.869,2,0
5266,389.27,212.17,2,0
5267,327.953,269.038,2,0
5268,342.053,143.46,2,0
5269,78.3761,188.828,2,0
5270,237.394,289.373,2,0
5271,367.82,217.755,2,0
5272,49.9592,246.923,2,0
5273,27.5086,171.236,2,0
5274,133.243,102.071,2,0
5275,544.158,131.604,2,0
5276,224.793,279.234,2,0
5277,213.141,40.6353,2,0
5278,21.5955,175.817,2,0
5279,407.414,102.083,2,0
5280,27.3817,211.84,2,0
5281,288.554,228.81,2,0
5282,356.209,96.4904,2,0
5283,535.627,243.044,2,0
5284,276.761,257.177,2,0
5285,402.623,89.4601,2,0
5286,164.494,195.594,2,0
5287,34.5778,295.02,2,0
5288,554.684,53.9967,2,0
5289,88.0715,141.857,2,0
5290,479.76,42.9191,2,0
5291,19.2215,208.482,2,0
5292,530.16,296.013,2,0
5293,49.3802,74.0504,2,0
5294,576.384,268.099,2,0
5295,133.937,236.937,2,0
5296,7.18208,11.6284,2,0
5297,25.6157,9.27607,2,0
5298,89.1985,96.8976,2,0
5299,457.945,297.167,2,0
5300,299.361,224.973,2,0
5301,580.401,256.342,2,0
5302,372.598,128.942,2,0
5303,217.387,123.79,2,0
5304,388.833,200.754,2,0
5305,487.43,206.28,2,0
5306,230.356,98.6465,2,0
5307,59.4437,259.532,2,0
5308,257.563,252.048,2,0
5309,49.4302,242.95,2,0
5310,520.277,240.348,2,0
5311,132.692,170.405,2,0
5312,584.824,58.4107,2,0
5313,499.212,203.228,2,0
5314,531.241,51.9706,2,0
5315,520.236,60.4533,2,0
5316,531.646,56.0717,2,0
5317,116.543,282.636,2,0
5318,169.431,31.2911,2,0
5319,487.031,161.154,2,0
5320,220.517,85.5049,2,0
5321,291.383,33.6919,2,0
5322,320.175,120.63,2,0
5323,226.396,26.8318,2,0
5324,100.379,298,2,0
5325,270.41,126.659,2,0
5326,331.398,27.3224,2,0
5327,359.505,132.8,2,0
5328,523.462,63.3272,2,0
5329,20.0512,289.184,2,0
5330,203.515,222.017,2,0
5331,313.854,196.596,2,0
5332,401.808,52.855,2,0
5333,110.682,52.6145,2,0
5334,271.26,83.8491,2,0
5335,75.3287,213.339,2,0
5336,478.94,3.45371,2,0
5337,338.955,93.74,2,0
5338,391.133,225.482,2,0
5339,463.002,22.5264,2,0
5340,503.808,226.262,2,0
5341,114.689,42.4984,2,0
5342,457.511,102.822,2,0
5343,325.972,141.442,2,0
5344,134.295,54.8115,2,0
5345,61.3172,242.254,2,0
5346,18.4683,98.1116,2,0
5347,320.718,281.897,2,0
5348,554.046,231.936,2,0
5349,588.469,108.988,2,0
5350,239.718,78.1703,2,0
5351,473.301,247.776,2,0
5352,416.081,97.7713,2,0
5353,188.12,183.275,2,0
5354,344.943,278.116,2,0
5355,42.2511,292.701,2,0
5356,194.498,275.583,2,0
5357,584.403,124.058,2,0
5358,285.628,72.8088,2,0
5359,340.223,192.609,2,0
5360,106.577,217.669,2,0
5361,243.698,213.59,2,0
5362,572.916,13.5765,2,0
5363,481.312,195.503,2,0
5364,231.696,41.3675,2,0
5365,404.39,172.589,2,0
5366,171.158,168.226,2,0
5367,558.125,198.972,2,0
5368,401.699,97.7188,2,0
5369,177.584,47.4919,2,0
5370,494.591,74.0548,2,0
5371,397.14,169.315,2,0
5372,417.755,154.809,2,0
5373,432.497,47.2055,2,0
5374,421.25,174.146,2,0
5375,499.774,226.996,2,0
5376,146.054,89.5539,2,0
5377,103.124,206.141,2,0
5378,426.106,217.5,2,0
5379,161.592,298,2,0
5380,47.5616,9.58054,2,0
5381,509.795,250.174,2,0
5382,492.476,212.404,2,0
5383,318.179,162.827,2,0
5384,131.34,164.333,2,0
5385,68.1346,271.911,2,0
5386,115.775,260.954,2,0
5387,534.178,67.8104,2,0
5388,577.63,167.515,2,0
5389,80.8691,166.931,2,0
5390,411.232,158.1,2,0
5391,562.321,167.944,2,0
5392,474.379,200.226,2,0
5393,32.351,68.4537,2,0
5394,482.269,46.4922,2,0
5395,384.788,119.414,2,0
5396,9.6348,148.123,2,0
5397,21.9392,200.806,2,0
5398,41.3032,194.438,2,0
5399,239.107,238.172,2,0
5400,112.265,222.4,2,0
5401,352.478,72.9333,2,0
5402,358.139,293.224,2,0
5403,148.439,286.121,2,0
5404,21.9924,155.363,2,0
5405,418.895,282.332,2,0
5406,107.659,33.0115,2,0
5407,586.328,50.0092,2,0
5408,37.1821,197.294,2,0
5409,388.559,150.858,2,0
5410,448.948,220.256,2,0
5411,536.393,172.734,2,0
5412,571.248,260.293,2,0
5413,372.44,182.796,2,0
5414,275.813,184.563,2,0
5415,298.954,57.8431,2,0
5416,337.218,8.73679,2,0
5417,278.319,53.1485,2,0
5418,334.196,96.9947,2,0
5419,578.114,278.914,2,0
5420,430.19,96.8639,2,0
5421,176.915,275.373,2,0
5422,460.605,55.257,2,0
5423,451.341,257.92,2,0
5424,188.352,286.898,2,0
5425,427.875,76.2354,2,0
5426,366.732,258.142,2,0
5427,327.163,34.6711,2,0
5428,479.686,30.6707,2,0
5429,387.138,193.369,2,0
5430,217.664,34.9599,2,0
5431,576.742,147.625,2,0
5432,264.476,122.714,2,0
5433,491.095,76.0273,2,0
5434,573.817,17.5145,2,0
5435,495.928,233.598,2,0
5436,577.878,291.003,2,0
5437,73.2127,242.964,2,0
5438,402.654,248.204,2,0
5439,28.6004,145.037,2,0
5440,426.343,175.168,2,0
5441,298.646,184.367,2,0
5442,549.799,93.3626,2,0
5443,40.2426,220.734,2,0
5444,113.85,127.619,2,0
5445,557.769,133.492,2,0
5446,596.053,54.569,2,0
5447,69.456,275.755,2,0
5448,355.165,144.807,2,0
5449,14.6009,83.1243,2,0
5450,220.659,273.381,2,0
5451,577.455,272.233,2,0
5452,272.871,2,2,0
5453,296.293,222.28,2,0
5454,526.124,296.742,2,0
5455,430.809,247.376,2,0
5456,436.496,46.6805,2,0
5457,519.689,102.753,2,0
5458,345.019,242.499,2,0
5459,381.678,19.9563,2,0
5460,40.4688,161.501,2,0
5461,337.807,106.48,2,0
5462,49.8624,66.6369,2,0
5463,69.3257,139.236,2,0
5464,449.988,4.95522,2,0
5465,125.661,22.671,2,0
5466,118.181,69.2077,2,0
5467,90.6597,158.737,2,0
5468,570.289,252.248,2,0
5469,9.95918,113.507,2,0
5470,123.763,99.8876,2,0
5471,352.136,185.228,2,0
5472,209.152,162.034,2,0
5473,250.23,286.228,2,0
5474,452.485,73.1335,2,0
5475,371.043,297.491,2,0
5476,488.52,143.137,2,0
5477,247.666,178.29,2,0
5478,55.4997,84.4547,2,0
5479,364.922,18.6572,2,0
5480,256.853,138.438,2,0
5481,162.318,130.866,2,0
5482,341.368,235.822,2,0
5483,56.6037,298,2,0
5484,132.389,268.746,2,0
5485,348.802,154.799,2,0
5486,203.625,253.068,2,0
5487,250.582,132.033,2,0
5488,361.905,120.905,2,0
5489,567.869,204.707,2,0
5490,0.953357,192.037,2,0
5491,271.592,122.714,2,0
5492,125.667,158.608,2,0
5493,356.886,289.005,2,0
5494,14.1731,197.21,2,0
5495,382.037,87.1102,2,0
5496,557.378,129.45,2,0
5497,35.2136,71.3981,2,0
5498,27.8026,258.18,2,0
5499,446.731,94.6008,2,0
5500,35.6249,274.17,2,0
5501,538.297,134.366,2,0
5502,326.448,66.8154,2,0
5503,592.991,16.3133,2,0
5504,100.901,110.52,2,0
5505,501.204,12.4595,2,0
5506,296.79,136.108,2,0
5507,596.608,131.34,2,0
5508,478.252,46.6291,2,0
5509,427.626,21.4586,2,0
5510,508.154,276.007,2,0
5511,568.672,174.46,2,0
5512,297.919,3.4845,2,0
5513,562.807,142.548,2,0
5514,173.393,100.7,2,0
5515,224.808,36.7338,2,0
5516,343.963,117.996,2,0
5517,456.211,264.925,2,0
5518,40.2803,32.9397,2,0
5519,89.7123,92.6185,2,0
5520,254.256,167.983,2,0
5521,573.374,249.646,2,0
5522,557.845,295.695,2,0
5523,197.621,183.694,2,0
5524,324.495,113.89,2,0
5525,420.506,41.6252,2,0
5526,60.8501,178.43,2,0
5527,178.109,166.592,2,0
5528,298.289,169.696,2,0
5529,550.034,247.617,2,0
5530,456.688,293.23,2,0
5531,317.577,220.803,2,0
5532,188.38,251.047,2,0
5533,573.731,244.336,2,0
5534,503.79,4.39492,2,0
5535,229.325,230.248,2,0
5536,168.463,27.3507,2,0
5537,144.514,45.7886,2,0
5538,466.246,102.395,2,0
5539,317.905,125.428,2,0
5540,141.796,228.477,2,0
5541,259.727,292.307,2,0
5542,99.3684,289.632,2,0
5543,593.473,35.7265,2,0
5544,453.525,295.696,2,0
5545,285.73,296.138,2,0
5546,372.323,61.1179,2,0
5547,252.641,160.417,2,0
5548,94.7688,189.585,2,0
5549,104.312,108.201,2,0
5550,488.114,112.187,2,0
5551,338.752,299.589,2,0
5552,575.277,257.548,2,0
5553,185.376,276.48,2,0
5554,317.505,101.101,2,0
5555,369.203,101.846,2,0
5556,263.18,165.495,2,0
5557,268.105,232.512,2,0
5558,443.383,283.693,2,0
5559,460.716,294.159,2,0
5560,268.794,111.13,2,0
5561,533.376,293.57,2,0
5562,62.2167,6.8627,2,0
5563,483.566,146.976,2,0
5564,35.0244,26.9713,2,0
5565,204.041,57.7403,2,0
5566,444.702,139.015,2,0
5567,268.034,61.4484,2,0
5568,368.524,130.259,2,0
5569,442.69,65.1128,2,0
5570,83.6098,266.554,2,0
5571,80.8887,274.69,2,0
5572,53.1663,101.663,2,0
5573,528.953,254.394,2,0
5574,589.969,47.4089,2,0
5575,295.569,226.49,2,0
5576,516.306,66.5576,2,0
5577,306.628,52.1182,2,0
5578,501.727,64.2589,2,0
5579,598.256,41.6455,2,0
5580,74.0827,43.8252,2,0
5581,206.628,84.3356,2,0
5582,235.767,148.954,2,0
5583,60.8983,2,2,0
5584,549.769,231.961,2,0
5585,429.266,108.697,2,0
5586,119.171,32.0948,2,0
5587,178.201,17.8709,2,0
5588,50.3525,104.58,2,0
5589,10.7297,81.9441,2,0
5590,188.445,194.789,2,0
5591,155.655,261.296,2,0
5592,392.09,170.239,2,0
5593,84.5984,134.742,2,0
5594,205.186,100.125,2,0
5595,499.392,34.5133,2,0
5596,9.79294,257.439,2,0
5597,88.9269,236.492,2,0
5598,232.376,277.578,2,0
5599,364.142,203.125,2,0
5600,87.5768,50.1775,2,0
5601,14.7647,35.0888,2,0
5602,164.103,290.081,2,0
5603,274.979,94.8092,2,0
5604,1.79691,198.988,2,0
5605,533.91,5.45288,2,0
5606,547.319,168.508,2,0
5607,544.302,292.129,2,0
5608,568.719,76.514,2,0
5609,563.458,257.295,2,0
5610,539.182,257.845,2,0
5611,79.6028,81.4384,2,0
5612,269.792,134.233,2,0
5613,65.6321,156.058,2,0
5614,365.918,150.997,2,0
5615,428.776,93.0651,2,0
5616,279.376,186.713,2,0
5617,584.24,262.671,2,0
5618,166.93,228.055,2,0
5619,15.4859,23.6537,2,0
5620,242.115,179.866,2,0
5621,398.73,194.21,2,0
5622,162.781,117.78,2,0
5623,322.116,161.725,2,0
5624,96.4922,257.519,2,0
5625,283.877,256.971,2,0
5626,187.437,125.839,2,0
5627,548.468,228.119,2,0
5628,323.842,122.654,2,0
5629,561.936,227.862,2,0
5630,369.331,196.213,2,0
5631,451.658,130.899,2,0
5632,248.901,87.1751,2,0
5633,309.966,160.572,2,0
5634,505.053,114.653,2,0
5635,138.503,283.522,2,0
5636,42.2903,119.381,2,0
5637,46.371,212.382,2,0
5638,484.78,269.996,2,0
5639,180.336,258.047,2,0
5640,332.649,14.1877,2,0
5641,503.677,100.6,2,0
5642,136.761,103.992,2,0
5643,203.311,20.2433,2,0
5644,404.635,5.49499,2,0
5645,71.9072,292.19,2,0
5646,448.15,211.437,2,0
5647,200.105,232.801,2,0
5648,375.193,4.52006,2,0
5649,7.66689,183.347,2,0
5650,178.803,104.979,2,0
5651,522.46,225.223,2,0
5652,20.0368,51.9431,2,0
5653,559.286,159.587,2,0
5654,221.041,219.923,2,0
5655,476.664,7.50941,2,0
5656,146.742,9.93809,2,0
5657,316.364,73.6918,2,0
5658,304.466,232.445,2,0
5659,258.648,65.9116,2,0
5660,445.8,6.66206,2,0
5661,48.9988,163.678,2,0
5662,539.158,159.643,2,0
5663,405.193,240.587,2,0
5664,596.12,175.249,2,0
5665,82.076,115.805,2,0
5666,260.664,193.658,2,0
5667,225.601,126.641,2,0
5668,130.649,259.089,2,0
5669,142.656,10.1298,2,0
5670,61.9945,65.0054,2,0
5671,498.622,70.2829,2,0
5672,287.923,80.7812,2,0
5673,91.3618,270.059,2,0
5674,382.574,161.975,2,0
5675,353.88,8.85066,2,0
5676,397.017,289.072,2,0
5677,110.193,61.603,2,0
5678,390.952,236.747,2,0
5679,94.0411,55.32,2,0
5680,579.707,163.913,2,0
5681,306.012,141.89,2,0
5682,75.6539,168.005,2,0
5683,146.386,204.449,2,0
5684,541.976,200.325,2,0
5685,290.464,157.147,2,0
5686,136.989,249.8,2,0
5687,593.413,147.625,2,0
5688,280.165,263.039,2,0
5689,178.34,180.745,2,0
5690,557.932,179.568,2,0
5691,1.20601,259.819,2,0
5692,294.598,234.773,2,0
5693,240.246,53.2485,2,0
5694,557.694,103.953,2,0
5695,395.85,65.0564,2,0
5696,12.3693,91.1557,2,0
5697,293.708,280.365,2,0
5698,440.347,244.777,2,0
5699,501.82,96.8386,2,0
5700,140.673,267.408,2,0
5701,108.748,56.4016,2,0
5702,505.958,257.86,2,0
5703,300.667,125.634,2,0
5704,268.035,18.4818,2,0
5705,164.342,272.397,2,0
5706,4.13512,25.6238,2,0
5707,10.2602,152.104,2,0
5708,485.661,212.201,2,0
5709,539.548,212.548,2,0
5710,364.504,246.377,2,0
5711,3.75445,189.172,2,0
5712,508.722,60.0197,2,0
5713,435.048,132.809,2,0
5714,586.999,81.472,2,0
5715,564.908,109.981,2,0
5716,312.4,187.831,2,0
5717,136.654,210.513,2,0
5718,316.952,249.422,2,0
5719,28.6795,107.939,2,0
5720,72.3327,118.481,2,0
5721,234.272,66.8155,2,0
5722,406.516,186.259,2,0
5723,9.0688,284.713,2,0
5724,406.684,271.222,2,0
5725,538.985,25.591,2,0
5726,11.3529,200.353,2,0
5727,486.778,258.764,2,0
5728,50.1681,117.61,2,0
5729,260.732,24.1981,2,0
5730,340.675,162.29,2,0
5731,207.065,177.397,2,0
5732,1.56957,59.4146,2,0
5733,309.65,2.81141,2,0
5734,500.648,38.4546,2,0
5735,310.212,147.553,2,0
5736,113.071,284.787,2,0
5737,35.3737,80.2381,2,0
5738,424.43,30.6117,2,0
5739,401.729,237.454,2,0
5740,478.865,239.568,2,0
5741,252.07,282.544,2,0
5742,562.758,81.0365,2,0
5743,167.34,147.615,2,0
5744,281.657,106.07,2,0
5745,339.059,280.136,2,0
5746,471.787,131.737,2,0
5747,181.592,48.0798,2,0
5748,127.045,277.331,2,0
5749,371.262,34.4999,2,0
5750,490.184,51.3044,2,0
5751,92.1702,249.278,2,0
5752,181.37,99.8926,2,0
5753,297.504,230.211,2,0
5754,188.287,73.1258,2,0
5755,450.991,208.469,2,0
5756,417.75,247.529,2,0
5757,416.17,151.106,2,0
5758,57.4586,73.9745,2,0
5759,42.432,7.93075,2,0
5760,231.784,15.7956,2,0
5761,391.551,109.006,2,0
5762,509.305,172.988,2,0
5763,191.183,136.586,2,0
5764,517.708,163.844,2,0
5765,195.195,135.871,2,0
5766,114.836,227.027,2,0
5767,496.423,193.643,2,0
5768,322.286,230.844,2,0
5769,381.467,157.994,2,0
5770,53.9007,247.932,2,0
5771,180.182,184.524,2,0
5772,75.6634,76.8405,2,0
5773,38.4833,249.574,2,0
5774,16.3237,3.47173,2,0
5775,344.547,273.884,2,0
5776,533.455,287.509,2,0
5777,284.803,6.08726,2,0
5778,414.579,38.0536,2,0
5779,8.40672,98.9552,2,0
5780,413.426,154.323,2,0
5781,130.757,254.989,2,0
5782,462.628,219.384,2,0
5783,470.878,284.392,2,0
5784,248.946,13.4264,2,0
5785,116.746,56.7698,2,0
5786,167.585,288.096,2,0
5787,196.747,15.6679,2,0
5788,118.21,271.53,2,0
5789,5.78654,154.901,2,0
5790,559.177,186.472,2,0
5791,552.871,148.941,2,0
5792,510.296,109.938,2,0
5793,29.685,226.814,2,0
5794,567.999,129.102,2,0
5795,443.56,112.642,2,0
5796,263.528,86.6369,2,0
5797,305.959,228.593,2,0
5798,238.263,283.562,2,0
5799,569.689,278.907,2,0
5800,178.553,162.494,2,0
5801,114.295,212.987,2,0
5802,199.679,201.056,2,0
5803,200.722,27.0825,2,0
5804,294.003,206.055,2,0
5805,469.585,246.116,2,0
5806,544.614,160.675,2,0
5807,257.205,142.549,2,0
5808,38.966,295.113,2,0
5809,198.862,282.367,2,0
5810,316.119,7.42265,2,0
5811,399.989,159.98,2,0
5812,538.226,233.27,2,0
5813,261.197,214.609,2,0
5814,306.15,291.318,2,0
5815,85.8857,178.334,2,0
5816,395.603,38.9678,2,0
5817,401.918,138.831,2,0
5818,366.16,221.724,2,0
5819,416.191,173.13,2,0
5820,359.204,145.877,2,0
5821,491.104,194.59,2,0
5822,337.457,156.487,2,0
5823,368.808,284.596,2,0
5824,68.8666,260.522,2,0
5825,163.895,52.5506,2,0
5826,387.601,234.231,2,0
5827,343.795,177.538,2,0
5828,78.0948,44.135,2,0
5829,458.101,251.591,2,0
5830,220.676,259.095,2,0
5831,234.157,284.298,2,0
5832,500.458,54.1966,2,0
5833,26.4631,46.3712,2,0
5834,321.889,126.147,2,0
5835,269.245,213.402,2,0
5836,103.541,220.473,2,0
5837,423.952,183.969,2,0
5838,324.087,20.8581,2,0
5839,582.258,87.4124,2,0
5840,290.362,122.835,2,0
5841,90.6501,123.111,2,0
5842,206.636,136.988,2,0
5843,25.4704,254.902,2,0
5844,421.718,248.099,2,0
5845,260.682,288.385,2,0
5846,135.711,254.897,2,0
5847,437.735,265.161,2,0
5848,466.221,288.826,2,0
5849,73.6539,67.978,2,0
5850,292.378,61.1289,2,0
5851,6.37978,6.37757,2,0
5852,561.528,94.8037,2,0
5853,564.74,214.618,2,0
5854,276.714,271.061,2,0
5855,346.692,125.863,2,0
5856,158.122,192.046,2,0
5857,199.129,139.077,2,0
5858,423.866,83.1369,2,0
5859,312.033,179.641,2,0
5860,53.9147,25.2244,2,0
5861,48.1602,31.7606,2,0
5862,144.79,263.038,2,0
5863,410.946,170.333,2,0
5864,283.109,210.435,2,0
5865,506.879,98.0628,2,0
5866,419.562,166.377,2,0
5867,590.662,291.854,2,0
5868,560.337,120.677,2,0
5869,145.454,213.808,2,0
5870,150.51,8.57922,2,0
5871,282.16,110.182,2,0
5872,480.098,102.077,2,0
5873,423.578,166.323,2,0
5874,128.254,161.763,2,0
5875,52.4217,298,2,0
5876,153.021,120.479,2,0
5877,319.335,35.7883,2,0
5878,588.679,198.484,2,0
5879,229.206,60.426,2,0
5880,41.4926,19.9058,2,0
5881,343.062,258.149,2,0
5882,101.712,105.099,2,0
5883,536.238,125.106,2,0
5884,379.671,179.196,2,0
5885,426.358,298.786,2,0
5886,577.054,71.164,2,0
5887,506.253,150.343,2,0
5888,161.166,189.263,2,0
5889,250.023,113.053,2,0
5890,305.914,247.124,2,0
5891,158.257,152.874,2,0
5892,203.688,200.255,2,0
5893,184.496,149.577,2,0
5894,200.597,33.3917,2,0
5895,364.193,163.034,2,0
5896,328.413,157.21,2,0
5897,562.361,206.878,2,0
5898,175.081,206.993,2,0
5899,430.187,104.761,2,0
5900,240.974,62.6693,2,0
5901,273.001,91.0938,2,0
5902,523.677,16.1202,2,0
5903,63.1445,69.0395,2,0
5904,390.201,55.1939,2,0
5905,90.4969,43.4747,2,0
5906,500.459,127.396,2,0
5907,159.663,200.819,2,0
5908,18.5009,11.3625,2,0
5909,348.456,59.7512,2,0
5910,159.68,7.66956,2,0
5911,465.201,16.4217,2,0
5912,597.686,248.894,2,0
5913,333.363,295.899,2,0
5914,369.371,53.7537,2,0
5915,550.586,97.4436,2,0
5916,431.779,114.896,2,0
5917,262.447,74.9812,2,0
5918,175.293,137.239,2,0
5919,504.006,8.56201,2,0
5920,304.718,65.0917,2,0
5921,539.067,250.462,2,0
5922,538.899,238.013,2,0
5923,98.3265,261.144,2,0
5924,317.58,237.276,2,0
5925,421.431,13.8508,2,0
5926,453.477,261.767,2,0
5927,445.172,0.116978,2,0
5928,332.084,65.7612,2,0
5929,94.3398,106.515,2,0
5930,544.665,66.9748,2,0
5931,110.061,240.046,2,0
5932,169.046,171.652,2,0
5933,319.562,136.345,2,0
5934,289.14,70.5335,2,0
5935,316.485,208.298,2,0
5936,183.588,42.6045,2,0
5937,97.3308,265.863,2,0
5938,130.485,186.958,2,0
5939,183.197,132.467,2,0
5940,368.171,7.55964,2,0
5941,322.618,80.4315,2,0
5942,234.818,167.637,2,0
5943,258.226,187.341,2,0
5944,68.715,237.15,2,0
5945,32.596,165.472,2,0
5946,579.558,111.509,2,0
5947,51.0862,77.724,2,0
5948,590.652,100.677,2,0
5949,281.996,159.944,2,0
5950,174.632,30.0675,2,0
5951,230.568,177.531,2,0
5952,525.268,175.828,2,0
5953,320.637,154.911,2,0
5954,194.461,131.894,2,0
5955,240.26,40.4569,2,0
5956,134.625,201.782,2,0
5957,405.741,9.50373,2,0
5958,302.852,85.7915,2,0
5959,122.415,234.517,2,0
5960,397.827,98.9176,2,0
5961,139.551,274.96,2,0
5962,584.342,111.848,2,0
5963,55.0897,152.497,2,0
5964,399.538,102.805,2,0
5965,128.506,128.771,2,0
5966,54.3257,67.7125,2,0
5967,35.9165,281.738,2,0
5968,263.535,210.982,2,0
5969,567.303,166.479,2,0
5970,409.037,64.2959,2,0
5971,292.815,161.678,2,0
5972,31.0088,13.9409,2,0
5973,357.579,12.4818,2,0
5974,253.719,253.861,2,0
5975,412.343,128.163,2,0
5976,78.0909,200.692,2,0
5977,583.471,1.35269,2,0
5978,469.424,105.556,2,0
5979,346.741,39.0244,2,0
5980,392.191,217.768,2,0
5981,512.79,247.472,2,0
5982,510.367,94.2215,2,0
5983,584.984,250.853,2,0
5984,134.976,46.6887,2,0
5985,329.529,181.501,2,0
5986,365.332,53.896,2,0
5987,65.0235,91.8174,2,0
5988,291.028,174.431,2,0
5989,444.287,235.153,2,0
5990,45.5755,37.2748,2,0
5991,484.327,69.5776,2,0
5992,380.037,81.3301,2,0
5993,436.368,165.368,2,0
5994,157.792,212.075,2,0
5995,15.7516,274.287,2,0
5996,92.221,282.256,2,0
5997,249.612,163.107,2,0
5998,100.185,69.1096,2,0
5999,249.501,268.197,2,0
6000,235.359,19.3474,2,0
6001,552.939,128.228,2,0
6002,35.1744,168.668,2,0
6003,406.542,210.926,2,0
6004,539.668,87.2605,2,0
6005,161.729,168.603,2,0
6006,263.982,157.784,2,0
6007,133.286,179.13,2,0
6008,168.653,292,2,0
6009,200.713,88.1273,2,0
6010,110.514,154.27,2,0
6011,11.8632,133.514,2,0
6012,382.219,270.825,2,0
6013,459.553,224.519,2,0
6014,196.06,76.3471,2,0
6015,386.867,166.92,2,0
6016,363.665,273.808,2,0
6017,341.285,59.8624,2,0
6018,503.26,49.5369,2,0
6019,132.42,3.12162,2,0
6020,22.9743,286.381,2,0
6021,64.6935,3.4806,2,0
6022,398.41,261.348,2,0
6023,168.284,59.4793,2,0
6024,300.47,194.648,2,0
6025,377.152,159.252,2,0
6026,85.2355,244.811,2,0
6027,455.073,286.531,2,0
6028,407.664,106.495,2,0
6029,108.508,284.974,2,0
6030,281.036,70.7555,2,0
6031,445.836,294.96,2,0
6032,136.267,18.7831,2,0
6033,174.331,96.7959,2,0
6034,531.834,16.7671,2,0
6035,566.515,249.981,2,0
6036,342.541,39.5746,2,0
6037,446.435,51.7541,2,0
6038,144.376,122.549,2,0
6039,598.285,183.533,2,0
6040,531.763,139.973,2,0
6041,241.262,86.2896,2,0
6042,459.512,216.637,2,0
6043,467.888,78.6279,2,0
6044,280.405,13.0397,2,0
6045,17.1621,181.399,2,0
6046,255.497,85.9225,2,0
6047,34.3586,64.8851,2,0
6048,315.792,214.39,2,0
6049,284.541,227.722,2,0
6050,15.4956,28.5798,2,0
6051,194.379,283.051,2,0
6052,237.367,272.607,2,0
6053,158.118,11.4154,2,0
6054,300.42,233.013,2,0
6055,542.794,89.7961,2,0
6056,2.35757,5.67562,2,0
6057,403.826,266.991,2,0
6058,206.634,69.9037,2,0
6059,118.772,191.965,2,0
6060,345.51,3.41507,2,0
6061,496.348,37.3863,2,0
6062,544.04,74.8427,2,0
6063,308.689,131.667,2,0
6064,10.8452,33.9762,2,0
6065,138.591,2,2,0
6066,487.978,239.668,2,0
6067,66.2201,148.406,2,0
6068,130.171,221.459,2,0
6069,133.649,107.676,2,0
6070,464.38,61.3649,2,0
6071,380.406,241.375,2,0
6072,375.821,57.2598,2,0
6073,269.255,139.14,2,0
6074,571.079,68.996,2,0
6075,92.3354,259.641,2,0
6076,154.176,219.697,2,0
6077,171.871,258.373,2,0
6078,292.658,202.172,2,0
6079,279.715,182.138,2,0
6080,24.6022,144.894,2,0
6081,439.094,63.2905,2,0
6082,578.656,226.264,2,0
6083,417.632,161.381,2,0
6084,58.0293,65.8508,2,0
6085,472.582,242.383,2,0
6086,55.2236,148.211,2,0
6087,550.796,260.606,2,0
6088,331.679,267.584,2,0
6089,433.432,80.5242,2,0
6090,307.826,35.6029,2,0
6091,404.619,76.7763,2,0
6092,262.548,253.29,2,0
6093,32.123,279.986,2,0
6094,260.776,231.573,2,0
6095,305.637,171.518,2,0
6096,160.951,96.3959,2,0
6097,256.907,256.323,2,0
6098,500.199,118.785,2,0
6099,440.839,12.8698,2,0
6100,420.194,100.326,2,0
6101,361.26,33.3891,2,0
6102,545.871,70.8901,2,0
6103,460.911,95.5852,2,0
6104,598.406,76.4667,2,0
6105,542.572,157.204,2,0
6106,154.139,112.437,2,0
6107,206.043,65.886,2,0
6108,398.813,294.219,2,0
6109,430.684,152.465,2,0
6110,512.29,38.0594,2,0
6111,477.665,250.647,2,0
6112,584.915,157.943,2,0
6113,161.557,73.615,2,0
6114,203.082,291.142,2,0
6115,233.032,58.3092,2,0
6116,9.2991,209.151,2,0
6117,589.07,136.341,2,0
6118,70.4348,151.287,2,0
6119,237.195,2,2,0
6120,26.8422,17.0582,2,0
6121,532.672,12.824,2,0
6122,137.453,140.997,2,0
6123,373.103,226.984,2,0
6124,318.606,79.3825,2,0
6125,146.314,17.5685,2,0
6126,111.981,231.184,2,0
6127,430.425,160.344,2,0
6128,72.2785,114.474,2,0
6129,345.196,193.775,2,0
6130,204.162,51.814,2,0
6131,195.781,165.883,2,0
6132,415.414,132.574,2,0
6133,133.292,146.957,2,0
6134,48.7989,180.588,2,0
6135,284.179,41.1233,2,0
6136,404.502,194.75,2,0
6137,209.537,252.113,2,0
6138,291.538,82.7304,2,0
6139,102.079,157.046,2,0
6140,369.704,168.898,2,0
6141,86.3415,122.845,2,0
6142,325.02,105.733,2,0
6143,305.189,298,2,0
6144,226.86,109.617,2,0
6145,145.19,254.708,2,0
6146,444.994,13.4059,2,0
6147,511.358,231.17,2,0
6148,23.0619,0.629227,2,0
6149,151.674,80.7972,2,0
6150,390.261,36.8823,2,0
6151,80.2253,73.4258,2,0
6152,336.424,276.164,2,0
6153,194.484,255.985,2,0
6154,324.221,118.42,2,0
6155,590.417,32.9736,2,0
6156,592.632,181.775,2,0
6157,387.446,11.9281,2,0
6158,153.406,200.303,2,0
6159,135.394,294.837,2,0
6160,348.817,74.85,2,0
6161,313.795,192.574,2,0
6162,420.42,203.804,2,0
6163,136.962,226.651,2,0
6164,366.566,134.845,2,0
6165,187.439,258.586,2,0
6166,306.906,6.9268,2,0
6167,532.229,73.7225,2,0
6168,445.784,70.1011,2,0
6169,211.117,88.4289,2,0
6170,415.678,164.954,2,0
6171,531.997,156.61,2,0
6172,216.446,242.129,2,0
6173,357.668,250.479,2,0
6174,449.355,86.8284,2,0
6175,337.482,212.446,2,0
6176,128.297,269.269,2,0
6177,195.869,56.8451,2,0
6178,404.783,244.733,2,0
6179,47.3437,133.632,2,0
6180,291.474,226.058,2,0
6181,378.207,115.885,2,0
6182,340,169.646,2,0
6183,376.314,97.5726,2,0
6184,229.716,157.663,2,0
6185,78.9585,294.099,2,0
6186,122.755,296.943,2,0
6187,546.388,128.255,2,0
6188,355.134,67.1993,2,0
6189,366.367,178.617,2,0
6190,18.1073,198.953,2,0
6191,582.181,228.399,2,0
6192,564.751,117.524,2,0
6193,109.449,257.479,2,0
6194,246.695,173.228,2,0
6195,547.76,205.196,2,0
6196,449.839,228.782,2,0
6197,119.783,275.274,2,0
6198,166.101,109.339,2,0
6199,258.399,134.578,2,0
6200,48.4512,184.575,2,0
6201,544.519,264.251,2,0
6202,141.223,50.0915,2,0
6203,533.302,203.41,2,0
6204,416.755,7.58583,2,0
6205,84.8083,186.307,2,0
6206,332.7,153.658,2,0
6207,97.6034,225.349,2,0
6208,290.319,76.9039,2,0
6209,75.5935,80.8447,2,0
6210,450.592,202.772,2,0
6211,440.254,102.3,2,0
6212,43.0913,51.3304,2,0
6213,165.783,56.2628,2,0
6214,155.886,195.516,2,0
6215,371.288,10.3449,2,0
6216,17.7737,261.642,2,0
6217,37.2834,193.267,2,0
6218,2.6037,152.437,2,0
6219,100.681,57.0352,2,0
6220,589.811,224.501,2,0
6221,61.2599,297.719,2,0
6222,122.627,9.90723,2,0
6223,287.165,277.39,2,0
6224,252.235,118.22,2,0
6225,488.968,294.172,2,0
6226,572.135,129.955,2,0
6227,450.145,9.10999,2,0
6228,247.644,220.173,2,0
6229,380.693,6.38535,2,0
6230,160.684,208.995,2,0
6231,5.56385,132.725,2,0
6232,238.522,218.884,2,0
6233,511.229,298,2,0
6234,90.9709,101.686,2,0
6235,538.383,287.282,2,0
6236,181.169,252.853,2,0
6237,404.903,95.2112,2,0
6238,113.565,97.1039,2,0
6239,427.937,221.094,2,0
6240,274.136,298.627,2,0
6241,49.2805,35.6375,2,0
6242,232.647,151.69,2,0
6243,269.583,71.2752,2,0
6244,461.909,254.785,2,0
6245,161.916,159.855,2,0
6246,354.145,292.401,2,0
6247,57.2465,269.297,2,0
6248,95.7025,287.968,2,0
6249,68.1877,75.5548,2,0
6250,586.152,115.461,2,0
6251,220.967,38.0407,2,0
6252,532.738,263.361,2,0
6253,204.917,16.4009,2,0
6254,168.868,123.786,2,0
6255,388.215,28.7392,2,0
6256,571.28,9.53748,2,0
6257,530.012,21.6322,2,0
6258,81.7091,203.697,2,0
6259,174.646,104.579,2,0
6260,227.779,40.1838,2,0
6261,412.164,138.69,2,0
6262,417.882,15.7784,2,0
6263,57.3948,243.303,2,0
6264,596.251,2,2,0
6265,430.297,224.476,2,0
6266,161.262,227.123,2,0
6267,295.196,40.7344,2,0
6268,339.241,112.144,2,0
6269,521.387,120.328,2,0
6270,419.997,252.691,2,0
6271,435.978,25.3539,2,0
6272,149.635,206.876,2,0
6273,328.907,251.812,2,0
6274,106.666,52.8789,2,0
6275,2.4239,269.232,2,0
6276,160.281,14.9459,2,0
6277,551.266,215.313,2,0
6278,40.975,60.337,2,0
6279,98.5414,80.0764,2,0
6280,64.8962,45.4952,2,0
6281,403.68,228.661,2,0
6282,204.601,260.809,2,0
6283,399.058,5.75087,2,0
6284,235.233,108.701,2,0
6285,535.637,138.789,2,0
6286,449.308,235.489,2,0
6287,496.412,95.9302,2,0
6288,197.409,222.836,2,0
6289,596.171,106.754,2,0
6290,401.066,290.84,2,0
6291,594.734,99.1614,2,0
6292,7.30823,15.7605,2,0
6293,304.882,164.269,2,0
6294,141.187,30.1192,2,0
6295,24.6798,207.066,2,0
6296,308.455,104.933,2,0
6297,420.067,150.047,2,0
6298,162.278,203.942,2,0
6299,22.3745,122.453,2,0
6300,296.662,65.0296,2,0
6301,44.4173,58.2564,2,0
6302,190.8,273.139,2,0
6303,233.097,134.196,2,0
6304,50.9928,153.897,2,0
6305,39.6523,200.654,2,0
6306,445.338,287.213,2,0
6307,18.2235,7.30462,2,0
6308,244.845,286.238,2,0
6309,360.031,80.1649,2,0
6310,577.016,264.099,2,0
6311,37.298,37.0068,2,0
6312,429.334,44.0381,2,0
6313,171.108,89.5195,2,0
6314,87.4418,267.792,2,0
6315,125.891,294.303,2,0
6316,407.903,234.311,2,0
6317,0.171799,243.714,2,0
6318,399.193,126.953,2,0
6319,453.944,254.863,2,0
6320,282.882,120.654,2,0
6321,96.5218,180.797,2,0
6322,71.4548,223.332,2,0
6323,293.482,230.879,2,0
6324,89.5187,56.4441,2,0
6325,564.288,17.9765,2,0
6326,335.609,178.773,2,0
6327,496.307,59.6811,2,0
6328,441.547,185.445,2,0
6329,530.964,31.3301,2,0
6330,490.666,170.558,2,0
6331,115.603,29.179,2,0
6332,112.647,272.223,2,0
6333,143.381,154.184,2,0
6334,360.376,178.228,2,0
6335,556.805,8.07722,2,0
6336,308.131,284.805,2,0
6337,112.629,143.92,2,0
6338,176.679,246.455,2,0
6339,138.072,61.9978,2,0
6340,23.5456,230.789,2,0
6341,134.382,135.865,2,0
6342,192.146,82.5822,2,0
6343,551.323,251.427,2,0
6344,175.411,157.676,2,0
6345,68.5597,38.297,2,0
6346,341.327,210.009,2,0
6347,349.97,255.494,2,0
6348,357.234,92.619,2,0
6349,72.074,99.9759,2,0
6350,484.127,118.002,2,0
6351,12.981,181.127,2,0
6352,474.063,86.2911,2,0
6353,190.873,198.068,2,0
6354,568.935,288.997,2,0
6355,291.553,294.275,2,0
6356,174.598,236.765,2,0
6357,227.362,20.5539,2,0
6358,174.645,283.828,2,0
6359,206.021,23.9821,2,0
6360,503.662,90.8348,2,0
6361,455.633,194.726,2,0
6362,502.351,271.229,2,0
6363,93.1526,245.377,2,0
6364,245.018,182.706,2,0
6365,83.0465,174.093,2,0
6366,0.97479,91.6447,2,0
6367,141.838,135.478,2,0
6368,65.7068,263.82,2,0
6369,273.658,101.874,2,0
6370,325.615,198.864,2,0
6371,313.315,139.851,2,0
6372,562.701,192.578,2,0
6373,548.216,217.985,2,0
6374,144.859,138.286,2,0
6375,157.487,279.033,2,0
6376,250.654,47.0982,2,0
6377,485.282,95.7197,2,0
6378,198.857,130.61,2,0
6379,15.9546,14.9846,2,0
6380,59.201,144.475,2,0
6381,285.96,190.094,2,0
6382,501.924,104.217,2,0
6383,192.061,292.231,2,0
6384,10.5023,227.366,2,0
6385,356.372,78.4508,2,0
6386,4.46969,284.296,2,0
6387,332.488,195.168,2,0
6388,117.964,107.983,2,0
6389,214.293,126.4,2,0
6390,467.746,296.071,2,0
6391,146.997,226.877,2,0
6392,104.258,38.6617,2,0
6393,405.637,137.252,2,0
6394,180.109,116.573,2,0
6395,119.25,125.777,2,0
6396,221.284,122.698,2,0
6397,579.371,48.6355,2,0
6398,349.876,167.608,2,0
6399,124.993,207.939,2,0
6400,436.515,83.1717,2,0
6401,443.119,298,2,0
6402,367.586,275.936,2,0
6403,590.323,275.952,2,0
6404,452.428,146.348,2,0
6405,245.046,62.5593,2,0
6406,484.515,122.294,2,0
6407,157.45,285.469,2,0
6408,126.74,108.297,2,0
6409,37.4073,181.532,2,0
6410,433.396,176.1,2,0
6411,423.984,141.866,2,0
6412,410.15,273.373,2,0
6413,435.565,272.098,2,0
6414,498.185,271.186,2,0
6415,121.242,55.7017,2,0
6416,359.263,42.9275,2,0
6417,388.335,163.098,2,0
6418,571.339,256.159,2,0
6419,25.1545,226.917,2,0
6420,304.849,97.9105,2,0
6421,165.103,239.493,2,0
6422,129.56,8.11115,2,0
6423,75.0486,208.741,2,0
6424,444.954,57.0957,2,0
6425,276.271,98.7358,2,0
6426,430.944,273.742,2,0
6427,471.573,100.271,2,0
6428,47.273,271.601,2,0
6429,153.535,116.398,2,0
6430,435.047,55.0233,2,0
6431,138.33,244.124,2,0
6432,459.734,59.2579,2,0
6433,153.579,1.89261,2,0
6434,20.5132,144.791,2,0
6435,44.3915,33.3651,2,0
6436,408.27,197.34,2,0
6437,298.657,213.172,2,0
6438,102.244,5.89732,2,0
6439,233.226,37.6319,2,0
6440,313.629,251.987,2,0
6441,193.045,247.283,2,0
6442,314.206,266.296,2,0
6443,295.164,218.349,2,0
6444,119.029,18.0424,2,0
