id,x,y,radius,is_spanning
0,105.86,86.9676,2,1
1,470.878,266.511,2,1
2,560.49,49.7028,2,1
3,438.123,179.504,2,1
4,399.08,281.345,2,1
5,518.208,119.694,2,1
6,561.817,116.983,2,1
7,39.4617,261.55,2,1
8,64.3538,152.484,2,1
9,131.233,186.123,2,1
10,371.778,172.178,2,1
11,500.568,265.184,2,1
12,439.154,260.167,2,1
13,229.651,214.606,2,1
14,489.957,104.146,2,1
15,53.5003,40.2248,2,1
16,258.225,2,2,1
17,153.158,210.018,2,1
18,524.716,56.322,2,1
19,86.05,87.1754,2,1
20,240.322,90.6261,2,1
21,52.2446,69.1334,2,1
22,481.034,138.527,2,1
23,284.531,72.9847,2,1
24,100.502,297.587,2,1
25,598.305,270.009,2,1
26,388.724,42.1149,2,1
27,100.962,21.0427,2,1
28,343.649,11.4528,2,1
29,202.952,253.812,2,1
30,597.261,191.215,2,1
31,487.789,238.381,2,1
32,474.271,62.0443,2,1
33,502.979,4.95087,2,1
34,365.812,107.211,2,1
35,288.953,286.602,2,1
36,188.274,18.4702,2,1
37,53.0243,184.877,2,1
38,85.6464,245.778,2,1
39,226.709,147.404,2,1
40,126.799,115.344,2,1
41,233.708,220.469,2,1
42,271.116,266.518,2,1
43,44.033,68.9813,2,1
44,89.158,180.594,2,1
45,576.136,179.771,2,1
46,571.503,122.163,2,1
47,100.596,231.322,2,1
48,488.557,42.9246,2,1
49,551.701,14.963,2,1
50,86.2363,18.3788,2,1
51,516.125,30.9263,2,1
52,263.219,57.4502,2,1
53,583.657,101.243,2,1
54,309.99,128.212,2,1
55,508.449,37.2035,2,1
56,326.972,162.156,2,1
57,77.701,12.4421,2,1
58,248.075,170.693,2,1
59,172.408,89.5359,2,1
60,353.87,276.34,2,1
61,178.084,217.148,2,1
62,102.478,24.8326,2,1
63,496.255,81.0084,2,1
64,276.799,279.829,2,1
65,215.027,171.819,2,1
66,532.322,241.914,2,1
67,451.46,292.749,2,1
68,155.366,218.376,2,1
69,38.8078,2,2,1
70,552.735,50.7697,2,1
71,14.4321,79.9319,2,1
72,34.1044,172.715,2,1
73,126.896,36.4456,2,1
74,160.998,184.306,2,1
75,207.229,295.375,2,1
76,277.852,70.622,2,1
77,76.9296,211.01,2,1
78,457.758,267.973,2,1
79,473.135,130.727,2,1
80,131.318,276.847,2,1
81,564.513,54.8463,2,1
82,84.4972,133.196,2,1
83,359.659,122.384,2,1
84,572.626,185.354,2,1
85,155.649,254.164,2,1
86,147.599,282.724,2,1
87,281.657,290.042,2,1
88,96.7474,11.9183,2,1
89,194.189,54.5715,2,1
90,499.283,147.354,2,1
91,176.096,120.639,2,1
92,263.474,90.1638,2,1
93,397.013,206.138,2,1
94,574.885,273.508,2,1
95,266.961,238.58,2,1
96,35.7341,277.203,2,1
97,356.569,199.53,2,1
98,594.672,115.353,2,1
99,120.157,134.527,2,1
100,290.101,180.521,2,1
101,144.87,92.9759,2,1
102,258.18,199.709,2,1
103,254.677,73.8414,2,1
104,150.578,269.83,2,1
105,362.768,140.763,2,1
106,314.899,167.088,2,1
107,424.636,79.2548,2,1
108,196.35,267.634,2,1
109,166.057,207.205,2,1
110,196.393,105.816,2,1
111,492.159,81.4299,2,1
112,459.074,195.258,2,1
113,158.751,34.9163,2,1
114,28.1258,147.283,2,1
115,256.774,20.9998,2,1
116,65.0384,139.845,2,1
117,367.946,131.166,2,1
118,108.533,240.029,2,1
119,170.068,179.023,2,1
120,325.272,56.9217,2,1
121,179.69,186.75,2,1
122,477.178,260.919,2,1
123,153.978,239.44,2,1
124,328.222,176.931,2,1
125,588.375,2,2,1
126,272.95,196.956,2,1
127,539.831,41.6784,2,1
128,432.457,220.854,2,1
129,196.762,42.7967,2,1
130,418.132,126.4,2,1
131,287.436,183.676,2,1
132,70.4555,180.77,2,1
133,357.152,232.756,2,1
134,10.1894,5.23892,2,1
135,383.292,109.362,2,1
136,308.444,2,2,1
137,477.615,271.008,2,1
138,353.143,173.153,2,1
139,123.633,57.0354,2,1
140,215.673,12.6846,2,1
141,435.909,163.959,2,1
142,306.151,99.9258,2,1
143,387.697,221.388,2,1
144,560.047,227.161,2,1
145,402.305,78.1451,2,1
146,533.003,117.898,2,1
147,411.554,54.1095,2,1
148,47.0166,189.605,2,1
149,136.888,15.275,2,1
150,523.245,37.0394,2,1
151,583.354,93.1108,2,1
152,498.613,123.168,2,1
153,541.031,26.8694,2,1
154,119.035,204.227,2,1
155,462.45,276.188,2,1
156,183.64,122.527,2,1
157,458.439,276.134,2,1
158,321.121,30.4151,2,1
159,478.103,89.5087,2,1
160,533.666,51.0275,2,1
161,237.597,115.415,2,1
162,405.085,154.542,2,1
163,519.279,180.152,2,1
164,598.278,211.686,2,1
165,159.739,145.715,2,1
166,453.261,209.197,2,1
167,107.646,217.351,2,1
168,81.2357,52.0866,2,1
169,547.032,192.911,2,1
170,262.837,258.767,2,1
171,598.349,130.918,2,1
172,554.854,138.913,2,1
173,583.351,113.111,2,1
174,22.1526,109.104,2,1
175,43.6414,272.271,2,1
176,319.083,92.7091,2,1
177,468.761,205.909,2,1
178,298.113,90.9805,2,1
179,167.649,77.8275,2,1
180,496.948,190.432,2,1
181,443.772,88.159,2,1
182,318.934,208.684,2,1
183,391.06,230.786,2,1
184,291.291,53.5937,2,1
185,463.649,157.193,2,1
186,336.193,61.1533,2,1
187,267.94,180.858,2,1
188,428.402,129.766,2,1
189,156.633,23.5141,2,1
190,166.057,179.041,2,1
191,327.388,265.38,2,1
192,518.673,155.482,2,1
193,424.212,291.287,2,1
194,405.354,88.136,2,1
195,505.955,241.399,2,1
196,473.894,167.205,2,1
197,130.874,142.421,2,1
198,253.328,27.491,2,1
199,350.993,236.5,2,1
200,396.067,21.8812,2,1
201,231.504,191.889,2,1
202,208.613,25.196,2,1
203,306.586,105.084,2,1
204,587.175,229.723,2,1
205,393.266,51.4919,2,1
206,366.722,55.3997,2,1
207,258.671,187.175,2,1
208,24.6598,28.8756,2,1
209,326.642,2,2,1
210,515.822,26.4206,2,1
211,58.9555,60.7663,2,1
212,574.443,298,2,1
213,78.2974,197.236,2,1
214,485.756,149.628,2,1
215,27.4959,276.199,2,1
216,8.8154,63.8413,2,1
217,47.8193,286.857,2,1
218,386.737,28.556,2,1
219,106.51,36.6091,2,1
220,30.3191,150.688,2,1
221,597.301,145.044,2,1
222,170.43,218.683,2,1
223,179.232,240.755,2,1
224,487.602,167.968,2,1
225,248.629,270.824,2,1
226,535.81,41.277,2,1
227,172.444,129.181,2,1
228,529.095,239.467,2,1
229,51.2036,197.006,2,1
230,145.653,205.572,2,1
231,366.039,210.319,2,1
232,283.189,119.48,2,1
233,429.092,281.034,2,1
234,456.152,271.728,2,1
235,439.68,271.382,2,1
236,551.761,110.119,2,1
237,375.774,25.9789,2,1
238,556.587,239.194,2,1
239,274.563,285.995,2,1
240,225.618,9.78444,2,1
241,63.6398,288.741,2,1
242,78.9652,2,2,1
243,465.651,54.9109,2,1
244,2.36331,130.348,2,1
245,380.569,239.692,2,1
246,469.427,52.4902,2,1
247,7.7997,68.8233,2,1
248,564.497,155.912,2,1
249,432.722,150.567,2,1
250,49.8208,275.433,2,1
251,503.619,57.1977,2,1
252,430.13,95.6141,2,1
253,84.6525,186.798,2,1
254,535.633,58.8067,2,1
255,589.257,172.569,2,1
256,398.864,244.711,2,1
257,87.8517,90.7773,2,1
258,222.229,61.2236,2,1
259,225.519,213.951,2,1
260,523.623,204.344,2,1
261,502.102,252.508,2,1
262,589.786,147.061,2,1
263,517.585,161.505,2,1
264,527.553,31.6212,2,1
265,31.6386,216.872,2,1
266,163.162,152.724,2,1
267,194.39,62.8081,2,1
268,136.716,92.5895,2,1
269,546.835,252.383,2,1
270,590.286,227.12,2,1
271,496.306,44.7428,2,1
272,288.92,291.059,2,1
273,552.969,257.687,2,1
274,166.582,217.335,2,1
275,121.507,2,2,1
276,391.482,201.797,2,1
277,519.297,263.266,2,1
278,574.714,232.815,2,1
279,591.396,46.9694,2,1
280,473.086,45.9826,2,1
281,41.3109,257.991,2,1
282,145.154,82.9435,2,1
283,207.132,288.018,2,1
284,404.639,158.614,2,1
285,475.719,85.9455,2,1
286,429.03,152.113,2,1
287,564.683,264.819,2,1
288,365.973,257.704,2,1
289,505.57,139.296,2,1
290,492.783,38.5176,2,1
291,532.818,275.485,2,1
292,387.378,252.694,2,1
293,204.534,164.866,2,1
294,335.85,170.474,2,1
295,46.482,97.2229,2,1
296,423.261,65.7703,2,1
297,381.269,138.107,2,1
298,202.487,0.0655329,2,1
299,402.575,231.583,2,1
300,433.118,47.5376,2,1
301,426.298,125.81,2,1
302,461.357,140.771,2,1
303,587.75,71.1879,2,1
304,584.744,232.943,2,1
305,202.127,261.938,2,1
306,7.00763,281.821,2,1
307,115.448,71.9259,2,1
308,259.524,270.078,2,1
309,553.888,39.1641,2,1
310,424.572,165.106,2,1
311,252.724,260.924,2,1
312,3.21206,103.103,2,1
313,327.826,180.914,2,1
314,139.026,116.746,2,1
315,290.213,222.166,2,1
316,129.106,199.993,2,1
317,389.143,128.859,2,1
318,366.73,142.084,2,1
319,410.471,85.1695,2,1
320,98.8778,144.273,2,1
321,187.119,44.7284,2,1
322,446.111,233.067,2,1
323,39.1798,272.097,2,1
324,597.085,119.753,2,1
325,421.983,185.834,2,1
326,167.441,9.40335,2,1
327,459.391,78.0897,2,1
328,146.828,271.486,2,1
329,289.057,62.8278,2,1
330,62.5623,93.7536,2,1
331,464.336,286.984,2,1
332,109.17,21.8791,2,1
333,33.9514,273.529,2,1
334,120.004,69.8748,2,1
335,541.614,150.775,2,1
336,55.0017,279.446,2,1
337,311.038,163.091,2,1
338,375.833,78.3844,2,1
339,345.99,82.2894,2,1
340,348.734,134.981,2,1
341,200.178,211.73,2,1
342,78.5232,282.319,2,1
343,415.043,265.891,2,1
344,252.141,148.871,2,1
345,183.258,70.3385,2,1
346,93.3423,148.61,2,1
347,197.169,51.425,2,1
348,323.846,260.527,2,1
349,543.718,132.525,2,1
350,111.644,18.5159,2,1
351,301.445,296.018,2,1
352,561.047,184.947,2,1
353,15.7671,156.612,2,1
354,358.703,96.8927,2,1
355,568.718,187.857,2,1
356,407.74,91.3608,2,1
357,253.301,109.174,2,1
358,352.648,244.061,2,1
359,505.253,33.822,2,1
360,74.7316,66.7182,2,1
361,445.703,151.2,2,1
362,260.462,262.099,2,1
363,488.641,224.72,2,1
364,585.451,207.494,2,1
365,377.085,165.873,2,1
366,501.265,34.5835,2,1
367,12.7924,54.1559,2,1
368,4.01364,21.5264,2,1
369,429.102,39.9565,2,1
370,493.851,102.833,2,1
371,220.293,205.377,2,1
372,46.3737,197.481,2,1
373,153.477,192.674,2,1
374,67.09,188.141,2,1
375,260.842,212.416,2,1
376,588.728,15.7547,2,1
377,34.9157,21.4509,2,1
378,231.598,285.67,2,1
379,189.007,180.033,2,1
380,266.972,102.527,2,1
381,530.684,224.298,2,1
382,130.156,146.426,2,1
383,537.274,24.6524,2,1
384,558.963,91.6696,2,1
385,555.595,250.023,2,1
386,80.5594,193.875,2,1
387,579.654,61.1731,2,1
388,301.479,9.41161,2,1
389,494.747,108.817,2,1
390,201.49,76.459,2,1
391,70.6163,200.359,2,1
392,492.659,294.44,2,1
393,399.08,277.15,2,1
394,342.138,127.168,2,1
395,302.265,163.489,2,1
396,280.064,149.758,2,1
397,195.048,186.711,2,1
398,101.932,2,2,1
399,10.473,74.91,2,1
400,551.065,269.659,2,1
401,92.5466,31.6124,2,1
402,16.3538,253.923,2,1
403,95.2302,2,2,1
404,303,181.839,2,1
405,271.034,245.381,2,1
406,136.484,290.541,2,1
407,182.791,274.938,2,1
408,93.4052,91.2707,2,1
409,511.103,50.7805,2,1
410,47.6139,193.572,2,1
411,335.034,210.23,2,1
412,150.468,86.6846,2,1
413,439.949,211.987,2,1
414,94.9186,129.786,2,1
415,468.137,236.312,2,1
416,200.631,277.842,2,1
417,420.664,274.666,2,1
418,13.4053,88.4154,2,1
419,135.977,176.095,2,1
420,338.689,267.566,2,1
421,443.155,55.6192,2,1
422,373.437,97.8287,2,1
423,567.15,241.482,2,1
424,81.14,99.9512,2,1
425,450.413,7.10789,2,1
426,99.6251,133.685,2,1
427,54.7693,200.021,2,1
428,578.728,22.8812,2,1
429,471.623,118.901,2,1
430,77.434,104.186,2,1
431,581.463,13.0687,2,1
432,417.881,134.407,2,1
433,520.466,43.3874,2,1
434,573.951,70.3319,2,1
435,289.43,130.975,2,1
436,327.029,209.209,2,1
437,49.6011,157.328,2,1
438,101.753,55.6752,2,0
439,436.221,139.616,2,1
440,82.6821,259.907,2,1
441,347.774,289.964,2,1
442,253.869,117.228,2,1
443,384.538,33.0913,2,1
444,408.753,47.8587,2,1
445,126.603,175.403,2,1
446,49.0013,120.22,2,1
447,114.69,255.266,2,1
448,70.5718,270.211,2,1
449,354.51,182.677,2,1
450,85.9007,262.357,2,1
451,288.392,66.7749,2,1
452,3.01429,199.73,2,1
453,265.761,5.74001,2,1
454,129.64,2,2,1
455,284.638,109.741,2,1
456,294.452,131.023,2,1
457,574.143,59.6394,2,1
458,299.698,136.108,2,1
459,230.568,100.026,2,1
460,318.448,296.293,2,1
461,448.399,174.721,2,1
462,320.515,131.738,2,1
463,337.289,298,2,1
464,549.18,75.2153,2,1
465,441.557,51.9349,2,1
466,205.982,234.306,2,1
467,127.343,149.535,2,1
468,50.3366,214.09,2,1
469,581.174,228.491,2,1
470,57.5335,109.606,2,1
471,205.896,109.305,2,1
472,303.24,102.812,2,1
473,483.722,14.4601,2,1
474,249.32,253.522,2,1
475,11.97,122.967,2,1
476,217.902,65.278,2,1
477,103.237,253.491,2,1
478,521.693,200.767,2,1
479,217.535,104.678,2,1
480,362.526,95.6072,2,1
481,189.601,35.5016,2,1
482,65.8678,167.476,2,1
483,154.312,113.967,2,1
484,346.148,131.881,2,1
485,412.578,159.606,2,1
486,479.948,103.128,2,1
487,264.339,120.302,2,1
488,297.334,139.596,2,1
489,73.0962,52.6294,2,1
490,478.139,82.5837,2,1
491,326.062,158.176,2,1
492,101.065,76.6527,2,1
493,485.689,91.7932,2,1
494,540.374,129.392,2,1
495,355.099,272.484,2,1
496,258.246,231.419,2,1
497,254.716,201.901,2,1
498,101.632,171.412,2,1
499,356.061,161.834,2,1
500,537.544,20.3586,2,1
501,375.876,110.404,2,1
502,137.653,286.295,2,1
503,202.415,55.5618,2,1
504,568.806,183.819,2,1
505,560.209,237.49,2,1
506,38.8527,134.057,2,1
507,18.9312,291.405,2,1
508,441.804,290.428,2,1
509,496.451,129.473,2,1
510,9.75942,46.5745,2,1
511,362.157,177.24,2,1
512,258.574,235.441,2,1
513,356.072,135.829,2,1
514,176.211,47.5331,2,1
515,494.509,233.363,2,1
516,151.169,148.721,2,1
517,314.551,223.135,2,1
518,17.2717,27.1487,2,1
519,277.332,225.534,2,1
520,460.795,103.965,2,1
521,177.788,104.861,2,1
522,34.0986,224.126,2,1
523,406.124,37.0142,2,1
524,216.347,138.714,2,1
525,175.936,188.393,2,1
526,350.081,298,2,1
527,416.096,99.8106,2,1
528,209.916,67.0379,2,1
529,153.711,79.1114,2,1
530,79.2177,257.787,2,1
531,138.934,231.314,2,1
532,30.2637,199.634,2,1
533,498.598,92.165,2,1
534,357.142,157.869,2,1
535,512.147,14.5687,2,1
536,151.153,141.819,2,1
537,39.2326,59.8766,2,1
538,46.9784,2,2,1
539,398.746,183.09,2,1
540,3.96391,259.528,2,1
541,381.14,116.357,2,1
542,299.602,173.473,2,1
543,340.789,219.24,2,1
544,327.21,53.227,2,1
545,562.517,139.426,2,1
546,97.3296,48.9938,2,1
547,576.494,239.999,2,1
548,183.043,270.944,2,1
549,481.774,211.394,2,1
550,548.521,112.568,2,1
551,418.526,29.1007,2,1
552,314.956,243.806,2,1
553,247.012,42.5599,2,1
554,19.5287,138.579,2,1
555,305.975,112.496,2,1
556,517.264,247.787,2,1
557,26.7021,44.7792,2,1
558,63.0486,61.8347,2,1
559,106.156,148.049,2,1
560,189.494,247.176,2,1
561,166.465,50.7128,2,1
562,526.224,62.7984,2,1
563,22.6726,10.2447,2,1
564,135.128,168.003,2,1
565,83.0487,2,2,1
566,371.032,94.5539,2,1
567,278.158,247.711,2,1
568,397.603,147.921,2,1
569,3.96614,158.747,2,1
570,506.626,178.291,2,1
571,177.112,126.091,2,1
572,494.348,84.9532,2,1
573,304.594,108.622,2,1
574,332.905,33.5474,2,1
575,192.228,190.404,2,1
576,584.676,156.487,2,1
577,152.81,247.339,2,1
578,3.49069,107.164,2,1
579,455.968,243.117,2,1
580,509.245,97.3014,2,1
581,202.033,116.952,2,1
582,213.087,77.5746,2,1
583,378.645,125.807,2,1
584,2.73681,4.00312,2,1
585,41.2439,213.736,2,1
586,557.336,29.583,2,1
587,360.41,90.4968,2,1
588,308.546,185.889,2,1
589,176.438,154.869,2,1
590,251.025,16.7998,2,1
591,173.543,51.2881,2,1
592,165.887,105.595,2,1
593,256.499,13.3888,2,1
594,285.144,115.883,2,1
595,368.677,62.0929,2,1
596,234.134,203.901,2,1
597,386.789,182.364,2,1
598,109.579,14.9109,2,1
599,279.239,133.985,2,1
600,344.978,150.176,2,1
601,226.101,209.166,2,1
602,571.88,148.498,2,1
603,47.5602,217.031,2,1
604,85.5544,30.6703,2,1
605,508.427,29.3026,2,1
606,130.796,214.899,2,1
607,570.594,277.892,2,1
608,30.6229,45.9362,2,1
609,364.059,132.706,2,1
610,172.807,160.908,2,1
611,537.586,257.773,2,1
612,46.9481,241.285,2,1
613,394.119,130.459,2,1
614,314.584,5.4891,2,1
615,228.259,29.1662,2,1
616,598.483,66.3528,2,1
617,268.405,158.523,2,1
618,558.178,115.158,2,1
619,294.041,90.6543,2,1
620,145.398,298,2,1
621,303.861,227.154,2,1
622,315.382,76.5066,2,1
623,453.295,219.699,2,1
624,61.9074,37.1786,2,1
625,177.435,16.007,2,1
626,267.886,118.383,2,1
627,60.8602,80.2394,2,1
628,419.394,46.7691,2,1
629,88.0414,172.965,2,1
630,576.392,251.515,2,1
631,203.687,48.3793,2,1
632,535.475,139.606,2,1
633,576.144,215.345,2,1
634,586.871,211.367,2,1
635,539.566,228.159,2,1
636,565.627,8.31645,2,1
637,295.983,239.647,2,1
638,368.356,23.2059,2,1
639,195.293,75.6374,2,1
640,9.72001,152.942,2,1
641,519.503,204.148,2,1
642,254.979,9.66089,2,1
643,512.882,113.652,2,1
644,436.142,102.079,2,1
645,443.29,37.9289,2,1
646,550.958,41.9639,2,1
647,437.417,245.968,2,1
648,538.82,250.669,2,1
649,522.601,177.826,2,1
650,470.564,32.9773,2,1
651,90.8731,105.688,2,1
652,177.33,175.346,2,1
653,575.088,51.4614,2,1
654,330.859,160.977,2,1
655,155.019,155.319,2,1
656,2.29816,210.869,2,1
657,407.684,250.429,2,1
658,324.977,239.584,2,1
659,172.522,215.125,2,1
660,296.987,176.671,2,1
661,526.523,236.143,2,1
662,105.684,170.485,2,1
663,348.36,75.2648,2,1
664,114.31,277.091,2,1
665,467.02,150.347,2,1
666,431.208,74.4248,2,1
667,466.42,32.8835,2,1
668,230.696,270.829,2,1
669,446.218,45.5378,2,1
670,315.396,227.122,2,1
671,11.9159,70.9632,2,1
672,397.779,14.0606,2,1
673,521.535,128.235,2,1
674,8.88426,107.974,2,1
675,564.367,198.753,2,1
676,134.206,62.9139,2,1
677,455.562,24.9848,2,1
678,522.892,132.093,2,1
679,201.035,181.247,2,1
680,540.081,75.298,2,1
681,504.043,261.496,2,1
682,420.288,105.61,2,1
683,518.975,219.927,2,1
684,17.6258,247.129,2,1
685,80.925,268.632,2,1
686,225.671,151.345,2,1
687,544.911,291.919,2,1
688,12.328,243.088,2,1
689,177.487,109.145,2,1
690,599.332,82.5229,2,1
691,470.679,148.662,2,1
692,305.317,93.11,2,1
693,451.095,75.7542,2,1
694,208.315,4.847,2,1
695,125.634,160.127,2,1
696,255.027,17.1804,2,1
697,60.2679,9.24538,2,1
698,132.984,181.303,2,1
699,201.895,137.597,2,1
700,216.902,142.834,2,1
701,168.54,213.842,2,1
702,419.443,167.034,2,1
703,297.635,160.658,2,1
704,72.0095,71.107,2,1
705,112.584,134.452,2,1
706,329.92,244.923,2,1
707,384.775,80.3155,2,1
708,272.895,30.1463,2,1
709,248.206,190.615,2,1
710,580.291,108.429,2,1
711,151.937,128.182,2,1
712,555.058,130.393,2,1
713,469.823,213.61,2,1
714,245.751,38.3792,2,1
715,443.629,24.6496,2,1
716,89.5672,260.752,2,1
717,454.95,38.0208,2,1
718,2.08541,255.829,2,1
719,236.748,92.4278,2,1
720,256.796,217.939,2,1
721,444.363,174.628,2,1
722,370.606,187.206,2,1
723,194.724,120.145,2,1
724,284.774,298,2,1
725,259.406,44.6806,2,1
726,450.892,63.7057,2,1
727,55.0505,61.9873,2,1
728,26.6155,223.656,2,1
729,100.491,201.101,2,1
730,9.37147,245.843,2,1
731,594.076,90.8554,2,1
732,312.834,79.7926,2,1
733,12.5131,103.414,2,1
734,101.526,268.324,2,1
735,106.451,124.861,2,1
736,487.955,250.389,2,1
737,45.3417,213.675,2,1
738,14.1222,294.045,2,1
739,1.62646,8.04367,2,1
740,579.809,189.227,2,1
741,158.484,123.284,2,1
742,38.1087,146.742,2,1
743,583.012,196.695,2,1
744,576.58,155.439,2,1
745,51.9222,173.624,2,1
746,594.859,248.21,2,1
747,324.504,178.661,2,1
748,364.932,270.121,2,1
749,502.42,90.3367,2,1
750,319.923,249.047,2,1
751,254.029,93.0499,2,1
752,146.576,56.8235,2,1
753,391.779,298,2,1
754,267.219,271.232,2,1
755,122.229,138.508,2,1
756,75.4269,236.801,2,1
757,526.785,253.696,2,1
758,31.3262,261.401,2,1
759,72.6038,209.69,2,1
760,468.783,137.53,2,1
761,93.0227,9.61241,2,1
762,25.1416,283.171,2,1
763,381.695,202.5,2,1
764,325.981,224.733,2,1
765,511.888,264.274,2,1
766,192.43,239.612,2,1
767,120.183,293.32,2,1
768,211.036,120.272,2,1
769,357.697,292.162,2,1
770,218.918,191.288,2,1
771,453.745,164.043,2,1
772,290.435,109.999,2,1
773,524.023,96.7948,2,1
774,591.681,70.1584,2,1
775,55.3034,90.1039,2,1
776,344.295,25.6861,2,1
777,313.274,71.8395,2,1
778,583.631,138.247,2,1
779,184.78,147.782,2,1
780,18.6275,10.5221,2,1
781,349.184,65.015,2,1
782,210.555,171.213,2,1
783,416.469,130.192,2,1
784,501.157,257.165,2,1
785,548.222,263.299,2,1
786,531.126,180.254,2,1
787,168.317,71.0321,2,1
788,266.232,224.98,2,1
789,78.3281,8.41355,2,1
790,287.714,135.318,2,1
791,413.962,73.4907,2,1
792,131.979,175.591,2,1
793,191.106,183.443,2,1
794,191.929,72.2841,2,1
795,151.316,202.481,2,1
796,249.961,215.88,2,1
797,362.968,68.5588,2,1
798,70.5995,66.7526,2,1
799,95.0455,188.067,2,1
800,447.527,25.6766,2,1
801,367.849,202.239,2,1
802,67.2683,215.712,2,1
803,37.6485,293.929,2,1
804,395.644,58.3916,2,1
805,483.224,255.909,2,1
806,529.238,119.437,2,1
807,523.765,70.5318,2,1
808,599.803,134.657,2,1
809,239.259,196.203,2,1
810,192.191,221.027,2,1
811,513.855,186.822,2,1
812,42.6881,98.6826,2,1
813,198.035,34.8861,2,1
814,61.4321,53.8125,2,1
815,37.03,63.3136,2,1
816,573.514,255.09,2,1
817,43.072,22.3634,2,1
818,318.362,19.5664,2,1
819,508.211,170.753,2,1
820,368.54,51.0878,2,1
821,254.227,230.972,2,1
822,472.64,287.243,2,1
823,77.8097,140.301,2,1
824,107.924,173.868,2,1
825,209.555,182.759,2,1
826,267.668,51.7733,2,1
827,389.733,179.51,2,1
828,287.314,225.535,2,1
829,562.478,131.373,2,1
830,530.705,29.0945,2,1
831,541.542,208.831,2,1
832,189.37,157.954,2,1
833,279.496,33.1429,2,1
834,232.573,180.379,2,1
835,460.501,294.23,2,1
836,392.458,28.7975,2,1
837,470.124,16.8324,2,1
838,204.229,160.877,2,1
839,169.329,197.148,2,1
840,274.624,273.198,2,1
841,64.3165,266.348,2,1
842,234.819,128.212,2,1
843,58.3404,165.431,2,1
844,383.322,236.656,2,1
845,492.123,2,2,1
846,302.619,198.189,2,1
847,346.817,259.454,2,1
848,472.932,238.365,2,1
849,352.406,101.909,2,1
850,147.769,15.2276,2,1
851,370.95,58.6441,2,1
852,291.475,210.393,2,1
853,532.768,126.453,2,1
854,79.0103,46.8488,2,0
855,579.88,175.613,2,1
856,176.613,20.0779,2,1
857,381.6,146.938,2,1
858,81.3815,279.407,2,1
859,300.927,178.026,2,1
860,304.937,160.107,2,1
861,560.129,166.773,2,1
862,163.255,28.1003,2,1
863,308.82,177.132,2,1
864,136.055,123.707,2,1
865,74.453,218.847,2,1
866,474.302,113.328,2,1
867,94.4208,206.192,2,1
868,293.352,21.0553,2,1
869,89.764,98.0531,2,1
870,174.019,23.1453,2,1
871,125.093,264.538,2,1
872,31.4992,250.878,2,1
873,184.022,6.39157,2,1
874,250.903,24.2797,2,1
875,47.5583,30.8466,2,1
876,383.678,188.146,2,1
877,63.0143,188.406,2,1
878,357.664,269.324,2,1
879,289.359,125.865,2,1
880,236.073,223.843,2,1
881,351.555,255.354,2,1
882,463.737,180.092,2,1
883,234.738,88.6673,2,1
884,1.9774,223.947,2,1
885,320.011,258.248,2,1
886,581.016,38.3985,2,1
887,533.176,94.8818,2,1
888,69.6652,140.967,2,1
889,515.67,98.7693,2,1
890,341.05,151.633,2,1
891,125.941,136.791,2,1
892,553.256,246.767,2,1
893,267.22,47.6362,2,1
894,155.12,42.8087,2,1
895,300.187,269.075,2,1
896,351.97,68.2746,2,1
897,246.813,178.005,2,1
898,430.765,79.3735,2,1
899,104.592,197.586,2,1
900,134.557,161.719,2,1
901,452.02,227.64,2,1
902,168.301,121.495,2,1
903,61.5726,243.341,2,1
904,251.54,152.961,2,1
905,582.954,119.641,2,1
906,104.593,132.63,2,1
907,572.737,126.564,2,1
908,71.5851,238.188,2,1
909,76.1889,298,2,1
910,114.52,263.343,2,1
911,206.399,195.249,2,1
912,504.576,265.522,2,1
913,568.824,292.571,2,1
914,486.885,106.857,2,1
915,51.8279,203.459,2,1
916,490.337,54.6882,2,1
917,516.242,240.53,2,1
918,101.568,244.176,2,1
919,419.732,298,2,1
920,368.361,114.408,2,1
921,203.233,237.34,2,1
922,356.31,131.729,2,1
923,483.301,176.645,2,1
924,198.287,139.491,2,1
925,521.227,255.624,2,1
926,574.614,23.1127,2,1
927,43.3161,34.7082,2,1
928,68.2243,83.6926,2,1
929,447.196,9.75475,2,1
930,468.746,240.283,2,1
931,108.721,115.599,2,1
932,86.6405,159.05,2,1
933,369.669,13.3087,2,1
934,283.441,182.94,2,1
935,84.3018,298,2,1
936,583.713,88.8103,2,1
937,470.331,283.558,2,1
938,538.093,199.536,2,1
939,90.7773,252.607,2,1
940,373.697,44.651,2,1
941,363.747,216.599,2,1
942,494.813,270.731,2,1
943,67.4717,232.651,2,1
944,101.696,115.036,2,1
945,422.281,49.6701,2,1
946,240.995,296.181,2,1
947,180.688,284.209,2,1
948,117.927,129.253,2,1
949,590.453,41.6494,2,1
950,548.042,13.2405,2,1
951,508.837,294.013,2,1
952,189.953,75.9614,2,1
953,143.001,254.696,2,1
954,584.089,35.6552,2,1
955,333.664,21.6863,2,1
956,161.052,212.533,2,1
957,183.075,184.194,2,1
958,520.199,31.271,2,1
959,583.903,269.58,2,1
960,421.32,278.716,2,1
961,498.836,132.712,2,1
962,495.083,5.92211,2,1
963,540.3,267.103,2,1
964,167.349,277.736,2,1
965,476.587,188.618,2,1
966,48.0675,145.25,2,1
967,27.819,87.1319,2,1
968,453.868,188.391,2,1
969,46.5429,9.33422,2,1
970,62.4034,163.514,2,1
971,291.77,134.264,2,1
972,253.229,176.421,2,1
973,201.203,51.7071,2,1
974,536.44,253.921,2,1
975,431.962,59.0623,2,1
976,28.1732,35.7886,2,1
977,463.661,6.26097,2,1
978,538.468,185.16,2,1
979,390.175,5.28563,2,1
980,71.2344,234.116,2,1
981,405.988,171.825,2,1
982,503.622,114.996,2,1
983,112.685,64.561,2,1
984,422.331,109.068,2,1
985,235.185,108.957,2,1
986,38.0756,41.1413,2,1
987,240.508,98.709,2,1
988,304.691,260.067,2,1
989,95.7637,229.159,2,1
990,507.044,49.8004,2,1
991,358.422,111.695,2,1
992,81.3097,229.057,2,1
993,325.122,150.518,2,1
994,257.434,250.207,2,1
995,137.353,298,2,1
996,78.3183,68.6017,2,1
997,63.358,33.4347,2,1
998,245.301,13.0625,2,1
999,378.652,188.092,2,1
1000,100.3,151.523,2,1
1001,545.676,9.97726,2,1
1002,248.94,69.0705,2,1
1003,480.767,95.0486,2,1
1004,117.986,242.589,2,1
1005,487.712,161.312,2,1
1006,560.11,214.196,2,1
1007,326.183,205.26,2,1
1008,370.978,70.2956,2,1
1009,456.801,166.758,2,1
1010,12.3067,43.3418,2,1
1011,316.944,135.698,2,1
1012,139.468,239.736,2,1
1013,378.345,169.825,2,1
1014,539.8,169.072,2,1
1015,377.382,260.621,2,1
1016,195.534,46.6149,2,1
1017,565.016,96.181,2,1
1018,74.4749,193.254,2,1
1019,55.1827,73.3428,2,1
1020,270.858,64.2869,2,1
1021,516.121,41.0694,2,1
1022,131.206,290.005,2,1
1023,461.321,71.4601,2,1
1024,528.901,169.052,2,1
1025,587.784,190.126,2,1
1026,180.011,288.298,2,1
1027,515.052,207.591,2,1
1028,460.801,173.81,2,1
1029,411.978,263.246,2,1
1030,480.951,65.8576,2,1
1031,375.918,101.076,2,1
1032,185.839,224.353,2,1
1033,158.108,53.5425,2,1
1034,369.301,228.794,2,1
1035,462.94,113.606,2,1
1036,213.38,184.043,2,1
1037,459.989,286.926,2,1
1038,540.701,196.119,2,1
1039,113.595,207.331,2,1
1040,171.854,164.81,2,1
1041,15.7564,220.424,2,1
1042,242.908,197.956,2,1
1043,385.622,271.437,2,1
1044,303.395,96.9892,2,1
1045,305.834,126.411,2,1
1046,168.02,46.9916,2,1
1047,72.5371,18.4642,2,1
1048,575.887,201.741,2,1
1049,562.833,193.487,2,1
1050,247.969,163.544,2,1
1051,519.805,196.451,2,1
1052,145.555,87.1084,2,1
1053,485.407,36.0269,2,1
1054,527.782,138.546,2,1
1055,307.082,246.14,2,1
1056,176.464,295.014,2,1
1057,321.839,242.253,2,1
1058,574.891,224.607,2,1
1059,355.5,90.2309,2,1
1060,252.112,57.8265,2,1
1061,103.2,193.608,2,1
1062,553.073,96.1496,2,1
1063,220.891,86.6886,2,1
1064,448.151,240.994,2,1
1065,388.4,57.0845,2,1
1066,361.555,32.2285,2,1
1067,280.08,213.422,2,1
1068,341.143,76.7584,2,1
1069,367.019,214.221,2,1
1070,486.077,65.4794,2,1
1071,104.694,95.0024,2,1
1072,400.875,262.344,2,1
1073,247.752,131.213,2,1
1074,426.114,210.978,2,1
1075,389.657,271.957,2,1
1076,30.3424,293.171,2,1
1077,250.749,30.8251,2,1
1078,378.799,28.6033,2,1
1079,332.695,59.1825,2,1
1080,233.057,274.106,2,1
1081,1.91568,288.883,2,1
1082,595.371,103.317,2,1
1083,286.025,60.1808,2,1
1084,187.012,270.225,2,1
1085,104.554,68.8064,2,1
1086,290.955,189.077,2,1
1087,415.822,11.5948,2,1
1088,277.546,261.962,2,1
1089,540.844,5.56003,2,1
1090,113.236,167.648,2,1
1091,357.935,244.235,2,1
1092,121.924,252.073,2,1
1093,541.268,158.665,2,1
1094,5.66388,25.3926,2,1
1095,472.836,9.64221,2,1
1096,573.254,236.571,2,1
1097,309.647,54.6325,2,0
1098,378.382,69.3664,2,1
1099,36.4185,236.184,2,1
1100,194.263,167.309,2,1
1101,478.582,135.291,2,1
1102,437.067,221.39,2,1
1103,489.152,210.781,2,1
1104,118.239,103.875,2,1
1105,389.197,171.247,2,1
1106,81.5713,252.408,2,1
1107,377.675,184.181,2,1
1108,266.935,147.666,2,1
1109,504.377,72.636,2,1
1110,81.2926,5.6378,2,1
1111,522.48,287.815,2,1
1112,432.487,167.176,2,1
1113,19.4914,142.583,2,1
1114,171.652,77.5599,2,1
1115,9.11723,285.307,2,1
1116,73.2779,56.7132,2,1
1117,563.059,11.4269,2,1
1118,264.526,139.493,2,1
1119,569.65,288.556,2,1
1120,135.193,153.246,2,1
1121,63.6044,251.833,2,1
1122,342.644,2,2,1
1123,192.832,39.9187,2,1
1124,196.713,159.434,2,1
1125,511.834,27.1235,2,1
1126,102.862,234.621,2,1
1127,304.974,178.273,2,1
1128,327.652,257.359,2,1
1129,590.875,84.0895,2,1
1130,408.742,156.28,2,1
1131,221.349,283.876,2,1
1132,562.812,84.8484,2,1
1133,359.652,188.218,2,1
1134,392.995,191.024,2,1
1135,374.48,132.372,2,1
1136,224.366,40.1809,2,1
1137,151.156,116.711,2,1
1138,589.558,295.335,2,1
1139,130.472,87.4278,2,1
1140,454.864,126.623,2,1
1141,307.874,181.764,2,1
1142,135.405,244.365,2,1
1143,499.398,237.469,2,1
1144,400.351,17.2291,2,1
1145,255.952,163.151,2,1
1146,594.795,94.9428,2,1
1147,430.807,54.2885,2,1
1148,576.238,228.428,2,1
1149,459.108,181.71,2,1
1150,215.754,24.9172,2,1
1151,550.012,32.85,2,1
1152,63.7267,175.652,2,1
1153,216.274,240.326,2,1
1154,286.019,179.865,2,1
1155,154.403,75.1626,2,1
1156,67.2124,87.5818,2,1
1157,314.909,208.661,2,1
1158,502.077,45.9195,2,1
1159,106.497,221.228,2,1
1160,220.173,292.039,2,1
1161,224.457,139.697,2,1
1162,121.433,159.275,2,1
1163,440.184,139.047,2,1
1164,186.606,261.788,2,1
1165,64.3237,8.69038,2,1
1166,338.304,128.472,2,1
1167,248.716,298,2,1
1168,186.394,126.541,2,1
1169,269.067,254.4,2,1
1170,508.628,189.405,2,1
1171,357.796,180.251,2,1
1172,82.4176,283.612,2,1
1173,439.615,241.909,2,1
1174,232.193,29.9217,2,1
1175,189.069,115.922,2,1
1176,228.151,137.651,2,1
1177,157.525,298,2,1
1178,19.0453,154.211,2,1
1179,385.723,294.467,2,1
1180,213.916,117.441,2,1
1181,598.095,290.767,2,1
1182,463.245,161.29,2,1
1183,112.134,97.4405,2,1
1184,60.4523,218.787,2,1
1185,332.104,276.2,2,1
1186,534.32,54.9908,2,1
1187,587.188,90.9353,2,1
1188,353.696,16.6454,2,1
1189,275.751,207.15,2,1
1190,438.012,93.8786,2,1
1191,546.943,2,2,1
1192,208.013,123.091,2,1
1193,562.039,61.6987,2,1
1194,219,22.5514,2,1
1195,377.403,146.321,2,1
1196,530.986,33.8589,2,1
1197,354.937,109.527,2,1
1198,431.986,102.604,2,1
1199,282.763,207.451,2,1
1200,28.5079,167.563,2,1
1201,203.167,112.322,2,1
1202,322.937,93.7889,2,1
1203,467.644,62.9413,2,1
1204,320.73,2,2,1
1205,152.358,251.349,2,1
1206,345.162,251.989,2,1
1207,486.969,6.89849,2,1
1208,234.498,80.8774,2,1
1209,306.63,28.5313,2,1
1210,9.01575,29.21,2,1
1211,540.897,262.959,2,1
1212,563.266,105.937,2,1
1213,363.743,195.543,2,1
1214,479.468,55.3675,2,1
1215,348.907,56.7554,2,1
1216,443.52,28.7095,2,1
1217,397.569,126.623,2,1
1218,111.596,163.012,2,1
1219,109.657,3.71801,2,1
1220,539.305,216.842,2,1
1221,190.459,165.576,2,1
1222,79.184,286.342,2,1
1223,344.372,135.612,2,1
1224,586.788,12.1115,2,1
1225,191.761,235.507,2,1
1226,447.626,274.047,2,1
1227,173.151,97.6804,2,1
1228,470.299,28.8513,2,1
1229,479.936,232.077,2,1
1230,453.293,268.843,2,1
1231,377.558,11.3774,2,1
1232,136.105,197.941,2,1
1233,227.016,97.6241,2,1
1234,324.599,50.0826,2,1
1235,44.561,113.289,2,1
1236,76.8867,171.095,2,1
1237,315.709,264.779,2,1
1238,476.858,164.503,2,1
1239,515.816,142.529,2,1
1240,29.8657,254.607,2,1
1241,592.862,262.535,2,1
1242,23.5704,139.814,2,1
1243,386.245,72.2003,2,1
1244,496.907,219.495,2,1
1245,61.9447,57.8022,2,1
1246,259.096,17.1842,2,1
1247,18.7427,272.014,2,1
1248,393.192,222.071,2,1
1249,548.442,107.75,2,1
1250,270.898,173.225,2,1
1251,221.977,11.6553,2,1
1252,552.493,68.2752,2,1
1253,536.613,127.58,2,1
1254,329.824,283.536,2,1
1255,335.808,274.524,2,1
1256,573.974,135.268,2,1
1257,124.804,107.379,2,1
1258,133.584,234.646,2,1
1259,520.122,149.631,2,1
1260,32.8789,265.489,2,1
1261,425.112,200.752,2,1
1262,473.909,213.578,2,1
1263,244.156,211.046,2,1
1264,219.315,77.6007,2,1
1265,89.5935,51.0079,2,1
1266,167.105,65.561,2,1
1267,88.6741,55.073,2,1
1268,135.685,111.669,2,1
1269,187.911,150.308,2,1
1270,365.264,33.9036,2,1
1271,341.762,81.0853,2,1
1272,375.011,2,2,1
1273,572.052,90.8978,2,1
1274,140.931,279.435,2,1
1275,274.42,26.0435,2,1
1276,492.61,22.9087,2,1
1277,456.488,249.255,2,1
1278,50.4968,42.882,2,1
1279,186.457,105.428,2,1
1280,244.064,180.946,2,1
1281,224.122,144.273,2,1
1282,176.42,158.89,2,1
1283,351.61,35.391,2,1
1284,445.937,127.738,2,1
1285,146.481,74.3535,2,1
1286,536.848,16.3648,2,1
1287,540.789,61.0655,2,1
1288,309.935,198.139,2,1
1289,344.598,163.593,2,1
1290,374.66,274.014,2,1
1291,285.369,5.72575,2,1
1292,564.894,212.653,2,1
1293,436.856,97.7478,2,1
1294,568.328,261.571,2,1
1295,217.035,121.537,2,1
1296,416.579,285.123,2,1
1297,529.736,165.045,2,1
1298,238.469,292.947,2,1
1299,423.292,95.5724,2,1
1300,289.552,295.156,2,1
1301,470.328,221.538,2,1
1302,551.46,92.3044,2,1
1303,284.31,252.394,2,1
1304,520.133,267.295,2,1
1305,257.288,77.4161,2,1
1306,323.68,288.926,2,1
1307,1.39292,169.642,2,1
1308,295.494,185.562,2,1
1309,530.757,218.272,2,1
1310,408.32,160.29,2,1
1311,396.762,174.891,2,1
1312,300.044,62.7151,2,1
1313,378.879,158.843,2,1
1314,193.485,231.881,2,1
1315,405.497,127.829,2,1
1316,430.834,146.951,2,1
1317,367.619,101.994,2,1
1318,96.5083,30.6851,2,1
1319,207.897,74.8745,2,1
1320,85.5298,51.4665,2,1
1321,35.4913,33.8433,2,1
1322,585.672,225.885,2,1
1323,538.992,192.183,2,1
1324,312.428,187.173,2,1
1325,109.289,269.963,2,1
1326,12.568,204.957,2,1
1327,162.617,216.216,2,1
1328,388.268,51.8458,2,1
1329,511.244,22.4104,2,1
1330,314.223,171.207,2,1
1331,597.916,171.895,2,1
1332,275.453,239.107,2,1
1333,423.663,271.732,2,1
1334,538.128,29.6461,2,1
1335,319.53,276.521,2,1
1336,177.168,200.315,2,1
1337,389.482,61.0883,2,1
1338,247.734,151.396,2,1
1339,463.282,188.311,2,1
1340,115.732,18.7768,2,1
1341,378.712,281.161,2,1
1342,64.1701,145.267,2,1
1343,368.397,6.08888,2,1
1344,192.187,130.649,2,1
1345,492.815,46.7819,2,1
1346,93.7324,99.0782,2,1
1347,310.413,136.125,2,1
1348,515.828,298,2,1
1349,578.008,82.4782,2,1
1350,437.182,170.702,2,1
1351,536.263,242.878,2,1
1352,11.267,13.8393,2,1
1353,338.183,21.6923,2,1
1354,444.487,59.6122,2,1
1355,459.153,63.6869,2,1
1356,168.508,241.269,2,1
1357,250.703,257.309,2,1
1358,97.3312,23.9444,2,1
1359,108.187,50.8057,2,1
1360,2.92296,43.3505,2,1
1361,80.2157,164.286,2,1
1362,521.742,137.176,2,1
1363,421.207,178.351,2,1
1364,359.022,287.721,2,1
1365,213.927,102.452,2,1
1366,276.752,168.229,2,1
1367,556.612,259.461,2,1
1368,205.323,240.904,2,1
1369,349.504,118.857,2,1
1370,469.095,11.3974,2,1
1371,66.6487,155.811,2,1
1372,381.101,120.376,2,1
1373,26.1974,261.774,2,1
1374,498.24,96.3103,2,1
1375,98.1956,246.474,2,1
1376,93.7652,255.326,2,1
1377,140.287,19.739,2,1
1378,368.426,91.2245,2,1
1379,19.3005,70.0213,2,1
1380,379.658,173.656,2,1
1381,253.455,284.34,2,1
1382,393.4,62.1202,2,1
1383,590.001,290.002,2,1
1384,404.392,199.15,2,1
1385,298.695,191.245,2,1
1386,592.704,298,2,1
1387,129.569,138.585,2,1
1388,47.5894,141.175,2,1
1389,399.721,99.7897,2,1
1390,311.824,12.794,2,1
1391,381.014,166.834,2,1
1392,441.477,263.819,2,1
1393,497.752,66.8676,2,1
1394,310.17,140.176,2,1
1395,508.163,83.7582,2,1
1396,240.024,285.386,2,1
1397,70.6671,191.878,2,1
1398,156.293,289.151,2,1
1399,221.595,215.148,2,1
1400,181.506,190.849,2,1
1401,143.309,103.973,2,1
1402,351.535,90.8158,2,1
1403,332.568,63.2993,2,1
1404,217.08,294.696,2,1
1405,88.094,184.648,2,1
1406,377.039,223.489,2,1
1407,319.457,188.283,2,1
1408,536.615,195.668,2,1
1409,129.469,286.057,2,1
1410,22.4704,96.455,2,1
1411,153.589,197.98,2,1
1412,349.293,294.027,2,1
1413,504.678,221.317,2,1
1414,181.031,26.695,2,1
1415,88.5964,249.127,2,1
1416,179.936,12.7571,2,1
1417,69.2106,56.0205,2,1
1418,574.379,28.4429,2,1
1419,451.114,205.671,2,1
1420,387.097,16.4307,2,1
1421,58.5773,213.995,2,1
1422,86.4162,289.749,2,1
1423,486.597,298,2,1
1424,261.447,250.092,2,1
1425,146.03,153.313,2,1
1426,100.285,279.344,2,1
1427,49.5203,206.784,2,1
1428,98.0587,69.6872,2,1
1429,415.531,112.286,2,1
1430,12.8883,31.1073,2,1
1431,460.174,108.011,2,1
1432,566.917,38.4546,2,1
1433,555.075,201.863,2,1
1434,346.851,284.466,2,1
1435,580.815,171.095,2,1
1436,16.4473,145.372,2,1
1437,517.966,232.588,2,1
1438,50.0854,221.004,2,1
1439,527.011,27.4793,2,1
1440,209.037,53.4889,2,1
1441,0.921525,146.763,2,1
1442,274.942,67.5454,2,1
1443,69.0845,96.4679,2,1
1444,141.496,287.519,2,1
1445,592.362,251.35,2,1
1446,527.114,35.6382,2,1
1447,403.061,91.6053,2,1
1448,126.187,140.811,2,1
1449,593.786,282.642,2,1
1450,528.33,69.3788,2,1
1451,94.6576,170.467,2,1
1452,592.023,25.7413,2,1
1453,436.757,33.0915,2,1
1454,300.094,13.2758,2,1
1455,556.556,104.055,2,1
1456,476.532,11.447,2,1
1457,227.559,17.4641,2,1
1458,27.4001,12.8563,2,1
1459,69.6146,165.849,2,1
1460,384.282,227.649,2,1
1461,214.821,45.9554,2,1
1462,326.481,31.9115,2,1
1463,118.683,42.2572,2,1
1464,385.562,5.27178,2,1
1465,205.164,199.129,2,1
1466,324.79,76.895,2,1
1467,415.811,5.66801,2,1
1468,172.819,59.5461,2,1
1469,139.495,28.2806,2,1
1470,400.096,167.117,2,1
1471,387.436,92.5722,2,1
1472,27.1126,202.303,2,1
1473,356.39,7.64031,2,1
1474,316.24,118.72,2,1
1475,69.4146,121.125,2,1
1476,570.016,79.6769,2,1
1477,351.652,94.8239,2,1
1478,398.154,130.61,2,1
1479,315.668,90.6049,2,1
1480,95.3505,285.866,2,1
1481,5.24985,65.6664,2,1
1482,319.431,77.4397,2,1
1483,475.697,264.731,2,1
1484,451.89,242.787,2,1
1485,180.366,130.097,2,1
1486,433.5,135.702,2,1
1487,141.173,4.37658,2,1
1488,521.365,276.714,2,1
1489,380.229,154.955,2,1
1490,307.538,171.924,2,1
1491,433.557,291.759,2,1
1492,316.69,2,2,1
1493,189.986,224.573,2,1
1494,348.928,191.298,2,1
1495,356.284,79.5081,2,1
1496,536.604,153.007,2,1
1497,121.308,80.9408,2,1
1498,182.242,126.456,2,1
1499,315.488,103.139,2,1
1500,105.332,14.0956,2,1
1501,207.998,17.3347,2,1
1502,110.142,82.2393,2,1
1503,478.803,109.418,2,1
1504,204.33,124.724,2,1
1505,48.2337,210.644,2,1
1506,255.519,60.0277,2,1
1507,172.66,194.92,2,1
1508,392.058,142.816,2,1
1509,374.324,168.948,2,1
1510,555.828,22.1321,2,1
1511,430.504,294.466,2,1
1512,443.821,42.078,2,1
1513,537.814,149.183,2,1
1514,589.077,29.2915,2,1
1515,348.424,102.341,2,1
1516,121.026,53.9517,2,1
1517,91.9668,183.534,2,1
1518,97.7168,15.826,2,1
1519,574.028,118.907,2,1
1520,61.8568,167.508,2,1
1521,227.764,84.7948,2,1
1522,246.099,30.8129,2,1
1523,293.64,77.2349,2,1
1524,163.6,220.131,2,1
1525,237.641,6.06565,2,1
1526,517.114,270.053,2,1
1527,575.842,89.2724,2,1
1528,229.664,9.6669,2,1
1529,598.009,149.569,2,1
1530,343.707,265.399,2,1
1531,197.895,67.5111,2,1
1532,438.772,216.006,2,1
1533,409.482,2,2,1
1534,586.63,19.3837,2,1
1535,198.332,63.4964,2,1
1536,512.395,229.299,2,1
1537,274.584,171.599,2,1
1538,206.633,251.97,2,1
1539,342.157,208.645,2,1
1540,386.804,76.8261,2,1
1541,526.009,200.902,2,1
1542,183.817,47.2584,2,1
1543,11.4766,84.7653,2,1
1544,332.084,237.543,2,1
1545,171.387,36.0214,2,1
1546,182.788,243.622,2,1
1547,271.185,48.4001,2,1
1548,441.933,2,2,1
1549,302.432,82.2865,2,1
1550,60.3355,64.8266,2,1
1551,592.542,205.16,2,1
1552,73.3044,242.173,2,1
1553,588.56,252.821,2,1
1554,466.949,112.938,2,1
1555,224.821,233.592,2,1
1556,377.25,294.707,2,1
1557,69.402,114.285,2,1
1558,77.2213,290.049,2,1
1559,126.218,179.458,2,1
1560,49.1553,200.453,2,1
1561,355.063,288.76,2,1
1562,538.539,285.827,2,1
1563,448.75,245.441,2,1
1564,328.737,143.424,2,1
1565,352.641,9.51685,2,1
1566,55.3421,32.4451,2,1
1567,234.284,75.746,2,1
1568,584.895,254.656,2,1
1569,251.959,169.668,2,1
1570,526.78,194.436,2,1
1571,251.056,294.729,2,1
1572,576.362,294.458,2,1
1573,18.334,295.498,2,1
1574,248.484,27.4665,2,1
1575,139.265,104.405,2,1
1576,293.933,181.782,2,1
1577,2.00016,58.5444,2,1
1578,77.4983,76.918,2,1
1579,248.746,159.504,2,1
1580,197.854,30.8523,2,1
1581,24.8699,105.944,2,1
1582,552.449,153.276,2,1
1583,354.871,258.45,2,1
1584,149.71,37.3992,2,1
1585,266.594,92.7641,2,1
1586,48.857,298,2,1
1587,187.732,235.746,2,1
1588,421.684,76.5299,2,1
1589,461.797,268.658,2,1
1590,346.812,248.308,2,1
1591,165.647,293.938,2,1
1592,342.729,30.7867,2,1
1593,326.057,228.852,2,1
1594,474.902,227.124,2,1
1595,496.431,223.523,2,1
1596,516.288,266.071,2,1
1597,401.948,109.673,2,1
1598,171.176,65.1978,2,1
1599,105.332,277.351,2,1
1600,314.328,97.8157,2,1
1601,364.228,91.8968,2,1
1602,98.2812,57.9262,2,1
1603,127.569,40.9312,2,1
1604,226.929,2,2,1
1605,527.134,294.48,2,1
1606,275.038,90.5088,2,1
1607,556.187,154.796,2,1
1608,536.24,88.0412,2,1
1609,66.92,281.407,2,1
1610,0.767918,298,2,1
1611,506.006,167.182,2,1
1612,179.474,268.968,2,1
1613,115.764,100.401,2,1
1614,0.61977,142.616,2,1
1615,216.586,290.105,2,1
1616,241.829,173.017,2,1
1617,59.2203,127.906,2,1
1618,96.9853,199.115,2,1
1619,125.455,191.859,2,1
1620,546.334,185.436,2,1
1621,15.4025,23.6081,2,1
1622,324.542,133.695,2,1
1623,446.989,251.402,2,1
1624,585.33,105.15,2,1
1625,77.4461,183.161,2,1
1626,512.548,39.1807,2,1
1627,250.057,115.524,2,1
1628,542.756,222.834,2,1
1629,74.4903,180.228,2,1
1630,435.18,217.85,2,1
1631,401.943,82.2113,2,1
1632,383.517,93.6091,2,1
1633,74.1617,10.3752,2,1
1634,588.298,108.452,2,1
1635,70.5276,106.434,2,1
1636,228.587,274.326,2,1
1637,77.5077,148.502,2,1
1638,211.961,22.9979,2,1
1639,304.494,185.599,2,1
1640,89.0191,59.3384,2,1
1641,589.863,193.676,2,1
1642,6.25479,292.801,2,1
1643,119.373,238.437,2,1
1644,287.904,196.069,2,1
1645,41.9743,167.809,2,1
1646,598.955,273.964,2,1
1647,537.708,207.508,2,1
1648,262.883,174.604,2,1
1649,62.9641,179.731,2,1
1650,21.5368,33.9957,2,1
1651,510.648,274.946,2,1
1652,386.612,132.213,2,1
1653,536.632,289.981,2,1
1654,411.981,58.1663,2,1
1655,558.32,162.414,2,1
1656,101.117,166.642,2,1
1657,241.475,221.462,2,1
1658,435.953,286.41,2,1
1659,64.438,262.266,2,1
1660,349.776,98.5373,2,1
1661,465.496,128.236,2,1
1662,248.265,119.155,2,1
1663,364.305,5.99552,2,1
1664,400.079,142.159,2,1
1665,291.346,226.011,2,1
1666,209.393,71.0422,2,1
1667,175.602,43.516,2,1
1668,65.5202,225.243,2,1
1669,474.884,181.513,2,1
1670,379.639,298,2,1
1671,18.3831,2.4421,2,1
1672,471.09,106.862,2,1
1673,28.3691,236.652,2,1
1674,395.44,114.566,2,1
1675,449.919,189.195,2,1
1676,582.508,5.69146,2,1
1677,107.047,254.989,2,1
1678,190.415,127.004,2,1
1679,197.123,116.925,2,1
1680,476.851,52.2683,2,1
1681,375.999,136.098,2,1
1682,361.901,227.635,2,1
1683,459.831,44.4756,2,1
1684,329.748,106.596,2,1
1685,397.392,156.187,2,1
1686,251.507,85.8301,2,1
1687,497.348,166.085,2,1
1688,378.757,55.791,2,1
1689,586.211,160.871,2,1
1690,551.577,204.124,2,1
1691,181,198.91,2,1
1692,466.214,28.7065,2,1
1693,503.719,128.007,2,1
1694,192.16,161.238,2,1
1695,336.267,101.438,2,1
1696,414.614,213.968,2,1
1697,405.284,290.394,2,1
1698,24.8333,239.219,2,1
1699,250.547,179.464,2,1
1700,164.495,262.936,2,1
1701,396.929,169.771,2,1
1702,342.857,283.539,2,1
1703,298.34,46.5538,2,1
1704,164.57,224.302,2,1
1705,170.487,228.78,2,1
1706,45.6323,130.489,2,1
1707,405.508,276.326,2,1
1708,168.533,185.014,2,1
1709,480.949,240.381,2,1
1710,440.187,22.5227,2,1
1711,260.78,5.11722,2,1
1712,540.431,254.929,2,1
1713,339.459,276.38,2,1
1714,556.951,191.374,2,1
1715,205.229,148.223,2,1
1716,234.452,293.299,2,1
1717,323.199,210.464,2,1
1718,199.627,235.565,2,1
1719,259.05,133.783,2,1
1720,250.112,2,2,1
1721,117.401,93.0597,2,1
1722,413.529,270.659,2,1
1723,33.7493,295.389,2,1
1724,460.161,272.43,2,1
1725,592.81,278.689,2,1
1726,103.933,210.521,2,1
1727,361.583,267.892,2,1
1728,129.853,258.114,2,1
1729,400.7,258.2,2,1
1730,12.5211,267.183,2,1
1731,93.7705,276.588,2,1
1732,152.929,281.759,2,1
1733,302.877,89.46,2,1
1734,487.08,205.809,2,1
1735,536.929,104.076,2,1
1736,17.9962,181.804,2,1
1737,277.643,221.412,2,1
1738,533.216,155.28,2,1
1739,288.185,242.062,2,1
1740,406.599,95.2425,2,1
1741,485.334,209.533,2,1
1742,425.478,103.114,2,1
1743,246.603,274.276,2,1
1744,177.407,28.5587,2,1
1745,442.651,297.866,2,1
1746,492.132,198.385,2,1
1747,249.399,248.61,2,1
1748,76.1063,274.352,2,1
1749,408.12,51.8886,2,1
1750,182.676,76.9677,2,1
1751,432.693,130.157,2,1
1752,360.355,6.71845,2,1
1753,180.574,20.7763,2,1
1754,117.477,270.899,2,1
1755,501.607,279.194,2,1
1756,158.603,234.145,2,1
1757,464.045,153.054,2,1
1758,285.831,232.798,2,1
1759,428.851,18.3311,2,1
1760,264.162,188.777,2,1
1761,583.898,250.512,2,1
1762,484.119,261.605,2,1
1763,459.859,242.09,2,1
1764,568.354,228.842,2,1
1765,15.4687,138.003,2,1
1766,493.638,112.852,2,1
1767,279.811,170.961,2,1
1768,565.804,289.926,2,1
1769,548.131,126.497,2,1
1770,528.841,91.7301,2,1
1771,276.937,29.7318,2,1
1772,505.645,68.8218,2,1
1773,187.898,22.6208,2,1
1774,518.845,75.7243,2,1
1775,66.5727,199.693,2,1
1776,347.155,142.769,2,1
1777,378.333,287.207,2,1
1778,215.586,37.9809,2,1
1779,505.683,269.419,2,1
1780,486.498,258.386,2,1
1781,167.104,35.2603,2,1
1782,305.71,55.5263,2,1
1783,184.906,294.301,2,1
1784,237.938,205.375,2,1
1785,268.297,248.311,2,1
1786,448.732,81.7202,2,1
1787,207.939,82.7236,2,1
1788,148.758,94.5432,2,1
1789,556.145,8.02648,2,1
1790,291.119,120.562,2,1
1791,591.597,127.374,2,1
1792,117.673,274.902,2,1
1793,111.612,38.5082,2,1
1794,235.874,237.835,2,1
1795,255.207,167.145,2,1
1796,340.46,225.156,2,1
1797,215.156,157.048,2,1
1798,544.845,5.8538,2,1
1799,535.753,143.644,2,1
1800,238.272,143.814,2,1
1801,65.8976,270.082,2,1
1802,557.962,11.7114,2,1
1803,343.679,256.651,2,1
1804,531.154,294.42,2,1
1805,420.392,158.447,2,1
1806,182.141,228.328,2,1
1807,299.536,265.039,2,1
1808,227.634,142.255,2,1
1809,42.9731,254.311,2,1
1810,276.258,189.77,2,1
1811,94.9214,244.114,2,1
1812,10.1985,141.933,2,1
1813,70.7307,282.645,2,1
1814,375.575,128.416,2,1
1815,347.425,168.489,2,1
1816,69.3488,79.687,2,1
1817,21.1962,200.9,2,1
1818,54.3036,221.91,2,1
1819,22.2497,83.197,2,1
1820,581.824,291.6,2,1
1821,182.37,38.9905,2,1
1822,425.418,27.9825,2,1
1823,68.3723,266.804,2,1
1824,423.363,45.7387,2,1
1825,477.421,173.967,2,1
1826,459.82,185.745,2,1
1827,139.441,243.796,2,1
1828,524.572,291.28,2,1
1829,572.356,250.863,2,1
1830,499.402,204.422,2,1
1831,427.166,264.101,2,1
1832,344.888,86.1722,2,1
1833,199.968,16.8058,2,1
1834,441.326,232.086,2,1
1835,438.839,193.091,2,1
1836,69.224,184.68,2,1
1837,364.406,25.3419,2,1
1838,530.15,47.0908,2,1
1839,18.58,66.0497,2,1
1840,553.348,189.53,2,1
1841,20.4445,79.6248,2,1
1842,11.3572,66.9645,2,1
1843,145.706,181.814,2,1
1844,270.849,258.102,2,1
1845,147.688,20.4875,2,1
1846,53.2498,103.385,2,1
1847,464.35,106.199,2,1
1848,140.487,220.192,2,1
1849,475.426,117.382,2,1
1850,358.093,87.0951,2,1
1851,90.7031,169.602,2,1
1852,437.171,174.93,2,1
1853,381.678,52.6713,2,1
1854,514.944,130.765,2,1
1855,252.296,191.312,2,1
1856,56.0722,43.3721,2,1
1857,355.586,186.846,2,1
1858,147.748,178.2,2,1
1859,558.275,4.64098,2,1
1860,174.304,111.664,2,1
1861,375.602,162.125,2,1
1862,337.238,95.1809,2,1
1863,311.39,63.5002,2,1
1864,354.33,212.762,2,1
1865,430.503,253.107,2,1
1866,348.795,224.879,2,1
1867,263.04,18.3499,2,1
1868,494.601,193.793,2,1
1869,158.565,8.63258,2,1
1870,154.132,151.414,2,1
1871,213.849,106.501,2,1
1872,238.38,69.3991,2,1
1873,400.842,48.4707,2,1
1874,263.435,2,2,1
1875,469.022,164.49,2,1
1876,516.876,45.1938,2,1
1877,276.448,82.3757,2,1
1878,252.377,49.7529,2,1
1879,33.0444,153.819,2,1
1880,420.534,215.661,2,1
1881,174.524,219.027,2,1
1882,359.945,218.125,2,1
1883,364.02,234.374,2,1
1884,584.534,128.93,2,1
1885,24.7071,165.931,2,1
1886,502.8,132.034,2,1
1887,321.538,171.789,2,1
1888,229.031,233.551,2,1
1889,322.343,13.004,2,1
1890,195.83,151.261,2,1
1891,177.841,113.593,2,1
1892,268.979,228.017,2,1
1893,297.702,5.64639,2,1
1894,305.49,68.0401,2,1
1895,403.324,187.534,2,1
1896,179.785,236.761,2,1
1897,340.795,18.3236,2,1
1898,281.027,29.3987,2,1
1899,155.822,178.055,2,1
1900,415.318,117.25,2,1
1901,8.35793,159.61,2,1
1902,168.901,96.9683,2,1
1903,573.671,288.393,2,1
1904,75.8106,134.39,2,1
1905,123.203,205.458,2,1
1906,579.937,249.625,2,1
1907,580.478,33.8791,2,1
1908,357.499,32.5392,2,1
1909,287.273,20.9916,2,1
1910,367.71,171.286,2,1
1911,248.175,155.43,2,1
1912,157.376,2,2,1
1913,189.887,10.4051,2,1
1914,484.141,199.006,2,1
1915,217.102,224.248,2,1
1916,403.416,29.2391,2,1
1917,25.3572,64.9183,2,1
1918,16.3907,268.698,2,1
1919,173.548,81.2221,2,1
1920,532.6,90.1956,2,1
1921,159.835,42.278,2,1
1922,471.226,154.169,2,1
1923,21.0486,192.472,2,1
1924,558.729,111.077,2,1
1925,196.69,96.5808,2,1
1926,181.349,247.687,2,1
1927,90.9269,130.117,2,1
1928,291.282,185.043,2,1
1929,217.982,117.642,2,1
1930,454.41,91.353,2,1
1931,168.567,39.0415,2,1
1932,534.803,160.326,2,1
1933,54.2243,145.676,2,1
1934,521.99,225.652,2,1
1935,440.09,196.964,2,1
1936,200.95,8.77478,2,1
1937,201.712,232.071,2,1
1938,26.3854,52.7989,2,1
1939,228.517,226.326,2,1
1940,449.605,164.865,2,1
1941,239.498,51.6466,2,1
1942,492.662,42.7414,2,1
1943,530.926,73.5978,2,1
1944,144.53,290.141,2,1
1945,322.073,89.6724,2,1
1946,446.178,146.033,2,1
1947,473.482,19.1586,2,1
1948,586.635,75.0655,2,1
1949,169.755,175.019,2,1
1950,373.377,259.773,2,1
1951,330.906,183.751,2,1
1952,187.992,220.981,2,1
1953,269.132,214.085,2,1
1954,585.011,259.996,2,1
1955,155.499,12.2809,2,1
1956,131.277,150.402,2,1
1957,262.741,8.61929,2,1
1958,272.21,84.9987,2,1
1959,125.593,243.414,2,1
1960,322.845,292.949,2,1
1961,16.2849,99.8273,2,1
1962,7.06954,273.558,2,1
1963,455.447,184.601,2,1
1964,318.145,159.945,2,1
1965,596.716,298,2,1
1966,85.3232,5.58944,2,1
1967,478.254,75.1014,2,1
1968,441.201,228.001,2,1
1969,142.917,282.988,2,1
1970,97.0609,167.147,2,1
1971,139.733,126.962,2,1
1972,84.3212,126.237,2,1
1973,184.014,168.954,2,1
1974,240.354,182.603,2,1
1975,292.378,299.847,2,1
1976,273.735,292.808,2,1
1977,72.4278,125.639,2,1
1978,594.124,289.625,2,1
1979,171.174,141.758,2,1
1980,35.7611,218.725,2,1
1981,406.901,124.001,2,1
1982,235.597,165.139,2,1
1983,462.353,80.9299,2,1
1984,468.697,125.837,2,1
1985,35.3324,260.662,2,1
1986,330.053,229.617,2,1
1987,82.092,241.084,2,1
1988,590.962,211.689,2,1
1989,243.18,230.307,2,1
1990,582.421,42.6722,2,1
1991,322.022,222.632,2,1
1992,488.894,228.716,2,1
1993,76.7343,100.175,2,1
1994,244.654,260.14,2,1
1995,216.229,152.994,2,1
1996,205.59,136.023,2,1
1997,402.325,181.285,2,1
1998,24.0841,147.87,2,1
1999,374.925,71.6125,2,1
2000,595.38,175.107,2,1
2001,364.775,265.323,2,1
2002,195.825,285.731,2,1
2003,58.9335,194.285,2,1
2004,482.184,147.818,2,1
2005,396.234,143.395,2,1
2006,494.476,122.5,2,1
2007,200.075,98.8883,2,1
2008,55.3892,24.6747,2,1
2009,365.019,230.304,2,1
2010,321.85,139.829,2,1
2011,204.001,213.112,2,1
2012,510.199,46.5708,2,1
2013,437.574,119.765,2,1
2014,76.0926,72.0641,2,1
2015,263.078,134.492,2,1
2016,73.6026,114.262,2,1
2017,81.4522,103.996,2,1
2018,540.134,112.451,2,1
2019,218.047,261.002,2,1
2020,4.60223,143.264,2,1
2021,178.544,40.7418,2,1
2022,587.703,100.516,2,1
2023,329.476,110.811,2,1
2024,85.7257,215.925,2,1
2025,529.013,106.928,2,1
2026,467.615,121.804,2,1
2027,32.5773,119.894,2,1
2028,334.54,283.702,2,1
2029,55.2145,181.431,2,1
2030,328.224,74.8087,2,1
2031,594.595,213.444,2,1
2032,474.999,290.664,2,1
2033,272.68,19.5962,2,1
2034,303.49,263.954,2,1
2035,422.315,203.763,2,1
2036,384.012,290.767,2,1
2037,222.874,19.3435,2,1
2038,316.646,27.7576,2,1
2039,272.406,107.481,2,1
2040,521.97,48.4705,2,1
2041,343.988,65.2264,2,1
2042,576.236,191.96,2,1
2043,143.198,238.241,2,1
2044,179.662,260.801,2,1
2045,525.41,185.207,2,1
2046,1.88569,150.784,2,1
2047,442.718,115.13,2,1
2048,109.772,54.9941,2,0
2049,498.519,233.515,2,1
2050,402.766,254.673,2,1
2051,550.481,277.632,2,1
2052,432.131,283.898,2,1
2053,389.627,260.579,2,1
2054,398.309,72.3861,2,1
2055,357.635,127.799,2,1
2056,355.133,139.732,2,1
2057,450.335,110.504,2,1
2058,424.661,181.9,2,1
2059,520.773,15.6284,2,1
2060,325.364,165.89,2,1
2061,219.846,111.469,2,1
2062,276.582,231.25,2,1
2063,59.4385,31.7738,2,1
2064,27.5033,219.549,2,1
2065,175.087,267.038,2,1
2066,176.201,213.501,2,1
2067,313.48,294.164,2,1
2068,494.486,73.5403,2,1
2069,518.052,64.6322,2,1
2070,360.772,294.861,2,1
2071,389.077,167.234,2,1
2072,257.532,209.876,2,1
2073,593.042,230.049,2,1
2074,459.11,13.7341,2,1
2075,41.7146,39.2733,2,1
2076,225.1,178.51,2,1
2077,230.112,266.787,2,1
2078,387.311,186.33,2,1
2079,484.324,163.604,2,1
2080,588.312,59.8947,2,1
2081,191.426,251.059,2,1
2082,325.69,63.0624,2,1
2083,445.855,162.87,2,1
2084,350.345,126.343,2,1
2085,400.955,207.253,2,1
2086,248.528,219.614,2,1
2087,505.212,277.212,2,1
2088,503.5,238.168,2,1
2089,261.258,13.7347,2,1
2090,19.8686,162.641,2,1
2091,563.645,272.874,2,1
2092,14.9102,40.1907,2,1
2093,84.2496,111.639,2,1
2094,329.187,18.5915,2,1
2095,345.742,19.1459,2,1
2096,595.799,134.831,2,1
2097,283.946,102.849,2,1
2098,434.555,260.922,2,1
2099,377.747,209.548,2,1
2100,341.238,138.182,2,1
2101,121.881,31.2289,2,1
2102,213.31,275.501,2,1
2103,224.21,281.074,2,1
2104,579.522,9.47851,2,1
2105,428.87,277.037,2,1
2106,485.109,153.624,2,1
2107,431.547,241.734,2,1
2108,394.372,97.7251,2,1
2109,558.233,120.504,2,1
2110,545.205,260.428,2,1
2111,388.398,267.953,2,1
2112,418.304,254.507,2,1
2113,564.314,229.133,2,1
2114,128.05,223.396,2,1
2115,6.0652,255.299,2,1
2116,270.037,130.979,2,1
2117,202.376,257.895,2,1
2118,378.623,264.488,2,1
2119,205.027,217.014,2,1
2120,205.128,276.134,2,1
2121,152.176,71.8153,2,1
2122,27.6778,124.527,2,1
2123,466.493,253.143,2,1
2124,579.931,68.1508,2,1
2125,244.995,201.46,2,1
2126,137.075,76.8613,2,1
2127,241.459,72.0138,2,1
2128,366.977,261.756,2,1
2129,480.915,259.176,2,1
2130,58.3697,121.568,2,1
2131,454.267,100.257,2,1
2132,106.902,228.266,2,1
2133,228.692,240.585,2,1
2134,341.278,190.105,2,1
2135,430.791,139.848,2,1
2136,459.452,189.839,2,1
2137,109.59,104.87,2,1
2138,228.231,57.7477,2,1
2139,382.437,170.642,2,1
2140,503.031,49.854,2,0
2141,164.655,40.0408,2,1
2142,312.462,2,2,1
2143,198.383,55.2566,2,1
2144,77.4609,278.141,2,1
2145,577.584,159.473,2,1
2146,360.047,24.2262,2,1
2147,411.679,110.578,2,1
2148,246.543,23.9391,2,1
2149,500.556,38.618,2,1
2150,380.102,65.6423,2,1
2151,270.665,274.567,2,1
2152,16.2212,215.708,2,1
2153,217.508,212.962,2,1
2154,287.736,2,2,1
2155,72.089,298,2,1
2156,549.33,200.598,2,1
2157,128.695,167.177,2,1
2158,218.686,6.0665,2,1
2159,389.86,294.428,2,1
2160,133.39,53.8955,2,1
2161,351.679,206.041,2,1
2162,111.198,42.8227,2,1
2163,487.244,242.412,2,1
2164,490.559,194.513,2,1
2165,544.816,237.212,2,1
2166,61.4401,226.903,2,1
2167,184.245,13.8309,2,1
2168,8.80915,191.647,2,1
2169,562.408,25.4574,2,1
2170,33.8119,41.6599,2,1
2171,173.315,207.054,2,1
2172,596.474,220.356,2,1
2173,59.2935,202.341,2,1
2174,392.008,234.705,2,1
2175,67.2308,177.603,2,1
2176,408.442,68.8877,2,1
2177,553.439,253.659,2,1
2178,336.033,182.743,2,1
2179,565.606,245.293,2,1
2180,365.318,2,2,1
2181,186.323,54.0533,2,1
2182,399.241,115.854,2,1
2183,112.046,117.967,2,1
2184,142.798,155.738,2,1
2185,481.96,180.44,2,1
2186,542.426,199.729,2,1
2187,366.621,198.397,2,1
2188,2.43252,195.669,2,1
2189,543.67,180.282,2,1
2190,208.513,142.512,2,1
2191,56.3974,298,2,1
2192,478.211,15.1314,2,1
2193,173.159,17.6293,2,1
2194,406.76,60.0037,2,1
2195,20.6125,18.1665,2,1
2196,18.0196,166.195,2,1
2197,587.701,126.356,2,1
2198,289.257,269.959,2,1
2199,122.163,261.662,2,1
2200,332.646,12.0282,2,1
2201,308.774,217.487,2,1
2202,557.539,253.599,2,1
2203,260.522,121.946,2,1
2204,590.795,19.6316,2,1
2205,347.629,94.9984,2,1
2206,300.379,239.079,2,1
2207,421.8,283.081,2,1
2208,118.434,289.65,2,1
2209,92.2831,78.3813,2,1
2210,584.434,169.18,2,1
2211,468.595,294.345,2,1
2212,120.93,121.836,2,1
2213,29.2149,23.7116,2,1
2214,74.3864,280.831,2,1
2215,323.291,265.601,2,1
2216,236.832,152.995,2,1
2217,384.194,223.591,2,1
2218,292.649,65.7701,2,1
2219,65.4164,54.4861,2,1
2220,58.9278,92.0053,2,1
2221,169.453,147.963,2,1
2222,180.387,194.879,2,1
2223,44.2609,238.219,2,1
2224,396.97,190.525,2,1
2225,448.996,48.6421,2,1
2226,275.305,182.436,2,1
2227,224.686,290.991,2,1
2228,370.72,198.839,2,1
2229,333.692,71.8206,2,1
2230,385.239,54.587,2,1
2231,313.794,138.474,2,1
2232,461.313,33.8373,2,1
2233,314.653,61.0624,2,1
2234,402.871,6.78284,2,1
2235,16.1923,178.164,2,1
2236,554.102,45.641,2,1
2237,464.295,176.075,2,1
2238,390.633,208.879,2,1
2239,369.427,250.678,2,1
2240,133.277,68.339,2,1
2241,587.368,47.1929,2,1
2242,352.817,39.3152,2,1
2243,106.757,25.2774,2,1
2244,284.124,160.676,2,1
2245,13.5222,246.906,2,1
2246,508.849,282.67,2,1
2247,172.048,119.961,2,1
2248,418.503,192.541,2,1
2249,113.314,194.001,2,1
2250,68.7423,211.876,2,1
2251,361.592,125.944,2,1
2252,39.7376,158.933,2,1
2253,178.009,24.0713,2,1
2254,337.783,119.249,2,1
2255,424.132,287.27,2,1
2256,394.233,81.1672,2,1
2257,104.915,281.526,2,1
2258,293.385,236.362,2,1
2259,477.194,130.878,2,1
2260,80.2152,293.937,2,1
2261,322.122,206.2,2,1
2262,328.027,261.42,2,1
2263,163.287,119.395,2,1
2264,220.419,73.6811,2,1
2265,20.0263,30.2513,2,1
2266,174.157,251.549,2,1
2267,237.68,136.162,2,1
2268,262.353,130.452,2,1
2269,543.135,140.776,2,1
2270,533.81,259.208,2,1
2271,59.383,239.432,2,1
2272,481.107,152.759,2,1
2273,106.126,267.313,2,1
2274,517.061,255.17,2,1
2275,25.5798,72.3711,2,1
2276,596.501,2,2,1
2277,408.175,264.606,2,1
2278,23.5931,297.727,2,1
2279,554.221,121.619,2,1
2280,597.864,42.8005,2,1
2281,446.855,135.108,2,1
2282,392.626,105.665,2,1
2283,137.103,52.082,2,0
2284,576.653,183.839,2,1
2285,450.307,234.836,2,1
2286,141.452,67.3123,2,1
2287,415.635,247.874,2,1
2288,154.897,231.287,2,1
2289,253.161,77.7142,2,1
2290,425.867,283.588,2,1
2291,507.148,258.842,2,1
2292,392.629,290.65,2,1
2293,388.871,104.221,2,1
2294,445.617,69.6233,2,1
2295,351.416,169.375,2,1
2296,231.166,37.5799,2,1
2297,340.498,164.672,2,1
2298,475.47,205.243,2,1
2299,473.909,75.4821,2,1
2300,394.412,253.158,2,1
2301,214.626,235.416,2,1
2302,294.668,293.192,2,1
2303,283.058,52.6621,2,1
2304,416.497,70.2429,2,1
2305,594.026,86.7133,2,1
2306,295.791,250.539,2,1
2307,318.626,192.729,2,1
2308,248.881,211.976,2,1
2309,435.56,242.019,2,1
2310,374.832,59.7548,2,1
2311,212.82,148.738,2,1
2312,529.317,134.389,2,1
2313,540.338,154.653,2,1
2314,239.209,139.897,2,1
2315,433.448,66.3972,2,1
2316,487.109,71.0167,2,1
2317,306.138,278.699,2,1
2318,336.517,5.56163,2,1
2319,504.688,14.8731,2,1
2320,233.409,148.903,2,1
2321,311.655,183.142,2,1
2322,180.232,153.239,2,1
2323,27.0832,68.6014,2,1
2324,490.528,50.146,2,1
2325,371.29,134.912,2,1
2326,384.492,214.553,2,1
2327,437.36,234.365,2,1
2328,534.689,210.299,2,1
2329,587.995,135.142,2,1
2330,212.631,112.842,2,1
2331,281.756,220.834,2,1
2332,529.591,87.4199,2,1
2333,254.69,188.076,2,1
2334,202.337,202.66,2,1
2335,271.138,127.014,2,1
2336,432.015,210.578,2,1
2337,43.2069,288.571,2,1
2338,513.964,2.35248,2,1
2339,133.11,34.5989,2,1
2340,30.7226,182.119,2,1
2341,517.562,211.983,2,1
2342,359.606,254.462,2,1
2343,469.348,76.0869,2,1
2344,540.36,87.6332,2,1
2345,369.27,122.87,2,1
2346,4.93766,29.3526,2,1
2347,234.52,33.2806,2,1
2348,556.301,178.385,2,1
2349,532.501,14.3222,2,1
2350,463.207,131.724,2,1
2351,152.217,90.439,2,1
2352,409.319,174.232,2,1
2353,87.054,123.163,2,1
2354,582.585,84.9172,2,1
2355,54.6756,149.684,2,1
2356,259.74,286.412,2,1
2357,17.5316,199.143,2,1
2358,66.4144,72.7232,2,1
2359,407.571,239.964,2,1
2360,246.632,280.43,2,1
2361,525.236,66.7948,2,1
2362,274.08,130.781,2,1
2363,209.119,198.498,2,1
2364,160.652,169.515,2,1
2365,78.2847,233.75,2,1
2366,13.9281,152.905,2,1
2367,211.094,99.3803,2,1
2368,251.26,222.674,2,1
2369,574.84,85.3256,2,1
2370,347.984,187.305,2,1
2371,541.922,46.4069,2,1
2372,65.6896,248.379,2,1
2373,286.533,24.9695,2,1
2374,55.795,275.299,2,1
2375,239.41,122.884,2,1
2376,405.106,191.352,2,1
2377,554.239,235.822,2,1
2378,126.611,120.39,2,1
2379,79.3992,59.6365,2,1
2380,32.2992,178.296,2,1
2381,364.02,287.542,2,1
2382,524.155,85.283,2,1
2383,243.279,287.998,2,1
2384,473.862,258.647,2,1
2385,487.897,141.711,2,1
2386,27.9911,49.0122,2,1
2387,78.2259,156.503,2,1
2388,473.986,185.416,2,1
2389,596.796,73.3198,2,1
2390,197.618,232.031,2,1
2391,75.9286,187.143,2,1
2392,244.574,298,2,1
2393,368.22,232.757,2,1
2394,319.673,288.254,2,1
2395,216.521,146.912,2,1
2396,502.33,8.90705,2,1
2397,87.7201,71.464,2,1
2398,36.8859,264.633,2,1
2399,145.444,201.497,2,1
2400,365.079,174.484,2,1
2401,487.813,130.393,2,1
2402,163.422,250.73,2,1
2403,208.62,150.475,2,1
2404,572.242,211.517,2,1
2405,83.0459,209.986,2,1
2406,513.077,104.192,2,1
2407,450.133,87.9739,2,1
2408,313.482,193.224,2,1
2409,309.56,194.134,2,1
2410,519.045,251.508,2,1
2411,509.9,163.448,2,1
2412,261.951,47.9963,2,1
2413,453.04,67.1,2,1
2414,4.65888,10.8503,2,1
2415,559.089,285.512,2,1
2416,548.676,162.814,2,1
2417,436.111,5.67307,2,1
2418,98.2195,190.556,2,1
2419,471.575,179.202,2,1
2420,189.871,31.4641,2,1
2421,598.634,240.507,2,1
2422,589.541,207.908,2,1
2423,197.315,197.413,2,1
2424,570.178,75.6736,2,1
2425,316.995,273.187,2,1
2426,189.918,2,2,1
2427,359.743,282.118,2,1
2428,102.657,264.435,2,1
2429,205.644,61.5377,2,1
2430,245.897,2,2,1
2431,344.5,244.532,2,1
2432,115.125,236.214,2,1
2433,195.433,217.088,2,1
2434,62.8929,215.467,2,1
2435,442.065,77.7488,2,1
2436,218.11,91.7003,2,1
2437,244.411,156.863,2,1
2438,452.304,83.7509,2,1
2439,200.792,154.595,2,1
2440,405.819,80.154,2,1
2441,308.088,213.512,2,1
2442,350.728,114.111,2,1
2443,227.885,121.85,2,1
2444,327.956,236.766,2,1
2445,554.734,271.298,2,1
2446,36.5297,202.139,2,1
2447,248.419,244.615,2,1
2448,188.325,122.933,2,1
2449,240.936,133.729,2,1
2450,55.8823,246.771,2,1
2451,37.5704,49.9491,2,1
2452,53.5291,156.454,2,1
2453,494.698,298,2,1
2454,200.351,297.239,2,1
2455,353.049,157.517,2,1
2456,42.2744,43.3041,2,1
2457,346.206,271.942,2,1
2458,280.714,298,2,1
2459,587.23,94.9647,2,1
2460,157.821,173.305,2,1
2461,594.117,270.31,2,1
2462,126.2,6.04455,2,1
2463,510.064,11.078,2,1
2464,216.675,273.084,2,1
2465,128.875,107.763,2,1
2466,553.739,290.582,2,1
2467,129.971,262.696,2,1
2468,284.861,98.1288,2,1
2469,249.279,65.0074,2,1
2470,265.487,251.343,2,1
2471,110.043,126.638,2,1
2472,60.1917,88.1762,2,1
2473,313.893,126.968,2,1
2474,370.746,142.603,2,1
2475,528.172,115.062,2,1
2476,475.986,235.159,2,1
2477,390.622,160.501,2,1
2478,53.6679,164.732,2,1
2479,228.606,198.546,2,1
2480,557.907,290.753,2,1
2481,197.129,12.102,2,1
2482,177.503,230.143,2,1
2483,66.625,48.8096,2,1
2484,45.1836,165.067,2,1
2485,201.504,283.457,2,1
2486,101.362,49.0543,2,1
2487,550.962,2,2,1
2488,567.734,179.951,2,1
2489,165.136,190.745,2,1
2490,558.132,158.371,2,1
2491,378.997,180.339,2,1
2492,311.454,272.245,2,1
2493,54.5703,214.109,2,1
2494,248.455,59.667,2,1
2495,266.96,259.305,2,1
2496,302.311,244.172,2,1
2497,387.162,256.746,2,1
2498,213.226,198.768,2,1
2499,105.01,21.6262,2,1
2500,424.786,223.264,2,1
2501,398.885,163.22,2,1
2502,525.602,271.438,2,1
2503,108.781,95.0254,2,1
2504,277.772,291.795,2,1
2505,50.2867,283.581,2,1
2506,65.4053,122.158,2,1
2507,162.296,56.4603,2,1
2508,494.676,290.912,2,1
2509,471.884,203.227,2,1
2510,268.881,79.5732,2,1
2511,200.705,109.057,2,1
2512,533.371,271.387,2,1
2513,267.531,70.6617,2,1
2514,574.074,55.4496,2,1
2515,96.5397,261.946,2,1
2516,554.217,174.915,2,1
2517,76.1097,293.942,2,1
2518,375.571,250.029,2,1
2519,262.774,94.167,2,1
2520,118.472,64.4275,2,1
2521,461.987,257.355,2,1
2522,268.718,19.0159,2,1
2523,21.3697,26.4373,2,1
2524,133.592,286.37,2,1
2525,169.768,125.24,2,1
2526,355.397,154.217,2,1
2527,92.1881,84.3183,2,1
2528,488.217,23.4634,2,1
2529,477.508,250.283,2,1
2530,414.142,189.956,2,1
2531,209.357,241.562,2,1
2532,138.449,205.608,2,1
2533,287.287,52.6166,2,1
2534,570.446,130.112,2,1
2535,428.155,71.7067,2,1
2536,404.664,98.8089,2,1
2537,518.432,145.706,2,1
2538,505.447,197.641,2,1
2539,583.874,97.1588,2,1
2540,316.226,50.5092,2,1
2541,455.918,191.855,2,1
2542,86.0404,141.077,2,1
2543,57.6276,289.95,2,1
2544,488.837,95.8561,2,1
2545,105.394,158.845,2,1
2546,517.499,183.818,2,1
2547,156.451,293.92,2,1
2548,478.043,184.741,2,1
2549,172.793,235.386,2,1
2550,192.021,91.5949,2,1
2551,458.281,252.872,2,1
2552,324.034,277.677,2,1
2553,484.775,95.764,2,1
2554,186.043,165.439,2,1
2555,500.483,222.518,2,1
2556,50.1489,95.4674,2,1
2557,577.468,278.2,2,1
2558,391.128,16.8035,2,1
2559,125.084,69.8273,2,1
2560,269.803,60.246,2,1
2561,212.962,271.418,2,1
2562,541.654,176.735,2,1
2563,339.004,29.0551,2,1
2564,268.882,298,2,1
2565,525.152,109.665,2,1
2566,303.48,248.007,2,1
2567,272.875,153.32,2,1
2568,142,35.9992,2,1
2569,576.642,167.235,2,1
2570,478.105,3.55762,2,1
2571,156.14,164.672,2,1
2572,460.59,249.555,2,1
2573,238.191,170.278,2,1
2574,473.889,246.346,2,1
2575,503.275,65.4724,2,1
2576,553.979,57.6637,2,1
2577,553.406,231.759,2,1
2578,186.862,139.913,2,1
2579,518.469,60.6404,2,1
2580,173.438,198.85,2,1
2581,252.906,235.792,2,1
2582,329.889,164.922,2,1
2583,423.905,5.63229,2,1
2584,379.773,234.635,2,1
2585,491.914,141.225,2,1
2586,467.315,224.204,2,1
2587,343.996,216.721,2,1
2588,117.518,137.572,2,1
2589,226.614,113.358,2,1
2590,317.571,124.544,2,1
2591,553.17,283.236,2,1
2592,265.804,97.0135,2,1
2593,537.42,246.777,2,1
2594,458.909,37.1071,2,1
2595,520.438,124.278,2,1
2596,207.676,202.281,2,1
2597,447.069,56.45,2,1
2598,575.856,205.911,2,1
2599,582.019,20.3221,2,1
2600,153.405,145.219,2,1
2601,503.408,244.553,2,1
2602,183.195,43.071,2,1
2603,564.967,124.146,2,1
2604,150.404,75.487,2,1
2605,60.6353,210.425,2,1
2606,181.466,2.75653,2,1
2607,336.394,43.6414,2,1
2608,363.555,189.303,2,1
2609,563.158,234.521,2,1
2610,320.451,50.3225,2,1
2611,360.986,247.059,2,1
2612,235.33,61.3717,2,1
2613,571.296,195.752,2,1
2614,111.611,285.307,2,1
2615,294.811,157.818,2,1
2616,57.2699,242.95,2,1
2617,232.691,226.016,2,1
2618,36.4936,192.031,2,1
2619,567.892,91.1012,2,1
2620,466.345,290.558,2,1
2621,176.69,234.156,2,1
2622,343.613,95.9476,2,1
2623,566.323,206.415,2,1
2624,473.157,54.0116,2,1
2625,90.4241,145.679,2,1
2626,225.01,285.544,2,1
2627,48.0819,271.367,2,1
2628,421.02,199.839,2,1
2629,317.194,69.0508,2,1
2630,249.614,141.196,2,1
2631,36.4814,118.693,2,1
2632,74.95,6.2634,2,1
2633,467.291,93.2011,2,1
2634,260.215,66.7705,2,1
2635,77.3765,27.7074,2,1
2636,257.482,110.898,2,1
2637,588.599,168.622,2,1
2638,359.536,137.958,2,1
2639,144.519,209.495,2,1
2640,240.61,94.677,2,1
2641,443.739,106.539,2,1
2642,598.912,15.2218,2,1
2643,119.247,183.695,2,1
2644,424.919,196.714,2,1
2645,443.69,271.425,2,1
2646,47.8651,234.399,2,1
2647,476.64,286.98,2,1
2648,303.745,173.807,2,1
2649,280.459,232.479,2,1
2650,415.04,260.323,2,1
2651,38.2214,150.982,2,1
2652,208.431,207.918,2,1
2653,304.302,2,2,1
2654,134.568,204.484,2,1
2655,325.685,70.7171,2,1
2656,406.988,202.257,2,1
2657,533.15,85.4292,2,1
2658,569.141,192.146,2,1
2659,421.635,26.4491,2,1
2660,491.091,146.186,2,1
2661,18.289,75.5331,2,1
2662,83.8391,91.985,2,1
2663,533.941,22.282,2,1
2664,581.32,104.56,2,1
2665,171.546,244.017,2,1
2666,306.884,250.224,2,1
2667,566.701,232.519,2,1
2668,41.4504,94.7529,2,1
2669,557.676,281.571,2,1
2670,236.719,200.214,2,1
2671,337.641,188.108,2,1
2672,149.369,33.2948,2,1
2673,597.366,216.399,2,1
2674,240.555,36.6206,2,1
2675,464.333,36.4713,2,1
2676,5.87014,213.015,2,1
2677,115.45,175.403,2,1
2678,447.253,204.493,2,1
2679,596.956,57.2504,2,1
2680,389.069,175.427,2,1
2681,388.152,20.514,2,1
2682,451.253,52.2792,2,1
2683,190.738,119.733,2,1
2684,451.585,272.583,2,1
2685,415.992,58.1521,2,1
2686,566.203,133.03,2,1
2687,311.675,58.1716,2,1
2688,45.4739,170.033,2,1
2689,2.52808,241.59,2,1
2690,90.242,19.8984,2,1
2691,500.38,172.888,2,1
2692,449.546,230.825,2,1
2693,281.413,294.047,2,1
2694,353.679,128.656,2,1
2695,533.275,65.9564,2,1
2696,418.992,259.273,2,1
2697,171.057,268.473,2,1
2698,210.431,298,2,1
2699,242.889,126.402,2,1
2700,591.007,93.4305,2,1
2701,456.472,106.377,2,1
2702,145.421,132.821,2,1
2703,345.404,175.541,2,1
2704,225.558,170.514,2,1
2705,464.541,102.029,2,1
2706,10.3048,148.864,2,1
2707,536.996,83.9951,2,1
2708,337.91,114.259,2,1
2709,289.506,77.6883,2,1
2710,240.023,189.045,2,1
2711,490.226,286.504,2,1
2712,568.721,265.664,2,1
2713,308.314,32.3776,2,1
2714,564.516,78.3952,2,1
2715,86.5533,147.057,2,1
2716,217.532,69.3249,2,1
2717,546.276,173.561,2,1
2718,56.2693,9.06655,2,1
2719,253.191,241.438,2,1
2720,18.7836,287.341,2,1
2721,252.002,273.064,2,1
2722,505.835,95.1793,2,1
2723,115.487,152.798,2,1
2724,396.544,264.224,2,1
2725,109.229,166.327,2,1
2726,114.985,203.498,2,1
2727,77.303,56.1518,2,1
2728,447.892,41.8211,2,1
2729,29.0138,63.0428,2,1
2730,569.445,170.647,2,1
2731,209.095,177.369,2,1
2732,110.919,130.683,2,1
2733,307.52,39.336,2,1
2734,511.316,203.127,2,1
2735,112.669,149.846,2,1
2736,355.985,24.4801,2,1
2737,39.6425,297.506,2,1
2738,498.516,215.588,2,1
2739,77.6613,244.478,2,1
2740,427.92,5.93899,2,1
2741,292.552,17.0883,2,1
2742,291.397,13.1642,2,1
2743,52.9297,29.1375,2,1
2744,568.92,5.99912,2,1
2745,335.945,9.60066,2,1
2746,444.622,221.206,2,1
2747,161.611,298,2,1
2748,590.645,150.983,2,1
2749,386.66,83.9476,2,1
2750,11.224,91.8561,2,1
2751,317.466,23.748,2,1
2752,388.054,216.765,2,1
2753,184.299,101.41,2,1
2754,377.974,195.222,2,1
2755,488.579,294.087,2,1
2756,568.444,198.813,2,1
2757,494.651,144.272,2,1
2758,385.712,287.115,2,1
2759,75.2732,284.795,2,1
2760,278.356,271.718,2,1
2761,321.598,167.733,2,1
2762,254.783,101.066,2,1
2763,358.378,274.86,2,1
2764,170.325,287.446,2,1
2765,239.001,240.728,2,1
2766,221.678,288.198,2,1
2767,169.514,28.1265,2,1
2768,364.755,21.3266,2,1
2769,66.4019,244.31,2,1
2770,261.987,41.5217,2,1
2771,394.41,66.0723,2,1
2772,393.55,126.401,2,1
2773,87.6138,23.0835,2,1
2774,345.568,99.4923,2,1
2775,283.074,127.511,2,1
2776,557.475,183.121,2,1
2777,135.288,105.095,2,1
2778,264.995,11.9834,2,1
2779,312.537,230.055,2,1
2780,409.156,230.588,2,1
2781,467.376,155.302,2,1
2782,92.1919,215.038,2,1
2783,97.7943,34.579,2,1
2784,9.94709,34.0559,2,1
2785,117.443,2,2,1
2786,323.61,34.8009,2,1
2787,207.1,95.439,2,1
2788,584.087,242.671,2,1
2789,156.757,195.251,2,1
2790,206.589,268.071,2,1
2791,491.791,150.297,2,1
2792,414.678,193.974,2,1
2793,200.107,24.904,2,1
2794,440.687,172.914,2,1
2795,47.9763,58.6572,2,1
2796,45.4009,101.662,2,1
2797,411.162,89.1309,2,1
2798,139.158,216.134,2,1
2799,536.383,115.66,2,1
2800,463.493,85.6081,2,1
2801,475.965,160.488,2,1
2802,364.909,29.8369,2,1
2803,319.435,34.3721,2,1
2804,14.2797,141.9,2,1
2805,593.937,17.0478,2,1
2806,105.586,136.755,2,1
2807,326.356,193.186,2,1
2808,543.583,144.94,2,1
2809,64.5123,284.799,2,1
2810,205.542,35.4913,2,1
2811,137.738,159.272,2,1
2812,522.76,74.4124,2,1
2813,446.71,262.643,2,1
2814,79.4795,22.4391,2,1
2815,193.886,9.66768,2,1
2816,506.842,131.187,2,1
2817,347.293,111.916,2,1
2818,162.103,200.646,2,1
2819,191.109,134.537,2,1
2820,196.936,143.513,2,1
2821,38.9991,205.586,2,1
2822,147.273,115.67,2,1
2823,136.376,71.8515,2,1
2824,207.768,154.396,2,1
2825,175.546,222.946,2,1
2826,580.219,2,2,1
2827,501.445,120.283,2,1
2828,16.8216,239.209,2,1
2829,462.858,135.743,2,1
2830,180.465,207.908,2,1
2831,97.6864,107.519,2,1
2832,332.264,266.871,2,1
2833,309.098,6.03067,2,1
2834,160.251,275.322,2,1
2835,474.241,171.335,2,1
2836,201.122,12.8916,2,1
2837,285.075,276.315,2,1
2838,24.873,190.881,2,1
2839,381.503,128.66,2,1
2840,208.534,112.381,2,1
2841,160.689,31.1709,2,1
2842,252.991,104.718,2,1
2843,139.485,83.0371,2,1
2844,433.615,142.694,2,1
2845,125.89,77.6964,2,1
2846,255.953,157.588,2,1
2847,415.868,169.16,2,1
2848,3.02963,78.5483,2,1
2849,152.481,52.8131,2,0
2850,512.929,175.039,2,1
2851,192.199,268.134,2,1
2852,14.2125,47.0626,2,1
2853,313.43,24.2957,2,1
2854,366.851,297.003,2,1
2855,233.294,216.37,2,1
2856,512.705,284.012,2,1
2857,371.7,25.603,2,1
2858,364.335,77.3575,2,1
2859,282.421,62.0401,2,1
2860,425.001,176.837,2,1
2861,370.791,54.5406,2,1
2862,348.319,183.009,2,1
2863,419.036,33.0759,2,1
2864,420.032,60.2891,2,1
2865,505.309,135.172,2,1
2866,543.929,89.5014,2,1
2867,564.619,238.286,2,1
2868,551.158,131.375,2,1
2869,64.9088,118.075,2,1
2870,388.295,116.419,2,1
2871,142.089,191.474,2,1
2872,186.815,274.274,2,1
2873,183.686,93.2573,2,1
2874,20.7927,101.314,2,1
2875,599.016,153.768,2,1
2876,230.096,184.331,2,1
2877,494.918,133.527,2,1
2878,160.353,111.863,2,1
2879,373.201,139.011,2,1
2880,242.185,40.5028,2,1
2881,385.811,63.2909,2,1
2882,558.957,194.863,2,1
2883,449.04,266.05,2,1
2884,52.7678,118.592,2,1
2885,212.519,35.3089,2,1
2886,412.309,130.04,2,1
2887,212.46,31.1428,2,1
2888,497.105,186.416,2,1
2889,562.054,135.452,2,1
2890,193.376,281.189,2,1
2891,430.375,10.2259,2,1
2892,70.6935,8.1469,2,1
2893,205.365,31.3269,2,1
2894,368.486,36.4443,2,1
2895,186.682,119.193,2,1
2896,532.896,151.226,2,1
2897,525.406,118.05,2,1
2898,266.719,275.678,2,1
2899,452.372,257.435,2,1
2900,327.8,22.8512,2,1
2901,172.563,190.726,2,1
2902,35.5909,197.935,2,1
2903,145.404,286.148,2,1
2904,119.842,27.7635,2,1
2905,483.485,9.00699,2,1
2906,493.394,217.318,2,1
2907,139.956,262.862,2,1
2908,265.141,195.205,2,1
2909,76.3174,128.19,2,1
2910,357.365,39.8498,2,1
2911,437.203,250.054,2,1
2912,473.428,103.573,2,1
2913,277.236,295.855,2,1
2914,283.302,21.5182,2,1
2915,306.769,232.825,2,1
2916,386.147,248.863,2,1
2917,13.6986,189.181,2,1
2918,7.05424,139.317,2,1
2919,312.141,148.984,2,1
2920,298.455,50.6327,2,1
2921,594.092,76.2702,2,1
2922,506.115,251.598,2,1
2923,58.948,132.005,2,1
2924,410.407,182.674,2,1
2925,503.903,182.72,2,1
2926,331.372,287.282,2,1
2927,52.5158,243.684,2,1
2928,341.916,298,2,1
2929,268.155,263.149,2,1
2930,407.749,109.435,2,1
2931,229.291,202.512,2,1
2932,434.706,55.5386,2,1
2933,201.597,223.18,2,1
2934,593.548,171.492,2,1
2935,463.693,147.796,2,1
2936,257.263,143.186,2,1
2937,259.719,32.3796,2,1
2938,163.945,159.732,2,1
2939,233.712,186.456,2,1
2940,461.98,56.7215,2,1
2941,552.349,223.781,2,1
2942,353.907,98.1304,2,1
2943,183.51,239.566,2,1
2944,62.6805,237.129,2,1
2945,408.17,115.654,2,1
2946,333.556,206.387,2,1
2947,530.433,287.053,2,1
2948,323.805,182.628,2,1
2949,539.889,281.646,2,1
2950,220.393,124.001,2,1
2951,194.593,271.375,2,1
2952,74.6368,263.135,2,1
2953,68.1432,273.42,2,1
2954,197.595,281.996,2,1
2955,71.7598,187.939,2,1
2956,104.604,180.623,2,1
2957,327.032,293.569,2,1
2958,403.894,24.1521,2,1
2959,257.126,242.316,2,1
2960,381.075,150.964,2,1
2961,550.384,207.958,2,1
2962,15.0032,12.218,2,1
2963,373.953,218.38,2,1
2964,26.3028,151.341,2,1
2965,157.495,191.235,2,1
2966,176.967,163.584,2,1
2967,593.97,22.0756,2,1
2968,96.1474,120.77,2,1
2969,30.601,2,2,1
2970,493.016,221.408,2,1
2971,207.998,280.207,2,1
2972,237.98,255.231,2,1
2973,382.734,37.3999,2,1
2974,176.696,95.4746,2,1
2975,532.679,290.602,2,1
2976,165.764,125.928,2,1
2977,249.872,38.1073,2,1
2978,433.8,121.528,2,1
2979,574.301,101.004,2,1
2980,427.29,98.5935,2,1
2981,230.219,145.341,2,1
2982,114.872,40.8554,2,1
2983,272.352,157.292,2,1
2984,421.654,84.0883,2,1
2985,578.93,272.995,2,1
2986,280.149,228.43,2,1
2987,525.659,279.489,2,1
2988,203.256,209.021,2,1
2989,411.677,186.634,2,1
2990,209.135,276.071,2,1
2991,27.7306,242.078,2,1
2992,28.7695,189.914,2,1
2993,293.371,97.6748,2,1
2994,169.224,232.672,2,1
2995,365.577,182.424,2,1
2996,576.081,66.802,2,1
2997,144.14,231.961,2,1
2998,517.512,135.098,2,1
2999,279.724,141.959,2,1
3000,377.482,5.24013,2,1
3001,295.067,69.1791,2,1
3002,154.24,206.113,2,1
3003,210.703,47.3252,2,1
3004,406.929,226.303,2,1
3005,136.871,248.291,2,1
3006,276.896,156.377,2,1
3007,241.363,216.068,2,1
3008,245.242,284.48,2,1
3009,140.514,209.035,2,1
3010,265.41,177.734,2,1
3011,554.692,194.73,2,1
3012,572.154,207.47,2,1
3013,307.97,14.4585,2,1
3014,307.291,18.5683,2,1
3015,412.167,295.95,2,1
3016,341.394,106.478,2,1
3017,439.919,143.231,2,1
3018,231.279,140.557,2,1
3019,350.368,176.158,2,1
3020,558.138,274.1,2,1
3021,302.897,74.9913,2,1
3022,205.979,105.263,2,1
3023,344.082,205.11,2,1
3024,474.273,222.422,2,1
3025,461.313,166.62,2,1
3026,8.90412,10.1411,2,1
3027,534.171,101.061,2,1
3028,198.273,86.574,2,1
3029,139.66,174.355,2,1
3030,388.576,227.012,2,1
3031,389.778,238.165,2,1
3032,149.784,174.661,2,1
3033,433.102,39.383,2,1
3034,226.112,65.4732,2,1
3035,293.507,84.6454,2,1
3036,116.686,230.849,2,1
3037,572.306,46.8364,2,1
3038,578.627,196.322,2,1
3039,323.656,214.591,2,1
3040,361.196,271.933,2,1
3041,440.793,47.6885,2,1
3042,199.423,270.218,2,1
3043,356.187,236.719,2,1
3044,523.491,173.867,2,1
3045,212.514,73.5681,2,1
3046,322.995,85.7737,2,1
3047,470.324,2,2,1
3048,377.675,51.9188,2,1
3049,400.98,240.663,2,1
3050,522.775,221.65,2,1
3051,296.922,114.861,2,1
3052,592.408,2,2,1
3053,243.772,152.84,2,1
3054,26.4034,95.203,2,1
3055,96.0261,184.145,2,1
3056,150.55,112.115,2,1
3057,472.708,189.953,2,1
3058,347.524,22.7431,2,1
3059,503.338,103.233,2,1
3060,268.943,187.702,2,1
3061,343.149,261.369,2,1
3062,509.532,298,2,1
3063,280.914,259.656,2,1
3064,441.391,96.6351,2,1
3065,196.4,210.183,2,1
3066,31.4195,33.0825,2,1
3067,93.2809,159.663,2,1
3068,34.7593,2,2,1
3069,378.381,38.7802,2,1
3070,412.065,140.696,2,1
3071,522.74,193.473,2,1
3072,90.1158,141.577,2,1
3073,439.517,284.481,2,1
3074,584.174,60.2079,2,1
3075,15.3512,50.9142,2,1
3076,494.957,244.647,2,1
3077,140.016,251.66,2,1
3078,310.763,248.973,2,1
3079,227.306,294.324,2,1
3080,429.156,249.245,2,1
3081,124.709,198.417,2,1
3082,191.23,153.778,2,1
3083,231.469,164.938,2,1
3084,418.325,204.627,2,1
3085,378.706,75.4048,2,1
3086,294.506,215.297,2,1
3087,419.231,150.342,2,1
3088,557.261,87.8873,2,1
3089,362.576,185.303,2,1
3090,435.93,212.031,2,1
3091,538.673,12.7959,2,1
3092,201.169,250.124,2,1
3093,534.544,192.204,2,1
3094,112.208,273.663,2,1
3095,490.439,232.621,2,1
3096,182.372,133.582,2,1
3097,91.3484,266.484,2,1
3098,515.049,190.867,2,1
3099,369.14,244.975,2,1
3100,553.172,142.649,2,1
3101,328.034,275.777,2,1
3102,476.399,243.15,2,1
3103,129.36,93.426,2,1
3104,139.904,186.677,2,1
3105,551.763,114.996,2,1
3106,506.167,148.361,2,1
3107,366.638,206.124,2,1
3108,81.3455,218.066,2,1
3109,433.915,228.8,2,1
3110,544.492,264.864,2,1
3111,36.1278,90.8052,2,1
3112,287.254,119.294,2,1
3113,190.966,176.511,2,1
3114,173.081,55.4508,2,1
3115,356.118,75.295,2,1
3116,431.971,271.381,2,1
3117,339.771,169.196,2,1
3118,428.535,166.107,2,1
3119,313.03,252.284,2,1
3120,117.387,222.645,2,1
3121,548.675,83.0363,2,1
3122,518.364,243.928,2,1
3123,584.911,23.1414,2,1
3124,470.361,276.386,2,1
3125,405.46,272.316,2,1
3126,281.373,239.395,2,1
3127,18.9869,119.414,2,1
3128,278.002,5.70451,2,1
3129,205.114,176.483,2,1
3130,497.606,77.1472,2,1
3131,173.784,298,2,1
3132,519.823,39.3829,2,1
3133,160.512,264.409,2,1
3134,190.667,138.603,2,1
3135,418.526,228.631,2,1
3136,67.6173,236.892,2,1
3137,520.57,3.89533,2,1
3138,533.754,214.301,2,1
3139,124.219,152.113,2,1
3140,579.583,100.128,2,1
3141,510.778,130.433,2,1
3142,557.338,246.293,2,1
3143,504.689,216.211,2,1
3144,288.579,91.2829,2,1
3145,404.511,260.258,2,1
3146,344.542,224.955,2,1
3147,293.059,177.799,2,1
3148,572.332,181.349,2,1
3149,300.106,30.0444,2,1
3150,189.429,187.439,2,1
3151,544.245,244.728,2,1
3152,234.295,65.9418,2,1
3153,222.764,148.451,2,1
3154,253.655,65.7299,2,1
3155,330.165,56.0659,2,1
3156,348.754,39.2065,2,1
3157,247.939,182.528,2,1
3158,332.955,16.5146,2,1
3159,38.1663,245.764,2,1
3160,576.686,31.7918,2,1
3161,254.546,46.3796,2,1
3162,91.2865,289.81,2,1
3163,45.7392,38.5469,2,1
3164,463.105,264.762,2,1
3165,270.079,22.8074,2,1
3166,402.249,294.687,2,1
3167,277.558,36.7041,2,1
3168,295.452,35.4896,2,1
3169,451.074,185.266,2,1
3170,282.18,36.339,2,1
3171,210.619,108.953,2,1
3172,553.889,25.6621,2,1
3173,46.7279,203.785,2,1
3174,459.324,22.8114,2,1
3175,313.217,152.923,2,1
3176,354.94,20.4963,2,1
3177,12.1741,61.4842,2,1
3178,245.155,240.51,2,1
3179,548.758,36.7167,2,1
3180,480.078,253.434,2,1
3181,516.487,123.389,2,1
3182,245.709,139.936,2,1
3183,289.521,113.918,2,1
3184,192.721,198.552,2,1
3185,61.122,282.621,2,1
3186,563.202,298,2,1
3187,425.876,107.14,2,1
3188,119.921,285.801,2,1
3189,427.149,255.361,2,1
3190,484.549,49.1121,2,1
3191,423.345,91.5219,2,1
3192,4.5914,35.6013,2,1
3193,244.876,160.912,2,1
3194,560.549,102.946,2,1
3195,143.847,261.64,2,1
3196,402.346,10.7949,2,1
3197,530.501,145.688,2,1
3198,154.082,182.138,2,1
3199,580.057,95.7586,2,1
3200,508.6,238.361,2,1
3201,97.6145,253.818,2,1
3202,229.429,262.775,2,1
3203,164.067,148.511,2,1
3204,335.386,287.694,2,1
3205,295.238,276.787,2,1
3206,107.883,183.175,2,1
3207,592.423,137.3,2,1
3208,223.781,245.803,2,1
3209,228.745,109.956,2,1
3210,3.1971,166.059,2,1
3211,428.914,159.526,2,1
3212,583.011,30.1384,2,1
3213,131.419,272.661,2,1
3214,550.796,217.336,2,1
3215,530.798,24.9543,2,1
3216,51.3673,33.1673,2,1
3217,428.614,298,2,1
3218,467.55,146.145,2,1
3219,164.092,2,2,1
3220,40.1028,277.118,2,1
3221,592.847,120.039,2,1
3222,553.667,18.6576,2,1
3223,202.151,94.8021,2,1
3224,326.219,88.1577,2,1
3225,178.568,275.714,2,1
3226,458.356,30.8558,2,1
3227,373.1,194.138,2,1
3228,387.883,154.256,2,1
3229,371.034,204.926,2,1
3230,474.618,209.448,2,1
3231,154.785,285.42,2,1
3232,165.165,81.0463,2,1
3233,240.587,259.876,2,1
3234,257.404,114.942,2,1
3235,214.081,90.6973,2,1
3236,418.666,242.547,2,1
3237,487.285,264.11,2,1
3238,304.121,212.118,2,1
3239,188.223,208.964,2,1
3240,545.45,248.549,2,1
3241,411.999,233.456,2,1
3242,239.541,86.6221,2,1
3243,530.456,184.205,2,1
3244,81.4466,289.869,2,1
3245,137.236,35.6283,2,1
3246,359.009,206.356,2,1
3247,438.911,204.405,2,1
3248,175.27,35.0485,2,1
3249,363.507,275.213,2,1
3250,201.269,240.974,2,1
3251,118.68,187.665,2,1
3252,55.7756,204.492,2,1
3253,129.346,162.161,2,1
3254,467.408,202.107,2,1
3255,410.479,163.808,2,1
3256,146.897,42.5181,2,1
3257,428.299,273.074,2,1
3258,414.831,30.8887,2,1
3259,234.469,269.385,2,1
3260,244.7,55.0827,2,1
3261,585.064,200.224,2,1
3262,14.5424,168.37,2,1
3263,486.393,213.682,2,1
3264,279.706,129.807,2,1
3265,145.595,3.84384,2,1
3266,186.586,78.308,2,1
3267,273.56,95.702,2,1
3268,342.152,131.255,2,1
3269,71.9036,93.6137,2,1
3270,1.65209,63.8706,2,1
3271,225.791,166.428,2,1
3272,88.516,117.856,2,1
3273,506.374,89.0455,2,1
3274,558.164,25.4994,2,1
3275,336.841,110.238,2,1
3276,543.919,268.895,2,1
3277,452.474,167.844,2,1
3278,428.627,114.187,2,1
3279,34.3809,29.9752,2,1
3280,386.506,209.003,2,1
3281,422.851,53.7583,2,1
3282,579.65,268.902,2,1
3283,230.749,77.7609,2,1
3284,490.688,298,2,1
3285,291.844,152.365,2,1
3286,44.9226,46.4868,2,1
3287,296.014,123.914,2,1
3288,473.453,58.0559,2,1
3289,35.074,157.3,2,1
3290,483.846,290.587,2,1
3291,1.06884,161.648,2,1
3292,590.163,63.6372,2,1
3293,419.132,37.3512,2,1
3294,505.168,53.3682,2,1
3295,500.238,2,2,1
3296,419.772,93.5147,2,1
3297,77.0684,51.9874,2,1
3298,45.3101,118.548,2,1
3299,250.63,90.8955,2,1
3300,271.275,88.9632,2,1
3301,582.573,223.353,2,1
3302,219.014,150.097,2,1
3303,553.859,162.482,2,1
3304,455.145,111.929,2,1
3305,381.915,209.774,2,1
3306,225.309,201.444,2,1
3307,357.186,194.954,2,1
3308,132.241,165.15,2,1
3309,567.742,174.988,2,1
3310,523.952,197.423,2,1
3311,92.7469,219.07,2,1
3312,366.5,186.43,2,1
3313,208.259,8.95099,2,1
3314,79.9002,151.833,2,1
3315,430.727,231.446,2,1
3316,25.2489,24.8633,2,1
3317,184.36,201.349,2,1
3318,320.461,26.4515,2,1
3319,269.919,235.775,2,1
3320,454.576,260.874,2,1
3321,203.811,19.2838,2,1
3322,165.694,132.247,2,1
3323,493.622,259.902,2,1
3324,14.4147,95.3554,2,1
3325,81.673,245.135,2,1
3326,290.597,148.003,2,1
3327,595.669,69.375,2,1
3328,181.291,60.5002,2,1
3329,24.212,212.746,2,1
3330,77.8623,178.064,2,1
3331,157.957,257.431,2,1
3332,227.947,33.1646,2,1
3333,385.418,173.422,2,1
3334,158.834,230.104,2,1
3335,162.127,208.655,2,1
3336,161.049,38.2263,2,1
3337,234.164,26.1998,2,1
3338,85.4817,9.71457,2,1
3339,451.926,22.2423,2,1
3340,167.721,162.57,2,1
3341,67.5895,92.6473,2,1
3342,268.108,9.41916,2,1
3343,482.791,58.0637,2,1
3344,206.293,131.917,2,1
3345,4.85563,147.918,2,1
3346,419.8,270.661,2,1
3347,32.7011,257.635,2,1
3348,552.565,239.57,2,1
3349,210.215,233.646,2,1
3350,360.902,79.4652,2,1
3351,575.662,269.416,2,1
3352,425.696,20.8718,2,1
3353,397.633,151.99,2,1
3354,448.433,72.6428,2,1
3355,231.8,195.993,2,1
3356,125.637,26.6501,2,1
3357,513.614,53.8939,2,1
3358,464.271,279.844,2,1
3359,399.551,4.47842,2,1
3360,520.754,67.7218,2,1
3361,389.273,120.341,2,1
3362,292.168,230.038,2,1
3363,103.317,98.8297,2,1
3364,286.265,280.22,2,1
3365,159.988,105.636,2,1
3366,158.683,267.973,2,1
3367,458.281,74.1993,2,1
3368,300.93,115.646,2,1
3369,373.434,293.496,2,1
3370,404.765,106.764,2,1
3371,387.888,2,2,1
3372,563.824,216.695,2,1
3373,486.682,283.218,2,1
3374,162.819,231.484,2,1
3375,394.698,194.717,2,1
3376,215.604,8.62161,2,1
3377,378.925,82.2914,2,1
3378,20.3632,105.397,2,1
3379,332.538,67.9121,2,1
3380,449.056,209.821,2,1
3381,6.01389,277.52,2,1
3382,308.934,108.432,2,1
3383,491.496,177.147,2,1
3384,428.522,82.7367,2,1
3385,0.971344,115.42,2,1
3386,342.055,89.008,2,1
3387,220.754,141.219,2,1
3388,303.138,271.929,2,1
3389,373.495,239.473,2,1
3390,358.706,184.189,2,1
3391,206.934,45.9052,2,1
3392,225.627,69.5035,2,1
3393,10.4617,169.194,2,1
3394,221.901,152.926,2,1
3395,389.17,283.116,2,1
3396,395.594,165.907,2,1
3397,407.145,138.441,2,1
3398,73.0533,77.3961,2,1
3399,373.45,86.9782,2,1
3400,120.95,245.599,2,1
3401,536.211,97.5388,2,1
3402,436.593,207.971,2,1
3403,229.382,168.391,2,1
3404,468.508,36.5546,2,1
3405,93.5768,235.531,2,1
3406,136.271,20.2542,2,1
3407,518.565,19.1851,2,1
3408,263.141,69.5954,2,1
3409,44.9458,5.52761,2,1
3410,429.989,50.21,2,1
3411,169.423,154.722,2,1
3412,107.737,200.127,2,1
3413,154.446,8.26699,2,1
3414,360.731,192.191,2,1
3415,40.5222,118.045,2,1
3416,235.301,140.987,2,1
3417,111.664,216.812,2,1
3418,570.967,177.54,2,1
3419,173.575,123.882,2,1
3420,370.324,236.378,2,1
3421,550.548,139.571,2,1
3422,141.987,195.524,2,1
3423,318.062,169.692,2,1
3424,594.352,130.4,2,1
3425,574.204,81.0863,2,1
3426,573.337,169.676,2,1
3427,480.481,263.391,2,1
3428,260.699,21.7852,2,1
3429,86.8531,223.881,2,1
3430,198.63,135.208,2,1
3431,414.398,61.9,2,1
3432,12.6126,217.85,2,1
3433,151.007,22.782,2,1
3434,448.849,60.1052,2,1
3435,504.557,23.6235,2,1
3436,224.16,182.511,2,1
3437,227.715,61.7296,2,1
3438,91.1473,175.7,2,1
3439,511.13,211.164,2,1
3440,246.78,9.34416,2,1
3441,544.606,168.881,2,1
3442,206.568,119.355,2,1
3443,276.45,120.662,2,1
3444,238.159,174.833,2,1
3445,28.6846,269.005,2,1
3446,377.071,227.538,2,1
3447,502.831,157.552,2,1
3448,353.688,165.059,2,1
3449,415.759,152.501,2,1
3450,385.901,177.935,2,1
3451,419.412,154.518,2,1
3452,88.1906,293.939,2,1
3453,147.753,100.396,2,1
3454,339.584,63.5159,2,1
3455,275.654,141.328,2,1
3456,147.077,136.582,2,1
3457,56.788,117.848,2,1
3458,32.7848,161.116,2,1
3459,159.986,141.173,2,1
3460,576.397,19.4716,2,1
3461,544.166,118.146,2,1
3462,23.7301,143.844,2,1
3463,527.338,8.32625,2,1
3464,230.195,4.31855,2,1
3465,444.675,49.2603,2,1
3466,504.133,153.61,2,1
3467,47.0919,23.3658,2,1
3468,279.464,20.169,2,1
3469,595.538,266.444,2,1
3470,350.837,109.911,2,1
3471,161.391,82.5848,2,1
3472,1.38642,18.4776,2,1
3473,31.2523,79.3988,2,1
3474,299.815,195.247,2,1
3475,114.018,243.441,2,1
3476,415.708,95.732,2,1
3477,543.827,94.4401,2,1
3478,139.315,39.0879,2,1
3479,515.928,81.1738,2,1
3480,478.76,216.003,2,1
3481,218.913,18.3917,2,1
3482,427.464,56.6065,2,1
3483,215.588,177.389,2,1
3484,86.2699,219.892,2,1
3485,114.433,219.741,2,1
3486,39.5752,32.066,2,1
3487,256.407,246.284,2,1
3488,399.855,31.1074,2,1
3489,186.423,143.912,2,1
3490,256.453,281.691,2,1
3491,312.424,32.7419,2,1
3492,221.944,194.064,2,1
3493,492.586,173.259,2,1
3494,22.6858,224.779,2,1
3495,530.794,176.164,2,1
3496,171.643,168.842,2,1
3497,316.833,80.6833,2,1
3498,512.655,58.4251,2,1
3499,470.19,80.8555,2,1
3500,203.323,102.232,2,1
3501,377.567,202.293,2,1
3502,134.865,230.836,2,1
3503,438.742,54.873,2,1
3504,167.349,249.641,2,1
3505,136.086,149.317,2,1
3506,93.2168,5.53115,2,1
3507,554.189,275.271,2,1
3508,269.822,5.70402,2,1
3509,199.283,215.761,2,1
3510,580.428,46.4911,2,1
3511,594.583,233.872,2,1
3512,455.072,63.4884,2,1
3513,212.666,288.619,2,1
3514,231.26,14.4196,2,1
3515,565.842,276.235,2,1
3516,535.175,135.52,2,1
3517,372.42,16.2825,2,1
3518,445.822,229.005,2,1
3519,371.015,296.826,2,1
3520,599.345,175.844,2,1
3521,88.1994,136.991,2,1
3522,554.799,83.9743,2,1
3523,488.023,46.9351,2,0
3524,341.049,116.792,2,1
3525,40.749,129.863,2,1
3526,13.575,250.923,2,1
3527,525.74,52.4135,2,1
3528,144.665,48.7575,2,1
3529,275.607,2,2,1
3530,292.594,197.463,2,1
3531,159.214,100.776,2,1
3532,423.171,255.825,2,1
3533,373.106,75.2257,2,1
3534,369.388,2,2,1
3535,339.637,176.973,2,1
3536,427.284,64.6544,2,1
3537,546.867,54.694,2,1
3538,280.414,251.084,2,1
3539,109.779,170.32,2,1
3540,470.401,298,2,1
3541,515.187,221.309,2,1
3542,293.683,5.67812,2,1
3543,38.8697,23.0859,2,1
3544,108.6,151.293,2,1
3545,512.487,171.049,2,1
3546,570.235,162.233,2,1
3547,542.73,38.8705,2,1
3548,320.973,57.2567,2,1
3549,95.4979,87.8142,2,1
3550,11.0656,288.836,2,1
3551,289.372,245.907,2,1
3552,180.998,54.7288,2,1
3553,145.407,189.109,2,1
3554,397.456,62.0045,2,1
3555,462.893,245.84,2,1
3556,194.443,255.893,2,1
3557,340.994,85.1153,2,1
3558,68.4327,286.001,2,1
3559,224.522,50.5005,2,1
3560,47.9633,248.007,2,1
3561,74.5251,163.943,2,1
3562,449.019,67.2455,2,1
3563,393.758,286.48,2,1
3564,565.456,74.4753,2,1
3565,598.258,10.3674,2,1
3566,541.052,65.0993,2,1
3567,21.5148,134.988,2,1
3568,119.851,38.3353,2,1
3569,440.514,223.446,2,1
3570,353.449,193.368,2,1
3571,92.4165,298,2,1
3572,432.608,275.466,2,1
3573,111.061,47.2811,2,1
3574,330.541,200.26,2,1
3575,369.063,175.206,2,1
3576,255.197,97.0143,2,1
3577,540.245,243.854,2,1
3578,487.91,88.4512,2,1
3579,531.1,158.697,2,1
3580,127.448,84.6621,2,1
3581,94.8461,60.1542,2,1
3582,552.181,227.854,2,1
3583,338.988,142.974,2,1
3584,114.054,85.6412,2,1
3585,392.852,168.903,2,1
3586,124.72,21.0946,2,1
3587,277.514,255.65,2,1
3588,469.745,96.4444,2,1
3589,584.317,109.056,2,1
3590,521.651,189.566,2,1
3591,163.694,266.917,2,1
3592,549.852,9.54264,2,1
3593,56.4605,218.309,2,1
3594,424.733,159.271,2,1
3595,521.556,271.047,2,1
3596,5.73181,46.2358,2,1
3597,134.774,215.765,2,1
3598,52.3279,210.619,2,1
3599,81.7857,183.746,2,1
3600,487.149,268.136,2,1
3601,458.579,54.3097,2,1
3602,424.943,151.683,2,1
3603,0.866457,28.7983,2,1
3604,502.991,145.807,2,1
3605,184.463,130.125,2,1
3606,116.95,30.7407,2,1
3607,208.56,237.424,2,1
3608,340.522,49.2793,2,1
3609,245.839,114.652,2,1
3610,512.979,95.7016,2,1
3611,74.3641,159.82,2,1
3612,440.636,152.379,2,1
3613,414.959,221.096,2,1
3614,400.059,119.942,2,1
3615,462.196,47.9073,2,1
3616,535.775,226.586,2,1
3617,241.091,8.2319,2,1
3618,162.356,270.872,2,1
3619,293.688,39.2002,2,1
3620,489.947,182.406,2,1
3621,506.77,158.545,2,1
3622,64.004,2.87883,2,1
3623,538.95,137.403,2,1
3624,589.152,118.115,2,1
3625,417.883,188.454,2,1
3626,142.884,228.043,2,1
3627,548.666,25.9984,2,1
3628,262.422,25.4371,2,1
3629,135.96,128.306,2,1
3630,243.852,226.318,2,1
3631,498.349,272.769,2,1
3632,189.993,52.4151,2,1
3633,442.069,164.28,2,1
3634,411.518,144.702,2,1
3635,373.308,124.858,2,1
3636,593.683,186.743,2,1
3637,34.8227,181.636,2,1
3638,265.104,155.753,2,1
3639,263.943,144.918,2,1
3640,332.826,41.3743,2,1
3641,231.407,52.3866,2,1
3642,29.4355,280.978,2,1
3643,464.409,260.934,2,1
3644,192.196,106.688,2,1
3645,162.497,123.456,2,1
3646,10.6154,196.732,2,1
3647,255.899,184.081,2,1
3648,72.2127,144.352,2,1
3649,151.453,133.627,2,1
3650,143.574,44.9059,2,1
3651,463.34,196.871,2,1
3652,187.13,243.696,2,1
3653,529.973,247.829,2,1
3654,427.325,204.204,2,1
3655,478.403,208.02,2,1
3656,587.678,197.092,2,1
3657,566.798,25.0605,2,1
3658,88.4536,82.7587,2,1
3659,85.7282,97.6638,2,1
3660,296.116,42.4463,2,1
3661,210.519,126.336,2,1
3662,410.663,76.7907,2,1
3663,220.217,145.242,2,1
3664,515.096,77.196,2,1
3665,63.0146,204.073,2,1
3666,560.009,223.131,2,1
3667,51.065,56.0763,2,1
3668,496.907,105.425,2,1
3669,90.8879,121.948,2,1
3670,311.521,210.812,2,1
3671,33.3587,186.586,2,1
3672,49.1768,186.075,2,1
3673,33.0168,63.6813,2,1
3674,578.023,290.219,2,1
3675,525.596,152.465,2,1
3676,589.18,8.8557,2,1
3677,512.889,279.832,2,1
3678,73.1479,167.778,2,1
3679,73.5168,148.166,2,1
3680,117.161,169.851,2,1
3681,85.0549,115.655,2,1
3682,568.087,2,2,1
3683,232.648,200.127,2,1
3684,274.791,258.809,2,1
3685,93.6419,17.7198,2,1
3686,526.08,261.616,2,1
3687,70.9673,162.032,2,1
3688,517.123,104.103,2,1
3689,571.125,83.6798,2,1
3690,169.076,257.717,2,1
3691,357.836,44.3292,2,1
3692,46.4008,42.6221,2,1
3693,94.771,27.0798,2,1
3694,245.218,247.061,2,1
3695,525.36,135.305,2,1
3696,302.737,149.597,2,1
3697,148.516,210.178,2,1
3698,106.421,285.285,2,1
3699,577.65,137.631,2,1
3700,84.5847,249.72,2,1
3701,242.869,243.811,2,1
3702,368.625,31.3858,2,1
3703,365.497,249.724,2,1
3704,344.618,38.4775,2,1
3705,204.461,15.2887,2,1
3706,352.512,189.422,2,1
3707,583.494,295.352,2,1
3708,309.752,276.429,2,1
3709,293.524,9.68727,2,1
3710,60.0671,230.726,2,1
3711,102.141,189.711,2,1
3712,17.9107,275.933,2,1
3713,409.897,6.0424,2,1
3714,158.195,207.368,2,1
3715,48.7179,66.9462,2,1
3716,381.953,176.979,2,1
3717,580.412,238.836,2,1
3718,384.258,275.294,2,1
3719,238.663,111.36,2,1
3720,335.495,260.648,2,1
3721,156.486,110.483,2,1
3722,421.954,22.3591,2,1
3723,270.071,123.11,2,1
3724,162.663,52.291,2,1
3725,550.349,184.774,2,1
3726,535.078,181.105,2,1
3727,584.281,2,2,1
3728,178.355,133.685,2,1
3729,6.94769,50.1411,2,1
3730,366.684,165.22,2,1
3731,112.08,89.6665,2,1
3732,152.179,30.4337,2,1
3733,346.764,115.902,2,1
3734,206.818,127.874,2,1
3735,38.8022,195.419,2,1
3736,488.621,38.7769,2,1
3737,157.575,282.1,2,1
3738,106.95,141.029,2,1
3739,564.874,15.1348,2,1
3740,56.4062,153.357,2,1
3741,415.703,298,2,1
3742,113.36,2,2,1
3743,21.7035,188.353,2,1
3744,332.697,291.058,2,1
3745,525.053,15.3944,2,1
3746,150.875,236.795,2,1
3747,121.388,13.3163,2,1
3748,507.58,58.1959,2,1
3749,396.981,122.59,2,1
3750,70.741,39.4955,2,1
3751,373.049,226.955,2,1
3752,179.043,36.7265,2,1
3753,6.81342,76.9348,2,1
3754,372.727,230.968,2,1
3755,293.35,270.165,2,1
3756,157.819,158.208,2,1
3757,466.08,46.72,2,1
3758,343.878,46.8722,2,1
3759,369.176,151.798,2,1
3760,431.097,162.94,2,1
3761,4.92727,55.584,2,1
3762,120.758,277.743,2,1
3763,200.364,125.498,2,1
3764,495.622,58.4492,2,1
3765,131.838,238.264,2,1
3766,492.798,240.807,2,1
3767,483.945,102.741,2,1
3768,537.464,108.048,2,1
3769,521.274,105.306,2,1
3770,218.41,201.734,2,1
3771,138.824,155.227,2,1
3772,140.136,11.7754,2,1
3773,1.76795,179.179,2,1
3774,35.2392,25.5726,2,1
3775,63.8345,258.255,2,1
3776,329.54,9.45491,2,1
3777,21.6824,246.824,2,1
3778,329.354,14.5646,2,1
3779,352.54,77.7866,2,1
3780,287.948,159.49,2,1
3781,512.776,268.301,2,1
3782,502.345,141.681,2,1
3783,43.1645,247.013,2,1
3784,484.609,44.6418,2,1
3785,114.719,44.8599,2,1
3786,184.214,196.317,2,1
3787,526.076,267.378,2,1
3788,92.2469,293.992,2,1
3789,569.801,244.712,2,1
3790,556.874,263.519,2,1
3791,169.383,57.2544,2,1
3792,156.957,29.5992,2,1
3793,87.134,234.84,2,1
3794,193.585,68.4237,2,1
3795,116.476,156.72,2,1
3796,11.5457,276.449,2,1
3797,49.1829,13.781,2,1
3798,364.782,112.462,2,1
3799,456.816,290.173,2,1
3800,569.563,214.542,2,1
3801,431.135,62.9959,2,1
3802,509.4,134.779,2,1
3803,78.8634,120.724,2,1
3804,64.4651,65.6567,2,1
3805,150.683,56.4612,2,1
3806,541.043,79.5687,2,1
3807,41.7628,180.333,2,1
3808,472.732,68.6775,2,1
3809,396.158,54.3479,2,1
3810,371.661,129.506,2,1
3811,248.631,51.4764,2,1
3812,555.186,2,2,1
3813,125.981,30.638,2,1
3814,81.5326,148.144,2,1
3815,383.065,180.834,2,1
3816,27.6795,210.427,2,1
3817,164.717,242.656,2,1
3818,431.831,14.2563,2,1
3819,345.24,294.058,2,1
3820,549.854,149.981,2,1
3821,41.4045,56.5034,2,1
3822,244.419,91.2162,2,1
3823,568.533,155.966,2,1
3824,89.6261,245.169,2,1
3825,438.506,79.5812,2,1
3826,113.624,171.734,2,1
3827,75.7765,207.168,2,1
3828,20.4533,214.22,2,1
3829,326.742,84.1088,2,1
3830,128.376,125.412,2,1
3831,354.851,208.698,2,1
3832,570.478,68.2408,2,1
3833,415.489,185.217,2,1
3834,443.817,267.231,2,1
3835,163.675,246.58,2,1
3836,423.773,298,2,1
3837,159.773,252.785,2,1
3838,480.697,171.377,2,1
3839,330.249,30.5289,2,1
3840,336.458,218.159,2,1
3841,526.398,249.658,2,1
3842,135.719,48.2645,2,1
3843,135.187,39.5006,2,1
3844,220.146,297.517,2,1
3845,133.118,200.649,2,1
3846,248.738,55.5643,2,1
3847,550.562,88.2726,2,1
3848,564.352,260.636,2,1
3849,216.001,206.402,2,1
3850,451.745,212.905,2,1
3851,123.951,133.181,2,1
3852,241.688,48.2073,2,1
3853,154.74,235.358,2,1
3854,2.71737,173.424,2,1
3855,79.8282,207.463,2,1
3856,19.6565,126.078,2,1
3857,288.057,153.699,2,1
3858,537.128,157.067,2,1
3859,351.366,153.883,2,1
3860,231.872,230.095,2,1
3861,102.333,6.09479,2,1
3862,235.383,277.5,2,1
3863,90.4877,207.137,2,1
3864,419.487,97.5131,2,1
3865,142.249,63.1958,2,1
3866,379.41,93.688,2,1
3867,424.891,86.9133,2,1
3868,230.492,81.7817,2,1
3869,584.247,152.321,2,1
3870,577.634,57.6389,2,1
3871,126.9,100.924,2,1
3872,474.632,109.289,2,1
3873,53.4584,169.751,2,1
3874,202.989,129.445,2,1
3875,511.806,240.832,2,1
3876,383.405,232.601,2,1
3877,72.5436,292.079,2,1
3878,95.4935,222.051,2,1
3879,345.299,54.8741,2,1
3880,396.04,249.417,2,1
3881,39.153,154.898,2,1
3882,124.349,269.103,2,1
3883,280.569,199.934,2,1
3884,490.653,26.6474,2,1
3885,506.982,122.882,2,1
3886,298.913,75.458,2,1
3887,568.714,113.397,2,1
3888,353.555,292.639,2,1
3889,365.799,88.1107,2,1
3890,468.015,104.228,2,1
3891,516.509,57.0483,2,1
3892,507.823,152.028,2,1
3893,113.372,223.929,2,1
3894,233.477,256.615,2,1
3895,0.752442,126.541,2,1
3896,182.889,263.32,2,1
3897,291.832,251.144,2,1
3898,452.933,59.9526,2,1
3899,465.197,97.4043,2,1
3900,221.591,69.655,2,1
3901,531.702,228.299,2,1
3902,585.02,283.512,2,1
3903,392.966,122.339,2,1
3904,462.006,290.449,2,1
3905,412.536,65.5498,2,1
3906,120.035,172.852,2,1
3907,216.227,80.1918,2,1
3908,172.881,156.803,2,1
3909,565.372,170.768,2,1
3910,308.459,229.137,2,1
3911,252.646,81.867,2,1
3912,12.3083,208.981,2,1
3913,396.545,268.29,2,1
3914,424.511,16.984,2,1
3915,247.025,16.7387,2,1
3916,242.619,185.938,2,1
3917,223.322,99.4081,2,1
3918,468.359,279.86,2,1
3919,596.293,168.081,2,1
3920,216.392,228.234,2,1
3921,295.699,254.624,2,1
3922,68.0566,110.163,2,1
3923,275.824,78.372,2,1
3924,383.288,45.9249,2,1
3925,180.159,256.797,2,1
3926,68.0089,2,2,1
3927,524.281,40.949,2,1
3928,480.413,79.2506,2,1
3929,65.9469,58.7044,2,1
3930,62.7222,29.4752,2,1
3931,483.699,88.2817,2,1
3932,345.542,195.986,2,1
3933,122.824,181.789,2,1
3934,222.048,92.4301,2,1
3935,237.056,96.54,2,1
3936,207.274,39.098,2,1
3937,599.297,99.8682,2,1
3938,562.253,163.319,2,1
3939,273.419,282.023,2,1
3940,512.945,91.6056,2,1
3941,556.458,49.1592,2,1
3942,441.628,200.909,2,1
3943,436.436,37.1261,2,1
3944,237.62,78.3067,2,1
3945,64.5548,135.731,2,1
3946,492.23,190.201,2,1
3947,79.964,73.3584,2,1
3948,385.638,12.6784,2,1
3949,502.64,194.715,2,1
3950,36.3702,177.572,2,1
3951,347.699,11.399,2,1
3952,97.617,78.9848,2,1
3953,135.496,27.751,2,1
3954,482.497,298,2,1
3955,451.108,161.01,2,1
3956,483.477,266.34,2,1
3957,271.351,169.239,2,1
3958,392.957,205.613,2,1
3959,542.876,2,2,1
3960,427.736,76.5786,2,1
3961,417.996,82.4416,2,1
3962,516.003,36.9837,2,0
3963,101.342,227.39,2,1
3964,266.103,234.215,2,1
3965,425.432,188.409,2,1
3966,107.554,44.5552,2,1
3967,220.588,128.088,2,1
3968,414.248,204.774,2,1
3969,576.012,209.923,2,1
3970,468.603,260.931,2,1
3971,195.69,192.765,2,1
3972,569.741,87.4341,2,1
3973,304.549,85.796,2,1
3974,169.885,280.98,2,1
3975,441.633,190.076,2,1
3976,497.217,54.654,2,1
3977,210.332,247.966,2,1
3978,505.058,41.9211,2,1
3979,347.532,255.424,2,1
3980,240.361,201.998,2,1
3981,350.707,60.9047,2,1
3982,103.264,17.5918,2,1
3983,40.5989,102.113,2,1
3984,161.202,14.6752,2,1
3985,23.9558,76.6569,2,1
3986,191.298,99.1378,2,1
3987,398.227,80.5597,2,1
3988,132.079,223.368,2,1
3989,414.781,137.683,2,1
3990,292.526,44.9798,2,1
3991,547.236,241.911,2,1
3992,98.6274,265.467,2,1
3993,195.96,132.154,2,1
3994,259.078,165.674,2,1
3995,429.632,186.421,2,1
3996,584.444,238.573,2,1
3997,304.629,11.8838,2,1
3998,436.23,257.282,2,1
3999,143.473,147.781,2,1
4000,297.211,284.882,2,1
4001,249.894,276.589,2,1
4002,340.918,239.103,2,1
4003,131.519,21.1503,2,1
4004,266.837,136.053,2,1
4005,516.521,282.508,2,1
4006,352.234,146.706,2,1
4007,578.422,5.6292,2,1
4008,395.19,17.42,2,1
4009,133.977,256.268,2,1
4010,561.636,277.948,2,1
4011,303.882,31.6383,2,1
4012,340.19,203.845,2,1
4013,271.362,251.073,2,1
4014,51.3373,126.329,2,1
4015,299.631,79.4145,2,1
4016,556.402,67.4029,2,1
4017,325.161,170.082,2,1
4018,219.115,35.7866,2,1
4019,236.475,54.7172,2,1
4020,498.361,176.459,2,1
4021,528.077,232.389,2,1
4022,169.596,133.63,2,1
4023,204.058,152.199,2,1
4024,372.13,112.876,2,1
4025,466.238,283.444,2,1
4026,406.813,103.267,2,1
4027,569.845,43.4594,2,1
4028,184.084,57.4204,2,1
4029,250.907,200.194,2,1
4030,273.144,118.367,2,1
4031,157.857,73.1294,2,1
4032,185.374,247.401,2,1
4033,128.774,80.7049,2,1
4034,139.572,108.648,2,1
4035,107.227,64.1494,2,0
4036,218.495,236.548,2,1
4037,433.738,224.714,2,1
4038,160.831,293.989,2,1
4039,519.196,208.168,2,1
4040,526.59,214.372,2,1
4041,223.859,130.401,2,1
4042,550.46,123.21,2,1
4043,405.52,220.952,2,1
4044,597.862,112.896,2,1
4045,19.9863,115.426,2,1
4046,481.396,249.161,2,1
4047,144.974,275.219,2,1
4048,415.568,54.1718,2,1
4049,497.136,88.3771,2,1
4050,144.215,70.2556,2,1
4051,514.037,214.043,2,1
4052,184.42,286.588,2,1
4053,299.395,34.0696,2,1
4054,451.186,56.2838,2,1
4055,511.114,179.555,2,1
4056,45.0965,50.5617,2,1
4057,44.4607,284.669,2,1
4058,480.033,289.162,2,1
4059,154.033,225.394,2,1
4060,200.038,20.8382,2,1
4061,384.936,40.7563,2,1
4062,441.306,249.631,2,1
4063,176.542,99.8854,2,1
4064,44.0646,59.6128,2,1
4065,157.735,61.6874,2,1
4066,53.9221,285.627,2,1
4067,569.582,253.812,2,1
4068,316.637,64.5476,2,1
4069,170.098,24.0686,2,1
4070,143.813,185.403,2,1
4071,315.715,181.657,2,1
4072,272.347,44.4708,2,1
4073,415.181,174.626,2,1
4074,453.48,149.383,2,1
4075,416.335,239.285,2,1
4076,591.527,133.248,2,1
4077,470.494,253.163,2,1
4078,516.704,68.5651,2,1
4079,339.797,181.049,2,1
4080,346.024,235.349,2,1
4081,514.008,48.0101,2,1
4082,262.092,201.338,2,1
4083,161.944,78.5477,2,1
4084,463.093,170.418,2,1
4085,289.641,139.045,2,1
4086,379.348,108.373,2,1
4087,330.683,254.706,2,1
4088,261.699,61.6005,2,1
4089,349.831,150.048,2,1
4090,272.97,15.2418,2,1
4091,55.2512,195.936,2,1
4092,551.08,286.651,2,1
4093,222.234,172.934,2,1
4094,132.294,30.3442,2,1
4095,293.377,206.126,2,1
4096,160.649,279.479,2,1
4097,410.975,242.095,2,1
4098,363.911,162.208,2,1
4099,568.229,146.566,2,1
4100,390.777,85.9912,2,1
4101,64.6244,219.105,2,1
4102,78.8704,144.667,2,1
4103,438.432,9.94534,2,1
4104,190.657,276.24,2,1
4105,436.812,28.9333,2,1
4106,119.734,258.46,2,1
4107,132.006,41.932,2,1
4108,549.02,66.151,2,1
4109,279.337,205.295,2,1
4110,123.959,275.328,2,1
4111,32.2402,169.075,2,1
4112,19.6655,40.8761,2,0
4113,244.239,118.398,2,1
4114,234.294,21.9995,2,1
4115,244.44,6.03743,2,1
4116,207.351,86.6997,2,1
4117,8.96674,173.017,2,1
4118,312.658,260.349,2,1
4119,115.076,142.123,2,1
4120,433.861,51.6031,2,1
4121,33.5122,49.486,2,1
4122,241.231,12.6134,2,1
4123,27.8129,103.228,2,1
4124,598.883,50.2896,2,1
4125,422.232,126.293,2,1
4126,1.72042,32.776,2,1
4127,188.288,131.583,2,1
4128,587.738,112.496,2,1
4129,411.916,153.617,2,1
4130,300.984,214.716,2,1
4131,365.278,145.9,2,1
4132,20.3061,146.555,2,1
4133,408.637,298,2,1
4134,547.295,120.663,2,1
4135,390.948,255.342,2,1
4136,280.189,16.1299,2,1
4137,266.87,173.973,2,1
4138,361.671,181.289,2,1
4139,88.9165,101.994,2,1
4140,454.947,204.034,2,1
4141,494.687,26.4483,2,1
4142,470.529,173.627,2,1
4143,520.522,142.284,2,1
4144,299.586,168.323,2,1
4145,395.838,31.1148,2,1
4146,492.703,248.129,2,1
4147,313.081,237.132,2,1
4148,125.474,254.058,2,1
4149,594.072,255.119,2,1
4150,181.432,145.199,2,1
4151,80.122,187.53,2,1
4152,367.882,17.2799,2,1
4153,270.985,200.556,2,1
4154,16.8419,19.7267,2,1
4155,532.439,109.086,2,1
4156,489.522,77.6733,2,1
4157,140.952,274.541,2,1
4158,28.8454,139.325,2,1
4159,166.418,202.809,2,1
4160,455.878,224.719,2,1
4161,109.382,76.9216,2,1
4162,380.331,101.06,2,1
4163,598.317,235.545,2,1
4164,260.116,83.8899,2,1
4165,466.127,40.1092,2,1
4166,116.852,280.325,2,1
4167,508.895,266.954,2,1
4168,301.367,285.318,2,1
4169,50.6301,9.75487,2,1
4170,535.439,218.033,2,1
4171,259.186,58.3047,2,1
4172,335.199,294.235,2,1
4173,466.594,14.5338,2,1
4174,101.947,80.6573,2,1
4175,12.2689,99.2462,2,1
4176,295.256,232.606,2,1
4177,296.808,208.285,2,1
4178,586.972,215.518,2,1
4179,441.324,91.3504,2,1
4180,29.0815,194.001,2,1
4181,116.389,11.2921,2,1
4182,16.3628,243.198,2,1
4183,562.219,18.4846,2,1
4184,35.9707,123.166,2,1
4185,138.199,163.955,2,1
4186,262.239,232.407,2,1
4187,55.4796,49.3923,2,1
4188,587.11,32.8122,2,1
4189,33.7045,54.7311,2,1
4190,491.066,272.787,2,1
4191,400.469,26.4849,2,1
4192,529.258,298,2,1
4193,588.08,203.843,2,1
4194,135.41,240.284,2,1
4195,509.064,41.3479,2,1
4196,336.518,35.5426,2,1
4197,383.824,8.95523,2,1
4198,215.914,42.0313,2,1
4199,541.025,83.6865,2,1
4200,50.9947,279.628,2,1
4201,421.857,135.292,2,1
4202,180.866,232.376,2,1
4203,279.668,56.2395,2,1
4204,28.6373,162.428,2,1
4205,376.749,63.3083,2,1
4206,88.3579,298,2,1
4207,390.222,81.9195,2,1
4208,145.49,257.963,2,1
4209,198.85,253.961,2,1
4210,401.688,69.9943,2,1
4211,553.764,181.566,2,1
4212,169.828,32.2092,2,1
4213,438.649,298,2,1
4214,408.251,142.309,2,1
4215,317.092,151.847,2,1
4216,346.525,240.852,2,1
4217,333.42,151.151,2,1
4218,180.708,8.73456,2,1
4219,59.0658,279.001,2,1
4220,154.091,258.687,2,1
4221,533.695,164.352,2,1
4222,282.414,216.781,2,1
4223,409.778,222.423,2,1
4224,370.165,191.22,2,1
4225,2.91349,139.263,2,1
4226,445.275,292.532,2,1
4227,594.471,194.081,2,1
4228,294.779,163.56,2,1
4229,201.469,146.802,2,1
4230,245.599,193.673,2,1
4231,291.768,166.326,2,1
4232,51.6298,23.1226,2,1
4233,405.31,178.511,2,1
4234,122.755,43.0142,2,1
4235,493.368,34.503,2,1
4236,387.779,298,2,1
4237,532.456,69.8838,2,1
4238,223.785,162.57,2,1
4239,97.2717,282.259,2,1
4240,569.108,273.919,2,1
4241,192.405,13.6134,2,1
4242,283.74,246.934,2,1
4243,289.506,84.1465,2,1
4244,276.02,213.123,2,1
4245,439.726,104.471,2,1
4246,482.176,184.531,2,1
4247,351.972,81.8985,2,1
4248,459.244,111.982,2,1
4249,21.6596,269.023,2,1
4250,580.133,297.586,2,1
4251,82.144,213.964,2,1
4252,108.909,282.034,2,1
4253,587.894,286.421,2,1
4254,598.933,38.7079,2,1
4255,328.9,240.713,2,1
4256,6.97885,296.831,2,1
4257,40.4854,66.9617,2,1
4258,568.66,269.693,2,1
4259,199.302,113.489,2,1
4260,311.591,220.371,2,1
4261,566.269,103.153,2,1
4262,194.557,263.954,2,1
4263,230.393,20.5089,2,1
4264,47.23,280.997,2,1
4265,128.175,23.408,2,1
4266,188.474,266.451,2,1
4267,424.608,192.671,2,1
4268,405.158,149.078,2,1
4269,168.95,236.759,2,1
4270,537.555,165.759,2,1
4271,82.3489,129.738,2,1
4272,407.419,194.677,2,1
4273,189.413,88.3744,2,1
4274,392.491,267.41,2,1
4275,502.963,124.047,2,1
4276,501.081,25.7576,2,1
4277,318.297,96.7617,2,1
4278,216.467,74.706,2,1
4279,470.092,257.159,2,1
4280,184.1,23.9046,2,1
4281,448.63,17.7354,2,1
4282,211.221,2,2,1
4283,241.559,192.852,2,1
4284,322.748,190.706,2,1
4285,281.053,264.053,2,1
4286,88.5791,286.27,2,1
4287,125.561,2,2,1
4288,229.584,172.567,2,1
4289,486.607,61.4723,2,1
4290,349.425,31.9612,2,1
4291,516.777,93.0315,2,1
4292,456.353,294.352,2,1
4293,192.372,17.6373,2,1
4294,365.74,59.2877,2,1
4295,83.474,232.529,2,1
4296,455.07,195.845,2,1
4297,434.845,86.6703,2,1
4298,298.476,291.702,2,1
4299,160.308,289.939,2,1
4300,505.438,119.144,2,1
4301,225.821,125.478,2,1
4302,197.576,248.345,2,1
4303,474.407,34.3571,2,1
4304,311.861,214.914,2,1
4305,194.737,136.331,2,1
4306,500.692,79.8072,2,1
4307,454.716,28.9331,2,1
4308,204.73,144.244,2,1
4309,329.543,43.7731,2,1
4310,151.608,13.9031,2,1
4311,112.118,51.7543,2,1
4312,557.857,187.433,2,1
4313,138.214,190.345,2,1
4314,410.238,280.508,2,1
4315,36.7083,130.523,2,1
4316,402.881,102.452,2,1
4317,493.961,279.867,2,1
4318,99.124,128.173,2,1
4319,252.093,137.603,2,1
4320,148.078,121.597,2,1
4321,45.802,220.765,2,1
4322,312.869,175.004,2,1
4323,168.72,92.38,2,1
4324,416.952,160.528,2,1
4325,300.07,184.644,2,1
4326,60.0667,286.548,2,1
4327,501.478,283.286,2,1
4328,140.355,71.3695,2,1
4329,477.017,239.061,2,1
4330,577.11,286.261,2,1
4331,583.092,273.607,2,1
4332,290.122,58.9215,2,1
4333,43.5353,217.342,2,1
4334,182.7,118.527,2,1
4335,238.638,33.0974,2,1
4336,396.069,101.518,2,1
4337,104.411,202.428,2,1
4338,545.985,32.6346,2,1
4339,38.1722,28.3035,2,1
4340,422.349,240.668,2,1
4341,440.441,31.3447,2,1
4342,338.488,284.983,2,1
4343,545.802,85.9299,2,1
4344,480.884,196.011,2,1
4345,176.902,150.752,2,1
4346,332.939,46.0196,2,1
4347,277.955,283.698,2,1
4348,516.347,172.55,2,1
4349,459.128,26.8555,2,1
4350,329.564,98.5678,2,1
4351,579.672,17.0036,2,1
4352,233.715,137.314,2,1
4353,92.8741,118.442,2,1
4354,496.675,48.8961,2,1
4355,220.404,49.8613,2,1
4356,537.199,203.471,2,1
4357,483.735,68.7888,2,1
4358,213.814,128.658,2,1
4359,297.28,143.637,2,1
4360,137.139,88.453,2,1
4361,384.003,19.9765,2,1
4362,25.9176,40.7778,2,1
4363,260.766,137.808,2,1
4364,257.56,290.079,2,1
4365,420.452,71.8972,2,1
4366,75.0605,46.1556,2,1
4367,79.7189,174.217,2,1
4368,337.768,192.241,2,1
4369,38.4652,138.138,2,1
4370,120.376,100.394,2,1
4371,565.804,284.41,2,1
4372,154.241,65.8671,2,1
4373,115.223,247.326,2,1
4374,319.469,155.124,2,1
4375,317.745,220.575,2,1
4376,224.291,205.51,2,1
4377,406.718,8.56304,2,1
4378,383.075,16.0744,2,1
4379,477.728,168.513,2,1
4380,138.612,271.182,2,1
4381,349.419,251.752,2,1
4382,357.757,165.465,2,1
4383,424.088,172.894,2,1
4384,200.738,162.933,2,1
4385,524.078,92.7099,2,1
4386,210.076,130.346,2,1
4387,18.3042,58.0204,2,1
4388,521.854,78.4233,2,1
4389,543.039,136.581,2,1
4390,174.73,116.663,2,1
4391,563.326,174.299,2,1
4392,160.222,161.446,2,1
4393,551.399,28.9237,2,1
4394,252.687,5.71555,2,1
4395,595.929,27.0096,2,1
4396,233.567,244.736,2,1
4397,533.285,204.765,2,1
4398,523.03,251.944,2,1
4399,331.981,171.7,2,1
4400,220.449,107.453,2,1
4401,413.886,133.725,2,1
4402,346.136,210.728,2,1
4403,92.3691,40.3062,2,1
4404,437.776,183.641,2,1
4405,155.369,16.2808,2,1
4406,195.644,163.371,2,1
4407,306.706,167.447,2,1
4408,191.285,243.541,2,1
4409,147.886,262.639,2,1
4410,144.387,243.935,2,1
4411,344.422,74.3612,2,1
4412,128.152,18.8629,2,1
4413,166.714,101.635,2,1
4414,284.362,17.5985,2,1
4415,340.717,243.168,2,1
4416,29.3258,5.84686,2,1
4417,456.574,234.559,2,1
4418,191.391,228.319,2,1
4419,586.666,38.7247,2,1
4420,549.978,58.354,2,1
4421,442.08,123.065,2,1
4422,292.665,218.977,2,1
4423,305.001,116.447,2,1
4424,89.2274,75.6613,2,1
4425,99.2707,186.645,2,1
4426,369.777,167.779,2,1
4427,130.648,38.1494,2,1
4428,43.7213,298,2,1
4429,16.8501,107.861,2,1
4430,199.212,102.873,2,1
4431,158.021,119.3,2,1
4432,552.242,106.088,2,1
4433,23.6733,220.831,2,1
4434,473.907,175.937,2,1
4435,524.953,169.993,2,1
4436,42.8995,2,2,1
4437,464.759,205.247,2,1
4438,261.458,208.393,2,1
4439,46.0776,19.4858,2,1
4440,138.658,255.499,2,1
4441,122.311,147.182,2,1
4442,535.863,62.8206,2,1
4443,53.1006,160.523,2,1
4444,528.092,39.6249,2,1
4445,181.32,157.108,2,1
4446,171.533,73.4851,2,1
4447,347.694,218.417,2,1
4448,150.947,82.535,2,1
4449,133.547,293.289,2,1
4450,561.102,74.9028,2,1
4451,572.336,229.552,2,1
4452,88.738,33.1196,2,1
4453,196.686,38.6559,2,1
4454,316.308,256.295,2,1
4455,278.503,25.9797,2,1
4456,303.578,193.204,2,1
4457,238.099,267.489,2,1
4458,572.379,189.686,2,1
4459,354.801,113.555,2,1
4460,511.745,247.158,2,1
4461,123.371,85.1314,2,1
4462,199.681,4.96469,2,1
4463,389.908,74.2756,2,1
4464,378.529,22.9354,2,1
4465,569.931,152.01,2,1
4466,26.508,2,2,1
4467,110.885,25.6005,2,1
4468,597.742,205.652,2,1
4469,277.224,174.814,2,1
4470,434.294,9.38868,2,1
4471,40.6604,5.55135,2,1
4472,201.586,32.7619,2,1
4473,306.899,156.194,2,1
4474,251.839,61.909,2,1
4475,233.053,207.8,2,1
4476,95.617,134.29,2,1
4477,101.232,13.7849,2,1
4478,546.646,138.574,2,1
4479,387.76,163.418,2,1
4480,549.083,259.388,2,1
4481,478.33,68.9772,2,1
4482,243.575,86.9334,2,1
4483,53.1067,46.088,2,1
4484,224.512,73.5255,2,1
4485,249.203,240.494,2,1
4486,384.925,119.064,2,1
4487,589.332,104.531,2,1
4488,127.426,9.8831,2,1
4489,171.916,182.624,2,1
4490,367.622,81.9425,2,1
4491,18.2427,90.0501,2,1
4492,297.379,120.143,2,1
4493,120.686,198.401,2,1
4494,95.3463,43.0985,2,1
4495,499.24,248.646,2,1
4496,272.659,219.995,2,1
4497,111.71,101.46,2,1
4498,14.5261,148.938,2,1
4499,374.038,234.881,2,1
4500,308.164,60.3794,2,1
4501,60.0446,275.099,2,1
4502,587.58,164.698,2,1
4503,451.592,26.2826,2,1
4504,514.453,108.012,2,1
4505,230.597,159.926,2,1
4506,498.761,290.764,2,1
4507,521.516,247.859,2,1
4508,361.215,2,2,1
4509,479.118,283.467,2,1
4510,557.358,233.314,2,1
4511,511.461,196.512,2,1
4512,326.435,104.15,2,1
4513,536.069,170.655,2,1
4514,135.695,84.524,2,1
4515,213.473,60.6933,2,1
4516,398.401,36.1523,2,1
4517,340.214,98.1258,2,1
4518,115.144,190.232,2,1
4519,562.978,71.1235,2,1
4520,487.601,191.759,2,1
4521,310.436,103.597,2,1
4522,503.795,82.5314,2,1
4523,113.19,186.615,2,1
4524,381.596,12.3227,2,1
4525,317.447,73.0693,2,1
4526,47.5698,76.0031,2,1
4527,576.252,47.5176,2,1
4528,481.446,37.0237,2,1
4529,599.989,122.555,2,1
4530,19.973,260.142,2,1
4531,165.093,182.931,2,1
4532,341.422,160.742,2,1
4533,265.76,202.978,2,1
4534,104.977,117.349,2,1
4535,280.899,98.8838,2,1
4536,51.7425,177.696,2,1
4537,133.048,13.4494,2,1
4538,467.686,180.997,2,1
4539,166.333,25.4531,2,1
4540,235.192,37.2732,2,1
4541,464.166,272.197,2,1
4542,261.227,113.438,2,1
4543,392.687,41.1967,2,1
4544,132.964,101.394,2,1
4545,340.108,45.2154,2,1
4546,583.581,123.797,2,1
4547,57.2971,267.628,2,1
4548,103.548,162.57,2,1
4549,41.1055,201.89,2,1
4550,353.358,268.813,2,1
4551,559.822,124.275,2,1
4552,366.236,192.309,2,1
4553,226.056,174.558,2,1
4554,64.591,211.629,2,1
4555,109.333,145.574,2,1
4556,57.053,283.026,2,1
4557,452.143,288.791,2,1
4558,458.125,17.6709,2,1
4559,424.072,143.692,2,1
4560,489.867,58.9417,2,1
4561,194.726,174.672,2,1
4562,360.193,235.62,2,1
4563,419.77,101.513,2,1
4564,260.149,87.9221,2,1
4565,155.169,141.276,2,1
4566,441.421,181.89,2,1
4567,175.912,87.4629,2,1
4568,242.713,265.21,2,1
4569,158.846,65.6201,2,1
4570,207.412,245.101,2,1
4571,454.433,95.4234,2,1
4572,180.828,172.99,2,1
4573,412.436,208.923,2,1
4574,241.156,159.238,2,1
4575,490.412,73.5143,2,1
4576,205.41,230.317,2,1
4577,508.884,71.7567,2,1
4578,585.1,279.438,2,1
4579,318.747,60.7871,2,1
4580,172.092,239.471,2,1
4581,589.114,158.084,2,1
4582,344.743,171.515,2,1
4583,490.918,10.7352,2,1
4584,480.987,22.1711,2,1
4585,556.29,221.111,2,1
4586,72.6109,63.2169,2,1
4587,119.663,19.8852,2,1
4588,530.027,20.743,2,1
4589,180.8,279.114,2,1
4590,525.322,105.274,2,1
4591,265.976,151.655,2,1
4592,291.076,73.9982,2,1
4593,558.207,70.9854,2,1
4594,597.598,179.608,2,1
4595,554.077,32.0926,2,1
4596,483.487,191.202,2,1
4597,19.0923,250.858,2,1
4598,162.723,108.583,2,1
4599,481.214,46.8226,2,0
4600,496.114,212.282,2,1
4601,333.626,79.812,2,1
4602,33.0972,194.67,2,1
4603,584.006,69.2515,2,1
4604,337.775,222.143,2,1
4605,525.953,224.875,2,1
4606,28.7391,118.448,2,1
4607,425.779,2,2,1
4608,277.749,275.829,2,1
4609,68.1258,25.0592,2,1
4610,263.797,36.8576,2,1
4611,559.945,45.0546,2,1
4612,511.623,74.8411,2,1
4613,359.56,83.2625,2,1
4614,34.2603,17.4264,2,1
4615,234.324,112.941,2,1
4616,213.496,123.497,2,1
4617,275.98,86.5386,2,1
4618,419.346,171.862,2,1
4619,183.37,259.237,2,1
4620,455.706,6.86296,2,1
4621,245.876,214.753,2,1
4622,587.125,176.077,2,1
4623,11.3778,138.031,2,1
4624,268.725,139.619,2,1
4625,225.624,298,2,1
4626,158.153,115.278,2,1
4627,209.81,258.587,2,1
4628,561.979,291.381,2,1
4629,243.434,276.865,2,1
4630,540.383,116.491,2,1
4631,78.4462,224.746,2,1
4632,492.906,95.3851,2,1
4633,21.8259,14.1899,2,1
4634,413.842,92.1207,2,1
4635,323.805,24.1173,2,1
4636,75.7906,42.1442,2,1
4637,355.498,83.8435,2,1
4638,413.952,79.104,2,1
4639,453.277,141.676,2,1
4640,369.442,224.19,2,1
4641,529.628,51.1728,2,1
4642,500.874,241.276,2,1
4643,486.809,134.378,2,1
4644,299.779,201.019,2,1
4645,212.904,136.639,2,1
4646,362.513,238.902,2,1
4647,58.6698,251.922,2,1
4648,426.716,231.097,2,1
4649,252.999,213.187,2,1
4650,363.792,47.9804,2,1
4651,321.606,102.05,2,1
4652,16.362,279.625,2,1
4653,476.502,100.774,2,1
4654,186.027,278.352,2,1
4655,107.882,40.4624,2,1
4656,55.9276,97.5196,2,1
4657,469.583,59.363,2,1
4658,499.792,116.53,2,1
4659,495.625,201.239,2,1
4660,400.454,198.109,2,1
4661,179.521,178.743,2,1
4662,428.213,89.19,2,1
4663,487.763,201.757,2,1
4664,423.32,259.892,2,1
4665,435.997,273.222,2,1
4666,343.399,154.878,2,1
4667,540.496,96.7473,2,1
4668,25.0499,291.186,2,1
4669,496.808,62.8607,2,1
4670,573.466,159.831,2,1
4671,7.05706,135.272,2,1
4672,258.158,195.087,2,1
4673,284.104,229.181,2,1
4674,389.901,70.2469,2,1
4675,161.977,180.353,2,1
4676,533.621,121.886,2,1
4677,542.489,184.226,2,1
4678,561.354,170.718,2,1
4679,445.927,178.847,2,1
4680,537.24,269.93,2,1
4681,289.475,9.59908,2,1
4682,175.501,167.386,2,1
4683,201.444,44.6027,2,1
4684,575.475,163.307,2,1
4685,490.737,256.817,2,1
4686,301.026,145.351,2,1
4687,104.301,9.61764,2,1
4688,347.346,263.523,2,1
4689,368.788,271.573,2,1
4690,105.959,2,2,1
4691,566.726,159.604,2,1
4692,388.264,100.1,2,1
4693,238.801,59.2613,2,1
4694,471.673,85.3113,2,1
4695,534.516,27.5753,2,1
4696,84.9284,162.773,2,1
4697,246.108,251.043,2,1
4698,120.806,107.996,2,1
4699,450.557,92.5682,2,1
4700,395.808,6.12339,2,1
4701,319.202,196.915,2,1
4702,15.8415,85.1028,2,1
4703,392.238,20.7128,2,1
4704,489.131,220.432,2,1
4705,499.634,57.8957,2,1
4706,94.8965,239.404,2,1
4707,408.75,198.572,2,1
4708,28.3042,178.825,2,1
4709,513.495,237.167,2,1
4710,282.563,186.901,2,1
4711,89.68,191.36,2,1
4712,348.83,79.2832,2,1
4713,415.486,231.302,2,1
4714,113.358,159.307,2,1
4715,359.868,133.797,2,1
4716,507.657,20.4926,2,1
4717,35.0905,282.708,2,1
4718,144.994,279.546,2,1
4719,433.185,82.6447,2,1
4720,359.734,154.783,2,1
4721,264.368,247.261,2,1
4722,467.077,159.398,2,1
4723,139.615,47.1468,2,1
4724,537.301,123.629,2,1
4725,592.384,167.146,2,1
4726,226.198,260.403,2,1
4727,150.133,161.75,2,1
4728,323.661,67.1707,2,1
4729,463.282,224.302,2,1
4730,441.573,67.7503,2,1
4731,491.404,236.538,2,1
4732,69.4185,262.849,2,1
4733,269.471,13.2174,2,1
4734,599.175,285.777,2,1
4735,477.418,58.8078,2,1
4736,237.965,130.861,2,1
4737,479.703,245.479,2,1
4738,348.856,203.032,2,1
4739,362.309,109.209,2,1
4740,38.6012,10.3298,2,1
4741,183.609,251.049,2,1
4742,423.304,155.459,2,1
4743,520.815,116.213,2,1
4744,138.114,194.448,2,1
4745,428.498,234.803,2,1
4746,270.97,56.3244,2,1
4747,338.718,271.618,2,1
4748,543.106,101.055,2,1
4749,446.957,285.909,2,1
4750,492.668,225.471,2,1
4751,209.57,291.883,2,1
4752,168.921,189.027,2,1
4753,196.515,124.018,2,1
4754,65.0563,15.8707,2,1
4755,15.9585,116.425,2,1
4756,490.836,99.4851,2,1
4757,583.465,163.924,2,1
4758,214.506,202.607,2,1
4759,13.7777,17.1102,2,1
4760,590.516,97.4249,2,1
4761,531.323,9.1178,2,1
4762,291.937,80.9416,2,1
4763,542.902,214.664,2,1
4764,508.85,92.4095,2,1
4765,255.848,56.0317,2,1
4766,83.4618,275.941,2,1
4767,69.739,249.156,2,1
4768,535.309,278.643,2,1
4769,12.3559,160.522,2,1
4770,572.227,19.6465,2,1
4771,592.468,190.592,2,1
4772,351.229,138.735,2,1
4773,466.269,81.9219,2,1
4774,226.957,132.96,2,1
4775,481.682,270.118,2,1
4776,252.017,205.018,2,1
4777,111.086,122.72,2,1
4778,284.763,258.127,2,1
4779,152.588,221.631,2,1
4780,366.887,159.448,2,1
4781,26.4406,83.3456,2,1
4782,353.132,197.39,2,1
4783,544.804,105.981,2,1
4784,425.66,219.282,2,1
4785,98.6195,96.7303,2,1
4786,509.213,33.2261,2,1
4787,527.978,43.6293,2,1
4788,185.9,10.04,2,1
4789,555.74,15.1672,2,1
4790,82.6279,44.2567,2,1
4791,501.12,53.5081,2,0
4792,128.827,133.748,2,1
4793,201.673,60.9436,2,1
4794,466.212,298,2,1
4795,285.44,239.075,2,1
4796,593.311,144.703,2,1
4797,479.928,157.431,2,1
4798,531.731,137.713,2,1
4799,253.179,264.983,2,1
4800,515.223,21.9813,2,1
4801,131.346,154.426,2,1
4802,528.758,243.956,2,1
4803,239.445,166.433,2,1
4804,475.417,71.7379,2,1
4805,464.136,143.71,2,1
4806,38.1033,241.747,2,1
4807,139.13,178.586,2,1
4808,403.533,131.514,2,1
4809,519.132,23.2556,2,1
4810,224.441,226.676,2,1
4811,132.824,247.645,2,1
4812,326.724,197.193,2,1
4813,93.1012,13.6643,2,1
4814,550.177,174.827,2,1
4815,462.324,29.8161,2,1
4816,89.5533,270.428,2,1
4817,125.863,164.189,2,1
4818,56.074,81.9291,2,1
4819,474.099,89.6223,2,1
4820,503.387,248.671,2,1
4821,332.137,175.776,2,1
4822,328.122,172.865,2,1
4823,524.67,230.116,2,1
4824,31.9401,102.551,2,1
4825,44.2928,149.14,2,1
4826,79.8028,81.2757,2,1
4827,523.172,264.586,2,1
4828,420.098,287.068,2,1
4829,65.3344,113.229,2,1
4830,548.365,153.727,2,1
4831,144.265,13.1887,2,1
4832,494.028,160.869,2,1
4833,263.221,215.716,2,1
4834,223.636,240.835,2,1
4835,241.286,146.562,2,1
4836,362.126,86.3962,2,1
4837,559.877,176.439,2,1
4838,487.434,176.082,2,1
4839,261.112,79.9706,2,1
4840,8.5094,103.905,2,1
4841,471.525,122.916,2,1
4842,156.694,168.686,2,1
4843,493.882,52.3864,2,1
4844,267.796,143.527,2,1
4845,219.17,170.359,2,1
4846,239.967,235.777,2,1
4847,1.19182,53.9888,2,1
4848,455.453,77.1319,2,1
4849,332.822,241.651,2,1
4850,90.7718,199.94,2,1
4851,83.967,73.1777,2,1
4852,330.395,192.043,2,1
4853,195.81,206.216,2,1
4854,466.59,134.048,2,1
4855,515.433,262.094,2,1
4856,444.081,211.929,2,1
4857,212.689,251.359,2,1
4858,204.869,248.33,2,1
4859,293.148,28.8105,2,1
4860,173.904,31.2327,2,1
4861,193.668,35.9239,2,1
4862,523.236,211.629,2,1
4863,93.4207,225.658,2,1
4864,437.742,188.884,2,1
4865,171.566,2,2,1
4866,184.798,231.366,2,1
4867,383.187,2,2,1
4868,133.884,261.831,2,1
4869,193.139,115.641,2,1
4870,499.839,183.362,2,1
4871,428.88,222.681,2,1
4872,310.349,291.655,2,1
4873,560.651,67.7865,2,1
4874,398.18,88.1085,2,1
4875,106.384,232.381,2,1
4876,90.972,25.3336,2,1
4877,321.607,127.627,2,1
4878,567.913,257.553,2,1
4879,109.806,86.2894,2,1
4880,272.757,138.453,2,1
4881,28.8839,264.908,2,1
4882,73.0747,86.4724,2,1
4883,5.14714,87.9086,2,1
4884,150.465,153.591,2,1
4885,132.346,45.9724,2,1
4886,462.132,298,2,1
4887,408.633,99.6948,2,1
4888,586.511,298,2,1
4889,57.1099,161.489,2,1
4890,504.85,255.452,2,1
4891,151.932,185.549,2,1
4892,585.941,63.8595,2,1
4893,235.947,84.6744,2,1
4894,29.2833,16.5753,2,1
4895,1.604,204.447,2,1
4896,348.672,232.066,2,1
4897,122.205,73.2947,2,1
4898,391.324,279.657,2,1
4899,348.885,157.275,2,1
4900,212.451,238.902,2,1
4901,556.607,229.305,2,1
4902,311.846,94.5675,2,1
4903,118.709,254.49,2,1
4904,440.101,26.5885,2,1
4905,468.575,232.221,2,1
4906,584.178,218.773,2,1
4907,504.515,172.905,2,1
4908,548.751,238.064,2,1
4909,275.608,49.346,2,1
4910,487.081,145.749,2,1
4911,25.1216,195.003,2,1
4912,435.888,13.128,2,1
4913,561.372,2,2,1
4914,51.9632,247.679,2,1
4915,441.474,245.511,2,1
4916,361.379,99.9488,2,1
4917,431.981,5.87752,2,1
4918,497.216,258.032,2,1
4919,384.776,245.02,2,1
4920,433.878,2,2,1
4921,434.819,116.7,2,1
4922,113.587,138.392,2,1
4923,513.913,233.09,2,1
4924,124.252,125.147,2,1
4925,385.145,283.047,2,1
4926,86.3331,273.054,2,1
4927,534.889,11.0471,2,1
4928,588.872,223.34,2,1
4929,93.6653,22.1391,2,1
4930,376.882,241.651,2,1
4931,344.022,15.5109,2,1
4932,598.094,91.7707,2,1
4933,451.145,201.656,2,1
4934,337.385,227.788,2,1
4935,572.031,217.714,2,1
4936,93.3041,49.3954,2,1
4937,305.448,297.359,2,1
4938,99.1937,63.1618,2,1
4939,158.033,226.166,2,1
4940,58.2815,169.509,2,1
4941,253.321,253.42,2,1
4942,439.932,14.0516,2,1
4943,270.552,285.663,2,1
4944,301.242,93.5518,2,1
4945,201.065,198.845,2,1
4946,228.522,180.595,2,1
4947,352.269,121.91,2,1
4948,255.917,206.212,2,1
4949,468.533,287.201,2,1
4950,437.727,230.27,2,1
4951,409.928,80.803,2,1
4952,599.96,109.34,2,1
4953,396.666,105.68,2,1
4954,99.59,87.5743,2,1
4955,2.08732,93.2803,2,1
4956,333.797,84.6152,2,1
4957,156.392,97.1979,2,1
4958,55.9102,237.221,2,1
4959,375.725,172.871,2,1
4960,343.936,187.103,2,1
4961,110.469,289.21,2,1
4962,221.282,264.758,2,1
4963,399.001,92.1027,2,1
4964,150.953,97.9742,2,1
4965,222.602,268.725,2,1
4966,410.07,105.78,2,1
4967,322.414,143.863,2,1
4968,396.487,274.066,2,1
4969,344.187,183.008,2,1
4970,356.113,120.242,2,1
4971,42.6075,137.515,2,1
4972,591.925,286.275,2,1
4973,51.5585,142.494,2,1
4974,363.881,103.505,2,1
4975,556.128,165.798,2,1
4976,471.185,5.94435,2,1
4977,66.6206,30.5233,2,1
4978,232.501,96.3088,2,1
4979,517.837,278.714,2,1
4980,416.102,142.201,2,1
4981,223.309,27.9265,2,1
4982,144.975,163.973,2,1
4983,122.82,290.153,2,1
4984,468.777,249.531,2,1
4985,493.608,77.5649,2,1
4986,459.665,230.19,2,1
4987,147.314,29.7386,2,1
4988,485.122,138.627,2,1
4989,76.2209,88.988,2,1
4990,305.901,35.5953,2,1
4991,174.028,144.634,2,1
4992,598.037,263.294,2,1
4993,482.249,274.4,2,1
4994,455.55,286.373,2,1
4995,501.821,213.177,2,1
4996,165.107,258.978,2,1
4997,262.709,236.386,2,1
4998,420.435,131.153,2,1
4999,494.348,255.079,2,1
5000,310.889,167.217,2,1
5001,2.25795,236.442,2,1
5002,170.75,100.986,2,1
5003,143.818,21.819,2,1
5004,434.839,192.488,2,1
5005,573.831,139.427,2,1
5006,290.581,105.941,2,1
5007,235.347,14.2687,2,1
5008,67.1073,149.527,2,1
5009,246.263,47.3408,2,1
5010,239.382,277.107,2,1
5011,345.881,43.3124,2,1
5012,538.68,161.719,2,1
5013,262.765,126.335,2,1
5014,115.356,215.241,2,1
5015,277.381,178.829,2,1
5016,1.74654,251.42,2,1
5017,477.308,154.224,2,1
5018,304.116,268.051,2,1
5019,526.415,286.952,2,1
5020,322.57,230.821,2,1
5021,522.408,235.203,2,1
5022,175.57,73.0896,2,1
5023,25.0294,266.613,2,1
5024,195.371,112.152,2,1
5025,174.835,246.462,2,1
5026,27.7639,247.668,2,1
5027,129.249,14.9464,2,1
5028,518.739,192.585,2,1
5029,111.827,258.1,2,1
5030,396.403,198.379,2,1
5031,212.628,160.377,2,1
5032,369.031,74.757,2,1
5033,5.95538,269.624,2,1
5034,477.873,224.328,2,1
5035,93.4345,272.32,2,1
5036,484.076,2,2,1
5037,318.033,86.5496,2,1
5038,412.87,283.619,2,1
5039,25.9392,136.506,2,1
5040,162.977,86.9095,2,1
5041,341.671,198.334,2,1
5042,217.61,253.356,2,1
5043,573.241,105.05,2,1
5044,351.76,217.849,2,1
5045,106.613,32.5637,2,1
5046,481.745,112.238,2,1
5047,464.69,249.509,2,1
5048,532.01,38.5179,2,1
5049,275.318,160.146,2,1
5050,367.151,155.387,2,1
5051,236.834,209.576,2,1
5052,467.261,264.795,2,1
5053,6.1873,100.329,2,1
5054,215.474,220.472,2,1
5055,448.044,33.7988,2,1
5056,506.854,289.779,2,1
5057,49.0003,46.7248,2,1
5058,549.226,247.01,2,1
5059,557.025,95.3116,2,1
5060,464.587,294.243,2,1
5061,214.639,267.584,2,1
5062,426.693,52.6162,2,1
5063,110.187,249.394,2,1
5064,548.623,51.0747,2,1
5065,51.5756,133.604,2,1
5066,508.576,174.781,2,1
5067,222.188,260.84,2,1
5068,105.158,166.452,2,1
5069,418.714,138.523,2,1
5070,582.798,210.496,2,1
5071,295.898,134.773,2,1
5072,498.354,198.267,2,1
5073,130.196,129.103,2,1
5074,518.263,223.924,2,1
5075,333.793,131.904,2,1
5076,208.06,162.848,2,1
5077,251.005,128.814,2,1
5078,140.995,15.7232,2,1
5079,104.129,257.943,2,1
5080,5.48618,226.05,2,1
5081,203.406,244.48,2,1
5082,349.969,43.442,2,1
5083,505.111,191.462,2,1
5084,284.239,191.003,2,1
5085,43.9398,13.1004,2,1
5086,11.2632,114.37,2,1
5087,316.338,31.8121,2,1
5088,352.578,133.53,2,1
5089,353.412,250.973,2,1
5090,395.069,109.701,2,1
5091,238.129,250.751,2,1
5092,110.326,278.099,2,1
5093,178.236,226.108,2,1
5094,484.977,195.012,2,1
5095,441.49,256.707,2,1
5096,183.948,281.786,2,1
5097,430.435,126.253,2,1
5098,262.336,102.448,2,1
5099,92.2623,56.8978,2,1
5100,301.829,66.3191,2,1
5101,561.657,282.219,2,1
5102,528.015,161.427,2,1
5103,237.891,288.975,2,1
5104,436.556,24.7049,2,1
5105,478.33,114.35,2,1
5106,152.916,120.342,2,1
5107,321.785,74.1889,2,1
5108,197.216,240.274,2,1
5109,150.436,273.986,2,1
5110,285.37,288.435,2,1
5111,254.76,257.368,2,1
5112,262.99,29.5955,2,1
5113,212.287,174.825,2,1
5114,179.468,137.68,2,1
5115,301.763,257.18,2,1
5116,98.626,83.0581,2,1
5117,122.797,62.3955,2,1
5118,116.345,132.983,2,1
5119,358.683,240.254,2,1
5120,22.5804,173.971,2,1
5121,269.833,150.466,2,1
5122,392.25,212.614,2,1
5123,284.947,49.0143,2,1
5124,400.072,248.597,2,1
5125,584.208,288.185,2,1
5126,427.43,269.081,2,1
5127,368.578,126.822,2,1
5128,307.103,75.1025,2,1
5129,313.668,108.301,2,1
5130,222.424,275.906,2,1
5131,311.548,46.0553,2,1
5132,16.0003,207.164,2,1
5133,510.363,88.473,2,1
5134,23.5511,160.985,2,1
5135,486.953,246.494,2,1
5136,386.387,195.74,2,1
5137,483.262,53.9963,2,1
5138,519.624,174.911,2,1
5139,428.988,190.439,2,1
5140,273.25,296.853,2,1
5141,358.549,210.34,2,1
5142,544.111,127.944,2,1
5143,247.237,229.311,2,1
5144,43.3649,30.6989,2,1
5145,580.773,116.225,2,1
5146,179.664,83.7386,2,1
5147,553.305,170.225,2,1
5148,7.14329,180.738,2,1
5149,439.23,161.436,2,1
5150,365.203,98.6891,2,1
5151,563.239,147.438,2,1
5152,380.485,112.247,2,1
5153,67.8698,298,2,1
5154,412.331,46.0239,2,1
5155,217.988,286.352,2,1
5156,388.368,34.3617,2,1
5157,157.047,211.392,2,1
5158,109.227,187.491,2,1
5159,513.771,138.638,2,1
5160,527.939,221.35,2,1
5161,250.755,187.353,2,1
5162,307.979,119.12,2,1
5163,281.63,255.515,2,1
5164,191.255,112.08,2,1
5165,525.077,239.944,2,1
5166,70.4206,244.975,2,1
5167,80.939,272.698,2,1
5168,361.58,149.106,2,1
5169,416.688,273.238,2,1
5170,226.752,101.734,2,1
5171,379.759,162.857,2,1
5172,478.144,44.1552,2,1
5173,141.176,234.688,2,1
5174,67.3247,5.981,2,1
5175,305.34,7.75708,2,1
5176,492.983,61.5118,2,1
5177,267.438,2,2,1
5178,219.872,163.763,2,1
5179,116.631,298,2,1
5180,201.443,273.907,2,1
5181,460.223,279.765,2,1
5182,292.339,279.704,2,1
5183,74.5917,14.9677,2,1
5184,81.6083,236.077,2,1
5185,417.588,108.673,2,1
5186,79.2329,35.5453,2,1
5187,528.997,150.317,2,1
5188,110.102,211.984,2,1
5189,382.05,105.306,2,1
5190,549.346,170.841,2,1
5191,443.08,159.96,2,1
5192,409.975,126.649,2,1
5193,521.649,215.875,2,1
5194,4.69684,187.995,2,1
5195,230.373,125.736,2,1
5196,58.4233,70.9109,2,1
5197,123.025,217.067,2,1
5198,369.487,105.606,2,1
5199,332.142,179.842,2,1
5200,103.059,34.5582,2,1
5201,374.783,142.833,2,1
5202,281.891,286.031,2,1
5203,241.146,247.595,2,1
5204,486.373,31.9622,2,1
5205,330.087,94.5379,2,1
5206,333.452,251.753,2,1
5207,64.118,196.16,2,1
5208,310.032,112.379,2,1
5209,483.645,168.625,2,1
5210,335.794,264.69,2,1
5211,1.82855,245.566,2,1
5212,393.88,294.466,2,1
5213,296.88,60.2596,2,1
5214,321.1,135.819,2,1
5215,361.831,243.038,2,1
5216,554.991,112.562,2,1
5217,453.001,48.5101,2,1
5218,480.596,11.8435,2,1
5219,21.6836,55.8269,2,1
5220,536.176,92.1598,2,1
5221,90.7004,222.674,2,1
5222,265.58,21.5666,2,1
5223,359.797,103.792,2,1
5224,140.994,50.9742,2,1
5225,222.791,6.87213,2,1
5226,519.925,298,2,1
5227,100.452,37.6143,2,1
5228,578.293,43.0158,2,1
5229,144.451,221.177,2,1
5230,479.904,161.586,2,1
5231,330.208,102.549,2,1
5232,4.35473,207.412,2,1
5233,555.854,125.353,2,1
5234,220.807,133.165,2,1
5235,320.151,184.287,2,1
5236,23.6318,231.247,2,1
5237,5.31604,221.496,2,1
5238,113.882,33.424,2,1
5239,443.649,239.791,2,1
5240,430.227,226.884,2,1
5241,461.128,99.8627,2,1
5242,384.37,267.51,2,1
5243,188.445,66.0528,2,1
5244,142.337,8.2999,2,1
5245,187.771,283.356,2,1
5246,448.383,130.951,2,1
5247,150.398,265.82,2,1
5248,384.772,49.8835,2,1
5249,346.3,127.39,2,1
5250,84.4425,198.226,2,1
5251,311.032,116.272,2,1
5252,460.707,234.091,2,1
5253,221.776,103.226,2,1
5254,49.6873,26.745,2,1
5255,71.5679,117.71,2,1
5256,159.119,286.082,2,1
5257,482.804,281.746,2,1
5258,344.265,7.44675,2,1
5259,88.8274,165.73,2,1
5260,23.7084,235.302,2,1
5261,501.088,190.962,2,1
5262,6.75023,119.878,2,1
5263,309.996,36.0934,2,1
5264,486.794,124.638,2,1
5265,484.601,79.2743,2,1
5266,491.234,268.611,2,1
5267,431.555,156.413,2,1
5268,467.192,117.396,2,1
5269,195.969,92.5942,2,1
5270,366.861,9.835,2,1
5271,541.127,125.265,2,1
5272,141.926,213.061,2,1
5273,260.394,280.6,2,1
5274,327.362,6.03324,2,1
5275,248.338,225.455,2,1
5276,272.719,102.199,2,1
5277,201.201,185.638,2,1
5278,86.809,253.221,2,1
5279,219.023,209.183,2,1
5280,454.785,199.964,2,1
5281,514.012,86.7157,2,1
5282,51.6639,75.4309,2,1
5283,300.371,107.907,2,1
5284,75.9276,250.143,2,1
5285,191.717,292.695,2,1
5286,233.92,265.297,2,1
5287,340.935,173.151,2,1
5288,187.563,204.845,2,1
5289,301.167,158.545,2,1
5290,332.29,75.6733,2,1
5291,206.395,256.101,2,1
5292,506.076,10.4043,2,1
5293,365.084,245.64,2,1
5294,453.045,130.695,2,1
5295,158.69,153.514,2,1
5296,286.466,106.045,2,1
5297,218.993,45.5546,2,1
5298,205.246,52.2116,2,1
5299,535.074,35.7555,2,1
5300,462.162,209.967,2,1
5301,240.361,150.733,2,1
5302,458.937,163.176,2,1
5303,254.437,131.048,2,1
5304,106,82.5857,2,1
5305,566.756,141.215,2,1
5306,493.193,229.471,2,1
5307,205.162,221.296,2,1
5308,380.293,48.8303,2,1
5309,40.8776,74.0307,2,1
5310,188.898,27.4265,2,1
5311,209.952,116.281,2,1
5312,422.752,139.202,2,1
5313,85.3473,280.211,2,1
5314,209.421,146.453,2,1
5315,342.75,21.8358,2,1
5316,31.9081,123.895,2,1
5317,77.832,31.7538,2,1
5318,18.3912,96.2993,2,1
5319,173.866,107.312,2,1
5320,495.971,15.2545,2,1
5321,433.581,70.4624,2,1
5322,435.963,282.341,2,1
5323,382.589,132.574,2,1
5324,568.541,48.5656,2,1
5325,369.643,240.823,2,1
5326,268.355,191.714,2,1
5327,250.852,9.31363,2,1
5328,198.711,173.87,2,1
5329,164.164,186.846,2,1
5330,148.506,277.599,2,1
5331,544.942,123.908,2,1
5332,129.582,210.939,2,1
5333,85.3275,77.0894,2,1
5334,325.968,243.507,2,1
5335,351.231,142.742,2,1
5336,497.874,285.031,2,1
5337,450.685,276.778,2,1
5338,374.854,8.39111,2,1
5339,339.488,215.427,2,1
5340,50.3833,293.059,2,1
5341,167.596,265.917,2,1
5342,323.935,154.707,2,1
5343,533.45,245.814,2,1
5344,281.727,179.128,2,1
5345,313.664,53.7502,2,1
5346,394.656,182.666,2,1
5347,443.996,142.545,2,1
5348,534.197,147.422,2,1
5349,89.2099,155.837,2,1
5350,56.8214,233.155,2,1
5351,303.376,219.848,2,1
5352,147.22,140.669,2,1
5353,388.751,245.759,2,1
5354,21.6664,73.3535,2,1
5355,165.681,31.3709,2,1
5356,160.124,69.4329,2,1
5357,144.303,53.3551,2,1
5358,255.927,147.136,2,1
5359,545.664,202.24,2,1
5360,281.554,75.8542,2,1
5361,525.867,89.0018,2,1
5362,38.7571,70.6212,2,1
5363,559.409,107.123,2,1
5364,72.7511,266.75,2,1
5365,216.472,277.993,2,1
5366,425.72,121.799,2,1
5367,168.579,273.859,2,1
5368,447.365,101.973,2,1
5369,71.9754,43.4298,2,1
5370,432.764,35.2424,2,1
5371,66.5809,12.0622,2,1
5372,202.212,64.9722,2,1
5373,412.984,8.58662,2,1
5374,72.7783,171.806,2,1
5375,85.1061,65.8464,2,1
5376,57.2881,113.73,2,1
5377,165.297,254.319,2,1
5378,340.172,33.8674,2,1
5379,262.966,52.0702,2,1
5380,529.506,269.961,2,1
5381,510.857,221.437,2,1
5382,579.186,212.603,2,1
5383,256.491,34.8765,2,1
5384,128.645,189.237,2,1
5385,15.2048,172.433,2,1
5386,165.065,15.9752,2,1
5387,595.256,238.135,2,1
5388,269.63,278.505,2,1
5389,564.148,113.705,2,1
5390,242.54,169.004,2,1
5391,8.05371,123.916,2,1
5392,155.325,201.723,2,1
5393,380.607,225.448,2,1
5394,134.565,188.445,2,1
5395,53.2757,268.47,2,1
5396,347.226,153.503,2,1
5397,32.7569,190.582,2,1
5398,106.192,190.88,2,1
5399,538.671,2,2,1
5400,199.505,264.963,2,1
5401,484.873,230.903,2,1
5402,175.945,238.171,2,1
5403,583.794,16.5206,2,1
5404,164.018,11.6254,2,1
5405,491.957,203.087,2,1
5406,529.49,102.865,2,1
5407,311.97,241.007,2,1
5408,456.95,207.53,2,1
5409,337.619,57.3297,2,1
5410,148.757,246.252,2,1
5411,7.22802,199.343,2,1
5412,425.86,251.561,2,1
5413,98.9469,112.077,2,1
5414,160.413,96.7051,2,1
5415,504.64,27.74,2,1
5416,162.203,134.259,2,1
5417,326.477,146.73,2,1
5418,10.2757,292.785,2,1
5419,541.527,247.696,2,1
5420,334.502,147.043,2,1
5421,42.4782,9.16564,2,1
5422,0.426687,219.206,2,1
5423,244.708,20.163,2,1
5424,447.33,37.7791,2,1
5425,438.543,253.883,2,1
5426,66.3085,76.8494,2,1
5427,149.005,242.233,2,1
5428,120.917,194.254,2,1
5429,438.886,147.118,2,1
5430,2.93959,39.3254,2,1
5431,520.438,94.723,2,1
5432,472.361,242.415,2,1
5433,8.73048,97.2084,2,1
5434,563.848,256.585,2,1
5435,212.039,152.722,2,1
5436,23.4367,208.628,2,1
5437,566.255,202.319,2,1
5438,127.324,290.996,2,1
5439,291.061,69.8178,2,1
5440,193.955,289.336,2,1
5441,374.838,197.815,2,1
5442,336.234,13.8927,2,1
5443,442.37,9.0381,2,1
5444,42.3336,197.664,2,1
5445,253.561,278.378,2,1
5446,530.027,260.946,2,1
5447,157.368,81.2011,2,1
5448,172.742,283.888,2,1
5449,205.069,184.319,2,1
5450,118.563,46.3326,2,1
5451,392.04,101.564,2,1
5452,23.0533,68.252,2,1
5453,583.627,9.54779,2,1
5454,114.864,26.0265,2,1
5455,343.04,287.566,2,1
5456,103.013,126.932,2,1
5457,253.486,249.418,2,1
5458,136.818,56.2415,2,1
5459,165.672,298,2,1
5460,338.123,200.333,2,1
5461,220.673,96.1888,2,1
5462,393.758,157.981,2,1
5463,143.185,217.025,2,1
5464,507.611,247.745,2,1
5465,546.713,177.625,2,1
5466,450.071,2,2,1
5467,448.107,95.7384,2,1
5468,109.422,158.328,2,1
5469,246.35,233.232,2,1
5470,262.564,219.695,2,1
5471,288.497,99.9743,2,1
5472,532.654,267.443,2,1
5473,280.306,79.7518,2,1
5474,363.104,157.863,2,1
5475,336.911,241.812,2,1
5476,236.981,281.497,2,1
5477,331.567,213.579,2,1
5478,439.484,131.885,2,1
5479,466.437,275.572,2,1
5480,55.9136,142.049,2,1
5481,517.719,199.908,2,1
5482,374.918,158.167,2,1
5483,13.2678,260.314,2,1
5484,429.375,46.0507,2,1
5485,222.848,2,2,1
5486,175.321,262.99,2,1
5487,434.844,146.644,2,1
5488,483.326,243.642,2,1
5489,195.702,236.486,2,1
5490,47.4549,161.502,2,1
5491,120.673,281.802,2,1
5492,516.014,149.105,2,1
5493,208.933,271.461,2,1
5494,209.134,78.6905,2,1
5495,561.501,29.3832,2,1
5496,375.043,67.0859,2,1
5497,456.002,212.154,2,1
5498,403.441,268.702,2,1
5499,535.524,111.734,2,1
5500,564.37,182.34,2,1
5501,531.679,58.0595,2,1
5502,355.646,60.1063,2,1
5503,313.746,275.665,2,1
5504,564.71,4.34925,2,1
5505,591.634,182.976,2,1
5506,313.948,142.713,2,1
5507,237.97,2,2,1
5508,52.4194,65.0199,2,1
5509,483.872,25.048,2,1
5510,599.214,165.268,2,1
5511,272.695,80.9116,2,1
5512,34.3998,138.613,2,1
5513,586.705,121.299,2,1
5514,2.44153,232.348,2,1
5515,581.975,64.5966,2,1
5516,63.4048,100.79,2,1
5517,303.564,252.562,2,1
5518,98.1774,73.8122,2,1
5519,491.399,169.387,2,1
5520,190.664,272.182,2,1
5521,581.168,193.1,2,1
5522,179.225,221.071,2,1
5523,509.135,243.888,2,1
5524,443.945,33.7736,2,1
5525,375.428,289.966,2,1
5526,65.2774,292.417,2,1
5527,523.882,6.27366,2,1
5528,575.504,9.91117,2,1
5529,450.846,262.394,2,1
5530,470.474,114.99,2,1
5531,364.434,168.849,2,1
5532,397.874,294.151,2,1
5533,163.564,144.497,2,1
5534,173.459,176.707,2,1
5535,433.493,90.526,2,1
5536,135.684,96.551,2,1
5537,182.657,34.9102,2,1
5538,482.502,32.9882,2,1
5539,307.263,209.428,2,1
5540,444.49,93.9446,2,1
5541,234.586,44.9697,2,1
5542,394.653,282.435,2,1
5543,560.69,14.7156,2,1
5544,160.691,223.165,2,1
5545,241.931,2.84332,2,1
5546,369.149,138.815,2,1
5547,330.61,3.41274,2,1
5548,476.292,201.242,2,1
5549,392.279,117.673,2,1
5550,30.0131,96.9339,2,1
5551,557.402,298,2,1
5552,226.682,268.997,2,1
5553,29.7604,41.9746,2,1
5554,30.6173,83.4226,2,1
5555,216.039,33.1514,2,1
5556,548.916,70.1962,2,1
5557,392.864,227.112,2,1
5558,58.9026,46.211,2,1
5559,56.918,28.5107,2,1
5560,40.6759,90.7622,2,1
5561,513.439,66.2251,2,1
5562,256.983,213.889,2,1
5563,43.8058,228.686,2,1
5564,546.933,214.127,2,1
5565,530.072,212.355,2,1
5566,565.635,252.715,2,1
5567,547.12,271.379,2,1
5568,175.159,242.192,2,1
5569,230.567,114.367,2,1
5570,494.89,266.663,2,1
5571,281.264,277.924,2,1
5572,187.812,198.16,2,1
5573,248.688,260.909,2,1
5574,129.087,182.345,2,1
5575,459.704,84.0083,2,1
5576,63.496,85.7945,2,1
5577,238.997,263.582,2,1
5578,190.484,262.943,2,1
5579,9.18273,240.568,2,1
5580,327.103,184.995,2,1
5581,460.746,128.456,2,1
5582,468.742,69.1665,2,1
5583,357.369,52.9282,2,1
5584,53.8548,12.4073,2,1
5585,77.7623,190.912,2,1
5586,513.711,272.235,2,1
5587,337.569,153.986,2,1
5588,116.433,67.9787,2,1
5589,239.139,82.1339,2,1
5590,35.5886,37.9313,2,1
5591,379.973,143.015,2,1
5592,258.81,258.18,2,1
5593,167.751,117.371,2,1
5594,62.5752,130.117,2,1
5595,60.4444,264.982,2,1
5596,228.588,247.475,2,1
5597,312.105,8.75558,2,1
5598,92.8916,166.231,2,1
5599,1.12381,214.93,2,1
5600,339.347,294.446,2,1
5601,549.82,99.6276,2,1
5602,510.92,260.357,2,1
5603,430.084,106.175,2,1
5604,113.771,15.006,2,1
5605,74.6613,270.481,2,1
5606,400.79,124.091,2,1
5607,591.104,33.5785,2,1
5608,247.365,88.4244,2,1
5609,325.709,220.707,2,1
5610,443.011,204.698,2,1
5611,168.4,261.763,2,1
5612,280.266,153.896,2,1
5613,267.538,66.6044,2,1
5614,164.989,90.4762,2,1
5615,115.457,164.207,2,1
5616,478.498,34.1202,2,1
5617,547.637,284.483,2,1
5618,347.187,267.863,2,1
5619,444.126,12.6378,2,1
5620,496.67,294.468,2,1
5621,272.941,215.712,2,1
5622,288.125,229.514,2,1
5623,89.764,227.391,2,1
5624,556.983,217.13,2,1
5625,403.309,136.885,2,1
5626,440.421,60.6263,2,1
5627,135.905,252.589,2,1
5628,156.974,242.136,2,1
5629,295.554,171.911,2,1
5630,200.056,72.6919,2,1
5631,287.862,31.8817,2,1
5632,231.714,69.061,2,1
5633,318.55,54.0306,2,1
5634,104.319,151.712,2,1
5635,412.854,149.716,2,1
5636,564.433,268.825,2,1
5637,25.6093,91.1175,2,1
5638,296.88,127.833,2,1
5639,246.042,143.989,2,1
5640,184.205,97.228,2,1
5641,591.28,163.12,2,1
5642,472.72,138.977,2,1
5643,342.036,41.685,2,1
5644,88.2348,108.851,2,1
5645,70.1375,60.0279,2,1
5646,480.224,200.06,2,1
5647,558.626,132.474,2,1
5648,324.889,282.091,2,1
5649,351.95,161.414,2,1
5650,311.282,75.3625,2,1
5651,433.186,26.8791,2,1
5652,429.804,173.475,2,1
5653,122.686,185.951,2,1
5654,414.012,126.303,2,1
5655,521.094,239.03,2,1
5656,295.399,13.807,2,1
5657,166.294,228.847,2,1
5658,455.618,10.8911,2,1
5659,369.966,43.1935,2,1
5660,479.489,127.447,2,1
5661,459.827,67.7438,2,1
5662,507.961,182.149,2,1
5663,597.101,78.9987,2,1
5664,524.189,140.471,2,1
5665,307.568,263.899,2,1
5666,476.632,197.25,2,1
5667,271.342,161.339,2,1
5668,92.5386,231.629,2,1
5669,165.652,198.793,2,1
5670,311.566,287.661,2,1
5671,361.196,173.24,2,1
5672,412.317,238.163,2,1
5673,476.427,279.997,2,1
5674,396.196,213.949,2,1
5675,36.4594,250.472,2,1
5676,520.735,158.985,2,1
5677,477.943,150.26,2,1
5678,285.434,77.0834,2,1
5679,450.223,253.839,2,1
5680,270.75,146.459,2,1
5681,446.906,191.833,2,1
5682,326.855,253.385,2,1
5683,519.789,27.2917,2,1
5684,405.383,184.014,2,1
5685,349.921,130.478,2,1
5686,411.899,24.395,2,1
5687,387.343,136.323,2,1
5688,45.3766,55.4185,2,1
5689,412.056,114.625,2,1
5690,192.694,25.7697,2,1
5691,94.8487,268.554,2,1
5692,340.685,5.50135,2,1
5693,417.508,277.266,2,1
5694,248.729,20.4704,2,1
5695,419.522,246.577,2,1
5696,103.334,44.0696,2,1
5697,34.3984,108.254,2,1
5698,139.109,23.8125,2,1
5699,552.868,76.8376,2,1
5700,122.464,111.815,2,1
5701,209.693,62.0618,2,1
5702,486.46,99.4208,2,1
5703,494.87,152.996,2,1
5704,392.579,263.37,2,1
5705,27.6747,215.451,2,1
5706,136.882,259.13,2,1
5707,70.0458,74.6158,2,1
5708,350.807,265.581,2,1
5709,536.644,274.008,2,1
5710,133.389,131.531,2,1
5711,317.034,251.856,2,1
5712,322.174,218.473,2,1
5713,451.592,238.671,2,1
5714,563.685,100.092,2,1
5715,289.145,237.383,2,1
5716,441.649,135.318,2,1
5717,31.4643,27.0489,2,1
5718,126.495,260.634,2,1
5719,108.529,67.9809,2,1
5720,524.744,11.4,2,1
5721,428.936,208.019,2,1
5722,217.552,130.729,2,1
5723,65.01,97.114,2,1
5724,112.581,57.9406,2,1
5725,373.53,116.731,2,1
5726,306.806,273.577,2,1
5727,427.836,60.6018,2,1
5728,568.365,236.707,2,1
5729,290.932,264.875,2,1
5730,272.135,190.143,2,1
5731,65.509,126.343,2,1
5732,230.553,253.718,2,1
5733,279.035,267.619,2,1
5734,357.102,100.831,2,1
5735,562.129,159.145,2,1
5736,373.02,150.667,2,1
5737,16.5928,103.825,2,1
5738,81.0851,65.6745,2,1
5739,330.905,233.651,2,1
5740,589.746,281.637,2,1
5741,576.945,93.1816,2,1
5742,514.677,62.3321,2,1
5743,161.955,227.377,2,1
5744,116.767,148.942,2,1
5745,141.408,161.107,2,1
5746,463.625,10.3073,2,1
5747,82.0422,88.1943,2,1
5748,373.426,29.3714,2,1
5749,34.8655,134.497,2,1
5750,483.453,159.634,2,1
5751,429.874,2,2,1
5752,389.8,287.088,2,1
5753,511.677,142.38,2,1
5754,465.711,50.7307,2,1
5755,13.2693,134.501,2,1
5756,77.6363,63.6022,2,1
5757,216.604,113.886,2,1
5758,376.598,32.0028,2,1
5759,429.556,22.3641,2,1
5760,300.235,210.587,2,1
5761,321.973,158.408,2,1
5762,440.953,219.405,2,1
5763,115.034,61.1767,2,1
5764,316.258,185.699,2,1
5765,573.363,63.7296,2,1
5766,543.995,20.191,2,1
5767,132.355,207.915,2,1
5768,257.283,254.235,2,1
5769,361.368,118.751,2,1
5770,28.5413,114.352,2,1
5771,447.123,200.347,2,1
5772,570.998,239.993,2,1
5773,176.783,171.207,2,1
5774,462.509,75.3907,2,1
5775,375.743,48.1966,2,1
5776,543.412,230.641,2,1
5777,57.5756,55.1381,2,1
5778,466.047,257.194,2,1
5779,313.677,204.575,2,1
5780,377.477,118.313,2,1
5781,92.0363,45.5519,2,1
5782,82.2733,118.623,2,1
5783,19.4246,218.186,2,1
5784,224.328,106.4,2,1
5785,74.15,246.549,2,1
5786,239.594,102.688,2,1
5787,510.174,234.681,2,1
5788,581.629,57.003,2,1
5789,24.7665,199.015,2,1
5790,191.574,206.089,2,1
5791,361.818,165.731,2,1
5792,401.244,227.261,2,1
5793,499.792,42.5889,2,1
5794,276.79,42.4497,2,1
5795,411.275,267.321,2,1
5796,449.651,148.038,2,1
5797,587.97,154.146,2,1
5798,154.139,214.141,2,1
5799,351.289,180.069,2,1
5800,261.077,109.02,2,1
5801,452.194,79.7098,2,1
5802,463.744,43.4101,2,1
5803,164.333,290.092,2,1
5804,489.652,260.865,2,1
5805,584.516,133.009,2,1
5806,249.747,107.224,2,1
5807,417.597,2,2,1
5808,366.507,237.59,2,1
5809,402.153,37.7768,2,1
5810,279.818,102.735,2,1
5811,334.227,198.472,2,1
5812,360.046,169.4,2,1
5813,477.766,38.8685,2,1
5814,547.769,267.336,2,1
5815,8.61972,205.634,2,1
5816,587.41,183.012,2,1
5817,498.619,143.325,2,1
5818,289.551,282.591,2,1
5819,415.246,26.7661,2,1
5820,154.766,160.897,2,1
5821,195.268,127.839,2,1
5822,254.081,38.2595,2,1
5823,434.513,253.393,2,1
5824,442.822,215.816,2,1
5825,576.041,2,2,1
5826,480.624,188.365,2,1
5827,386.443,96.5308,2,1
5828,336.347,75.1322,2,1
5829,538.591,173.861,2,1
5830,99.1971,181.404,2,1
5831,325.829,140.633,2,1
5832,140.051,122.836,2,1
5833,190.546,56.4356,2,1
5834,371.71,101.781,2,1
5835,40.4758,250.138,2,1
5836,161.919,173.517,2,1
5837,247.416,123.112,2,1
5838,406.526,134.319,2,1
5839,17.0938,191.49,2,1
5840,205.122,140.073,2,1
5841,493.271,137.337,2,1
5842,328.7,66.242,2,1
5843,421.671,294.436,2,1
5844,569.848,138.507,2,1
5845,574.355,5.99927,2,1
5846,561.389,245.811,2,1
5847,248.775,236.478,2,1
5848,559.789,145.392,2,1
5849,339.332,124.242,2,1
5850,463.511,200.887,2,1
5851,354.489,105.422,2,1
5852,464.735,69.1908,2,1
5853,4.08294,122.997,2,1
5854,52.5208,289.411,2,1
5855,332.757,6.98368,2,1
5856,491.619,252.052,2,1
5857,493.721,65.5019,2,1
5858,424.329,129.838,2,1
5859,501.921,186.959,2,1
5860,390.846,90.1869,2,1
5861,408.222,151.915,2,1
5862,19.416,22.8142,2,1
5863,369.304,146.493,2,1
5864,224.738,272.507,2,1
5865,281.606,106.798,2,1
5866,286.918,149.774,2,1
5867,457.893,2,2,1
5868,158.066,181.442,2,1
5869,2.79171,281.687,2,1
5870,527.937,95.7306,2,1
5871,125.146,220.518,2,1
5872,379.185,247.497,2,1
5873,57.7023,39.7103,2,1
5874,315.143,247.868,2,1
5875,173.814,203.012,2,1
5876,384.512,89.6593,2,1
5877,437.722,50.3825,2,1
5878,527.31,181.472,2,1
5879,295.014,189.64,2,1
5880,80.9726,264.474,2,1
5881,139.787,132.609,2,1
5882,84.8607,101.726,2,1
5883,115.143,48.9127,2,1
5884,548.183,166.905,2,1
5885,581.58,281.429,2,1
5886,213.095,188.107,2,1
5887,112.504,68.9672,2,1
5888,243.911,27.0295,2,1
5889,502.567,109.64,2,1
5890,534.361,185.116,2,1
5891,498.808,156.744,2,1
5892,403.596,246.621,2,1
5893,291.717,255.311,2,1
5894,564.019,248.974,2,1
5895,369.729,208.756,2,1
5896,414.358,279.815,2,1
5897,234.577,133.284,2,1
5898,267.055,267.066,2,1
5899,402.732,279.209,2,1
5900,528.895,12.4114,2,1
5901,261.344,254.201,2,1
5902,17.5255,134.461,2,1
5903,19.6908,232.25,2,1
5904,36.0768,13.8238,2,1
5905,380.577,213.617,2,1
5906,132.099,50.0192,2,1
5907,183.158,141.549,2,1
5908,454.406,264.95,2,1
5909,77.1466,240.473,2,1
5910,275.861,105.445,2,1
5911,441.719,111.218,2,1
5912,141.63,224.134,2,1
5913,276.337,251.713,2,1
5914,428.329,194.394,2,1
5915,102.331,184.004,2,1
5916,401.34,287.092,2,1
5917,357.172,28.4412,2,1
5918,4.9617,126.985,2,1
5919,222.48,211.215,2,1
5920,528.638,290.654,2,1
5921,386.142,122.928,2,1
5922,244.306,189.679,2,1
5923,259.051,150.135,2,1
5924,158.493,57.7441,2,1
5925,514.821,291.848,2,1
5926,200.734,158.67,2,1
5927,34.7445,254.153,2,1
5928,1.91992,264.495,2,1
5929,316.277,177.636,2,1
5930,137.67,277.057,2,1
5931,264.916,285.616,2,1
5932,508.247,25.2332,2,1
5933,139.846,267.275,2,1
5934,582.373,75.6956,2,1
5935,344.642,108.884,2,1
5936,532.042,281.367,2,1
5937,157.968,271.946,2,1
5938,388.969,205.156,2,1
5939,549.129,196.519,2,1
5940,336.039,25.1651,2,1
5941,140.751,92.6525,2,1
5942,88.8195,63.4026,2,1
5943,481.804,5.35912,2,1
5944,134.602,192.455,2,1
5945,399.25,211.099,2,1
5946,59.3877,50.2572,2,1
5947,230.304,278.082,2,1
5948,8.23604,42.8215,2,1
5949,597.281,34.9159,2,1
5950,136.282,119.702,2,1
5951,482.786,134.775,2,1
5952,564.909,186.319,2,1
5953,78.5002,16.4236,2,1
5954,589.172,51.0396,2,1
5955,245.789,62.7493,2,1
5956,392.161,216.679,2,1
5957,575.07,220.482,2,1
5958,57.8128,271.76,2,1
5959,373.045,176.014,2,1
5960,204.177,98.2944,2,1
5961,276.252,164.15,2,1
5962,271.756,111.464,2,1
5963,385.032,102.582,2,1
5964,183.986,220.778,2,1
5965,566.318,32.9327,2,1
5966,110.58,262.417,2,1
5967,485.756,113.019,2,1
5968,581.445,183.647,2,1
5969,128.078,49.0801,2,1
5970,353.511,262.398,2,1
5971,136.232,134.593,2,1
5972,336.787,17.9182,2,1
5973,401.291,146.166,2,1
5974,326.511,248.025,2,1
5975,6.83646,288.715,2,1
5976,514.2,119.396,2,1
5977,482.725,215.389,2,1
5978,116.961,199.997,2,1
5979,112.537,298,2,1
5980,336.789,166.519,2,1
5981,122.186,6.04274,2,1
5982,530.512,201.649,2,1
5983,475.046,143.135,2,1
5984,233.38,168.684,2,1
5985,449.611,152.113,2,1
5986,523.188,60.0823,2,1
5987,10.9834,183.638,2,1
5988,560.576,53.7758,2,1
5989,4.22128,285.437,2,1
5990,475.124,193.489,2,1
5991,354.371,71.6657,2,1
5992,142.722,129.83,2,1
5993,59.2399,190.068,2,1
5994,248.607,99.1477,2,1
5995,369.452,118.287,2,1
5996,485.422,222.131,2,1
5997,474.037,30.3636,2,1
5998,225.133,249.615,2,1
5999,71.9416,176.948,2,1
6000,193.903,31.8894,2,1
6001,400.094,55.0727,2,1
6002,496.16,2,2,1
6003,330.373,187.971,2,1
6004,310.405,206.935,2,1
6005,497.647,136.65,2,1
6006,72.9941,288.101,2,1
6007,295.752,194.638,2,1
6008,439.348,267.359,2,1
6009,580.733,166.986,2,1
6010,16.3529,160.699,2,1
6011,543.935,114.083,2,1
6012,157.128,185.711,2,1
6013,459.644,159.229,2,1
6014,374.679,263.672,2,1
6015,505.058,281.321,2,1
6016,255.627,30.811,2,1
6017,136.496,264.895,2,1
6018,595.731,198.171,2,1
6019,230.426,44.4502,2,1
6020,437.905,112.584,2,1
6021,263.629,240.997,2,1
6022,282.926,235.631,2,1
6023,138.868,227.214,2,1
6024,275.2,268.927,2,1
6025,109.451,137.835,2,1
6026,433.148,249.547,2,1
6027,137.652,223.351,2,1
6028,576.642,115.552,2,1
6029,392.744,136.076,2,1
6030,354.015,43.143,2,1
6031,407.569,29.018,2,1
6032,357.848,147.008,2,1
6033,65.1207,207.647,2,1
6034,558.094,149.089,2,1
6035,25.213,270.999,2,1
6036,161.687,74.3853,2,1
6037,41.8796,224.95,2,1
6038,151.705,228.663,2,1
6039,318.729,5.55323,2,1
6040,9.00131,58.3753,2,1
6041,380.673,229.548,2,1
6042,564.415,21.8464,2,1
6043,172.173,260.322,2,1
6044,425.254,279.57,2,1
6045,72.1923,259.819,2,1
6046,387.757,111.906,2,1
6047,266.437,25.5279,2,1
6048,311.339,132.15,2,1
6049,100.185,256.961,2,1
6050,304.163,122.755,2,1
6051,570.792,221.547,2,1
6052,512.73,43.3308,2,1
6053,548.274,223.434,2,1
6054,61.0271,104.058,2,1
6055,448.016,13.6866,2,1
6056,405.342,41.0764,2,1
6057,261.198,178.277,2,1
6058,97.2807,194.667,2,1
6059,408.965,43.7618,2,1
6060,285.003,9.74442,2,1
6061,205.219,205.45,2,1
6062,490.213,30.8066,2,1
6063,344.828,158.641,2,1
6064,342.036,247.783,2,1
6065,112.868,281.358,2,1
6066,475.578,26.6604,2,1
6067,130.249,6.04953,2,1
6068,348.295,122.812,2,1
6069,162.856,204.698,2,1
6070,412.414,69.5525,2,1
6071,407.952,56.0011,2,1
6072,309.086,237.977,2,1
6073,52.661,296.458,2,1
6074,472.243,99.7245,2,1
6075,145.979,213.364,2,1
6076,111.663,201.16,2,1
6077,222.95,23.5184,2,1
6078,268.396,83.6837,2,1
6079,104.278,214.896,2,1
6080,243.351,44.329,2,1
6081,71.4149,4.19891,2,1
6082,597.825,23.3489,2,1
6083,291.961,193.301,2,1
6084,75.333,60.2557,2,1
6085,331.035,209.593,2,1
6086,30.6978,110.503,2,1
6087,190.351,255.016,2,1
6088,133.22,57.9936,2,1
6089,353.622,230.725,2,1
6090,476.906,139.384,2,1
6091,567.288,298,2,1
6092,171.557,137.535,2,1
6093,507.739,126.98,2,1
6094,61.9828,148.664,2,1
6095,357.587,250.566,2,1
6096,340.752,72.6443,2,1
6097,116.418,124.665,2,1
6098,389.82,124.829,2,1
6099,516.304,177.282,2,1
6100,514.596,276.145,2,1
6101,457.445,148.335,2,1
6102,33.4389,70.0389,2,1
6103,101.947,147.87,2,1
6104,37.5142,104.836,2,1
6105,541.302,50.5416,2,1
6106,264.749,81.7404,2,1
6107,162.837,102.688,2,1
6108,324.034,235.654,2,1
6109,361.553,290.904,2,1
6110,588.795,261.349,2,1
6111,261.532,75.9786,2,1
6112,421.621,252.116,2,1
6113,246.772,186.463,2,1
6114,20.5743,196.46,2,1
6115,263.858,85.7014,2,1
6116,233.601,10.593,2,1
6117,556.269,225.267,2,1
6118,561.543,151.225,2,1
6119,215.981,29.1074,2,1
6120,149.176,2,2,1
6121,537.458,177.838,2,1
6122,472.028,234.359,2,1
6123,572.093,2.66282,2,1
6124,176.344,130.196,2,1
6125,119.218,50.3034,2,1
6126,170.655,109.751,2,1
6127,305.274,236.609,2,1
6128,598.546,231.353,2,1
6129,106.329,250.797,2,1
6130,501.199,287.283,2,1
6131,283.735,211.364,2,1
6132,10.9897,50.4214,2,1
6133,201.591,219.077,2,1
6134,72.1408,196.648,2,1
6135,490.624,68.9338,2,1
6136,580.612,156.358,2,1
6137,113.379,93.5817,2,1
6138,245.974,294.171,2,1
6139,139.608,112.781,2,1
6140,150.407,190.011,2,1
6141,304.43,78.7235,2,1
6142,219.288,186.322,2,1
6143,238.522,162.364,2,1
6144,461.941,60.8035,2,1
6145,427.746,14.4699,2,1
6146,211.007,204.745,2,1
6147,187.258,154.283,2,1
6148,119.14,179.498,2,1
6149,184.261,89.1307,2,1
6150,220.461,180.919,2,1
6151,31.0471,135.929,2,1
6152,512.244,82.9196,2,1
6153,460.154,155.157,2,1
6154,38.0768,169.099,2,1
6155,9.83842,213.926,2,1
6156,337.353,106.171,2,1
6157,496.469,118.908,2,1
6158,6.83186,72.7528,2,1
6159,422.795,41.449,2,1
6160,226.853,76.7715,2,1
6161,54.639,19.8817,2,1
6162,523.794,33.0477,2,1
6163,579.248,112.495,2,1
6164,84.9553,61.7389,2,1
6165,13.3689,164.442,2,1
6166,9.19675,88.1044,2,1
6167,30.793,67.0163,2,1
6168,301.863,111.632,2,1
6169,121.487,92.8588,2,1
6170,486.181,183.959,2,1
6171,62.5396,192.436,2,1
6172,527.717,58.9791,2,1
6173,258.721,73.0723,2,1
6174,593.666,59.8705,2,1
6175,280.115,165.341,2,1
6176,459.428,133.357,2,1
6177,238.829,126.883,2,1
6178,395.844,298,2,1
6179,268.288,43.5017,2,1
6180,547.078,40.3637,2,1
6181,351.891,279.858,2,1
6182,264.371,159.697,2,1
6183,215.331,84.1385,2,1
6184,40.5019,112.865,2,1
6185,91.4786,241.561,2,1
6186,156.658,222.294,2,1
6187,20.6518,228.293,2,1
6188,421.686,122.266,2,1
6189,55.7388,177.213,2,1
6190,447.564,77.8165,2,1
6191,181.775,224.205,2,1
6192,490.084,91.9738,2,1
6193,44.5253,294.003,2,1
6194,429.189,26.4314,2,1
6195,19.7383,86.3198,2,1
6196,14.1205,57.964,2,1
6197,269.148,205.267,2,1
6198,333.778,142.928,2,1
6199,432.112,257.191,2,1
6200,141.998,203.679,2,1
6201,161.802,92.9529,2,1
6202,207.446,21.3275,2,1
6203,297.645,83.0062,2,1
6204,55.962,187.642,2,1
6205,94.9246,95.0868,2,1
6206,122.896,167.426,2,1
6207,129.294,33.0267,2,1
6208,38.88,126.109,2,1
6209,216.267,99.0796,2,1
6210,117.558,208.077,2,1
6211,304.344,240.587,2,1
6212,410.476,214.298,2,1
6213,154.199,20.2259,2,1
6214,558.768,137.734,2,1
6215,413.519,2,2,1
6216,87.5364,230.827,2,1
6217,532.839,168.286,2,1
6218,107.574,162.319,2,1
6219,459.16,94.2193,2,1
6220,426.982,169.99,2,1
6221,385.836,202.589,2,1
6222,229.101,154.411,2,1
6223,344.398,231.685,2,1
6224,302.137,36.9835,2,1
6225,76.6264,124.104,2,1
6226,532.639,255.184,2,1
6227,568.842,16.4669,2,1
6228,410.358,61.9219,2,1
6229,426.543,43.0773,2,1
6230,554.749,213.805,2,1
6231,308.618,258.91,2,1
6232,10.1699,253.083,2,1
6233,212.234,27.1206,2,1
6234,190.207,217.438,2,1
6235,300.562,261.112,2,1
6236,137.293,236.283,2,1
6237,249.944,194.627,2,1
6238,316.354,232.152,2,1
6239,358,151.102,2,1
6240,274.14,34.5595,2,1
6241,84.6776,267.087,2,1
6242,342.108,291.533,2,1
6243,238.086,64.3895,2,1
6244,68.8202,241.116,2,1
6245,488.114,197.732,2,1
6246,440.608,18.2423,2,1
6247,113.454,22.1465,2,1
6248,417.259,64.7319,2,1
6249,557.921,18.6201,2,1
6250,557.771,172.967,2,1
6251,445.319,247.747,2,1
6252,175.612,184.368,2,1
6253,278.615,145.841,2,1
6254,518.348,259.009,2,1
6255,403.335,195.113,2,1
6256,381.735,184.616,2,1
6257,165.691,20.3767,2,1
6258,258.953,173.765,2,1
6259,240.59,55.5592,2,1
6260,318.796,245.084,2,1
6261,380.081,19.1625,2,1
6262,32.7493,269.547,2,1
6263,292.091,102.139,2,1
6264,332.923,167.741,2,1
6265,334.256,55.152,2,1
6266,283.768,195.611,2,1
6267,398.014,96.0706,2,1
6268,474.105,15.1506,2,1
6269,360.748,278.172,2,1
6270,348.288,199.011,2,1
6271,568.876,125.414,2,1
6272,435.308,74.1335,2,1
6273,220.614,272.297,2,1
6274,453.404,232.009,2,1
6275,396.114,218.089,2,1
6276,106.899,155.038,2,1
6277,586.721,292.444,2,1
6278,571.507,284.978,2,1
6279,389.642,146.389,2,1
6280,192.487,21.6481,2,1
6281,159.784,176.935,2,1
6282,276.694,152.062,2,1
6283,119.297,60.4025,2,1
6284,59.8266,15.4983,2,1
6285,363.638,82.6796,2,1
6286,416.818,217.436,2,1
6287,579.828,217.114,2,1
6288,137.482,67.9108,2,1
6289,285.599,294.033,2,1
6290,522.148,260.323,2,1
6291,598.895,248.34,2,1
6292,83.7366,172.052,2,1
6293,69.1506,169.878,2,1
6294,53.9992,93.9789,2,1
6295,471.222,159.604,2,1
6296,229.948,210.561,2,1
6297,328.228,59.9017,2,1
6298,505.16,228.763,2,1
6299,595.319,98.9664,2,1
6300,333.8,221.355,2,1
6301,223.215,35.9997,2,1
6302,397.802,68.2817,2,1
6303,280.017,11.0839,2,1
6304,405.337,286.395,2,1
6305,418.986,52.0804,2,1
6306,511.03,207.148,2,1
6307,211.781,164.34,2,1
6308,96.4444,298,2,1
6309,266.271,169.891,2,1
6310,393.615,271.282,2,1
6311,384.748,114.548,2,1
6312,16.0867,195.373,2,1
6313,30.8737,212.838,2,1
6314,213.433,132.641,2,1
6315,262.015,152.93,2,1
6316,168.237,166.636,2,1
6317,46.7511,182.138,2,1
6318,0.828909,189.353,2,1
6319,325.525,100.255,2,1
6320,419.691,112.262,2,1
6321,285.357,199.325,2,1
6322,399.87,298,2,1
6323,422.174,263.821,2,1
6324,384.169,155.825,2,1
6325,222.328,230.341,2,1
6326,313.532,67.25,2,1
6327,68.7263,228.356,2,1
6328,526.113,122.041,2,1
6329,358.69,141.878,2,1
6330,503.37,205.421,2,1
6331,116.076,52.8423,2,1
6332,319.726,212.637,2,1
6333,237.322,298,2,1
6334,442.829,155.837,2,1
6335,320.644,64.3701,2,1
6336,398.513,111.878,2,1
6337,90.0904,274.652,2,1
6338,295.523,167.804,2,1
6339,400.145,217.515,2,1
6340,127.351,277.64,2,1
6341,474.992,217.596,2,1
6342,411.079,32.5488,2,1
6343,370.198,179.109,2,1
6344,119.275,141.286,2,1
6345,241.65,62.4213,2,1
6346,315.358,16.5675,2,1
6347,385.211,23.8783,2,1
6348,472.977,163.238,2,1
6349,566.328,163.586,2,1
6350,596.679,62.6942,2,1
6351,254.201,88.9239,2,1
6352,309.152,152.042,2,1
6353,61.4793,247.531,2,1
6354,17.284,283.626,2,1
6355,390.142,139.207,2,1
6356,81.1993,114.397,2,1
6357,374.748,55.6968,2,1
6358,298.697,131.834,2,1
6359,174.207,13.6454,2,1
6360,113.988,251.274,2,1
6361,195.605,228.38,2,1
6362,482.479,82.7419,2,1
6363,141.875,88.7316,2,1
6364,101.506,178.021,2,1
6365,460.81,206.11,2,1
6366,273.026,204.141,2,1
6367,226.075,43.9301,2,1
6368,578.647,231.7,2,1
6369,468.294,198.179,2,1
6370,64.1464,296.5,2,1
6371,42.8118,133.351,2,1
6372,510.92,290.465,2,1
6373,526.06,157.732,2,1
6374,215.001,3.34614,2,1
6375,486.84,234.401,2,1
6376,387.904,142.549,2,1
6377,524.736,81.2752,2,1
6378,121.841,176.495,2,1
6379,181.069,111.049,2,1
6380,125.657,287.331,2,1
6381,394.946,90.5459,2,1
6382,166.607,109.608,2,1
6383,246.623,84.1361,2,1
6384,126.732,185.624,2,1
6385,341.515,120.803,2,1
6386,555.782,99.132,2,1
6387,161.455,196.397,2,1
6388,393.899,70.0964,2,1
6389,47.6195,34.8644,2,1
6390,558.844,84.1369,2,1
6391,145.274,33.4505,2,1
6392,111.256,266.431,2,1
6393,468.193,177.006,2,1
6394,528.787,198.023,2,1
6395,271.934,241.038,2,1
6396,94.0605,140.429,2,1
6397,326.532,113.745,2,1
6398,77.7266,216.227,2,1
6399,407.06,33.0528,2,1
6400,373.378,146.659,2,1
6401,335.981,178.714,2,1
6402,475.236,6.37893,2,1
6403,532.051,141.893,2,1
6404,196.149,71.634,2,1
6405,60.7551,159.71,2,1
6406,450.623,44.9373,2,0
6407,58.5968,20.6471,2,1
6408,344.76,201.057,2,1
6409,480.993,41.2525,2,1
6410,451.007,171.641,2,1
6411,502.033,226.251,2,1
6412,188.137,161.981,2,1
6413,132.686,125.924,2,1
6414,51.7279,16.8805,2,1
6415,412.357,171.572,2,1
6416,587.491,235.953,2,1
6417,213.547,292.738,2,1
6418,351.327,13.3006,2,1
6419,498.226,28.5979,2,1
6420,333.185,298,2,1
6421,47.3317,89.709,2,1
6422,219.731,31.2017,2,1
6423,524.469,283.383,2,1
6424,566.778,58.2087,2,1
6425,399.67,202.141,2,1
6426,323.554,250.998,2,1
6427,450.462,127.468,2,1
6428,147.346,144.684,2,1
6429,341.141,229.166,2,1
6430,539.607,181.298,2,1
6431,539.171,141.439,2,1
6432,529.001,274.044,2,1
6433,215.2,16.7459,2,1
6434,46.8634,85.6526,2,1
6435,117.935,5.99275,2,1
6436,517.592,216.151,2,1
6437,329.994,86.4596,2,1
6438,578.228,26.8538,2,1
6439,65.6421,172.056,2,1
6440,315.004,197.047,2,1
6441,480.658,293.227,2,1
6442,572.215,165.734,2,1
6443,16.8073,229.412,2,1
6444,537.468,49.3718,2,1
6445,128.881,294.769,2,1
6446,191.074,258.954,2,1
6447,479.326,204.052,2,1
6448,423.125,114.393,2,1
6449,429.551,218.09,2,1
6450,565.521,190.436,2,1
6451,451.796,35.256,2,1
6452,353.266,117.392,2,1
6453,116.166,89.0522,2,1
6454,558.985,268.996,2,1
6455,263.492,273.169,2,1
6456,316,57.1584,2,1
6457,561.24,7.75224,2,1
6458,380.408,89.7164,2,1
6459,39.3612,83.2835,2,1
6460,281.686,281.904,2,1
6461,475.782,122.514,2,1
6462,315.662,46.527,2,1
6463,387.041,235.113,2,1
6464,349.404,26.338,2,1
6465,413.443,288.275,2,1
6466,351.881,5.48253,2,1
6467,507.171,64.3152,2,0
6468,60.2963,152.32,2,1
6469,340.935,102.35,2,1
6470,152.963,101.53,2,1
6471,580.991,135.167,2,1
6472,383.991,143.511,2,1
6473,392.019,197.707,2,1
6474,77.1378,166.998,2,1
6475,245.318,70.9615,2,1
6476,324.591,28.2891,2,1
6477,525.094,298,2,1
6478,207.716,158.832,2,1
6479,534.637,174.765,2,1
6480,561.819,88.7646,2,1
6481,251.978,157.06,2,1
6482,11.7031,156.514,2,1
6483,8.73138,54.2003,2,1
6484,68.3948,137.091,2,1
6485,132.173,196.625,2,1
6486,26.4334,175.26,2,1
6487,148.19,293.523,2,1
6488,552.132,166.235,2,1
6489,347.894,46.9634,2,1
6490,373.56,51.6347,2,1
6491,382.339,124.213,2,1
6492,98.7705,217.61,2,1
6493,134.511,5.9869,2,1
6494,330.756,196.189,2,1
6495,180.588,294.171,2,1
6496,546.562,206.399,2,1
6497,172.572,93.5798,2,1
6498,372.183,80.2966,2,1
6499,444.773,80.6982,2,1
6500,524.984,125.984,2,1
6501,573.134,94.766,2,1
6502,455.878,228.795,2,1
6503,138.695,59.8774,2,1
6504,591.577,267.074,2,1
6505,381.633,294.524,2,1
6506,428.684,214.134,2,1
6507,496.843,241.049,2,1
6508,67.0366,68.7332,2,1
6509,188.306,239.716,2,1
6510,371.816,288.242,2,1
6511,51.0018,259.75,2,1
6512,29.6138,158.497,2,1
6513,403.177,62.0642,2,1
6514,264.147,263.979,2,1
6515,567.399,223.754,2,1
6516,216.975,87.8016,2,1
6517,461.802,19.6118,2,1
6518,599.875,259.651,2,1
6519,141.565,166.158,2,1
6520,240.268,155.202,2,1
6521,301.645,119.585,2,1
6522,177.562,51.9603,2,1
6523,479.928,236.204,2,1
6524,186.801,112.539,2,1
6525,437.769,70.8994,2,1
6526,56.872,105.123,2,1
6527,308.096,268.894,2,1
6528,444.206,132.018,2,1
6529,215.562,248.395,2,1
6530,552.738,198.381,2,1
6531,424.517,207.161,2,1
6532,349.294,85.001,2,1
6533,299.043,275.4,2,1
6534,425.951,32.876,2,1
6535,226.043,91.3723,2,1
6536,297.518,10.1761,2,1
6537,129.18,97.5094,2,1
6538,159.545,26.4023,2,1
6539,208.583,219.049,2,1
6540,81.7925,140.719,2,1
6541,218.823,232.333,2,1
6542,387.009,230.732,2,1
6543,376.875,231.695,2,1
6544,127.151,89.8226,2,1
6545,466.511,3.32422,2,1
6546,419.334,116.257,2,1
6547,251.247,124.805,2,1
6548,419.86,5.67472,2,1
6549,46.2714,109.551,2,1
6550,216.275,257.363,2,1
6551,42.4603,193.361,2,1
6552,272.109,52.3564,2,1
6553,118.968,217.17,2,1
6554,4.08322,111.316,2,1
6555,151.262,124.083,2,1
6556,229.856,218.639,2,1
6557,581.193,234.821,2,1
6558,211.667,14.6479,2,1
6559,591.73,110.674,2,1
6560,373.67,12.4382,2,1
6561,593.92,148.677,2,1
6562,521.284,185.477,2,1
6563,334.702,116.656,2,1
6564,450.319,99.0991,2,1
6565,186.175,217.017,2,1
6566,81.018,200.305,2,1
6567,186.925,49.8028,2,1
6568,60.411,298,2,1
6569,92.8507,63.6213,2,1
6570,186.394,74.0432,2,1
6571,490.734,108.259,2,1
6572,248.127,203.97,2,1
6573,125.456,13.4176,2,1
6574,500.976,21.6116,2,1
6575,234.526,252.708,2,1
6576,27.0835,20.146,2,1
6577,413.925,107.025,2,1
6578,55.7868,15.9683,2,1
6579,12.168,21.0301,2,1
6580,382.573,97.7273,2,1
6581,118.386,74.7489,2,1
6582,296.691,87.2148,2,1
6583,297.635,235.975,2,1
6584,22.4794,263.303,2,1
6585,298.179,26.3447,2,1
6586,63.4337,279.066,2,1
6587,14.8863,112.415,2,1
6588,228.213,287.97,2,1
6589,483.064,120.563,2,1
6590,473.955,151.204,2,1
6591,588.869,271.87,2,1
6592,308.083,148.025,2,1
6593,305.517,189.643,2,1
6594,192.76,171.043,2,1
6595,99.1626,174.694,2,1
6596,294.488,243.523,2,1
6597,428.194,143.812,2,1
6598,31.0914,20.1673,2,1
6599,339.655,255.523,2,1
6600,461.198,220.781,2,1
6601,455.294,52.026,2,1
6602,31.4257,277.38,2,1
6603,490.819,133.976,2,1
6604,4.45824,96.6772,2,1
6605,382.065,195.483,2,1
6606,336.023,174.533,2,1
6607,37.6849,54.0212,2,1
6608,71.6461,23.1415,2,1
6609,498.557,151.419,2,1
6610,306.22,44.0168,2,1
6611,440.87,208.087,2,1
6612,152.694,277.65,2,1
6613,143.241,139.803,2,1
6614,331.478,258.75,2,1
6615,393.658,146.524,2,1
6616,238.891,16.1833,2,1
6617,223.866,121.908,2,1
6618,85.0383,227.465,2,1
6619,317.124,279.937,2,1
6620,319.007,228.9,2,1
6621,172.52,255.608,2,1
6622,184.267,66.3468,2,1
6623,294.548,106.902,2,1
6624,245.407,222.522,2,1
6625,392.328,275.54,2,1
6626,468.192,100.189,2,1
6627,70.6111,12.2397,2,1
6628,255.621,221.844,2,1
6629,585.099,54.9649,2,1
6630,507.836,194.402,2,1
6631,390.593,96.3897,2,1
6632,530.133,5.21489,2,1
6633,183.539,137.484,2,1
6634,74.4832,34.0324,2,1
6635,235.729,285.523,2,1
6636,505.41,201.721,2,1
6637,578.739,86.456,2,1
6638,383.994,199.013,2,1
6639,423.668,267.648,2,1
6640,313.52,20.1754,2,1
6641,415.431,38.9573,2,1
6642,9.73382,25.1473,2,1
6643,142.723,143.794,2,1
6644,426.301,9.75314,2,1
6645,299.11,97.0271,2,1
6646,548.982,95.6075,2,1
6647,388.317,66.5618,2,1
6648,234.341,144.944,2,1
6649,426.211,294.791,2,1
6650,392.502,77.5329,2,1
6651,146.008,110.849,2,1
6652,1.56815,24.8015,2,1
6653,395.13,161.791,2,1
6654,296.488,203.542,2,1
6655,574.915,197.837,2,1
6656,126.172,129.671,2,1
6657,350.827,259.308,2,1
6658,173.557,27.1946,2,1
6659,150.994,232.734,2,1
6660,105.242,289.226,2,1
6661,275.906,22.2609,2,1
6662,166.101,54.7231,2,1
6663,192.16,297.799,2,1
6664,596.972,251.955,2,1
6665,594.698,38.0077,2,1
6666,61.2481,293.396,2,1
6667,435.451,237.999,2,1
6668,171.538,43.4327,2,1
6669,197.95,59.4241,2,1
6670,97.2015,233.538,2,1
6671,268.4,166.461,2,1
6672,457.459,141.934,2,1
6673,253.683,141.331,2,1
6674,355.299,283.076,2,1
6675,455.938,45.7225,2,1
6676,277.533,96.6576,2,1
6677,539.537,145.471,2,1
6678,131.711,83.5724,2,1
6679,596.485,227.879,2,1
6680,468.261,25.2368,2,1
6681,475.564,231.091,2,1
6682,491.017,207.156,2,1
6683,537.582,119.599,2,1
6684,211.666,93.9944,2,1
6685,220.189,226.867,2,1
6686,597.963,224.095,2,1
6687,291.871,240.43,2,1
6688,421.659,189.883,2,1
6689,373.125,222.432,2,1
6690,41.8522,86.8227,2,1
6691,282.259,112.97,2,1
6692,143.808,174.519,2,1
6693,16.7754,262.552,2,1
6694,183.247,51.4001,2,1
6695,564.138,166.945,2,1
6696,190.17,80.2419,2,1
6697,439.334,280.177,2,1
6698,84.1503,293.182,2,1
6699,487.994,172.078,2,1
6700,534.529,286.567,2,1
6701,522.547,294.913,2,1
6702,285.591,138.999,2,1
6703,133.542,137.565,2,1
6704,361.936,257.745,2,1
6705,150.909,17.8781,2,1
6706,40.139,238.192,2,1
6707,561.442,189.311,2,1
6708,255.581,271.276,2,1
6709,314.276,40.8794,2,1
6710,353.257,27.512,2,1
6711,357.523,3.67902,2,1
6712,140.983,258.794,2,1
6713,548.987,5.55549,2,1
6714,310.715,233.83,2,1
6715,46.9968,290.836,2,1
6716,38.7781,254.477,2,1
6717,518.576,273.8,2,1
6718,423.566,57.7297,2,1
6719,168.545,291.112,2,1
6720,360.003,71.4148,2,1
6721,159.987,248.502,2,1
6722,248.2,136.669,2,1
6723,309.634,21.8692,2,1
6724,273.562,39.9472,2,1
6725,276.254,9.51253,2,1
6726,381.171,42.4906,2,1
6727,244.695,75.271,2,1
6728,279.647,2,2,1
6729,576.326,142.6,2,1
6730,26.4417,128.558,2,1
6731,393.691,13.6642,2,1
6732,340.051,9.59842,2,1
6733,101.5,272.344,2,1
6734,262.278,185.214,2,1
6735,380.406,268.163,2,1
6736,295.093,224.398,2,1
6737,579.414,145.774,2,1
6738,262.323,223.79,2,1
6739,8.19995,209.714,2,1
6740,476.427,78.7308,2,1
6741,318.355,13.8993,2,1
6742,45.8046,275.708,2,1
6743,372.473,5.16605,2,1
6744,15.0641,120.414,2,1
6745,289.738,175.513,2,1
6746,553.52,11.2477,2,1
6747,555.719,145.821,2,1
6748,94.9257,112.011,2,1
6749,108.057,11.1245,2,1
6750,506.026,186.209,2,1
6751,186.915,176.389,2,1
6752,390.068,193.856,2,1
6753,253.935,291.872,2,1
6754,416.488,103.849,2,1
6755,282.915,203.306,2,1
6756,82.5935,37.9324,2,1
6757,410.006,292.499,2,1
6758,225.478,265.036,2,1
6759,218.468,159.869,2,1
6760,26.6529,99.2702,2,1
6761,341.855,147.666,2,1
6762,396.229,118.601,2,1
6763,480.781,165.707,2,1
6764,166.348,286.58,2,1
6765,387.432,46.0281,2,1
6766,425.596,133.727,2,1
6767,65.4229,107.028,2,1
6768,520.739,11.6192,2,1
6769,68.2342,145.647,2,1
6770,364.142,64.2056,2,1
6771,7.77673,82.8339,2,1
6772,187.1,257.634,2,1
6773,34.6893,81.7651,2,1
6774,326.552,201.275,2,1
6775,439.827,275.39,2,1
6776,345.415,119.798,2,1
6777,91.0256,187.464,2,1
6778,229.79,258.603,2,1
6779,173.703,231.418,2,1
6780,414.716,87.1596,2,1
6781,84.2274,55.3075,2,1
6782,513.983,287.803,2,1
6783,218.84,2,2,1
6784,402.152,73.9856,2,1
6785,547.004,219.608,2,1
6786,47.6626,177.346,2,1
6787,245.558,66.8605,2,1
6788,540.852,236.178,2,1
6789,122.189,24.3217,2,1
6790,387.327,263.938,2,1
6791,321.06,280.882,2,1
6792,508.616,230.99,2,1
6793,388.27,199.349,2,1
6794,580.083,242.925,2,1
6795,253.067,209.115,2,1
6796,294.361,24.9607,2,1
6797,73.277,184.071,2,1
6798,574.092,152.069,2,1
6799,319.392,9.5878,2,1
6800,496.208,40.6628,2,1
6801,23.2634,112.948,2,1
6802,266.223,15.8683,2,1
6803,432.144,195.703,2,1
6804,568.181,20.4797,2,1
6805,391.954,241.741,2,1
6806,352.962,56.9693,2,1
6807,165.822,74.1845,2,1
6808,142.668,58.9934,2,1
6809,284.105,152.62,2,1
6810,101.917,59.6996,2,1
6811,232.932,281.097,2,1
6812,99.3656,45.3987,2,1
6813,304.878,143.989,2,1
6814,467.552,85.7124,2,1
6815,103.791,40.0289,2,1
6816,582.208,26.1513,2,1
6817,23.6796,258.612,2,1
6818,190.231,47.3978,2,1
6819,197.936,201.375,2,1
6820,408.344,207.433,2,1
6821,236.243,29.6452,2,1
6822,444.999,5.95007,2,1
6823,460.11,145.171,2,1
6824,502.153,86.2061,2,1
6825,524.066,113.77,2,1
6826,506.531,273.389,2,1
6827,100.973,66.8984,2,1
6828,86.8731,201.412,2,1
6829,581.857,257.529,2,1
6830,571.22,98.3163,2,1
6831,474.504,276.482,2,1
6832,123.936,39.1742,2,1
6833,291.94,160.698,2,1
6834,437.206,83.3766,2,1
6835,471.164,144.424,2,1
6836,64.807,229.271,2,1
6837,211.522,85.7802,2,1
6838,550.699,178.867,2,1
6839,325.065,19.9092,2,1
6840,277.729,137.886,2,1
6841,51.3123,89.1382,2,1
6842,443.464,260.297,2,1
6843,249.819,111.354,2,1
6844,10.4098,131.683,2,1
6845,399.771,270.701,2,1
6846,143.547,294.095,2,1
6847,2.90527,50.334,2,1
6848,480.156,123.363,2,1
6849,20.3766,241.885,2,1
6850,77.7417,253.799,2,1
6851,200.251,40.6055,2,1
6852,15.708,211.218,2,1
6853,238.623,106.737,2,1
6854,98.4591,237.522,2,1
6855,591.999,6.00754,2,1
6856,150.397,195.373,2,1
6857,360.244,197.631,2,1
6858,208.858,138.379,2,1
6859,153.878,60.3168,2,1
6860,45.9088,224.819,2,1
6861,99.116,41.3912,2,1
6862,71.7001,204.253,2,1
6863,515.495,195.319,2,1
6864,179.357,71.3221,2,1
6865,313.337,159.703,2,1
6866,591.908,258.5,2,1
6867,189.122,172.849,2,1
6868,30.431,127.663,2,1
6869,182.045,30.7591,2,1
6870,258.348,103.157,2,1
6871,219.51,56.953,2,1
6872,407.841,24.9885,2,1
6873,362.912,204.666,2,1
6874,100.237,9.80439,2,1
6875,383.671,206.175,2,1
6876,329.991,225.418,2,1
6877,162.014,236.419,2,1
6878,343.299,179.098,2,1
6879,495.353,148.25,2,1
6880,509.376,145.821,2,1
6881,285.795,219.114,2,1
6882,355.527,254.431,2,1
6883,574.307,261.903,2,1
6884,157.875,45.9525,2,1
6885,429.646,177.654,2,1
6886,18.5511,174.776,2,1
6887,309.541,202.668,2,1
6888,262.798,289.103,2,1
6889,490.904,157.621,2,1
6890,576.036,187.808,2,1
6891,335.656,135.535,2,1
6892,328.987,168.822,2,1
6893,586.61,42.8781,2,1
6894,323.07,269.603,2,1
6895,104.497,298,2,1
6896,381.479,5.70735,2,1
6897,6.13428,243.343,2,1
6898,30.4249,174.615,2,1
6899,446.411,217.625,2,1
6900,455.053,14.8933,2,1
6901,452.818,175.428,2,1
6902,432.519,43.4296,2,1
6903,340.444,185.118,2,1
6904,274.842,63.4669,2,1
6905,12.8521,256.073,2,1
6906,82.4239,108.011,2,1
6907,374.158,179.922,2,1
6908,330.328,249.231,2,1
6909,367.626,46.6484,2,1
6910,474.051,96.0879,2,1
6911,28.4072,296.683,2,1
6912,122.386,104.18,2,1
6913,579.413,203.899,2,1
6914,334.05,120.98,2,1
6915,476.806,294.314,2,1
6916,124.232,293.983,2,1
6917,551.567,265.641,2,1
6918,428.54,259.224,2,1
6919,427.347,155.758,2,1
6920,42.2923,108.5,2,1
6921,389.715,12.8483,2,1
6922,233.861,289.265,2,1
6923,17.0947,44.1426,2,1
6924,93.0139,179.372,2,1
6925,432.916,279.626,2,1
6926,23.7115,87.4712,2,1
6927,474.202,156.862,2,1
6928,146.836,171.805,2,1
6929,556.184,74.4389,2,1
6930,455.052,137.932,2,1
6931,368.37,110.401,2,1
6932,405.614,71.7938,2,1
6933,147.28,238.607,2,1
6934,322.978,198.804,2,1
6935,545.939,158.483,2,1
6936,90.2983,93.9533,2,1
6937,135.15,115.659,2,1
6938,512.772,295.29,2,1
6939,5.47225,247.354,2,1
6940,453.812,42.2947,2,1
6941,401.955,274.263,2,1
6942,137.707,211.914,2,1
6943,146.639,66.8318,2,1
6944,403.814,57.046,2,1
6945,242.498,137.486,2,1
6946,345.183,104.829,2,1
6947,187.516,252.082,2,1
6948,261.852,192.085,2,1
6949,179.321,182.76,2,1
6950,35.383,58.4682,2,1
6951,387.021,107.88,2,1
6952,412.807,217.598,2,1
6953,244.176,34.6726,2,1
6954,391.852,164.335,2,1
6955,473.169,272.615,2,1
6956,570.651,23.8406,2,1
6957,155.341,265.464,2,1
6958,5.83817,230.133,2,1
6959,479.954,142.438,2,1
6960,495.446,205.237,2,1
6961,580.138,179.788,2,1
6962,263.835,65.0604,2,1
6963,328.013,47.7903,2,1
6964,26.6085,171.169,2,1
6965,565.769,68.1971,2,1
6966,188.184,168.931,2,1
6967,306.177,200.372,2,1
6968,185.87,32.1071,2,1
6969,329.506,149.693,2,1
6970,567.615,121.034,2,1
6971,261.124,141.908,2,1
6972,184.943,62.3764,2,1
6973,188.423,287.409,2,1
6974,212.03,10.6397,2,1
6975,289.888,233.369,2,1
6976,268.355,282.302,2,1
6977,241.511,66.4722,2,1
6978,229.681,150.357,2,1
6979,388.272,275.854,2,1
6980,210.718,262.907,2,1
6981,581.742,80.971,2,1
6982,542.723,54.4609,2,1
6983,497.714,208.615,2,1
6984,32.4071,75.5196,2,1
6985,17.7937,187.498,2,1
6986,318.37,143.772,2,1
6987,38.6765,45.2178,2,1
6988,42.591,161.894,2,1
6989,80.2204,125.866,2,1
6990,381.339,260.027,2,1
6991,500.758,74.6786,2,1
6992,170.081,105.133,2,1
6993,201.763,36.8136,2,1
6994,172.169,47.4221,2,1
6995,133.577,211.778,2,1
6996,28.2145,75.4512,2,1
6997,585.605,193.523,2,1
6998,528.914,257.092,2,1
6999,348.62,244.37,2,1
7000,22.6314,44.2606,2,1
7001,158.286,198.953,2,1
7002,199.364,244.551,2,1
7003,198.022,225.042,2,1
7004,333.671,246.729,2,1
7005,242.154,142.629,2,1
7006,56.4298,65.8441,2,1
7007,532.662,2,2,1
7008,402.649,283.268,2,1
7009,538.629,222.786,2,1
7010,478.825,119.59,2,1
7011,123.03,35.0859,2,1
7012,360.06,160.707,2,1
7013,46.4623,154.663,2,1
7014,584.184,178.811,2,1
7015,549.348,18.3268,2,1
7016,382.751,263.794,2,1
7017,501.424,200.927,2,1
7018,498.659,194.238,2,1
7019,107.349,99.8022,2,1
7020,478.502,62.6939,2,0
7021,132.908,108.449,2,1
7022,340.89,110.507,2,1
7023,549.639,255.239,2,1
7024,514.313,244.042,2,1
7025,469.021,20.8309,2,1
7026,395.885,10.2252,2,1
7027,501.633,179.377,2,1
7028,5.76553,263.163,2,1
7029,414.036,292.387,2,1
7030,521.958,162.906,2,1
7031,114.435,290.305,2,1
7032,509.023,226.837,2,1
7033,49.6205,164.956,2,1
7034,461.981,39.8174,2,1
7035,180.286,101.691,2,1
7036,221.718,199.458,2,1
7037,117.087,195.715,2,1
7038,467.895,142.053,2,1
7039,160.309,244.407,2,1
7040,95.4042,163.11,2,1
7041,130.38,71.3351,2,1
7042,282.617,146.627,2,1
7043,569.847,204.15,2,1
7044,322.594,117.762,2,1
7045,270.782,134.959,2,1
7046,583.746,189.943,2,1
7047,392.368,56.0272,2,1
7048,333.903,92.893,2,1
7049,572.65,266.752,2,1
7050,540.669,91.8895,2,1
7051,592.423,219.555,2,1
7052,267.087,199.106,2,1
7053,179.892,252.783,2,1
7054,120.309,150.85,2,1
7055,266.114,131.854,2,1
7056,542.843,240.78,2,1
7057,142.992,118.105,2,1
7058,41.3958,48.3865,2,1
7059,463.639,240.598,2,1
7060,99.7889,207.51,2,1
7061,241.657,77.9836,2,1
7062,259.243,181.813,2,1
7063,226.434,21.4262,2,1
7064,532.15,113.943,2,1
7065,588.038,257.222,2,1
7066,226.343,54.1517,2,1
7067,562.252,33.368,2,1
7068,375.403,35.8866,2,1
7069,235.419,190.493,2,1
7070,538.976,100.53,2,1
7071,597.353,30.913,2,1
7072,244.039,59.0885,2,1
7073,369.616,183.228,2,1
7074,557.983,33.6123,2,1
7075,153.272,106.441,2,1
7076,311.595,264.213,2,1
7077,436.112,196.36,2,1
7078,285.12,156.616,2,1
7079,461.812,51.895,2,1
7080,463.132,93.2787,2,1
7081,111.873,113.021,2,1
7082,274.63,145.27,2,1
7083,454.328,253.814,2,1
7084,210.143,229.524,2,1
7085,241.143,273.3,2,1
7086,494.661,69.4337,2,1
7087,49.9705,226.815,2,1
7088,563.324,143.377,2,1
7089,448.407,270.041,2,1
7090,404.885,49.1133,2,1
7091,30.5228,52.2589,2,1
7092,455.739,20.986,2,1
7093,436.967,46.3794,2,1
7094,440.131,35.4119,2,1
7095,106.361,6.16337,2,1
7096,208.646,166.889,2,1
7097,482.104,18.1236,2,1
7098,36.3705,67.299,2,1
7099,9.89269,187.735,2,1
7100,577.02,39.2185,2,1
7101,160.437,188.3,2,1
7102,314.767,298,2,1
7103,206.359,56.5253,2,1
7104,217.554,282.185,2,1
7105,531.731,236.356,2,1
7106,17.7314,15.2582,2,1
7107,469.065,130.112,2,1
7108,355.36,168.693,2,1
7109,501.94,270.839,2,1
7110,107.936,293.969,2,1
7111,593.074,241.724,2,1
7112,240.157,118.933,2,1
7113,587.679,143.554,2,1
7114,253.565,113.211,2,1
7115,355.909,265.632,2,1
7116,170.441,12.1404,2,1
7117,393.381,258.624,2,1
7118,269.953,97.563,2,1
7119,252.423,245.46,2,1
7120,288.361,16.9742,2,1
7121,68.8544,289.998,2,1
7122,278.34,242.067,2,1
7123,299.732,227.086,2,1
7124,233.576,6.57998,2,1
7125,467.466,7.54333,2,1
7126,533.316,263.377,2,1
7127,159.589,49.6063,2,1
7128,84.172,137.284,2,1
7129,122.066,213.178,2,1
7130,173.594,133.189,2,1
7131,172.913,290.518,2,1
7132,205.607,69.6046,2,1
7133,173.442,148.682,2,1
7134,273.459,176.316,2,1
7135,24.406,154.97,2,1
7136,129.699,27.1933,2,1
7137,532.347,77.3804,2,1
7138,444.825,74.7889,2,1
7139,365.554,150.063,2,1
7140,379.558,34.8587,2,1
7141,492.24,213.353,2,1
7142,221.934,118.327,2,1
7143,571.26,109.837,2,1
7144,128.524,246.288,2,1
7145,435.047,203.282,2,1
7146,464.961,164.912,2,1
7147,543.301,272.878,2,1
7148,513.32,127.02,2,1
7149,380.305,191.823,2,1
7150,489.686,112.22,2,1
7151,97.5008,91.9894,2,1
7152,70.1391,255.755,2,1
7153,296.793,218.701,2,1
7154,548.628,62.1586,2,1
7155,244.554,99.3171,2,1
7156,250.642,281.187,2,1
7157,116.086,293.982,2,1
7158,95.184,291.121,2,1
7159,271.685,142.439,2,1
7160,395.546,202.302,2,1
7161,125.042,298,2,1
7162,363.57,153.537,2,1
7163,403.938,66.6574,2,1
7164,599.289,104.151,2,1
7165,172.725,8.68717,2,1
7166,95.9081,152.428,2,1
7167,2.76045,72.8289,2,1
7168,85.6562,40.6213,2,1
7169,402.954,33.7571,2,1
7170,488.044,81.4272,2,1
7171,233.1,41.1091,2,1
7172,521.353,280.785,2,1
7173,243.47,122.349,2,1
7174,221.389,177.016,2,1
7175,495.555,251.059,2,1
7176,342.697,212.909,2,1
7177,110.215,233.908,2,1
7178,529.02,154.809,2,1
7179,597.884,281.934,2,1
7180,6.03231,92.1599,2,1
7181,526.38,48.4376,2,1
7182,302.801,27.0808,2,1
7183,489.907,64.1271,2,1
7184,147.877,185.874,2,1
7185,450.599,280.781,2,1
7186,323.477,4.92714,2,1
7187,423.066,168.977,2,1
7188,72.1726,110.512,2,1
7189,381.617,272.171,2,1
7190,122.091,66.371,2,1
7191,188.748,295.644,2,1
7192,223.016,46.6568,2,1
7193,340.806,92.9826,2,1
7194,295.942,2,2,1
7195,344.67,58.958,2,1
7196,29.4259,92.5722,2,1
7197,358.84,10.8055,2,1
7198,56.2281,173.126,2,1
7199,424.052,69.7581,2,1
7200,28.7367,30.0138,2,1
7201,317.787,43.0434,2,1
7202,408.123,168.228,2,1
7203,369.377,98.2657,2,1
7204,470.14,40.3042,2,1
7205,358.669,260.235,2,1
7206,314.793,217.843,2,1
7207,334.369,194.466,2,1
7208,346.066,298,2,1
7209,545.222,110.212,2,1
7210,187.138,135.569,2,1
7211,383.018,75.2076,2,1
7212,112.792,29.4521,2,1
7213,150.182,44.9994,2,1
7214,465.754,213.127,2,1
7215,259.989,146.157,2,1
7216,238.174,40.0083,2,1
7217,251.181,228.369,2,1
7218,213.029,52.3656,2,1
7219,574.847,77.0097,2,1
7220,572.002,200.724,2,1
7221,274.051,73.0122,2,1
7222,209,33.2948,2,1
7223,541.014,104.532,2,1
7224,256.992,69.2839,2,1
7225,567.859,218.39,2,1
7226,512.681,70.3495,2,1
7227,196.527,22.8672,2,1
7228,295.306,53.1236,2,1
7229,132.386,9.49914,2,1
7230,365.306,124.384,2,1
7231,84.7139,194.095,2,1
7232,508.9,255.043,2,1
7233,102.506,84.7374,2,1
7234,404.514,117.347,2,1
7235,422.203,211.933,2,1
7236,377.033,176.755,2,1
7237,111.854,108.284,2,1
7238,49.686,130.009,2,1
7239,437.438,290.294,2,1
7240,451.81,123.495,2,1
7241,280.291,190.286,2,1
7242,326.34,11.8678,2,1
7243,66.1747,131.976,2,1
7244,322.402,273.696,2,1
7245,179.058,264.87,2,1
7246,270.443,26.8244,2,1
7247,423.399,99.5974,2,1
7248,393.109,24.6661,2,1
7249,291.898,32.8464,2,1
7250,515.599,168.447,2,1
7251,317.675,128.571,2,1
7252,45.4174,264.401,2,1
7253,80.2769,298,2,1
7254,332.456,26.9888,2,1
7255,279.767,84.6289,2,1
7256,534.195,46.8919,2,1
7257,299.966,2,2,1
7258,297.245,246.579,2,1
7259,153.715,37.1062,2,1
7260,276.923,53.217,2,1
7261,168.934,61.371,2,1
7262,446.901,237.132,2,1
7263,512.933,254.266,2,1
7264,463.636,192.827,2,1
7265,306.487,82.2965,2,1
7266,393.745,150.668,2,1
7267,245.796,174.061,2,1
7268,93.3672,259.335,2,1
7269,457.053,130.059,2,1
7270,323.579,299.997,2,1
7271,484.401,127.975,2,1
7272,113.271,79.7375,2,1
7273,130.543,192.969,2,1
7274,441.158,82.6482,2,1
7275,440.162,5.65223,2,1
7276,289.168,28.0391,2,1
7277,477.29,48.1914,2,1
7278,63.5048,25.5003,2,1
7279,353.525,31.6495,2,1
7280,353.994,150.442,2,1
7281,0.0891755,75.8215,2,1
7282,154.475,273.987,2,1
7283,455.101,216.11,2,1
7284,188.968,41.0877,2,1
7285,174.086,103.231,2,1
7286,533.157,81.3385,2,1
7287,27.9964,143.274,2,1
7288,428.779,136.272,2,1
7289,334.532,159.212,2,1
7290,453.416,246.561,2,1
7291,164.197,274.424,2,1
7292,184.899,27.9485,2,1
7293,437.396,263.824,2,1
7294,38.1207,18.7919,2,1
7295,417.914,21.6583,2,1
7296,237.271,157.994,2,1
7297,241.874,23.1547,2,1
7298,38.9866,268.089,2,1
7299,50.9905,2,2,1
7300,30.2836,225.366,2,1
7301,136.921,182.117,2,1
7302,207.894,13.1555,2,1
7303,22.6688,6.1976,2,1
7304,565.843,117.348,2,1
7305,581.558,277.312,2,1
7306,448.516,259.057,2,1
7307,595.31,164.148,2,1
7308,555.066,242.958,2,1
7309,337.517,161.972,2,1
7310,577.503,255.435,2,1
7311,381.484,25.6353,2,1
7312,419.661,56.1857,2,1
7313,497.741,32.6724,2,1
7314,139.754,43.0775,2,1
7315,136.522,219.414,2,1
7316,107.945,90.3957,2,1
7317,248.587,5.71384,2,1
7318,59.579,84.054,2,1
7319,562.26,121.096,2,1
7320,304.187,15.9178,2,1
7321,290.366,23.7211,2,1
7322,432.553,113.164,2,1
7323,3.0188,14.7956,2,1
7324,529.269,65.4882,2,1
7325,89.2886,29.0252,2,1
7326,334.589,202.512,2,1
7327,431.26,263.363,2,1
7328,409.118,148.009,2,1
7329,235.141,50.8929,2,1
7330,215.816,162.993,2,1
7331,61.1742,255.042,2,1
7332,472.394,280,2,1
7333,4.2101,217.576,2,1
7334,482.375,75.732,2,1
7335,415.23,146.375,2,1
7336,198.474,166.259,2,1
7337,371.709,212.877,2,1
7338,21.5914,122.506,2,1
7339,192.118,5.42826,2,1
7340,570.009,55.4454,2,1
7341,376.864,114.298,2,1
7342,350.139,274.786,2,1
7343,293.148,247.344,2,1
7344,278.265,287.802,2,1
7345,58.3802,100.837,2,1
7346,563.998,178.247,2,1
7347,504.845,99.3491,2,1
7348,455.747,238.663,2,1
7349,126.225,60.1403,2,1
7350,96.8608,178.096,2,1
7351,406.548,75.7316,2,1
7352,370.989,20.1004,2,1
7353,251.892,288.154,2,1
7354,31.7739,165.029,2,1
7355,447.921,21.6857,2,1
7356,570.194,28.3672,2,1
7357,133.273,17.4762,2,1
7358,284.21,242.888,2,1
7359,228.627,73.0537,2,1
7360,477.718,256.724,2,1
7361,486.41,75.0199,2,1
7362,169.658,205.367,2,1
7363,371.591,64.9093,2,1
7364,308.383,10.4548,2,1
7365,560.002,40.1526,2,1
7366,257.51,191.117,2,1
7367,351.566,286.644,2,1
7368,222.404,158.76,2,1
7369,13.7577,35.447,2,1
7370,495.362,237.327,2,1
7371,213.225,168.088,2,1
7372,451.872,192.766,2,1
7373,126.515,111.201,2,1
7374,306.581,205.374,2,1
7375,233.807,116.984,2,1
7376,301.564,235.022,2,1
7377,322.3,97.8086,2,1
7378,5.0055,176.779,2,1
7379,8.55424,266.203,2,1
7380,120.633,298,2,1
7381,451.308,31.1239,2,1
7382,129.811,227.152,2,1
7383,472.256,262.563,2,1
7384,169.276,158.839,2,1
7385,161.303,240.481,2,1
7386,323.408,124.024,2,1
7387,185.222,158.003,2,1
7388,551.056,193.01,2,1
7389,175.564,136.738,2,1
7390,361.727,58.295,2,1
7391,148.425,53.087,2,1
7392,291.1,87.9102,2,1
7393,133.215,74.4604,2,1
7394,337.102,249.823,2,1
7395,24.3138,36.9013,2,1
7396,285.044,164.592,2,1
7397,14.7311,64.684,2,1
7398,304.184,59.407,2,1
7399,409.556,253.986,2,1
7400,580.446,199.966,2,1
7401,400.096,266.345,2,1
7402,150.765,285.514,2,1
7403,101.025,123.438,2,1
7404,174.139,226.806,2,1
7405,279.369,182.462,2,1
7406,410.593,94.5065,2,1
7407,271.584,2,2,1
7408,324.055,80.9191,2,1
7409,155.012,125.48,2,1
7410,360.956,41.7126,2,1
7411,385.304,240.302,2,1
7412,578.425,53.7099,2,1
7413,74.7553,38.1917,2,1
7414,248.381,34.296,2,1
7415,327.525,213.246,2,1
7416,312.72,28.5826,2,1
7417,259.007,10.1515,2,1
7418,187.279,69.9567,2,1
7419,375.599,245.485,2,1
7420,511.399,79.0035,2,1
7421,62.3784,72.7986,2,1
7422,204.165,73.419,2,1
7423,237.743,219.798,2,1
7424,116.933,82.7401,2,1
7425,263.754,181.377,2,1
7426,105.398,113.331,2,1
7427,78.362,108.662,2,1
7428,302.73,131.15,2,1
7429,330.032,156.976,2,1
7430,111.972,182.603,2,1
7431,485.11,226.881,2,1
7432,342.76,269.362,2,1
7433,486.623,56.4639,2,1
7434,293.679,56.9176,2,1
7435,369.977,257.327,2,1
7436,98.7434,155.417,2,1
7437,135.298,268.806,2,1
7438,195.298,243.924,2,1
7439,9.49335,225.589,2,1
7440,202.264,81.1221,2,1
7441,54.8645,123.568,2,1
7442,504.509,37.9336,2,1
7443,301.054,141.149,2,1
7444,180.971,149.26,2,1
7445,213.824,216.705,2,1
7446,309.504,189.99,2,1
7447,35.7017,165.825,2,1
7448,266.895,55.8149,2,1
7449,143.243,29.817,2,1
7450,563.948,92.1782,2,1
7451,565.539,28.9646,2,1
7452,53.9637,53.1585,2,1
7453,538.08,53.3536,2,0
7454,298.216,38.5801,2,1
7455,442.103,71.7157,2,1
7456,160.708,4.29387,2,1
7457,112.031,293.888,2,1
7458,264.766,229.252,2,1
7459,227.94,163.003,2,1
7460,158.056,77.227,2,1
7461,397.164,260.186,2,1
7462,405.984,215.337,2,1
7463,521.612,52.749,2,1
7464,101.149,119.156,2,1
7465,309.487,67.5843,2,1
7466,436.685,17.1012,2,1
7467,435.922,63.1251,2,1
7468,306.619,293.401,2,1
7469,197.492,147.563,2,1
7470,259.644,37.3505,2,1
7471,86.6309,169.218,2,1
7472,494.665,274.862,2,1
7473,213.393,212.459,2,1
7474,436.884,128.733,2,1
7475,376.509,122.209,2,1
7476,509.609,155.629,2,1
7477,244.723,95.281,2,1
7478,311.402,226.069,2,1
7479,567.392,11.9303,2,1
7480,224.836,87.5329,2,1
7481,534.563,222.713,2,1
7482,355.568,36.2629,2,1
7483,51.0154,61.2625,2,1
7484,426.926,148.183,2,1
7485,529.881,191.825,2,1
7486,82.1432,204.193,2,1
7487,87.0743,46.7418,2,1
7488,160.097,165.469,2,1
7489,32.0825,146.383,2,1
7490,450.036,178.444,2,1
7491,460.799,150.575,2,1
7492,517.736,236.624,2,1
7493,226.538,253.447,2,1
7494,202.659,173.104,2,1
7495,8.94771,127.897,2,1
7496,252.927,70.0599,2,1
7497,443.913,20.6541,2,1
7498,105.226,186.896,2,1
7499,269.263,293.948,2,1
7500,427.47,241.441,2,1
7501,73.8337,213.781,2,1
7502,83.6671,255.987,2,1
7503,565.305,64.0456,2,1
7504,330.881,118.483,2,1
7505,437.889,2,2,1
7506,246.851,127.281,2,1
7507,372.19,247.73,2,1
7508,500.816,294.393,2,1
7509,111.734,177.155,2,1
7510,256.46,262.533,2,1
7511,152.987,170.365,2,1
7512,397.186,222.508,2,1
7513,288.057,171.85,2,1
7514,110.091,61.2195,2,1
7515,281.758,137.528,2,1
7516,52.2353,80.2261,2,1
7517,105.514,271.509,2,1
7518,451.25,103.013,2,1
7519,121.894,163.357,2,1
7520,5.53577,238.828,2,1
7521,465.656,77.8806,2,1
7522,32.0123,13.5256,2,1
7523,176.472,10.2594,2,1
7524,541.163,188.443,2,1
7525,144.584,17.8085,2,1
7526,205.465,291.685,2,1
7527,73.972,155.651,2,1
7528,291.862,2,2,1
7529,442.913,169.544,2,1
7530,258.716,125.718,2,1
7531,379.462,291.131,2,1
7532,233.047,233.922,2,1
7533,223.191,294.74,2,1
7534,222.752,114.406,2,1
7535,447.239,52.3494,2,1
7536,15.0065,290.093,2,1
7537,322.865,53.6898,2,1
7538,546.415,299.362,2,1
7539,154.188,26.6988,2,1
7540,86.1476,205.44,2,1
7541,479.117,192.268,2,1
7542,484.942,40.5275,2,1
7543,411.162,12.2242,2,1
7544,452.699,18.2488,2,1
7545,31.4069,221.012,2,1
7546,192.068,149.794,2,1
7547,489.923,186.795,2,1
7548,272.071,76.8067,2,1
7549,460.404,177.834,2,1
7550,296.617,100.276,2,1
7551,25.4347,32.8368,2,1
7552,91.8079,114.53,2,1
7553,547.24,134.567,2,1
7554,197.21,82.6958,2,1
7555,258.062,63.3425,2,1
7556,325.775,38.1879,2,1
7557,309.732,25.8712,2,1
7558,489.372,34.7969,2,1
7559,112.25,11.1978,2,1
7560,177.268,60.0957,2,1
7561,337.525,82.9579,2,1
7562,560.207,295.129,2,1
7563,293.649,112.507,2,1
7564,451.72,284.671,2,1
7565,266.93,217.438,2,1
7566,408.321,130.677,2,1
7567,265.298,77.6422,2,1
7568,591.249,141.168,2,1
7569,585.153,50.8486,2,1
7570,436.251,277.236,2,1
7571,195.058,2.3552,2,1
7572,527.87,142.577,2,1
7573,151.659,255.366,2,1
7574,187.575,194.082,2,1
7575,16.546,258.005,2,1
7576,563.193,208.94,2,1
7577,28.8549,154.484,2,1
7578,581.048,253.519,2,1
7579,401.026,154.291,2,1
7580,454.494,145.498,2,1
7581,80.6292,169.339,2,1
7582,106.082,59.7401,2,1
7583,467.484,228.284,2,1
7584,321.196,151.349,2,1
7585,525.637,190.563,2,1
7586,266.102,123.908,2,1
7587,279.488,117.844,2,1
7588,224.892,196.881,2,1
7589,150.096,213.888,2,1
7590,203.896,23.3358,2,1
7591,372.103,154.609,2,1
7592,140.843,247.649,2,1
7593,373.005,165.17,2,1
7594,132.006,282.673,2,1
7595,511.868,100.329,2,1
7596,533.766,199.072,2,1
7597,267.35,29.4764,2,1
7598,388.151,212.747,2,1
7599,469.327,44.2242,2,1
7600,184.663,109.094,2,1
7601,180.683,64.5367,2,1
7602,22.0987,293.996,2,1
7603,311.072,16.9927,2,1
7604,271.142,289.667,2,1
7605,593.54,159.778,2,1
7606,219.84,242.298,2,1
7607,97.2595,159.153,2,1
7608,136.04,31.7778,2,1
7609,591.079,215.752,2,1
7610,74.8639,199.617,2,1
7611,561.111,95.0944,2,1
7612,561.39,204.078,2,1
7613,176.565,209.438,2,1
7614,171.986,69.2849,2,1
7615,362.844,9.92972,2,1
7616,83.528,22.8669,2,1
7617,586.631,5.70953,2,1
7618,289.224,276.952,2,1
7619,352.584,201.502,2,1
7620,518.935,131.316,2,1
7621,70.6019,89.8011,2,1
7622,587.951,243.907,2,1
7623,254.763,126.908,2,1
7624,60.3823,143.887,2,1
7625,520.495,98.8655,2,1
7626,83.4454,144.43,2,1
7627,456.652,81.382,2,1
7628,339.697,280.925,2,1
7629,304.824,283.293,2,1
7630,187.98,5.62956,2,1
7631,231.732,85.8473,2,1
7632,41.553,26.0942,2,1
7633,408.752,218.429,2,1
7634,490.615,290.578,2,1
7635,276.41,100.556,2,1
7636,165.724,174.859,2,1
7637,15.3053,68.7554,2,1
7638,98.3124,241.779,2,1
7639,56.007,86.1551,2,1
7640,259.844,239.293,2,1
7641,289.834,143.085,2,1
7642,99.8059,212.307,2,1
7643,542.476,172.3,2,1
7644,575.433,146.61,2,1
7645,171.337,248.474,2,1
7646,276.671,202.223,2,1
7647,111.496,72.9161,2,1
7648,547.659,21.9782,2,1
7649,321.412,16.942,2,1
7650,400.054,22.486,2,1
7651,75.9041,93.058,2,1
7652,126.166,145.529,2,1
7653,358.277,176.143,2,1
7654,152.263,294.147,2,1
7655,390.983,250.923,2,1
7656,459.648,226.135,2,1
7657,79.7399,248.748,2,1
7658,542.537,34.8225,2,1
7659,364.381,43.9474,2,1
7660,375.781,213.09,2,1
7661,555.897,294.248,2,1
7662,59.5873,24.6379,2,1
7663,346.549,34.869,2,1
7664,322.445,226.75,2,1
7665,510.02,61.4755,2,1
7666,204.639,10.7596,2,1
7667,435.597,295.202,2,1
7668,23.1984,21.3213,2,1
7669,423.881,61.7669,2,1
7670,502.41,149.997,2,1
7671,502.593,233.245,2,1
7672,321.828,42.5988,2,1
7673,233.168,261.207,2,1
7674,55.1558,77.4841,2,1
7675,266.241,184.527,2,1
7676,424.838,215.322,2,1
7677,522.327,242.869,2,1
7678,18.3998,150.159,2,1
7679,468.349,185.007,2,1
7680,252.035,120.829,2,1
7681,326.141,272.253,2,1
7682,161.297,260.468,2,1
7683,361.679,251.032,2,1
7684,224.002,31.9467,2,1
7685,469.777,48.4078,2,1
7686,55.5419,134.272,2,1
7687,544.876,196.311,2,1
7688,419.79,67.8369,2,1
7689,102.332,106.191,2,1
7690,12.4909,179.9,2,1
7691,347.89,280.536,2,1
7692,168.522,225.245,2,1
7693,473.055,126.67,2,1
7694,172.873,211.111,2,1
7695,37.6894,86.9582,2,1
7696,406.459,164.091,2,1
7697,194.186,79.8661,2,1
7698,38.1189,223.306,2,1
7699,254.141,194.915,2,1
7700,278.651,109.546,2,1
7701,336.679,47.8496,2,1
7702,373.557,201.72,2,1
7703,401.231,150.194,2,1
7704,482.457,62.0777,2,1
7705,528.838,55.0979,2,1
7706,337.691,78.9254,2,1
7707,370.788,158.517,2,1
7708,469.826,245.569,2,1
7709,561.563,253.193,2,1
7710,197.457,274.42,2,1
7711,247.048,289.384,2,1
7712,257.446,119.101,2,1
7713,507.012,79.8504,2,1
7714,356.768,279.218,2,1
7715,484.55,294.549,2,1
7716,78.4375,96.3405,2,1
7717,291.792,170.335,2,1
7718,523.399,101.759,2,1
7719,199.365,48.0538,2,1
7720,176.814,283.019,2,1
7721,44.8159,73.0809,2,1
7722,531.05,98.3121,2,1
7723,268.239,109.103,2,1
7724,392.573,247.202,2,1
7725,461.821,89.4081,2,1
7726,364.807,116.521,2,1
7727,147.181,149.332,2,1
7728,315.536,11.0347,2,1
7729,165.433,94.7219,2,1
7730,522.178,63.9588,2,1
7731,233.864,2.52298,2,1
7732,398.28,137.861,2,1
7733,43.5657,279.204,2,1
7734,333.779,163.75,2,1
7735,123.903,156.107,2,1
7736,2.95245,154.712,2,1
7737,524.86,257.382,2,1
7738,237.162,272.453,2,1
7739,62.5914,12.5931,2,1
7740,330.299,139.521,2,1
7741,373.601,183.948,2,1
7742,97.4373,100.909,2,1
7743,178.797,117.616,2,1
7744,225.05,155.498,2,1
7745,142.411,135.778,2,1
7746,276.905,198.159,2,1
7747,551.034,243.34,2,1
7748,340.774,251.671,2,1
7749,59.2576,181.879,2,1
7750,133.277,90.3638,2,1
7751,596.769,127.165,2,1
7752,97.1418,274.209,2,1
7753,595.325,13.2375,2,1
7754,330.463,90.4888,2,1
7755,413.973,83.1899,2,1
7756,487.522,254.396,2,1
7757,94.2609,74.8626,2,1
7758,48.2532,151.049,2,1
7759,509.58,138.928,2,1
7760,137.762,2,2,1
7761,416.849,224.703,2,1
7762,298.619,222.405,2,1
7763,513.602,182.789,2,1
7764,150.15,26.8933,2,1
7765,363.469,136.815,2,1
7766,55.1132,225.929,2,1
7767,260.698,266.145,2,1
7768,572.633,114.603,2,1
7769,381.922,71.3047,2,1
7770,64.6809,81.7259,2,1
7771,361.263,54.2729,2,1
7772,460.349,261.024,2,1
7773,482.305,206.89,2,1
7774,309.855,295.972,2,1
7775,296.14,267.298,2,1
7776,319.793,121.166,2,1
7777,550.552,212.028,2,1
7778,223.402,83.2413,2,1
7779,9.17973,177.165,2,1
7780,235.419,124.173,2,1
7781,216.149,109.832,2,1
7782,124.732,46.6935,2,1
7783,364.506,279.81,2,1
7784,295.909,149.441,2,1
7785,9.96475,38.8131,2,1
7786,264.303,281.572,2,1
7787,196.019,15.9802,2,1
7788,13.2518,227.365,2,1
7789,269.444,222.457,2,1
7790,78.4669,160.675,2,1
7791,100.608,196.956,2,1
7792,477.075,93.4338,2,1
7793,103.26,63.5988,2,1
7794,415.458,34.895,2,1
7795,466.664,168.538,2,1
7796,27.1184,79.3845,2,1
7797,327.195,136.846,2,1
7798,566.82,109.755,2,1
7799,0.533853,293.948,2,1
7800,202.335,133.436,2,1
7801,495.081,98.8209,2,1
7802,307.415,225.265,2,1
7803,57.4475,157.269,2,1
7804,180.075,48.7477,2,1
7805,119.238,114.28,2,1
7806,409.923,72.8136,2,1
7807,254.504,180.327,2,1
7808,494.257,286.931,2,1
7809,299.1,231.309,2,1
7810,420.5,16.5506,2,1
7811,266.818,127.9,2,1
7812,489.182,153.37,2,1
7813,58.554,198.379,2,1
7814,233.713,212.194,2,1
7815,348.67,52.3662,2,1
7816,391.423,113.564,2,1
7817,6.86472,195.312,2,1
7818,300.362,17.3044,2,1
7819,555.768,53.9378,2,1
7820,500.821,62.2643,2,1
7821,492.045,88.4548,2,1
7822,572.303,173.584,2,1
7823,81.6684,179.685,2,1
7824,329.76,221.403,2,1
7825,514.168,250.431,2,1
7826,501.772,137.234,2,1
7827,595.451,202.22,2,1
7828,141.68,199.564,2,1
7829,391.273,37.3549,2,1
7830,420.251,142.395,2,1
7831,92.8106,247.682,2,1
7832,208.199,224.09,2,1
7833,369.037,195.176,2,1
7834,75.2919,151.843,2,1
7835,443.368,280.346,2,1
7836,354.282,177.308,2,1
7837,147.241,192.701,2,1
7838,530.36,251.868,2,1
7839,147.856,156.924,2,1
7840,343.479,167.559,2,1
7841,433.343,245.419,2,1
7842,303.481,19.9479,2,1
7843,48.3648,252.729,2,1
7844,541.979,30.7699,2,1
7845,145.912,196.53,2,1
7846,337.394,149.875,2,1
7847,442.824,148.285,2,1
7848,409.423,288.386,2,1
7849,378.629,275.1,2,1
7850,219.344,82.8629,2,1
7851,470.87,217.541,2,1
7852,385.817,279.023,2,1
7853,85.7071,105.655,2,1
7854,423.307,233.276,2,1
7855,34.65,45.5902,2,1
7856,521.636,88.6458,2,1
7857,457.662,59.8568,2,1
7858,166.862,270.106,2,1
7859,508.469,16.3739,2,1
7860,50.9622,148.095,2,1
7861,400.029,172.385,2,1
7862,274.14,248.101,2,1
7863,382.511,57.5926,2,1
7864,148.417,250.412,2,1
7865,89.3124,11.2107,2,1
7866,590.59,74.2186,2,1
7867,589.34,240.091,2,1
7868,151.35,217.74,2,1
7869,543.772,42.8382,2,1
7870,562.908,37.4003,2,1
7871,85.5014,26.5605,2,1
7872,57.037,138.175,2,1
7873,581.315,261.766,2,1
7874,432.796,188.99,2,1
7875,503.963,77.2285,2,1
7876,210.598,267.054,2,1
7877,446.861,63.6711,2,1
7878,210.002,89.7334,2,1
7879,433.682,177.068,2,1
7880,575.494,122.998,2,1
7881,147.282,234.448,2,1
7882,354.688,226.727,2,1
7883,265.763,60.7049,2,1
7884,450.99,156.978,2,1
7885,211.713,18.9487,2,1
7886,100.484,31.4255,2,1
7887,202.245,85.1411,2,1
7888,159.555,219.122,2,1
7889,241.709,115.233,2,1
7890,175.648,77.7449,2,1
7891,75.4543,174.848,2,1
7892,487.037,52.3826,2,1
7893,121.733,190.33,2,1
7894,471.275,64.7869,2,1
7895,157.123,261.795,2,1
7896,260.548,245.863,2,1
7897,273.433,254.719,2,1
7898,339.653,134.492,2,1
7899,573.589,281.416,2,1
7900,279.255,161.401,2,1
7901,154.346,188.768,2,1
7902,443.293,193.746,2,1
7903,568.961,281.747,2,1
7904,474.401,254.273,2,1
7905,391.021,109.426,2,1
7906,554.06,158.358,2,1
7907,555.428,206.011,2,1
7908,264.653,73.448,2,1
7909,236.328,181.837,2,1
7910,480.219,99.0896,2,1
7911,451.085,39.2692,2,1
7912,370.582,263.64,2,1
7913,402.853,2,2,1
7914,536.054,71.8456,2,1
7915,561.479,81.0391,2,1
7916,82.2387,69.523,2,1
7917,520.214,84.1761,2,1
7918,471.516,92.8576,2,1
7919,554.838,63.5294,2,1
7920,24.2258,254.569,2,1
7921,467.493,194.258,2,1
7922,437.486,66.8609,2,1
7923,107.974,259.31,2,1
7924,297.152,271.789,2,1
7925,470.615,133.886,2,1
7926,0.077773,46.309,2,1
7927,377.034,150.313,2,1
7928,577.357,236.091,2,1
7929,167.421,221.361,2,1
7930,409.631,276.442,2,1
7931,98.8571,52.7136,2,1
7932,70.0387,133.299,2,1
7933,590.271,123.216,2,1
7934,591.345,12.4252,2,1
7935,52.9948,138.709,2,1
7936,182.108,217.181,2,1
7937,486.717,17.4175,2,1
7938,535.542,4.80992,2,1
7939,122.242,232.066,2,1
7940,38.8378,188.739,2,1
7941,335.707,256.65,2,1
7942,391.941,154.321,2,1
7943,365.24,73.3394,2,1
7944,454.135,87.3387,2,1
7945,113.478,269.783,2,1
7946,363.557,37.6595,2,1
7947,82.8399,190.52,2,1
7948,278.887,236.212,2,1
7949,348.058,15.7319,2,1
7950,38.3152,109.28,2,1
7951,496.952,36.6269,2,1
7952,192.452,123.443,2,1
7953,260.606,298.599,2,1
7954,300.502,85.8656,2,1
7955,228.255,105.459,2,1
7956,288.134,191.971,2,1
7957,478.997,267.112,2,1
7958,536.009,131.605,2,1
7959,11.1063,118.433,2,1
7960,347.087,138.755,2,1
7961,491.063,6.49337,2,1
7962,251.071,133.659,2,1
7963,545.254,189.312,2,1
7964,283.187,267.565,2,1
7965,110.719,197.173,2,1
7966,421.05,88.0584,2,1
7967,296.402,198.751,2,1
7968,462.991,124.976,2,1
7969,544.513,24.6088,2,1
7970,184.486,19.8085,2,1
7971,232.758,56.2314,2,1
7972,345.15,91.7815,2,1
7973,122.011,129.568,2,1
7974,167.716,245.462,2,1
7975,382.794,159.734,2,1
7976,243.927,236.5,2,1
7977,328.957,128.031,2,1
7978,130.455,204.028,2,1
7979,165.347,238.672,2,1
7980,12.7573,238.651,2,1
7981,431.068,202.658,2,1
7982,560.789,231.165,2,1
7983,586.614,86.0378,2,1
7984,198.108,78.7078,2,1
7985,193.126,102.707,2,1
7986,213.11,144.625,2,1
7987,66.223,254.884,2,1
7988,69.219,173.955,2,1
7989,53.4509,264.452,2,1
7990,107.542,194.656,2,1
7991,347.35,146.768,2,1
7992,8.97197,258.326,2,1
7993,368.627,293.093,2,1
7994,361.117,231.586,2,1
7995,194.6,277.32,2,1
7996,26.3309,8.60388,2,1
7997,457.63,41.0638,2,1
7998,398.441,76.5302,2,1
7999,352.908,86.9063,2,1
8000,272.33,165.224,2,1
8001,554.266,185.625,2,1
8002,347.879,161.301,2,1
8003,89.7625,161.764,2,1
8004,229.208,206.601,2,1
8005,573.709,247.089,2,1
8006,33.354,93.8955,2,1
8007,422.409,30.6977,2,1
8008,216.955,134.696,2,1
8009,252.754,20.5124,2,1
8010,75.129,256.879,2,1
8011,471.694,229.648,2,1
8012,19.6695,236.367,2,1
8013,179.58,79.5608,2,1
8014,372.684,120.763,2,1
8015,566.277,150.312,2,1
8016,156.453,148.136,2,1
8017,79.2869,136.427,2,1
8018,489.452,216.346,2,1
8019,466.009,268.611,2,1
8020,589.366,179.5,2,1
8021,335.966,65.5938,2,1
8022,21.9113,183.049,2,1
8023,432.159,287.989,2,1
8024,90.8889,88.1118,2,1
8025,481.046,71.9303,2,1
8026,482.438,285.763,2,1
8027,207.83,211.875,2,1
8028,384.443,192.219,2,1
8029,39.5353,164.582,2,1
8030,165.679,113.577,2,1
8031,260.999,292.699,2,1
8032,38.4032,232.589,2,1
8033,26.4917,228.245,2,1
8034,106.558,263.062,2,1
8035,404.524,298,2,1
8036,512.944,217.96,2,1
8037,326.421,189.117,2,1
8038,143.321,178.509,2,1
8039,276.323,127.36,2,1
8040,462.141,283.426,2,1
8041,129.636,253.515,2,1
8042,484.938,21.034,2,1
8043,417.46,90.2029,2,1
8044,448.655,221.026,2,1
8045,370.944,9.45139,2,1
8046,437.518,89.8466,2,1
8047,177.689,249.332,2,1
8048,295.054,73.3424,2,1
8049,328.08,289.602,2,1
8050,396.322,27.0761,2,1
8051,30.4649,229.514,2,1
8052,442.868,63.9634,2,1
8053,551.168,135.447,2,1
8054,512.762,8.01278,2,1
8055,121.548,209.195,2,1
8056,15.2601,235.351,2,1
8057,16.085,202.982,2,1
8058,591.886,101.211,2,1
8059,218.789,196.57,2,1
8060,19.6378,210.215,2,1
8061,71.5407,99.7248,2,1
8062,520.628,111.675,2,1
8063,143.994,122.008,2,1
8064,210.064,285.22,2,1
8065,295.874,94.3088,2,1
8066,513.501,160.828,2,1
8067,570.171,60.4208,2,1
8068,25.4176,186.8,2,1
8069,265.321,207.049,2,1
8070,230.367,222.752,2,1
8071,204.886,271.76,2,1
8072,420.543,208.011,2,1
8073,490.806,282.437,2,1
8074,453.375,153.598,2,1
8075,152.304,289.981,2,1
8076,13.4503,231.766,2,1
8077,163.835,163.853,2,1
8078,498.278,8.56893,2,1
8079,307.995,96.1129,2,1
8080,443.29,253.116,2,1
8081,288.23,253.195,2,1
8082,339.017,211.203,2,1
8083,286.958,203.274,2,1
8084,361.517,14.0178,2,1
8085,563.56,225.059,2,1
8086,57.2893,294.09,2,1
8087,443.073,235.758,2,1
8088,252.165,268.95,2,1
8089,306.198,196.309,2,1
8090,83.5657,166.585,2,1
8091,254.058,225.54,2,1
8092,12.9591,223.296,2,1
8093,32.1965,89.5512,2,1
8094,230.275,65.1576,2,1
8095,485.412,271.77,2,1
8096,158.617,85.5408,2,1
8097,315.393,131.914,2,1
8098,155.124,33.1743,2,1
8099,72.2422,82.4897,2,1
8100,99.3208,27.4433,2,1
8101,98.6511,4.32907,2,1
8102,200.99,227.882,2,1
8103,391.244,187.384,2,1
8104,256.721,106.843,2,1
8105,169.843,52.9914,2,1
8106,72.3348,230.191,2,1
8107,579.569,208.04,2,1
8108,73.2875,253.229,2,1
8109,570.943,225.735,2,1
8110,337.357,139.24,2,1
8111,55.6234,191.78,2,1
8112,154.628,269.492,2,1
8113,120.484,267.807,2,1
8114,114.075,127.935,2,1
8115,400.223,65.0025,2,1
8116,501.297,69.0601,2,1
8117,517.379,127.403,2,1
8118,416.373,208.202,2,1
8119,150.809,6.42128,2,1
8120,548.397,289.826,2,1
8121,560.52,57.9335,2,1
8122,346.025,70.6372,2,1
8123,242.82,111.324,2,1
8124,286.628,187.631,2,1
8125,444.3,138.434,2,1
8126,536.606,234.954,2,1
8127,88.9138,42.9899,2,1
8128,85.0132,238.285,2,1
8129,527.6,173.448,2,1
8130,187.345,228.115,2,1
8131,2.04458,268.559,2,1
8132,96.1814,249.939,2,1
8133,419.806,12.5216,2,1
8134,237.446,147.872,2,1
8135,21.299,157.634,2,1
8136,9.42246,163.526,2,1
8137,445.942,84.706,2,1
8138,577.407,133.114,2,1
8139,149.634,206.175,2,1
8140,341.534,194.301,2,1
8141,212.078,6.33987,2,1
8142,553.02,102.111,2,1
8143,262.441,277.154,2,1
8144,412.656,41.9755,2,1
8145,594.232,9.37604,2,1
8146,344.921,191.924,2,1
8147,320.404,82.7095,2,1
8148,72.3784,136.63,2,1
8149,118.179,23.7801,2,1
8150,319.479,180.299,2,1
8151,467.433,108.904,2,1
8152,65.1537,21.7218,2,1
8153,355.497,204.404,2,1
8154,381.357,278.095,2,1
8155,79.5824,40.5972,2,1
8156,24.2925,179.109,2,1
8157,429.311,245.166,2,1
8158,22.4696,129.037,2,1
8159,24.9361,116.607,2,1
8160,339.438,259.673,2,1
8161,372.266,33.2608,2,1
8162,103.696,206.472,2,1
8163,506.163,235.069,2,1
8164,8.06216,21.3329,2,1
8165,529.291,264.962,2,1
8166,27.724,288.06,2,1
8167,213.54,69.6602,2,1
8168,556.794,198.25,2,1
8169,356.582,190.819,2,1
8170,375.017,83.2135,2,1
8171,101.287,159.15,2,1
8172,49.7436,38.6474,2,1
8173,242.799,177.073,2,1
8174,395.256,186.629,2,1
8175,529.545,278.068,2,1
8176,429.714,110.241,2,1
8177,220.406,279.375,2,1
8178,169.992,5.70854,2,1
8179,167.479,42.9587,2,1
8180,269.008,154.395,2,1
8181,459.625,9.6754,2,1
8182,125.495,210.724,2,1
8183,542.796,162.395,2,1
8184,492.521,130.254,2,1
8185,226.653,159.206,2,1
8186,259.919,227.197,2,1
8187,196.549,27.0074,2,1
8188,19.5602,205.032,2,1
8189,407.599,64.9498,2,1
8190,459.914,213.275,2,1
8191,212.354,179.796,2,1
8192,68.1701,196,2,1
8193,507.207,104.373,2,1
8194,148.538,11.2835,2,1
8195,297.335,22.1286,2,1
8196,565.192,280.293,2,1
8197,466.295,243.688,2,1
8198,183.4,290.573,2,1
8199,326.159,96.2637,2,1
8200,384.651,68.3674,2,1
8201,284.712,262.131,2,1
8202,86.5712,36.6013,2,1
8203,437.6,135.743,2,1
8204,303.442,208.011,2,1
8205,125.366,93.9058,2,1
8206,509.774,270.95,2,1
8207,262.27,170.579,2,1
8208,540.81,22.7033,2,1
8209,100.536,260.981,2,1
8210,41.9749,234.614,2,1
8211,545.507,28.5268,2,1
8212,206.172,65.5648,2,1
8213,145.895,61.5426,2,1
8214,122.015,241.585,2,1
8215,71.8192,129.695,2,1
8216,441.051,185.953,2,1
8217,60.8784,139.844,2,1
8218,77.7102,116.797,2,1
8219,463.646,120.993,2,1
8220,297.822,180.838,2,1
8221,264.584,296.677,2,1
8222,533.872,249.864,2,1
8223,365.617,13.7954,2,1
8224,501.398,218.517,2,1
8225,316.095,269.267,2,1
8226,28.8436,132.456,2,1
8227,506.503,108.399,2,1
8228,395.93,235.8,2,1
8229,445.125,243.69,2,1
8230,482.082,219.845,2,1
8231,249.015,207.967,2,1
8232,350.418,105.866,2,1
8233,509.066,199.732,2,1
8234,483.966,143.086,2,1
8235,262.957,148.896,2,1
8236,140.072,32.2998,2,1
8237,138.019,201.517,2,1
8238,272.004,180.124,2,1
8239,478.485,298,2,1
8240,144.429,126.056,2,1
8241,531.627,62.1091,2,1
8242,306.886,286.95,2,1
8243,259.577,54.2372,2,1
8244,223.796,15.3439,2,1
8245,191.12,142.778,2,1
8246,550.556,250.79,2,1
8247,134.451,23.8855,2,1
8248,149.498,258.939,2,1
8249,5.93104,61.0258,2,1
8250,86.1515,13.8014,2,1
8251,335.042,30.1465,2,1
8252,401.326,41.7872,2,1
8253,104.107,28.532,2,1
8254,312.093,88.5386,2,1
8255,5.64268,170.622,2,1
8256,205.795,115.415,2,1
8257,454.476,275.442,2,1
8258,179.188,298,2,1
8259,589.554,186.43,2,1
8260,193.325,157.28,2,1
8261,318.519,224.614,2,1
8262,81.5188,30.1918,2,1
8263,539.675,133.352,2,1
8264,177.078,205.426,2,1
8265,349.565,164.97,2,1
8266,300.01,205.716,2,1
8267,412.366,98.2286,2,1
8268,491.166,276.83,2,1
8269,196.235,298,2,1
8270,301.018,127.416,2,1
8271,212.098,279.32,2,1
8272,188.364,101.891,2,1
8273,204.305,156.572,2,1
8274,590.1,88.1824,2,1
8275,200.979,142.699,2,1
8276,247.035,197.45,2,1
8277,148.308,70.6286,2,1
8278,504.722,61.1203,2,1
8279,278.541,186.41,2,1
8280,299.65,253.741,2,1
8281,44.8572,250.692,2,1
8282,544.397,154.702,2,1
8283,577.369,103.712,2,1
8284,122.893,143.224,2,1
8285,61.9535,271.164,2,1
8286,271.057,231.658,2,1
8287,594.796,208.586,2,1
8288,582.257,265.752,2,1
8289,348.278,7.4407,2,1
8290,399.273,187.186,2,1
8291,95.1025,174.448,2,1
8292,177.122,56.0216,2,1
8293,315.641,189.692,2,1
8294,587.646,267.975,2,1
8295,183.687,235.353,2,1
8296,106.616,128.997,2,1
8297,171.499,264.399,2,1
8298,223.996,57.5077,2,1
8299,115.632,286.069,2,1
8300,194.383,140.386,2,1
8301,206.769,172.708,2,1
8302,380.894,243.718,2,1
8303,10.0633,79.3453,2,1
8304,234.536,161.002,2,1
8305,44.6692,158.416,2,1
8306,535.798,230.645,2,1
8307,545.061,49.0213,2,1
8308,173.013,172.662,2,1
8309,39.2278,36.0532,2,1
8310,568.591,209.78,2,1
8311,232.326,106.096,2,1
8312,505.354,285.807,2,1
8313,523.447,25.4731,2,1
8314,237.745,24.2404,2,1
8315,283.294,82.5376,2,1
8316,558.86,64.1267,2,0
8317,455.819,160.473,2,1
8318,379.846,198.861,2,1
8319,564.534,220.699,2,1
8320,82.9615,48.3881,2,1
8321,381.057,78.794,2,1
8322,23.9262,48.054,2,1
8323,63.9022,89.8859,2,1
8324,368.046,27.2413,2,1
8325,110.9,253.845,2,1
8326,235.557,194.608,2,1
8327,577.52,259.502,2,1
8328,546.817,275.499,2,1
8329,439.348,74.6837,2,1
8330,77.0934,267.207,2,1
8331,267.395,162.397,2,1
8332,570.234,102.318,2,1
8333,379.542,205.928,2,1
8334,135.177,145.324,2,1
8335,457.182,152.36,2,1
8336,104.589,144.265,2,1
8337,505.865,2,2,1
8338,355.623,94.3281,2,1
8339,123.745,257.665,2,1
8340,442.976,286.59,2,1
8341,169.699,298,2,1
8342,478.101,220.283,2,1
8343,256.108,52.0029,2,1
8344,71.0627,278.341,2,1
8345,324.508,174.615,2,1
8346,334.079,190.373,2,1
8347,359.792,36.0191,2,1
8348,428.279,291.088,2,1
8349,485.785,218.071,2,1
8350,398.763,194.45,2,1
8351,188.403,14.3339,2,1
8352,406.559,17.3882,2,1
8353,177.073,291.038,2,1
8354,375.04,205.483,2,1
8355,423.833,12.9334,2,1
8356,475.88,22.4831,2,1
8357,494.299,30.4679,2,1
8358,476.778,105.855,2,1
8359,17.7679,62.0517,2,1
8360,148.405,288.949,2,1
8361,264.582,111.044,2,1
8362,158.106,215.274,2,1
8363,447.003,170.912,2,1
8364,378.061,104.566,2,1
8365,522.7,155.46,2,1
8366,319.451,164.288,2,1
8367,226.612,80.8015,2,1
8368,593.557,179.368,2,1
8369,374.466,22.1024,2,1
8370,430.839,86.0129,2,1
8371,155.627,50.2508,2,1
8372,479.687,25.989,2,1
8373,366.238,178.374,2,1
8374,584.491,146.246,2,1
8375,309.472,124.21,2,1
8376,61.5309,172.161,2,1
8377,40.0509,14.3501,2,1
8378,127.976,281.746,2,1
8379,2.97185,272.804,2,1
8380,455.096,171.128,2,1
8381,346.249,3.94468,2,1
8382,264.623,211.073,2,1
8383,12.94,175.778,2,1
8384,274.823,264.907,2,1
8385,202.544,267.623,2,1
8386,450.876,134.169,2,1
8387,45.4658,79.4786,2,1
8388,185.809,82.607,2,1
8389,336.27,278.839,2,1
8390,88.6878,213.074,2,1
8391,279.382,88.6739,2,1
8392,498.192,276.869,2,1
8393,212.238,140.69,2,1
8394,465.044,139.132,2,1
8395,412.564,102.373,2,1
8396,299.203,151.724,2,1
8397,448.191,289.765,2,1
8398,403.812,121.342,2,1
8399,69.1859,207.47,2,1
8400,281.833,69.9353,2,1
8401,107.787,178,2,1
8402,63.332,184.261,2,1
8403,337.003,39.5711,2,1
8404,41.2089,176.344,2,1
8405,205.111,27.2753,2,1
8406,41.6268,78.1583,2,1
8407,283.727,142.759,2,1
8408,1.32856,228.451,2,1
8409,241.797,269.273,2,1
8410,267.107,289.066,2,1
8411,437.679,200.235,2,1
8412,416.006,44.4412,2,1
8413,28.3376,258.31,2,1
8414,171.069,115.018,2,1
8415,97.7572,138.685,2,1
8416,279.217,123.811,2,1
8417,563.128,242.13,2,1
8418,146.555,79.0291,2,1
8419,283.004,168.109,2,1
8420,373.733,209.325,2,1
8421,430.844,117.663,2,1
8422,172.931,152.723,2,1
8423,153.307,2.06715,2,1
8424,105.754,55.723,2,1
8425,523.133,181.81,2,1
8426,400.301,59.1145,2,1
8427,581.661,149.164,2,1
8428,305.666,255.988,2,1
8429,87.0236,209.344,2,1
8430,513.745,164.896,2,1
8431,166.598,84.8153,2,1
8432,239.838,212.359,2,1
8433,188.036,212.968,2,1
8434,116.387,266.994,2,1
8435,293.529,138.104,2,1
8436,82.4909,224.335,2,1
8437,110.15,191.527,2,1
8438,542.859,251.748,2,1
8439,127.913,171.152,2,1
8440,526.216,19.3207,2,1
8441,595.826,259.463,2,1
8442,18.8466,111.411,2,1
8443,97.0557,19.9222,2,1
8444,281.835,273.726,2,1
8445,572.568,155.841,2,1
8446,598.422,195.172,2,1
8447,570.191,34.1059,2,1
8448,490.021,19.7849,2,1
8449,58.1626,35.6126,2,1
8450,577.718,246.151,2,1
8451,407.634,211.383,2,1
8452,31.5924,59.7908,2,1
8453,326.928,232.802,2,1
8454,124.351,283.465,2,1
8455,59.0823,76.5513,2,1
8456,15.8131,127.556,2,1
8457,525.169,245.725,2,1
8458,334.146,88.7205,2,1
8459,396.804,289.299,2,1
8460,316.75,260.72,2,1
8461,591.697,245.528,2,1
8462,315.435,146.574,2,1
8463,293.375,144.975,2,1
8464,180.029,212.098,2,1
8465,414.781,122.258,2,1
8466,526.688,177.443,2,1
8467,541.476,258.828,2,1
8468,123.174,224.204,2,1
8469,129.858,76.8276,2,1
8470,403.706,210.268,2,1
8471,199.794,207.011,2,1
8472,312.056,268.188,2,1
8473,194.052,202.595,2,1
8474,337.967,196.333,2,1
8475,276.633,13.5289,2,1
8476,455.648,122.122,2,1
8477,53.2997,114.562,2,1
8478,138.271,63.8938,2,1
8479,101.615,71.6711,2,1
8480,61.9417,68.8213,2,1
8481,513.231,33.9425,2,1
8482,234.579,99.8383,2,1
8483,447.634,140.664,2,1
8484,221.771,167.312,2,1
8485,546.349,233.411,2,1
8486,146.34,7.90954,2,1
8487,537.029,79.9135,2,1
8488,434.27,181.084,2,1
8489,358.529,107.599,2,1
8490,184.874,180.322,2,1
8491,205.881,260.135,2,1
8492,491.367,264.526,2,1
8493,175.182,140.73,2,1
8494,127.521,66.5528,2,1
8495,84.6912,150.708,2,1
8496,110.543,220.871,2,1
8497,477.33,178.104,2,1
8498,355.944,217.651,2,1
8499,94.8537,144.491,2,1
8500,81.9935,19.032,2,1
8501,402.86,162.207,2,1
8502,394.591,139.651,2,1
8503,255.265,151.427,2,1
8504,457.838,257.026,2,1
8505,434.019,94.5284,2,1
8506,441.221,128.18,2,1
8507,73.3337,103.375,2,1
8508,493.419,184.718,2,1
8509,128.406,240.552,2,1
8510,577.547,282.257,2,1
8511,119.978,9.51554,2,1
8512,269.142,209.447,2,1
8513,68.9915,294.151,2,1
8514,145.672,225.058,2,1
8515,33.658,244.897,2,1
8516,552.991,5.44802,2,1
8517,173.211,39.64,2,1
8518,38.0963,98.6878,2,1
8519,593.344,30.2129,2,1
8520,193.681,146.068,2,1
8521,233.592,17.8857,2,1
8522,367.639,284.856,2,1
8523,406.373,256.512,2,1
8524,326.51,285.831,2,1
8525,15.1119,298,2,1
8526,327.855,217.294,2,1
8527,9.78422,262.283,2,1
8528,332.9,113.023,2,1
8529,18.1058,53.8759,2,1
8530,120.195,228.401,2,1
8531,283.46,123.481,2,1
8532,579.835,90.416,2,1
8533,447.684,195.773,2,1
8534,227.341,13.4377,2,1
8535,63.323,233.115,2,1
8536,485.74,117.12,2,1
8537,526.952,131.153,2,1
8538,178.988,75.335,2,1
8539,261.192,117.564,2,1
8540,537.746,8.16646,2,1
8541,177.569,146.799,2,1
8542,201.834,293.52,2,1
8543,81.1102,26.1501,2,1
8544,503.933,18.91,2,1
8545,223.974,135.669,2,1
8546,231.553,130.54,2,1
8547,578.73,78.1503,2,1
8548,26.0157,182.722,2,1
8549,592.946,80.6122,2,1
8550,287.113,249.238,2,1
8551,378.6,131.669,2,1
8552,451.892,223.642,2,1
8553,533.294,298,2,1
8554,411.573,28.4138,2,1
8555,233.691,176.445,2,1
8556,113.386,145.787,2,1
8557,208.84,29.2424,2,1
8558,216.838,125.947,2,1
8559,51.9284,152.685,2,1
8560,121.413,271.954,2,1
8561,228.083,194.308,2,1
8562,401.101,190.963,2,1
8563,447.008,90.675,2,1
8564,2.05457,276.88,2,1
8565,26.9521,206.478,2,1
8566,21.4677,60.4853,2,1
8567,209.542,134.428,2,1
8568,6.42765,6.74621,2,1
8569,221.277,219.467,2,1
8570,340.55,67.4408,2,1
8571,96.3053,209.83,2,1
8572,422.605,229.111,2,1
8573,362.948,261.692,2,1
8574,486.84,157.293,2,1
8575,340.632,37.8422,2,1
8576,310.964,244.942,2,1
8577,506.238,45.8374,2,1
8578,334.386,2,2,1
8579,546.864,102.543,2,1
8580,323.363,8.93439,2,1
8581,484.236,252.035,2,1
8582,334.954,234.361,2,1
8583,205.095,168.906,2,1
8584,346.461,29.2168,2,1
8585,149.438,298,2,1
8586,386.733,158.943,2,1
8587,164.036,98.4851,2,1
8588,377.037,237.562,2,1
8589,474.11,82.0958,2,1
8590,582.138,160.059,2,1
8591,452.409,107.019,2,1
8592,252.467,12.9906,2,1
8593,4.39422,192.064,2,1
8594,520.867,170.831,2,1
8595,392.867,45.2619,2,1
8596,161.4,192.27,2,1
8597,400.309,134.138,2,1
8598,528.584,187.758,2,1
8599,594.25,123.871,2,1
8600,135.77,43.8297,2,1
8601,449.989,144.034,2,1
8602,474.606,42.2202,2,1
8603,145.258,159.978,2,1
8604,88.7149,67.5735,2,1
8605,403.952,140.899,2,1
8606,410.407,135.849,2,1
8607,197.128,170.184,2,1
8608,141.001,182.319,2,1
8609,325.819,42.2464,2,1
8610,283.715,32.5381,2,1
8611,420.734,223.466,2,1
8612,509.629,111.153,2,1
8613,259.727,204.597,2,1
8614,132.39,219.309,2,1
8615,82.2682,15.0347,2,1
8616,501.826,209.176,2,1
8617,598.821,95.8132,2,1
8618,422.835,118.391,2,1
8619,42.9325,189.362,2,1
8620,405.151,145.041,2,1
8621,156.689,277.338,2,1
8622,45.8409,64.0713,2,1
8623,385.079,167.61,2,1
8624,514.265,258.081,2,1
8625,319.341,266.838,2,1
8626,597.833,277.854,2,1
8627,60.7227,5.17063,2,1
8628,104.555,74.6598,2,1
8629,159.037,203.446,2,1
8630,250.629,73.6244,2,1
8631,49.3681,267.552,2,1
8632,180.056,160.932,2,1
8633,118.162,97.0059,2,1
8634,401.361,128.101,2,1
8635,566.51,195.249,2,1
8636,127.995,196.071,2,1
8637,184.884,172.885,2,1
8638,458.141,87.7885,2,1
8639,513.4,146.051,2,1
8640,500.184,229.808,2,1
8641,95.9015,124.831,2,1
8642,242.086,31.0463,2,1
8643,548.031,142.688,2,1
8644,9.9153,229.79,2,1
8645,213.786,65.4444,2,1
8646,237.686,185.675,2,1
8647,176.027,68.9206,2,1
8648,497.931,280.939,2,1
8649,49.1975,5.90554,2,1
8650,446.896,155.199,2,1
8651,248.792,80.7067,2,1
8652,269.168,195.649,2,1
8653,252.749,218.858,2,1
8654,328.944,35.6579,2,1
8655,229.642,176.619,2,1
8656,416.668,17.8067,2,1
8657,45.9634,122.901,2,1
8658,118.494,118.509,2,1
8659,170.109,201.23,2,1
8660,443.904,119.008,2,1
8661,303.728,40.7851,2,1
8662,33.9392,98.0989,2,1
8663,178.508,244.702,2,1
8664,194.002,224.654,2,1
8665,102.844,155.454,2,1
8666,231.738,237.9,2,1
8667,333.04,108.922,2,1
8668,356.879,296.422,2,1
8669,385.427,260.358,2,1
8670,424.662,73.7457,2,1
8671,347.364,179.041,2,1
8672,167.07,151.32,2,1
8673,401.705,86.2064,2,1
8674,151.968,262.117,2,1
8675,435.391,269.192,2,1
8676,378.062,97.6597,2,1
8677,458.8,245.969,2,1
8678,62.5819,200.036,2,1
8679,48.616,82.043,2,1
8680,79.2922,132.391,2,1
8681,246.651,256.553,2,1
8682,425.314,244.823,2,1
8683,325.496,15.8469,2,1
8684,525.799,77.1014,2,1
8685,163.314,48.1374,2,1
8686,189.665,84.2101,2,1
8687,258.377,169.636,2,1
8688,500.816,99.5545,2,1
8689,478.23,19.2455,2,1
8690,418.633,41.3874,2,1
8691,151.87,158.008,2,1
8692,308.629,90.7572,2,1
8693,522.308,120.591,2,1
8694,176.159,278.958,2,1
8695,506.291,209.158,2,1
8696,374.791,40.7358,2,1
8697,547.265,78.776,2,1
8698,387.957,8.66472,2,1
8699,287.1,87.4195,2,1
8700,385.104,139.662,2,1
8701,374.84,298,2,1
8702,547.183,130.514,2,1
8703,278.351,113.866,2,1
8704,59.8227,177.01,2,1
8705,535.24,294.481,2,1
8706,198.955,129.426,2,1
8707,474.443,147.214,2,1
8708,486.163,287.243,2,1
8709,422.105,9.24762,2,1
8710,333.997,225.353,2,1
8711,478.938,8.18327,2,1
8712,23.81,216.814,2,1
8713,474.412,298,2,1
8714,176.186,91.4622,2,1
8715,403.627,52.9525,2,1
8716,91.228,2,2,1
8717,477.711,212.056,2,1
8718,436.727,150.65,2,1
8719,136.222,10.8681,2,1
8720,258.302,129.751,2,1
8721,576.336,107.687,2,1
8722,423.212,248.437,2,1
8723,340.293,233.69,2,1
8724,473.467,250.343,2,1
8725,197.897,290.469,2,1
8726,262.05,162.957,2,1
8727,41.5334,52.4764,2,1
8728,439.868,100.414,2,1
8729,251.476,165.587,2,1
8730,330.874,294.715,2,1
8731,291.175,49.4581,2,1
8732,528.085,83.5936,2,1
8733,199.725,192.742,2,1
8734,421.836,162.184,2,1
8735,30.227,106.517,2,1
8736,520.439,291.395,2,1
8737,547.308,146.712,2,1
8738,273.987,6.1343,2,1
8739,346.703,228.39,2,1
8740,92.9755,67.6332,2,1
8741,595.687,183.218,2,1
8742,496.388,262.918,2,1
8743,148.462,221.15,2,1
8744,354.626,240.552,2,1
8745,242.98,16.344,2,1
8746,181.26,164.79,2,1
8747,201.042,169.356,2,1
8748,283.913,172.17,2,1
8749,498.449,268.593,2,1
8750,337.664,207.053,2,1
8751,429.732,67.9014,2,1
8752,415.472,156.699,2,1
8753,508.347,218.191,2,1
8754,100.888,286.48,2,1
8755,190.021,201.55,2,1
8756,560.67,219.171,2,1
8757,529.14,16.5517,2,1
8758,168.295,129.07,2,1
8759,211.327,39.1695,2,1
8760,455.406,118.099,2,1
8761,246.345,109.336,2,1
8762,397.387,50.5302,2,1
8763,279.071,209.534,2,1
8764,283.835,56.716,2,1
8765,432.715,206.592,2,1
8766,161.997,61.5172,2,1
8767,14.7045,273.058,2,1
8768,581.203,285.455,2,1
8769,236.636,259.117,2,1
8770,437.283,154.793,2,1
8771,580.323,72.1949,2,1
8772,226.161,277.531,2,1
8773,492.913,165.589,2,1
8774,315.468,212.764,2,1
8775,181.473,16.743,2,1
8776,459.099,217.321,2,1
8777,148.824,48.7922,2,1
8778,289.565,5.56942,2,1
8779,320.588,253.788,2,1
8780,382.088,84.9516,2,1
8781,18.7317,170.23,2,1
8782,303.388,169.767,2,1
8783,557.745,141.763,2,1
8784,156.396,103.694,2,1
8785,546.948,45.4375,2,1
8786,527.581,2,2,1
8787,362.277,208.699,2,1
8788,408.587,260.565,2,1
8789,349.827,2,2,1
8790,265.178,255.471,2,1
8791,75.6839,23.9056,2,1
8792,44.1602,268.278,2,1
8793,513.543,156.701,2,1
8794,7.11719,184.764,2,1
8795,398.699,230.415,2,1
8796,534.968,238.756,2,1
8797,105.518,242.804,2,1
8798,13.2607,27.0613,2,1
8799,252.479,34.5209,2,1
8800,72.0408,274.442,2,1
8801,158.687,18.6697,2,1
8802,6.46088,251.244,2,1
8803,588.243,67.1621,2,1
8804,590.62,37.6527,2,1
8805,205.524,264.136,2,1
8806,518.482,165.5,2,1
8807,87.1437,2,2,1
8808,338.153,88.0167,2,1
8809,428.266,287.017,2,1
8810,274.351,114.552,2,1
8811,525.266,275.474,2,1
8812,394.878,85.7048,2,1
8813,201.62,68.9766,2,1
8814,117.819,145.048,2,1
8815,543.951,76.4091,2,1
8816,383.731,163.695,2,1
8817,454.214,73.2333,2,1
8818,509.943,2,2,1
8819,541.509,108.539,2,1
8820,87.5207,257.187,2,1
8821,115.804,259.439,2,1
8822,447.692,124.013,2,1
8823,45.6031,27.1335,2,1
8824,372.749,270.405,2,1
8825,528.945,111.119,2,1
8826,407.511,268.81,2,1
8827,446.895,278.285,2,1
8828,357.769,116.498,2,1
8829,183.579,205.371,2,1
8830,317.269,200.535,2,1
8831,565.146,294.445,2,1
8832,25.704,56.7611,2,1
8833,234.963,71.6317,2,1
8834,288.902,163.508,2,1
8835,183.331,114.529,2,1
8836,545.784,98.0111,2,1
8837,216.359,244.402,2,1
8838,297.015,110.156,2,1
8839,466.124,209.026,2,1
8840,550.104,159.006,2,1
8841,108.854,224.757,2,1
8842,92.4422,210.883,2,1
8843,274.854,134.77,2,1
8844,285.567,284.353,2,1
8845,213.531,283.077,2,1
8846,403.291,174.839,2,1
8847,412.074,167.53,2,1
8848,559.733,249.56,2,1
8849,162.16,115.51,2,1
8850,457.984,283.191,2,1
8851,281.65,7.36893,2,1
8852,157.921,238.204,2,1
8853,210.129,104.825,2,1
8854,64.1937,274.647,2,1
8855,541.355,121.18,2,1
8856,62.2001,155.968,2,1
8857,555.182,134.86,2,1
8858,364.885,253.815,2,1
8859,313.706,284.257,2,1
8860,405.062,45.1082,2,1
8861,500.514,15.317,2,1
8862,568.616,71.9266,2,1
8863,522.63,21.1553,2,1
8864,273.703,277.218,2,1
8865,257.588,277.717,2,1
8866,400.458,177.676,2,1
8867,569.416,64.3802,2,1
8868,256.784,5.89745,2,1
8869,232.801,152.886,2,1
8870,436.687,59.1491,2,1
8871,390.657,132.656,2,1
8872,407.687,119.94,2,1
8873,432.671,298,2,1
8874,465.268,22.4527,2,1
8875,364.613,293.617,2,1
8876,589.053,248.814,2,1
8877,496.75,227.634,2,1
8878,119.049,34.358,2,1
8879,471.152,72.4536,2,1
8880,54.0804,36.2533,2,1
8881,168.907,193.077,2,1
8882,584.713,186.018,2,1
8883,348.722,172.441,2,1
8884,591.757,197.264,2,1
8885,220.284,256.525,2,1
8886,115.703,111.683,2,1
8887,574.115,15.9854,2,1
8888,308.496,86.6434,2,1
8889,446.482,255.562,2,1
8890,574.211,43.3158,2,1
8891,429.135,30.4442,2,1
8892,164.652,69.1109,2,1
8893,466.11,73.2458,2,1
8894,70.0564,158.124,2,1
8895,101.609,137.299,2,1
8896,132.111,118.297,2,1
8897,52.3327,217.615,2,1
8898,97.9878,294.245,2,1
8899,516.845,227.695,2,1
8900,339.897,263.743,2,1
8901,487.86,120.745,2,1
8902,235.658,103.808,2,1
8903,43.0302,205.51,2,1
8904,304.887,216.084,2,1
8905,515.887,72.8739,2,1
8906,439.499,167.346,2,1
8907,450.92,119.513,2,1
8908,550.337,234.388,2,1
8909,403.519,250.666,2,1
8910,506.23,143.265,2,1
8911,42.1687,18.2316,2,1
8912,335.574,214.226,2,1
8913,87.0271,241.869,2,1
8914,320.985,238.311,2,1
8915,41.8433,63.0847,2,1
8916,294.756,263.375,2,1
8917,19.5381,222.214,2,1
8918,308.862,78.7378,2,1
8919,399.09,252.476,2,1
8920,248.351,147.374,2,1
8921,257.609,91.2658,2,1
8922,219.426,26.8191,2,1
8923,288.776,258.06,2,1
8924,249.283,285.113,2,1
8925,444.743,16.6374,2,1
8926,156.312,250.166,2,1
8927,541.213,288.885,2,1
8928,307.157,221.218,2,1
8929,238.653,20.2616,2,1
8930,412.123,50.0997,2,1
8931,462.884,216.014,2,1
8932,501.751,30.5149,2,1
8933,268.774,114.283,2,1
8934,428.79,35.7493,2,1
8935,363.131,200.504,2,1
8936,200.143,150.58,2,1
8937,377.713,44.6814,2,1
8938,571.264,13.126,2,1
8939,263.697,166.672,2,1
8940,240.707,208.413,2,1
8941,388.167,190.289,2,1
8942,355.553,124.275,2,1
8943,7.09004,14.0685,2,1
8944,165.979,5.63459,2,1
8945,180.084,97.6455,2,1
8946,392.194,33.0088,2,1
8947,111.016,141.94,2,1
8948,22.1711,151.544,2,1
8949,296.218,31.4629,2,1
8950,257.973,48.4491,2,1
8951,83.1393,33.9579,2,1
8952,217.968,217.085,2,1
8953,169.233,253.176,2,1
8954,518.006,288.186,2,1
8955,447.462,29.7514,2,1
8956,284.052,131.586,2,1
8957,77.4338,112.578,2,1
8958,55.2942,130.266,2,1
8959,318.596,216.519,2,1
8960,143.521,114.064,2,1
8961,126.756,272.298,2,1
8962,312.465,179.032,2,1
8963,552.127,80.8936,2,1
8964,50.7163,181.593,2,1
8965,519.965,284.586,2,1
8966,312.145,256.263,2,1
8967,569.014,94.9727,2,1
8968,176.012,258.88,2,1
8969,418.026,211.875,2,1
8970,286.958,80.9262,2,1
8971,406.186,4.38879,2,1
8972,144.529,249.211,2,1
8973,53.3208,5.31957,2,1
8974,557.196,60.2751,2,1
8975,591.167,201.291,2,1
8976,12.8147,108.99,2,1
8977,597.839,186.68,2,1
8978,65.2066,40.3232,2,1
8979,287.849,95.2163,2,1
8980,64.6874,240.596,2,1
8981,543.031,192.638,2,1
8982,575.752,175.728,2,1
8983,53.3293,252.811,2,1
8984,204.693,226.305,2,1
8985,580.942,131.059,2,1
8986,165.599,234.393,2,1
8987,579.179,221.112,2,1
8988,48.5104,52.8685,2,1
8989,298.559,242.78,2,1
8990,0.0656382,157.631,2,1
8991,286.599,37.6097,2,1
8992,12.5807,193.16,2,1
8993,282.549,25.4535,2,1
8994,550.986,54.372,2,1
8995,566.609,128.881,2,1
8996,597.34,19.3228,2,1
8997,335.11,269.695,2,1
8998,329.645,132.145,2,1
8999,377.526,139.845,2,1
9000,526.846,99.6652,2,1
9001,419.242,146.321,2,1
9002,471.123,225.545,2,1
9003,564.576,49.6128,2,1
9004,298.601,71.2731,2,1
9005,207.578,101.513,2,1
9006,420.969,195.691,2,1
9007,545.387,256.179,2,1
9008,133.76,2,2,1
9009,498.497,84.4544,2,1
9010,436.311,42.1389,2,1
9011,321.067,70.2173,2,1
9012,447.462,159.182,2,1
9013,517.984,49.1267,2,1
9014,337.46,70.1147,2,1
9015,408.598,189.247,2,1
9016,419.953,237.262,2,1
9017,176.478,254.893,2,1
9018,248.737,94.568,2,1
9019,218.664,267.964,2,1
9020,134.792,226.453,2,1
9021,226.027,237.545,2,1
9022,13.4696,285.032,2,1
9023,464.052,236.575,2,1
9024,205.593,299.709,2,1
9025,433.562,199.481,2,1
9026,525.149,148.465,2,1
9027,588.402,219.307,2,1
9028,212.726,226.329,2,1
9029,462.718,15.5646,2,1
9030,347.948,88.8373,2,1
9031,515.29,153.061,2,1
9032,454.014,3.22856,2,1
9033,60.6862,97.4535,2,1
9034,218.232,174.369,2,1
9035,410.912,192.619,2,1
9036,509.622,54.5817,2,0
9037,471.951,23.6293,2,1
9038,444.988,184.041,2,1
9039,78.1172,220.583,2,1
9040,320.231,234.134,2,1
9041,256.746,267.152,2,1
9042,178.378,32.4408,2,1
9043,504.865,294.509,2,1
9044,555.242,267.288,2,1
9045,404.685,205.727,2,1
9046,302.641,70.9603,2,1
9047,527.281,209.405,2,1
9048,20.217,255.597,2,1
9049,599.618,70.2917,2,1
9050,455.685,33.9027,2,1
9051,285.036,28.7205,2,1
9052,183.956,213.547,2,1
9053,228.022,48.5013,2,1
9054,131.501,243.376,2,1
9055,298.244,155.629,2,1
9056,389.505,150.413,2,1
9057,549.313,188.99,2,1
9058,233.313,156.882,2,1
9059,107.303,18.2165,2,1
9060,69.7614,34.0823,2,1
9061,456.17,279.618,2,1
9062,498.325,111.056,2,1
9063,474.303,268.64,2,1
9064,100.933,222.71,2,1
9065,230.737,134.487,2,1
9066,117.511,160.729,2,1
9067,443.365,102.514,2,1
9068,359.548,202.351,2,1
9069,426.22,227.053,2,1
9070,488.167,2.78786,2,1
9071,174.735,63.2067,2,1
9072,373.002,90.9709,2,1
9073,313.133,200.589,2,1
9074,265.231,33.0767,2,1
9075,431.244,267.407,2,1
9076,161.861,256.46,2,1
9077,327.938,153.486,2,1
9078,139.583,293.193,2,1
9079,511.336,192.421,2,1
9080,3.56173,182.871,2,1
9081,201.122,177.23,2,1
9082,1.18741,89.1713,2,0
9083,308.969,253.684,2,1
9084,539.631,232.166,2,1
9085,597.605,6.39327,2,1
9086,157.118,39.2657,2,1
9087,152.903,243.323,2,1
9088,179.491,122.827,2,1
9089,301.233,23.3841,2,1
9090,400.67,105.8,2,1
9091,483.802,237.299,2,1
9092,529.865,123.491,2,1
9093,419.852,182.322,2,1
9094,261.622,197.33,2,1
9095,89.2394,6.99662,2,1
9096,285.369,271.031,2,1
9097,325.202,129.719,2,1
9098,131.791,158.798,2,1
9099,404.101,264.716,2,1
9100,158.494,127.764,2,1
9101,137.781,141.292,2,1
9102,397.183,256.109,2,1
9103,532.135,232.338,2,1
9104,215.433,57.168,2,1
9105,330.457,82.3823,2,1
9106,201.336,28.7423,2,1
9107,175.294,180.36,2,1
9108,119.007,166.228,2,1
9109,222.154,223.38,2,1
9110,118.535,263.361,2,1
9111,310.91,156.418,2,1
9112,253.933,42.391,2,1
9113,66.2513,36.3583,2,1
9114,105.589,78.5593,2,1
9115,41.0386,184.418,2,1
9116,108.588,28.9034,2,1
9117,419.09,266.644,2,1
9118,66.5171,181.669,2,1
9119,445.352,208.064,2,1
9120,458.851,199.462,2,1
9121,90.5153,126.053,2,1
9122,217.092,166.827,2,1
9123,505.812,163.117,2,1
9124,198.729,120.621,2,1
9125,105.278,47.9532,2,1
9126,466.613,172.58,2,1
9127,29.9018,272.918,2,1
9128,252.34,53.8095,2,1
9129,590.145,275.684,2,1
9130,579.392,152.472,2,1
9131,517.946,187.833,2,1
9132,2.4642,119.155,2,1
9133,115.435,115.681,2,1
9134,292.977,61.7377,2,1
9135,422.878,148.184,2,1
9136,361.283,144.925,2,1
9137,270.625,92.9592,2,1
9138,14.9445,184.573,2,1
9139,364.557,51.9966,2,1
9140,156.685,246.131,2,1
9141,155.68,69.7704,2,1
9142,396.401,2,2,1
9143,574.498,130.26,2,1
9144,135.954,172.065,2,1
9145,426.238,48.629,2,1
9146,596.126,156.66,2,1
9147,350.553,240.493,2,1
9148,317.809,240.935,2,1
9149,518.475,108.204,2,1
9150,120.053,154.846,2,1
9151,251.515,144.857,2,1
9152,366.79,40.5806,2,1
9153,411.796,36.6426,2,1
9154,418.248,120.183,2,1
9155,513.675,199.852,2,1
9156,429.744,121.662,2,1
9157,162.882,65.467,2,1
9158,160.205,149.809,2,1
9159,179.949,168.651,2,1
9160,532.006,42.7177,2,1
9161,147.242,217.331,2,1
9162,237.271,215.739,2,1
9163,22.4388,2.17984,2,1
9164,96.06,213.944,2,1
9165,115.823,36.9664,2,0
9166,212.582,208.522,2,1
9167,172.192,186.695,2,1
9168,43.3602,83.0765,2,1
9169,591.388,175.971,2,1
9170,273.793,149.27,2,1
9171,183.955,255.099,2,1
9172,458.286,49.1337,2,1
9173,365.999,120.441,2,1
9174,575.337,111.591,2,1
9175,34.2851,115.193,2,1
9176,118.112,212.183,2,1
9177,488.003,279.433,2,1
9178,160.607,22.321,2,1
9179,478.734,29.959,2,1
9180,321.008,202.296,2,1
9181,161.485,156.455,2,1
9182,560.381,261.161,2,1
9183,581.004,50.6124,2,1
9184,234.736,248.591,2,1
9185,249.106,265.015,2,1
9186,74.3949,96.828,2,1
9187,329.754,70.8874,2,1
9188,444.126,197.696,2,1
9189,441.793,177.895,2,1
9190,239.826,225.262,2,1
9191,299.774,249.715,2,1
9192,232.079,48.2348,2,1
9193,573.669,243.012,2,1
9194,67.122,277.382,2,1
9195,403.451,20.0529,2,1
9196,433.931,185.132,2,1
9197,258.193,154.174,2,1
9198,555.239,286.672,2,1
9199,333.561,104.839,2,1
9200,309.156,71.6676,2,1
9201,7.13301,166.807,2,1
9202,588.212,130.885,2,1
9203,210.106,254.432,2,1
9204,5.49878,203.09,2,1
9205,353.85,2,2,1
9206,123.672,17.1181,2,1
9207,117.884,56.5127,2,1
9208,101.289,102.309,2,1
9209,403.975,168.165,2,1
9210,183.282,298,2,1
9211,366.042,226.367,2,1
9212,25.4775,60.796,2,1
9213,134.419,279.402,2,1
9214,347.706,207.022,2,1
9215,531.494,172.122,2,1
9216,16.699,225.271,2,1
9217,391.925,9.2662,2,1
9218,224.275,256.816,2,1
9219,447.758,213.635,2,1
9220,253.67,298,2,1
9221,328.343,26.881,2,1
9222,410.713,122.591,2,1
9223,551.307,146.201,2,1
9224,234.858,172.532,2,1
9225,34.337,149.809,2,1
9226,102.547,110.277,2,1
9227,149.617,103.958,2,1
9228,418.121,281.291,2,1
9229,369.398,86.3498,2,1
9230,239.21,43.9624,2,1
9231,69.0558,15.9616,2,1
9232,244.539,218.592,2,1
9233,110.076,34.7142,2,1
9234,221.991,53.6918,2,1
9235,54.6383,57.9349,2,1
9236,187.703,59.3394,2,1
9237,444.314,225.248,2,1
9238,47.188,126.785,2,1
9239,258.882,95.1915,2,1
9240,510.151,250.981,2,1
9241,378.337,254.774,2,1
9242,169.4,81.5018,2,1
9243,230.441,24.6258,2,1
9244,104.49,121.358,2,1
9245,554.313,279.354,2,1
9246,187.55,91.9526,2,1
9247,536.64,188.723,2,1
9248,163.843,283.269,2,1
9249,580.066,140.972,2,1
9250,551.721,22.2766,2,1
9251,483.146,108.355,2,1
9252,571.506,9.09278,2,1
9253,589.867,232.71,2,1
9254,187.085,184.167,2,1
9255,168.089,171.004,2,1
9256,407.163,12.7369,2,1
9257,8.05668,145.497,2,1
9258,192.337,210.068,2,1
9259,185.424,2,2,1
9260,141.663,151.52,2,1
9261,459.124,137.374,2,1
9262,576.828,171.778,2,1
9263,532.51,188.719,2,1
9264,307.803,47.7087,2,1
9265,10.7343,271.69,2,1
9266,12.4091,145.437,2,1
9267,153.851,174.357,2,1
9268,12.703,2,2,1
9269,62.6999,47.816,2,1
9270,549.003,230.409,2,1
9271,272.253,9.95319,2,1
9272,456.244,156.446,2,1
9273,79.7693,91.8682,2,1
9274,582.981,214.53,2,1
9275,231.975,121.961,2,1
9276,147.626,228.683,2,1
9277,64.7765,159.519,2,1
9278,191.58,284.84,2,1
9279,451.746,12.1689,2,1
9280,55.7739,208.501,2,1
9281,367.001,95.0221,2,1
9282,114.182,7.63396,2,1
9283,267.249,87.8485,2,1
9284,47.7662,173.323,2,1
9285,94.32,202.15,2,1
9286,23.5997,204.227,2,1
9287,513.486,134.612,2,1
9288,18.691,130.478,2,1
9289,24.6483,132.501,2,1
9290,283.208,225.111,2,1
9291,511.065,149.64,2,1
9292,5.79591,151.873,2,1
9293,328.367,78.8675,2,1
9294,203.995,280.193,2,1
9295,396.883,226.534,2,1
9296,367.2,135.244,2,1
9297,71.7969,48.6395,2,1
9298,27.614,232.623,2,1
9299,536.096,75.8866,2,1
9300,137.554,282.293,2,1
9301,349.741,195.248,2,1
9302,502.822,298,2,1
9303,507.806,262.957,2,1
9304,452.761,181.573,2,1
9305,60.7026,42.5377,2,1
9306,544.736,81.9504,2,1
9307,269.639,38.6232,2,1
9308,258.906,160.386,2,1
9309,558.079,210.634,2,1
9310,310.494,50.7141,2,1
9311,326.813,92.1781,2,1
9312,175.693,2,2,1
9313,541.558,9.92191,2,1
9314,5.38541,162.511,2,1
9315,75.8278,80.6799,2,1
9316,344.317,123.798,2,1
9317,402.764,113.719,2,1
9318,364.86,128.441,2,1
9319,562.69,109.898,2,1
9320,283.707,2,2,1
9321,349.963,19.3002,2,1
9322,473.466,49.9773,2,1
9323,448.336,225.571,2,1
9324,448.516,182.149,2,1
9325,470.573,209.628,2,1
9326,446.152,166.992,2,1
9327,76.8786,203.183,2,1
9328,456.26,69.6022,2,1
9329,400.634,158.856,2,1
9330,120.927,220.746,2,1
9331,426.778,140.053,2,1
9332,589.137,55.1162,2,1
9333,396.284,134.193,2,1
9334,500.017,261.042,2,1
9335,138.967,169.342,2,1
9336,292.199,274.014,2,1
9337,188.765,108.867,2,1
9338,576.42,97.4521,2,1
9339,570.843,296.146,2,1
9340,559.826,98.965,2,1
9341,450.812,138.226,2,1
9342,556.613,42.3469,2,1
9343,291.716,93.9248,2,1
9344,376.024,18.3063,2,1
9345,229.131,94.1443,2,1
9346,344.144,51.0034,2,1
9347,52.0631,188.948,2,1
9348,74.4476,224.178,2,1
9349,331.872,217.73,2,1
9350,303.033,276.013,2,1
9351,456.893,174.73,2,1
9352,541.988,71.5988,2,1
9353,37.3496,94.7217,2,1
9354,182.906,176.568,2,1
9355,578.896,225.191,2,1
9356,378.953,59.832,2,1
9357,395.342,209.864,2,1
9358,334.143,230.265,2,1
9359,457.11,220.912,2,1
9360,271.436,270.589,2,1
9361,108.513,298,2,1
9362,545.672,150.437,2,1
9363,25.2577,120.741,2,1
9364,332.024,262.779,2,1
9365,416.152,201.17,2,1
9366,510.713,117.361,2,1
9367,52.0751,85.129,2,1
9368,20.3247,178.448,2,1
9369,51.4552,49.9222,2,1
9370,211.963,81.6471,2,1
9371,66.6382,192.232,2,1
9372,190.143,95.1286,2,1
9373,413.889,20.7646,2,1
9374,595.88,109.158,2,1
9375,501.901,94.427,2,1
9376,126.505,214.706,2,1
9377,99.4185,162.931,2,1
9378,265.85,40.3248,2,1
9379,458.671,124.921,2,1
9380,323.638,256.416,2,1
9381,445.254,188.063,2,1
9382,516.356,111.603,2,1
9383,296.461,18.1977,2,1
9384,143.249,40.8578,2,1
9385,27.137,251.656,2,1
9386,402.159,214.05,2,1
9387,42.1495,242.999,2,1
9388,524.334,144.468,2,1
9389,278.531,92.6361,2,1
9390,232.652,92.1988,2,1
9391,455.628,178.721,2,1
9392,175.613,286.933,2,1
9393,142.824,25.7736,2,1
9394,163.046,34.6349,2,1
9395,560.203,22.0049,2,1
9396,213.874,231.434,2,1
9397,486.01,187.984,2,1
9398,572.89,292.322,2,1
9399,440.044,86.5774,2,1
9400,377.62,86.8037,2,1
9401,528.831,127.485,2,1
9402,87.2984,176.974,2,1
9403,130.492,121.98,2,1
9404,489.092,137.673,2,1
9405,138.265,7.42744,2,1
9406,226.87,230.072,2,1
9407,227.144,37.1331,2,1
9408,396.669,178.993,2,1
9409,243.402,130.374,2,1
9410,406.284,233.548,2,1
9411,481.598,130.928,2,1
9412,205.129,78.1838,2,1
9413,419.131,233.244,2,1
9414,408.862,284.426,2,1
9415,338.569,2,2,1
9416,276.347,17.5982,2,1
9417,22.297,51.8704,2,1
9418,111.465,154.319,2,1
9419,459.721,238.033,2,1
9420,510.432,107.228,2,1
9421,375.709,267.604,2,1
9422,526.804,73.1855,2,1
9423,362.191,212.86,2,1
9424,107.556,71.969,2,1
9425,555.52,108.481,2,1
9426,432.83,214.605,2,1
9427,520.534,229.483,2,1
9428,187.862,291.396,2,1
9429,37.0846,185.034,2,1
9430,502.949,290.907,2,1
9431,281.193,157.825,2,1
9432,157.001,92.5386,2,1
9433,108.27,119.792,2,1
9434,67.453,203.768,2,1
9435,140.758,55.4092,2,1
9436,148.878,199.24,2,1
9437,68.0425,63.5605,2,1
9438,287.391,13.0527,2,1
9439,70.4293,218.475,2,1
9440,592.783,106.624,2,1
9441,257.283,177.416,2,1
9442,553.898,149.388,2,1
9443,544.816,58.2864,2,1
9444,184.246,209.507,2,1
9445,494.537,91.654,2,1
9446,470.917,110.913,2,1
9447,486.65,11.5717,2,1
9448,565.994,137.215,2,1
9449,88.0965,112.937,2,1
9450,470.604,169.567,2,1
9451,149.855,182.081,2,1
9452,547.831,116.525,2,1
9453,414.633,163.811,2,1
9454,538.849,239.78,2,1
9455,282.876,66.0657,2,1
9456,206.137,180.366,2,1
9457,545.692,16.4869,2,1
9458,355.743,49.2576,2,1
9459,358.407,214.417,2,1
9460,189.595,146.629,2,1
9461,29.3396,185.953,2,1
9462,237.704,10.4962,2,1
9463,368.921,220.14,2,1
9464,544.937,66.5821,2,1
9465,585.294,78.9581,2,1
9466,539.71,57.1052,2,1
9467,560.58,180.463,2,1
9468,334.199,97.9241,2,1
9469,343.458,113.586,2,1
9470,550.434,273.632,2,1
9471,469.933,89.1294,2,1
9472,227.819,128.992,2,1
9473,73.7059,140.439,2,1
9474,495.87,140.414,2,1
9475,482.75,28.9743,2,1
9476,89.7201,15.8986,2,1
9477,256.791,138.718,2,1
9478,550.478,47.4067,2,1
9479,355.361,12.8802,2,1
9480,303.448,137.904,2,1
9481,562.523,127.322,2,1
9482,437.493,226.169,2,1
9483,425.431,38.2439,2,1
9484,566.914,84.5397,2,1
9485,89.2001,150.23,2,1
9486,432.858,18.307,2,1
9487,82.2961,159.459,2,1
9488,103.922,174.727,2,1
9489,331.637,135.747,2,1
9490,371.453,48.1607,2,1
9491,259.526,274.196,2,1
9492,226.506,25.4441,2,1
9493,558.543,128.354,2,1
9494,6.27759,131.316,2,1
9495,180.342,202.906,2,1
9496,551.09,118.985,2,1
9497,66.4266,163.183,2,1
9498,425.76,111.301,2,1
9499,154.718,56.2044,2,1
9500,274.882,244.081,2,1
9501,524.141,45.0592,2,1
9502,114.15,211.408,2,1
9503,73.485,121.331,2,1
9504,171.518,222.538,2,1
9505,243.229,81.9001,2,1
9506,34.5324,126.982,2,1
9507,433.202,171.222,2,1
9508,563.811,41.4425,2,1
9509,106.234,107.393,2,1
9510,543.575,283.464,2,1
9511,285.639,175.856,2,1
9512,108.581,110.701,2,1
9513,464.488,232.435,2,1
9514,239.071,178.758,2,1
9515,509.509,286.668,2,1
9516,473.679,38.3011,2,1
9517,357.224,172.264,2,1
9518,244.969,134.214,2,1
9519,159.811,89.4075,2,1
9520,237.045,232.842,2,1
9521,211.139,156.661,2,1
9522,76.3709,19.8504,2,1
9523,570.644,233.316,2,1
9524,517.836,294.497,2,1
9525,451.322,197.646,2,1
9526,229.572,89.3039,2,1
9527,101.273,290.493,2,1
9528,367.864,289.048,2,1
9529,29.6861,56.1848,2,1
9530,474.613,134.452,2,1
9531,118.738,249.418,2,1
9532,579.486,163.058,2,1
9533,193.288,50.0087,2,1
9534,120.316,125.885,2,1
9535,275.558,193.889,2,1
9536,225.255,218.667,2,1
9537,498.28,254.068,2,1
9538,67.4504,100.341,2,1
9539,525.577,164.71,2,1
9540,300.12,42.827,2,1
9541,558.337,77.9389,2,1
9542,545.881,72.8419,2,1
9543,229.992,118.387,2,1
9544,470.581,290.806,2,1
9545,319.766,147.55,2,1
9546,333.622,155.197,2,1
9547,177.35,192.234,2,1
9548,317.684,204.773,2,1
9549,308.098,242.035,2,1
9550,526.967,23.3568,2,1
9551,483.904,203.037,2,1
9552,97.6733,225.537,2,1
9553,286.625,145.722,2,1
9554,255.88,238.47,2,1
9555,552.191,127.067,2,1
9556,195.088,259.878,2,1
9557,129.679,103.81,2,1
9558,578.15,119.302,2,1
9559,547.207,279.974,2,1
9560,49.4838,263.543,2,1
9561,560.513,155.142,2,1
9562,322.65,194.741,2,1
9563,281.216,175.139,2,1
9564,289.492,42.2758,2,1
9565,256.734,81.4342,2,1
9566,359.793,264.19,2,1
9567,536.411,265.961,2,1
9568,274.062,186.297,2,1
9569,36.7492,161.697,2,1
9570,202.854,120.938,2,1
9571,417.205,197.206,2,1
9572,337.569,245.793,2,1
9573,320.293,46.3157,2,1
9574,440.1,43.685,2,1
9575,485.974,179.963,2,1
9576,231.531,60.0792,2,1
9577,485.934,84.8928,2,1
9578,17.4529,33.5009,2,1
9579,42.6703,152.881,2,1
9580,484.232,277.883,2,1
9581,322.963,162.327,2,1
9582,501.56,162.077,2,1
9583,59.6322,185.979,2,1
9584,255.764,122.853,2,1
9585,25.1618,16.5052,2,1
9586,400.474,291.027,2,1
9587,459.68,5.64553,2,1
9588,228.352,282.473,2,1
9589,67.7866,259.153,2,1
9590,74.7659,2,2,1
9591,545.319,210.264,2,1
9592,378.775,15.203,2,1
9593,363.751,17.3407,2,1
9594,554.922,117.62,2,1
9595,169.842,20.0107,2,1
9596,382.769,29.4232,2,1
9597,190.338,62.5171,2,1
9598,374.013,105.208,2,1
9599,498.09,18.7019,2,1
9600,131.981,171.413,2,1
9601,465.841,89.3662,2,1
9602,402.078,95.5041,2,1
9603,383.728,298,2,1
9604,13.4276,199.742,2,1
9605,432.893,98.5866,2,1
9606,385.606,147.34,2,1
9607,495.436,170.161,2,1
9608,410.547,246.156,2,1
9609,252.306,161.396,2,1
9610,86.861,129.948,2,1
9611,589.308,78.6723,2,1
9612,414.621,243.804,2,1
9613,509.623,67.7121,2,1
9614,91.7971,71.6348,2,1
9615,169.084,209.823,2,1
9616,242.015,255.821,2,1
9617,519.759,71.6485,2,1
9618,228.75,40.8051,2,1
9619,169.248,16.0157,2,1
9620,334.038,186.345,2,1
9621,376.18,154.268,2,1
9622,23.5391,287.008,2,1
9623,193.537,247.57,2,1
9624,89.3899,279.953,2,1
9625,490.296,126.808,2,1
9626,192.414,43.9804,2,1
9627,390.696,183.411,2,1
9628,324.369,45.9957,2,1
9629,220.242,137.141,2,1
9630,439.629,39.6675,2,1
9631,236.311,120.103,2,1
9632,124.312,97.8343,2,1
9633,489.753,116.232,2,1
9634,355.209,143.92,2,1
9635,127.859,156.746,2,1
9636,348.029,214.393,2,1
9637,119.452,86.0546,2,1
9638,286.873,207.462,2,1
9639,150.923,137.773,2,1
9640,393.049,177.104,2,1
9641,9.8082,17.6275,2,1
9642,74.0139,29.9929,2,1
9643,97.3396,148.402,2,1
9644,576.79,126.878,2,1
9645,444.985,98.5473,2,1
9646,320.739,176.465,2,1
9647,273.08,210.178,2,1
9648,375.368,94.2403,2,1
9649,263.512,269.099,2,1
9650,372.052,108.809,2,1
9651,22.7831,169.888,2,1
9652,275.042,235.047,2,1
9653,23.6562,274.814,2,1
9654,351.631,185.478,2,1
9655,459.466,120.895,2,1
9656,171.163,85.2365,2,1
9657,51.7643,192.975,2,1
9658,301.623,188.502,2,1
9659,598.077,255.948,2,1
9660,110.181,7.73247,2,1
9661,108.298,274.519,2,1
9662,59.4934,206.557,2,1
9663,271.52,69.8242,2,1
9664,498.106,71.5374,2,1
9665,38.0789,173.778,2,1
9666,222.658,189.783,2,1
9667,58.0633,147.269,2,1
9668,145.719,37.6724,2,1
9669,310.8,281.325,2,1
9670,303.14,231.128,2,1
9671,307.047,64.2554,2,0
9672,531.962,195.285,2,1
9673,463.036,25.7903,2,1
9674,254.841,172.71,2,1
9675,381.304,284.263,2,1
9676,418.011,78.2604,2,1
9677,128.447,45.0241,2,1
9678,458.052,298,2,1
9679,360.145,75.4483,2,1
9680,70.2923,153.948,2,1
9681,61.3521,113.907,2,1
9682,44.9558,185.9,2,1
9683,322.247,285.097,2,1
9684,342.332,273.512,2,1
9685,428.88,198.772,2,1
9686,411.507,118.597,2,1
9687,465.51,58.9223,2,1
9688,212.306,244.466,2,1
9689,149.846,225.03,2,1
9690,455.449,133.929,2,1
9691,106.502,236.478,2,1
9692,243.035,164.58,2,1
9693,434.411,125.56,2,1
9694,535.97,282.686,2,1
9695,117.31,78.6976,2,1
9696,19.2047,265.773,2,1
9697,583.594,174.081,2,1
9698,127.002,73.5041,2,1
9699,509.003,278.641,2,1
9700,465.299,220.736,2,1
9701,310.57,83.0924,2,1
9702,30.3618,9.74844,2,1
9703,583.898,142.247,2,1
9704,403.59,14.6907,2,1
9705,128.489,218.269,2,1
9706,380.481,221.317,2,1
9707,357.93,17.16,2,1
9708,302.539,46.1139,2,1
9709,544.136,226.674,2,1
9710,439.464,237.86,2,1
9711,406.416,84.1954,2,1
9712,308.947,143.985,2,1
9713,118.848,234.418,2,1
9714,351.747,22.9242,2,1
9715,114.345,75.817,2,1
9716,507.707,114.706,2,1
9717,560.697,265.235,2,1
9718,163.459,43.9874,2,1
9719,490.023,84.9436,2,1
9720,394.591,74.0754,2,1
9721,474.419,2,2,1
9722,542.596,204.954,2,1
9723,569.88,117.632,2,1
9724,463.247,65.4137,2,1
9725,415.632,235.342,2,1
9726,406.363,294.364,2,1
9727,210.309,57.8106,2,1
9728,593.899,293.735,2,1
9729,450.447,216.733,2,1
9730,463.373,228.454,2,1
9731,6.84493,155.885,2,1
9732,226.012,117.668,2,1
9733,243.205,205.242,2,1
9734,417.434,290.106,2,1
9735,583.488,203.973,2,1
9736,344.815,78.423,2,1
9737,421.646,219.541,2,1
9738,542.558,13.8815,2,1
9739,114.706,120.992,2,1
9740,61.406,222.847,2,1
9741,310.455,42.1182,2,1
9742,287.744,167.612,2,1
9743,68.8115,20.0325,2,1
9744,571.77,258.743,2,1
9745,167.052,136.927,2,1
9746,507.537,205.174,2,1
9747,152.029,166.431,2,1
9748,515.404,203.552,2,1
9749,266.567,243.83,2,1
9750,261.136,157.036,2,1
9751,124.248,228.066,2,1
9752,481.889,224.27,2,1
9753,133.769,79.267,2,1
9754,593.022,223.61,2,1
9755,592.174,155.451,2,1
9756,74.5606,107.217,2,1
9757,219.121,155.89,2,1
9758,96.6919,7.91095,2,1
9759,181.351,106.683,2,1
9760,516.84,115.689,2,1
9761,283.278,13.5724,2,1
9762,142.771,170.64,2,1
9763,320.3,262.725,2,1
9764,497.162,23.1475,2,1
9765,195.47,251.814,2,1
9766,123.851,171.361,2,1
9767,512.778,224.985,2,1
9768,114.05,104.713,2,1
9769,510.533,167.439,2,1
9770,513.164,18.538,2,1
9771,361.108,129.94,2,1
9772,154.59,84.3813,2,1
9773,153.507,298,2,1
9774,146.757,24.6773,2,1
9775,501.806,274.874,2,1
9776,269.507,176.989,2,1
9777,586,264.219,2,1
9778,147.629,254.42,2,1
9779,176.615,196.269,2,1
9780,302.024,5.44237,2,1
9781,559.856,257.037,2,1
9782,360.779,20.1666,2,1
9783,540.75,17.6638,2,1
9784,23.1424,250.644,2,1
9785,328.968,269.155,2,1
9786,486.781,27.9756,2,1
9787,392.923,172.922,2,1
9788,151.764,178.435,2,1
9789,211.704,43.2517,2,1
9790,338.531,157.917,2,1
9791,60.4438,135.736,2,1
9792,242.164,251.781,2,1
9793,216.397,181.308,2,1
9794,434.664,78.1737,2,1
9795,164.388,167.867,2,1
9796,328.328,279.819,2,1
9797,547.653,181.638,2,1
9798,562.829,287.127,2,1
9799,162.501,7.87263,2,1
9800,376.257,191.601,2,1
9801,179.507,44.6661,2,1
9802,264.359,44.757,2,1
9803,506.851,6.3435,2,1
9804,385.393,127.373,2,1
9805,350.907,247.781,2,1
9806,165.237,211.433,2,1
9807,70.2679,28.54,2,1
9808,544.535,62.5024,2,1
9809,89.6576,237.991,2,1
9810,153.868,46.6384,2,1
9811,69.1238,51.9804,2,1
9812,587.625,139.247,2,1
9813,215.38,20.8202,2,1
9814,498.73,298,2,1
9815,179.068,141.791,2,1
9816,340.202,25.2354,2,1
9817,593.987,43.8158,2,1
9818,569.18,106.415,2,1
9819,365.618,241.673,2,1
9820,184.457,267.123,2,1
9821,591.498,236.503,2,1
9822,421.687,2,2,1
9823,268.396,75.0177,2,1
9824,251.837,183.478,2,1
9825,443.929,275.575,2,1
9826,499.68,127.038,2,1
9827,374.596,187.95,2,1
9828,32.6915,131.037,2,1
9829,445.989,2,2,1
9830,457.579,97.9516,2,1
9831,579.627,123.149,2,1
9832,425.057,275.53,2,1
9833,560.498,200.102,2,1
9834,525.098,218.165,2,1
9835,480.258,278.531,2,1
9836,537.33,66.7367,2,1
9837,522.243,166.943,2,1
9838,52.7268,272.541,2,1
9839,310.176,99.5125,2,1
9840,377.574,271.171,2,1
9841,46.9396,256.733,2,1
9842,21.6708,92.2015,2,1
9843,397.765,45.9057,2,1
9844,277.709,74.7011,2,1
9845,131.182,114.38,2,1
9846,434.179,107.31,2,1
9847,520.665,56.8277,2,1
9848,165.461,156,2,1
9849,395.188,278.423,2,1
9850,361.298,114.589,2,1
9851,450.382,249.215,2,1
9852,283.209,43.2377,2,1
9853,191.991,194.539,2,1
9854,422.617,35.2588,2,1
9855,244.618,51.0798,2,1
9856,49.4307,169.023,2,1
9857,321.516,38.4161,2,1
9858,249.845,174.284,2,1
9859,331.665,49.8869,2,1
9860,283.083,87.0788,2,1
9861,168.528,88.3822,2,1
9862,416.067,49.3233,2,1
9863,40.0276,122.183,2,1
9864,239.875,27.6718,2,1
9865,243.564,103.327,2,1
9866,303.209,203.177,2,1
9867,469.586,270.496,2,1
9868,204.765,42.312,2,1
9869,184.128,151.767,2,1
9870,317.835,139.694,2,1
9871,135.415,273.726,2,1
9872,417.649,294.187,2,1
9873,245.978,267.602,2,1
9874,459.037,170.13,2,1
9875,455.238,56.5309,2,1
9876,116.493,226.656,2,1
9877,189.063,231.943,2,1
9878,478.473,146.155,2,1
9879,91.1407,36.4081,2,1
9880,599.059,200.483,2,1
9881,31.3992,38.1717,2,1
9882,254.208,2,2,1
9883,559.055,242.423,2,1
9884,462.386,253.358,2,1
9885,369.61,267.626,2,1
9886,246.213,167.153,2,1
9887,68.2999,45.159,2,1
9888,81.5627,10.8982,2,1
9889,317.112,236.926,2,1
9890,93.2885,155.637,2,1
9891,389.034,25.1942,2,1
9892,533.236,18.267,2,1
9893,466.897,217.065,2,1
9894,238.07,74.2831,2,1
9895,269.789,34.4642,2,1
9896,297.623,258.235,2,1
9897,290.808,156.613,2,1
9898,305.58,23.5599,2,1
9899,223.173,78.722,2,1
9900,141.116,76.6785,2,1
9901,582.591,246.503,2,1
9902,568.282,248.427,2,1
9903,507.681,75.7362,2,1
9904,117.823,15.2187,2,1
9905,165.272,194.779,2,1
9906,315.569,163.111,2,1
9907,518.024,139.075,2,1
9908,517.622,53.1971,2,1
9909,519.633,35.2699,2,1
9910,474.338,283.497,2,1
9911,532.889,105.056,2,1
9912,108.435,133.87,2,1
9913,426.828,117.863,2,1
9914,577.309,13.5644,2,1
9915,183.974,161.818,2,1
9916,6.44166,2.48058,2,1
9917,413.627,275.837,2,1
9918,297.817,66.1214,2,1
9919,570.006,134.383,2,1
9920,331.782,272.072,2,1
9921,369.798,162.542,2,1
9922,539.715,292.599,2,1
9923,431.3,237.707,2,1
9924,257.778,40.9473,2,1
9925,299.196,103.386,2,1
9926,295.978,228.486,2,1
9927,141.383,298,2,1
9928,125.783,202.309,2,1
9929,264.8,115.443,2,1
9930,151.298,41.0795,2,1
9931,143.671,268.867,2,1
9932,29.706,71.6375,2,1
9933,315.625,156.281,2,1
9934,296.278,280.841,2,1
9935,101.717,141.333,2,1
9936,480.635,50.9139,2,1
9937,69.3777,223.892,2,1
9938,53.3821,110.519,2,1
9939,508.192,214.024,2,1
9940,404.424,242.701,2,1
9941,255.142,135.003,2,1
9942,330.064,204.251,2,1
9943,433.168,31.0212,2,1
9944,409.23,39.7512,2,1
9945,534.551,31.7125,2,1
9946,547.132,91.9977,2,1
9947,489.426,14.4584,2,1
9948,265.264,292.7,2,1
9949,595.109,152.562,2,1
9950,282.735,93.1877,2,1
9951,382.692,255.658,2,1
9952,475.693,65.8076,2,1
9953,45.1964,93.3023,2,1
9954,544.997,287.57,2,1
9955,221.397,251.348,2,1
9956,155.729,88.4733,2,1
9957,270.753,183.926,2,1
9958,385.117,151.315,2,1
9959,576.46,265.36,2,1
9960,394.92,231.839,2,1
9961,357.193,68.5189,2,1
9962,472.721,294.222,2,1
9963,96.3775,38.3293,2,1
9964,315.808,290.732,2,1
9965,462.564,2,2,1
9966,361.267,28.1209,2,1
9967,528.98,79.635,2,1
9968,317.751,173.746,2,1
9969,104.561,224.893,2,1
9970,388.07,290.763,2,1
9971,480.279,86.1289,2,1
9972,332.359,280.283,2,1
9973,149.852,60.4665,2,1
9974,94.4881,53.489,2,1
9975,412.031,177.238,2,1
9976,487.38,275.295,2,1
9977,510.047,185.591,2,1
9978,62.1957,18.7447,2,1
9979,237.688,47.7238,2,1
9980,100.354,250.581,2,1
9981,461.596,117.466,2,1
9982,193.407,179.845,2,1
9983,537.989,45.3352,2,1
9984,481.658,116.674,2,1
9985,322.948,246.196,2,1
9986,406.299,281.244,2,1
9987,580.926,126.952,2,1
9988,9.35954,221.322,2,1
9989,465.686,18.4529,2,1
9990,263.936,106.162,2,1
9991,322.781,106.109,2,1
9992,478.243,274.972,2,1
9993,397.721,285.186,2,1
9994,272.04,261.932,2,1
9995,209.974,215.288,2,1
9996,223.788,110.392,2,1
9997,540.328,275.611,2,1
9998,196.826,155.152,2,1
9999,193.838,58.7512,2,1
10000,542.883,218.805,2,1
10001,83.3706,176.044,2,1
10002,536.983,261.754,2,1
10003,94.0123,103.142,2,1
10004,244.571,148.903,2,1
10005,493.654,180.567,2,1
10006,85.2189,181.653,2,1
10007,5.68487,17.8155,2,1
10008,52.6713,239.59,2,1
10009,192.611,214.219,2,1
10010,242.704,107.291,2,1
10011,257.942,295.287,2,1
10012,553.097,261.825,2,1
10013,292.428,116.723,2,1
10014,340.324,13.8006,2,1
10015,226.224,222.631,2,1
10016,256.379,85.5253,2,1
10017,384.451,218.655,2,1
10018,116.731,107.745,2,1
10019,35.8303,73.418,2,1
10020,413.27,15.6713,2,1
10021,216.326,49.6673,2,1
10022,439.379,293.823,2,1
10023,359.776,48.0444,2,1
10024,355.1,247.332,2,1
10025,528.603,283.436,2,1
