id,x,y,radius,is_spanning
0,139.095,155.818,2,1
1,85.0977,270.154,2,1
2,546.416,290.543,2,1
3,131.852,98.0086,2,1
4,278.095,179.856,2,1
5,338.645,132.601,2,1
6,61.0778,59.7264,2,1
7,104.661,12.9675,2,1
8,589.124,73.7937,2,0
9,178.115,261.944,2,1
10,565.545,155.09,2,1
11,274.948,85.4347,2,1
12,587.736,100.952,2,1
13,147.253,17.344,2,1
14,342.589,247.043,2,1
15,282.115,103.396,2,1
16,281.75,147.205,2,1
17,482.194,128.815,2,1
18,560.943,85.3088,2,1
19,249.97,256.055,2,1
20,506.637,70.4876,2,1
21,121.726,174.826,2,1
22,59.2116,81.9156,2,1
23,231.666,156.009,2,1
24,78.6556,263.258,2,1
25,464.855,172.904,2,1
26,134.999,218.131,2,1
27,326.055,279.237,2,1
28,428.436,110.713,2,1
29,489.2,140.469,2,1
30,44.8817,235.601,2,1
31,387.79,34.3556,2,1
32,493.421,112.947,2,1
33,73.3095,37.5995,2,1
34,127.45,216.953,2,1
35,304.914,59.7389,2,1
36,221.639,86.5677,2,1
37,357.417,248.063,2,1
38,306.737,275.736,2,1
39,445.521,190.183,2,1
40,597.046,218.597,2,1
41,125.499,199.319,2,1
42,411.701,282.827,2,1
43,379.687,274.889,2,1
44,172.678,102.863,2,1
45,584.569,162.089,2,1
46,400.693,237.45,2,1
47,590.34,207.679,2,1
48,426.696,82.5157,2,1
49,456.492,146.987,2,1
50,226.063,285.767,2,1
51,562.61,5.5486,2,1
52,230.292,199.733,2,1
53,49.1683,109.554,2,1
54,271.045,187.485,2,1
55,272.525,147.199,2,1
56,381.03,200.874,2,1
57,483.58,284.958,2,1
58,220.011,75.0259,2,1
59,523.749,194.819,2,1
60,321.747,69.5953,2,1
61,370.886,100.577,2,1
62,156.057,268.901,2,1
63,166.124,8.74783,2,1
64,380.311,193.999,2,1
65,515.639,211.52,2,1
66,458.85,57.0405,2,1
67,538.824,208.311,2,1
68,247.617,207.311,2,1
69,570.402,14.4736,2,1
70,350.103,35.7811,2,1
71,138.147,186.654,2,1
72,206.312,271.54,2,1
73,327.036,166.349,2,1
74,534.502,282.575,2,1
75,364.614,113.519,2,1
76,322.837,156.471,2,1
77,594.394,243.112,2,1
78,411.78,94.5736,2,1
79,363.286,81.6145,2,1
80,227.064,105.497,2,1
81,576.101,92.2339,2,1
82,527.638,105.457,2,1
83,591.173,53.5835,2,1
84,353.757,282.012,2,1
85,4.67048,240.024,2,1
86,359.575,52.2795,2,1
87,439.614,156.591,2,1
88,242.441,201.668,2,1
89,325.483,124.293,2,1
90,566.034,104.123,2,1
91,535.809,182.59,2,1
92,379.32,215.616,2,1
93,335.211,29.5415,2,1
94,211.585,187.682,2,1
95,68.8314,43.8514,2,1
96,514.196,236.277,2,1
97,383.729,66.4884,2,1
98,124.528,45.8253,2,1
99,504.877,14.0087,2,1
100,81.8161,91.1432,2,1
101,508.786,58.566,2,1
102,573.998,212.911,2,1
103,317.897,266.089,2,1
104,403.16,187.387,2,1
105,36.3411,252.717,2,1
106,119.382,20.3349,2,1
107,102.736,139.649,2,1
108,269.879,108.444,2,1
109,523.506,132.428,2,1
110,8.84767,2,2,1
111,27.7836,235.457,2,1
112,116.376,9.68028,2,1
113,276.592,147.295,2,1
114,525.158,228.466,2,1
115,516.686,29.0037,2,1
116,345.908,42.6725,2,1
117,353.858,242.012,2,1
118,364.859,9.37648,2,1
119,82.3351,249.638,2,1
120,19.8225,189.383,2,1
121,265.718,271.827,2,1
122,36.6312,228.017,2,1
123,589.932,276.584,2,1
124,194.004,252.172,2,1
125,128.673,78.7719,2,1
126,589.026,2,2,1
127,150.864,50.5369,2,1
128,151.992,159.946,2,1
129,448.604,31.5622,2,1
130,74.8888,159.873,2,1
131,433.701,229.616,2,1
132,116.088,255.578,2,1
133,51.3691,33.4151,2,0
134,217.354,161.029,2,1
135,295.563,124.931,2,1
136,215.526,35.373,2,1
137,70.6523,117.893,2,1
138,65.6252,256.226,2,1
139,539.917,93.2803,2,1
140,278.081,154.301,2,1
141,359.7,104.947,2,1
142,439.983,175.498,2,1
143,506.37,163.122,2,1
144,68.2831,114.447,2,1
145,163.114,221.074,2,1
146,76.3849,256.258,2,1
147,342.909,242.863,2,1
148,52.9195,141.559,2,1
149,507.712,256.614,2,1
150,94.2828,154.949,2,1
151,155.172,298,2,1
152,78.4016,216.806,2,1
153,556.231,177.888,2,1
154,10.1362,192.714,2,1
155,394.132,199.961,2,1
156,369.315,2,2,1
157,415.591,56.2542,2,1
158,350.547,209.966,2,1
159,271.181,151.549,2,1
160,127.239,82.5803,2,1
161,401.326,59.3271,2,1
162,534.103,145.739,2,1
163,133.477,35.6041,2,1
164,339.155,11.1621,2,1
165,383.665,236.863,2,1
166,68.0558,277.743,2,1
167,484.851,58.0821,2,1
168,545.024,187.873,2,1
169,462.806,9.00683,2,1
170,489.641,274.071,2,1
171,55.4372,251.449,2,1
172,349.609,195.829,2,1
173,311.107,279.495,2,1
174,195.096,13.0043,2,1
175,586.687,43.1195,2,1
176,340.245,122.021,2,1
177,489.799,297.334,2,1
178,539.052,251.171,2,1
179,502.67,127.69,2,1
180,427.636,279.963,2,1
181,222.535,260.053,2,1
182,341.474,178.6,2,1
183,163.475,24.2699,2,1
184,456.112,252.117,2,1
185,170.359,278.878,2,1
186,90.1938,64.645,2,1
187,224.655,5.64168,2,1
188,215.911,275.438,2,1
189,165.895,224.532,2,1
190,45.0274,264.253,2,1
191,525.891,257.934,2,1
192,563.791,230.543,2,1
193,47.8191,51.292,2,1
194,111.248,229.988,2,1
195,548.878,206.888,2,1
196,464.857,196.98,2,1
197,28.0582,255.207,2,1
198,430.736,28.6684,2,1
199,343.652,95.0497,2,1
200,288.1,20.6794,2,1
201,153.645,272.133,2,1
202,138.729,282.948,2,1
203,471.274,192.227,2,1
204,95.3443,20.2564,2,1
205,75.6245,53.3777,2,1
206,384.738,211.168,2,1
207,302.643,197.773,2,1
208,156.978,194.617,2,1
209,306.66,250.377,2,1
210,384.494,84.4948,2,1
211,308.349,98.1436,2,1
212,297.348,213.73,2,1
213,103.548,45.0205,2,1
214,472.903,148.386,2,1
215,76.6417,170.969,2,1
216,402.192,283.224,2,1
217,297.15,219.74,2,1
218,106.806,241.482,2,1
219,337.942,159.697,2,1
220,386.214,148.496,2,1
221,28.8571,111.448,2,1
222,185.067,225.539,2,1
223,518.524,129.745,2,1
224,417.451,298,2,1
225,320.509,84.2316,2,1
226,448.182,88.6792,2,1
227,16.0283,104.755,2,1
228,484.349,120.515,2,1
229,269.805,206.434,2,1
230,3.88728,257.46,2,1
231,371.551,206.013,2,1
232,540.974,16.2419,2,1
233,32.7739,196.418,2,1
234,350.392,271.959,2,1
235,576.222,269.829,2,1
236,85.694,165.277,2,1
237,45.3855,288.087,2,1
238,330.614,93.5012,2,1
239,550.563,113.259,2,1
240,264.778,158.272,2,1
241,490.408,84.6007,2,1
242,132.325,208.329,2,1
243,436.98,232.709,2,1
244,102.512,248.861,2,1
245,187.049,293.928,2,1
246,11.2092,244.63,2,1
247,389.857,245.401,2,1
248,185.236,169.769,2,1
249,493.854,189.488,2,1
250,109.282,12.6369,2,1
251,108.806,220.756,2,1
252,380.22,19.9724,2,1
253,433.744,148.275,2,1
254,357.343,292.421,2,1
255,207.399,26.5819,2,1
256,116.244,134.383,2,1
257,518.364,267.78,2,1
258,289.293,211.495,2,1
259,45.772,141.831,2,1
260,534.485,298,2,1
261,213.544,155.059,2,1
262,132.707,79.2969,2,1
263,305.649,39.8313,2,1
264,263.071,236.706,2,1
265,16.2921,72.4878,2,1
266,532.288,287.359,2,1
267,246.44,285.016,2,1
268,185.929,264.78,2,1
269,102.653,9.50205,2,1
270,531.663,188.471,2,1
271,260.427,185.89,2,1
272,199.043,166.808,2,1
273,145.061,219.253,2,1
274,220.41,256.256,2,1
275,247.268,154.489,2,1
276,521.46,71.0198,2,1
277,425.013,86.2523,2,1
278,500.924,103.641,2,1
279,9.17082,206.454,2,1
280,312.479,167.23,2,1
281,411.171,28.0646,2,0
282,340.781,236.903,2,1
283,419.257,15.5015,2,1
284,588.861,9.13868,2,1
285,515.591,150.713,2,1
286,212.937,107.518,2,1
287,535.976,238.643,2,1
288,174.351,242.061,2,1
289,171.83,127.165,2,1
290,556.267,21.2647,2,1
291,596.053,72.98,2,1
292,573.604,262.213,2,1
293,525.99,268.996,2,1
294,283.169,70.359,2,1
295,431.149,294.272,2,1
296,97.6536,266.835,2,1
297,196.686,184.665,2,1
298,208.53,80.9217,2,1
299,293.688,181.308,2,1
300,60.1036,195.796,2,1
301,466.832,69.5063,2,1
302,409.789,217.175,2,1
303,141.283,32.8336,2,1
304,255.144,156.184,2,1
305,85.1076,242.843,2,1
306,501.202,57.4959,2,1
307,273.326,127.12,2,1
308,8.67621,218.701,2,1
309,343.147,80.1736,2,1
310,452.255,211.055,2,1
311,570.35,100.324,2,1
312,12.6082,89.5592,2,1
313,372.22,240.382,2,1
314,591.63,203.844,2,1
315,333.456,137.704,2,1
316,547.599,39.4494,2,1
317,318.458,45.8525,2,1
318,531.235,148.684,2,1
319,117.336,102.799,2,1
320,49.7129,148.992,2,1
321,193.98,23.9345,2,0
322,80.85,95.2072,2,1
323,224.534,164.883,2,1
324,21.0159,38.1206,2,1
325,230.173,187.206,2,1
326,191.829,38.021,2,1
327,1.86691,189.433,2,1
328,434.999,63.1462,2,1
329,379.266,176.063,2,1
330,195.462,52.6172,2,1
331,58.2572,298,2,1
332,176.784,23.9756,2,1
333,480.655,15.5563,2,1
334,313.82,205.564,2,1
335,28.6736,145.764,2,1
336,426.084,150.55,2,1
337,70.9591,246.622,2,1
338,315.565,159.928,2,1
339,566.923,16.5794,2,1
340,77.7699,231.557,2,1
341,289.529,56.8234,2,0
342,336.773,50.2128,2,1
343,275.163,161.113,2,1
344,538.357,290.749,2,1
345,6.6567,275.903,2,1
346,201.229,58.3692,2,1
347,82.6867,185.847,2,1
348,172.255,176.913,2,1
349,388.307,286.807,2,1
350,315.884,87.2751,2,1
351,501.455,281.473,2,1
352,558.008,104.238,2,1
353,105.101,209.882,2,1
354,356.096,120.619,2,1
355,563.434,147.1,2,1
356,266.949,173.072,2,1
357,232.755,127.536,2,1
358,299.732,101.941,2,1
359,425.86,38.4387,2,1
360,454.359,106.431,2,1
361,138.338,243.869,2,1
362,509.479,155.637,2,1
363,243.681,74.0427,2,1
364,139.68,293.941,2,1
365,469.982,155.994,2,1
366,129.037,197.453,2,1
367,585.25,285.066,2,1
368,593.829,234.613,2,1
369,398.501,66.2279,2,1
370,577.777,101.436,2,1
371,461.201,71.6771,2,1
372,591.62,264.772,2,1
373,510.292,72.3465,2,1
374,439.211,263.244,2,1
375,405.976,64.4766,2,1
376,445.133,264.276,2,1
377,141.96,261.982,2,1
378,522.96,37.1367,2,1
379,271.999,47.9844,2,1
380,538.558,109.417,2,1
381,231.332,236.639,2,1
382,369.149,127.505,2,1
383,10.8149,229.725,2,1
384,445.641,298,2,1
385,172.075,46.6832,2,1
386,308.505,86.3178,2,1
387,531.391,245.437,2,1
388,524.045,6.00904,2,1
389,1.51295,92.4722,2,1
390,360.754,262.497,2,1
391,318.694,254.946,2,1
392,13.1247,31.1689,2,1
393,481.71,154.776,2,1
394,391.764,34.8452,2,1
395,428.723,48.2875,2,1
396,578.538,255.841,2,1
397,549.35,84.8451,2,1
398,122.05,111.463,2,1
399,44.253,158.296,2,1
400,91.2656,252.345,2,1
401,171.97,290.028,2,1
402,77.8049,131.246,2,1
403,107.627,177.086,2,1
404,14.2168,27.2532,2,1
405,554.693,191.55,2,1
406,386.854,99.9979,2,1
407,51.9987,180.23,2,1
408,469.808,244.465,2,1
409,421.312,76.8896,2,1
410,594.215,225.184,2,1
411,443.041,167.949,2,1
412,106.663,217.352,2,1
413,201.553,232.786,2,1
414,195.951,59.4117,2,1
415,436.064,282.79,2,1
416,386.768,60.1624,2,1
417,130.117,220.032,2,1
418,572.072,63.4106,2,1
419,392.274,75.8949,2,1
420,74.6883,29.8004,2,1
421,370.426,62.6297,2,1
422,406.031,191.099,2,1
423,426.658,94.5657,2,1
424,403.656,201.725,2,1
425,319.871,209.782,2,1
426,103.564,229.636,2,1
427,229.622,96.5764,2,1
428,137.209,121.486,2,1
429,304.493,287.336,2,1
430,552.905,260.596,2,1
431,501.557,146.828,2,1
432,556.854,159.547,2,1
433,104.198,89.9504,2,1
434,35.3142,92.2618,2,1
435,289.905,237.179,2,1
436,94.1698,127.913,2,1
437,136.05,175.547,2,1
438,282.54,94.204,2,1
439,290.442,121.979,2,1
440,243.77,239.397,2,1
441,78.9272,252.458,2,1
442,311.124,208.958,2,1
443,542.377,176.122,2,1
444,33.1567,2,2,1
445,94.4489,143.799,2,1
446,234.666,187.303,2,1
447,536.863,132.663,2,1
448,202.331,10.6345,2,1
449,395.507,194.924,2,1
450,293.955,238.099,2,1
451,540.288,130.454,2,1
452,446.498,2,2,1
453,579.314,156.567,2,1
454,41.2912,2,2,1
455,123.002,136.864,2,1
456,115.446,293.314,2,1
457,23.3776,50.9305,2,1
458,301.819,207.205,2,1
459,483.561,144.622,2,1
460,457.315,207.891,2,1
461,548.194,251.397,2,1
462,398.142,153.813,2,1
463,327.542,178.732,2,1
464,11.4354,175.635,2,1
465,222.877,213.404,2,1
466,52.3729,293.066,2,1
467,86.4753,85.6598,2,1
468,170.742,86.9681,2,1
469,462.466,257.457,2,1
470,303.338,278.104,2,1
471,289.081,219.51,2,1
472,416.631,263.64,2,1
473,60.8466,17.0523,2,1
474,564.941,187.247,2,1
475,539.062,223.726,2,1
476,142.624,87.4243,2,1
477,185.167,231.867,2,1
478,448.76,209.002,2,1
479,511.694,184.899,2,1
480,108.893,265.798,2,1
481,392.136,131.501,2,1
482,31.3151,46.6398,2,0
483,306.356,266.169,2,1
484,154.06,183.288,2,1
485,117.954,173.088,2,1
486,23.3982,20.777,2,1
487,361.197,16.6629,2,1
488,91.0277,76.4765,2,0
489,366.837,27.0146,2,1
490,567.353,76.2019,2,1
491,381.769,30.7404,2,1
492,57.8233,156.073,2,1
493,335.275,121.29,2,1
494,520.271,294.412,2,1
495,243.477,165.854,2,1
496,37.0999,272.669,2,1
497,348.467,102.375,2,1
498,545.949,30.2475,2,1
499,460.078,272.183,2,1
500,272.66,230.707,2,1
501,432.367,108.183,2,1
502,507.328,230.014,2,1
503,578.923,38.6052,2,1
504,30.3766,262.095,2,1
505,563.589,62.764,2,1
506,11.0345,81.6418,2,1
507,523.586,276.775,2,1
508,13.4173,232.804,2,1
509,158.31,82.0454,2,1
510,371.088,175.531,2,1
511,599.451,70.74,2,1
512,49.2008,158.736,2,1
513,4.23481,228.158,2,1
514,277.216,108.983,2,1
515,523.843,32.9964,2,1
516,572.019,271.429,2,1
517,375.839,63.8349,2,1
518,409.979,184.035,2,1
519,320.481,226.99,2,1
520,223.438,197.89,2,1
521,120.554,243.319,2,1
522,50.9945,245.564,2,1
523,419.169,33.8305,2,1
524,36.7858,177.855,2,1
525,527.496,132.804,2,1
526,573.649,234.911,2,1
527,312.403,219.459,2,1
528,387.525,68.3018,2,1
529,257.472,40.4768,2,1
530,520.751,100.962,2,1
531,192.792,282.401,2,1
532,246.554,191.116,2,1
533,543.649,33.5283,2,1
534,200.983,133.552,2,1
535,293.234,162.259,2,1
536,457.31,170.082,2,1
537,485.775,265.66,2,1
538,200.089,245.408,2,1
539,189.62,251.993,2,1
540,229.193,125.668,2,1
541,103.917,262.41,2,1
542,521.233,40.9075,2,1
543,246.592,118.381,2,1
544,229.708,162.979,2,1
545,419.47,250.736,2,1
546,387.029,139.428,2,1
547,503.083,271.059,2,1
548,342.84,130.594,2,1
549,348.082,39.2391,2,1
550,400.517,113.25,2,1
551,342.896,206.115,2,1
552,162.819,72.1263,2,1
553,496.32,140.675,2,1
554,28.6388,49.8792,2,1
555,299.225,201.151,2,1
556,224.126,89.8166,2,1
557,307.213,114.048,2,1
558,176.28,203.305,2,1
559,85.6172,234.895,2,1
560,409.764,149.632,2,1
561,166.516,34.7005,2,1
562,118.916,137.59,2,1
563,476.668,262.602,2,1
564,430.375,96.0593,2,1
565,271.223,159.815,2,1
566,249.671,115.582,2,1
567,452.122,252.425,2,1
568,352.998,75.3337,2,1
569,40.442,245.624,2,1
570,19.4519,5.72064,2,1
571,346.511,117.387,2,1
572,496.796,230.192,2,1
573,573.895,153.983,2,1
574,143.749,165.177,2,1
575,302.064,290.525,2,1
576,62.4188,9.72656,2,1
577,2.83016,281.887,2,1
578,114.438,146.133,2,1
579,129.617,286.515,2,1
580,4.36427,178.985,2,1
581,401.281,156.326,2,1
582,113.917,233.436,2,1
583,353.842,274.137,2,1
584,472.066,283.832,2,1
585,5.26066,205.218,2,1
586,26.0214,128.751,2,1
587,1.16093,9.05745,2,1
588,444.854,146.923,2,1
589,202.073,248.919,2,1
590,94.8525,226.766,2,1
591,80.0759,74.7217,2,1
592,186.32,173.877,2,1
593,533.004,271.785,2,1
594,81.8853,279.841,2,1
595,581.283,16.4686,2,1
596,371.159,91.2092,2,1
597,218.863,24.2284,2,1
598,29.9172,79.0219,2,1
599,71.9282,276.512,2,1
600,541.946,85.5277,2,1
601,412.383,44.4676,2,1
602,219.842,228.401,2,1
603,361.201,215.803,2,1
604,111.68,178.059,2,1
605,236.3,137.541,2,1
606,266.277,52.8269,2,1
607,100.506,91.503,2,1
608,252.197,262.142,2,1
609,25.9873,80.2923,2,1
610,330.167,278.248,2,1
611,53.8064,242.545,2,1
612,303.354,138.596,2,1
613,211.119,126.691,2,1
614,273.293,43.3765,2,1
615,491.775,122.981,2,1
616,73.7679,268.42,2,1
617,290.365,39.7132,2,1
618,164.521,75.8293,2,1
619,213.623,119.866,2,1
620,114.273,270.215,2,1
621,299.611,263.575,2,1
622,404.817,122.779,2,1
623,478.775,190.455,2,1
624,299.844,253.306,2,1
625,262.324,30.2647,2,1
626,115.824,237.059,2,1
627,215.333,216.946,2,1
628,155.88,293.957,2,1
629,334.76,133.847,2,1
630,542.046,73.1176,2,1
631,381.087,293.98,2,1
632,566.494,131.315,2,1
633,423.546,228.391,2,1
634,543.791,168.346,2,1
635,385.618,261.18,2,1
636,171.088,244.42,2,1
637,520.844,250.405,2,1
638,252.618,243.274,2,1
639,77.1118,68.8014,2,1
640,556.338,217.929,2,1
641,493.303,117.635,2,1
642,121.621,103.499,2,1
643,81.6669,209.993,2,1
644,361.036,249.947,2,1
645,377.985,98.9347,2,1
646,560.663,30.7449,2,1
647,211.143,284.703,2,1
648,478.937,126.405,2,1
649,282.789,143.148,2,1
650,374.039,97.9272,2,1
651,28.1676,91.0247,2,1
652,274.761,209.073,2,1
653,221.734,31.856,2,1
654,115.256,241.028,2,1
655,158.622,18.39,2,1
656,538.442,197.121,2,1
657,239.632,219.557,2,1
658,455.427,85.2243,2,1
659,492.987,71.7009,2,1
660,110.189,124.604,2,1
661,14.9561,246.341,2,1
662,291.176,165.716,2,1
663,28.7415,30.1684,2,1
664,17.413,9.25202,2,1
665,580.031,231.826,2,1
666,34.231,260.596,2,1
667,583.094,155.03,2,1
668,363.94,280.747,2,1
669,319.45,154.153,2,1
670,340.705,162.71,2,1
671,337.466,144.704,2,1
672,499.434,43.8443,2,1
673,243.518,129.28,2,1
674,546.337,107.43,2,1
675,134.105,263.955,2,1
676,32.2097,245.655,2,1
677,5.02846,186.835,2,1
678,274.138,111.622,2,1
679,170.136,95.2834,2,1
680,136.043,5.83827,2,1
681,473.524,6.32635,2,1
682,318.199,288.761,2,1
683,232.79,196.507,2,1
684,14.3767,108.523,2,1
685,65.7602,66.3406,2,1
686,41.895,165.967,2,1
687,182.574,5.73109,2,1
688,485.19,140.875,2,1
689,260.145,95.6466,2,1
690,427.366,26.3456,2,1
691,423.866,153.921,2,1
692,259.938,254.118,2,1
693,245.726,187.108,2,1
694,50.4152,152.95,2,1
695,184.651,283.119,2,1
696,50.6671,298,2,1
697,423.999,157.952,2,1
698,594.388,23.72,2,0
699,319.722,176.304,2,1
700,322.665,206.87,2,1
701,168.941,113.491,2,1
702,49.7739,211.354,2,1
703,442.337,238.876,2,1
704,484.358,37.0045,2,1
705,193.7,189.625,2,1
706,12.2299,163.161,2,1
707,51.6438,52.6343,2,1
708,258.214,283.278,2,1
709,597.129,232.217,2,1
710,300.429,5.37733,2,1
711,242.609,254.475,2,1
712,167.161,220.709,2,1
713,118.445,252.245,2,1
714,279.112,281.756,2,1
715,332.099,270.086,2,1
716,494.919,277.834,2,1
717,147.581,190.829,2,1
718,114.234,202.243,2,1
719,332.882,184.082,2,1
720,307.688,94.1003,2,1
721,490.984,76.4965,2,0
722,304.815,23.0111,2,1
723,585.542,299.86,2,1
724,90.7672,287.6,2,1
725,272.029,52.0947,2,1
726,458.069,37.6609,2,1
727,369.072,145.527,2,1
728,378.548,144.549,2,1
729,197.841,270.316,2,1
730,453.723,298,2,1
731,98.867,46.0716,2,1
732,465.11,272.354,2,1
733,591.819,67.3048,2,1
734,78.0591,9.66261,2,1
735,415.159,128.325,2,1
736,549.154,27.7642,2,1
737,199.782,298,2,1
738,472.693,290.904,2,1
739,440.639,247.046,2,1
740,111.054,174.099,2,1
741,553.019,86.7148,2,1
742,112.602,31.0262,2,1
743,566.936,23.8158,2,1
744,100.274,32.9578,2,1
745,512.975,15.7563,2,1
746,542.839,209.036,2,1
747,458.726,2,2,1
748,216.218,91.94,2,1
749,251.421,217.001,2,1
750,462.954,152.685,2,1
751,157.642,169.383,2,1
752,144.209,203.991,2,1
753,293.424,55.427,2,1
754,519.924,243.143,2,1
755,472.371,168.985,2,1
756,103.003,201.823,2,1
757,386.219,207.414,2,1
758,376.217,186.924,2,1
759,590.931,153.449,2,1
760,390.484,188.487,2,1
761,486.884,220.041,2,1
762,207.118,293.969,2,1
763,278.891,171.67,2,1
764,212.053,39.0238,2,1
765,122.468,252.932,2,1
766,427.15,219.942,2,1
767,539.483,236.659,2,1
768,355.571,125.375,2,1
769,455.697,59.6639,2,1
770,235.657,75.035,2,1
771,572.577,224.141,2,1
772,7.96202,247.111,2,1
773,161.682,53.4593,2,1
774,425.846,231.705,2,1
775,336.912,283.322,2,1
776,309.809,170.245,2,1
777,562.791,142.269,2,1
778,357.186,2,2,1
779,286.013,298,2,1
780,541.759,81.2587,2,1
781,372.236,121.555,2,1
782,327.918,192.946,2,1
783,529.312,152.248,2,1
784,320.217,22.4261,2,1
785,151.152,152.024,2,1
786,429.796,161.922,2,1
787,226.024,180.409,2,1
788,469.401,5.84287,2,1
789,163.347,96.6069,2,0
790,378.447,76.2555,2,1
791,253.365,178.39,2,1
792,404.575,90.9115,2,1
793,349.514,226.921,2,1
794,392.456,83.759,2,1
795,222.99,18.5306,2,1
796,147.197,26.9304,2,1
797,25.5648,17.2369,2,1
798,492.106,193.124,2,1
799,98.3399,155.977,2,1
800,538.24,74.6584,2,1
801,151.462,224.238,2,1
802,411.057,134.025,2,1
803,368.921,257.971,2,1
804,63.3988,63.0347,2,1
805,270.717,194.006,2,1
806,454.001,167.698,2,1
807,129.263,69.8914,2,0
808,511.466,167.026,2,1
809,96.3252,60.7714,2,1
810,16.4046,275.088,2,1
811,256.086,215.163,2,1
812,199.112,199.747,2,1
813,472.446,33.6395,2,1
814,327.578,115.681,2,1
815,191.836,50.7012,2,1
816,45.3344,2,2,1
817,517.215,146.549,2,1
818,41.4971,19.1503,2,1
819,434.532,286.604,2,1
820,355.319,5.5734,2,1
821,358.871,169.702,2,1
822,380.326,234.331,2,1
823,273.772,218.88,2,1
824,487.416,45.708,2,1
825,246.044,271.482,2,1
826,168.787,2,2,1
827,366.117,39.8555,2,1
828,84.4701,5.53358,2,1
829,0.448452,158.278,2,1
830,115.379,99.2956,2,1
831,203.139,293.483,2,1
832,553.298,174.895,2,1
833,362.733,224.077,2,1
834,252.37,220.982,2,1
835,529.376,18.4858,2,1
836,11.4191,260.752,2,1
837,311.397,129.247,2,1
838,159.011,161.097,2,1
839,360.792,9.30214,2,1
840,196.725,283.239,2,1
841,257.066,118.133,2,1
842,379.385,54.7895,2,1
843,36.6632,217.555,2,1
844,431.124,44.5937,2,0
845,241.873,64.3129,2,1
846,103.001,167.119,2,1
847,445.899,96.7077,2,1
848,192.601,185.696,2,1
849,204.36,184.33,2,1
850,337.819,170.289,2,1
851,314.497,223.172,2,1
852,65.5225,185.591,2,1
853,375.736,119.558,2,1
854,572.394,82.4385,2,1
855,239.515,119.206,2,1
856,66.4922,73.3187,2,1
857,598.5,62.7204,2,1
858,22.9452,215.055,2,1
859,159.998,121.448,2,1
860,340.445,23.4372,2,1
861,53.0973,157.829,2,1
862,127.684,246.82,2,1
863,470.738,235.476,2,1
864,427.838,12.3645,2,1
865,104.186,221.364,2,1
866,542.898,157.167,2,1
867,273.101,286.54,2,1
868,329.695,64.7997,2,1
869,284.93,130.371,2,1
870,461.595,265.121,2,1
871,212.939,171.302,2,1
872,261.445,200.563,2,1
873,200.515,177.576,2,1
874,116.604,180.962,2,1
875,560.35,209.601,2,1
876,29.19,181.914,2,1
877,436.418,90.5918,2,1
878,485.843,33.1743,2,1
879,81.5626,233.201,2,1
880,137.081,32.9198,2,1
881,142.099,83.3699,2,1
882,135.573,43.9015,2,1
883,408.639,278.843,2,1
884,275.203,253.982,2,1
885,164.456,117.628,2,1
886,130.095,61.3111,2,1
887,101.894,163.189,2,1
888,178.324,9.26869,2,1
889,137.851,60.0182,2,1
890,577.006,110.942,2,1
891,143.117,125.477,2,1
892,234.96,67.2044,2,1
893,465.705,18.7423,2,1
894,166.624,126.159,2,1
895,467.942,219.968,2,1
896,344.134,69.3109,2,1
897,242.829,116.819,2,1
898,331.494,84.1607,2,1
899,72.1436,76.6075,2,1
900,431.415,113.575,2,1
901,591.374,195.93,2,1
902,369.984,189.827,2,1
903,326.151,104.62,2,1
904,51.9447,249.494,2,1
905,303.123,233.903,2,1
906,56.2864,123.337,2,1
907,335.29,173.391,2,1
908,437.608,119.552,2,1
909,220.907,172.667,2,1
910,251.956,96.1553,2,1
911,297.968,290.72,2,1
912,144.674,193.779,2,1
913,11.8361,77.6786,2,1
914,578.037,115.048,2,1
915,62.0693,225.336,2,1
916,89.9619,153.71,2,1
917,376.075,19.9179,2,1
918,12.2875,135.6,2,1
919,229.834,260.565,2,1
920,588.635,27.5108,2,0
921,311.304,116.297,2,1
922,403.876,213.931,2,1
923,46.0768,280,2,1
924,491.413,22.2499,2,1
925,410.493,191.02,2,1
926,425.813,242.857,2,1
927,458.269,62.819,2,1
928,547.363,193.928,2,1
929,60.352,240.899,2,1
930,0.818555,116.129,2,1
931,279.077,20.6098,2,1
932,170.507,232.105,2,1
933,316.262,50.6411,2,1
934,581.886,289.935,2,1
935,273.464,66.9797,2,1
936,454.769,67.3409,2,1
937,596.12,178.98,2,1
938,148.824,229.99,2,1
939,293.975,173.346,2,1
940,378.07,190.59,2,1
941,428.012,22.3593,2,1
942,577.662,235.254,2,1
943,99.1814,121.576,2,1
944,94.8446,77.7638,2,0
945,441.1,220.2,2,1
946,382.439,114.998,2,1
947,431.868,252.445,2,1
948,47.0559,155.29,2,1
949,156.511,46.3489,2,1
950,169.582,106.854,2,1
951,365.801,23.147,2,1
952,359.141,97.3369,2,1
953,149.807,187.48,2,1
954,450.629,9.62736,2,1
955,289.681,260.972,2,1
956,210.069,161.652,2,1
957,456.617,12.4843,2,1
958,208.465,153.676,2,1
959,354.295,174.336,2,1
960,74.5064,234.189,2,1
961,500.194,193.319,2,1
962,223.185,149.812,2,1
963,360.128,93.408,2,1
964,497.22,57.0839,2,1
965,135.988,205.958,2,1
966,4.17961,245.535,2,1
967,418.808,93.3839,2,1
968,203.05,6.54572,2,1
969,471.078,123.753,2,1
970,383.069,245.018,2,1
971,260.803,181.472,2,1
972,531.563,192.518,2,1
973,555.849,168.362,2,1
974,513.35,106.874,2,1
975,148.659,239.02,2,1
976,491.407,240.414,2,1
977,470.213,119.784,2,1
978,10.1243,151.388,2,1
979,443.537,278.589,2,1
980,302.037,180.24,2,1
981,310.304,222.926,2,1
982,163.235,228.727,2,1
983,167.212,229.805,2,1
984,552.31,16.8376,2,1
985,149.99,66.2707,2,1
986,26.6522,228.198,2,1
987,153.561,56.3499,2,1
988,594.37,96.2925,2,1
989,586.792,60.4551,2,1
990,279.54,91.254,2,1
991,132.631,15.4231,2,1
992,458.181,258.087,2,1
993,374.113,16.3718,2,1
994,415.857,140.198,2,1
995,141.766,251.011,2,1
996,143.105,207.865,2,1
997,277.379,183.844,2,1
998,437.12,249.104,2,1
999,575.861,80.2428,2,1
1000,51.9402,86.6792,2,1
1001,374.215,290.246,2,1
1002,16.0098,190.859,2,1
1003,495.648,144.687,2,1
1004,375.195,101.828,2,1
1005,40.1384,157.86,2,1
1006,457.176,44.4218,2,1
1007,45.5075,117.492,2,1
1008,78.7782,178.822,2,1
1009,393.233,277.895,2,1
1010,576.751,224.555,2,1
1011,281.779,156.725,2,1
1012,332.349,61.6561,2,1
1013,255.658,130.711,2,1
1014,38.3465,259.705,2,1
1015,48.0367,252.389,2,1
1016,376.32,240.371,2,1
1017,478.771,287.971,2,1
1018,546.141,243.425,2,1
1019,54.9649,163.64,2,1
1020,394.602,159.82,2,1
1021,308.417,144.674,2,1
1022,521.862,290.612,2,1
1023,110.647,258.351,2,1
1024,85.1409,16.2229,2,1
1025,289.226,194.08,2,1
1026,572.875,107.255,2,1
1027,386.864,160.12,2,1
1028,292.455,191.401,2,1
1029,387.322,294.286,2,1
1030,398.823,149.648,2,1
1031,61.5402,48.7809,2,0
1032,311.908,188.961,2,1
1033,195.021,105.309,2,1
1034,348.306,148.515,2,1
1035,290.222,268.981,2,1
1036,422.636,83.022,2,1
1037,359.236,13.0578,2,1
1038,592.959,298,2,1
1039,353.389,155.655,2,1
1040,21.3388,233.346,2,1
1041,413.751,67.0975,2,1
1042,227.437,184.165,2,1
1043,296.238,168.717,2,1
1044,553.93,226.755,2,1
1045,584.911,56.762,2,0
1046,146.673,176.639,2,1
1047,325.588,220.627,2,1
1048,269.335,127.541,2,1
1049,338.309,2,2,1
1050,404.125,111.31,2,1
1051,453.148,163.723,2,1
1052,444.763,37.9637,2,1
1053,173.391,184.237,2,1
1054,582.827,79.0458,2,1
1055,561.56,195.327,2,1
1056,317.391,246.784,2,1
1057,345.8,261.897,2,1
1058,405.382,107.355,2,1
1059,451.794,159.802,2,1
1060,8.32346,178.365,2,1
1061,459.888,232.066,2,1
1062,264.863,177.026,2,1
1063,165.98,198.901,2,1
1064,444.137,88.3315,2,1
1065,100.641,269.621,2,1
1066,105.472,97.5492,2,1
1067,136.448,94.6422,2,1
1068,361.661,253.957,2,1
1069,555.876,48.4584,2,1
1070,180.913,225.902,2,1
1071,443.597,108.432,2,1
1072,332.153,2,2,1
1073,497.302,105.376,2,1
1074,345.415,113.436,2,1
1075,540.483,294.454,2,1
1076,324.772,50.5124,2,1
1077,243.386,27.3782,2,0
1078,479.444,144.942,2,1
1079,55.2804,184.888,2,1
1080,504.036,83.6851,2,1
1081,514.333,115.118,2,1
1082,206.803,241.48,2,1
1083,351.807,199.608,2,1
1084,210.696,261.9,2,1
1085,481.204,5.4557,2,1
1086,303.405,66.2809,2,1
1087,230.59,59.181,2,1
1088,32.8044,110.265,2,1
1089,283.951,200.462,2,1
1090,113.077,150.058,2,1
1091,111.906,188.183,2,1
1092,405.695,276.116,2,1
1093,438.361,2,2,1
1094,20.1155,71.0918,2,1
1095,568.879,108.178,2,1
1096,330.775,252.656,2,1
1097,363.867,235.01,2,1
1098,8.41322,287.621,2,1
1099,185.254,17.0323,2,1
1100,53.1297,196.717,2,1
1101,517.979,77.3881,2,1
1102,311.73,93.1425,2,1
1103,259.41,212.92,2,1
1104,165.637,173.434,2,1
1105,163.724,49.9131,2,1
1106,178.552,193.083,2,1
1107,594.226,46.3526,2,1
1108,5.08803,94.453,2,1
1109,474.221,97.3462,2,1
1110,549.644,32.1255,2,1
1111,297.153,240.611,2,1
1112,132.092,127.686,2,1
1113,194.127,147.302,2,1
1114,384.14,232.781,2,1
1115,181.125,76.0986,2,1
1116,129.586,290.537,2,1
1117,124.892,156.299,2,1
1118,230.731,141.607,2,1
1119,58.64,56.4697,2,1
1120,340.826,19.333,2,1
1121,427.551,102.713,2,1
1122,59.9595,265.436,2,1
1123,194.105,278.089,2,1
1124,305.617,4.79689,2,1
1125,32.6277,292.713,2,1
1126,232.315,35.2325,2,1
1127,72.3723,150.666,2,1
1128,15.5343,250.342,2,1
1129,64.3747,174.355,2,1
1130,163.946,213.397,2,1
1131,38.5483,181.526,2,1
1132,391.452,294.245,2,1
1133,222.151,12.608,2,1
1134,443.238,178.28,2,1
1135,300.585,257.56,2,1
1136,304.789,183.154,2,1
1137,324.637,210.498,2,1
1138,212.232,277.056,2,1
1139,27.1108,94.9782,2,1
1140,251.938,22.9902,2,1
1141,167.764,13.0814,2,1
1142,182.441,67.6172,2,1
1143,125.708,191.189,2,1
1144,473.625,174.857,2,1
1145,442.68,285.97,2,1
1146,301.331,62.8294,2,1
1147,313.35,212.4,2,1
1148,368.881,10.1455,2,1
1149,258.885,173.148,2,1
1150,176.653,250.5,2,1
1151,529.035,117.568,2,1
1152,93.0727,290.918,2,1
1153,5.55672,182.823,2,1
1154,190.164,279.314,2,1
1155,74.0318,91.9913,2,1
1156,434.511,240.654,2,1
1157,307.051,279.774,2,1
1158,61.6975,257.179,2,1
1159,148.432,23.065,2,1
1160,469.797,115.75,2,1
1161,476.715,75.8844,2,1
1162,89.1105,213.289,2,1
1163,21.7899,90.7067,2,1
1164,440.893,116.847,2,1
1165,468.975,139.166,2,1
1166,52.5443,264.774,2,1
1167,366.561,84.7482,2,1
1168,69.2855,294.272,2,1
1169,593.015,42.3908,2,0
1170,8.47124,96.7029,2,0
1171,238.344,275.675,2,1
1172,332.665,14.8318,2,1
1173,17.2493,234.003,2,1
1174,389.553,80.8213,2,1
1175,320.004,2,2,1
1176,513.102,146.603,2,1
1177,253.004,117.979,2,1
1178,32.981,268.716,2,1
1179,376.351,147.984,2,1
1180,408.013,187.571,2,1
1181,554.171,44.6558,2,1
1182,507.611,196.396,2,1
1183,269.031,286.065,2,1
1184,173.106,25.7057,2,1
1185,8.75804,222.721,2,1
1186,265.606,6.94278,2,1
1187,47.6554,103.397,2,1
1188,82.1939,163.118,2,1
1189,70.8067,265.722,2,1
1190,42.2933,161.834,2,1
1191,66.1757,252.182,2,1
1192,597.825,188.854,2,1
1193,6.01489,28.5289,2,1
1194,481.218,183.841,2,1
1195,396.421,260.997,2,1
1196,121.711,193.448,2,1
1197,56.1533,86.0575,2,1
1198,479.692,271.715,2,1
1199,134.851,183.918,2,1
1200,284.417,242.965,2,1
1201,344.908,76.5055,2,1
1202,401.348,82.1421,2,1
1203,310.99,112.234,2,1
1204,47.9733,180.744,2,1
1205,546.681,210.355,2,1
1206,79.8687,206.217,2,1
1207,231.287,182.65,2,1
1208,239.144,114.814,2,1
1209,302.451,267.043,2,1
1210,39.8597,86.7515,2,1
1211,449.35,188.811,2,1
1212,290.074,52.6492,2,1
1213,540.385,254.988,2,1
1214,371.845,26.7586,2,1
1215,535.259,206.495,2,1
1216,184.147,59.9017,2,1
1217,290.996,2,2,1
1218,455.768,229.034,2,1
1219,435.36,278.8,2,1
1220,196.95,134.251,2,1
1221,114.46,2,2,1
1222,415.646,95.9242,2,1
1223,332.975,266.045,2,1
1224,65.2624,41.6749,2,1
1225,46.4525,161.657,2,1
1226,69.7902,65.7619,2,1
1227,209.743,114.243,2,1
1228,432.493,196.236,2,1
1229,311.248,174.24,2,1
1230,91.0217,225.368,2,1
1231,372.753,125.586,2,1
1232,398.394,161.379,2,1
1233,83.8229,82.6514,2,1
1234,81.6439,294.372,2,1
1235,24.0437,40.8751,2,1
1236,338.115,56.0274,2,0
1237,212.669,102.852,2,1
1238,410.156,198.077,2,1
1239,78.294,235.561,2,1
1240,479.964,102.534,2,1
1241,66.1416,33.2166,2,1
1242,480.493,250.554,2,1
1243,537.345,229.529,2,1
1244,83.8258,23.5634,2,1
1245,331.316,274.019,2,1
1246,233.19,55.8799,2,1
1247,428.864,87.4362,2,1
1248,473.03,273.831,2,1
1249,135.105,179.853,2,1
1250,102.925,206.22,2,1
1251,17.3775,64.3697,2,1
1252,505.081,199.529,2,1
1253,597.383,134.301,2,1
1254,144.054,172.91,2,1
1255,333.537,66.2412,2,1
1256,526.491,79.8754,2,1
1257,472.867,48.6464,2,1
1258,543.811,231.859,2,1
1259,89.5161,88.5527,2,1
1260,122.938,298,2,1
1261,404.738,128.952,2,1
1262,226.089,161.066,2,1
1263,491.898,181.49,2,1
1264,199.581,256.793,2,1
1265,343.495,54.7257,2,1
1266,12.4836,112.147,2,1
1267,54.7141,230.999,2,1
1268,396.748,265.019,2,1
1269,563.372,56.2591,2,1
1270,409.626,35.486,2,1
1271,354.078,270.054,2,1
1272,105.283,195.975,2,1
1273,27.2467,205.381,2,1
1274,140.4,160.099,2,1
1275,91.6334,272.127,2,1
1276,261.801,128.972,2,1
1277,525.432,154.666,2,1
1278,463.216,193.328,2,1
1279,162.811,109.707,2,1
1280,256.162,160.9,2,1
1281,92.4004,42.7865,2,1
1282,549.239,147.742,2,1
1283,536.439,294.385,2,1
1284,24.0186,166.048,2,1
1285,51.8875,71.9457,2,1
1286,199.914,187.196,2,1
1287,256.577,145.27,2,1
1288,135.826,98.6495,2,1
1289,170.842,15.6682,2,1
1290,293.404,294.128,2,1
1291,235.889,232.961,2,1
1292,133.2,67.8054,2,1
1293,319.653,169.553,2,1
1294,354.602,71.4786,2,1
1295,9.01995,114.239,2,1
1296,459.522,182.263,2,1
1297,348.536,125.031,2,1
1298,426.746,134.244,2,1
1299,558.226,148.725,2,1
1300,106.639,203.831,2,1
1301,222.464,248.809,2,1
1302,486.205,95.0197,2,1
1303,446.593,143.22,2,1
1304,537.129,215.412,2,1
1305,429.959,122.268,2,1
1306,23.3578,73.6244,2,0
1307,392.705,211.614,2,1
1308,471.373,21.4037,2,1
1309,539.176,191.497,2,1
1310,13.8092,172.341,2,1
1311,254.753,269.122,2,1
1312,470.927,2,2,1
1313,4.68169,249.568,2,1
1314,223.75,177.056,2,1
1315,61.7911,210.789,2,1
1316,504.74,220.661,2,1
1317,98.6471,256.344,2,1
1318,158.413,222.43,2,1
1319,363.82,104.669,2,1
1320,380.332,125.362,2,1
1321,595.843,281.506,2,1
1322,357.759,281.754,2,1
1323,20.6862,287.342,2,1
1324,158.426,66.2139,2,1
1325,129.09,193.41,2,1
1326,98.3346,144.83,2,1
1327,43.5382,85.1798,2,1
1328,289.947,173.447,2,1
1329,90.5556,39.1377,2,1
1330,506.283,93.2058,2,1
1331,473.607,232.65,2,1
1332,567.869,230.869,2,1
1333,22.09,106.091,2,1
1334,422.36,18.129,2,1
1335,68.4212,220.244,2,1
1336,194.979,155.197,2,1
1337,189.289,119.345,2,1
1338,595.044,5.50694,2,1
1339,405.986,151.041,2,1
1340,101.748,29.071,2,1
1341,17.4405,16.2696,2,1
1342,275.644,25.6347,2,1
1343,373.447,138.271,2,1
1344,121.462,140.703,2,1
1345,472.507,141.167,2,1
1346,263.483,113.489,2,1
1347,505.669,290.502,2,1
1348,161.765,79.756,2,1
1349,392.76,52.7519,2,1
1350,41.6985,56.6447,2,1
1351,55.114,27.2163,2,1
1352,163.201,237.078,2,1
1353,44.8967,205.482,2,1
1354,160.758,288.069,2,1
1355,524.976,62.9675,2,1
1356,597.101,16.1747,2,1
1357,232.52,190.79,2,1
1358,245.497,77.6674,2,1
1359,355.554,205.003,2,1
1360,102.326,80.2765,2,1
1361,34.543,276.509,2,1
1362,497.621,25.7774,2,1
1363,567.061,38.9186,2,1
1364,416.284,12.7127,2,1
1365,45.0354,16.7594,2,1
1366,560.888,239.795,2,1
1367,354.704,209.784,2,1
1368,430.953,100.073,2,1
1369,340.006,111.055,2,1
1370,104.23,271.459,2,1
1371,94.5662,219.232,2,1
1372,558.009,233.758,2,1
1373,500.916,159.034,2,1
1374,190.779,65.0255,2,1
1375,293.818,51.1438,2,1
1376,421.622,231.925,2,1
1377,63.889,14.2543,2,1
1378,405.977,237.889,2,1
1379,36.3271,103.086,2,1
1380,120.927,107.617,2,1
1381,473.782,17.9651,2,1
1382,12.7229,50.9681,2,1
1383,333.054,145.506,2,1
1384,319.525,186.104,2,1
1385,241.909,227.646,2,1
1386,582.169,20.4826,2,1
1387,390.476,61.8439,2,1
1388,576.55,264.961,2,1
1389,363.17,149.597,2,1
1390,296.968,57.6892,2,1
1391,592.801,75.4098,2,1
1392,163.394,123.733,2,1
1393,433.678,143.78,2,1
1394,156.774,110.781,2,1
1395,405.999,197.771,2,1
1396,339.522,187.791,2,1
1397,236.409,133.517,2,1
1398,14.6694,298,2,1
1399,567.655,248.434,2,1
1400,337.228,294.071,2,1
1401,79.8011,154.009,2,1
1402,328.125,183.062,2,1
1403,120.671,16.4994,2,1
1404,52.1221,5.7746,2,1
1405,0.239149,171.92,2,1
1406,315.753,54.7137,2,1
1407,202.494,195.378,2,1
1408,144.647,80.2493,2,1
1409,89.6141,27.5076,2,1
1410,452.027,200.728,2,1
1411,251.228,155.304,2,1
1412,466.28,80.5528,2,1
1413,450.432,239.988,2,1
1414,487.24,232.417,2,1
1415,274.39,35.5385,2,1
1416,559.805,230.138,2,1
1417,81.8618,10.7712,2,1
1418,225.229,15.2122,2,1
1419,590.642,191.963,2,1
1420,409.875,170.54,2,1
1421,549.36,227.934,2,1
1422,543.098,184.14,2,1
1423,136.185,47.8764,2,1
1424,474.924,105.455,2,1
1425,562.162,74.1869,2,1
1426,249.565,138.715,2,1
1427,327.374,275.251,2,1
1428,89.8214,179.927,2,1
1429,580.91,2,2,1
1430,548.945,23.7096,2,1
1431,519.382,219.889,2,1
1432,199.926,18.3241,2,1
1433,176.099,59.927,2,1
1434,568.349,88.1711,2,1
1435,360.63,112.83,2,1
1436,15.7604,96.6456,2,1
1437,411.969,98.7386,2,1
1438,220.039,275.727,2,1
1439,163.188,32.4497,2,1
1440,473.949,225.588,2,1
1441,75.8307,83.6932,2,1
1442,415.653,267.608,2,1
1443,417.543,229.852,2,1
1444,585.658,158.213,2,1
1445,342.121,263.717,2,1
1446,4.18698,261.621,2,1
1447,181.953,55.9305,2,1
1448,321.764,284.977,2,1
1449,113.845,6.00677,2,1
1450,94.0669,73.64,2,1
1451,152.691,132.266,2,1
1452,511.728,197.122,2,1
1453,405.542,27.3187,2,1
1454,94.7249,275.032,2,1
1455,74.7536,79.7438,2,1
1456,497.756,209.361,2,1
1457,102.84,256.079,2,1
1458,252.451,159.15,2,1
1459,295.075,298,2,1
1460,513.638,138.278,2,1
1461,39.0415,241.874,2,1
1462,316.18,142.523,2,1
1463,179.129,265.895,2,1
1464,423.596,116.23,2,1
1465,531.614,275.539,2,1
1466,395.626,164.457,2,1
1467,359.224,123.411,2,1
1468,444.131,204.02,2,1
1469,149.588,138.191,2,1
1470,310.554,283.601,2,1
1471,30.6491,118.562,2,1
1472,509.9,84.6722,2,1
1473,587.685,145.966,2,1
1474,12.1047,39.4071,2,1
1475,568.673,92.3581,2,1
1476,401.371,231.108,2,1
1477,393.485,79.8197,2,1
1478,192.279,248.513,2,1
1479,440.945,145.843,2,1
1480,402.562,24.5717,2,1
1481,512.534,43.4082,2,1
1482,219.041,61.1548,2,1
1483,596.759,39.2467,2,1
1484,120.28,77.478,2,1
1485,414.925,91.9432,2,1
1486,183.468,104.767,2,1
1487,146.591,200.758,2,1
1488,154.486,52.3562,2,1
1489,12.9019,2,2,1
1490,277.863,231.903,2,1
1491,582.859,49.0616,2,1
1492,575.736,258.733,2,1
1493,326.007,174.044,2,1
1494,535.501,41.1556,2,1
1495,334.862,233.167,2,1
1496,60.2022,85.8252,2,1
1497,331.571,171.743,2,1
1498,513.659,79.188,2,1
1499,378.216,283.059,2,1
1500,265.458,97.9826,2,1
1501,174.356,67.4962,2,1
1502,224.69,169.037,2,1
1503,387.698,123.64,2,1
1504,177.463,115.788,2,1
1505,556.381,17.2498,2,1
1506,55.8138,13.0239,2,1
1507,246.521,252.321,2,1
1508,155.519,26.5588,2,1
1509,96.4297,169.195,2,1
1510,504.516,105.664,2,1
1511,383.232,98.1867,2,1
1512,236.256,298,2,1
1513,572.367,56.5942,2,1
1514,415.204,41.3357,2,1
1515,555.269,195.623,2,1
1516,470.065,172.831,2,1
1517,140.498,167.611,2,1
1518,561.973,104.793,2,1
1519,375.53,141.782,2,1
1520,330.647,118.253,2,1
1521,532.059,114.237,2,1
1522,286.381,229.935,2,1
1523,408.445,100.868,2,1
1524,586.907,92.7236,2,1
1525,599.278,164.376,2,1
1526,364.323,66.5718,2,1
1527,181.615,150.804,2,1
1528,315.621,187.459,2,1
1529,161.949,199.896,2,1
1530,182.98,286.844,2,1
1531,33.6999,249.522,2,1
1532,336.267,259.893,2,1
1533,599.877,34.1782,2,1
1534,420.568,66.2336,2,1
1535,234.805,59.6261,2,1
1536,225.146,129.509,2,1
1537,486.888,137.179,2,1
1538,556.806,294.426,2,1
1539,572.908,280.766,2,1
1540,137.427,287.345,2,1
1541,142.44,71.325,2,1
1542,228.608,174.908,2,1
1543,369.159,131.633,2,1
1544,43.2282,254.596,2,1
1545,2.20137,175.487,2,1
1546,80.5289,272.391,2,1
1547,553.521,165.011,2,1
1548,274.884,94.1261,2,1
1549,230.723,67.1215,2,1
1550,225.021,274.166,2,1
1551,370.576,108.679,2,1
1552,309.698,205.177,2,1
1553,579.969,267.1,2,1
1554,361.584,176.264,2,1
1555,382.649,266.301,2,1
1556,39.1099,131.748,2,1
1557,395.478,294.299,2,1
1558,359.975,185.511,2,1
1559,271.805,197.874,2,1
1560,148.394,124.393,2,1
1561,77.8081,90.5485,2,1
1562,498.236,112.258,2,1
1563,501.45,188.036,2,1
1564,170.895,166.79,2,1
1565,361.77,48.7912,2,1
1566,494.523,178.339,2,1
1567,81.9613,245.465,2,1
1568,425.776,247.134,2,1
1569,338.053,62.1462,2,1
1570,327.578,9.85781,2,1
1571,341.044,202.498,2,1
1572,204.696,82.1954,2,1
1573,547.205,35.3823,2,1
1574,447.074,76.5207,2,1
1575,487.643,293.855,2,1
1576,28.5851,292.828,2,1
1577,461.299,93.1905,2,1
1578,173.142,272.394,2,1
1579,440.077,65.3129,2,1
1580,248.145,2,2,1
1581,401.954,9.28695,2,1
1582,476.81,163.204,2,1
1583,11.3164,5.7084,2,1
1584,262.886,153.185,2,1
1585,573.912,179.41,2,1
1586,528.328,97.4458,2,1
1587,378.251,290.228,2,1
1588,548.883,261.348,2,1
1589,215.702,177.359,2,1
1590,560.384,166.377,2,1
1591,541.867,29.8951,2,1
1592,255.884,192.391,2,1
1593,108.414,31.3858,2,1
1594,192.003,286.398,2,1
1595,290.147,113.788,2,1
1596,65.67,154.35,2,1
1597,271.508,143.279,2,1
1598,171.281,139.29,2,1
1599,156.921,73.8926,2,1
1600,456.794,225.15,2,1
1601,162.746,165.763,2,1
1602,96.5762,6.03777,2,1
1603,516.91,104.93,2,1
1604,136.202,256.288,2,1
1605,426.371,18.5845,2,1
1606,531.045,232.621,2,1
1607,67.7849,13.3151,2,1
1608,161.495,184.923,2,1
1609,26.4241,263.356,2,1
1610,476.702,298,2,1
1611,71.6758,121.972,2,1
1612,63.9487,264.257,2,1
1613,396.854,210.98,2,1
1614,209.91,250.766,2,1
1615,449.102,83.5442,2,1
1616,425.316,182.272,2,1
1617,52.7672,237.834,2,1
1618,444.109,253.117,2,1
1619,445.758,23.7826,2,1
1620,72.2757,196.267,2,1
1621,118.74,125.865,2,1
1622,501.858,223.709,2,1
1623,290.234,117.959,2,1
1624,365.754,100.97,2,1
1625,378.187,16.421,2,1
1626,249.837,162.213,2,1
1627,378.196,208.566,2,1
1628,256.646,219.18,2,1
1629,106.822,139.268,2,1
1630,62.6335,191.657,2,1
1631,424.303,176.916,2,1
1632,412.673,278.904,2,1
1633,389.686,219.232,2,1
1634,201.633,173.397,2,1
1635,469.937,207.562,2,1
1636,42.5373,139.411,2,1
1637,501.437,131.528,2,1
1638,441.168,85.4337,2,1
1639,68.7722,17.5581,2,1
1640,250.065,63.9052,2,1
1641,556.294,222.593,2,1
1642,309.346,182.154,2,1
1643,56.4228,131.439,2,1
1644,334.132,255.767,2,1
1645,121.237,170.559,2,1
1646,538.968,52.8187,2,1
1647,209.256,215.116,2,1
1648,24.9606,112.777,2,1
1649,581.346,258.96,2,1
1650,207.828,189.241,2,1
1651,586.574,132.938,2,1
1652,350.561,86.8895,2,1
1653,297.545,294.789,2,1
1654,472.814,263.988,2,1
1655,167.375,41.9358,2,1
1656,177.875,206.982,2,1
1657,151.676,144.234,2,1
1658,453.925,63.3483,2,1
1659,281.048,107.315,2,1
1660,210.305,289.834,2,1
1661,327.35,224.22,2,1
1662,72.9571,33.5772,2,1
1663,317.142,179.395,2,1
1664,110.168,201.865,2,1
1665,307.971,52.9097,2,1
1666,356.603,153.139,2,1
1667,168.846,286.237,2,1
1668,332.314,130.542,2,1
1669,493.136,228.481,2,1
1670,397.805,198.322,2,1
1671,346.806,241.698,2,1
1672,169.932,130.776,2,1
1673,369.367,152.673,2,1
1674,496.869,294.121,2,1
1675,510.508,201.006,2,1
1676,190.785,208.289,2,1
1677,193.774,181.843,2,1
1678,417.159,220.065,2,1
1679,335.728,287.156,2,1
1680,400.833,210.379,2,1
1681,204.451,275.242,2,1
1682,386.16,247.688,2,1
1683,337.718,136.674,2,1
1684,361.87,189.366,2,1
1685,384.6,152.208,2,1
1686,69.5867,102.336,2,1
1687,115.999,205.876,2,1
1688,88.7478,160.825,2,1
1689,364.812,256.686,2,1
1690,257.653,295.737,2,1
1691,15.4931,92.4489,2,1
1692,507.306,141.683,2,1
1693,422.341,148.899,2,1
1694,473.921,156.86,2,1
1695,399.091,70.1906,2,1
1696,422.915,136.061,2,1
1697,229.309,129.703,2,1
1698,503.707,256.338,2,1
1699,418.022,2,2,1
1700,154.515,278.938,2,1
1701,212.008,254.492,2,1
1702,469.86,225.461,2,1
1703,411.917,112.175,2,1
1704,243.005,223.668,2,1
1705,69.3323,254.705,2,1
1706,80.4283,6.30904,2,1
1707,456.723,103.169,2,1
1708,192.857,86.3275,2,1
1709,362.081,63.2529,2,1
1710,1.92196,60.3396,2,1
1711,372.514,168.035,2,1
1712,211.971,201.997,2,1
1713,300.804,135.467,2,1
1714,551.188,134.7,2,1
1715,301.073,160.707,2,1
1716,569.339,138.436,2,1
1717,130.019,124.242,2,1
1718,490.06,206.908,2,1
1719,214.391,269.2,2,1
1720,390.017,108.394,2,1
1721,553.027,199.059,2,1
1722,438.655,285.944,2,1
1723,559.881,19.4806,2,1
1724,439.419,160.664,2,1
1725,210.667,8.28995,2,1
1726,184.289,92.3314,2,1
1727,392.704,265.198,2,1
1728,376.996,179.399,2,1
1729,411.851,271.455,2,1
1730,233.956,179.376,2,1
1731,16.3869,156.039,2,1
1732,240.895,18.9407,2,1
1733,109.52,69.3155,2,1
1734,154.062,191.76,2,1
1735,45.325,168.161,2,1
1736,343.963,39.1509,2,1
1737,579.08,77.5291,2,1
1738,376.226,128.096,2,1
1739,293.823,26.2019,2,1
1740,515.282,127.297,2,1
1741,294.147,289.447,2,1
1742,278.634,126.002,2,1
1743,294.267,206.107,2,1
1744,473.851,132.617,2,1
1745,125.245,213.615,2,1
1746,540.414,287.258,2,1
1747,236.441,148.437,2,1
1748,249.244,56.2216,2,1
1749,110.364,146.529,2,1
1750,192.358,77.2669,2,1
1751,191.154,144.625,2,1
1752,505.037,9.9956,2,1
1753,95.1967,173.075,2,1
1754,482.659,239.177,2,1
1755,202.794,242.322,2,1
1756,503.776,278.142,2,1
1757,119.415,62.8968,2,1
1758,145.171,121.994,2,1
1759,570.127,104.341,2,1
1760,408.373,234.668,2,1
1761,440.131,282.162,2,1
1762,424.663,112.35,2,1
1763,234.808,141.312,2,1
1764,75.9011,223.543,2,1
1765,52.4223,289.021,2,1
1766,428.1,223.991,2,1
1767,463.068,68.0687,2,1
1768,451.973,76.0306,2,1
1769,239.542,73.8198,2,1
1770,320.276,182.049,2,1
1771,429.235,52.393,2,1
1772,464.032,125.085,2,1
1773,213.665,111.811,2,1
1774,461.605,115.855,2,1
1775,141.498,190.944,2,1
1776,245.955,227.436,2,1
1777,29.2168,220.215,2,1
1778,285.476,107.924,2,1
1779,595.016,64.8782,2,1
1780,155.179,60.0935,2,1
1781,380.23,186.92,2,1
1782,115.543,229.737,2,1
1783,428.504,126.148,2,1
1784,204.535,229.902,2,1
1785,542.527,283.3,2,1
1786,569.534,235.301,2,1
1787,407.602,282.907,2,1
1788,511.575,134.792,2,1
1789,337.251,195.33,2,1
1790,0.184773,287.737,2,1
1791,117.186,217.118,2,1
1792,594.172,167.43,2,1
1793,488.373,289.829,2,1
1794,235.788,255.273,2,1
1795,90.6178,84.512,2,1
1796,69.3792,184.494,2,1
1797,495.455,167.568,2,1
1798,63.8697,278.94,2,1
1799,459.832,298,2,1
1800,114.828,175.59,2,1
1801,32.8429,137.961,2,1
1802,180.172,178.899,2,1
1803,7.94527,263.185,2,1
1804,448.783,139.785,2,1
1805,598.207,244.846,2,1
1806,515.697,185.523,2,1
1807,550.434,257.4,2,1
1808,527.807,189.679,2,1
1809,247.634,52.4501,2,1
1810,547.84,232.193,2,1
1811,205.404,233.916,2,1
1812,143.193,116.335,2,1
1813,7.24836,12.7919,2,1
1814,329.924,263.304,2,1
1815,496.919,9.4142,2,1
1816,424.437,235.502,2,1
1817,36.7331,221.669,2,1
1818,19.8833,118.531,2,1
1819,287.196,178.549,2,1
1820,573.067,267.29,2,1
1821,174.896,293.9,2,1
1822,474.649,189.814,2,1
1823,297.174,19.941,2,1
1824,181.093,108.156,2,1
1825,311.575,18.0604,2,1
1826,363.075,298,2,1
1827,530.716,166.573,2,1
1828,545.566,53.053,2,1
1829,234.363,103.195,2,1
1830,381.542,248.854,2,1
1831,352.456,142.485,2,1
1832,333.185,195.193,2,1
1833,181.868,234.314,2,1
1834,91.5522,139.868,2,1
1835,391.404,69.9909,2,1
1836,74.496,163.989,2,1
1837,453.449,37.3047,2,0
1838,478.968,30.0834,2,0
1839,64.0939,195.448,2,1
1840,112.987,279.169,2,1
1841,160.891,210.573,2,1
1842,458.431,294.209,2,1
1843,586.515,47.1591,2,1
1844,21.1352,62.8262,2,1
1845,346.001,133.194,2,1
1846,293.52,259.6,2,1
1847,385.86,50.1319,2,1
1848,528.967,92.1366,2,1
1849,568.338,56.1918,2,1
1850,442.804,154.123,2,1
1851,295.817,150.938,2,1
1852,496.207,193.704,2,1
1853,323.586,86.9466,2,1
1854,25.7829,32.9461,2,1
1855,250.222,197.676,2,1
1856,207.427,48.5029,2,1
1857,164.371,102.191,2,1
1858,402.83,37.5335,2,1
1859,434.765,188.883,2,1
1860,92.652,267.146,2,1
1861,378.844,116.765,2,1
1862,178.003,46.9948,2,1
1863,241.727,162.085,2,1
1864,215.981,2,2,1
1865,122.169,201.549,2,1
1866,190.284,275.29,2,1
1867,314.523,150.024,2,1
1868,44.8204,54.0015,2,1
1869,72.7461,287.093,2,1
1870,85.3666,211.565,2,1
1871,175.609,150.717,2,1
1872,316.48,202.531,2,1
1873,139.196,29.3876,2,1
1874,219.893,15.9378,2,1
1875,424.246,47.5205,2,1
1876,329.13,227.943,2,1
1877,7.56898,259.076,2,1
1878,562.336,125.131,2,1
1879,480.554,161.726,2,1
1880,578.487,5.71918,2,1
1881,9.27137,9.25517,2,1
1882,178.47,18.1206,2,1
1883,353.652,294.078,2,1
1884,598.955,66.7378,2,1
1885,470.751,10.2164,2,1
1886,360.222,165.924,2,1
1887,331.327,240.418,2,1
1888,52.3547,97.6512,2,1
1889,570.151,168.69,2,1
1890,124.503,167.855,2,1
1891,449.13,263.901,2,1
1892,353.06,91.0797,2,1
1893,154.388,107.542,2,1
1894,38.9815,212.357,2,1
1895,83.0899,144.245,2,1
1896,415.251,35.2545,2,1
1897,586.599,184.922,2,1
1898,261.017,23.319,2,1
1899,312.386,226.61,2,1
1900,452.81,290.353,2,1
1901,142.415,75.4461,2,1
1902,192.692,55.8773,2,1
1903,43.0102,103.808,2,1
1904,459.637,89.4387,2,1
1905,74.4994,11.5622,2,0
1906,311.023,36.1692,2,1
1907,280.855,166.279,2,1
1908,152.554,228.123,2,1
1909,542.327,107.795,2,1
1910,203.912,19.2636,2,1
1911,253.893,273.127,2,1
1912,461.175,45.0808,2,1
1913,37.5857,195.454,2,1
1914,589.32,261.372,2,1
1915,254.541,84.4595,2,1
1916,298.508,281.152,2,1
1917,217.13,114.051,2,1
1918,230.45,24.5498,2,1
1919,504.408,284.174,2,1
1920,278.796,143.815,2,1
1921,158.672,227.56,2,1
1922,190.838,128.844,2,1
1923,407.863,166.326,2,1
1924,369.835,23.2469,2,1
1925,146.741,155.215,2,1
1926,25.4605,190.883,2,1
1927,229.006,28.3234,2,1
1928,453.234,71.1779,2,1
1929,363.576,77.6162,2,1
1930,141.506,200.998,2,1
1931,298.086,232.584,2,1
1932,205.929,120.246,2,1
1933,102.92,225.543,2,1
1934,351.692,159.358,2,1
1935,76.3478,151.927,2,1
1936,126.922,6.00246,2,1
1937,288.003,16.6351,2,1
1938,297.798,140.331,2,1
1939,404.534,140.057,2,1
1940,137.597,51.6974,2,1
1941,348.265,174.685,2,1
1942,572.066,257.058,2,1
1943,342.344,273.86,2,1
1944,201.161,30.2673,2,1
1945,90.6429,53.444,2,1
1946,317.447,14.4261,2,1
1947,18.7738,298,2,1
1948,423.011,294.232,2,1
1949,593.697,290.498,2,1
1950,63.1039,83.0511,2,1
1951,503.381,150.547,2,1
1952,38.7378,68.1787,2,1
1953,228.543,71.0474,2,1
1954,217.493,249.06,2,1
1955,60.4395,175.104,2,1
1956,261.007,277.068,2,1
1957,225.623,85.5922,2,1
1958,365.356,216.291,2,1
1959,503.24,21.6521,2,1
1960,391.876,196.606,2,1
1961,215.252,22.4716,2,1
1962,574.379,99.2784,2,1
1963,565.72,52.9637,2,1
1964,203.889,221.664,2,1
1965,385.552,80.5064,2,1
1966,580.853,57.0807,2,1
1967,275.1,165.112,2,1
1968,185.721,190.166,2,1
1969,319.975,57.2922,2,1
1970,79.1156,18.1872,2,1
1971,262.387,220.101,2,1
1972,329.117,267.285,2,1
1973,284.554,226.345,2,1
1974,84.0145,226.423,2,1
1975,328.935,203.634,2,1
1976,186.147,69.2613,2,1
1977,558.942,140.862,2,1
1978,328.932,77.464,2,1
1979,254.463,88.5504,2,1
1980,503.19,123.715,2,1
1981,348.725,144.044,2,1
1982,40.151,136.103,2,1
1983,593.614,119.6,2,1
1984,240.235,262.21,2,1
1985,412.632,107.322,2,1
1986,243.307,60.4249,2,1
1987,7.39122,36.93,2,1
1988,77.6473,239.57,2,1
1989,190.985,178.954,2,1
1990,491.448,173.958,2,1
1991,341.872,138.681,2,1
1992,132.239,256.991,2,1
1993,416.633,224.198,2,1
1994,98.2621,79.9849,2,1
1995,120.702,166.582,2,1
1996,147.086,208.572,2,1
1997,569.232,216.581,2,1
1998,207.964,20.2614,2,1
1999,209.977,110.243,2,1
2000,473.212,210.035,2,1
2001,41.7765,209.405,2,1
2002,435.75,193.824,2,1
2003,458.446,52.9208,2,1
2004,466.593,110,2,1
2005,529.838,217.464,2,1
2006,462.103,37.8657,2,1
2007,412.64,223.613,2,1
2008,353.538,18.9584,2,1
2009,365.206,123.734,2,1
2010,549.001,138.077,2,1
2011,464.55,34.6143,2,1
2012,270.313,113.11,2,1
2013,11.6374,264.793,2,1
2014,434.26,97.376,2,1
2015,520.558,235.811,2,1
2016,410.313,226.895,2,1
2017,11.3673,12.7811,2,1
2018,381.626,69.9035,2,1
2019,135.239,117.992,2,1
2020,10.6535,196.802,2,1
2021,242.087,274.147,2,1
2022,547.989,132.151,2,1
2023,411.763,180.418,2,1
2024,71.7884,298,2,1
2025,331.988,244.546,2,1
2026,157.944,285.166,2,1
2027,569.581,96.2904,2,1
2028,145.392,241.456,2,1
2029,332.802,210.893,2,1
2030,59.9947,217.437,2,1
2031,485.3,65.8341,2,1
2032,317.486,213.022,2,1
2033,568.169,184.797,2,1
2034,448.865,213.907,2,1
2035,211.798,151.416,2,1
2036,396.66,184.089,2,1
2037,402.557,225.337,2,1
2038,200.39,49.1951,2,1
2039,412.205,12.8589,2,1
2040,93.7408,27.9039,2,1
2041,9.04663,71.2845,2,1
2042,245.428,145.381,2,1
2043,347.504,183.926,2,1
2044,538.989,113.494,2,1
2045,120.058,84.7871,2,1
2046,118.221,92.1507,2,1
2047,263.396,101.54,2,1
2048,271.926,170.478,2,1
2049,227.564,270.451,2,1
2050,203.492,117.03,2,1
2051,583.445,269.409,2,1
2052,223.494,108.313,2,1
2053,366.709,69.871,2,1
2054,243.528,133.322,2,1
2055,430.6,182.033,2,1
2056,430.574,132.881,2,1
2057,74.8908,214.492,2,1
2058,315.745,105.919,2,1
2059,307.648,262.314,2,1
2060,336.917,18.4739,2,1
2061,19.4785,41.8472,2,1
2062,198.715,141.31,2,1
2063,356.991,74.8121,2,1
2064,17.9626,169.105,2,1
2065,546.994,111.393,2,1
2066,20.2007,184.805,2,1
2067,410.675,275.327,2,1
2068,383.704,34.4253,2,1
2069,101.613,194.132,2,1
2070,396.547,228.888,2,1
2071,252.356,58.8827,2,1
2072,264.763,291.583,2,1
2073,102.66,16.5335,2,1
2074,61.0383,146.547,2,1
2075,75.2563,219.351,2,1
2076,472.125,75.4865,2,1
2077,459.908,250.176,2,1
2078,111.269,65.5862,2,1
2079,543.38,66.5184,2,1
2080,66.7251,55.4992,2,1
2081,61.5904,100.131,2,1
2082,189.214,137.944,2,1
2083,145.33,94.1732,2,1
2084,38.7122,44.9349,2,1
2085,101.177,71.6681,2,1
2086,234.283,51.9227,2,1
2087,515.068,35.2967,2,1
2088,443.696,54.5144,2,1
2089,345.493,141.239,2,1
2090,470.511,294.409,2,1
2091,360.485,284.876,2,1
2092,333.222,203.869,2,1
2093,255.939,265.252,2,1
2094,327.896,243.889,2,1
2095,599.387,279.629,2,1
2096,384.807,279.025,2,1
2097,389.822,142.359,2,1
2098,325.372,196.228,2,1
2099,187.335,268.541,2,1
2100,289.918,140.933,2,1
2101,453.859,278.617,2,1
2102,170.384,54.5341,2,1
2103,127.767,41.47,2,1
2104,8.00293,237.56,2,1
2105,265.798,129.615,2,1
2106,164.709,60.8587,2,1
2107,503.233,72.7221,2,1
2108,434.586,67.7336,2,1
2109,12.3506,73.6046,2,1
2110,320.633,49.2256,2,1
2111,304.667,210.422,2,1
2112,82.005,101.815,2,1
2113,85.878,181.209,2,1
2114,175.688,119.511,2,1
2115,268.507,277.87,2,1
2116,373.084,247.709,2,1
2117,517.194,227.278,2,1
2118,47.3423,224.946,2,1
2119,143.425,267.363,2,1
2120,260.441,110.883,2,1
2121,128.821,142.8,2,1
2122,238.491,258.455,2,1
2123,599.021,12.6031,2,1
2124,42.7916,27.4366,2,0
2125,0.345339,74.6609,2,1
2126,397.345,191.154,2,1
2127,226.678,211.733,2,1
2128,74.6627,264.429,2,1
2129,558.002,89.3708,2,1
2130,167.124,162.166,2,1
2131,346.435,87.4433,2,1
2132,394.476,290.35,2,1
2133,499.066,270.547,2,1
2134,571.87,208.89,2,1
2135,595.42,294.261,2,1
2136,490.791,259.496,2,1
2137,571.657,130.475,2,1
2138,510.855,259.417,2,1
2139,432.709,49.0168,2,0
2140,599.04,19.7453,2,1
2141,416.435,136.097,2,1
2142,323.699,216.96,2,1
2143,596.52,138.304,2,1
2144,393.236,191.464,2,1
2145,464.354,203.972,2,1
2146,7.25812,74.9694,2,1
2147,208.946,204.755,2,1
2148,89.7758,280.338,2,1
2149,451.522,109.506,2,1
2150,476.755,291.483,2,1
2151,591.548,178.546,2,1
2152,528.722,235.961,2,1
2153,555.076,13.3195,2,1
2154,589.587,157.33,2,1
2155,578.628,60.4403,2,1
2156,97.0639,130.766,2,1
2157,251.278,236.762,2,1
2158,248.773,91.6231,2,1
2159,397.111,298,2,1
2160,385.179,126.815,2,1
2161,405.744,217.898,2,1
2162,397.523,251.398,2,1
2163,398.647,16.7031,2,1
2164,38.366,290.963,2,1
2165,6.94848,121.606,2,1
2166,535.582,225.73,2,1
2167,441.495,171.701,2,1
2168,99.2884,116.633,2,1
2169,3.84483,201.39,2,1
2170,536.372,202.533,2,1
2171,240.047,2,2,1
2172,452.185,185.853,2,1
2173,390.736,161.308,2,1
2174,94.4885,263.51,2,1
2175,498.607,221.241,2,1
2176,206.977,44.3347,2,0
2177,243.326,84.0273,2,1
2178,505.434,216.543,2,1
2179,52.6191,208.508,2,1
2180,383.417,62.398,2,1
2181,376.957,112.276,2,1
2182,307.848,219.706,2,1
2183,36.4083,124.215,2,1
2184,597.053,272.56,2,1
2185,166.655,121.172,2,1
2186,563.48,266.439,2,1
2187,208.566,265.408,2,1
2188,358.756,288.557,2,1
2189,421.659,247.263,2,1
2190,16.7016,186.762,2,1
2191,55.6608,216.143,2,1
2192,412.677,59.0848,2,1
2193,60.0788,142.657,2,1
2194,19.5706,75.1055,2,1
2195,500.387,263.412,2,1
2196,468.482,298,2,1
2197,34.125,224.867,2,1
2198,466.308,38.2797,2,1
2199,432.051,191.888,2,1
2200,300.897,164.716,2,1
2201,532.443,253.284,2,1
2202,517.457,239.423,2,1
2203,277.879,297.992,2,1
2204,296.333,91.7893,2,1
2205,283.764,294.412,2,1
2206,282.239,34.9111,2,1
2207,93.0886,151.113,2,1
2208,448.76,229.271,2,1
2209,108.333,207.51,2,1
2210,7.27669,148.269,2,1
2211,216.069,279.498,2,1
2212,110.998,48.8771,2,1
2213,47.272,62.963,2,1
2214,332.267,248.874,2,1
2215,538.108,119.156,2,1
2216,460.71,5.48374,2,1
2217,55.6724,23.17,2,1
2218,271.006,92.1284,2,1
2219,47.83,232.806,2,1
2220,282.565,115.19,2,1
2221,382.749,159.123,2,1
2222,552.825,271.919,2,1
2223,386.637,265.311,2,1
2224,176.248,210.666,2,1
2225,76.2933,21.0636,2,1
2226,529.647,136.586,2,1
2227,580.387,104.484,2,1
2228,218.744,134.487,2,1
2229,558.786,298,2,1
2230,304.352,259.198,2,1
2231,229.007,32.4515,2,1
2232,183.507,298,2,1
2233,326.899,231.289,2,1
2234,93.5276,16.6153,2,1
2235,453.306,152.741,2,1
2236,353.831,189.188,2,1
2237,478.935,137.843,2,1
2238,58.7565,20.5629,2,1
2239,128.568,45.4712,2,1
2240,472.25,44.5583,2,1
2241,564.672,42.2667,2,1
2242,337.694,177.091,2,1
2243,110.238,27.7792,2,1
2244,137.458,190.617,2,1
2245,27.6229,5.71645,2,1
2246,49.3155,286.408,2,1
2247,395.133,86.7443,2,1
2248,125.318,24.2024,2,1
2249,479.581,283.968,2,1
2250,107.211,20.3613,2,1
2251,14.1581,61.5564,2,1
2252,160.882,7.55982,2,1
2253,140.431,225.023,2,1
2254,47.8689,274.153,2,1
2255,237.269,93.6633,2,1
2256,133.248,31.5973,2,1
2257,346.203,28.6315,2,1
2258,364.25,19.3309,2,1
2259,356.048,166.38,2,1
2260,256.445,231.642,2,1
2261,507.843,21.3621,2,1
2262,389.584,262.549,2,1
2263,147.014,59.231,2,1
2264,560.62,41.8016,2,1
2265,260.781,259.604,2,1
2266,68.9507,39.7829,2,1
2267,523.815,254.063,2,1
2268,199.639,262.892,2,1
2269,21.8814,150.554,2,1
2270,466.264,163.464,2,1
2271,277.401,220.691,2,1
2272,573.45,95.2329,2,1
2273,279.384,121.919,2,1
2274,268.302,67.1385,2,1
2275,329.519,43.6932,2,1
2276,249.472,201.709,2,1
2277,428.51,235.104,2,1
2278,555.634,76.9224,2,1
2279,582.924,220.555,2,1
2280,449.394,72.9367,2,1
2281,406.018,9.17159,2,1
2282,489.741,64.4619,2,1
2283,51.0436,162.294,2,1
2284,397.168,90.3443,2,1
2285,242.486,258.818,2,1
2286,228.254,219.068,2,1
2287,357.622,56.4045,2,1
2288,410.582,290.449,2,1
2289,434.816,101.354,2,1
2290,245.894,114.221,2,1
2291,187.205,145.89,2,1
2292,14.3393,42.8352,2,1
2293,502.274,162.938,2,1
2294,331.322,122.28,2,1
2295,497.87,298,2,1
2296,574.601,290.554,2,1
2297,55.4358,64.5103,2,1
2298,111.233,20.1684,2,1
2299,76.0297,75.6575,2,1
2300,357.538,244.023,2,1
2301,554.883,37.3953,2,1
2302,402.879,181.393,2,1
2303,238.105,229.611,2,1
2304,86.9138,207.26,2,1
2305,224.97,173.105,2,1
2306,560.114,174.461,2,1
2307,254.961,174.665,2,1
2308,187.593,298,2,1
2309,537.698,265.592,2,1
2310,157.42,185.528,2,1
2311,185.526,251.055,2,1
2312,202.366,226.251,2,1
2313,15.4306,5.71615,2,1
2314,228.324,170.824,2,1
2315,593.453,182.123,2,1
2316,326.234,154.28,2,1
2317,378.241,172.137,2,1
2318,248.905,147.523,2,1
2319,512.469,209,2,1
2320,119.72,58.6728,2,1
2321,139.065,125.048,2,1
2322,300.921,119.127,2,1
2323,65.6456,100.196,2,1
2324,482.881,219.448,2,1
2325,569.98,163.459,2,1
2326,545.742,128.403,2,1
2327,193.885,131.453,2,1
2328,519.986,2,2,1
2329,296.55,184.129,2,1
2330,82.0427,116.868,2,1
2331,404.571,247.355,2,1
2332,299.898,147.77,2,1
2333,464.844,5.4693,2,1
2334,236.388,129.423,2,1
2335,534.52,136.125,2,1
2336,454.635,51.5983,2,1
2337,268.403,245.96,2,1
2338,408.745,24.7508,2,1
2339,344.879,145.325,2,1
2340,444.401,269.477,2,1
2341,561.687,235.426,2,1
2342,108.185,90.5713,2,1
2343,185.357,237.157,2,1
2344,497.948,266.687,2,1
2345,487.826,165.084,2,1
2346,323.911,24.2516,2,1
2347,34.1309,171.148,2,1
2348,570.768,22.5364,2,1
2349,209.659,118.404,2,1
2350,41.9897,9.33458,2,1
2351,459.737,100.526,2,1
2352,187.299,115.831,2,1
2353,594.61,201.164,2,1
2354,581.859,121.695,2,1
2355,54.3304,75.1288,2,1
2356,582.833,5.52707,2,1
2357,354.688,225.17,2,1
2358,393.649,2,2,1
2359,37.0338,268.52,2,1
2360,518.213,32.777,2,1
2361,540.59,134.47,2,1
2362,428.578,205.79,2,1
2363,342.734,290.211,2,1
2364,546.123,87.2516,2,1
2365,553.272,131.107,2,1
2366,281.949,53.7685,2,1
2367,95.2277,165.045,2,1
2368,562.045,190.172,2,1
2369,191.85,237.95,2,1
2370,158.826,70.3614,2,1
2371,1.18182,2,2,1
2372,148.877,243.426,2,1
2373,296.85,164.761,2,1
2374,497.61,225.258,2,1
2375,569.991,212.594,2,1
2376,291.009,230.337,2,1
2377,535.42,186.633,2,1
2378,349.711,216.133,2,1
2379,211.209,47.0399,2,1
2380,515.293,181.49,2,1
2381,81.0043,133.721,2,1
2382,574.253,20.3704,2,1
2383,329.588,30.1717,2,1
2384,311.978,22.1854,2,1
2385,134.026,281.963,2,1
2386,82.3905,287.816,2,1
2387,206.048,109.108,2,1
2388,48.9252,123.953,2,1
2389,176.294,177.722,2,1
2390,302.503,250.254,2,1
2391,92.9735,35.018,2,1
2392,33.4656,126.979,2,1
2393,362.659,70.27,2,1
2394,350.375,42.651,2,1
2395,462.956,30.9096,2,1
2396,308.857,7.33445,2,1
2397,519.233,213.571,2,1
2398,219.08,282.462,2,1
2399,34.3828,20.9979,2,1
2400,488.198,247.688,2,1
2401,308.261,258.346,2,1
2402,523.536,48.6048,2,1
2403,589.745,245.151,2,1
2404,560.46,201.553,2,1
2405,60.9039,42.8764,2,1
2406,124.158,85.2568,2,1
2407,578.863,239.156,2,1
2408,419.969,226.499,2,1
2409,585.961,277.17,2,1
2410,175.682,195.891,2,1
2411,151.15,2,2,1
2412,226.968,207.74,2,1
2413,181.577,190.414,2,1
2414,1.72944,50.0568,2,1
2415,110.469,170.103,2,1
2416,195.201,143.338,2,1
2417,514.75,260.553,2,1
2418,538.106,145.332,2,1
2419,593.217,135.806,2,1
2420,22.0061,192.951,2,1
2421,159.295,97.2097,2,1
2422,44.8015,39.469,2,1
2423,21.8367,173.787,2,1
2424,103.597,175.256,2,1
2425,139.564,44.6141,2,1
2426,405.655,34.4432,2,1
2427,481.018,64.9344,2,0
2428,78.2385,162.393,2,1
2429,352.755,213.483,2,1
2430,421.677,243.186,2,1
2431,481.7,132.829,2,1
2432,271.314,18.0199,2,1
2433,66.746,108.86,2,1
2434,311.466,147.34,2,1
2435,528.65,181.726,2,1
2436,107.11,115.61,2,1
2437,281.041,73.8361,2,1
2438,169.49,158.908,2,1
2439,347.399,199.201,2,1
2440,218.397,38.4105,2,1
2441,502.29,238.973,2,1
2442,76.5285,40.9508,2,1
2443,591.349,164.267,2,1
2444,268.933,176.74,2,1
2445,253.406,113.915,2,1
2446,109.351,166.112,2,1
2447,553.315,147.928,2,1
2448,22.5558,261.576,2,1
2449,373.207,145.433,2,1
2450,428.434,250.192,2,1
2451,492.901,158.649,2,1
2452,203.473,210.722,2,1
2453,93.0522,298,2,1
2454,165.122,86.7662,2,1
2455,436.686,290.107,2,1
2456,13.8204,194.341,2,1
2457,124.814,280.5,2,1
2458,465.205,45.3824,2,1
2459,365.858,160.061,2,1
2460,420.103,192.277,2,1
2461,79.6248,158.501,2,1
2462,409.757,230.885,2,1
2463,0.160164,23.6701,2,1
2464,598.887,30.1976,2,1
2465,33.7802,175.194,2,1
2466,67.7295,145.876,2,1
2467,593.408,246.99,2,1
2468,56.8811,198.271,2,1
2469,97.3425,95.9169,2,1
2470,406.593,254.019,2,1
2471,162.172,89.5125,2,1
2472,287.18,124.965,2,1
2473,313.149,80.9612,2,1
2474,25.8736,57.4896,2,1
2475,44.533,198.257,2,1
2476,323.776,168.89,2,1
2477,188.71,13.766,2,1
2478,311.319,275.229,2,1
2479,204.48,176.273,2,1
2480,171.057,265.761,2,1
2481,255.563,54.5254,2,1
2482,392.929,42.9166,2,0
2483,250.898,48.748,2,1
2484,286.635,41.3194,2,1
2485,361.662,130.608,2,1
2486,587.898,273.13,2,1
2487,255.116,235.462,2,1
2488,510.587,39.6179,2,0
2489,165.142,182.979,2,1
2490,59.684,24.4803,2,1
2491,101.489,265.639,2,1
2492,575.224,273.88,2,1
2493,308.58,24.6129,2,1
2494,367.661,204.822,2,1
2495,395.727,146.783,2,1
2496,414.898,275.558,2,1
2497,11.3039,139.575,2,1
2498,531.7,29.5744,2,1
2499,517.783,69.1493,2,1
2500,451.314,98.3706,2,1
2501,240.59,150.488,2,1
2502,572.064,190.949,2,1
2503,177.073,258.022,2,1
2504,16.7104,130.609,2,1
2505,247.044,34.1753,2,1
2506,332.948,229.315,2,1
2507,17.9333,126.763,2,1
2508,215.122,283.482,2,1
2509,501.99,298,2,1
2510,249.36,177.459,2,1
2511,3.1506,19.8338,2,1
2512,232.03,2,2,1
2513,583.267,187.273,2,1
2514,40.3965,287.509,2,1
2515,554.719,298,2,1
2516,170.93,210.039,2,1
2517,454.151,282.665,2,1
2518,9.30662,16.2481,2,1
2519,42.2842,238.691,2,1
2520,474.397,113.565,2,1
2521,408.866,159.355,2,1
2522,548.702,294.146,2,1
2523,121.036,31.152,2,1
2524,474.347,287.2,2,1
2525,316.117,58.7018,2,1
2526,1.92498,298,2,1
2527,444.796,208.058,2,1
2528,37.2477,207.758,2,1
2529,354.481,98.3576,2,1
2530,524.117,287.054,2,1
2531,450.403,256.129,2,1
2532,303.485,73.5983,2,1
2533,261.235,228.074,2,1
2534,6.54174,279.954,2,1
2535,22.8436,298,2,1
2536,259.379,132.347,2,1
2537,324.139,234.273,2,1
2538,467.286,228.563,2,1
2539,153.634,12.7616,2,1
2540,434.445,131.677,2,1
2541,489.161,243.752,2,1
2542,441.828,81.4021,2,1
2543,220.994,194.677,2,1
2544,15.7939,53.6169,2,1
2545,578.805,251.637,2,1
2546,426.625,34.369,2,1
2547,526.207,239.402,2,1
2548,488.389,151.576,2,1
2549,117.09,149.277,2,1
2550,297.333,24.0173,2,1
2551,577.319,181.74,2,1
2552,385.585,156.167,2,1
2553,574.343,138.886,2,1
2554,320.182,100.436,2,1
2555,69.8949,169.058,2,1
2556,159.224,298,2,1
2557,217.034,152.901,2,1
2558,515.098,143.126,2,1
2559,567.651,63.3392,2,1
2560,112.75,182.108,2,1
2561,82.6692,283.792,2,1
2562,18.8579,79.0935,2,1
2563,402.502,290.426,2,1
2564,172.147,79.3122,2,1
2565,86.984,277.309,2,1
2566,244.376,298,2,1
2567,100.063,190.422,2,1
2568,455.771,160.621,2,1
2569,463.49,238.891,2,1
2570,220.449,55.9287,2,1
2571,0.593,270.623,2,1
2572,199.348,162.367,2,1
2573,328.59,47.6453,2,1
2574,473.022,164.599,2,1
2575,415.834,31.1951,2,1
2576,304.548,18.9336,2,1
2577,170.698,240.235,2,1
2578,166.514,187.619,2,1
2579,334.018,96.2207,2,1
2580,306.418,63.5483,2,1
2581,6.45605,44.6479,2,0
2582,22.7326,247.709,2,1
2583,431.503,226.22,2,1
2584,229.834,214.287,2,1
2585,127.381,232.538,2,1
2586,45.8133,210.024,2,1
2587,396.223,221.911,2,1
2588,430.75,117.668,2,1
2589,481.887,148.267,2,1
2590,73.2228,293.531,2,1
2591,226.843,19.8879,2,1
2592,437.116,185.535,2,1
2593,530.572,173.731,2,1
2594,518.167,121.077,2,1
2595,396.398,286.822,2,1
2596,278.677,70.4612,2,1
2597,18.0208,35.3311,2,1
2598,355.889,285.404,2,1
2599,475.249,60.5931,2,1
2600,119.385,184.743,2,1
2601,402.81,148.335,2,1
2602,202.021,75.4743,2,1
2603,549.483,239.699,2,1
2604,67.8203,262.975,2,1
2605,590.809,60.6502,2,1
2606,275.442,294.279,2,1
2607,17.8663,151.321,2,1
2608,490.792,126.989,2,1
2609,226.707,48.5879,2,1
2610,536.974,153.311,2,1
2611,588.618,249.078,2,1
2612,198.812,153.902,2,1
2613,84.4212,135.823,2,1
2614,70.4978,164.896,2,1
2615,180.54,281.716,2,1
2616,480.062,208.781,2,1
2617,326.579,189.105,2,1
2618,564.763,27.2003,2,1
2619,243.599,235.308,2,1
2620,273.598,238.597,2,1
2621,180.325,80.152,2,1
2622,111.391,238.37,2,1
2623,72.2106,50.9631,2,1
2624,110.471,192.062,2,1
2625,428.79,197.834,2,1
2626,18.913,259.462,2,1
2627,63.7398,178.307,2,1
2628,474.833,10.3665,2,0
2629,546.043,115.333,2,1
2630,103.865,40.0907,2,1
2631,183.439,86.2953,2,1
2632,375.881,255.478,2,1
2633,181.082,71.4322,2,1
2634,540.12,275.78,2,1
2635,74.7499,125.438,2,1
2636,311.181,125.152,2,1
2637,446.154,170.603,2,1
2638,350.89,15.8912,2,1
2639,28.9775,87.0469,2,1
2640,380.515,165.115,2,1
2641,375.737,267.787,2,1
2642,575.324,128.707,2,1
2643,400.685,265.943,2,1
2644,33.4743,100.141,2,1
2645,330.248,156.848,2,1
2646,547.158,184.321,2,1
2647,225.052,120.618,2,1
2648,336.906,128.98,2,1
2649,445.437,150.924,2,1
2650,34.5735,96.2185,2,1
2651,11.8661,54.9561,2,1
2652,321.869,213.387,2,1
2653,265.316,227.169,2,1
2654,132.886,173.015,2,1
2655,543.422,235.937,2,1
2656,98.4191,207.567,2,1
2657,421.363,254.376,2,1
2658,480.806,51.5334,2,1
2659,586.023,217.893,2,1
2660,8.20025,40.9301,2,1
2661,125.967,288.768,2,1
2662,508.139,103.685,2,1
2663,553.047,139.137,2,1
2664,204.277,131.216,2,1
2665,363.512,13.3555,2,1
2666,403.363,52.6083,2,1
2667,133.672,63.2921,2,1
2668,355.537,22.4308,2,1
2669,133.554,271.822,2,1
2670,552.103,124.673,2,1
2671,203.163,139.131,2,1
2672,290.228,24.2974,2,1
2673,41.2273,118.968,2,1
2674,86.3099,265.984,2,1
2675,397.969,31.283,2,1
2676,119.813,189.772,2,1
2677,246.467,71.0869,2,1
2678,180.82,196.387,2,1
2679,86.637,46.4855,2,1
2680,363.414,44.7572,2,1
2681,202.877,152.876,2,1
2682,596.885,117.129,2,1
2683,456.996,274.875,2,1
2684,445.421,112.105,2,1
2685,432.214,5.51523,2,1
2686,518.472,85.3951,2,1
2687,212.246,175.261,2,1
2688,560.172,243.834,2,1
2689,278.247,34.3161,2,1
2690,496.952,158.283,2,1
2691,186.829,186.293,2,1
2692,204.804,56.5662,2,1
2693,564.42,182.817,2,1
2694,240.928,205.565,2,1
2695,386.377,290.383,2,1
2696,372.674,105.165,2,1
2697,459.736,144.505,2,1
2698,436.938,55.0715,2,0
2699,58.8277,36.7139,2,0
2700,261.498,232.187,2,1
2701,80.7761,70.7128,2,1
2702,55.1411,82.1869,2,1
2703,466.683,98.0854,2,1
2704,159.569,203.113,2,1
2705,477.828,133.963,2,1
2706,290.466,80.4404,2,1
2707,496.082,68.887,2,1
2708,29.6453,216.159,2,1
2709,201.046,213.946,2,1
2710,44.2839,272.245,2,1
2711,390.602,227.175,2,1
2712,120.517,274.575,2,1
2713,216.955,145.929,2,1
2714,579.236,194.339,2,1
2715,189.368,156.389,2,1
2716,150.975,219.251,2,1
2717,2.37426,64.474,2,0
2718,514.411,282.166,2,1
2719,415.043,122.688,2,1
2720,265.222,58.556,2,1
2721,112.797,72.077,2,1
2722,450.311,105.394,2,1
2723,171.655,214.652,2,1
2724,501.609,80.4626,2,1
2725,282.947,172.073,2,1
2726,401.777,169.874,2,1
2727,459.597,254.259,2,1
2728,30.1455,224.169,2,1
2729,174.335,154.548,2,1
2730,347.189,170.544,2,1
2731,454.424,294.041,2,1
2732,530.624,279.603,2,1
2733,435.645,156.083,2,1
2734,146.282,103.265,2,1
2735,60.5875,159.819,2,1
2736,446.359,104.575,2,1
2737,197.313,170.598,2,1
2738,79.7465,276.413,2,1
2739,403.728,194.397,2,1
2740,193.382,241.725,2,1
2741,499.19,20.9097,2,1
2742,138.995,298,2,1
2743,84.7401,230.543,2,1
2744,116.705,80.5345,2,1
2745,381.981,41.968,2,1
2746,289.705,67.834,2,1
2747,313.6,245.304,2,1
2748,583.067,45.0267,2,1
2749,185.03,46.8029,2,1
2750,524.671,90.0458,2,1
2751,101.364,97.8621,2,1
2752,48.6651,290.474,2,1
2753,561.351,34.7723,2,1
2754,131.628,278.666,2,1
2755,581.105,139.939,2,1
2756,398.922,85.4022,2,1
2757,114.718,259.357,2,1
2758,279.349,29.9081,2,0
2759,240.137,29.7819,2,1
2760,312.634,43.306,2,1
2761,588.213,198.386,2,1
2762,316.087,233.85,2,1
2763,404.257,56.5233,2,1
2764,201.532,34.6936,2,1
2765,14.7683,159.705,2,1
2766,506.173,298,2,1
2767,473.845,56.7489,2,1
2768,506.323,237.953,2,1
2769,338.655,275.409,2,1
2770,42.012,192.856,2,1
2771,264.902,283.588,2,1
2772,413.585,20.3726,2,1
2773,164.278,256.307,2,1
2774,521.145,54.6389,2,1
2775,279.228,150.392,2,1
2776,323.61,238.244,2,1
2777,542.711,144.545,2,1
2778,557.542,33.4773,2,1
2779,392.604,20.3238,2,1
2780,219.103,198.358,2,1
2781,424.092,127.883,2,1
2782,477.647,233.482,2,1
2783,440.365,126.664,2,1
2784,370.52,73.9698,2,1
2785,571.905,231.233,2,1
2786,208.393,95.8625,2,0
2787,472.087,221.985,2,1
2788,500.874,13.3839,2,0
2789,594.06,84.0185,2,1
2790,145.409,13.7067,2,1
2791,34.1983,237.836,2,1
2792,599.092,5.58928,2,0
2793,346.074,83.4474,2,1
2794,72.5557,280.514,2,1
2795,324.271,12.1083,2,1
2796,487.742,122.953,2,1
2797,276.583,129.607,2,1
2798,40.8687,234.79,2,1
2799,592.31,71.367,2,1
2800,16.5902,49.6913,2,1
2801,361.502,134.657,2,1
2802,82.4785,125.663,2,1
2803,521.898,239.585,2,1
2804,485.259,41.179,2,1
2805,2.82418,150.288,2,1
2806,154.637,252.474,2,1
2807,385.752,218.287,2,1
2808,252.286,2,2,1
2809,522.885,176.019,2,1
2810,444.535,186.241,2,1
2811,65.6665,96.0661,2,1
2812,474.736,144.78,2,1
2813,191.598,298,2,1
2814,253.34,26.8367,2,1
2815,578.366,206.081,2,1
2816,178.538,161.185,2,1
2817,264.251,36.2705,2,1
2818,595.486,185.578,2,1
2819,454.667,8.99177,2,1
2820,449.044,146.931,2,1
2821,21.9326,58.9034,2,1
2822,302.758,225.985,2,1
2823,280.713,227.545,2,1
2824,521.886,127.485,2,1
2825,546.434,176.192,2,1
2826,201.509,2.72933,2,1
2827,72.1506,206.825,2,1
2828,245.62,279.54,2,1
2829,243.54,169.959,2,1
2830,504.241,210.893,2,1
2831,524.075,2,2,1
2832,197.965,55.8445,2,1
2833,1.20463,16.2157,2,1
2834,226.069,262.101,2,1
2835,359.967,192.896,2,1
2836,250.227,292.381,2,1
2837,543.51,39.5406,2,1
2838,339.728,270.808,2,1
2839,371.512,141.786,2,1
2840,481.498,33.9913,2,1
2841,282.661,207.787,2,1
2842,301.348,153.981,2,1
2843,69.7149,153.709,2,1
2844,52.8918,137.458,2,1
2845,514.302,71.1442,2,1
2846,140.819,194.964,2,1
2847,187.772,80.9012,2,1
2848,101.136,178.472,2,1
2849,490.066,147.467,2,1
2850,406.005,206.006,2,1
2851,185.736,108.083,2,1
2852,10.6815,124.943,2,1
2853,382.873,241.009,2,1
2854,543.873,195.98,2,1
2855,251.994,104.31,2,1
2856,186.572,122.35,2,1
2857,529.181,228.811,2,1
2858,512.015,286.592,2,1
2859,127.966,258.145,2,1
2860,105.52,294.132,2,1
2861,115.735,16.1824,2,1
2862,441.889,227.823,2,1
2863,586.006,293.296,2,1
2864,465.166,94.3103,2,1
2865,278.544,207.198,2,1
2866,297.488,260.128,2,1
2867,161.8,206.67,2,1
2868,44.244,147.768,2,1
2869,454.76,197.737,2,1
2870,61.1557,245.887,2,1
2871,65.0356,275.067,2,1
2872,344.067,32.1265,2,1
2873,232.933,204.216,2,1
2874,341.695,230.336,2,1
2875,133.969,137.185,2,1
2876,581.095,117.637,2,1
2877,387.203,238.79,2,1
2878,60.959,276.191,2,1
2879,370.821,223.069,2,1
2880,495.43,22.375,2,1
2881,91.1505,157.575,2,1
2882,4.7748,81.5061,2,1
2883,347.528,79.675,2,1
2884,25.425,47.3399,2,1
2885,483.683,294.495,2,1
2886,375.291,244.268,2,1
2887,419.992,272.479,2,1
2888,21.0581,30.1908,2,1
2889,546.664,298,2,1
2890,468.366,33.398,2,1
2891,157.152,290.141,2,1
2892,27.8217,100.878,2,1
2893,88.4089,284.328,2,1
2894,353.159,2,2,1
2895,460.85,79.3285,2,1
2896,130.968,298,2,1
2897,406.493,18.0828,2,1
2898,567.549,201.201,2,1
2899,354.08,35.2185,2,1
2900,237.484,63.7535,2,1
2901,555.118,135.631,2,1
2902,174.263,199.773,2,1
2903,345.428,195.642,2,1
2904,450.927,260.241,2,1
2905,353.244,31.3015,2,1
2906,316.869,219.803,2,1
2907,334.687,214.461,2,1
2908,27.8203,68.1839,2,1
2909,89.153,132.204,2,1
2910,56.9711,172.785,2,1
2911,211.722,207.704,2,1
2912,178.557,5.25255,2,1
2913,128.478,178.774,2,1
2914,142.471,244.254,2,1
2915,151.176,27.7639,2,1
2916,494.371,41.2964,2,1
2917,151.785,294.004,2,1
2918,485.531,250.734,2,1
2919,275.897,89.4456,2,1
2920,324.879,250.403,2,1
2921,396.746,142.64,2,1
2922,342.615,213.247,2,1
2923,476.245,193.666,2,1
2924,227.262,75.637,2,1
2925,71.5431,62.0575,2,1
2926,160.767,262.475,2,1
2927,154.488,282.98,2,1
2928,424.729,207.018,2,1
2929,209.251,157.694,2,1
2930,97.1575,71.0155,2,1
2931,100.228,222.163,2,1
2932,249.834,273.72,2,1
2933,185.656,29.4911,2,1
2934,64.4012,5.84019,2,1
2935,346.468,272.915,2,1
2936,221.643,272.004,2,1
2937,436.858,24.0671,2,1
2938,99.9244,214.498,2,1
2939,487.432,270.652,2,1
2940,261.807,19.3162,2,1
2941,597.678,290.956,2,1
2942,32.0742,208.475,2,1
2943,301.899,190.025,2,1
2944,70.5704,250.618,2,1
2945,494.573,86.7821,2,1
2946,170.376,28.7175,2,1
2947,318.548,150.201,2,1
2948,258.753,204.551,2,1
2949,290.335,243.594,2,1
2950,44.9935,111.574,2,1
2951,173.666,207.063,2,1
2952,56.5571,239.459,2,1
2953,510.113,68.1334,2,1
2954,321.018,268.907,2,1
2955,293.173,110.964,2,1
2956,560.711,9.16947,2,1
2957,149.18,6.02089,2,1
2958,476.827,248.919,2,1
2959,169.067,91.4137,2,1
2960,387.163,64.2144,2,1
2961,552.578,9.19981,2,1
2962,550.756,182.249,2,1
2963,465.747,90.2519,2,1
2964,176.89,140.786,2,1
2965,574.109,103.303,2,1
2966,490.305,10.7719,2,1
2967,493.111,7.8013,2,1
2968,364.009,185.969,2,1
2969,517.27,53.5964,2,1
2970,583.297,194.723,2,1
2971,120.602,278.665,2,1
2972,530.317,14.5891,2,1
2973,110.612,286.946,2,1
2974,480.715,246.555,2,1
2975,151.019,19.939,2,1
2976,178.892,137.129,2,1
2977,94.2229,106.862,2,1
2978,52.5748,56.7824,2,1
2979,213.915,250.924,2,1
2980,332.839,32.7743,2,1
2981,109.179,142.652,2,1
2982,538.896,7.39572,2,1
2983,518.739,170.395,2,1
2984,291.047,298,2,1
2985,493.72,149.101,2,1
2986,587.889,202.397,2,1
2987,536.326,287.015,2,1
2988,508.53,12.1795,2,1
2989,146.402,127.875,2,1
2990,338.618,290.255,2,1
2991,123.308,56.878,2,1
2992,181.147,140.534,2,1
2993,542.774,56.0358,2,1
2994,53.1761,109.137,2,1
2995,15.0002,80.8031,2,1
2996,508.346,293.792,2,1
2997,268.38,190.71,2,1
2998,590.336,23.7971,2,1
2999,219.177,232.504,2,1
3000,274.797,71.774,2,1
3001,303.966,116.484,2,1
3002,544.355,123.64,2,1
3003,553.36,238.708,2,1
3004,447.108,119.352,2,1
3005,137.521,90.772,2,1
3006,528.913,271.737,2,1
3007,170.662,70.199,2,1
3008,566.428,45.9557,2,1
3009,369.117,37.1756,2,1
3010,379.615,269.092,2,1
3011,367.813,287.134,2,1
3012,96.4053,42.3511,2,1
3013,416.399,173.786,2,1
3014,399.483,294.342,2,1
3015,7.42462,243.129,2,1
3016,263.493,117.598,2,1
3017,477.38,159.194,2,1
3018,588.949,56.9205,2,1
3019,334.134,221.597,2,1
3020,248.889,106.874,2,1
3021,599.673,275.586,2,1
3022,587.851,113.295,2,1
3023,152.866,120.482,2,1
3024,356.626,16.318,2,1
3025,283.758,10.5493,2,1
3026,477.741,7.5524,2,1
3027,18.8877,122.547,2,1
3028,357.816,177.817,2,1
3029,487.16,87.0631,2,1
3030,249.9,248.362,2,1
3031,501.817,197.044,2,1
3032,451.532,27.7298,2,1
3033,71.4736,47.016,2,1
3034,571.609,176.031,2,1
3035,382.293,78.0266,2,1
3036,16.7423,181.644,2,1
3037,261.067,167.006,2,1
3038,67.6507,298,2,1
3039,366.106,171.201,2,1
3040,539.079,180.202,2,1
3041,553.179,264.769,2,1
3042,414.463,52.382,2,1
3043,20.2852,113.784,2,1
3044,303.099,214.248,2,1
3045,572.799,42.9542,2,1
3046,344.858,58.5195,2,1
3047,417.408,68.8518,2,1
3048,59.0072,163.652,2,1
3049,277.701,6.65556,2,1
3050,336.475,34.4504,2,1
3051,416.706,279.31,2,1
3052,169.204,6.01854,2,1
3053,598.222,107.046,2,1
3054,402.066,63.3114,2,0
3055,482.863,253.804,2,1
3056,321.689,33.7115,2,1
3057,184.311,25.6023,2,1
3058,184.439,73.7025,2,1
3059,285.024,219.442,2,1
3060,307.66,194.399,2,1
3061,541.135,216.283,2,1
3062,524.383,27.3654,2,1
3063,567.452,273.741,2,1
3064,416.548,194.208,2,1
3065,110.322,57.8247,2,1
3066,341.744,142.715,2,1
3067,79.8744,64.8532,2,0
3068,515.871,243.299,2,1
3069,42.5522,174.61,2,1
3070,6.11042,152.62,2,1
3071,565.603,95.0583,2,1
3072,197.207,225.9,2,1
3073,277.943,54.1286,2,1
3074,270.409,221.084,2,1
3075,178.667,231.844,2,1
3076,541.755,24.543,2,1
3077,246.83,123.191,2,1
3078,146.461,8.95638,2,1
3079,23.8795,236.518,2,1
3080,219.678,181.725,2,1
3081,553.368,82.7127,2,1
3082,341.664,66.1338,2,1
3083,585.573,174.96,2,1
3084,491.077,236.313,2,1
3085,70.743,192.454,2,1
3086,88.9959,269.05,2,1
3087,40.6287,270.481,2,1
3088,67.8516,25.3576,2,1
3089,593.193,216.878,2,1
3090,194.734,197.499,2,1
3091,588.9,136.908,2,1
3092,546.615,283.06,2,1
3093,276.222,278.93,2,1
3094,251.229,209.275,2,1
3095,205.771,167.454,2,1
3096,218.245,191.732,2,1
3097,303.496,145.959,2,1
3098,496.907,282,2,1
3099,224.541,56.4793,2,1
3100,112.547,198.598,2,1
3101,251.921,266.274,2,1
3102,163.833,12.0323,2,1
3103,486.652,83.0047,2,1
3104,485.656,298,2,1
3105,576.898,2,2,1
3106,339.176,198.89,2,1
3107,295.316,177.142,2,1
3108,467.94,180.406,2,1
3109,136.862,201.979,2,1
3110,215.008,27.5665,2,1
3111,498.729,288.986,2,1
3112,260.055,143.189,2,1
3113,495.274,64.9172,2,1
3114,282.494,231.261,2,1
3115,199.539,137.37,2,1
3116,234.312,31.7063,2,1
3117,3.02826,277.847,2,1
3118,7.25202,20.9349,2,1
3119,507.049,203.093,2,1
3120,139.634,151.743,2,1
3121,401.407,191.015,2,1
3122,223.208,104.22,2,1
3123,93.6341,279.009,2,1
3124,86.7148,177.281,2,1
3125,125.197,224.784,2,1
3126,264.89,243.74,2,1
3127,332.889,18.8383,2,1
3128,171.511,261.751,2,1
3129,386.645,242.796,2,1
3130,115.887,285.28,2,1
3131,417.115,213.938,2,1
3132,107.816,188.865,2,1
3133,211.198,293.877,2,1
3134,582.196,40.9917,2,1
3135,272.6,79.5032,2,1
3136,385.075,228.805,2,1
3137,80.9599,229.015,2,1
3138,397.241,96.3062,2,1
3139,500.674,253.589,2,1
3140,173.095,133.525,2,1
3141,513.648,203.628,2,1
3142,410.11,9.404,2,1
3143,530.312,144.11,2,1
3144,503.345,76.7969,2,1
3145,77.8713,167.155,2,1
3146,116.598,273.562,2,1
3147,353.608,196.033,2,1
3148,228.561,256.446,2,1
3149,434.161,31.5225,2,1
3150,493.98,210.881,2,1
3151,279.692,134.761,2,1
3152,87.7333,81.69,2,1
3153,196.466,122.966,2,1
3154,441.825,16.5364,2,1
3155,187.799,38.5042,2,1
3156,321.268,248.593,2,1
3157,264.261,121.651,2,1
3158,48.9508,174.692,2,1
3159,363.498,204.207,2,1
3160,585.636,38.9449,2,1
3161,310.731,65.3542,2,1
3162,201.695,42.5994,2,1
3163,176.245,63.9404,2,1
3164,481.123,26.6657,2,1
3165,145.873,232.811,2,1
3166,279.643,25.8973,2,1
3167,183.084,267.75,2,1
3168,567.178,158.947,2,1
3169,560.068,120.913,2,1
3170,265.63,20.8629,2,1
3171,380.23,95.5033,2,1
3172,407.064,84.2964,2,1
3173,109.172,280.796,2,1
3174,141.052,133.542,2,1
3175,60.6939,78.1819,2,1
3176,156.971,261.132,2,1
3177,240.894,278.796,2,1
3178,404.447,159.003,2,1
3179,33.2208,121.745,2,1
3180,191.875,221.572,2,1
3181,167.566,262.903,2,1
3182,84.539,196.082,2,1
3183,436.643,202.124,2,1
3184,555.176,152.917,2,1
3185,159.183,214.249,2,1
3186,279.469,86.7463,2,1
3187,282.568,222.8,2,1
3188,30.5874,289.186,2,1
3189,383.977,162.952,2,1
3190,101.912,274.843,2,1
3191,158.456,277.832,2,1
3192,97.1605,103.922,2,1
3193,431.112,274.258,2,1
3194,422.837,35.7277,2,1
3195,102.269,145.849,2,1
3196,567.917,257.302,2,1
3197,32.1291,89.6834,2,1
3198,26.4509,289.328,2,1
3199,532.737,236.292,2,1
3200,55.9836,180.949,2,1
3201,247.554,169.967,2,1
3202,531.841,100.764,2,1
3203,214.688,228.057,2,1
3204,201.041,84.0703,2,1
3205,571.898,238.615,2,1
3206,254.006,19.4796,2,1
3207,536.169,269.307,2,1
3208,160.436,35.6038,2,1
3209,112.821,290.292,2,1
3210,150.945,109.943,2,1
3211,8.79012,210.537,2,1
3212,13.3894,9.28063,2,1
3213,183.9,100.679,2,1
3214,569.305,153.518,2,1
3215,239.792,127.312,2,1
3216,76.7965,14.8406,2,1
3217,166.237,250.988,2,1
3218,328.159,286.796,2,1
3219,4.77309,52.7618,2,1
3220,409.838,65.9973,2,1
3221,570.144,251.681,2,1
3222,196.21,150.766,2,1
3223,316.974,295.738,2,1
3224,429.686,36.9872,2,1
3225,319.011,108.426,2,1
3226,4.60789,165.158,2,1
3227,159.069,129.657,2,1
3228,68.9262,93.5716,2,1
3229,415.865,294.266,2,1
3230,541.689,258.816,2,1
3231,126.689,59.1358,2,1
3232,221.538,127.581,2,1
3233,474.178,121.133,2,1
3234,336.397,22.5219,2,1
3235,412.898,286.747,2,1
3236,478.959,2,2,1
3237,202.022,278.493,2,1
3238,20.7078,244.224,2,1
3239,65.0808,199.401,2,1
3240,308.742,287.325,2,1
3241,583.141,91.3276,2,1
3242,29.9133,173.393,2,1
3243,82.1172,112.598,2,1
3244,104.331,235.74,2,1
3245,161.148,105.963,2,1
3246,326.461,158.323,2,1
3247,332.647,236.603,2,1
3248,599.137,283.802,2,1
3249,428.239,213.962,2,1
3250,376.157,134.635,2,1
3251,49.208,94.3273,2,1
3252,86.9428,77.6924,2,0
3253,253.615,201.782,2,1
3254,506.811,117.652,2,1
3255,203.846,298,2,1
3256,425.391,161.897,2,1
3257,92.6898,161.728,2,1
3258,318.959,26.2646,2,1
3259,37.2506,2,2,1
3260,296.707,99.3132,2,1
3261,286.609,208.517,2,1
3262,299.816,131.457,2,1
3263,34.8309,43.7985,2,0
3264,228.916,82.8587,2,1
3265,372.897,294.225,2,1
3266,177.136,133.43,2,1
3267,382.687,258.372,2,1
3268,74.1367,129.477,2,1
3269,545.443,239.462,2,1
3270,589.072,64.2793,2,1
3271,153.113,34.84,2,1
3272,575.836,189.508,2,1
3273,152.935,196.77,2,1
3274,61.8691,155.971,2,1
3275,541.673,89.6243,2,1
3276,391.927,12.8158,2,1
3277,329.23,125.804,2,1
3278,364.805,294.258,2,1
3279,191.056,106.5,2,1
3280,272.07,63.1564,2,1
3281,498.081,136.906,2,1
3282,467.566,102.023,2,1
3283,120.557,9.69701,2,1
3284,78.6582,37.4051,2,1
3285,415.77,155.356,2,1
3286,400.671,269.982,2,1
3287,228.564,276.036,2,1
3288,160.287,101.934,2,1
3289,197.81,248.785,2,1
3290,379.596,91.5128,2,1
3291,405.874,2,2,1
3292,510.814,273.169,2,1
3293,437.626,297.3,2,1
3294,543.066,224.386,2,1
3295,296.983,160.736,2,1
3296,299.376,9.36115,2,1
3297,117.467,168.988,2,1
3298,381.563,58.2621,2,1
3299,116.128,60.5001,2,1
3300,579.026,143.56,2,1
3301,319.286,139.922,2,1
3302,317.394,79.2435,2,1
3303,351.357,106.816,2,1
3304,257.341,165.322,2,1
3305,48.6193,99.3865,2,1
3306,162.056,251.584,2,1
3307,151.512,170.379,2,1
3308,406.638,225.061,2,1
3309,391.771,145.89,2,1
3310,366.371,208.656,2,1
3311,320.281,298,2,1
3312,191.395,110.577,2,1
3313,397.373,105.888,2,1
3314,545.719,152.179,2,1
3315,346.788,290.217,2,1
3316,243.269,125.182,2,1
3317,528.078,243.006,2,1
3318,441.687,296.916,2,1
3319,590.436,82.2597,2,1
3320,103.15,20.6323,2,1
3321,275.518,31.3498,2,1
3322,84.1157,152.314,2,1
3323,258.888,32.5596,2,1
3324,48.8145,236.756,2,1
3325,480.218,212.829,2,1
3326,511.031,228.432,2,1
3327,439.055,259.171,2,1
3328,244.961,43.8957,2,1
3329,592.297,115.704,2,1
3330,516.826,108.992,2,1
3331,542.165,244.123,2,1
3332,344.395,181.407,2,1
3333,143.932,111.983,2,1
3334,476.207,45.5334,2,1
3335,329.547,58.6967,2,1
3336,153.07,96.0056,2,1
3337,185.201,211.031,2,1
3338,392.289,104.949,2,1
3339,337.304,124.817,2,1
3340,332.065,285.495,2,1
3341,462.879,141.186,2,1
3342,584.778,214.015,2,1
3343,521.119,96.8564,2,1
3344,582.678,60.6618,2,1
3345,457.885,164.17,2,1
3346,255.353,30.4974,2,1
3347,88.0462,254.797,2,1
3348,462.764,56.0364,2,1
3349,156.255,122.957,2,1
3350,326.95,150.205,2,1
3351,55.7568,39.3035,2,1
3352,446.355,256.495,2,1
3353,29.2847,270.409,2,1
3354,168.141,202.392,2,1
3355,371.927,286.807,2,1
3356,305.292,237.331,2,1
3357,414.675,290.35,2,1
3358,494.009,82.8085,2,0
3359,584.645,181.427,2,1
3360,417.022,64.3154,2,1
3361,509.733,290.032,2,1
3362,250.504,285.594,2,1
3363,434.689,255.443,2,1
3364,108.246,62.9539,2,1
3365,357.853,188.928,2,1
3366,78.1914,118.262,2,1
3367,373.372,226.272,2,1
3368,549.935,73.2453,2,1
3369,119.062,27.5812,2,1
3370,249.329,26.9027,2,1
3371,434.292,2,2,1
3372,483.803,89.4187,2,1
3373,581.918,249.124,2,1
3374,357.243,136.448,2,1
3375,466.921,2,2,1
3376,534.489,76.161,2,1
3377,555.397,101.058,2,1
3378,411.766,294.295,2,1
3379,208.899,274.72,2,1
3380,300.688,297.548,2,1
3381,26.3851,142.289,2,1
3382,60.1808,71.1115,2,1
3383,219.122,138.494,2,1
3384,32.8963,58.5423,2,1
3385,491.014,48.1467,2,1
3386,530.456,80.9194,2,1
3387,457.376,189.443,2,1
3388,153.056,260.03,2,1
3389,535.574,221.711,2,1
3390,31.6323,6.05843,2,1
3391,516.251,293.842,2,1
3392,424.104,5.59917,2,1
3393,379.812,278.999,2,1
3394,577.788,152.763,2,1
3395,471.229,182.895,2,1
3396,544.624,160.965,2,1
3397,101.102,289.916,2,1
3398,39.0172,153.861,2,1
3399,165.497,158.45,2,1
3400,457.078,117.54,2,1
3401,197.177,77.6502,2,0
3402,136.635,69.9674,2,1
3403,296.435,190.956,2,1
3404,468.646,13.7155,2,1
3405,337.498,279.255,2,1
3406,486.551,198.988,2,1
3407,457.135,26.8024,2,1
3408,544.693,17.9672,2,1
3409,88.1747,258.878,2,1
3410,564.032,70.6336,2,1
3411,86.7838,294.644,2,1
3412,4.19339,294.63,2,1
3413,71.261,27.5265,2,1
3414,453.321,176.88,2,1
3415,486.724,255.684,2,1
3416,307.73,118.116,2,1
3417,34.0448,231.074,2,1
3418,540.449,69.3881,2,1
3419,532.672,213.992,2,1
3420,508.768,99.7303,2,1
3421,268.817,123.419,2,1
3422,151.12,59.8533,2,1
3423,292.24,9.7821,2,1
3424,377.836,161.879,2,1
3425,587.237,230.151,2,1
3426,204.116,160.149,2,1
3427,195.048,217.876,2,1
3428,458.216,278.729,2,1
3429,377.99,87.7177,2,1
3430,123.375,187.864,2,1
3431,380.19,286.625,2,1
3432,92.5139,256.216,2,1
3433,394.443,23.9611,2,0
3434,498.321,162.192,2,1
3435,110.666,225.897,2,1
3436,136.541,140.365,2,1
3437,588.891,253.168,2,1
3438,19.2219,176.921,2,1
3439,485.273,71.5299,2,1
3440,295.22,202.031,2,1
3441,306.666,202.511,2,1
3442,483.044,30.2593,2,1
3443,489.782,156.033,2,1
3444,128.776,149.155,2,1
3445,289.457,12.815,2,1
3446,224.37,112.458,2,1
3447,370.734,69.9172,2,1
3448,297.27,61.7772,2,1
3449,562.757,100.799,2,1
3450,399.016,255.206,2,1
3451,141.654,271.572,2,1
3452,233.573,282.471,2,1
3453,598.221,182.624,2,1
3454,299.97,106.479,2,1
3455,70.3064,283.871,2,1
3456,363.219,97.5134,2,0
3457,320.844,202.709,2,1
3458,228.428,36.6951,2,1
3459,480.514,91.766,2,1
3460,162.19,153.924,2,1
3461,521.144,29.9854,2,1
3462,424.991,69.8666,2,1
3463,115.308,20.1794,2,1
3464,139.19,40.6191,2,1
3465,411.842,167.034,2,1
3466,451.84,20.6454,2,1
3467,375.474,33.9911,2,1
3468,107.307,43.2795,2,1
3469,326.891,254.008,2,1
3470,585.259,190.868,2,1
3471,0.574201,212.112,2,1
3472,8.97712,271.856,2,1
3473,581.327,183.774,2,1
3474,464.037,160.105,2,1
3475,237.531,144.383,2,1
3476,36.9646,36.9939,2,0
3477,68.2762,69.5603,2,1
3478,180.339,63.7355,2,1
3479,143.428,136.792,2,1
3480,478.051,57.5254,2,1
3481,126.093,53.8092,2,1
3482,371.304,83.2884,2,1
3483,433.173,164.094,2,1
3484,338.94,7.14728,2,1
3485,36.2493,156.791,2,1
3486,490.984,88.6263,2,1
3487,423.234,270.086,2,1
3488,491.824,165.804,2,1
3489,100.187,136.547,2,1
3490,46.4564,151.319,2,1
3491,376.53,124,2,1
3492,383.736,203.89,2,1
3493,88.617,5.53047,2,1
3494,342.864,105.629,2,1
3495,469.305,166.255,2,1
3496,283.583,275.85,2,1
3497,128.449,169.424,2,1
3498,207.905,237.489,2,1
3499,364.498,239.223,2,1
3500,215.741,140.677,2,1
3501,16.8352,270.907,2,1
3502,424.603,14.7239,2,1
3503,535.215,102.955,2,1
3504,1.83028,291.388,2,1
3505,550.722,210.74,2,1
3506,254.305,42.9601,2,1
3507,311.928,107.715,2,1
3508,294.256,40.9667,2,1
3509,350.88,191.903,2,1
3510,585.464,25.0295,2,1
3511,596.01,277.44,2,1
3512,160.448,117.369,2,1
3513,140.459,212.599,2,1
3514,333.614,177.059,2,1
3515,581.648,236.006,2,1
3516,429.878,231.317,2,1
3517,318.812,276.622,2,1
3518,501.193,183.009,2,1
3519,423.47,165.422,2,1
3520,2.44694,161.769,2,1
3521,428.213,72.3915,2,1
3522,257.958,62.2247,2,1
3523,261.059,75.9331,2,1
3524,323.017,91.1041,2,1
3525,130.689,38.6133,2,1
3526,512.676,278.353,2,1
3527,362.841,26.5014,2,1
3528,205.312,156.219,2,1
3529,565.247,216.162,2,1
3530,39.5949,60.0614,2,1
3531,592.846,259.097,2,1
3532,133.224,131.546,2,1
3533,564.056,120.31,2,1
3534,448.292,184.725,2,1
3535,19.6057,52.3637,2,1
3536,471.092,59.8677,2,1
3537,206.325,68.6628,2,1
3538,462.874,189.218,2,1
3539,474.947,2,2,1
3540,36.766,285.626,2,1
3541,592.416,212.895,2,1
3542,28.2333,39.4726,2,1
3543,267.399,101.667,2,1
3544,389.338,92.7525,2,1
3545,405.191,103.321,2,1
3546,171.71,251.203,2,1
3547,411.845,116.292,2,1
3548,164.557,5.02936,2,1
3549,391.79,124.41,2,1
3550,577.727,18.3078,2,1
3551,150.13,78.5086,2,1
3552,50.0811,9.29045,2,1
3553,413.425,48.4054,2,1
3554,473.378,179.46,2,1
3555,15.9967,164.783,2,1
3556,556.655,287.136,2,1
3557,129.89,105.15,2,1
3558,163.89,169.666,2,1
3559,391.969,203.343,2,1
3560,304.546,166.422,2,1
3561,143.812,24.6586,2,1
3562,216.5,7.2857,2,1
3563,82.8188,253.666,2,1
3564,243.486,101.244,2,1
3565,420.006,5.52233,2,1
3566,122.552,144.597,2,1
3567,24.8596,181.384,2,1
3568,532.702,70.1388,2,1
3569,449.869,79.4597,2,1
3570,337.627,66.1722,2,1
3571,4.90734,224.037,2,1
3572,256.752,242.754,2,1
3573,15.3769,19.787,2,1
3574,404.87,209.941,2,1
3575,513.431,5.84082,2,1
3576,358.292,173.744,2,1
3577,425.571,298,2,1
3578,455.299,78.5113,2,1
3579,441.435,71.8069,2,1
3580,87.0994,146.232,2,1
3581,399.714,5.6673,2,0
3582,267.35,17.0936,2,1
3583,174.343,280.312,2,1
3584,238.4,244.571,2,1
3585,355.718,48.9249,2,1
3586,16.6828,287.316,2,1
3587,278.047,158.323,2,1
3588,283.355,27.4809,2,1
3589,167.539,195.164,2,1
3590,431.247,19.8621,2,1
3591,243.327,153.469,2,1
3592,547.441,103.433,2,1
3593,114.813,209.808,2,1
3594,41.642,97.3498,2,1
3595,91.622,12.9576,2,1
3596,60.095,137.739,2,1
3597,441.543,149.914,2,1
3598,459.737,227.884,2,1
3599,52.7401,125.289,2,1
3600,489.643,189.885,2,1
3601,595.348,163.561,2,1
3602,126.94,267.305,2,1
3603,84.5126,50.1658,2,1
3604,216.444,195.32,2,1
3605,524.287,294.352,2,1
3606,390.517,16.6038,2,1
3607,94.1692,57.3719,2,1
3608,417.801,206.285,2,1
3609,549.794,166.471,2,1
3610,524.529,272.822,2,1
3611,363.662,200.202,2,1
3612,171.626,110.397,2,1
3613,413.087,63.098,2,1
3614,96.0626,111.882,2,1
3615,447.453,27.522,2,1
3616,300.123,50.6694,2,1
3617,566.927,166.276,2,1
3618,416.219,83.1738,2,1
3619,476.959,148.204,2,1
3620,594.488,193.161,2,1
3621,23.3569,275.813,2,1
3622,58.8084,294.029,2,1
3623,59.9656,133.407,2,1
3624,262.93,173.498,2,1
3625,471.186,152.095,2,1
3626,86.0473,57.6577,2,1
3627,166.789,30.633,2,1
3628,593,9.11575,2,1
3629,302.72,124.439,2,1
3630,27.3379,178.242,2,1
3631,1.51953,100.941,2,1
3632,190.163,148.733,2,1
3633,167.444,242.709,2,1
3634,130.406,94.2316,2,1
3635,443.14,158.878,2,1
3636,58.3827,74.8608,2,1
3637,240.912,43.948,2,1
3638,157.788,206.787,2,1
3639,54.5016,192.717,2,1
3640,59.3233,52.2288,2,1
3641,181.558,48.9866,2,1
3642,170.504,66.0589,2,1
3643,595.277,197.11,2,1
3644,407.733,201.444,2,1
3645,18.1234,226.197,2,1
3646,235.587,193.477,2,1
3647,126.498,152.602,2,1
3648,42.7953,201.884,2,1
3649,489.2,18.8328,2,1
3650,345.445,294.05,2,1
3651,365.4,88.708,2,1
3652,360.67,138.629,2,1
3653,36.7799,234.209,2,1
3654,394.273,207.722,2,1
3655,138.473,198.294,2,1
3656,79.0979,98.9275,2,1
3657,285.498,78.3253,2,0
3658,31.9165,27.5905,2,1
3659,257.782,246.68,2,1
3660,331.981,225.013,2,1
3661,431.712,237.703,2,1
3662,514.582,274.756,2,1
3663,72.2933,156.827,2,1
3664,27.6894,209.473,2,1
3665,384.357,186.915,2,1
3666,66.4978,9.45857,2,1
3667,508.554,159.597,2,1
3668,228.116,166.795,2,1
3669,275.705,169.139,2,1
3670,566.727,5.49988,2,1
3671,522.534,14.0753,2,1
3672,324.598,257.369,2,1
3673,84.1959,42.8743,2,1
3674,524.482,182.89,2,1
3675,277.905,224.686,2,1
3676,550.274,106.367,2,1
3677,48.0841,5.79546,2,1
3678,545.659,140.439,2,1
3679,272.414,276.298,2,1
3680,330.089,152.837,2,1
3681,457.217,70.6081,2,1
3682,538.248,87.0558,2,1
3683,243.611,52.5098,2,1
3684,223.79,73.4249,2,0
3685,47.1624,243.775,2,1
3686,393.214,38.6707,2,1
3687,155.539,127.634,2,1
3688,546.658,5.62178,2,1
3689,509.647,95.6423,2,1
3690,328.52,101.341,2,1
3691,12.6954,294.495,2,1
3692,19.0608,143.302,2,1
3693,383.459,137.49,2,1
3694,133.507,192.074,2,1
3695,401.063,33.9319,2,1
3696,20.2766,23.8209,2,1
3697,245.992,256.751,2,1
3698,281.267,214.883,2,1
3699,118.433,145.392,2,1
3700,566.142,211.496,2,1
3701,202.174,169.409,2,1
3702,287.177,165.212,2,1
3703,446.786,260.482,2,1
3704,427.055,44.6276,2,1
3705,242.607,265.627,2,1
3706,276.205,274.889,2,1
3707,5.78181,130.17,2,1
3708,438.331,190.739,2,1
3709,533.945,217.938,2,1
3710,348.595,298,2,1
3711,596.619,260.786,2,1
3712,510.692,222.631,2,1
3713,465.422,260.275,2,1
3714,393.322,95.3574,2,1
3715,507.75,213.2,2,1
3716,82.7719,178.182,2,1
3717,0.882827,42.3045,2,1
3718,45.1088,125.462,2,1
3719,170.151,32.8169,2,1
3720,300.584,211.068,2,1
3721,462.082,163.652,2,1
3722,96.7806,49.6305,2,1
3723,410.187,69.9828,2,1
3724,41.9939,74.712,2,1
3725,40.4165,251.684,2,1
3726,581.318,28.5092,2,1
3727,457.576,203.045,2,1
3728,465.938,130.017,2,1
3729,179.322,112.233,2,1
3730,481.158,141.308,2,1
3731,420.278,284.466,2,1
3732,20.4727,66.9336,2,1
3733,592.609,254.981,2,1
3734,430.319,9.11263,2,1
3735,529.416,72.8807,2,1
3736,583.395,83.1526,2,1
3737,566.82,219.93,2,1
3738,178.99,129.807,2,1
3739,12.1113,156.11,2,1
3740,293.668,115.726,2,1
3741,444.704,138.8,2,1
3742,424.651,65.8266,2,1
3743,430.342,32.7764,2,1
3744,387.819,234.78,2,1
3745,597.367,236.609,2,1
3746,37.2926,189.718,2,1
3747,142.931,215.802,2,1
3748,505.784,174.87,2,1
3749,118.726,260.123,2,1
3750,339.688,286.286,2,1
3751,65.1173,294.791,2,1
3752,107.854,85.6874,2,1
3753,8.47714,251.204,2,1
3754,451.288,136.256,2,1
3755,431.845,212.153,2,1
3756,151.522,128.348,2,1
3757,559.093,14.1371,2,1
3758,471.294,229.272,2,1
3759,192.877,169.23,2,1
3760,147.073,298,2,1
3761,427.524,59.2981,2,1
3762,344.378,173.483,2,1
3763,179.769,27.5389,2,1
3764,335.741,180.767,2,1
3765,146.388,180.743,2,1
3766,534.63,174.009,2,1
3767,544.868,70.2796,2,1
3768,92.4751,246.225,2,1
3769,340.11,77.3702,2,1
3770,544.42,2,2,1
3771,133.317,240.375,2,1
3772,94.3931,249.8,2,1
3773,353.368,115.054,2,1
3774,26.628,76.3357,2,1
3775,422.132,2,2,1
3776,100.624,6.00927,2,1
3777,350.995,22.0989,2,1
3778,492.974,56.9386,2,1
3779,431.301,278.324,2,1
3780,181.529,251.518,2,1
3781,177.821,13.287,2,1
3782,140.506,139.74,2,1
3783,155.178,2,2,1
3784,122.153,73.8995,2,1
3785,131.21,6.0997,2,1
3786,84.4919,109.236,2,1
3787,78.1085,286.576,2,1
3788,176.645,100.052,2,1
3789,120.516,118.21,2,1
3790,508.912,49.5411,2,1
3791,150.128,182.509,2,1
3792,572.79,298,2,1
3793,455.745,233.115,2,1
3794,539.479,271.679,2,1
3795,448.186,267.844,2,1
3796,590.128,168.207,2,1
3797,176.454,81.4977,2,1
3798,16.1318,219.078,2,1
3799,566.867,141.638,2,1
3800,322.593,253.71,2,1
3801,294.373,243.495,2,1
3802,246.041,140.734,2,1
3803,305.412,83.6039,2,1
3804,461.854,156.716,2,1
3805,420.119,129.4,2,1
3806,259.123,189.866,2,1
3807,341.87,88.2101,2,1
3808,316.109,99.8446,2,1
3809,402.052,152.357,2,1
3810,564.065,242.328,2,1
3811,389.96,49.8779,2,1
3812,320.22,11.0337,2,1
3813,374.025,23.3554,2,1
3814,343.477,159.732,2,1
3815,502.851,64.484,2,1
3816,111.547,16.0625,2,1
3817,84.3652,257.478,2,1
3818,589.65,49.7147,2,1
3819,368.723,103.943,2,1
3820,286.489,65.3587,2,1
3821,241.937,70.4033,2,1
3822,435.371,42.9408,2,0
3823,561.408,116.275,2,1
3824,404.663,94.9929,2,1
3825,382.26,290.092,2,1
3826,587.761,171.464,2,1
3827,291.241,178.017,2,1
3828,129.244,109.1,2,1
3829,250.961,173.614,2,1
3830,252.917,74.8539,2,1
3831,315.321,19.9399,2,1
3832,434.465,139.704,2,1
3833,533.498,155.933,2,1
3834,594.305,206.994,2,1
3835,350.926,131.162,2,1
3836,147.854,196.695,2,1
3837,416.224,209.983,2,1
3838,177.805,73.8637,2,1
3839,428.613,106.663,2,1
3840,547.058,264.969,2,1
3841,32.9832,272.782,2,1
3842,87.9695,73.7913,2,1
3843,304.13,14.8777,2,1
3844,232.389,99.5382,2,1
3845,527.28,55.8144,2,1
3846,214.011,10.5795,2,1
3847,31.2106,23.5061,2,1
3848,509.173,240.985,2,1
3849,289.406,95.4913,2,1
3850,306.967,35.8787,2,1
3851,21.4593,9.235,2,1
3852,110.231,269.647,2,1
3853,302.97,47.408,2,1
3854,284.5,18.6894,2,1
3855,140.57,14.1055,2,1
3856,448.339,128.71,2,1
3857,405.718,22.0423,2,1
3858,575.318,193.495,2,1
3859,34.7976,185.301,2,1
3860,86.2019,238.973,2,1
3861,354.393,43.1144,2,1
3862,75.8693,143.819,2,1
3863,389.594,96.9823,2,1
3864,184.767,13.0262,2,1
3865,377.193,231.839,2,1
3866,572.996,11.3892,2,1
3867,360.698,237.63,2,1
3868,582.521,132.278,2,1
3869,430.315,145.961,2,1
3870,232.091,167.389,2,1
3871,128.869,173.578,2,1
3872,108.547,135.614,2,1
3873,421.316,50.5041,2,1
3874,463.443,22.233,2,1
3875,261.551,71.8716,2,1
3876,139.672,7.87634,2,1
3877,564.276,151.211,2,1
3878,271.039,117.095,2,1
3879,69.2017,98.2559,2,1
3880,51.3053,29.2777,2,1
3881,219.157,149.495,2,1
3882,25.2581,232.286,2,1
3883,354.807,289.271,2,1
3884,496.352,262.792,2,1
3885,295.043,269.791,2,1
3886,36.3608,294.496,2,1
3887,77.52,2,2,1
3888,511.195,174.228,2,1
3889,10.3929,284.141,2,1
3890,414.835,190.538,2,1
3891,397.723,232.896,2,1
3892,360.435,278.763,2,1
3893,305.939,171.509,2,1
3894,521.52,114.587,2,1
3895,271.031,84.3173,2,0
3896,37.499,76.1316,2,1
3897,209.069,106.183,2,1
3898,22.7389,54.9384,2,1
3899,359.52,200.004,2,1
3900,205.733,113.657,2,1
3901,0.185047,262.638,2,1
3902,207.895,254.375,2,1
3903,505.718,24.8229,2,1
3904,301.572,37.8868,2,1
3905,63.1884,237.979,2,1
3906,379.43,61.7102,2,1
3907,126.49,92.9758,2,1
3908,560.947,59.6705,2,1
3909,169.789,274.768,2,1
3910,521.541,265.142,2,1
3911,89.496,16.6078,2,1
3912,495.144,53.5249,2,1
3913,79.9175,141.763,2,1
3914,559.093,99.1276,2,1
3915,280.548,234.889,2,1
3916,268.02,262.777,2,1
3917,97.0168,35.3248,2,1
3918,555.999,69.5641,2,1
3919,143.587,258.247,2,1
3920,41.7712,42.3073,2,1
3921,446.896,154.782,2,1
3922,267.008,152.307,2,1
3923,499.438,143.294,2,1
3924,509.78,80.5645,2,1
3925,70.7454,54.8107,2,1
3926,521.674,118.729,2,1
3927,293.387,88.9722,2,1
3928,114.231,171.543,2,1
3929,167.967,212.849,2,1
3930,56.7816,220.066,2,1
3931,95.8882,215.359,2,1
3932,324.84,203.383,2,1
3933,99.8437,52.3513,2,1
3934,595.014,131.035,2,1
3935,203.43,286.059,2,1
3936,86.2399,199.738,2,1
3937,544.44,286.983,2,1
3938,488.94,56.8015,2,0
3939,167.822,49.8818,2,1
3940,425.972,90.3891,2,1
3941,202.986,123.052,2,1
3942,225.007,125.389,2,1
3943,205.561,86.1374,2,1
3944,60.5412,119.612,2,1
3945,529.153,156.325,2,1
3946,29.8817,250.933,2,1
3947,304.816,187.274,2,1
3948,223.462,277.949,2,1
3949,199.148,293.955,2,1
3950,424.357,215.405,2,1
3951,138.629,86.7657,2,1
3952,575.058,294.568,2,1
3953,199.607,229.195,2,1
3954,52.6144,78.9554,2,1
3955,227.828,227.324,2,1
3956,311.719,70.248,2,1
3957,88.8844,190.252,2,1
3958,149.71,271.087,2,1
3959,141.469,221.035,2,1
3960,91.4142,216.57,2,1
3961,389.025,271.236,2,1
3962,447.481,56.0268,2,1
3963,215.284,99.6159,2,1
3964,123.2,27.5963,2,1
3965,447.779,20.1634,2,1
3966,342.731,13.0661,2,1
3967,389.871,181.477,2,1
3968,234.55,19.0022,2,1
3969,505.576,146.771,2,1
3970,94.811,53.4007,2,1
3971,537.698,258.003,2,1
3972,466.32,256.292,2,1
3973,46.0198,221.024,2,1
3974,98.6219,9.57446,2,1
3975,554.452,97.167,2,1
3976,592.499,160.413,2,1
3977,66.7933,166.438,2,1
3978,566.168,263.465,2,1
3979,497.666,148.201,2,1
3980,526.291,265.001,2,1
3981,509.022,90.2489,2,1
3982,46.8938,201.643,2,1
3983,173.676,247.589,2,1
3984,371.927,254.595,2,1
3985,592.694,27.4461,2,1
3986,212.429,195.857,2,1
3987,469.493,91.7614,2,1
3988,505.494,97.2647,2,1
3989,433.102,248.61,2,1
3990,253.494,108.04,2,1
3991,397.779,170.53,2,1
3992,50.1243,222.019,2,1
3993,437.747,148.305,2,1
3994,49.4656,282.229,2,1
3995,458.151,174.795,2,1
3996,161.8,174.665,2,1
3997,267.641,136.378,2,1
3998,106.926,285.157,2,1
3999,111.399,9.24304,2,1
4000,189.24,133.832,2,1
4001,467.404,169.816,2,1
4002,306.831,215.808,2,1
4003,206.45,196.215,2,1
4004,146.043,261.462,2,1
4005,549.089,43.1755,2,1
4006,207.822,222.503,2,1
4007,315.748,273.888,2,1
4008,229.464,145.536,2,1
4009,526.532,159.582,2,1
4010,542.092,10.6741,2,1
4011,118.553,66.9375,2,1
4012,568.62,30.0723,2,1
4013,309.239,2.85893,2,1
4014,302.256,246.231,2,1
4015,335.995,225.313,2,1
4016,47.8403,13.9031,2,1
4017,386.352,144.447,2,1
4018,240.304,298,2,1
4019,77.2932,294.278,2,1
4020,25.9727,224.193,2,1
4021,47.9175,36.7498,2,1
4022,356.694,298,2,1
4023,126.962,298,2,1
4024,561.734,293.558,2,1
4025,452.327,248.329,2,1
4026,558.166,265.942,2,1
4027,470.426,254.39,2,1
4028,501.636,217.844,2,1
4029,563.719,78.023,2,1
4030,327.329,55.3323,2,1
4031,557.943,188.017,2,1
4032,321.042,128.577,2,1
4033,503.309,166.906,2,1
4034,323.741,114.451,2,1
4035,429.699,91.9142,2,1
4036,232.899,159.997,2,1
4037,0.703778,38.1039,2,1
4038,382.187,207.705,2,1
4039,591.447,185.732,2,1
4040,508.969,16.2458,2,1
4041,391.088,223.104,2,1
4042,387.414,196.667,2,1
4043,319.399,124.906,2,1
4044,48.9864,22.0748,2,1
4045,123.412,20.5933,2,1
4046,60.9009,199.797,2,1
4047,350.028,82.82,2,1
4048,390.265,207.005,2,1
4049,412.336,187.362,2,1
4050,41.2328,178.464,2,1
4051,362.399,208.071,2,1
4052,419.631,29.7889,2,1
4053,371.353,5.54057,2,1
4054,535.721,58.4046,2,1
4055,19.0942,94.3505,2,1
4056,426.435,263.301,2,1
4057,582.056,278.037,2,1
4058,300.343,13.252,2,0
4059,51.7344,233.876,2,1
4060,328.101,108.17,2,1
4061,234.101,208.122,2,1
4062,480.088,87.683,2,1
4063,226.713,2,2,1
4064,35.7865,5.75605,2,1
4065,477.04,141.472,2,1
4066,290.468,287.154,2,1
4067,315.105,95.3119,2,1
4068,525.244,67.1439,2,1
4069,64.6361,159.234,2,1
4070,260.137,65.7626,2,1
4071,189.148,224.84,2,1
4072,549.435,279.495,2,1
4073,69.6628,31.2147,2,1
4074,308.567,166.394,2,1
4075,247.775,59.9528,2,1
4076,277.663,238.93,2,1
4077,16.9569,2,2,1
4078,591.797,124.74,2,1
4079,373.342,37.4224,2,1
4080,120.458,133.719,2,1
4081,389.878,254.456,2,1
4082,221.113,114.947,2,1
4083,29.1581,83.0083,2,1
4084,214.951,61.9745,2,1
4085,582.445,254.3,2,1
4086,524.369,140.529,2,1
4087,292.305,169.668,2,1
4088,122.104,6.00326,2,1
4089,334.065,277.049,2,1
4090,12.7249,204.395,2,1
4091,187.77,228.7,2,1
4092,94.2145,2,2,1
4093,288.964,256.941,2,1
4094,599.102,151.778,2,1
4095,20.4308,154.484,2,1
4096,426.301,146.456,2,1
4097,280.124,80.7403,2,1
4098,563.818,271.804,2,1
4099,54.3416,212.178,2,1
4100,232.228,298,2,1
4101,206.482,163.432,2,1
4102,432.791,85.0617,2,1
4103,54.6074,89.7998,2,1
4104,365.072,290.255,2,1
4105,98.8747,286.482,2,1
4106,538.133,82.9738,2,1
4107,216.165,14.0659,2,1
4108,467.246,134.382,2,1
4109,235.932,264.847,2,1
4110,401.204,97.2192,2,0
4111,488.193,68.7645,2,1
4112,485.326,184.161,2,1
4113,361.143,74.2521,2,1
4114,286.374,92.8366,2,1
4115,189.216,212.075,2,1
4116,269.504,5.7308,2,1
4117,566.844,12.511,2,1
4118,525.62,136.452,2,1
4119,65.7258,227.042,2,1
4120,2.6205,127.605,2,1
4121,147.467,289.239,2,1
4122,488.073,29.8096,2,1
4123,253.503,258.286,2,1
4124,353.044,25.6648,2,1
4125,525.091,116.494,2,1
4126,260.834,90.9152,2,1
4127,543.595,273.714,2,1
4128,168.127,254.659,2,1
4129,146.492,85.9039,2,1
4130,515.704,190.929,2,1
4131,31.666,66.9913,2,1
4132,184.524,78.301,2,1
4133,45.8814,284.106,2,1
4134,546.773,144.471,2,1
4135,502.002,135.668,2,1
4136,211.061,42.9907,2,1
4137,345.697,65.6065,2,1
4138,236.271,125.328,2,1
4139,473.489,259.874,2,1
4140,275.453,264.566,2,1
4141,59.047,228.237,2,1
4142,194.064,268.641,2,1
4143,456.342,33.9879,2,1
4144,527.619,247.113,2,1
4145,596.97,43.3092,2,1
4146,33.5992,54.5845,2,1
4147,317.788,62.3909,2,1
4148,323.668,177.406,2,1
4149,507.93,286.217,2,1
4150,241.789,178.224,2,1
4151,282.296,176.155,2,1
4152,296.12,11.7699,2,1
4153,148.649,248.405,2,1
4154,49.3094,59.4523,2,1
4155,411.33,89.8642,2,1
4156,554.043,90.6659,2,1
4157,569.982,59.8758,2,1
4158,504.805,157.989,2,1
4159,504.36,193.69,2,1
4160,186.616,196.555,2,1
4161,455.635,142.992,2,1
4162,300.06,216.856,2,1
4163,46.5275,47.4684,2,1
4164,156.542,93.8753,2,1
4165,578.127,165.377,2,1
4166,158.119,250.121,2,1
4167,220.098,298,2,1
4168,487.641,129.658,2,1
4169,514.747,199.75,2,1
4170,170.092,181.814,2,1
4171,174.541,237.955,2,1
4172,20.081,200.816,2,1
4173,502.448,53.6294,2,1
4174,203.687,263.806,2,1
4175,44.0025,181.522,2,1
4176,260.619,57.0933,2,1
4177,159.947,281.626,2,1
4178,120.676,180.82,2,1
4179,107.44,228.392,2,1
4180,231.984,286.285,2,1
4181,13.5478,184.209,2,1
4182,134.739,2,2,1
4183,57.9242,254.623,2,1
4184,78.9491,220.935,2,1
4185,213.815,287.698,2,1
4186,169,248.014,2,1
4187,517.533,65.1423,2,1
4188,553.032,220.183,2,1
4189,581.028,64.5046,2,1
4190,356.536,112.512,2,1
4191,30.3862,19.5093,2,1
4192,369.463,283.459,2,1
4193,227.486,196.721,2,1
4194,29.9038,107.367,2,1
4195,473.141,251.082,2,1
4196,371.807,274.625,2,1
4197,208.659,229.842,2,1
4198,44.4431,294.482,2,1
4199,243.931,39.9615,2,1
4200,467.503,22.4584,2,1
4201,124.839,16.7041,2,1
4202,287.635,240.532,2,1
4203,572.036,86.4549,2,1
4204,111.923,262.308,2,1
4205,448.28,247.8,2,1
4206,590.963,5.57777,2,1
4207,178.486,254.236,2,1
4208,316.422,183.439,2,1
4209,348.874,57.9443,2,1
4210,140.117,171.61,2,1
4211,150.44,178.323,2,1
4212,216.77,109.16,2,1
4213,571.755,70.4354,2,1
4214,287.2,284.847,2,1
4215,71.8861,142.576,2,1
4216,372.005,201.915,2,1
4217,25.8118,108.793,2,1
4218,359.28,82.0989,2,1
4219,269.843,269.8,2,1
4220,82.9273,19.6259,2,1
4221,148.177,204.715,2,1
4222,282.138,180.163,2,1
4223,172.923,83.384,2,1
4224,68.1661,51.726,2,1
4225,557.658,52.1693,2,1
4226,90.8557,71.0152,2,0
4227,515.227,173.621,2,1
4228,482.823,105.551,2,1
4229,175.123,268.194,2,1
4230,8.6405,88.4786,2,1
4231,305.264,229.112,2,1
4232,505.732,153.953,2,1
4233,532.207,2,2,1
4234,440.653,289.56,2,1
4235,192.18,140.708,2,1
4236,55.3802,115.413,2,1
4237,529.473,177.592,2,1
4238,21.8189,125.38,2,1
4239,63.8607,242.881,2,1
4240,19.9035,98.494,2,1
4241,526.482,283.661,2,1
4242,298.967,122.743,2,1
4243,404.503,272.185,2,1
4244,183.792,164.98,2,1
4245,362.185,172.232,2,1
4246,79.5448,290.856,2,1
4247,314.879,277.856,2,1
4248,272.452,246.443,2,1
4249,541.42,240.169,2,1
4250,247.726,165.804,2,1
4251,255.874,210.901,2,1
4252,317.1,270.056,2,1
4253,380.693,211.808,2,1
4254,195.193,245.732,2,1
4255,113.655,83.6675,2,1
4256,347.905,234.723,2,1
4257,353.565,237.994,2,1
4258,580.804,9.04494,2,1
4259,490.33,217.64,2,1
4260,538.041,242.396,2,1
4261,491.179,33.7905,2,1
4262,540.463,160.519,2,1
4263,313.707,132.695,2,1
4264,116.806,289.275,2,1
4265,192.016,94.462,2,1
4266,201.322,157.182,2,1
4267,207.916,5.23822,2,0
4268,585.037,168.419,2,1
4269,176.478,214.929,2,1
4270,344.011,50.7228,2,1
4271,287.279,36.9974,2,1
4272,371.834,236.261,2,1
4273,377.617,219.577,2,1
4274,168.528,117.476,2,1
4275,281.052,246.405,2,1
4276,399.15,187.433,2,1
4277,163.176,28.4153,2,1
4278,86.0106,251.243,2,1
4279,374.192,171.772,2,1
4280,155.787,21.5578,2,1
4281,599.691,201.05,2,1
4282,469.609,203.516,2,1
4283,156.099,177.436,2,1
4284,148.014,222.031,2,1
4285,99.5364,148.852,2,1
4286,419.629,133.558,2,1
4287,517.713,289.937,2,1
4288,328.053,5.8547,2,1
4289,396.07,12.9785,2,1
4290,196.764,260.049,2,1
4291,400.984,89.0613,2,1
4292,34.2971,298,2,1
4293,10.5537,280.086,2,1
4294,393.959,234.512,2,1
4295,34.5499,192.833,2,1
4296,230.805,20.5272,2,1
4297,326.103,290.272,2,1
4298,526.83,35.7385,2,1
4299,37.969,169.734,2,1
4300,53.03,280.233,2,1
4301,500.732,107.717,2,1
4302,438.266,213.621,2,1
4303,332.495,49.3829,2,1
4304,361.582,101.243,2,1
4305,111.292,128.502,2,1
4306,178.965,293.991,2,1
4307,264.025,183.916,2,1
4308,491.947,60.9056,2,1
4309,416.39,45.5729,2,1
4310,250.404,5.90831,2,1
4311,585.035,149.052,2,1
4312,226.066,241.674,2,1
4313,430.947,167.488,2,1
4314,253.72,122.082,2,1
4315,510.837,162.964,2,1
4316,118.115,201.044,2,1
4317,59.5377,285.026,2,1
4318,330.927,167.789,2,1
4319,324.254,272.421,2,1
4320,178.085,235.87,2,1
4321,174.05,94.2777,2,1
4322,323.367,54.3832,2,1
4323,335.083,106.16,2,1
4324,409.588,177.046,2,1
4325,75.7651,48.956,2,1
4326,256.467,58.4562,2,1
4327,288.681,151.396,2,1
4328,339.238,257.094,2,1
4329,30.746,130.148,2,1
4330,340.396,182.569,2,1
4331,251.667,52.957,2,1
4332,118.072,110.816,2,1
4333,315.206,191.498,2,1
4334,104.555,252.388,2,1
4335,381.946,48.8963,2,1
4336,598.734,128.875,2,1
4337,326.715,89.4952,2,1
4338,28.151,165.963,2,1
4339,150.261,148.112,2,1
4340,501.456,115.72,2,1
4341,483.604,269.322,2,1
4342,248.536,259.934,2,1
4343,22.7263,265.604,2,1
4344,227.424,237.808,2,1
4345,232.694,46.5735,2,0
4346,124.613,9.37823,2,1
4347,385.869,95.113,2,1
4348,106.317,258.084,2,1
4349,431.37,257.715,2,1
4350,34.6812,289.266,2,1
4351,114.347,153.893,2,1
4352,294.515,45.0473,2,1
4353,544.983,205.605,2,1
4354,353.793,258.286,2,1
4355,420.196,156.573,2,1
4356,596.629,77.0155,2,0
4357,63.4435,25.937,2,1
4358,115.801,189.179,2,1
4359,14.7137,290.984,2,1
4360,31.2781,204.445,2,1
4361,80.4841,108.905,2,1
4362,320.735,244.568,2,1
4363,568.015,149.72,2,1
4364,548.15,67.9725,2,1
4365,54.9579,35.3234,2,0
4366,9.62428,128.872,2,1
4367,37.3037,128.148,2,1
4368,375.368,261.818,2,1
4369,86.037,215.849,2,1
4370,526.303,166.796,2,1
4371,19.9901,132.954,2,1
4372,378.529,131.386,2,1
4373,362.156,40.8807,2,1
4374,92.898,190.231,2,1
4375,340.789,92.1406,2,1
4376,512.341,47.4286,2,1
4377,325.383,31.9999,2,1
4378,56.6001,78.4439,2,1
4379,355.876,140.314,2,1
4380,215.448,181.354,2,1
4381,431.611,282.5,2,1
4382,178.684,153.62,2,1
4383,381.516,298,2,1
4384,565.812,66.9629,2,1
4385,187.453,50.1381,2,1
4386,73.0953,68.0331,2,1
4387,166.774,98.8885,2,1
4388,129.623,90.2689,2,1
4389,444.282,12.7948,2,1
4390,168.121,45.8824,2,1
4391,377.735,30.6214,2,1
4392,116.8,165.038,2,1
4393,313.793,171.113,2,1
4394,23.6166,257.608,2,1
4395,0.173178,179.042,2,1
4396,323.048,19.4849,2,1
4397,588.753,36.2625,2,1
4398,8.18293,163.305,2,1
4399,381.499,2,2,1
4400,130.327,153.974,2,1
4401,449.911,63.8434,2,1
4402,254.559,224.557,2,1
4403,476.983,71.8683,2,1
4404,503.954,60.5791,2,1
4405,338.958,233.257,2,1
4406,23.4194,211.009,2,1
4407,522.669,246.823,2,1
4408,153.881,173.757,2,1
4409,106.296,146.804,2,1
4410,271.47,139.165,2,1
4411,319.189,92.4789,2,1
4412,522.47,283.295,2,1
4413,58.8109,32.6181,2,1
4414,465.565,207.801,2,1
4415,35.4784,256.78,2,1
4416,275.226,137.61,2,1
4417,380.199,222.636,2,1
4418,14.9025,57.6196,2,1
4419,263.657,88.0368,2,1
4420,488.026,14.1387,2,1
4421,533.179,229.125,2,1
4422,368.296,120.248,2,1
4423,502.489,87.5767,2,1
4424,181.123,259.303,2,1
4425,198.102,279.341,2,1
4426,466.37,277.536,2,1
4427,81.778,260.692,2,1
4428,510.526,76.4642,2,1
4429,119.411,293.948,2,1
4430,422.88,120.364,2,1
4431,380.027,27.0764,2,1
4432,488.911,228.767,2,1
4433,192.695,158.712,2,1
4434,85.7411,281.118,2,1
4435,239.458,192.444,2,1
4436,456.89,215.868,2,1
4437,7.35719,255.061,2,1
4438,499.682,70.8279,2,1
4439,390.369,283.312,2,1
4440,207.448,286.26,2,1
4441,553.765,65.9731,2,1
4442,237.299,26.9326,2,1
4443,351.35,61.2481,2,1
4444,17.853,173.136,2,1
4445,479.568,216.861,2,1
4446,91.6144,80.5015,2,1
4447,411.651,267.449,2,1
4448,265.479,193.546,2,1
4449,352.692,298,2,1
4450,586.655,225.992,2,1
4451,0.963541,82.7346,2,1
4452,161.85,2,2,1
4453,461.905,289.543,2,1
4454,210.415,122.41,2,1
4455,450.03,282.772,2,1
4456,243.718,219.585,2,1
4457,554.03,104.854,2,1
4458,404.645,228.807,2,1
4459,487.826,50.5785,2,1
4460,343.936,166.803,2,1
4461,439.402,27.1684,2,1
4462,376.313,68.1236,2,1
4463,188.412,26.3825,2,0
4464,548.38,214.193,2,1
4465,63.8067,117.23,2,1
4466,88.9711,35.4491,2,1
4467,365.357,152.969,2,1
4468,52.8934,129.328,2,1
4469,332.431,217.923,2,1
4470,588.655,108.902,2,1
4471,10.2688,166.719,2,1
4472,208.841,31.8969,2,1
4473,257.236,227.561,2,1
4474,365.297,128.756,2,1
4475,350.33,98.7643,2,1
4476,187.893,62.0828,2,1
4477,52.2901,172.195,2,1
4478,197.732,174.684,2,1
4479,30.4577,75.0238,2,1
4480,405.374,60.4681,2,0
4481,377.529,9.03614,2,1
4482,18.7132,247.836,2,1
4483,451.188,54.2325,2,1
4484,0.84342,216.199,2,1
4485,123.548,247.782,2,1
4486,522.851,9.86993,2,1
4487,108.82,181.125,2,1
4488,189.725,189.063,2,1
4489,273.79,154.972,2,1
4490,288.784,99.5738,2,1
4491,332.015,6.77014,2,1
4492,123.525,206.855,2,1
4493,353.333,229.003,2,1
4494,79.7217,82.7455,2,1
4495,518.639,125.058,2,1
4496,458.675,123.527,2,1
4497,169.802,123.655,2,1
4498,546.12,119.549,2,1
4499,180.476,93.6085,2,1
4500,265.749,239.745,2,1
4501,306.899,198.454,2,1
4502,189.545,183.054,2,1
4503,463.885,230.788,2,1
4504,360.513,211.808,2,1
4505,313.918,76.9185,2,1
4506,104.499,135.809,2,1
4507,83.6157,148.241,2,1
4508,107.59,157.336,2,1
4509,3.41278,123.605,2,1
4510,154.555,6.00265,2,1
4511,158.203,218.335,2,1
4512,189.383,290.123,2,1
4513,56.8821,176.993,2,1
4514,72.7516,226.11,2,1
4515,217.534,271.781,2,1
4516,242.176,246.291,2,1
4517,381.807,129.087,2,1
4518,356.53,264.229,2,1
4519,503.425,230.912,2,1
4520,568.089,49.5976,2,1
4521,69.5561,203.72,2,1
4522,79.4734,122.974,2,1
4523,249.322,277.767,2,1
4524,42.5569,46.2844,2,1
4525,22.2224,81.7753,2,1
4526,419.592,260.853,2,1
4527,199.311,104.001,2,1
4528,466.708,200.634,2,1
4529,415.469,259.809,2,1
4530,259.732,263.533,2,1
4531,500.527,206.302,2,1
4532,0.370788,54.0547,2,1
4533,220.984,82.5941,2,1
4534,192.633,259.852,2,1
4535,302.027,172.491,2,1
4536,23.4773,102.265,2,1
4537,531.563,225.418,2,1
4538,209.478,244.491,2,1
4539,483.312,243.377,2,1
4540,227.233,293.955,2,1
4541,373.948,41.3785,2,1
4542,117.217,197.139,2,1
4543,234.283,10.0095,2,1
4544,313.791,139.305,2,1
4545,413.796,148.109,2,1
4546,294.395,128.812,2,1
4547,528.12,2,2,1
4548,203.46,46.3609,2,1
4549,29.4377,242.766,2,1
4550,30.6111,296.345,2,1
4551,428.105,5.66611,2,1
4552,568.776,42.605,2,1
4553,457.889,211.881,2,1
4554,308.795,186.274,2,1
4555,91.1628,135.722,2,1
4556,555.136,121.862,2,1
4557,527.912,170.671,2,1
4558,402.97,173.728,2,1
4559,142.67,176.692,2,1
4560,357.768,256.216,2,1
4561,382.053,106.348,2,1
4562,141.416,36.8451,2,1
4563,179.977,247.806,2,1
4564,550.686,283.325,2,1
4565,593.518,156.531,2,1
4566,592.863,284.371,2,1
4567,585.289,29.7915,2,1
4568,256.264,111.083,2,1
4569,585.127,17.7025,2,1
4570,294.672,72.5838,2,1
4571,234.138,163.894,2,1
4572,181.392,15.3154,2,1
4573,90.8361,276.049,2,1
4574,313.734,62.5765,2,1
4575,105.063,289.107,2,1
4576,138.296,263.8,2,1
4577,148.672,99.8715,2,1
4578,406.667,147.082,2,1
4579,28.1485,64.1383,2,1
4580,12.9273,188.25,2,1
4581,158.359,51.0985,2,1
4582,449.654,172.834,2,1
4583,503.572,6.154,2,1
4584,217.553,202.106,2,1
4585,192.272,27.5744,2,0
4586,107.005,47.3085,2,1
4587,287.106,280.767,2,1
4588,181.008,290.463,2,1
4589,75.4079,174.964,2,1
4590,574.912,245.004,2,1
4591,15.4451,266.28,2,1
4592,247.933,23.0985,2,1
4593,205.197,23.1559,2,1
4594,285.629,191.991,2,1
4595,259.98,250.053,2,1
4596,388.5,84.8389,2,1
4597,407.865,261.999,2,1
4598,73.62,24.2919,2,1
4599,192.788,193.657,2,1
4600,385.545,2,2,1
4601,495.72,109.083,2,1
4602,62.9075,182.36,2,1
4603,564.071,49.2242,2,1
4604,73.4282,184.642,2,1
4605,9.33999,184.288,2,1
4606,337.73,42.0977,2,1
4607,363.496,156.546,2,1
4608,372.846,179.131,2,1
4609,364.253,36.1357,2,1
4610,109.441,96.5416,2,1
4611,26.4826,240.063,2,1
4612,188.825,283.119,2,1
4613,75.0319,98.8491,2,1
4614,115.812,263.547,2,1
4615,156.306,232.146,2,1
4616,239.897,135.494,2,1
4617,397.756,218.147,2,1
4618,26.6612,213.397,2,1
4619,151.027,92.3307,2,1
4620,481.906,187.834,2,1
4621,429.921,76.0743,2,1
4622,143.037,298,2,1
4623,209.473,258.084,2,1
4624,353.765,246.199,2,1
4625,398.535,225.342,2,1
4626,465.733,49.6371,2,1
4627,335.35,191.781,2,1
4628,368.416,213.615,2,1
4629,140.09,147.477,2,1
4630,558.235,124.524,2,1
4631,11.9926,23.8514,2,1
4632,527.268,22.0187,2,1
4633,407.63,131.87,2,1
4634,106.565,169.06,2,1
4635,57.3925,93.4841,2,1
4636,307.686,254.344,2,1
4637,277.277,290.68,2,1
4638,561.997,22.9191,2,1
4639,205.918,282.354,2,1
4640,326.531,214.083,2,1
4641,30.5218,282.256,2,1
4642,126.076,271.291,2,1
4643,37.3727,120.325,2,1
4644,111.439,242.447,2,1
4645,473.365,246.769,2,1
4646,515.953,2,2,1
4647,55.2408,227.001,2,1
4648,368.563,238.757,2,1
4649,150.655,156.124,2,1
4650,461.244,27.255,2,1
4651,564.784,9.01912,2,1
4652,240.08,287.564,2,1
4653,214.094,123.981,2,1
4654,68.2456,86.3589,2,1
4655,294.261,187.585,2,1
4656,221.648,35.9783,2,1
4657,66.3286,104.759,2,1
4658,379.911,255.457,2,1
4659,98.9067,226.18,2,1
4660,499.354,166.196,2,1
4661,30.7451,185.698,2,1
4662,263.461,256.613,2,1
4663,1.83942,109.051,2,1
4664,372.227,194.13,2,1
4665,510.959,269.054,2,1
4666,129.156,223.991,2,1
4667,479.877,180.056,2,1
4668,202.077,101.01,2,1
4669,198.02,87.7207,2,1
4670,135.786,236.272,2,1
4671,578.928,275.403,2,1
4672,507.877,183.026,2,1
4673,425.962,123.058,2,1
4674,130.788,2,2,1
4675,25.9569,250.094,2,1
4676,427.467,130.26,2,1
4677,389.233,169.04,2,1
4678,389.195,275.288,2,1
4679,106.517,59.3161,2,1
4680,560.997,135.222,2,1
4681,352.35,234.097,2,1
4682,163.779,279.641,2,1
4683,113.63,12.6369,2,1
4684,432.736,178.569,2,1
4685,312.093,157.803,2,1
4686,273.153,272.272,2,1
4687,530.491,283.702,2,1
4688,377.766,138.432,2,1
4689,539.165,167.242,2,1
4690,106.921,35.3174,2,1
4691,336.877,93.3861,2,1
4692,395.834,123.64,2,1
4693,34.3404,280.658,2,1
4694,101.119,210.612,2,1
4695,75.359,250.205,2,1
4696,262.447,224.195,2,1
4697,586.914,5.52325,2,1
4698,372.823,270.616,2,1
4699,88.2447,110.748,2,1
4700,310.083,248.125,2,1
4701,318.287,230.442,2,1
4702,470.666,188.054,2,1
4703,88.8705,244.447,2,1
4704,429.984,265.774,2,1
4705,408.329,92.5406,2,1
4706,166.973,72.363,2,1
4707,405.819,184.202,2,1
4708,447.647,108.504,2,1
4709,564.752,31.2244,2,1
4710,522.378,144.104,2,1
4711,159.87,39.6221,2,1
4712,14.9877,258.171,2,1
4713,73.9457,17.814,2,1
4714,418.265,107.314,2,1
4715,74.9111,44.9374,2,1
4716,393.033,172.495,2,1
4717,110.327,154.266,2,1
4718,200.027,239.298,2,1
4719,570.855,220.298,2,1
4720,132.538,102.013,2,1
4721,597.106,2,2,1
4722,430.648,81.5724,2,1
4723,86.492,39.1458,2,1
4724,548.563,80.8661,2,1
4725,431.283,61.0063,2,1
4726,405.811,169.777,2,1
4727,495.605,234.026,2,1
4728,153.366,113.171,2,1
4729,589.804,268.447,2,1
4730,385.236,56.3433,2,0
4731,75.8106,64.9763,2,1
4732,244.721,210.172,2,1
4733,450.148,113.317,2,1
4734,57.4656,2,2,1
4735,338.297,26.874,2,1
4736,353.935,58.1639,2,1
4737,378.073,23.4884,2,1
4738,89.9046,164.736,2,1
4739,417.374,49.5024,2,1
4740,217.654,64.9959,2,1
4741,404.424,79.4713,2,1
4742,453.313,189.723,2,1
4743,32.0159,200.436,2,1
4744,51.7438,272.744,2,1
4745,22.5726,269.993,2,1
4746,545.824,12.2357,2,1
4747,315.347,124.309,2,1
4748,534.288,290.862,2,1
4749,504.891,101.328,2,1
4750,217.743,122.098,2,1
4751,61.7173,253.022,2,1
4752,577.87,26.403,2,1
4753,292.7,98.5335,2,1
4754,153.991,187.687,2,1
4755,577.926,22.3385,2,1
4756,151.997,275.821,2,1
4757,242.428,142.683,2,1
4758,369.591,30.0793,2,1
4759,558.14,73.7057,2,1
4760,389.601,2,2,1
4761,593.578,79.6791,2,1
4762,9.36123,233.476,2,1
4763,106.672,298,2,1
4764,387.363,224.731,2,1
4765,300.52,85.4857,2,1
4766,412.33,81.9843,2,1
4767,310.876,74.2633,2,1
4768,318.744,132.919,2,1
4769,248.899,75.4045,2,1
4770,449.535,94.6619,2,1
4771,251.167,130.72,2,1
4772,559.99,170.415,2,1
4773,320.046,234.625,2,1
4774,278.746,2,2,1
4775,330.781,232.865,2,1
4776,225.24,34.1536,2,1
4777,515.228,12.3426,2,1
4778,24.0117,13.0487,2,1
4779,366.941,175.204,2,1
4780,309.002,28.6502,2,1
4781,293.367,210.722,2,1
4782,202.476,111.161,2,1
4783,312.209,260.282,2,1
4784,18.6752,230.182,2,1
4785,393.948,31.4051,2,1
4786,79.4369,174.843,2,1
4787,186.957,179.4,2,1
4788,76.2593,195.886,2,1
4789,10.3287,108.641,2,1
4790,257.237,275.43,2,1
4791,395.78,27.834,2,1
4792,220.201,218.698,2,1
4793,399.407,214.173,2,1
4794,555.165,127.49,2,1
4795,327.03,199.94,2,1
4796,157.562,181.293,2,1
4797,351.905,286.231,2,1
4798,530.902,207.866,2,1
4799,82.1598,237.164,2,1
4800,294.583,3.7707,2,1
4801,234.013,152.285,2,1
4802,519.038,141.804,2,1
4803,508.04,225.708,2,1
4804,582.397,74.9735,2,1
4805,120.802,290.089,2,1
4806,564.906,85.9394,2,1
4807,128.681,157.727,2,1
4808,465.714,264.745,2,1
4809,501.819,95.5601,2,1
4810,177.647,170.815,2,1
4811,425.207,202.611,2,1
4812,512.293,294.515,2,1
4813,585.202,261.451,2,1
4814,93.6865,242.248,2,1
4815,364.151,193.2,2,1
4816,416.251,186.539,2,1
4817,569.199,268.572,2,1
4818,176.606,104.153,2,1
4819,246.754,48.4993,2,1
4820,585.132,129.128,2,1
4821,556.328,201.349,2,1
4822,96.0844,259.569,2,1
4823,299.46,277.076,2,1
4824,335.966,269.053,2,1
4825,136.338,225.316,2,1
4826,549.762,121.315,2,1
4827,169.275,147.104,2,1
4828,259.369,53.2398,2,1
4829,340.938,146.743,2,1
4830,237.517,12.4532,2,1
4831,42.3909,114.956,2,1
4832,126.125,67.3968,2,1
4833,150.684,267.075,2,1
4834,83.4927,61.4343,2,1
4835,136.173,170.657,2,1
4836,450.762,155.902,2,1
4837,510.364,282.812,2,1
4838,566.157,289.695,2,1
4839,259.22,208.63,2,1
4840,346.686,253.839,2,1
4841,357.093,276.535,2,1
4842,367.266,80.7416,2,1
4843,397.561,101.865,2,1
4844,549.992,64.3596,2,1
4845,407.001,72.6071,2,1
4846,166.167,154.434,2,1
4847,128.907,16.9009,2,1
4848,586.53,206.179,2,1
4849,599.389,112.347,2,1
4850,131.061,260.863,2,1
4851,588.893,31.5536,2,1
4852,115.019,48.8145,2,1
4853,584.269,115.148,2,1
4854,318.918,262.192,2,1
4855,511.659,55.667,2,1
4856,159.437,241.529,2,1
4857,184.556,182.763,2,1
4858,297.038,53.5712,2,1
4859,36.0133,88.3068,2,1
4860,213.538,31.5886,2,1
4861,181.579,244.071,2,1
4862,121.329,38.328,2,1
4863,380.465,110.153,2,1
4864,504.55,206.809,2,1
4865,308.99,140.71,2,1
4866,157.11,78.0358,2,1
4867,596.361,54.8545,2,1
4868,421.878,180.194,2,1
4869,420.321,235.768,2,1
4870,517.188,233.444,2,1
4871,51.0807,82.6935,2,1
4872,433.825,174.589,2,1
4873,449.78,217.906,2,1
4874,177.116,108.791,2,1
4875,534.711,8.65962,2,1
4876,161.521,157.892,2,1
4877,407.916,30.8159,2,1
4878,458.598,48.3055,2,1
4879,409.973,2,2,1
4880,175.625,39.9035,2,1
4881,532.603,63.3688,2,1
4882,528.91,68.842,2,0
4883,53.8789,16.5332,2,1
4884,414.163,9.22743,2,1
4885,210.701,51.1249,2,1
4886,453.302,207.135,2,1
4887,401.363,177.485,2,1
4888,474.776,101.418,2,1
4889,183.678,176.933,2,1
4890,374.216,209.057,2,1
4891,48.85,218.172,2,1
4892,103.906,101.282,2,1
4893,153.483,76.2279,2,1
4894,219.361,205.9,2,1
4895,362.515,85.7003,2,1
4896,165.813,134.327,2,1
4897,499.712,84.5419,2,1
4898,135.853,260.356,2,1
4899,361.197,2,2,1
4900,20.5144,251.412,2,1
4901,74.9928,283.751,2,1
4902,378.664,259.351,2,1
4903,468.416,269.424,2,1
4904,446.649,9.1064,2,1
4905,174.156,33.1078,2,1
4906,588.398,211.367,2,1
4907,112.483,79.7932,2,1
4908,135.421,229.251,2,1
4909,126.798,127.232,2,1
4910,266.362,221.251,2,1
4911,244.146,21.5568,2,1
4912,101.759,76.173,2,1
4913,403.018,256.018,2,1
4914,332.217,36.7317,2,1
4915,252.914,68.3183,2,1
4916,395.651,49.821,2,1
4917,507.03,260.7,2,1
4918,483.238,109.552,2,1
4919,338.157,140.704,2,1
4920,334.653,117.282,2,1
4921,337.177,74.5079,2,1
4922,507.131,270.563,2,1
4923,394.499,239.225,2,1
4924,6.00543,159.836,2,1
4925,555.809,57.9787,2,1
4926,342.833,255.071,2,1
4927,304.87,242.397,2,1
4928,379.581,34.223,2,1
4929,128.778,206.269,2,1
4930,172.944,258.001,2,1
4931,31.4704,178.49,2,1
4932,489.605,252.761,2,1
4933,574.364,28.4731,2,1
4934,577.29,136.126,2,1
4935,231.022,272.714,2,1
4936,575.213,240.87,2,1
4937,247.893,95.6253,2,1
4938,169.641,226.584,2,1
4939,101.967,278.896,2,1
4940,330.262,97.6251,2,1
4941,341.665,4.20474,2,1
4942,187.621,200.733,2,1
4943,252.962,147.249,2,1
4944,480.419,279.987,2,1
4945,48.7199,55.412,2,1
4946,513.306,110.982,2,1
4947,99.6211,38.4225,2,1
4948,199.88,222.892,2,1
4949,195.079,293.989,2,1
4950,433.636,298,2,1
4951,216.221,208.839,2,1
4952,45.313,136.443,2,1
4953,84.0768,74.8099,2,1
4954,12.6415,287.471,2,1
4955,462.197,64.1443,2,1
4956,41.9751,70.6169,2,1
4957,4.9919,211.91,2,1
4958,472.207,268.12,2,1
4959,198.88,25.6761,2,1
4960,440.133,204.278,2,1
4961,457.039,290.347,2,1
4962,423.559,27.6517,2,1
4963,113.179,246.67,2,1
4964,559.914,276.925,2,1
4965,325.343,36.0386,2,1
4966,23.9167,253.6,2,1
4967,391.702,165.333,2,1
4968,454.623,47.5825,2,1
4969,338.819,205.917,2,1
4970,66.6476,231.355,2,1
4971,469.036,72.8658,2,1
4972,298.544,249.504,2,1
4973,251.658,12.8772,2,1
4974,306.331,135.709,2,1
4975,248.957,45.0409,2,1
4976,571.779,182.852,2,1
4977,330.931,207.163,2,1
4978,476.374,182.389,2,1
4979,455.496,99.0646,2,1
4980,385.674,255.653,2,1
4981,396.262,131.148,2,1
4982,525.779,40.4071,2,1
4983,525.777,217.213,2,1
4984,333.006,41.3457,2,1
4985,237.708,209.934,2,1
4986,165.383,209.343,2,1
4987,222.031,95.3511,2,1
4988,521.673,137.542,2,1
4989,9.19768,118.282,2,1
4990,249.862,19.4051,2,1
4991,200.183,149.735,2,1
4992,203.14,199.33,2,1
4993,437.734,143.382,2,1
4994,469.062,262.358,2,1
4995,178.896,174.672,2,1
4996,372.555,112.236,2,1
4997,197.401,2,2,1
4998,143.021,156.886,2,1
4999,436.807,39.1498,2,0
5000,213.096,4.99025,2,1
5001,590.255,90.4326,2,1
5002,35.2938,204.198,2,1
5003,548.844,272.665,2,1
5004,365.789,48.1906,2,1
5005,452.213,227.153,2,1
5006,288.801,265.167,2,1
5007,349.287,264.082,2,1
5008,344.08,17.0037,2,1
5009,389.639,193.227,2,1
5010,351.668,206.125,2,1
5011,588.24,126.588,2,1
5012,369.854,267.706,2,1
5013,154.46,154.498,2,1
5014,503.914,245.719,2,1
5015,41.9673,170.484,2,1
5016,568.231,240.262,2,1
5017,270.42,104.467,2,1
5018,389.218,173.91,2,1
5019,293.372,227.008,2,1
5020,413.746,203.492,2,1
5021,352.12,95.065,2,1
5022,511.585,255.402,2,1
5023,22.104,169.776,2,1
5024,105.182,24.1929,2,1
5025,409.271,155.287,2,1
5026,478.834,106.397,2,1
5027,96.1827,282.213,2,1
5028,459.79,160.147,2,1
5029,137.377,36.9127,2,1
5030,107.364,127.709,2,1
5031,251.409,205.24,2,1
5032,117.487,281.511,2,1
5033,260.791,243.903,2,1
5034,506.43,66.3688,2,1
5035,518.512,160.514,2,1
5036,247.163,183.284,2,1
5037,5.53222,231.96,2,1
5038,280.839,16.8822,2,1
5039,190.492,123.258,2,1
5040,310.667,197.103,2,1
5041,416.689,60.1381,2,1
5042,238.898,140.588,2,1
5043,181.914,30.9519,2,1
5044,217.061,53.6069,2,1
5045,275.848,133.635,2,1
5046,558.767,182.294,2,1
5047,564.788,2,2,1
5048,250.708,83.2723,2,1
5049,20.8288,294.54,2,1
5050,489.691,104.705,2,1
5051,461.182,137.046,2,1
5052,521.511,155.578,2,1
5053,429.763,246.293,2,1
5054,217.44,126.284,2,1
5055,208.812,101.697,2,1
5056,230.418,8.97496,2,1
5057,65.6257,206.489,2,1
5058,257.57,123.413,2,1
5059,261.124,80.0809,2,1
5060,205.18,103.609,2,1
5061,493.211,214.853,2,1
5062,535.295,111.875,2,1
5063,259.774,44.1141,2,1
5064,360.059,232.073,2,1
5065,369.388,230.84,2,1
5066,270.919,265.646,2,1
5067,311.653,256.145,2,1
5068,439.18,107.68,2,1
5069,95.5183,230.719,2,1
5070,482.208,95.6004,2,1
5071,76.4604,279.242,2,1
5072,453.866,139.356,2,1
5073,245.736,162.311,2,1
5074,235.884,117.196,2,1
5075,168.314,178.132,2,1
5076,109.033,150.401,2,1
5077,314.724,114.018,2,1
5078,273.605,106.988,2,1
5079,21.5651,16.3459,2,1
5080,320.124,240.613,2,1
5081,70.5411,241.336,2,1
5082,460.758,108.753,2,1
5083,50.0444,240.836,2,1
5084,39.2666,224.886,2,1
5085,267.714,86.6816,2,1
5086,552.001,170.274,2,1
5087,550.114,142.08,2,1
5088,581.686,70.6046,2,1
5089,60.0693,13.0327,2,0
5090,231.164,268.637,2,1
5091,145.233,108.157,2,1
5092,550.35,97.4111,2,1
5093,126.991,136.523,2,1
5094,585.005,64.0472,2,1
5095,333.966,160.206,2,1
5096,393.239,91.3317,2,1
5097,120.114,95.6834,2,1
5098,61.34,221.353,2,1
5099,591.541,111.736,2,1
5100,478.828,11.5263,2,0
5101,88.4823,232.074,2,1
5102,398.344,207.151,2,1
5103,216.873,169.513,2,1
5104,206.24,246.895,2,1
5105,269.761,242.191,2,1
5106,266.533,249.596,2,1
5107,563.018,38.5718,2,1
5108,156.215,246.566,2,1
5109,157.622,189.553,2,1
5110,361.033,89.474,2,1
5111,136.476,14.1068,2,1
5112,352.011,167.478,2,1
5113,385.572,298,2,1
5114,560.47,269.217,2,1
5115,108.534,291.209,2,1
5116,506.667,46.2161,2,1
5117,466.293,223.646,2,1
5118,313.185,102.837,2,1
5119,310.074,78.2565,2,1
5120,131.747,165.064,2,1
5121,275.894,46.4471,2,1
5122,558.183,45.1304,2,1
5123,445.693,194.386,2,1
5124,334.236,156.208,2,1
5125,578.737,67.8121,2,1
5126,434.748,116.738,2,1
5127,100.662,245.239,2,1
5128,305.361,154.061,2,1
5129,579.345,46.6652,2,1
5130,417.056,243.125,2,1
5131,101.81,67.6861,2,1
5132,233.505,145.153,2,1
5133,40.4428,294.482,2,1
5134,498.607,47.7627,2,1
5135,133.599,50.9871,2,1
5136,590.976,231.726,2,1
5137,47.7696,270.048,2,1
5138,428.476,254.765,2,1
5139,74.019,57.1429,2,1
5140,49.6799,277.9,2,1
5141,192.006,9.98369,2,1
5142,430.937,261.79,2,1
5143,142.684,10.6192,2,1
5144,290.389,6.06836,2,1
5145,257.753,169.301,2,1
5146,367.836,275.671,2,1
5147,307.94,16.251,2,1
5148,333.093,75.9457,2,1
5149,277.968,202.074,2,1
5150,300.782,184.08,2,1
5151,223.365,183.476,2,1
5152,302.682,2,2,1
5153,53.948,276.183,2,1
5154,62.0346,272.202,2,1
5155,284.452,287.848,2,1
5156,430.101,242.201,2,1
5157,554.047,234.629,2,1
5158,208.381,91.7396,2,1
5159,147.363,48.506,2,1
5160,69.5383,228.567,2,1
5161,91.9751,201.411,2,1
5162,19.8127,208.973,2,1
5163,511.321,180.865,2,1
5164,578.56,243.149,2,1
5165,503.561,143.172,2,1
5166,273.93,268.313,2,1
5167,286.626,120.425,2,1
5168,570.242,227.507,2,1
5169,68.8525,224.469,2,1
5170,147.065,135.054,2,1
5171,106.593,232.405,2,1
5172,374.741,108.78,2,1
5173,177.964,56.2562,2,1
5174,167.97,290.768,2,1
5175,411.537,251.337,2,1
5176,451.306,125.343,2,1
5177,3.22134,273.709,2,1
5178,526.327,144.843,2,1
5179,412.024,102.778,2,1
5180,372.228,186.351,2,1
5181,154.638,221.035,2,1
5182,427.135,98.6094,2,1
5183,546.83,99.401,2,1
5184,491.724,15.6846,2,1
5185,148.756,278.254,2,1
5186,224.903,187.292,2,1
5187,400.679,122.187,2,1
5188,575.446,185.435,2,1
5189,147.192,116.572,2,1
5190,19.2325,221.813,2,1
5191,129.276,201.468,2,1
5192,9.66926,48.2223,2,1
5193,55.7231,205.973,2,1
5194,51.5757,215.177,2,1
5195,248.246,212.263,2,1
5196,497.237,241.402,2,1
5197,352.293,122.875,2,1
5198,470.905,99.7774,2,1
5199,446.106,200.405,2,1
5200,349.815,282.786,2,1
5201,503.852,2,2,1
5202,291.455,47.7495,2,1
5203,492.873,138.635,2,1
5204,494.887,269.357,2,1
5205,169.93,269.768,2,1
5206,408.896,105.388,2,1
5207,10.6294,298,2,1
5208,92.5342,6.48228,2,1
5209,198.97,6.13052,2,0
5210,384.418,111.324,2,1
5211,82.796,222.609,2,1
5212,330.877,104.758,2,1
5213,62.541,90.5993,2,1
5214,475.651,117.392,2,1
5215,443.889,293.476,2,1
5216,318.616,120.04,2,1
5217,460.99,206.237,2,1
5218,354.116,254.261,2,1
5219,275.21,151.174,2,1
5220,539.18,185.049,2,1
5221,188.25,141.854,2,1
5222,338.752,214.659,2,1
5223,439.645,195.525,2,1
5224,592.108,171.733,2,1
5225,206.319,8.91013,2,1
5226,561.087,263.182,2,1
5227,307.833,71.6225,2,1
5228,297.094,209.035,2,1
5229,524.276,107.667,2,1
5230,589.861,121.197,2,1
5231,446.189,92.3092,2,1
5232,494.514,94.9615,2,1
5233,502.166,29.5107,2,1
5234,143.935,148.674,2,1
5235,396.653,53.9694,2,1
5236,564.537,223.467,2,1
5237,328.703,73.3781,2,1
5238,181.117,89.6522,2,1
5239,373.69,30.3845,2,1
5240,514.487,119.115,2,1
5241,283.047,280.602,2,1
5242,277.62,216.656,2,1
5243,482.016,176.429,2,1
5244,445.904,16.5558,2,1
5245,123.239,231.796,2,1
5246,414.283,227.441,2,1
5247,274.861,115.598,2,1
5248,468.359,76.9882,2,1
5249,472.226,160.582,2,1
5250,140.372,67.8487,2,1
5251,489.283,40.6622,2,1
5252,57.7247,127.532,2,1
5253,1.1537,135.835,2,1
5254,246.575,29.8801,2,1
5255,82.188,200.617,2,1
5256,217.252,42.2797,2,1
5257,157.455,147.139,2,1
5258,555.69,230.445,2,1
5259,229.042,16.4686,2,0
5260,552.798,294.216,2,1
5261,514.507,230.453,2,1
5262,141.035,21.4237,2,1
5263,233.376,95.1323,2,1
5264,272.265,174.464,2,1
5265,533.796,50.5198,2,1
5266,435.581,210.479,2,1
5267,112.406,121.128,2,1
5268,492.357,255.777,2,1
5269,174.844,173.747,2,1
5270,249.984,36.9796,2,1
5271,249.769,269.68,2,1
5272,294.939,194.783,2,1
5273,407.757,294.133,2,1
5274,518.654,247.048,2,1
5275,361.656,55.9514,2,1
5276,480.057,60.9873,2,1
5277,367.454,44.4256,2,1
5278,494.336,162.629,2,1
5279,108.578,131.612,2,1
5280,64.7595,260.202,2,1
5281,353.927,250.197,2,1
5282,592.976,37.927,2,1
5283,55.7415,234.877,2,1
5284,19.4504,213.027,2,1
5285,168.567,62.5042,2,1
5286,135.26,268.01,2,1
5287,560.456,223.119,2,1
5288,58.2508,9.31725,2,1
5289,557.342,116.186,2,1
5290,260.446,239.841,2,1
5291,554.168,54.2844,2,1
5292,557.193,108.327,2,1
5293,329.571,69.0593,2,0
5294,301.179,142.623,2,1
5295,198.965,218.969,2,1
5296,599.483,294.764,2,1
5297,358.293,42.1317,2,1
5298,485.92,147.924,2,1
5299,372.111,134.433,2,1
5300,368.206,18.3814,2,1
5301,303.876,95.4615,2,1
5302,214.636,49.841,2,1
5303,495.977,60.9785,2,1
5304,205.731,250.903,2,1
5305,593.348,274.328,2,1
5306,499.114,66.1178,2,1
5307,26.7265,185.184,2,1
5308,78.3243,114.171,2,1
5309,123.131,239.87,2,1
5310,282.89,22.3609,2,1
5311,370.944,78.9465,2,1
5312,119.126,34.6981,2,1
5313,313.837,285.922,2,1
5314,74.463,116.624,2,1
5315,12.2776,98.8646,2,1
5316,522.255,206.807,2,1
5317,66.758,181.008,2,1
5318,6.771,125.991,2,1
5319,114.745,52.8072,2,1
5320,484.256,151.589,2,1
5321,568.459,296.928,2,1
5322,275.822,248.635,2,1
5323,596.014,252.621,2,1
5324,336.742,163.704,2,1
5325,553.62,251.393,2,1
5326,388.717,258.313,2,1
5327,398.085,283.121,2,1
5328,278.515,77.0619,2,1
5329,530.637,84.9182,2,1
5330,556.946,80.7412,2,1
5331,204.344,95.6298,2,1
5332,518.371,282.967,2,1
5333,29.0375,35.4858,2,1
5334,268.246,37.6652,2,1
5335,266.962,161.763,2,1
5336,429.566,175.404,2,1
5337,490.148,96.701,2,1
5338,23.9529,69.6779,2,1
5339,411.733,120.342,2,1
5340,487.4,22.4299,2,1
5341,263.664,145.091,2,1
5342,231.962,87.5683,2,1
5343,64.4317,148.797,2,1
5344,474.626,236.702,2,1
5345,415.062,182.704,2,1
5346,166.902,234.133,2,1
5347,433.653,120.682,2,1
5348,87.8274,227.851,2,1
5349,234.956,223.465,2,1
5350,211.409,179.429,2,1
5351,267.056,32.0171,2,1
5352,560.158,216.63,2,1
5353,390.443,23.7066,2,1
5354,298.848,224.862,2,1
5355,381.565,37.9151,2,1
5356,367.398,163.919,2,1
5357,211.057,28.3213,2,0
5358,569.28,172.766,2,1
5359,289.297,109.489,2,1
5360,123.161,34.7067,2,1
5361,340.819,156.74,2,1
5362,249.524,134.528,2,1
5363,579.161,126.867,2,1
5364,142.324,91.4331,2,1
5365,404.368,268.144,2,1
5366,337.423,114.326,2,1
5367,440.826,39.2802,2,1
5368,530.388,76.78,2,1
5369,263.402,10.4498,2,1
5370,179.242,144.083,2,1
5371,369.145,246.865,2,1
5372,133.818,59.281,2,1
5373,554.076,212.956,2,1
5374,526.735,197.699,2,1
5375,158.787,62.1312,2,1
5376,412.203,125.523,2,1
5377,232.51,240.83,2,1
5378,107.937,273.034,2,1
5379,131.079,161.064,2,1
5380,460.628,12.5619,2,0
5381,318.4,280.764,2,1
5382,161.762,224.886,2,1
5383,275.319,141.74,2,1
5384,422.53,144.861,2,1
5385,23.3595,177.505,2,1
5386,388.005,185.04,2,1
5387,39.7679,101.034,2,1
5388,475.722,270.639,2,1
5389,424.773,211.167,2,1
5390,220.752,163.337,2,1
5391,61.9739,187.662,2,1
5392,43.2605,213.22,2,1
5393,215.297,136.678,2,1
5394,302.394,29.9956,2,1
5395,189.553,30.6002,2,1
5396,470.282,67.2562,2,1
5397,296.816,136.416,2,1
5398,62.2518,297.66,2,1
5399,60.312,5.83344,2,1
5400,290.254,63.1389,2,1
5401,133.432,222.42,2,1
5402,22.8056,77.6724,2,1
5403,591.727,144.881,2,1
5404,182.497,146.832,2,1
5405,224.981,81.5427,2,1
5406,556.533,41.3521,2,1
5407,581.998,293.996,2,1
5408,509.308,170.527,2,1
5409,400.098,78.2421,2,0
5410,65.2269,222.752,2,1
5411,497.733,197.407,2,1
5412,385.937,171.416,2,1
5413,72.4135,257.643,2,1
5414,192.987,135.56,2,1
5415,67.6617,124.439,2,1
5416,324.31,298,2,1
5417,553.233,109.157,2,1
5418,254.362,197.804,2,1
5419,189.991,2,2,1
5420,98.6387,218.408,2,1
5421,134.982,298,2,1
5422,348.436,220.02,2,1
5423,298.329,267.444,2,1
5424,502.151,249.463,2,1
5425,509.457,31.3249,2,1
5426,150.6,200.698,2,1
5427,263.943,44.3966,2,1
5428,320.189,272.829,2,1
5429,436.023,151.944,2,1
5430,174.367,8.3003,2,1
5431,144.405,140.815,2,1
5432,337.813,89.4079,2,1
5433,423.074,219.454,2,1
5434,529.549,200.651,2,1
5435,0.68435,250.43,2,1
5436,213.578,159.237,2,1
5437,205.147,192.259,2,1
5438,300.854,21.9413,2,1
5439,218.766,79.18,2,1
5440,331.272,180.389,2,1
5441,40.382,82.72,2,1
5442,279.327,44.2882,2,1
5443,468.012,42.3861,2,1
5444,463.804,180.362,2,1
5445,271.795,135.078,2,1
5446,520.834,109.919,2,1
5447,231.628,75.1385,2,1
5448,482.453,115.521,2,1
5449,475.859,282.481,2,1
5450,420.229,176.439,2,1
5451,299.91,110.531,2,1
5452,385.94,107.524,2,1
5453,19.4883,12.7327,2,1
5454,594.751,109.316,2,1
5455,133.49,232.855,2,1
5456,301.711,69.9363,2,1
5457,144.462,277.207,2,1
5458,283.919,211.617,2,1
5459,322.348,230.627,2,1
5460,71.0949,111.365,2,1
5461,54.9677,169.212,2,1
5462,348.087,110.255,2,1
5463,470.354,80.6742,2,1
5464,411.763,77.9221,2,1
5465,375.946,236.069,2,1
5466,333.269,125.878,2,1
5467,460.041,186.296,2,1
5468,12.1586,216.657,2,1
5469,315.243,38.7871,2,1
5470,498.596,93.1675,2,1
5471,112.21,133.776,2,1
5472,308.762,151.907,2,1
5473,118.419,13.1662,2,1
5474,187.486,111.762,2,1
5475,366.851,95.5675,2,1
5476,319.527,104.45,2,1
5477,475.859,229.243,2,1
5478,460.502,34.194,2,1
5479,476.292,207.366,2,1
5480,547.259,180.202,2,1
5481,158.41,155.314,2,1
5482,29.0857,158.588,2,1
5483,156.979,33.5359,2,1
5484,306.588,31.8888,2,1
5485,511.555,19.5704,2,1
5486,472.899,63.8466,2,1
5487,537.07,19.3252,2,1
5488,73.877,238.157,2,1
5489,445.478,216.237,2,1
5490,403.553,234.636,2,1
5491,267.776,119.511,2,1
5492,596.259,286.669,2,1
5493,148.3,142.002,2,1
5494,582.927,136.341,2,1
5495,460.347,246.02,2,1
5496,508.972,276.792,2,1
5497,131.151,75.5665,2,1
5498,69.4891,2,2,1
5499,210.306,61.6591,2,1
5500,53.004,284.294,2,1
5501,399.64,201.989,2,1
5502,321.938,147.687,2,1
5503,481.952,19.4278,2,1
5504,488.002,224.777,2,1
5505,466.028,176.808,2,1
5506,143.478,61.1787,2,1
5507,589.196,257.208,2,1
5508,469.968,131.362,2,1
5509,90.2795,209.432,2,1
5510,438.274,79.4988,2,1
5511,304.784,222.514,2,1
5512,7.99258,56.1865,2,1
5513,417.749,198.167,2,1
5514,396.184,177.654,2,1
5515,392.532,154.188,2,1
5516,264.502,149.048,2,1
5517,568.231,145.566,2,1
5518,240.72,9.75446,2,1
5519,132.363,11.3511,2,1
5520,354.431,180.075,2,1
5521,135.478,27.8131,2,1
5522,147.82,293.3,2,1
5523,144.657,286.122,2,1
5524,408.879,221.52,2,1
5525,69.8308,199.677,2,1
5526,513.012,90.7469,2,1
5527,341.431,195.461,2,1
5528,404.386,264.092,2,1
5529,12.1907,94.7817,2,1
5530,87.5022,219.587,2,1
5531,55.9278,291.121,2,1
5532,540.419,2,2,1
5533,482.724,99.5698,2,1
5534,511.603,150.402,2,1
5535,66.7405,239.965,2,1
5536,10.3719,63.033,2,1
5537,178.439,122.609,2,1
5538,482.413,197.603,2,1
5539,424.118,282.282,2,1
5540,336.923,211.084,2,1
5541,239.236,84.4571,2,1
5542,437.41,83.7236,2,1
5543,318.99,96.6041,2,1
5544,5.67074,190.886,2,1
5545,378.57,251.656,2,1
5546,310.13,178.158,2,1
5547,379.476,5.52941,2,1
5548,50.507,90.4461,2,1
5549,206.693,261.141,2,1
5550,570.712,26.585,2,1
5551,476.115,86.969,2,1
5552,162.637,19.2213,2,1
5553,538.345,157.076,2,1
5554,79.3489,145.815,2,1
5555,340.619,218.346,2,1
5556,212.459,90.4422,2,1
5557,548.961,60.4741,2,1
5558,489.38,25.9452,2,1
5559,484.443,288.892,2,1
5560,215.004,73.0924,2,1
5561,79.8596,22.9494,2,1
5562,469.531,51.1711,2,1
5563,392.786,269.749,2,1
5564,11.9273,236.551,2,1
5565,136.694,214.388,2,1
5566,131.606,293.997,2,1
5567,138.631,182.504,2,1
5568,424.802,256.478,2,1
5569,332.141,79.9404,2,1
5570,412.485,152.807,2,1
5571,88.4026,124.508,2,1
5572,238.749,271.56,2,1
5573,332.439,298,2,1
5574,596.214,171.851,2,1
5575,356.455,38.5518,2,1
5576,324.628,246.396,2,1
5577,58.1582,224.006,2,1
5578,365.706,55.8997,2,1
5579,236.313,172.491,2,1
5580,152.902,244.258,2,1
5581,195.407,97.0132,2,1
5582,324.319,82.9554,2,1
5583,4.84979,89.994,2,1
5584,306.422,283.742,2,1
5585,537.909,23.3215,2,1
5586,542.029,164.301,2,1
5587,213.117,54.5183,2,1
5588,45.5054,96.0212,2,1
5589,108.055,120.188,2,1
5590,347.97,50.1097,2,1
5591,335.513,246.476,2,1
5592,568.599,113.734,2,1
5593,44.5125,80.176,2,1
5594,589.633,290.485,2,1
5595,66.86,267.062,2,1
5596,93.0821,212.31,2,1
5597,8.66993,214.577,2,1
5598,336.139,69.9098,2,1
5599,182.414,9.72794,2,1
5600,557.834,65.8334,2,1
5601,283.238,188.782,2,1
5602,479.349,169.745,2,1
5603,74.5435,178.925,2,1
5604,329.27,136.558,2,1
5605,24.2979,65.4984,2,1
5606,154.413,86.7754,2,1
5607,19.9868,165.469,2,1
5608,288.847,128.84,2,1
5609,370.997,95.2343,2,1
5610,528.651,213.554,2,1
5611,14.5011,283.887,2,1
5612,89.8225,197.924,2,1
5613,554.152,244.918,2,1
5614,527.832,101.441,2,1
5615,325.621,283.582,2,1
5616,152.171,255.778,2,1
5617,498.766,236.968,2,1
5618,513.425,86.7239,2,1
5619,426.981,119.136,2,1
5620,296.616,86.5825,2,1
5621,423.118,169.505,2,1
5622,211.991,222.495,2,1
5623,448.352,39.7841,2,1
5624,160.166,245.753,2,1
5625,513.503,26.5023,2,1
5626,25.4925,9.196,2,0
5627,222.543,64.2192,2,1
5628,217.593,259.163,2,1
5629,595.824,210.738,2,1
5630,76.3588,5.83725,2,1
5631,522.476,84.5269,2,1
5632,387.37,214.565,2,1
5633,199.221,286.459,2,1
5634,208.315,72.2163,2,1
5635,70.8126,126.989,2,1
5636,475.267,151.868,2,1
5637,239.255,109.569,2,1
5638,254.482,254.372,2,1
5639,374.845,80.2856,2,1
5640,519.608,151.767,2,1
5641,559.256,55.925,2,1
5642,409.2,61.9001,2,1
5643,196.813,207.002,2,1
5644,501.378,17.3685,2,1
5645,144.316,223.886,2,1
5646,214.721,205.044,2,1
5647,590.579,237.083,2,1
5648,377.349,2,2,1
5649,85.1605,131.842,2,1
5650,597.756,227.2,2,1
5651,139.121,217.633,2,1
5652,10.1134,159.745,2,1
5653,241.188,104.627,2,1
5654,306.973,48.753,2,1
5655,98.1315,277.336,2,1
5656,331.799,294.044,2,1
5657,205.413,171.881,2,1
5658,240.008,233.18,2,1
5659,412.862,207.706,2,1
5660,367.542,156.378,2,1
5661,7.43824,140.976,2,1
5662,357.983,63.5356,2,1
5663,507.56,150.386,2,1
5664,149.572,56.0332,2,1
5665,487.528,173.109,2,1
5666,422.397,54.4374,2,1
5667,344.5,122.271,2,1
5668,209.132,193.082,2,1
5669,68.7282,173.05,2,1
5670,34.6007,117.323,2,1
5671,260.707,177.276,2,1
5672,515.645,134.33,2,1
5673,576.875,10.2802,2,1
5674,364.969,145.651,2,1
5675,63.4449,283.867,2,1
5676,501.936,267.226,2,1
5677,287.684,49.1913,2,1
5678,348.185,24.9535,2,1
5679,232.19,106.616,2,1
5680,535.184,54.3948,2,1
5681,23.4426,116.543,2,1
5682,49.5685,262.043,2,1
5683,415.752,118.478,2,1
5684,137.345,221.423,2,1
5685,545.53,26.0624,2,1
5686,132.248,47.1679,2,1
5687,140.47,95.3008,2,1
5688,88.1675,61.0999,2,1
5689,130.313,138.913,2,1
5690,329.844,186.759,2,1
5691,484.113,211.312,2,1
5692,14.435,242.243,2,1
5693,464.701,12.6737,2,1
5694,491.941,249.399,2,1
5695,240.24,98.3831,2,1
5696,351.935,127.225,2,1
5697,131.503,216.086,2,1
5698,229.727,134.092,2,1
5699,47.2911,28.6245,2,1
5700,554.018,73.1154,2,1
5701,263.466,189.868,2,1
5702,37.7832,248.638,2,1
5703,123.75,163.886,2,1
5704,307.752,190.298,2,1
5705,565.751,293.745,2,1
5706,387.821,164.097,2,1
5707,393.86,9.25694,2,1
5708,29.0038,60.1089,2,1
5709,206.813,124.281,2,1
5710,362.087,126.289,2,1
5711,8.20408,137.043,2,1
5712,451.816,58.3233,2,1
5713,249.591,240.482,2,1
5714,533.29,163.271,2,1
5715,552.358,50.5558,2,1
5716,66.0602,271.037,2,1
5717,92.0922,260.252,2,1
5718,581.602,175.762,2,1
5719,81.2607,26.7177,2,1
5720,126.495,209.607,2,1
5721,511.823,189.074,2,1
5722,244.822,262.09,2,1
5723,377.793,168.124,2,1
5724,441.131,231.847,2,1
5725,27.2026,72.3433,2,1
5726,290.682,34.4004,2,1
5727,198.281,145.992,2,1
5728,229.603,152.421,2,1
5729,580.277,85.7864,2,1
5730,224.612,204.308,2,1
5731,543.135,250.607,2,1
5732,57.5584,209.661,2,1
5733,82.493,46.6034,2,1
5734,298.192,2,2,1
5735,303.752,294.158,2,1
5736,103.273,56.6153,2,1
5737,141.993,184.984,2,1
5738,56.5571,159.932,2,1
5739,355.749,79.4525,2,1
5740,400.786,130.122,2,1
5741,147.878,159.063,2,1
5742,391.313,135.52,2,1
5743,534.977,194.825,2,1
5744,361.348,291.78,2,1
5745,585.154,257.446,2,1
5746,385.648,9.13596,2,1
5747,558.894,283.651,2,1
5748,256.684,279.438,2,1
5749,143.94,46.1495,2,1
5750,96.5898,234.68,2,1
5751,120.799,156.514,2,1
5752,12.2964,252.779,2,1
5753,339.893,166.694,2,1
5754,169.537,23.7201,2,1
5755,355.634,200.969,2,1
5756,188.283,248.036,2,1
5757,456.823,109.588,2,1
5758,138.001,136.545,2,1
5759,554.879,283.544,2,1
5760,249.018,281.781,2,1
5761,572.105,196.193,2,1
5762,187.17,272.709,2,1
5763,47.6019,145.546,2,1
5764,462.031,175.903,2,1
5765,204.75,135.327,2,1
5766,76.5232,107.864,2,1
5767,361.183,116.974,2,1
5768,367.727,200.798,2,1
5769,121.209,223.928,2,1
5770,462.013,284.118,2,1
5771,218.43,130.193,2,1
5772,164.676,64.9441,2,1
5773,517.37,155.176,2,1
5774,215.26,293.988,2,1
5775,156.463,238.781,2,1
5776,381.397,179.458,2,1
5777,365.093,73.5495,2,1
5778,45.4994,58.0185,2,1
5779,282.602,84.1066,2,1
5780,95.5104,158.869,2,1
5781,533.709,242.083,2,1
5782,585.436,33.7908,2,1
5783,169.688,173.836,2,1
5784,147.482,170.737,2,1
5785,241.685,87.8024,2,1
5786,173.583,159.178,2,1
5787,463.94,298,2,1
5788,475.684,171.39,2,1
5789,54.4822,256.731,2,1
5790,433.498,93.3308,2,1
5791,444.944,230.591,2,1
5792,351.971,146.487,2,1
5793,256.022,104.006,2,1
5794,92.3617,233.73,2,1
5795,216.668,265.828,2,1
5796,127.6,236.595,2,1
5797,162.308,132.116,2,1
5798,225.376,30.1112,2,1
5799,493.591,224.42,2,1
5800,575.451,157.701,2,1
5801,139.979,204.711,2,1
5802,577.297,119.048,2,1
5803,52.7764,176.246,2,1
5804,292.967,158.123,2,1
5805,234.325,277.027,2,1
5806,313.279,236.795,2,1
5807,32.7584,85.7167,2,1
5808,290.62,185.846,2,1
5809,564.227,108.17,2,1
5810,360.262,66.9339,2,1
5811,244.58,149.404,2,1
5812,561.281,287.64,2,1
5813,14.7327,228.911,2,1
5814,396.914,275.198,2,1
5815,79.6723,225.146,2,1
5816,122.777,65.1854,2,1
5817,120.768,47.3378,2,1
5818,277.971,104.751,2,1
5819,202.517,259.903,2,1
5820,376.259,223.473,2,1
5821,155.441,225.154,2,1
5822,293.437,214.9,2,1
5823,389.254,38.0929,2,1
5824,46.5894,228.918,2,1
5825,116.899,106.854,2,1
5826,394.673,64.7933,2,1
5827,293.811,139.984,2,1
5828,201.181,191.408,2,1
5829,521.957,122.743,2,1
5830,127.1,13.3148,2,1
5831,7.22392,5.71682,2,0
5832,333.637,90.8575,2,1
5833,415.788,99.9865,2,1
5834,170.811,293.923,2,1
5835,494.895,49.4969,2,1
5836,308.073,157.116,2,1
5837,230.278,103.019,2,1
5838,86.7333,186.862,2,1
5839,279.896,50.3085,2,1
5840,327.708,294.062,2,1
5841,111.402,294.04,2,1
5842,403.01,71.5012,2,0
5843,240.157,174.063,2,1
5844,8.33358,267.463,2,1
5845,109.353,195.995,2,1
5846,413.378,215.396,2,1
5847,273.826,242.685,2,1
5848,496.533,204.922,2,1
5849,520.042,261.398,2,1
5850,246.592,294.295,2,1
5851,163.066,161.664,2,1
5852,341.809,42.7128,2,1
5853,209.588,166.01,2,1
5854,553.713,118.087,2,1
5855,349.795,162.955,2,1
5856,579.886,93.7721,2,1
5857,571.77,135.063,2,1
5858,77.06,26.3893,2,1
5859,45.1471,20.7969,2,1
5860,236.942,280.07,2,1
5861,443.599,124.197,2,1
5862,140.656,275.532,2,1
5863,228.264,40.7669,2,1
5864,86.0457,127.837,2,1
5865,406.615,243.055,2,1
5866,89.4822,263.45,2,1
5867,201.195,22.2077,2,1
5868,40.9381,38.2356,2,0
5869,379.339,243.414,2,1
5870,568.642,178.822,2,1
5871,515.657,254.471,2,1
5872,532.376,23.4725,2,1
5873,207.833,40.4273,2,1
5874,8.56803,294.501,2,1
5875,183.996,52.3797,2,1
5876,456.37,247.941,2,1
5877,193.23,205.061,2,1
5878,257.864,287.502,2,1
5879,70.3676,131.165,2,1
5880,134.076,83.068,2,1
5881,298.701,187.603,2,1
5882,51.9891,101.768,2,1
5883,574.032,67.0183,2,1
5884,52.8231,219.057,2,1
5885,364.061,92.6605,2,1
5886,486.866,107.754,2,1
5887,418.992,168.469,2,1
5888,377.916,49.1006,2,1
5889,35.0248,69.5294,2,1
5890,159.611,26.3241,2,1
5891,96.1497,222.962,2,1
5892,268.581,281.954,2,1
5893,263.171,15.5275,2,1
5894,411.781,211.698,2,1
5895,297.053,15.7993,2,1
5896,332.134,26.9774,2,1
5897,367.494,14.344,2,1
5898,63.1347,163.184,2,1
5899,40.843,78.5618,2,1
5900,4.95022,134.234,2,1
5901,131.326,117.071,2,1
5902,173.875,123.432,2,1
5903,433.427,244.555,2,1
5904,13.9996,35.8805,2,1
5905,113.022,105.442,2,1
5906,83.0793,67.3421,2,1
5907,322.252,28.625,2,1
5908,91.1787,221.361,2,1
5909,586.222,123.043,2,1
5910,367.827,279.716,2,1
5911,289.559,181.845,2,1
5912,586.867,153.472,2,1
5913,127.77,277.595,2,1
5914,194.951,48.0709,2,1
5915,492.476,152.977,2,1
5916,166.364,216.71,2,1
5917,572.278,31.9118,2,1
5918,287.996,132.978,2,1
5919,597.453,155.468,2,1
5920,127.578,182.794,2,1
5921,485.258,26.9246,2,1
5922,433.223,53.3879,2,1
5923,380.421,84.0917,2,1
5924,195.57,256.118,2,1
5925,189.153,240.961,2,1
5926,424.451,193.647,2,1
5927,584.845,9.15359,2,1
5928,495.108,32.5412,2,1
5929,253.704,138.34,2,1
5930,516.558,61.1749,2,1
5931,494.065,12.2186,2,1
5932,251.386,100.27,2,1
5933,172.945,4.56105,2,1
5934,68.4916,5.94926,2,1
5935,187.114,130.437,2,1
5936,301.786,81.6173,2,1
5937,4.35224,138.241,2,1
5938,430.805,69.2369,2,1
5939,445.329,72.8557,2,1
5940,22.0173,129.468,2,1
5941,357.98,270.981,2,1
5942,35.8467,61.4854,2,1
5943,253.671,134.271,2,1
5944,381.735,218.822,2,1
5945,174.908,16.1214,2,1
5946,332.154,108.968,2,1
5947,502.228,111.596,2,1
5948,226.543,101.399,2,1
5949,0.909561,224.625,2,1
5950,110.82,138.976,2,1
5951,30.3782,169.397,2,1
5952,535.833,233.533,2,1
5953,278.776,139.621,2,1
5954,298.203,65.7236,2,1
5955,343.228,62.3725,2,1
5956,364.487,284.789,2,1
5957,83.1812,156.252,2,1
5958,587.458,178.565,2,1
5959,594.125,239.084,2,1
5960,136.057,114.023,2,1
5961,334.702,53.7833,2,1
5962,522.52,22.3319,2,1
5963,558.148,212.988,2,1
5964,517.801,112.936,2,1
5965,484.226,273.322,2,1
5966,175.182,112.419,2,1
5967,197.488,158.323,2,1
5968,139.857,99.3815,2,1
5969,385.484,269.243,2,1
5970,165.369,106.138,2,1
5971,303.286,91.4971,2,1
5972,586.587,242.662,2,1
5973,6.65716,194.822,2,1
5974,206.966,278.417,2,1
5975,215.554,188.759,2,1
5976,330.562,88.1453,2,1
5977,144.803,237.122,2,1
5978,447.662,279.541,2,1
5979,584.963,2,2,1
5980,463.901,249.213,2,1
5981,580.262,262.865,2,1
5982,349.466,6.07226,2,1
5983,166.766,26.6292,2,1
5984,515.409,57.2004,2,1
5985,16.3535,39.248,2,1
5986,583.945,102.518,2,1
5987,339.424,150.486,2,1
5988,348.2,68.7849,2,1
5989,443.454,27.3193,2,0
5990,132.196,86.7107,2,1
5991,175.291,43.9883,2,1
5992,282.587,59.908,2,1
5993,591.608,128.787,2,1
5994,229.162,289.17,2,1
5995,342.589,251.066,2,1
5996,413.385,298,2,1
5997,386.302,23.5887,2,1
5998,582.783,12.6956,2,1
5999,40.8546,205.504,2,1
6000,476.851,177.424,2,1
6001,75.17,111.65,2,1
6002,181.293,238.339,2,1
6003,293.051,218.893,2,1
6004,427.6,227.965,2,1
6005,286.646,72.4759,2,1
6006,97.6409,88.0833,2,1
6007,336.679,236.807,2,1
6008,156.848,210.822,2,1
6009,101.532,86.8942,2,1
6010,20.7553,180.651,2,1
6011,137.813,55.8414,2,0
6012,370.556,261.628,2,1
6013,149.29,234.898,2,1
6014,242.846,47.5755,2,1
6015,484.047,48.9438,2,1
6016,313.987,267.338,2,1
6017,178.518,241.243,2,1
6018,316.421,226.802,2,1
6019,29.3041,126.408,2,1
6020,12.3601,212.614,2,1
6021,507.412,234.021,2,1
6022,266.953,266.927,2,1
6023,450.871,50.1927,2,1
6024,346.501,72.6428,2,1
6025,208.058,132.918,2,1
6026,369.747,55.6533,2,1
6027,476.628,14.9012,2,1
6028,348.682,278.848,2,1
6029,519.431,187.032,2,1
6030,49.2859,135.654,2,1
6031,536.158,37.1992,2,1
6032,221.381,7.94365,2,1
6033,528.207,287.284,2,1
6034,204.266,256.276,2,1
6035,456.393,113.589,2,1
6036,476.161,167.317,2,1
6037,86.4091,287.855,2,1
6038,154.944,215.996,2,1
6039,90.3366,105.435,2,1
6040,583.967,106.669,2,1
6041,422,39.725,2,1
6042,513.733,290.567,2,1
6043,381.672,262.307,2,1
6044,63.5748,139.786,2,1
6045,371.466,33.7511,2,1
6046,261.628,281.02,2,1
6047,531.984,109.564,2,1
6048,19.1553,147.465,2,1
6049,479.341,110.463,2,1
6050,584.467,143.194,2,1
6051,437.607,59.9273,2,1
6052,353.881,162.899,2,1
6053,330.729,53.1166,2,1
6054,529.583,256.35,2,1
6055,201.082,267.848,2,1
6056,329.38,39.6481,2,1
6057,215.78,18.2282,2,1
6058,346.557,245.741,2,1
6059,395.936,112.113,2,1
6060,250.517,192.798,2,1
6061,216.958,173.544,2,1
6062,27.2796,259.426,2,1
6063,549.584,89.2945,2,1
6064,197.974,252.849,2,1
6065,340.95,34.775,2,1
6066,305.913,11.2099,2,1
6067,100.947,259.7,2,1
6068,82.8092,37.5604,2,1
6069,92.4701,117.466,2,1
6070,315.336,91.2554,2,1
6071,179.674,39.4205,2,1
6072,316.518,83.3163,2,1
6073,222.819,140.473,2,1
6074,301.34,238.342,2,1
6075,184.273,241.022,2,1
6076,513.346,265.822,2,1
6077,592.346,250.917,2,1
6078,124.36,77.9466,2,1
6079,21.1995,158.425,2,1
6080,553.183,185.576,2,1
6081,30.7901,278.234,2,1
6082,168.847,83.1184,2,1
6083,544.532,59.7189,2,1
6084,598.126,168.23,2,1
6085,412.575,38.2378,2,1
6086,456.749,130.251,2,1
6087,359.496,204.025,2,1
6088,582.553,243.834,2,1
6089,255.921,250.552,2,1
6090,48.8198,119.932,2,1
6091,588.65,282.487,2,1
6092,375.113,175.732,2,1
6093,24.9537,36.8618,2,1
6094,513.624,225.368,2,1
6095,564.869,193.07,2,1
6096,442.19,141.966,2,1
6097,520.936,62.7551,2,1
6098,543.12,180.099,2,1
6099,267.982,48.3147,2,1
6100,175.906,50.4678,2,1
6101,346.818,191.883,2,1
6102,329.964,256.645,2,1
6103,367.471,141.778,2,1
6104,261.655,5.86035,2,1
6105,449.093,162.991,2,1
6106,257.419,135.907,2,1
6107,20.3817,48.1332,2,1
6108,21.8748,110.086,2,1
6109,469.169,26.1807,2,1
6110,194.582,66.429,2,1
6111,271.023,74.2448,2,1
6112,298.886,78.7695,2,1
6113,206.565,201.531,2,1
6114,250.622,124.677,2,1
6115,210.444,280.658,2,1
6116,122.474,81.5363,2,1
6117,15.156,177.546,2,1
6118,496.277,154.332,2,1
6119,449.886,68.8852,2,1
6120,560.211,178.466,2,1
6121,74.5329,71.8717,2,1
6122,447.732,271.874,2,1
6123,56.4839,119.318,2,1
6124,508.497,219.284,2,1
6125,270.655,13.2768,2,1
6126,505.658,109.515,2,1
6127,433.682,16.5613,2,1
6128,135.033,162.756,2,1
6129,435.199,293.969,2,1
6130,123.431,217.838,2,1
6131,197.576,290.255,2,1
6132,597.321,222.643,2,1
6133,191.076,293.899,2,1
6134,438.474,139.35,2,1
6135,290.343,91.5783,2,1
6136,103.305,117.083,2,1
6137,102.928,285.685,2,1
6138,421.053,70.6616,2,1
6139,131.74,236.668,2,1
6140,547.523,157.943,2,1
6141,452.861,215.17,2,1
6142,360.323,37.264,2,1
6143,374.428,182.859,2,1
6144,193.348,81.7042,2,1
6145,434.038,57.9043,2,1
6146,119.923,264.23,2,1
6147,522.816,198.73,2,1
6148,382.809,118.981,2,1
6149,592.991,57.1875,2,1
6150,239.148,283.578,2,1
6151,293.298,59.5202,2,1
6152,319.076,18.4801,2,1
6153,90.9069,147.67,2,1
6154,103.168,121.156,2,1
6155,88.8042,291.159,2,1
6156,231.345,110.723,2,1
6157,253.95,152.295,2,1
6158,268.698,9.78076,2,1
6159,345.147,202.797,2,1
6160,551.253,195.469,2,1
6161,584.835,68.0478,2,1
6162,345.387,6.03949,2,1
6163,186.794,244.228,2,1
6164,533.927,12.6295,2,1
6165,49.2511,169.394,2,1
6166,596.497,159.579,2,1
6167,574.671,53.2396,2,1
6168,53.6892,149.985,2,1
6169,528.038,113.663,2,1
6170,123.997,264.549,2,1
6171,360.853,146.276,2,1
6172,505.718,113.739,2,1
6173,3.12823,5.55644,2,1
6174,555.382,275.095,2,1
6175,558.1,155.721,2,1
6176,303.122,34.0762,2,1
6177,170.785,143.37,2,1
6178,444.445,5.50871,2,1
6179,205.223,30.0542,2,1
6180,189.149,160.573,2,1
6181,132.91,71.9423,2,1
6182,170.855,236.19,2,1
6183,444.114,249.094,2,1
6184,109.068,104.645,2,1
6185,64.7056,18.1962,2,1
6186,538.312,137.876,2,1
6187,236.211,98.1913,2,1
6188,578.48,148.536,2,1
6189,408.899,139.31,2,1
6190,200.488,183.099,2,1
6191,98.707,17.4834,2,1
6192,469.942,95.7369,2,1
6193,299.293,176.395,2,1
6194,531.708,6.01103,2,1
6195,123.49,293.542,2,1
6196,88.3724,168.598,2,1
6197,375.428,5.61603,2,1
6198,261.214,289.705,2,1
6199,50.5869,257.99,2,1
6200,265.36,125.597,2,1
6201,130.251,57.2302,2,1
6202,17.2278,31.3693,2,1
6203,40.3687,52.8325,2,1
6204,519.6,223.942,2,1
6205,314.507,47.0057,2,1
6206,415.978,271.598,2,1
6207,173.121,90.2634,2,1
6208,185.065,260.353,2,1
6209,163.517,243.469,2,1
6210,21.1356,196.956,2,1
6211,268.413,27.3377,2,1
6212,162.114,144.068,2,1
6213,11.6197,180.699,2,1
6214,397.132,279.199,2,1
6215,439.852,48.4664,2,1
6216,550.96,101.499,2,1
6217,470.175,37.0339,2,1
6218,223.458,238.357,2,1
6219,565.375,197.829,2,1
6220,123.095,159.893,2,1
6221,232.598,123.392,2,1
6222,519.8,191.112,2,1
6223,84.6463,170.264,2,1
6224,296.491,286.043,2,1
6225,178.224,278.309,2,1
6226,78.8533,282.5,2,1
6227,594.644,105.201,2,1
6228,537.465,163.473,2,1
6229,433.506,35.5156,2,1
6230,205.508,34.2427,2,1
6231,314.472,67.3207,2,1
6232,268.339,258.725,2,1
6233,556.88,25.2209,2,1
6234,500.43,212.477,2,1
6235,160.837,113.245,2,1
6236,32.7336,150.712,2,1
6237,505.356,18.1584,2,1
6238,358.095,132.462,2,1
6239,541.969,202.712,2,1
6240,477.989,98.8436,2,1
6241,437.558,123.716,2,1
6242,102.186,241.412,2,1
6243,345.213,282.228,2,1
6244,288.656,136.966,2,1
6245,335.383,273.058,2,1
6246,322.407,280.89,2,1
6247,487.593,144.244,2,1
6248,435.277,160.68,2,1
6249,84.8288,190.447,2,1
6250,86.5933,2,2,1
6251,125.67,132.737,2,1
6252,574.538,7.01147,2,1
6253,470.715,144.979,2,1
6254,575.931,278.055,2,1
6255,291.909,132.11,2,1
6256,260.367,2,2,1
6257,363.807,59.5979,2,1
6258,330.805,148.842,2,1
6259,19.6072,277.62,2,1
6260,510.144,263.389,2,1
6261,546.409,258.023,2,1
6262,414.774,246.529,2,1
6263,194.751,273.01,2,1
6264,118.514,50.8773,2,1
6265,1.26502,204.789,2,1
6266,577.938,123.005,2,1
6267,308.525,212.073,2,1
6268,533.45,264.806,2,1
6269,459.083,66.8703,2,1
6270,440.627,187.463,2,1
6271,576.003,231.543,2,1
6272,288.865,189.528,2,1
6273,264.914,74.5825,2,1
6274,483.411,23.2471,2,1
6275,343.856,269.733,2,1
6276,485.178,5.96284,2,1
6277,329.899,175.395,2,1
6278,110.515,108.659,2,1
6279,480.943,72.527,2,1
6280,480.238,260.46,2,1
6281,288.594,27.9731,2,1
6282,91.3451,171.879,2,1
6283,505.436,179.805,2,1
6284,329.458,196.69,2,1
6285,286.187,24.6349,2,1
6286,492.12,29.8421,2,1
6287,123.617,41.757,2,1
6288,72.4639,138.6,2,1
6289,321.305,220.202,2,1
6290,81.4408,181.963,2,1
6291,345.471,216.101,2,1
6292,245.188,13.3481,2,1
6293,129.947,243.503,2,1
6294,452.319,33.3368,2,0
6295,67.1392,82.381,2,1
6296,139.27,117.533,2,1
6297,361.892,270.084,2,1
6298,58.779,203.347,2,1
6299,508.107,53.7233,2,1
6300,168.509,102.866,2,1
6301,105.857,164.1,2,1
6302,260.561,84.1129,2,1
6303,30.6133,212.255,2,1
6304,546.041,74.1917,2,1
6305,62.8503,203.566,2,1
6306,201.601,289.746,2,1
6307,349.344,155.772,2,1
6308,511.918,9.94265,2,1
6309,539.178,123.146,2,1
6310,180.534,217.555,2,1
6311,293.36,94.4711,2,1
6312,333.355,281.118,2,1
6313,191.141,114.569,2,1
6314,152.551,124.474,2,1
6315,65.6043,170.447,2,1
6316,566.162,227.126,2,1
6317,292.636,136.045,2,1
6318,346.276,98.2671,2,1
6319,485.727,155.415,2,1
6320,244.731,67.4525,2,1
6321,118.186,114.836,2,1
6322,207.029,218.517,2,1
6323,442.375,31.2372,2,1
6324,29.2774,15.6602,2,0
6325,352.025,50.7319,2,1
6326,318.627,223.418,2,1
6327,195.295,161.883,2,1
6328,594.96,60.813,2,1
6329,588.554,188.531,2,1
6330,162.791,127.709,2,1
6331,548.926,198.789,2,1
6332,332.22,260.01,2,1
6333,439.062,224.831,2,1
6334,364.965,247.239,2,1
6335,364.33,167.507,2,1
6336,340.601,127.094,2,1
6337,472.541,297.953,2,1
6338,582.407,36.5388,2,1
6339,458.791,193.378,2,1
6340,321.839,37.9742,2,1
6341,12.0055,121.167,2,1
6342,558.821,272.973,2,1
6343,463.699,184.499,2,1
6344,243.85,231.274,2,1
6345,431.102,171.552,2,1
6346,15.9449,215.062,2,1
6347,253.39,228.772,2,1
6348,311.233,232.905,2,1
6349,339.399,240.666,2,1
6350,463.864,145.086,2,1
6351,103.475,149.744,2,1
6352,344.64,21.034,2,1
6353,316.153,136.047,2,1
6354,521.185,227.942,2,1
6355,424.756,198.305,2,1
6356,104.261,83.7831,2,1
6357,121.077,214.564,2,1
6358,239.269,60.0797,2,1
6359,219.3,102.367,2,1
6360,583.543,265.28,2,1
6361,238.79,248.559,2,1
6362,237.163,290.311,2,1
6363,515.875,222.031,2,1
6364,525.924,290.686,2,1
6365,96.5065,91.9943,2,1
6366,185.984,56.2431,2,0
6367,133.415,110.955,2,1
6368,420.188,172.319,2,1
6369,87.2906,223.653,2,1
6370,443.16,197.526,2,1
6371,506.956,126.963,2,1
6372,543.185,191.451,2,1
6373,566.388,123.716,2,1
6374,260.421,120.346,2,1
6375,174.42,225.044,2,1
6376,127.186,74.9004,2,1
6377,11.0338,58.9992,2,1
6378,38.3676,277.69,2,1
6379,156.276,9.74816,2,0
6380,151.919,9.11351,2,1
6381,335.184,82.5449,2,1
6382,589.779,78.1021,2,1
6383,132.682,157.278,2,1
6384,51.8651,145.508,2,1
6385,488.35,36.6327,2,1
6386,463.95,41.5653,2,1
6387,63.0425,268.262,2,1
6388,541.86,62.7772,2,1
6389,375.929,286.413,2,1
6390,359.348,5.56722,2,1
6391,118.475,153.15,2,1
6392,352.735,278.041,2,1
6393,59.4112,184.34,2,1
6394,59.0425,249.519,2,1
6395,182.211,263.268,2,1
6396,394.605,16.7967,2,1
6397,478.553,114.407,2,1
6398,144.472,247.723,2,1
6399,330.107,221.32,2,1
6400,308.191,105.991,2,1
6401,456.99,136.72,2,1
6402,116.286,122.563,2,1
6403,462.289,280.08,2,1
6404,551.3,275.842,2,1
6405,94.3723,208.482,2,1
6406,235.203,109.479,2,1
6407,60.602,206.966,2,1
6408,319.342,191.304,2,1
6409,133.238,200.112,2,1
6410,428.468,193.728,2,1
6411,480.202,222.474,2,1
6412,573.906,253.385,2,1
6413,361.748,196.559,2,1
6414,104.803,180.103,2,1
6415,30.991,103.399,2,1
6416,550.5,177.803,2,1
6417,400.237,221.33,2,1
6418,291.671,102.502,2,1
6419,112.061,101.552,2,1
6420,15.2006,262.28,2,1
6421,36.2007,244.821,2,1
6422,382.259,190.384,2,1
6423,301.276,229.931,2,1
6424,394.886,187.771,2,1
6425,375.923,26.9506,2,1
6426,403.334,75.5835,2,1
6427,286.163,268.788,2,1
6428,26.6666,104.74,2,1
6429,64.6248,79.1428,2,1
6430,235.906,39.0105,2,0
6431,296.837,256.055,2,1
6432,308.509,122.093,2,1
6433,407.865,266.151,2,1
6434,366.168,182.585,2,1
6435,494.695,129.101,2,1
6436,518.996,183.036,2,1
6437,38.3604,174.119,2,1
6438,88.5794,92.7581,2,1
6439,445.179,220.306,2,1
6440,236.736,70.8623,2,1
6441,48.7136,40.7563,2,1
6442,436.388,197.875,2,1
6443,136.431,149.248,2,1
6444,269.689,298,2,1
6445,213.392,95.016,2,1
6446,143.563,152.781,2,1
6447,514.315,22.5034,2,1
6448,54.0436,222.984,2,1
6449,116.62,222.064,2,1
6450,258.968,27.9788,2,1
6451,452.834,129.244,2,1
6452,578.029,34.5761,2,1
6453,592.822,148.748,2,1
6454,195.358,229.62,2,1
6455,155.901,158.565,2,1
6456,174.751,264.197,2,1
6457,443.029,120.235,2,1
6458,594.906,19.6615,2,1
6459,345.172,276.805,2,1
6460,73.8875,168.066,2,1
6461,420.143,152.455,2,1
6462,220.958,289.893,2,1
6463,525.661,120.545,2,1
6464,587.081,84.7568,2,1
6465,343.025,189.941,2,1
6466,408.561,57.9411,2,1
6467,147.897,112.627,2,1
6468,536.99,15.318,2,1
6469,391.745,112.027,2,1
6470,82.3885,53.6731,2,1
6471,67.2326,21.3812,2,1
6472,15.0794,123.802,2,1
6473,299.636,89.4987,2,1
6474,75.5474,188.517,2,1
6475,531.671,105.034,2,1
6476,542.399,50.4594,2,1
6477,303.754,132.588,2,1
6478,285.887,33.166,2,1
6479,396.251,76.7024,2,0
6480,421.225,200.394,2,1
6481,558.486,5.71937,2,1
6482,116.711,277.579,2,1
6483,483.354,257.899,2,1
6484,375.692,275.794,2,1
6485,62.835,167.263,2,1
6486,267.299,294.733,2,1
6487,442.082,192.25,2,1
6488,410.727,247.252,2,1
6489,420.299,46.5487,2,1
6490,505.157,241.823,2,1
6491,201.239,63.5944,2,0
6492,19.1529,136.922,2,1
6493,404.849,99.0748,2,1
6494,68.8463,214.327,2,1
6495,319.653,292.655,2,1
6496,323.628,261.281,2,1
6497,576.899,64.2099,2,1
6498,423.986,278.267,2,1
6499,533.637,257.156,2,1
6500,378.281,72.1793,2,1
6501,55.2233,270.638,2,1
6502,548.052,15.6387,2,1
6503,430.632,270.181,2,1
6504,174.469,71.4998,2,1
6505,536.023,274.714,2,1
6506,282.347,238.572,2,1
6507,57.992,258.774,2,1
6508,64.4693,113.222,2,1
6509,223.892,268.662,2,1
6510,485.738,2,2,1
6511,124.046,100.291,2,1
6512,576.544,84.2546,2,1
6513,358.629,224.331,2,1
6514,408.019,270.212,2,1
6515,432.346,153.734,2,1
6516,408.828,208.924,2,1
6517,246.576,110.206,2,1
6518,474.941,29.4416,2,1
6519,370.388,250.776,2,1
6520,397.929,127.266,2,1
6521,90.6439,46.3918,2,1
6522,32.5025,31.7059,2,1
6523,364.716,137.871,2,1
6524,294.826,247.8,2,1
6525,224.817,69.5184,2,1
6526,502.568,46.9297,2,1
6527,474.741,137.684,2,1
6528,76.0912,209.284,2,1
6529,267.115,254.761,2,1
6530,87.8873,23.8248,2,1
6531,229.733,78.879,2,1
6532,486.803,260.115,2,1
6533,495.938,174.488,2,1
6534,453.836,24.3507,2,1
6535,79.0777,51.3021,2,1
6536,349.522,260.009,2,1
6537,134.037,105.871,2,1
6538,326.576,93.5441,2,1
6539,202.465,106.77,2,1
6540,579.035,53.3227,2,1
6541,427.523,165.336,2,1
6542,246.249,5.57248,2,1
6543,124.122,96.2578,2,1
6544,454.971,55.6329,2,1
6545,292.106,272.636,2,1
6546,263.053,247.436,2,1
6547,594.63,87.9799,2,1
6548,445.177,62.7407,2,1
6549,345.636,137.238,2,1
6550,343.073,185.621,2,1
6551,164.652,192.317,2,1
6552,399.571,145.571,2,1
6553,5.63586,48.792,2,1
6554,341.546,114.776,2,1
6555,82.0132,57.6897,2,1
6556,190.762,244.777,2,1
6557,85.7092,247.085,2,1
6558,190.835,266.272,2,1
6559,535.683,211.27,2,1
6560,581.618,216.688,2,1
6561,343.223,199.062,2,1
6562,242.609,138.582,2,1
6563,192.849,20.0508,2,1
6564,473.576,204.256,2,1
6565,87.6523,100.893,2,1
6566,341.978,223.334,2,1
6567,424.755,107.895,2,1
6568,557.245,132.149,2,1
6569,414.722,169.971,2,1
6570,581.906,146.343,2,1
6571,199.243,203.753,2,1
6572,485.397,17.3799,2,1
6573,522.342,79.5455,2,1
6574,146.976,145.8,2,1
6575,349.186,202.834,2,1
6576,365.274,117.539,2,1
6577,408.162,13.2737,2,1
6578,525.274,124.994,2,1
6579,513.567,177.508,2,1
6580,557.359,61.8168,2,1
6581,495.159,125.125,2,1
6582,33.4249,241.802,2,1
6583,69.8891,237.361,2,1
6584,511.373,233.012,2,1
6585,115.918,118.497,2,1
6586,128.399,35.2646,2,1
6587,541.52,126.626,2,1
6588,562.34,45.531,2,1
6589,208.206,174.802,2,1
6590,141.118,279.623,2,1
6591,12.125,143.578,2,1
6592,312.635,271.238,2,1
6593,277.682,191.038,2,1
6594,305.06,270.129,2,1
6595,181.31,168.912,2,1
6596,171.81,50.7608,2,1
6597,512.324,51.6733,2,1
6598,575.027,39.5357,2,1
6599,267.694,140.512,2,1
6600,198.965,14.1696,2,1
6601,122.9,129.709,2,1
6602,355.971,192.63,2,1
6603,560.041,48.8242,2,1
6604,174.754,188.002,2,1
6605,479.153,294.83,2,1
6606,383.487,5.49391,2,1
6607,368.518,66.2573,2,1
6608,187.339,9.90673,2,1
6609,519.67,133.963,2,1
6610,483.391,85.3333,2,1
6611,526.923,232.272,2,1
6612,390.106,149.529,2,1
6613,153.21,136.274,2,1
6614,130.159,274.267,2,1
6615,284.386,168.234,2,1
6616,61.3891,2,2,1
6617,160.021,58.2717,2,1
6618,197.162,21.4041,2,1
6619,519.201,11.5933,2,1
6620,211.362,75.1421,2,1
6621,479.423,22.6637,2,1
6622,256.119,6.06328,2,1
6623,596.302,256.739,2,1
6624,248.423,298,2,1
6625,348.136,32.1874,2,1
6626,532.537,170.143,2,1
6627,340.171,52.4445,2,1
6628,43.0448,89.2486,2,1
6629,392.134,184.787,2,1
6630,422.825,93.1466,2,1
6631,585.011,119.094,2,1
6632,15.7484,76.4741,2,1
6633,497.902,97.2157,2,1
6634,112.359,283.226,2,1
6635,36.7423,149.963,2,1
6636,46.6147,184.663,2,1
6637,375.86,279.801,2,1
6638,521.937,269.748,2,1
6639,499.036,278.111,2,1
6640,266.746,90.6113,2,1
6641,165.099,287.857,2,1
6642,479.594,83.5891,2,1
6643,463.514,101.997,2,1
6644,309.118,102.1,2,1
6645,451.638,143.883,2,1
6646,281.968,298,2,1
6647,180.149,59.6991,2,1
6648,335.139,251.849,2,1
6649,119.362,247.975,2,1
6650,124.658,179.985,2,1
6651,304.898,55.4864,2,1
6652,568.649,80.0591,2,1
6653,159.512,43.6701,2,1
6654,45.5939,68.8323,2,1
6655,3.5759,253.461,2,1
6656,542.636,298,2,1
6657,87.796,150.298,2,1
6658,397.35,119.933,2,1
6659,572.882,2,2,1
6660,514.592,247.143,2,1
6661,87.4381,30.9125,2,1
6662,311.488,193.106,2,1
6663,535.49,245.701,2,1
6664,5.54719,116.352,2,1
6665,344.255,149.278,2,1
6666,48.0114,248.349,2,1
6667,524.192,103.128,2,1
6668,399.443,74.2613,2,1
6669,325.012,227.56,2,1
6670,180.196,102.193,2,1
6671,257.301,81.5019,2,1
6672,453.97,17.2453,2,1
6673,287.532,83.2632,2,1
6674,117.24,267.314,2,1
6675,71.7609,84.4026,2,0
6676,203.748,237.573,2,1
6677,207.944,149.621,2,1
6678,437.852,114.121,2,1
6679,382.225,172.998,2,1
6680,345.736,230.534,2,1
6681,50.3812,193.603,2,1
6682,124.512,275.02,2,1
6683,286.196,45.4416,2,1
6684,580.27,108.548,2,1
6685,6.42325,63.7754,2,1
6686,535.107,66.9092,2,1
6687,491.31,169.784,2,1
6688,403.71,30.9278,2,1
6689,128.716,9.59358,2,1
6690,167.188,238.227,2,1
6691,470.936,29.8964,2,1
6692,29.1652,122.396,2,1
6693,588.479,161.204,2,1
6694,208.785,57.8539,2,1
6695,72.0639,221.934,2,1
6696,171.981,190.908,2,1
6697,367.374,33.4765,2,1
6698,56.6206,139.796,2,1
6699,466.475,84.6438,2,1
6700,338.567,118.343,2,1
6701,359.916,295.535,2,1
6702,105.506,276.942,2,1
6703,87.2408,156.652,2,1
6704,294.063,233.072,2,1
6705,78.726,247.884,2,1
6706,571.063,74.5042,2,1
6707,72.442,107.505,2,1
6708,307.797,294.372,2,1
6709,267.698,94.569,2,1
6710,542.821,99.9523,2,1
6711,243.15,292.253,2,1
6712,185.208,33.7152,2,1
6713,335.528,9.2924,2,1
6714,12.6808,208.532,2,1
6715,231.122,230.861,2,1
6716,544.986,21.9651,2,1
6717,138.814,2,2,1
6718,498.912,5.91588,2,1
6719,184.721,154.49,2,1
6720,193.683,3.64999,2,1
6721,164.622,150.561,2,1
6722,435.089,274.711,2,1
6723,418.986,121.786,2,1
6724,78.3006,243.769,2,1
6725,25.7306,124.518,2,1
6726,454.762,156.737,2,1
6727,423.154,31.6942,2,1
6728,392.563,259.852,2,1
6729,405.252,154.98,2,1
6730,205.349,60.5369,2,0
6731,180.014,97.7202,2,1
6732,440.129,52.544,2,1
6733,244.065,2,2,1
6734,53.2162,93.6997,2,1
6735,485.53,112.882,2,1
6736,541.075,20.4565,2,1
6737,326.243,97.5927,2,1
6738,520.075,286.61,2,1
6739,517.924,116.987,2,1
6740,53.4485,260.8,2,1
6741,515.971,207,2,1
6742,145.982,281.242,2,1
6743,421.067,208.845,2,1
6744,271.175,180.177,2,1
6745,297.712,236.648,2,1
6746,193.983,173.137,2,1
6747,305.24,142.141,2,1
6748,195.127,165.919,2,1
6749,562.018,93.1517,2,1
6750,1.65255,131.819,2,1
6751,504.939,50.2533,2,1
6752,409.536,20.8275,2,1
6753,206.436,226.31,2,1
6754,372.478,213.406,2,1
6755,258.124,271.408,2,1
6756,300.092,115.157,2,1
6757,180.934,2,2,1
6758,503.331,235.008,2,1
6759,414.034,71.1629,2,1
6760,480.089,165.81,2,1
6761,335.922,110.489,2,1
6762,517.68,137.923,2,1
6763,479.026,237.264,2,1
6764,343.971,109.602,2,1
6765,535.198,122.125,2,1
6766,553.03,160.876,2,1
6767,32.4593,254.079,2,1
6768,493.635,103.405,2,1
6769,317.921,250.906,2,1
6770,15.8425,100.696,2,1
6771,212.74,272.989,2,1
6772,487.042,236.494,2,1
6773,561.299,185.508,2,1
6774,133.6,286.013,2,1
6775,101.114,25.0856,2,1
6776,547.228,56.7117,2,1
6777,320.144,195.284,2,1
6778,411.409,259.324,2,1
6779,374.437,197.992,2,1
6780,113.946,110.769,2,1
6781,153.706,264.429,2,1
6782,418.035,89.394,2,1
6783,590.62,94.4975,2,1
6784,158.512,4.27369,2,1
6785,437.442,94.7155,2,1
6786,94.0659,98.6264,2,1
6787,385.844,30.8205,2,1
6788,238.895,77.8023,2,1
6789,401.83,126.117,2,1
6790,100.554,13.1311,2,0
6791,332.378,22.9695,2,1
6792,213.401,243.446,2,1
6793,345.317,177.419,2,1
6794,100.823,132.491,2,1
6795,236.109,167.617,2,1
6796,282.532,119.259,2,1
6797,269.402,59.2796,2,1
6798,213.568,258.234,2,1
6799,25.8512,149.916,2,1
6800,210.406,2,2,1
6801,479.355,151.469,2,1
6802,419.495,101.834,2,1
6803,114.613,27.5103,2,1
6804,87.7395,273.221,2,1
6805,285.585,97.1423,2,1
6806,150.537,281.845,2,1
6807,243.172,183.943,2,1
6808,550.09,235.659,2,1
6809,6.89257,110.8,2,1
6810,236.031,2,2,1
6811,150.33,285.927,2,1
6812,124.386,119.492,2,1
6813,1.06072,88.4197,2,1
6814,236.039,121.287,2,1
6815,30.9712,42.4658,2,1
6816,347.503,54.1524,2,1
6817,505.182,56.6598,2,1
6818,295.526,263.676,2,1
6819,198.621,210.684,2,1
6820,97.8447,74.968,2,0
6821,42.4667,298,2,1
6822,559.095,128.579,2,1
6823,427.418,275.916,2,1
6824,88.0954,194.219,2,1
6825,85.7153,89.9364,2,1
6826,205.785,144.157,2,1
6827,123.655,235.854,2,1
6828,373.011,9.38767,2,1
6829,508.315,187.129,2,1
6830,172.7,37.0047,2,1
6831,370.354,182.751,2,1
6832,288.987,226.796,2,1
6833,449.484,193.085,2,1
6834,404.091,260.02,2,1
6835,42.4388,290.965,2,1
6836,315.634,291.904,2,1
6837,232.448,257.493,2,1
6838,32.624,146.556,2,1
6839,548.535,9.27132,2,1
6840,55.5547,104.047,2,1
6841,360.66,152.773,2,1
6842,197.816,32.5542,2,1
6843,174.396,254.224,2,1
6844,269.217,273.837,2,1
6845,16.5798,140.114,2,1
6846,452.792,102.102,2,1
6847,564.086,246.414,2,1
6848,262.754,210.667,2,1
6849,177.168,273.224,2,1
6850,180.527,182.898,2,1
6851,357.36,260.253,2,1
6852,468.85,148.708,2,1
6853,265.267,287.591,2,1
6854,255.806,183.26,2,1
6855,256.308,261.208,2,1
6856,228.394,233.816,2,1
6857,556.9,29.2617,2,1
6858,146.276,72.5143,2,1
6859,426.014,77.121,2,1
6860,60.7094,111.688,2,1
6861,244.058,288.332,2,1
6862,51.0687,105.697,2,1
6863,246.286,267.357,2,1
6864,96.6075,13.9649,2,1
6865,454.824,286.827,2,1
6866,318.194,198.907,2,1
6867,66.6901,192.073,2,1
6868,65.525,2,2,1
6869,199.502,113.881,2,1
6870,366.737,107.504,2,1
6871,328.345,248.01,2,1
6872,398.316,138.041,2,1
6873,521.605,179.993,2,1
6874,211.933,70.3849,2,1
6875,147.209,63.3909,2,1
6876,569.58,261.276,2,1
6877,528.764,64.7262,2,1
6878,511.886,217.052,2,1
6879,286.382,291.371,2,1
6880,269.576,238.165,2,1
6881,225.625,152.997,2,1
6882,279.615,211.151,2,1
6883,3.49016,56.5753,2,1
6884,38.2286,281.781,2,1
6885,450.811,286.831,2,1
6886,533.444,125.758,2,1
6887,412.552,194.838,2,1
6888,127.257,116.591,2,1
6889,311.237,31.9922,2,1
6890,71.5534,176.048,2,1
6891,544.518,172.597,2,1
6892,498.631,76.998,2,1
6893,42.0515,279.587,2,1
6894,226.378,200.649,2,1
6895,47.3909,32.7185,2,1
6896,143.131,17.2109,2,1
6897,129.86,65.4962,2,1
6898,139.807,25.3906,2,1
6899,459.826,41.2546,2,1
6900,509.468,6.6343,2,1
6901,200.395,92.6763,2,1
6902,49.2654,2,2,1
6903,248.865,9.80054,2,1
6904,460.306,167.355,2,1
6905,13.0573,272.731,2,1
6906,286.944,222.963,2,1
6907,495.721,286.256,2,1
6908,454.453,240.538,2,1
6909,282.066,99.3427,2,1
6910,464.347,167.115,2,1
6911,182.459,172.784,2,1
6912,136.534,158.946,2,1
6913,463.115,112.054,2,1
6914,578.407,42.5845,2,1
6915,305.93,206.61,2,1
6916,263.379,163.602,2,1
6917,438.512,240.204,2,1
6918,552.755,29.581,2,1
6919,525.585,201.775,2,1
6920,51.9305,253.57,2,1
6921,87.8025,138.182,2,1
6922,591.19,103.003,2,1
6923,100.106,111.348,2,1
6924,272.264,226.624,2,1
6925,128.173,100.14,2,1
6926,265.232,169.171,2,1
6927,421.057,212.905,2,1
6928,462.461,293.605,2,1
6929,585.291,251.35,2,1
6930,39.8363,111.823,2,1
6931,506.5,248.771,2,1
6932,357.657,196.449,2,1
6933,127.142,240.575,2,1
6934,230.212,51.3908,2,1
6935,131.089,185.52,2,1
6936,211.085,84.1009,2,1
6937,160.394,47.5915,2,1
6938,283.501,250.721,2,1
6939,481.758,55.4734,2,1
6940,366.15,62.9049,2,1
6941,447.313,237.28,2,1
6942,282.501,138.012,2,1
6943,280.083,277.798,2,1
6944,490.002,115.258,2,1
6945,123.047,61.0256,2,1
6946,258.697,16.685,2,1
6947,228.857,204.057,2,1
6948,368.503,112.541,2,1
6949,532.338,96.6073,2,1
6950,157.151,137.71,2,1
6951,377.398,37.6933,2,1
6952,530.804,196.557,2,1
6953,578.347,247.299,2,1
6954,354.005,134.013,2,1
6955,78.0714,56.6136,2,1
6956,525.733,75.9209,2,1
6957,156.678,133.058,2,1
6958,258.164,107.408,2,1
6959,578.178,213.397,2,1
6960,158.837,254.157,2,1
6961,497.221,255.745,2,1
6962,597.688,51.0026,2,1
6963,458.825,30.5256,2,1
6964,535.677,30.0021,2,1
6965,401.857,2,2,1
6966,41.2925,262.471,2,1
6967,346.796,14.0143,2,1
6968,389.618,57.2965,2,1
6969,598.39,58.3329,2,1
6970,532.186,260.893,2,1
6971,7.77254,84.2094,2,1
6972,409.859,204.908,2,1
6973,597.166,81.4587,2,1
6974,571.106,38.6477,2,1
6975,300.986,54.6498,2,1
6976,402.646,16.5833,2,1
6977,277.154,270.996,2,1
6978,519.665,275.64,2,1
6979,581.258,190.746,2,1
6980,189.253,204.532,2,1
6981,497.571,217.323,2,1
6982,586.873,12.7097,2,1
6983,38.288,161.58,2,1
6984,150.445,193.626,2,1
6985,421.241,110.046,2,1
6986,473.064,196.109,2,1
6987,257.542,291.519,2,1
6988,336.455,298,2,1
6989,421.559,12.0103,2,1
6990,80.7693,189.434,2,1
6991,129.116,254.143,2,1
6992,495.367,247.333,2,1
6993,419.098,42.5839,2,1
6994,578.673,130.946,2,1
6995,97.1039,298,2,1
6996,213.32,232.224,2,1
6997,375.119,90.6375,2,1
6998,410.628,255.243,2,1
6999,16.3079,206.662,2,1
7000,381.209,149.53,2,1
7001,235.448,237.064,2,1
7002,438.083,98.7776,2,1
7003,325.531,142.29,2,1
7004,382.293,282.277,2,1
7005,483.664,191.532,2,1
7006,384.256,286.358,2,1
7007,291.551,125.871,2,1
7008,368.047,234.639,2,1
7009,328.766,13.7307,2,1
7010,9.94021,170.987,2,1
7011,245.44,104.76,2,1
7012,276.066,81.5383,2,1
7013,193.652,125.854,2,1
7014,49.6373,68.5671,2,1
7015,97.7187,176.197,2,1
7016,462.748,269.046,2,1
7017,53.6521,68.0962,2,1
7018,388.131,177.809,2,1
7019,260.097,103.883,2,1
7020,189.134,170.917,2,1
7021,114.902,138.315,2,1
7022,314.449,281.837,2,1
7023,5.24043,102.886,2,1
7024,350.476,186.89,2,1
7025,537.356,127,2,1
7026,219.818,268.301,2,1
7027,514.042,67.1096,2,1
7028,26.4756,161.795,2,1
7029,568.628,84.1732,2,1
7030,162.288,217.076,2,1
7031,561.83,66.4226,2,1
7032,457.87,16.2987,2,1
7033,474.269,255.862,2,1
7034,126.312,146.002,2,1
7035,25.339,84.3578,2,1
7036,141.079,255.026,2,1
7037,350.937,152.005,2,1
7038,98.2924,273.075,2,1
7039,587.553,265.038,2,1
7040,429.314,201.808,2,1
7041,472.412,40.5104,2,1
7042,400.467,286.92,2,1
7043,574.164,166.172,2,1
7044,563.69,163.816,2,1
7045,551.025,12.9009,2,1
7046,523.83,163.601,2,1
7047,347.534,212.634,2,1
7048,432.034,12.8134,2,1
7049,504.301,38.9952,2,1
7050,5.24551,270.106,2,1
7051,329.007,34.2231,2,1
7052,131.43,181.499,2,1
7053,136.074,166.652,2,1
7054,217.988,286.404,2,1
7055,166.809,142.713,2,1
7056,43.2529,242.722,2,1
7057,423.417,239.429,2,1
7058,3.15149,12.6708,2,1
7059,375.984,298,2,1
7060,498.059,250.334,2,1
7061,517.697,203.386,2,1
7062,268.725,202.352,2,1
7063,170.846,19.8548,2,1
7064,184.08,247.292,2,1
7065,103.379,61.8165,2,1
7066,39.4785,48.9289,2,1
7067,192.324,152.172,2,1
7068,595.859,146.119,2,1
7069,309.513,298,2,1
7070,235.18,85.097,2,1
7071,547.157,224.514,2,1
7072,16.2372,23.7234,2,1
7073,106.588,248.891,2,1
7074,393.911,181.168,2,1
7075,424.488,290.439,2,1
7076,329.52,282.309,2,1
7077,510.13,205.675,2,1
7078,437.284,171.933,2,1
7079,69.9321,269.702,2,1
7080,535.091,166.917,2,1
7081,314.984,29.3364,2,1
7082,462.369,200.319,2,1
7083,507.061,280.451,2,1
7084,382.247,16.4692,2,1
7085,22.9916,121.316,2,1
7086,549.646,117.247,2,1
7087,263.761,93.8301,2,1
7088,384.113,27.1279,2,1
7089,525.407,209.341,2,1
7090,178.607,186.45,2,1
7091,51.6341,268.679,2,1
7092,62.462,34.8179,2,1
7093,151.437,289.867,2,1
7094,589.579,40.2164,2,1
7095,590.827,86.4246,2,1
7096,370.617,116.193,2,1
7097,152.924,211.697,2,1
7098,117.301,38.395,2,1
7099,90.1165,128.288,2,1
7100,341.425,278.438,2,1
7101,336.941,202.384,2,1
7102,166.948,138.645,2,1
7103,168.635,76.1017,2,1
7104,414.726,86.9645,2,1
7105,110.467,2,2,1
7106,162.49,188.842,2,1
7107,16.7867,115.885,2,1
7108,127.199,262.109,2,1
7109,357.065,235.938,2,1
7110,325.603,70.7272,2,1
7111,130.299,189.55,2,1
7112,109.173,23.8665,2,1
7113,426.996,271.906,2,1
7114,393.7,218.779,2,1
7115,449.947,16.6103,2,1
7116,122.551,227.847,2,1
7117,155.944,257.112,2,1
7118,580.177,168.911,2,1
7119,342.618,118.719,2,1
7120,379.828,238.308,2,1
7121,121.256,24.0396,2,1
7122,529.937,129.53,2,1
7123,16.1099,198.185,2,1
7124,399.707,109.267,2,1
7125,127.308,27.722,2,1
7126,374.225,72.07,2,1
7127,307.235,175.379,2,1
7128,201.342,282.502,2,1
7129,57.8202,188.083,2,1
7130,139.545,258.77,2,1
7131,62.1527,39.0377,2,1
7132,523.331,220.597,2,1
7133,507.898,244.912,2,1
7134,542.652,279.173,2,1
7135,125.434,195.277,2,1
7136,172.625,62.1094,2,1
7137,350.061,247.949,2,1
7138,411.429,129.933,2,1
7139,16.8584,111.708,2,1
7140,225.375,145.492,2,1
7141,502.239,177.334,2,1
7142,423.75,73.6894,2,0
7143,122.839,125.706,2,1
7144,277.524,286.597,2,1
7145,560.708,26.7193,2,1
7146,158.749,86.0833,2,1
7147,223.236,26.609,2,1
7148,163.264,41.901,2,1
7149,476.999,244.817,2,1
7150,483.214,172.455,2,1
7151,309.523,161.146,2,1
7152,461.858,50.7271,2,0
7153,214.749,262.057,2,1
7154,356.28,67.6592,2,1
7155,426.989,30.3341,2,1
7156,589.397,286.431,2,1
7157,566.484,99.0843,2,1
7158,233.38,63.4371,2,1
7159,276.812,16.4159,2,1
7160,501.843,155.097,2,1
7161,535.664,177.928,2,1
7162,13.4186,65.6358,2,1
7163,196.508,91.4575,2,1
7164,170.278,9.87265,2,1
7165,192.262,61.2329,2,1
7166,147.086,2,2,1
7167,449.706,298,2,1
7168,52.7601,121.171,2,1
7169,261.226,293.849,2,1
7170,590.9,19.6562,2,1
7171,68.7445,209.082,2,1
7172,112.282,163.237,2,1
7173,5.26,9.24678,2,1
7174,385.843,181.132,2,1
7175,288.111,169.756,2,1
7176,56.4845,282.261,2,1
7177,126.52,63.2202,2,1
7178,207.689,181.003,2,1
7179,230.438,209.808,2,1
7180,8.85947,132.931,2,1
7181,309.899,268.248,2,1
7182,493.615,273.192,2,1
7183,520.061,46.4586,2,1
7184,71.4372,188.253,2,1
7185,108.693,161.193,2,1
7186,407.302,76.6143,2,1
7187,137.719,232.669,2,1
7188,525.466,71.8721,2,1
7189,408.401,114.093,2,1
7190,238.262,164.129,2,1
7191,83.107,30.3519,2,1
7192,67.6046,176.948,2,1
7193,315.911,2.36228,2,1
7194,417.623,202.225,2,1
7195,31.3322,93.6901,2,1
7196,300.281,97.31,2,1
7197,334.448,86.9318,2,1
7198,184.719,275.872,2,1
7199,561.677,52.6239,2,1
7200,3.63292,142.235,2,1
7201,518.384,21.9415,2,1
7202,381.952,73.9638,2,1
7203,113.015,45.3205,2,1
7204,354.153,13.0227,2,1
7205,54.9483,31.2365,2,1
7206,115.774,74.8204,2,1
7207,143.673,65.2791,2,1
7208,148.731,40.5352,2,1
7209,295.934,132.507,2,1
7210,534.687,85.1332,2,1
7211,17.9944,60.2296,2,1
7212,582.269,165.371,2,1
7213,233.726,78.619,2,1
7214,471.072,135.69,2,1
7215,57.4981,278.209,2,1
7216,529.282,125.573,2,1
7217,94.4753,64.4241,2,1
7218,289.361,202.748,2,1
7219,478.075,122.373,2,1
7220,527.558,29.9263,2,1
7221,342.037,28.5547,2,1
7222,387.924,113.33,2,1
7223,365.334,227.181,2,1
7224,201.773,143.969,2,1
7225,418.6,73.9306,2,1
7226,217.332,118.062,2,1
7227,163.832,247.78,2,1
7228,134.425,290.071,2,1
7229,331.698,10.8436,2,1
7230,222.882,234.274,2,1
7231,47.8942,131.901,2,1
7232,519.253,209.555,2,1
7233,348.969,90.6212,2,1
7234,377.684,247.661,2,1
7235,135.299,75.1641,2,1
7236,446.304,275.673,2,1
7237,499.244,33.7145,2,1
7238,275.387,123.634,2,1
7239,491.32,131.308,2,1
7240,344.673,126.276,2,1
7241,421.418,264.508,2,1
7242,84.422,298,2,1
7243,371.884,278.838,2,1
7244,141.4,106.552,2,1
7245,249.953,120.591,2,1
7246,110.006,234.519,2,1
7247,400.862,274.054,2,1
7248,43.4621,50.2347,2,1
7249,33.7748,167.16,2,1
7250,548.488,2,2,1
7251,318.781,162.419,2,1
7252,296.646,112.995,2,1
7253,105.198,267.492,2,1
7254,447.681,123.604,2,1
7255,222.683,100.153,2,1
7256,175.902,77.5179,2,1
7257,39.3462,231.038,2,1
7258,494.482,78.5817,2,0
7259,122.61,286.449,2,1
7260,498.75,51.764,2,1
7261,211.517,218.518,2,1
7262,474.2,79.0125,2,1
7263,432.981,185.255,2,1
7264,489.206,281.33,2,1
7265,441.43,216.111,2,1
7266,562.132,226.776,2,1
7267,158.831,151.283,2,1
7268,543.23,95.8307,2,1
7269,392.307,286.86,2,1
7270,212.787,143.525,2,1
7271,407.363,143.028,2,1
7272,460.688,223.846,2,1
7273,298.889,157.161,2,1
7274,33.944,106.329,2,1
7275,281.309,290.438,2,1
7276,322.712,106.876,2,1
7277,209.558,198.8,2,1
7278,254.759,15.4667,2,1
7279,61.6629,171.162,2,1
7280,564.56,178.813,2,1
7281,205.112,267.605,2,1
7282,163.036,140.17,2,1
7283,324.935,74.9497,2,1
7284,47.1733,214.435,2,1
7285,340.502,298,2,1
7286,263.258,268.589,2,1
7287,565.523,278.002,2,1
7288,192.201,15.8103,2,1
7289,197.091,191.789,2,1
7290,137.649,271.444,2,1
7291,174.985,20.2691,2,1
7292,226.986,44.5575,2,1
7293,428.125,158.11,2,1
7294,448.185,60.0382,2,1
7295,23.921,134.407,2,1
7296,89.4128,236.511,2,1
7297,4.0032,77.4081,2,1
7298,415.392,144.367,2,1
7299,272.962,257.872,2,1
7300,453.135,116.193,2,1
7301,67.1912,162.431,2,1
7302,410.463,51.2995,2,1
7303,38.2036,237.962,2,1
7304,349.797,230.995,2,1
7305,441.606,23.6917,2,1
7306,2.81333,31.2696,2,1
7307,154.979,68.3551,2,1
7308,209.086,141.839,2,1
7309,328.666,210.576,2,1
7310,25.0559,2,2,1
7311,202.085,271.884,2,1
7312,267.64,144.533,2,1
7313,312.134,294.194,2,1
7314,392.961,298,2,1
7315,509.491,26.2017,2,1
7316,444.115,128.187,2,1
7317,316.769,166.16,2,1
7318,174.737,144.216,2,1
7319,285.603,204.594,2,1
7320,469.193,127.369,2,1
7321,414.294,162.068,2,1
7322,535.721,115.856,2,1
7323,188.875,235.202,2,1
7324,482.356,68.7262,2,1
7325,220.943,155.202,2,1
7326,432.594,23.6981,2,1
7327,215.36,212.916,2,1
7328,350.25,28.5583,2,1
7329,447.015,180.221,2,1
7330,466.904,189.753,2,1
7331,4.66535,265.767,2,1
7332,375.5,205.118,2,1
7333,563.756,168.717,2,1
7334,112.064,61.475,2,1
7335,88.3548,42.8386,2,1
7336,93.9036,197.883,2,1
7337,90.1605,57.4816,2,0
7338,537.366,44.7279,2,1
7339,445.689,80.3116,2,1
7340,68.3091,157.62,2,1
7341,504.595,264.069,2,1
7342,4.34838,172.019,2,1
7343,15.8321,237.802,2,1
7344,66.1663,29.0946,2,1
7345,403.868,41.4451,2,1
7346,125.001,89.1798,2,1
7347,291.045,223.139,2,1
7348,152.441,46.855,2,1
7349,493.34,185.421,2,1
7350,534.568,278.553,2,1
7351,378.433,183.189,2,1
7352,477.265,53.5982,2,1
7353,317.691,284.793,2,1
7354,537.85,11.3319,2,1
7355,10.5799,291.034,2,1
7356,189.216,46.5179,2,1
7357,78.7167,78.7542,2,1
7358,439.23,293.398,2,1
7359,63.7429,122.18,2,1
7360,147.745,163.175,2,1
7361,312.431,153.528,2,1
7362,330.626,214.263,2,1
7363,414.778,132.439,2,1
7364,527.945,43.8347,2,1
7365,232.179,137.464,2,1
7366,589.921,219.312,2,1
7367,264.497,2,2,1
7368,483.102,158.555,2,1
7369,37.4466,18.0743,2,1
7370,81.7065,129.779,2,1
7371,263.66,68.3842,2,1
7372,256.855,91.9593,2,1
7373,327.534,120.799,2,1
7374,443.602,50.2399,2,1
7375,499.803,2,2,1
7376,481.98,226.606,2,1
7377,221.421,241.8,2,1
7378,238.199,180.338,2,1
7379,298.151,197.285,2,1
7380,394.211,282.028,2,1
7381,461.565,60.0253,2,1
7382,597.171,214.581,2,1
7383,226.402,23.9908,2,1
7384,264.573,83.9867,2,1
7385,166.727,166.232,2,1
7386,271.749,24.4384,2,1
7387,216.347,255.026,2,1
7388,456.868,243.891,2,1
7389,577.119,298,2,1
7390,451.656,42.1491,2,1
7391,390.799,65.8967,2,1
7392,398.478,290.46,2,1
7393,89.5935,183.927,2,1
7394,523.538,224.704,2,1
7395,489.222,111.178,2,1
7396,43.5215,31.4613,2,1
7397,41.1893,127.013,2,1
7398,207.345,53.4521,2,1
7399,431.414,65.0814,2,1
7400,419.746,117.759,2,1
7401,153.031,140.44,2,1
7402,310.918,215.737,2,1
7403,226.145,52.6098,2,1
7404,238.387,196.625,2,1
7405,566.496,253.459,2,1
7406,208.306,185.136,2,1
7407,42.0645,227.96,2,1
7408,369.907,159.68,2,1
7409,133.783,55.1281,2,1
7410,368.84,271.646,2,1
7411,116.448,86.6296,2,1
7412,289.135,161.485,2,1
7413,71.212,20.8304,2,1
7414,219.767,210.689,2,1
7415,163.908,56.8972,2,1
7416,233.601,245.739,2,1
7417,364.939,272.7,2,1
7418,513.541,130.918,2,1
7419,393.646,252.973,2,1
7420,355.476,53.0223,2,1
7421,82.4693,2,2,1
7422,542.064,120.297,2,1
7423,376.876,201.347,2,1
7424,58.7537,167.724,2,1
7425,35.8145,199.154,2,1
7426,119.075,239.542,2,1
7427,230.225,92.502,2,1
7428,334.951,167.432,2,1
7429,28.7909,197.393,2,1
7430,357.598,252.149,2,1
7431,86.5954,118.75,2,1
7432,257.02,75.3858,2,1
7433,279.468,187.368,2,1
7434,434.45,9.08496,2,1
7435,483.193,168.353,2,1
7436,279.294,267.588,2,1
7437,536.236,261.86,2,1
7438,93.2513,182.033,2,1
7439,325.471,62.6561,2,1
7440,423.633,274.139,2,1
7441,419.642,57.3623,2,1
7442,266.285,106.414,2,1
7443,412.821,158.096,2,1
7444,342.655,9.05675,2,1
7445,87.7229,96.8531,2,1
7446,401.317,118.182,2,1
7447,423.767,189.701,2,1
7448,340.342,174.043,2,1
7449,288.52,294.858,2,1
7450,309.664,132.891,2,1
7451,408.303,96.8103,2,0
7452,18.7599,290.986,2,1
7453,336.964,184.658,2,1
7454,454.562,122.444,2,1
7455,106.258,123.78,2,1
7456,407.535,257.956,2,1
7457,483.283,201.54,2,1
7458,452.423,236.265,2,1
7459,204.346,91.4921,2,1
7460,280.751,197.967,2,1
7461,442.586,9.05128,2,1
7462,399.141,166.718,2,1
7463,453.651,171.904,2,1
7464,261.317,39.0274,2,1
7465,528.884,25.7528,2,1
7466,60.2923,124.342,2,1
7467,33.0318,81.5643,2,1
7468,94.6758,46.1244,2,1
7469,157.007,114.929,2,1
7470,546.002,63.494,2,1
7471,423.088,43.6796,2,1
7472,53.4553,2,2,1
7473,124.422,49.8551,2,1
7474,176.084,2,2,1
7475,59.8474,179.701,2,1
7476,433.884,125.566,2,1
7477,136.998,279.202,2,1
7478,393.726,56.7552,2,1
7479,236.973,204.572,2,1
7480,234.044,91.0727,2,1
7481,493.768,298,2,1
7482,129.47,24.2664,2,1
7483,179.623,269.911,2,1
7484,64.4194,218.734,2,1
7485,94.5565,10.1655,2,1
7486,177.068,91.4976,2,1
7487,314.783,253.534,2,1
7488,95.4435,138.788,2,1
7489,99.1437,21.5203,2,1
7490,347.289,106.203,2,1
7491,564.131,207.952,2,1
7492,194.382,210.18,2,1
7493,242.498,189.592,2,1
7494,322.287,198.931,2,1
7495,514.462,75.1836,2,1
7496,231.367,294.011,2,1
7497,386.783,251.714,2,1
7498,228.408,251.743,2,1
7499,394.434,60.7783,2,1
7500,517.721,92.9948,2,1
7501,135.342,249.2,2,1
7502,0.712721,234.115,2,1
7503,18.3315,83.1318,2,1
7504,300.611,17.788,2,1
7505,391.493,5.60322,2,1
7506,54.748,49.8203,2,1
7507,231.785,226.098,2,1
7508,190.237,174.973,2,1
7509,94.7025,286.852,2,1
7510,309.203,236.381,2,1
7511,314.077,249.281,2,1
7512,489.584,119.292,2,1
7513,84.7579,94.1265,2,1
7514,22.4729,240.313,2,1
7515,139.997,63.4067,2,1
7516,461.904,210.286,2,1
7517,420.937,160.587,2,1
7518,38.1568,72.1784,2,1
7519,550.787,46.8388,2,1
7520,312.248,143.288,2,1
7521,57.7459,151.894,2,1
7522,40.439,123.068,2,1
7523,478.133,186.405,2,1
7524,518.721,81.3966,2,1
7525,303.027,150.286,2,1
7526,1.05196,238.318,2,1
7527,113.587,167.45,2,1
7528,250.6,110.886,2,1
7529,556.507,172.412,2,1
7530,467.348,251.778,2,1
7531,158.791,235.456,2,1
7532,466.821,241.731,2,1
7533,86.9228,19.8807,2,1
7534,183.699,199.336,2,1
7535,287.606,250.306,2,1
7536,483.421,44.8672,2,1
7537,202.903,217.71,2,1
7538,488.866,210.832,2,1
7539,324.832,185.468,2,1
7540,257.434,200.398,2,1
7541,285.121,149.524,2,1
7542,128.886,120.284,2,1
7543,179.381,52.4631,2,1
7544,187.313,215.741,2,1
7545,273.167,290.646,2,1
7546,551.031,93.3051,2,1
7547,465.323,61.4559,2,1
7548,245.574,89.1908,2,1
7549,450.02,168.772,2,1
7550,467.698,185.082,2,1
7551,542.406,290.75,2,1
7552,444.99,245.138,2,1
7553,558.996,258.806,2,1
7554,574.336,24.3796,2,1
7555,339.982,38.6598,2,1
7556,573.45,120.352,2,1
7557,458.653,96.4835,2,1
7558,122.808,260.593,2,1
7559,452.744,148.48,2,1
7560,348.194,19.0447,2,1
7561,319.795,6.05498,2,1
7562,438.723,254.722,2,1
7563,346.013,35.6404,2,1
7564,574.882,220.767,2,1
7565,450.594,2,2,1
7566,491.651,293.14,2,1
7567,268.764,132.458,2,1
7568,285.136,159.2,2,1
7569,184.529,218.64,2,1
7570,174.367,276.273,2,1
7571,550.847,37.0956,2,1
7572,325.555,44.3851,2,1
7573,150.061,262.735,2,1
7574,434.827,111.424,2,1
7575,79.8538,149.853,2,1
7576,100.529,42.3711,2,1
7577,247.523,127.293,2,1
7578,188.742,258.492,2,1
7579,595.178,126.966,2,1
7580,583.813,202.735,2,1
7581,538.426,48.6873,2,1
7582,248.534,263.981,2,1
7583,152.746,248.836,2,1
7584,347.675,159.474,2,1
7585,371.451,163.482,2,1
7586,538.632,298,2,1
7587,344.183,46.339,2,1
7588,499.402,246.541,2,1
7589,533.66,199.413,2,1
7590,428.951,41.0017,2,1
7591,108.905,6.00255,2,1
7592,458.654,267.907,2,1
7593,32.643,285.688,2,1
7594,408.31,194.483,2,1
7595,270.615,250.156,2,1
7596,272.148,121.037,2,1
7597,5.97483,59.7105,2,0
7598,73.4204,201.644,2,1
7599,382.063,87.7782,2,1
7600,483.942,180.303,2,1
7601,56.0591,266.708,2,1
7602,577.452,217.359,2,1
7603,45.8688,172.128,2,1
7604,274.066,10.6679,2,0
7605,389.458,279.301,2,1
7606,79.9061,298,2,1
7607,75.7085,121.525,2,1
7608,494.859,238.149,2,1
7609,207.524,210.941,2,1
7610,228.127,88.937,2,1
7611,369.951,41.1867,2,1
7612,417.419,19.0556,2,1
7613,212.102,19.9055,2,1
7614,286.359,112.26,2,1
7615,73.2095,230.29,2,1
7616,505.186,138.2,2,1
7617,532.864,118.733,2,1
7618,125.816,203.489,2,1
7619,542.858,111.928,2,1
7620,506.298,28.823,2,1
7621,546.817,276.166,2,1
7622,229.822,178.922,2,1
7623,295.055,223.277,2,1
7624,598.716,47.0139,2,1
7625,247.195,85.5313,2,1
7626,501.622,25.5157,2,1
7627,145.005,34.7109,2,1
7628,240.773,156.65,2,1
7629,267.706,197.676,2,1
7630,381.79,226.322,2,1
7631,521.801,216.641,2,1
7632,101.216,198.22,2,1
7633,344.379,101.811,2,1
7634,183.473,126.176,2,1
7635,70.6687,89.6395,2,1
7636,394.304,225.524,2,1
7637,535.716,141.97,2,1
7638,20.9765,283.325,2,1
7639,545.856,247.521,2,1
7640,99.6083,238.097,2,1
7641,347.3,129.365,2,1
7642,283.811,265.511,2,1
7643,140.177,113.513,2,1
7644,19.92,237.139,2,1
7645,553.229,61.5719,2,1
7646,450.811,46.1777,2,1
7647,400.039,43.0339,2,1
7648,104.308,32.1904,2,1
7649,250.473,79.1594,2,1
7650,149.854,74.4201,2,1
7651,512.871,251.433,2,1
7652,192.323,90.4597,2,1
7653,349.3,135.465,2,1
7654,228.328,113.492,2,1
7655,37.5501,55.8749,2,0
7656,327.369,239.833,2,1
7657,511.85,213.022,2,1
7658,585.373,72.2692,2,1
7659,388.264,46.0944,2,1
7660,341.861,170.265,2,1
7661,597.129,298,2,1
7662,233.478,5.97012,2,1
7663,140.216,48.5825,2,1
7664,97.4647,180.318,2,1
7665,157.211,14.6163,2,1
7666,498.845,179.492,2,1
7667,473.116,25.377,2,1
7668,60.4411,281.064,2,1
7669,270.923,70.1621,2,1
7670,304.457,104.483,2,1
7671,397.787,20.7315,2,1
7672,597.88,240.795,2,1
7673,406.634,50.1117,2,1
7674,358.617,19.8118,2,1
7675,297.937,36.0475,2,1
7676,544.438,254.489,2,1
7677,449.754,24.1372,2,1
7678,210,269.861,2,1
7679,224.843,116.607,2,1
7680,95.1834,120.429,2,1
7681,121.345,282.627,2,1
7682,199.679,125.424,2,1
7683,57.2327,147.901,2,1
7684,320.176,112.28,2,1
7685,44.6679,100.127,2,1
7686,344.173,25.0362,2,1
7687,134.544,39.8366,2,1
7688,316.325,129.426,2,1
7689,105.697,28.1894,2,1
7690,158.142,198.549,2,1
7691,235.25,183.238,2,1
7692,161.392,148.121,2,1
7693,42.9851,133.187,2,1
7694,408.406,127.258,2,1
7695,57.6791,243.89,2,1
7696,86.3776,2,2,1
7697,101.075,104.841,2,1
7698,113.568,194.606,2,1
7699,77.4525,135.805,2,1
7700,30.4774,162.629,2,1
7701,45.8637,194.236,2,1
7702,498.29,88.2947,2,1
7703,38.3643,298,2,1
7704,580.783,160.424,2,1
7705,22.9951,138.38,2,1
7706,387.489,5.49636,2,1
7707,558.102,226.406,2,1
7708,357.416,239.938,2,1
7709,556.085,269.551,2,1
7710,437.494,35.0847,2,1
7711,368.431,167.907,2,1
7712,522.488,159.61,2,1
7713,556.85,93.7358,2,1
7714,433.641,78.7856,2,1
7715,433.698,74.6427,2,1
7716,39.2687,146.724,2,1
7717,89.9441,240.505,2,1
7718,342.435,259.708,2,1
7719,510.357,115.58,2,1
7720,357.495,101.089,2,1
7721,268.816,290.147,2,1
7722,73.3154,253.678,2,1
7723,29.103,2,2,1
7724,513.271,240.227,2,1
7725,338.185,85.3491,2,1
7726,106.804,224.428,2,1
7727,597.004,9.07316,2,1
7728,46.4962,298,2,1
7729,549.509,173.472,2,1
7730,530.658,10.0787,2,1
7731,284.211,195.819,2,1
7732,346.684,9.83759,2,1
7733,291.532,18.5618,2,1
7734,570.581,52.8546,2,1
7735,82.2606,218.48,2,1
7736,219.614,28.3196,2,1
7737,472.806,89.3784,2,1
7738,164.916,113.582,2,1
7739,552.582,2,2,1
7740,46.1409,239.813,2,1
7741,356.015,221.254,2,1
7742,506.845,74.6173,2,1
7743,41.1438,150.301,2,1
7744,115.663,160.943,2,1
7745,410.438,145.622,2,1
7746,539.887,232.654,2,1
7747,92.2779,61.0083,2,1
7748,397.713,2,2,1
7749,339.768,96.1629,2,1
7750,170.613,218.656,2,1
7751,536.485,62.3781,2,1
7752,224.114,298,2,1
7753,413.929,199.442,2,1
7754,68.0561,77.0184,2,1
7755,247.063,223.496,2,1
7756,555.524,112.456,2,1
7757,273.529,191.102,2,1
7758,348.988,75.9135,2,1
7759,528.34,294.462,2,1
7760,379.633,12.6599,2,1
7761,574.354,227.801,2,1
7762,225.708,133.887,2,1
7763,419.478,164.429,2,1
7764,436.155,270.795,2,1
7765,23.095,279.919,2,1
7766,410.842,85.7856,2,1
7767,587.291,96.7912,2,1
7768,87.5905,12.923,2,1
7769,220.413,91.5018,2,1
7770,289.431,215.504,2,1
7771,591.348,294.247,2,1
7772,173.583,106.801,2,1
7773,329.917,160.985,2,1
7774,8.01184,226.684,2,1
7775,487.194,169.095,2,1
7776,23.6752,202.922,2,1
7777,365.309,2,2,1
7778,36.857,138.384,2,1
7779,118.834,208.942,2,1
7780,166.414,282.817,2,1
7781,337.642,154.104,2,1
7782,367.703,51.9458,2,1
7783,557.32,237.778,2,1
7784,32.5112,13.1706,2,1
7785,228.794,223.355,2,1
7786,436.809,178.06,2,1
7787,322.856,276.239,2,1
7788,343.737,234.088,2,1
7789,502.604,91.62,2,1
7790,188.666,6.11017,2,1
7791,382.43,271.962,2,1
7792,52.6648,133.369,2,1
7793,77.2404,200.104,2,1
7794,592.02,139.631,2,1
7795,386.419,16.6727,2,1
7796,579.972,271.43,2,1
7797,595.017,12.5822,2,1
7798,244.703,17.4687,2,1
7799,116.834,244.851,2,1
7800,473.555,242.751,2,1
7801,253.061,143.056,2,1
7802,505.089,189.724,2,1
7803,183.383,111.508,2,1
7804,503.05,68.5667,2,1
7805,568.819,2,2,1
7806,44.4381,121.443,2,1
7807,58.5748,192.027,2,1
7808,189.297,262.518,2,1
7809,301.956,41.8982,2,1
7810,58.7117,97.2723,2,1
7811,194.871,233.665,2,1
7812,544.992,43.307,2,1
7813,247.462,233.044,2,1
7814,379.498,121.24,2,1
7815,375.785,45.0698,2,1
7816,128.108,86.503,2,1
7817,65.7681,37.2312,2,1
7818,146.976,215.59,2,1
7819,388.483,153.388,2,1
7820,33.2018,219.615,2,1
7821,250.461,71.5408,2,1
7822,133.53,24.1553,2,1
7823,400.559,248.269,2,1
7824,143.179,28.6734,2,1
7825,123.006,268.508,2,1
7826,391.289,215.504,2,1
7827,522.198,231.902,2,1
7828,334.523,291.108,2,1
7829,16.6137,68.4036,2,1
7830,278.842,116.809,2,1
7831,294.388,120.999,2,1
7832,31.099,70.9471,2,1
7833,476.637,278.481,2,1
7834,525.648,178.966,2,1
7835,237.945,153.505,2,1
7836,536.374,254.159,2,1
7837,499.566,285.071,2,1
7838,131.54,20.6628,2,1
7839,58.8843,28.5608,2,1
7840,178.484,199.708,2,1
7841,381.599,9.13603,2,1
7842,487.528,214.726,2,1
7843,445.717,131.914,2,1
7844,272.884,39.3827,2,1
7845,551.745,231.23,2,1
7846,263.792,252.512,2,1
7847,344.404,220.013,2,1
7848,211.971,138.989,2,1
7849,417.131,159.152,2,1
7850,248.506,15.6266,2,1
7851,394.099,150.478,2,1
7852,144.286,161.08,2,1
7853,418.359,125.761,2,1
7854,372.636,66.2747,2,1
7855,4.35879,235.8,2,1
7856,114.238,56.8232,2,1
7857,371.649,44.8308,2,1
7858,244.764,9.33789,2,1
7859,35.8832,112.93,2,1
7860,586.347,88.7457,2,1
7861,479.808,230.075,2,1
7862,223.285,39.6928,2,1
7863,335.835,148.479,2,1
7864,57.4747,274.113,2,1
7865,467.884,232.568,2,1
7866,96.5621,188.292,2,1
7867,570.8,5.51089,2,1
7868,323.049,151.769,2,1
7869,236.756,81.2826,2,1
7870,274.19,4.45435,2,1
7871,70.788,180.652,2,1
7872,182.613,186.458,2,1
7873,572.308,78.3161,2,1
7874,0.581719,230.054,2,1
7875,96.6767,184.242,2,1
7876,588.984,149.917,2,1
7877,65.0767,59.2036,2,1
7878,241.187,14.2617,2,1
7879,217.965,88.3082,2,1
7880,280.732,130.789,2,1
7881,298.18,40.1078,2,1
7882,245.733,179.223,2,1
7883,294.946,32.9845,2,1
7884,44.3379,246.625,2,1
7885,467.317,193.783,2,1
7886,582.915,171.929,2,1
7887,141.538,240.259,2,1
7888,85.6051,27.2259,2,1
7889,511.207,127.665,2,1
7890,457.232,92.7119,2,1
7891,253.047,281.281,2,1
7892,394.19,168.571,2,1
7893,399.925,47.1776,2,1
7894,576.746,282.08,2,1
7895,161.305,15.3983,2,1
7896,77.5076,192.055,2,1
7897,209.036,169.99,2,1
7898,510.229,123.662,2,1
7899,297.492,82.6668,2,1
7900,186.734,254.945,2,1
7901,486.287,116.974,2,1
7902,107.06,55.2973,2,1
7903,242.28,80.1153,2,1
7904,441.565,132.334,2,1
7905,26.151,170.272,2,1
7906,357.092,116.676,2,1
7907,201.047,68.6078,2,1
7908,232.906,131.548,2,1
7909,281.009,218.907,2,1
7910,237.735,21.5447,2,1
7911,64.2197,86.8962,2,1
7912,286.022,102.492,2,1
7913,73.592,2,2,1
7914,171.685,120.017,2,1
7915,211.304,35.0559,2,1
7916,185.473,149.514,2,1
7917,44.1004,268.199,2,1
7918,3.6976,35.3859,2,1
7919,541.307,45.7292,2,1
7920,14.4545,278.62,2,1
7921,352.907,262.215,2,1
7922,107.055,110.675,2,1
7923,222.691,2,2,1
7924,17.3833,45.4667,2,1
7925,346.828,223.763,2,1
7926,377.959,41.6795,2,1
7927,25.7886,217.986,2,1
7928,271.893,29.603,2,1
7929,307.104,90.0885,2,1
7930,153.004,63.456,2,1
7931,405.437,177.343,2,1
7932,458.311,154.768,2,1
7933,386.825,190.269,2,1
7934,286.447,116.413,2,1
7935,451.847,231.934,2,1
7936,83.7716,98.0585,2,1
7937,538.449,283.594,2,1
7938,66.6099,90.1943,2,1
7939,310.628,201.186,2,1
7940,33.6867,77.6834,2,1
7941,242.376,197.587,2,1
7942,34.4871,163.084,2,1
7943,288.911,157.48,2,1
7944,519.75,5.99339,2,1
7945,400.611,28.2675,2,1
7946,316.207,10.5332,2,1
7947,295.474,155.001,2,1
7948,407.757,180.606,2,1
7949,197.177,63.2685,2,1
7950,253.488,164.011,2,1
7951,517.507,164.531,2,1
7952,275.103,205.043,2,1
7953,78.4565,127.054,2,1
7954,293.644,22.103,2,1
7955,523.54,59.1175,2,1
7956,264.957,298,2,1
7957,530.188,290.858,2,1
7958,530.061,33.3806,2,1
7959,190.913,271.248,2,1
7960,445.332,33.9816,2,1
7961,380.925,230.323,2,1
7962,497.548,274.384,2,1
7963,210.317,12.3145,2,1
7964,145.79,251.561,2,1
7965,195.883,101.146,2,1
7966,95.3425,203.828,2,1
7967,428.576,209.839,2,1
7968,226.65,141.691,2,1
7969,256.071,95.9231,2,1
7970,223.757,227.363,2,1
7971,200.64,129.545,2,1
7972,225.594,97.324,2,1
7973,88.9638,298,2,1
7974,551.769,57.5153,2,1
7975,258.164,153.385,2,1
7976,222.85,208.109,2,1
7977,303.344,128.491,2,1
7978,0.284962,139.835,2,1
7979,544.633,261.772,2,1
7980,376.56,212.391,2,1
7981,221.966,285.968,2,1
7982,171.439,162.774,2,1
7983,48.5805,79.2937,2,1
7984,263.659,136.949,2,1
7985,431.825,104.162,2,1
7986,490.518,100.736,2,1
7987,563.1,259.684,2,1
7988,487.464,91.0534,2,1
7989,530.077,38.2175,2,1
7990,283.596,48.589,2,1
7991,127.309,186.834,2,1
7992,458.938,286.685,2,1
7993,42.45,93.2466,2,1
7994,553.156,156.864,2,1
7995,475.467,21.9383,2,1
7996,304.045,51.5242,2,1
7997,181.771,208.679,2,1
7998,307.302,225.657,2,1
7999,52.086,166.427,2,1
8000,399.942,93.251,2,1
8001,469.591,17.7174,2,1
8002,123.458,115.339,2,1
8003,231.827,148.893,2,1
8004,507.479,42.1815,2,1
8005,462.706,83.0043,2,1
8006,220.432,110.957,2,1
8007,67.1543,286.468,2,1
8008,146.954,265.369,2,1
8009,581.236,285.927,2,1
8010,413.996,2,2,1
8011,564.078,203.362,2,1
8012,92.4236,167.954,2,1
8013,597.931,102.898,2,1
8014,447.317,135.715,2,1
8015,415.85,104.033,2,1
8016,35.7195,28.975,2,1
8017,415.506,110.221,2,1
8018,464.545,119.458,2,1
8019,317.375,237.659,2,1
8020,182.03,115.3,2,1
8021,263.967,64.3643,2,1
8022,193.117,225.531,2,1
8023,188.015,100.451,2,1
8024,358.663,25.2558,2,1
8025,132.443,169.036,2,1
8026,369.355,226.808,2,1
8027,202.555,164.776,2,1
8028,598.797,208.054,2,1
8029,284.277,14.6526,2,1
8030,254.984,50.4381,2,1
8031,369.097,217.742,2,1
8032,482.249,9.42434,2,1
8033,404.117,12.7637,2,1
8034,130.184,264.929,2,1
8035,250.89,181.546,2,1
8036,222.889,43.7826,2,1
8037,52.5997,41.9779,2,1
8038,515.819,18.7634,2,1
8039,540.993,227.85,2,1
8040,162.174,68.0793,2,1
8041,410.285,16.8064,2,1
8042,352.008,111.23,2,1
8043,224.614,223.324,2,1
8044,137.102,22.3248,2,1
8045,200.587,119.792,2,1
8046,432.258,208.172,2,1
8047,29.215,231.368,2,1
8048,304.632,120.811,2,1
8049,580.179,198.312,2,1
8050,419.936,216.962,2,1
8051,452.424,13.2974,2,1
8052,419.859,25.7175,2,1
8053,300.803,242.371,2,1
8054,485.704,133.307,2,1
8055,487.985,180.642,2,1
8056,479.918,267.617,2,1
8057,378.915,80.359,2,1
8058,535.268,107.102,2,1
8059,17.901,194.45,2,1
8060,388.542,129.408,2,1
8061,571.407,157.189,2,1
8062,41.796,283.659,2,1
8063,97.8357,67.0224,2,1
8064,322.281,288.971,2,1
8065,7.98243,156.25,2,1
8066,371.292,298,2,1
8067,291.433,154.306,2,1
8068,179.564,165.208,2,1
8069,245.411,173.516,2,1
8070,350.343,252.001,2,1
8071,336.677,14.3054,2,1
8072,440.262,89.4182,2,1
8073,443.568,182.302,2,1
8074,556.567,254.328,2,1
8075,248.775,244.421,2,1
8076,444.095,100.747,2,1
8077,495.196,90.8892,2,1
8078,49.5959,44.6794,2,1
8079,254.24,239.473,2,1
8080,105.865,152.991,2,1
8081,99.156,172.414,2,1
8082,372.735,219.447,2,1
8083,188.337,76.6931,2,1
8084,126.935,161.334,2,1
8085,139.307,247.839,2,1
8086,349.749,65.0297,2,1
8087,426.415,138.367,2,1
8088,32.6301,154.943,2,1
8089,2.84125,208.512,2,1
8090,466.424,294.542,2,1
8091,63.514,126.763,2,1
8092,242.059,34.281,2,1
8093,188.514,92.0551,2,1
8094,423.637,260.407,2,1
8095,168.722,151.076,2,1
8096,238.539,200.647,2,1
8097,390.942,237.285,2,1
8098,465.899,245.742,2,1
8099,578.937,172.771,2,1
8100,75.8662,275.276,2,1
8101,354.924,130.008,2,1
8102,33.2279,189.011,2,1
8103,450.145,132.372,2,1
8104,378.387,264.711,2,1
8105,37.7783,41.0351,2,0
8106,438.208,130.042,2,1
8107,491.702,143.687,2,1
8108,131.366,27.8394,2,1
8109,121.921,69.1033,2,1
8110,131.628,42.8002,2,1
8111,383.367,141.668,2,1
8112,567.513,205.773,2,1
8113,458.917,140.372,2,1
8114,397.281,81.6547,2,1
8115,374.542,251.446,2,1
8116,256.119,11.6883,2,1
8117,89.3859,248.784,2,1
8118,35.1059,211.209,2,1
8119,585.309,246.819,2,1
8120,269.3,183.815,2,1
8121,3.9478,85.6045,2,1
8122,129.201,31.2655,2,1
8123,382.475,183.319,2,1
8124,545.278,220.798,2,1
8125,365.749,260.653,2,1
8126,19.886,217.672,2,1
8127,444.783,282.426,2,1
8128,203.689,71.7355,2,0
8129,55.5509,53.8634,2,1
8130,579.625,81.6092,2,1
8131,324.62,58.3752,2,1
8132,99.3692,127.406,2,1
8133,252.743,92.1977,2,1
8134,334.258,141.669,2,1
8135,280.395,242.185,2,1
8136,437.735,16.5668,2,1
8137,463.636,226.699,2,1
8138,465.092,212.82,2,1
8139,57.7767,67.8011,2,1
8140,548.462,286.76,2,1
8141,277.335,244.793,2,1
8142,312.863,240.788,2,1
8143,265.225,24.897,2,1
8144,403.694,166.244,2,1
8145,525.58,17.0929,2,1
8146,520.846,166.851,2,1
8147,574.294,124.724,2,1
8148,205.885,290.064,2,1
8149,335.388,240.761,2,1
8150,575.076,132.71,2,1
8151,326.155,66.7252,2,1
8152,354.285,149.805,2,1
8153,421.544,204.531,2,1
8154,83.473,174.16,2,1
8155,226.856,280.065,2,1
8156,539.508,97.3465,2,1
8157,169.599,135.649,2,1
8158,265.497,231.285,2,1
8159,302.682,282.085,2,1
8160,456.564,237.128,2,1
8161,129.842,282.417,2,1
8162,392.686,46.9122,2,1
8163,225.054,9.62701,2,0
8164,335.474,59.0808,2,1
8165,532.418,139.675,2,1
8166,185.935,2,2,1
8167,357.427,217.423,2,1
8168,434.837,168.609,2,1
8169,166.193,21.3328,2,1
8170,460.375,19.5032,2,1
8171,454.902,180.716,2,1
8172,484.024,13.298,2,1
8173,434.515,215.302,2,1
8174,121.431,197.485,2,1
8175,75.4695,60.8978,2,1
8176,373.093,258.422,2,1
8177,25.8866,174.388,2,1
8178,29.2378,189.515,2,1
8179,363.422,141.781,2,1
8180,340.776,59.1314,2,1
8181,598.057,98.7466,2,1
8182,439.493,278.109,2,1
8183,67.7162,244.262,2,1
8184,352.767,266.234,2,1
8185,299.582,193.543,2,1
8186,415.412,114.372,2,1
8187,587.679,234.245,2,1
8188,78.5748,212.655,2,1
8189,507.706,266.59,2,1
8190,321.419,15.1006,2,1
8191,548.213,49.9698,2,1
8192,560.029,252.021,2,1
8193,499.768,232.913,2,1
8194,399.543,51.1652,2,1
8195,484.67,75.5352,2,0
8196,594.837,30.9574,2,1
8197,315.726,155.927,2,1
8198,152.557,81.7545,2,1
8199,146.764,184.777,2,1
8200,357.967,162.35,2,1
8201,556.655,9.57991,2,0
8202,197.489,180.341,2,1
8203,473.259,93.3642,2,1
8204,253.097,8.89652,2,1
8205,374.754,115.615,2,1
8206,22.5734,229.097,2,1
8207,220.834,186.69,2,1
8208,373.488,283.07,2,1
8209,179.9,212.703,2,1
8210,48.9726,17.8733,2,1
8211,410.391,163.135,2,1
8212,114.781,68.6025,2,1
8213,283.533,123.141,2,1
8214,441.552,35.3148,2,1
8215,522.406,298,2,1
8216,591.946,280.176,2,1
8217,195.932,238.603,2,1
8218,117.207,23.8609,2,1
8219,71.8689,217.128,2,1
8220,94.6392,38.6582,2,1
8221,427.816,63.301,2,1
8222,485.669,195.049,2,1
8223,244.372,158.526,2,1
8224,308.328,240.286,2,1
8225,346.497,187.843,2,1
8226,558.921,38.1216,2,1
8227,479.459,202.943,2,1
8228,273.985,222.978,2,1
8229,281.765,7.07606,2,1
8230,29.9283,193.523,2,1
8231,197.387,266.231,2,1
8232,167.247,298,2,1
8233,326.789,207.012,2,1
8234,125.387,38.1615,2,1
8235,307.288,109.934,2,1
8236,149.224,258.753,2,1
8237,55.9784,286.982,2,1
8238,142.306,102.647,2,1
8239,587.415,194.334,2,1
8240,19.2778,267.721,2,1
8241,93.2967,132.281,2,1
8242,152.396,38.8071,2,1
8243,421.495,298,2,1
8244,363.267,109.596,2,1
8245,189.465,58.3263,2,1
8246,76.2576,156.097,2,1
8247,182.981,293.999,2,1
8248,135.613,293.949,2,1
8249,358.446,86.1438,2,1
8250,195.08,35.5453,2,1
8251,210.706,240.399,2,1
8252,1.63312,96.5918,2,1
8253,287.842,272.62,2,1
8254,241.197,55.8343,2,1
8255,235.652,156.884,2,1
8256,152.616,240.157,2,1
8257,441.916,97.3801,2,1
8258,547.653,169.871,2,1
8259,426.494,2,2,1
8260,524.786,52.5959,2,1
8261,40.4434,216.134,2,1
8262,149.714,70.2685,2,1
8263,193.317,120.306,2,1
8264,424.078,23.6761,2,1
8265,411.843,5.65968,2,1
8266,283.472,90.0353,2,1
8267,448.542,5.55574,2,1
8268,377.294,58.2959,2,1
8269,570.543,123.104,2,1
8270,168.797,38.1153,2,1
8271,355.155,108.723,2,1
8272,556.708,241.807,2,1
8273,361.712,22.5124,2,1
8274,477.623,94.8529,2,1
8275,337.837,103.167,2,1
8276,114.677,225.632,2,1
8277,257.919,20.6134,2,1
8278,527.483,185.64,2,1
8279,232.363,171.509,2,1
8280,324.172,101.056,2,1
8281,536.24,94.9116,2,1
8282,412.044,141.836,2,1
8283,368.162,193.489,2,1
8284,272.01,88.2421,2,1
8285,355.799,145.174,2,1
8286,340.147,70.1609,2,1
8287,390.504,241.424,2,1
8288,187.591,104.436,2,1
8289,453.275,223.144,2,1
8290,359.744,266.636,2,1
8291,140.455,236.352,2,1
8292,13.7597,127.631,2,1
8293,132.628,150.51,2,1
8294,576.159,197.442,2,1
8295,558.53,198.009,2,1
8296,222.045,132.058,2,1
8297,319.461,216.592,2,1
8298,162.777,284.528,2,1
8299,400.702,141.289,2,1
8300,188.17,166.885,2,1
8301,191.59,255.481,2,1
8302,67.5219,47.6496,2,1
8303,512.162,102.772,2,1
8304,331.243,200.339,2,1
8305,459.532,23.537,2,1
8306,118.559,2,2,1
8307,436.339,5.51772,2,1
8308,92.4389,124.276,2,1
8309,127.524,20.6911,2,1
8310,47.1208,83.3442,2,1
8311,132.38,226.403,2,1
8312,527.554,225.022,2,1
8313,255.724,99.9818,2,1
8314,250.532,225.574,2,1
8315,465.174,137.87,2,1
8316,415.769,283.231,2,1
8317,598.058,94.7209,2,1
8318,86.6142,142.067,2,1
8319,349.301,140.013,2,1
8320,309.805,12.5587,2,1
8321,132.375,204.118,2,1
8322,80.3476,256.815,2,1
8323,334.332,187.842,2,1
8324,273.37,183.641,2,1
8325,96.5385,245.549,2,1
8326,17.5254,281.241,2,1
8327,174.456,233.862,2,1
8328,419.454,80.4358,2,1
8329,477.994,197.356,2,1
8330,451.508,91.1135,2,1
8331,91.6172,205.472,2,1
8332,455.103,89.2892,2,1
8333,1.76289,105.002,2,1
8334,457.359,221.093,2,1
8335,220.605,222.75,2,1
8336,370.184,171.632,2,1
8337,51.9646,113.023,2,1
8338,303.662,254.835,2,1
8339,315.981,195.472,2,1
8340,203.319,204.049,2,1
8341,496.151,36.458,2,1
8342,560.394,248,2,1
8343,75.8088,298,2,1
8344,531.586,42.0608,2,1
8345,440.437,5.51697,2,1
8346,6.5995,32.5629,2,1
8347,322.801,95.2267,2,1
8348,282.29,270.419,2,1
8349,49.0173,128.001,2,1
8350,48.7094,207.008,2,1
8351,236.656,240.922,2,1
8352,278.208,100.692,2,1
8353,440.489,57.0346,2,1
8354,552.525,286.956,2,1
8355,584.197,198.689,2,1
8356,586.707,221.9,2,1
8357,551.855,216.29,2,1
8358,385.081,275.035,2,1
8359,44.5952,129.461,2,1
8360,504.873,252.46,2,1
8361,29.2544,274.486,2,1
8362,15.4342,223.18,2,1
8363,213.494,115.834,2,1
8364,473.067,128.644,2,1
8365,564.168,298,2,1
8366,501.172,99.5699,2,1
8367,125.573,175.931,2,1
8368,202.811,15.3157,2,1
8369,171.332,298,2,1
8370,309.743,244.084,2,1
8371,564.612,238.292,2,1
8372,212.967,191.889,2,1
8373,495.273,200.603,2,1
8374,497.65,81.0748,2,1
8375,515.852,49.7529,2,1
8376,191.606,201.232,2,1
8377,463.578,253.275,2,1
8378,202.868,26.642,2,1
8379,304.906,162.031,2,1
8380,589.692,174.98,2,1
8381,314.16,199.087,2,1
8382,191.43,163.932,2,1
8383,82.1844,214.419,2,1
8384,516.573,8.56707,2,1
8385,393.888,127.816,2,1
8386,195.99,221.951,2,1
8387,443.666,20.1985,2,1
8388,485.985,188.174,2,1
8389,39.8038,5.78102,2,1
8390,455.737,126.378,2,1
8391,422.114,124.36,2,1
8392,85.6277,9.4106,2,1
8393,103.05,171.21,2,1
8394,470.148,176.978,2,1
8395,404.7,286.575,2,1
8396,56.9745,60.141,2,1
8397,28.0244,26.0747,2,1
8398,120.021,219.946,2,1
8399,565.629,116.614,2,1
8400,389.103,73.2986,2,0
8401,350.314,11.9,2,1
8402,209.327,87.707,2,1
8403,261.932,60.8863,2,1
8404,404.008,46.8536,2,1
8405,349.151,2,2,1
8406,339.084,107.139,2,1
8407,323.412,4.15388,2,1
8408,512.781,98.7577,2,1
8409,592.937,16.1113,2,1
8410,444.336,58.5742,2,1
8411,531.045,159.852,2,1
8412,321.018,165.754,2,1
8413,402.444,67.3964,2,1
8414,78.6508,86.6055,2,1
8415,481.422,39.7593,2,1
8416,238.099,33.2882,2,1
8417,184.259,41.8043,2,1
8418,494.148,99.0271,2,1
8419,176.933,283.515,2,1
8420,326.067,264.508,2,1
8421,267.786,62.9727,2,1
8422,426.235,267.388,2,1
8423,309.341,229.297,2,1
8424,100.203,59.3143,2,1
8425,222.108,52.2201,2,1
8426,351.517,177.263,2,1
8427,329.322,112.016,2,1
8428,326.259,27.9442,2,1
8429,556.841,85.2347,2,1
8430,279.134,96.5625,2,1
8431,132.252,177.031,2,1
8432,98.476,249.127,2,1
8433,535.376,149.617,2,1
8434,217.672,31.8706,2,1
8435,12.23,268.8,2,1
8436,138.946,73.3367,2,1
8437,175.437,163.803,2,1
8438,505.782,80.0076,2,1
8439,92.2022,194.217,2,1
8440,464.807,149.046,2,1
8441,318.354,115.859,2,1
8442,367.241,298,2,1
8443,395.046,72.8501,2,1
8444,31.4,227.975,2,1
8445,324.302,181.365,2,1
8446,159.917,294.001,2,1
8447,197.46,242.384,2,1
8448,429.572,16.0704,2,0
8449,275.855,119.508,2,1
8450,72.8211,272.483,2,1
8451,434.601,27.401,2,1
8452,471.603,107.889,2,1
8453,325.281,40.2498,2,1
8454,415.473,250.578,2,1
8455,315.645,6.54356,2,1
8456,344.124,226.864,2,1
8457,221.359,146.118,2,1
8458,214.267,86.7438,2,1
8459,324.104,242.333,2,1
8460,408.805,286.738,2,1
8461,125.163,31.1485,2,1
8462,32.3096,142.205,2,1
8463,446.751,166.347,2,1
8464,354.896,170.315,2,1
8465,574.078,114.432,2,1
8466,295.466,252.08,2,1
8467,360.535,274.075,2,1
8468,64.1336,143.833,2,1
8469,376.305,194.212,2,1
8470,508.905,252.345,2,1
8471,412.165,173.894,2,1
8472,344.515,298,2,1
8473,15.5492,86.1045,2,1
8474,530.442,298,2,1
8475,325.716,146.32,2,1
8476,542.891,269.569,2,1
8477,537.673,78.6787,2,1
8478,232.498,119.34,2,1
8479,378.874,157.978,2,1
8480,449.236,176.85,2,1
8481,527.376,220.989,2,1
8482,569.519,127.048,2,1
8483,202.055,88.192,2,1
8484,190.601,231.586,2,1
8485,180.723,275.096,2,1
8486,22.496,162.241,2,1
8487,292.81,255.598,2,1
8488,472.93,71.5278,2,1
8489,43.6493,231.734,2,1
8490,81.4521,193.408,2,1
8491,175.424,298,2,1
8492,65.7458,211.737,2,1
8493,204.164,50.9326,2,1
8494,179.439,298,2,1
8495,560.736,205.572,2,1
8496,204.436,38.1588,2,1
8497,598.021,85.5852,2,1
8498,344.858,91.2,2,1
8499,180.894,34.9206,2,1
8500,587.087,21.2263,2,1
8501,461.199,214.247,2,1
8502,318.374,66.4239,2,1
8503,157.878,173.566,2,1
8504,195.948,17.3242,2,1
8505,574.321,205.67,2,1
8506,227.41,109.538,2,1
8507,130.368,249.836,2,1
8508,489.078,72.9168,2,1
8509,437.75,267.004,2,1
8510,414.445,177.318,2,1
8511,122.44,210.736,2,1
8512,246.203,199.087,2,1
8513,491.119,92.8037,2,1
8514,172.447,57.9737,2,1
8515,110.247,250.699,2,1
8516,385.471,167.422,2,1
8517,590.261,45.5392,2,1
8518,42.4242,144.137,2,1
8519,516.728,278.598,2,1
8520,166.453,53.6517,2,1
8521,166.84,109.982,2,1
8522,401.593,101.565,2,1
8523,99.4814,63.3521,2,1
8524,168.357,206.409,2,1
8525,470.064,55.1882,2,1
8526,312.389,84.9851,2,1
8527,188.62,87.4843,2,1
8528,12.6893,69.5862,2,1
8529,205.239,214.414,2,1
8530,0.70167,266.615,2,1
8531,153.316,72.0386,2,1
8532,26.6096,53.4044,2,1
8533,245.211,56.6634,2,1
8534,44.3801,217.332,2,1
8535,322.448,160.624,2,1
8536,498.191,39.9971,2,1
8537,160.756,93.3604,2,1
8538,406.984,44.1038,2,0
8539,545.676,135.75,2,1
8540,588.794,142.039,2,1
8541,306.574,125.729,2,1
8542,432.147,158.138,2,1
8543,562.419,213.234,2,1
8544,387.791,103.956,2,1
8545,105.208,65.5647,2,1
8546,117.194,45.4451,2,1
8547,510.276,237.098,2,1
8548,197.259,82.6461,2,1
8549,91.2298,20.2378,2,1
8550,275.788,213.092,2,1
8551,439.825,43.3782,2,1
8552,238.498,188.485,2,1
8553,43.1187,65.6897,2,1
8554,393.111,273.782,2,1
8555,223.265,293.278,2,1
8556,271.361,294.272,2,1
8557,328.421,298,2,1
8558,550.226,243.644,2,1
8559,499.267,201.265,2,1
8560,25.4988,194.95,2,1
8561,327.573,260.062,2,1
8562,503.052,35.1915,2,1
8563,238.234,101.882,2,1
8564,452.876,268.205,2,1
8565,45.8016,76.208,2,1
8566,190.922,217.644,2,1
8567,21.8815,34.1298,2,1
8568,595.793,122.967,2,1
8569,556.626,2,2,1
8570,289.374,144.909,2,1
8571,130.629,134.711,2,1
8572,482.937,81.1387,2,1
8573,288.84,105.48,2,1
8574,245.907,247.966,2,1
8575,154.234,167.27,2,1
8576,118.87,129.936,2,1
8577,113.345,142.133,2,1
8578,328.763,24.7389,2,1
8579,281.571,192.599,2,1
8580,579.8,202.342,2,1
8581,409.853,41.2317,2,1
8582,148.023,44.5294,2,1
8583,365.326,133.016,2,1
8584,3.40464,197.372,2,1
8585,352.398,39.0685,2,1
8586,473.979,185.801,2,1
8587,285.999,52.9691,2,1
8588,90.6152,175.844,2,1
8589,521.671,202.755,2,1
8590,58.6072,89.5163,2,1
8591,282.534,41.1562,2,1
8592,39.3351,255.663,2,1
8593,387.81,203.739,2,1
8594,430.162,150.317,2,1
8595,130.045,113.11,2,1
8596,534.145,33.7089,2,1
8597,376.412,83.9689,2,1
8598,92.429,91.3009,2,1
8599,244.669,93.1601,2,1
8600,187.035,286.801,2,1
8601,441.394,61.3701,2,1
8602,540.78,171.065,2,1
8603,132.913,121.387,2,1
8604,122.844,13.1055,2,1
8605,80.0524,197.162,2,1
8606,451.733,272.097,2,1
8607,355.248,185.094,2,1
8608,74.9604,246.204,2,1
8609,489.141,6.83755,2,1
8610,498.134,29.7845,2,1
8611,226.975,266.076,2,1
8612,359.752,59.8797,2,1
8613,249.426,229.453,2,1
8614,447.3,52.0063,2,1
8615,141.344,57.7541,2,1
8616,403.65,132.973,2,1
8617,358.316,208.047,2,1
8618,49.2477,139.721,2,1
8619,268.588,224.781,2,1
8620,184.242,143.088,2,1
8621,188.301,42.5235,2,1
8622,505.637,274.422,2,1
8623,350.206,243.828,2,1
8624,129.167,212.632,2,1
8625,523.932,190.815,2,1
8626,162.67,195.85,2,1
8627,367.535,264.324,2,1
8628,97.2571,200.243,2,1
8629,12.6753,131.558,2,1
8630,275.799,50.5273,2,1
8631,326.881,2,2,1
8632,378.414,152.655,2,1
8633,237.493,88.4486,2,1
8634,306.807,148.369,2,1
8635,562.777,219.763,2,1
8636,245.943,63.5804,2,1
8637,118.558,226.977,2,1
8638,166.034,276.195,2,1
8639,571.576,186.905,2,1
8640,144.626,131.7,2,1
8641,493.025,265.083,2,1
8642,516.205,100.928,2,1
8643,62.5109,74.5003,2,1
8644,235.04,273.071,2,1
8645,191.546,98.508,2,1
8646,492.5,283.754,2,1
8647,582.017,224.76,2,1
8648,47.7302,87.31,2,1
8649,252.291,185.461,2,1
8650,95.5671,147.852,2,1
8651,157.963,90.0064,2,1
8652,524.56,98.9592,2,1
8653,407.597,88.2697,2,1
8654,195.099,7.40602,2,1
8655,237.405,105.932,2,1
8656,407.902,213.552,2,1
8657,351.949,118.802,2,1
8658,45.9516,24.7642,2,1
8659,342.093,84.1308,2,1
8660,242.369,112.232,2,1
8661,215.095,132.626,2,1
8662,411.954,236.51,2,1
8663,475.937,266.598,2,1
8664,258.526,87.6235,2,1
8665,340.669,209.596,2,1
8666,269.521,55.2337,2,1
8667,582.494,206.576,2,1
8668,545.064,47.4603,2,1
8669,104.527,130.876,2,1
8670,507.402,166.993,2,1
8671,593.625,50.312,2,1
8672,162.208,136.204,2,1
8673,221.677,123.077,2,1
8674,109.689,276.745,2,1
8675,285.56,5.75326,2,1
8676,153.421,236.101,2,1
8677,471.245,103.848,2,1
8678,119.455,270.656,2,1
8679,491.797,108.11,2,1
8680,152.055,42.8708,2,1
8681,254.01,289.177,2,1
8682,578.696,73.431,2,1
8683,528.45,140.445,2,1
8684,594.285,229.26,2,1
8685,146.079,68.4995,2,1
8686,413.789,231.422,2,1
8687,101.216,153.047,2,1
8688,419.062,142.711,2,1
8689,366.774,223.38,2,1
8690,319.819,88.426,2,1
8691,599.64,254.358,2,1
8692,313.419,14.482,2,1
8693,518.763,199.423,2,1
8694,366.243,197.075,2,1
8695,9.18158,202.444,2,1
8696,471.512,218.018,2,1
8697,490.36,161.841,2,1
8698,8.89674,188.364,2,1
8699,103.371,108.951,2,1
8700,381.768,168.998,2,1
8701,403.312,85.7375,2,1
8702,554.671,290.614,2,1
8703,180.148,118.932,2,1
8704,45.9192,260.185,2,1
8705,59.4343,289.122,2,1
8706,449.356,221.885,2,1
8707,234.364,200.378,2,1
8708,269.652,155.344,2,1
8709,85.5988,114.841,2,1
8710,395.649,5.53949,2,1
8711,127.627,165.308,2,1
8712,235.42,294.006,2,1
8713,14.029,168.304,2,1
8714,274.459,177.862,2,1
8715,529.847,121.494,2,1
8716,416.63,23.0398,2,1
8717,193.53,31.7231,2,1
8718,442.073,76.9413,2,1
8719,33.4924,264.694,2,1
8720,50.8899,48.6393,2,1
8721,196.928,214.339,2,1
8722,423.047,140.775,2,1
8723,535.233,190.712,2,1
8724,459.287,133.415,2,1
8725,577.927,97.2846,2,1
8726,24.6614,98.4032,2,1
8727,58.8523,213.572,2,1
8728,159.852,11.5623,2,1
8729,38.3955,94.8734,2,1
8730,543.668,212.994,2,1
8731,440.595,251.17,2,1
8732,418.484,9.31606,2,1
8733,542.481,5.57957,2,1
8734,397.876,9.31886,2,1
8735,33.1335,159.305,2,1
8736,187.811,220.96,2,1
8737,444.129,234.756,2,1
8738,132.992,196.045,2,1
8739,155.907,163.626,2,1
8740,497.122,14.9381,2,1
8741,401.85,20.5899,2,1
8742,373.507,86.9478,2,1
8743,509.313,138.112,2,1
8744,418.091,38.3763,2,1
8745,176.971,245.1,2,1
8746,355.991,232.028,2,1
8747,74.3719,87.5518,2,1
8748,482.876,136.729,2,1
8749,401.02,278.196,2,1
8750,318.088,146.053,2,1
8751,318.3,36.0884,2,1
8752,379.473,204.623,2,1
8753,100.504,252.679,2,1
8754,249.632,188.469,2,1
8755,108.425,79.2556,2,1
8756,477.11,26.059,2,1
8757,408.412,110.067,2,1
8758,1.30521,185.208,2,1
8759,321.912,42.4326,2,1
8760,367.399,6.27783,2,1
8761,556.355,248.316,2,1
8762,420.914,288.457,2,1
8763,174.971,167.813,2,1
8764,427.234,169.414,2,1
8765,363.873,276.683,2,1
8766,119.923,205.078,2,1
8767,196.696,128.598,2,1
8768,111.843,158.604,2,1
8769,171.549,283.222,2,1
8770,363.368,163.329,2,1
8771,106.991,173.135,2,1
8772,321.301,80.3077,2,1
8773,222.116,190.508,2,1
8774,163.05,291.356,2,1
8775,364.516,212.289,2,1
8776,154.652,200.529,2,1
8777,589.167,215.344,2,1
8778,81.3034,14.7897,2,1
8779,227.639,190.397,2,1
8780,133.321,212.219,2,1
8781,51.749,117.144,2,1
8782,119.979,99.7358,2,1
8783,474.415,67.667,2,1
8784,569.676,278.289,2,1
8785,18.0241,89.298,2,1
8786,554.164,279.023,2,1
8787,266.755,111.113,2,1
8788,312.202,289.672,2,1
8789,375.475,12.5481,2,1
8790,382.848,252.637,2,1
8791,413.137,219.547,2,1
8792,121.254,148.769,2,1
8793,75.7766,260.376,2,1
8794,408.041,118.363,2,1
8795,384.299,45.3936,2,1
8796,498.842,259.552,2,1
8797,427.788,179.011,2,1
8798,457.441,263.971,2,1
8799,346.891,152.36,2,1
8800,189.649,22.4742,2,1
8801,283.558,163.134,2,1
8802,218.582,71.2016,2,1
8803,558.586,192.517,2,1
8804,72.4311,6.74873,2,1
8805,422.097,89.0322,2,1
8806,70.2335,135.211,2,1
8807,359.397,142.478,2,1
8808,331.269,190.617,2,1
8809,269.622,210.634,2,1
8810,244.184,97.2645,2,1
8811,492.189,67.671,2,1
8812,274.938,21.2787,2,1
8813,521.88,257.696,2,1
8814,68.9606,273.802,2,1
8815,515.534,195.344,2,1
8816,336.478,218.164,2,1
8817,384.268,222.109,2,1
8818,253.774,247.142,2,1
8819,466.157,53.6752,2,1
8820,220.713,168.131,2,1
8821,516.824,250.624,2,1
8822,435.225,181.86,2,1
8823,464.18,77.0968,2,1
8824,312.346,9.34595,2,1
8825,290.717,282.788,2,1
8826,588.617,117.291,2,1
8827,108.025,100.654,2,1
8828,580.84,281.872,2,1
8829,390.072,249.405,2,1
8830,216.87,57.7655,2,1
8831,88.0712,68.0728,2,1
8832,361.198,258.404,2,1
8833,119.554,162.012,2,1
8834,228.779,117.5,2,1
8835,255.952,187.316,2,1
8836,290.249,206.766,2,1
8837,535.223,159.588,2,1
8838,490.444,200.166,2,1
8839,248.119,219.53,2,1
8840,31.8808,234.552,2,1
8841,170.782,99.2593,2,1
8842,103.768,113.073,2,1
8843,319.198,158.254,2,1
8844,307.027,232.912,2,1
8845,224.214,218.014,2,1
8846,289.995,43.9487,2,1
8847,321.485,143.428,2,1
8848,173.29,116.198,2,1
8849,483.543,277.348,2,1
8850,437.573,244.453,2,1
8851,234.442,23.9013,2,1
8852,442.448,2,2,1
8853,242.665,250.368,2,1
8854,395.399,214.785,2,1
8855,383.698,12.7084,2,1
8856,162.215,83.7424,2,1
8857,90.1315,120.799,2,1
8858,345.135,2,2,1
8859,308.635,272.186,2,1
8860,25.0407,61.4226,2,1
8861,490.954,53.149,2,1
8862,551.026,268.18,2,1
8863,358.03,181.996,2,1
8864,228.152,298,2,1
8865,139.513,229.027,2,1
8866,246.062,136.548,2,1
8867,428.264,154.095,2,1
8868,492.33,37.7126,2,1
8869,131.388,145.937,2,1
8870,285.383,57.0367,2,1
8871,274.676,75.9106,2,1
8872,467.88,106.106,2,1
8873,307.256,67.5935,2,1
8874,56.1658,5.78493,2,1
8875,586.749,238.664,2,1
8876,117.47,141.391,2,1
8877,170.236,154.906,2,1
8878,456.677,5.52052,2,1
8879,113.183,23.7108,2,1
8880,8.67353,92.511,2,1
8881,436.15,12.7494,2,1
8882,525.586,94.362,2,1
8883,471.768,84.4715,2,0
8884,434.86,263.608,2,1
8885,263.429,132.913,2,1
8886,581.509,32.5727,2,1
8887,8.79185,104.858,2,1
8888,388.717,210.752,2,1
8889,562.835,16.7333,2,1
8890,70.5107,72.904,2,1
8891,88.6377,49.9772,2,1
8892,521.227,66.9598,2,1
8893,487.24,159.227,2,1
8894,71.6366,261.663,2,1
8895,399.506,194.592,2,1
8896,303.679,193.702,2,1
8897,401.97,198.073,2,1
8898,70.5817,10.3493,2,1
8899,333.33,45.4135,2,1
8900,437.881,134.158,2,1
8901,555.297,142.754,2,1
8902,268.891,229.076,2,1
8903,237.722,16.4859,2,1
8904,183.064,130.171,2,1
8905,341.941,73.8062,2,1
8906,550.004,128.68,2,1
8907,295.724,103.277,2,1
8908,306.26,179.371,2,1
8909,477.903,18.7273,2,1
8910,33.576,17.0285,2,1
8911,156.009,99.7544,2,1
8912,195.367,40.1092,2,1
8913,51.591,25.2279,2,1
8914,2.82109,68.5019,2,1
8915,227.327,149.031,2,1
8916,328.396,81.4956,2,1
8917,36.64,84.2237,2,1
8918,38.8801,185.558,2,1
8919,125.36,71.3277,2,1
8920,90.3255,143.683,2,1
8921,466.833,57.64,2,1
8922,86.0797,64.5791,2,1
8923,305.015,100.485,2,1
8924,189.345,34.6414,2,1
8925,295.63,7.64113,2,1
8926,38.9554,26.2223,2,1
8927,427.65,259.433,2,1
8928,96.3634,192.462,2,1
8929,290.736,247.592,2,1
8930,53.8151,45.8076,2,1
8931,495.913,182.352,2,1
8932,395.263,256.822,2,1
8933,247.171,237.186,2,1
8934,84.3753,291.4,2,1
8935,454.835,30.2162,2,1
8936,185.797,158.35,2,1
8937,552.517,40.8436,2,1
8938,144.484,188.154,2,1
8939,397.377,115.926,2,1
8940,98.1981,107.82,2,1
8941,113.297,38.23,2,1
8942,481.988,123.784,2,1
8943,35.4868,65.4747,2,1
8944,502.887,203.024,2,1
8945,540.819,36.4899,2,1
8946,125.986,103.979,2,1
8947,495.408,3.82187,2,1
8948,37.0117,80.1664,2,1
8949,526.422,298,2,1
8950,424.411,286.393,2,1
8951,164.203,203.308,2,1
8952,367.212,149.136,2,1
8953,517.888,178.376,2,1
8954,200.996,207.397,2,1
8955,454.365,133.66,2,1
8956,361.176,159.891,2,1
8957,272.275,280.35,2,1
8958,363.656,265.338,2,1
8959,275.333,283.153,2,1
8960,207.872,298,2,1
8961,352.639,137.802,2,1
8962,90.9978,294.538,2,1
8963,215.989,298,2,1
8964,375.609,155.622,2,1
8965,144.869,55.818,2,1
8966,568.117,119.84,2,1
8967,424.096,224.343,2,1
8968,398.677,174.461,2,1
8969,349.402,238.484,2,1
8970,398.494,24.6894,2,1
8971,79.4532,105.018,2,1
8972,239.063,67.4357,2,1
8973,546.051,164.9,2,1
8974,70.6776,80.3597,2,1
8975,206.115,12.9254,2,1
8976,314.244,230.225,2,1
8977,68.3638,149.862,2,1
8978,143.713,97.9723,2,1
8979,217.369,242.433,2,1
8980,532.957,92.5537,2,1
8981,468.895,63.2968,2,1
8982,39.2328,141.717,2,1
8983,516.688,89.056,2,1
8984,590.591,241.227,2,1
8985,518.104,73.2178,2,1
8986,523.596,44.467,2,1
8987,139.422,267.765,2,1
8988,23.4474,206.999,2,1
8989,340.632,100.095,2,1
8990,230.994,279.367,2,1
8991,453.945,95.1587,2,1
8992,156.29,37.5856,2,1
8993,533.963,129.725,2,1
8994,234.318,113.457,2,1
8995,172.131,203.302,2,1
8996,552.669,203.162,2,1
8997,35.9343,144.246,2,1
8998,581.342,99.4068,2,1
8999,14.0597,152.575,2,1
9000,151.836,163.995,2,1
9001,548.116,125.033,2,1
9002,545.22,216.756,2,1
9003,89.7495,9.3769,2,1
9004,409.581,239.75,2,1
9005,352.252,46.6899,2,1
9006,338.971,31.2637,2,1
9007,209.554,233.839,2,1
9008,502.635,287.786,2,1
9009,575.067,75.2216,2,1
9010,69.1572,58.685,2,1
9011,362.097,181.965,2,1
9012,91.9454,24.2244,2,1
9013,160.516,75.809,2,1
9014,311.134,264.379,2,1
9015,436.574,206.475,2,1
9016,193.569,290.236,2,1
9017,454.642,2,2,1
9018,303.777,218.521,2,1
9019,357.164,90.5715,2,1
9020,339.197,244.709,2,1
9021,298.917,32.1021,2,1
9022,222.982,60.2026,2,1
9023,190.644,197.219,2,1
9024,27.2617,22.1098,2,1
9025,323.235,8.15479,2,1
9026,573.046,200.12,2,1
9027,82.5302,264.623,2,1
9028,1.50192,242.542,2,1
9029,264.875,78.6407,2,1
9030,148.747,131.295,2,1
9031,145.023,38.8094,2,1
9032,159.953,258.261,2,1
9033,396.761,269.056,2,1
9034,562.025,157.247,2,1
9035,278.076,175.665,2,1
9036,173.486,12.3152,2,1
9037,370.179,290.556,2,1
9038,224.835,157.052,2,1
9039,494.805,258.997,2,1
9040,96.4488,134.811,2,1
9041,15.7923,119.783,2,1
9042,583.365,95.7682,2,1
9043,375.185,164.973,2,1
9044,303.621,263.144,2,1
9045,599.45,124.761,2,1
9046,475.122,125.12,2,1
9047,528.176,252.513,2,1
9048,166.728,17.174,2,1
9049,123.429,183.853,2,1
9050,259.17,235.482,2,1
9051,392.189,177.302,2,1
9052,219.482,262.779,2,1
9053,466.911,9.06558,2,1
9054,446.965,47.8673,2,1
9055,576.83,161.572,2,1
9056,201.593,54.0345,2,1
9057,324.667,110.448,2,1
9058,328.993,17.8087,2,1
9059,351.562,54.9434,2,1
9060,221.582,201.572,2,1
9061,323.522,294,2,1
9062,37.3907,263.705,2,1
9063,28.9908,139.128,2,1
9064,286.095,174.542,2,1
9065,219.19,45.8504,2,1
9066,408.464,80.4703,2,1
9067,558.674,290.85,2,1
9068,423.368,97.1433,2,1
9069,48.6279,266.003,2,1
9070,182.637,222.25,2,1
9071,578.318,292.203,2,1
9072,212.418,15.8654,2,1
9073,174.866,129.872,2,1
9074,278.391,60.5436,2,1
9075,510.371,119.654,2,1
9076,548.586,202.858,2,1
9077,351.174,171.782,2,1
9078,531.251,55.1713,2,1
9079,51.2075,189.681,2,1
9080,415.658,79.1561,2,1
9081,586.572,80.653,2,1
9082,20.2209,273.253,2,1
9083,63.3044,288.082,2,1
9084,219.357,20.2123,2,1
9085,90.7211,2,2,1
9086,508.15,192.398,2,1
9087,439.421,20.2377,2,1
9088,107.927,261.76,2,1
9089,388.696,230.705,2,1
9090,239.974,237.918,2,1
9091,499.558,151.76,2,1
9092,424.952,252.283,2,1
9093,195.327,113.957,2,1
9094,464.445,234.808,2,1
9095,300.924,58.6889,2,1
9096,112.546,222.241,2,1
9097,154.434,287.184,2,1
9098,417.776,179.625,2,1
9099,476.924,129.93,2,1
9100,218.517,10.8058,2,1
9101,291.348,251.805,2,1
9102,402.253,162.44,2,1
9103,51.861,204.504,2,1
9104,518.6,15.7393,2,1
9105,385.581,39.8368,2,1
9106,339.459,191.83,2,1
9107,96.4874,124.581,2,1
9108,113.268,218.175,2,1
9109,26.7394,278.028,2,1
9110,315.781,209.152,2,1
9111,477.698,155.119,2,1
9112,594.045,175.387,2,1
9113,149.846,252.326,2,1
9114,419.399,113.614,2,1
9115,63.1484,214.893,2,1
9116,163.91,37.8557,2,1
9117,259.25,267.54,2,1
9118,448.97,35.801,2,1
9119,98.1376,241.856,2,1
9120,211.489,211.721,2,1
9121,364.103,220.224,2,1
9122,151.006,215.229,2,1
9123,381.62,155.063,2,1
9124,44.4068,276.289,2,1
9125,182.564,160.97,2,1
9126,406.894,38.5132,2,1
9127,11.3671,147.516,2,1
9128,275.831,198.51,2,1
9129,99.082,166.133,2,1
9130,444.544,174.437,2,1
9131,586.055,76.6019,2,1
9132,539.63,59.366,2,1
9133,466.812,29.6825,2,1
9134,253.869,127.113,2,1
9135,565.003,81.8128,2,1
9136,367.951,254.013,2,1
9137,551.12,223.819,2,1
9138,143.044,144.607,2,1
9139,464.405,216.823,2,1
9140,42.0942,23.4259,2,1
9141,456.249,184.915,2,1
9142,345.274,156.105,2,1
9143,318.505,206.021,2,1
9144,274.177,55.496,2,1
9145,29.7491,55.9169,2,1
9146,100.647,234.116,2,1
9147,182.658,255.526,2,1
9148,292.096,148.99,2,1
9149,581.158,112.504,2,1
9150,41.2747,188.872,2,1
9151,247.074,81.4387,2,1
9152,32.0384,62.8582,2,1
9153,402.035,205.475,2,1
9154,501.56,274.797,2,1
9155,29.6791,266.04,2,1
9156,478.26,256.907,2,1
9157,233.124,27.8804,2,1
9158,105.093,142.96,2,1
9159,529.872,51.3227,2,1
9160,405.267,298,2,1
9161,167.043,68.1704,2,1
9162,350.792,290.174,2,1
9163,448.322,12.9015,2,1
9164,100.265,282.574,2,1
9165,19.0125,263.617,2,1
9166,93.6777,87.3759,2,1
9167,445.298,224.332,2,1
9168,240.855,24.102,2,1
9169,298.355,205.095,2,1
9170,419.626,276.484,2,1
9171,106.769,9.524,2,1
9172,182.216,19.6789,2,1
9173,324.246,118.502,2,1
9174,403.459,144.281,2,1
9175,75.7944,205.171,2,1
9176,282.482,111.051,2,1
9177,222.53,136.351,2,1
9178,91.71,229.448,2,1
9179,267.915,81.704,2,1
9180,224.359,252.395,2,1
9181,207.719,128.909,2,1
9182,304.053,87.441,2,1
9183,3.54147,155.735,2,1
9184,254.513,78.5604,2,1
9185,383.709,91.6359,2,1
9186,188.039,96.2108,2,1
9187,239.024,267.494,2,1
9188,541.221,220.312,2,1
9189,499.989,61.6149,2,1
9190,139.119,17.8787,2,1
9191,18.2584,27.2987,2,1
9192,303.271,8.19881,2,1
9193,452.884,244.292,2,1
9194,351.104,223.231,2,1
9195,6.30185,284.03,2,1
9196,383.721,102.555,2,1
9197,206.106,75.7056,2,1
9198,177.477,227.998,2,1
9199,325.099,268.436,2,1
9200,229.047,55.3654,2,1
9201,243.114,282.733,2,1
9202,560.276,152.357,2,1
9203,170.567,187.103,2,1
9204,539.813,141.592,2,1
9205,352.614,8.61392,2,1
9206,219.89,106.522,2,1
9207,315.654,23.9485,2,1
9208,159.519,30.3859,2,1
9209,583.395,228.533,2,1
9210,256.695,149.299,2,1
9211,184.364,203.379,2,1
9212,203.894,127.185,2,1
9213,136.853,65.8819,2,1
9214,27.9433,115.447,2,1
9215,122.631,2,2,1
9216,563.77,250.418,2,1
9217,183.459,214.661,2,1
9218,40.4588,266.445,2,1
9219,211.331,24.0422,2,1
9220,137.851,252.515,2,1
9221,336.225,78.5421,2,1
9222,315.685,257.639,2,1
9223,365.383,231.241,2,1
9224,129.244,130.561,2,1
9225,171.113,222.662,2,1
9226,312.45,57.0752,2,1
9227,233.909,261.241,2,1
9228,419.462,85.6064,2,1
9229,332.825,101.145,2,1
9230,520.987,147.934,2,1
9231,221.193,159.239,2,1
9232,24.8929,294.431,2,1
9233,490.877,268.538,2,1
9234,275.964,228.273,2,1
9235,16.3217,202.324,2,1
9236,501.024,9.35845,2,1
9237,266.479,13.1532,2,1
9238,247.034,131.338,2,1
9239,597.218,26.5476,2,1
9240,96.0249,24.2581,2,1
9241,208.662,65.4071,2,1
9242,60.309,106.734,2,1
9243,345.549,265.985,2,1
9244,584.883,281.029,2,1
9245,523.486,186.815,2,1
9246,54.187,9.3285,2,1
9247,53.0383,61.2088,2,1
9248,418.459,53.442,2,1
9249,81.4631,2,2,1
9250,102.282,2,2,1
9251,549.691,187.549,2,1
9252,77.6086,267.264,2,1
9253,146.478,30.9598,2,1
9254,248.405,158.384,2,1
9255,26.0734,267.914,2,1
9256,400.074,12.8731,2,1
9257,406.508,290.278,2,1
9258,341.384,294.049,2,1
9259,198.645,37.6536,2,1
9260,340.566,48.3892,2,1
9261,579.196,227.759,2,1
9262,599.952,258.437,2,1
9263,317.471,172.947,2,1
9264,176.579,181.817,2,1
9265,219.787,245.722,2,1
9266,128.438,49.5404,2,1
9267,222.595,47.9606,2,1
9268,186.066,207.005,2,1
9269,509.305,107.64,2,1
9270,10.1213,28.4575,2,0
9271,105.349,184.209,2,1
9272,8.08041,25.0119,2,1
9273,574.992,173.729,2,1
9274,163.102,265.83,2,1
9275,483.947,62.0514,2,1
9276,139.003,178.423,2,1
9277,16.7431,294.491,2,1
9278,126.015,123.265,2,1
9279,438.862,168.138,2,1
9280,285.163,246.98,2,1
9281,178.438,67.5973,2,1
9282,524.059,243.049,2,1
9283,321.622,61.1965,2,1
9284,208.159,137.485,2,1
9285,359.24,108.995,2,1
9286,524.903,250.171,2,1
9287,364.876,243.205,2,1
9288,588.84,16.2063,2,1
9289,448.83,243.693,2,1
9290,92.7242,49.8317,2,1
9291,312.369,98.2914,2,1
9292,2.21337,168.43,2,1
9293,130.188,53.2207,2,1
9294,5.29361,106.941,2,1
9295,282.683,127.057,2,1
9296,222.664,78.1493,2,1
9297,359.55,78.0561,2,1
9298,24.9232,28.8394,2,1
9299,20.9773,2,2,1
9300,390.281,88.5077,2,1
9301,24.1727,24.8113,2,1
9302,396.404,45.092,2,1
9303,411.853,263.378,2,1
9304,198.265,10.1815,2,1
9305,268.632,148.412,2,1
9306,397.49,58.1192,2,1
9307,239.003,252.593,2,1
9308,569.847,66.79,2,1
9309,579.134,187.139,2,1
9310,85.117,70.8726,2,1
9311,125.195,171.834,2,1
9312,447.493,43.7004,2,1
9313,374.309,76.3103,2,1
9314,490.617,221.667,2,1
9315,165.009,92.4644,2,1
9316,271.4,96.2717,2,1
9317,70.3173,290.349,2,1
9318,149.885,174.076,2,1
9319,376.932,294.107,2,1
9320,48.1657,165.325,2,1
9321,118.88,298,2,1
9322,182.481,122.297,2,1
9323,528.319,163.202,2,1
9324,35.0465,24.9932,2,1
9325,550.69,5.66496,2,1
9326,177.185,157.409,2,1
9327,536.227,2,2,1
9328,309.14,45.2912,2,1
9329,335.563,4.92023,2,1
9330,185.225,134.687,2,1
9331,396.542,41.0418,2,1
9332,461.352,276.1,2,1
9333,578.934,221.173,2,1
9334,427.59,239.043,2,1
9335,68.2373,195.983,2,1
9336,339.141,81.3094,2,1
9337,349.333,114.271,2,1
9338,4.86793,220.032,2,1
9339,70.9769,160.732,2,1
9340,232.931,14.8244,2,1
9341,67.307,248.264,2,1
9342,577.8,288.148,2,1
9343,247.4,99.863,2,1
9344,514.986,83.0241,2,1
9345,220.777,67.8106,2,1
9346,509.271,111.725,2,1
9347,232.725,71.2204,2,1
9348,364.889,251.286,2,1
9349,386.199,88.402,2,1
9350,334.034,152.155,2,1
9351,114.626,90.256,2,1
9352,147.513,274.445,2,1
9353,256.593,141.136,2,1
9354,285.702,261.825,2,1
9355,266.697,186.984,2,1
9356,159.236,125.631,2,1
9357,280.099,273.77,2,1
9358,336.671,99.311,2,1
9359,465.154,25.8737,2,1
9360,225.174,289.694,2,1
9361,502.954,260.338,2,1
9362,40.4837,198.333,2,1
9363,327.695,170.356,2,1
9364,174.839,137.278,2,1
9365,92.3825,283.585,2,1
9366,427.135,294.266,2,1
9367,599.563,147.751,2,1
9368,571.511,242.704,2,1
9369,574.659,285.645,2,1
9370,258.424,223.451,2,1
9371,315.008,263.237,2,1
9372,575.685,88.1861,2,1
9373,512.129,193.128,2,1
9374,516.108,45.6901,2,1
9375,494.719,252.543,2,1
9376,415.934,5.58285,2,1
9377,475.563,217.826,2,1
9378,530.952,249.428,2,1
9379,433.621,267.461,2,1
9380,429.612,298,2,1
9381,441.422,164.237,2,1
9382,438.503,9.05013,2,1
9383,403.791,5.6117,2,1
9384,115.378,185.184,2,1
9385,437.469,218.224,2,1
9386,593.62,220.918,2,1
9387,236.859,176.524,2,1
9388,507.522,62.5171,2,1
9389,442.715,260.862,2,1
9390,138.11,82.788,2,1
9391,388.247,27.159,2,0
9392,105.059,105.241,2,1
9393,390.399,290.382,2,1
9394,37.9755,10.265,2,1
9395,495.381,45.2943,2,1
9396,166.654,272.223,2,1
9397,160.446,192.427,2,1
9398,103.632,156.338,2,1
9399,237.754,6.0059,2,1
9400,137.461,110.038,2,1
9401,526.497,279.576,2,1
9402,374.381,151.734,2,1
9403,526.759,8.9903,2,1
9404,438.422,69.0143,2,1
9405,40.2427,34.2606,2,1
9406,306.203,79.5907,2,1
9407,146.647,255.561,2,1
9408,469.751,258.383,2,1
9409,323.117,223.838,2,1
9410,81.4554,268.48,2,1
9411,151.251,116.715,2,1
9412,435.68,105.613,2,1
9413,4.24941,287.551,2,1
9414,109.175,245.779,2,1
9415,18.463,107.994,2,1
9416,438.605,102.815,2,1
9417,590.547,227.582,2,1
9418,544.669,294.377,2,1
9419,99.0465,293.787,2,1
9420,527.643,193.765,2,1
9421,342.573,153.076,2,1
9422,263.657,197.153,2,1
9423,101.887,48.7307,2,1
9424,424.774,9.5651,2,0
9425,314.915,216.275,2,1
9426,460.685,149.092,2,1
9427,33.9871,9.41708,2,1
9428,456.989,150.987,2,1
9429,327.495,85.393,2,1
9430,476.302,213.845,2,1
9431,463.849,106.174,2,1
9432,448.102,100.86,2,1
9433,570.598,18.5357,2,1
9434,201.986,252.984,2,1
9435,501.939,173.34,2,1
9436,288.45,233.425,2,1
9437,419.707,268.153,2,1
9438,143.678,228.737,2,1
9439,216.143,235.155,2,1
9440,148.155,82.1846,2,1
9441,76.6918,271.179,2,1
9442,434.709,223.699,2,1
9443,7.93389,78.9138,2,1
9444,23.3651,187.364,2,1
9445,485.164,281.191,2,1
9446,181.542,44.8398,2,1
9447,476.53,40.805,2,1
9448,259.815,115.106,2,1
9449,33.8997,39.6899,2,0
9450,559.86,145.062,2,1
9451,155.964,41.6651,2,1
9452,487.508,203.011,2,1
9453,28.1511,246.555,2,1
9454,25.1941,88.374,2,1
9455,593.951,92.147,2,1
9456,467.214,142.764,2,1
9457,517.876,257.96,2,1
9458,448.08,233.342,2,1
9459,119.21,231.481,2,1
9460,277.854,195.057,2,1
9461,459.167,240.481,2,1
9462,407.734,250.079,2,1
9463,85.0901,34.2125,2,1
9464,24.3492,285.664,2,1
9465,433.037,200.239,2,1
9466,40.789,274.487,2,1
9467,223.035,264.712,2,1
9468,187.55,126.351,2,1
9469,124.213,256.637,2,1
9470,26.9508,298,2,1
9471,454.993,260.514,2,1
9472,371.576,156.029,2,1
9473,576.186,169.764,2,1
9474,419.903,188.24,2,1
9475,271.146,254.195,2,1
9476,446.565,66.6492,2,1
9477,266.132,208.417,2,1
9478,543.927,132.147,2,1
9479,335.087,207.427,2,1
9480,433.034,233.808,2,1
9481,259.043,8.93701,2,1
9482,443.038,273.36,2,1
9483,140.982,129.171,2,1
9484,305.302,44.126,2,1
9485,240.015,50.4951,2,1
9486,239.919,131.397,2,1
9487,549.272,162.375,2,1
9488,441.434,93.3149,2,1
9489,481.949,264.104,2,1
9490,255.329,71.6037,2,1
9491,419.324,97.7512,2,1
9492,286.389,186.191,2,1
9493,546.993,269.023,2,1
9494,215.123,45.8222,2,1
9495,12.2698,220.726,2,1
9496,436.413,50.8781,2,1
9497,83.5475,275.157,2,1
9498,368.96,242.783,2,1
9499,455.924,20.8834,2,1
9500,306.399,246.293,2,1
9501,134.364,187.967,2,1
9502,255.3,206.774,2,1
9503,115.252,41.8955,2,1
9504,50.9811,64.6814,2,1
9505,387.763,77.1521,2,1
9506,213.504,167.251,2,1
9507,287.53,276.708,2,1
9508,535.205,249.734,2,1
9509,375.297,216.285,2,1
9510,256.683,24.5049,2,1
9511,245.974,203.657,2,1
9512,286.944,2,2,1
9513,561.017,81.2837,2,1
9514,535.735,98.9021,2,1
9515,371.75,52.1358,2,1
9516,137.467,239.943,2,1
9517,145.108,20.8232,2,1
9518,165.872,294.221,2,1
9519,389.616,200.086,2,1
9520,305.213,27.0768,2,1
9521,165.939,130.186,2,1
9522,338.995,252.993,2,1
9523,478.594,36.8671,2,1
9524,143.804,50.4854,2,1
9525,452.608,5.51546,2,1
9526,379.842,45.376,2,1
9527,194.086,263.72,2,1
9528,490.499,135.271,2,1
9529,185.154,290.366,2,1
9530,377.134,227.764,2,1
9531,501.024,242.844,2,1
9532,213.273,147.603,2,1
9533,416.497,234.414,2,1
9534,26.4343,282.144,2,1
9535,364.79,178.815,2,1
9536,46.0583,9.44448,2,1
9537,401.211,298,2,1
9538,32.5768,50.6727,2,1
9539,553.411,33.6043,2,1
9540,460.684,261.214,2,1
9541,127.488,293.99,2,1
9542,63.6714,135.605,2,1
9543,312.141,52.9553,2,1
9544,379.633,102.68,2,1
9545,270.594,163.848,2,1
9546,34.3574,73.5693,2,1
9547,406.275,136.175,2,1
9548,435.348,20.3038,2,1
9549,444.735,289.445,2,1
9550,445.225,212.208,2,1
9551,184.377,118.702,2,1
9552,3.77971,146.298,2,1
9553,313.281,180.677,2,1
9554,394.162,248.883,2,1
9555,332.533,71.8055,2,1
9556,139.092,143.502,2,1
9557,548.378,19.716,2,1
9558,568.946,193.705,2,1
9559,311.027,49.0342,2,1
9560,514.904,169.198,2,1
9561,402.133,136.808,2,1
9562,523.714,150.984,2,1
9563,66.7121,132.982,2,1
9564,423.429,131.913,2,1
9565,216.829,83.3122,2,1
9566,198.464,195.6,2,1
9567,416.261,151.327,2,1
9568,338.852,248.946,2,1
9569,564.545,90.02,2,1
9570,325.342,16.0451,2,1
9571,506.481,86.943,2,1
9572,408.856,123.187,2,1
9573,337.278,46.0789,2,1
9574,409.558,47.3311,2,1
9575,112.092,254.477,2,1
9576,564.831,112.199,2,1
9577,574.872,249.498,2,1
9578,593.61,189.242,2,1
9579,161.558,180.834,2,1
9580,526.835,205.589,2,1
9581,104.814,5.91554,2,1
9582,395.37,135.098,2,1
9583,81.4419,241.225,2,1
9584,163.237,298,2,1
9585,308.29,20.4882,2,1
9586,342.133,134.683,2,1
9587,3.39396,112.872,2,1
9588,327.967,235.811,2,1
9589,37.747,165.688,2,1
9590,419.405,292.245,2,1
9591,62.606,55.7438,2,1
9592,72.6232,172.021,2,1
9593,328.179,271.281,2,1
9594,69.4998,35.5902,2,1
9595,212.838,58.5191,2,1
9596,326.035,162.427,2,1
9597,296.858,48.3524,2,1
9598,12.6776,116.192,2,1
9599,531.899,184.363,2,1
9600,67.405,120.248,2,1
9601,102.649,217.591,2,1
9602,62.3882,30.6946,2,1
9603,183.761,82.2764,2,1
9604,251.89,232.613,2,1
9605,532.382,294.478,2,1
9606,19.4437,19.7852,2,1
9607,23.2605,221.215,2,1
9608,170.188,198.851,2,1
9609,469.531,287.156,2,1
9610,115.436,95.232,2,1
9611,439.084,274.127,2,1
9612,569.435,34.8003,2,1
9613,423.048,185.681,2,1
9614,459.48,85.4254,2,1
9615,48.6235,197.318,2,1
9616,23.1579,94.6015,2,1
9617,562.819,12.5915,2,1
9618,401.79,252.123,2,1
9619,97.7891,27.9323,2,1
9620,28.4945,285.711,2,1
9621,368.256,135.799,2,1
9622,539.478,40.352,2,1
9623,461.01,171.728,2,1
9624,536.772,170.597,2,1
9625,78.9574,44.7006,2,1
9626,15.3613,145.955,2,1
9627,539.302,247.037,2,1
9628,494.589,134.91,2,1
9629,152.429,23.8479,2,1
9630,513.262,154.168,2,1
9631,481.147,291.272,2,1
9632,126.195,111.892,2,1
9633,526.658,174.624,2,1
9634,180.769,23.5424,2,1
9635,518.478,271.81,2,1
9636,437.209,164.466,2,1
9637,297.073,117.855,2,1
9638,143.375,6.03145,2,1
9639,154.297,30.5518,2,1
9640,114.747,126.336,2,1
9641,175.927,28.7089,2,1
9642,260.194,147.203,2,1
9643,76.4891,227.703,2,1
9644,235.371,250.814,2,1
9645,196.284,28.7334,2,1
9646,269.519,41.5989,2,1
9647,533.378,17.492,2,1
9648,110.822,53.7989,2,1
9649,494.73,18.3278,2,1
9650,388.479,20.1518,2,1
9651,401.678,105.707,2,1
9652,386.419,117.076,2,1
9653,474.544,37.1188,2,1
9654,239.721,123.216,2,1
9655,415.525,238.388,2,1
9656,597.252,204.226,2,1
9657,141.246,121.018,2,1
9658,264.684,260.489,2,1
9659,219.064,214.732,2,1
9660,344.731,209.736,2,1
9661,36.3841,32.9965,2,1
9662,97.0111,290.211,2,1
9663,84.1437,204.254,2,1
9664,467.193,122.469,2,1
9665,445.815,240.998,2,1
9666,30.2027,97.5646,2,1
9667,569.398,9.41162,2,1
9668,103.918,213.771,2,1
9669,205.452,2,2,1
9670,523.942,171.567,2,1
9671,532.422,180.351,2,1
9672,519.549,195.289,2,1
9673,278.557,251.667,2,1
9674,126.775,2,2,1
9675,222.643,22.5493,2,1
9676,352.228,68.1833,2,1
9677,94.06,68.4538,2,0
9678,8.74052,100.788,2,1
9679,465.038,73.1661,2,1
9680,448.67,290.329,2,1
9681,130.67,268.978,2,1
9682,136.812,128.439,2,1
9683,593.073,2,2,1
9684,517.076,41.6682,2,1
9685,531.812,133.119,2,1
9686,524.075,213.186,2,1
9687,143.734,293.539,2,1
9688,514.695,123.25,2,1
9689,101.5,182.555,2,1
9690,164.305,177.818,2,1
9691,312.433,121.288,2,1
9692,4.25644,23.7664,2,1
9693,447.921,251.832,2,1
9694,388.882,42.1313,2,1
9695,598.179,175.458,2,1
9696,126.201,220.871,2,1
9697,217.158,185.054,2,1
9698,560.722,2,2,1
9699,341.07,282.474,2,1
9700,86.612,53.66,2,1
9701,118.346,54.9066,2,1
9702,28.7673,11.6796,2,1
9703,519.177,174.427,2,1
9704,260.097,12.8822,2,0
9705,407.534,54.0233,2,1
9706,228.065,137.821,2,1
9707,539.025,105.41,2,1
9708,556.699,262.214,2,1
9709,270.985,2,2,1
9710,88.1109,203.374,2,1
9711,217.322,165.506,2,1
9712,430.608,141.035,2,1
9713,164.121,45.8628,2,1
9714,197.626,70.8772,2,1
9715,543.467,103.923,2,1
9716,75.7436,147.881,2,1
9717,593.472,270.258,2,1
9718,520.878,105.517,2,1
9719,119.53,42.0516,2,1
9720,114.831,298,2,1
9721,150.421,31.7007,2,1
9722,383.642,122.919,2,1
9723,536.736,90.8515,2,1
9724,317.917,41.8086,2,1
9725,463.115,87.1126,2,1
9726,40.415,15.1139,2,1
9727,368.825,294.325,2,1
9728,384.3,20.093,2,1
9729,383.005,52.9767,2,1
9730,356.799,213.428,2,1
9731,188.326,152.495,2,1
9732,463.397,133.122,2,1
9733,471.98,200.211,2,1
9734,467.163,152.357,2,1
9735,531.119,268.233,2,1
9736,459.693,75.4462,2,1
9737,567.851,71.889,2,1
9738,31.9077,114.182,2,1
9739,556.312,209.393,2,1
9740,181.48,156.86,2,1
9741,312.234,26.2432,2,1
9742,575.804,70.6537,2,1
9743,581.208,298,2,1
9744,27.45,132.521,2,1
9745,45.6473,43.5218,2,1
9746,79.5243,60.8566,2,1
9747,339.419,266.7,2,1
9748,545.027,199.957,2,1
9749,102.921,36.0313,2,1
9750,212.46,236.793,2,1
9751,148.812,120.309,2,1
9752,359.95,29.4433,2,1
9753,458.54,199.137,2,1
9754,18.7932,56.2963,2,1
9755,239.491,294.014,2,1
9756,314.674,72.9848,2,1
9757,472.203,213.967,2,1
9758,538.608,174.553,2,1
9759,12.29,102.909,2,1
9760,569.942,287.89,2,1
9761,458.212,282.746,2,1
9762,142.377,180.688,2,1
9763,597.085,268.508,2,1
9764,110.891,210.616,2,1
9765,385.573,200.308,2,1
9766,72.5745,41.6469,2,1
9767,102.092,296.398,2,1
9768,470.866,239.552,2,1
9769,312.539,184.751,2,1
9770,270.744,234.298,2,1
9771,407.233,173.696,2,1
9772,254.02,293.695,2,1
9773,557.339,163.536,2,1
9774,209.518,145.912,2,1
9775,345.772,163.202,2,1
9776,290.487,291.263,2,1
9777,361.415,228.207,2,1
9778,499.006,123.737,2,1
9779,183.734,37.7395,2,1
9780,279.6,294.104,2,1
9781,179.798,84.2054,2,1
9782,22.0225,225.07,2,1
9783,333.099,113.539,2,1
9784,317.789,70.4631,2,1
9785,173.894,229.874,2,1
9786,174.679,218.665,2,1
9787,549.086,219.31,2,1
9788,551.125,152.056,2,1
9789,572.826,49.492,2,1
9790,136.73,78.9259,2,1
9791,509.458,131.27,2,1
9792,571.726,111.129,2,1
9793,136.787,194.598,2,1
9794,468.98,211.491,2,1
9795,520.935,88.5628,2,1
9796,31.0561,258.007,2,1
9797,21.6013,85.8335,2,1
9798,263.638,141.048,2,1
9799,109.3,185.101,2,1
9800,12.1379,225.789,2,1
9801,437.531,72.9754,2,1
9802,107.242,16.1642,2,1
9803,395.953,203.839,2,1
9804,47.3059,188.648,2,1
9805,243.306,193.611,2,1
9806,43.52,61.5138,2,1
9807,278.561,40.0059,2,1
9808,247.106,195.096,2,1
9809,110.882,117.26,2,1
9810,257.905,195.922,2,1
9811,238.519,225.491,2,1
9812,395.853,34.9744,2,1
9813,427.747,283.976,2,1
9814,599.033,143.673,2,1
9815,147.174,151.034,2,1
9816,63.2427,130.976,2,1
9817,491.317,232.14,2,1
9818,545.309,83.2564,2,1
9819,7.60706,174.363,2,1
9820,267.012,115.545,2,1
9821,39.4008,105.669,2,1
9822,527.549,275.641,2,1
9823,335.946,38.5125,2,1
9824,576.254,209.545,2,1
9825,564.12,283.42,2,1
9826,94.1195,178.037,2,1
9827,409.35,298,2,1
9828,136.296,275.25,2,1
9829,453.489,193.887,2,1
9830,160.065,268.526,2,1
9831,31.2079,134.185,2,1
9832,491.428,44.0836,2,1
9833,11.6783,248.728,2,1
9834,531.537,221.217,2,1
9835,168.075,170.101,2,1
9836,75.5138,290.131,2,1
9837,277.794,257.066,2,1
9838,434.952,259.596,2,1
9839,599.333,196.969,2,1
9840,441.737,266.434,2,1
9841,462.884,242.863,2,1
9842,30.244,238.659,2,1
9843,241.967,5.92497,2,1
9844,114.467,251.029,2,1
9845,105.031,191.926,2,1
9846,282.056,184.236,2,1
9847,419.458,183.605,2,1
9848,371.309,149.088,2,1
9849,194.662,177.313,2,1
9850,483.861,164.14,2,1
9851,363.684,52.4033,2,1
9852,51.9064,37.9589,2,1
9853,509.334,145.237,2,1
9854,97.1091,152.099,2,1
9855,482.689,205.617,2,1
9856,568.529,223.723,2,1
9857,59.0745,269.399,2,1
9858,403.567,294.325,2,1
9859,398.233,240.732,2,1
9860,258.885,157.729,2,1
9861,370.219,209.872,2,1
9862,118.453,177.391,2,1
9863,6.25147,291.118,2,1
9864,57.0295,262.701,2,1
9865,224.95,193.402,2,1
9866,479.656,43.4329,2,1
9867,350.532,72.1372,2,1
9868,228.959,121.543,2,1
9869,556.573,205.395,2,1
9870,355.743,158.959,2,1
9871,218.649,49.8458,2,1
9872,95.6843,31.4742,2,1
9873,491.915,287.846,2,1
9874,243.108,108.195,2,1
9875,587.099,52.814,2,1
9876,322.013,265.006,2,1
9877,282.47,152.78,2,1
9878,583.896,273.442,2,1
9879,445.089,162.426,2,1
9880,442.356,256.721,2,1
9881,139.046,163.873,2,1
9882,524.091,261.6,2,1
9883,97.922,55.9174,2,1
9884,472.74,13.8376,2,1
9885,560.065,70.1052,2,1
9886,173.961,286.461,2,1
9887,387.784,12.8654,2,1
9888,335.039,198.798,2,1
9889,198.175,275.231,2,1
9890,462.822,2,2,1
9891,6.64241,168.665,2,1
9892,100.805,159.173,2,1
9893,427.621,115.167,2,1
9894,51.0483,200.507,2,1
9895,126.751,228.498,2,1
9896,117.328,193.04,2,1
9897,191.939,102.515,2,1
9898,436.156,46.8756,2,0
9899,59.4422,236.569,2,1
9900,110.693,298,2,1
9901,511.925,244.078,2,1
9902,22.8939,144.578,2,1
9903,476.455,33.3319,2,1
9904,148.966,106.317,2,1
9905,507.171,134.661,2,1
9906,325.164,78.9522,2,1
9907,454.483,255.942,2,1
9908,225.392,231.106,2,1
9909,266.876,70.9931,2,1
9910,542.089,116.256,2,1
9911,483.877,230.138,2,1
9912,347.235,61.7675,2,1
9913,107.942,39.2086,2,1
9914,36.503,14.1335,2,1
9915,103.704,93.9585,2,1
9916,84.9121,122.447,2,1
9917,449.304,205.001,2,1
9918,54.3517,154.031,2,1
9919,97.8724,99.9714,2,1
9920,58.8138,232.295,2,1
9921,540.694,262.821,2,1
9922,263.667,264.563,2,1
9923,371.991,19.7958,2,1
9924,89.7212,114.52,2,1
9925,66.2716,290.825,2,1
9926,572.384,90.7055,2,1
9927,590.481,223.49,2,1
9928,443.772,42.1029,2,1
9929,132.935,142.147,2,1
9930,285.747,140.444,2,1
9931,473.324,52.7408,2,1
9932,348.451,179.94,2,1
9933,185.11,138.704,2,1
9934,66.8931,281.768,2,1
9935,455.863,270.935,2,1
9936,591.094,98.6055,2,1
9937,465.921,156.207,2,1
9938,287.662,9.23646,2,1
9939,373.147,232.385,2,1
9940,460.465,119.877,2,1
9941,443.238,46.1047,2,1
9942,45.9446,107.108,2,1
9943,107.992,213.43,2,1
9944,450.385,293.982,2,1
9945,420.549,280.463,2,1
9946,451.69,86.6601,2,1
9947,507.876,2,2,1
9948,426.752,142.43,2,1
9949,355.694,104.721,2,1
9950,141.286,53.7061,2,1
9951,373.729,60.3358,2,1
9952,54.9242,201.889,2,1
9953,12.6536,200.366,2,1
9954,158.583,272.825,2,1
9955,98.2677,2,2,1
9956,575.258,46.1102,2,1
9957,38.3992,116.057,2,1
9958,552.965,207.158,2,1
9959,24.6988,198.97,2,1
9960,171.366,42.3954,2,1
9961,446.801,285.953,2,1
9962,120.653,122.234,2,1
9963,195.626,138.646,2,1
9964,177.001,36.0596,2,1
9965,155.726,143.463,2,1
9966,229.369,63.0304,2,1
9967,410.798,73.9818,2,1
9968,59.3055,63.431,2,1
9969,94.5777,83.4199,2,1
9970,577.864,14.2812,2,1
9971,293.315,144.137,2,1
9972,413.107,241.717,2,1
9973,490.538,80.5361,2,1
9974,115.072,34.5432,2,1
9975,71.755,146.593,2,1
9976,495.325,121.104,2,1
9977,4.23413,40.0027,2,1
9978,203.636,180.301,2,1
9979,469.703,248.488,2,1
9980,559.711,77.4918,2,1
9981,252.504,213.114,2,1
9982,176.823,126.27,2,1
9983,143.001,2,2,1
9984,347.398,206.509,2,1
9985,485.978,103.001,2,1
9986,116.832,157.081,2,1
9987,184.414,64.0798,2,1
9988,147.648,226.161,2,1
9989,2.11258,27.2758,2,1
9990,11.2909,19.785,2,1
9991,203.799,188.321,2,1
9992,375.793,52.6229,2,1
9993,294.159,64.3417,2,1
9994,322.565,188.765,2,1
9995,97.9496,162.051,2,1
9996,531.971,203.888,2,1
9997,364.405,30.5397,2,1
9998,311.511,89.0878,2,1
9999,10.8161,276.08,2,1
10000,439.89,235.706,2,1
10001,587.334,165.142,2,1
10002,437.688,228.669,2,1
10003,411.543,55.1555,2,1
10004,549.994,247.662,2,1
10005,42.2182,258.486,2,1
10006,282.849,2,2,1
10007,430.27,136.888,2,1
10008,394.438,99.3019,2,1
10009,154.866,150.417,2,1
10010,56.0788,71.5053,2,1
10011,498.034,185.832,2,1
10012,111.147,41.747,2,1
10013,226.228,93.2773,2,1
10014,19.9793,204.838,2,1
10015,240.852,91.8123,2,1
10016,97.7347,196.246,2,1
10017,360.06,220.591,2,1
10018,592.137,33.9566,2,1
10019,545.334,78.2119,2,1
10020,358.685,46.2301,2,1
10021,550.016,53.8419,2,1
10022,527.911,109.615,2,1
10023,399.344,133.922,2,1
10024,24.4759,153.686,2,1
10025,22.4027,44.6278,2,1
10026,293.822,36.9565,2,1
10027,319.485,53.1582,2,1
10028,516.939,263.975,2,1
10029,157.065,104.463,2,1
10030,192.819,214.036,2,1
10031,336.4,263.968,2,1
10032,346.485,249.783,2,1
10033,404.389,221.669,2,1
10034,95.0733,294.441,2,1
10035,87.4419,173.284,2,1
10036,300.263,168.796,2,1
10037,395.309,68.8278,2,1
10038,453.096,81.9224,2,1
10039,550.67,298,2,1
10040,538.766,27.3305,2,1
10041,365.964,189.574,2,1
10042,432.797,39.6617,2,0
10043,74.4758,242.154,2,1
10044,486.851,99.0683,2,1
10045,565.937,59.4537,2,1
10046,142.873,42.2873,2,1
10047,178.679,148.052,2,1
10048,303.531,108.412,2,1
10049,217.241,156.975,2,1
10050,550.579,191.468,2,1
10051,260.061,138.984,2,1
10052,23.4557,5.73844,2,1
10053,72.1534,211.532,2,1
10054,354.27,83.2251,2,1
10055,330.401,140.413,2,1
10056,219.732,177.72,2,1
10057,440.685,208.42,2,1
10058,318.797,30.8518,2,1
10059,539.614,212.27,2,1
10060,72.3589,95.6347,2,1
10061,565.573,234.287,2,1
10062,497.416,101.372,2,1
10063,476.16,221.87,2,1
10064,476.762,49.6131,2,1
10065,373.781,56.162,2,1
10066,303.359,176.375,2,1
10067,528.22,261.431,2,1
10068,208.423,16.2269,2,1
10069,60.9823,261.539,2,1
10070,55.7392,99.9597,2,1
10071,505.466,130.767,2,1
10072,428.537,290.502,2,1
10073,151.119,298,2,1
10074,297.958,172.595,2,1
10075,595.506,68.8768,2,1
10076,383.341,215.016,2,1
10077,25.7381,272.557,2,1
10078,460.198,218.254,2,1
10079,468.26,215.606,2,1
10080,430.327,56.2695,2,1
10081,78.6864,185.888,2,1
10082,415.76,165.954,2,1
10083,583.059,53.1379,2,1
10084,61.8235,94.6478,2,1
10085,496.583,73.544,2,1
10086,157.732,265.211,2,1
10087,111.883,93.2757,2,1
10088,104.789,73.4455,2,1
10089,398.911,180.67,2,1
10090,463.442,220.836,2,1
10091,268.951,77.8049,2,1
10092,144.437,211.732,2,1
10093,81.0346,33.8987,2,1
10094,274.35,103.01,2,1
10095,11.5227,85.7044,2,1
10096,98.6208,84.0241,2,1
10097,82.6862,87.1315,2,1
10098,584.021,232.602,2,1
10099,258.051,127.394,2,1
10100,67.9275,141.742,2,1
10101,133.511,91.4319,2,1
10102,567.764,244.42,2,1
10103,37.0468,108.942,2,1
10104,486.215,176.98,2,1
10105,232.239,253.407,2,1
10106,486.862,78.9185,2,0
10107,347.989,166.615,2,1
10108,159.843,22.2863,2,1
10109,361.335,33.2451,2,1
10110,231.986,220.716,2,1
10111,574.541,60.2095,2,1
10112,372.996,130.495,2,1
10113,460.581,236.049,2,1
10114,368.041,59.368,2,1
10115,532.6,88.5675,2,1
10116,82.7804,78.6443,2,0
10117,146.494,76.6166,2,1
10118,350.259,256.055,2,1
10119,16.0337,210.782,2,1
10120,135.003,124.869,2,1
10121,62.2777,291.962,2,1
10122,63.0286,21.9393,2,1
10123,372.853,264.981,2,1
10124,299.542,45.2145,2,1
10125,308.36,57.6432,2,1
10126,415.92,27.1084,2,1
10127,6.52106,298,2,1
10128,281.34,285.105,2,1
10129,357.398,228.202,2,1
10130,384.663,193.658,2,1
10131,507.133,35.0116,2,1
10132,134.939,153.872,2,1
10133,145.632,270.885,2,1
10134,27.103,43.6973,2,1
10135,500.716,292.523,2,1
10136,479.155,241.436,2,1
10137,76.6977,182.309,2,1
10138,574.23,16.1807,2,1
10139,25.1565,157.705,2,1
10140,229.259,283.325,2,1
10141,423.561,101.494,2,1
10142,404.663,115.725,2,1
10143,303.538,112.462,2,1
10144,159.1,141.297,2,1
10145,515.945,217.769,2,1
10146,98.4512,262.889,2,1
10147,328.371,217.639,2,1
10148,61.659,66.6962,2,1
10149,156.729,118.922,2,1
10150,292.692,106.738,2,1
10151,43.0748,153.935,2,1
10152,485.367,126.261,2,1
10153,67.3769,62.4818,2,1
10154,120.491,88.84,2,1
10155,362.403,120.851,2,1
10156,392.994,116.509,2,1
10157,344.894,237.993,2,1
10158,348.117,94.5296,2,1
10159,92.2488,110.344,2,1
10160,450.835,181.515,2,1
10161,512.601,60.1917,2,1
10162,323.289,192.779,2,1
10163,91.7498,95.3568,2,1
10164,172.178,170.69,2,1
10165,4.98726,98.8026,2,1
10166,275.169,187.298,2,1
10167,264.882,276.041,2,1
10168,388.123,53.5513,2,1
10169,594.866,152.288,2,1
10170,524.632,235.675,2,1
10171,356.017,28.3775,2,1
10172,521.77,92.838,2,1
10173,64.0054,51.952,2,1
10174,43.9853,5.81725,2,1
10175,223.212,281.975,2,1
10176,135.411,145.317,2,1
10177,135.142,18.7634,2,1
10178,469.185,197.344,2,1
10179,242.444,269.696,2,1
10180,368.091,186.103,2,1
10181,526.555,84.2685,2,1
10182,445.131,84.3088,2,1
10183,447.215,158.908,2,1
10184,552.226,21.0329,2,1
10185,476.487,90.9941,2,1
10186,353.162,218.337,2,1
10187,223.885,245.028,2,1
10188,66.9131,128.969,2,1
10189,307.192,129.712,2,1
10190,141.784,232.445,2,1
10191,518.35,298,2,1
10192,219.294,293.983,2,1
10193,351.667,79.1555,2,1
10194,398.81,37.6869,2,1
10195,376.718,271.925,2,1
10196,149.23,12.109,2,1
10197,248.994,143.437,2,1
10198,541.466,77.15,2,1
10199,154.561,17.7071,2,1
10200,112.913,266.385,2,1
10201,361.166,245.8,2,1
10202,18.3827,161.454,2,1
10203,361.097,241.746,2,1
10204,26.5099,119.254,2,1
10205,212.096,183.698,2,1
10206,274.97,234.687,2,1
10207,576.888,49.8296,2,1
10208,404.677,280.088,2,1
10209,11.0954,256.695,2,1
10210,338.167,221.83,2,1
10211,570.963,117.003,2,1
10212,250.498,87.987,2,1
10213,397.732,244.733,2,1
10214,118.059,6.00723,2,1
10215,47.4076,72.5367,2,1
10216,99.4959,230.245,2,1
10217,297.433,144.474,2,1
10218,78.9508,30.0226,2,0
10219,254.464,285.027,2,1
10220,211.373,98.5829,2,1
10221,571.498,247.167,2,1
10222,349.028,268.129,2,1
10223,519.922,50.5386,2,1
10224,584.628,209.997,2,1
10225,260.957,298,2,1
10226,441.232,111.839,2,1
10227,442.326,104.541,2,1
10228,2.61044,45.9521,2,1
10229,68.5977,258.987,2,1
10230,368.805,178.909,2,1
10231,74.0116,133.564,2,1
10232,165.301,146.553,2,1
10233,371.45,13.2672,2,1
10234,239.124,184.359,2,1
10235,326.822,21.2331,2,1
10236,39.2926,64.1418,2,1
10237,178.046,32.1072,2,1
10238,110.313,113.176,2,1
10239,18.3251,240.972,2,1
10240,103.84,187.993,2,1
10241,257.322,179.459,2,1
10242,514.889,269.872,2,1
10243,211.578,134.834,2,1
10244,570.431,46.2605,2,1
10245,511.315,141.702,2,1
10246,100.084,186.363,2,1
10247,499.112,119.619,2,1
10248,85.6417,262.039,2,1
10249,378.053,106.441,2,1
10250,238.275,159.955,2,1
10251,106.731,199.724,2,1
10252,311.065,252.011,2,1
10253,320.589,258.502,2,1
10254,582.991,125.705,2,1
10255,162.68,271.661,2,1
10256,285.55,182.271,2,1
10257,517.094,97.0174,2,1
10258,369.48,87.5089,2,1
10259,480.743,76.5623,2,1
10260,520.626,25.9413,2,1
10261,423.567,58.2666,2,1
10262,124.959,107.969,2,1
10263,545.026,227.966,2,1
10264,164.32,260.437,2,1
10265,394.277,108.424,2,1
10266,253.854,170.785,2,1
10267,484.254,223.292,2,1
10268,237.183,56.4091,2,0
10269,486.221,9.94038,2,1
10270,526.535,13.0276,2,1
10271,492.586,203.713,2,1
10272,560.654,110.426,2,1
10273,181.22,133.793,2,1
10274,168.344,58.3313,2,1
10275,98.892,140.829,2,1
10276,38.2527,22.0502,2,1
10277,493.87,243.584,2,1
10278,440.2,200.271,2,1
10279,485.816,54.1597,2,1
10280,50.7195,229.903,2,1
10281,511.889,2,2,1
10282,161.884,275.655,2,1
10283,195.66,201.779,2,1
10284,419.355,239.73,2,1
10285,585.658,139.335,2,1
10286,221.222,119.013,2,1
10287,536.669,70.9403,2,1
10288,10.3567,34.1164,2,1
10289,309.269,82.3121,2,1
10290,478.25,79.7304,2,1
10291,54.4513,296.518,2,1
10292,462.637,16.1015,2,1
10293,510.195,298,2,1
10294,3.05626,119.538,2,1
10295,441.409,243.087,2,1
10296,7.14417,198.922,2,1
10297,224.56,256.402,2,1
10298,352.661,102.088,2,1
10299,195.688,298,2,1
10300,595.489,113.248,2,1
10301,220.177,252.25,2,1
10302,80.6108,40.9268,2,1
10303,590.96,12.6155,2,1
10304,453.808,219.08,2,1
10305,256.307,2,2,1
10306,56.9079,43.1993,2,1
10307,426.078,173.315,2,1
10308,518.352,37.7977,2,1
10309,230.84,264.589,2,1
10310,511.324,63.983,2,1
10311,507.88,209.054,2,1
10312,106.441,2,2,1
10313,149.856,88.4482,2,1
10314,204.113,148.343,2,1
10315,86.2462,105.598,2,1
10316,22.7715,290.969,2,1
10317,358.485,128.137,2,1
10318,253.914,62.5723,2,1
10319,297.586,69.7947,2,1
10320,235.618,218.971,2,1
10321,84.7986,159.975,2,1
10322,486.478,240.579,2,1
10323,46.5455,91.2823,2,1
10324,70.4937,233.259,2,1
10325,406.401,162.563,2,1
10326,71.5595,14.5175,2,1
10327,374.216,160.046,2,1
10328,503.512,42.9403,2,1
10329,412.856,24.4185,2,1
10330,256.157,46.5095,2,1
10331,216.965,290.272,2,1
10332,35.4857,47.7712,2,0
10333,356.218,94.4855,2,1
10334,13.6257,46.872,2,1
10335,527.556,47.9718,2,1
10336,589.421,182.055,2,1
10337,599.053,120.509,2,1
10338,64.1217,70.06,2,1
10339,504.312,294.377,2,1
10340,465.774,115.534,2,1
10341,300.869,26.1793,2,1
10342,16.1424,254.307,2,1
10343,468.941,273.595,2,1
10344,584.862,110.606,2,1
10345,322.319,65.4517,2,1
10346,570.093,292,2,1
10347,272.56,131.134,2,1
10348,251.53,167.505,2,1
10349,412.675,137.715,2,1
10350,527.612,59.8196,2,1
10351,248.158,288.92,2,1
10352,125.521,140.37,2,1
10353,491.285,3.36611,2,1
10354,475.514,82.9338,2,1
10355,114.888,130.52,2,1
10356,483.391,215.395,2,1
10357,467.327,237.671,2,1
10358,3.86745,72.4375,2,0
10359,332.605,163.988,2,1
10360,261.482,285.688,2,1
10361,346.101,257.879,2,1
10362,157.515,55.1015,2,1
10363,552.789,25.131,2,1
10364,309.876,61.4242,2,1
10365,497.056,116.165,2,1
10366,302.704,203.233,2,1
10367,283.716,134.196,2,1
10368,174.457,54.2398,2,1
10369,336.984,229.634,2,1
10370,365.791,268.779,2,1
10371,219.298,4.35669,2,1
10372,284.656,234.739,2,1
10373,570.884,203.607,2,1
10374,528.29,88.1754,2,1
10375,475.936,200.917,2,1
10376,295.259,278.285,2,1
10377,168.928,258.644,2,1
10378,376.234,94.5763,2,1
10379,112.515,273.904,2,1
10380,545.359,91.2668,2,1
10381,595.247,142.148,2,1
10382,251.041,252.199,2,1
10383,554.79,181.785,2,1
10384,112.005,205.626,2,1
10385,232.659,175.529,2,1
10386,6.81627,67.9136,2,1
10387,176.118,290.061,2,1
10388,188.533,72.5965,2,0
10389,432.599,290.481,2,1
10390,218.622,238.462,2,1
10391,119.64,235.493,2,1
10392,363.418,5.62176,2,1
10393,524.438,111.843,2,1
10394,2.55177,193.441,2,1
10395,25.0531,243.937,2,1
10396,580.554,210.146,2,1
10397,55.5047,247.3,2,1
10398,151.01,15.845,2,1
10399,581.445,24.4292,2,1
10400,418.295,147.509,2,1
10401,139.11,208.623,2,1
10402,286.109,154.466,2,1
10403,382.786,197.202,2,1
10404,82.0185,167.204,2,1
10405,291.187,278.63,2,1
10406,349.588,294.044,2,1
10407,552.065,78.8774,2,1
10408,149.056,95.8826,2,1
10409,525.822,129.1,2,1
10410,285.369,215.416,2,1
10411,116.861,30.9438,2,1
10412,215.24,77.1432,2,1
10413,33.0739,35.725,2,1
10414,470.633,111.824,2,1
10415,400.008,259.186,2,1
10416,266.572,180.776,2,1
10417,261.358,124.881,2,1
10418,477.152,252.931,2,1
10419,149.162,166.984,2,1
10420,367.572,76.7466,2,1
10421,39.1825,90.7715,2,1
10422,80.6929,170.98,2,1
10423,576.819,106.331,2,1
10424,62.5005,233.895,2,1
10425,235.285,269.006,2,1
10426,469.097,87.7373,2,1
10427,310.555,136.875,2,1
10428,358.593,70.9269,2,1
10429,378.651,197.656,2,1
10430,542.331,138.202,2,1
10431,595.749,264.723,2,1
10432,521.623,75.5196,2,0
10433,0.216188,78.801,2,0
10434,10.6938,240.632,2,1
10435,198.476,235.427,2,1
10436,457.581,81.8059,2,1
10437,571.687,142.005,2,1
10438,356.725,9.74231,2,0
10439,440.344,270.248,2,1
10440,432.59,89.1018,2,1
10441,297.169,228.547,2,1
10442,573.325,216.873,2,1
10443,189.179,53.774,2,1
10444,588.599,69.8061,2,1
10445,551.875,69.5966,2,1
10446,508.833,177.641,2,1
10447,298.069,245.374,2,1
10448,213.053,80.5884,2,1
10449,143.815,197.716,2,1
10450,403.151,240.754,2,1
10451,450.798,121.015,2,1
10452,358.919,156.463,2,1
10453,120.112,256.338,2,1
10454,568.228,189.591,2,1
10455,76.9761,33.5871,2,1
10456,374.067,190.433,2,1
10457,61.825,151.968,2,1
10458,297.912,180.316,2,1
10459,152.297,232.146,2,1
10460,99.4419,203.681,2,1
10461,219.268,142.599,2,1
10462,420.483,21.73,2,1
10463,538.922,101.351,2,1
10464,43.9103,12.8798,2,1
10465,111.309,87.9266,2,1
10466,231.651,249.308,2,1
10467,93.0717,186.057,2,1
10468,414.324,16.3724,2,1
10469,110.937,34.8246,2,1
10470,315.378,33.3273,2,1
10471,379.661,65.8382,2,1
10472,539.017,65.6317,2,1
10473,4.89098,215.961,2,1
10474,481.639,298,2,1
10475,57.7641,47.1798,2,1
10476,306.996,75.6196,2,1
10477,13.3185,16.3269,2,1
10478,67.0539,137.777,2,1
10479,513.549,94.7343,2,1
10480,294.705,282.434,2,1
10481,244.912,243.351,2,1
10482,271.34,100.37,2,1
10483,477.072,64.1652,2,0
10484,580.852,179.764,2,1
10485,8.79109,52.1642,2,1
10486,136.187,10.0355,2,1
10487,233.16,290.251,2,1
10488,478.932,173.795,2,1
10489,215.568,68.5421,2,1
10490,249.131,40.9784,2,1
10491,105.117,281.414,2,1
10492,441.401,136.501,2,1
10493,435.902,236.805,2,1
10494,382.429,145.686,2,1
10495,498.662,127.871,2,1
10496,51.2767,184.244,2,1
10497,547.161,94.8538,2,1
10498,149.001,36.1212,2,1
10499,5.27355,16.316,2,1
10500,411.847,32.1374,2,1
10501,249.934,151.44,2,1
10502,226.403,65.7307,2,1
10503,39.6689,30.2354,2,1
10504,56.6415,135.639,2,1
10505,386.365,282.811,2,1
10506,468.133,159.739,2,1
10507,414.698,75.1257,2,1
10508,343.778,286.1,2,1
10509,422.36,62.2429,2,1
10510,434.164,135.713,2,1
10511,76.822,94.9213,2,1
10512,115.207,64.504,2,1
10513,421.793,105.15,2,1
10514,398.214,62.1845,2,1
10515,185.695,21.8262,2,1
10516,577.464,177.375,2,1
10517,51.2332,225.931,2,1
10518,104.778,245.027,2,1
10519,519.655,254.318,2,1
10520,211.91,298,2,1
10521,486.126,207.76,2,1
10522,576.791,56.6739,2,1
10523,420.458,222.499,2,1
10524,212.623,265.588,2,1
10525,587.67,104.99,2,1
10526,428.11,185.196,2,1
10527,494.061,219.359,2,1
10528,357.322,32.5441,2,1
10529,500.307,228.248,2,1
10530,66.3934,235.412,2,1
10531,48.5617,294.499,2,1
10532,268.969,167.699,2,1
10533,180.267,203.716,2,1
10534,62.8376,229.87,2,1
10535,19.4705,102.629,2,1
10536,97.1526,211.478,2,1
10537,577.871,30.5766,2,1
10538,95.3372,270.312,2,1
10539,406.358,68.5132,2,1
10540,480.548,119.146,2,1
10541,140.729,79.1109,2,1
10542,597.047,248.752,2,1
10543,261.867,273.041,2,1
10544,43.1923,224.064,2,1
10545,219.095,98.2243,2,1
10546,126.071,284.35,2,1
10547,530.474,239.602,2,1
10548,34.5177,181.308,2,1
10549,369.88,48.4388,2,1
10550,243.239,120.986,2,1
10551,64.0215,45.5871,2,1
10552,121.937,53.0166,2,1
10553,315.197,110.024,2,1
10554,538.316,33.2817,2,1
10555,421.258,196.173,2,1
10556,458.747,9.02663,2,1
10557,560.655,161.115,2,1
10558,183.924,96.5161,2,1
10559,239.51,169.982,2,1
10560,0.680035,220.383,2,1
10561,46.8904,256.296,2,1
10562,103.861,52.6223,2,1
10563,281.605,203.77,2,1
10564,370.333,197.711,2,1
10565,302.426,273.231,2,1
10566,314.813,176.121,2,1
10567,20.0418,255.437,2,1
10568,501.297,139.68,2,1
10569,178.888,287.017,2,1
10570,297.337,28.2178,2,1
10571,302.709,77.5268,2,1
10572,304.051,157.867,2,1
10573,597.662,90.6042,2,1
10574,103.397,126.784,2,1
10575,478.044,225.892,2,1
10576,273.769,298,2,1
10577,107.724,51.2495,2,1
10578,358.321,149.42,2,1
10579,228.147,12.4634,2,1
10580,433.173,204.249,2,1
10581,390.79,101.186,2,1
10582,322.18,172.688,2,1
10583,348.339,120.948,2,1
10584,531.668,59.4686,2,1
10585,565.332,35.2729,2,1
10586,95.612,253.646,2,1
10587,171.628,194.966,2,1
10588,417.068,287.035,2,1
10589,313.664,298,2,1
10590,44.3863,250.634,2,1
10591,598.526,192.952,2,1
10592,172.612,75.2341,2,1
10593,91.4522,31.2239,2,1
10594,550.581,290.454,2,1
10595,339.798,226.769,2,1
10596,438.176,31.0725,2,1
10597,354.612,87.3023,2,1
10598,351.542,182.907,2,1
10599,52.7027,20.459,2,1
10600,147.345,52.5179,2,1
10601,213.894,163.238,2,1
10602,178.721,221.127,2,1
10603,389.817,9.31056,2,1
10604,137.136,132.588,2,1
10605,497.873,190.015,2,1
10606,510.599,248.067,2,1
10607,505.12,170.526,2,1
10608,253.34,277.169,2,1
10609,514.28,298,2,1
10610,519.52,58.4038,2,1
10611,28.0564,201.378,2,1
10612,489.335,184.836,2,1
10613,475.23,109.585,2,1
10614,493.452,25.9682,2,1
10615,400.411,55.3742,2,1
10616,384.306,176.505,2,1
10617,272.764,201.762,2,1
10618,393.286,120.549,2,1
10619,48.0709,114.253,2,1
10620,313.023,163.207,2,1
10621,590.632,132.754,2,1
10622,122.509,92.4248,2,1
10623,595.995,35.2129,2,1
10624,261.133,193.36,2,1
10625,286.022,254.017,2,1
10626,300.872,221.342,2,1
10627,104.68,160.223,2,1
10628,455.651,74.4396,2,1
10629,266.829,235.231,2,1
10630,426.392,55.4244,2,1
10631,478.411,67.9944,2,1
10632,188.726,192.94,2,1
10633,36.4755,51.7476,2,1
10634,245.888,275.486,2,1
10635,10.5514,44.2211,2,1
10636,236.129,286.35,2,1
10637,533.545,46.463,2,1
10638,534.466,81.1072,2,1
10639,487.842,60.8107,2,0
10640,108.852,73.3596,2,1
10641,330.388,290.248,2,1
10642,581.586,151.31,2,1
10643,538.577,279.475,2,1
10644,38.7218,202.071,2,1
10645,467.46,281.537,2,1
10646,51.7935,13.0703,2,1
10647,296.353,108.512,2,1
10648,407.844,5.5421,2,0
10649,35.9469,134.242,2,1
10650,189.014,18.4949,2,1
10651,431.525,128.857,2,1
10652,455.437,40.791,2,1
10653,479.785,275.788,2,1
10654,205.851,207.304,2,1
10655,114.098,114.771,2,1
10656,579.37,89.7798,2,1
10657,314.981,118.021,2,1
10658,389.93,157.318,2,1
10659,487.67,277.59,2,1
10660,290.212,86.3208,2,1
10661,506.701,121.702,2,1
10662,488.508,285.666,2,1
10663,56.1524,143.958,2,1
10664,373.337,2,2,1
10665,527.193,148.788,2,1
10666,83.3435,139.691,2,1
10667,42.2191,108.58,2,1
10668,93.2307,102.673,2,1
10669,574.121,35.5913,2,1
10670,50.0845,75.5819,2,1
10671,292.171,29.8994,2,1
10672,489.507,196.193,2,1
10673,348.239,46.0803,2,1
10674,469.038,47.0502,2,1
10675,594.539,100.687,2,1
10676,210.92,226.389,2,1
10677,248.797,67.7808,2,1
10678,582.866,239.83,2,1
10679,572.022,150.343,2,1
10680,95.5653,238.642,2,1
10681,278.728,112.725,2,1
10682,214.847,199.12,2,1
10683,40.763,220.581,2,1
10684,113.092,214.127,2,1
10685,274.937,98.3205,2,1
10686,183.217,271.902,2,1
10687,414.711,255.131,2,1
10688,453.273,264.187,2,1
10689,494.856,290.565,2,1
10690,503.13,119.614,2,1
10691,521.732,18.4062,2,1
10692,418.337,257.02,2,1
10693,440.232,12.8041,2,1
10694,520.652,279.58,2,1
10695,516.008,286.269,2,1
10696,480.283,47.4132,2,1
10697,504.235,226.993,2,1
10698,585.869,289.11,2,1
10699,347.84,286.278,2,1
10700,108.063,254.395,2,1
10701,373.892,48.7181,2,1
10702,229.358,5.03315,2,1
10703,430.524,286.951,2,1
10704,565,20.1134,2,1
10705,63.3427,249.346,2,1
10706,167.051,266.874,2,1
10707,385.327,71.704,2,1
10708,293.185,14.7262,2,1
10709,259.72,99.7395,2,1
10710,122.456,152.709,2,1
10711,44.0771,35.4613,2,1
10712,389.908,30.8898,2,1
10713,465.948,285.243,2,1
10714,216.125,104.948,2,1
10715,199.073,108.99,2,1
10716,419.617,138.68,2,1
10717,316.624,242.556,2,1
10718,33.5173,215.024,2,1
10719,401.748,217.5,2,1
10720,257.435,257.266,2,1
10721,76.359,139.805,2,1
10722,449.501,151.079,2,1
10723,493.616,196.914,2,1
10724,389.346,119.818,2,1
10725,212.766,65.628,2,1
10726,117.304,213.088,2,1
10727,270.745,33.6117,2,1
10728,382.174,23.5231,2,1
10729,353.892,64.3806,2,1
10730,497.466,132.064,2,1
10731,504.543,185.357,2,1
10732,211.508,130.748,2,1
10733,425.294,51.3861,2,1
10734,329.222,144.243,2,1
10735,124.661,243.789,2,1
10736,15.4016,12.8182,2,1
10737,130.566,230.034,2,1
10738,241.016,146.438,2,1
10739,462.673,97.5436,2,1
10740,322.232,121.96,2,1
10741,480.476,194.098,2,1
