id,x,y,radius,is_spanning
0,94.8392,232.636,2,0
1,335.824,35.7683,2,0
2,346.116,83.8937,2,0
3,492.534,11.2935,2,0
4,56.5245,36.0093,2,0
5,34.0225,284.946,2,0
6,148.87,108.319,2,0
7,181.028,182.711,2,0
8,241.12,203.86,2,0
9,365.379,264.856,2,0
10,81.8014,206.728,2,0
11,210.862,275.253,2,0
12,513.215,5.59555,2,0
13,287.493,265.944,2,0
14,468.446,27.4015,2,0
15,417.88,192.422,2,0
16,511.788,37.3859,2,0
17,135.278,252.451,2,0
18,192.108,30.3633,2,0
19,535.138,160.85,2,0
20,302.342,208.334,2,0
21,76.5531,61.7107,2,0
22,322.392,63.3293,2,0
23,141.624,44.7338,2,0
24,507.761,210.711,2,0
25,338.047,283.858,2,0
26,119.958,218.664,2,0
27,283.826,177.533,2,0
28,170.032,288.775,2,0
29,314.445,192.513,2,0
30,431.999,202.005,2,0
31,359.216,69.7873,2,0
32,429.411,195.034,2,0
33,429.621,290.953,2,0
34,320.626,189.54,2,0
35,205.501,198.812,2,0
36,522.258,170.506,2,0
37,436.155,129.228,2,0
38,465.778,264.082,2,0
39,284.219,137.225,2,0
40,488.266,46.4209,2,0
41,391.463,290.318,2,0
42,273.447,147.889,2,0
43,427.747,271.711,2,0
44,238.892,167.126,2,0
45,70.5106,140.569,2,0
46,208.574,55.8397,2,0
47,442.996,97.3705,2,0
48,509.513,12.6706,2,0
49,270.708,121.106,2,0
50,170.015,250.744,2,0
51,580.232,83.3684,2,0
52,344.606,244.888,2,0
53,241.368,245.074,2,0
54,162.049,134.961,2,0
55,108.806,249.493,2,0
56,412.686,144.972,2,0
57,359.662,216.973,2,0
58,332.485,16.4639,2,0
59,437.757,109.3,2,0
60,570.858,72.565,2,0
61,210.821,187.777,2,0
62,571.613,253.566,2,0
63,357.823,259.687,2,0
64,411.973,250.259,2,0
65,583.946,18.0051,2,0
66,513.421,148.518,2,0
67,355.819,119.581,2,0
68,214.869,56.0031,2,0
69,435.874,149.898,2,0
70,485.605,119.951,2,0
71,328.631,89.4611,2,0
72,419.278,84.7819,2,0
73,537.754,113.642,2,0
74,358.972,211.193,2,0
75,69.8695,15.1522,2,0
76,420.773,241.933,2,0
77,36.2289,281.53,2,0
78,255.502,72.8037,2,0
79,421.7,94.7834,2,0
80,278.422,293.652,2,0
81,407.247,199.336,2,0
82,272.33,23.6791,2,0
83,152.008,191.099,2,0
84,315.223,223.651,2,0
85,336.724,171.171,2,0
86,521.434,136.708,2,0
87,574.618,61.5708,2,0
88,201.689,79.0855,2,0
89,194.138,40.5846,2,0
90,409.441,123.713,2,0
91,354.51,171.045,2,0
92,526.05,298,2,0
93,240.726,158.238,2,0
94,553.386,5.67309,2,0
95,282.726,152.224,2,0
96,86.2312,81.8733,2,0
97,489.201,169.607,2,0
98,342.474,176.957,2,0
99,90.2987,84.0723,2,0
100,291.374,298,2,0
101,599.894,253.703,2,0
102,445.753,271.446,2,0
103,174.904,102.4,2,0
104,481.886,126.76,2,0
105,306.392,63.4366,2,0
106,502.166,58.7586,2,0
107,216.711,160.777,2,0
108,397.701,78.6673,2,0
109,123.502,147.602,2,0
110,99.9585,1.44991,2,0
111,135.372,102.688,2,0
112,110.483,225.598,2,0
113,352.438,50.6309,2,0
114,43.7285,147.101,2,0
115,551.968,199.902,2,0
116,520.602,65.7249,2,0
117,37.5159,17.3845,2,0
118,133.482,77.9778,2,0
119,217.615,49.0167,2,0
120,514.569,67.7879,2,0
121,573.609,69.3214,2,0
122,269.88,59.7223,2,0
123,184.827,61.4154,2,0
124,580.14,223.203,2,0
125,362.451,294.699,2,0
126,88.7239,265.098,2,0
127,2.5389,35.6413,2,0
128,446.777,70.4314,2,0
129,88.0638,252.777,2,0
130,327.925,289.604,2,0
131,358.782,116.467,2,0
132,269.272,41.7048,2,0
133,317.765,126.159,2,0
134,216.763,266.182,2,0
135,231.925,235.617,2,0
136,597.279,232.375,2,0
137,256.11,107.165,2,0
138,87.737,276.982,2,0
139,126.175,298,2,0
140,191.741,258.221,2,0
141,392.887,107.152,2,0
142,309.298,197.315,2,0
143,450.884,11.1203,2,0
144,357.54,87.4106,2,0
145,19.1992,34.8351,2,0
146,491.202,15.4981,2,0
147,541.15,264.283,2,0
148,84.467,78.0308,2,0
149,584.512,45.8036,2,0
150,41.5141,17.9577,2,0
151,17.7475,277.043,2,0
152,105.05,159.531,2,0
153,227.286,33.6051,2,0
154,45.553,242.456,2,0
155,250.855,284.283,2,0
156,598.985,63.944,2,0
157,351.727,148.107,2,0
158,229.485,238.858,2,0
159,159.695,260.046,2,0
160,110.836,29.2941,2,0
161,372.446,246.511,2,0
162,227.752,278.385,2,0
163,305.826,31.1153,2,0
164,380.093,89.8771,2,0
165,26.8607,124.179,2,0
166,547.939,64.6851,2,0
167,290.015,269.132,2,0
168,343.651,296.78,2,0
169,573.445,243.248,2,0
170,153.852,114.626,2,0
171,141.449,213.22,2,0
172,211.041,104.702,2,0
173,271.979,266.706,2,0
174,376.868,137.153,2,0
175,528.86,259.08,2,0
176,176.069,76.0986,2,0
177,15.6135,158.015,2,0
178,132.815,108.209,2,0
179,131.46,287.203,2,0
180,84.7016,5.47884,2,0
181,566.238,236.544,2,0
182,136.653,263.345,2,0
183,262.373,6.95602,2,0
184,177.945,110.519,2,0
185,67.9135,137.436,2,0
186,583.046,23.942,2,0
187,185.085,5.99386,2,0
188,56.8729,179.816,2,0
189,573.488,260.929,2,0
190,525.593,30.4239,2,0
191,285.615,207.372,2,0
192,350.046,201.523,2,0
193,109.881,288.362,2,0
194,86.5789,45.9579,2,0
195,130.508,74.3013,2,0
196,279.002,265.007,2,0
197,260.061,59.2595,2,0
198,395.448,202.492,2,0
199,213.592,49.1247,2,0
200,361.585,267.494,2,0
201,408.06,171.147,2,0
202,208.332,65.8634,2,0
203,376.441,115.938,2,0
204,391.434,219.123,2,0
205,11.3802,266.84,2,0
206,353.673,2.82245,2,0
207,326.907,194.944,2,0
208,316.12,17.6183,2,0
209,21.0997,118.726,2,0
210,428.287,297.058,2,0
211,462.859,128.632,2,0
212,196.526,7.375,2,0
213,102.934,205.345,2,0
214,244.182,283.813,2,0
215,89.8987,71.663,2,0
216,576.337,173.439,2,0
217,263.193,35.2257,2,0
218,336.591,39.7611,2,0
219,90.9018,171.911,2,0
220,126.987,243.834,2,0
221,203.173,11.0495,2,0
222,536.602,37.4173,2,0
223,589.15,278.573,2,0
224,307.318,259.24,2,0
225,477.279,112.275,2,0
226,14.8096,171.244,2,0
227,4.4594,68.0518,2,0
228,289.6,57.7403,2,0
229,481.168,96.4962,2,0
230,22.8677,4.64846,2,0
231,237.707,257.177,2,0
232,525.923,108.622,2,0
233,258.259,90.6629,2,0
234,541.8,235.802,2,0
235,341.889,199.573,2,0
236,507.761,297.222,2,0
237,63.7763,64.9159,2,0
238,555.272,129.744,2,0
239,367.762,39.9293,2,0
240,95.0958,220.99,2,0
241,300.157,284.154,2,0
242,573.43,228.227,2,0
243,293.628,18.9982,2,0
244,237.335,279.166,2,0
245,142.158,86.0638,2,0
246,198.033,33.8161,2,0
247,54.4897,11.8488,2,0
248,99.5303,106.806,2,0
249,178,204.151,2,0
250,378.008,290.269,2,0
251,256.072,58.1465,2,0
252,598.903,58.4586,2,0
253,324.312,231.331,2,0
254,363.324,204.396,2,0
255,440.52,83.6908,2,0
256,472.13,29.1216,2,0
257,108.985,229.357,2,0
258,187.651,21.1109,2,0
259,473.353,121.083,2,0
260,295.641,232.664,2,0
261,469.83,164.335,2,0
262,554.625,93.112,2,0
263,25.521,232.157,2,0
264,330.952,129.926,2,0
265,411.093,295.174,2,0
266,531.459,14.3457,2,0
267,414.293,291.56,2,0
268,238.332,177.907,2,0
269,262.178,73.4475,2,0
270,294.738,76.0283,2,0
271,347.432,277.119,2,0
272,104.065,131.399,2,0
273,33.8799,186.737,2,0
274,518.2,117.472,2,0
275,279.137,297.727,2,0
276,585.454,173.255,2,0
277,539.571,193.645,2,0
278,0.163598,85.7958,2,0
279,41.633,160.555,2,0
280,263.114,54.7125,2,0
281,303.391,13.5581,2,0
282,143.47,102.762,2,0
283,403.95,283.256,2,0
284,211.644,58.4079,2,0
285,304.547,2,2,0
286,199.32,82.6855,2,0
287,246.746,160.097,2,0
288,310.539,182.87,2,0
289,229.617,298,2,0
290,451.623,114.451,2,0
291,342.831,124.383,2,0
292,121.811,164.753,2,0
293,562.41,131.339,2,0
294,202.007,201.173,2,0
295,222.742,261.994,2,0
296,386.696,108.326,2,0
297,488.665,293.063,2,0
298,373.019,109.363,2,0
299,508.636,70.0462,2,0
300,455.736,80.2514,2,0
301,470.805,196.549,2,0
302,517.428,86.6944,2,0
303,0.0624063,224.432,2,0
304,247.138,228.111,2,0
305,333.205,126.268,2,0
306,565.292,276.817,2,0
307,541.021,97.701,2,0
308,565.02,121.022,2,0
309,216.728,75.8511,2,0
310,37.793,71.9159,2,0
311,219.816,179.401,2,0
312,284.406,30.3315,2,0
313,570.155,25.56,2,0
314,143.132,124.815,2,0
315,134.927,203.784,2,0
316,203.277,110.911,2,0
317,598.016,10.1727,2,0
318,378.803,51.7325,2,0
319,188.951,228.097,2,0
320,431.891,295.234,2,0
321,434.294,235.023,2,0
322,360.978,30.673,2,0
323,247.956,257.249,2,0
324,248.687,44.9333,2,0
325,184.081,250.984,2,0
326,114.346,168.368,2,0
327,41.3674,231.266,2,0
328,173.308,12.9921,2,0
329,388.288,160.767,2,0
330,279.945,234.822,2,0
331,130.111,2,2,0
332,243.911,190.296,2,0
333,424.582,64.9515,2,0
334,444.026,147.352,2,0
335,309.955,109.574,2,0
336,75.8007,90.9833,2,0
337,113.379,172.279,2,0
338,399.988,131.375,2,0
339,225.914,79.7927,2,0
340,106.595,272.281,2,0
341,48.5336,65.0941,2,0
342,484.74,176.694,2,0
343,394.206,30.739,2,0
344,441.396,67.6872,2,0
345,38.5595,163.153,2,0
346,268.856,252.016,2,0
347,449.655,272.833,2,0
348,227.802,192.354,2,0
349,209.083,34.4004,2,0
350,195.768,217.275,2,0
351,171.96,231.813,2,0
352,395.095,293.064,2,0
353,575.608,224.844,2,0
354,295.004,12.715,2,0
355,273.331,15.2471,2,0
356,234.122,43.6768,2,0
357,550.789,75.43,2,0
358,11.0441,101.479,2,0
359,236.953,120.531,2,0
360,9.56538,286.42,2,0
361,485.918,250.822,2,0
362,234.811,100.788,2,0
363,218.184,207.776,2,0
364,171.236,298,2,0
365,573.862,33.2697,2,0
366,8.84143,203.325,2,0
367,429.783,28.0584,2,0
368,568.864,36.851,2,0
369,290.266,294.073,2,0
370,102.991,287.411,2,0
371,432.333,197.89,2,0
372,71.4913,177.402,2,0
373,375.795,74.567,2,0
374,42.1382,106.6,2,0
375,169.579,4.27835,2,0
376,320.082,2,2,0
377,201.268,60.4336,2,0
378,58.1608,97.334,2,0
379,103.904,108.782,2,0
380,580.303,279.447,2,0
381,111.789,165.275,2,0
382,411.79,239.822,2,0
383,113.838,55.9201,2,0
384,169.932,180.278,2,0
385,117.607,272.16,2,0
386,416.644,266.602,2,0
387,575.656,177.467,2,0
388,557.054,119.642,2,0
389,183.261,298,2,0
390,497.961,247.825,2,0
391,294.49,43.7347,2,0
392,96.9264,261.518,2,0
393,534.173,18.7461,2,0
394,130.862,201.572,2,0
395,434.396,93.4161,2,0
396,57.0075,127.758,2,0
397,420.937,90.5567,2,0
398,308.117,187.384,2,0
399,486.138,163.742,2,0
400,209.935,289.787,2,0
401,300.355,116.402,2,0
402,89.3397,75.6848,2,0
403,140.806,141.409,2,0
404,347.888,242.571,2,0
405,39.6472,133.481,2,0
406,574.93,285.563,2,0
407,382.83,32.614,2,0
408,489.239,2,2,0
409,357.101,143.263,2,0
410,102.979,185.326,2,0
411,351.65,207.663,2,0
412,282.04,121.387,2,0
413,298.915,238.763,2,0
414,425.175,70.5925,2,0
415,462.344,215.525,2,0
416,498.586,139.143,2,0
417,103.709,223.751,2,0
418,156.299,126.292,2,0
419,277.379,251.337,2,0
420,441.404,16.9868,2,0
421,598.591,131.818,2,0
422,143.166,92.2268,2,0
423,511.688,191.872,2,0
424,324.842,109.867,2,0
425,79.273,21.1236,2,0
426,51.4053,208.407,2,0
427,149.378,148.523,2,0
428,380.773,273.26,2,0
429,201.784,205.301,2,0
430,162.426,247.579,2,0
431,112.153,178.265,2,0
432,4.61366,150.159,2,0
433,348.19,64.4427,2,0
434,22.5478,154.653,2,0
435,596.138,267.532,2,0
436,475.969,69.1566,2,0
437,15.6376,245.725,2,0
438,567.396,100.544,2,0
439,367.544,26.1249,2,0
440,45.124,165.306,2,0
441,208.999,157.787,2,0
442,548.901,13.7616,2,0
443,372.444,230.611,2,0
444,360.921,287.416,2,0
445,317.266,58.3983,2,0
446,504.844,214.24,2,0
447,463.743,65.6008,2,0
448,106.44,41.9394,2,0
449,597.142,179.29,2,0
450,268.738,285.593,2,0
451,494.572,233.641,2,0
452,72.8321,265.956,2,0
453,347.804,147.117,2,0
454,314.672,239.303,2,0
455,322.888,193.402,2,0
456,159.672,201.515,2,0
457,327.675,216.121,2,0
458,500.952,167.69,2,0
459,252.049,58.4432,2,0
460,475.403,182.975,2,0
461,250.983,218.32,2,0
462,437.022,214.962,2,0
463,522.955,252.866,2,0
464,238.902,6.29326,2,0
465,428.276,281.383,2,0
466,41.0229,281.93,2,0
467,525.839,200.616,2,0
468,356.868,112.509,2,0
469,66.266,242.031,2,0
470,254.795,197.13,2,0
471,221.798,52.2811,2,0
472,569.358,284.691,2,0
473,200.76,114.048,2,0
474,574.556,102.696,2,0
475,414.316,126.334,2,0
476,560.364,246.743,2,0
477,463.795,296.094,2,0
478,20.2522,30.9307,2,0
479,15.058,239.87,2,0
480,175.064,67.9184,2,0
481,78.7003,256.137,2,0
482,261.207,277.784,2,0
483,512.2,176.058,2,0
484,223.29,228.084,2,0
485,241.955,186.544,2,0
486,230.162,5.03386,2,0
487,316.22,169.096,2,0
488,108.345,245.187,2,0
489,79.0105,170.627,2,0
490,383.291,11.4612,2,0
491,28.8019,237.116,2,0
492,597.635,48.6489,2,0
493,430.738,244.024,2,0
494,350.716,5.74099,2,0
495,322.444,209.234,2,0
496,96.3547,16.3381,2,0
497,189.878,283.301,2,0
498,152.997,264.386,2,0
499,599.925,143.654,2,0
500,292.438,196.692,2,0
501,515.042,189.376,2,0
502,276.161,238.548,2,0
503,51.3419,254.177,2,0
504,229.66,243.015,2,0
505,233.892,277.117,2,0
506,368.317,126.911,2,0
507,71.6968,104.147,2,0
508,386.837,260.106,2,0
509,159.419,47.8392,2,0
510,244.67,137.03,2,0
511,76.7947,24.5076,2,0
512,567.704,175.169,2,0
513,92.2013,193.05,2,0
514,510.269,44.0315,2,0
515,88.0407,106.406,2,0
516,440.651,113.186,2,0
517,43.9371,79.8956,2,0
518,374.543,172.867,2,0
519,341.228,221.064,2,0
520,103.753,142.348,2,0
521,121.272,11.9034,2,0
522,520.983,10.7755,2,0
523,55.1458,172.083,2,0
524,335.672,93.8638,2,0
525,47.9376,271.317,2,0
526,157.156,205.978,2,0
527,282.846,274.37,2,0
528,415.297,210.018,2,0
529,288.247,250.518,2,0
530,454.108,35.7745,2,0
531,133.127,293.698,2,0
532,401.743,135.079,2,0
533,52.0551,63.0453,2,0
534,13.1739,6.87641,2,0
535,141.909,245.782,2,0
536,566.29,144.901,2,0
537,309.638,128.681,2,0
538,27.4832,213.305,2,0
539,507.968,268.195,2,0
540,470.703,149.611,2,0
541,279.572,222.873,2,0
542,352.554,189.206,2,0
543,560.564,230.564,2,0
544,348.68,111.127,2,0
545,445.639,291.979,2,0
546,179.597,293.923,2,0
547,559.766,159.286,2,0
548,50.2668,157.48,2,0
549,353.649,8.62324,2,0
550,330.094,281.775,2,0
551,64.6433,230.026,2,0
552,500.288,106.331,2,0
553,172.809,216.856,2,0
554,576.433,246.012,2,0
555,340.549,98.8301,2,0
556,445.549,258.064,2,0
557,383.719,181.633,2,0
558,319.304,245.001,2,0
559,413.793,9.73478,2,0
560,223.699,160.543,2,0
561,63.5432,285.506,2,0
562,581.314,14.8213,2,0
563,140.288,150.458,2,0
564,251.377,64.0677,2,0
565,24.0403,29.1833,2,0
566,567.891,52.6925,2,0
567,180.18,102.299,2,0
568,247.571,71.8964,2,0
569,276.077,116.309,2,0
570,1.9976,41.498,2,0
571,334.495,43.2272,2,0
572,592.27,104.37,2,0
573,201.068,180.551,2,0
574,114.69,79.9901,2,0
575,242.376,178.641,2,0
576,524.281,141.607,2,0
577,139.761,280.018,2,0
578,317.899,98.7652,2,0
579,24.2714,264.434,2,0
580,303.47,298,2,0
581,216.583,91.0707,2,0
582,253.843,110.632,2,0
583,15.7219,32.8426,2,0
584,137.494,78.5391,2,0
585,316.077,2.13531,2,0
586,136.55,207.469,2,0
587,194.537,115.106,2,0
588,65.2191,94.2954,2,0
589,451.173,6.68404,2,0
590,237.388,144.309,2,0
591,43.5413,119.173,2,0
592,454.433,264.164,2,0
593,109.226,191.922,2,0
594,337.711,32.0242,2,0
595,216.158,260.852,2,0
596,69.5131,33.1123,2,0
597,277.256,121.2,2,0
598,33.8768,71.0884,2,0
599,51.905,283.414,2,0
600,462.583,200.975,2,0
601,402.899,17.5455,2,0
602,464.495,109.928,2,0
603,165.943,104.326,2,0
604,426.38,184.93,2,0
605,245.592,116.821,2,0
606,50.6025,248.398,2,0
607,340.975,114.855,2,0
608,294.152,203.735,2,0
609,535.469,76.6764,2,0
610,66.341,81.9172,2,0
611,151.05,48.8273,2,0
612,282.807,266.403,2,0
613,391.861,206.074,2,0
614,559.212,77.3864,2,0
615,344.115,54.1239,2,0
616,525.449,192.388,2,0
617,439.273,229.156,2,0
618,39.8502,59.5412,2,0
619,293.714,106.629,2,0
620,165.068,252.393,2,0
621,544.182,108.483,2,0
622,506.459,133.72,2,0
623,377.321,186.52,2,0
624,340.317,190.419,2,0
625,243.35,198.854,2,0
626,41.8293,214.628,2,0
627,381.869,200.132,2,0
628,27.6997,274.643,2,0
629,239.007,148.434,2,0
630,495.468,14.1996,2,0
631,531.269,215.132,2,0
632,246.706,168.679,2,0
633,422.966,32.717,2,0
634,311.232,36.5169,2,0
635,478.927,158.875,2,0
636,411.169,66.6088,2,0
637,154.281,198.868,2,0
638,140.719,217.31,2,0
639,245.737,232.146,2,0
640,43.1661,46.7352,2,0
641,154.912,209.436,2,0
642,534.245,211.377,2,0
643,142.217,120.921,2,0
644,170.684,67.2711,2,0
645,509.783,263.5,2,0
646,102.516,152.654,2,0
647,229.999,249.82,2,0
648,329.79,112.987,2,0
649,481.603,44.6988,2,0
650,411.274,191.393,2,0
651,79.3248,195.168,2,0
652,478.089,189.145,2,0
653,170.444,293.114,2,0
654,256.989,207.293,2,0
655,158.562,187.134,2,0
656,97.0688,284.79,2,0
657,352.313,46.5459,2,0
658,503.046,48.0624,2,0
659,370.552,295.133,2,0
660,554.128,71.7535,2,0
661,568.632,69.1328,2,0
662,102.899,46.3533,2,0
663,158.035,212.119,2,0
664,274.644,108.534,2,0
665,352.847,54.6906,2,0
666,400.37,11.3559,2,0
667,116.681,233.474,2,0
668,501.832,43.1453,2,0
669,85.629,183.678,2,0
670,148.718,90.2569,2,0
671,408.43,108.098,2,0
672,471.724,144.56,2,0
673,532.743,55.7287,2,0
674,291.707,161.858,2,0
675,593.931,148.816,2,0
676,168.91,130.77,2,0
677,561.798,268.619,2,0
678,563.259,186.655,2,0
679,353.093,39.478,2,0
680,489.049,229.42,2,0
681,556.404,243.455,2,0
682,108.002,109.013,2,0
683,426.979,33.6471,2,0
684,390.405,170.055,2,0
685,49.5626,131.385,2,0
686,569.604,165.485,2,0
687,9.60316,254.25,2,0
688,309.395,75.7291,2,0
689,423.183,291.041,2,0
690,344.205,47.9649,2,0
691,190.222,13.6919,2,0
692,24.2551,202.946,2,0
693,19.7887,2,2,0
694,542.829,15.1644,2,0
695,564.243,182.757,2,0
696,31.5221,45.4614,2,0
697,533.264,31.2171,2,0
698,486.97,100.425,2,0
699,289.31,262.297,2,0
700,326.01,190.861,2,0
701,566.101,104.525,2,0
702,131.355,61.0863,2,0
703,226.679,210.794,2,0
704,230.676,209.852,2,0
705,154.841,19.842,2,0
706,47.1582,246.226,2,0
707,459.203,70.0281,2,0
708,380.852,37.0224,2,0
709,400.42,238.184,2,0
710,488.898,280.527,2,0
711,456.303,110.273,2,0
712,340.879,141.538,2,0
713,61.3455,204.043,2,0
714,416.413,104.735,2,0
715,408.841,188.144,2,0
716,30.7393,112.706,2,0
717,39.7123,146.119,2,0
718,573.711,239.177,2,0
719,25.0857,33.1351,2,0
720,294.67,58.5574,2,0
721,349.512,168.23,2,0
722,195.766,88.4883,2,0
723,53.1477,262.786,2,0
724,590.343,25.3272,2,0
725,193.345,275.3,2,0
726,141.462,209.119,2,0
727,429.013,285.419,2,0
728,150.761,9.39726,2,0
729,34.8391,206.526,2,0
730,425.272,170.58,2,0
731,289.974,185.094,2,0
732,192.155,172.195,2,0
733,575.022,187.148,2,0
734,509.259,147.991,2,0
735,239.528,248.827,2,0
736,486.897,79.5834,2,0
737,554.022,173.713,2,0
738,257.058,177.273,2,0
739,197.812,38.0053,2,0
740,256.965,298,2,0
741,168.772,217.558,2,0
742,517.006,269.604,2,0
743,70.807,206.268,2,0
744,134.67,141.356,2,0
745,184.003,240.098,2,0
746,406.033,246.044,2,0
747,231.656,191.138,2,0
748,247.335,192.706,2,0
749,431.678,8.26137,2,0
750,498.013,185.67,2,0
751,488.102,12.9111,2,0
752,124.162,122.802,2,0
753,555.775,63.8135,2,0
754,54.1661,197.069,2,0
755,264.611,119.534,2,0
756,418.511,255.323,2,0
757,274.8,242.338,2,0
758,16.0045,54.4338,2,0
759,242.593,251.48,2,0
760,593.003,279.941,2,0
761,65.4798,2,2,0
762,290.086,9.64427,2,0
763,137.804,33.3536,2,0
764,349.452,35.0149,2,0
765,556.107,200.535,2,0
766,263.622,146.249,2,0
767,216.752,122.902,2,0
768,90.3625,284.567,2,0
769,39.9963,121.227,2,0
770,139.4,229.39,2,0
771,225.243,131.39,2,0
772,544.319,200.227,2,0
773,169.744,86.3094,2,0
774,73.1775,3.85861,2,0
775,447.345,123.044,2,0
776,286.175,21.3739,2,0
777,176.064,231.812,2,0
778,163.376,72.7782,2,0
779,152.686,243.571,2,0
780,456.035,250.843,2,0
781,376.158,48.6239,2,0
782,537.444,152.453,2,0
783,130.987,133.628,2,0
784,570.898,264.136,2,0
785,64.8354,126.53,2,0
786,70.5412,224.534,2,0
787,60.3791,31.0611,2,0
788,399.891,183.513,2,0
789,594.236,27.0775,2,0
790,47.7589,124.398,2,0
791,264.505,156.709,2,0
792,88.2135,192.193,2,0
793,50.0084,48.0068,2,0
794,290.004,181.061,2,0
795,239.184,209.584,2,0
796,165.902,30.2503,2,0
797,446.298,168.757,2,0
798,215.285,248.788,2,0
799,397.828,261.68,2,0
800,120.752,141.704,2,0
801,447.036,81.5529,2,0
802,110.532,135.797,2,0
803,456.999,155.05,2,0
804,408.189,298,2,0
805,173.227,272.772,2,0
806,303.454,142.84,2,0
807,81.9044,244.749,2,0
808,56.4622,27.9333,2,0
809,10.9861,61.9726,2,0
810,499.726,146.642,2,0
811,2.8508,296.321,2,0
812,366.629,281.847,2,0
813,66.4406,145.088,2,0
814,432.077,119.378,2,0
815,43.1785,172.818,2,0
816,381.127,298.156,2,0
817,409.278,58.9856,2,0
818,531.283,263.219,2,0
819,214.493,220.361,2,0
820,290.015,242.077,2,0
821,591.048,213.907,2,0
822,102.1,36.0568,2,0
823,196.949,247.468,2,0
824,586.861,28.398,2,0
825,387.589,155.149,2,0
826,65.717,193.519,2,0
827,82.6508,176.802,2,0
828,244.08,124.327,2,0
829,201.183,52.6215,2,0
830,526.184,90.2536,2,0
831,183.813,268.813,2,0
832,481.282,284.038,2,0
833,143.18,98.0511,2,0
834,95.1117,137.858,2,0
835,333.398,220.788,2,0
836,288.012,112.539,2,0
837,202.139,172.953,2,0
838,105.006,260.88,2,0
839,213.41,113.269,2,0
840,359.833,9.79621,2,0
841,384.407,82.5235,2,0
842,445.456,287.477,2,0
843,264.141,66.8255,2,0
844,319.446,46.4915,2,0
845,27.4659,85.022,2,0
846,112.933,222.22,2,0
847,531.368,75.99,2,0
848,84.5104,203.64,2,0
849,283.066,39.0199,2,0
850,447.194,218.564,2,0
851,501.51,282.441,2,0
852,289.967,136.837,2,0
853,51.0679,75.7876,2,0
854,596.374,189.738,2,0
855,509.635,33.8949,2,0
856,387.455,74.8865,2,0
857,234.315,177.739,2,0
858,552.668,107.596,2,0
859,75.8014,96.8038,2,0
860,164.006,212.638,2,0
861,396.005,50.7099,2,0
862,104.488,267.479,2,0
863,49.7094,265.16,2,0
864,112.769,279.022,2,0
865,265.38,165.039,2,0
866,217.119,189.406,2,0
867,517.463,1.48417,2,0
868,90.5278,10.0702,2,0
869,90.0047,238.56,2,0
870,157.371,295.427,2,0
871,558.721,86.8712,2,0
872,364.727,29.1022,2,0
873,236.967,294.649,2,0
874,323.381,136.175,2,0
875,87.7867,179.359,2,0
876,372.873,148.24,2,0
877,110.848,106.107,2,0
878,356.979,249.138,2,0
879,39.0435,167.202,2,0
880,395.491,218.004,2,0
881,350.472,136.11,2,0
882,350.142,68.1492,2,0
883,120.654,5.89265,2,0
884,403.656,291.294,2,0
885,413.886,232.006,2,0
886,514.974,92.2317,2,0
887,34.0243,20.8253,2,0
888,147.905,12.8095,2,0
889,90.7278,94.009,2,0
890,256.08,293.309,2,0
891,502.044,2.52845,2,0
892,29.0122,228.78,2,0
893,58.3684,140.053,2,0
894,324.116,273.345,2,0
895,244.66,142.565,2,0
896,585.645,148.618,2,0
897,258.917,13.8708,2,0
898,262.343,238.103,2,0
899,525.188,47.6163,2,0
900,69.1684,163.474,2,0
901,467.188,212.356,2,0
902,485.828,140.197,2,0
903,159.89,175.699,2,0
904,574.41,194.207,2,0
905,35.7525,289.466,2,0
906,355.206,166.284,2,0
907,283.689,44.1647,2,0
908,181.73,163.922,2,0
909,274.143,259.955,2,0
910,553.04,178.112,2,0
911,4.36903,142.843,2,0
912,263.23,47.5395,2,0
913,463.831,219.267,2,0
914,133.543,145.65,2,0
915,110.561,207.42,2,0
916,16.9216,18.9246,2,0
917,381.147,221.016,2,0
918,81.6302,24.4544,2,0
919,252.907,298,2,0
920,243.794,222.997,2,0
921,326.978,75.0541,2,0
922,273.172,177.856,2,0
923,53.9312,122.782,2,0
924,410.439,72.3999,2,0
925,361.147,280.463,2,0
926,175.739,269.517,2,0
927,451.203,199.386,2,0
928,481.706,23.7715,2,0
929,83.942,248.663,2,0
930,59.5839,237.845,2,0
931,51.8571,185.105,2,0
932,557.599,13.0072,2,0
933,331.116,191.154,2,0
934,372.126,9.77943,2,0
935,16.2927,249.704,2,0
936,416.9,65.3376,2,0
937,402.422,104.98,2,0
938,135.992,226.313,2,0
939,391.084,258.069,2,0
940,148.719,257.306,2,0
941,72.1167,228.216,2,0
942,427.33,37.8887,2,0
943,482.154,262.516,2,0
944,98.8191,196.757,2,0
945,456.553,241.755,2,0
946,565.423,243.688,2,0
947,130.113,208.629,2,0
948,40.9653,151.862,2,0
949,475.558,49.5954,2,0
950,301.37,259.218,2,0
951,152.913,101.956,2,0
952,560.987,118.483,2,0
953,293.013,265.915,2,0
954,155.033,255.29,2,0
955,162.511,263.056,2,0
956,189.38,287.401,2,0
957,565.335,285.953,2,0
958,332.075,296.38,2,0
959,132.009,65.0767,2,0
960,479.511,287.721,2,0
961,566.754,188.907,2,0
962,496.707,108.674,2,0
963,215.474,292.175,2,0
964,438.58,61.356,2,0
965,553.159,270.953,2,0
966,399.502,201.817,2,0
967,408.603,285.239,2,0
968,19.9553,273.53,2,0
969,103.069,55.3092,2,0
970,130.938,240.769,2,0
971,474.97,213.573,2,0
972,49.1984,231.109,2,0
973,148.747,193.672,2,0
974,98.4776,91.1414,2,0
975,287.402,100.057,2,0
976,386.209,270.793,2,0
977,92.1783,32.1824,2,0
978,139.436,102.225,2,0
979,64.904,275.477,2,0
980,374.131,217.995,2,0
981,309.863,235.755,2,0
982,466.02,0.688591,2,0
983,346.064,179.027,2,0
984,210.125,62.2208,2,0
985,544.327,256.369,2,0
986,560.702,24.852,2,0
987,561.31,277.63,2,0
988,498.282,235.4,2,0
989,332.245,109.303,2,0
990,145.587,16.2109,2,0
991,131.398,103.95,2,0
992,492.819,281.836,2,0
993,483.261,183.384,2,0
994,157.042,172.843,2,0
995,548.1,118.487,2,0
996,431.53,80.0286,2,0
997,46.6745,57.5345,2,0
998,537.89,209.397,2,0
999,239.353,199.086,2,0
1000,496.561,154.373,2,0
1001,288.356,31.3271,2,0
1002,74.6007,21.1055,2,0
1003,172.63,37.39,2,0
1004,369.608,101.488,2,0
1005,269.992,6.2231,2,0
1006,225.198,203.618,2,0
1007,198.329,202.877,2,0
1008,521.024,4.73738,2,0
1009,373.015,2,2,0
1010,41.3508,91.1309,2,0
1011,272.609,219.807,2,0
1012,67.5123,97.6635,2,0
1013,533.588,277.359,2,0
1014,105.302,60.3648,2,0
1015,156.399,93.0317,2,0
1016,204.573,15.9575,2,0
1017,181.61,189.127,2,0
1018,216.928,245.037,2,0
1019,396.054,42.0488,2,0
1020,427.803,275.759,2,0
1021,384.077,111.405,2,0
1022,163.578,239.992,2,0
1023,260.124,293.053,2,0
1024,558.026,90.8511,2,0
1025,148.627,26.6521,2,0
1026,520.661,177.923,2,0
1027,489.901,53.8464,2,0
1028,243.203,154.884,2,0
1029,52.9629,232.615,2,0
1030,306.494,118.627,2,0
1031,516.988,198.601,2,0
1032,186.397,68.9046,2,0
1033,43.2801,180.305,2,0
1034,325.367,23.5874,2,0
1035,265.915,220.328,2,0
1036,320.165,55.6041,2,0
1037,408.145,93.8908,2,0
1038,285.388,77.996,2,0
1039,466.201,17.2869,2,0
1040,82.6027,9.98991,2,0
1041,339.528,134.028,2,0
1042,548.231,201.528,2,0
1043,8.69099,38.0635,2,0
1044,250.513,158.317,2,0
1045,404.759,187.306,2,0
1046,503.954,20.5668,2,0
1047,53.5499,6.20292,2,0
1048,305.707,219.577,2,0
1049,450.909,209.985,2,0
1050,36.4375,244.754,2,0
1051,310.068,17.7694,2,0
1052,15.117,197.681,2,0
1053,523.627,119.467,2,0
1054,302.285,5.44806,2,0
1055,412.212,105.145,2,0
1056,480.997,271.141,2,0
1057,197.98,223.048,2,0
1058,522.711,291.552,2,0
1059,584.419,241.611,2,0
1060,302.659,65.01,2,0
1061,269.691,17.0009,2,0
1062,409.636,177.011,2,0
1063,446.939,104.649,2,0
1064,225.108,275.298,2,0
1065,540.18,26.9288,2,0
1066,203.049,254.54,2,0
1067,370.83,142.553,2,0
1068,37.9913,53.9424,2,0
1069,373.959,129.096,2,0
1070,247.064,251.036,2,0
1071,81.8006,111.118,2,0
1072,128.031,264.684,2,0
1073,148.608,129.815,2,0
1074,248.682,110.818,2,0
1075,490.022,251.216,2,0
1076,460.569,94.3369,2,0
1077,41.958,96.8098,2,0
1078,203.289,83.2865,2,0
1079,351.653,59.985,2,0
1080,307.97,202.084,2,0
1081,563.174,12.8741,2,0
1082,229.608,293.464,2,0
1083,64.9425,134.729,2,0
1084,314.531,65.0071,2,0
1085,95.8295,179.222,2,0
1086,163.905,95.057,2,0
1087,44.1136,115.202,2,0
1088,82.4881,188.758,2,0
1089,526.128,217.253,2,0
1090,137.961,200.932,2,0
1091,589.919,236.292,2,0
1092,359.449,270.953,2,0
1093,472.348,36.1798,2,0
1094,38.4419,285.064,2,0
1095,562.991,127.301,2,0
1096,346.903,125.529,2,0
1097,534.93,240.359,2,0
1098,307.563,298,2,0
1099,497.99,290.362,2,0
1100,94.9033,119.785,2,0
1101,436.767,168.349,2,0
1102,284.996,103.375,2,0
1103,378.945,174.94,2,0
1104,597.535,207.799,2,0
1105,491.475,5.63364,2,0
1106,525.393,42.5492,2,0
1107,230.783,253.855,2,0
1108,24.2547,210.909,2,0
1109,48.0325,79.7936,2,0
1110,111.977,199.389,2,0
1111,259.256,40.1343,2,0
1112,50.3096,194.052,2,0
1113,260.183,172.252,2,0
1114,94.3674,42.9423,2,0
1115,429.5,49.6597,2,0
1116,453.329,153.256,2,0
1117,27.7801,152.852,2,0
1118,529.473,269.647,2,0
1119,135.096,277.556,2,0
1120,298.919,14.107,2,0
1121,44.4611,274.644,2,0
1122,309.891,143.036,2,0
1123,300.493,40.1291,2,0
1124,148.915,30.716,2,0
1125,372.626,251.758,2,0
1126,512.866,62.4475,2,0
1127,449.654,292.002,2,0
1128,258.487,52.0675,2,0
1129,560.623,67.0282,2,0
1130,192.827,194.123,2,0
1131,92.2417,151.787,2,0
1132,55.4536,42.1321,2,0
1133,563.922,200.86,2,0
1134,566.474,27.397,2,0
1135,150.841,111.923,2,0
1136,70.2199,292.691,2,0
1137,320.726,205.552,2,0
1138,419.099,290.158,2,0
1139,554.268,184.204,2,0
1140,495.157,238.373,2,0
1141,238.422,124.385,2,0
1142,546.769,169.984,2,0
1143,477.25,253.747,2,0
1144,527.064,185.481,2,0
1145,489.25,20.1412,2,0
1146,386.837,131.722,2,0
1147,189.204,274.816,2,0
1148,51.4116,212.6,2,0
1149,45.4955,131.163,2,0
1150,243.459,215.392,2,0
1151,111.43,111.231,2,0
1152,410.023,127.781,2,0
1153,42.9529,102.583,2,0
1154,95.3012,266.217,2,0
1155,507.341,175.041,2,0
1156,91.0113,109.368,2,0
1157,505.906,292.374,2,0
1158,277.908,269.086,2,0
1159,494.321,187.646,2,0
1160,563.834,219.914,2,0
1161,472.965,226.803,2,0
1162,456.672,41.585,2,0
1163,437.323,81.1386,2,0
1164,523.848,68.3221,2,0
1165,126.518,268.583,2,0
1166,111.9,115.279,2,0
1167,154.5,187.689,2,0
1168,290.553,288.757,2,0
1169,32.4573,116.517,2,0
1170,577.566,240.262,2,0
1171,264.383,245.028,2,0
1172,141.426,79.4319,2,0
1173,140.185,179.179,2,0
1174,94.4817,292.341,2,0
1175,508.901,40.1915,2,0
1176,457.912,166.008,2,0
1177,238.231,47.3564,2,0
1178,498.367,27.3283,2,0
1179,12.602,0.820442,2,0
1180,578.349,153.169,2,0
1181,34.5774,176.324,2,0
1182,7.07018,134.532,2,0
1183,548.29,279.596,2,0
1184,133.503,95.4394,2,0
1185,267.923,293.793,2,0
1186,51.677,134.84,2,0
1187,466.106,119.685,2,0
1188,78.689,30.7307,2,0
1189,518.964,133.467,2,0
1190,204.46,68.9149,2,0
1191,193.3,199.157,2,0
1192,39.991,298,2,0
1193,399.065,192.763,2,0
1194,301.691,241.843,2,0
1195,163.683,235.884,2,0
1196,372.843,285.931,2,0
1197,470.417,252.019,2,0
1198,504.281,223.656,2,0
1199,580.888,169.581,2,0
1200,156.015,183.854,2,0
1201,8.42213,275.354,2,0
1202,162.194,275.611,2,0
1203,165.508,46.2908,2,0
1204,218.43,164.454,2,0
1205,203.068,46.6927,2,0
1206,329.787,149.218,2,0
1207,35.0565,87.3335,2,0
1208,417.666,293.989,2,0
1209,160.389,170.589,2,0
1210,543.468,76.9939,2,0
1211,280.874,32.4222,2,0
1212,433.785,252.942,2,0
1213,428.112,63.0368,2,0
1214,474.374,0.00421051,2,0
1215,142.341,164.952,2,0
1216,565.562,214.599,2,0
1217,361.117,129.759,2,0
1218,554.84,294.77,2,0
1219,594.833,193.464,2,0
1220,452.244,62.9102,2,0
1221,177.319,1.02339,2,0
1222,199.463,48.8007,2,0
1223,266.49,8.80883,2,0
1224,88.6283,187.512,2,0
1225,16.9254,96.93,2,0
1226,453.67,106.289,2,0
1227,282.234,189.934,2,0
1228,492.521,34.8417,2,0
1229,132.369,265.355,2,0
1230,42.0214,194.997,2,0
1231,198.077,173.195,2,0
1232,306.811,292.166,2,0
1233,437.199,65.3634,2,0
1234,519.003,93.1889,2,0
1235,449.737,19.3992,2,0
1236,590.581,43.7404,2,0
1237,462.857,227.858,2,0
1238,282.143,21.8684,2,0
1239,287.039,131.93,2,0
1240,91.9282,251.257,2,0
1241,313.122,208.94,2,0
1242,148.384,158.062,2,0
1243,381.551,107.091,2,0
1244,319.32,122.401,2,0
1245,146.066,95.195,2,0
1246,24.925,197.274,2,0
1247,235.627,136.721,2,0
1248,356.803,205.683,2,0
1249,367.771,239.461,2,0
1250,185.245,14.0033,2,0
1251,149.295,138.236,2,0
1252,351.691,119.698,2,0
1253,81.2461,159.702,2,0
1254,23.8203,289.9,2,0
1255,247.217,151.699,2,0
1256,152.147,13.2335,2,0
1257,582.244,131.569,2,0
1258,483.896,274.068,2,0
1259,396.511,169.511,2,0
1260,295.877,162.618,2,0
1261,359.123,22.4931,2,0
1262,99.4292,265.895,2,0
1263,68.996,41.2137,2,0
1264,137.367,295.515,2,0
1265,206.603,8.78123,2,0
1266,347.513,238.494,2,0
1267,72.255,202.436,2,0
1268,305.026,71.921,2,0
1269,191.243,56.8485,2,0
1270,344.727,163.241,2,0
1271,94.6067,248.037,2,0
1272,574.585,22.1764,2,0
1273,238.301,98.6841,2,0
1274,215.485,23.8548,2,0
1275,268.242,23.4417,2,0
1276,244.557,242.476,2,0
1277,31.8374,288.394,2,0
1278,136,273.621,2,0
1279,122.132,191.756,2,0
1280,538.839,14.5885,2,0
1281,60.6632,233.951,2,0
1282,273.136,11.1044,2,0
1283,116.807,193.013,2,0
1284,482.706,195.347,2,0
1285,523.891,7.76511,2,0
1286,146.671,86.4169,2,0
1287,488.484,67.6424,2,0
1288,268.242,13.0571,2,0
1289,54.5741,249.221,2,0
1290,527.709,122.044,2,0
1291,341.097,204.597,2,0
1292,112.008,51.9568,2,0
1293,63.6693,236.734,2,0
1294,29.724,186.029,2,0
1295,570.499,195.08,2,0
1296,557.498,290.191,2,0
1297,136.83,131.087,2,0
1298,378.835,152.602,2,0
1299,151.016,250.649,2,0
1300,13.0281,133.16,2,0
1301,69.1037,199.734,2,0
1302,512.948,95.6985,2,0
1303,88.7705,56.7502,2,0
1304,141.904,288.463,2,0
1305,395.73,98.6165,2,0
1306,353.747,199.956,2,0
1307,367.981,174.763,2,0
1308,548.375,271.687,2,0
1309,470.207,95.2409,2,0
1310,507.949,153.023,2,0
1311,520.638,89.4611,2,0
1312,73.2824,17.2578,2,0
1313,129.678,222.766,2,0
1314,249.896,114.697,2,0
1315,529.717,152.16,2,0
1316,340.002,18.9651,2,0
1317,160.955,297.235,2,0
1318,7.10635,18.2513,2,0
1319,298.527,245.237,2,0
1320,145.238,207.515,2,0
1321,458.687,179.409,2,0
1322,364.645,137.562,2,0
1323,426.444,293.466,2,0
1324,190.197,133.491,2,0
1325,584.299,36.103,2,0
1326,326.031,282.2,2,0
1327,329.464,225.593,2,0
1328,508.215,288.14,2,0
1329,350.506,102.956,2,0
1330,422.187,48.9011,2,0
1331,361.556,101.425,2,0
1332,283.039,115.722,2,0
1333,80.3646,43.8241,2,0
1334,104.856,250.848,2,0
1335,321.936,98.5691,2,0
1336,246.123,128.448,2,0
1337,517.727,55.5434,2,0
1338,223.816,193.101,2,0
1339,550.666,240.035,2,0
1340,560.748,147.917,2,0
1341,497.86,262.98,2,0
1342,11.2996,57.8207,2,0
1343,225.684,41.3585,2,0
1344,355.368,209.432,2,0
1345,520.328,77.3017,2,0
1346,419.192,171.788,2,0
1347,63.7407,87.4322,2,0
1348,302.137,89.6959,2,0
1349,102.88,40.0335,2,0
1350,55.4415,2.44875,2,0
1351,111.273,39.457,2,0
1352,583.457,245.71,2,0
1353,442.91,208.602,2,0
1354,563.745,53.1736,2,0
1355,108.622,22.8652,2,0
1356,342.575,217.235,2,0
1357,476.999,163.338,2,0
1358,449.756,14.9653,2,0
1359,266.072,51.7355,2,0
1360,367.2,7.45122,2,0
1361,252.718,18.9864,2,0
1362,406.415,104.505,2,0
1363,22.4273,114.897,2,0
1364,396.126,109.644,2,0
1365,455.449,186.074,2,0
1366,211.29,173.216,2,0
1367,74.1492,74.1319,2,0
1368,7.46162,290.023,2,0
1369,5.09402,164.386,2,0
1370,528.901,105.153,2,0
1371,529.762,295.347,2,0
1372,86.3243,30.266,2,0
1373,229.927,80.8565,2,0
1374,420.34,59.6493,2,0
1375,500.179,9.33081,2,0
1376,214.082,136.942,2,0
1377,547.584,135.055,2,0
1378,401.895,273.862,2,0
1379,23.5177,224.22,2,0
1380,313.321,185.835,2,0
1381,329.928,161.055,2,0
1382,308.047,69.2057,2,0
1383,534.505,255.288,2,0
1384,14.5976,63.8939,2,0
1385,342.706,233.937,2,0
1386,24.0018,76.7756,2,0
1387,565.259,255.026,2,0
1388,250.681,153.986,2,0
1389,493.982,144.558,2,0
1390,456.53,76.3017,2,0
1391,146.26,294.202,2,0
1392,114.807,261.953,2,0
1393,459.475,198.366,2,0
1394,86.4141,126.384,2,0
1395,152.062,182.756,2,0
1396,408.608,115.964,2,0
1397,336.335,280.086,2,0
1398,435.062,124.263,2,0
1399,322.276,125.352,2,0
1400,523.594,105.297,2,0
1401,261.893,180.663,2,0
1402,582.511,142.088,2,0
1403,531.158,85.2325,2,0
1404,104.326,163.649,2,0
1405,483.994,229.043,2,0
1406,290.358,126.953,2,0
1407,199.611,64.2535,2,0
1408,77.4002,208.569,2,0
1409,157.809,151.302,2,0
1410,228.06,272.466,2,0
1411,521.538,41.1364,2,0
1412,290.652,280.732,2,0
1413,511.285,253.853,2,0
1414,303.21,293.92,2,0
1415,52.9399,181.181,2,0
1416,521.116,270.145,2,0
1417,151.445,272.365,2,0
1418,117.167,107.301,2,0
1419,63.1719,147.566,2,0
1420,441.902,135.334,2,0
1421,442.883,11.76,2,0
1422,269.492,30.8644,2,0
1423,561.41,195.867,2,0
1424,142.756,74.4584,2,0
1425,97.3174,6.63758,2,0
1426,514.804,133.517,2,0
1427,116.161,113.946,2,0
1428,181.74,53.7074,2,0
1429,306.735,50.5557,2,0
1430,178.383,185.788,2,0
1431,182.459,195.783,2,0
1432,436.773,285.779,2,0
1433,387.28,232.443,2,0
1434,223.231,33.021,2,0
1435,510.456,65.6568,2,0
1436,43.2561,25.9049,2,0
1437,366.788,107.974,2,0
1438,563.307,191.389,2,0
1439,448.062,222.937,2,0
1440,245.783,185.298,2,0
1441,160.325,126.969,2,0
1442,431.872,114.853,2,0
1443,579.641,206.255,2,0
1444,25.0782,144.98,2,0
1445,160.224,40.5336,2,0
1446,498.055,2,2,0
1447,581.961,238.357,2,0
1448,308.472,82.2899,2,0
1449,272,63.351,2,0
1450,112.109,246.659,2,0
1451,139.223,259.585,2,0
1452,415.173,215.24,2,0
1453,447.903,201.689,2,0
1454,507.404,81.226,2,0
1455,258.821,196.482,2,0
1456,124.238,252.244,2,0
1457,320.712,252.913,2,0
1458,407.262,203.581,2,0
1459,52.1603,29.303,2,0
1460,392.21,133.108,2,0
1461,102.067,121.724,2,0
1462,31.8839,36.0106,2,0
1463,262.298,16.1036,2,0
1464,496.107,9.37834,2,0
1465,382.982,293.28,2,0
1466,304.623,138.843,2,0
1467,462.15,17.9196,2,0
1468,181.175,30.0576,2,0
1469,497.74,143.066,2,0
1470,500.538,178.746,2,0
1471,119.512,94.512,2,0
1472,426.704,255.467,2,0
1473,279.867,63.3913,2,0
1474,588.225,104.823,2,0
1475,482.47,280.164,2,0
1476,237.346,252.32,2,0
1477,420.728,63.7894,2,0
1478,434.444,227.043,2,0
1479,195.293,83.4122,2,0
1480,592.231,111.967,2,0
1481,447.039,96.4643,2,0
1482,369.252,122.944,2,0
1483,540.954,240.332,2,0
1484,493.505,271.953,2,0
1485,417.251,81.2203,2,0
1486,61.5319,137.573,2,0
1487,34.2353,192.817,2,0
1488,176.625,8.72503,2,0
1489,353.12,159.969,2,0
1490,37.4999,209.862,2,0
1491,164.561,55.5438,2,0
1492,516.497,60.2611,2,0
1493,404.386,266.093,2,0
1494,0.775541,260.783,2,0
1495,122.808,112.303,2,0
1496,320.316,169.186,2,0
1497,461.684,263.526,2,0
1498,505.612,4.44844,2,0
1499,147.231,57.773,2,0
1500,381.621,166.2,2,0
1501,482.382,71.0022,2,0
1502,303.524,75.7078,2,0
1503,366.433,277.717,2,0
1504,48.3483,94.6361,2,0
1505,498.854,216.414,2,0
1506,155.86,269.337,2,0
1507,93.1062,281.508,2,0
1508,53.1049,236.686,2,0
1509,370.882,264.085,2,0
1510,25.1973,119.556,2,0
1511,590.782,29.3873,2,0
1512,426.375,288.536,2,0
1513,597.186,44.5579,2,0
1514,494.066,103.669,2,0
1515,339.384,122.297,2,0
1516,553.055,103.429,2,0
1517,351.329,239.71,2,0
1518,344.473,99.904,2,0
1519,315.588,71.7443,2,0
1520,412.779,224.034,2,0
1521,105.456,1.37011,2,0
1522,454.88,287.138,2,0
1523,256.14,237.178,2,0
1524,563.39,206.799,2,0
1525,113.78,289.346,2,0
1526,485.13,26.5858,2,0
1527,288.192,177.112,2,0
1528,394.129,141.365,2,0
1529,561.427,152.148,2,0
1530,499.989,286.742,2,0
1531,504.031,279.244,2,0
1532,580.603,197.078,2,0
1533,594.232,263.326,2,0
1534,468.106,146.404,2,0
1535,372.674,69.8293,2,0
1536,463.57,272.068,2,0
1537,533.759,107.773,2,0
1538,511.798,117.064,2,0
1539,464.23,252.966,2,0
1540,596.738,52.7236,2,0
1541,596.145,152.235,2,0
1542,591.349,199.075,2,0
1543,495.875,86.359,2,0
1544,70.1652,73.4242,2,0
1545,364.942,54.9553,2,0
1546,269.127,178.929,2,0
1547,107.817,115.9,2,0
1548,401.389,172.249,2,0
1549,593.126,3.55929,2,0
1550,287.477,218.949,2,0
1551,392.339,155.035,2,0
1552,486.335,262.704,2,0
1553,330.656,12.9016,2,0
1554,466.254,166.482,2,0
1555,512.638,199.305,2,0
1556,54.5002,192.758,2,0
1557,555.824,16.6677,2,0
1558,467.856,107.555,2,0
1559,259.176,240.573,2,0
1560,134.978,54.036,2,0
1561,74.5915,66.153,2,0
1562,473.096,65.6074,2,0
1563,326.01,259.335,2,0
1564,369.993,273.484,2,0
1565,379.966,143.495,2,0
1566,46.6049,150.246,2,0
1567,51.3422,54.0967,2,0
1568,404.972,168.32,2,0
1569,183.25,38.5148,2,0
1570,435.136,297.685,2,0
1571,94.9351,208.177,2,0
1572,353.777,125.993,2,0
1573,402.555,42.6699,2,0
1574,393.835,261.11,2,0
1575,287.333,298,2,0
1576,177.139,171.093,2,0
1577,509.949,135.737,2,0
1578,112.852,193.823,2,0
1579,394.973,288.329,2,0
1580,448.521,42.2805,2,0
1581,552.281,99.4183,2,0
1582,332.636,288.311,2,0
1583,585.433,11.2458,2,0
1584,430.995,278.392,2,0
1585,413.768,122.284,2,0
1586,86.6568,85.893,2,0
1587,136.124,98.6047,2,0
1588,384.515,170.168,2,0
1589,515.214,194.901,2,0
1590,83.5827,33.262,2,0
1591,84.6149,61.5084,2,0
1592,545.494,80.4898,2,0
1593,331.376,212.138,2,0
1594,341.801,145.493,2,0
1595,506.056,73.2562,2,0
1596,307.419,283.694,2,0
1597,440.428,160.735,2,0
1598,308.672,210.688,2,0
1599,407.839,16.3933,2,0
1600,581.828,219.371,2,0
1601,312.231,242.707,2,0
1602,157.969,252.189,2,0
1603,198.17,24.0129,2,0
1604,168.111,17.6502,2,0
1605,493.836,219.57,2,0
1606,460.822,132.097,2,0
1607,345.227,159.207,2,0
1608,515.067,114.706,2,0
1609,92.9904,5.49853,2,0
1610,593.554,208.265,2,0
1611,307.263,114.12,2,0
1612,291.579,212.191,2,0
1613,119.992,239.892,2,0
1614,236.318,151.479,2,0
1615,293.252,165.659,2,0
1616,168.207,225.773,2,0
1617,333.238,4.58017,2,0
1618,384.554,159.069,2,0
1619,420.289,217.698,2,0
1620,568.199,17.0677,2,0
1621,137.896,249.423,2,0
1622,521.941,298,2,0
1623,491.46,70.5751,2,0
1624,562.525,81.9448,2,0
1625,494.111,259.422,2,0
1626,416.915,51.5073,2,0
1627,251.496,72.8257,2,0
1628,213.911,72.7765,2,0
1629,67.4829,69.7387,2,0
1630,419.811,152.705,2,0
1631,55.893,70.2015,2,0
1632,218.93,67.6957,2,0
1633,568.615,114.988,2,0
1634,91.844,179.69,2,0
1635,137.793,122.559,2,0
1636,75.4546,28.304,2,0
1637,504.781,270.893,2,0
1638,439.125,13.5909,2,0
1639,15.0388,100.575,2,0
1640,560.582,222.772,2,0
1641,409.384,160.884,2,0
1642,144.712,186.06,2,0
1643,435.116,278.271,2,0
1644,88.0744,201.536,2,0
1645,281.867,270.443,2,0
1646,401.387,101.014,2,0
1647,573.771,270.563,2,0
1648,260.295,139.608,2,0
1649,414.89,195.321,2,0
1650,545.077,38.3278,2,0
1651,344.239,211.859,2,0
1652,30.6986,292.388,2,0
1653,407.753,69.301,2,0
1654,551.993,187.655,2,0
1655,18.8135,299.434,2,0
1656,185.448,134.537,2,0
1657,435.624,112.85,2,0
1658,433.59,174.057,2,0
1659,147.497,164.611,2,0
1660,324.526,263.05,2,0
1661,349.354,158.501,2,0
1662,123.102,108.127,2,0
1663,132.405,271.56,2,0
1664,453.268,66.9412,2,0
1665,328.206,2,2,0
1666,457.707,62.2924,2,0
1667,343.114,14.8829,2,0
1668,339.793,6.95294,2,0
1669,270.334,240.226,2,0
1670,255.226,241.244,2,0
1671,72.8621,77.9254,2,0
1672,533.299,293.255,2,0
1673,440.393,46.5366,2,0
1674,81.3857,128.173,2,0
1675,446.283,150.881,2,0
1676,149.191,4.21475,2,0
1677,293.643,129.652,2,0
1678,319.319,211.96,2,0
1679,576.369,13.6548,2,0
1680,590.89,68.2156,2,0
1681,454.453,101.695,2,0
1682,122.024,97.7567,2,0
1683,187.885,17.051,2,0
1684,179.444,254.086,2,0
1685,492.769,223.471,2,0
1686,77.6069,219.646,2,0
1687,595.349,98.4313,2,0
1688,145.881,246.976,2,0
1689,48.0905,28.7002,2,0
1690,527.553,177.371,2,0
1691,485.245,236.237,2,0
1692,239.072,154.414,2,0
1693,469.705,73.9093,2,0
1694,58.7007,39.5699,2,0
1695,19.6829,7.4835,2,0
1696,232.789,2,2,0
1697,558.14,3.5034,2,0
1698,273.163,38.018,2,0
1699,115.357,186.25,2,0
1700,106.485,122.136,2,0
1701,541.682,183.219,2,0
1702,252.257,193.797,2,0
1703,361.837,2,2,0
1704,425.823,247.437,2,0
1705,483.074,49.3938,2,0
1706,239.688,43.4657,2,0
1707,196.114,12.8274,2,0
1708,320.904,227.918,2,0
1709,505.702,163.076,2,0
1710,278.438,107.053,2,0
1711,490.719,137.626,2,0
1712,70.2374,216.803,2,0
1713,452.258,267.633,2,0
1714,357.431,274.532,2,0
1715,401.52,70.75,2,0
1716,392.472,235.231,2,0
1717,544.636,242.34,2,0
1718,333.867,284.39,2,0
1719,295.885,158.478,2,0
1720,462.028,143.284,2,0
1721,286.801,147.593,2,0
1722,519.339,113.48,2,0
1723,127.433,182.042,2,0
1724,372.347,15.5433,2,0
1725,473.917,179.087,2,0
1726,582.597,56.2514,2,0
1727,20.5758,108.323,2,0
1728,361.142,56.5706,2,0
1729,165.915,277.151,2,0
1730,405.118,89.2996,2,0
1731,527.191,286.205,2,0
1732,314.428,286.201,2,0
1733,435.95,202.652,2,0
1734,338.855,271.389,2,0
1735,74.7964,275.095,2,0
1736,137.203,57.8162,2,0
1737,28.8331,129.038,2,0
1738,116.423,62.3012,2,0
1739,191.326,95.5916,2,0
1740,252.312,205.551,2,0
1741,405.453,219.651,2,0
1742,133.48,235.37,2,0
1743,511.377,16.2654,2,0
1744,8.04243,84.5718,2,0
1745,597.318,106.427,2,0
1746,150.578,260.977,2,0
1747,273.681,143.592,2,0
1748,200.81,148.156,2,0
1749,71.6021,235.263,2,0
1750,263.939,108.43,2,0
1751,366.436,76.6023,2,0
1752,35.0168,182.872,2,0
1753,96.3282,296.604,2,0
1754,403.192,203.698,2,0
1755,510.424,195.797,2,0
1756,410.313,167.32,2,0
1757,542.625,245.813,2,0
1758,128.159,126.264,2,0
1759,205.797,187.784,2,0
1760,369.028,288.185,2,0
1761,132.107,160.319,2,0
1762,372.601,125.255,2,0
1763,587.01,89.5813,2,0
1764,256.514,37.2032,2,0
1765,171.191,105.329,2,0
1766,542.258,30.4165,2,0
1767,541.818,187.413,2,0
1768,393.539,227.326,2,0
1769,535.115,45.1896,2,0
1770,440.209,8.48402,2,0
1771,434.539,97.5768,2,0
1772,560.605,180.59,2,0
1773,567.868,223.657,2,0
1774,84.9215,263.571,2,0
1775,569.01,119.146,2,0
1776,473.486,125.783,2,0
1777,287.796,35.4838,2,0
1778,502.411,247.268,2,0
1779,525.753,63.4593,2,0
1780,121.43,273.777,2,0
1781,319.535,216.538,2,0
1782,105.384,292.282,2,0
1783,371.684,26.6998,2,0
1784,470.908,274.479,2,0
1785,123.478,153.618,2,0
1786,83.7503,278.338,2,0
1787,349.109,39.0724,2,0
1788,25.9555,16.7977,2,0
1789,39.8171,182.393,2,0
1790,419.915,284.54,2,0
1791,477.464,126.391,2,0
1792,494.927,293.167,2,0
1793,271.762,34.2312,2,0
1794,569.359,242.518,2,0
1795,298.109,69.3542,2,0
1796,555.342,278.359,2,0
1797,7.30139,63.6763,2,0
1798,454.973,177.843,2,0
1799,450.98,71.0929,2,0
1800,141.286,193.156,2,0
1801,156.306,69.1825,2,0
1802,558.796,127.524,2,0
1803,442.992,80.5205,2,0
1804,310.086,87.8257,2,0
1805,99.0385,138.748,2,0
1806,324.806,172,2,0
1807,548.229,245.584,2,0
1808,262.545,198.406,2,0
1809,97.0901,39.7194,2,0
1810,115.321,40.4589,2,0
1811,108.43,203.723,2,0
1812,142.659,37.3593,2,0
1813,595.322,289.754,2,0
1814,589.694,92.5738,2,0
1815,496.441,43.5925,2,0
1816,120.669,150.722,2,0
1817,196.985,213.268,2,0
1818,551.194,95.2882,2,0
1819,598.215,264.025,2,0
1820,172.798,183.239,2,0
1821,352.25,130.29,2,0
1822,581.027,100.452,2,0
1823,525.082,260.662,2,0
1824,320.502,239.835,2,0
1825,211.189,227.038,2,0
1826,258.341,33.4122,2,0
1827,202.854,234.795,2,0
1828,597.068,257.317,2,0
1829,452.487,193.963,2,0
1830,185.859,110.885,2,0
1831,335.354,152.445,2,0
1832,440.278,272.438,2,0
1833,521.685,193.928,2,0
1834,261.046,168.131,2,0
1835,409.738,54.9804,2,0
1836,464.624,185.562,2,0
1837,46.6917,223.96,2,0
1838,10.3418,292.942,2,0
1839,445.426,34.7224,2,0
1840,159.061,166.045,2,0
1841,233.708,66.1833,2,0
1842,523.644,265.847,2,0
1843,434.309,242.112,2,0
1844,156.653,262.716,2,0
1845,268.054,128.869,2,0
1846,449.613,280.949,2,0
1847,594.129,247.584,2,0
1848,71.4212,258.63,2,0
1849,509.833,202.377,2,0
1850,190.381,99.6465,2,0
1851,343.916,275.048,2,0
1852,266.308,298,2,0
1853,369.307,150.55,2,0
1854,310.141,193.274,2,0
1855,323.367,9.54864,2,0
1856,314.773,111.205,2,0
1857,317.532,162.215,2,0
1858,189.97,2,2,0
1859,60.5429,272.557,2,0
1860,337.458,230.577,2,0
1861,409.231,89.16,2,0
1862,439.935,131.495,2,0
1863,452.514,39.593,2,0
1864,442.897,22.5884,2,0
1865,507.429,114.157,2,0
1866,91.8031,167.155,2,0
1867,355.33,270.932,2,0
1868,201.776,38.7096,2,0
1869,477.354,86.5759,2,0
1870,0.341743,190.616,2,0
1871,194.246,134.523,2,0
1872,38.1059,262.153,2,0
1873,81.629,219.189,2,0
1874,13.7957,221.442,2,0
1875,185.698,208.979,2,0
1876,422.64,214.366,2,0
1877,362.574,87.9276,2,0
1878,597.632,203.224,2,0
1879,175.954,259.842,2,0
1880,297.78,250.867,2,0
1881,463.282,90.6535,2,0
1882,424.392,143.128,2,0
1883,319.698,201.657,2,0
1884,220.853,122.581,2,0
1885,237.647,269.883,2,0
1886,435.008,102.012,2,0
1887,401.024,21.2029,2,0
1888,222.528,219.56,2,0
1889,240.681,135.906,2,0
1890,196.801,230.135,2,0
1891,233.342,240.438,2,0
1892,117.567,210.214,2,0
1893,426.103,129.068,2,0
1894,328.975,153.21,2,0
1895,593.467,90.0675,2,0
1896,57.5952,155.516,2,0
1897,424.351,121.166,2,0
1898,520.169,141.531,2,0
1899,110.52,80.0144,2,0
1900,345.273,201.735,2,0
1901,524.714,115.414,2,0
1902,161.839,113.308,2,0
1903,570.715,280.819,2,0
1904,14.781,214.71,2,0
1905,321.537,248.474,2,0
1906,513.843,158.068,2,0
1907,546.599,291.525,2,0
1908,559.184,73.3572,2,0
1909,223.598,114.613,2,0
1910,33.2734,12.6476,2,0
1911,335.437,213,2,0
1912,23.7174,193.385,2,0
1913,72.1606,121.435,2,0
1914,332.955,115.54,2,0
1915,169.87,221.548,2,0
1916,217.114,134.292,2,0
1917,571.045,14.1811,2,0
1918,257.98,217.966,2,0
1919,505.153,54.0262,2,0
1920,438.141,104.652,2,0
1921,349.261,185.714,2,0
1922,329.132,21.394,2,0
1923,349.29,2,2,0
1924,85.4371,26.1629,2,0
1925,519.682,148.604,2,0
1926,180.261,228.999,2,0
1927,592.893,274.09,2,0
1928,254.93,118.619,2,0
1929,387.932,127.749,2,0
1930,594.064,283.895,2,0
1931,560.843,203.604,2,0
1932,192.773,10.3559,2,0
1933,208.866,283.327,2,0
1934,147.062,145.072,2,0
1935,342.374,229.824,2,0
1936,203.863,165.397,2,0
1937,68.1573,60.0851,2,0
1938,99.4687,124.816,2,0
1939,127.505,192.18,2,0
1940,334.124,201.725,2,0
1941,266.735,186.909,2,0
1942,347.81,118.021,2,0
1943,320.927,12.8453,2,0
1944,380.568,171.25,2,0
1945,535.238,271.346,2,0
1946,434.792,17.1154,2,0
1947,532.661,157.623,2,0
1948,2.65048,266.18,2,0
1949,371.673,74.3937,2,0
1950,40.8955,219.95,2,0
1951,44.2828,69.999,2,0
1952,29.8098,165.604,2,0
1953,27.629,205.445,2,0
1954,232.49,246.034,2,0
1955,91.5479,122.623,2,0
1956,442.472,260.659,2,0
1957,558.541,213.996,2,0
1958,44.3834,217.849,2,0
1959,133.782,168.686,2,0
1960,276.429,211.385,2,0
1961,34.5239,172.273,2,0
1962,418.155,298,2,0
1963,593.815,293.987,2,0
1964,566.275,268.66,2,0
1965,243.8,238.532,2,0
1966,499.491,118.139,2,0
1967,504.503,186.078,2,0
1968,369.651,19.0434,2,0
1969,388.255,228.543,2,0
1970,3.58964,111.62,2,0
1971,15.3708,125.337,2,0
1972,264.352,280.403,2,0
1973,69.9147,187.843,2,0
1974,566.006,48.7788,2,0
1975,33.6935,64.5046,2,0
1976,524.66,72.4243,2,0
1977,581.705,105.554,2,0
1978,387.337,167.254,2,0
1979,247.781,61.9258,2,0
1980,223.771,170.456,2,0
1981,19.7349,157.756,2,0
1982,342.608,105.056,2,0
1983,221.251,223.861,2,0
1984,351.45,213.338,2,0
1985,544.211,112.557,2,0
1986,54.8363,51.4301,2,0
1987,525.524,84.1328,2,0
1988,153.275,139.002,2,0
1989,31.4758,214.178,2,0
1990,10.7469,11.8504,2,0
1991,539.293,205.621,2,0
1992,177.31,235.781,2,0
1993,576.36,116.892,2,0
1994,524.592,207.489,2,0
1995,117.814,177.513,2,0
1996,484.038,224.599,2,0
1997,188.639,164.881,2,0
1998,380.042,111.42,2,0
1999,582.9,62.4256,2,0
2000,214.241,119.62,2,0
2001,68.095,209.419,2,0
2002,419.849,201.358,2,0
2003,458.994,138.986,2,0
2004,82.4298,299.226,2,0
2005,386.477,85.9806,2,0
2006,33.0952,91.0309,2,0
2007,391.434,38.3098,2,0
2008,204.571,192.552,2,0
2009,72.6197,25.4673,2,0
2010,185.624,48.597,2,0
2011,452.025,246.846,2,0
2012,406.905,234.179,2,0
2013,505.484,234.403,2,0
2014,60.7736,126.015,2,0
2015,469.626,32.4645,2,0
2016,564.31,42.6119,2,0
2017,394.98,46.7353,2,0
2018,199.817,217.076,2,0
2019,299.311,126.979,2,0
2020,592.09,8.98491,2,0
2021,367.42,44.0872,2,0
2022,14.3872,269.734,2,0
2023,39.9091,155.848,2,0
2024,12.9304,251.93,2,0
2025,174.01,220.777,2,0
2026,451.409,298,2,0
2027,384.683,56.5811,2,0
2028,179.149,131.475,2,0
2029,578.57,212.456,2,0
2030,308.927,266.522,2,0
2031,277.526,148.115,2,0
2032,301.829,30.0183,2,0
2033,242.269,104.249,2,0
2034,240.946,131.856,2,0
2035,428.513,181.23,2,0
2036,51.7742,39.6173,2,0
2037,251.069,175.383,2,0
2038,588.807,141.856,2,0
2039,23.9097,60.5674,2,0
2040,457.815,114.165,2,0
2041,254.294,29.0485,2,0
2042,176.809,214.971,2,0
2043,233.456,160.966,2,0
2044,54.8059,223.695,2,0
2045,375.252,254.971,2,0
2046,274.922,216.534,2,0
2047,144.158,271.334,2,0
2048,521.046,48.2033,2,0
2049,179.354,73.4464,2,0
2050,454.915,138.703,2,0
2051,134.958,289.463,2,0
2052,302.232,112.707,2,0
2053,55.4198,253.235,2,0
2054,99.8809,212.449,2,0
2055,333.973,208.916,2,0
2056,20.0894,190.631,2,0
2057,49.0587,69.105,2,0
2058,181.907,111.888,2,0
2059,112.346,298.378,2,0
2060,62.6932,164.616,2,0
2061,434.563,258.096,2,0
2062,547.846,114.463,2,0
2063,157.65,9.57442,2,0
2064,234.499,147.216,2,0
2065,161.545,7.43511,2,0
2066,297.853,28.9204,2,0
2067,556.604,180.717,2,0
2068,0.828245,52.3764,2,0
2069,17.0313,134.037,2,0
2070,530.294,142.86,2,0
2071,119.893,115.501,2,0
2072,347.778,256.191,2,0
2073,392.001,96.9639,2,0
2074,286.524,6.54996,2,0
2075,570.562,246.407,2,0
2076,468.776,169.728,2,0
2077,96.5203,228.906,2,0
2078,48.5347,161.77,2,0
2079,547.866,87.6547,2,0
2080,250.285,54.6843,2,0
2081,260.419,87.1727,2,0
2082,273.874,83.4389,2,0
2083,482.493,239.393,2,0
2084,102.828,209.535,2,0
2085,273.179,162.989,2,0
2086,524.863,196.556,2,0
2087,131.643,112.515,2,0
2088,165.49,34.8606,2,0
2089,118.207,51.9271,2,0
2090,76.6078,14.7876,2,0
2091,560.935,176.338,2,0
2092,403.093,255.349,2,0
2093,299.913,21.1703,2,0
2094,377.087,108.453,2,0
2095,476.575,144.185,2,0
2096,388.783,78.848,2,0
2097,249.939,184.886,2,0
2098,312.357,3.68232,2,0
2099,131.598,46.1151,2,0
2100,564.7,6.95736,2,0
2101,197.981,260.949,2,0
2102,235.694,57.0237,2,0
2103,393.964,103.264,2,0
2104,120.141,195.401,2,0
2105,528.493,173.34,2,0
2106,418.292,18.8628,2,0
2107,455.489,2.73075,2,0
2108,591.74,100.258,2,0
2109,580.08,286.535,2,0
2110,108.765,18.7979,2,0
2111,42.1695,271.279,2,0
2112,204.998,50.3012,2,0
2113,154.355,88.4926,2,0
2114,78.7859,276.294,2,0
2115,402.593,52.7828,2,0
2116,318.515,62.3376,2,0
2117,499.7,251.646,2,0
2118,46.1885,107.275,2,0
2119,516.642,64.2876,2,0
2120,82.1,287.365,2,0
2121,355.667,20.3117,2,0
2122,261.78,219.343,2,0
2123,306.088,10.3126,2,0
2124,447.455,5.1845,2,0
2125,481.785,179.592,2,0
2126,489.17,269.477,2,0
2127,242.247,83.9614,2,0
2128,391.085,278.75,2,0
2129,307.341,43.2235,2,0
2130,313.855,127.618,2,0
2131,43.4315,293.821,2,0
2132,481.162,213.9,2,0
2133,283.223,283.375,2,0
2134,533.592,48.9765,2,0
2135,521.982,152.081,2,0
2136,423.741,147.141,2,0
2137,273.839,139.59,2,0
2138,279.567,69.1638,2,0
2139,579.655,177.679,2,0
2140,507.378,96.625,2,0
2141,337.384,52.76,2,0
2142,181.641,49.4532,2,0
2143,556.162,8.62437,2,0
2144,99.5928,142.767,2,0
2145,492.15,57.3553,2,0
2146,212.984,20.6329,2,0
2147,542.27,41.2041,2,0
2148,445.505,52.8611,2,0
2149,420.093,221.771,2,0
2150,233.23,122.088,2,0
2151,516.798,101.116,2,0
2152,535.262,204.621,2,0
2153,52.7037,95.2523,2,0
2154,209.052,161.969,2,0
2155,396.03,117.741,2,0
2156,550.424,38.3689,2,0
2157,89.7564,79.8047,2,0
2158,9.74459,44.1294,2,0
2159,231.127,195.677,2,0
2160,246.002,164.555,2,0
2161,190.964,262.181,2,0
2162,514.4,43.7255,2,0
2163,594.197,182.204,2,0
2164,71.4033,68.6789,2,0
2165,14.8163,67.929,2,0
2166,438.642,205.837,2,0
2167,310.347,100.914,2,0
2168,307.883,157.466,2,0
2169,398.212,177.854,2,0
2170,583.22,292.114,2,0
2171,123.808,173.652,2,0
2172,363.653,83.9278,2,0
2173,195.031,101.643,2,0
2174,463.769,281.209,2,0
2175,174.364,112.436,2,0
2176,500.898,182.814,2,0
2177,282.134,16.9389,2,0
2178,584.886,169.289,2,0
2179,582.542,265.144,2,0
2180,349.884,14.05,2,0
2181,169.241,54.8908,2,0
2182,543.614,87.0777,2,0
2183,114.698,218.565,2,0
2184,401.452,139.154,2,0
2185,102.303,85.59,2,0
2186,243.309,209.313,2,0
2187,396.955,224.914,2,0
2188,476.134,285.41,2,0
2189,36.2665,143.674,2,0
2190,311.498,269.744,2,0
2191,36.6844,127.103,2,0
2192,276.863,39.7303,2,0
2193,147.478,273.71,2,0
2194,554.824,75.8448,2,0
2195,112.09,84.3068,2,0
2196,467.012,227.402,2,0
2197,102.314,200.201,2,0
2198,15.753,39.0476,2,0
2199,364.56,46.8937,2,0
2200,267.394,62.8591,2,0
2201,390.075,193.527,2,0
2202,30.4724,95.7246,2,0
2203,428.013,119.423,2,0
2204,237.637,82.2552,2,0
2205,224.842,55.9021,2,0
2206,492.05,43.4135,2,0
2207,100.505,81.482,2,0
2208,77.9379,10.3235,2,0
2209,488.465,257.92,2,0
2210,376.42,4.28378,2,0
2211,137.6,138.424,2,0
2212,280.096,242.918,2,0
2213,357.97,263.709,2,0
2214,248.464,7.02278,2,0
2215,291.027,284.717,2,0
2216,589.189,210.341,2,0
2217,364.792,160.665,2,0
2218,383.79,2,2,0
2219,354.009,133.888,2,0
2220,151.099,161.977,2,0
2221,310.426,293.935,2,0
2222,14.1396,22.153,2,0
2223,49.6434,138.4,2,0
2224,0.545544,173.03,2,0
2225,64.5656,176.995,2,0
2226,501.905,174.633,2,0
2227,328.849,171.785,2,0
2228,111.406,46.6568,2,0
2229,532.375,171.993,2,0
2230,480.537,83.9761,2,0
2231,483.808,216.998,2,0
2232,532.72,112.749,2,0
2233,351.469,72.2423,2,0
2234,150.919,298,2,0
2235,45.8945,98.1719,2,0
2236,489.375,63.5296,2,0
2237,82.5168,168.696,2,0
2238,81.1,224.007,2,0
2239,358.114,283.305,2,0
2240,422.619,274.02,2,0
2241,525.862,150.609,2,0
2242,580.412,173.575,2,0
2243,414.853,219.371,2,0
2244,172.916,281.586,2,0
2245,489.676,141.545,2,0
2246,196.519,192.467,2,0
2247,129.515,235.909,2,0
2248,508.411,241.963,2,0
2249,96.7249,288.902,2,0
2250,274.563,292.256,2,0
2251,158.271,5.01119,2,0
2252,520.013,264.097,2,0
2253,535.967,102.648,2,0
2254,398.092,64.3736,2,0
2255,252.591,126.031,2,0
2256,575.09,161.262,2,0
2257,261.726,113.221,2,0
2258,6.95393,206.884,2,0
2259,428.349,149.784,2,0
2260,105.348,155.521,2,0
2261,429.092,236.441,2,0
2262,193.354,22.7689,2,0
2263,20.7404,129.788,2,0
2264,229.562,69.5106,2,0
2265,462.494,28.6462,2,0
2266,304.898,164.932,2,0
2267,27.4171,138.998,2,0
2268,456.839,233.003,2,0
2269,207.539,195.248,2,0
2270,517.586,279.483,2,0
2271,151.495,143.653,2,0
2272,421.235,14.5244,2,0
2273,418.35,205.127,2,0
2274,535.556,194.068,2,0
2275,433.937,28.3881,2,0
2276,306.377,37.5639,2,0
2277,273.594,223.78,2,0
2278,385.689,29.7607,2,0
2279,41.5356,73.3558,2,0
2280,188.94,141.1,2,0
2281,413.756,92.6161,2,0
2282,1.49611,139.967,2,0
2283,536.451,190.076,2,0
2284,537.048,252.198,2,0
2285,76.5688,224.572,2,0
2286,265.728,182.243,2,0
2287,14.2993,150.165,2,0
2288,406.135,20.1397,2,0
2289,276.72,17.4169,2,0
2290,389.265,82.8328,2,0
2291,416.628,185.93,2,0
2292,120.41,120.212,2,0
2293,167.171,267.082,2,0
2294,285.359,260.03,2,0
2295,247.207,205.077,2,0
2296,73.4857,255.149,2,0
2297,475.8,5.97784,2,0
2298,35.1379,264.89,2,0
2299,263.912,294.757,2,0
2300,31.6214,156.309,2,0
2301,216.72,103.3,2,0
2302,586.804,15.1772,2,0
2303,529.964,200.381,2,0
2304,401.908,33.6143,2,0
2305,470.331,223.603,2,0
2306,3.06057,133.631,2,0
2307,49.4575,10.2063,2,0
2308,219.594,34.8041,2,0
2309,36.1279,57.6616,2,0
2310,52.9208,108.619,2,0
2311,131.894,42.1261,2,0
2312,276.911,179.382,2,0
2313,341.208,51.3476,2,0
2314,419.094,123.5,2,0
2315,166.877,148.913,2,0
2316,173.875,154.986,2,0
2317,504.44,38.9618,2,0
2318,360.623,47.7336,2,0
2319,407.229,207.595,2,0
2320,382.787,268.668,2,0
2321,217.143,155.732,2,0
2322,431.823,104.557,2,0
2323,130.856,139.758,2,0
2324,102.671,114.951,2,0
2325,344.84,95.8709,2,0
2326,574.904,266.574,2,0
2327,1.78624,235.796,2,0
2328,27.874,257.11,2,0
2329,2.28834,71.6462,2,0
2330,105.522,7.64446,2,0
2331,437.832,264.293,2,0
2332,554.027,67.5211,2,0
2333,520.537,72.7083,2,0
2334,59.1042,170.994,2,0
2335,431.063,220.372,2,0
2336,508.941,246.019,2,0
2337,418.161,127.64,2,0
2338,137.494,234.317,2,0
2339,132.341,125.497,2,0
2340,319.491,147.946,2,0
2341,375.545,242.222,2,0
2342,69.1993,195.73,2,0
2343,469.484,14.9415,2,0
2344,249.136,210.75,2,0
2345,542.496,290.909,2,0
2346,358.278,139.371,2,0
2347,556.871,204.508,2,0
2348,53.1038,67.0769,2,0
2349,307.436,270.48,2,0
2350,543.2,280.391,2,0
2351,274.571,53.8979,2,0
2352,46.6069,238.571,2,0
2353,502.87,289.609,2,0
2354,40.1718,198.934,2,0
2355,571.781,178.806,2,0
2356,90.5947,67.6839,2,0
2357,470.008,44.9703,2,0
2358,566.331,65.8153,2,0
2359,401.873,226.98,2,0
2360,226.63,157.579,2,0
2361,278.692,207.68,2,0
2362,8.51369,67.5338,2,0
2363,115.838,285.835,2,0
2364,476.956,42.2876,2,0
2365,271.701,86.9621,2,0
2366,373.567,39.8558,2,0
2367,425.159,138.423,2,0
2368,16.6052,129.166,2,0
2369,23.8456,257.511,2,0
2370,469.818,111.858,2,0
2371,386.184,68.9782,2,0
2372,433.915,207.713,2,0
2373,463.433,161.016,2,0
2374,406.118,12.5881,2,0
2375,138.59,74.6044,2,0
2376,385.535,124.429,2,0
2377,371.291,207.687,2,0
2378,358.927,108.832,2,0
2379,365.402,3.85699,2,0
2380,593.957,221.738,2,0
2381,310.46,64.0285,2,0
2382,308.417,6.58613,2,0
2383,69.766,53.3964,2,0
2384,75.611,296.869,2,0
2385,365.625,101.09,2,0
2386,95.939,35.8824,2,0
2387,20.9589,97.7602,2,0
2388,587.12,183.417,2,0
2389,205.325,146.387,2,0
2390,37.0665,201.585,2,0
2391,555.562,97.0137,2,0
2392,473.616,104.992,2,0
2393,228.644,147.364,2,0
2394,546.57,222.578,2,0
2395,249.848,67.832,2,0
2396,311.526,189.486,2,0
2397,34.672,165.286,2,0
2398,28.0991,286.808,2,0
2399,560.526,134.971,2,0
2400,178.695,155.046,2,0
2401,554.72,287.231,2,0
2402,517.831,26.0109,2,0
2403,332.905,64.4678,2,0
2404,419.828,28.2633,2,0
2405,241.684,291.558,2,0
2406,42.5729,238.722,2,0
2407,189.802,6.0055,2,0
2408,65.0445,160.542,2,0
2409,170.263,60.6921,2,0
2410,245.044,112.71,2,0
2411,218.535,220.814,2,0
2412,131.257,5.83468,2,0
2413,132.093,84.296,2,0
2414,517.695,138.235,2,0
2415,537.648,197.611,2,0
2416,319.514,137.834,2,0
2417,4.80291,53.256,2,0
2418,44.0207,127.34,2,0
2419,471.159,173.164,2,0
2420,485.211,270.179,2,0
2421,164.385,77.7274,2,0
2422,346.229,5.15454,2,0
2423,456.065,271.737,2,0
2424,96.5907,134.044,2,0
2425,306.289,248.05,2,0
2426,222.905,279.842,2,0
2427,401.506,220.979,2,0
2428,295.415,298,2,0
2429,51.4825,268.805,2,0
2430,283.214,298,2,0
2431,4.37732,184.836,2,0
2432,62.3339,108.904,2,0
2433,329.438,285.822,2,0
2434,312.2,106.168,2,0
2435,278.763,226.959,2,0
2436,200.473,68.2405,2,0
2437,162.813,188.198,2,0
2438,591.512,33.4078,2,0
2439,247.708,286.93,2,0
2440,519.639,52.0127,2,0
2441,406.968,192.342,2,0
2442,254.396,151.11,2,0
2443,51.3014,294.402,2,0
2444,303.495,160.975,2,0
2445,47.8744,215.447,2,0
2446,61.5153,290.199,2,0
2447,478.593,52.3159,2,0
2448,546.722,207.803,2,0
2449,19.4541,22.0854,2,0
2450,541.498,81.1967,2,0
2451,133.147,172.834,2,0
2452,276.785,189.724,2,0
2453,320.691,25.9778,2,0
2454,217.503,212.77,2,0
2455,491.248,205.438,2,0
2456,185.94,2,2,0
2457,269.498,281.564,2,0
2458,126.967,118.818,2,0
2459,381.5,48.5599,2,0
2460,554.547,235.058,2,0
2461,209.383,69.7742,2,0
2462,250.86,2.69603,2,0
2463,24.3209,90.0875,2,0
2464,254.437,88.7888,2,0
2465,480.121,267.173,2,0
2466,267.274,27.3509,2,0
2467,144.703,128.677,2,0
2468,334.351,271.19,2,0
2469,577.679,295.704,2,0
2470,165.371,5.99011,2,0
2471,86.5717,9.17347,2,0
2472,366.812,22.0854,2,0
2473,376.173,67.5059,2,0
2474,123.173,83.0734,2,0
2475,28.446,169.784,2,0
2476,181.872,245.769,2,0
2477,266.291,132.602,2,0
2478,453.589,16.2075,2,0
2479,240.794,10.8752,2,0
2480,158.032,51.791,2,0
2481,126.606,75.3278,2,0
2482,483.997,172.707,2,0
2483,32.3973,168.728,2,0
2484,302.468,193.577,2,0
2485,494.896,115.377,2,0
2486,569.745,238.497,2,0
2487,226.155,264.346,2,0
2488,393.347,26.7938,2,0
2489,426.742,229.255,2,0
2490,371.616,241.097,2,0
2491,259.527,46.011,2,0
2492,144.964,267.279,2,0
2493,161.637,58.4027,2,0
2494,30.6057,265.833,2,0
2495,344.401,74.4832,2,0
2496,477.589,16.0118,2,0
2497,21.5944,268.517,2,0
2498,118.995,76.1512,2,0
2499,145.787,222.906,2,0
2500,565.4,57.0467,2,0
2501,82.5008,29.0495,2,0
2502,513.624,109.442,2,0
2503,559.093,36.3818,2,0
2504,135.368,135.01,2,0
2505,526.084,4.38754,2,0
2506,522.801,146.006,2,0
2507,374.898,282.38,2,0
2508,18.1568,181.02,2,0
2509,203.444,219.015,2,0
2510,558.236,110.907,2,0
2511,467.968,66.0037,2,0
2512,527.582,169.309,2,0
2513,93.689,115.645,2,0
2514,474.335,89.2404,2,0
2515,367.645,228.384,2,0
2516,506.044,85.0549,2,0
2517,187.671,259.434,2,0
2518,494.319,129.059,2,0
2519,500.33,110.417,2,0
2520,137.128,256.063,2,0
2521,591.221,74.4327,2,0
2522,219.99,87.7208,2,0
2523,248.051,98.3554,2,0
2524,118.092,181.538,2,0
2525,373.494,56.6566,2,0
2526,54.4337,139.188,2,0
2527,596.135,215.347,2,0
2528,378.088,124.023,2,0
2529,120.383,124.248,2,0
2530,510.493,29.8709,2,0
2531,116.374,123.852,2,0
2532,405.756,270.727,2,0
2533,599.955,136.222,2,0
2534,253.191,287.661,2,0
2535,383.47,154.997,2,0
2536,568.35,129.641,2,0
2537,567.896,201.73,2,0
2538,236.942,132.744,2,0
2539,146.072,119.408,2,0
2540,359.593,16.9646,2,0
2541,387.821,243.011,2,0
2542,556.786,133.472,2,0
2543,399.924,49.6523,2,0
2544,554.125,89.0185,2,0
2545,395.051,59.9285,2,0
2546,45.8905,19.0287,2,0
2547,92.6495,97.7216,2,0
2548,5.59276,241.846,2,0
2549,450.622,103.046,2,0
2550,196.767,148.929,2,0
2551,274.918,31.6278,2,0
2552,225.344,239.205,2,0
2553,353.049,176.489,2,0
2554,48.096,173.123,2,0
2555,36.9304,75.8372,2,0
2556,597.45,168.097,2,0
2557,201.097,210.41,2,0
2558,393.964,69.1927,2,0
2559,208.082,77.744,2,0
2560,378.278,43.558,2,0
2561,48.2517,197.688,2,0
2562,550.273,249.471,2,0
2563,127.844,71.1394,2,0
2564,262.453,227.127,2,0
2565,232.922,172.406,2,0
2566,64.9993,40.3003,2,0
2567,516.928,185.704,2,0
2568,493.254,2,2,0
2569,76.0951,201.097,2,0
2570,194.152,26.8571,2,0
2571,217.839,27.2076,2,0
2572,533.141,197.338,2,0
2573,243.907,25.9359,2,0
2574,417.684,100.108,2,0
2575,65.5532,122.505,2,0
2576,347.453,230.578,2,0
2577,168.037,113.576,2,0
2578,114.48,71.6519,2,0
2579,528.748,164.935,2,0
2580,516.375,73.1451,2,0
2581,237.746,284.55,2,0
2582,57.999,113.715,2,0
2583,11.7524,206.162,2,0
2584,572.785,96.2264,2,0
2585,593.786,49.9777,2,0
2586,201.983,189.013,2,0
2587,408.853,225.384,2,0
2588,422.308,236.002,2,0
2589,158.305,72.767,2,0
2590,252.082,237.51,2,0
2591,588.844,175.632,2,0
2592,29.5127,249.441,2,0
2593,460.781,175.863,2,0
2594,84.4247,104.636,2,0
2595,414.272,138.815,2,0
2596,541.928,127.253,2,0
2597,347.473,133.163,2,0
2598,39.1305,278.382,2,0
2599,57.7325,45.6156,2,0
2600,359.899,155.779,2,0
2601,46.2985,267.507,2,0
2602,393.651,251.354,2,0
2603,398.221,142.981,2,0
2604,430.768,71.316,2,0
2605,368.962,2,2,0
2606,125.896,165.157,2,0
2607,380.671,65.7855,2,0
2608,315.472,204.663,2,0
2609,350.644,42.8003,2,0
2610,530.433,90.2229,2,0
2611,351.507,85.9161,2,0
2612,186.825,177.08,2,0
2613,213.319,128.93,2,0
2614,63.4251,69.3936,2,0
2615,258.617,157.147,2,0
2616,181.191,142.121,2,0
2617,40.2999,125.31,2,0
2618,260.522,68.8812,2,0
2619,137.801,14.0374,2,0
2620,253.419,229.499,2,0
2621,368.201,178.782,2,0
2622,36.9761,136.529,2,0
2623,204.504,250.708,2,0
2624,258.645,261.788,2,0
2625,498.267,17.1653,2,0
2626,485.548,282.997,2,0
2627,318.21,267.62,2,0
2628,347.57,92.722,2,0
2629,221.26,189.945,2,0
2630,24.115,150.922,2,0
2631,26.2032,298.848,2,0
2632,260.486,143.741,2,0
2633,302.269,105.361,2,0
2634,342.402,10.601,2,0
2635,392.68,183.25,2,0
2636,159.722,26.9753,2,0
2637,146.574,133.639,2,0
2638,542.698,72.8797,2,0
2639,346.791,16.7571,2,0
2640,307.315,168.203,2,0
2641,148.662,115.478,2,0
2642,78.1919,85.4932,2,0
2643,367.468,156.672,2,0
2644,185.961,198.006,2,0
2645,412.273,275.377,2,0
2646,249.965,222.263,2,0
2647,351.066,284.54,2,0
2648,75.9058,177.316,2,0
2649,492.777,174.224,2,0
2650,464.761,21.1764,2,0
2651,426.822,177.427,2,0
2652,198.508,157.993,2,0
2653,169.912,90.4483,2,0
2654,374.176,152.131,2,0
2655,194.933,97.5647,2,0
2656,134.492,73.9142,2,0
2657,448.645,250.002,2,0
2658,84.8744,141.964,2,0
2659,173.883,18.5539,2,0
2660,179.591,135.634,2,0
2661,220.766,249.965,2,0
2662,151.204,166.567,2,0
2663,104.59,82.1725,2,0
2664,486.788,181.406,2,0
2665,544.685,120.924,2,0
2666,75.1236,118.625,2,0
2667,69.6287,239.711,2,0
2668,302.022,79.436,2,0
2669,396.753,24.5064,2,0
2670,95.9329,150.24,2,0
2671,583.194,274.99,2,0
2672,378.873,180.912,2,0
2673,451.033,82.3233,2,0
2674,533.149,35.2774,2,0
2675,91.631,53.7165,2,0
2676,232.712,51.863,2,0
2677,314.558,90.6205,2,0
2678,520.22,61.7365,2,0
2679,183.3,74.5452,2,0
2680,566.714,125.27,2,0
2681,151.594,122.457,2,0
2682,253.063,170.08,2,0
2683,232.88,106.92,2,0
2684,6.17371,41.297,2,0
2685,509.633,110.756,2,0
2686,263.312,62.57,2,0
2687,291.892,157.542,2,0
2688,31.8505,49.7908,2,0
2689,414.089,149.492,2,0
2690,6.4988,12.6324,2,0
2691,426.171,26.1491,2,0
2692,333.517,187.212,2,0
2693,545.284,100.936,2,0
2694,98.509,87.0492,2,0
2695,254.576,159.365,2,0
2696,118.035,166.25,2,0
2697,386.787,247.034,2,0
2698,526.737,232.538,2,0
2699,334.797,68.3631,2,0
2700,556.093,80.0061,2,0
2701,543.774,252.383,2,0
2702,72.0767,285.97,2,0
2703,287.247,83.8846,2,0
2704,295.926,117.687,2,0
2705,145.923,242.925,2,0
2706,201.776,27.1707,2,0
2707,117.082,10.2249,2,0
2708,564.035,137.084,2,0
2709,164.849,216.63,2,0
2710,551.689,132.457,2,0
2711,578.831,6.02958,2,0
2712,476.096,75.4682,2,0
2713,413.546,243.426,2,0
2714,376.811,82.0396,2,0
2715,376.41,265.018,2,0
2716,116.908,118.206,2,0
2717,462.852,80.21,2,0
2718,380.093,157.143,2,0
2719,178.249,191.58,2,0
2720,78.3258,204.591,2,0
2721,281.2,47.5025,2,0
2722,94.7234,68.1621,2,0
2723,367.479,15.6022,2,0
2724,564.386,116.275,2,0
2725,386.251,178.111,2,0
2726,373.155,166.008,2,0
2727,204.862,228.74,2,0
2728,561.889,2,2,0
2729,191.585,181.593,2,0
2730,280.82,211.152,2,0
2731,477.463,81.3847,2,0
2732,50.7444,151.393,2,0
2733,580.71,183.559,2,0
2734,269.264,66.5763,2,0
2735,529.342,148.133,2,0
2736,300.335,216.374,2,0
2737,60.9671,81.0193,2,0
2738,89.7304,207.36,2,0
2739,60.1134,262.856,2,0
2740,30.7284,177.79,2,0
2741,229.698,186.12,2,0
2742,414.741,173.327,2,0
2743,210.911,12.3438,2,0
2744,320.083,42.4173,2,0
2745,553.226,283.519,2,0
2746,388.974,32.0699,2,0
2747,132.189,36.3562,2,0
2748,38.8507,21.591,2,0
2749,522.329,55.1586,2,0
2750,458.201,15.0518,2,0
2751,573.794,3.57739,2,0
2752,294.489,39.3511,2,0
2753,348.618,49.2634,2,0
2754,354.33,115.719,2,0
2755,251.999,252.57,2,0
2756,170.443,20.9532,2,0
2757,12.5151,129.099,2,0
2758,570.34,268.157,2,0
2759,580.119,243.457,2,0
2760,513.673,154.008,2,0
2761,586.804,39.8437,2,0
2762,422.469,281.342,2,0
2763,566.99,193.129,2,0
2764,64.5594,200.356,2,0
2765,481.35,32.1853,2,0
2766,120.414,232.006,2,0
2767,500.885,114.39,2,0
2768,369.681,32.3017,2,0
2769,119.852,222.853,2,0
2770,468.614,101.943,2,0
2771,572.501,106.232,2,0
2772,299.566,141.238,2,0
2773,29.2092,59.2964,2,0
2774,589.407,122.24,2,0
2775,3.4566,288.861,2,0
2776,10.9599,172.812,2,0
2777,31.3315,123.688,2,0
2778,149.926,246.755,2,0
2779,6.65464,199.746,2,0
2780,357.823,151.615,2,0
2781,485.182,168.794,2,0
2782,553.634,136.07,2,0
2783,176.236,117.682,2,0
2784,129.391,174.277,2,0
2785,172.159,142.329,2,0
2786,440.302,178.094,2,0
2787,237.982,262.671,2,0
2788,33.8685,53.5687,2,0
2789,321.321,260.371,2,0
2790,128.567,260.554,2,0
2791,456.728,23.0321,2,0
2792,129.02,17.7952,2,0
2793,568.157,261.06,2,0
2794,140.998,59.879,2,0
2795,406.058,294.51,2,0
2796,390.408,270.699,2,0
2797,498.359,258.412,2,0
2798,74.3074,142.595,2,0
2799,399.521,217.344,2,0
2800,98.9794,219.728,2,0
2801,584.418,222.585,2,0
2802,484.68,113.864,2,0
2803,186.34,245.376,2,0
2804,409.762,231.354,2,0
2805,194.772,263.454,2,0
2806,491.089,114.106,2,0
2807,106.349,15.5263,2,0
2808,425.678,243.415,2,0
2809,100.036,163.213,2,0
2810,542.963,94.1171,2,0
2811,146.285,176.856,2,0
2812,191.203,270.663,2,0
2813,279.669,86.1708,2,0
2814,56.571,93.4621,2,0
2815,174.371,224.848,2,0
2816,373.965,274.152,2,0
2817,250.932,198.353,2,0
2818,92.0775,13.9476,2,0
2819,455.636,71.8777,2,0
2820,321.638,51.8357,2,0
2821,208.974,101.086,2,0
2822,439.286,298,2,0
2823,588.055,117.509,2,0
2824,162.257,3.16672,2,0
2825,140.144,70.7812,2,0
2826,29.8779,66.1512,2,0
2827,7.80385,179.649,2,0
2828,305.916,110.209,2,0
2829,386.536,100.825,2,0
2830,160.368,69.054,2,0
2831,320.428,19.0308,2,0
2832,19.458,137.3,2,0
2833,272.152,27.8547,2,0
2834,519.874,121.215,2,0
2835,317.74,22.0873,2,0
2836,323.823,140.266,2,0
2837,528.169,265.767,2,0
2838,161.5,268.535,2,0
2839,126.542,130.102,2,0
2840,562.236,103.275,2,0
2841,23.8737,21.1588,2,0
2842,42.2733,87.2097,2,0
2843,592.503,186.623,2,0
2844,250.039,290.363,2,0
2845,303.269,289.878,2,0
2846,270.512,189.546,2,0
2847,95.7413,54.0288,2,0
2848,545.641,188.642,2,0
2849,477.409,197.892,2,0
2850,73.209,109.75,2,0
2851,188.631,241.97,2,0
2852,204.182,137.471,2,0
2853,588.546,48.7266,2,0
2854,496.193,148.609,2,0
2855,262.699,194.265,2,0
2856,50.9108,176.207,2,0
2857,102.962,97.521,2,0
2858,460.251,118.644,2,0
2859,490.292,289.222,2,0
2860,538.24,158.055,2,0
2861,230.763,260.869,2,0
2862,129.066,122.333,2,0
2863,183.633,231.245,2,0
2864,222.519,266.113,2,0
2865,314.974,76.2286,2,0
2866,2.64593,106.717,2,0
2867,154.219,247.475,2,0
2868,272.533,236.727,2,0
2869,460.832,21.9335,2,0
2870,76.4743,228.604,2,0
2871,408.96,291.64,2,0
2872,152.462,92.0831,2,0
2873,585.174,212.646,2,0
2874,84.3361,268.932,2,0
2875,564.998,232.61,2,0
2876,221.922,70.5925,2,0
2877,4.97173,79.903,2,0
2878,260.946,124.852,2,0
2879,413.896,201.1,2,0
2880,407.42,155.195,2,0
2881,337.226,75.6757,2,0
2882,363.723,145.469,2,0
2883,403.19,153.666,2,0
2884,293.867,51.5683,2,0
2885,89.7186,17.3495,2,0
2886,234.986,168.647,2,0
2887,198.136,2.53845,2,0
2888,242.187,14.7807,2,0
2889,40.0777,129.334,2,0
2890,111.969,129.755,2,0
2891,170.591,116.899,2,0
2892,260.736,252.118,2,0
2893,325.19,96.0226,2,0
2894,230.709,169.02,2,0
2895,356.209,78.2469,2,0
2896,542.501,222.092,2,0
2897,424.797,284.717,2,0
2898,20.1312,284.837,2,0
2899,546.948,174.842,2,0
2900,55.2416,75.8978,2,0
2901,462.144,13.7939,2,0
2902,380.659,257.015,2,0
2903,508.011,190.013,2,0
2904,191.642,118.003,2,0
2905,426.485,163.514,2,0
2906,350.336,114.842,2,0
2907,27.5697,78.9327,2,0
2908,395.662,113.689,2,0
2909,184.476,9.98844,2,0
2910,65.5277,289.8,2,0
2911,407.324,252.194,2,0
2912,38.3069,117.575,2,0
2913,132.754,194.817,2,0
2914,179.392,16.9779,2,0
2915,96.6999,200.288,2,0
2916,328.544,17.384,2,0
2917,208.578,181.503,2,0
2918,256.613,252.123,2,0
2919,139.417,96.2062,2,0
2920,364.479,176.943,2,0
2921,152.517,67.7094,2,0
2922,19.8036,219.202,2,0
2923,262.053,159.926,2,0
2924,553.754,247.264,2,0
2925,338.722,28.1254,2,0
2926,452.048,223.482,2,0
2927,189.954,201.573,2,0
2928,328.701,34.3637,2,0
2929,410.208,133.918,2,0
2930,404.017,93.3365,2,0
2931,59.9158,229.885,2,0
2932,286.723,285.437,2,0
2933,47.4701,117.823,2,0
2934,534.704,288.251,2,0
2935,343.127,149.268,2,0
2936,153.827,284.938,2,0
2937,104.233,219.112,2,0
2938,206.845,121.263,2,0
2939,180.937,62.4256,2,0
2940,96.9647,113.012,2,0
2941,176.624,182.072,2,0
2942,550.339,34.2826,2,0
2943,355.768,155.131,2,0
2944,338.483,155.056,2,0
2945,171.125,241.144,2,0
2946,193.378,161.436,2,0
2947,459.169,253.551,2,0
2948,163.93,172.771,2,0
2949,160.8,154.945,2,0
2950,448.337,62.0508,2,0
2951,422.369,254.074,2,0
2952,74.2027,51.327,2,0
2953,241.971,127.84,2,0
2954,530.537,288.604,2,0
2955,157.411,229.259,2,0
2956,3.78117,275.047,2,0
2957,18.9875,199.217,2,0
2958,403.346,230.718,2,0
2959,291.315,66.5952,2,0
2960,529.814,20.9354,2,0
2961,324.022,121.006,2,0
2962,79.0645,174.683,2,0
2963,426.506,251.429,2,0
2964,274.682,227.754,2,0
2965,46.445,227.969,2,0
2966,556.023,187.806,2,0
2967,226.695,27.6361,2,0
2968,158.892,20.7878,2,0
2969,587.985,8.1522,2,0
2970,480.435,222.762,2,0
2971,183.255,115.849,2,0
2972,43.5108,134.971,2,0
2973,497.942,173.653,2,0
2974,266.227,73.3967,2,0
2975,122.031,298,2,0
2976,35.9184,80.3957,2,0
2977,178.795,69.4441,2,0
2978,370.388,171.47,2,0
2979,536.948,244.876,2,0
2980,453.557,128.605,2,0
2981,418.307,72.6082,2,0
2982,403.435,119.807,2,0
2983,265.121,240.987,2,0
2984,332.905,97.076,2,0
2985,572.673,138.792,2,0
2986,546.12,8.81953,2,0
2987,488.043,149.34,2,0
2988,261.502,94.0884,2,0
2989,302.05,272.795,2,0
2990,15.4028,138.413,2,0
2991,254.648,103.43,2,0
2992,412.634,266.437,2,0
2993,104.679,70.8042,2,0
2994,412.524,109.227,2,0
2995,587.416,84.493,2,0
2996,455.068,12.4908,2,0
2997,448.699,241.781,2,0
2998,242.035,64.3529,2,0
2999,338.447,250.105,2,0
3000,306.088,89.0541,2,0
3001,130.198,231.468,2,0
3002,486.052,144.966,2,0
3003,219.73,299.285,2,0
3004,562.658,70.4814,2,0
3005,299.553,292.065,2,0
3006,349.113,280.944,2,0
3007,135.97,66.181,2,0
3008,185.162,262.712,2,0
3009,34.7489,268.882,2,0
3010,179.163,298,2,0
3011,570.824,156.665,2,0
3012,529.491,37.143,2,0
3013,297.848,122.426,2,0
3014,159.199,85.4419,2,0
3015,19.8021,125.801,2,0
3016,547.373,22.4779,2,0
3017,280.936,174.557,2,0
3018,372.261,197.674,2,0
3019,222.583,234.952,2,0
3020,366.61,200.221,2,0
3021,421.468,168.279,2,0
3022,42.6563,202.805,2,0
3023,474.48,278.502,2,0
3024,95.3718,93.8612,2,0
3025,314.759,50.4819,2,0
3026,448.561,111.811,2,0
3027,11.5788,32.1815,2,0
3028,410.403,119.747,2,0
3029,445.387,143.453,2,0
3030,79.551,107.109,2,0
3031,377.78,100.573,2,0
3032,467.315,70.6518,2,0
3033,419.103,165.048,2,0
3034,534.73,61.6968,2,0
3035,297.426,49.3563,2,0
3036,156.66,242.407,2,0
3037,516.456,105.609,2,0
3038,266.609,191.007,2,0
3039,127.206,113.652,2,0
3040,127.12,109.511,2,0
3041,534.12,128.158,2,0
3042,539.4,288.261,2,0
3043,123.344,160.742,2,0
3044,545.327,90.7845,2,0
3045,235.87,212.495,2,0
3046,492.24,266.907,2,0
3047,326.886,129.125,2,0
3048,149.426,240.977,2,0
3049,590.916,126.138,2,0
3050,599.775,211.796,2,0
3051,311.71,200.545,2,0
3052,487.781,116.402,2,0
3053,425.049,133.104,2,0
3054,552.869,225.435,2,0
3055,217.459,98.9673,2,0
3056,143.248,202.691,2,0
3057,540.769,249.698,2,0
3058,556.827,192.664,2,0
3059,42.0706,250.682,2,0
3060,41.6035,83.1944,2,0
3061,157.85,134.991,2,0
3062,232.61,153.012,2,0
3063,429.296,84.919,2,0
3064,268.047,246.992,2,0
3065,190.294,156.882,2,0
3066,458.294,216.063,2,0
3067,451.974,159.578,2,0
3068,39.8442,79.3304,2,0
3069,88.6183,234.704,2,0
3070,270.96,255.463,2,0
3071,99.5402,52.3153,2,0
3072,430.873,255.75,2,0
3073,345.802,170.079,2,0
3074,134.193,2,2,0
3075,196.425,92.7123,2,0
3076,146.7,111.778,2,0
3077,162.452,285.628,2,0
3078,546.744,238.784,2,0
3079,258.373,116.465,2,0
3080,482.095,166.131,2,0
3081,396.757,273.482,2,0
3082,478.25,148.952,2,0
3083,591.475,297.374,2,0
3084,37.2159,90.8009,2,0
3085,329.784,104.551,2,0
3086,347.491,45.3774,2,0
3087,318.152,290.252,2,0
3088,528.795,81.8262,2,0
3089,93.8408,197.374,2,0
3090,529.939,109.422,2,0
3091,247.222,30.186,2,0
3092,71.4949,135.211,2,0
3093,244.427,247.839,2,0
3094,192.214,292.924,2,0
3095,536.214,83.818,2,0
3096,87.5797,130.392,2,0
3097,125.409,273.075,2,0
3098,331.898,51.629,2,0
3099,57.5757,131.864,2,0
3100,93.9286,274.18,2,0
3101,30.8262,26.5599,2,0
3102,473.98,141.023,2,0
3103,462.718,149.973,2,0
3104,582.334,68.6361,2,0
3105,177.754,42.809,2,0
3106,337.029,103.164,2,0
3107,343.61,134.345,2,0
3108,414.12,298,2,0
3109,571.744,288.164,2,0
3110,368.301,11.4492,2,0
3111,338.968,210.995,2,0
3112,522.46,278.729,2,0
3113,492.711,109.429,2,0
3114,174.799,127.525,2,0
3115,479.908,235.941,2,0
3116,295.237,193.72,2,0
3117,172.089,150.115,2,0
3118,574.52,78.9684,2,0
3119,44.1469,298,2,0
3120,588.354,35.9781,2,0
3121,294.698,281.903,2,0
3122,374.182,43.8405,2,0
3123,223.197,207.107,2,0
3124,53.2485,129.348,2,0
3125,400.854,258.778,2,0
3126,312.866,82.9176,2,0
3127,36.895,149.166,2,0
3128,582.268,96.5304,2,0
3129,500.02,55.3239,2,0
3130,528.312,51.4903,2,0
3131,411.317,62.4406,2,0
3132,518.317,154.704,2,0
3133,457.234,66.3379,2,0
3134,500.561,133.15,2,0
3135,476.958,118.759,2,0
3136,160.357,122.857,2,0
3137,570.334,76.6051,2,0
3138,98.44,224.054,2,0
3139,140.765,156.601,2,0
3140,90.1961,175.929,2,0
3141,292.602,272.265,2,0
3142,512.907,99.7569,2,0
3143,575.958,220.747,2,0
3144,338.899,149.549,2,0
3145,212.661,2.00673,2,0
3146,148.979,225.946,2,0
3147,89.7483,27.9755,2,0
3148,488.685,173.599,2,0
3149,443.973,275.323,2,0
3150,248.183,124.749,2,0
3151,119.902,199.86,2,0
3152,485.077,246.745,2,0
3153,104.835,298,2,0
3154,333.941,245.651,2,0
3155,484.919,6.80098,2,0
3156,353.443,81.1946,2,0
3157,322.285,266.395,2,0
3158,84.3352,273.117,2,0
3159,559.205,185.067,2,0
3160,465.925,136.326,2,0
3161,586.95,22.9789,2,0
3162,417.736,146.76,2,0
3163,585.752,144.591,2,0
3164,4.57683,262.502,2,0
3165,312.237,289.602,2,0
3166,383.018,150.964,2,0
3167,328.337,266.051,2,0
3168,445.58,266.349,2,0
3169,170.696,30.2335,2,0
3170,465.962,30.8022,2,0
3171,38.4888,40.8633,2,0
3172,178.022,209.095,2,0
3173,109.929,119.339,2,0
3174,212.643,164.209,2,0
3175,201.325,140.415,2,0
3176,60.4383,199.945,2,0
3177,502.78,141.189,2,0
3178,48.6312,14.2186,2,0
3179,581.426,49.1635,2,0
3180,67.6381,236.162,2,0
3181,55.6656,85.5202,2,0
3182,74.4021,214.1,2,0
3183,331.043,238.334,2,0
3184,229.491,126.091,2,0
3185,10.9636,144.85,2,0
3186,345.805,121.595,2,0
3187,533.167,164.412,2,0
3188,191.46,254.054,2,0
3189,540.058,85.0941,2,0
3190,326.936,58.9188,2,0
3191,253.254,34.815,2,0
3192,522.819,33.4645,2,0
3193,215.971,36.5686,2,0
3194,273.031,19.5944,2,0
3195,448.028,49.5844,2,0
3196,383.345,40.9548,2,0
3197,253.43,39.8259,2,0
3198,367.386,191.906,2,0
3199,255.41,225.526,2,0
3200,207.144,106.219,2,0
3201,481.352,144.777,2,0
3202,521.363,23.9863,2,0
3203,357.237,6.69866,2,0
3204,549.115,283.582,2,0
3205,307.412,14.7206,2,0
3206,302.505,51.5727,2,0
3207,473.697,93.2781,2,0
3208,418.711,42.9393,2,0
3209,464.577,174.558,2,0
3210,201.404,248.173,2,0
3211,192.944,147.722,2,0
3212,1.63444,7.15481,2,0
3213,186.322,281.287,2,0
3214,42.8479,21.8291,2,0
3215,373.395,30.5289,2,0
3216,484.169,266.196,2,0
3217,436.994,120.732,2,0
3218,484.854,256.08,2,0
3219,154.958,78.0008,2,0
3220,106.934,46.0038,2,0
3221,126.279,85.7461,2,0
3222,469.286,58.1602,2,0
3223,65.1581,130.56,2,0
3224,106.645,134.574,2,0
3225,44.632,191.838,2,0
3226,564.759,167.287,2,0
3227,548.693,191.369,2,0
3228,199.111,255.29,2,0
3229,513.801,129.587,2,0
3230,539.519,76.1812,2,0
3231,398.343,265.778,2,0
3232,315.724,200.563,2,0
3233,213.815,288.498,2,0
3234,284.615,216.102,2,0
3235,566.025,2,2,0
3236,498.705,60.8222,2,0
3237,92.2815,228.538,2,0
3238,364.353,252.501,2,0
3239,444.614,132.265,2,0
3240,140.395,55.2931,2,0
3241,390.871,294.473,2,0
3242,32.8099,261.436,2,0
3243,581.553,78.7237,2,0
3244,217.915,71.6542,2,0
3245,461.027,38.7544,2,0
3246,90.1919,256.284,2,0
3247,585.347,187.049,2,0
3248,325.371,5.85057,2,0
3249,402.565,199.017,2,0
3250,314.335,272.802,2,0
3251,195.828,108.233,2,0
3252,433.87,108.104,2,0
3253,582.112,137.277,2,0
3254,599.177,284.708,2,0
3255,167.519,199.447,2,0
3256,360.628,236.016,2,0
3257,230.607,204.013,2,0
3258,278.809,3.53835,2,0
3259,449.28,259.827,2,0
3260,19.6074,26.1641,2,0
3261,541.747,197.11,2,0
3262,85.1358,121.75,2,0
3263,337.195,125.853,2,0
3264,494.629,68.0441,2,0
3265,47.5286,134.927,2,0
3266,67.8495,11.5597,2,0
3267,467.255,52.5448,2,0
3268,57.5164,226.676,2,0
3269,87.4599,210.864,2,0
3270,100.483,74.4476,2,0
3271,574.708,290.973,2,0
3272,27.5016,45.2086,2,0
3273,132.626,164.781,2,0
3274,283.316,107.833,2,0
3275,343.132,62.3862,2,0
3276,43.2343,285.322,2,0
3277,335.077,237.306,2,0
3278,378.504,128.318,2,0
3279,139.549,299.01,2,0
3280,327.828,274.853,2,0
3281,590.391,87.2809,2,0
3282,5.58674,89.9323,2,0
3283,317.253,6.20481,2,0
3284,76.9188,259.91,2,0
3285,442.032,103.215,2,0
3286,332.537,278.549,2,0
3287,267.467,194.929,2,0
3288,460.279,224.74,2,0
3289,87.1061,118.119,2,0
3290,400.836,25.2978,2,0
3291,85.4763,37.3194,2,0
3292,342.136,153.216,2,0
3293,504.69,26.6922,2,0
3294,375.953,8.33373,2,0
3295,516.512,275.499,2,0
3296,215.176,60.785,2,0
3297,173.673,264.871,2,0
3298,565.096,210.624,2,0
3299,486.988,16.7613,2,0
3300,322.11,59.1604,2,0
3301,10.7799,159.245,2,0
3302,537.994,48.2072,2,0
3303,48.4389,275.416,2,0
3304,540.012,225.231,2,0
3305,508.776,165.963,2,0
3306,77.3546,48.8601,2,0
3307,221.732,185.486,2,0
3308,545.427,4.82331,2,0
3309,299.598,233.58,2,0
3310,390.129,122.865,2,0
3311,275.03,264.055,2,0
3312,58.485,105.571,2,0
3313,488.635,177.705,2,0
3314,65.5055,156.474,2,0
3315,376.04,88.7833,2,0
3316,424.303,110.731,2,0
3317,115.446,250.711,2,0
3318,400.362,2,2,0
3319,46.7639,287.317,2,0
3320,94.4508,225.11,2,0
3321,432.086,148.279,2,0
3322,69.3088,220.723,2,0
3323,382.194,177.406,2,0
3324,235.484,140.721,2,0
3325,121.971,2,2,0
3326,478.539,130.309,2,0
3327,55.9417,239.579,2,0
3328,105.21,31.0059,2,0
3329,29.4098,222.456,2,0
3330,195.951,291.384,2,0
3331,551.783,63.4304,2,0
3332,42.7083,56.5198,2,0
3333,577.501,236.108,2,0
3334,189.874,196.931,2,0
3335,189.304,160.782,2,0
3336,360.417,207.408,2,0
3337,390.064,262.527,2,0
3338,14.6824,292.424,2,0
3339,394.584,282.907,2,0
3340,236.275,112.758,2,0
3341,152.102,230.066,2,0
3342,251.865,47.8,2,0
3343,550.529,30.1557,2,0
3344,166.57,281.285,2,0
3345,73.4849,221.751,2,0
3346,70.5237,144.634,2,0
3347,477.181,95.4981,2,0
3348,4.13145,26.652,2,0
3349,582.146,283.091,2,0
3350,110.837,217.149,2,0
3351,260.751,20.4328,2,0
3352,426.814,76.0526,2,0
3353,144.398,49.746,2,0
3354,51.4289,81.908,2,0
3355,339.341,90.738,2,0
3356,362.847,256.329,2,0
3357,87.962,33.9363,2,0
3358,381.322,139.648,2,0
3359,338.929,235.378,2,0
3360,296.516,269.032,2,0
3361,47.4698,295.759,2,0
3362,296.31,185.956,2,0
3363,538.152,41.189,2,0
3364,131.627,28.3577,2,0
3365,417.191,119.933,2,0
3366,447.891,27.8214,2,0
3367,400.466,156.72,2,0
3368,273.883,58.6592,2,0
3369,512.366,71.5156,2,0
3370,325.801,68.1953,2,0
3371,315.53,149.238,2,0
3372,351.738,155.241,2,0
3373,591.236,178.868,2,0
3374,334.7,133.833,2,0
3375,35.8911,154.216,2,0
3376,136.06,127.076,2,0
3377,38.3974,216.821,2,0
3378,203.403,126.674,2,0
3379,440.117,127.127,2,0
3380,50.8886,119.901,2,0
3381,96.9769,158.132,2,0
3382,7.04519,139.649,2,0
3383,308.599,2,2,0
3384,523.386,287.609,2,0
3385,470.332,236.322,2,0
3386,327.08,168.078,2,0
3387,353.751,12.6527,2,0
3388,278.81,288.672,2,0
3389,283.889,279.406,2,0
3390,192.497,238.764,2,0
3391,538.25,142.781,2,0
3392,444.449,60.6109,2,0
3393,573.53,235.039,2,0
3394,240.232,113.588,2,0
3395,218.481,5.69218,2,0
3396,324.112,2,2,0
3397,8.7577,244.301,2,0
3398,587.623,99.9773,2,0
3399,574.767,49.397,2,0
3400,594.975,31.4014,2,0
3401,111.407,68.8738,2,0
3402,501.002,213.009,2,0
3403,158.415,140.864,2,0
3404,390.054,249.558,2,0
3405,368.984,160.5,2,0
3406,256.347,164.887,2,0
3407,559.879,20.2344,2,0
3408,469.318,125.729,2,0
3409,278.056,152.083,2,0
3410,129.235,39.13,2,0
3411,363.354,273.019,2,0
3412,58.3141,109.649,2,0
3413,500.884,208.818,2,0
3414,419.704,225.901,2,0
3415,478.538,72.2967,2,0
3416,510.593,169.981,2,0
3417,540.305,18.533,2,0
3418,62.5833,143.379,2,0
3419,434.101,136.645,2,0
3420,19.5165,247.173,2,0
3421,316.825,227.482,2,0
3422,158.271,89.4687,2,0
3423,409.633,101.869,2,0
3424,433.383,247.101,2,0
3425,59.6615,76.9976,2,0
3426,422.198,127.961,2,0
3427,174.268,291.459,2,0
3428,193.088,105.158,2,0
3429,43.0289,289.724,2,0
3430,180.826,45.4585,2,0
3431,482.076,188.559,2,0
3432,288.918,258.204,2,0
3433,313.2,61.0274,2,0
3434,320.422,165.15,2,0
3435,88.757,50.7768,2,0
3436,515.264,17.4119,2,0
3437,470.792,256.2,2,0
3438,358.831,255.696,2,0
3439,433.882,263.405,2,0
3440,385.908,214.694,2,0
3441,579.573,262.345,2,0
3442,80.5022,6.45543,2,0
3443,314.124,122.485,2,0
3444,161.583,219.21,2,0
3445,586.949,55.1868,2,0
3446,40.1774,113.84,2,0
3447,562.024,16.7303,2,0
3448,70.5055,7.38565,2,0
3449,382.368,231.205,2,0
3450,537.437,58.7116,2,0
3451,508.829,179.252,2,0
3452,345.379,195.188,2,0
3453,52.3115,189.183,2,0
3454,519.318,251.023,2,0
3455,427.07,259.495,2,0
3456,53.7801,15.836,2,0
3457,93.1935,77.5673,2,0
3458,531.951,180.183,2,0
3459,399.011,233.75,2,0
3460,163.102,119.835,2,0
3461,462.538,275.962,2,0
3462,359.845,120.467,2,0
3463,519.671,173.773,2,0
3464,581.719,115.386,2,0
3465,513.078,268.76,2,0
3466,594.549,12.4993,2,0
3467,26.5646,11.6103,2,0
3468,205.208,285.274,2,0
3469,402.083,7.15289,2,0
3470,438.483,94.0045,2,0
3471,286.821,189.673,2,0
3472,250.407,90.1018,2,0
3473,254.112,92.7918,2,0
3474,477.721,24.8681,2,0
3475,492.359,179.645,2,0
3476,378.081,205.128,2,0
3477,562.385,156.199,2,0
3478,28.762,92.0857,2,0
3479,336.686,113.055,2,0
3480,346.45,103.542,2,0
3481,413.284,87.4753,2,0
3482,356.44,147.377,2,0
3483,320.286,232.154,2,0
3484,147.18,284.667,2,0
3485,474.17,55.9061,2,0
3486,556.274,49.6647,2,0
3487,226.763,101.735,2,0
3488,200.916,229.871,2,0
3489,585.436,153.719,2,0
3490,120.93,136.617,2,0
3491,432.486,127.368,2,0
3492,158.185,246.188,2,0
3493,513.814,232.977,2,0
3494,99.7708,100.672,2,0
3495,191.885,87.2079,2,0
3496,233.779,83.5972,2,0
3497,99.9615,234.761,2,0
3498,405.334,72.6476,2,0
3499,266.082,169.562,2,0
3500,130.232,116.415,2,0
3501,302.598,245.803,2,0
3502,358.964,164.803,2,0
3503,82.3628,132.148,2,0
3504,161.522,232.005,2,0
3505,253.711,281.424,2,0
3506,220.428,168.027,2,0
3507,174.508,238.656,2,0
3508,173.407,64.2499,2,0
3509,96.5165,75.2373,2,0
3510,149.241,65.0859,2,0
3511,461.303,259.197,2,0
3512,47.0772,103.191,2,0
3513,214.448,5.75819,2,0
3514,76.904,77.632,2,0
3515,209.24,293.791,2,0
3516,268.246,117.719,2,0
3517,26.635,73.5499,2,0
3518,224.454,164.476,2,0
3519,118.203,19.2442,2,0
3520,75.9025,6.87392,2,0
3521,317.349,141.901,2,0
3522,456.87,298,2,0
3523,421.512,79.2295,2,0
3524,421.61,1.97269,2,0
3525,310.03,133.666,2,0
3526,241.37,22.7999,2,0
3527,591.704,64.2848,2,0
3528,219.86,259.193,2,0
3529,466.017,223.34,2,0
3530,38.7777,140.515,2,0
3531,390.1,68.0358,2,0
3532,326.575,12.0072,2,0
3533,62.4966,190.218,2,0
3534,375.795,293.78,2,0
3535,52.12,71.8239,2,0
3536,594.201,243.511,2,0
3537,443.04,204.019,2,0
3538,451.822,28.6028,2,0
3539,272.69,50.1013,2,0
3540,48.4662,190.471,2,0
3541,214.617,230.414,2,0
3542,331.505,242.431,2,0
3543,80.687,53.1794,2,0
3544,171.556,94.1719,2,0
3545,384.972,104.681,2,0
3546,497.71,70.8643,2,0
3547,31.891,152.205,2,0
3548,420.677,53.2566,2,0
3549,482.082,132.249,2,0
3550,106.38,53.0489,2,0
3551,396.305,2,2,0
3552,167.087,298,2,0
3553,304.95,46.8047,2,0
3554,95.2477,49.9524,2,0
3555,328.35,185.342,2,0
3556,285.166,244.446,2,0
3557,188.177,251.761,2,0
3558,288.837,194.811,2,0
3559,158.967,278.178,2,0
3560,261.469,164.112,2,0
3561,465.2,292.344,2,0
3562,334.209,141.231,2,0
3563,440.018,146.899,2,0
3564,578.298,26.7723,2,0
3565,522.752,111.233,2,0
3566,560.392,55.4884,2,0
3567,234.632,90.691,2,0
3568,383.068,98.452,2,0
3569,399.962,94.0143,2,0
3570,260.465,98.0445,2,0
3571,143.387,116.224,2,0
3572,519.279,202.486,2,0
3573,490.086,145.798,2,0
3574,195.74,257.615,2,0
3575,352.92,111.603,2,0
3576,173.572,50.5916,2,0
3577,425.941,51.5838,2,0
3578,147.094,123.337,2,0
3579,92.0851,47.4544,2,0
3580,73.2071,195.684,2,0
3581,539.651,66.4985,2,0
3582,124.552,44.6971,2,0
3583,318.852,74.3852,2,0
3584,119.232,187.651,2,0
3585,2.3527,219.032,2,0
3586,345.463,174.1,2,0
3587,7.39912,259.54,2,0
3588,213.703,151.179,2,0
3589,584.558,102.584,2,0
3590,69.6314,2,2,0
3591,31.6228,78.9247,2,0
3592,495.64,5.28326,2,0
3593,361.788,6.19849,2,0
3594,597.641,276.949,2,0
3595,347.993,261.696,2,0
3596,65.4892,219.185,2,0
3597,53.7513,148.683,2,0
3598,36.0026,114.285,2,0
3599,532.068,191.949,2,0
3600,24.7299,216.212,2,0
3601,577.523,181.134,2,0
3602,187.01,130.794,2,0
3603,234.717,95.9579,2,0
3604,127.111,239.138,2,0
3605,38.5709,94.5977,2,0
3606,17.9402,122.18,2,0
3607,570.736,149.142,2,0
3608,150.745,23.0552,2,0
3609,56.6977,151.594,2,0
3610,341.044,158.197,2,0
3611,222.09,81.2321,2,0
3612,390.221,110.45,2,0
3613,598.374,295.126,2,0
3614,299.928,145.748,2,0
3615,159.499,239.443,2,0
3616,568.66,107.644,2,0
3617,126.723,214.555,2,0
3618,44.259,142.753,2,0
3619,163.914,259.051,2,0
3620,480.615,250.781,2,0
3621,364.782,222.63,2,0
3622,108.686,49.6197,2,0
3623,187.025,33.5213,2,0
3624,389.421,104.879,2,0
3625,234.125,282.621,2,0
3626,413.885,181.343,2,0
3627,256.297,193.243,2,0
3628,31.4939,132.961,2,0
3629,505.209,182.093,2,0
3630,370.974,226.005,2,0
3631,91.0285,242.593,2,0
3632,575.121,65.6168,2,0
3633,354.314,180.448,2,0
3634,510.049,56.3496,2,0
3635,189.08,127.34,2,0
3636,135.734,92.0089,2,0
3637,145.727,20.4109,2,0
3638,290.943,13.6513,2,0
3639,451.141,94.9023,2,0
3640,387.375,289.795,2,0
3641,397.443,138.951,2,0
3642,74.9399,32.314,2,0
3643,253.34,142.794,2,0
3644,488.88,222.299,2,0
3645,149.47,267.29,2,0
3646,288.295,225.895,2,0
3647,535.727,65.7086,2,0
3648,125.226,229.08,2,0
3649,372.56,81.3544,2,0
3650,381.809,125.932,2,0
3651,436.208,9.32486,2,0
3652,230.163,75.4598,2,0
3653,308.572,27.4484,2,0
3654,348.89,152.179,2,0
3655,167.419,247.519,2,0
3656,218.753,175.448,2,0
3657,466.012,179.658,2,0
3658,469.556,154.293,2,0
3659,165.915,164.722,2,0
3660,167.687,26.6259,2,0
3661,97.3388,146.22,2,0
3662,180.386,276.928,2,0
3663,255.026,54.2455,2,0
3664,48.1332,87.6323,2,0
3665,273.502,72.631,2,0
3666,15.833,154.002,2,0
3667,207.569,110.215,2,0
3668,520.338,97.3624,2,0
3669,241.658,72.9656,2,0
3670,464.456,56.1825,2,0
3671,317.361,256.865,2,0
3672,473.558,190.902,2,0
3673,180.652,8.56718,2,0
3674,340.4,287.191,2,0
3675,109.177,9.40655,2,0
3676,311.474,205.206,2,0
3677,361.251,179.397,2,0
3678,94.3815,24.0571,2,0
3679,491.235,90.2,2,0
3680,184.297,43.3242,2,0
3681,267.43,56.3619,2,0
3682,285.931,119.17,2,0
3683,165.452,185.133,2,0
3684,157.332,37.018,2,0
3685,523.078,186.157,2,0
3686,351.127,17.9205,2,0
3687,494.305,183.531,2,0
3688,352.629,263.304,2,0
3689,68.9549,78.8667,2,0
3690,574.925,157.158,2,0
3691,293.789,208.812,2,0
3692,217.762,53.2121,2,0
3693,578.129,96.2996,2,0
3694,86.5585,169.647,2,0
3695,422.101,174.639,2,0
3696,1.99349,129.575,2,0
3697,337.637,207.09,2,0
3698,493.332,51.6976,2,0
3699,518.201,191.95,2,0
3700,450.281,276.927,2,0
3701,591.84,78.5505,2,0
3702,156.465,236.795,2,0
3703,54.1749,47.4802,2,0
3704,452.086,252.212,2,0
3705,395.515,13.0322,2,0
3706,64.0158,151.53,2,0
3707,428.65,240.579,2,0
3708,382.956,241.189,2,0
3709,157.829,31.362,2,0
3710,276.516,200.54,2,0
3711,551.741,149.222,2,0
3712,472.641,135.416,2,0
3713,269.151,163.211,2,0
3714,567.988,180.079,2,0
3715,211.623,210.147,2,0
3716,100.397,110.863,2,0
3717,483.66,287.294,2,0
3718,529.361,2,2,0
3719,98.7803,44.1092,2,0
3720,443.166,74.6355,2,0
3721,575.416,135.862,2,0
3722,345.201,185.606,2,0
3723,177.773,105.581,2,0
3724,556.468,223.608,2,0
3725,332.065,274.482,2,0
3726,520.648,274.455,2,0
3727,185.471,236.255,2,0
3728,28.0592,29.4963,2,0
3729,535.9,181.669,2,0
3730,11.7093,247.067,2,0
3731,72.4854,62.4649,2,0
3732,384.447,218.612,2,0
3733,15.6113,118.847,2,0
3734,17.206,92.4144,2,0
3735,497.103,206.871,2,0
3736,357.592,100.411,2,0
3737,5.16549,250.88,2,0
3738,441.088,184.532,2,0
3739,66.4674,258.406,2,0
3740,469.996,19.1436,2,0
3741,231.366,226.235,2,0
3742,102.036,146.004,2,0
3743,463.199,242.448,2,0
3744,42.6201,139.066,2,0
3745,175.95,196.904,2,0
3746,127.134,35.6367,2,0
3747,279.321,161.81,2,0
3748,75.5912,269.04,2,0
3749,554.981,21.1132,2,0
3750,403.055,76.746,2,0
3751,340.22,36.5732,2,0
3752,569.426,227.442,2,0
3753,248.021,239.032,2,0
3754,39.3031,4.47632,2,0
3755,411.319,208.556,2,0
3756,236.361,243.13,2,0
3757,505.122,89.4848,2,0
3758,140.749,161.152,2,0
3759,5.83289,59.8176,2,0
3760,116.656,151.008,2,0
3761,130.191,298,2,0
3762,213.617,158.205,2,0
3763,424.126,239.635,2,0
3764,17.0666,58.3147,2,0
3765,82.6072,252.795,2,0
3766,38.4284,171.315,2,0
3767,278.156,258.41,2,0
3768,374.21,105.446,2,0
3769,434.823,59.8146,2,0
3770,436.078,77.0812,2,0
3771,385.973,265.549,2,0
3772,242.094,219.294,2,0
3773,573.664,277.952,2,0
3774,279.304,140.493,2,0
3775,380.863,55.3404,2,0
3776,384.181,72.4685,2,0
3777,83.7227,156.375,2,0
3778,379.08,239.971,2,0
3779,53.6325,112.704,2,0
3780,593.838,142.055,2,0
3781,417.641,160.875,2,0
3782,437.793,252.55,2,0
3783,225.842,184.638,2,0
3784,417.847,93.2524,2,0
3785,211.84,37.3234,2,0
3786,104.715,149.161,2,0
3787,464.939,25.2217,2,0
3788,582.866,180.145,2,0
3789,187.316,81.8772,2,0
3790,121.786,236.15,2,0
3791,48.7675,42.4162,2,0
3792,2.6179,196.049,2,0
3793,283.572,97.5667,2,0
3794,8.63108,210.576,2,0
3795,215.429,171.307,2,0
3796,36.8114,44.9367,2,0
3797,303.016,168.697,2,0
3798,251.248,262.357,2,0
3799,66.7097,90.4154,2,0
3800,244.67,254.961,2,0
3801,56.9632,18.2602,2,0
3802,376.132,177.913,2,0
3803,490.169,165.578,2,0
3804,463.055,9.87467,2,0
3805,151.514,17.2869,2,0
3806,460.248,245.315,2,0
3807,434.425,55.4032,2,0
3808,172.046,261.066,2,0
3809,399.377,188.643,2,0
3810,312.426,25.4555,2,0
3811,548.522,185.59,2,0
3812,412.082,212.552,2,0
3813,108.148,211.026,2,0
3814,352.92,253.203,2,0
3815,315.263,54.5137,2,0
3816,431.132,144.29,2,0
3817,24.8653,69.8373,2,0
3818,151.493,178.716,2,0
3819,118.494,103.46,2,0
3820,294.637,154.178,2,0
3821,226.296,6.59612,2,0
3822,55.0281,176.215,2,0
3823,482.869,292.702,2,0
3824,80.4623,13.5245,2,0
3825,284.228,288.745,2,0
3826,337.965,167.291,2,0
3827,119.801,173.976,2,0
3828,89.2762,148.871,2,0
3829,308.515,214.985,2,0
3830,85.084,242.179,2,0
3831,156.864,16.2725,2,0
3832,270.92,272.38,2,0
3833,387.46,172.922,2,0
3834,576.707,169.367,2,0
3835,556.953,228.777,2,0
3836,136.174,70.2439,2,0
3837,559.815,189.108,2,0
3838,187.121,296.779,2,0
3839,414.855,189.57,2,0
3840,146.967,234.351,2,0
3841,65.5704,53.5075,2,0
3842,455.478,255.701,2,0
3843,453.035,294.27,2,0
3844,590.024,147.446,2,0
3845,321.244,270.373,2,0
3846,261.026,298,2,0
3847,117.927,257.09,2,0
3848,118.003,170.318,2,0
3849,41.5605,63.2421,2,0
3850,254.729,129.893,2,0
3851,422.891,265.981,2,0
3852,98.4884,246.955,2,0
3853,135.723,40.7539,2,0
3854,282.28,148.15,2,0
3855,31.3079,190.005,2,0
3856,18.8384,280.898,2,0
3857,11.853,75.6877,2,0
3858,399.822,108.057,2,0
3859,437.82,224.861,2,0
3860,285.858,181.101,2,0
3861,119.284,155.042,2,0
3862,12.3019,178.85,2,0
3863,452.351,43.6417,2,0
3864,212.052,52.8518,2,0
3865,302.207,69.0652,2,0
3866,145.59,168.983,2,0
3867,482.431,208.853,2,0
3868,394.577,255.597,2,0
3869,2.79003,146.573,2,0
3870,472.806,8.66434,2,0
3871,150.195,95.4158,2,0
3872,206.128,171.955,2,0
3873,251.011,119.429,2,0
3874,507.541,8.98722,2,0
3875,572.831,114.85,2,0
3876,44.9474,176.467,2,0
3877,507.418,77.1176,2,0
3878,265.347,31.5123,2,0
3879,225.317,110.857,2,0
3880,146.467,72.7992,2,0
3881,371.109,237.02,2,0
3882,167.44,210.471,2,0
3883,353.693,151.691,2,0
3884,538.18,201.581,2,0
3885,537.099,177.688,2,0
3886,161.953,31.271,2,0
3887,21.6956,133.803,2,0
3888,242.68,168.422,2,0
3889,460.458,231.082,2,0
3890,6.79833,129.759,2,0
3891,335.196,190.901,2,0
3892,36.2849,275.533,2,0
3893,424.127,151.568,2,0
3894,206.97,81.6193,2,0
3895,343.524,292.654,2,0
3896,256.875,122.169,2,0
3897,241.365,145.076,2,0
3898,55.7746,168.074,2,0
3899,336.083,8.72833,2,0
3900,331.679,260.445,2,0
3901,8.98276,186.621,2,0
3902,61.8329,280.868,2,0
3903,325.752,51.0555,2,0
3904,29.7795,70.9692,2,0
3905,205.441,114.892,2,0
3906,450.239,98.8703,2,0
3907,313.355,21.4938,2,0
3908,200.128,275.136,2,0
3909,12.679,47.7286,2,0
3910,547.136,197.121,2,0
3911,380.456,83.8606,2,0
3912,443.849,125.113,2,0
3913,69.0257,22.2459,2,0
3914,291.659,219.95,2,0
3915,382.769,211.893,2,0
3916,337.625,139.059,2,0
3917,253.963,248.939,2,0
3918,104.573,213.171,2,0
3919,341.59,81.521,2,0
3920,235.045,7.51437,2,0
3921,499.126,239.467,2,0
3922,73.95,187.924,2,0
3923,412.255,258.295,2,0
3924,24.1376,285.717,2,0
3925,530.857,43.7364,2,0
3926,168.927,274.306,2,0
3927,311.784,174.282,2,0
3928,503.367,96.3208,2,0
3929,543.923,286.994,2,0
3930,254.398,186.421,2,0
3931,227.624,172.633,2,0
3932,29.8567,20.8111,2,0
3933,124.732,169.721,2,0
3934,370.811,5.67396,2,0
3935,229.653,287.635,2,0
3936,153.25,294.687,2,0
3937,570.977,298,2,0
3938,266.057,160.655,2,0
3939,151.762,34.0675,2,0
3940,342.569,181.305,2,0
3941,12.7481,201.8,2,0
3942,390.67,92.1919,2,0
3943,537.02,284.977,2,0
3944,304.387,96.1874,2,0
3945,599.968,154.28,2,0
3946,295.511,110.292,2,0
3947,24.2732,279.496,2,0
3948,188.76,60.1105,2,0
3949,357.763,2,2,0
3950,27.7562,49.3261,2,0
3951,563.208,239.156,2,0
3952,170.618,127.017,2,0
3953,349.985,196.632,2,0
3954,4.56169,192.503,2,0
3955,208.795,240.555,2,0
3956,295.6,277.947,2,0
3957,324.436,55.5643,2,0
3958,24.8947,228.033,2,0
3959,493.225,170.176,2,0
3960,1.27013,249.763,2,0
3961,45.8012,83.7546,2,0
3962,419.68,245.827,2,0
3963,516.471,151.128,2,0
3964,361.984,25.4148,2,0
3965,49.2351,235.34,2,0
3966,258.497,222.865,2,0
3967,439,210.117,2,0
3968,498.97,160.819,2,0
3969,269.391,167.293,2,0
3970,30.1624,88.0821,2,0
3971,402.85,234.878,2,0
3972,173.957,204.605,2,0
3973,33.3796,210.551,2,0
3974,365.924,152.885,2,0
3975,427.718,115.379,2,0
3976,574.165,74.9424,2,0
3977,251.193,180.991,2,0
3978,374.152,85.1298,2,0
3979,508.841,141.572,2,0
3980,195.991,62.2561,2,0
3981,422.838,178.666,2,0
3982,18.9091,85.2369,2,0
3983,507.779,198.925,2,0
3984,5.98949,293.797,2,0
3985,90.1771,43.9072,2,0
3986,212.618,92.5844,2,0
3987,212.874,241.066,2,0
3988,296.822,190.038,2,0
3989,209.097,50.0771,2,0
3990,221.153,97.3,2,0
3991,88.0718,40.4457,2,0
3992,452.167,174.822,2,0
3993,274.669,126.677,2,0
3994,433.024,214.154,2,0
3995,365.211,50.8842,2,0
3996,203.074,176.948,2,0
3997,92.9521,90.5534,2,0
3998,310.825,154.681,2,0
3999,515.037,250.754,2,0
4000,347.609,298,2,0
4001,447.799,182.107,2,0
4002,161.388,227.949,2,0
4003,57.0803,54.8362,2,0
4004,458.523,188.813,2,0
4005,566.797,170.805,2,0
4006,21.3335,176.446,2,0
4007,58.3954,144.142,2,0
4008,333.053,119.676,2,0
4009,569.406,32.709,2,0
4010,231.383,93.2358,2,0
4011,159.361,255.982,2,0
4012,182.425,81.2295,2,0
4013,484.594,83.5405,2,0
4014,0.4825,150.162,2,0
4015,386.627,202.119,2,0
4016,584,52.4635,2,0
4017,99.0879,207.758,2,0
4018,379.259,96.708,2,0
4019,314.519,165.372,2,0
4020,22.4406,122.644,2,0
4021,66.1998,110.066,2,0
4022,150.577,133.968,2,0
4023,414.509,32.4736,2,0
4024,363.258,284.018,2,0
4025,208.378,3.54551,2,0
4026,378.992,282.8,2,0
4027,199.613,266.589,2,0
4028,140.107,205.299,2,0
4029,479.378,77.781,2,0
4030,244.796,40.7925,2,0
4031,198.664,251.111,2,0
4032,370.333,280.209,2,0
4033,14.4172,142.757,2,0
4034,102.597,273.187,2,0
4035,505.863,43.0168,2,0
4036,337.423,22.326,2,0
4037,561.204,242.735,2,0
4038,452.729,205.546,2,0
4039,223.577,199.753,2,0
4040,362.884,21.0599,2,0
4041,373.055,222.418,2,0
4042,542.662,208.182,2,0
4043,418.059,6.01368,2,0
4044,562.022,49.538,2,0
4045,142.723,275.277,2,0
4046,575.396,274.245,2,0
4047,12.8142,283.765,2,0
4048,283.071,90.6319,2,0
4049,299.365,211.932,2,0
4050,85.5445,285.157,2,0
4051,485.222,192.197,2,0
4052,384.597,62.0322,2,0
4053,150.726,86.7448,2,0
4054,168.646,263.211,2,0
4055,514.918,141.353,2,0
4056,564.573,108.321,2,0
4057,112.008,258.938,2,0
4058,220.561,111.475,2,0
4059,318.742,193.241,2,0
4060,368.057,250.569,2,0
4061,226.21,45.3501,2,0
4062,64.9873,206.814,2,0
4063,245.082,9.47876,2,0
4064,592.007,39.9822,2,0
4065,390.256,224.855,2,0
4066,32.9292,227.889,2,0
4067,11.9485,217.686,2,0
4068,228.577,257.345,2,0
4069,360.732,250.674,2,0
4070,69.1363,159.372,2,0
4071,451.243,86.3413,2,0
4072,164.545,156.577,2,0
4073,539.472,34.5589,2,0
4074,558.199,103.362,2,0
4075,278.047,129.044,2,0
4076,263.943,264.369,2,0
4077,182.568,153.882,2,0
4078,585.665,139.268,2,0
4079,64.8491,140.064,2,0
4080,161.329,98.672,2,0
4081,2.99327,205.642,2,0
4082,596.006,135.018,2,0
4083,108.186,162.38,2,0
4084,38.3137,193.417,2,0
4085,90.3763,24.0042,2,0
4086,269.299,263.513,2,0
4087,43.853,123.269,2,0
4088,50.7272,223.404,2,0
4089,23.9246,50.7265,2,0
4090,521.037,197.929,2,0
4091,106.872,104.936,2,0
4092,402.286,296.31,2,0
4093,100.909,159.248,2,0
4094,585.871,70.8941,2,0
4095,431.782,140.043,2,0
4096,579.193,275.573,2,0
4097,304.451,26.9074,2,0
4098,492.965,162.12,2,0
4099,559.45,207.594,2,0
4100,527.988,248.556,2,0
4101,551.765,16.5824,2,0
4102,123.957,116.18,2,0
4103,289.991,52.7021,2,0
4104,452.876,24.2839,2,0
4105,360.358,64.4848,2,0
4106,391.022,286.018,2,0
4107,406.511,65.3315,2,0
4108,318.251,197.316,2,0
4109,281.475,261.799,2,0
4110,299.393,86.7104,2,0
4111,541.232,57.1558,2,0
4112,70.3959,282.325,2,0
4113,181.839,2,2,0
4114,191.679,207.331,2,0
4115,192.44,91.5748,2,0
4116,282.269,159.088,2,0
4117,376.123,155.63,2,0
4118,533.536,153.593,2,0
4119,502.782,229.74,2,0
4120,475.854,235.763,2,0
4121,43.0021,6.04524,2,0
4122,465.454,44.3215,2,0
4123,20.6099,47.4439,2,0
4124,525.469,79.1676,2,0
4125,141.364,145.609,2,0
4126,370.17,78.1392,2,0
4127,132.366,119.872,2,0
4128,536.922,297.135,2,0
4129,493.925,140.374,2,0
4130,287.234,106.84,2,0
4131,201.413,271.292,2,0
4132,409.965,85.1522,2,0
4133,345.125,114.91,2,0
4134,61.2897,208.386,2,0
4135,267.401,35.1596,2,0
4136,109.711,55.4505,2,0
4137,171.736,26.2938,2,0
4138,9.26693,250.237,2,0
4139,241.931,164.446,2,0
4140,119.592,159.17,2,0
4141,569.614,135.917,2,0
4142,477.087,272.158,2,0
4143,414.866,24.564,2,0
4144,94.3036,143.382,2,0
4145,199.533,184.838,2,0
4146,105.832,112.404,2,0
4147,467.912,158.137,2,0
4148,44.3234,198.489,2,0
4149,549.876,205.285,2,0
4150,569.071,212.107,2,0
4151,12.813,234.694,2,0
4152,410.745,254.586,2,0
4153,578.61,112.63,2,0
4154,233.089,131.455,2,0
4155,427.765,67.4733,2,0
4156,494.179,166.223,2,0
4157,229.916,213.924,2,0
4158,115.139,32.2855,2,0
4159,100.458,227.611,2,0
4160,238.078,288.757,2,0
4161,92.0721,202.05,2,0
4162,549.312,81.9509,2,0
4163,531.339,119.984,2,0
4164,78.8439,164.867,2,0
4165,225.693,11.4537,2,0
4166,402.475,244.148,2,0
4167,466.387,7.48415,2,0
4168,372.395,116.607,2,0
4169,536.321,171.005,2,0
4170,37.6914,159.187,2,0
4171,330.37,67.8699,2,0
4172,177.897,245.181,2,0
4173,88.8839,154.281,2,0
4174,358.837,44.0968,2,0
4175,334.094,195.725,2,0
4176,402.595,194.996,2,0
4177,79.2609,272.289,2,0
4178,568.396,152.529,2,0
4179,218.748,146.604,2,0
4180,142.083,18.445,2,0
4181,188.033,85.9279,2,0
4182,36.8842,189.538,2,0
4183,550.223,172.235,2,0
4184,305.074,265.135,2,0
4185,224.591,143.45,2,0
4186,388.764,144.495,2,0
4187,373.81,261.188,2,0
4188,299.602,276.163,2,0
4189,267.576,86.5442,2,0
4190,67.1082,278.847,2,0
4191,45.4458,9.29649,2,0
4192,508.228,92.5167,2,0
4193,56.6593,234.198,2,0
4194,599.372,98.4303,2,0
4195,259.56,211.705,2,0
4196,242.648,150.848,2,0
4197,544.26,218.475,2,0
4198,496.86,121.203,2,0
4199,261.7,289.21,2,0
4200,137.992,112.312,2,0
4201,52.0827,277.239,2,0
4202,509.905,293.64,2,0
4203,238.428,227.003,2,0
4204,293.647,251.608,2,0
4205,269.861,53.167,2,0
4206,587.985,133.262,2,0
4207,483.23,136.162,2,0
4208,63.9583,12.9459,2,0
4209,540.983,231.788,2,0
4210,211.648,154.65,2,0
4211,201.412,258.76,2,0
4212,382.015,121.843,2,0
4213,267.246,0.152187,2,0
4214,316.35,80.0488,2,0
4215,262.8,136.115,2,0
4216,377.575,39.4819,2,0
4217,242.677,68.3694,2,0
4218,302.24,131.15,2,0
4219,98.001,60.376,2,0
4220,387.576,256.035,2,0
4221,62.8796,117.497,2,0
4222,81.0527,121.413,2,0
4223,5.95943,280.066,2,0
4224,132.396,57.1121,2,0
4225,92.9328,155.728,2,0
4226,126.162,63.6717,2,0
4227,329.842,94.4226,2,0
4228,420.257,9.42926,2,0
4229,308.439,162.914,2,0
4230,175.858,252.139,2,0
4231,362.975,109.402,2,0
4232,273.868,173.887,2,0
4233,76.6805,284.367,2,0
4234,96.715,83.4364,2,0
4235,145.243,255.06,2,0
4236,202.133,2,2,0
4237,517.14,283.761,2,0
4238,141.397,175.285,2,0
4239,245.273,295.027,2,0
4240,280.171,155.499,2,0
4241,160.374,282.027,2,0
4242,20.7943,228.07,2,0
4243,181.703,234.796,2,0
4244,47.511,72.8555,2,0
4245,279.773,144.666,2,0
4246,549.914,59.8318,2,0
4247,495.49,125.053,2,0
4248,225.992,72.7734,2,0
4249,185.321,138.612,2,0
4250,547.94,216.389,2,0
4251,488.335,85.3604,2,0
4252,335.944,146.832,2,0
4253,382.335,249.97,2,0
4254,100.138,12.0534,2,0
4255,164.323,61.6137,2,0
4256,255.212,180.985,2,0
4257,591.685,250.834,2,0
4258,249.247,171.777,2,0
4259,299.823,2,2,0
4260,7.53296,109.983,2,0
4261,82.0841,93.4752,2,0
4262,474.863,207.186,2,0
4263,140.705,267.859,2,0
4264,571.077,55.3106,2,0
4265,93.966,60.5852,2,0
4266,325.439,225.4,2,0
4267,479.857,228.749,2,0
4268,394.272,73.1967,2,0
4269,7.14038,4.17048,2,0
4270,386.33,120.402,2,0
4271,490.47,285.226,2,0
4272,442.128,151.123,2,0
4273,23.5,137.713,2,0
4274,524.312,98.684,2,0
4275,459.356,26.1494,2,0
4276,19.1023,141.337,2,0
4277,193.228,250.001,2,0
4278,2.9938,169.822,2,0
4279,377.103,220.836,2,0
4280,7.84416,170.108,2,0
4281,322.936,294.679,2,0
4282,528.68,135.579,2,0
4283,62.3707,37.0783,2,0
4284,191.33,112.625,2,0
4285,360.675,93.3881,2,0
4286,343.582,130.325,2,0
4287,274.495,186.328,2,0
4288,304.364,225.011,2,0
4289,514.863,13.0462,2,0
4290,575.774,147.969,2,0
4291,356.757,245.112,2,0
4292,134.511,247.177,2,0
4293,64.0775,215.347,2,0
4294,486.897,241.879,2,0
4295,512.963,273.628,2,0
4296,554.305,32.9629,2,0
4297,170.141,213.646,2,0
4298,58.9405,6.27928,2,0
4299,472.447,100.346,2,0
4300,572.144,29.6198,2,0
4301,390.656,100.855,2,0
4302,414.63,43.8609,2,0
4303,36.9173,226.988,2,0
4304,361.949,241.314,2,0
4305,139.822,27.7151,2,0
4306,126.944,177.511,2,0
4307,554.918,152.189,2,0
4308,493.32,211.576,2,0
4309,108.469,97.9233,2,0
4310,562.417,143.594,2,0
4311,567.434,205.74,2,0
4312,421.714,161.664,2,0
4313,270.721,99.9728,2,0
4314,485.633,277.679,2,0
4315,183.608,179.63,2,0
4316,104.702,21.6698,2,0
4317,361.42,37.3292,2,0
4318,552.764,191.736,2,0
4319,64.4022,211.293,2,0
4320,69.9085,37.1144,2,0
4321,548.456,227.745,2,0
4322,434.183,222.956,2,0
4323,179.401,78.5077,2,0
4324,179.31,84.0897,2,0
4325,473.67,60.908,2,0
4326,166.22,203.256,2,0
4327,343.206,92.1744,2,0
4328,565.678,290.001,2,0
4329,348.313,107.111,2,0
4330,171.311,9.31407,2,0
4331,298.287,152.143,2,0
4332,324.246,277.455,2,0
4333,534.26,6.03449,2,0
4334,349.406,9.6077,2,0
4335,73.5915,125.933,2,0
4336,115.576,225.479,2,0
4337,409.675,216.084,2,0
4338,552.666,26.4932,2,0
4339,144.775,173.033,2,0
4340,410.834,220.312,2,0
4341,37.7592,64.8019,2,0
4342,128.513,67.1839,2,0
4343,173.865,244.168,2,0
4344,68.959,131.993,2,0
4345,279.309,284.571,2,0
4346,531.437,168.034,2,0
4347,337.284,265.044,2,0
4348,379.186,10.7191,2,0
4349,445.585,177.096,2,0
4350,299.463,160.508,2,0
4351,531.627,230.772,2,0
4352,375.692,225.508,2,0
4353,435.494,186.348,2,0
4354,99.1818,269.994,2,0
4355,532.982,23.5362,2,0
4356,417.883,181.907,2,0
4357,5.87484,221.106,2,0
4358,248.552,141.312,2,0
4359,378.276,104.622,2,0
4360,340.68,162.317,2,0
4361,577.175,229.977,2,0
4362,574.836,53.5263,2,0
4363,214.129,68.6897,2,0
4364,551.502,85.7835,2,0
4365,472.959,161.625,2,0
4366,276.013,62.1324,2,0
4367,127.184,186.844,2,0
4368,384.995,237.699,2,0
4369,326.675,209.288,2,0
4370,12.4878,36.4218,2,0
4371,337.697,199.588,2,0
4372,303.973,176.672,2,0
4373,146.703,262.256,2,0
4374,401.064,269.908,2,0
4375,542.963,117.181,2,0
4376,549.431,144.92,2,0
4377,552.305,291.455,2,0
4378,154.93,176.359,2,0
4379,179.817,150.778,2,0
4380,227.366,227.961,2,0
4381,206.966,97.5635,2,0
4382,508.108,281.739,2,0
4383,566.626,280.729,2,0
4384,392.547,151.009,2,0
4385,170.369,284.69,2,0
4386,278.722,217.829,2,0
4387,408.125,211.565,2,0
4388,336.31,295.913,2,0
4389,67.2191,203.419,2,0
4390,460.53,267.974,2,0
4391,5.96548,30.9192,2,0
4392,118.857,253.095,2,0
4393,34.0957,217.495,2,0
4394,388.522,44.8935,2,0
4395,50.3176,59.3872,2,0
4396,127.672,91.5253,2,0
4397,329.195,125.768,2,0
4398,53.8211,228.542,2,0
4399,227.599,235.326,2,0
4400,114.523,294.893,2,0
4401,518.339,82.788,2,0
4402,584.394,278.913,2,0
4403,339.233,292.818,2,0
4404,51.197,258.188,2,0
4405,56.1924,22.2783,2,0
4406,194.927,67.2552,2,0
4407,513.633,137.483,2,0
4408,300.6,93.5126,2,0
4409,296.534,79.6695,2,0
4410,79.048,190.992,2,0
4411,104.712,118.462,2,0
4412,80.823,102.711,2,0
4413,238.191,218.376,2,0
4414,134.426,231.375,2,0
4415,417.612,12.6535,2,0
4416,363.997,226.587,2,0
4417,301.732,123.499,2,0
4418,72.6878,12.1387,2,0
4419,113.81,229.259,2,0
4420,539.655,9.41771,2,0
4421,239.577,214.109,2,0
4422,375.264,121.137,2,0
4423,123.898,265.477,2,0
4424,279.924,7.38427,2,0
4425,102.53,136.58,2,0
4426,446.581,115.6,2,0
4427,382.534,94.187,2,0
4428,228.858,50.6852,2,0
4429,339.763,298,2,0
4430,336.449,99.0105,2,0
4431,59.0871,175.948,2,0
4432,144.157,258.948,2,0
4433,244.382,172.216,2,0
4434,493.167,191.529,2,0
4435,298.252,5.74681,2,0
4436,145.416,2.8367,2,0
4437,382.079,196.1,2,0
4438,381.72,102.25,2,0
4439,559.851,63.0727,2,0
4440,10.8042,192.921,2,0
4441,43.4159,278.595,2,0
4442,297.53,17.9203,2,0
4443,99.9047,149.501,2,0
4444,301.436,229.995,2,0
4445,137.548,144.275,2,0
4446,350.08,218.424,2,0
4447,538.799,138.624,2,0
4448,298.037,53.4839,2,0
4449,164.835,116.065,2,0
4450,520.077,107.468,2,0
4451,18.8094,264.936,2,0
4452,373.772,101.296,2,0
4453,466.85,128.942,2,0
4454,333.791,105.539,2,0
4455,410.868,195.428,2,0
4456,59.2879,24.8371,2,0
4457,477.858,46.2684,2,0
4458,141.19,255.951,2,0
4459,203.213,213.865,2,0
4460,386.726,210.727,2,0
4461,258.595,265.829,2,0
4462,7.26685,114.111,2,0
4463,402.557,97.08,2,0
4464,238.406,234.853,2,0
4465,254.53,155.168,2,0
4466,501.939,136.916,2,0
4467,87.2941,13.2226,2,0
4468,296.188,219.373,2,0
4469,593.664,237.784,2,0
4470,117.991,35.1607,2,0
4471,492.668,227.685,2,0
4472,383.803,287.995,2,0
4473,259.199,200.994,2,0
4474,334.666,29.2547,2,0
4475,576.787,36.1391,2,0
4476,476.301,35.0138,2,0
4477,263.314,215.622,2,0
4478,598.791,194.527,2,0
4479,493.065,195.66,2,0
4480,19.9851,256.089,2,0
4481,572.787,202.681,2,0
4482,105.665,256.187,2,0
4483,265.097,178.256,2,0
4484,144.25,108.53,2,0
4485,564.162,178.747,2,0
4486,171.393,209.51,2,0
4487,362.968,186.787,2,0
4488,407.172,280.595,2,0
4489,405.898,127.375,2,0
4490,127.175,59.7406,2,0
4491,251.784,270.698,2,0
4492,234.763,260.088,2,0
4493,274.992,255.672,2,0
4494,346.727,234.552,2,0
4495,429.118,174.114,2,0
4496,230.621,21.4574,2,0
4497,70.1683,45.1442,2,0
4498,534.537,124.037,2,0
4499,356.684,92.6113,2,0
4500,235.893,223.7,2,0
4501,250.169,166.298,2,0
4502,173.807,41.2875,2,0
4503,93.5089,130.41,2,0
4504,125.515,6.0678,2,0
4505,110.744,263.022,2,0
4506,175.334,72.1059,2,0
4507,92.6599,287.876,2,0
4508,306.508,243.982,2,0
4509,400.233,127.319,2,0
4510,382.692,204.067,2,0
4511,180.864,94.4451,2,0
4512,78.5058,214.167,2,0
4513,417.999,272.625,2,0
4514,105.746,127.703,2,0
4515,290.927,189.765,2,0
4516,99.5049,277.02,2,0
4517,468.75,185.219,2,0
4518,509.012,183.362,2,0
4519,217.598,272.807,2,0
4520,550.896,155.627,2,0
4521,445.556,39.4038,2,0
4522,90.3048,218.907,2,0
4523,146.034,197.785,2,0
4524,356.262,129.316,2,0
4525,131.875,129.661,2,0
4526,561.908,89.5802,2,0
4527,305.315,55.7939,2,0
4528,295.313,66.4522,2,0
4529,525.441,269.575,2,0
4530,415.544,69.6135,2,0
4531,344.174,110.982,2,0
4532,9.39973,298,2,0
4533,414.959,153.559,2,0
4534,543.064,204.108,2,0
4535,365.257,269.371,2,0
4536,414.653,39.6236,2,0
4537,506.825,126.948,2,0
4538,20.0022,195.021,2,0
4539,556.437,264.229,2,0
4540,510.873,123.719,2,0
4541,99.4677,239.127,2,0
4542,361.728,13.5115,2,0
4543,217.169,252.517,2,0
4544,414.278,73.6475,2,0
4545,197.666,206.84,2,0
4546,496.081,31.4934,2,0
4547,362.341,200.426,2,0
4548,379.716,2,2,0
4549,235.653,164.474,2,0
4550,504.535,178.116,2,0
4551,343.617,138.509,2,0
4552,97.1568,128.623,2,0
4553,410.793,34.4357,2,0
4554,173.64,5.96031,2,0
4555,450.312,263.805,2,0
4556,175.572,80.1374,2,0
4557,505.929,14.472,2,0
4558,263.36,100.886,2,0
4559,25.3175,94.2467,2,0
4560,179.895,26.2509,2,0
4561,456.477,267.66,2,0
4562,157.809,147.259,2,0
4563,7.52222,93.4837,2,0
4564,368.509,164.62,2,0
4565,326.974,27.8568,2,0
4566,380.892,184.485,2,0
4567,408.523,27.799,2,0
4568,444.731,193.299,2,0
4569,147.015,280.66,2,0
4570,429.629,248.695,2,0
4571,33.0286,137.374,2,0
4572,540.099,294.219,2,0
4573,224.729,254.713,2,0
4574,591.076,240.982,2,0
4575,578.714,133.451,2,0
4576,98.9999,48.2717,2,0
4577,370.962,258.245,2,0
4578,265.079,89.878,2,0
4579,2.04368,61.181,2,0
4580,172.894,2,2,0
4581,413.847,101.404,2,0
4582,561.929,216.326,2,0
4583,364.914,181.167,2,0
4584,446.482,278.449,2,0
4585,254.8,173.896,2,0
4586,431.17,260.333,2,0
4587,308.729,92.2223,2,0
4588,152.327,280.832,2,0
4589,74.5751,183.808,2,0
4590,371.789,180.692,2,0
4591,468.743,80.032,2,0
4592,393.729,137.109,2,0
4593,198.655,96.0524,2,0
4594,313.953,196.531,2,0
4595,496.35,177.843,2,0
4596,197.918,188.606,2,0
4597,427.986,141.361,2,0
4598,211.804,44.5377,2,0
4599,227.343,140.47,2,0
4600,366.899,257.4,2,0
4601,366.709,169.499,2,0
4602,352.578,92.1567,2,0
4603,556.063,161.208,2,0
4604,503.373,70.1233,2,0
4605,214.906,140.962,2,0
4606,413.807,205.133,2,0
4607,510.575,20.4543,2,0
4608,549.208,102.004,2,0
4609,580.104,59.5312,2,0
4610,183.225,127.546,2,0
4611,317.529,249.106,2,0
4612,364.218,127.216,2,0
4613,139.553,83.0224,2,0
4614,577.192,191.076,2,0
4615,457.162,202.172,2,0
4616,504.452,130.186,2,0
4617,512.783,247.268,2,0
4618,100.722,298,2,0
4619,284.853,64.3413,2,0
4620,369.156,54.8732,2,0
4621,283.536,69.7327,2,0
4622,287.326,254.483,2,0
4623,541.551,160.644,2,0
4624,443.918,249.978,2,0
4625,561.6,289.607,2,0
4626,88.4436,288.21,2,0
4627,158.256,115.347,2,0
4628,40.635,67.8734,2,0
4629,79.5806,268.271,2,0
4630,433.467,63.6206,2,0
4631,41.8737,52.5887,2,0
4632,63.0653,196.516,2,0
4633,473.837,109.177,2,0
4634,47.6855,185.452,2,0
4635,154.256,259.3,2,0
4636,440.248,77.5586,2,0
4637,19.1344,167.217,2,0
4638,237.473,0.740876,2,0
4639,304.371,215.713,2,0
4640,441.295,107.291,2,0
4641,342.471,250.537,2,0
4642,83.4627,20.7063,2,0
4643,289.753,207.551,2,0
4644,370.524,201.493,2,0
4645,376.699,159.752,2,0
4646,69.4493,247.619,2,0
4647,370.788,154.273,2,0
4648,156.842,216.484,2,0
4649,367.705,84.7255,2,0
4650,116.443,97.4642,2,0
4651,246.073,275.243,2,0
4652,29.9126,270.343,2,0
4653,295.98,294.004,2,0
4654,19.4249,152.142,2,0
4655,379.906,6.37737,2,0
4656,151.182,126.711,2,0
4657,350.918,249.557,2,0
4658,434.516,274.189,2,0
4659,324.787,87.84,2,0
4660,499.784,244.153,2,0
4661,420.142,262.654,2,0
4662,466.154,142.895,2,0
4663,239.449,189.79,2,0
4664,482.773,232.889,2,0
4665,303.497,85.8453,2,0
4666,441.433,87.6854,2,0
4667,221.978,289.251,2,0
4668,474.379,147.65,2,0
4669,468.928,207.427,2,0
4670,421.338,115.788,2,0
4671,514.214,296.183,2,0
4672,109.445,87.3184,2,0
4673,139.4,117.811,2,0
4674,1.56984,47.6,2,0
4675,575.577,281.589,2,0
4676,89.8196,60.6686,2,0
4677,263.196,28.0641,2,0
4678,103.083,50.4059,2,0
4679,183.775,293.945,2,0
4680,401.298,213.733,2,0
4681,378.138,234.987,2,0
4682,402.856,190.925,2,0
4683,552.08,163.599,2,0
4684,190.714,108.517,2,0
4685,95.6201,204.185,2,0
4686,136.141,159,2,0
4687,410.826,141.252,2,0
4688,364.776,93.2312,2,0
4689,408.122,49.3788,2,0
4690,220.625,22.5193,2,0
4691,363.957,209.446,2,0
4692,431.048,24.1117,2,0
4693,48.3037,142.306,2,0
4694,312.661,226.909,2,0
4695,391.841,243.662,2,0
4696,588.366,248.379,2,0
4697,71.6869,29.6536,2,0
4698,331.979,46.8684,2,0
4699,363.43,40.8701,2,0
4700,36.2255,122.851,2,0
4701,335.525,291.119,2,0
4702,546.113,156.779,2,0
4703,166.476,81.858,2,0
4704,572.816,37.6713,2,0
4705,32.6706,127.644,2,0
4706,229.051,65.4218,2,0
4707,355.946,193.366,2,0
4708,8.57984,263.77,2,0
4709,277.639,133.077,2,0
4710,56.3022,32.0099,2,0
4711,211.644,250.548,2,0
4712,74.9785,82.1385,2,0
4713,402.64,38.5124,2,0
4714,430.672,59.9121,2,0
4715,12.0231,40.6197,2,0
4716,482.823,79.8803,2,0
4717,301.248,56.0093,2,0
4718,97.2973,154.142,2,0
4719,296.14,170.405,2,0
4720,258.627,183.205,2,0
4721,459.867,249.416,2,0
4722,492.183,149.323,2,0
4723,422.777,207.261,2,0
4724,281.636,76.153,2,0
4725,46.1901,250.194,2,0
4726,50.6011,244.111,2,0
4727,542.635,63.6391,2,0
4728,489.757,275.622,2,0
4729,152.671,2,2,0
4730,521.548,127.372,2,0
4731,467.922,297.027,2,0
4732,48.4602,261.31,2,0
4733,344.959,266.6,2,0
4734,483.383,105.769,2,0
4735,329.958,198.954,2,0
4736,32.0391,74.8593,2,0
4737,258.112,187.997,2,0
4738,471.387,53.0197,2,0
4739,144.369,158.592,2,0
4740,311.932,78.9496,2,0
4741,271.372,244.44,2,0
4742,270.535,216.326,2,0
4743,524.263,51.5981,2,0
4744,340.107,110.879,2,0
4745,231.368,140.693,2,0
4746,55.3293,79.9528,2,0
4747,225.457,298,2,0
4748,384.372,163.157,2,0
4749,66.1732,17.0652,2,0
4750,5.31207,237.777,2,0
4751,393.009,65.126,2,0
4752,88.1851,64.3765,2,0
4753,269.193,210.889,2,0
4754,572.377,218.821,2,0
4755,112.237,275,2,0
4756,534.018,41.2523,2,0
4757,12.8496,288.84,2,0
4758,230.149,264.856,2,0
4759,392.781,273.974,2,0
4760,146.822,99.9776,2,0
4761,39.6394,109.864,2,0
4762,162.005,23.4431,2,0
4763,422.525,249.893,2,0
4764,446.763,205.71,2,0
4765,265.99,4.75674,2,0
4766,304.261,134.768,2,0
4767,490.138,102.915,2,0
4768,373.709,52.014,2,0
4769,189.578,235.924,2,0
4770,333.951,224.997,2,0
4771,453.443,149.112,2,0
4772,212.716,245.156,2,0
4773,207.962,248.594,2,0
4774,523.132,238.636,2,0
4775,100.346,254.248,2,0
4776,487.072,213.206,2,0
4777,321.371,5.81562,2,0
4778,517.661,247.17,2,0
4779,557.641,123.664,2,0
4780,234.186,249.706,2,0
4781,496.517,133.936,2,0
4782,179.706,258.139,2,0
4783,238.881,86.1469,2,0
4784,261.421,176.47,2,0
4785,95.7718,212.172,2,0
4786,336.024,18.4884,2,0
4787,58.4723,196.358,2,0
4788,578.289,138.723,2,0
4789,571.062,199.058,2,0
4790,452.303,110.341,2,0
4791,44.0102,155.989,2,0
4792,234.546,208.572,2,0
4793,462.784,101.333,2,0
4794,595.584,6.95035,2,0
4795,64.7186,262.511,2,0
4796,446.423,246.574,2,0
4797,225.148,188.713,2,0
4798,375.181,237.707,2,0
4799,300.739,164.393,2,0
4800,109.474,126.244,2,0
4801,36.001,213.597,2,0
4802,383.356,129.745,2,0
4803,230.627,179.457,2,0
4804,76.4256,242.938,2,0
4805,120.53,47.5555,2,0
4806,105.187,227.563,2,0
4807,44.161,187.526,2,0
4808,326.186,269.578,2,0
4809,22.9024,250.087,2,0
4810,44.5494,65.9735,2,0
4811,438.146,137.207,2,0
4812,300.216,134.919,2,0
4813,509.626,250.141,2,0
4814,225.273,231.93,2,0
4815,130.049,291.043,2,0
4816,208.69,15.6745,2,0
4817,501.935,293.61,2,0
4818,275.697,87.3825,2,0
4819,350.602,228.017,2,0
4820,153.04,108.419,2,0
4821,342.753,25.7658,2,0
4822,291.811,255.193,2,0
4823,51.7473,272.929,2,0
4824,567.131,86.505,2,0
4825,180.467,168.795,2,0
4826,486.588,38.5153,2,0
4827,452.07,218.593,2,0
4828,393.526,239.235,2,0
4829,200.568,193.051,2,0
4830,540.358,51.4924,2,0
4831,182.676,70.5725,2,0
4832,48.1075,219.576,2,0
4833,52.6957,24.4547,2,0
4834,70.5122,212.657,2,0
4835,187.758,145.006,2,0
4836,556.777,107.174,2,0
4837,389.033,237.509,2,0
4838,136.269,222.249,2,0
4839,179.38,249.891,2,0
4840,285.905,185.715,2,0
4841,27.9047,180.666,2,0
4842,450.959,179.446,2,0
4843,175.775,25.9468,2,0
4844,353.44,267.346,2,0
4845,303.629,22.9507,2,0
4846,174.4,60.3701,2,0
4847,329.324,221.592,2,0
4848,135.507,82.0781,2,0
4849,297.28,166.452,2,0
4850,395.153,246.109,2,0
4851,82.6273,85.1174,2,0
4852,79.8304,249.307,2,0
4853,126.374,225.222,2,0
4854,324.232,81.4127,2,0
4855,4.93263,96.653,2,0
4856,344.311,279.875,2,0
4857,480.574,202.765,2,0
4858,330.034,270.979,2,0
4859,135.687,86.2407,2,0
4860,184.565,289.64,2,0
4861,363.057,97.3468,2,0
4862,282.777,219.872,2,0
4863,432.023,178.946,2,0
4864,5.72517,104.065,2,0
4865,461.522,299.764,2,0
4866,469.894,62.276,2,0
4867,595.946,94.29,2,0
4868,571.48,100.022,2,0
4869,564.646,293.973,2,0
4870,58.7611,58.5323,2,0
4871,221.183,29.4185,2,0
4872,23.6295,8.63215,2,0
4873,110.078,142.759,2,0
4874,517.79,20.5709,2,0
4875,175.123,248.086,2,0
4876,338.59,239.514,2,0
4877,413.053,262.313,2,0
4878,76.7195,252.65,2,0
4879,425.126,125.1,2,0
4880,377.952,15.4576,2,0
4881,592.246,172.825,2,0
4882,363.39,290.709,2,0
4883,100.989,262.071,2,0
4884,61.4509,156.879,2,0
4885,507.439,62.8384,2,0
4886,251.165,243.182,2,0
4887,331.211,37.5172,2,0
4888,195.675,52.5325,2,0
4889,26.9658,63.3307,2,0
4890,185.965,26.0543,2,0
4891,475.944,30.8586,2,0
4892,538.426,5.51387,2,0
4893,167.199,124.635,2,0
4894,62.2882,97.0208,2,0
4895,458.092,211.879,2,0
4896,376.947,258.679,2,0
4897,287.669,211.258,2,0
4898,4.17027,154.161,2,0
4899,421.384,258.218,2,0
4900,589.634,12.1511,2,0
4901,367.885,195.918,2,0
4902,438.111,49.8835,2,0
4903,468.395,189.357,2,0
4904,519.158,44.5085,2,0
4905,60.5569,20.4253,2,0
4906,197.947,287.785,2,0
4907,195.466,253.61,2,0
4908,566.377,23.2979,2,0
4909,208.482,191.261,2,0
4910,202.053,72.6193,2,0
4911,123.758,198.354,2,0
4912,279.316,192.888,2,0
4913,355.509,16.3086,2,0
4914,558.681,280.82,2,0
4915,403.923,209.923,2,0
4916,562.801,38.8455,2,0
4917,513.988,57.0714,2,0
4918,533.541,175.83,2,0
4919,163.033,205.809,2,0
4920,585.822,218.527,2,0
4921,433.855,2.46134,2,0
4922,535.61,94.8683,2,0
4923,502.913,238.058,2,0
4924,579.077,187.282,2,0
4925,233.299,78.5336,2,0
4926,109.781,33.2215,2,0
4927,210.928,80.835,2,0
4928,581.654,149.91,2,0
4929,447.459,227.265,2,0
4930,557.493,69.5257,2,0
4931,360.933,112.887,2,0
4932,73.8655,36.2984,2,0
4933,379.727,192.756,2,0
4934,449.269,67.2655,2,0
4935,18.2281,115.791,2,0
4936,257.093,169.216,2,0
4937,36.4449,249.653,2,0
4938,215.425,167.284,2,0
4939,409.969,272.002,2,0
4940,262.819,1.74624,2,0
4941,497.372,169.608,2,0
4942,250.969,226.301,2,0
4943,456.815,46.8733,2,0
4944,596.289,145.447,2,0
4945,373.893,188.754,2,0
4946,485.164,2.63872,2,0
4947,597.794,241.637,2,0
4948,108.821,148.669,2,0
4949,168.571,258.868,2,0
4950,284.119,194.382,2,0
4951,544.154,294.99,2,0
4952,157.727,96.8779,2,0
4953,217.079,182.514,2,0
4954,343.153,240.835,2,0
4955,47.7649,154.194,2,0
4956,62.1473,254.979,2,0
4957,474.949,222.211,2,0
4958,50.4441,240.089,2,0
4959,230.158,9.18848,2,0
4960,415.076,287.333,2,0
4961,217.647,107.259,2,0
4962,357.825,201.704,2,0
4963,474.316,186.887,2,0
4964,113.075,11.402,2,0
4965,405.443,35.6173,2,0
4966,226.921,151.059,2,0
4967,39.426,223.788,2,0
4968,234.149,198.41,2,0
4969,207.325,125.263,2,0
4970,548.249,98.0598,2,0
4971,588.682,151.253,2,0
4972,412.375,29.0516,2,0
4973,280.161,42.0857,2,0
4974,582.241,161.191,2,0
4975,280.838,180.343,2,0
4976,439.947,221.424,2,0
4977,541.476,298,2,0
4978,300.541,97.7165,2,0
4979,174.867,90.6869,2,0
4980,349.26,224.173,2,0
4981,120.235,291.171,2,0
4982,225.823,136.669,2,0
4983,554.645,239.085,2,0
4984,580.266,227.223,2,0
4985,269.668,259.422,2,0
4986,182.68,99.0553,2,0
4987,102.091,62.7521,2,0
4988,95.7357,216.326,2,0
4989,285.988,269.953,2,0
4990,452.773,232.287,2,0
4991,183.733,258.688,2,0
4992,449.635,234.993,2,0
4993,287.13,46.5339,2,0
4994,452.745,74.8663,2,0
4995,254.749,114.586,2,0
4996,224.397,154.184,2,0
4997,553.975,260.657,2,0
4998,529.531,29.492,2,0
4999,129.369,248.443,2,0
5000,374.841,270.219,2,0
5001,346.464,20.7932,2,0
5002,134.748,239.17,2,0
5003,309.701,178.88,2,0
5004,538.432,256.571,2,0
5005,313.841,131.758,2,0
5006,219.812,63.7226,2,0
5007,460.354,109.831,2,0
5008,480.88,255.59,2,0
5009,536.237,261.549,2,0
5010,536.249,280.58,2,0
5011,561.495,59.3348,2,0
5012,396.509,269.443,2,0
5013,327.169,84.3507,2,0
5014,42.6979,13.9296,2,0
5015,438.103,19.396,2,0
5016,54.1525,162.058,2,0
5017,536.971,291.603,2,0
5018,162.735,151.18,2,0
5019,512.146,105.61,2,0
5020,501.895,200.227,2,0
5021,195.667,267.442,2,0
5022,224.811,123.522,2,0
5023,450.76,256.015,2,0
5024,311.347,253.899,2,0
5025,46.6892,201.754,2,0
5026,497.304,190.468,2,0
5027,495.91,76.1922,2,0
5028,322.999,130.22,2,0
5029,454.89,168.653,2,0
5030,257.242,276.625,2,0
5031,165.77,232.398,2,0
5032,579.086,66.1806,2,0
5033,181.209,261.946,2,0
5034,99.1915,56.3946,2,0
5035,259.373,63.5935,2,0
5036,58.076,256.311,2,0
5037,455.165,229.044,2,0
5038,37.1485,179.398,2,0
5039,434.514,13.0688,2,0
5040,453.693,20.2297,2,0
5041,384.633,78.488,2,0
5042,508.839,26.1168,2,0
5043,266.531,236.805,2,0
5044,230.911,101.781,2,0
5045,204.164,5.45686,2,0
5046,220.66,254.489,2,0
5047,27.5507,24.2067,2,0
5048,342.363,85.5336,2,0
5049,80.9695,264.379,2,0
5050,384.74,115.489,2,0
5051,592.199,95.9251,2,0
5052,367.351,291.926,2,0
5053,569.326,216.121,2,0
5054,33.3831,221.558,2,0
5055,186.303,255.514,2,0
5056,586.095,237.822,2,0
5057,547.994,69.1762,2,0
5058,287.063,151.676,2,0
5059,519.1,16.2703,2,0
5060,154.317,73.9216,2,0
5061,114.369,93.9006,2,0
5062,596.404,128.383,2,0
5063,187.613,232.056,2,0
5064,66.3859,224.828,2,0
5065,304.669,211.618,2,0
5066,42.8694,168.749,2,0
5067,202.533,87.3158,2,0
5068,116.171,206.316,2,0
5069,406.571,131.718,2,0
5070,522.789,14.505,2,0
5071,156.29,122.232,2,0
5072,397.529,252.399,2,0
5073,88.971,5.73967,2,0
5074,112.773,283.097,2,0
5075,385.621,206.838,2,0
5076,302.817,180.56,2,0
5077,66.1228,35.3859,2,0
5078,415.073,253.233,2,0
5079,91.0657,270.857,2,0
5080,175.974,95.8706,2,0
5081,590.789,190.371,2,0
5082,238.65,90.2597,2,0
5083,101.365,167.091,2,0
5084,166.178,2,2,0
5085,249.334,296.081,2,0
5086,569.623,233.999,2,0
5087,399.061,60.1168,2,0
5088,158.753,101.802,2,0
5089,257.373,126.747,2,0
5090,16.3232,88.3371,2,0
5091,532.882,259.089,2,0
5092,535.458,52.5447,2,0
5093,141.964,249.869,2,0
5094,247.522,245.267,2,0
5095,296.302,273.893,2,0
5096,242.501,234.634,2,0
5097,358.169,172.92,2,0
5098,558.968,256.603,2,0
5099,460.04,205.042,2,0
5100,401.612,123.386,2,0
5101,204.365,76.0278,2,0
5102,207.088,254.388,2,0
5103,102.356,103.839,2,0
5104,345.284,58.1272,2,0
5105,62.5565,168.731,2,0
5106,353.299,107.57,2,0
5107,333.941,168.225,2,0
5108,65.416,114.349,2,0
5109,391.563,175.594,2,0
5110,583.984,86.82,2,0
5111,552.372,255.869,2,0
5112,377.295,166.197,2,0
5113,123.232,127.257,2,0
5114,587.383,244.396,2,0
5115,381.212,117.802,2,0
5116,404.461,2,2,0
5117,266.634,207.569,2,0
5118,265.836,43.8924,2,0
5119,547.566,166.023,2,0
5120,16.7387,4.75102,2,0
5121,529.634,47.6839,2,0
5122,512.682,24.9671,2,0
5123,443.97,221.13,2,0
5124,105.445,100.793,2,0
5125,355.196,57.9491,2,0
5126,242.716,261.888,2,0
5127,507.085,238.144,2,0
5128,383.417,262.274,2,0
5129,185.477,55.2693,2,0
5130,438.399,234.583,2,0
5131,188.033,29.539,2,0
5132,211.166,30.1587,2,0
5133,354.497,103.264,2,0
5134,89.9568,196.406,2,0
5135,363.939,10.0602,2,0
5136,545.973,181.969,2,0
5137,301.754,172.655,2,0
5138,563.828,173.53,2,0
5139,457.259,293.918,2,0
5140,552.214,229.484,2,0
5141,550.155,3.25586,2,0
5142,456.038,219.615,2,0
5143,493.376,47.6548,2,0
5144,112.965,35.8158,2,0
5145,273.498,132.644,2,0
5146,406.497,97.8128,2,0
5147,198.111,126.265,2,0
5148,476.989,225.802,2,0
5149,497.453,64.7232,2,0
5150,177.657,50.1318,2,0
5151,583.415,123.997,2,0
5152,420.388,143.759,2,0
5153,575.605,206.982,2,0
5154,503.904,10.8382,2,0
5155,113.693,120.839,2,0
5156,302.05,36.3776,2,0
5157,547.737,131.031,2,0
5158,199.522,244.39,2,0
5159,406.342,164.56,2,0
5160,292.14,169.648,2,0
5161,208.164,244.546,2,0
5162,23.4754,44.4621,2,0
5163,460.058,220.718,2,0
5164,394.971,192.338,2,0
5165,532.885,298,2,0
5166,526.039,11.1856,2,0
5167,287.338,291.291,2,0
5168,124.496,48.8691,2,0
5169,238.874,161.792,2,0
5170,345.903,41.6334,2,0
5171,28.4847,243.999,2,0
5172,530.535,124.914,2,0
5173,533.945,2,2,0
5174,329.962,232.461,2,0
5175,136.9,148.281,2,0
5176,496.55,224.998,2,0
5177,331.786,164.639,2,0
5178,192.945,228.707,2,0
5179,312.962,68.7138,2,0
5180,25.9181,156.859,2,0
5181,498.119,201.981,2,0
5182,135.591,44.9317,2,0
5183,258.364,29.317,2,0
5184,174.799,123.456,2,0
5185,16.2175,164.24,2,0
5186,383.729,192.014,2,0
5187,265.505,290.483,2,0
5188,112.807,234.931,2,0
5189,421.585,295.719,2,0
5190,589.814,205.281,2,0
5191,309.741,250.167,2,0
5192,405.891,24.5496,2,0
5193,410.723,246.427,2,0
5194,561.655,123.506,2,0
5195,518.462,69.266,2,0
5196,96.2189,236.446,2,0
5197,411.09,281.873,2,0
5198,185.431,225.924,2,0
5199,162.86,293.356,2,0
5200,465.543,194.517,2,0
5201,277.728,45.2898,2,0
5202,558.028,275.204,2,0
5203,118.061,297.49,2,0
5204,454.31,97.5115,2,0
5205,330.967,135.592,2,0
5206,441.435,213.534,2,0
5207,99.651,95.1398,2,0
5208,96.7138,97.9689,2,0
5209,18.5176,102.853,2,0
5210,508.993,220.023,2,0
5211,264.753,251.623,2,0
5212,273.523,167.069,2,0
5213,370.955,112.804,2,0
5214,453.028,189.374,2,0
5215,541.748,46.7924,2,0
5216,289.907,230.102,2,0
5217,47.6981,146.361,2,0
5218,171.434,201.345,2,0
5219,121.548,226.483,2,0
5220,209.547,234.799,2,0
5221,137.216,192.748,2,0
5222,239.985,27.4277,2,0
5223,383.913,6.01083,2,0
5224,153.618,170.708,2,0
5225,124.416,260.378,2,0
5226,7.96294,120.109,2,0
5227,27.7721,174.872,2,0
5228,397.392,240.843,2,0
5229,339.619,94.8373,2,0
5230,573.707,294.904,2,0
5231,61.1097,276.876,2,0
5232,311.432,113.489,2,0
5233,102.83,196.104,2,0
5234,260.589,119.913,2,0
5235,235.731,191.296,2,0
5236,452.211,53.2003,2,0
5237,275.725,157.493,2,0
5238,161.126,35.2172,2,0
5239,473.684,199.386,2,0
5240,354.768,43.2579,2,0
5241,77.3787,115.208,2,0
5242,369.082,118.856,2,0
5243,341.865,166.374,2,0
5244,248.124,178.254,2,0
5245,489.957,155.977,2,0
5246,209.398,113.947,2,0
5247,32.5235,243.356,2,0
5248,424.217,277.736,2,0
5249,398.154,121.137,2,0
5250,312.848,11.7949,2,0
5251,141.349,137.008,2,0
5252,92.1115,39.5193,2,0
5253,249.229,33.6566,2,0
5254,525.016,275.447,2,0
5255,303.918,285.816,2,0
5256,253.257,276.126,2,0
5257,145.984,251.026,2,0
5258,220.626,102.065,2,0
5259,497.939,164.815,2,0
5260,395.994,148.477,2,0
5261,134.213,298,2,0
5262,501.837,86.6262,2,0
5263,54.8522,201.076,2,0
5264,596.413,185.65,2,0
5265,350.514,172.328,2,0
5266,409.62,112.008,2,0
5267,278.187,78.3507,2,0
5268,335.817,56.4449,2,0
5269,138.073,165.392,2,0
5270,478.889,135.593,2,0
5271,299.482,109.765,2,0
5272,473.875,12.5828,2,0
5273,557.63,115.508,2,0
5274,340.746,278.059,2,0
5275,72.1718,272.04,2,0
5276,63.6084,77.7047,2,0
5277,35.1762,103.275,2,0
5278,477.23,281.537,2,0
5279,46.7658,282.16,2,0
5280,311.398,117.576,2,0
5281,588.821,258.878,2,0
5282,133.736,49.9891,2,0
5283,335.927,276.026,2,0
5284,582.476,189.858,2,0
5285,230.343,85.6595,2,0
5286,559.124,297.768,2,0
5287,558.94,219.081,2,0
5288,11.6405,118.11,2,0
5289,563.772,249.121,2,0
5290,358.457,291.246,2,0
5291,352.545,221.76,2,0
5292,240.669,182.636,2,0
5293,443.98,26.5271,2,0
5294,427.434,80.1813,2,0
5295,536.944,22.9469,2,0
5296,301.155,253.968,2,0
5297,82.7976,89.3255,2,0
5298,188.191,292.838,2,0
5299,145.312,137.609,2,0
5300,89.0627,248.359,2,0
5301,160.827,215.188,2,0
5302,31.5751,141.661,2,0
5303,186.409,192.158,2,0
5304,194.112,2,2,0
5305,166.506,152.946,2,0
5306,282.969,127.761,2,0
5307,343.74,66.3555,2,0
5308,280.765,238.869,2,0
5309,596.753,139.09,2,0
5310,471.051,210.892,2,0
5311,1.36956,292.438,2,0
5312,387.286,38.4394,2,0
5313,241.863,297.25,2,0
5314,562.91,282.451,2,0
5315,34.5274,94.8354,2,0
5316,267.737,231.768,2,0
5317,264.045,58.6275,2,0
5318,370.166,130.504,2,0
5319,533.692,149.487,2,0
5320,580.87,127.793,2,0
5321,395.028,198.388,2,0
5322,380.237,25.2958,2,0
5323,93.943,72.0929,2,0
5324,4.19643,86.0971,2,0
5325,379.463,162.761,2,0
5326,137.171,173.811,2,0
5327,285.475,240.292,2,0
5328,194.726,165.272,2,0
5329,152.106,220.981,2,0
5330,57.5195,290.952,2,0
5331,53.0279,204.732,2,0
5332,383.198,245.186,2,0
5333,329.063,119.228,2,0
5334,26.0607,247.358,2,0
5335,138.898,23.7104,2,0
5336,131.869,9.88776,2,0
5337,550.959,20.6607,2,0
5338,449.455,129.454,2,0
5339,366.466,295.933,2,0
5340,67.5598,118.978,2,0
5341,571.451,206.521,2,0
5342,310.67,124.617,2,0
5343,456.197,223.705,2,0
5344,493.228,28.6692,2,0
5345,543.216,104.57,2,0
5346,175.531,276.108,2,0
5347,306.791,207.009,2,0
5348,247.961,188.72,2,0
5349,117.352,127.844,2,0
5350,246.176,65.6736,2,0
5351,329.417,6.0595,2,0
5352,517.503,6.97725,2,0
5353,330.933,204.322,2,0
5354,398.563,229.696,2,0
5355,178.755,114.53,2,0
5356,485.362,32.6751,2,0
5357,295.421,125.741,2,0
5358,226.199,245.09,2,0
5359,208.638,42.0715,2,0
5360,453.691,259.394,2,0
5361,29.3989,108.899,2,0
5362,430.371,54.8816,2,0
5363,139.613,106.446,2,0
5364,24.7678,129.419,2,0
5365,135.081,7.34333,2,0
5366,434.323,48.2623,2,0
5367,406.288,150.835,2,0
5368,143.971,27.1735,2,0
5369,565.287,91.9544,2,0
5370,274.098,182.33,2,0
5371,373.82,184.248,2,0
5372,504.252,196.995,2,0
5373,299.478,25.2335,2,0
5374,47.4752,211.33,2,0
5375,219.986,276.06,2,0
5376,457.838,19.1545,2,0
5377,217.014,216.92,2,0
5378,123.851,78.9289,2,0
5379,515.371,121.291,2,0
5380,73.3847,55.2745,2,0
5381,5.087,45.2558,2,0
5382,388.681,55.8278,2,0
5383,160.419,93.0614,2,0
5384,255.723,233.017,2,0
5385,335.454,49.0535,2,0
5386,448.806,195.955,2,0
5387,166.178,51.6815,2,0
5388,455.5,92.3529,2,0
5389,548.235,161.956,2,0
5390,61.0439,61.9419,2,0
5391,41.4498,242.654,2,0
5392,8.90544,97.9465,2,0
5393,302.399,249.859,2,0
5394,541.001,22.9175,2,0
5395,470.081,180.551,2,0
5396,512.863,184.651,2,0
5397,226.901,167.784,2,0
5398,160.27,208.725,2,0
5399,526.92,55.2798,2,0
5400,331.117,75.595,2,0
5401,321.95,104.57,2,0
5402,204.574,54.7567,2,0
5403,348.969,176.135,2,0
5404,222.912,38.2789,2,0
5405,311.656,298,2,0
5406,500.114,13.507,2,0
5407,454.643,236.357,2,0
5408,444.866,2,2,0
5409,349.156,181.667,2,0
5410,514.688,77.8785,2,0
5411,8.80231,166.201,2,0
5412,136.353,177.875,2,0
5413,38.4761,175.393,2,0
5414,582.16,8.69657,2,0
5415,214.827,199.642,2,0
5416,370.168,105.607,2,0
5417,86.9618,259.996,2,0
5418,154.716,290.935,2,0
5419,366.602,185.01,2,0
5420,462.22,211.4,2,0
5421,256.429,96.9746,2,0
5422,555.381,84.3264,2,0
5423,227.149,196.493,2,0
5424,10.0702,155.148,2,0
5425,295.037,140.73,2,0
5426,110.232,101.679,2,0
5427,66.1249,249.977,2,0
5428,227.828,223.976,2,0
5429,38.8709,258.06,2,0
5430,436.518,179.955,2,0
5431,415.838,249.006,2,0
5432,338.047,193.909,2,0
5433,352.149,288.955,2,0
5434,419.218,276.64,2,0
5435,311.546,279.555,2,0
5436,373.992,278.301,2,0
5437,131.79,69.6263,2,0
5438,106.485,207.363,2,0
5439,533.182,98.7505,2,0
5440,199.541,90.0262,2,0
5441,25.8886,55.1915,2,0
5442,9.48059,105.932,2,0
5443,204.274,64.9159,2,0
5444,40.9704,190.173,2,0
5445,275.218,104.546,2,0
5446,312.064,212.863,2,0
5447,401.714,262.887,2,0
5448,33.7031,159.878,2,0
5449,489.143,8.8884,2,0
5450,392.234,146.86,2,0
5451,296.247,135.671,2,0
5452,504.914,167.02,2,0
5453,245.454,181.307,2,0
5454,33.9065,233.643,2,0
5455,263.471,260.332,2,0
5456,92.164,296.97,2,0
5457,191.262,34.2762,2,0
5458,562.522,28.4401,2,0
5459,530.18,67.3124,2,0
5460,39.5374,186.406,2,0
5461,372.49,133.981,2,0
5462,16.6857,28.8999,2,0
5463,598.09,237.568,2,0
5464,91.5455,135.68,2,0
5465,360.512,161.022,2,0
5466,1.40123,3.08597,2,0
5467,247.987,26.0643,2,0
5468,458.062,34.7096,2,0
5469,405.543,139.652,2,0
5470,196.851,177.098,2,0
5471,178.023,220.214,2,0
5472,88.3346,280.98,2,0
5473,313.373,220.027,2,0
5474,196.956,79.4516,2,0
5475,123.003,245.139,2,0
5476,325.438,220.289,2,0
5477,21.6533,147.726,2,0
5478,421.659,107.612,2,0
5479,463.991,105.389,2,0
5480,330.435,42.4219,2,0
5481,413.983,279.01,2,0
5482,64.0472,57.3155,2,0
5483,558.101,260.542,2,0
5484,332.048,9.1196,2,0
5485,321.411,174.287,2,0
5486,437.139,248.51,2,0
5487,54.476,245.217,2,0
5488,416.688,109.54,2,0
5489,35.558,110.189,2,0
5490,470.318,201.703,2,0
5491,68.7092,26.481,2,0
5492,429.012,191.047,2,0
5493,210.28,198.21,2,0
5494,594.39,176.336,2,0
5495,367.287,207.123,2,0
5496,160.683,75.9871,2,0
5497,89.0659,222.759,2,0
5498,233.469,70.7918,2,0
5499,556.523,148.431,2,0
5500,59.1501,148.201,2,0
5501,421.161,156.579,2,0
5502,7.67836,56.0916,2,0
5503,513.596,204.361,2,0
5504,592.114,153.637,2,0
5505,126.174,233.441,2,0
5506,36.536,197.025,2,0
5507,596.552,120.871,2,0
5508,368.341,139.344,2,0
5509,569.288,93.961,2,0
5510,312.306,7.70115,2,0
5511,414.812,168.877,2,0
5512,23.5931,25.1995,2,0
5513,358.155,27.1562,2,0
5514,82.8534,258.185,2,0
5515,215.528,95.4569,2,0
5516,2.71461,244.905,2,0
5517,328.236,79.1857,2,0
5518,73.8431,231.872,2,0
5519,447.727,231.261,2,0
5520,362.912,231.727,2,0
5521,55.6777,259.594,2,0
5522,99.5348,203.216,2,0
5523,442.725,139.293,2,0
5524,259.051,248.419,2,0
5525,290.407,216.147,2,0
5526,431.817,67.2819,2,0
5527,146.92,104.809,2,0
5528,233.544,215.799,2,0
5529,480.05,275.212,2,0
5530,153.167,225.932,2,0
5531,134.249,181.311,2,0
5532,484.464,53.2236,2,0
5533,341.394,3.04605,2,0
5534,389.937,266.548,2,0
5535,28.9497,278.813,2,0
5536,12.2223,163.868,2,0
5537,456.196,246.843,2,0
5538,357.183,197.712,2,0
5539,299.026,288.016,2,0
5540,219.835,269.082,2,0
5541,421.49,189.863,2,0
5542,470.693,48.9388,2,0
5543,5.43636,49.2531,2,0
5544,412.42,235.872,2,0
5545,305.977,276.966,2,0
5546,348.932,80.8892,2,0
5547,171.699,268.551,2,0
5548,432.01,188.333,2,0
5549,441.988,4.8518,2,0
5550,396.804,124.98,2,0
5551,44.9837,40.8754,2,0
5552,210.053,74.1251,2,0
5553,353.764,98.8528,2,0
5554,362.655,167.613,2,0
5555,127.593,25.2328,2,0
5556,376.188,297.876,2,0
5557,536.444,166.928,2,0
5558,554.206,125.818,2,0
5559,169.593,170.889,2,0
5560,466.384,202.439,2,0
5561,284.413,224.909,2,0
5562,394.888,173.246,2,0
5563,140.379,127.841,2,0
5564,299.449,298,2,0
5565,461.364,191.692,2,0
5566,485.997,22.4928,2,0
5567,181.601,66.3831,2,0
5568,70.4005,112.776,2,0
5569,213.848,278.114,2,0
5570,363.458,190.873,2,0
5571,487.747,50.458,2,0
5572,523.174,203.658,2,0
5573,349.557,292.08,2,0
5574,463.06,139.248,2,0
5575,260.358,244.591,2,0
5576,239.349,36.3506,2,0
5577,27.9944,134.961,2,0
5578,189.667,247.903,2,0
5579,495.897,37.331,2,0
5580,81.0176,17.4895,2,0
5581,258.174,161.17,2,0
5582,523.063,93.9276,2,0
5583,530.801,188.048,2,0
5584,221.123,141.225,2,0
5585,444.618,8.10743,2,0
5586,374.341,140.447,2,0
5587,537.285,265.577,2,0
5588,222.126,74.6243,2,0
5589,172.203,254.128,2,0
5590,305.523,128.848,2,0
5591,599.381,91.941,2,0
5592,229.59,96.8372,2,0
5593,553.477,121.696,2,0
5594,368.791,221.79,2,0
5595,496.117,56.4084,2,0
5596,194.874,209.851,2,0
5597,62.3922,91.2116,2,0
5598,282.797,204.369,2,0
5599,526.679,144.984,2,0
5600,96.2509,193.631,2,0
5601,107.691,180.85,2,0
5602,504.907,207.77,2,0
5603,5.87028,22.9072,2,0
5604,298.049,105.996,2,0
5605,290.355,21.4846,2,0
5606,502.475,16.8054,2,0
5607,290.579,109.321,2,0
5608,300.192,266.225,2,0
5609,502.465,193.23,2,0
5610,506.833,193.88,2,0
5611,233.046,295.829,2,0
5612,244.793,20.5934,2,0
5613,428.19,109.624,2,0
5614,509.7,161.367,2,0
5615,190.757,224.378,2,0
5616,538.701,277.093,2,0
5617,408.718,261.891,2,0
5618,14.361,82.9568,2,0
5619,309.661,262.562,2,0
5620,445.818,236.312,2,0
5621,84.2747,42.2286,2,0
5622,337.212,130.642,2,0
5623,191.932,232.624,2,0
5624,215.37,32.4448,2,0
5625,316.082,252.941,2,0
5626,165.38,98.9835,2,0
5627,538.128,128.61,2,0
5628,458.869,11.0132,2,0
5629,412.854,130.765,2,0
5630,405.286,214.512,2,0
5631,59.7184,243.544,2,0
5632,81.075,201.546,2,0
5633,556.895,176.596,2,0
5634,312.058,57.0137,2,0
5635,562.927,99.133,2,0
5636,87.1692,226.395,2,0
5637,247.51,92.9772,2,0
5638,8.97869,235.859,2,0
5639,98.2486,32.4848,2,0
5640,545.096,260.393,2,0
5641,597.598,219.19,2,0
5642,345.61,32.2003,2,0
5643,579.664,146.41,2,0
5644,282.122,184.231,2,0
5645,436.957,116.691,2,0
5646,247.144,155.919,2,0
5647,114.891,49.159,2,0
5648,167.295,9.56008,2,0
5649,270.113,92.9569,2,0
5650,453.1,182.832,2,0
5651,437.065,158.392,2,0
5652,23.0233,244.658,2,0
5653,141.32,233.053,2,0
5654,294.291,290.341,2,0
5655,561.622,113.308,2,0
5656,126.014,2,2,0
5657,44.7616,75.8482,2,0
5658,93.7506,28.11,2,0
5659,368.401,48.3038,2,0
5660,597.669,102.345,2,0
5661,357.063,158.964,2,0
5662,378.862,269.562,2,0
5663,308.007,239.38,2,0
5664,503.789,298,2,0
5665,140.392,132.934,2,0
5666,421.78,231.024,2,0
5667,437.036,34.1088,2,0
5668,532.753,236.917,2,0
5669,33.0841,247.371,2,0
5670,10.7275,79.6298,2,0
5671,443.155,155.771,2,0
5672,479.39,259.398,2,0
5673,538.324,163.287,2,0
5674,305.505,230.753,2,0
5675,354.979,241.402,2,0
5676,13.0045,296.147,2,0
5677,554.071,207.539,2,0
5678,181.27,176.273,2,0
5679,529.632,278.396,2,0
5680,130.388,80.6395,2,0
5681,423.355,36.8913,2,0
5682,235.354,37.2899,2,0
5683,323.42,160.481,2,0
5684,393.495,4.93676,2,0
5685,518.381,30.1673,2,0
5686,561.309,9.11433,2,0
5687,545.957,48.0934,2,0
5688,210.109,213.932,2,0
5689,101.136,216.285,2,0
5690,555.359,166.133,2,0
5691,440.323,287.97,2,0
5692,398.143,32.0482,2,0
5693,95.5448,277.96,2,0
5694,333.037,249.561,2,0
5695,127.432,254.921,2,0
5696,308.799,139.134,2,0
5697,237.474,205.729,2,0
5698,141.243,168.817,2,0
5699,140.424,48.7249,2,0
5700,527.76,139.589,2,0
5701,295.245,89.7266,2,0
5702,471.757,248.205,2,0
5703,560.002,199.622,2,0
5704,346.151,12.2216,2,0
5705,150.566,186.613,2,0
5706,250.906,131.257,2,0
5707,154.272,63.8321,2,0
5708,525.78,20.4362,2,0
5709,441.836,264.625,2,0
5710,118.935,111.011,2,0
5711,222.195,272.53,2,0
5712,363.722,17.0839,2,0
5713,153.384,147.683,2,0
5714,513.222,243.249,2,0
5715,351.437,271.954,2,0
5716,254.7,255.668,2,0
5717,335.571,183.704,2,0
5718,54.3471,157.885,2,0
5719,161.438,243.591,2,0
5720,206.373,72.5434,2,0
5721,47.7172,169.036,2,0
5722,570.082,2,2,0
5723,290.615,145.969,2,0
5724,558.846,99.3081,2,0
5725,188.729,9.9324,2,0
5726,295.474,214.235,2,0
5727,318.936,130.023,2,0
5728,206.211,237.067,2,0
