id,x,y,radius,is_spanning
0,126.118,208.713,2,0
1,341.709,36.9003,2,0
2,28.514,217.269,2,0
3,93.8722,181.58,2,0
4,278.05,194.9,2,0
5,559.37,16.1374,2,0
6,457.702,2.26948,2,0
7,84.7231,73.5271,2,0
8,38.6441,145.581,2,0
9,555.413,84.3199,2,0
10,512.025,126.045,2,0
11,266.012,275.152,2,0
12,426.33,213.763,2,0
13,241.438,26.5404,2,0
14,528.309,29.6764,2,0
15,336.656,89.9386,2,0
16,394.505,53.4827,2,0
17,566.656,53.1765,2,0
18,513.868,94.9106,2,0
19,548.437,271.328,2,0
20,360.711,244.036,2,0
21,9.89892,200.756,2,0
22,125.962,124.425,2,0
23,168.905,96.2508,2,0
24,0.796757,253.262,2,0
25,10.2599,118.707,2,0
26,217.627,31.0684,2,0
27,332.031,219.633,2,0
28,339.88,268.14,2,0
29,114.536,131.396,2,0
30,552.329,129.168,2,0
31,294.5,17.2215,2,0
32,183.37,56.351,2,0
33,241.428,275.592,2,0
34,373.281,215.602,2,0
35,250.665,202.552,2,0
36,187.541,17.5966,2,0
37,397.938,277.669,2,0
38,586.337,262.67,2,0
39,426.012,273.49,2,0
40,579.127,43.4636,2,0
41,182.584,174.578,2,0
42,88.3219,2,2,0
43,209.331,180.754,2,0
44,534.357,218.186,2,0
45,391.257,19.3175,2,0
46,41.0141,165.619,2,0
47,391.909,292.721,2,0
48,358.211,232.091,2,0
49,397.956,176.902,2,0
50,62.2679,238.136,2,0
51,566.331,262.643,2,0
52,594.371,252.867,2,0
53,100.053,193.966,2,0
54,372.693,35.0047,2,0
55,246.284,160.381,2,0
56,173.843,198.044,2,0
57,450.368,263.521,2,0
58,54.7223,104.203,2,0
59,113.035,29.6501,2,0
60,340.157,164.353,2,0
61,452.765,207.553,2,0
62,489.294,200.053,2,0
63,512.531,255.999,2,0
64,542.631,298.571,2,0
65,547.848,66.8806,2,0
66,223.001,37.8457,2,0
67,256.047,174.455,2,0
68,108.134,174.818,2,0
69,139.777,157.102,2,0
70,133.592,280.288,2,0
71,153.562,207.277,2,0
72,418.001,177.744,2,0
73,197.478,213.615,2,0
74,361.917,270.422,2,0
75,556.718,111.602,2,0
76,596.795,10.8998,2,0
77,174.095,204.649,2,0
78,77.5903,60.3729,2,0
79,31.4698,117.711,2,0
80,453.121,6.11885,2,0
81,90.1958,147.518,2,0
82,6.66484,2,2,0
83,159.161,110.736,2,0
84,490.048,18.407,2,0
85,132.176,247.213,2,0
86,80.0158,216.258,2,0
87,401.065,174.372,2,0
88,217.745,87.1818,2,0
89,326.576,155.845,2,0
90,451.421,101.805,2,0
91,390.08,172.781,2,0
92,223.696,131.238,2,0
93,411.715,99.6689,2,0
94,590.979,274.439,2,0
95,38.8959,161.631,2,0
96,55.1434,21.3025,2,0
97,220.872,246.233,2,0
98,581.358,234.335,2,0
99,106.119,74.1339,2,0
100,302.652,169.679,2,0
101,507.323,285.267,2,0
102,364.7,147.838,2,0
103,540.037,65.818,2,0
104,549.756,233.051,2,0
105,174.529,214.818,2,0
106,267.743,279.555,2,0
107,375.858,8.97708,2,0
108,313.069,252.542,2,0
109,219.685,2,2,0
110,541.309,43.381,2,0
111,276.465,23.7913,2,0
112,189.143,219.866,2,0
113,482.604,104.436,2,0
114,596.258,58.2134,2,0
115,184.713,60.1559,2,0
116,401.803,202.639,2,0
117,217.487,72.3763,2,0
118,298.37,174.724,2,0
119,499.319,148.941,2,0
120,186.065,242.006,2,0
121,250.619,135.299,2,0
122,394.857,154.598,2,0
123,356.769,262.136,2,0
124,357.435,274.996,2,0
125,272.517,199.077,2,0
126,575.582,3.08379,2,0
127,459.363,111.858,2,0
128,480.858,236.299,2,0
129,590.485,193.456,2,0
130,333.276,259.95,2,0
131,139.947,44.2993,2,0
132,475.08,252.905,2,0
133,564.708,257.806,2,0
134,447.791,54.9835,2,0
135,543.481,138.222,2,0
136,575.266,97.2756,2,0
137,38.7069,234.4,2,0
138,415.078,225.828,2,0
139,61.0504,78.7456,2,0
140,61.5148,18.3363,2,0
141,338.559,271.927,2,0
142,184.771,140.824,2,0
143,286.846,189.122,2,0
144,318.172,159.142,2,0
145,394.246,143.186,2,0
146,467.496,200.874,2,0
147,33.2694,112.852,2,0
148,304.653,74.3705,2,0
149,266.678,155.145,2,0
150,38.0387,247.072,2,0
151,96.421,174.979,2,0
152,173.192,119.127,2,0
153,533.485,88.1357,2,0
154,181.64,155.92,2,0
155,293.43,131.024,2,0
156,151.686,273.031,2,0
157,119.606,41.3912,2,0
158,446.905,226.458,2,0
159,499.361,201.991,2,0
160,121.057,81.0378,2,0
161,113.26,22.0875,2,0
162,505.553,31.0685,2,0
163,406.863,193.966,2,0
164,67.5849,135.192,2,0
165,299.492,121.598,2,0
166,208.974,294.914,2,0
167,32.6212,232.159,2,0
168,189.453,82.7623,2,0
169,490.819,130.112,2,0
170,15.4719,286.311,2,0
171,532.864,22.3749,2,0
172,597.477,287.03,2,0
173,422.638,240.075,2,0
174,479.515,2,2,0
175,177.159,54.1252,2,0
176,450.638,40.478,2,0
177,427.266,126.556,2,0
178,53.8414,158.699,2,0
179,325.732,2,2,0
180,290.846,220.282,2,0
181,483.629,65.5889,2,0
182,110.639,130.465,2,0
183,97.4063,154.05,2,0
184,247.438,14.8447,2,0
185,450.749,216.236,2,0
186,477.714,281.28,2,0
187,116.97,81.0328,2,0
188,11.044,64.8557,2,0
189,382.142,204.278,2,0
190,62.4186,135.08,2,0
191,383.075,129.146,2,0
192,564.001,56.3194,2,0
193,485.673,282.387,2,0
194,68.8555,180.349,2,0
195,236.09,153.209,2,0
196,422.043,272.718,2,0
197,254.353,70.4087,2,0
198,67.4609,286.68,2,0
199,316.053,104.269,2,0
200,86.9661,19.7435,2,0
201,56.9104,46.7118,2,0
202,568.527,120.911,2,0
203,533.308,80.9525,2,0
204,25.3975,63.1977,2,0
205,294.68,105.658,2,0
206,409.706,56.4203,2,0
207,93.9719,74.4525,2,0
208,278.376,261.608,2,0
209,37.9639,251.183,2,0
210,36.5243,269.105,2,0
211,91.5065,70.7365,2,0
212,401.653,117.321,2,0
213,560.731,232.612,2,0
214,290.386,173.659,2,0
215,363.746,183.934,2,0
216,460.344,219.182,2,0
217,108.545,251.001,2,0
218,162.827,10.1876,2,0
219,311.323,39.4014,2,0
220,285.492,40.8992,2,0
221,563.588,41.7039,2,0
222,66.1184,186.337,2,0
223,372.661,265.466,2,0
224,115.211,193.794,2,0
225,260.428,10.0938,2,0
226,291.426,56.569,2,0
227,572.615,273.153,2,0
228,553.54,225.826,2,0
229,560.535,105.5,2,0
230,386.113,188.969,2,0
231,373.187,88.4859,2,0
232,542.411,115.494,2,0
233,474.204,132.102,2,0
234,2.16273,130.692,2,0
235,563.26,14.037,2,0
236,104.901,111.952,2,0
237,217.079,68.3421,2,0
238,397.096,95.7903,2,0
239,296.091,164.949,2,0
240,581.672,95.0289,2,0
241,128.442,227.533,2,0
242,134.988,73.5718,2,0
243,441.03,95.6642,2,0
244,15.6006,97.6298,2,0
245,269.064,58.9789,2,0
246,525.579,243.276,2,0
247,382.244,90.886,2,0
248,442.349,99.5704,2,0
249,462.686,145.873,2,0
250,289.486,294.282,2,0
251,400.41,285.331,2,0
252,196.917,174.765,2,0
253,88.8542,73.8186,2,0
254,469.634,34.4857,2,0
255,2.18594,112.091,2,0
256,574.164,193.666,2,0
257,4.59872,251.856,2,0
258,576.263,256.555,2,0
259,107.004,226.323,2,0
260,249.229,95.344,2,0
261,294.389,100.785,2,0
262,202.565,210.707,2,0
263,515.716,131.177,2,0
264,162.885,200.855,2,0
265,20.886,193.508,2,0
266,429.79,41.5471,2,0
267,189.588,86.8583,2,0
268,240.071,232.587,2,0
269,190.676,244.772,2,0
270,325.455,208.158,2,0
271,439.15,46.166,2,0
272,193.876,84.2189,2,0
273,595.519,237.144,2,0
274,49.9899,142.54,2,0
275,256.117,280.804,2,0
276,485.367,197.251,2,0
277,322.319,291.745,2,0
278,35.3121,45.3314,2,0
279,368.689,284.158,2,0
280,554.028,115.991,2,0
281,200.473,164.203,2,0
282,170.256,43.4628,2,0
283,559.908,283.845,2,0
284,573.438,30.6894,2,0
285,198.369,36.4045,2,0
286,584.802,219.511,2,0
287,263.633,219.669,2,0
288,560.637,223.459,2,0
289,528.239,264.039,2,0
290,166.586,75.1419,2,0
291,79.4014,295.572,2,0
292,555.035,196.826,2,0
293,195.652,121.328,2,0
294,323.183,268.809,2,0
295,70.4992,240.215,2,0
296,371.349,100.412,2,0
297,91.7292,92.6607,2,0
298,588.641,142.983,2,0
299,320.135,33.1724,2,0
300,42.0067,63.2856,2,0
301,348.205,239.779,2,0
302,122.024,198.735,2,0
303,402.679,80.7212,2,0
304,438.204,136.54,2,0
305,511.374,156.968,2,0
306,425.402,114.302,2,0
307,34.1645,293.44,2,0
308,545.068,45.2196,2,0
309,279.514,130.902,2,0
310,49.6221,299.696,2,0
311,575.944,34.2586,2,0
312,452.494,232.64,2,0
313,138.537,21.041,2,0
314,314.192,137.751,2,0
315,323.962,145.392,2,0
316,5.50256,40.8044,2,0
317,597.691,291.484,2,0
318,428.848,37.6127,2,0
319,54.1035,207.689,2,0
320,113.233,18.0039,2,0
321,420.23,101.854,2,0
322,125.935,290.663,2,0
323,359.276,101.394,2,0
324,229.514,294.295,2,0
325,312.253,63.199,2,0
326,542.83,119.729,2,0
327,470.778,83.0945,2,0
328,139.217,293.612,2,0
329,529.274,200.174,2,0
330,207.174,85.6607,2,0
331,599.513,104.722,2,0
332,538.583,172.581,2,0
333,210.728,199.838,2,0
334,341.16,223.258,2,0
335,134.34,80.3041,2,0
336,52.8023,71.3622,2,0
337,320.499,287.161,2,0
338,339.357,13.7377,2,0
339,161.628,143.702,2,0
340,392.234,296.833,2,0
341,179.238,233.896,2,0
342,557.895,293.837,2,0
343,117.201,29.2541,2,0
344,139.687,244.758,2,0
345,95.7573,230.446,2,0
346,564.306,112.694,2,0
347,246.494,214.346,2,0
348,209.799,235.552,2,0
349,385.802,268.9,2,0
350,113.285,237.845,2,0
351,151.842,104.064,2,0
352,104.867,249.146,2,0
353,107.766,290.946,2,0
354,410.488,250.027,2,0
355,214.879,84.2953,2,0
356,375.355,284.605,2,0
357,446.235,179.644,2,0
358,264.511,34.1588,2,0
359,286.726,203.15,2,0
360,93.9826,66.4028,2,0
361,219.786,52.405,2,0
362,40.9791,59.2734,2,0
363,436.018,36.1051,2,0
364,0.15695,268.317,2,0
365,412.184,222.164,2,0
366,142.267,199.866,2,0
367,489.896,249.131,2,0
368,308.973,280.455,2,0
369,224.587,18.8924,2,0
370,247.846,19.8473,2,0
371,169.835,254.556,2,0
372,571.852,61.2871,2,0
373,70.6463,76.1546,2,0
374,312.334,1.56066,2,0
375,260.445,173.28,2,0
376,478.26,108.889,2,0
377,432.91,144.062,2,0
378,429.415,206.546,2,0
379,211.602,195.563,2,0
380,377.452,265.825,2,0
381,344.368,174.813,2,0
382,137.51,259.686,2,0
383,537.512,70.6084,2,0
384,61.52,83.4101,2,0
385,548.465,249.32,2,0
386,5.88128,223.362,2,0
387,296.154,195.61,2,0
388,53.0496,37.5468,2,0
389,590.753,292.408,2,0
390,76.872,44.7951,2,0
391,540.784,195.883,2,0
392,186.686,9.31113,2,0
393,345.42,234.689,2,0
394,29.6713,268.68,2,0
395,178.294,111.766,2,0
396,331.476,112.148,2,0
397,539.448,84.8541,2,0
398,565.83,150.356,2,0
399,560.815,211.275,2,0
400,415.646,50.9219,2,0
401,200.778,173.602,2,0
402,545.385,202.763,2,0
403,471.692,183.961,2,0
404,83.2241,250.356,2,0
405,176.019,172.485,2,0
406,104.9,222.728,2,0
407,425.617,89.806,2,0
408,58.6754,206.803,2,0
409,536.916,258.441,2,0
410,538.251,76.8714,2,0
411,246.257,285.689,2,0
412,100.553,198.083,2,0
413,176.008,115.224,2,0
414,147.637,248.607,2,0
415,475.06,213.636,2,0
416,584.421,24.0174,2,0
417,375.696,219.003,2,0
418,430.837,110.194,2,0
419,376.842,232.702,2,0
420,162.13,5.60297,2,0
421,9.23338,87.4123,2,0
422,54.3697,16.5185,2,0
423,8.4827,184.334,2,0
424,20.0043,12.5793,2,0
425,271.209,129.893,2,0
426,201.551,263.98,2,0
427,379.779,10.0937,2,0
428,164.136,24.3274,2,0
429,84.5378,289.794,2,0
430,142.965,115.767,2,0
431,403.614,100.512,2,0
432,429.12,29.9666,2,0
433,318.44,212.232,2,0
434,188.345,58.4288,2,0
435,442.178,78.4508,2,0
436,246.49,45.4981,2,0
437,473.21,266.059,2,0
438,23.9703,17.6489,2,0
439,536.786,297.78,2,0
440,168.648,243.463,2,0
441,364.829,9.77522,2,0
442,250.656,88.1671,2,0
443,247.665,28.5982,2,0
444,348.872,145.293,2,0
445,552.633,64.5105,2,0
446,596.814,120.695,2,0
447,503.162,118.844,2,0
448,12.2115,27.9683,2,0
449,97.2651,111.731,2,0
450,73.8625,172.801,2,0
451,390.913,36.8418,2,0
452,2.82151,233.772,2,0
453,280.893,83.3399,2,0
454,589.518,222.688,2,0
455,412.396,146.93,2,0
456,80.2751,33.0392,2,0
457,497.779,119.763,2,0
458,185.502,128.662,2,0
459,63.207,163.863,2,0
460,486.743,215.424,2,0
461,25.8656,24.3967,2,0
462,214.594,268.666,2,0
463,276.206,277.81,2,0
464,572.095,99.9528,2,0
465,583.625,293.326,2,0
466,572.589,47.7133,2,0
467,34.5868,239.365,2,0
468,434.819,192.003,2,0
469,503.851,163.972,2,0
470,40.343,87.4173,2,0
471,297.704,199.36,2,0
472,594.324,192.33,2,0
473,294.135,64.0575,2,0
474,429.189,87.6799,2,0
475,10.6192,284.768,2,0
476,222.205,141.887,2,0
477,483.782,164.695,2,0
478,466.271,44.6114,2,0
479,510.207,38.9953,2,0
480,526.832,224.303,2,0
481,5.09615,291.136,2,0
482,460.842,107.97,2,0
483,372.173,287.11,2,0
484,229.912,41.9984,2,0
485,364.537,109.938,2,0
486,548.737,110.496,2,0
487,123.551,192.143,2,0
488,481.455,191.043,2,0
489,241.912,92.8993,2,0
490,443.183,45.2845,2,0
491,251.584,15.3334,2,0
492,464.851,256.569,2,0
493,29.949,173.569,2,0
494,289.371,129.946,2,0
495,413.756,62.4645,2,0
496,481.57,231.897,2,0
497,110.655,13.3724,2,0
498,355.349,100.591,2,0
499,153.775,276.451,2,0
500,355.668,255.843,2,0
501,101.371,92.1272,2,0
502,410.789,261.878,2,0
503,157.511,273.642,2,0
504,204.863,170.211,2,0
505,481.879,248.374,2,0
506,351.559,227.873,2,0
507,116.949,61.2553,2,0
508,543.647,103.145,2,0
509,401.058,187.006,2,0
510,511.187,62.2434,2,0
511,172.717,181.385,2,0
512,532.243,107.341,2,0
513,48.6026,158.204,2,0
514,488.171,53.8478,2,0
515,288.816,185.439,2,0
516,357.382,195.502,2,0
517,22.8795,262.504,2,0
518,73.6526,66.431,2,0
519,205.55,238.162,2,0
520,366.755,81.8883,2,0
521,430.769,81.8212,2,0
522,70.1985,142.445,2,0
523,6.53662,283.847,2,0
524,127.801,215.922,2,0
525,128.551,130.576,2,0
526,121.9,33.8756,2,0
527,482.328,219.475,2,0
528,410.661,89.8827,2,0
529,317.195,50.0616,2,0
530,369.664,269.615,2,0
531,438.681,140.572,2,0
532,363.868,204.848,2,0
533,433.189,39.0988,2,0
534,536.932,50.1406,2,0
535,565.635,130.326,2,0
536,308.199,254.165,2,0
537,294.552,293.774,2,0
538,276.746,33.049,2,0
539,308.211,32.4791,2,0
540,421.379,114.012,2,0
541,300.762,252.47,2,0
542,118.903,50.2078,2,0
543,386.64,17.9241,2,0
544,189.322,298,2,0
545,167.821,283.05,2,0
546,240.056,286.463,2,0
547,212.974,109.035,2,0
548,587.836,281.065,2,0
549,59.011,299.063,2,0
550,315.43,84.7761,2,0
551,435.936,133.24,2,0
552,558.297,250.016,2,0
553,422.93,45.0625,2,0
554,470.09,203.979,2,0
555,127.698,35.8561,2,0
556,455.456,213.466,2,0
557,125.824,204.655,2,0
558,304.667,179.908,2,0
559,410.475,192.093,2,0
560,450.386,9.62309,2,0
561,18.0307,230.759,2,0
562,137.664,100.605,2,0
563,350.26,43.1284,2,0
564,86.4913,229.284,2,0
565,139.259,65.3338,2,0
566,487.728,121.715,2,0
567,273.62,68.0855,2,0
568,496.34,92.1415,2,0
569,43.1196,81.9737,2,0
570,316.514,280.757,2,0
571,73.9647,291.71,2,0
572,83.375,141.502,2,0
573,230.857,194.573,2,0
574,237.984,149.515,2,0
575,402.646,271.412,2,0
576,205.124,275.152,2,0
577,508.895,53.3341,2,0
578,329.053,244.36,2,0
579,479.734,132.882,2,0
580,593.079,39.1531,2,0
581,293.375,157.558,2,0
582,164.582,243.432,2,0
583,87.103,241.922,2,0
584,323.951,9.72919,2,0
585,64.4975,212.507,2,0
586,212.477,100.187,2,0
587,132.973,235.215,2,0
588,320.548,152.825,2,0
589,465.585,182.766,2,0
590,364.27,223.146,2,0
591,37.4682,206.044,2,0
592,468.651,9.40101,2,0
593,96.5695,107.013,2,0
594,470.848,68.2949,2,0
595,62.9213,93.4966,2,0
596,132.664,53.9155,2,0
597,234.742,246.139,2,0
598,166.768,66.1503,2,0
599,334.298,234.926,2,0
600,146.422,288.008,2,0
601,254.315,204.319,2,0
602,174.661,165.106,2,0
603,485.748,271.504,2,0
604,296.995,124.961,2,0
605,513.69,103.064,2,0
606,31.5909,196.698,2,0
607,580.695,178.044,2,0
608,14.1591,213.919,2,0
609,464.059,23.039,2,0
610,433.166,199.365,2,0
611,260.692,22.5239,2,0
612,146.026,150.151,2,0
613,571.957,154.132,2,0
614,310.862,128.85,2,0
615,79.1752,248.813,2,0
616,187.305,102.28,2,0
617,381.599,96.1133,2,0
618,187.319,118.142,2,0
619,397.33,85.8328,2,0
620,286.259,174.504,2,0
621,175.442,32.9536,2,0
622,69.6493,99.5515,2,0
623,102.391,210.139,2,0
624,588.798,14.8034,2,0
625,145.016,83.4632,2,0
626,123.005,95.2772,2,0
627,232.613,263.952,2,0
628,542.738,234.603,2,0
629,304.282,280.831,2,0
630,278.827,247.634,2,0
631,359.555,217.491,2,0
632,335.625,123.312,2,0
633,194.373,229.976,2,0
634,542.524,149.65,2,0
635,572.603,258.206,2,0
636,22.0468,175.031,2,0
637,421.66,263.614,2,0
638,90.3087,220.687,2,0
639,214.973,118.466,2,0
640,413.876,103.446,2,0
641,238.616,278.499,2,0
642,249.204,248.254,2,0
643,258.949,240.524,2,0
644,555.704,219.933,2,0
645,507.017,107.558,2,0
646,171.042,85.9507,2,0
647,354.277,268.577,2,0
648,596.696,141.069,2,0
649,547.195,253.459,2,0
650,360.47,112.867,2,0
651,111.219,177.374,2,0
652,235.861,230.804,2,0
653,500.575,61.3076,2,0
654,347.23,107.142,2,0
655,156.801,223.257,2,0
656,405.829,209.552,2,0
657,416.224,145.087,2,0
658,592.645,207.41,2,0
659,490.63,75.0595,2,0
660,383.115,224.158,2,0
661,494.786,152.877,2,0
662,73.6761,99.2615,2,0
663,73.5484,158.934,2,0
664,426.657,217.817,2,0
665,546.658,11.0127,2,0
666,408.223,183.234,2,0
667,557.937,226.465,2,0
668,225.514,96.2977,2,0
669,441.808,10.8326,2,0
670,13.3078,273.281,2,0
671,134.251,174.324,2,0
672,135.433,208.067,2,0
673,366.814,202.104,2,0
674,20.5197,35.0271,2,0
675,234.086,159.248,2,0
676,369.275,54.1741,2,0
677,422.541,225.251,2,0
678,97.1912,118.669,2,0
679,492.257,144.253,2,0
680,571.013,4.9283,2,0
681,59.5826,277.303,2,0
682,592.064,147.37,2,0
683,24.4727,156.752,2,0
684,469.149,52.3736,2,0
685,220.984,42.6064,2,0
686,571.78,298,2,0
687,253.006,194.868,2,0
688,262.954,105.704,2,0
689,227.58,265.267,2,0
690,584.867,165.429,2,0
691,306.752,223.931,2,0
692,466.723,30.8853,2,0
693,16.2392,265.759,2,0
694,410.003,209.898,2,0
695,222.184,56.4082,2,0
696,223.751,290.261,2,0
697,166.609,298.106,2,0
698,549.446,153.791,2,0
699,248.23,205.944,2,0
700,238.646,82.4222,2,0
701,488.701,30.1366,2,0
702,348.566,59.2547,2,0
703,257.105,191.573,2,0
704,262.368,283.646,2,0
705,286.417,3.85575,2,0
706,7.02651,152.258,2,0
707,565.845,45.1115,2,0
708,347.708,197.255,2,0
709,599.407,147.79,2,0
710,203.001,120.271,2,0
711,577.62,128.92,2,0
712,358.754,17.9921,2,0
713,126.301,147.496,2,0
714,64.0938,37.4485,2,0
715,324.15,34.4346,2,0
716,4.44335,139.652,2,0
717,447.258,122.794,2,0
718,296.193,274.93,2,0
719,8.18676,27.3935,2,0
720,331.939,256.12,2,0
721,84.079,159.769,2,0
722,240.533,118.811,2,0
723,265.857,61.6114,2,0
724,378.097,271.554,2,0
725,579.046,16.8792,2,0
726,379.228,121.575,2,0
727,113.198,261.339,2,0
728,53.5816,273.151,2,0
729,498.528,10.0594,2,0
730,261.701,60.8664,2,0
731,505.529,179.863,2,0
732,432.295,102.512,2,0
733,521.401,93.4153,2,0
734,262.736,249.541,2,0
735,129.34,116.107,2,0
736,286.754,104.879,2,0
737,34.8388,217.608,2,0
738,13.9096,67.6837,2,0
739,107.566,78.4169,2,0
740,528.951,179.243,2,0
741,120.504,77.0193,2,0
742,252.563,154.346,2,0
743,149.969,127.296,2,0
744,370.455,61.1855,2,0
745,538.614,142.355,2,0
746,491.345,169.203,2,0
747,115.459,250.811,2,0
748,97.738,241.633,2,0
749,60.8754,233.922,2,0
750,97.2738,142.741,2,0
751,301.757,53.2494,2,0
752,478.815,120.833,2,0
753,266.407,82.8684,2,0
754,261.353,128.805,2,0
755,133.529,109.365,2,0
756,10.4059,276.102,2,0
757,418.063,191.634,2,0
758,596.121,226.949,2,0
759,342.311,181.893,2,0
760,213.784,137.634,2,0
761,416.393,72.041,2,0
762,543.399,14.3865,2,0
763,215.287,112.359,2,0
764,320.076,164.434,2,0
765,546.013,113.455,2,0
766,474.814,76.5165,2,0
767,371.696,133.08,2,0
768,147.83,271.149,2,0
769,406.56,216.053,2,0
770,294.483,285.02,2,0
771,477.38,136.28,2,0
772,255.808,45.5708,2,0
773,424.096,66.9189,2,0
774,213.63,44.8803,2,0
775,136.725,57.4856,2,0
776,395.396,105.571,2,0
777,581.426,212.958,2,0
778,357.824,34.3359,2,0
779,504.452,266.255,2,0
780,585.742,94.3942,2,0
781,15.2445,217.832,2,0
782,485.808,111.457,2,0
783,402.097,12.1715,2,0
784,308.017,164.139,2,0
785,171.208,168.954,2,0
786,213.744,281.498,2,0
787,522.394,240.157,2,0
788,265.68,26.1619,2,0
789,371.036,224.067,2,0
790,337.991,298,2,0
791,501.035,250.794,2,0
792,199.244,82.3863,2,0
793,34.9822,282.099,2,0
794,538.961,18.1626,2,0
795,295.981,217.447,2,0
796,323.402,218.223,2,0
797,401.268,84.4644,2,0
798,370.042,149.278,2,0
799,25.9199,145.128,2,0
800,279.431,233.815,2,0
801,380.878,117.891,2,0
802,476.611,204.659,2,0
803,398.584,267.407,2,0
804,104.79,98.6704,2,0
805,505.629,153.793,2,0
806,2.9206,151.542,2,0
807,480.237,155.032,2,0
808,562.33,180.125,2,0
809,492.318,191.432,2,0
810,410.167,111.973,2,0
811,596.148,210.144,2,0
812,225.809,286.754,2,0
813,26.4694,224.697,2,0
814,368.642,136.123,2,0
815,161.25,219.904,2,0
816,502.004,294.743,2,0
817,307.063,107.494,2,0
818,90.4919,53.576,2,0
819,250.458,221.507,2,0
820,347.21,50.7129,2,0
821,423.38,220.255,2,0
822,108.109,207.623,2,0
823,137.862,61.4488,2,0
824,573.938,64.8096,2,0
825,207.329,2,2,0
826,129.872,221.278,2,0
827,303.05,159.757,2,0
828,65.52,87.6093,2,0
829,102.703,59.6485,2,0
830,138.9,115.728,2,0
831,297.729,262.968,2,0
832,209.928,119.554,2,0
833,39.1567,240.566,2,0
834,53.1436,294.038,2,0
835,334.54,208.665,2,0
836,310.347,87.8429,2,0
837,244.063,146.349,2,0
838,342.598,51.4078,2,0
839,259.535,252.113,2,0
840,65.2019,265.916,2,0
841,493.72,49.7361,2,0
842,27.479,101.386,2,0
843,220.913,161.749,2,0
844,176.368,5.88186,2,0
845,471.61,280.181,2,0
846,461.029,4.82097,2,0
847,159.386,269.905,2,0
848,586.438,34.2093,2,0
849,310.702,135.575,2,0
850,553.671,120.094,2,0
851,493.211,108.138,2,0
852,391.543,241.338,2,0
853,483.129,274.678,2,0
854,103.657,185.748,2,0
855,141.622,54.3073,2,0
856,218.927,298,2,0
857,562.873,2.62376,2,0
858,595.202,178.222,2,0
859,365.952,273.551,2,0
860,156.16,89.5656,2,0
861,458.047,194.32,2,0
862,283.163,262.188,2,0
863,393.397,58.5295,2,0
864,597.166,217.249,2,0
865,517.469,48.2851,2,0
866,55.9311,154.005,2,0
867,254.467,133.47,2,0
868,463.058,215.82,2,0
869,444.323,211.219,2,0
870,503.771,133.42,2,0
871,551.377,184.752,2,0
872,398.919,33.4499,2,0
873,397.855,184.287,2,0
874,41.13,38.3589,2,0
875,330.187,30.4344,2,0
876,23.8718,270.657,2,0
877,273.659,60.3451,2,0
878,559.673,259.293,2,0
879,91.1895,168.674,2,0
880,249.12,193.389,2,0
881,58.5964,145.474,2,0
882,469.033,87.8367,2,0
883,229.222,49.9588,2,0
884,232.685,198.143,2,0
885,210.209,88.9705,2,0
886,253.042,249.876,2,0
887,477.713,9.51416,2,0
888,165.943,105.136,2,0
889,419.13,280.843,2,0
890,22.1382,90.8644,2,0
891,434.344,7.14809,2,0
892,155.786,42.2618,2,0
893,237.801,68.8965,2,0
894,575.981,221.676,2,0
895,397.58,148.488,2,0
896,55.5889,12.6184,2,0
897,95.1832,270.72,2,0
898,331.348,180.235,2,0
899,215.427,145.941,2,0
900,510.111,18.5881,2,0
901,222.941,196.923,2,0
902,48.7968,30.6911,2,0
903,514.689,154.581,2,0
904,549.377,245.282,2,0
905,575.656,9.52298,2,0
906,125.522,251.81,2,0
907,262.055,189.469,2,0
908,370.652,228.235,2,0
909,386.305,200.237,2,0
910,211.11,129.999,2,0
911,409.24,156.171,2,0
912,184.142,45.8708,2,0
913,80.0683,207.473,2,0
914,515.698,110.886,2,0
915,418.201,244.812,2,0
916,80.1839,25.4185,2,0
917,17.5125,28.6597,2,0
918,121.719,28.0151,2,0
919,243.265,133.052,2,0
920,395.342,239.858,2,0
921,484.097,278.673,2,0
922,449.178,106.37,2,0
923,586.426,176.281,2,0
924,38.0987,64.2089,2,0
925,335.58,112.515,2,0
926,101.281,260.736,2,0
927,148.468,165.12,2,0
928,560.152,271.012,2,0
929,134.994,124.083,2,0
930,266.988,128.179,2,0
931,24.7493,80.3574,2,0
932,534.837,141.026,2,0
933,331.899,50.1805,2,0
934,281.505,182.784,2,0
935,317.831,295.08,2,0
936,234.815,124.786,2,0
937,453.635,25.1716,2,0
938,117.182,225.57,2,0
939,149.086,119.175,2,0
940,161.387,191.823,2,0
941,186.5,13.6955,2,0
942,554.136,77.753,2,0
943,589.81,167.794,2,0
944,229.359,251.496,2,0
945,522.881,278.045,2,0
946,470.319,212.115,2,0
947,108.911,230.343,2,0
948,337.263,70.9135,2,0
949,97.0287,178.967,2,0
950,422.634,110.06,2,0
951,70.3232,55.0446,2,0
952,217.601,108.982,2,0
953,343.387,20.3352,2,0
954,270.442,163.442,2,0
955,349.355,5.98416,2,0
956,151.855,203.62,2,0
957,171.868,145.617,2,0
958,207.105,81.5113,2,0
959,290.899,117.064,2,0
960,207.992,10.5564,2,0
961,342.49,185.895,2,0
962,106.573,130.923,2,0
963,510.466,152.851,2,0
964,27.6637,253.726,2,0
965,224.636,122.371,2,0
966,70.1394,206.668,2,0
967,313.752,161.783,2,0
968,95.122,90.3915,2,0
969,8.60663,139.642,2,0
970,547.978,141.024,2,0
971,499.432,280.851,2,0
972,133.385,101.518,2,0
973,227.123,27.0719,2,0
974,10.2355,158.482,2,0
975,434.076,107.729,2,0
976,483.891,226.753,2,0
977,370.224,170.156,2,0
978,438.649,173.748,2,0
979,478.485,151.064,2,0
980,25.2576,192.727,2,0
981,190.264,34.7581,2,0
982,553.842,293.288,2,0
983,522.07,16.556,2,0
984,313.792,173.587,2,0
985,383.445,284.748,2,0
986,524.245,28.6806,2,0
987,304.786,16.6403,2,0
988,271.304,134.449,2,0
989,11.5976,260.365,2,0
990,318.207,240.533,2,0
991,196.562,250.428,2,0
992,139.388,223.266,2,0
993,239.699,164.963,2,0
994,215.176,224.881,2,0
995,260.9,32.1109,2,0
996,319.897,102.282,2,0
997,405.005,173.104,2,0
998,50.3484,67.9157,2,0
999,63.5666,269.68,2,0
1000,323.6,141.291,2,0
1001,421.143,23.5475,2,0
1002,524.25,101.394,2,0
1003,71.23,87.7315,2,0
1004,94.256,171.334,2,0
1005,327.991,10.3312,2,0
1006,263.929,193.079,2,0
1007,274.988,223.082,2,0
1008,401.05,76.6733,2,0
1009,391.968,201.271,2,0
1010,520.464,274.702,2,0
1011,566.686,142.495,2,0
1012,189.985,160.626,2,0
1013,118.908,246.507,2,0
1014,98.2745,170.815,2,0
1015,269.132,251.872,2,0
1016,433.916,112.755,2,0
1017,489.706,50.0163,2,0
1018,578.033,260.609,2,0
1019,501.643,49.3053,2,0
1020,85.4587,34.9039,2,0
1021,389.306,29.3862,2,0
1022,185.998,162.637,2,0
1023,561.065,124.306,2,0
1024,473.972,173.482,2,0
1025,416.969,1.13903,2,0
1026,488.528,279.358,2,0
1027,36.2125,106.616,2,0
1028,40.0371,105.237,2,0
1029,505.406,183.987,2,0
1030,238.628,223.117,2,0
1031,475.689,185.759,2,0
1032,552.662,34.0166,2,0
1033,49.3582,265.102,2,0
1034,334.742,76.8775,2,0
1035,66.2532,294.917,2,0
1036,541.933,166.032,2,0
1037,73.9573,39.0158,2,0
1038,538.98,31.7314,2,0
1039,501.397,31.1071,2,0
1040,447.624,277.769,2,0
1041,489.534,259.039,2,0
1042,379.784,144.545,2,0
1043,286.296,210.248,2,0
1044,92.5877,291.264,2,0
1045,128.88,71.9744,2,0
1046,311.858,165.459,2,0
1047,150.831,251.137,2,0
1048,310.731,66.9217,2,0
1049,152.193,56.7975,2,0
1050,591.675,189.032,2,0
1051,222.078,203.451,2,0
1052,419.959,66.518,2,0
1053,191.063,135.608,2,0
1054,193.799,92.3809,2,0
1055,100.406,291.943,2,0
1056,506.932,142.977,2,0
1057,432.669,274.352,2,0
1058,180.959,248.776,2,0
1059,260.95,224.438,2,0
1060,111.671,291.899,2,0
1061,182.314,183.649,2,0
1062,468.787,143.571,2,0
1063,438.875,182.127,2,0
1064,208.38,109.378,2,0
1065,405.128,5.30015,2,0
1066,176.348,27.988,2,0
1067,295.138,169.109,2,0
1068,244.054,243.885,2,0
1069,246.386,128.8,2,0
1070,484.72,60.3067,2,0
1071,143.948,217.135,2,0
1072,22.2216,86.8546,2,0
1073,413.038,240.349,2,0
1074,304.391,29.0629,2,0
1075,367.151,293.086,2,0
1076,247.464,263.721,2,0
1077,310.516,22.1814,2,0
1078,407.288,106.611,2,0
1079,435.489,55.1437,2,0
1080,115.611,189.716,2,0
1081,252.334,33.9109,2,0
1082,37.1471,220.965,2,0
1083,118.724,25.086,2,0
1084,247.398,8.78738,2,0
1085,180.202,73.3472,2,0
1086,480.135,228.161,2,0
1087,168.447,29.1179,2,0
1088,95.9757,167.232,2,0
1089,530.328,187.208,2,0
1090,577.628,124.866,2,0
1091,5.66576,96.3976,2,0
1092,427.341,159.02,2,0
1093,489.189,57.8801,2,0
1094,303.163,33.8641,2,0
1095,106.602,85.6304,2,0
1096,380.154,99.9792,2,0
1097,127.94,161.12,2,0
1098,544.599,41.0349,2,0
1099,124.352,52.0157,2,0
1100,408.375,70.579,2,0
1101,290.263,229.006,2,0
1102,413.926,217.148,2,0
1103,28.7302,185.291,2,0
1104,64.0697,59.4511,2,0
1105,293.781,92.6355,2,0
1106,448.652,126.66,2,0
1107,453.85,14.4131,2,0
1108,229.144,208.213,2,0
1109,466.024,56.0458,2,0
1110,498.801,77.7402,2,0
1111,158.315,186.863,2,0
1112,478.582,250.712,2,0
1113,377.795,47.2416,2,0
1114,152.219,258.924,2,0
1115,455.521,121.612,2,0
1116,185.478,256.177,2,0
1117,237.868,121.81,2,0
1118,559.372,85.2827,2,0
1119,314.365,149.02,2,0
1120,19.7419,0.750597,2,0
1121,30.5694,89.8653,2,0
1122,330.354,108.169,2,0
1123,185.765,293.941,2,0
1124,553.798,174.925,2,0
1125,24.3127,12.0333,2,0
1126,85.5662,101.386,2,0
1127,406.283,110.52,2,0
1128,274.13,39.2303,2,0
1129,137.827,69.2287,2,0
1130,463.97,62.115,2,0
1131,25.2827,30.8719,2,0
1132,294.345,140.837,2,0
1133,189.292,108.532,2,0
1134,476.78,140.35,2,0
1135,281.688,42.8024,2,0
1136,208.004,33.0416,2,0
1137,283.954,7.57635,2,0
1138,270.994,276.646,2,0
1139,160.704,204.24,2,0
1140,14.62,139.341,2,0
1141,439.776,296.415,2,0
1142,28.9054,27.5989,2,0
1143,136.069,4.16195,2,0
1144,360.925,108.04,2,0
1145,9.13358,19.132,2,0
1146,246.067,196.149,2,0
1147,595.024,233.127,2,0
1148,375.954,106.487,2,0
1149,376.242,291.825,2,0
1150,404.157,30.6959,2,0
1151,410.197,280.856,2,0
1152,567.091,172.152,2,0
1153,177.774,99.2587,2,0
1154,549.513,89.8254,2,0
1155,122.515,157.262,2,0
1156,425.949,70.5599,2,0
1157,481.268,173.403,2,0
1158,442.765,157.38,2,0
1159,177.447,119.08,2,0
1160,110.987,280.87,2,0
1161,168.645,9.32566,2,0
1162,533.469,189.687,2,0
1163,47.123,23.1381,2,0
1164,479.761,100.963,2,0
1165,116.896,119.705,2,0
1166,70.506,297.304,2,0
1167,575.644,263.861,2,0
1168,135.961,163.413,2,0
1169,584.876,108.029,2,0
1170,74.0516,62.2862,2,0
1171,75.935,19.9058,2,0
1172,111.728,216.092,2,0
1173,495.637,175.007,2,0
1174,198.447,77.5047,2,0
1175,546.835,61.846,2,0
1176,74.5051,208.487,2,0
1177,352.859,103.928,2,0
1178,371.971,157.009,2,0
1179,108.804,82.2562,2,0
1180,303.928,136.979,2,0
1181,320.92,135.178,2,0
1182,481.685,198.995,2,0
1183,511.444,182.243,2,0
1184,147.862,204.734,2,0
1185,386.231,160.541,2,0
1186,449.317,70.8121,2,0
1187,432.694,188.506,2,0
1188,506.704,195.993,2,0
1189,43.172,95.6163,2,0
1190,446.158,192.64,2,0
1191,320.017,113.834,2,0
1192,448.761,247.527,2,0
1193,342.19,149.326,2,0
1194,132.356,2.2907,2,0
1195,536.362,110.435,2,0
1196,85.7693,257.548,2,0
1197,226.978,10.6909,2,0
1198,42.3566,143.981,2,0
1199,163.759,83.9639,2,0
1200,32.7611,166.099,2,0
1201,329.934,294.012,2,0
1202,249.31,177.915,2,0
1203,220.762,112.51,2,0
1204,208.477,176.662,2,0
1205,216.677,290.512,2,0
1206,450.319,192.569,2,0
1207,207.766,17.8133,2,0
1208,196.107,117.226,2,0
1209,547.476,104.45,2,0
1210,397.742,89.8441,2,0
1211,171.108,37.0715,2,0
1212,307.882,215.131,2,0
1213,105.703,272.641,2,0
1214,139.698,249.632,2,0
1215,339.642,77.9286,2,0
1216,289.493,94.2298,2,0
1217,209.596,286.944,2,0
1218,270.056,125.393,2,0
1219,83.7007,84.3502,2,0
1220,204.799,13.046,2,0
1221,440.398,117.987,2,0
1222,592.909,13.9854,2,0
1223,273.923,12.2872,2,0
1224,222.31,215.845,2,0
1225,439.424,2,2,0
1226,421.591,211.869,2,0
1227,143.956,264.515,2,0
1228,172.453,29.0097,2,0
1229,423.163,27.2331,2,0
1230,546.796,49.1931,2,0
1231,79.4981,120.739,2,0
1232,105.121,172.03,2,0
1233,598.607,83.3097,2,0
1234,159.704,98.2658,2,0
1235,157.902,101.867,2,0
1236,517.1,71.3558,2,0
1237,3.66887,107.559,2,0
1238,71.7162,267.472,2,0
1239,405.52,86.7654,2,0
1240,531.132,155.359,2,0
1241,387.016,291.866,2,0
1242,185.57,87.7029,2,0
1243,30.0861,228.651,2,0
1244,478.798,77.3553,2,0
1245,454.442,10.3398,2,0
1246,93.0954,254.827,2,0
1247,139.782,162.082,2,0
1248,452.555,127.724,2,0
1249,543.395,291.341,2,0
1250,355.083,238.108,2,0
1251,233.814,221.713,2,0
1252,67.7856,236.082,2,0
1253,53.526,231.282,2,0
1254,67.4662,96.0541,2,0
1255,172.012,194.43,2,0
1256,427.655,154.104,2,0
1257,412.729,70.1087,2,0
1258,96.355,128.843,2,0
1259,508.904,122.219,2,0
1260,249.573,232.837,2,0
1261,560.695,266.879,2,0
1262,130.069,66.2975,2,0
1263,192.932,110.374,2,0
1264,37.7705,84.2555,2,0
1265,54.751,63.9958,2,0
1266,487.858,285.812,2,0
1267,425.495,244.835,2,0
1268,298.177,268.699,2,0
1269,398.752,6.0242,2,0
1270,249.786,209.752,2,0
1271,474.79,12.3777,2,0
1272,16.529,35.9772,2,0
1273,432.456,245.284,2,0
1274,379.554,39.4804,2,0
1275,328.32,196.733,2,0
1276,317.21,125.129,2,0
1277,146.983,130.069,2,0
1278,539.068,46.7205,2,0
1279,450.604,93.3462,2,0
1280,550.631,11.7295,2,0
1281,510.066,57.1986,2,0
1282,130.997,16.9184,2,0
1283,416.393,257.458,2,0
1284,386.853,13.7068,2,0
1285,183.239,259.578,2,0
1286,440.838,145.493,2,0
1287,542.691,33.9539,2,0
1288,193.183,163.182,2,0
1289,479.844,267.116,2,0
1290,313.333,30.2379,2,0
1291,496.417,144.654,2,0
1292,234.7,105.46,2,0
1293,146.618,259.546,2,0
1294,579.01,137.166,2,0
1295,539.086,294.389,2,0
1296,597.997,250.168,2,0
1297,221.853,252.148,2,0
1298,48.9014,243.244,2,0
1299,188.596,269.504,2,0
1300,316.389,285.662,2,0
1301,285.437,44.9065,2,0
1302,139.967,187.287,2,0
1303,404.842,58.2166,2,0
1304,504.482,63.1633,2,0
1305,598.346,93.618,2,0
1306,216.373,175.367,2,0
1307,338.38,103.69,2,0
1308,98.1063,19.1693,2,0
1309,408.864,289.928,2,0
1310,455.98,165.361,2,0
1311,74.7212,76.4853,2,0
1312,505.378,215.627,2,0
1313,283.87,77.8758,2,0
1314,435.249,18.8625,2,0
1315,443.562,270.936,2,0
1316,448.432,110.338,2,0
1317,443.537,238.089,2,0
1318,410.919,226.118,2,0
1319,395.872,235.522,2,0
1320,146.115,253.53,2,0
1321,362.592,144.354,2,0
1322,204.416,142.937,2,0
1323,570.035,185.827,2,0
1324,393.246,127.759,2,0
1325,251.512,127.132,2,0
1326,45.0909,12.6724,2,0
1327,355.641,243.939,2,0
1328,329.833,2,2,0
1329,576.116,13.618,2,0
1330,132.056,225.53,2,0
1331,527.149,142.807,2,0
1332,57.7366,89.1576,2,0
1333,542.991,92.0443,2,0
1334,346.431,279.821,2,0
1335,553.554,180.781,2,0
1336,56.6688,122.002,2,0
1337,391.485,156.912,2,0
1338,101.753,80.5805,2,0
1339,232.128,149.633,2,0
1340,543.221,83.5035,2,0
1341,314.29,206.573,2,0
1342,213.593,70.6286,2,0
1343,71.9528,134.479,2,0
1344,190.971,196.949,2,0
1345,382.518,293.344,2,0
1346,52.5314,267.781,2,0
1347,536.279,268.757,2,0
1348,502.071,258.301,2,0
1349,143.447,256.946,2,0
1350,304.058,132.79,2,0
1351,83.3376,278.962,2,0
1352,364.803,238.276,2,0
1353,440.877,292.091,2,0
1354,65.8823,226.397,2,0
1355,147.571,212.152,2,0
1356,262.346,148.511,2,0
1357,211.329,209.403,2,0
1358,226.387,258.697,2,0
1359,140.204,109.733,2,0
1360,350.046,188.927,2,0
1361,303.162,183.73,2,0
1362,552.133,221.942,2,0
1363,585.567,286.993,2,0
1364,510.895,7.27189,2,0
1365,236.872,226.779,2,0
1366,299.54,58.8918,2,0
1367,562.839,194.41,2,0
1368,178.202,180.153,2,0
1369,490.242,218.868,2,0
1370,144.029,144.571,2,0
1371,209.958,42.9795,2,0
1372,2.78874,135.245,2,0
1373,129.07,249.752,2,0
1374,220.537,123.145,2,0
1375,241.26,265.128,2,0
1376,535.6,67.0869,2,0
1377,240.518,196.162,2,0
1378,429.146,179.82,2,0
1379,438.646,7.03983,2,0
1380,390.597,15.3091,2,0
1381,284.109,215.791,2,0
1382,481.81,35.2437,2,0
1383,567.091,190.867,2,0
1384,228.914,255.501,2,0
1385,357.667,95.7808,2,0
1386,215.603,80.041,2,0
1387,225.267,184.314,2,0
1388,216.822,60.4496,2,0
1389,528.311,105.773,2,0
1390,161.799,33.1537,2,0
1391,43.963,104.123,2,0
1392,462.604,32.0767,2,0
1393,190.707,30.7756,2,0
1394,272.368,266.328,2,0
1395,85.8544,184.278,2,0
1396,563.241,207.975,2,0
1397,593.055,69.015,2,0
1398,127.348,49.1155,2,0
1399,268.253,67.7797,2,0
1400,145.876,177.973,2,0
1401,74.2952,275.497,2,0
1402,254.333,86.3465,2,0
1403,252.535,29.8952,2,0
1404,341.413,82.7858,2,0
1405,228.069,247.605,2,0
1406,184.597,203.925,2,0
1407,255.323,129.245,2,0
1408,166.502,162.467,2,0
1409,200.255,17.8137,2,0
1410,26.2655,54.5178,2,0
1411,426.342,237.751,2,0
1412,333.122,54.0684,2,0
1413,539.124,8.24222,2,0
1414,554.169,124.268,2,0
1415,97.0668,200.293,2,0
1416,467.322,247.483,2,0
1417,353.621,298,2,0
1418,341.63,101.197,2,0
1419,304.959,249.764,2,0
1420,364.632,99.7945,2,0
1421,538.769,92.3298,2,0
1422,291.177,87.0967,2,0
1423,391.427,104.784,2,0
1424,14.1787,62.0955,2,0
1425,51.0357,21.3734,2,0
1426,474.934,123.98,2,0
1427,296.129,160.614,2,0
1428,208.163,39.1825,2,0
1429,387.282,220.516,2,0
1430,408.952,127.919,2,0
1431,272.717,270.411,2,0
1432,71.9102,177.349,2,0
1433,392.098,206.744,2,0
1434,524.317,105.439,2,0
1435,316.247,198.829,2,0
1436,392.376,82.3979,2,0
1437,230.224,96.0904,2,0
1438,26.2016,38.9828,2,0
1439,218.143,56.6698,2,0
1440,224.966,43.3918,2,0
1441,160.485,243.363,2,0
1442,325.807,293.895,2,0
1443,321.738,209.713,2,0
1444,270.34,210.684,2,0
1445,288.581,193.83,2,0
1446,588.577,39.6864,2,0
1447,14.8708,249.001,2,0
1448,312.066,152.395,2,0
1449,587.109,267.451,2,0
1450,287.805,245.234,2,0
1451,278.584,274.493,2,0
1452,108.24,147.411,2,0
1453,346.599,137.221,2,0
1454,167.67,288.66,2,0
1455,323.438,13.7556,2,0
1456,372.164,116.683,2,0
1457,157.053,256.233,2,0
1458,518.942,208.019,2,0
1459,419.84,222.195,2,0
1460,509.073,73.5688,2,0
1461,321.625,41.2349,2,0
1462,192.258,16.9557,2,0
1463,72.3071,72.3634,2,0
1464,60.5225,245.515,2,0
1465,587.356,272.394,2,0
1466,257.827,232.512,2,0
1467,211.959,9.93544,2,0
1468,345.562,248.563,2,0
1469,80.6997,151.738,2,0
1470,237.03,219.324,2,0
1471,60.6157,283.739,2,0
1472,18.1528,189.999,2,0
1473,261.312,120.678,2,0
1474,468.185,170.53,2,0
1475,209.397,29.0573,2,0
1476,425.162,35.8991,2,0
1477,362.114,41.8193,2,0
1478,350.586,29.9984,2,0
1479,191.225,38.8432,2,0
1480,143.549,203.964,2,0
1481,260.012,194.329,2,0
1482,68.9338,167.609,2,0
1483,190.073,90.8338,2,0
1484,220.899,47.992,2,0
1485,76.4707,31.4705,2,0
1486,147.3,134.176,2,0
1487,192.205,171.42,2,0
1488,85.7605,137.209,2,0
1489,556.661,241.743,2,0
1490,270.776,188.2,2,0
1491,141.871,92.3553,2,0
1492,107.095,254.842,2,0
1493,45.5295,135.828,2,0
1494,300.14,202.668,2,0
1495,455.649,158.001,2,0
1496,109.809,269.358,2,0
1497,164.899,218.143,2,0
1498,269.633,74.0986,2,0
1499,594.829,277.346,2,0
1500,227.719,235.542,2,0
1501,505.282,237.904,2,0
1502,106.242,63.0042,2,0
1503,320.825,185.131,2,0
1504,465.124,153.833,2,0
1505,178.64,299.198,2,0
1506,59.1575,21.6089,2,0
1507,386.404,55.8713,2,0
1508,599.666,161.2,2,0
1509,80.9696,287.853,2,0
1510,106.701,143.192,2,0
1511,215.869,168.828,2,0
1512,187.42,53.9474,2,0
1513,590.991,278.511,2,0
1514,52.7813,75.701,2,0
1515,136.333,242.372,2,0
1516,220.771,134.282,2,0
1517,517.686,76.5328,2,0
1518,371.394,211.984,2,0
1519,312.18,91.7848,2,0
1520,433.211,286.815,2,0
1521,197.862,130.966,2,0
1522,94.7137,2.14401,2,0
1523,520.846,120.629,2,0
1524,557.789,23.7717,2,0
1525,186.1,154.503,2,0
1526,249.636,115.248,2,0
1527,357.735,271,2,0
1528,205.861,102.646,2,0
1529,263.85,291.014,2,0
1530,338.615,49.1265,2,0
1531,138.91,235.603,2,0
1532,298.046,51.3743,2,0
1533,506.867,227.552,2,0
1534,586.353,52.4992,2,0
1535,316.015,249.764,2,0
1536,325.147,221.981,2,0
1537,366.57,18.4792,2,0
1538,513.814,241.528,2,0
1539,230.291,2,2,0
1540,356.222,107.894,2,0
1541,358.851,1.40131,2,0
1542,304.732,237.86,2,0
1543,72.617,254.15,2,0
1544,582.222,299.974,2,0
1545,334.166,215.947,2,0
1546,587.646,243.348,2,0
1547,170.533,216.137,2,0
1548,561.949,34.406,2,0
1549,322.555,156.334,2,0
1550,226.41,103.65,2,0
1551,205.821,25.45,2,0
1552,25.8875,196.745,2,0
1553,201.853,282.007,2,0
1554,185.9,149.281,2,0
1555,533.209,112.936,2,0
1556,486.826,38.0177,2,0
1557,80.0748,159.691,2,0
1558,280.759,162.074,2,0
1559,556.856,188.977,2,0
1560,115.23,208.994,2,0
1561,121.229,161.141,2,0
1562,522.382,87.0995,2,0
1563,182.587,168.075,2,0
1564,87.5627,171.312,2,0
1565,354.607,188.059,2,0
1566,570.129,194.373,2,0
1567,13.6912,91.2096,2,0
1568,210.688,222.997,2,0
1569,277.232,71.0198,2,0
1570,390.036,108.548,2,0
1571,224.651,149.715,2,0
1572,102.107,169.363,2,0
1573,508.113,218.671,2,0
1574,184.26,224.532,2,0
1575,576.591,227.994,2,0
1576,172.979,127.417,2,0
1577,212.607,245.912,2,0
1578,431.22,170.631,2,0
1579,589.795,94.5686,2,0
1580,93.1718,117.909,2,0
1581,343.308,190.259,2,0
1582,572.05,134.524,2,0
1583,349.368,201.038,2,0
1584,446.638,241.366,2,0
1585,383.812,157.301,2,0
1586,598.592,63.771,2,0
1587,556.858,256.295,2,0
1588,350.535,218.246,2,0
1589,558.629,79.4876,2,0
1590,332.711,166.209,2,0
1591,544.244,198.861,2,0
1592,537.558,88.4114,2,0
1593,159.246,136.873,2,0
1594,516.994,121.886,2,0
1595,598.901,153.972,2,0
1596,80.5468,182.775,2,0
1597,431.076,257.871,2,0
1598,561.301,291.024,2,0
1599,71.1904,200.092,2,0
1600,396.931,294.023,2,0
1601,405.626,36.242,2,0
1602,93.3616,283.905,2,0
1603,560.447,6.70781,2,0
1604,304.952,128.87,2,0
1605,68.0207,73.134,2,0
1606,37.5352,126.817,2,0
1607,423.109,295.713,2,0
1608,495.32,168.402,2,0
1609,114.569,213.09,2,0
1610,481.422,136.801,2,0
1611,411.594,204.838,2,0
1612,44.5743,261.447,2,0
1613,141.868,62.2242,2,0
1614,468.49,38.7693,2,0
1615,90.8802,240.381,2,0
1616,415.672,55.1272,2,0
1617,292.129,51.8682,2,0
1618,222.902,81.3553,2,0
1619,464.76,208.056,2,0
1620,2.44078,181.904,2,0
1621,515.452,106.824,2,0
1622,283.718,123.453,2,0
1623,157.082,252.22,2,0
1624,507.654,279.096,2,0
1625,357.649,298,2,0
1626,595.38,131.552,2,0
1627,241.899,63.1542,2,0
1628,448.715,81.7282,2,0
1629,78.9492,36.8464,2,0
1630,59.8897,73.9824,2,0
1631,594.85,241.17,2,0
1632,214.222,149.765,2,0
1633,99.9552,103.23,2,0
1634,535.88,5.65677,2,0
1635,460.897,103.446,2,0
1636,350.442,280.863,2,0
1637,313.291,228.478,2,0
1638,588.237,22.6528,2,0
1639,360.006,203.254,2,0
1640,548.858,181.303,2,0
1641,134.613,50.2096,2,0
1642,42.4876,44.1741,2,0
1643,466.094,252.702,2,0
1644,100.021,227.34,2,0
1645,196.904,99.6826,2,0
1646,336.004,6.02433,2,0
1647,300.186,95.7072,2,0
1648,332.452,197.35,2,0
1649,180.022,69.3508,2,0
1650,470.946,150.019,2,0
1651,355.993,150.581,2,0
1652,319.819,193.406,2,0
1653,370.062,108.468,2,0
1654,189.097,168.826,2,0
1655,409.066,118.821,2,0
1656,282.865,106.177,2,0
1657,522.03,205.251,2,0
1658,26.1769,34.8734,2,0
1659,406.02,137.875,2,0
1660,472.217,187.965,2,0
1661,120.564,63.4433,2,0
1662,183.036,265.896,2,0
1663,291.177,113.006,2,0
1664,501.563,65.9942,2,0
1665,105.158,93.5111,2,0
1666,356.147,172.116,2,0
1667,514.558,68.2081,2,0
1668,498.438,2,2,0
1669,410.406,246.005,2,0
1670,187.173,290.11,2,0
1671,365.673,75.3716,2,0
1672,456.562,19.011,2,0
1673,36.4222,73.6772,2,0
1674,385.121,260.835,2,0
1675,420.805,138.677,2,0
1676,94.4513,220.163,2,0
1677,382.398,184.925,2,0
1678,80.1005,128.246,2,0
1679,297.751,146.074,2,0
1680,445.935,115.783,2,0
1681,334.623,228.901,2,0
1682,389.383,248.547,2,0
1683,531.08,192.906,2,0
1684,16.2208,70.967,2,0
1685,369.131,2,2,0
1686,461.043,79.1126,2,0
1687,461.741,46.4279,2,0
1688,183.456,116.426,2,0
1689,356.307,121.847,2,0
1690,345.753,91.185,2,0
1691,393.8,90.5991,2,0
1692,16.1899,143.116,2,0
1693,299.914,27.4011,2,0
1694,60.3154,154.674,2,0
1695,412.083,66.1585,2,0
1696,343.297,127.763,2,0
1697,540.085,162.419,2,0
1698,46.7496,131.991,2,0
1699,372.087,7.55353,2,0
1700,2.61709,4.90074,2,0
1701,389.195,266.225,2,0
1702,170.572,12.8786,2,0
1703,279.334,291.776,2,0
1704,367.56,173.18,2,0
1705,23.627,168.503,2,0
1706,348.614,46.8014,2,0
1707,159.219,299.381,2,0
1708,197.72,265.673,2,0
1709,15.4868,243.161,2,0
1710,420.934,181.217,2,0
1711,187.667,22.1679,2,0
1712,430.355,106.041,2,0
1713,574.591,58.2526,2,0
1714,520.523,218.522,2,0
1715,193.65,154.91,2,0
1716,306.569,156.021,2,0
1717,492.765,29.4949,2,0
1718,260.861,45.2772,2,0
1719,344.922,283.685,2,0
1720,590.137,213.542,2,0
1721,196.262,58.0237,2,0
1722,33.7359,249.661,2,0
1723,41.6952,210.745,2,0
1724,462.522,58.253,2,0
1725,376.268,15.6764,2,0
1726,0.395015,60.1569,2,0
1727,491.308,210.884,2,0
1728,179.52,41.3872,2,0
1729,571.841,34.588,2,0
1730,454.58,33.6995,2,0
1731,595.079,47.088,2,0
1732,17.882,289.724,2,0
1733,253.688,114.681,2,0
1734,143.155,4.97606,2,0
1735,464.701,177.735,2,0
1736,386.049,61.0196,2,0
1737,232.786,253.997,2,0
1738,474.468,107.538,2,0
1739,75.9953,51.0906,2,0
1740,361.123,122.269,2,0
1741,361.654,297.419,2,0
1742,48.8627,74.3974,2,0
1743,68.3546,146.041,2,0
1744,47.1068,89.7937,2,0
1745,250.73,76.4528,2,0
1746,53.2301,30.5816,2,0
1747,476.157,114.182,2,0
1748,307.467,85.0508,2,0
1749,49.7742,116.377,2,0
1750,545.128,96.6003,2,0
1751,470.792,164.941,2,0
1752,337.052,23.8153,2,0
1753,227.89,175.955,2,0
1754,339.181,249.799,2,0
1755,41.5965,295.812,2,0
1756,88.0371,265.589,2,0
1757,270.664,7.24654,2,0
1758,143.029,159.726,2,0
1759,173.196,151.869,2,0
1760,111.581,58.5629,2,0
1761,108.164,284.696,2,0
1762,523.215,143.979,2,0
1763,11.5332,206.151,2,0
1764,294.63,22.2051,2,0
1765,2.72805,169.28,2,0
1766,564.666,60.4292,2,0
1767,521.87,134.043,2,0
1768,325.328,242.866,2,0
1769,573.636,283.363,2,0
1770,435.516,277.245,2,0
1771,30.5289,74.0984,2,0
1772,311.352,256.933,2,0
1773,146.537,30.1621,2,0
1774,95.0606,60.0293,2,0
1775,102.127,55.5499,2,0
1776,427.164,26.383,2,0
1777,150.213,28.5533,2,0
1778,20.5443,25.4062,2,0
1779,386.472,273.263,2,0
1780,219.39,90.8715,2,0
1781,207.071,129.296,2,0
1782,541.139,95.6688,2,0
1783,596.277,23.9328,2,0
1784,281.792,57.4571,2,0
1785,33.7266,84.2326,2,0
1786,71.0855,284.769,2,0
1787,258.261,66.7228,2,0
1788,372.323,39.1646,2,0
1789,452.511,245.571,2,0
1790,440.467,61.4803,2,0
1791,199.139,233.062,2,0
1792,154.242,29.3288,2,0
1793,41.1155,153.238,2,0
1794,375.759,189.937,2,0
1795,530.957,36.3023,2,0
1796,493.95,2.6614,2,0
1797,480.636,124.717,2,0
1798,34.5773,224.501,2,0
1799,265.84,30.3445,2,0
1800,17.8656,66.793,2,0
1801,374.376,92.886,2,0
1802,225.063,48.3008,2,0
1803,344.277,104.204,2,0
1804,335.205,41.3433,2,0
1805,462.244,259.747,2,0
1806,78.2183,124.594,2,0
1807,213.589,158.181,2,0
1808,576.806,234.593,2,0
1809,373.894,31.0344,2,0
1810,599.079,133.26,2,0
1811,494.195,251.207,2,0
1812,129.086,271.005,2,0
1813,371.206,26.5864,2,0
1814,277.751,226.031,2,0
1815,243.006,162.695,2,0
1816,238.068,108.419,2,0
1817,181.324,255.879,2,0
1818,583.005,260.278,2,0
1819,286.375,74.6462,2,0
1820,40.1227,182.907,2,0
1821,481.785,110.89,2,0
1822,25.8265,179.295,2,0
1823,196.682,95.4117,2,0
1824,161.448,276.784,2,0
1825,137.671,137.273,2,0
1826,537.014,96.0943,2,0
1827,182.95,7.71751,2,0
1828,174.035,136.725,2,0
1829,398.884,205.422,2,0
1830,478.477,104.848,2,0
1831,100.794,249.207,2,0
1832,410.526,214.794,2,0
1833,599.85,25.8618,2,0
1834,172.352,245.185,2,0
1835,235.368,75.4223,2,0
1836,328.873,86.1392,2,0
1837,481.211,186.853,2,0
1838,212.828,293.544,2,0
1839,454.081,161.775,2,0
1840,378.333,129.482,2,0
1841,195.297,39.0135,2,0
1842,464.398,165.568,2,0
1843,393.944,22.3683,2,0
1844,105.135,196.447,2,0
1845,17.0172,204.171,2,0
1846,210.085,160.962,2,0
1847,374.52,61.6217,2,0
1848,187.501,247.373,2,0
1849,293.36,109.542,2,0
1850,37.2362,14.4444,2,0
1851,134.725,158.384,2,0
1852,50.9953,34.0436,2,0
1853,473.052,243.794,2,0
1854,196.482,16.2751,2,0
1855,175.991,247.21,2,0
1856,398.45,218.737,2,0
1857,291.93,238.774,2,0
1858,124.632,120.542,2,0
1859,442.628,125.972,2,0
1860,253.137,294.436,2,0
1861,57.4157,25.3748,2,0
1862,313.107,234.735,2,0
1863,445.967,9.43446,2,0
1864,381.852,47.3647,2,0
1865,400.684,58.6314,2,0
1866,305.673,190.646,2,0
1867,27.8559,107.08,2,0
1868,75.9866,168.704,2,0
1869,346.667,120.586,2,0
1870,488.197,141.398,2,0
1871,239.671,100.375,2,0
1872,208.164,125.26,2,0
1873,534.296,276.87,2,0
1874,465.22,7.04807,2,0
1875,425.738,40.623,2,0
1876,234.275,276.282,2,0
1877,120.131,87.2031,2,0
1878,318.705,12.7975,2,0
1879,149.017,256.33,2,0
1880,579.372,156.028,2,0
1881,490.094,183.95,2,0
1882,35.3494,186.993,2,0
1883,493.276,246.089,2,0
1884,326.701,80.1746,2,0
1885,189.431,164.783,2,0
1886,180.424,262.661,2,0
1887,47.8646,229.989,2,0
1888,461.698,276.638,2,0
1889,95.3904,12.8387,2,0
1890,157.856,129.526,2,0
1891,470.267,43.5098,2,0
1892,425.666,85.2483,2,0
1893,531.184,40.9597,2,0
1894,349.54,178.953,2,0
1895,270.802,77.9456,2,0
1896,47.4633,52.9475,2,0
1897,85.8057,194.388,2,0
1898,79.56,53.1635,2,0
1899,352.733,158.366,2,0
1900,78.1955,116.162,2,0
1901,458.452,70.5023,2,0
1902,118.759,201.116,2,0
1903,438.56,125.807,2,0
1904,447.872,213.19,2,0
1905,325.03,76.2563,2,0
1906,448.131,196.559,2,0
1907,241.234,269.236,2,0
1908,428.396,188.628,2,0
1909,160.113,231.665,2,0
1910,254.151,217.892,2,0
1911,544.648,155.697,2,0
1912,590.62,43.3343,2,0
1913,39.4313,169.488,2,0
1914,428.605,6.56552,2,0
1915,420.747,132.335,2,0
1916,584.664,189.785,2,0
1917,163.423,229.388,2,0
1918,416.825,292.728,2,0
1919,361.498,229.637,2,0
1920,182.997,112.363,2,0
1921,146.218,200.983,2,0
1922,86.9314,222.891,2,0
1923,198.196,243.491,2,0
1924,99.8604,159.238,2,0
1925,310.37,225.691,2,0
1926,380.694,23.1816,2,0
1927,295.027,241.588,2,0
1928,45.7927,117.108,2,0
1929,95.8189,298,2,0
1930,433.632,51.4214,2,0
1931,496.534,24.5375,2,0
1932,59.1057,192.047,2,0
1933,287.77,165.562,2,0
1934,323.594,260.489,2,0
1935,501.055,160.91,2,0
1936,316.902,133.91,2,0
1937,352.102,241.814,2,0
1938,321.975,148.881,2,0
1939,269.791,92.2443,2,0
1940,501.606,155.097,2,0
1941,547.185,184.971,2,0
1942,365.12,54.8948,2,0
1943,566.527,278.86,2,0
1944,464.204,38.6301,2,0
1945,14.0451,156.33,2,0
1946,135.948,36.7717,2,0
1947,42.7902,187.372,2,0
1948,133.182,192.34,2,0
1949,314.276,271.948,2,0
1950,265.498,265.855,2,0
1951,509.166,272.572,2,0
1952,288.318,53.3375,2,0
1953,228.25,162.971,2,0
1954,567.497,161.411,2,0
1955,474.428,222.332,2,0
1956,45.9005,224.806,2,0
1957,222.796,4.64009,2,0
1958,389.752,43.777,2,0
1959,520.062,116.632,2,0
1960,456.501,140.65,2,0
1961,89.7705,138.192,2,0
1962,594.17,135.396,2,0
1963,542.551,191.805,2,0
1964,28.8602,285.659,2,0
1965,535.036,272.61,2,0
1966,77.5657,40.7521,2,0
1967,10.0949,69.0968,2,0
1968,232.37,17.7612,2,0
1969,24.0681,255.807,2,0
1970,423.476,73.9169,2,0
1971,144.626,57.1009,2,0
1972,469.776,63.2939,2,0
1973,563.249,100.593,2,0
1974,537.386,202.725,2,0
1975,449.236,130.87,2,0
1976,272.261,220.124,2,0
1977,316.032,202.875,2,0
1978,388.337,238.705,2,0
1979,89.0625,280.964,2,0
1980,536.278,160.925,2,0
1981,455.854,82.4445,2,0
1982,474.763,6.6667,2,0
1983,178.715,151.692,2,0
1984,421.098,188.432,2,0
1985,508.538,103.671,2,0
1986,167.045,292.803,2,0
1987,572.577,249.62,2,0
1988,314.129,42.4119,2,0
1989,358,247.273,2,0
1990,185.263,298,2,0
1991,547.813,14.9297,2,0
1992,587.423,6.03699,2,0
1993,272.813,97.6089,2,0
1994,505.999,257.303,2,0
1995,392.009,269.134,2,0
1996,566.408,11.354,2,0
1997,53.1463,211.663,2,0
1998,536.907,106.39,2,0
1999,128.289,45.194,2,0
2000,532.949,13.3526,2,0
2001,343.335,40.7537,2,0
2002,60.7741,129.757,2,0
2003,581.117,241.178,2,0
2004,114.901,49.7793,2,0
2005,154.871,59.9351,2,0
2006,459.327,256.723,2,0
2007,503.267,150.316,2,0
2008,289.83,19.8201,2,0
2009,431.607,91.0625,2,0
2010,524.795,139.363,2,0
2011,580.28,23.7439,2,0
2012,91.8505,32.6697,2,0
2013,598.485,20.4759,2,0
2014,129.054,196.194,2,0
2015,56.9077,179.663,2,0
2016,223.948,283.172,2,0
2017,80.8042,74.4097,2,0
2018,547.684,236.537,2,0
2019,562.002,66.9826,2,0
2020,110.245,43.4097,2,0
2021,382.682,162.439,2,0
2022,342.106,110.988,2,0
2023,397.412,170.906,2,0
2024,348.085,63.2653,2,0
2025,361.248,46.3396,2,0
2026,59.6963,188.084,2,0
2027,390.505,252.411,2,0
2028,53.3089,24.9844,2,0
2029,272.202,143.701,2,0
2030,489.913,118.276,2,0
2031,378.914,58.3923,2,0
2032,386.021,254.118,2,0
2033,284.67,91.9095,2,0
2034,222.299,116.663,2,0
2035,517.398,157.603,2,0
2036,49.6646,26.6472,2,0
2037,295.074,234.161,2,0
2038,394.562,279.858,2,0
2039,394.813,220.681,2,0
2040,266.207,16.2939,2,0
2041,63.5491,298,2,0
2042,144.405,123.515,2,0
2043,328.513,253.968,2,0
2044,171.104,294.888,2,0
2045,485.798,253.43,2,0
2046,204.865,183.543,2,0
2047,404.301,43.0678,2,0
2048,480.465,240.316,2,0
2049,265.865,97.6646,2,0
2050,298.996,114.878,2,0
2051,513.47,45.7327,2,0
2052,57.082,127.818,2,0
2053,352.684,46.8154,2,0
2054,318.183,43.7233,2,0
2055,475.108,168.043,2,0
2056,206.686,200.539,2,0
2057,586.029,247.031,2,0
2058,367.583,58.0714,2,0
2059,563.478,18.0377,2,0
2060,45.7044,77.1054,2,0
2061,421.998,176.99,2,0
2062,223.517,145.755,2,0
2063,134.039,221.973,2,0
2064,499.16,177.283,2,0
2065,547.1,18.9681,2,0
2066,364.993,123.701,2,0
2067,79.1946,211.538,2,0
2068,453.861,131.564,2,0
2069,308.808,46.6,2,0
2070,30.6037,223.986,2,0
2071,281.692,96.3944,2,0
2072,105.726,294.505,2,0
2073,391.043,112.579,2,0
2074,20.7858,39.0221,2,0
2075,367.779,183.583,2,0
2076,465.886,236.767,2,0
2077,374.277,280.56,2,0
2078,592.099,2,2,0
2079,175.497,46.3923,2,0
2080,385.385,153.464,2,0
2081,158.703,35.9984,2,0
2082,518.19,194.911,2,0
2083,94.015,224.28,2,0
2084,193.956,13.0362,2,0
2085,11.5921,280.689,2,0
2086,323.644,103.962,2,0
2087,64.6875,10.8641,2,0
2088,267.119,257.492,2,0
2089,545.253,194.933,2,0
2090,521.278,257.543,2,0
2091,247.449,24.6019,2,0
2092,492.238,102.962,2,0
2093,58.3058,237.158,2,0
2094,248.276,188.4,2,0
2095,481.507,97.3588,2,0
2096,234.976,146.763,2,0
2097,28.6634,273.017,2,0
2098,181.372,159.935,2,0
2099,39.0206,224.591,2,0
2100,113.862,64.036,2,0
2101,32.1788,54.9106,2,0
2102,331.878,286.602,2,0
2103,382.208,200.09,2,0
2104,199.638,146.217,2,0
2105,351.435,80.5684,2,0
2106,426.087,122.223,2,0
2107,206.352,74.8647,2,0
2108,105.161,2,2,0
2109,486.102,184.448,2,0
2110,24.4696,130.233,2,0
2111,35.9735,182.908,2,0
2112,547.613,162.528,2,0
2113,484.974,188.458,2,0
2114,385.354,2,2,0
2115,45.9835,208.069,2,0
2116,347.309,40.1804,2,0
2117,290.214,211.415,2,0
2118,328.037,35.6782,2,0
2119,495.489,129.807,2,0
2120,27.7103,116.285,2,0
2121,352.211,63.2427,2,0
2122,51.753,219.865,2,0
2123,428.127,66.6117,2,0
2124,157.801,84.2857,2,0
2125,581.656,133.116,2,0
2126,232.451,81.7449,2,0
2127,173.441,69.8867,2,0
2128,245.832,136.539,2,0
2129,556.359,130.245,2,0
2130,559.024,101.721,2,0
2131,318.176,147.479,2,0
2132,194.435,34.7693,2,0
2133,13.3615,58.0804,2,0
2134,104.917,266.305,2,0
2135,186.676,29.381,2,0
2136,11.1402,247.515,2,0
2137,160.302,151.43,2,0
2138,159.16,64.8445,2,0
2139,343.025,167.374,2,0
2140,82.716,131.286,2,0
2141,312.146,183.129,2,0
2142,37.1272,298.51,2,0
2143,324.331,108.713,2,0
2144,550.292,125.608,2,0
2145,298.756,128.595,2,0
2146,76.389,135.613,2,0
2147,590.838,107.263,2,0
2148,131.865,47.2327,2,0
2149,419.213,28.2332,2,0
2150,588.01,2,2,0
2151,376.296,202.163,2,0
2152,516.71,61.9038,2,0
2153,563.993,225.677,2,0
2154,396.124,298,2,0
2155,400.267,291.681,2,0
2156,554.733,95.1732,2,0
2157,5.20291,172.467,2,0
2158,289.082,43.1382,2,0
2159,512.974,122.118,2,0
2160,593.084,139.327,2,0
2161,186.495,230.769,2,0
2162,3.08766,36.5967,2,0
2163,382.354,56.2689,2,0
2164,432.049,35.0444,2,0
2165,413.79,127.779,2,0
2166,132.392,69.8151,2,0
2167,1.75933,277.552,2,0
2168,218.01,204.307,2,0
2169,235.237,259.494,2,0
2170,42.2355,206.589,2,0
2171,87.8618,93.7328,2,0
2172,274.377,274.202,2,0
2173,244.688,5.21569,2,0
2174,238.064,183.648,2,0
2175,332.023,73.9353,2,0
2176,59.2383,223.665,2,0
2177,214.79,211.541,2,0
2178,87.1527,180.434,2,0
2179,247.66,37.4601,2,0
2180,400.304,298,2,0
2181,58.484,229.365,2,0
2182,511.24,281.163,2,0
2183,2.0976,18.7165,2,0
2184,97.2914,261.477,2,0
2185,130.678,158.127,2,0
2186,3.84898,25.2044,2,0
2187,59.8734,161.404,2,0
2188,57.6197,6.74709,2,0
2189,597.362,206.145,2,0
2190,389.477,2,2,0
2191,144.439,73.759,2,0
2192,118.768,264.343,2,0
2193,232.555,290.849,2,0
2194,294.486,173.681,2,0
2195,455.115,40.5242,2,0
2196,168.523,186.663,2,0
2197,276.065,84.7123,2,0
2198,175.647,50.3969,2,0
2199,219.268,130.396,2,0
2200,6.63386,104.843,2,0
2201,375.96,37.4265,2,0
2202,580.388,257.195,2,0
2203,253.417,106.932,2,0
2204,417.774,162.288,2,0
2205,110.198,62.361,2,0
2206,42.1412,133.42,2,0
2207,371.945,20.0046,2,0
2208,579.902,7.6401,2,0
2209,13.3275,39.9292,2,0
2210,428.607,0.16228,2,0
2211,55.5687,221.391,2,0
2212,99.8447,139.575,2,0
2213,315.83,215.367,2,0
2214,199.965,157.609,2,0
2215,594.462,19.3022,2,0
2216,482.554,151.559,2,0
2217,38.0076,197.287,2,0
2218,392.156,210.795,2,0
2219,7.6671,175.861,2,0
2220,245.176,65.6713,2,0
2221,97.8231,251.95,2,0
2222,78.918,186.498,2,0
2223,551.962,86.5191,2,0
2224,553.431,91.2681,2,0
2225,140.941,105.757,2,0
2226,169.43,176.882,2,0
2227,155.802,33.1188,2,0
2228,471.088,288.165,2,0
2229,574.799,143.4,2,0
2230,353.481,88.9043,2,0
2231,284.21,167.465,2,0
2232,438.939,15.4836,2,0
2233,540.545,146.069,2,0
2234,504.785,45.3093,2,0
2235,156.109,261.889,2,0
2236,536.504,186.85,2,0
2237,259.865,76.8395,2,0
2238,479.943,277.357,2,0
2239,258.875,158.286,2,0
2240,408.346,147.261,2,0
2241,216.498,155.11,2,0
2242,25.9641,89.1204,2,0
2243,493.458,156.847,2,0
2244,298.533,232.058,2,0
2245,236.329,162.665,2,0
2246,539.282,103.018,2,0
2247,477.751,34.091,2,0
2248,318.642,8.01315,2,0
2249,254.629,2.16509,2,0
2250,168.668,102.011,2,0
2251,84.076,169.135,2,0
2252,420.417,122.607,2,0
2253,247.216,143.374,2,0
2254,281.56,34.7912,2,0
2255,147.576,6.34815,2,0
2256,358.402,134.632,2,0
2257,307.118,264.881,2,0
2258,301.605,190.324,2,0
2259,129.017,297.843,2,0
2260,83.1281,221.397,2,0
2261,376.487,223.051,2,0
2262,578.48,59.6833,2,0
2263,394.763,70.4894,2,0
2264,485.636,258.081,2,0
2265,73.173,279.441,2,0
2266,524.061,123.095,2,0
2267,463.424,90.7654,2,0
2268,333.289,142.864,2,0
2269,471.006,176.368,2,0
2270,70.9732,210.647,2,0
2271,501.066,13.1863,2,0
2272,290.794,104.603,2,0
2273,492.368,67.1271,2,0
2274,275.868,44.5691,2,0
2275,330.695,145.954,2,0
2276,489.415,96.1487,2,0
2277,341.005,44.6413,2,0
2278,160.472,225.054,2,0
2279,401.382,170.332,2,0
2280,451.195,36.1705,2,0
2281,45.1578,212.798,2,0
2282,363.79,33.7266,2,0
2283,229.634,126.265,2,0
2284,477.664,297.016,2,0
2285,232.811,131.313,2,0
2286,361.615,61.523,2,0
2287,336.126,225.098,2,0
2288,38.7726,265.726,2,0
2289,31.7846,77.9466,2,0
2290,326.199,282.102,2,0
2291,77.0848,156.844,2,0
2292,249.558,164.414,2,0
2293,599.356,34.9849,2,0
2294,174.76,177.009,2,0
2295,41.2992,218.135,2,0
2296,14.5357,163.617,2,0
2297,243.034,235.722,2,0
2298,549.538,214.923,2,0
2299,500.106,198.007,2,0
2300,56.7188,76.474,2,0
2301,223.145,12.0335,2,0
2302,402.623,190.697,2,0
2303,592.259,22.7692,2,0
2304,476.859,59.9445,2,0
2305,88.6113,290.515,2,0
2306,246.871,41.5127,2,0
2307,472.817,144.146,2,0
2308,529.43,124.953,2,0
2309,28.4267,83.4229,2,0
2310,374.792,268.963,2,0
2311,593.62,196.468,2,0
2312,349.249,36.6582,2,0
2313,335.96,263.028,2,0
2314,44.4219,156.006,2,0
2315,553.136,235.39,2,0
2316,182.853,207.578,2,0
2317,281.112,198.537,2,0
2318,211.098,60.7598,2,0
2319,580.467,67.9194,2,0
2320,319.839,201.645,2,0
2321,94.9527,29.5632,2,0
2322,234.943,119.019,2,0
2323,193.073,98.3235,2,0
2324,431.045,202.766,2,0
2325,343.721,254.476,2,0
2326,443.86,92.4519,2,0
2327,4.39562,219.396,2,0
2328,390.392,287.744,2,0
2329,308.265,201.413,2,0
2330,144.88,191.998,2,0
2331,226.897,228.045,2,0
2332,495.745,20.5975,2,0
2333,298.136,237.075,2,0
2334,517.294,146.433,2,0
2335,42.1369,236.563,2,0
2336,138.858,26.0981,2,0
2337,359.008,289.009,2,0
2338,194.914,103.558,2,0
2339,446.826,43.5921,2,0
2340,154.697,95.1018,2,0
2341,548.986,227.346,2,0
2342,313.17,125.527,2,0
2343,284.489,148.316,2,0
2344,102.317,128.708,2,0
2345,118.35,35.8817,2,0
2346,195.214,234.087,2,0
2347,16.519,10.6048,2,0
2348,240.583,5.06791,2,0
2349,242.752,68.9659,2,0
2350,14.512,31.3176,2,0
2351,72.9696,145.35,2,0
2352,582.243,264.243,2,0
2353,222.955,297.951,2,0
2354,444.761,66.9307,2,0
2355,476.08,271.539,2,0
2356,257.588,80.2121,2,0
2357,18.3127,213.723,2,0
2358,161.044,287.716,2,0
2359,93.9328,263.808,2,0
2360,113.687,167.462,2,0
2361,459.711,143.111,2,0
2362,589.235,67.354,2,0
2363,143.44,226.144,2,0
2364,175.397,2,2,0
2365,586.631,150.516,2,0
2366,309.876,172.536,2,0
2367,335.921,220.969,2,0
2368,379.421,284.35,2,0
2369,230.06,109.642,2,0
2370,304.255,95.8894,2,0
2371,180.654,219.782,2,0
2372,401.731,183.032,2,0
2373,319.578,168.458,2,0
2374,294.655,298,2,0
2375,168.498,272.073,2,0
2376,258.285,294.922,2,0
2377,303.815,112.585,2,0
2378,223.363,224.313,2,0
2379,295.207,113.481,2,0
2380,260.046,169.194,2,0
2381,232.71,282.731,2,0
2382,402.082,50.8023,2,0
2383,128.742,52.9273,2,0
2384,360.879,164.11,2,0
2385,574.257,268.983,2,0
2386,204.525,285.754,2,0
2387,474.885,227.296,2,0
2388,504.518,274.077,2,0
2389,82.1198,96.2528,2,0
2390,45.3566,16.6943,2,0
2391,186.939,93.5354,2,0
2392,275.339,234.348,2,0
2393,21.1098,266.253,2,0
2394,58.7504,65.0908,2,0
2395,185.249,41.7956,2,0
2396,538.971,118.156,2,0
2397,567.769,153.87,2,0
2398,487.04,210.879,2,0
2399,426.817,183.403,2,0
2400,547.299,84.3848,2,0
2401,213.666,298,2,0
2402,321.577,272.571,2,0
2403,499.058,169.875,2,0
2404,24.4692,109.353,2,0
2405,567.097,274.773,2,0
2406,529.316,24.2294,2,0
2407,270.001,245.716,2,0
2408,280.999,284.202,2,0
2409,577.56,133.365,2,0
2410,62.7542,279.852,2,0
2411,405.316,264.001,2,0
2412,384.501,207.605,2,0
2413,209.526,104.575,2,0
2414,469.698,154.224,2,0
2415,167.75,129.848,2,0
2416,322.385,4.29623,2,0
2417,445.374,183.563,2,0
2418,409.982,165.58,2,0
2419,557.02,12.2356,2,0
2420,247.323,132.766,2,0
2421,269.432,272.781,2,0
2422,395.329,31.384,2,0
2423,102.002,72.7498,2,0
2424,413.172,5.33382,2,0
2425,291.477,273.216,2,0
2426,12.0988,16.3365,2,0
2427,55.1459,191.323,2,0
2428,275.37,100.815,2,0
2429,179.309,229.884,2,0
2430,30.0379,123.355,2,0
2431,445.599,200.141,2,0
2432,340.157,227.321,2,0
2433,250.812,3.88704,2,0
2434,362.48,117.469,2,0
2435,38.9653,91.3096,2,0
2436,152.106,219.422,2,0
2437,451.612,74.8254,2,0
2438,325.899,277.987,2,0
2439,151.317,173.006,2,0
2440,468.017,102.678,2,0
2441,245.759,52.5731,2,0
2442,203.462,95.6078,2,0
2443,160.18,159.678,2,0
2444,118.987,126.02,2,0
2445,382.526,252.105,2,0
2446,136.578,231.602,2,0
2447,57.6394,94.9906,2,0
2448,84.6858,245.888,2,0
2449,383.674,105.984,2,0
2450,334.7,153.922,2,0
2451,139.179,193.041,2,0
2452,484.623,22.7738,2,0
2453,466.803,48.6609,2,0
2454,338.378,186.55,2,0
2455,91.1475,173.926,2,0
2456,364.566,114.01,2,0
2457,595.249,110.655,2,0
2458,191.545,121.895,2,0
2459,359.622,185.246,2,0
2460,63.9234,180.244,2,0
2461,532.847,242.792,2,0
2462,48.9957,149.443,2,0
2463,161.773,167.403,2,0
2464,560.698,110.841,2,0
2465,200.867,28.7279,2,0
2466,80.5278,134.686,2,0
2467,449.735,13.661,2,0
2468,125.487,69.6137,2,0
2469,432.945,139.168,2,0
2470,591.288,10.2725,2,0
2471,43.8451,286.583,2,0
2472,91.3793,12.8121,2,0
2473,571.425,123.718,2,0
2474,168.835,208.027,2,0
2475,590.115,133.78,2,0
2476,312.818,189.671,2,0
2477,128.049,23.5315,2,0
2478,294.177,29.5638,2,0
2479,496.23,239.757,2,0
2480,494.558,133.875,2,0
2481,42.2911,258.088,2,0
2482,581.149,249.424,2,0
2483,569.39,168.561,2,0
2484,377.951,30.305,2,0
2485,267.832,132.133,2,0
2486,22.2561,189.663,2,0
2487,254.941,141.94,2,0
2488,357.993,24.7931,2,0
2489,39.7116,116.725,2,0
2490,189.753,131.821,2,0
2491,258.135,126.265,2,0
2492,414.124,276.137,2,0
2493,179.577,225.61,2,0
2494,98.2215,27.0933,2,0
2495,295.105,221.444,2,0
2496,187.046,38.0393,2,0
2497,465.971,65.6451,2,0
2498,589.599,287.684,2,0
2499,417.489,169.772,2,0
2500,122.743,210.955,2,0
2501,33.3393,34.3724,2,0
2502,489.966,233.179,2,0
2503,263.81,132.048,2,0
2504,559.698,219.393,2,0
2505,181.907,241.78,2,0
2506,250.079,104.417,2,0
2507,96.56,290.787,2,0
2508,99.4221,131.553,2,0
2509,550.117,2.81162,2,0
2510,295.329,54.5573,2,0
2511,598.5,6.39345,2,0
2512,206.996,92.7863,2,0
2513,117.955,17.3147,2,0
2514,553.85,192.812,2,0
2515,186.716,71.4763,2,0
2516,202.043,10.0911,2,0
2517,302.553,224.441,2,0
2518,33.5491,213.792,2,0
2519,308.827,119.416,2,0
2520,457.502,136.114,2,0
2521,315.839,276.067,2,0
2522,171.643,140.002,2,0
2523,550.991,51.2565,2,0
2524,335.96,252.374,2,0
2525,328.085,290.099,2,0
2526,172.755,157.898,2,0
2527,265.731,169.747,2,0
2528,477.547,189.483,2,0
2529,1.04426,9.82901,2,0
2530,512.842,170.954,2,0
2531,243.563,179.988,2,0
2532,321.16,243.343,2,0
2533,195.007,136.542,2,0
2534,109.997,35.481,2,0
2535,144.799,9.80229,2,0
2536,279.494,112.597,2,0
2537,277.867,40.8865,2,0
2538,573.174,175.728,2,0
2539,272.522,237.205,2,0
2540,2.35298,84.9273,2,0
2541,468.768,293.863,2,0
2542,287.466,223.819,2,0
2543,42.6767,221.911,2,0
2544,19.8235,166.676,2,0
2545,25.0666,58.5198,2,0
2546,126.769,1.35194,2,0
2547,443.855,195.953,2,0
2548,452.555,141.496,2,0
2549,211.321,2.26317,2,0
2550,276.717,213.477,2,0
2551,253.726,208.359,2,0
2552,292.29,47.8425,2,0
2553,55.7509,202.964,2,0
2554,437.41,228.361,2,0
2555,539.97,264.755,2,0
2556,49.2229,212.65,2,0
2557,405.182,14.8029,2,0
2558,528.904,296.363,2,0
2559,236.92,42.8119,2,0
2560,249.733,288.14,2,0
2561,480.115,115.158,2,0
2562,511.694,110.742,2,0
2563,122.701,16.7243,2,0
2564,569.546,281.668,2,0
2565,26.2178,239.547,2,0
2566,300.808,150.536,2,0
2567,481.708,253.219,2,0
2568,205.885,43.0988,2,0
2569,594.584,32.0367,2,0
2570,119.949,292.717,2,0
2571,584.728,65.6411,2,0
2572,259.933,200.228,2,0
2573,148.513,123.223,2,0
2574,486.54,75.5782,2,0
2575,164.504,180.8,2,0
2576,193.048,200.754,2,0
2577,491.163,63.1926,2,0
2578,258.41,203.96,2,0
2579,509.407,99.7073,2,0
2580,93.1128,199.167,2,0
2581,527.824,71.9513,2,0
2582,281.985,250.11,2,0
2583,468.092,185.887,2,0
2584,332.358,242.094,2,0
2585,150.231,62.9568,2,0
2586,28.0406,14.8412,2,0
2587,359.631,174.114,2,0
2588,54.779,134.942,2,0
2589,534.936,136.805,2,0
2590,156.168,54.8043,2,0
2591,345.922,204.746,2,0
2592,114.569,233.879,2,0
2593,182.789,279.39,2,0
2594,183.136,252.134,2,0
2595,199.455,32.5063,2,0
2596,523.2,109.406,2,0
2597,26.3503,292.747,2,0
2598,171.419,66.4048,2,0
2599,455.185,91.9415,2,0
2600,502.481,194.686,2,0
2601,542.983,214.774,2,0
2602,468.498,218.63,2,0
2603,329.148,76.8792,2,0
2604,377.236,87.4644,2,0
2605,250.8,215.571,2,0
2606,193.553,130.198,2,0
2607,47.1886,70.6395,2,0
2608,543.369,278.264,2,0
2609,417.448,87.3106,2,0
2610,353.366,50.8742,2,0
2611,154.404,37.7713,2,0
2612,46.6841,289.454,2,0
2613,552.843,188.822,2,0
2614,79.5572,138.675,2,0
2615,190.634,233.127,2,0
2616,482.926,210.497,2,0
2617,355.957,284.805,2,0
2618,451.236,279.585,2,0
2619,354.165,17.5642,2,0
2620,276.073,77.5166,2,0
2621,442.755,6.79913,2,0
2622,443.935,229.333,2,0
2623,205.187,21.3103,2,0
2624,81.2839,80.971,2,0
2625,116.747,13.4985,2,0
2626,365.787,119.762,2,0
2627,406.629,53.8283,2,0
2628,315.785,61.1408,2,0
2629,205.933,160.606,2,0
2630,402.739,54.8032,2,0
2631,383.844,276.527,2,0
2632,414.324,280.158,2,0
2633,304.061,276.757,2,0
2634,586.982,290.865,2,0
2635,95.127,280.242,2,0
2636,294.71,230.114,2,0
2637,10.5662,43.0624,2,0
2638,142.295,278.414,2,0
2639,416.948,118.408,2,0
2640,374.367,130.01,2,0
2641,420.3,202.298,2,0
2642,76.1116,3.56706,2,0
2643,505.192,5.04116,2,0
2644,30.4447,278.185,2,0
2645,104.364,24.0465,2,0
2646,166.627,109.105,2,0
2647,63.5571,101.894,2,0
2648,258.062,48.9316,2,0
2649,587.512,90.7164,2,0
2650,265.355,78.9299,2,0
2651,26.4369,149.271,2,0
2652,365.595,229.613,2,0
2653,175.101,37.9554,2,0
2654,113.12,114.883,2,0
2655,137.647,280.119,2,0
2656,367.612,132.157,2,0
2657,596.299,101.922,2,0
2658,596.446,150.6,2,0
2659,3.09538,281.729,2,0
2660,345.444,16.1856,2,0
2661,495.858,32.1509,2,0
2662,355.798,294.106,2,0
2663,89.5943,297.991,2,0
2664,237.321,193.596,2,0
2665,564.611,122.045,2,0
2666,314.547,211.076,2,0
2667,337.407,81.4754,2,0
2668,254.803,110.812,2,0
2669,376.02,160.695,2,0
2670,204.727,6.90019,2,0
2671,205.703,156.481,2,0
2672,345.54,179.346,2,0
2673,578.62,29.6754,2,0
2674,308.476,132.25,2,0
2675,405.392,48.544,2,0
2676,66.9676,248.997,2,0
2677,183.661,288.009,2,0
2678,275.456,297.518,2,0
2679,578.926,143.039,2,0
2680,288.109,48.0087,2,0
2681,47.3459,145.582,2,0
2682,559.291,200.109,2,0
2683,463.881,188.369,2,0
2684,541.33,106.579,2,0
2685,78.5948,77.8626,2,0
2686,291.024,207.471,2,0
2687,288.927,236.091,2,0
2688,156.201,280.718,2,0
2689,416.173,67.9793,2,0
2690,483.542,2.00048,2,0
2691,486.635,151.883,2,0
2692,299.275,158.127,2,0
2693,152.112,166.932,2,0
2694,588.876,232.114,2,0
2695,29.1133,153.465,2,0
2696,380.78,178.747,2,0
2697,467.458,259.839,2,0
2698,360.111,88.9903,2,0
2699,320.928,221.979,2,0
2700,257.747,93.7846,2,0
2701,47.8463,120.654,2,0
2702,19.0237,249.242,2,0
2703,209.867,14.1636,2,0
2704,488.066,178.795,2,0
2705,140.709,58.296,2,0
2706,346.631,219.175,2,0
2707,191.938,253.428,2,0
2708,272.13,42.8851,2,0
2709,334.607,271.051,2,0
2710,19.7871,44.6473,2,0
2711,13.4874,256.393,2,0
2712,494.047,220.538,2,0
2713,503.118,278.005,2,0
2714,35.5972,40.8461,2,0
2715,199.351,49.1436,2,0
2716,111.514,143.41,2,0
2717,549.585,297.367,2,0
2718,589.657,85.6023,2,0
2719,436.566,158.577,2,0
2720,293.399,78.9663,2,0
2721,234.361,206.38,2,0
2722,502.952,203.824,2,0
2723,420.26,41.9493,2,0
2724,239.321,74.7463,2,0
2725,547.034,6.95534,2,0
2726,223.991,52.6684,2,0
2727,234.024,137.828,2,0
2728,57.364,117.88,2,0
2729,334.397,296.214,2,0
2730,85.8359,39.0585,2,0
2731,583.276,223.333,2,0
2732,476.58,194.445,2,0
2733,516.355,292.18,2,0
2734,536.827,21.6986,2,0
2735,15.2711,135.294,2,0
2736,115.999,98.1586,2,0
2737,101.74,273.382,2,0
2738,461.016,246.653,2,0
2739,192.904,217.17,2,0
2740,302.372,230.712,2,0
2741,257.88,180.931,2,0
2742,505.911,270.152,2,0
2743,195.604,80.5871,2,0
2744,108.023,22.3806,2,0
2745,339.266,66.4907,2,0
2746,250.049,83.9476,2,0
2747,12.6436,210.051,2,0
2748,155.059,284.572,2,0
2749,342.1,298,2,0
2750,91.6007,27.0011,2,0
2751,377.752,151.823,2,0
2752,283.934,137.522,2,0
2753,260.167,280.141,2,0
2754,96.1717,122.615,2,0
2755,150.292,37.2508,2,0
2756,552.526,271,2,0
2757,66.6999,241.563,2,0
2758,561.484,255.411,2,0
2759,368.556,72.4947,2,0
2760,534.003,17.3742,2,0
2761,510.064,186.056,2,0
2762,443.14,32.1812,2,0
2763,32.842,286.38,2,0
2764,584.25,238.399,2,0
2765,165.306,80.1041,2,0
2766,387.64,279.814,2,0
2767,67.1731,255.198,2,0
2768,488.732,114.281,2,0
2769,92.6754,108.145,2,0
2770,511.856,233.121,2,0
2771,245.768,112.543,2,0
2772,32.1878,14.525,2,0
2773,353.185,202.346,2,0
2774,145.698,61.0346,2,0
2775,414.334,269.518,2,0
2776,427.995,57.7795,2,0
2777,290.341,283.738,2,0
2778,553.468,166.624,2,0
2779,508.934,147.73,2,0
2780,245.716,275.165,2,0
2781,400.682,259.297,2,0
2782,243.497,199.386,2,0
2783,386.357,164.595,2,0
2784,34.5813,253.632,2,0
2785,231.034,267.703,2,0
2786,316.545,119.72,2,0
2787,414.995,153.18,2,0
2788,106.221,29.1216,2,0
2789,217.232,214.888,2,0
2790,17.4634,273.381,2,0
2791,383.223,220.158,2,0
2792,128.714,58.7863,2,0
2793,392.831,78.3635,2,0
2794,443.346,260.622,2,0
2795,560.085,57.6217,2,0
2796,233.974,211.841,2,0
2797,179.366,244.981,2,0
2798,345.616,81.9455,2,0
2799,513.57,150.187,2,0
2800,533.94,103.667,2,0
2801,490.663,36.5577,2,0
2802,310.522,231.491,2,0
2803,315.344,128.89,2,0
2804,91.5811,206.912,2,0
2805,557.696,0.455391,2,0
2806,308.609,75.0186,2,0
2807,498.112,286.724,2,0
2808,138.062,30.0472,2,0
2809,532.586,127.526,2,0
2810,391.042,219.145,2,0
2811,584.927,250.994,2,0
2812,475.377,235.894,2,0
2813,120.137,67.4512,2,0
2814,506.244,206.124,2,0
2815,146.114,157.131,2,0
2816,177.574,15.8747,2,0
2817,397.238,190.092,2,0
2818,37.1908,274.124,2,0
2819,484.491,239.871,2,0
2820,117.485,215.876,2,0
2821,137.439,268.657,2,0
2822,595.595,202.471,2,0
2823,588.843,251.915,2,0
2824,354.866,154.908,2,0
2825,305.795,172.186,2,0
2826,484.136,31.9577,2,0
2827,229.881,274.406,2,0
2828,586.572,225.648,2,0
2829,134.556,66.3592,2,0
2830,513.733,225.459,2,0
2831,285.535,182.492,2,0
2832,226.897,80.2942,2,0
2833,267.331,49.696,2,0
2834,70.3892,36.8145,2,0
2835,561.706,204.17,2,0
2836,259.215,244.635,2,0
2837,501.802,97.258,2,0
2838,431.257,26.2074,2,0
2839,394.063,216.151,2,0
2840,576.099,166.923,2,0
2841,3.47045,147.312,2,0
2842,141.441,165.876,2,0
2843,53.8235,258.53,2,0
2844,233.454,202.117,2,0
2845,537.039,193.771,2,0
2846,440.248,90.7025,2,0
2847,490.286,293.166,2,0
2848,377.762,288.051,2,0
2849,553.99,25.3085,2,0
2850,470.632,208.121,2,0
2851,516.079,125.975,2,0
2852,494.594,255.285,2,0
2853,417.939,272.777,2,0
2854,186.3,158.551,2,0
2855,174.462,253.685,2,0
2856,103.758,138.703,2,0
2857,35.5696,258.884,2,0
2858,89.6863,192.91,2,0
2859,379.813,63.07,2,0
2860,127.356,139.41,2,0
2861,120.268,255.238,2,0
2862,244.388,21.8694,2,0
2863,579.106,266.997,2,0
2864,28.3422,66.1348,2,0
2865,250.978,41.3618,2,0
2866,562.074,116.209,2,0
2867,92.4048,189.85,2,0
2868,488.344,203.983,2,0
2869,299.035,167.752,2,0
2870,443.721,28.0987,2,0
2871,76.0336,193.331,2,0
2872,559.099,195.916,2,0
2873,429.998,10.3342,2,0
2874,488.782,222.612,2,0
2875,316.463,225.867,2,0
2876,402.605,267.377,2,0
2877,115.126,38.4333,2,0
2878,393.115,7.5294,2,0
2879,385.229,264.866,2,0
2880,118.621,156.151,2,0
2881,41.9197,71.8717,2,0
2882,294.649,33.6669,2,0
2883,499.382,276.498,2,0
2884,345.248,200.778,2,0
2885,472.289,239.787,2,0
2886,13.8162,290.459,2,0
2887,204.699,30.179,2,0
2888,555.57,150.67,2,0
2889,566.98,215.884,2,0
2890,275.402,245.474,2,0
2891,444.121,152.932,2,0
2892,153.956,226.097,2,0
2893,174.133,223.161,2,0
2894,569.841,285.782,2,0
2895,477.466,263.818,2,0
2896,57.0809,69.132,2,0
2897,75.3842,295.573,2,0
2898,323.426,167.195,2,0
2899,259.41,276.159,2,0
2900,549.032,116.089,2,0
2901,254.241,22.727,2,0
2902,190.029,191.048,2,0
2903,210.183,149.855,2,0
2904,443.53,2,2,0
2905,530.868,116.921,2,0
2906,229.359,261.487,2,0
2907,401.2,263.464,2,0
2908,111.299,51.9094,2,0
2909,63.8418,115.787,2,0
2910,466.905,150.028,2,0
2911,170.486,211.97,2,0
2912,565.465,187.165,2,0
2913,347.84,229.427,2,0
2914,320.904,16.99,2,0
2915,499.565,228.136,2,0
2916,108.954,118.695,2,0
2917,474.736,48.7662,2,0
2918,554.143,212.596,2,0
2919,141.013,299.182,2,0
2920,93.5419,203.336,2,0
2921,546.185,274.651,2,0
2922,289.447,108.552,2,0
2923,407.533,205.486,2,0
2924,21.378,56.0045,2,0
2925,122.514,48.3319,2,0
2926,597.05,89.3491,2,0
2927,307.542,274.728,2,0
2928,490.628,91.3807,2,0
2929,271.867,194.223,2,0
2930,6.57911,6.14244,2,0
2931,436.673,115.761,2,0
2932,495.019,205.02,2,0
2933,507.882,85.2596,2,0
2934,589.453,59.4491,2,0
2935,222.999,173.966,2,0
2936,100.321,31.0082,2,0
2937,537.524,220.818,2,0
2938,461.975,180.698,2,0
2939,106.371,211.389,2,0
2940,268.372,297.86,2,0
2941,135.033,134.09,2,0
2942,441.832,18.3852,2,0
2943,538.703,157.518,2,0
2944,113.983,269.05,2,0
2945,70.837,250.542,2,0
2946,395.651,251.945,2,0
2947,477.992,224.65,2,0
2948,256.032,262.485,2,0
2949,157.933,290.889,2,0
2950,339.125,243.651,2,0
2951,370.212,280.422,2,0
2952,490.297,5.01729,2,0
2953,511.395,106.637,2,0
2954,463.219,100.096,2,0
2955,86.1533,283.712,2,0
2956,510.456,213.33,2,0
2957,263.586,65.0197,2,0
2958,172.793,108.155,2,0
2959,514.627,260.83,2,0
2960,542.615,10.3298,2,0
2961,461.045,35.8484,2,0
2962,103.242,253.238,2,0
2963,255.721,161.434,2,0
2964,307.818,151.59,2,0
2965,445.59,62.8156,2,0
2966,125.831,92.4096,2,0
2967,268.841,121.417,2,0
2968,236.719,46.9533,2,0
2969,89.6872,89.0879,2,0
2970,121.171,116.413,2,0
2971,168.067,83.1102,2,0
2972,514.89,192.574,2,0
2973,45.5205,56.4918,2,0
2974,304.624,245.348,2,0
2975,389.306,127.025,2,0
2976,44.1443,85.9453,2,0
2977,21.9771,197.717,2,0
2978,548.829,76.8439,2,0
2979,285.117,198.235,2,0
2980,221.858,181.471,2,0
2981,368.789,166.391,2,0
2982,81.3206,62.402,2,0
2983,99.6924,213.153,2,0
2984,495.948,199.771,2,0
2985,330.759,298,2,0
2986,159.21,40.1519,2,0
2987,493.141,42.5012,2,0
2988,553.786,154.355,2,0
2989,540.943,2,2,0
2990,88.6603,29.9251,2,0
2991,502.978,78.4428,2,0
2992,376.811,252.498,2,0
2993,116.132,53.6422,2,0
2994,548.44,263.252,2,0
2995,503.707,26.8812,2,0
2996,136.887,127.791,2,0
2997,246.201,105.866,2,0
2998,91.364,4.61614,2,0
2999,415.781,149.206,2,0
3000,336.269,137.272,2,0
3001,266.379,37.7134,2,0
3002,165.756,226.076,2,0
3003,505.028,88.6342,2,0
3004,42.8945,9.24112,2,0
3005,281.327,38.7878,2,0
3006,86.9954,294.424,2,0
3007,545.172,178.999,2,0
3008,460.018,263.111,2,0
3009,217.477,265.722,2,0
3010,273.647,88.0506,2,0
3011,131.704,76.8789,2,0
3012,6.71136,198.128,2,0
3013,250.246,239.058,2,0
3014,492.749,242.108,2,0
3015,22.6739,6.06688,2,0
3016,150.086,33.0924,2,0
3017,349.58,249.299,2,0
3018,455.03,72.7014,2,0
3019,82.1811,8.66276,2,0
3020,190.4,178.612,2,0
3021,110.633,25.4965,2,0
3022,553.392,278.862,2,0
3023,570.365,262.464,2,0
3024,67.8568,155.193,2,0
3025,362.487,130.65,2,0
3026,593.641,288.514,2,0
3027,197.606,20.8411,2,0
3028,259.621,52.6424,2,0
3029,143.501,248.297,2,0
3030,99.1738,125.891,2,0
3031,479.088,19.4912,2,0
3032,578.126,78.7077,2,0
3033,280.04,242.246,2,0
3034,179.937,37.2315,2,0
3035,114.983,219.169,2,0
3036,323.901,297.957,2,0
3037,339.758,284.174,2,0
3038,279.487,229.702,2,0
3039,16.9885,41.6845,2,0
3040,237.486,293.556,2,0
3041,595.874,125.406,2,0
3042,383.025,15.8501,2,0
3043,158.684,117.957,2,0
3044,183.696,35.7925,2,0
3045,295.401,58.5929,2,0
3046,201.193,140.552,2,0
3047,397.002,125.951,2,0
3048,318.395,246.326,2,0
3049,207.694,196.627,2,0
3050,38.195,255.452,2,0
3051,233.109,271.339,2,0
3052,20.7471,113.963,2,0
3053,26.2786,246.6,2,0
3054,228.613,31.9752,2,0
3055,169.772,204.073,2,0
3056,464.616,219.718,2,0
3057,592.194,225.984,2,0
3058,576.175,172.594,2,0
3059,213.025,5.98571,2,0
3060,105.583,107.695,2,0
3061,406.084,164.027,2,0
3062,113.226,224.474,2,0
3063,61.5871,261.168,2,0
3064,490.894,46.1144,2,0
3065,565.949,283.551,2,0
3066,547.078,170.33,2,0
3067,264.898,162.442,2,0
3068,544.626,188.303,2,0
3069,425.049,2.48122,2,0
3070,123.15,243.683,2,0
3071,177.595,134.749,2,0
3072,385.933,235.504,2,0
3073,283.286,293.009,2,0
3074,585.982,135.426,2,0
3075,339.282,290.146,2,0
3076,181.411,128.692,2,0
3077,442.938,149.07,2,0
3078,481.916,83.8913,2,0
3079,521.434,98.5105,2,0
3080,543.44,59.6481,2,0
3081,406.613,189.889,2,0
3082,320.005,122.062,2,0
3083,59.4065,218.238,2,0
3084,29.7009,51.5262,2,0
3085,235.944,57.8028,2,0
3086,181.67,201.192,2,0
3087,391.721,282.679,2,0
3088,180.758,139.685,2,0
3089,498.63,133.88,2,0
3090,371.879,57.3547,2,0
3091,401.732,178.428,2,0
3092,92.6607,130.846,2,0
3093,148.656,284.589,2,0
3094,585.626,229.635,2,0
3095,20.3988,70.3037,2,0
3096,12.8738,185.201,2,0
3097,361.552,199.185,2,0
3098,18.2229,62.7509,2,0
3099,358.499,39.9773,2,0
3100,547.811,280.58,2,0
3101,119.222,178.487,2,0
3102,268.539,19.7241,2,0
3103,446.717,156.05,2,0
3104,205.029,247.683,2,0
3105,13.1017,85.8887,2,0
3106,290.338,27.4875,2,0
3107,214.459,104.333,2,0
3108,38.0507,292.33,2,0
3109,125.415,151.504,2,0
3110,531.841,266.042,2,0
3111,169.293,53.1164,2,0
3112,455.158,99.8138,2,0
3113,504.607,281.757,2,0
3114,389.355,141.912,2,0
3115,223.533,192.017,2,0
3116,183.319,24.1096,2,0
3117,420.693,80.3086,2,0
3118,325.92,212.497,2,0
3119,251.712,259.677,2,0
3120,599.362,40.4358,2,0
3121,208.634,153.727,2,0
3122,381.453,266.456,2,0
3123,577.623,146.904,2,0
3124,544.564,146.013,2,0
3125,120.557,218.844,2,0
3126,506.737,167.777,2,0
3127,249.964,119.373,2,0
3128,10.5037,196.486,2,0
3129,234.038,3.62774,2,0
3130,336.068,256.569,2,0
3131,220.1,288.205,2,0
3132,156.947,20.7146,2,0
3133,189.121,62.377,2,0
3134,272.613,104.434,2,0
3135,442.699,57.677,2,0
3136,207.501,259.287,2,0
3137,595.129,168.74,2,0
3138,223.252,33.5759,2,0
3139,341.286,275.168,2,0
3140,144.005,171.746,2,0
3141,226.313,214.848,2,0
3142,240.565,241.674,2,0
3143,178.812,176.063,2,0
3144,276.962,96.6199,2,0
3145,520.965,61.0191,2,0
3146,53.0376,145.28,2,0
3147,316.755,187.756,2,0
3148,507.394,60.2666,2,0
3149,289.944,63.0449,2,0
3150,67.7762,272.001,2,0
3151,66.0904,275.632,2,0
3152,60.2243,295.232,2,0
3153,534.158,77.0185,2,0
3154,284.768,85.5478,2,0
3155,212.29,125.978,2,0
3156,383.679,228.166,2,0
3157,296.759,81.2587,2,0
3158,503.414,229.7,2,0
3159,325.009,60.1027,2,0
3160,559.235,177.298,2,0
3161,50.9087,261.412,2,0
3162,316.111,183.805,2,0
3163,233.599,294.827,2,0
3164,393.639,149.248,2,0
3165,390.692,66.7753,2,0
3166,410.696,74.0278,2,0
3167,411.756,294.219,2,0
3168,74.8604,85.8345,2,0
3169,521.398,244.228,2,0
3170,472.339,270.014,2,0
3171,218.376,227.371,2,0
3172,145.434,52.8233,2,0
3173,253.579,138.127,2,0
3174,217.32,9.51583,2,0
3175,557.055,234.28,2,0
3176,66.5793,65.3946,2,0
3177,4.13162,194.411,2,0
3178,230.096,141.793,2,0
3179,107.085,40.1909,2,0
3180,204.792,243.447,2,0
3181,6.05445,247.126,2,0
3182,502.551,186.914,2,0
3183,217.605,159.214,2,0
3184,484.824,244.006,2,0
3185,52.4076,254.672,2,0
3186,539.355,271.356,2,0
3187,242.745,211.471,2,0
3188,186.124,192.56,2,0
3189,90.5095,8.77327,2,0
3190,402.237,8.10627,2,0
3191,28.1277,296.333,2,0
3192,101.126,110.623,2,0
3193,185.983,217.359,2,0
3194,363.973,92.7911,2,0
3195,168.495,249.716,2,0
3196,556.692,32.9322,2,0
3197,144.54,109.927,2,0
3198,265.775,236.568,2,0
3199,204.276,35.1869,2,0
3200,170.912,258.6,2,0
3201,303.245,147.338,2,0
3202,285.988,32.8837,2,0
3203,248.132,147.427,2,0
3204,179.075,198.093,2,0
3205,292.229,177.774,2,0
3206,535.949,214.313,2,0
3207,109.376,166.803,2,0
3208,254.099,66.1805,2,0
3209,312.305,53.2339,2,0
3210,202.363,291.035,2,0
3211,399.092,70.7652,2,0
3212,303.075,241.56,2,0
3213,353.045,272.439,2,0
3214,335.625,168.97,2,0
3215,332.188,250.826,2,0
3216,32.1372,64.589,2,0
3217,295.193,226.032,2,0
3218,416.272,83.1332,2,0
3219,319.879,262.226,2,0
3220,239.775,214.971,2,0
3221,236.773,269.217,2,0
3222,524.81,296.509,2,0
3223,209.943,282.778,2,0
3224,335.663,267.072,2,0
3225,150.97,242.649,2,0
3226,491.6,287.693,2,0
3227,372.976,3.63189,2,0
3228,494.547,216.495,2,0
3229,2.05771,248.562,2,0
3230,518.607,57.7878,2,0
3231,525.486,153.029,2,0
3232,163.921,131.523,2,0
3233,536.405,100.145,2,0
3234,529.157,113.271,2,0
3235,233.975,286.776,2,0
3236,487.17,275.556,2,0
3237,163.116,47.6439,2,0
3238,102.066,67.9411,2,0
3239,332.404,60.0898,2,0
3240,258.462,287.495,2,0
3241,393.859,162.813,2,0
3242,160.697,155.578,2,0
3243,440.211,122.058,2,0
3244,492.008,173.207,2,0
3245,61.1517,210.263,2,0
3246,307.245,64.7414,2,0
3247,33.1422,275.095,2,0
3248,96.8799,247.893,2,0
3249,337.925,217.44,2,0
3250,313.468,141.8,2,0
3251,300.172,275.599,2,0
3252,580.289,281.961,2,0
3253,310.695,212.238,2,0
3254,473.17,276.407,2,0
3255,83.4902,266.375,2,0
3256,375.288,50.3843,2,0
3257,513.529,98.9615,2,0
3258,383.523,81.8209,2,0
3259,492.575,25.4145,2,0
3260,103.109,124.694,2,0
3261,303.398,205.621,2,0
3262,335.756,176.717,2,0
3263,206.365,298,2,0
3264,232.207,70.6145,2,0
3265,41.6282,249.014,2,0
3266,496.043,45.3333,2,0
3267,238.988,86.5364,2,0
3268,520.037,125.076,2,0
3269,405.172,180.502,2,0
3270,554.324,4.21154,2,0
3271,410.421,173.441,2,0
3272,431.367,55.3649,2,0
3273,525.124,182.644,2,0
3274,195.898,126.738,2,0
3275,178.99,187.522,2,0
3276,16.1483,102.148,2,0
3277,390.296,54.5087,2,0
3278,349.462,89.6742,2,0
3279,165.334,193.197,2,0
3280,63.8487,127.191,2,0
3281,446.113,39.5958,2,0
3282,376.183,248.164,2,0
3283,304.693,284.896,2,0
3284,251.426,55.2612,2,0
3285,539.199,279.344,2,0
3286,198.613,203.74,2,0
3287,209.343,21.6859,2,0
3288,369.709,46.5157,2,0
3289,579.788,230.498,2,0
3290,527.296,204.138,2,0
3291,217.482,5.50985,2,0
3292,198.806,270.253,2,0
3293,272.855,147.663,2,0
3294,206.43,117.264,2,0
3295,130.101,290.706,2,0
3296,68.702,10.669,2,0
3297,166.282,87.0829,2,0
3298,371.677,219.713,2,0
3299,224.732,272.773,2,0
3300,268.029,284.835,2,0
3301,248.134,244.251,2,0
3302,186.164,213.297,2,0
3303,360.44,31.2089,2,0
3304,0.195432,143.186,2,0
3305,387.29,194.439,2,0
3306,65.7554,261.782,2,0
3307,388.844,78.6916,2,0
3308,528.974,132.652,2,0
3309,355.701,71.71,2,0
3310,76.5856,151.447,2,0
3311,404.924,281.866,2,0
3312,166.929,214.199,2,0
3313,354.351,137.638,2,0
3314,76.7948,205.111,2,0
3315,542.998,18.3844,2,0
3316,146.556,87.2468,2,0
3317,513.293,54.4219,2,0
3318,540.061,112.096,2,0
3319,41.3464,17.0057,2,0
3320,190.142,11.6732,2,0
3321,410.142,77.9979,2,0
3322,80.0136,169.419,2,0
3323,525.086,216.622,2,0
3324,370.98,69.229,2,0
3325,548.319,136.917,2,0
3326,273.592,16.89,2,0
3327,512.668,34.339,2,0
3328,226.602,39.7401,2,0
3329,315.175,46.3747,2,0
3330,68.3296,213.757,2,0
3331,285.767,248.773,2,0
3332,531.187,143.018,2,0
3333,367.981,221.272,2,0
3334,575.76,295.799,2,0
3335,373.711,83.9933,2,0
3336,352.808,146.633,2,0
3337,79.4115,261.445,2,0
3338,376.212,116.606,2,0
3339,236.293,174.071,2,0
3340,303.44,258.707,2,0
3341,364.449,234.282,2,0
3342,317.823,39.7191,2,0
3343,74.7608,283.118,2,0
3344,468.267,139.316,2,0
3345,447.435,102.391,2,0
3346,470.913,105.561,2,0
3347,554.295,42.0885,2,0
3348,348.032,19.3276,2,0
3349,357.197,63.0309,2,0
3350,372.331,112.604,2,0
3351,397.013,77.3181,2,0
3352,422.264,216.308,2,0
3353,273.861,113.923,2,0
3354,353.646,259.406,2,0
3355,101.869,37.1512,2,0
3356,164.842,197.207,2,0
3357,265.172,151.383,2,0
3358,73.3834,220.545,2,0
3359,230.354,179.63,2,0
3360,281.12,175.046,2,0
3361,293.366,200.121,2,0
3362,253.498,79.4532,2,0
3363,83.9451,92.5877,2,0
3364,486.721,262.34,2,0
3365,112.677,139.472,2,0
3366,51.2843,90.2663,2,0
3367,559.534,149.612,2,0
3368,490.748,214.88,2,0
3369,74.4712,34.9446,2,0
3370,123.715,137.621,2,0
3371,598.433,128.824,2,0
3372,351.2,207.093,2,0
3373,25.3823,299.873,2,0
3374,540.535,180.275,2,0
3375,433.131,261.449,2,0
3376,435.153,203.341,2,0
3377,137.352,219.694,2,0
3378,80.6461,88.9444,2,0
3379,136.074,225.79,2,0
3380,48.9414,138.537,2,0
3381,78.5501,280.623,2,0
3382,344.775,214.065,2,0
3383,375.672,41.5639,2,0
3384,167.025,36.7404,2,0
3385,156.242,125.669,2,0
3386,147.365,298,2,0
3387,311.201,262.461,2,0
3388,504.443,52.2933,2,0
3389,13.5954,74.0866,2,0
3390,579.183,98.3575,2,0
3391,57.6139,171.814,2,0
3392,27.0219,97.3821,2,0
3393,175.457,261.803,2,0
3394,375.858,67.1784,2,0
3395,109.213,93.3129,2,0
3396,209.526,49.2772,2,0
3397,402.978,25.0881,2,0
3398,307.979,112.472,2,0
3399,316.441,80.7226,2,0
3400,436.617,197.152,2,0
3401,313.609,195.597,2,0
3402,324.391,137.264,2,0
3403,250.776,11.4043,2,0
3404,253.436,38.0678,2,0
3405,6.17098,111.32,2,0
3406,236.918,283.964,2,0
3407,158.901,30.3367,2,0
3408,495.165,212.378,2,0
3409,341.577,177.951,2,0
3410,407.58,39.8028,2,0
3411,75.5526,119.632,2,0
3412,55.4828,34.1567,2,0
3413,312.301,80.4388,2,0
3414,468.684,241.829,2,0
3415,521.123,236.354,2,0
3416,305.139,227.658,2,0
3417,425.616,31.9198,2,0
3418,465.839,280.062,2,0
3419,0.21545,13.8392,2,0
3420,79.351,291.567,2,0
3421,464.931,108.847,2,0
3422,313.204,26.0653,2,0
3423,85.7833,125.87,2,0
3424,176.072,73.9583,2,0
3425,533.879,261.064,2,0
3426,229.158,145.774,2,0
3427,291.116,242.936,2,0
3428,228.266,220.927,2,0
3429,463.337,86.7253,2,0
3430,80.3085,224.422,2,0
3431,577.466,70.6704,2,0
3432,269.362,260.867,2,0
3433,173.823,298,2,0
3434,344.248,227.278,2,0
3435,574.658,149.683,2,0
3436,361.323,154.371,2,0
3437,282.716,225.704,2,0
3438,102.253,27.4692,2,0
3439,369.688,121.259,2,0
3440,573.643,205.117,2,0
3441,216.97,49.1099,2,0
3442,551.022,239.033,2,0
3443,31.8282,170.011,2,0
3444,249.688,50.8882,2,0
3445,557.007,203.908,2,0
3446,308.948,250.129,2,0
3447,277.588,61.4866,2,0
3448,339.724,254.151,2,0
3449,78.2503,276.174,2,0
3450,101.997,135.043,2,0
3451,460.038,167.191,2,0
3452,53.9843,175.92,2,0
3453,383.798,52.4777,2,0
3454,189.938,156.515,2,0
3455,527.939,213.8,2,0
3456,546.979,93.0458,2,0
3457,417.723,267.324,2,0
3458,317.022,28.2549,2,0
3459,254.369,74.5458,2,0
3460,99.6051,52.4081,2,0
3461,493.729,164.339,2,0
3462,35.9044,209.794,2,0
3463,79.6708,85.0098,2,0
3464,457.972,43.9297,2,0
3465,516.587,142.364,2,0
3466,425.121,261.235,2,0
3467,394.568,16.1678,2,0
3468,341.6,232.08,2,0
3469,551.573,68.4809,2,0
3470,255.781,54.1049,2,0
3471,377.491,258.551,2,0
3472,144.464,65.73,2,0
3473,317.357,289.7,2,0
3474,592.68,143.392,2,0
3475,452.497,237.344,2,0
3476,203.312,130.763,2,0
3477,502.534,247.068,2,0
3478,338.821,205.377,2,0
3479,436.435,129.252,2,0
3480,582.393,20.2337,2,0
3481,182.844,151.995,2,0
3482,219.595,192.968,2,0
3483,173.567,190.534,2,0
3484,30.4191,22.8158,2,0
3485,114.927,125.13,2,0
3486,214.902,12.7909,2,0
3487,372.17,15.959,2,0
3488,62.6242,66.4134,2,0
3489,234.538,238.526,2,0
3490,596.4,145.067,2,0
3491,315.972,192.186,2,0
3492,365.626,296.945,2,0
3493,236.873,273.217,2,0
3494,385.589,297.43,2,0
3495,15.0092,130.208,2,0
3496,424.893,288.635,2,0
3497,188.373,47.7057,2,0
3498,391.126,188.954,2,0
3499,130.221,188.314,2,0
3500,57.0771,210.67,2,0
3501,94.7443,185.488,2,0
3502,168.174,25.0942,2,0
3503,582.115,27.4413,2,0
3504,8.73715,251.874,2,0
3505,340.495,9.51112,2,0
3506,132.765,294.563,2,0
3507,251.055,131.113,2,0
3508,596.798,67.4661,2,0
3509,353.907,197.793,2,0
3510,334.438,46.2662,2,0
3511,591.081,48.2406,2,0
3512,360.646,65.4971,2,0
3513,201.445,240.891,2,0
3514,304.936,199.094,2,0
3515,44.9671,113.14,2,0
3516,58.3834,175.841,2,0
3517,50.7408,97.0621,2,0
3518,177.87,241.125,2,0
3519,164.479,206.008,2,0
3520,451.786,172.176,2,0
3521,137.774,83.6463,2,0
3522,86.1572,69.7912,2,0
3523,65.6837,83.5924,2,0
3524,281.819,46.8457,2,0
3525,36.9447,58.1319,2,0
3526,453.25,105.439,2,0
3527,345.26,223.315,2,0
3528,229.946,286.962,2,0
3529,102.443,206.057,2,0
3530,112.059,79.6668,2,0
3531,246.2,121.099,2,0
3532,467.247,174.575,2,0
3533,18.8403,7.31735,2,0
3534,12.4362,100.204,2,0
3535,31.7913,298,2,0
3536,327.538,268.66,2,0
3537,124.55,43.6591,2,0
3538,460.067,94.2211,2,0
3539,561.889,46.7282,2,0
3540,220.639,212.012,2,0
3541,213.071,34.9671,2,0
3542,468.888,233.949,2,0
3543,272.189,139.545,2,0
3544,452.952,148.858,2,0
3545,505.739,174.195,2,0
3546,1.9531,177.55,2,0
3547,468.486,20.4541,2,0
3548,545.886,151.835,2,0
3549,539.439,283.413,2,0
3550,424.754,190.45,2,0
3551,531.543,175.962,2,0
3552,574.525,120.794,2,0
3553,172.167,104.169,2,0
3554,224.081,248.721,2,0
3555,17.1479,298,2,0
3556,553.115,38.0444,2,0
3557,594.218,117.542,2,0
3558,584.908,74.3357,2,0
3559,321.553,69.0712,2,0
3560,361.14,36.8275,2,0
3561,117.183,197.4,2,0
3562,416.258,124.336,2,0
3563,2.34236,65.1819,2,0
3564,404.548,236.115,2,0
3565,237.349,140.114,2,0
3566,465.595,34.8032,2,0
3567,462.796,203.016,2,0
3568,378.082,236.691,2,0
3569,196.667,287.566,2,0
3570,258.428,71.1791,2,0
3571,388.609,178.36,2,0
3572,181.648,147.905,2,0
3573,231.066,298,2,0
3574,259.532,219.996,2,0
3575,189.443,256.717,2,0
3576,17.6183,116.699,2,0
3577,114.674,25.849,2,0
3578,527.216,63.9768,2,0
3579,327.874,285.792,2,0
3580,245.24,172.16,2,0
3581,0.387833,219.76,2,0
3582,425.098,22.7353,2,0
3583,188.853,43.7136,2,0
3584,399.671,137.512,2,0
3585,538.566,228.342,2,0
3586,74.8396,89.9177,2,0
3587,565.245,177.135,2,0
3588,397.447,225.333,2,0
3589,330.954,282.018,2,0
3590,135.508,264.857,2,0
3591,439.948,151.857,2,0
3592,338.596,193.833,2,0
3593,114.182,88.4515,2,0
3594,547.018,123.303,2,0
3595,398.671,52.9645,2,0
3596,112.012,248.738,2,0
3597,2.17101,186.522,2,0
3598,493.563,259.257,2,0
3599,586.41,19.0236,2,0
3600,572.331,93.4935,2,0
3601,130.321,152.251,2,0
3602,349.72,126.23,2,0
3603,456.313,151.146,2,0
3604,304.363,140.972,2,0
3605,313.718,57.4635,2,0
3606,69.7704,115.936,2,0
3607,66.4244,56.0621,2,0
3608,264.345,271.44,2,0
3609,560.451,157.764,2,0
3610,117.978,230.15,2,0
3611,475.676,93.9087,2,0
3612,308.822,284.499,2,0
3613,288.978,180.253,2,0
3614,200.582,169.523,2,0
3615,493.371,296.121,2,0
3616,535.345,57.342,2,0
3617,120.494,194.792,2,0
3618,94.221,146.472,2,0
3619,311.861,113.461,2,0
3620,309.114,238.205,2,0
3621,25.0084,209.059,2,0
3622,242.941,12.9658,2,0
3623,331.866,139.01,2,0
3624,430.425,237.392,2,0
3625,115.434,148.92,2,0
3626,586.748,146.513,2,0
3627,452.904,109.455,2,0
3628,241.873,53.5715,2,0
3629,132.541,84.013,2,0
3630,263.15,115.603,2,0
3631,515.392,273.963,2,0
3632,330.942,206.781,2,0
3633,349.865,296.408,2,0
3634,28.7499,249.873,2,0
3635,128.453,31.8584,2,0
3636,498.707,182.994,2,0
3637,542.886,6.29863,2,0
3638,512.43,276.827,2,0
3639,549.819,292.846,2,0
3640,392.29,40.6787,2,0
3641,375.159,120.65,2,0
3642,324.896,170.936,2,0
3643,29.9458,36.5975,2,0
3644,110.522,75.4907,2,0
3645,454.943,224.735,2,0
3646,322.25,227.257,2,0
3647,402.852,2,2,0
3648,104.208,146.749,2,0
3649,397.247,212.009,2,0
3650,144.755,163.578,2,0
3651,202.206,190.818,2,0
3652,579.7,108.229,2,0
3653,220.09,78.4165,2,0
3654,75.8848,201.005,2,0
3655,54.1024,298,2,0
3656,552.192,229.875,2,0
3657,368.436,22.0522,2,0
3658,193.317,88.3199,2,0
3659,479.4,208.58,2,0
3660,236.43,179.339,2,0
3661,82.9419,165.19,2,0
3662,268.377,181.641,2,0
3663,590.446,18.4651,2,0
3664,158.682,47.1329,2,0
3665,418.207,276.88,2,0
3666,327.133,160.586,2,0
3667,164.28,239.255,2,0
3668,162.414,186.88,2,0
3669,338.361,147.862,2,0
3670,199.782,207.567,2,0
3671,370.209,65.2097,2,0
3672,450.775,286.881,2,0
3673,6.14224,16.3484,2,0
3674,534.884,32.1955,2,0
3675,390.397,72.4642,2,0
3676,219.067,119.407,2,0
3677,381.638,258.844,2,0
3678,11.5167,219.548,2,0
3679,308.412,288.614,2,0
3680,288.038,240.222,2,0
3681,304.839,47.6926,2,0
3682,314.889,219.288,2,0
3683,164.639,285.773,2,0
3684,357.993,266.746,2,0
3685,311.569,275.037,2,0
3686,507.914,112.289,2,0
3687,278.251,67.0181,2,0
3688,339.938,239.628,2,0
3689,41.3326,289.896,2,0
3690,240.514,261.157,2,0
3691,93.6881,113.775,2,0
3692,474.689,103.513,2,0
3693,203.216,3.11262,2,0
3694,241.241,202.756,2,0
3695,300.202,140.691,2,0
3696,402.493,239.578,2,0
3697,305.797,218.7,2,0
3698,389.072,101.479,2,0
3699,167.59,234.763,2,0
3700,409.662,187.066,2,0
3701,379.839,255.2,2,0
3702,73.6442,189.888,2,0
3703,17.4433,160.725,2,0
3704,50.468,204.198,2,0
3705,353.401,264.503,2,0
3706,453.535,2.08248,2,0
3707,144.481,295.069,2,0
3708,501.377,222.097,2,0
3709,4.03008,266.784,2,0
3710,73.9135,47.5731,2,0
3711,519.41,112.612,2,0
3712,416.279,283.767,2,0
3713,422.981,145.372,2,0
3714,539.303,216.759,2,0
3715,323.324,239.025,2,0
3716,458.035,131.41,2,0
3717,391.636,11.4145,2,0
3718,201.789,24.6465,2,0
3719,123.302,287.646,2,0
3720,228.598,76.5662,2,0
3721,374.919,71.2621,2,0
3722,83.4977,272.558,2,0
3723,376.974,197.723,2,0
3724,58.9836,252.678,2,0
3725,580.787,296.176,2,0
3726,380.645,231.394,2,0
3727,10.5153,154.374,2,0
3728,9.64842,80.4616,2,0
3729,437.002,144.341,2,0
3730,283.033,100.383,2,0
3731,32.9357,271.08,2,0
3732,144.38,230.085,2,0
3733,87.1449,249.085,2,0
3734,337.912,19.886,2,0
3735,335.878,292.41,2,0
3736,11.4389,136.586,2,0
3737,393.961,74.4583,2,0
3738,393.808,177.395,2,0
3739,147.093,39.7332,2,0
3740,441.406,114.023,2,0
3741,389.049,262.14,2,0
3742,523.345,56.4768,2,0
3743,194.242,298,2,0
3744,575.27,238.386,2,0
3745,142.975,36.8694,2,0
3746,443.001,142.062,2,0
3747,132.291,243.088,2,0
3748,269.684,3.33541,2,0
3749,357.467,206.422,2,0
3750,530.217,68.738,2,0
3751,248.56,153.045,2,0
3752,233.264,30.005,2,0
3753,588.94,98.6282,2,0
3754,589.287,137.879,2,0
3755,474.444,152.156,2,0
3756,188.008,286.197,2,0
3757,590.475,31.2642,2,0
3758,262.643,255.436,2,0
3759,442.362,86.3307,2,0
3760,320.059,216.023,2,0
3761,125.466,276.304,2,0
3762,197.226,161.827,2,0
3763,394.749,186.863,2,0
3764,241.516,220.324,2,0
3765,343.528,293.868,2,0
3766,171.055,80.3128,2,0
3767,277.201,14.9902,2,0
3768,521.513,158.363,2,0
3769,388.716,215.648,2,0
3770,76.4648,272.129,2,0
3771,353.194,167.478,2,0
3772,406.864,277.571,2,0
3773,281.046,170.044,2,0
3774,270.529,101.02,2,0
3775,354.673,36.9474,2,0
3776,218.012,164.667,2,0
3777,570.214,28.2704,2,0
3778,387.002,184.996,2,0
3779,110.597,1.53611,2,0
3780,36.2051,243.424,2,0
3781,524.39,9.23055,2,0
3782,76.0351,217.341,2,0
3783,247.249,2,2,0
3784,492.767,268.533,2,0
3785,426.646,61.5974,2,0
3786,593.659,256.806,2,0
3787,228.518,54.7789,2,0
3788,535.921,169.577,2,0
3789,224.144,88.8011,2,0
3790,371.332,186.703,2,0
3791,447.441,266.315,2,0
3792,494.672,281.358,2,0
3793,451.767,211.889,2,0
3794,543.648,110.044,2,0
3795,500.106,242.627,2,0
3796,458.115,171.013,2,0
3797,532.415,99.8579,2,0
3798,233.178,113.964,2,0
3799,533.71,152.053,2,0
3800,359.959,150.044,2,0
3801,269.929,214.702,2,0
3802,156.745,149.416,2,0
3803,87.2477,253.21,2,0
3804,314.011,292.777,2,0
3805,212.801,289.508,2,0
3806,305.74,43.6356,2,0
3807,443.585,107.96,2,0
3808,507.482,191.951,2,0
3809,219.991,284.157,2,0
3810,533.735,253.651,2,0
3811,290.019,248.805,2,0
3812,511.561,199.244,2,0
3813,187.253,252.145,2,0
3814,203.636,79.4419,2,0
3815,392.88,260.841,2,0
3816,489.351,78.8753,2,0
3817,116.5,285.826,2,0
3818,494.018,6.78377,2,0
3819,31.0996,192.688,2,0
3820,212.756,153.683,2,0
3821,497.609,67.2849,2,0
3822,112.95,118.94,2,0
3823,140.822,232.012,2,0
3824,531.674,293.248,2,0
3825,78.9354,179.051,2,0
3826,255.281,284.772,2,0
3827,205.945,281.979,2,0
3828,286.432,28.9078,2,0
3829,452.835,66.609,2,0
3830,416.023,220.94,2,0
3831,404.552,167.779,2,0
3832,111.038,126.373,2,0
3833,575.137,42.2372,2,0
3834,532.128,7.35138,2,0
3835,534.846,118.13,2,0
3836,383.066,19.906,2,0
3837,119.485,190.813,2,0
3838,273.684,216.19,2,0
3839,117.435,169.066,2,0
3840,385.354,249.033,2,0
3841,207.066,255.147,2,0
3842,181.034,20.7633,2,0
3843,137.991,255.651,2,0
3844,189.016,142.252,2,0
3845,229.585,84.592,2,0
3846,560.628,97.3967,2,0
3847,85.6783,88.8785,2,0
3848,545.768,231.86,2,0
3849,509.433,208.694,2,0
3850,456.58,126.58,2,0
3851,266.457,117.971,2,0
3852,200.052,54.7651,2,0
3853,351.515,185.047,2,0
3854,316.467,152.502,2,0
3855,237.363,189.326,2,0
3856,316.17,115.397,2,0
3857,599.81,189.796,2,0
3858,374.586,54.3924,2,0
3859,254.337,58.1127,2,0
3860,549.895,210.854,2,0
3861,576.58,178.032,2,0
3862,581.186,163.632,2,0
3863,358.498,189.092,2,0
3864,184.762,187.216,2,0
3865,247.525,199.963,2,0
3866,20.7122,252.992,2,0
3867,382.464,133.717,2,0
3868,149.913,177.18,2,0
3869,325.925,112.414,2,0
3870,231.967,121.828,2,0
3871,408.759,236.602,2,0
3872,15.6333,23.5564,2,0
3873,113.405,45.923,2,0
3874,462.813,42.5484,2,0
3875,372.843,231.742,2,0
3876,67.6167,91.1579,2,0
3877,125.017,195.893,2,0
3878,486.727,129.642,2,0
3879,65.152,20.3383,2,0
3880,480.81,244.382,2,0
3881,35.8182,98.1468,2,0
3882,304.539,67.8023,2,0
3883,372.516,241.279,2,0
3884,160.232,105.721,2,0
3885,506.508,188.048,2,0
3886,560.182,164.352,2,0
3887,419.787,126.711,2,0
3888,272.112,56.3626,2,0
3889,598.379,113.347,2,0
3890,185.986,234.812,2,0
3891,330.188,6.76538,2,0
3892,205.801,139.138,2,0
3893,346.017,124.685,2,0
3894,142.842,221.125,2,0
3895,458.799,56.6774,2,0
3896,104.223,244.998,2,0
3897,198.259,298,2,0
3898,294.862,271.042,2,0
3899,306.305,176.209,2,0
3900,500.599,45.2136,2,0
3901,514.739,209.244,2,0
3902,320.645,189.311,2,0
3903,484.55,55.553,2,0
3904,542.12,230.206,2,0
3905,20.5059,121.538,2,0
3906,564.58,245.297,2,0
3907,211.369,241.004,2,0
3908,502.558,2,2,0
3909,219.887,168.481,2,0
3910,566.332,266.765,2,0
3911,135.352,142.637,2,0
3912,223.224,263.917,2,0
3913,308.545,181.252,2,0
3914,190.102,214.058,2,0
3915,582.199,50.1977,2,0
3916,199.738,102.668,2,0
3917,298.207,295.82,2,0
3918,260.57,1.08091,2,0
3919,333.825,1.5006,2,0
3920,40.9765,67.6789,2,0
3921,506.337,96.9842,2,0
3922,464.853,52.1699,2,0
3923,212.515,176.965,2,0
3924,392.039,236.8,2,0
3925,449.038,5.81397,2,0
3926,199.155,195.578,2,0
3927,560.838,168.396,2,0
3928,557.642,142.787,2,0
3929,226.678,35.6432,2,0
3930,598.108,230.443,2,0
3931,236.642,263.393,2,0
3932,302.146,267.606,2,0
3933,422.233,60.406,2,0
3934,131.625,26.5853,2,0
3935,475.144,218.247,2,0
3936,516.989,227.809,2,0
3937,155.784,2,2,0
3938,570.561,198.56,2,0
3939,261.221,56.3946,2,0
3940,238.475,211.048,2,0
3941,564.833,168.804,2,0
3942,599.225,213.771,2,0
3943,547.744,158.379,2,0
3944,8.52452,293.229,2,0
3945,555.061,53.6132,2,0
3946,354.466,40.9525,2,0
3947,312.468,169.42,2,0
3948,300.793,81.8165,2,0
3949,126.314,241.162,2,0
3950,447.555,2,2,0
3951,365.338,216.156,2,0
3952,480.649,287.846,2,0
3953,557.661,298,2,0
3954,77.0424,56.3668,2,0
3955,532.162,54.8063,2,0
3956,518.258,84.4929,2,0
3957,342.402,245.997,2,0
3958,225.561,84.5598,2,0
3959,482.409,26.2557,2,0
3960,12.1679,36.0949,2,0
3961,491.939,180.272,2,0
3962,272.987,248.92,2,0
3963,209.618,219.125,2,0
3964,426.993,13.0444,2,0
3965,276.813,1.6872,2,0
3966,312.411,121.582,2,0
3967,432.311,222.764,2,0
3968,4.22084,160.601,2,0
3969,459.568,84.2224,2,0
3970,587.081,11.0269,2,0
3971,150.923,199.624,2,0
3972,157.966,228.268,2,0
3973,573.651,287.484,2,0
3974,463.786,126.169,2,0
3975,261.016,135.174,2,0
3976,536.914,197.866,2,0
3977,5.76108,179.524,2,0
3978,47.7368,99.7904,2,0
3979,545.641,88.7984,2,0
3980,210.866,250.739,2,0
3981,458.486,272.186,2,0
3982,357.155,14.2572,2,0
3983,284.708,242.56,2,0
3984,305.587,12.1219,2,0
3985,308.872,208.527,2,0
3986,332.22,12.4456,2,0
3987,147.501,197.12,2,0
3988,450.783,225.166,2,0
3989,342.488,207.114,2,0
3990,374.333,226.517,2,0
3991,312.038,34.044,2,0
3992,386.301,73.2328,2,0
3993,15.8411,167.569,2,0
3994,560.924,128.926,2,0
3995,504.54,100.732,2,0
3996,581.792,152.626,2,0
3997,476.347,239.798,2,0
3998,504.951,73.1947,2,0
3999,390.349,164.945,2,0
4000,358.481,118.488,2,0
4001,238.477,199.655,2,0
4002,121.083,267.829,2,0
4003,7.21465,271.131,2,0
4004,383.075,167.602,2,0
4005,368.446,14.0445,2,0
4006,547.773,128.892,2,0
4007,173.722,8.9431,2,0
4008,583.914,2,2,0
4009,44.8432,151.463,2,0
4010,336.193,11.0014,2,0
4011,191.532,20.9146,2,0
4012,210.019,272.975,2,0
4013,469.046,228.973,2,0
4014,505.907,139.096,2,0
4015,325.851,186.872,2,0
4016,127.921,84.7793,2,0
4017,372.934,11.7587,2,0
4018,342.512,160.147,2,0
4019,19.7405,270.03,2,0
4020,335.173,66.5153,2,0
4021,20.1464,100.582,2,0
4022,555.225,282.654,2,0
4023,568.536,32.1175,2,0
4024,280.019,215.874,2,0
4025,194.724,23.6991,2,0
4026,470.822,75.4235,2,0
4027,308.514,28.4294,2,0
4028,554.598,29.3312,2,0
4029,30.1418,162.752,2,0
4030,232.067,87.7862,2,0
4031,562.548,274.964,2,0
4032,247.951,125.067,2,0
4033,519.633,129.931,2,0
4034,499.794,218.383,2,0
4035,86.5911,155.158,2,0
4036,168.578,165.892,2,0
4037,239.151,104.471,2,0
4038,137.362,77.5862,2,0
4039,291.531,224.239,2,0
4040,484.511,180.742,2,0
4041,110.92,211.226,2,0
4042,75.8286,176.442,2,0
4043,226.297,188.255,2,0
4044,76.9905,72.9693,2,0
4045,454.919,281.195,2,0
4046,124.057,270.598,2,0
4047,283.145,221.695,2,0
4048,415.138,27.4594,2,0
4049,29.284,61.2021,2,0
4050,285.125,36.8797,2,0
4051,164.056,147.509,2,0
4052,566.432,26.7832,2,0
4053,179.002,8.99694,2,0
4054,236.937,289.589,2,0
4055,193.297,204.902,2,0
4056,379.596,125.586,2,0
4057,452.124,97.1836,2,0
4058,232.625,155.382,2,0
4059,264.784,22.0987,2,0
4060,63.6202,97.4965,2,0
4061,512.153,76.3852,2,0
4062,212.982,254.183,2,0
4063,412.946,94.2832,2,0
4064,31.9535,256.694,2,0
4065,469.998,99.1356,2,0
4066,51.3551,53.8964,2,0
4067,288.497,148.364,2,0
4068,359.905,159.216,2,0
4069,499.556,115.944,2,0
4070,343.748,71.8817,2,0
4071,299.016,77.7331,2,0
4072,423.844,141.327,2,0
4073,591.623,282.721,2,0
4074,424.914,98.9811,2,0
4075,574.912,137.344,2,0
4076,52.0597,155.069,2,0
4077,503.805,124.392,2,0
4078,500.683,36.3715,2,0
4079,111.284,220.878,2,0
4080,288.723,136.458,2,0
4081,186.869,196.492,2,0
4082,456.669,284.938,2,0
4083,235.769,52.5512,2,0
4084,395.85,121.375,2,0
4085,509.772,88.9711,2,0
4086,306.978,90.135,2,0
4087,226.285,2.42176,2,0
4088,232.945,171.873,2,0
4089,262.833,197.411,2,0
4090,240.843,191.548,2,0
4091,355.412,21.5459,2,0
4092,264.223,101.632,2,0
4093,459.53,61.4307,2,0
4094,330.622,277.763,2,0
4095,40.7119,27.257,2,0
4096,413.464,211.971,2,0
4097,582.768,145.206,2,0
4098,357.7,68.2108,2,0
4099,546.941,218.111,2,0
4100,191.645,79.3225,2,0
4101,14.4336,111.173,2,0
4102,143.446,69.7882,2,0
4103,468.357,161.697,2,0
4104,141.156,261.548,2,0
4105,125.811,55.9269,2,0
4106,290.767,31.8999,2,0
4107,507.798,81.1223,2,0
4108,444.298,244.672,2,0
4109,6.39769,157.208,2,0
4110,312.891,279.012,2,0
4111,323.712,194.877,2,0
4112,472.794,89.2841,2,0
4113,243.571,252.52,2,0
4114,1.3222,289.743,2,0
4115,565.721,212.026,2,0
4116,160.241,126.296,2,0
4117,437.991,257.589,2,0
4118,597.546,157.766,2,0
4119,164.934,94.8908,2,0
4120,576.255,38.2532,2,0
4121,572.74,279.168,2,0
4122,488.288,228.417,2,0
4123,404.478,286.635,2,0
4124,157.399,121.819,2,0
4125,69.4678,158.997,2,0
4126,551.892,162.014,2,0
4127,540.413,73.4928,2,0
4128,233.744,191.592,2,0
4129,335.327,106.333,2,0
4130,17.2477,153.737,2,0
4131,101.133,144.105,2,0
4132,295.871,253.01,2,0
4133,280.877,63.9809,2,0
4134,259.088,177.054,2,0
4135,456.682,117.689,2,0
4136,86.1527,65.6014,2,0
4137,160.074,132.931,2,0
4138,424.077,77.9334,2,0
4139,455.729,113.802,2,0
4140,181.367,120.095,2,0
4141,79.4037,190.986,2,0
4142,487.087,63.5427,2,0
4143,452.764,275.721,2,0
4144,343.877,196.086,2,0
4145,462.072,121.162,2,0
4146,525.245,200.404,2,0
4147,580.23,39.4387,2,0
4148,456.842,103.495,2,0
4149,432.308,135.179,2,0
4150,596.84,28.5486,2,0
4151,391.682,256.299,2,0
4152,237.237,203.5,2,0
4153,80.677,46.1102,2,0
4154,130.79,258.492,2,0
4155,3.44815,92.963,2,0
4156,400.75,209.638,2,0
4157,420.962,257.198,2,0
4158,57.7917,157.935,2,0
4159,425.497,233.745,2,0
4160,285.351,109.43,2,0
4161,546.784,100.36,2,0
4162,61.1118,124.157,2,0
4163,149.192,189.86,2,0
4164,226.217,118.685,2,0
4165,409.425,103.163,2,0
4166,66.2483,217.309,2,0
4167,207.707,133.334,2,0
4168,58.2722,15.6359,2,0
4169,514.165,236.472,2,0
4170,452.517,88.7508,2,0
4171,107.853,298,2,0
4172,346.18,298,2,0
4173,440.8,166.212,2,0
4174,461.103,134.226,2,0
4175,389.387,58.7108,2,0
4176,29.626,110.887,2,0
4177,393.765,101.404,2,0
4178,181.715,83.5711,2,0
4179,263.267,40.3279,2,0
4180,263.385,244.738,2,0
4181,222.862,93.2347,2,0
4182,256.276,6.00225,2,0
4183,255.401,103.448,2,0
4184,162.653,58.1231,2,0
4185,148.604,153.915,2,0
4186,150.029,115.202,2,0
4187,161.531,122.406,2,0
4188,308.297,79.4965,2,0
4189,139.32,174.62,2,0
4190,481.013,57.5406,2,0
4191,46.867,202.363,2,0
4192,72.9568,203.756,2,0
4193,473.013,135.935,2,0
4194,2.63082,198.387,2,0
4195,438.565,57.7738,2,0
4196,378.305,244.499,2,0
4197,379.917,159.341,2,0
4198,117.393,113.043,2,0
4199,24.7622,113.487,2,0
4200,233.798,66.8502,2,0
4201,387.523,150.064,2,0
4202,153.698,128.822,2,0
4203,55.2433,162.606,2,0
4204,117.682,204.986,2,0
4205,377.862,215.435,2,0
4206,351.771,70.6217,2,0
4207,365.702,277.55,2,0
4208,174.989,186.762,2,0
4209,397.49,160.939,2,0
4210,381.819,216.323,2,0
4211,9.07403,53.589,2,0
4212,142.307,291.003,2,0
4213,115.179,275.661,2,0
4214,154.516,249.151,2,0
4215,176.165,103.477,2,0
4216,321.074,37.1144,2,0
4217,45.2458,65.6333,2,0
4218,395.857,208.243,2,0
4219,531.123,246.422,2,0
4220,364.325,67.403,2,0
4221,190.152,74.0748,2,0
4222,551.766,157.85,2,0
4223,300.302,285.578,2,0
4224,22.2669,293.308,2,0
4225,484.586,16.8945,2,0
4226,290.767,260.66,2,0
4227,20.2819,218.792,2,0
4228,559.188,61.8841,2,0
4229,339.509,294.217,2,0
4230,265.222,89.0408,2,0
4231,220.152,153.077,2,0
4232,599.032,261.604,2,0
4233,542.039,274.443,2,0
4234,367.385,225.853,2,0
4235,192.901,175.406,2,0
4236,258.315,29.0324,2,0
4237,225.407,293.926,2,0
4238,544.838,245.793,2,0
4239,88.5292,217.024,2,0
4240,497.885,163.685,2,0
4241,195.208,166.678,2,0
4242,298.733,2.47233,2,0
4243,304.804,24.0621,2,0
4244,24.3912,235.897,2,0
4245,112.286,187.223,2,0
4246,76.4874,288.552,2,0
4247,495.465,160.45,2,0
4248,31.1822,246.55,2,0
4249,74.8899,185.979,2,0
4250,6.54117,256.854,2,0
4251,22.6147,142.253,2,0
4252,303.82,195.1,2,0
4253,422.459,168.565,2,0
4254,93.6185,125.794,2,0
4255,50.7797,126.813,2,0
4256,298.988,242.171,2,0
4257,78.1157,173.063,2,0
4258,181.152,108.757,2,0
4259,562.705,93.0133,2,0
4260,550.58,101.835,2,0
4261,449.226,152.617,2,0
4262,102.179,63.853,2,0
4263,65.3406,245.334,2,0
4264,459.323,148.236,2,0
4265,413.253,58.4017,2,0
4266,5.26195,21.3656,2,0
4267,489.666,164.276,2,0
4268,208.87,6.47579,2,0
4269,288.973,67.0709,2,0
4270,247.177,298,2,0
4271,265.787,53.4688,2,0
4272,398.465,200.147,2,0
4273,538.114,275.375,2,0
4274,161.1,182.919,2,0
4275,208.886,71.3969,2,0
4276,535.112,36.2285,2,0
4277,134.982,44.5343,2,0
4278,231.431,230.347,2,0
4279,484.621,288.385,2,0
4280,109.244,203.587,2,0
4281,251.479,198.593,2,0
4282,82.2292,113.421,2,0
4283,148.622,44.6304,2,0
4284,204.984,107.068,2,0
4285,310.014,299.788,2,0
4286,70.8641,138.332,2,0
4287,452.94,249.573,2,0
4288,187.866,113.991,2,0
4289,546.154,80.0781,2,0
4290,526.25,53.6883,2,0
4291,317.259,175.686,2,0
4292,143.514,195.962,2,0
4293,359.843,209.676,2,0
4294,405.211,186.051,2,0
4295,443.904,53.517,2,0
4296,126.426,106.913,2,0
4297,150.52,75.0295,2,0
4298,162.783,76.9607,2,0
4299,596.781,265.35,2,0
4300,115.656,42.4858,2,0
4301,496.9,208.75,2,0
4302,74.9516,127.111,2,0
4303,131.343,37.8371,2,0
4304,456.751,107.653,2,0
4305,17.4985,58.0339,2,0
4306,486.38,42.1858,2,0
4307,422.234,277.37,2,0
4308,89.2967,110.553,2,0
4309,483.378,157.848,2,0
4310,599.99,193.844,2,0
4311,236.834,33.6305,2,0
4312,55.5256,215.098,2,0
4313,160.52,280.841,2,0
4314,477.162,38.2035,2,0
4315,101.872,88.0605,2,0
4316,347.921,253.717,2,0
4317,34.2539,152.328,2,0
4318,559.466,27.6174,2,0
4319,405.167,122.918,2,0
4320,157.938,68.8062,2,0
4321,592.372,229.981,2,0
4322,412.444,81.931,2,0
4323,22.5975,244.814,2,0
4324,106.791,163.031,2,0
4325,484.289,70.0556,2,0
4326,361.717,126.317,2,0
4327,403.077,255.056,2,0
4328,43.6894,243.75,2,0
4329,406.199,67.1748,2,0
4330,27.6704,165.956,2,0
4331,462.612,150.533,2,0
4332,1.23571,116.27,2,0
4333,571.181,190.371,2,0
4334,231.003,117.413,2,0
4335,471.711,93.1705,2,0
4336,385.747,95.5863,2,0
4337,279.724,18.3169,2,0
4338,290.709,71.3529,2,0
4339,256.089,247.264,2,0
4340,472.731,294.869,2,0
4341,152.902,254.635,2,0
4342,211.721,74.3883,2,0
4343,257.44,89.0528,2,0
4344,64.2625,257.96,2,0
4345,25.0418,138.434,2,0
4346,336.151,164.128,2,0
4347,5.91257,115.472,2,0
4348,264.844,179.712,2,0
4349,154.78,196.829,2,0
4350,7.2753,237.948,2,0
4351,398.232,46.5067,2,0
4352,277.669,257.489,2,0
4353,301.999,234.847,2,0
4354,399.832,164.212,2,0
4355,513.222,264.658,2,0
4356,420.492,84.4294,2,0
4357,293.06,135.046,2,0
4358,111.165,243.488,2,0
4359,217.909,115.398,2,0
4360,567.408,208.287,2,0
4361,190.718,95.0518,2,0
4362,93.4496,245.675,2,0
4363,277.697,57.2921,2,0
4364,436.553,66.1103,2,0
4365,505.071,115.14,2,0
4366,532.257,212.565,2,0
4367,370.498,162.612,2,0
4368,496.962,59.2219,2,0
4369,32.1913,242.652,2,0
4370,312.06,48.9413,2,0
4371,421.629,158.578,2,0
4372,53.5421,94.1233,2,0
4373,218.619,197.004,2,0
4374,338.248,27.7388,2,0
4375,383.61,280.719,2,0
4376,475.84,99.6584,2,0
4377,80.2334,257.458,2,0
4378,367.194,35.8445,2,0
4379,329.585,210.647,2,0
4380,342.51,137.359,2,0
4381,2.89124,88.9675,2,0
4382,496.042,292.255,2,0
4383,63.0054,41.3734,2,0
4384,531.103,221.306,2,0
4385,86.5451,77.1759,2,0
4386,520.018,170.423,2,0
4387,414.419,75.6696,2,0
4388,142.052,131.239,2,0
4389,464.672,241.071,2,0
4390,426.759,110.513,2,0
4391,224.471,240.61,2,0
4392,450.673,240.981,2,0
4393,398.229,156.885,2,0
4394,119.719,165.008,2,0
4395,401.791,279.304,2,0
4396,267.848,194.263,2,0
4397,530.412,217.179,2,0
4398,567.468,293.962,2,0
4399,186.582,209.25,2,0
4400,109.538,100.919,2,0
4401,480.206,160.412,2,0
4402,134.648,87.6208,2,0
4403,583.838,254.853,2,0
4404,335.234,203.511,2,0
4405,221.069,156.998,2,0
4406,197.247,26.9965,2,0
4407,429.721,271.531,2,0
4408,238.834,39.1282,2,0
4409,56.4253,249.6,2,0
4410,205.906,146.745,2,0
4411,364.708,151.909,2,0
4412,445.097,222.716,2,0
4413,541.947,79.7049,2,0
4414,562.734,143.135,2,0
4415,371.12,50.5691,2,0
4416,265.924,124.162,2,0
4417,59.9079,11.9242,2,0
4418,357.257,200.108,2,0
4419,501.826,138.53,2,0
4420,348.348,285.923,2,0
4421,86.251,10.4184,2,0
4422,405.567,133.772,2,0
4423,448.108,87.8237,2,0
4424,51.2632,189.774,2,0
4425,556.715,65.1459,2,0
4426,466.712,214.186,2,0
4427,144.713,119.419,2,0
4428,51.9307,199.332,2,0
4429,149.813,193.846,2,0
4430,33.8027,121.128,2,0
4431,417.097,204.94,2,0
4432,20.1062,241.609,2,0
4433,563.563,70.8491,2,0
4434,587.322,185.285,2,0
4435,245.023,77.9621,2,0
4436,515.486,185.395,2,0
4437,259.397,103.874,2,0
4438,508.425,28.2629,2,0
4439,62.2657,221.046,2,0
4440,32.1803,107.721,2,0
4441,532.862,50.721,2,0
4442,208.589,245.699,2,0
4443,492.333,53.4997,2,0
4444,497.431,264.565,2,0
4445,481.212,62.2655,2,0
4446,484.458,143.018,2,0
4447,51.4001,290.361,2,0
4448,459.441,163.02,2,0
4449,339.26,40.5129,2,0
4450,9.62735,95.4185,2,0
4451,111.779,253.472,2,0
4452,39.084,173.65,2,0
4453,495.521,12.967,2,0
4454,344.294,262.593,2,0
4455,32.2525,133.872,2,0
4456,585.391,234.295,2,0
4457,189.62,152.517,2,0
4458,8.54435,61.619,2,0
4459,457.001,87.5229,2,0
4460,476.921,90.0336,2,0
4461,298.6,223.648,2,0
4462,411.086,122.348,2,0
4463,379.476,43.4802,2,0
4464,165.187,157.804,2,0
4465,98.0143,256.008,2,0
4466,376.001,19.7413,2,0
4467,34.739,29.487,2,0
4468,576.043,153.61,2,0
4469,552.471,112.205,2,0
4470,591.572,130.054,2,0
4471,578.737,114.07,2,0
4472,345.391,163.069,2,0
4473,97.9406,87.2151,2,0
4474,490.937,282.834,2,0
4475,504.929,146.659,2,0
4476,324.851,182.023,2,0
4477,330.874,99.6785,2,0
4478,192.157,209.048,2,0
4479,182.36,79.4751,2,0
4480,301.86,13.7073,2,0
4481,188.083,138.346,2,0
4482,584.413,15.4614,2,0
4483,394.148,173.279,2,0
4484,452.204,78.7957,2,0
4485,95.9402,103.009,2,0
4486,139.502,208.268,2,0
4487,532.828,95.8553,2,0
4488,580.684,190.936,2,0
4489,362.033,24.5088,2,0
4490,108.399,246.658,2,0
4491,362.111,20.4447,2,0
4492,566.291,79.3181,2,0
4493,16.0005,238.793,2,0
4494,125.862,88.2423,2,0
4495,376.471,97.5851,2,0
4496,115.024,289.561,2,0
4497,159.847,2,2,0
4498,582.665,54.4057,2,0
4499,333.276,185.048,2,0
4500,596.581,15.8652,2,0
4501,473.445,156.035,2,0
4502,60.9944,70.1298,2,0
4503,158.031,213.754,2,0
4504,132.195,161.916,2,0
4505,211.555,82.0051,2,0
4506,472.678,180.058,2,0
4507,321.07,98.1887,2,0
4508,470.817,47.6312,2,0
4509,262.794,262.699,2,0
4510,140.454,75.0438,2,0
4511,526.671,276.764,2,0
4512,149.024,267.134,2,0
4513,515.136,279.968,2,0
4514,46.4775,273.744,2,0
4515,31.5475,209.758,2,0
4516,195.141,151.111,2,0
4517,266.267,175.564,2,0
4518,407.149,273.408,2,0
4519,1.37161,96.443,2,0
4520,572.297,215.167,2,0
4521,426.577,104.564,2,0
4522,183.488,17.1589,2,0
4523,177.658,83.1477,2,0
4524,393.257,3.52375,2,0
4525,383.79,10.8412,2,0
4526,517.929,231.74,2,0
4527,437.346,10.9985,2,0
4528,181.904,283.59,2,0
4529,521.658,154.292,2,0
4530,505.876,242.396,2,0
4531,190.438,282.884,2,0
4532,491.387,206.859,2,0
4533,162.785,214.476,2,0
4534,596.242,269.398,2,0
4535,79.9329,16.0766,2,0
4536,398.765,22.5451,2,0
4537,30.3158,239.077,2,0
4538,265.965,294.509,2,0
4539,423.325,6.29333,2,0
4540,71.1229,32.5213,2,0
4541,454.473,169.095,2,0
4542,421.772,38.2319,2,0
4543,108.466,193.937,2,0
4544,344.448,61.4332,2,0
4545,420.845,70.4869,2,0
4546,494.921,71.9746,2,0
4547,95.8891,54.0854,2,0
4548,92.696,295.46,2,0
4549,319.894,106.387,2,0
4550,432.886,68.1351,2,0
4551,18.1409,17.8757,2,0
4552,517.278,249.785,2,0
4553,476.877,245.211,2,0
4554,94.1006,274.732,2,0
4555,250.249,270.966,2,0
4556,252.965,145.503,2,0
4557,56.3398,99.0242,2,0
4558,541.742,134.437,2,0
4559,209.878,139.72,2,0
4560,140.801,9.98559,2,0
4561,2.44742,256.967,2,0
4562,91.1097,40.5869,2,0
4563,487.625,2,2,0
4564,326.81,165.011,2,0
4565,202.434,153.851,2,0
4566,212.012,214.434,2,0
4567,141.317,253.353,2,0
4568,571.254,229.156,2,0
4569,55.7315,148.355,2,0
4570,366.082,128.395,2,0
4571,308.054,168.761,2,0
4572,124.528,233.315,2,0
4573,300.134,186.503,2,0
4574,350.383,138.531,2,0
4575,251.88,19.497,2,0
4576,95.99,23.5632,2,0
4577,178.781,259.005,2,0
4578,204.271,271.237,2,0
4579,441.47,22.538,2,0
4580,177.877,130.74,2,0
4581,241.984,149.955,2,0
4582,226.232,114.587,2,0
4583,496.579,55.0777,2,0
4584,473.487,57.6244,2,0
4585,198.455,189.074,2,0
4586,460.816,158.931,2,0
4587,89.5776,197.055,2,0
4588,287.168,113.033,2,0
4589,431.054,161.5,2,0
4590,467.856,128.301,2,0
4591,503.635,58.6055,2,0
4592,504.558,35.0336,2,0
4593,124.074,247.685,2,0
4594,403.198,107.403,2,0
4595,76.28,256.556,2,0
4596,55.9939,226.135,2,0
4597,233.333,49.1407,2,0
4598,158.89,8.03453,2,0
4599,199.744,115.341,2,0
4600,395.139,203.969,2,0
4601,160.881,94.4275,2,0
4602,338.111,180.065,2,0
4603,341.694,219.272,2,0
4604,190.309,229,2,0
4605,191.105,249.493,2,0
4606,489.664,110.224,2,0
4607,251.194,298,2,0
4608,420.083,76.2401,2,0
4609,384.579,213.308,2,0
4610,152.857,294.405,2,0
4611,3.24163,241.013,2,0
4612,197.767,154.217,2,0
4613,368.014,206.627,2,0
4614,559.055,207.499,2,0
4615,585.949,159.614,2,0
4616,380.191,67.1723,2,0
4617,487.671,67.6322,2,0
4618,450.189,135.64,2,0
4619,73.572,262.251,2,0
4620,98.2054,146.931,2,0
4621,209.209,114.28,2,0
4622,239.954,125.568,2,0
4623,518.645,33.8699,2,0
4624,304.84,81.8719,2,0
4625,282.126,88.687,2,0
4626,33.5777,60.4248,2,0
4627,464.084,94.8624,2,0
4628,265.318,1.26066,2,0
4629,375.688,101.574,2,0
4630,128.725,192.137,2,0
4631,67.6229,61.398,2,0
4632,191.984,238.498,2,0
4633,261.806,182.369,2,0
4634,417.304,129.861,2,0
4635,7.24406,36.3665,2,0
4636,411.064,161.665,2,0
4637,123.549,257.533,2,0
4638,458.981,215.399,2,0
4639,398.728,2,2,0
4640,109.248,17.2161,2,0
4641,337.327,231.937,2,0
4642,112.588,205.966,2,0
4643,93.9749,193.87,2,0
4644,352.24,33.7502,2,0
4645,222.535,165.463,2,0
4646,60.3124,113.551,2,0
4647,284.537,49.9245,2,0
4648,426.655,225.963,2,0
4649,363.966,166.772,2,0
4650,88.9471,129.077,2,0
4651,89.8029,257.389,2,0
4652,331.285,238.148,2,0
4653,115.347,77.3711,2,0
4654,405.96,249.489,2,0
4655,285.7,56.4945,2,0
4656,381.897,235.236,2,0
4657,524.182,118.402,2,0
4658,66.9962,209.238,2,0
4659,519.638,281.672,2,0
4660,116.519,85.0746,2,0
4661,567.682,298,2,0
4662,164.152,127.505,2,0
4663,557.055,89.3123,2,0
4664,272.584,242.508,2,0
4665,256.599,196.701,2,0
4666,290.381,14.051,2,0
4667,111.184,39.4503,2,0
4668,349.259,95.3257,2,0
4669,278.884,103.044,2,0
4670,41.8061,2,2,0
4671,444.584,81.6933,2,0
4672,131.82,22.087,2,0
4673,480.123,12.8408,2,0
4674,436.788,263.224,2,0
4675,321.646,253.4,2,0
4676,195.559,30.8774,2,0
4677,64.2815,206.266,2,0
4678,532.106,257.472,2,0
4679,286.056,269.416,2,0
4680,344.792,57.271,2,0
4681,306.406,231.56,2,0
4682,434.683,59.1976,2,0
4683,143.438,243.062,2,0
4684,144.389,95.574,2,0
4685,147.206,244.511,2,0
4686,361.205,71.3046,2,0
4687,408.225,10.0891,2,0
4688,580.001,220.875,2,0
4689,378.834,74.9929,2,0
4690,572.371,15.6831,2,0
4691,372.223,96.4776,2,0
4692,445.356,145.772,2,0
4693,89.3042,158.161,2,0
4694,496.447,63.3495,2,0
4695,235.334,84.8455,2,0
4696,157.329,50.9241,2,0
4697,316.093,33.2311,2,0
4698,427.86,53.2228,2,0
4699,164.062,2,2,0
4700,385.791,31.4233,2,0
4701,65.1655,79.4908,2,0
4702,513.754,58.9842,2,0
4703,201.547,200.494,2,0
4704,200.962,106.52,2,0
4705,185.743,276.568,2,0
4706,69.7615,83.8599,2,0
4707,578.012,74.6684,2,0
4708,270.675,85.2535,2,0
4709,527.158,220.206,2,0
4710,54.3567,186.474,2,0
4711,531.108,138.566,2,0
4712,333.774,20.014,2,0
4713,593.464,221.891,2,0
4714,349.278,223.878,2,0
4715,534.445,223.539,2,0
4716,455.06,295.135,2,0
4717,279.433,280.412,2,0
4718,46.8567,48.8202,2,0
4719,326.307,120.853,2,0
4720,365.145,44.6593,2,0
4721,333.237,70.026,2,0
4722,149.123,71.1579,2,0
4723,383.635,124.851,2,0
4724,261.874,124.647,2,0
4725,101.877,20.8735,2,0
4726,519.511,64.9114,2,0
4727,524.865,24.6124,2,0
4728,51.2976,237.438,2,0
4729,132.827,211.958,2,0
4730,366.771,193.703,2,0
4731,583.994,279.15,2,0
4732,186.395,179.546,2,0
4733,540.969,186.601,2,0
4734,390.098,62.7952,2,0
4735,160.828,21.7528,2,0
4736,471.334,247.464,2,0
4737,216.698,246.855,2,0
4738,285.202,116.525,2,0
4739,429.461,141.299,2,0
4740,43.1267,171.481,2,0
4741,2.28773,156.346,2,0
4742,242.255,129.066,2,0
4743,571.81,254.132,2,0
4744,237.156,64.38,2,0
4745,89.781,124.585,2,0
4746,349.584,67.0801,2,0
4747,287.932,275.088,2,0
4748,420.943,48.5846,2,0
4749,151.247,246.756,2,0
4750,173.171,24.7736,2,0
4751,533.377,60.9618,2,0
4752,313.592,72.1626,2,0
4753,471.596,216.036,2,0
4754,464.59,77.1337,2,0
4755,398.374,152.583,2,0
4756,363.263,28.3224,2,0
4757,127.124,75.596,2,0
4758,107.411,219.574,2,0
4759,447.368,260.582,2,0
4760,534.656,92.058,2,0
4761,83.9291,217.472,2,0
4762,367.305,247.712,2,0
4763,380.147,248.795,2,0
4764,598.237,279.532,2,0
4765,527.57,190.762,2,0
4766,553.215,216.626,2,0
4767,536.692,181.809,2,0
4768,329.931,272.857,2,0
4769,214.896,218.221,2,0
4770,478.423,220.592,2,0
4771,403.309,275.384,2,0
4772,362.153,96.5186,2,0
4773,239.375,50.4346,2,0
4774,128.136,103.277,2,0
4775,156.375,156.869,2,0
4776,199.037,150.195,2,0
4777,153.391,179.408,2,0
4778,406.416,245.486,2,0
4779,563.087,173.639,2,0
4780,80.5097,198.154,2,0
4781,589.478,178.906,2,0
4782,407.983,170.136,2,0
4783,274.576,189.661,2,0
4784,162.429,235.117,2,0
4785,276.773,218.96,2,0
4786,286.322,151.987,2,0
4787,534.844,239.212,2,0
4788,100.137,245.145,2,0
4789,146.657,35.1923,2,0
4790,67.3017,203.56,2,0
4791,570.239,105.331,2,0
4792,7.8822,227.298,2,0
4793,83.2758,54.6718,2,0
4794,557.379,121.724,2,0
4795,338.69,280.257,2,0
4796,337.268,199.877,2,0
4797,82.6484,201.559,2,0
4798,169.002,191.588,2,0
4799,280.308,24.9779,2,0
4800,540.387,199.953,2,0
4801,91.1157,77.3139,2,0
4802,5.76853,278.49,2,0
4803,445.312,48.7107,2,0
4804,11.5792,105.875,2,0
4805,286.433,219.197,2,0
4806,363.853,84.679,2,0
4807,561.747,76.9047,2,0
4808,467.413,157.63,2,0
4809,301.328,209.598,2,0
4810,216.374,125.865,2,0
4811,434.516,184.049,2,0
4812,559.503,184.183,2,0
4813,329.299,259.467,2,0
4814,572.58,219.291,2,0
4815,349.909,118.229,2,0
4816,548.986,44.2553,2,0
4817,293.099,43.846,2,0
4818,542.934,286.16,2,0
4819,311.317,109.478,2,0
4820,406.679,267.831,2,0
4821,192.246,57.1933,2,0
4822,582.268,227.294,2,0
4823,369.762,297.609,2,0
4824,441.061,226.517,2,0
4825,26.1302,175.14,2,0
4826,529.334,60.561,2,0
4827,394.973,181.367,2,0
4828,213.081,232.956,2,0
4829,436.815,292.679,2,0
4830,105.689,155.884,2,0
4831,76.1433,27.4186,2,0
4832,488.812,243.532,2,0
4833,45.2581,265.41,2,0
4834,459.822,268.206,2,0
4835,24.7781,186.406,2,0
4836,360.208,10.0876,2,0
4837,85.9536,151.187,2,0
4838,480.884,141.191,2,0
4839,102.335,164.063,2,0
4840,315.615,89.4122,2,0
4841,323.118,25.5963,2,0
4842,595.411,245.4,2,0
4843,352.718,142.36,2,0
4844,92.5537,19.7717,2,0
4845,289.069,199.657,2,0
4846,73.5483,247.49,2,0
4847,356.254,84.3702,2,0
4848,419.229,166.167,2,0
4849,235.885,79.4641,2,0
4850,262.92,158.887,2,0
4851,3.77698,260.76,2,0
4852,229.818,185.657,2,0
4853,202.319,91.1993,2,0
4854,174.615,12.9162,2,0
4855,153.263,191.809,2,0
4856,18.4324,74.5012,2,0
4857,191.84,294.69,2,0
4858,346.842,131.8,2,0
4859,397.1,56.76,2,0
4860,184.617,50.8448,2,0
4861,531.733,27.4816,2,0
4862,530.278,90.7924,2,0
4863,409.166,6.17458,2,0
4864,163,37.0769,2,0
4865,215.43,75.937,2,0
4866,172.052,73.7005,2,0
4867,167.478,154.188,2,0
4868,259.068,208.098,2,0
4869,321.516,62.0705,2,0
4870,214.663,22.4539,2,0
4871,567.005,75.3819,2,0
4872,469.055,135.334,2,0
4873,464.439,160.657,2,0
4874,240.254,57.4133,2,0
4875,143.422,32.6979,2,0
4876,48.2821,36.9896,2,0
4877,206.374,263.961,2,0
4878,576.552,280.535,2,0
4879,346.406,187.103,2,0
4880,345.125,95.2839,2,0
4881,281.716,237.193,2,0
4882,126.912,7.91747,2,0
4883,336.967,275.664,2,0
4884,6.80017,207.002,2,0
4885,45.2024,216.95,2,0
4886,341.363,199.754,2,0
4887,493.303,57.5069,2,0
4888,508.716,35.1507,2,0
4889,192.427,6.88031,2,0
4890,500.498,17.3288,2,0
4891,547.083,289.684,2,0
4892,344.33,47.727,2,0
4893,370.565,200.28,2,0
4894,575.601,252.401,2,0
4895,176.601,266.249,2,0
4896,106.032,135.074,2,0
4897,559.791,73.2236,2,0
4898,27.0123,20.4773,2,0
4899,416.408,133.852,2,0
4900,544.162,282.249,2,0
4901,45.5508,3.54355,2,0
4902,14.4014,19.6151,2,0
4903,351.415,21.8121,2,0
4904,375.848,110.5,2,0
4905,281.363,70.7224,2,0
4906,278.301,187.805,2,0
4907,598.108,137.292,2,0
4908,316.715,99.7502,2,0
4909,506.383,222.282,2,0
4910,18.0466,53.5986,2,0
4911,578.922,194.675,2,0
4912,398.015,282.117,2,0
4913,349.077,292.409,2,0
4914,568.159,63.1792,2,0
4915,21.1235,20.759,2,0
4916,475.352,85.8833,2,0
4917,433.004,30.9891,2,0
4918,539.101,35.7442,2,0
4919,308.407,294.88,2,0
4920,89.8769,16.5824,2,0
4921,515.214,3.76078,2,0
4922,416.842,78.863,2,0
4923,293.856,246.021,2,0
4924,416.981,31.6898,2,0
4925,198.481,41.5516,2,0
4926,302.218,176.331,2,0
4927,36.9355,288.278,2,0
4928,365.646,197.744,2,0
4929,8.61674,210.683,2,0
4930,555.501,184.901,2,0
4931,235.874,89.1362,2,0
4932,355.041,290.083,2,0
4933,380.426,78.7827,2,0
4934,558.564,69.3888,2,0
4935,527.023,235.737,2,0
4936,478.666,164.243,2,0
4937,213.085,30.8291,2,0
4938,86.256,81.2215,2,0
4939,445.297,129.021,2,0
4940,313.8,19.2077,2,0
4941,48.5331,93.6222,2,0
4942,274.115,109.881,2,0
4943,545.771,210.084,2,0
4944,394.073,109.36,2,0
4945,105.525,116.362,2,0
4946,66.743,174.897,2,0
4947,199.037,260.688,2,0
4948,517.728,150.687,2,0
4949,145.348,167.889,2,0
4950,552.485,263.024,2,0
4951,540.993,154.029,2,0
4952,502.205,7.89727,2,0
4953,407.571,99.1926,2,0
4954,126.897,180.377,2,0
4955,178.558,203.85,2,0
4956,405.438,73.4387,2,0
4957,594.487,63.2617,2,0
4958,576.353,182.127,2,0
4959,220.428,292.826,2,0
4960,375.176,76.6593,2,0
4961,198.257,280.175,2,0
4962,593.808,163.338,2,0
4963,442.046,133.795,2,0
4964,381.971,270.507,2,0
4965,260.823,259.103,2,0
4966,431.506,63.6341,2,0
4967,597.725,78.8001,2,0
4968,387.722,283.831,2,0
4969,336.102,212.434,2,0
4970,411.253,107.84,2,0
4971,224.132,220.272,2,0
4972,536.9,114.626,2,0
4973,57.9143,259.482,2,0
4974,276.599,199.05,2,0
4975,283.676,131.09,2,0
4976,347.582,70.5862,2,0
4977,58.9265,61.0225,2,0
4978,170.782,225.482,2,0
4979,414.378,207.901,2,0
4980,397.348,60.8618,2,0
4981,381.632,31.9334,2,0
4982,117.232,21.2811,2,0
4983,226.779,166.761,2,0
4984,451.217,84.9318,2,0
4985,238.245,144.199,2,0
4986,456.293,247.172,2,0
4987,436.419,249.523,2,0
4988,54.7892,235.143,2,0
4989,356.969,58.9558,2,0
4990,545.227,225.875,2,0
4991,20.5582,171.219,2,0
4992,592.743,26.7745,2,0
4993,147.967,238.89,2,0
4994,245.71,116.957,2,0
4995,307.922,260,2,0
4996,70.3785,14.477,2,0
4997,540.715,205.258,2,0
4998,240.896,9.51565,2,0
4999,557.582,173.585,2,0
5000,542.683,48.5823,2,0
5001,282.482,245.899,2,0
5002,216.77,294.549,2,0
5003,417.53,212.214,2,0
5004,566.443,22.6386,2,0
5005,535.01,177.999,2,0
5006,595.921,3.18352,2,0
5007,9.68403,91.3949,2,0
5008,172.938,208.522,2,0
5009,249.945,284.047,2,0
5010,83.7205,213.472,2,0
5011,595.323,297.199,2,0
5012,52.5741,100.755,2,0
5013,123.748,165.43,2,0
5014,310.654,204.721,2,0
5015,3.80442,227.721,2,0
5016,499.147,123.637,2,0
5017,39.8405,261.384,2,0
5018,549.607,40.1519,2,0
5019,159.727,195.628,2,0
5020,228.561,45.8315,2,0
5021,501.352,214.576,2,0
5022,173.814,132.7,2,0
5023,460.654,286.072,2,0
5024,192.85,221.369,2,0
5025,550.367,275.682,2,0
5026,281.101,145.975,2,0
5027,410.215,265.87,2,0
5028,489.156,146.8,2,0
5029,234.051,182.966,2,0
5030,184.727,145.172,2,0
5031,215.389,2,2,0
5032,61.0241,34.8079,2,0
5033,345.804,43.9084,2,0
5034,156.202,160.876,2,0
5035,290.861,153.291,2,0
5036,525.693,158.588,2,0
5037,376.71,26.329,2,0
5038,598.823,234.654,2,0
5039,227.875,290.586,2,0
5040,204.63,294.365,2,0
5041,462.255,139.484,2,0
5042,61.6148,8.16037,2,0
5043,62.3178,24.2411,2,0
5044,90.0229,262.087,2,0
5045,421.323,56.3881,2,0
5046,586.126,181.157,2,0
5047,578.591,89.9631,2,0
5048,20.9156,48.5864,2,0
5049,198.777,228.875,2,0
5050,154.212,230.269,2,0
5051,560.448,153.709,2,0
5052,31.47,290.304,2,0
5053,380.376,71.2048,2,0
5054,481.605,282.576,2,0
5055,485.901,247.874,2,0
5056,585.908,140.051,2,0
5057,269.722,292.638,2,0
5058,91.7809,57.5532,2,0
5059,171.379,2.15605,2,0
5060,97.7317,135.387,2,0
5061,582.396,275.462,2,0
5062,301.329,247.684,2,0
5063,194.312,246.943,2,0
5064,520.637,296.345,2,0
5065,244.825,192.346,2,0
5066,9.78619,172.318,2,0
5067,379.715,262.389,2,0
5068,315.224,10.3568,2,0
5069,257.489,20.0897,2,0
5070,417.86,62.9867,2,0
5071,431.677,77.824,2,0
5072,444.788,73.7377,2,0
5073,21.2015,275.135,2,0
5074,324.498,235.158,2,0
5075,217.648,274.833,2,0
5076,549.262,96.4325,2,0
5077,582.722,173.329,2,0
5078,26.8089,76.7464,2,0
5079,148.691,294.148,2,0
5080,322.566,131.525,2,0
5081,512.775,270.806,2,0
5082,581.302,285.968,2,0
5083,111.108,287.678,2,0
5084,554.949,16.7781,2,0
5085,578.994,169.695,2,0
5086,269.981,52.7823,2,0
5087,21.5652,29.3953,2,0
5088,452.346,30.2985,2,0
5089,479.893,181.394,2,0
5090,192.666,269.91,2,0
5091,151.841,100.02,2,0
5092,188.427,5.61146,2,0
5093,295.962,85.2948,2,0
5094,178.893,280.866,2,0
5095,33.8953,265.943,2,0
5096,581.828,140.209,2,0
5097,347.169,166.802,2,0
5098,545.122,2.77258,2,0
5099,217.943,250.678,2,0
5100,420.669,228.93,2,0
5101,439.325,81.3498,2,0
5102,160.465,264.602,2,0
5103,524.946,60.229,2,0
5104,244.664,154.461,2,0
5105,57.93,37.3672,2,0
5106,430.521,184.922,2,0
5107,456.975,66.6571,2,0
5108,325.609,246.921,2,0
5109,203.098,149.798,2,0
5110,271.307,229.355,2,0
5111,141.625,48.7699,2,0
5112,151.421,186.33,2,0
5113,439.791,34.4805,2,0
5114,468.482,189.921,2,0
5115,133.569,10.5583,2,0
5116,191.705,149.026,2,0
5117,259.461,162.953,2,0
5118,455.798,235.01,2,0
5119,529.123,209.879,2,0
5120,581.657,12.373,2,0
5121,75.9171,182.02,2,0
5122,526.038,85.2205,2,0
5123,358.322,227.066,2,0
5124,444.759,293.06,2,0
5125,459.548,210.521,2,0
5126,43.0404,34.7225,2,0
5127,535.366,84.453,2,0
5128,226.964,298,2,0
5129,121.865,37.9976,2,0
5130,397.054,67.0136,2,0
5131,200.21,59.0477,2,0
5132,368.949,10.0504,2,0
5133,274.589,205.076,2,0
5134,41.9429,227.468,2,0
5135,116.04,143.576,2,0
5136,368.607,89.8376,2,0
5137,599.353,283.485,2,0
5138,561.862,236.484,2,0
5139,28.1656,243.042,2,0
5140,387.506,82.6362,2,0
5141,492.152,10.5018,2,0
5142,281.2,116.363,2,0
5143,49.2139,169.163,2,0
5144,58.4107,53.9783,2,0
5145,27.4002,170.097,2,0
5146,577.801,54.0183,2,0
5147,168.747,142.949,2,0
5148,450.404,179.552,2,0
5149,449.567,200.902,2,0
5150,412.144,53.1669,2,0
5151,458.215,227.116,2,0
5152,161.93,27.6806,2,0
5153,593.999,92.1429,2,0
5154,53.9547,169.837,2,0
5155,269.612,157.947,2,0
5156,574.215,131.133,2,0
5157,233.391,93.4019,2,0
5158,565.675,134.4,2,0
5159,208.764,98.3128,2,0
5160,230.99,10.5822,2,0
5161,122.496,229.671,2,0
5162,312.965,283.193,2,0
5163,8.13682,231.333,2,0
5164,465.87,71.1198,2,0
5165,412.42,234.685,2,0
5166,3.61196,53.1026,2,0
5167,590.445,63.3765,2,0
5168,313.394,223.067,2,0
5169,123.485,4.3045,2,0
5170,91.0893,270.205,2,0
5171,536.223,147.504,2,0
5172,402.347,156.366,2,0
5173,69.1624,106.079,2,0
5174,538.859,176.613,2,0
5175,539.12,55.8112,2,0
5176,518.891,104.355,2,0
5177,241.491,140.551,2,0
5178,229.768,190.39,2,0
5179,507.901,48.6002,2,0
5180,447.6,237.47,2,0
5181,335.562,288.288,2,0
5182,561.089,120.102,2,0
5183,194.214,279.203,2,0
5184,539.334,12.8314,2,0
5185,78.4713,284.644,2,0
5186,173.746,99.1787,2,0
5187,129.458,276.677,2,0
5188,300.847,71.8415,2,0
5189,478.678,169.992,2,0
5190,323.601,162.481,2,0
5191,468.89,272.297,2,0
5192,169.342,62.8622,2,0
5193,52.6699,113.522,2,0
5194,181.128,52.8706,2,0
5195,275.205,282.205,2,0
5196,527.791,33.8257,2,0
5197,95.702,70.592,2,0
5198,233.664,40.4205,2,0
5199,508.213,64.9804,2,0
5200,168.948,159.302,2,0
5201,259.963,186.017,2,0
5202,81.5041,100.255,2,0
5203,84.8607,26.9092,2,0
5204,325.604,40.7694,2,0
5205,40.0996,77.3555,2,0
5206,425.276,150.689,2,0
5207,506.217,297.848,2,0
5208,249.55,157.151,2,0
5209,509.903,242.425,2,0
5210,461.674,185.016,2,0
5211,135.425,18.2891,2,0
5212,528.713,82.1388,2,0
5213,21.3372,60.1231,2,0
5214,441.983,138.006,2,0
5215,588.158,237.392,2,0
5216,527.195,109.632,2,0
5217,384.185,115.578,2,0
5218,183.776,245.887,2,0
5219,539.481,39.816,2,0
5220,151.801,287.066,2,0
5221,553.591,297.299,2,0
5222,85.9768,147.128,2,0
5223,105.302,166.895,2,0
5224,235.584,215.576,2,0
5225,148.619,15.7511,2,0
5226,255.353,123.232,2,0
5227,71.011,288.972,2,0
5228,552.837,243.267,2,0
5229,429.096,145.619,2,0
5230,354.755,92.7576,2,0
5231,53.287,118.325,2,0
5232,384.052,181.05,2,0
5233,130.482,134.099,2,0
5234,332.884,193.16,2,0
5235,264.6,186.131,2,0
5236,222.632,62.1123,2,0
5237,223.446,99.8727,2,0
5238,592.26,56.0132,2,0
5239,27.9331,135.615,2,0
5240,378.51,93.2298,2,0
5241,576.185,213.707,2,0
5242,227.749,99.7578,2,0
5243,326.876,72.3681,2,0
5244,167.908,199.882,2,0
5245,330.76,162.597,2,0
5246,233.48,187.587,2,0
5247,453.118,154.753,2,0
5248,464.004,11.061,2,0
5249,482.215,177.314,2,0
5250,175.4,143.649,2,0
5251,421.524,268.617,2,0
5252,388.109,203.845,2,0
5253,214.017,285.654,2,0
5254,552.367,137.125,2,0
5255,196.267,209.7,2,0
5256,98.513,219.665,2,0
5257,38.1507,179.248,2,0
5258,398.683,80.9722,2,0
5259,24.2339,2,2,0
5260,493.95,118.315,2,0
5261,436.145,91.1701,2,0
5262,183.812,100.252,2,0
5263,182.069,215.906,2,0
5264,392.931,194.393,2,0
5265,311.656,199.109,2,0
5266,108.975,112.001,2,0
5267,485.169,235.892,2,0
5268,131.198,254.385,2,0
5269,63.89,156.55,2,0
5270,380.67,154.591,2,0
5271,548.132,222.786,2,0
5272,470.188,256.725,2,0
5273,117.575,272.337,2,0
5274,253.652,232.84,2,0
5275,358.102,240.737,2,0
5276,1.55923,202.958,2,0
5277,212.818,166.041,2,0
5278,173.01,219.314,2,0
5279,541.6,99.6608,2,0
5280,107.235,89.6773,2,0
5281,258.344,132.106,2,0
5282,428.686,100.364,2,0
5283,96.2278,210.802,2,0
5284,307.908,94.1158,2,0
5285,105.881,36.3163,2,0
5286,404.241,290.723,2,0
5287,139.884,265.418,2,0
5288,468.534,123.558,2,0
5289,63.5579,108.682,2,0
5290,422.985,184.819,2,0
5291,562.764,161.168,2,0
5292,272.538,81.691,2,0
5293,385.046,102.118,2,0
5294,485.074,138.688,2,0
5295,553.345,133.197,2,0
5296,82.1723,282.83,2,0
5297,353.764,67.0653,2,0
5298,520.815,267.571,2,0
5299,140.845,87.5074,2,0
5300,273.367,72.2689,2,0
5301,536.77,63.1232,2,0
5302,557.503,278.548,2,0
5303,183.156,228.473,2,0
5304,441.163,216.35,2,0
5305,400.354,222.359,2,0
5306,370.133,196.209,2,0
5307,519.139,108.486,2,0
5308,183.49,237.969,2,0
5309,453.657,137.646,2,0
5310,586.845,172.251,2,0
5311,347.511,23.3882,2,0
5312,285.455,23.3658,2,0
5313,18.455,278.167,2,0
5314,147.822,160.883,2,0
5315,52.7659,151.095,2,0
5316,164.722,20.1897,2,0
5317,28.5902,206.869,2,0
5318,144.67,104.262,2,0
5319,237.946,93.8582,2,0
5320,20.0794,178.569,2,0
5321,174.927,257.69,2,0
5322,339.739,174.275,2,0
5323,234.141,142.699,2,0
5324,85.3047,61.6796,2,0
5325,196.991,199.979,2,0
5326,447.844,254.641,2,0
5327,503.595,190.8,2,0
5328,166.359,70.2339,2,0
5329,84.7836,3.99398,2,0
5330,414.104,244.253,2,0
5331,8.46222,99.3283,2,0
5332,490.853,126.051,2,0
5333,584.273,283.192,2,0
5334,217.277,208.296,2,0
5335,496.196,101.898,2,0
5336,513.132,203.965,2,0
5337,469.941,251.222,2,0
5338,265.174,57.4498,2,0
5339,409.922,60.9993,2,0
5340,209.578,188.28,2,0
5341,48.6635,43.3049,2,0
5342,49.2641,17.6678,2,0
5343,383.576,146.256,2,0
5344,81.7082,234.932,2,0
5345,397.779,102.287,2,0
5346,560.747,10.7508,2,0
5347,343.623,24.6251,2,0
5348,386.282,287.7,2,0
5349,228.211,270.742,2,0
5350,172.63,241.025,2,0
5351,168.69,180.942,2,0
5352,71.9686,183.077,2,0
5353,363.235,247.233,2,0
5354,498.072,6.05265,2,0
5355,564.631,164.717,2,0
5356,498.565,157.717,2,0
5357,147.677,275.239,2,0
5358,421.018,9.5623,2,0
5359,285.417,298.502,2,0
5360,40.765,31.2628,2,0
5361,20.251,78.9892,2,0
5362,141.686,81.0107,2,0
5363,310.332,176.794,2,0
5364,81.348,58.3928,2,0
5365,139.707,148.339,2,0
5366,539.426,60.0871,2,0
5367,76.1593,104.87,2,0
5368,87.33,97.7955,2,0
5369,44.3958,292.797,2,0
5370,276.699,269.954,2,0
5371,94.523,7.30318,2,0
5372,527.697,38.9566,2,0
5373,334.597,278.917,2,0
5374,4.99137,274.462,2,0
5375,163.552,135.584,2,0
5376,487.652,155.754,2,0
5377,130.284,12.8883,2,0
5378,477.021,127.415,2,0
5379,277.199,116.354,2,0
5380,219.419,144.767,2,0
5381,473.383,191.865,2,0
5382,472.718,140.053,2,0
5383,73.8893,213.562,2,0
5384,353.238,96.5607,2,0
5385,27.0012,5.06712,2,0
5386,448.76,66.705,2,0
5387,548.835,188.779,2,0
5388,398.313,114.775,2,0
5389,133.019,166.372,2,0
5390,202.897,234.804,2,0
5391,468.936,5.28058,2,0
5392,338.907,235.674,2,0
5393,515.619,161.302,2,0
5394,256.925,225.624,2,0
5395,351.035,25.951,2,0
5396,515.516,137.41,2,0
5397,101.039,2,2,0
5398,307.999,60.7392,2,0
5399,183.673,96.0653,2,0
5400,405.234,95.8224,2,0
5401,52.2934,224.376,2,0
5402,253.945,95.2108,2,0
5403,390.341,160.807,2,0
5404,437.967,111.842,2,0
5405,58.8585,150.925,2,0
5406,231.104,224.716,2,0
5407,315.422,111.457,2,0
5408,59.5106,214.16,2,0
5409,594.591,84.2601,2,0
5410,37.1638,5.92928,2,0
5411,106.778,10.4841,2,0
5412,213.069,66.5812,2,0
5413,289.089,35.641,2,0
5414,556.208,230.255,2,0
5415,77.387,131.306,2,0
5416,577.286,285.463,2,0
5417,199.644,294.105,2,0
5418,130.896,181.952,2,0
5419,342.786,131.823,2,0
5420,430.603,267.518,2,0
5421,89.9413,66.9244,2,0
5422,300.875,48.5123,2,0
5423,21.6891,64.9638,2,0
5424,298.543,107.033,2,0
5425,598.973,183.926,2,0
5426,214.119,272.672,2,0
5427,315.288,243.539,2,0
5428,407.04,220.06,2,0
5429,242.616,81.3637,2,0
5430,533.267,199.551,2,0
5431,538.027,81.0191,2,0
5432,514.213,118.04,2,0
5433,405.234,77.5303,2,0
5434,346.336,289.47,2,0
5435,394.299,115.077,2,0
5436,130.821,62.2457,2,0
5437,460.599,154.19,2,0
5438,215.941,261.551,2,0
5439,585.708,198.013,2,0
5440,196.056,257.198,2,0
5441,62.1052,201.297,2,0
5442,201.299,186.053,2,0
5443,243.12,103.212,2,0
5444,17.6149,108.463,2,0
5445,328.522,234.825,2,0
5446,17.3768,226.125,2,0
5447,162.544,163.314,2,0
5448,569.732,96.6474,2,0
5449,447.145,32.2735,2,0
5450,25.5442,160.816,2,0
5451,278.956,202.41,2,0
5452,410.474,21.8164,2,0
5453,136.212,185.469,2,0
5454,223.891,29.5308,2,0
5455,313.156,132.273,2,0
5456,436.09,150.374,2,0
5457,275.92,289.568,2,0
5458,332.207,290.642,2,0
5459,450.248,229.212,2,0
5460,37.7643,213.543,2,0
5461,127.853,165.263,2,0
5462,283.119,178.664,2,0
5463,144.006,153.627,2,0
5464,66.1119,222.246,2,0
5465,573.679,161.975,2,0
5466,296.625,150.042,2,0
5467,177.555,250.916,2,0
5468,469.499,58.0394,2,0
5469,490.881,70.9775,2,0
5470,119.646,146.976,2,0
5471,44.7816,31.054,2,0
5472,214.213,162.253,2,0
5473,596.242,273.407,2,0
5474,188.406,205.55,2,0
5475,14.5086,122.698,2,0
5476,579.59,253.214,2,0
5477,435.574,3.1471,2,0
5478,454.004,177.743,2,0
5479,17.2624,255.059,2,0
5480,554.255,47.2227,2,0
5481,43.4677,180.662,2,0
5482,156.372,182.125,2,0
5483,24.0241,286.803,2,0
5484,408.996,50.4374,2,0
5485,443.3,170.049,2,0
5486,434.942,87.3292,2,0
5487,492.101,272.656,2,0
5488,303.446,6.43965,2,0
5489,462.26,72.8661,2,0
5490,530.023,85.9266,2,0
5491,340.108,107.429,2,0
5492,59.6736,166.878,2,0
5493,30.9029,282.197,2,0
5494,315.011,263.796,2,0
5495,464.965,2.95879,2,0
5496,229.895,159.142,2,0
5497,63.0562,14.6085,2,0
5498,314.776,259.021,2,0
5499,450.335,45.7017,2,0
5500,287.908,89.4434,2,0
5501,551.067,6.74601,2,0
5502,457.123,36.8677,2,0
5503,228.067,282.773,2,0
5504,456.336,95.8609,2,0
5505,236.403,13.9785,2,0
5506,73.1061,81.6401,2,0
5507,125.311,116.56,2,0
5508,483.22,264.955,2,0
5509,441.035,104.793,2,0
5510,87.3514,189.506,2,0
5511,507.799,133.795,2,0
5512,544.714,22.1876,2,0
5513,260.947,91.1053,2,0
5514,222.81,75.3522,2,0
5515,471.11,109.805,2,0
5516,543.817,182.805,2,0
5517,285.732,96.0414,2,0
5518,287.256,16.6766,2,0
5519,566.499,196.345,2,0
5520,314.72,37.1492,2,0
5521,353.116,215.071,2,0
5522,299.869,193.97,2,0
5523,24.0093,73.7192,2,0
5524,200.836,225.141,2,0
5525,81.9851,147.943,2,0
5526,190.475,125.766,2,0
5527,260.386,99.8212,2,0
5528,202.353,298,2,0
5529,486.745,160.556,2,0
5530,521.9,52.5904,2,0
5531,147.299,174.07,2,0
5532,542.651,29.76,2,0
5533,561.899,81.9434,2,0
5534,459.606,40.0826,2,0
5535,225.589,65.0493,2,0
5536,386.891,231.539,2,0
5537,561.033,139.084,2,0
5538,562.647,214.877,2,0
5539,514.325,179.45,2,0
5540,268.625,137.593,2,0
5541,20.9445,233.572,2,0
5542,367.386,177.595,2,0
5543,168.791,238.626,2,0
5544,83.0485,254.465,2,0
5545,218.71,82.6993,2,0
5546,110.099,134.901,2,0
5547,459.228,99.1325,2,0
5548,188.792,146.27,2,0
5549,538.879,190.154,2,0
5550,72.2486,258.289,2,0
5551,30.3399,147.361,2,0
5552,484.629,222.808,2,0
5553,350.12,267.648,2,0
5554,447.997,77.6617,2,0
5555,22.5376,215.299,2,0
5556,169.643,133.392,2,0
5557,549.739,30.2237,2,0
5558,137.354,12.111,2,0
5559,352.24,253.729,2,0
5560,6.17869,213.862,2,0
5561,448.817,139.573,2,0
5562,103.829,160.147,2,0
5563,224.671,158.804,2,0
5564,342.566,287.804,2,0
5565,465.083,136.528,2,0
5566,489.692,298,2,0
5567,591.428,261.545,2,0
5568,363.637,179.486,2,0
5569,379.544,35.3912,2,0
5570,361.603,285.886,2,0
5571,98.5709,34.8089,2,0
5572,351.007,194.992,2,0
5573,335.029,283.077,2,0
5574,368.282,112.085,2,0
5575,588.921,162.294,2,0
5576,432.155,117.568,2,0
5577,327.344,239.307,2,0
5578,319.755,172.536,2,0
5579,135.24,24.3582,2,0
5580,233.077,249.965,2,0
5581,171.413,32.9303,2,0
5582,572.326,242.546,2,0
5583,144.401,77.8538,2,0
5584,413.229,156.803,2,0
5585,298.042,15.1028,2,0
5586,368.044,116.297,2,0
5587,114.563,294.69,2,0
5588,32.5901,200.681,2,0
5589,135.518,249.673,2,0
5590,104.141,32.5972,2,0
5591,509.166,129.864,2,0
5592,523.662,292.481,2,0
5593,77.6623,98.9057,2,0
5594,56.3758,245.588,2,0
5595,140.509,97.6466,2,0
5596,344.075,145.583,2,0
5597,599.827,2,2,0
5598,192.669,140.402,2,0
5599,454.502,271.165,2,0
5600,290.26,140.219,2,0
5601,512.397,28.9053,2,0
5602,223.855,138.137,2,0
5603,29.3274,31.7717,2,0
5604,591.788,235.549,2,0
5605,318.337,138.327,2,0
5606,160.626,258.302,2,0
5607,45.534,27.0771,2,0
5608,117.731,46.1027,2,0
5609,266.188,140.782,2,0
5610,152.628,108.496,2,0
5611,187.613,98.0996,2,0
5612,324.483,288.001,2,0
5613,158.347,171.528,2,0
5614,345.52,35.1555,2,0
5615,226.803,278.833,2,0
5616,535.86,264.647,2,0
5617,446.74,58.8974,2,0
5618,506.217,160.551,2,0
5619,159.247,12.2546,2,0
5620,581.626,128.963,2,0
5621,434.649,172.909,2,0
5622,236.881,131.972,2,0
5623,319.044,58.7169,2,0
5624,558.14,48.2651,2,0
5625,583.163,185.764,2,0
5626,599.746,108.736,2,0
5627,422.886,13.2287,2,0
5628,120.399,129.767,2,0
5629,221.591,85.6677,2,0
5630,330.593,81.6543,2,0
5631,193.332,226.043,2,0
5632,186.528,183.621,2,0
5633,105.096,262.109,2,0
5634,19.7949,237.487,2,0
5635,514.763,37.8671,2,0
5636,236.864,254.076,2,0
5637,118.252,186.618,2,0
5638,400.301,29.4954,2,0
5639,484.369,297.862,2,0
5640,143.891,127.519,2,0
5641,82.9745,293.557,2,0
5642,240.634,186.859,2,0
5643,310.257,148.316,2,0
5644,476.366,293.175,2,0
5645,77.2336,81.6242,2,0
5646,255.835,221.714,2,0
5647,197.166,86.9725,2,0
5648,287.775,119.61,2,0
5649,375.62,124.779,2,0
5650,423.543,117.946,2,0
5651,213.145,122.031,2,0
5652,284.228,143.177,2,0
5653,420.871,92.5493,2,0
5654,554.275,9.28148,2,0
5655,120.998,122.506,2,0
5656,361.65,75.413,2,0
5657,408.451,152.106,2,0
5658,477.151,157.759,2,0
5659,528.963,146.668,2,0
5660,124.571,130.172,2,0
5661,96.468,234.449,2,0
5662,14.3295,294.508,2,0
5663,422.028,283.646,2,0
5664,271.275,255.835,2,0
5665,444.048,275.755,2,0
5666,481.64,270.752,2,0
5667,49.7882,195.533,2,0
5668,262.64,297.433,2,0
5669,105.06,287.808,2,0
5670,543.121,55.607,2,0
5671,571.951,158.221,2,0
5672,201.068,70.8826,2,0
5673,50.0383,208.308,2,0
5674,111.561,5.95357,2,0
5675,323.352,231.215,2,0
5676,406.44,21.563,2,0
5677,18.2534,92.648,2,0
5678,270.093,39.2719,2,0
5679,340.27,263.007,2,0
5680,487.091,193.632,2,0
5681,307.853,126.035,2,0
5682,438.935,232.121,2,0
5683,98.0487,67.2951,2,0
5684,319.652,128.701,2,0
5685,83.4651,262.243,2,0
5686,258.367,112.803,2,0
5687,549.639,120.13,2,0
5688,65.6656,120.797,2,0
5689,268.019,200.832,2,0
5690,150.093,230.706,2,0
5691,438.118,107.717,2,0
5692,408.228,284.445,2,0
5693,347.912,183.23,2,0
5694,121.384,214.819,2,0
5695,254.373,178.84,2,0
5696,435.929,154.582,2,0
5697,160.913,17.3809,2,0
5698,101.223,115.487,2,0
5699,388.428,208.463,2,0
5700,194.106,159.191,2,0
5701,72.7499,166.189,2,0
5702,81.455,42.0068,2,0
5703,127.727,19.3497,2,0
5704,424.89,179.875,2,0
5705,194.277,74.3202,2,0
5706,401.832,194.804,2,0
5707,200.277,248.838,2,0
5708,131.856,216.316,2,0
5709,136.036,146.579,2,0
5710,0.317275,273.609,2,0
5711,338.508,160.666,2,0
5712,193.12,27.4849,2,0
5713,340.603,62.6939,2,0
5714,591.661,243.721,2,0
5715,101.033,287.821,2,0
5716,143.502,100.3,2,0
5717,48.3582,153.512,2,0
5718,107.308,151.476,2,0
5719,148.883,10.5572,2,0
5720,391.073,277.656,2,0
5721,312.669,117.415,2,0
5722,69.9052,188.12,2,0
5723,429.557,263.576,2,0
5724,18.2948,293.905,2,0
5725,447.796,17.1816,2,0
5726,345.407,170.704,2,0
5727,409.435,2,2,0
5728,292.79,37.3437,2,0
